{"random_seeds": {"2": [0.008333333333333333, 0.015, 0.011666666666666667, 0.016666666666666666, 0.02666666666666667, 0.016666666666666666, 0.016666666666666666, 0.011666666666666667, 0.02, 0.008333333333333333, 0.013333333333333334, 0.006666666666666667, 0.01, 0.008333333333333333, 0.018333333333333333, 0.006666666666666667, 0.005, 0.0033333333333333335, 0.006666666666666667, 0.023333333333333334], "4": [0.03833333333333333, 0.006666666666666667, 0.023333333333333334, 0.023333333333333334, 0.02, 0.013333333333333334, 0.018333333333333333, 0.013333333333333334, 0.006666666666666667, 0.013333333333333334, 0.013333333333333334, 0.016666666666666666, 0.016666666666666666, 0.015, 0.016666666666666666, 0.006666666666666667, 0.02, 0.006666666666666667, 0.016666666666666666, 0.01], "6": [0.021666666666666667, 0.018333333333333333, 0.023333333333333334, 0.016666666666666666, 0.03333333333333333, 0.025, 0.025, 0.03333333333333333, 0.028333333333333332, 0.03, 0.018333333333333333, 0.025, 0.016666666666666666, 0.013333333333333334, 0.035, 0.021666666666666667, 0.021666666666666667, 0.021666666666666667, 0.025, 0.015], "8": [0.02666666666666667, 0.04, 0.02, 0.03, 0.05, 0.015, 0.03166666666666667, 0.023333333333333334, 0.043333333333333335, 0.015, 0.035, 0.02, 0.03333333333333333, 0.04, 0.015, 0.025, 0.03, 0.023333333333333334, 0.02, 0.025], "10": [0.085, 0.056666666666666664, 0.03333333333333333, 0.043333333333333335, 0.045, 0.08166666666666667, 0.06, 0.03666666666666667, 0.03, 0.03166666666666667, 0.03166666666666667, 0.041666666666666664, 0.025, 0.04833333333333333, 0.06666666666666667, 0.04833333333333333, 0.03333333333333333, 0.03333333333333333, 0.043333333333333335, 0.06], "15": [0.06166666666666667, 0.043333333333333335, 0.11833333333333333, 0.04, 0.08666666666666667, 0.055, 0.11333333333333333, 0.095, 0.09833333333333333, 0.06833333333333333, 0.2733333333333333, 0.11666666666666667, 0.05, 0.10833333333333334, 0.08666666666666667, 0.08666666666666667, 0.205, 0.06833333333333333, 0.056666666666666664, 0.08666666666666667], "30": [0.8783333333333333, 0.92, 0.935, 0.8083333333333333, 0.83, 0.8666666666666667, 0.97, 0.8366666666666667, 0.9216666666666666, 0.9183333333333333, 0.8983333333333333, 0.9633333333333334, 0.8816666666666667, 0.865, 0.9283333333333333, 0.7483333333333333, 0.95, 0.9333333333333333, 0.9433333333333334, 0.92], "50": [0.985, 0.995, 0.9966666666666667, 0.9933333333333333, 0.99, 1.0, 0.965, 0.9916666666666667, 0.9933333333333333, 0.9883333333333333, 0.9966666666666667, 0.985, 0.9866666666666667, 0.9866666666666667, 1.0, 0.9916666666666667, 0.995, 0.9833333333333333, 0.99, 0.99]}, "betweenness_seeds": {"2": [0.008333333333333333, 0.006666666666666667, 0.006666666666666667, 0.015, 0.008333333333333333, 0.018333333333333333, 0.008333333333333333, 0.006666666666666667, 0.016666666666666666, 0.0033333333333333335, 0.006666666666666667, 0.015, 0.016666666666666666, 0.01, 0.015, 0.011666666666666667, 0.01, 0.018333333333333333, 0.005, 0.018333333333333333], "4": [0.01, 0.013333333333333334, 0.018333333333333333, 0.03, 0.013333333333333334, 0.013333333333333334, 0.006666666666666667, 0.018333333333333333, 0.015, 0.018333333333333333, 0.01, 0.03333333333333333, 0.013333333333333334, 0.021666666666666667, 0.006666666666666667, 0.011666666666666667, 0.015, 0.006666666666666667, 0.021666666666666667, 0.025], "6": [0.03, 0.013333333333333334, 0.025, 0.025, 0.02, 0.021666666666666667, 0.011666666666666667, 0.015, 0.02, 0.015, 0.03166666666666667, 0.05, 0.02, 0.02666666666666667, 0.02, 0.02, 0.025, 0.018333333333333333, 0.016666666666666666, 0.025], "8": [0.02666666666666667, 0.03, 0.025, 0.045, 0.025, 0.03333333333333333, 0.028333333333333332, 0.04, 0.028333333333333332, 0.04, 0.03333333333333333, 0.03666666666666667, 0.03, 0.023333333333333334, 0.028333333333333332, 0.03166666666666667, 0.056666666666666664, 0.03166666666666667, 0.043333333333333335, 0.043333333333333335], "10": [0.045, 0.025, 0.03, 0.045, 0.028333333333333332, 0.03333333333333333, 0.04833333333333333, 0.051666666666666666, 0.03666666666666667, 0.07166666666666667, 0.021666666666666667, 0.03, 0.028333333333333332, 0.03666666666666667, 0.041666666666666664, 0.043333333333333335, 0.03166666666666667, 0.03833333333333333, 0.03666666666666667, 0.03833333333333333], "15": [0.03833333333333333, 0.07333333333333333, 0.17333333333333334, 0.05333333333333334, 0.055, 0.11833333333333333, 0.1, 0.041666666666666664, 0.1, 0.07166666666666667, 0.085, 0.065, 0.05, 0.09, 0.82, 0.065, 0.08, 0.09833333333333333, 0.05, 0.045], "30": [0.9316666666666666, 0.9366666666666666, 0.7866666666666666, 0.8733333333333333, 0.9466666666666667, 0.9383333333333334, 0.8683333333333333, 0.9416666666666667, 0.8933333333333333, 0.91, 0.8483333333333334, 0.85, 0.8966666666666666, 0.8483333333333334, 0.6483333333333333, 0.8866666666666667, 0.91, 0.9633333333333334, 0.8966666666666666, 0.7133333333333334], "50": [0.9883333333333333, 0.9883333333333333, 0.985, 0.9866666666666667, 0.9966666666666667, 0.97, 0.9816666666666667, 0.9916666666666667, 0.9966666666666667, 0.985, 0.9883333333333333, 0.98, 0.9883333333333333, 0.9816666666666667, 0.9783333333333334, 0.9783333333333334, 0.9966666666666667, 0.97, 0.995, 0.9916666666666667]}, "triangle_degree_ratio_seeds": {"2": [0.008333333333333333, 0.005, 0.006666666666666667, 0.013333333333333334, 0.016666666666666666, 0.01, 0.006666666666666667, 0.0033333333333333335, 0.013333333333333334, 0.008333333333333333, 0.013333333333333334, 0.01, 0.0033333333333333335, 0.016666666666666666, 0.015, 0.005, 0.01, 0.016666666666666666, 0.006666666666666667, 0.005], "4": [0.016666666666666666, 0.011666666666666667, 0.016666666666666666, 0.021666666666666667, 0.008333333333333333, 0.013333333333333334, 0.013333333333333334, 0.021666666666666667, 0.016666666666666666, 0.016666666666666666, 0.021666666666666667, 0.011666666666666667, 0.015, 0.018333333333333333, 0.011666666666666667, 0.018333333333333333, 0.011666666666666667, 0.013333333333333334, 0.013333333333333334, 0.013333333333333334], "6": [0.018333333333333333, 0.016666666666666666, 0.021666666666666667, 0.021666666666666667, 0.021666666666666667, 0.03, 0.03, 0.013333333333333334, 0.03833333333333333, 0.016666666666666666, 0.016666666666666666, 0.018333333333333333, 0.025, 0.015, 0.021666666666666667, 0.015, 0.011666666666666667, 0.015, 0.015, 0.025], "8": [0.03833333333333333, 0.03166666666666667, 0.02, 0.02, 0.041666666666666664, 0.025, 0.025, 0.021666666666666667, 0.016666666666666666, 0.025, 0.028333333333333332, 0.021666666666666667, 0.018333333333333333, 0.03666666666666667, 0.016666666666666666, 0.018333333333333333, 0.015, 0.025, 0.03333333333333333, 0.025], "10": [0.028333333333333332, 0.025, 0.03, 0.03833333333333333, 0.045, 0.041666666666666664, 0.04666666666666667, 0.02666666666666667, 0.028333333333333332, 0.08, 0.021666666666666667, 0.025, 0.04, 0.041666666666666664, 0.041666666666666664, 0.05333333333333334, 0.051666666666666666, 0.04666666666666667, 0.04, 0.056666666666666664], "15": [0.045, 0.21666666666666667, 0.09666666666666666, 0.09833333333333333, 0.07833333333333334, 0.03666666666666667, 0.06666666666666667, 0.04833333333333333, 0.055, 0.05333333333333334, 0.085, 0.045, 0.08166666666666667, 0.06333333333333334, 0.10666666666666667, 0.05, 0.03333333333333333, 0.05333333333333334, 0.056666666666666664, 0.058333333333333334], "30": [0.935, 0.7733333333333333, 0.7866666666666666, 0.8483333333333334, 0.885, 0.7683333333333333, 0.7383333333333333, 0.8233333333333334, 0.7966666666666666, 0.8383333333333334, 0.8366666666666667, 0.7966666666666666, 0.8616666666666667, 0.8933333333333333, 0.875, 0.6866666666666666, 0.9266666666666666, 0.835, 0.9233333333333333, 0.8883333333333333],