{"random_seeds": {"2": [0.006666666666666667, 0.0033333333333333335, 0.008333333333333333, 0.005, 0.01, 0.02, 0.013333333333333334, 0.006666666666666667, 0.013333333333333334, 0.008333333333333333, 0.011666666666666667, 0.005, 0.006666666666666667, 0.008333333333333333, 0.005, 0.006666666666666667, 0.006666666666666667, 0.006666666666666667, 0.0033333333333333335, 0.005], "5": [0.018333333333333333, 0.015, 0.02, 0.013333333333333334, 0.016666666666666666, 0.015, 0.016666666666666666, 0.013333333333333334, 0.018333333333333333, 0.011666666666666667, 0.015, 0.015, 0.015, 0.015, 0.008333333333333333, 0.016666666666666666, 0.02, 0.015, 0.01, 0.016666666666666666], "10": [0.02666666666666667, 0.03, 0.04833333333333333, 0.021666666666666667, 0.03666666666666667, 0.023333333333333334, 0.03166666666666667, 0.03166666666666667, 0.03, 0.03166666666666667, 0.023333333333333334, 0.035, 0.018333333333333333, 0.02666666666666667, 0.02, 0.03, 0.021666666666666667, 0.025, 0.03166666666666667, 0.035], "15": [0.04666666666666667, 0.045, 0.05, 0.065, 0.06166666666666667, 0.04, 0.035, 0.058333333333333334, 0.04666666666666667, 0.04833333333333333, 0.06166666666666667, 0.05, 0.043333333333333335, 0.04, 0.06, 0.03333333333333333, 0.055, 0.04833333333333333, 0.055, 0.03666666666666667], "30": [0.085, 0.105, 0.09833333333333333, 0.095, 0.11, 0.125, 0.11333333333333333, 0.08833333333333333, 0.12833333333333333, 0.07833333333333334, 0.10166666666666667, 0.09333333333333334, 0.10166666666666667, 0.10333333333333333, 0.1, 0.07833333333333334, 0.115, 0.125, 0.07166666666666667, 0.095], "50": [0.23666666666666666, 0.21666666666666667, 0.16, 0.235, 0.245, 0.16, 0.15833333333333333, 0.17666666666666667, 0.31333333333333335, 0.19, 0.17666666666666667, 0.23666666666666666, 0.21833333333333332, 0.21166666666666667, 0.17666666666666667, 0.17666666666666667, 0.15, 0.20333333333333334, 0.21, 0.195]}, "betweenness_seeds": {"2": [0.01, 0.005, 0.006666666666666667, 0.016666666666666666, 0.005, 0.011666666666666667, 0.01, 0.005, 0.01, 0.0033333333333333335, 0.006666666666666667, 0.006666666666666667, 0.006666666666666667, 0.006666666666666667, 0.005, 0.013333333333333334, 0.006666666666666667, 0.015, 0.006666666666666667, 0.023333333333333334], "5": [0.021666666666666667, 0.016666666666666666, 0.013333333333333334, 0.015, 0.015, 0.02, 0.015, 0.015, 0.015, 0.01, 0.016666666666666666, 0.02, 0.023333333333333334, 0.018333333333333333, 0.016666666666666666, 0.025, 0.013333333333333334, 0.021666666666666667, 0.015, 0.016666666666666666], "10": [0.03833333333333333, 0.043333333333333335, 0.03666666666666667, 0.04, 0.04833333333333333, 0.03333333333333333, 0.04, 0.03333333333333333, 0.035, 0.03333333333333333, 0.03166666666666667, 0.035, 0.045, 0.041666666666666664, 0.03833333333333333, 0.055, 0.035, 0.04666666666666667, 0.03666666666666667, 0.035], "15": [0.06833333333333333, 0.05333333333333334, 0.051666666666666666, 0.07, 0.058333333333333334, 0.06166666666666667, 0.06666666666666667, 0.045, 0.03833333333333333, 0.045, 0.07166666666666667, 0.06166666666666667, 0.06166666666666667, 0.07166666666666667, 0.05, 0.04833333333333333, 0.05333333333333334, 0.06, 0.05, 0.04833333333333333], "30": [0.11, 0.135, 0.15833333333333333, 0.13666666666666666, 0.15833333333333333, 0.105, 0.14333333333333334, 0.14166666666666666, 0.14, 0.14, 0.14, 0.16666666666666666, 0.11, 0.1, 0.12666666666666668, 0.13833333333333334, 0.125, 0.16166666666666665, 0.15666666666666668, 0.15], "50": [0.28, 0.2833333333333333, 0.26666666666666666, 0.29833333333333334, 0.30333333333333334, 0.2916666666666667, 0.25833333333333336, 0.21666666666666667, 0.4766666666666667, 0.25166666666666665, 0.2816666666666667, 0.2866666666666667, 0.3566666666666667, 0.21, 0.2683333333333333, 0.27666666666666667, 0.265, 0.25333333333333335, 0.255, 0.29333333333333333]}, "triangle_degree_ratio_seeds": {"2": [0.008333333333333333, 0.0033333333333333335, 0.005, 0.006666666666666667, 0.01, 0.008333333333333333, 0.008333333333333333, 0.011666666666666667, 0.008333333333333333, 0.0033333333333333335, 0.0033333333333333335, 0.008333333333333333, 0.005, 0.006666666666666667, 0.006666666666666667, 0.0033333333333333335, 0.008333333333333333, 0.008333333333333333, 0.01, 0.01], "5": [0.015, 0.01, 0.02, 0.02, 0.016666666666666666, 0.011666666666666667, 0.016666666666666666, 0.018333333333333333, 0.013333333333333334, 0.018333333333333333, 0.021666666666666667, 0.016666666666666666, 0.023333333333333334, 0.01, 0.015, 0.015, 0.023333333333333334, 0.018333333333333333, 0.018333333333333333, 0.02], "10": [0.03833333333333333, 0.03833333333333333, 0.04833333333333333, 0.03, 0.03333333333333333, 0.03166666666666667, 0.03333333333333333, 0.03333333333333333, 0.03666666666666667, 0.028333333333333332, 0.03, 0.028333333333333332, 0.043333333333333335, 0.041666666666666664, 0.03, 0.02666666666666667, 0.03833333333333333, 0.03666666666666667, 0.045, 0.03333333333333333], "15": [0.06666666666666667, 0.06, 0.05333333333333334, 0.04, 0.07166666666666667, 0.03666666666666667, 0.04833333333333333, 0.04666666666666667, 0.058333333333333334, 0.04666666666666667, 0.06833333333333333, 0.06166666666666667, 0.05, 0.05333333333333334, 0.055, 0.043333333333333335, 0.06166666666666667, 0.051666666666666666, 0.04666666666666667, 0.07166666666666667], "30": [0.13333333333333333, 0.13333333333333333, 0.14166666666666666, 0.11666666666666667, 0.12, 0.12, 0.18666666666666668, 0.15166666666666667, 0.16666666666666666, 0.125, 0.11666666666666667, 0.12166666666666667, 0.13166666666666665, 0.10166666666666667, 0.12833333333333333, 0.115, 0.11833333333333333, 0.17833333333333334, 0.12833333333333333, 0.11666666666666667], "50": [0.255, 0.235, 0.195, 0.335, 0.38333333333333336, 0.2733333333333333, 0.3283333333333333, 0.21833333333333332, 0.3616666666666667, 0.25333333333333335, 0.265, 0.30833333333333335, 0.3516666666666667, 0.23333333333333334, 0.33666666666666667, 0.3566666666666667, 0.24333333333333335, 0.3416666666666667, 0.21666666666666667, 0.24333333333333335]}, "highest_degree_seeds": {"2": [0.006666666666666667, 0.011666666666666667, 0.006666666666666667, 0.005, 0.005, 0.005, 0.005, 0.01, 0.015, 0.0033333333333333335, 0.008333333333333333, 0.005, 0.008333333333333333, 0.006666666666666667, 0.011666666666666667, 0.006666666666666667, 0.0033333333333333335, 0.01, 0.008333333333333333, 0.013333333333333334], "5": [0.021666666666666667, 0.016666666666666666, 0.023333333333333334, 0.015, 0.021666666666666667, 0.023333333333333334, 0.03, 0.01, 0.01, 0.013333333333333334, 0.016666666666666666, 0.02666666666666667, 0.013333333333333334, 0.011666666666666667, 0.018333333333333333, 0.021666666666666667, 0.028333333333333332, 0.02666666666666667, 0.016666666666666666, 0.015], "10": [0.03833333333333333, 0.03166666666666667, 0.03833333333333333, 0.028333333333333332, 0.04666666666666667, 0.03333333333333333, 0.03833333333333333, 0.028333333333333332, 0.028333333333333332, 0.03, 0.025, 0.04, 0.03333333333333333, 0.04, 0.04666666666666667, 0.041666666666666664, 0.03666666666666667, 0.043333333333333335, 0.03666666666666667, 0.03666666666666667], "15": [0.06, 0.08, 0.05333333333333334, 0.065, 0.07666666666666666, 0.058333333333333334, 0.06, 0.07, 0.05, 0.03666666666666667, 0.06666666666666667, 0.055, 0.055, 0.058333333333333334, 0.05, 0.051666666666666666, 0.06, 0.06833333333333333, 0.045, 0.06833333333333333], "30": [0.12833333333333333, 0.11666666666666667, 0.155, 0.14333333333333334, 0.11333333333333333, 0.10666666666666667, 0.13333333333333333, 0.14166666666666666, 0.145, 0.10666666666666667, 0.16, 0.13666666666666666, 0.15333333333333332, 0.155, 0.10166666666666667, 0.13166666666666665, 0.16, 0.175, 0.17333333333333334, 0.14666666666666667],