{"random_seeds": {"0": [0.0033333333333333335, 0.0016666666666666668, 0.0016666666666666668, 0.005, 0.0, 0.0, 0.0, 0.0016666666666666668, 0.006666666666666667, 0.0, 0.005, 0.0033333333333333335, 0.0033333333333333335, 0.006666666666666667, 0.0016666666666666668, 0.006666666666666667, 0.0016666666666666668, 0.0, 0.0016666666666666668, 0.005], "10": [0.04, 0.025, 0.02666666666666667, 0.03666666666666667, 0.02666666666666667, 0.04666666666666667, 0.04, 0.03, 0.02666666666666667, 0.028333333333333332, 0.035, 0.025, 0.028333333333333332, 0.02, 0.03, 0.028333333333333332, 0.03166666666666667, 0.025, 0.02666666666666667, 0.03666666666666667], "30": [0.09166666666666666, 0.095, 0.075, 0.09333333333333334, 0.09166666666666666, 0.08, 0.11666666666666667, 0.11333333333333333, 0.08333333333333333, 0.12666666666666668, 0.13333333333333333, 0.12, 0.115, 0.10166666666666667, 0.075, 0.07833333333333334, 0.11, 0.105, 0.10833333333333334, 0.10333333333333333], "50": [0.2, 0.26666666666666666, 0.195, 0.20333333333333334, 0.22, 0.175, 0.175, 0.235, 0.21, 0.19833333333333333, 0.21333333333333335, 0.20833333333333334, 0.16666666666666666, 0.195, 0.205, 0.225, 0.21333333333333335, 0.23333333333333334, 0.20666666666666667, 0.18833333333333332], "100": [0.56, 0.595, 0.5516666666666666, 0.5016666666666667, 0.51, 0.6516666666666666, 0.5766666666666667, 0.655, 0.7166666666666667, 0.6966666666666667, 0.6716666666666666, 0.5333333333333333, 0.5533333333333333, 0.6783333333333333, 0.5566666666666666, 0.5733333333333334, 0.555, 0.4816666666666667, 0.5133333333333333, 0.6116666666666667], "150": [0.86, 0.865, 0.8683333333333333, 0.8433333333333334, 0.7533333333333333, 0.8533333333333334, 0.825, 0.8583333333333333, 0.8433333333333334, 0.8616666666666667, 0.8316666666666667, 0.765, 0.8483333333333334, 0.8433333333333334, 0.8333333333333334, 0.8266666666666667, 0.8466666666666667, 0.8466666666666667, 0.8466666666666667, 0.8166666666666667]}, "betweenness_seeds": {"0": [0.0033333333333333335, 0.0016666666666666668, 0.0016666666666666668, 0.008333333333333333, 0.0033333333333333335, 0.0, 0.0, 0.0033333333333333335, 0.0033333333333333335, 0.0033333333333333335, 0.0016666666666666668, 0.0016666666666666668, 0.0, 0.005, 0.0016666666666666668, 0.0033333333333333335, 0.0, 0.0, 0.0033333333333333335, 0.0], "10": [0.04833333333333333, 0.04, 0.051666666666666666, 0.03666666666666667, 0.03166666666666667, 0.05, 0.023333333333333334, 0.021666666666666667, 0.04666666666666667, 0.025, 0.03166666666666667, 0.03166666666666667, 0.03, 0.04666666666666667, 0.041666666666666664, 0.03333333333333333, 0.03, 0.03166666666666667, 0.045, 0.035], "30": [0.14833333333333334, 0.13833333333333334, 0.14833333333333334, 0.155, 0.13333333333333333, 0.16333333333333333, 0.14, 0.15833333333333333, 0.12833333333333333, 0.14, 0.13166666666666665, 0.13833333333333334, 0.13333333333333333, 0.16833333333333333, 0.175, 0.17666666666666667, 0.17, 0.165, 0.10333333333333333, 0.145], "50": [0.4033333333333333, 0.24833333333333332, 0.32, 0.335, 0.25166666666666665, 0.28833333333333333, 0.27666666666666667, 0.25333333333333335, 0.2816666666666667, 0.3466666666666667, 0.31666666666666665, 0.27666666666666667, 0.295, 0.315, 0.3616666666666667, 0.25166666666666665, 0.415, 0.37, 0.3433333333333333, 0.28], "100": [0.5633333333333334, 0.665, 0.655, 0.6483333333333333, 0.5183333333333333, 0.6066666666666667, 0.5833333333333334, 0.715, 0.69, 0.7183333333333334, 0.6066666666666667, 0.6283333333333333, 0.6033333333333334, 0.7866666666666666, 0.5666666666666667, 0.575, 0.5533333333333333, 0.645, 0.6166666666666667, 0.7433333333333333], "150": [0.79, 0.7633333333333333, 0.7833333333333333, 0.7483333333333333, 0.7283333333333334, 0.735, 0.77, 0.8066666666666666, 0.78, 0.7883333333333333, 0.7583333333333333, 0.7066666666666667, 0.825, 0.75, 0.7433333333333333, 0.785, 0.7466666666666667, 0.745, 0.71, 0.64]}, "triangle_degree_ratio_seeds": {"0": [0.0, 0.0, 0.0016666666666666668, 0.006666666666666667, 0.0, 0.0033333333333333335, 0.0, 0.0, 0.0, 0.0016666666666666668, 0.005, 0.0016666666666666668, 0.0016666666666666668, 0.0, 0.0016666666666666668, 0.0016666666666666668, 0.005, 0.0016666666666666668, 0.0033333333333333335, 0.0016666666666666668], "10": [0.028333333333333332, 0.02666666666666667, 0.02666666666666667, 0.03166666666666667, 0.043333333333333335, 0.03833333333333333, 0.04666666666666667, 0.045, 0.03833333333333333, 0.023333333333333334, 0.03333333333333333, 0.035, 0.03666666666666667, 0.035, 0.04, 0.03166666666666667, 0.028333333333333332, 0.03166666666666667, 0.05333333333333334, 0.045], "30": [0.11333333333333333, 0.13, 0.14166666666666666, 0.13833333333333334, 0.11166666666666666, 0.13833333333333334, 0.14166666666666666, 0.145, 0.13666666666666666, 0.14333333333333334, 0.10833333333333334, 0.13166666666666665, 0.14666666666666667, 0.13333333333333333, 0.10333333333333333, 0.11833333333333333, 0.145, 0.14666666666666667, 0.14666666666666667, 0.17833333333333334], "50": [0.3016666666666667, 0.31666666666666665, 0.27, 0.3616666666666667, 0.34833333333333333, 0.315, 0.265, 0.36666666666666664, 0.265, 0.31, 0.345, 0.36, 0.3566666666666667, 0.25833333333333336, 0.3333333333333333, 0.2966666666666667, 0.42833333333333334, 0.2966666666666667, 0.3283333333333333, 0.24833333333333332], "100": [0.5116666666666667, 0.5566666666666666, 0.7316666666666667, 0.6816666666666666, 0.515, 0.58, 0.645, 0.6516666666666666, 0.7283333333333334, 0.6983333333333334, 0.595, 0.64, 0.6133333333333333, 0.74, 0.6266666666666667, 0.7066666666666667, 0.5833333333333334, 0.5233333333333333, 0.6716666666666666, 0.69], "150": [0.8183333333333334, 0.79, 0.795, 0.775, 0.7383333333333333, 0.7533333333333333, 0.7483333333333333, 0.8, 0.79, 0.7666666666666667, 0.76, 0.775, 0.7983333333333333, 0.7933333333333333, 0.7633333333333333, 0.7266666666666667, 0.7933333333333333, 0.7833333333333333, 0.7866666666666666, 0.7383333333333333]}, "highest_degree_seeds": {"0": [0.0016666666666666668, 0.0016666666666666668, 0.0016666666666666668, 0.0, 0.008333333333333333, 0.005, 0.005, 0.0, 0.0, 0.0033333333333333335, 0.0016666666666666668, 0.0, 0.0, 0.0033333333333333335, 0.0033333333333333335, 0.008333333333333333, 0.006666666666666667, 0.005, 0.005, 0.0], "10": [0.03166666666666667, 0.04666666666666667, 0.04, 0.041666666666666664, 0.028333333333333332, 0.03, 0.035, 0.04, 0.056666666666666664, 0.04, 0.03833333333333333, 0.035, 0.03, 0.03333333333333333, 0.03666666666666667, 0.04833333333333333, 0.025, 0.035, 0.035, 0.06666666666666667], "30": [0.155, 0.16833333333333333, 0.15666666666666668, 0.17666666666666667, 0.155, 0.15666666666666668, 0.14166666666666666, 0.13833333333333334, 0.16666666666666666, 0.185, 0.13333333333333333, 0.11333333333333333, 0.15833333333333333, 0.15166666666666667, 0.12, 0.14333333333333334, 0.14833333333333334, 0.2, 0.14833333333333334, 0.19333333333333333], "50": [0.3333333333333333, 0.29333333333333333, 0.30666666666666664, 0.35333333333333333, 0.29833333333333334, 0.325, 0.3, 0.305, 0.24166666666666667, 0.31666666666666665, 0.38, 0.2833333333333333, 0.2916666666666667, 0.3233333333333333, 0.38333333333333336, 0.30666666666666664, 0.3283333333333333, 0.3, 0.3466666666666667, 0.3233333333333333], "100": [0.6266666666666667, 0.6783333333333333, 0.6216666666666667, 0.6716666666666666, 0.5466666666666666, 0.5816666666666667, 0.6666666666666666, 0.6916666666666667, 0.69, 0.7283333333333334, 0.6533333333333333, 0.5716666666666667, 0.6483333333333333, 0.72, 0.5816666666666667, 0.64, 0.57, 0.5983333333333334, 0.64, 0.6733333333333333], "150": [0.8183333333333334, 0.7633333333333333, 0.7633333333333333, 0.745, 0.6983333333333334, 0.7566666666666667, 0.7516666666666667, 0.765, 0.8016666666666666, 0.775, 0.75, 0.7716666666666666, 0.8333333333333334, 0.7416666666666667, 0.735, 0.7166666666666667, 0.7983333333333333, 0.7766666666666666, 0.775, 0.7333333333333333]}}