{"random_seeds": {"0": [0.0, 0.0, 0.0, 0.0, 0.0, 0.0, 0.0, 0.0, 0.0, 0.0, 0.0, 0.0, 0.0, 0.0, 0.0, 0.0, 0.0, 0.0, 0.0, 0.0], "2": [0.021666666666666667, 0.015, 0.028333333333333332, 0.005, 0.03166666666666667, 0.025, 0.023333333333333334, 0.29833333333333334, 0.8883333333333333, 0.03, 0.4666666666666667, 0.08166666666666667, 0.04833333333333333, 0.8533333333333334, 0.018333333333333333, 0.01, 0.04, 0.8683333333333333, 0.011666666666666667, 0.015], "4": [0.08833333333333333, 0.25, 0.7683333333333333, 0.7166666666666667, 0.8816666666666667, 0.08833333333333333, 0.6833333333333333, 0.09, 0.12833333333333333, 0.82, 0.09333333333333334, 0.6766666666666666, 0.8316666666666667, 0.06166666666666667, 0.76, 0.7716666666666666, 0.12166666666666667, 0.5533333333333333, 0.8733333333333333, 0.41], "6": [0.7616666666666667, 0.7033333333333334, 0.49166666666666664, 0.78, 0.7733333333333333, 0.7433333333333333, 0.9183333333333333, 0.9066666666666666, 0.865, 0.9183333333333333, 0.7566666666666667, 0.87, 0.7733333333333333, 0.5683333333333334, 0.6516666666666666, 0.6316666666666667, 0.8833333333333333, 0.675, 0.8766666666666667, 0.81], "8": [0.93, 0.9116666666666666, 0.9183333333333333, 0.7466666666666667, 0.79, 0.925, 0.8716666666666667, 0.9383333333333334, 0.9233333333333333, 0.9283333333333333, 0.8766666666666667, 0.9133333333333333, 0.8783333333333333, 0.775, 0.9283333333333333, 0.8133333333333334, 0.8933333333333333, 0.39666666666666667, 0.86, 0.9333333333333333], "10": [0.9683333333333334, 0.9383333333333334, 0.945, 0.96, 0.8383333333333334, 0.9183333333333333, 0.8566666666666667, 0.935, 0.93, 0.915, 0.91, 0.8966666666666666, 0.9483333333333334, 0.9383333333333334, 0.9316666666666666, 0.9016666666666666, 0.9266666666666666, 0.8516666666666667, 0.9066666666666666, 0.9033333333333333], "15": [0.9316666666666666, 0.925, 0.9133333333333333, 0.9283333333333333, 0.9183333333333333, 0.9333333333333333, 0.9616666666666667, 0.9366666666666666, 0.9633333333333334, 0.9483333333333334, 0.9583333333333334, 0.9683333333333334, 0.9083333333333333, 0.9483333333333334, 0.9066666666666666, 0.97, 0.945, 0.955, 0.95, 0.9566666666666667]}, "betweenness_seeds": {"0": [0.0, 0.0, 0.0, 0.0, 0.0, 0.0, 0.0, 0.0, 0.0, 0.0, 0.0, 0.0, 0.0, 0.0, 0.0, 0.0, 0.0, 0.0, 0.0, 0.0], "2": [0.31, 0.04666666666666667, 0.55, 0.03, 0.12, 0.27, 0.06833333333333333, 0.04833333333333333, 0.15, 0.056666666666666664, 0.17833333333333334, 0.03333333333333333, 0.11, 0.6316666666666667, 0.315, 0.41333333333333333, 0.6666666666666666, 0.6016666666666667, 0.615, 0.06333333333333334], "4": [0.7333333333333333, 0.8683333333333333, 0.85, 0.89, 0.6866666666666666, 0.8633333333333333, 0.87, 0.8816666666666667, 0.7916666666666666, 0.7266666666666667, 0.6316666666666667, 0.7866666666666666, 0.905, 0.32166666666666666, 0.058333333333333334, 0.35833333333333334, 0.7966666666666666, 0.5983333333333334, 0.89, 0.72], "6": [0.82, 0.8516666666666667, 0.7833333333333333, 0.8583333333333333, 0.8433333333333334, 0.8066666666666666, 0.9116666666666666, 0.7866666666666666, 0.8116666666666666, 0.8316666666666667, 0.5583333333333333, 0.885, 0.7016666666666667, 0.895, 0.7866666666666666, 0.8616666666666667, 0.8266666666666667, 0.9, 0.7, 0.805], "8": [0.895, 0.8716666666666667, 0.9733333333333334, 0.8533333333333334, 0.7466666666666667, 0.9583333333333334, 0.9033333333333333, 0.905, 0.8783333333333333, 0.9433333333333334, 0.9716666666666667, 0.9666666666666667, 0.9516666666666667, 0.9616666666666667, 0.9533333333333334, 0.9416666666666667, 0.7466666666666667, 0.8583333333333333, 0.8133333333333334, 0.8583333333333333], "10": [0.955, 0.97, 0.965, 0.9483333333333334, 0.9033333333333333, 0.9416666666666667, 0.935, 0.955, 0.9, 0.955, 0.9566666666666667, 0.9533333333333334, 0.9566666666666667, 0.9283333333333333, 0.9466666666666667, 0.925, 0.9533333333333334, 0.9566666666666667, 0.9583333333333334, 0.9516666666666667], "15": [0.9533333333333334, 0.9566666666666667, 0.9533333333333334, 0.9516666666666667, 0.9566666666666667, 0.9416666666666667, 0.9533333333333334, 0.9483333333333334, 0.9516666666666667, 0.95, 0.9483333333333334, 0.9816666666666667, 0.935, 0.935, 0.9416666666666667, 0.9716666666666667, 0.95, 0.9616666666666667, 0.9716666666666667, 0.9516666666666667]}, "triangle_degree_ratio_seeds": {"0": [0.0, 0.0, 0.0, 0.0, 0.0, 0.0, 0.0, 0.0, 0.0, 0.0, 0.0, 0.0, 0.0, 0.0, 0.0, 0.0, 0.0, 0.0, 0.0, 0.0], "2": [0.14666666666666667, 0.655, 0.0033333333333333335, 0.6433333333333333, 0.11833333333333333, 0.6333333333333333, 0.06333333333333334, 0.6033333333333334, 0.73, 0.04666666666666667, 0.14166666666666666, 0.045, 0.025, 0.008333333333333333, 0.145, 0.5316666666666666, 0.058333333333333334, 0.08333333333333333, 0.76, 0.6883333333333334], "4": [0.8, 0.87, 0.6816666666666666, 0.765, 0.8783333333333333, 0.7916666666666666, 0.08833333333333333, 0.7466666666666667, 0.6833333333333333, 0.9033333333333333, 0.52, 0.8516666666666667, 0.8866666666666667, 0.56, 0.23666666666666666, 0.7966666666666666, 0.7066666666666667, 0.25, 0.48, 0.8866666666666667], "6": [0.8883333333333333, 0.785, 0.7566666666666667, 0.85, 0.815, 0.8866666666666667, 0.7516666666666667, 0.8866666666666667, 0.815, 0.8783333333333333, 0.47, 0.815, 0.79, 0.9466666666666667, 0.7966666666666666, 0.9683333333333334, 0.845, 0.3883333333333333, 0.9216666666666666, 0.8383333333333334], "8": [0.955, 0.8483333333333334, 0.97, 0.9116666666666666, 0.9533333333333334, 0.905, 0.9266666666666666, 0.925, 0.8966666666666666, 0.8216666666666667, 0.94, 0.9533333333333334, 0.89, 0.7933333333333333, 0.825, 0.9383333333333334, 0.675, 0.88, 0.77, 0.9566666666666667], "10": [0.8983333333333333, 0.9516666666666667, 0.915, 0.9616666666666667, 0.9016666666666666, 0.9, 0.9366666666666666, 0.955, 0.935, 0.9533333333333334, 0.9516666666666667, 0.8683333333333333, 0.9583333333333334, 0.97, 0.9716666666666667, 0.945, 0.95, 0.8466666666666667, 0.9366666666666666, 0.9483333333333334], "15": [0.9433333333333334, 0.9666666666666667, 0.9683333333333334, 0.9366666666666666, 0.9633333333333334, 0.9483333333333334, 0.9433333333333334, 0.9566666666666667, 0.9483333333333334, 0.9433333333333334, 0.9616666666666667, 0.9783333333333334, 0.96, 0.935, 0.9633333333333334, 0.9716666666666667, 0.935, 0.9416666666666667, 0.975, 0.9616666666666667]}, "blocked_random_seeds": {"0": [0.0, 0.0, 0.0, 0.0, 0.0, 0.0, 0.0, 0.0, 0.0, 0.0, 0.0, 0.0, 0.0, 0.0, 0.0, 0.0, 0.0, 0.0, 0.0, 0.0], "2": [0.27, 0.08166666666666667, 0.055, 0.07666666666666666, 0.06166666666666667, 0.7583333333333333, 0.8266666666666667, 0.03, 0.025, 0.011666666666666667, 0.035, 0.8766666666666667, 0.7016666666666667, 0.055, 0.021666666666666667, 0.013333333333333334, 0.05, 0.08166666666666667, 0.013333333333333334, 0.19333333333333333], "4": [0.20333333333333334, 0.575, 0.83, 0.54, 0.86, 0.11666666666666667, 0.635, 0.7633333333333333, 0.7566666666666667, 0.6916666666666667, 0.9016666666666666, 0.14666666666666667, 0.5816666666666667, 0.6666666666666666, 0.11666666666666667, 0.72, 0.06833333333333333, 0.735, 0.8766666666666667, 0.17333333333333334], "6": [0.6483333333333333, 0.6616666666666666, 0.8433333333333334, 0.5866666666666667, 0.935, 0.8733333333333333, 0.825, 0.09833333333333333, 0.67, 0.9333333333333333, 0.68, 0.8083333333333333, 0.78, 0.7166666666666667, 0.10333333333333333, 0.9316666666666666, 0.865, 0.86, 0.5833333333333334, 0.5816666666666667], "8": [0.91, 0.88, 0.775, 0.925, 0.865, 0.9183333333333333, 0.9116666666666666, 0.92, 0.6983333333333334, 0.91, 0.9166666666666666, 0.9083333333333333, 0.7633333333333333, 0.9283333333333333, 0.8733333333333333, 0.9066666666666666, 0.8466666666666667, 0.89, 0.9033333333333333, 0.8966666666666666],