{"random_seeds": {"2": [0.745, 0.021666666666666667, 0.10166666666666667, 0.8883333333333333, 0.8783333333333333, 0.023333333333333334, 0.008333333333333333, 0.11666666666666667, 0.15666666666666668, 0.035, 0.7016666666666667, 0.255, 0.011666666666666667, 0.01, 0.03166666666666667, 0.075, 0.12666666666666668, 0.011666666666666667, 0.19333333333333333, 0.07], "4": [0.115, 0.8416666666666667, 0.08166666666666667, 0.8183333333333334, 0.125, 0.095, 0.6266666666666667, 0.83, 0.6166666666666667, 0.9283333333333333, 0.7066666666666667, 0.11, 0.75, 0.02, 0.7016666666666667, 0.6433333333333333, 0.8383333333333334, 0.8266666666666667, 0.16666666666666666, 0.13833333333333334], "6": [0.24333333333333335, 0.86, 0.68, 0.6333333333333333, 0.9666666666666667, 0.8833333333333333, 0.5733333333333334, 0.88, 0.6983333333333334, 0.8783333333333333, 0.84, 0.6633333333333333, 0.8683333333333333, 0.94, 0.8283333333333334, 0.6183333333333333, 0.08833333333333333, 0.7316666666666667, 0.845, 0.925], "8": [0.8866666666666667, 0.8733333333333333, 0.4866666666666667, 0.8816666666666667, 0.9033333333333333, 0.8966666666666666, 0.85, 0.9233333333333333, 0.9066666666666666, 0.97, 0.85, 0.925, 0.6633333333333333, 0.825, 0.93, 0.87, 0.8666666666666667, 0.87, 0.9233333333333333, 0.9166666666666666], "10": [0.8283333333333334, 0.94, 0.92, 0.8766666666666667, 0.865, 0.935, 0.8766666666666667, 0.9016666666666666, 0.9566666666666667, 0.92, 0.9116666666666666, 0.9616666666666667, 0.92, 0.9033333333333333, 0.8433333333333334, 0.9033333333333333, 0.9216666666666666, 0.89, 0.9383333333333334, 0.9283333333333333], "15": [0.9666666666666667, 0.9633333333333334, 0.9633333333333334, 0.965, 0.8766666666666667, 0.955, 0.8933333333333333, 0.9133333333333333, 0.9366666666666666, 0.9666666666666667, 0.95, 0.9416666666666667, 0.9733333333333334, 0.9616666666666667, 0.9266666666666666, 0.95, 0.945, 0.9, 0.9133333333333333, 0.9133333333333333], "30": [0.9466666666666667, 0.9516666666666667, 0.9616666666666667, 0.9616666666666667, 0.9566666666666667, 0.9566666666666667, 0.9616666666666667, 0.965, 0.975, 0.965, 0.9566666666666667, 0.98, 0.965, 0.97, 0.9716666666666667, 0.9616666666666667, 0.9583333333333334, 0.9566666666666667, 0.965, 0.95], "50": [0.97, 0.97, 0.9733333333333334, 0.9683333333333334, 0.97, 0.9716666666666667, 0.965, 0.965, 0.9766666666666667, 0.9616666666666667, 0.9633333333333334, 0.95, 0.9816666666666667, 0.9533333333333334, 0.9733333333333334, 0.9566666666666667, 0.975, 0.9666666666666667, 0.965, 0.97]}, "betweenness_seeds": {"2": [0.13, 0.15, 0.11833333333333333, 0.6566666666666666, 0.5483333333333333, 0.61, 0.7016666666666667, 0.03833333333333333, 0.04833333333333333, 0.02, 0.62, 0.15666666666666668, 0.20666666666666667, 0.04666666666666667, 0.745, 0.6433333333333333, 0.06, 0.2833333333333333, 0.72, 0.12], "4": [0.6883333333333334, 0.895, 0.49833333333333335, 0.795, 0.2683333333333333, 0.18666666666666668, 0.7566666666666667, 0.9033333333333333, 0.49833333333333335, 0.8416666666666667, 0.5183333333333333, 0.22333333333333333, 0.8866666666666667, 0.5683333333333334, 0.6033333333333334, 0.525, 0.8733333333333333, 0.785, 0.37833333333333335, 0.7666666666666667], "6": [0.8466666666666667, 0.74, 0.8933333333333333, 0.83, 0.925, 0.49333333333333335, 0.885, 0.94, 0.8116666666666666, 0.8966666666666666, 0.7766666666666666, 0.7683333333333333, 0.8466666666666667, 0.7633333333333333, 0.885, 0.9433333333333334, 0.9166666666666666, 0.8033333333333333, 0.7833333333333333, 0.8383333333333334], "8": [0.9333333333333333, 0.895, 0.9016666666666666, 0.9516666666666667, 0.8066666666666666, 0.78, 0.885, 0.8666666666666667, 0.9033333333333333, 0.9733333333333334, 0.9216666666666666, 0.8683333333333333, 0.87, 0.9716666666666667, 0.9533333333333334, 0.9433333333333334, 0.855, 0.8633333333333333, 0.9733333333333334, 0.9583333333333334], "10": [0.945, 0.9633333333333334, 0.9583333333333334, 0.9533333333333334, 0.93, 0.9566666666666667, 0.9566666666666667, 0.945, 0.965, 0.8916666666666667, 0.9533333333333334, 0.9433333333333334, 0.96, 0.935, 0.9483333333333334, 0.9066666666666666, 0.95, 0.9533333333333334, 0.8566666666666667, 0.9666666666666667], "15": [0.9633333333333334, 0.9483333333333334, 0.9466666666666667, 0.9483333333333334, 0.9633333333333334, 0.9433333333333334, 0.94, 0.9266666666666666, 0.945, 0.9633333333333334, 0.9666666666666667, 0.9566666666666667, 0.9616666666666667, 0.955, 0.965, 0.9583333333333334, 0.955, 0.9583333333333334, 0.9633333333333334, 0.965], "30": [0.9366666666666666, 0.9333333333333333, 0.9716666666666667, 0.97, 0.9633333333333334, 0.955, 0.9566666666666667, 0.9583333333333334, 0.965, 0.96, 0.9616666666666667, 0.9833333333333333, 0.9666666666666667, 0.9633333333333334, 0.9633333333333334, 0.9633333333333334, 0.97, 0.9633333333333334, 0.9583333333333334, 0.965], "50": [0.9733333333333334, 0.97, 0.9716666666666667, 0.9683333333333334, 0.9633333333333334, 0.965, 0.9633333333333334, 0.9666666666666667, 0.9783333333333334, 0.96, 0.96, 0.9366666666666666, 0.98, 0.9583333333333334, 0.975, 0.9616666666666667, 0.9716666666666667, 0.9666666666666667, 0.9583333333333334, 0.9683333333333334]}, "triangle_degree_ratio_seeds": {"2": [0.585, 0.19166666666666668, 0.6333333333333333, 0.69, 0.08833333333333333, 0.055, 0.023333333333333334, 0.06166666666666667, 0.045, 0.5066666666666667, 0.545, 0.7716666666666666, 0.09, 0.035, 0.04833333333333333, 0.24666666666666667, 0.19166666666666668, 0.8133333333333334, 0.68, 0.051666666666666666], "4": [0.9316666666666666, 0.8566666666666667, 0.8633333333333333, 0.545, 0.47, 0.28833333333333333, 0.47333333333333333, 0.5783333333333334, 0.49333333333333335, 0.8366666666666667, 0.15333333333333332, 0.6066666666666667, 0.8266666666666667, 0.615, 0.5066666666666667, 0.14833333333333334, 0.8066666666666666, 0.88, 0.23166666666666666, 0.685], "6": [0.8, 0.8166666666666667, 0.84, 0.8616666666666667, 0.845, 0.72, 0.9083333333333333, 0.8266666666666667, 0.875, 0.8516666666666667, 0.8233333333333334, 0.76, 0.8883333333333333, 0.8533333333333334, 0.8983333333333333, 0.895, 0.8516666666666667, 0.8783333333333333, 0.8, 0.905], "8": [0.8566666666666667, 0.8383333333333334, 0.8266666666666667, 0.9566666666666667, 0.58, 0.37333333333333335, 0.7633333333333333, 0.9533333333333334, 0.8533333333333334, 0.8733333333333333, 0.925, 0.7583333333333333, 0.7916666666666666, 0.885, 0.9566666666666667, 0.845, 0.785, 0.91, 0.9216666666666666, 0.89], "10": [0.9283333333333333, 0.9633333333333334, 0.8516666666666667, 0.945, 0.965, 0.9583333333333334, 0.9633333333333334, 0.8783333333333333, 0.9666666666666667, 0.9133333333333333, 0.9016666666666666, 0.925, 0.965, 0.92, 0.945, 0.96, 0.9533333333333334, 0.9233333333333333, 0.9116666666666666, 0.9483333333333334], "15": [0.9733333333333334, 0.9566666666666667, 0.9466666666666667, 0.9616666666666667, 0.9566666666666667, 0.93, 0.9216666666666666, 0.9366666666666666, 0.9716666666666667, 0.9683333333333334, 0.9433333333333334, 0.9516666666666667, 0.96, 0.9566666666666667, 0.955, 0.955, 0.9416666666666667, 0.94, 0.965, 0.955], "30": [0.9266666666666666, 0.9433333333333334, 0.9683333333333334, 0.9666666666666667, 0.96, 0.9483333333333334, 0.95, 0.9616666666666667, 0.96, 0.955, 0.97, 0.9833333333333333, 0.965, 0.9533333333333334, 0.97, 0.9583333333333334, 0.965, 0.96, 0.9466666666666667, 0.9533333333333334], "50": [0.9733333333333334, 0.97, 0.9716666666666667, 0.965, 0.9733333333333334, 0.9716666666666667, 0.9666666666666667, 0.9666666666666667, 0.9783333333333334, 0.96, 0.96, 0.9516666666666667, 0.975, 0.9583333333333334, 0.975, 0.96, 0.97, 0.9666666666666667, 0.9583333333333334, 0.9683333333333334]},