{"random_seeds": {"2": [0.02666666666666667, 0.016666666666666666, 0.008333333333333333, 0.013333333333333334, 0.02666666666666667, 0.023333333333333334, 0.005, 0.028333333333333332, 0.015, 0.018333333333333333, 0.03333333333333333, 0.005, 0.013333333333333334, 0.015, 0.025, 0.01, 0.013333333333333334, 0.013333333333333334, 0.025, 0.005], "4": [0.03166666666666667, 0.021666666666666667, 0.02666666666666667, 0.035, 0.03, 0.03333333333333333, 0.03333333333333333, 0.01, 0.016666666666666666, 0.055, 0.021666666666666667, 0.03666666666666667, 0.023333333333333334, 0.065, 0.025, 0.02666666666666667, 0.016666666666666666, 0.021666666666666667, 0.03666666666666667, 0.025], "6": [0.04, 0.04, 0.03666666666666667, 0.043333333333333335, 0.03166666666666667, 0.028333333333333332, 0.028333333333333332, 0.04833333333333333, 0.025, 0.06166666666666667, 0.06166666666666667, 0.085, 0.023333333333333334, 0.08, 0.03166666666666667, 0.023333333333333334, 0.025, 0.07166666666666667, 0.02666666666666667, 0.04], "8": [0.12833333333333333, 0.041666666666666664, 0.056666666666666664, 0.03333333333333333, 0.02666666666666667, 0.14166666666666666, 0.08, 0.03666666666666667, 0.035, 0.04666666666666667, 0.1, 0.06833333333333333, 0.12333333333333334, 0.06166666666666667, 0.09333333333333334, 0.1, 0.12, 0.065, 0.125, 0.10333333333333333], "10": [0.13666666666666666, 0.041666666666666664, 0.06333333333333334, 0.04833333333333333, 0.06333333333333334, 0.12, 0.12833333333333333, 0.10166666666666667, 0.09666666666666666, 0.058333333333333334, 0.08666666666666667, 0.23166666666666666, 0.051666666666666666, 0.21833333333333332, 0.16166666666666665, 0.051666666666666666, 0.058333333333333334, 0.09833333333333333, 0.05333333333333334, 0.24], "15": [0.36, 0.185, 0.18333333333333332, 0.23833333333333334, 0.9966666666666667, 0.13666666666666666, 0.25333333333333335, 0.15166666666666667, 0.9966666666666667, 0.2783333333333333, 0.07833333333333334, 0.2916666666666667, 0.14166666666666666, 1.0, 0.115, 1.0, 0.995, 0.225, 0.7216666666666667, 0.16666666666666666], "30": [1.0, 0.9966666666666667, 0.995, 0.9966666666666667, 0.985, 1.0, 1.0, 0.9916666666666667, 0.9966666666666667, 1.0, 1.0, 1.0, 0.9933333333333333, 0.995, 1.0, 0.99, 0.9933333333333333, 0.9933333333333333, 0.9966666666666667, 0.985]}, "betweenness_seeds": {"2": [0.018333333333333333, 0.025, 0.011666666666666667, 0.006666666666666667, 0.02, 0.011666666666666667, 0.028333333333333332, 0.045, 0.021666666666666667, 0.018333333333333333, 0.023333333333333334, 0.016666666666666666, 0.023333333333333334, 0.011666666666666667, 0.056666666666666664, 0.03166666666666667, 0.006666666666666667, 0.03, 0.018333333333333333, 0.025], "4": [0.041666666666666664, 0.008333333333333333, 0.043333333333333335, 0.03833333333333333, 0.028333333333333332, 0.03166666666666667, 0.05333333333333334, 0.06333333333333334, 0.02, 0.04, 0.045, 0.035, 0.045, 0.055, 0.021666666666666667, 0.04, 0.035, 0.021666666666666667, 0.03166666666666667, 0.056666666666666664], "6": [0.08833333333333333, 0.10666666666666667, 0.06, 0.06666666666666667, 0.04833333333333333, 0.08, 0.06166666666666667, 0.07166666666666667, 0.03166666666666667, 0.03, 0.035, 0.04666666666666667, 0.19, 0.045, 0.04, 0.03, 0.10333333333333333, 0.056666666666666664, 0.115, 0.095], "8": [0.995, 0.13, 0.33166666666666667, 0.11666666666666667, 0.07166666666666667, 0.09333333333333334, 0.12666666666666668, 0.37166666666666665, 0.10333333333333333, 0.23666666666666666, 0.06333333333333334, 0.065, 0.07333333333333333, 0.10833333333333334, 0.18333333333333332, 0.07833333333333334, 0.13333333333333333, 0.14, 0.10333333333333333, 0.06166666666666667], "10": [0.9966666666666667, 0.14833333333333334, 0.9966666666666667, 0.11, 0.15166666666666667, 0.995, 1.0, 0.175, 0.185, 0.9916666666666667, 1.0, 1.0, 0.10166666666666667, 0.15, 0.325, 0.07666666666666666, 0.57, 1.0, 1.0, 0.20833333333333334], "15": [1.0, 0.9933333333333333, 0.9966666666666667, 0.9933333333333333, 0.9916666666666667, 1.0, 1.0, 0.9933333333333333, 0.995, 0.9966666666666667, 0.9883333333333333, 0.9933333333333333, 0.9916666666666667, 1.0, 0.995, 1.0, 0.9966666666666667, 1.0, 0.9933333333333333, 0.995], "30": [0.9933333333333333, 1.0, 0.9966666666666667, 1.0, 0.9833333333333333, 1.0, 1.0, 0.99, 0.9933333333333333, 0.995, 1.0, 0.995, 0.9916666666666667, 0.995, 1.0, 0.99, 1.0, 0.9966666666666667, 0.9966666666666667, 0.985]}, "triangle_degree_ratio_seeds": {"2": [0.015, 0.023333333333333334, 0.008333333333333333, 0.006666666666666667, 0.03833333333333333, 0.021666666666666667, 0.01, 0.015, 0.021666666666666667, 0.015, 0.021666666666666667, 0.01, 0.018333333333333333, 0.0033333333333333335, 0.016666666666666666, 0.02, 0.023333333333333334, 0.011666666666666667, 0.023333333333333334, 0.011666666666666667], "4": [0.056666666666666664, 0.028333333333333332, 0.03, 0.021666666666666667, 0.11666666666666667, 0.04, 0.03833333333333333, 0.04833333333333333, 0.028333333333333332, 0.021666666666666667, 0.04, 0.09333333333333334, 0.03833333333333333, 0.05, 0.023333333333333334, 0.05333333333333334, 0.021666666666666667, 0.04833333333333333, 0.02, 0.03166666666666667], "6": [0.08666666666666667, 0.11666666666666667, 0.06833333333333333, 0.09166666666666666, 0.055, 0.055, 0.04833333333333333, 0.06666666666666667, 0.023333333333333334, 0.06833333333333333, 0.04666666666666667, 0.03833333333333333, 0.043333333333333335, 0.10166666666666667, 0.12333333333333334, 0.043333333333333335, 0.07666666666666666, 0.09666666666666666, 0.075, 0.056666666666666664], "8": [0.13333333333333333, 0.08666666666666667, 0.20666666666666667, 0.125, 0.10166666666666667, 0.058333333333333334, 0.135, 0.105, 0.11833333333333333, 0.18166666666666667, 0.07833333333333334, 0.06333333333333334, 0.11833333333333333, 0.056666666666666664, 0.05333333333333334, 0.12, 0.075, 0.06333333333333334, 0.085, 0.058333333333333334], "10": [0.9966666666666667, 0.26166666666666666, 0.995, 0.065, 0.2866666666666667, 0.18333333333333332, 0.15, 0.9966666666666667, 0.155, 0.9966666666666667, 0.12666666666666668, 0.25666666666666665, 0.9966666666666667, 0.10166666666666667, 1.0, 0.075, 0.15333333333333332, 0.9966666666666667, 1.0, 0.995], "15": [1.0, 0.9966666666666667, 0.9966666666666667, 0.9916666666666667, 0.9933333333333333, 1.0, 1.0, 0.9933333333333333, 0.995, 0.995, 0.9883333333333333, 0.9966666666666667, 0.9933333333333333, 1.0, 0.995, 0.39666666666666667, 0.9966666666666667, 1.0, 0.99, 0.9966666666666667], "30": [0.9933333333333333, 0.9966666666666667, 0.9966666666666667, 0.9966666666666667, 0.985, 1.0, 0.9966666666666667, 0.9916666666666667, 0.9916666666666667, 1.0, 1.0, 1.0, 0.9916666666666667, 0.9966666666666667, 1.0, 0.985, 0.9966666666666667, 0.9933333333333333, 0.995, 0.9883333333333333]}, "blocked_random_seeds": {"2": [0.021666666666666667, 0.013333333333333334, 0.016666666666666666, 0.023333333333333334, 0.01, 0.02666666666666667, 0.015, 0.016666666666666666, 0.018333333333333333, 0.02, 0.018333333333333333, 0.018333333333333333, 0.006666666666666667, 0.015, 0.03666666666666667, 0.03, 0.016666666666666666, 0.008333333333333333, 0.016666666666666666, 0.011666666666666667], "4": [0.035, 0.02666666666666667, 0.06833333333333333, 0.01, 0.07333333333333333, 0.023333333333333334, 0.03166666666666667, 0.045, 0.02666666666666667, 0.028333333333333332, 0.02666666666666667, 0.028333333333333332, 0.065, 0.013333333333333334, 0.02, 0.023333333333333334, 0.03166666666666667, 0.018333333333333333, 0.03166666666666667, 0.013333333333333334], "6": [0.03333333333333333, 0.07333333333333333, 0.08166666666666667, 0.075, 0.02666666666666667, 0.025, 0.05, 0.058333333333333334, 0.045, 0.041666666666666664, 0.04833333333333333, 0.05, 0.025, 0.03666666666666667, 0.065, 0.018333333333333333, 0.04666666666666667, 0.058333333333333334, 0.045, 0.043333333333333335],