{"random_seeds": {"2": [0.005, 0.011666666666666667, 0.018333333333333333, 0.023333333333333334, 0.01, 0.03666666666666667, 0.016666666666666666, 0.008333333333333333, 0.0033333333333333335, 0.011666666666666667, 0.01, 0.018333333333333333, 0.015, 0.008333333333333333, 0.03333333333333333, 0.011666666666666667, 0.025, 0.043333333333333335, 0.011666666666666667, 0.021666666666666667], "4": [0.021666666666666667, 0.03333333333333333, 0.03666666666666667, 0.011666666666666667, 0.008333333333333333, 0.02666666666666667, 0.021666666666666667, 0.028333333333333332, 0.03, 0.025, 0.045, 0.02666666666666667, 0.018333333333333333, 0.025, 0.03, 0.016666666666666666, 0.021666666666666667, 0.018333333333333333, 0.016666666666666666, 0.04], "6": [0.03333333333333333, 0.03833333333333333, 0.04833333333333333, 0.03166666666666667, 0.05, 0.04833333333333333, 0.055, 0.018333333333333333, 0.02666666666666667, 0.055, 0.043333333333333335, 0.07666666666666666, 0.065, 0.045, 0.05, 0.04666666666666667, 0.04666666666666667, 0.07166666666666667, 0.045, 0.021666666666666667], "8": [0.04833333333333333, 0.03, 0.07166666666666667, 0.10833333333333334, 0.09333333333333334, 0.05333333333333334, 0.06666666666666667, 0.105, 0.10833333333333334, 0.12833333333333333, 0.1, 0.13, 0.04, 0.105, 0.09166666666666666, 0.12, 0.03, 0.07, 0.07166666666666667, 0.09833333333333333], "10": [0.058333333333333334, 0.08333333333333333, 0.07, 0.14333333333333334, 0.05333333333333334, 0.08333333333333333, 0.06333333333333334, 0.17333333333333334, 0.051666666666666666, 0.06333333333333334, 0.1, 0.18833333333333332, 0.15, 0.09, 0.09166666666666666, 0.3283333333333333, 0.13, 0.13333333333333333, 0.07833333333333334, 0.045], "15": [0.355, 0.17833333333333334, 0.08166666666666667, 0.5566666666666666, 0.20666666666666667, 0.12833333333333333, 0.9966666666666667, 0.19166666666666668, 0.9916666666666667, 0.99, 0.11833333333333333, 0.16833333333333333, 0.9966666666666667, 0.15166666666666667, 0.9966666666666667, 0.35333333333333333, 0.12833333333333333, 0.9966666666666667, 0.14833333333333334, 0.15666666666666668], "20": [0.995, 0.9966666666666667, 0.9966666666666667, 0.9966666666666667, 1.0, 0.9866666666666667, 0.995, 0.9916666666666667, 0.9966666666666667, 0.9966666666666667, 0.29, 0.9916666666666667, 1.0, 0.9966666666666667, 0.995, 0.9966666666666667, 1.0, 1.0, 0.995, 1.0], "25": [1.0, 0.9933333333333333, 0.9933333333333333, 1.0, 0.9933333333333333, 0.985, 0.99, 0.9933333333333333, 0.995, 0.9966666666666667, 0.9966666666666667, 1.0, 0.9933333333333333, 0.9966666666666667, 0.9966666666666667, 0.9933333333333333, 0.9933333333333333, 1.0, 0.9966666666666667, 1.0]}, "betweenness_seeds": {"2": [0.015, 0.028333333333333332, 0.016666666666666666, 0.008333333333333333, 0.018333333333333333, 0.011666666666666667, 0.028333333333333332, 0.025, 0.016666666666666666, 0.01, 0.02, 0.01, 0.011666666666666667, 0.016666666666666666, 0.006666666666666667, 0.021666666666666667, 0.006666666666666667, 0.015, 0.018333333333333333, 0.023333333333333334], "4": [0.03333333333333333, 0.041666666666666664, 0.02, 0.043333333333333335, 0.04666666666666667, 0.03, 0.021666666666666667, 0.021666666666666667, 0.03666666666666667, 0.04666666666666667, 0.03166666666666667, 0.02, 0.058333333333333334, 0.07166666666666667, 0.03, 0.035, 0.011666666666666667, 0.03333333333333333, 0.04833333333333333, 0.03166666666666667], "6": [0.043333333333333335, 0.09833333333333333, 0.17166666666666666, 0.03666666666666667, 0.07333333333333333, 0.165, 0.225, 0.045, 0.12666666666666668, 0.06666666666666667, 0.04833333333333333, 0.14166666666666666, 0.03333333333333333, 0.051666666666666666, 0.06333333333333334, 0.10833333333333334, 0.05333333333333334, 0.04833333333333333, 0.058333333333333334, 0.08166666666666667], "8": [0.11666666666666667, 0.07666666666666666, 0.18166666666666667, 0.24666666666666667, 0.35, 0.2733333333333333, 0.08333333333333333, 0.056666666666666664, 0.4066666666666667, 0.125, 0.13666666666666666, 0.10333333333333333, 0.15333333333333332, 0.07, 0.08666666666666667, 0.4116666666666667, 0.06333333333333334, 0.9933333333333333, 0.165, 0.15833333333333333], "10": [0.26666666666666666, 0.09333333333333334, 0.9916666666666667, 0.14166666666666666, 0.15833333333333333, 0.9933333333333333, 0.19166666666666668, 0.9783333333333334, 0.9933333333333333, 0.9916666666666667, 0.195, 0.07833333333333334, 0.36, 0.13, 0.10333333333333333, 0.49, 0.835, 0.14333333333333334, 0.21, 0.9916666666666667], "15": [0.9966666666666667, 0.9916666666666667, 1.0, 0.9933333333333333, 0.9933333333333333, 0.9966666666666667, 0.9966666666666667, 0.99, 0.9883333333333333, 0.9916666666666667, 0.9966666666666667, 1.0, 0.9966666666666667, 1.0, 0.9933333333333333, 0.9966666666666667, 1.0, 0.9916666666666667, 1.0, 0.9966666666666667], "20": [0.9916666666666667, 1.0, 0.9966666666666667, 1.0, 1.0, 0.9883333333333333, 0.995, 0.9866666666666667, 0.9966666666666667, 1.0, 0.9966666666666667, 0.99, 0.9966666666666667, 0.9966666666666667, 0.9966666666666667, 0.9966666666666667, 0.9966666666666667, 1.0, 0.995, 1.0], "25": [1.0, 0.995, 0.9933333333333333, 1.0, 0.9933333333333333, 0.99, 0.9883333333333333, 0.9916666666666667, 0.995, 0.9966666666666667, 0.9966666666666667, 0.9966666666666667, 0.9933333333333333, 0.9933333333333333, 0.9966666666666667, 0.9916666666666667, 0.99, 0.9966666666666667, 1.0, 1.0]}, "triangle_degree_ratio_seeds": {"2": [0.04, 0.028333333333333332, 0.016666666666666666, 0.03333333333333333, 0.015, 0.013333333333333334, 0.02666666666666667, 0.015, 0.01, 0.03166666666666667, 0.02, 0.03666666666666667, 0.028333333333333332, 0.035, 0.02666666666666667, 0.043333333333333335, 0.021666666666666667, 0.011666666666666667, 0.021666666666666667, 0.016666666666666666], "4": [0.03166666666666667, 0.023333333333333334, 0.03833333333333333, 0.03833333333333333, 0.035, 0.03166666666666667, 0.05333333333333334, 0.03666666666666667, 0.03166666666666667, 0.028333333333333332, 0.051666666666666666, 0.028333333333333332, 0.02, 0.018333333333333333, 0.02666666666666667, 0.02666666666666667, 0.015, 0.03666666666666667, 0.06666666666666667, 0.08], "6": [0.07, 0.051666666666666666, 0.06833333333333333, 0.04, 0.085, 0.09833333333333333, 0.145, 0.05333333333333334, 0.11333333333333333, 0.08666666666666667, 0.10333333333333333, 0.08, 0.055, 0.06666666666666667, 0.11166666666666666, 0.021666666666666667, 0.09333333333333334, 0.09666666666666666, 0.075, 0.06833333333333333], "8": [0.075, 0.13, 0.12666666666666668, 0.995, 0.185, 0.07166666666666667, 0.06833333333333333, 0.13666666666666666, 0.10333333333333333, 0.17833333333333334, 0.07666666666666666, 0.14333333333333334, 0.041666666666666664, 0.10333333333333333, 0.13333333333333333, 0.9966666666666667, 0.3416666666666667, 0.06333333333333334, 0.115, 0.9966666666666667], "10": [0.995, 0.13833333333333334, 0.13666666666666666, 0.17333333333333334, 0.995, 0.155, 0.25333333333333335, 0.9216666666666666, 0.09, 0.11166666666666666, 0.9933333333333333, 1.0, 0.9966666666666667, 0.22333333333333333, 0.16833333333333333, 0.9966666666666667, 0.215, 0.14666666666666667, 0.355, 0.995], "15": [0.9966666666666667, 0.9933333333333333, 1.0, 0.9966666666666667, 0.9966666666666667, 0.9883333333333333, 1.0, 0.9866666666666667, 0.9933333333333333, 0.9883333333333333, 1.0, 1.0, 0.995, 0.995, 0.9966666666666667, 0.995, 1.0, 0.99, 0.9966666666666667, 0.9966666666666667], "20": [0.9933333333333333, 0.9966666666666667, 1.0, 1.0, 0.9966666666666667, 0.99, 0.9966666666666667, 0.9833333333333333, 0.995, 1.0, 0.9966666666666667, 0.99, 0.9966666666666667, 0.9966666666666667, 0.9966666666666667, 0.9966666666666667, 1.0, 1.0, 0.9966666666666667, 1.0], "25": [1.0, 0.9933333333333333, 0.995, 1.0, 0.9966666666666667, 0.9866666666666667, 0.9933333333333333, 0.9933333333333333, 0.9933333333333333, 1.0, 0.995, 1.0, 0.995, 0.9966666666666667, 1.0, 0.9883333333333333, 0.9866666666666667, 1.0, 0.9966666666666667, 1.0]},