{"random_seeds": {"2": [0.10333333333333333, 0.058333333333333334, 0.005, 0.015, 0.023333333333333334, 0.005, 0.165, 0.05333333333333334, 0.021666666666666667, 0.011666666666666667, 0.02, 0.021666666666666667, 0.03166666666666667, 0.0033333333333333335, 0.03166666666666667, 0.023333333333333334, 0.02, 0.09, 0.016666666666666666, 0.045], "4": [0.1, 0.025, 0.03, 0.095, 0.06333333333333334, 0.135, 0.041666666666666664, 0.09333333333333334, 0.04, 0.01, 0.058333333333333334, 0.16166666666666665, 0.08333333333333333, 0.02666666666666667, 0.11666666666666667, 0.23833333333333334, 0.013333333333333334, 0.16, 0.07333333333333333, 0.11166666666666666], "6": [0.5816666666666667, 0.16833333333333333, 0.09666666666666666, 0.06666666666666667, 0.05333333333333334, 0.13666666666666666, 0.03833333333333333, 0.09666666666666666, 0.11833333333333333, 0.13833333333333334, 0.12, 0.045, 0.07833333333333334, 0.06833333333333333, 0.065, 0.07333333333333333, 0.07833333333333334, 0.045, 0.043333333333333335, 0.135], "8": [0.37833333333333335, 0.11, 0.09166666666666666, 0.25166666666666665, 0.07666666666666666, 0.085, 0.54, 0.18666666666666668, 0.13166666666666665, 0.03666666666666667, 0.5316666666666666, 0.06833333333333333, 0.275, 0.24, 0.12666666666666668, 0.09833333333333333, 0.13333333333333333, 0.5483333333333333, 0.13333333333333333, 0.155], "10": [0.24166666666666667, 0.295, 0.25333333333333335, 0.37666666666666665, 0.22, 0.25166666666666665, 0.31, 0.52, 0.13666666666666666, 0.145, 0.24333333333333335, 0.36, 0.40166666666666667, 0.2916666666666667, 0.6283333333333333, 0.29333333333333333, 0.14666666666666667, 0.41833333333333333, 0.13333333333333333, 0.39166666666666666], "15": [0.37833333333333335, 0.53, 0.4083333333333333, 0.3983333333333333, 0.505, 0.8216666666666667, 0.5483333333333333, 0.47833333333333333, 0.8516666666666667, 0.175, 0.5416666666666666, 0.39, 0.49, 0.8683333333333333, 0.11166666666666666, 0.3383333333333333, 0.17166666666666666, 0.8416666666666667, 0.39, 0.44166666666666665], "22": [0.8216666666666667, 0.43666666666666665, 0.845, 0.8366666666666667, 0.8433333333333334, 0.8383333333333334, 0.535, 0.8933333333333333, 0.7866666666666666, 0.5783333333333334, 0.8683333333333333, 0.44666666666666666, 0.6316666666666667, 0.8183333333333334, 0.4216666666666667, 0.85, 0.26166666666666666, 0.8516666666666667, 0.6183333333333333, 0.8333333333333334], "30": [0.8883333333333333, 0.8166666666666667, 0.885, 0.6433333333333333, 0.83, 0.6266666666666667, 0.865, 0.885, 0.40166666666666667, 0.7433333333333333, 0.89, 0.865, 0.8666666666666667, 0.8316666666666667, 0.3566666666666667, 0.6183333333333333, 0.8583333333333333, 0.815, 0.8633333333333333, 0.8783333333333333], "50": [0.895, 0.795, 0.8766666666666667, 0.8916666666666667, 0.7216666666666667, 0.7816666666666666, 0.6383333333333333, 0.8633333333333333, 0.7916666666666666, 0.8533333333333334, 0.8633333333333333, 0.8866666666666667, 0.8816666666666667, 0.8716666666666667, 0.8566666666666667, 0.72, 0.8666666666666667, 0.9316666666666666, 0.91, 0.8583333333333333]}, "betweenness_seeds": {"2": [0.025, 0.03, 0.03666666666666667, 0.025, 0.028333333333333332, 0.045, 0.008333333333333333, 0.008333333333333333, 0.08833333333333333, 0.03, 0.043333333333333335, 0.035, 0.023333333333333334, 0.04833333333333333, 0.035, 0.028333333333333332, 0.03666666666666667, 0.018333333333333333, 0.10666666666666667, 0.13333333333333333], "4": [0.09666666666666666, 0.09333333333333334, 0.17333333333333334, 0.05333333333333334, 0.051666666666666666, 0.055, 0.17166666666666666, 0.07333333333333333, 0.15166666666666667, 0.041666666666666664, 0.16, 0.285, 0.16166666666666665, 0.09666666666666666, 0.055, 0.07166666666666667, 0.12666666666666668, 0.035, 0.115, 0.065], "6": [0.43166666666666664, 0.11, 0.23, 0.15, 0.35333333333333333, 0.455, 0.10333333333333333, 0.8033333333333333, 0.105, 0.08, 0.14666666666666667, 0.09333333333333334, 0.085, 0.19166666666666668, 0.2733333333333333, 0.15666666666666668, 0.29, 0.29333333333333333, 0.20666666666666667, 0.265], "8": [0.25333333333333335, 0.29833333333333334, 0.135, 0.23, 0.165, 0.14333333333333334, 0.6166666666666667, 0.7016666666666667, 0.09, 0.775, 0.5083333333333333, 0.22833333333333333, 0.625, 0.32666666666666666, 0.265, 0.16333333333333333, 0.17166666666666666, 0.7616666666666667, 0.175, 0.43333333333333335], "10": [0.5, 0.47, 0.8183333333333334, 0.8183333333333334, 0.23, 0.83, 0.38333333333333336, 0.4216666666666667, 0.165, 0.7583333333333333, 0.83, 0.84, 0.47, 0.2733333333333333, 0.23166666666666666, 0.6266666666666667, 0.43333333333333335, 0.5533333333333333, 0.15833333333333333, 0.38333333333333336], "15": [0.7133333333333334, 0.8566666666666667, 0.82, 0.5166666666666667, 0.85, 0.8416666666666667, 0.87, 0.6883333333333334, 0.835, 0.7283333333333334, 0.87, 0.8916666666666667, 0.8316666666666667, 0.8416666666666667, 0.16166666666666665, 0.8666666666666667, 0.44166666666666665, 0.825, 0.745, 0.855], "22": [0.84, 0.7733333333333333, 0.8483333333333334, 0.7383333333333333, 0.795, 0.8133333333333334, 0.8816666666666667, 0.8516666666666667, 0.8033333333333333, 0.83, 0.8616666666666667, 0.8, 0.8266666666666667, 0.83, 0.8566666666666667, 0.84, 0.465, 0.86, 0.8466666666666667, 0.8383333333333334], "30": [0.8533333333333334, 0.82, 0.8966666666666666, 0.7316666666666667, 0.8133333333333334, 0.7983333333333333, 0.89, 0.8483333333333334, 0.46, 0.8266666666666667, 0.84, 0.8466666666666667, 0.8816666666666667, 0.8, 0.4066666666666667, 0.7716666666666666, 0.8533333333333334, 0.8216666666666667, 0.86, 0.8633333333333333], "50": [0.885, 0.7783333333333333, 0.8666666666666667, 0.8866666666666667, 0.7483333333333333, 0.805, 0.615, 0.8183333333333334, 0.7666666666666667, 0.8633333333333333, 0.8433333333333334, 0.82, 0.8783333333333333, 0.8683333333333333, 0.8166666666666667, 0.7733333333333333, 0.8466666666666667, 0.9333333333333333, 0.8833333333333333, 0.85]}, "triangle_degree_ratio_seeds": {"2": [0.008333333333333333, 0.03166666666666667, 0.01, 0.016666666666666666, 0.02, 0.13833333333333334, 0.03, 0.01, 0.05, 0.04, 0.018333333333333333, 0.058333333333333334, 0.011666666666666667, 0.016666666666666666, 0.08, 0.045, 0.04, 0.045, 0.06166666666666667, 0.02666666666666667], "4": [0.17666666666666667, 0.18333333333333332, 0.11166666666666666, 0.085, 0.18666666666666668, 0.06166666666666667, 0.18333333333333332, 0.09833333333333333, 0.17166666666666666, 0.03, 0.3, 0.10666666666666667, 0.025, 0.056666666666666664, 0.17666666666666667, 0.10333333333333333, 0.045, 0.24666666666666667, 0.22833333333333333, 0.03333333333333333], "6": [0.5366666666666666, 0.22333333333333333, 0.1, 0.15833333333333333, 0.46, 0.11833333333333333, 0.06, 0.385, 0.5, 0.305, 0.25666666666666665, 0.06666666666666667, 0.12333333333333334, 0.2866666666666667, 0.22333333333333333, 0.16333333333333333, 0.125, 0.09666666666666666, 0.4116666666666667, 0.5416666666666666], "8": [0.24333333333333335, 0.3933333333333333, 0.42333333333333334, 0.41333333333333333, 0.37333333333333335, 0.31666666666666665, 0.32166666666666666, 0.5166666666666667, 0.20166666666666666, 0.48833333333333334, 0.445, 0.14833333333333334, 0.8566666666666667, 0.245, 0.30333333333333334, 0.20333333333333334, 0.15666666666666668, 0.7816666666666666, 0.16, 0.15], "10": [0.2866666666666667, 0.40166666666666667, 0.27166666666666667, 0.8416666666666667, 0.4066666666666667, 0.34, 0.2, 0.5966666666666667, 0.11666666666666667, 0.6166666666666667, 0.5666666666666667, 0.84, 0.6033333333333334, 0.8633333333333333, 0.3233333333333333, 0.5933333333333334, 0.5866666666666667, 0.8566666666666667, 0.3983333333333333, 0.5816666666666667], "15": [0.7983333333333333, 0.855, 0.7716666666666666, 0.7783333333333333, 0.8783333333333333, 0.8116666666666666, 0.8316666666666667, 0.5633333333333334, 0.835, 0.82, 0.8833333333333333, 0.875, 0.885, 0.8333333333333334, 0.26, 0.8983333333333333, 0.4216666666666667, 0.8633333333333333, 0.33, 0.8516666666666667],