{"random_seeds": {"2": [0.023333333333333334, 0.06833333333333333, 0.015, 0.043333333333333335, 0.016666666666666666, 0.02, 0.006666666666666667, 0.018333333333333333, 0.03333333333333333, 0.04833333333333333, 0.02, 0.02666666666666667, 0.028333333333333332, 0.013333333333333334, 0.028333333333333332, 0.008333333333333333, 0.065, 0.018333333333333333, 0.013333333333333334, 0.008333333333333333], "4": [0.015, 0.23, 0.02666666666666667, 0.14, 0.013333333333333334, 0.07166666666666667, 0.06666666666666667, 0.05, 0.06166666666666667, 0.11666666666666667, 0.06, 0.021666666666666667, 0.10833333333333334, 0.13833333333333334, 0.056666666666666664, 0.135, 0.06666666666666667, 0.15666666666666668, 0.09166666666666666, 0.043333333333333335], "6": [0.18166666666666667, 0.085, 0.15166666666666667, 0.11333333333333333, 0.03833333333333333, 0.06833333333333333, 0.47, 0.04833333333333333, 0.22333333333333333, 0.10166666666666667, 0.085, 0.02666666666666667, 0.145, 0.23166666666666666, 0.09, 0.27, 0.12666666666666668, 0.5366666666666666, 0.07833333333333334, 0.12], "8": [0.44, 0.31666666666666665, 0.495, 0.4166666666666667, 0.09833333333333333, 0.13166666666666665, 0.4066666666666667, 0.295, 0.17666666666666667, 0.08333333333333333, 0.35833333333333334, 0.08166666666666667, 0.3616666666666667, 0.5366666666666666, 0.135, 0.4116666666666667, 0.041666666666666664, 0.5616666666666666, 0.09833333333333333, 0.12833333333333333], "10": [0.2816666666666667, 0.44666666666666666, 0.15833333333333333, 0.37666666666666665, 0.235, 0.7833333333333333, 0.16833333333333333, 0.22333333333333333, 0.5116666666666667, 0.5166666666666667, 0.065, 0.4, 0.2683333333333333, 0.16, 0.175, 0.16166666666666665, 0.275, 0.3433333333333333, 0.08166666666666667, 0.3883333333333333], "15": [0.22666666666666666, 0.215, 0.25333333333333335, 0.8533333333333334, 0.5666666666666667, 0.54, 0.3983333333333333, 0.375, 0.245, 0.30666666666666664, 0.5933333333333334, 0.8066666666666666, 0.7116666666666667, 0.41333333333333333, 0.39, 0.3983333333333333, 0.5366666666666666, 0.5033333333333333, 0.48833333333333334, 0.555], "30": [0.7933333333333333, 0.5266666666666666, 0.815, 0.8483333333333334, 0.8483333333333334, 0.855, 0.875, 0.8783333333333333, 0.8, 0.4216666666666667, 0.8483333333333334, 0.8866666666666667, 0.44166666666666665, 0.6783333333333333, 0.8216666666666667, 0.8866666666666667, 0.5016666666666667, 0.8516666666666667, 0.8216666666666667, 0.8433333333333334]}, "betweenness_seeds": {"2": [0.03666666666666667, 0.058333333333333334, 0.05, 0.025, 0.016666666666666666, 0.018333333333333333, 0.021666666666666667, 0.013333333333333334, 0.07666666666666666, 0.011666666666666667, 0.01, 0.04666666666666667, 0.04666666666666667, 0.021666666666666667, 0.03333333333333333, 0.04666666666666667, 0.04833333333333333, 0.023333333333333334, 0.023333333333333334, 0.03833333333333333], "4": [0.8, 0.10333333333333333, 0.16666666666666666, 0.09333333333333334, 0.11166666666666666, 0.058333333333333334, 0.08333333333333333, 0.2683333333333333, 0.028333333333333332, 0.10666666666666667, 0.028333333333333332, 0.2, 0.135, 0.145, 0.12333333333333334, 0.2966666666666667, 0.09833333333333333, 0.13833333333333334, 0.09166666666666666, 0.13666666666666666], "6": [0.4, 0.27166666666666667, 0.8316666666666667, 0.11833333333333333, 0.31666666666666665, 0.065, 0.125, 0.15, 0.15833333333333333, 0.18166666666666667, 0.36666666666666664, 0.8033333333333333, 0.165, 0.185, 0.056666666666666664, 0.10666666666666667, 0.08833333333333333, 0.16666666666666666, 0.10166666666666667, 0.18166666666666667], "8": [0.33, 0.19666666666666666, 0.28, 0.26666666666666666, 0.2, 0.13166666666666665, 0.29, 0.305, 0.16, 0.43666666666666665, 0.28833333333333333, 0.12333333333333334, 0.38666666666666666, 0.8416666666666667, 0.15666666666666668, 0.30833333333333335, 0.13666666666666666, 0.49, 0.05333333333333334, 0.3283333333333333], "10": [0.6816666666666666, 0.79, 0.5116666666666667, 0.8566666666666667, 0.51, 0.745, 0.25166666666666665, 0.7633333333333333, 0.835, 0.37, 0.305, 0.57, 0.41833333333333333, 0.2733333333333333, 0.33666666666666667, 0.21166666666666667, 0.635, 0.8383333333333334, 0.13666666666666666, 0.755], "15": [0.4716666666666667, 0.44666666666666666, 0.8616666666666667, 0.835, 0.575, 0.62, 0.8483333333333334, 0.8233333333333334, 0.615, 0.815, 0.85, 0.45, 0.855, 0.6483333333333333, 0.8366666666666667, 0.7916666666666666, 0.6716666666666666, 0.855, 0.8383333333333334, 0.8066666666666666], "30": [0.8, 0.6966666666666667, 0.8066666666666666, 0.8483333333333334, 0.8216666666666667, 0.8416666666666667, 0.845, 0.9016666666666666, 0.805, 0.53, 0.8283333333333334, 0.8466666666666667, 0.5833333333333334, 0.7483333333333333, 0.8166666666666667, 0.8683333333333333, 0.585, 0.83, 0.83, 0.8516666666666667]}, "triangle_degree_ratio_seeds": {"2": [0.06833333333333333, 0.06833333333333333, 0.023333333333333334, 0.09166666666666666, 0.04, 0.04833333333333333, 0.008333333333333333, 0.028333333333333332, 0.03, 0.023333333333333334, 0.03, 0.028333333333333332, 0.1, 0.023333333333333334, 0.011666666666666667, 0.02666666666666667, 0.028333333333333332, 0.016666666666666666, 0.03, 0.02], "4": [0.205, 0.06666666666666667, 0.12333333333333334, 0.06833333333333333, 0.1, 0.09166666666666666, 0.03166666666666667, 0.055, 0.04666666666666667, 0.055, 0.016666666666666666, 0.15333333333333332, 0.05, 0.31166666666666665, 0.17333333333333334, 0.14166666666666666, 0.07166666666666667, 0.03166666666666667, 0.05333333333333334, 0.5466666666666666], "6": [0.36833333333333335, 0.11166666666666666, 0.3883333333333333, 0.11, 0.03333333333333333, 0.13833333333333334, 0.15833333333333333, 0.15666666666666668, 0.08666666666666667, 0.07666666666666666, 0.30666666666666664, 0.19333333333333333, 0.11166666666666666, 0.11833333333333333, 0.14833333333333334, 0.23666666666666666, 0.11666666666666667, 0.09, 0.315, 0.15833333333333333], "8": [0.8216666666666667, 0.42833333333333334, 0.19666666666666666, 0.315, 0.17333333333333334, 0.24, 0.33166666666666667, 0.43166666666666664, 0.12333333333333334, 0.535, 0.37833333333333335, 0.33, 0.3516666666666667, 0.615, 0.14, 0.31666666666666665, 0.27166666666666667, 0.5683333333333334, 0.13833333333333334, 0.35333333333333333], "10": [0.415, 0.15333333333333332, 0.23, 0.4266666666666667, 0.68, 0.38, 0.21833333333333332, 0.46, 0.66, 0.385, 0.5366666666666666, 0.5733333333333334, 0.5433333333333333, 0.33166666666666667, 0.32166666666666666, 0.14333333333333334, 0.5533333333333333, 0.3616666666666667, 0.08333333333333333, 0.7816666666666666], "15": [0.40166666666666667, 0.8366666666666667, 0.8316666666666667, 0.8466666666666667, 0.8616666666666667, 0.5416666666666666, 0.39, 0.7316666666666667, 0.45, 0.815, 0.8483333333333334, 0.37166666666666665, 0.6216666666666667, 0.4083333333333333, 0.8216666666666667, 0.8033333333333333, 0.4483333333333333, 0.825, 0.6666666666666666, 0.85], "30": [0.775, 0.755, 0.8283333333333334, 0.855, 0.8133333333333334, 0.8633333333333333, 0.8783333333333333, 0.8616666666666667, 0.8366666666666667, 0.48833333333333334, 0.8733333333333333, 0.89, 0.6683333333333333, 0.705, 0.8516666666666667, 0.8566666666666667, 0.6166666666666667, 0.8366666666666667, 0.8116666666666666, 0.8583333333333333]}, "highest_degree_seeds": {"2": [0.03333333333333333, 0.07, 0.05, 0.013333333333333334, 0.018333333333333333, 0.03333333333333333, 0.021666666666666667, 0.02666666666666667, 0.06666666666666667, 0.02, 0.013333333333333334, 0.075, 0.085, 0.03166666666666667, 0.023333333333333334, 0.056666666666666664, 0.03666666666666667, 0.021666666666666667, 0.016666666666666666, 0.08166666666666667], "4": [0.81, 0.1, 0.18, 0.105, 0.15833333333333333, 0.04833333333333333, 0.14, 0.2833333333333333, 0.056666666666666664, 0.09333333333333334, 0.055, 0.19666666666666666, 0.10333333333333333, 0.05, 0.17, 0.05, 0.08666666666666667, 0.09166666666666666, 0.056666666666666664, 0.10833333333333334],