{"random_seeds": {"2": [0.013333333333333334, 0.021666666666666667, 0.015, 0.006666666666666667, 0.015, 0.008333333333333333, 0.018333333333333333, 0.02, 0.013333333333333334, 0.011666666666666667, 0.016666666666666666, 0.01, 0.011666666666666667, 0.03, 0.013333333333333334, 0.01, 0.016666666666666666, 0.015, 0.011666666666666667, 0.025], "4": [0.02666666666666667, 0.016666666666666666, 0.02666666666666667, 0.016666666666666666, 0.02, 0.018333333333333333, 0.025, 0.023333333333333334, 0.021666666666666667, 0.016666666666666666, 0.01, 0.03166666666666667, 0.018333333333333333, 0.015, 0.018333333333333333, 0.02, 0.015, 0.043333333333333335, 0.035, 0.015], "5": [0.013333333333333334, 0.025, 1.0, 0.035, 0.035, 0.02666666666666667, 0.04, 0.021666666666666667, 0.035, 0.03333333333333333, 0.028333333333333332, 0.04, 0.02666666666666667, 0.03166666666666667, 0.03166666666666667, 0.03666666666666667, 0.02, 0.021666666666666667, 0.035, 0.05333333333333334], "6": [0.03333333333333333, 0.08166666666666667, 0.021666666666666667, 0.035, 0.055, 0.03833333333333333, 0.02666666666666667, 0.02666666666666667, 0.04666666666666667, 0.07833333333333334, 0.06166666666666667, 0.04, 1.0, 0.021666666666666667, 0.06166666666666667, 0.03833333333333333, 0.051666666666666666, 0.04, 0.023333333333333334, 0.09166666666666666], "8": [0.07833333333333334, 1.0, 0.085, 1.0, 1.0, 1.0, 1.0, 1.0, 1.0, 1.0, 1.0, 1.0, 1.0, 0.11833333333333333, 1.0, 1.0, 1.0, 1.0, 1.0, 0.056666666666666664], "10": [1.0, 1.0, 1.0, 1.0, 1.0, 1.0, 1.0, 1.0, 1.0, 1.0, 1.0, 1.0, 1.0, 1.0, 1.0, 1.0, 1.0, 1.0, 1.0, 1.0]}, "betweenness_seeds": {"2": [0.015, 0.013333333333333334, 0.01, 0.008333333333333333, 0.015, 0.021666666666666667, 0.025, 0.018333333333333333, 0.01, 0.005, 0.013333333333333334, 0.006666666666666667, 0.013333333333333334, 0.006666666666666667, 0.021666666666666667, 0.008333333333333333, 0.011666666666666667, 0.011666666666666667, 0.006666666666666667, 0.013333333333333334], "4": [0.015, 0.016666666666666666, 0.03166666666666667, 0.018333333333333333, 0.018333333333333333, 0.021666666666666667, 0.02, 0.018333333333333333, 0.011666666666666667, 0.015, 0.02, 0.025, 0.021666666666666667, 0.016666666666666666, 0.016666666666666666, 0.015, 0.021666666666666667, 0.016666666666666666, 0.03833333333333333, 0.03166666666666667], "5": [0.03666666666666667, 0.02, 0.04666666666666667, 0.041666666666666664, 0.043333333333333335, 0.021666666666666667, 0.028333333333333332, 0.03166666666666667, 0.023333333333333334, 0.03166666666666667, 0.02666666666666667, 0.03, 0.021666666666666667, 0.06833333333333333, 0.041666666666666664, 0.025, 0.028333333333333332, 0.03333333333333333, 0.025, 0.056666666666666664], "6": [0.043333333333333335, 0.07, 0.055, 0.051666666666666666, 0.11666666666666667, 0.025, 0.05, 0.04, 0.03666666666666667, 0.03166666666666667, 0.04666666666666667, 0.03, 0.105, 0.018333333333333333, 1.0, 0.04833333333333333, 1.0, 0.051666666666666666, 0.041666666666666664, 0.08166666666666667], "8": [1.0, 1.0, 1.0, 1.0, 1.0, 1.0, 1.0, 1.0, 0.11666666666666667, 0.041666666666666664, 1.0, 1.0, 1.0, 1.0, 1.0, 1.0, 1.0, 1.0, 1.0, 1.0], "10": [1.0, 1.0, 1.0, 1.0, 1.0, 1.0, 1.0, 1.0, 1.0, 1.0, 1.0, 1.0, 1.0, 1.0, 1.0, 1.0, 1.0, 1.0, 1.0, 1.0]}, "triangle_degree_ratio_seeds": {"2": [0.005, 0.01, 0.011666666666666667, 0.006666666666666667, 0.016666666666666666, 0.018333333333333333, 0.008333333333333333, 0.005, 0.015, 0.011666666666666667, 0.008333333333333333, 0.008333333333333333, 0.016666666666666666, 0.015, 0.008333333333333333, 0.018333333333333333, 0.018333333333333333, 0.011666666666666667, 0.011666666666666667, 0.006666666666666667], "4": [0.015, 0.006666666666666667, 0.023333333333333334, 0.02666666666666667, 0.03166666666666667, 0.02, 0.028333333333333332, 0.045, 0.02, 0.023333333333333334, 0.01, 0.016666666666666666, 0.025, 0.023333333333333334, 0.008333333333333333, 0.06, 0.015, 0.023333333333333334, 0.018333333333333333, 0.02], "5": [0.03166666666666667, 0.03666666666666667, 0.015, 0.016666666666666666, 0.03333333333333333, 0.041666666666666664, 0.011666666666666667, 0.02, 0.011666666666666667, 0.013333333333333334, 0.015, 0.011666666666666667, 0.01, 0.013333333333333334, 0.041666666666666664, 0.03166666666666667, 0.05333333333333334, 0.03166666666666667, 0.035, 0.008333333333333333], "6": [0.04833333333333333, 0.023333333333333334, 0.043333333333333335, 0.018333333333333333, 0.015, 0.051666666666666666, 0.041666666666666664, 0.021666666666666667, 0.02, 0.03666666666666667, 0.08, 0.03333333333333333, 0.04, 0.04833333333333333, 0.07333333333333333, 0.028333333333333332, 0.013333333333333334, 0.016666666666666666, 0.04666666666666667, 0.058333333333333334], "8": [1.0, 1.0, 1.0, 1.0, 1.0, 1.0, 1.0, 0.07166666666666667, 0.08833333333333333, 1.0, 1.0, 1.0, 1.0, 0.035, 1.0, 1.0, 1.0, 1.0, 1.0, 0.07833333333333334], "10": [1.0, 1.0, 1.0, 1.0, 1.0, 1.0, 1.0, 1.0, 0.11333333333333333, 1.0, 1.0, 1.0, 1.0, 1.0, 1.0, 1.0, 1.0, 1.0, 1.0, 1.0]}, "blocked_random_seeds": {"2": [0.013333333333333334, 0.013333333333333334, 0.008333333333333333, 0.008333333333333333, 0.013333333333333334, 0.005, 0.023333333333333334, 0.01, 0.015, 0.006666666666666667, 0.016666666666666666, 0.011666666666666667, 0.016666666666666666, 0.008333333333333333, 0.008333333333333333, 0.011666666666666667, 0.016666666666666666, 0.01, 0.015, 0.023333333333333334], "4": [0.015, 0.016666666666666666, 0.028333333333333332, 0.018333333333333333, 0.025, 0.028333333333333332, 0.02, 0.016666666666666666, 0.018333333333333333, 0.021666666666666667, 0.025, 0.018333333333333333, 0.03, 0.025, 0.02666666666666667, 0.02, 0.028333333333333332, 0.035, 0.035, 0.02666666666666667], "5": [0.051666666666666666, 0.03833333333333333, 0.051666666666666666, 0.055, 0.043333333333333335, 0.013333333333333334, 0.058333333333333334, 0.03166666666666667, 0.03666666666666667, 0.04, 0.02666666666666667, 0.02, 0.015, 0.043333333333333335, 0.02, 0.03833333333333333, 0.15333333333333332, 0.015, 0.04, 0.05333333333333334], "6": [0.056666666666666664, 0.04666666666666667, 0.11666666666666667, 0.05, 0.07, 1.0, 0.12166666666666667, 0.07666666666666666, 0.06, 0.051666666666666666, 0.03166666666666667, 0.12833333333333333, 0.02666666666666667, 0.065, 0.03, 0.045, 0.115, 0.10166666666666667, 0.058333333333333334, 0.04666666666666667], "8": [0.08666666666666667, 0.10666666666666667, 1.0, 1.0, 1.0, 1.0, 1.0, 0.09333333333333334, 1.0, 1.0, 1.0, 1.0, 1.0, 1.0, 1.0, 1.0, 1.0, 1.0, 1.0, 1.0], "10": [1.0, 1.0, 1.0, 1.0, 1.0, 1.0, 1.0, 1.0, 1.0, 1.0, 1.0, 1.0, 1.0, 1.0, 1.0, 1.0, 1.0, 1.0, 1.0, 1.0]}, "neighbor_degree_seeds": {"2": [0.011666666666666667, 0.008333333333333333, 0.016666666666666666, 0.016666666666666666, 0.023333333333333334, 0.008333333333333333, 0.016666666666666666, 0.01, 0.021666666666666667, 0.021666666666666667, 0.015, 0.01, 0.015, 0.008333333333333333, 0.01, 0.008333333333333333, 0.01, 0.006666666666666667, 0.011666666666666667, 0.01], "4": [0.02666666666666667, 0.018333333333333333, 0.041666666666666664, 0.02, 0.016666666666666666, 0.021666666666666667, 0.025, 0.013333333333333334, 0.016666666666666666, 0.021666666666666667, 0.02, 0.018333333333333333, 0.02, 0.025, 0.015, 0.023333333333333334, 0.045, 0.04833333333333333, 0.021666666666666667, 0.03666666666666667], "5": [0.041666666666666664, 0.02666666666666667, 0.028333333333333332, 0.023333333333333334, 0.04666666666666667, 0.02666666666666667, 0.025, 0.03166666666666667, 0.02666666666666667, 0.03, 0.041666666666666664, 0.02666666666666667, 0.03333333333333333, 0.03, 0.07333333333333333, 0.03166666666666667, 0.04666666666666667, 0.025, 0.028333333333333332, 0.15333333333333332], "6": [0.03666666666666667, 0.03333333333333333, 0.055, 1.0, 1.0, 0.07833333333333334, 0.03333333333333333, 0.043333333333333335, 1.0, 0.05333333333333334, 0.051666666666666666, 0.045, 0.05, 0.056666666666666664, 0.03166666666666667, 0.04833333333333333, 1.0, 0.051666666666666666, 0.055, 0.06],