{"random_seeds": {"2": [0.011666666666666667, 0.013333333333333334, 0.013333333333333334, 0.016666666666666666, 0.011666666666666667, 0.018333333333333333, 0.018333333333333333, 0.011666666666666667, 0.02, 0.02, 0.011666666666666667, 0.0033333333333333335, 0.016666666666666666, 0.016666666666666666, 0.011666666666666667, 0.01, 0.011666666666666667, 0.01, 0.008333333333333333, 0.01], "4": [0.023333333333333334, 0.03833333333333333, 0.03166666666666667, 0.03, 0.03666666666666667, 0.018333333333333333, 0.023333333333333334, 0.018333333333333333, 0.02, 0.028333333333333332, 0.025, 0.016666666666666666, 0.015, 0.02, 0.03, 0.02, 0.06333333333333334, 0.015, 0.02, 0.03], "6": [0.035, 0.1, 0.09833333333333333, 0.04666666666666667, 0.041666666666666664, 0.05, 0.03333333333333333, 0.105, 0.08666666666666667, 0.11666666666666667, 0.04666666666666667, 0.035, 0.09666666666666666, 1.0, 0.041666666666666664, 0.06166666666666667, 0.043333333333333335, 0.03666666666666667, 0.10333333333333333, 0.04], "8": [1.0, 1.0, 1.0, 1.0, 1.0, 1.0, 0.09, 1.0, 1.0, 0.09166666666666666, 0.06666666666666667, 1.0, 1.0, 1.0, 1.0, 1.0, 1.0, 1.0, 1.0, 1.0], "10": [1.0, 1.0, 1.0, 1.0, 1.0, 1.0, 1.0, 1.0, 1.0, 1.0, 1.0, 1.0, 1.0, 1.0, 1.0, 1.0, 1.0, 1.0, 1.0, 1.0], "15": [1.0, 1.0, 1.0, 1.0, 1.0, 1.0, 1.0, 1.0, 1.0, 1.0, 1.0, 1.0, 1.0, 1.0, 1.0, 1.0, 1.0, 1.0, 1.0, 1.0], "30": [1.0, 1.0, 1.0, 1.0, 1.0, 1.0, 1.0, 1.0, 1.0, 1.0, 1.0, 1.0, 1.0, 1.0, 1.0, 1.0, 1.0, 1.0, 1.0, 1.0]}, "betweenness_seeds": {"2": [0.013333333333333334, 0.011666666666666667, 0.015, 0.016666666666666666, 0.018333333333333333, 0.011666666666666667, 0.01, 0.008333333333333333, 0.006666666666666667, 0.011666666666666667, 0.013333333333333334, 0.02, 0.01, 0.016666666666666666, 0.013333333333333334, 0.016666666666666666, 0.01, 0.02, 0.011666666666666667, 0.013333333333333334], "4": [0.015, 0.021666666666666667, 0.015, 0.035, 0.025, 0.02, 0.02, 0.016666666666666666, 0.03, 0.013333333333333334, 0.035, 0.023333333333333334, 0.011666666666666667, 0.023333333333333334, 0.016666666666666666, 0.028333333333333332, 0.018333333333333333, 0.025, 0.02, 0.018333333333333333], "6": [0.07833333333333334, 0.07666666666666666, 0.02666666666666667, 0.018333333333333333, 0.06, 0.028333333333333332, 0.015, 0.04833333333333333, 0.16666666666666666, 0.045, 0.04833333333333333, 0.075, 0.065, 0.08333333333333333, 1.0, 0.03833333333333333, 0.05, 0.03166666666666667, 0.051666666666666666, 0.125], "8": [1.0, 1.0, 0.03833333333333333, 1.0, 1.0, 1.0, 1.0, 1.0, 0.085, 1.0, 1.0, 1.0, 1.0, 1.0, 1.0, 1.0, 1.0, 1.0, 1.0, 1.0], "10": [1.0, 1.0, 1.0, 1.0, 1.0, 1.0, 1.0, 1.0, 1.0, 1.0, 1.0, 1.0, 1.0, 1.0, 1.0, 1.0, 1.0, 1.0, 1.0, 1.0], "15": [1.0, 1.0, 1.0, 1.0, 1.0, 1.0, 1.0, 1.0, 1.0, 1.0, 1.0, 1.0, 1.0, 1.0, 1.0, 1.0, 1.0, 1.0, 1.0, 1.0], "30": [1.0, 1.0, 1.0, 1.0, 1.0, 1.0, 1.0, 1.0, 1.0, 1.0, 1.0, 1.0, 1.0, 1.0, 1.0, 1.0, 1.0, 1.0, 1.0, 1.0]}, "triangle_degree_ratio_seeds": {"2": [0.005, 0.02666666666666667, 0.005, 0.006666666666666667, 0.008333333333333333, 0.0033333333333333335, 0.0033333333333333335, 0.02, 0.01, 0.0033333333333333335, 0.0033333333333333335, 0.01, 0.01, 0.01, 0.015, 0.03, 0.0033333333333333335, 0.005, 0.008333333333333333, 0.01], "4": [0.015, 0.02, 0.011666666666666667, 0.018333333333333333, 0.03166666666666667, 0.011666666666666667, 0.021666666666666667, 0.018333333333333333, 0.025, 0.03333333333333333, 0.015, 0.023333333333333334, 0.011666666666666667, 0.01, 0.018333333333333333, 0.028333333333333332, 0.021666666666666667, 0.013333333333333334, 0.008333333333333333, 0.03], "6": [0.016666666666666666, 0.015, 0.02, 0.03166666666666667, 0.08333333333333333, 0.03666666666666667, 0.018333333333333333, 0.03333333333333333, 0.013333333333333334, 0.03333333333333333, 0.08666666666666667, 0.05333333333333334, 0.013333333333333334, 0.05, 0.013333333333333334, 0.023333333333333334, 0.035, 0.02, 0.015, 0.04833333333333333], "8": [0.028333333333333332, 0.19833333333333333, 1.0, 1.0, 1.0, 0.115, 1.0, 0.03333333333333333, 0.03666666666666667, 1.0, 0.12166666666666667, 0.105, 1.0, 0.023333333333333334, 1.0, 1.0, 1.0, 0.07333333333333333, 1.0, 1.0], "10": [1.0, 1.0, 1.0, 1.0, 1.0, 1.0, 1.0, 1.0, 1.0, 1.0, 1.0, 1.0, 1.0, 1.0, 1.0, 1.0, 1.0, 1.0, 1.0, 1.0], "15": [1.0, 1.0, 1.0, 1.0, 1.0, 1.0, 1.0, 1.0, 1.0, 1.0, 1.0, 1.0, 1.0, 1.0, 1.0, 1.0, 1.0, 1.0, 1.0, 1.0], "30": [1.0, 1.0, 1.0, 1.0, 1.0, 1.0, 1.0, 1.0, 1.0, 1.0, 1.0, 1.0, 1.0, 1.0, 1.0, 1.0, 1.0, 1.0, 1.0, 1.0]}, "blocked_random_seeds": {"2": [0.006666666666666667, 0.005, 0.016666666666666666, 0.005, 0.018333333333333333, 0.006666666666666667, 0.01, 0.02, 0.018333333333333333, 0.015, 0.005, 0.01, 0.013333333333333334, 0.018333333333333333, 0.006666666666666667, 0.01, 0.015, 0.013333333333333334, 0.015, 0.01], "4": [0.025, 0.025, 0.02666666666666667, 0.058333333333333334, 0.015, 0.023333333333333334, 0.015, 0.021666666666666667, 0.035, 0.016666666666666666, 0.03666666666666667, 0.016666666666666666, 0.02, 0.025, 0.041666666666666664, 0.013333333333333334, 0.02666666666666667, 0.013333333333333334, 0.02666666666666667, 0.03666666666666667], "6": [0.07833333333333334, 0.051666666666666666, 0.08, 0.09, 0.041666666666666664, 0.03333333333333333, 0.03333333333333333, 0.03166666666666667, 0.09166666666666666, 0.06666666666666667, 0.05333333333333334, 0.041666666666666664, 1.0, 0.06, 0.05333333333333334, 0.15166666666666667, 0.04666666666666667, 0.02666666666666667, 0.023333333333333334, 0.06666666666666667], "8": [1.0, 1.0, 1.0, 1.0, 1.0, 1.0, 1.0, 1.0, 1.0, 1.0, 1.0, 1.0, 1.0, 1.0, 1.0, 1.0, 1.0, 0.09166666666666666, 1.0, 1.0], "10": [1.0, 1.0, 1.0, 1.0, 1.0, 1.0, 1.0, 1.0, 1.0, 1.0, 1.0, 1.0, 1.0, 1.0, 1.0, 1.0, 1.0, 1.0, 1.0, 1.0], "15": [1.0, 1.0, 1.0, 1.0, 1.0, 1.0, 1.0, 1.0, 1.0, 1.0, 1.0, 1.0, 1.0, 1.0, 1.0, 1.0, 1.0, 1.0, 1.0, 1.0], "30": [1.0, 1.0, 1.0, 1.0, 1.0, 1.0, 1.0, 1.0, 1.0, 1.0, 1.0, 1.0, 1.0, 1.0, 1.0, 1.0, 1.0, 1.0, 1.0, 1.0]}, "neighbor_degree_seeds": {"2": [0.011666666666666667, 0.006666666666666667, 0.011666666666666667, 0.006666666666666667, 0.021666666666666667, 0.02666666666666667, 0.006666666666666667, 0.011666666666666667, 0.006666666666666667, 0.006666666666666667, 0.006666666666666667, 0.013333333333333334, 0.018333333333333333, 0.006666666666666667, 0.008333333333333333, 0.015, 0.021666666666666667, 0.02, 0.016666666666666666, 0.018333333333333333], "4": [0.02666666666666667, 0.023333333333333334, 0.05, 0.023333333333333334, 0.018333333333333333, 0.018333333333333333, 0.023333333333333334, 0.02666666666666667, 0.03833333333333333, 0.03333333333333333, 0.03166666666666667, 0.02666666666666667, 0.013333333333333334, 0.025, 0.06166666666666667, 0.023333333333333334, 0.02666666666666667, 0.016666666666666666, 0.035, 0.023333333333333334], "6": [0.085, 0.03333333333333333, 0.03833333333333333, 0.09, 0.043333333333333335, 0.04, 0.045, 0.03833333333333333, 0.03, 0.035, 0.03833333333333333, 0.045, 0.07333333333333333, 0.058333333333333334, 0.045, 0.17666666666666667, 0.045, 0.016666666666666666, 1.0, 0.043333333333333335], "8": [1.0, 1.0, 1.0, 0.10166666666666667, 1.0, 1.0, 1.0, 1.0, 1.0, 1.0, 1.0, 1.0, 1.0, 0.06666666666666667, 1.0, 1.0, 1.0, 1.0, 1.0, 1.0], "10": [1.0, 1.0, 1.0, 1.0, 1.0, 1.0, 1.0, 1.0, 1.0, 1.0, 1.0, 1.0, 1.0, 1.0, 1.0, 1.0, 1.0, 1.0, 1.0, 1.0], "15": [1.0, 1.0, 1.0, 1.0, 1.0, 1.0, 1.0, 1.0, 1.0, 1.0, 1.0, 1.0, 1.0, 1.0, 1.0, 1.0, 1.0, 1.0, 1.0, 1.0], "30": [1.0, 1.0, 1.0, 1.0, 1.0, 1.0, 1.0, 1.0, 1.0, 1.0, 1.0, 1.0, 1.0, 1.0, 1.0, 1.0, 1.0, 1.0, 1.0, 1.0]}}