{"random_seeds": {"2": [0.008333333333333333, 0.011666666666666667, 0.025, 0.01, 0.011666666666666667, 0.011666666666666667, 0.01, 0.015, 0.011666666666666667, 0.015, 0.015, 0.006666666666666667, 0.011666666666666667, 0.028333333333333332, 0.013333333333333334, 0.011666666666666667, 0.015, 0.015, 0.018333333333333333, 0.015], "4": [0.028333333333333332, 0.021666666666666667, 0.02, 0.04833333333333333, 0.015, 0.04, 0.02, 0.02, 0.041666666666666664, 0.018333333333333333, 0.013333333333333334, 0.016666666666666666, 0.041666666666666664, 0.018333333333333333, 0.013333333333333334, 0.028333333333333332, 0.011666666666666667, 0.023333333333333334, 0.015, 0.02], "6": [0.04, 0.025, 0.021666666666666667, 0.03166666666666667, 0.028333333333333332, 0.03333333333333333, 0.035, 0.028333333333333332, 0.045, 0.02666666666666667, 0.021666666666666667, 0.011666666666666667, 0.03666666666666667, 0.023333333333333334, 0.03, 0.015, 0.03, 0.02, 0.01, 0.021666666666666667], "8": [0.045, 0.06833333333333333, 0.055, 0.03166666666666667, 0.056666666666666664, 0.023333333333333334, 0.03333333333333333, 0.03833333333333333, 0.043333333333333335, 0.035, 0.056666666666666664, 0.07, 0.04833333333333333, 0.07, 0.043333333333333335, 0.06, 0.035, 0.035, 0.043333333333333335, 0.055], "10": [0.055, 0.05, 0.06, 0.041666666666666664, 0.05333333333333334, 0.03666666666666667, 0.03666666666666667, 0.05333333333333334, 0.06833333333333333, 0.08833333333333333, 0.05333333333333334, 0.03833333333333333, 0.058333333333333334, 0.043333333333333335, 0.06333333333333334, 0.11, 0.055, 0.085, 0.03166666666666667, 0.07], "15": [0.14666666666666667, 0.065, 0.11666666666666667, 0.08333333333333333, 0.08833333333333333, 0.08833333333333333, 0.08166666666666667, 0.056666666666666664, 0.058333333333333334, 0.095, 0.09666666666666666, 0.07, 0.07, 0.051666666666666666, 0.19166666666666668, 0.06333333333333334, 0.145, 0.095, 0.06166666666666667, 0.12666666666666668], "22": [0.18833333333333332, 0.215, 0.16166666666666665, 0.175, 0.205, 0.18833333333333332, 0.28833333333333333, 0.3383333333333333, 0.145, 0.125, 0.15666666666666668, 0.12, 0.09166666666666666, 0.125, 0.175, 0.43333333333333335, 0.13666666666666666, 0.13166666666666665, 0.9866666666666667, 0.20166666666666666], "30": [0.22666666666666666, 0.9516666666666667, 0.34833333333333333, 0.2866666666666667, 0.37666666666666665, 0.2966666666666667, 0.23666666666666666, 0.20833333333333334, 0.395, 0.31666666666666665, 0.27666666666666667, 0.22833333333333333, 0.9633333333333334, 0.34833333333333333, 0.305, 0.28, 0.3616666666666667, 0.355, 0.435, 0.205], "50": [0.9433333333333334, 0.97, 0.9583333333333334, 0.9816666666666667, 0.9333333333333333, 0.965, 0.9583333333333334, 0.9583333333333334, 0.975, 0.975, 0.95, 0.9333333333333333, 0.9416666666666667, 0.9616666666666667, 0.975, 0.9166666666666666, 0.9583333333333334, 0.9833333333333333, 0.9783333333333334, 0.975], "80": [0.955, 0.9666666666666667, 0.98, 0.9816666666666667, 0.94, 0.9733333333333334, 0.9766666666666667, 0.985, 0.9566666666666667, 0.975, 0.99, 0.9683333333333334, 0.965, 0.9633333333333334, 0.9716666666666667, 0.9683333333333334, 0.9866666666666667, 0.9616666666666667, 0.9616666666666667, 0.9616666666666667]}, "betweenness_seeds": {"2": [0.01, 0.011666666666666667, 0.006666666666666667, 0.018333333333333333, 0.015, 0.013333333333333334, 0.005, 0.013333333333333334, 0.01, 0.011666666666666667, 0.011666666666666667, 0.008333333333333333, 0.01, 0.03333333333333333, 0.013333333333333334, 0.008333333333333333, 0.005, 0.02, 0.02, 0.008333333333333333], "4": [0.025, 0.025, 0.03333333333333333, 0.043333333333333335, 0.023333333333333334, 0.03666666666666667, 0.03333333333333333, 0.018333333333333333, 0.03833333333333333, 0.02666666666666667, 0.016666666666666666, 0.035, 0.041666666666666664, 0.021666666666666667, 0.016666666666666666, 0.02666666666666667, 0.02666666666666667, 0.016666666666666666, 0.02, 0.025], "6": [0.07666666666666666, 0.03166666666666667, 0.03333333333333333, 0.08166666666666667, 0.04833333333333333, 0.043333333333333335, 0.03, 0.05333333333333334, 0.03833333333333333, 0.03333333333333333, 0.02666666666666667, 0.043333333333333335, 0.051666666666666666, 0.03, 0.05, 0.043333333333333335, 0.04, 0.045, 0.021666666666666667, 0.035], "8": [0.07333333333333333, 0.06833333333333333, 0.045, 0.06, 0.03666666666666667, 0.03333333333333333, 0.05, 0.04666666666666667, 0.04833333333333333, 0.03833333333333333, 0.04, 0.07166666666666667, 0.03833333333333333, 0.051666666666666666, 0.075, 0.043333333333333335, 0.07166666666666667, 0.1, 0.06166666666666667, 0.04666666666666667], "10": [0.06, 0.08666666666666667, 0.09333333333333334, 0.11, 0.07666666666666666, 0.115, 0.10166666666666667, 0.08666666666666667, 0.125, 0.065, 0.11, 0.08333333333333333, 0.06333333333333334, 0.09166666666666666, 0.06666666666666667, 0.07166666666666667, 0.05, 0.09333333333333334, 0.08, 0.08833333333333333], "15": [0.215, 0.12333333333333334, 0.16166666666666665, 0.07, 0.11833333333333333, 0.15, 0.195, 0.185, 0.16, 0.12666666666666668, 0.21, 0.09833333333333333, 0.09833333333333333, 0.09666666666666666, 0.22, 0.175, 0.205, 0.17, 0.15, 0.09666666666666666], "22": [0.25833333333333336, 0.175, 0.92, 0.43166666666666664, 0.26, 0.26666666666666666, 0.9566666666666667, 0.9566666666666667, 0.8983333333333333, 0.52, 0.2866666666666667, 0.6483333333333333, 0.30333333333333334, 0.28, 0.335, 0.9616666666666667, 0.20666666666666667, 0.8633333333333333, 0.9833333333333333, 0.2], "30": [0.635, 0.9883333333333333, 0.9533333333333334, 0.9283333333333333, 0.9133333333333333, 0.9566666666666667, 0.9416666666666667, 0.96, 0.9616666666666667, 0.9383333333333334, 0.6833333333333333, 0.9716666666666667, 0.9483333333333334, 0.9516666666666667, 0.565, 0.8483333333333334, 0.965, 0.945, 0.9466666666666667, 0.9483333333333334], "50": [0.9516666666666667, 0.9383333333333334, 0.9533333333333334, 0.9716666666666667, 0.92, 0.9566666666666667, 0.9416666666666667, 0.9416666666666667, 0.96, 0.9733333333333334, 0.9483333333333334, 0.9433333333333334, 0.9283333333333333, 0.955, 0.965, 0.9216666666666666, 0.9416666666666667, 0.98, 0.975, 0.9683333333333334], "80": [0.95, 0.965, 0.97, 0.9733333333333334, 0.9433333333333334, 0.9616666666666667, 0.9733333333333334, 0.945, 0.9583333333333334, 0.975, 0.98, 0.9616666666666667, 0.955, 0.955, 0.9483333333333334, 0.9616666666666667, 0.9733333333333334, 0.9533333333333334, 0.9483333333333334, 0.9516666666666667]}, "triangle_degree_ratio_seeds": {"2": [0.015, 0.013333333333333334, 0.01, 0.015, 0.011666666666666667, 0.02666666666666667, 0.008333333333333333, 0.018333333333333333, 0.011666666666666667, 0.013333333333333334, 0.025, 0.013333333333333334, 0.011666666666666667, 0.013333333333333334, 0.013333333333333334, 0.008333333333333333, 0.013333333333333334, 0.008333333333333333, 0.018333333333333333, 0.02], "4": [0.018333333333333333, 0.015, 0.02666666666666667, 0.041666666666666664, 0.021666666666666667, 0.03, 0.018333333333333333, 0.03833333333333333, 0.041666666666666664, 0.02666666666666667, 0.035, 0.045, 0.025, 0.018333333333333333, 0.018333333333333333, 0.03166666666666667, 0.021666666666666667, 0.016666666666666666, 0.03166666666666667, 0.025], "6": [0.045, 0.03666666666666667, 0.043333333333333335, 0.025, 0.06, 0.025, 0.04, 0.03833333333333333, 0.04666666666666667, 0.021666666666666667, 0.03, 0.045, 0.04666666666666667, 0.03, 0.035, 0.06333333333333334, 0.05, 0.018333333333333333, 0.03666666666666667, 0.03], "8": [0.051666666666666666, 0.07, 0.045, 0.06333333333333334, 0.09166666666666666, 0.06333333333333334, 0.06666666666666667, 0.055, 0.075, 0.045, 0.045, 0.03, 0.03333333333333333, 0.03166666666666667, 0.06166666666666667, 0.08333333333333333, 0.056666666666666664, 0.08166666666666667, 0.05, 0.056666666666666664],