{"random_seeds": {"2": [0.01, 0.01, 0.01, 0.008333333333333333, 0.035, 0.01, 0.011666666666666667, 0.01, 0.013333333333333334, 0.006666666666666667, 0.008333333333333333, 0.021666666666666667, 0.005, 0.006666666666666667, 0.006666666666666667, 0.008333333333333333, 0.01, 0.011666666666666667, 0.006666666666666667, 0.01], "4": [0.018333333333333333, 0.015, 0.013333333333333334, 0.045, 0.018333333333333333, 0.025, 0.04, 0.02, 0.013333333333333334, 0.025, 0.03, 0.04666666666666667, 0.02666666666666667, 0.008333333333333333, 0.043333333333333335, 0.013333333333333334, 0.035, 0.021666666666666667, 0.025, 0.021666666666666667], "6": [0.035, 0.018333333333333333, 0.04, 0.028333333333333332, 0.03333333333333333, 0.023333333333333334, 0.028333333333333332, 0.043333333333333335, 0.04, 0.051666666666666666, 0.041666666666666664, 0.015, 0.035, 0.035, 0.018333333333333333, 0.016666666666666666, 0.043333333333333335, 0.03, 0.03333333333333333, 0.04], "8": [0.04, 0.03666666666666667, 0.03666666666666667, 0.03833333333333333, 0.023333333333333334, 0.051666666666666666, 0.051666666666666666, 0.03, 0.04833333333333333, 0.03333333333333333, 0.03, 0.04833333333333333, 0.05, 0.03, 0.041666666666666664, 0.06166666666666667, 0.05333333333333334, 0.045, 0.028333333333333332, 0.051666666666666666], "10": [0.07333333333333333, 0.065, 0.051666666666666666, 0.08333333333333333, 0.041666666666666664, 0.03333333333333333, 0.04833333333333333, 0.04666666666666667, 0.051666666666666666, 0.055, 0.095, 0.058333333333333334, 0.06833333333333333, 0.07, 0.041666666666666664, 0.041666666666666664, 0.04, 0.04833333333333333, 0.05333333333333334, 0.06666666666666667], "15": [0.1, 0.1, 0.155, 0.08833333333333333, 0.08833333333333333, 0.15333333333333332, 0.09166666666666666, 0.10333333333333333, 0.07, 0.058333333333333334, 0.08333333333333333, 0.065, 0.08833333333333333, 0.09333333333333334, 0.10333333333333333, 0.07833333333333334, 0.07166666666666667, 0.06166666666666667, 0.10666666666666667, 0.08166666666666667], "30": [0.19333333333333333, 0.5866666666666667, 0.20666666666666667, 0.3333333333333333, 0.29, 0.3466666666666667, 0.3416666666666667, 0.37833333333333335, 0.27666666666666667, 0.365, 0.255, 0.49333333333333335, 0.965, 0.35833333333333334, 0.41, 0.3, 0.9433333333333334, 0.97, 0.3283333333333333, 0.27166666666666667]}, "betweenness_seeds": {"2": [0.011666666666666667, 0.01, 0.008333333333333333, 0.01, 0.011666666666666667, 0.011666666666666667, 0.016666666666666666, 0.03, 0.006666666666666667, 0.04, 0.008333333333333333, 0.01, 0.005, 0.015, 0.011666666666666667, 0.008333333333333333, 0.013333333333333334, 0.018333333333333333, 0.006666666666666667, 0.015], "4": [0.02666666666666667, 0.016666666666666666, 0.016666666666666666, 0.015, 0.016666666666666666, 0.013333333333333334, 0.01, 0.02666666666666667, 0.015, 0.03, 0.03, 0.035, 0.013333333333333334, 0.02, 0.028333333333333332, 0.02, 0.016666666666666666, 0.021666666666666667, 0.041666666666666664, 0.023333333333333334], "6": [0.055, 0.06333333333333334, 0.03333333333333333, 0.03333333333333333, 0.021666666666666667, 0.051666666666666666, 0.03833333333333333, 0.03, 0.023333333333333334, 0.03666666666666667, 0.041666666666666664, 0.03166666666666667, 0.04666666666666667, 0.058333333333333334, 0.04, 0.025, 0.03666666666666667, 0.041666666666666664, 0.045, 0.03333333333333333], "8": [0.095, 0.04666666666666667, 0.03833333333333333, 0.045, 0.06333333333333334, 0.04666666666666667, 0.06666666666666667, 0.03333333333333333, 0.056666666666666664, 0.075, 0.03, 0.09666666666666666, 0.056666666666666664, 0.05333333333333334, 0.075, 0.04833333333333333, 0.085, 0.06333333333333334, 0.045, 0.03666666666666667], "10": [0.075, 0.09, 0.08333333333333333, 0.06333333333333334, 0.09333333333333334, 0.085, 0.09, 0.09166666666666666, 0.07333333333333333, 0.09333333333333334, 0.04833333333333333, 0.11, 0.07333333333333333, 0.19333333333333333, 0.06833333333333333, 0.07333333333333333, 0.08833333333333333, 0.09833333333333333, 0.051666666666666666, 0.16333333333333333], "15": [0.1, 0.23166666666666666, 0.20666666666666667, 0.09333333333333334, 0.155, 0.21833333333333332, 0.22666666666666666, 0.145, 0.115, 0.11833333333333333, 0.08833333333333333, 0.2, 0.22166666666666668, 0.15, 0.12, 0.17833333333333334, 0.07166666666666667, 0.24, 0.26666666666666666, 0.19], "30": [0.97, 0.95, 0.9416666666666667, 0.3933333333333333, 0.9766666666666667, 0.8933333333333333, 0.96, 0.9516666666666667, 0.975, 0.9683333333333334, 0.9633333333333334, 0.9366666666666666, 0.9633333333333334, 0.9066666666666666, 0.9583333333333334, 0.965, 0.9616666666666667, 0.9633333333333334, 0.99, 0.9433333333333334]}, "triangle_degree_ratio_seeds": {"2": [0.005, 0.01, 0.005, 0.008333333333333333, 0.023333333333333334, 0.006666666666666667, 0.015, 0.011666666666666667, 0.01, 0.018333333333333333, 0.008333333333333333, 0.016666666666666666, 0.015, 0.016666666666666666, 0.016666666666666666, 0.01, 0.005, 0.01, 0.011666666666666667, 0.01], "4": [0.03333333333333333, 0.025, 0.035, 0.028333333333333332, 0.02, 0.035, 0.045, 0.015, 0.015, 0.041666666666666664, 0.02666666666666667, 0.025, 0.018333333333333333, 0.03333333333333333, 0.03166666666666667, 0.02666666666666667, 0.045, 0.02, 0.041666666666666664, 0.018333333333333333], "6": [0.04, 0.02, 0.04666666666666667, 0.06, 0.028333333333333332, 0.04833333333333333, 0.02666666666666667, 0.056666666666666664, 0.04833333333333333, 0.023333333333333334, 0.051666666666666666, 0.03166666666666667, 0.043333333333333335, 0.051666666666666666, 0.07333333333333333, 0.055, 0.041666666666666664, 0.05333333333333334, 0.04666666666666667, 0.055], "8": [0.07833333333333334, 0.06, 0.06666666666666667, 0.051666666666666666, 0.06333333333333334, 0.043333333333333335, 0.05, 0.05333333333333334, 0.06166666666666667, 0.06333333333333334, 0.07, 0.058333333333333334, 0.06333333333333334, 0.04833333333333333, 0.09666666666666666, 0.028333333333333332, 0.085, 0.115, 0.06333333333333334, 0.06166666666666667], "10": [0.13333333333333333, 0.11, 0.06, 0.08333333333333333, 0.06166666666666667, 0.095, 0.085, 0.09666666666666666, 0.07833333333333334, 0.11, 0.11166666666666666, 0.07666666666666666, 0.06, 0.25833333333333336, 0.09833333333333333, 0.12166666666666667, 0.07166666666666667, 0.165, 0.07166666666666667, 0.13833333333333334], "15": [0.14166666666666666, 0.15166666666666667, 0.135, 0.14666666666666667, 0.21333333333333335, 0.205, 0.13333333333333333, 0.135, 0.16666666666666666, 0.13, 0.14, 0.3616666666666667, 0.15166666666666667, 0.09666666666666666, 0.13166666666666665, 0.14666666666666667, 0.09, 0.9583333333333334, 0.20333333333333334, 0.13833333333333334], "30": [0.945, 0.905, 0.95, 0.915, 0.97, 0.9416666666666667, 0.945, 0.9433333333333334, 0.955, 0.8183333333333334, 0.95, 0.9566666666666667, 0.9633333333333334, 0.9233333333333333, 0.97, 0.9616666666666667, 0.9433333333333334, 0.975, 0.99, 0.9533333333333334]}, "highest_degree_seeds": {"2": [0.018333333333333333, 0.01, 0.008333333333333333, 0.015, 0.028333333333333332, 0.005, 0.01, 0.021666666666666667, 0.018333333333333333, 0.011666666666666667, 0.008333333333333333, 0.008333333333333333, 0.005, 0.006666666666666667, 0.015, 0.013333333333333334, 0.006666666666666667, 0.02666666666666667, 0.01, 0.016666666666666666], "4": [0.028333333333333332, 0.02, 0.02, 0.03166666666666667, 0.03, 0.01, 0.018333333333333333, 0.03833333333333333, 0.021666666666666667, 0.035, 0.02666666666666667, 0.03333333333333333, 0.025, 0.016666666666666666, 0.03, 0.02, 0.02666666666666667, 0.021666666666666667, 0.028333333333333332, 0.02666666666666667], "6": [0.04833333333333333, 0.051666666666666666, 0.043333333333333335, 0.03666666666666667, 0.043333333333333335, 0.04833333333333333, 0.03166666666666667, 0.06, 0.043333333333333335, 0.041666666666666664, 0.05, 0.05333333333333334, 0.045, 0.06333333333333334, 0.03, 0.03166666666666667, 0.028333333333333332, 0.07, 0.055, 0.028333333333333332],