{"random_seeds": {"2": [0.013333333333333334, 0.01, 0.01, 0.013333333333333334, 0.03, 0.011666666666666667, 0.021666666666666667, 0.016666666666666666, 0.015, 0.016666666666666666, 0.018333333333333333, 0.01, 0.006666666666666667, 0.013333333333333334, 0.025, 0.011666666666666667, 0.04666666666666667, 0.015, 0.023333333333333334, 0.02], "4": [0.03833333333333333, 0.028333333333333332, 0.028333333333333332, 0.041666666666666664, 0.03833333333333333, 0.04666666666666667, 0.025, 0.028333333333333332, 0.045, 0.02666666666666667, 0.056666666666666664, 0.04, 0.025, 0.021666666666666667, 0.03333333333333333, 0.03833333333333333, 0.013333333333333334, 0.04666666666666667, 0.07166666666666667, 0.04833333333333333], "6": [0.021666666666666667, 0.03666666666666667, 0.04, 0.065, 0.03166666666666667, 0.03, 0.02666666666666667, 0.05333333333333334, 0.03833333333333333, 0.075, 0.055, 0.056666666666666664, 0.06666666666666667, 0.03333333333333333, 0.06333333333333334, 0.03833333333333333, 0.07, 0.025, 0.04666666666666667, 0.10833333333333334], "8": [0.08333333333333333, 0.12166666666666667, 0.045, 0.06333333333333334, 0.051666666666666666, 0.04833333333333333, 0.03666666666666667, 0.075, 0.03833333333333333, 0.03, 0.03166666666666667, 0.04, 0.055, 0.045, 0.058333333333333334, 0.041666666666666664, 0.041666666666666664, 0.04833333333333333, 0.06166666666666667, 0.03166666666666667], "10": [0.11, 0.06333333333333334, 0.045, 0.06666666666666667, 0.056666666666666664, 0.058333333333333334, 0.056666666666666664, 0.08, 0.03166666666666667, 0.13833333333333334, 0.07666666666666666, 0.07, 0.06833333333333333, 0.06666666666666667, 0.06333333333333334, 0.05333333333333334, 0.06333333333333334, 0.08, 0.06, 0.08666666666666667], "15": [0.08166666666666667, 0.07166666666666667, 0.17666666666666667, 0.11666666666666667, 0.15166666666666667, 0.08166666666666667, 0.115, 0.165, 0.13666666666666666, 0.08666666666666667, 0.06166666666666667, 0.09166666666666666, 0.06666666666666667, 0.06666666666666667, 0.105, 0.16166666666666665, 0.14, 0.09666666666666666, 0.07666666666666666, 0.09833333333333333], "30": [0.29, 0.975, 0.9916666666666667, 0.96, 0.9766666666666667, 0.18833333333333332, 0.4116666666666667, 0.365, 0.23666666666666666, 0.96, 0.9633333333333334, 0.44166666666666665, 0.97, 0.9683333333333334, 0.9866666666666667, 0.97, 0.965, 0.3933333333333333, 0.575, 0.985]}, "betweenness_seeds": {"2": [0.008333333333333333, 0.018333333333333333, 0.025, 0.013333333333333334, 0.015, 0.016666666666666666, 0.013333333333333334, 0.018333333333333333, 0.028333333333333332, 0.013333333333333334, 0.02, 0.006666666666666667, 0.04666666666666667, 0.018333333333333333, 0.041666666666666664, 0.023333333333333334, 0.018333333333333333, 0.021666666666666667, 0.035, 0.013333333333333334], "4": [0.016666666666666666, 0.04666666666666667, 0.055, 0.03166666666666667, 0.05333333333333334, 0.08666666666666667, 0.021666666666666667, 0.03833333333333333, 0.05333333333333334, 0.023333333333333334, 0.023333333333333334, 0.028333333333333332, 0.02, 0.02666666666666667, 0.023333333333333334, 0.03333333333333333, 0.023333333333333334, 0.02666666666666667, 0.1, 0.075], "6": [0.03666666666666667, 0.03666666666666667, 0.058333333333333334, 0.04, 0.04833333333333333, 0.04833333333333333, 0.06833333333333333, 0.04666666666666667, 0.065, 0.07666666666666666, 0.04, 0.075, 0.08166666666666667, 0.05333333333333334, 0.041666666666666664, 0.045, 0.06833333333333333, 0.043333333333333335, 0.04833333333333333, 0.15166666666666667], "8": [0.095, 0.11166666666666666, 0.10333333333333333, 0.07, 0.06833333333333333, 0.04, 0.06833333333333333, 0.06666666666666667, 0.13666666666666666, 0.05333333333333334, 0.085, 0.04, 0.105, 0.06333333333333334, 0.07833333333333334, 0.07, 0.09833333333333333, 0.165, 0.16666666666666666, 0.09833333333333333], "10": [0.22833333333333333, 0.075, 0.12666666666666668, 0.07166666666666667, 0.045, 0.12166666666666667, 0.105, 0.11, 0.065, 0.21166666666666667, 0.17, 0.21, 0.06833333333333333, 0.4033333333333333, 0.18833333333333332, 0.07333333333333333, 0.07666666666666666, 0.07333333333333333, 0.05333333333333334, 0.195], "15": [0.205, 0.175, 0.14, 0.3416666666666667, 0.9883333333333333, 0.09833333333333333, 0.17833333333333334, 0.23833333333333334, 0.14333333333333334, 0.21833333333333332, 0.22666666666666666, 0.16833333333333333, 0.07666666666666666, 0.18666666666666668, 0.21333333333333335, 0.32, 0.9683333333333334, 0.15333333333333332, 0.18166666666666667, 0.12833333333333333], "30": [0.9633333333333334, 0.9733333333333334, 0.96, 0.9533333333333334, 0.9766666666666667, 0.2966666666666667, 0.9483333333333334, 0.9583333333333334, 0.2633333333333333, 0.965, 0.945, 0.985, 0.96, 0.97, 0.99, 0.9733333333333334, 0.9683333333333334, 0.95, 0.965, 0.985]}, "triangle_degree_ratio_seeds": {"2": [0.013333333333333334, 0.03833333333333333, 0.015, 0.03666666666666667, 0.018333333333333333, 0.025, 0.028333333333333332, 0.021666666666666667, 0.011666666666666667, 0.016666666666666666, 0.006666666666666667, 0.03333333333333333, 0.016666666666666666, 0.01, 0.01, 0.021666666666666667, 0.01, 0.06, 0.028333333333333332, 0.02666666666666667], "4": [0.015, 0.045, 0.023333333333333334, 0.03333333333333333, 0.02666666666666667, 0.1, 0.041666666666666664, 0.06833333333333333, 0.08833333333333333, 0.035, 0.058333333333333334, 0.05, 0.02, 0.023333333333333334, 0.03666666666666667, 0.02, 0.016666666666666666, 0.025, 0.08166666666666667, 0.058333333333333334], "6": [0.051666666666666666, 0.06166666666666667, 0.056666666666666664, 0.12166666666666667, 0.041666666666666664, 0.04833333333333333, 0.025, 0.07333333333333333, 0.09833333333333333, 0.14333333333333334, 0.045, 0.08333333333333333, 0.085, 0.10333333333333333, 0.03166666666666667, 0.10333333333333333, 0.11333333333333333, 0.05333333333333334, 0.04666666666666667, 0.12333333333333334], "8": [0.075, 0.15, 0.03666666666666667, 0.07333333333333333, 0.041666666666666664, 0.04666666666666667, 0.06333333333333334, 0.06666666666666667, 0.08333333333333333, 0.04666666666666667, 0.058333333333333334, 0.051666666666666666, 0.06, 0.06833333333333333, 0.105, 0.085, 0.10333333333333333, 0.15, 0.07166666666666667, 0.04833333333333333], "10": [0.11166666666666666, 0.058333333333333334, 0.09666666666666666, 0.205, 0.12333333333333334, 0.15333333333333332, 0.07333333333333333, 0.13333333333333333, 0.058333333333333334, 0.16833333333333333, 0.06666666666666667, 0.15166666666666667, 0.15333333333333332, 0.10666666666666667, 0.07, 0.12166666666666667, 0.09666666666666666, 0.12833333333333333, 0.08166666666666667, 0.17666666666666667], "15": [0.15, 0.9633333333333334, 0.3566666666666667, 0.31833333333333336, 0.165, 0.21833333333333332, 0.28833333333333333, 0.18166666666666667, 0.16833333333333333, 0.355, 0.265, 0.24833333333333332, 0.105, 0.145, 0.3416666666666667, 0.25166666666666665, 0.6133333333333333, 0.17833333333333334, 0.17, 0.14333333333333334], "30": [0.965, 0.975, 0.9783333333333334, 0.9433333333333334, 0.9716666666666667, 0.525, 0.9633333333333334, 0.9566666666666667, 0.37166666666666665, 0.9566666666666667, 0.9616666666666667, 0.9866666666666667, 0.9633333333333334, 0.97, 0.9866666666666667, 0.9766666666666667, 0.9616666666666667, 0.9483333333333334, 0.965, 0.985]}, "highest_degree_seeds": {"2": [0.018333333333333333, 0.011666666666666667, 0.011666666666666667, 0.02, 0.02, 0.013333333333333334, 0.005, 0.008333333333333333, 0.025, 0.016666666666666666, 0.006666666666666667, 0.01, 0.03166666666666667, 0.028333333333333332, 0.006666666666666667, 0.043333333333333335, 0.02, 0.01, 0.028333333333333332, 0.018333333333333333], "4": [0.04, 0.03166666666666667, 0.085, 0.021666666666666667, 0.03833333333333333, 0.06, 0.03333333333333333, 0.04833333333333333, 0.07333333333333333, 0.03166666666666667, 0.035, 0.016666666666666666, 0.016666666666666666, 0.03, 0.06, 0.03666666666666667, 0.015, 0.03166666666666667, 0.03333333333333333, 0.043333333333333335],