{"random_seeds": {"2": [0.028333333333333332, 0.018333333333333333, 0.018333333333333333, 0.016666666666666666, 0.015, 0.02666666666666667, 0.013333333333333334, 0.005, 0.011666666666666667, 0.018333333333333333, 0.02, 0.021666666666666667, 0.011666666666666667, 0.01, 0.018333333333333333, 0.015, 0.018333333333333333, 0.01, 0.013333333333333334, 0.013333333333333334], "4": [0.015, 0.023333333333333334, 0.03833333333333333, 0.04, 0.03666666666666667, 0.028333333333333332, 0.03333333333333333, 0.043333333333333335, 0.013333333333333334, 0.04666666666666667, 0.03666666666666667, 0.04, 0.025, 0.06666666666666667, 0.015, 0.02, 0.02666666666666667, 0.025, 0.04666666666666667, 0.04666666666666667], "6": [0.043333333333333335, 0.03, 0.03666666666666667, 0.08333333333333333, 0.03, 0.09166666666666666, 0.035, 0.03833333333333333, 0.041666666666666664, 0.06666666666666667, 0.02, 0.055, 0.03166666666666667, 0.03833333333333333, 0.03833333333333333, 0.03, 0.065, 0.05, 0.028333333333333332, 0.03666666666666667], "8": [0.14166666666666666, 0.041666666666666664, 0.035, 0.08666666666666667, 0.043333333333333335, 0.041666666666666664, 0.043333333333333335, 0.055, 0.06, 0.04, 0.056666666666666664, 0.07, 0.1, 0.05, 0.08666666666666667, 0.035, 0.11166666666666666, 0.04666666666666667, 0.06, 0.065], "10": [0.04833333333333333, 0.045, 0.045, 0.06666666666666667, 0.07, 0.06166666666666667, 0.075, 0.095, 0.06333333333333334, 0.041666666666666664, 0.24333333333333335, 0.051666666666666666, 0.051666666666666666, 0.07, 0.07166666666666667, 0.03833333333333333, 0.095, 0.09, 0.07833333333333334, 0.058333333333333334], "15": [0.20166666666666666, 0.13666666666666666, 0.1, 0.20166666666666666, 0.11166666666666666, 0.12833333333333333, 0.11666666666666667, 0.28833333333333333, 0.13166666666666665, 0.055, 0.07333333333333333, 0.08166666666666667, 0.13833333333333334, 0.11666666666666667, 0.3416666666666667, 0.19666666666666666, 0.19, 0.12166666666666667, 0.10166666666666667, 0.9533333333333334], "22": [0.29333333333333333, 0.2683333333333333, 0.3333333333333333, 0.22, 0.975, 0.17, 0.20833333333333334, 0.25166666666666665, 0.13, 0.145, 0.25666666666666665, 0.2783333333333333, 0.16666666666666666, 0.13833333333333334, 0.56, 0.19, 0.205, 0.965, 0.22333333333333333, 0.9633333333333334], "30": [0.9416666666666667, 0.9433333333333334, 0.9716666666666667, 0.9666666666666667, 0.9683333333333334, 0.9783333333333334, 0.5766666666666667, 0.27666666666666667, 0.9583333333333334, 0.9583333333333334, 0.9666666666666667, 0.3516666666666667, 0.9716666666666667, 0.3333333333333333, 0.9633333333333334, 0.975, 0.8033333333333333, 0.98, 0.23166666666666666, 0.9716666666666667], "50": [0.7333333333333333, 0.945, 0.9816666666666667, 0.94, 0.8366666666666667, 0.9683333333333334, 0.775, 0.98, 0.965, 0.9666666666666667, 0.97, 0.965, 0.9916666666666667, 0.295, 0.965, 0.9283333333333333, 0.955, 0.9633333333333334, 0.9616666666666667, 0.9783333333333334]}, "betweenness_seeds": {"2": [0.01, 0.011666666666666667, 0.01, 0.028333333333333332, 0.025, 0.02, 0.01, 0.015, 0.015, 0.021666666666666667, 0.016666666666666666, 0.02, 0.016666666666666666, 0.023333333333333334, 0.041666666666666664, 0.04, 0.03333333333333333, 0.02, 0.008333333333333333, 0.02], "4": [0.035, 0.03333333333333333, 0.028333333333333332, 0.07833333333333334, 0.07, 0.021666666666666667, 0.04666666666666667, 0.03166666666666667, 0.03666666666666667, 0.043333333333333335, 0.04, 0.05, 0.04, 0.03, 0.03, 0.04833333333333333, 0.013333333333333334, 0.028333333333333332, 0.023333333333333334, 0.018333333333333333], "6": [0.105, 0.02666666666666667, 0.051666666666666666, 0.07166666666666667, 0.03166666666666667, 0.045, 0.051666666666666666, 0.05333333333333334, 0.056666666666666664, 0.041666666666666664, 0.056666666666666664, 0.05, 0.03833333333333333, 0.041666666666666664, 0.07166666666666667, 0.055, 0.043333333333333335, 0.02666666666666667, 0.04833333333333333, 0.056666666666666664], "8": [0.07333333333333333, 0.1, 0.10333333333333333, 0.1, 0.051666666666666666, 0.09166666666666666, 0.11333333333333333, 0.043333333333333335, 0.14, 0.055, 0.06666666666666667, 0.045, 0.095, 0.13833333333333334, 0.07166666666666667, 0.04833333333333333, 0.1, 0.07166666666666667, 0.07333333333333333, 0.125], "10": [0.25, 0.09166666666666666, 0.07, 0.12166666666666667, 0.11, 0.085, 0.09666666666666666, 0.06666666666666667, 0.15166666666666667, 0.125, 0.255, 0.145, 0.115, 0.19833333333333333, 0.08666666666666667, 0.11, 0.07833333333333334, 0.095, 0.12, 0.035], "15": [0.345, 0.12833333333333333, 0.17666666666666667, 0.455, 0.15, 0.38666666666666666, 0.12, 0.25, 0.16333333333333333, 0.19, 0.15833333333333333, 0.145, 0.175, 0.12833333333333333, 0.935, 0.225, 0.705, 0.11833333333333333, 0.49833333333333335, 0.49666666666666665], "22": [0.31, 0.9533333333333334, 0.97, 0.24, 0.97, 0.9633333333333334, 0.985, 0.9466666666666667, 0.975, 0.9533333333333334, 0.5683333333333334, 0.9683333333333334, 0.95, 0.94, 0.9733333333333334, 0.18, 0.36333333333333334, 0.9683333333333334, 0.9483333333333334, 0.9566666666666667], "30": [0.9316666666666666, 0.9366666666666666, 0.97, 0.9633333333333334, 0.9716666666666667, 0.955, 0.965, 0.5283333333333333, 0.9716666666666667, 0.955, 0.9416666666666667, 0.815, 0.9683333333333334, 0.9766666666666667, 0.965, 0.98, 0.9483333333333334, 0.98, 0.96, 0.9666666666666667], "50": [0.7366666666666667, 0.9416666666666667, 0.9783333333333334, 0.9283333333333333, 0.8633333333333333, 0.9616666666666667, 0.885, 0.9816666666666667, 0.9516666666666667, 0.9466666666666667, 0.965, 0.9666666666666667, 0.98, 0.31333333333333335, 0.9666666666666667, 0.8883333333333333, 0.965, 0.9666666666666667, 0.9283333333333333, 0.97]}, "triangle_degree_ratio_seeds": {"2": [0.023333333333333334, 0.015, 0.03666666666666667, 0.02666666666666667, 0.018333333333333333, 0.03666666666666667, 0.006666666666666667, 0.008333333333333333, 0.01, 0.008333333333333333, 0.015, 0.025, 0.025, 0.008333333333333333, 0.03833333333333333, 0.02, 0.023333333333333334, 0.013333333333333334, 0.016666666666666666, 0.021666666666666667], "4": [0.04833333333333333, 0.023333333333333334, 0.041666666666666664, 0.065, 0.03166666666666667, 0.058333333333333334, 0.02, 0.02666666666666667, 0.016666666666666666, 0.018333333333333333, 0.05333333333333334, 0.04833333333333333, 0.058333333333333334, 0.023333333333333334, 0.035, 0.043333333333333335, 0.08, 0.04833333333333333, 0.04833333333333333, 0.09833333333333333], "6": [0.11666666666666667, 0.06333333333333334, 0.035, 0.045, 0.058333333333333334, 0.09833333333333333, 0.02666666666666667, 0.025, 0.06833333333333333, 0.08833333333333333, 0.03666666666666667, 0.07166666666666667, 0.03833333333333333, 0.06, 0.06666666666666667, 0.03333333333333333, 0.04, 0.035, 0.10166666666666667, 0.03666666666666667], "8": [0.06833333333333333, 0.07166666666666667, 0.125, 0.06333333333333334, 0.055, 0.045, 0.04833333333333333, 0.08, 0.10166666666666667, 0.051666666666666666, 0.065, 0.155, 0.11166666666666666, 0.08, 0.05333333333333334, 0.06166666666666667, 0.13, 0.07666666666666666, 0.09333333333333334, 0.17333333333333334], "10": [0.15, 0.105, 0.056666666666666664, 0.17166666666666666, 0.13, 0.11666666666666667, 0.085, 0.07166666666666667, 0.16833333333333333, 0.07333333333333333, 0.11666666666666667, 0.16333333333333333, 0.10333333333333333, 0.08833333333333333, 0.06, 0.08166666666666667, 0.08666666666666667, 0.08666666666666667, 0.11666666666666667, 0.095], "15": [0.30333333333333334, 0.19166666666666668, 0.255, 0.165, 0.15333333333333332, 0.9016666666666666, 0.38166666666666665, 0.15666666666666668, 0.24666666666666667, 0.17, 0.11833333333333333, 0.29333333333333333, 0.22666666666666666, 0.18166666666666667, 0.34, 0.24166666666666667, 0.96, 0.16166666666666665, 0.17, 0.16],