{"random_seeds": {"2": [0.008333333333333333, 0.02, 0.008333333333333333, 0.008333333333333333, 0.006666666666666667, 0.011666666666666667, 0.05, 0.04, 0.02, 0.018333333333333333, 0.006666666666666667, 0.03166666666666667, 0.023333333333333334, 0.013333333333333334, 0.03, 0.01, 0.03166666666666667, 0.006666666666666667, 0.018333333333333333, 0.02], "4": [0.02666666666666667, 0.025, 0.011666666666666667, 0.05, 0.02666666666666667, 0.07, 0.18, 0.06666666666666667, 0.043333333333333335, 0.085, 0.041666666666666664, 0.09, 0.035, 0.056666666666666664, 0.013333333333333334, 0.021666666666666667, 0.17666666666666667, 0.08666666666666667, 0.05, 0.016666666666666666], "6": [0.10333333333333333, 0.155, 0.1, 0.11, 0.13666666666666666, 0.165, 0.24833333333333332, 0.013333333333333334, 0.07833333333333334, 0.295, 0.11, 0.06166666666666667, 0.06, 0.045, 0.04666666666666667, 0.19833333333333333, 0.03833333333333333, 0.07833333333333334, 0.08666666666666667, 0.06666666666666667], "8": [0.14, 0.14333333333333334, 0.03833333333333333, 0.045, 0.165, 0.09833333333333333, 0.1, 0.15, 0.105, 0.07, 0.09333333333333334, 0.30333333333333334, 0.16, 0.22333333333333333, 0.15333333333333332, 0.07, 0.14666666666666667, 0.10333333333333333, 0.06, 0.18666666666666668], "10": [0.535, 0.36, 0.37833333333333335, 0.24, 0.16833333333333333, 0.26166666666666666, 0.6183333333333333, 0.12833333333333333, 0.215, 0.3016666666666667, 0.14833333333333334, 0.10166666666666667, 0.16, 0.17333333333333334, 0.255, 0.13666666666666666, 0.10166666666666667, 0.18666666666666668, 0.06166666666666667, 0.48833333333333334], "15": [0.2633333333333333, 0.33166666666666667, 0.45666666666666667, 0.5616666666666666, 0.435, 0.43166666666666664, 0.31666666666666665, 0.37166666666666665, 0.2966666666666667, 0.345, 0.19, 0.5266666666666666, 0.41833333333333333, 0.2833333333333333, 0.49166666666666664, 0.385, 0.465, 0.4683333333333333, 0.435, 0.345], "22": [0.45, 0.64, 0.43, 0.5383333333333333, 0.4066666666666667, 0.68, 0.56, 0.7416666666666667, 0.6916666666666667, 0.7783333333333333, 0.54, 0.5016666666666667, 0.6383333333333333, 0.5733333333333334, 0.6166666666666667, 0.5166666666666667, 0.5516666666666666, 0.5833333333333334, 0.3516666666666667, 0.7183333333333334], "30": [0.6983333333333334, 0.8683333333333333, 0.7433333333333333, 0.77, 0.6183333333333333, 0.6583333333333333, 0.7416666666666667, 0.85, 0.8183333333333334, 0.8883333333333333, 0.76, 0.8433333333333334, 0.6716666666666666, 0.755, 0.8783333333333333, 0.835, 0.88, 0.7316666666666667, 0.8616666666666667, 0.8716666666666667], "50": [0.9066666666666666, 0.8466666666666667, 0.84, 0.8583333333333333, 0.8833333333333333, 0.9216666666666666, 0.8583333333333333, 0.835, 0.8966666666666666, 0.8816666666666667, 0.88, 0.86, 0.8766666666666667, 0.855, 0.8816666666666667, 0.87, 0.8383333333333334, 0.8916666666666667, 0.8466666666666667, 0.8883333333333333]}, "betweenness_seeds": {"2": [0.0033333333333333335, 0.011666666666666667, 0.015, 0.028333333333333332, 0.01, 0.02666666666666667, 0.041666666666666664, 0.06, 0.04833333333333333, 0.04833333333333333, 0.023333333333333334, 0.03333333333333333, 0.041666666666666664, 0.023333333333333334, 0.021666666666666667, 0.04, 0.02, 0.06166666666666667, 0.018333333333333333, 0.03333333333333333], "4": [0.085, 0.18833333333333332, 0.07666666666666666, 0.035, 0.08833333333333333, 0.028333333333333332, 0.056666666666666664, 0.043333333333333335, 0.055, 0.06166666666666667, 0.12166666666666667, 0.10833333333333334, 0.041666666666666664, 0.04833333333333333, 0.04, 0.1, 0.08666666666666667, 0.04, 0.11333333333333333, 0.19666666666666666], "6": [0.14833333333333334, 0.4, 0.08166666666666667, 0.07666666666666666, 0.04833333333333333, 0.13833333333333334, 0.2633333333333333, 0.17333333333333334, 0.09666666666666666, 0.065, 0.12333333333333334, 0.17166666666666666, 0.17333333333333334, 0.15833333333333333, 0.115, 0.24666666666666667, 0.13666666666666666, 0.22333333333333333, 0.17333333333333334, 0.14833333333333334], "8": [0.2916666666666667, 0.17166666666666666, 0.22833333333333333, 0.44166666666666665, 0.19, 0.45, 0.42333333333333334, 0.32166666666666666, 0.26166666666666666, 0.19833333333333333, 0.10333333333333333, 0.295, 0.425, 0.125, 0.29833333333333334, 0.1, 0.25166666666666665, 0.4533333333333333, 0.22666666666666666, 0.4583333333333333], "10": [0.47333333333333333, 0.6466666666666666, 0.375, 0.3416666666666667, 0.265, 0.43, 0.5766666666666667, 0.5066666666666667, 0.24833333333333332, 0.45166666666666666, 0.78, 0.29333333333333333, 0.19166666666666668, 0.25, 0.17666666666666667, 0.5183333333333333, 0.17833333333333334, 0.325, 0.13833333333333334, 0.7616666666666667], "15": [0.45, 0.5283333333333333, 0.4666666666666667, 0.8233333333333334, 0.85, 0.6566666666666666, 0.5183333333333333, 0.5616666666666666, 0.595, 0.51, 0.4066666666666667, 0.7183333333333334, 0.675, 0.585, 0.5633333333333334, 0.6483333333333333, 0.5833333333333334, 0.6083333333333333, 0.575, 0.84], "22": [0.83, 0.7216666666666667, 0.8416666666666667, 0.655, 0.4716666666666667, 0.83, 0.7216666666666667, 0.8533333333333334, 0.825, 0.87, 0.86, 0.8416666666666667, 0.8516666666666667, 0.8116666666666666, 0.8233333333333334, 0.4033333333333333, 0.8683333333333333, 0.855, 0.8683333333333333, 0.8366666666666667], "30": [0.795, 0.7933333333333333, 0.8666666666666667, 0.8666666666666667, 0.8433333333333334, 0.6866666666666666, 0.8233333333333334, 0.8383333333333334, 0.805, 0.8583333333333333, 0.8383333333333334, 0.8633333333333333, 0.835, 0.865, 0.855, 0.8183333333333334, 0.7916666666666666, 0.8733333333333333, 0.84, 0.8616666666666667], "50": [0.8783333333333333, 0.8433333333333334, 0.8466666666666667, 0.8583333333333333, 0.87, 0.87, 0.85, 0.85, 0.8816666666666667, 0.845, 0.8616666666666667, 0.845, 0.8733333333333333, 0.8966666666666666, 0.8733333333333333, 0.9, 0.81, 0.8766666666666667, 0.8583333333333333, 0.875]}, "triangle_degree_ratio_seeds": {"2": [0.023333333333333334, 0.04666666666666667, 0.0033333333333333335, 0.028333333333333332, 0.013333333333333334, 0.025, 0.018333333333333333, 0.021666666666666667, 0.056666666666666664, 0.021666666666666667, 0.02666666666666667, 0.025, 0.01, 0.025, 0.021666666666666667, 0.058333333333333334, 0.013333333333333334, 0.03333333333333333, 0.11333333333333333, 0.02], "4": [0.04666666666666667, 0.043333333333333335, 0.056666666666666664, 0.085, 0.13333333333333333, 0.08666666666666667, 0.09, 0.07, 0.058333333333333334, 0.10166666666666667, 0.085, 0.3616666666666667, 0.02666666666666667, 0.06666666666666667, 0.07, 0.18, 0.09833333333333333, 0.06666666666666667, 0.06, 0.16333333333333333], "6": [0.08, 0.15166666666666667, 0.27666666666666667, 0.23833333333333334, 0.10333333333333333, 0.105, 0.33, 0.37166666666666665, 0.38, 0.165, 0.245, 0.08, 0.115, 0.11, 0.20333333333333334, 0.135, 0.17333333333333334, 0.11, 0.31833333333333336, 0.14166666666666666], "8": [0.1, 0.19, 0.1, 0.185, 0.12833333333333333, 0.21666666666666667, 0.3516666666666667, 0.155, 0.12833333333333333, 0.265, 0.15666666666666668, 0.285, 0.445, 0.16833333333333333, 0.31833333333333336, 0.23333333333333334, 0.5683333333333334, 0.15833333333333333, 0.16833333333333333, 0.23833333333333334], "10": [0.46166666666666667, 0.54, 0.235, 0.335, 0.10166666666666667, 0.3566666666666667, 0.275, 0.295, 0.165, 0.4216666666666667, 0.3883333333333333, 0.405, 0.15833333333333333, 0.22833333333333333, 0.365, 0.49, 0.44166666666666665, 0.44333333333333336, 0.24, 0.78], "15": [0.43666666666666665, 0.395, 0.5866666666666667, 0.455, 0.6733333333333333, 0.6033333333333334, 0.5933333333333334, 0.8583333333333333, 0.7266666666666667, 0.6233333333333333, 0.5966666666666667, 0.715, 0.8683333333333333, 0.6816666666666666, 0.5616666666666666, 0.5066666666666667, 0.8533333333333334, 0.5466666666666666, 0.645, 0.575],