{"random_seeds": {"2": [0.035, 0.0033333333333333335, 0.021666666666666667, 0.005, 0.006666666666666667, 0.043333333333333335, 0.03333333333333333, 0.02, 0.07166666666666667, 0.025, 0.013333333333333334, 0.02, 0.005, 0.04, 0.035, 0.028333333333333332, 0.041666666666666664, 0.015, 0.018333333333333333, 0.011666666666666667], "4": [0.028333333333333332, 0.02, 0.043333333333333335, 0.04, 0.125, 0.08833333333333333, 0.023333333333333334, 0.06666666666666667, 0.12666666666666668, 0.013333333333333334, 0.051666666666666666, 0.1, 0.011666666666666667, 0.075, 0.08833333333333333, 0.02666666666666667, 0.10333333333333333, 0.02666666666666667, 0.04666666666666667, 0.06166666666666667], "6": [0.07666666666666666, 0.051666666666666666, 0.13833333333333334, 0.085, 0.07833333333333334, 0.11666666666666667, 0.10333333333333333, 0.26666666666666666, 0.04666666666666667, 0.03333333333333333, 0.11, 0.13166666666666665, 0.125, 0.195, 0.09666666666666666, 0.36666666666666664, 0.043333333333333335, 0.085, 0.12666666666666668, 0.19], "8": [0.05333333333333334, 0.24, 0.11833333333333333, 0.15, 0.12333333333333334, 0.085, 0.08333333333333333, 0.095, 0.38333333333333336, 0.095, 0.09666666666666666, 0.185, 0.19, 0.08833333333333333, 0.055, 0.18, 0.08, 0.35, 0.30833333333333335, 0.18833333333333332], "10": [0.2733333333333333, 0.105, 0.40166666666666667, 0.17833333333333334, 0.16833333333333333, 0.056666666666666664, 0.28, 0.4866666666666667, 0.19166666666666668, 0.16666666666666666, 0.21, 0.31833333333333336, 0.295, 0.1, 0.315, 0.555, 0.10666666666666667, 0.10166666666666667, 0.18833333333333332, 0.33666666666666667], "15": [0.4866666666666667, 0.65, 0.34833333333333333, 0.295, 0.24333333333333335, 0.30666666666666664, 0.45, 0.2916666666666667, 0.4633333333333333, 0.18, 0.5083333333333333, 0.31333333333333335, 0.36, 0.2833333333333333, 0.5433333333333333, 0.585, 0.35833333333333334, 0.5583333333333333, 0.32166666666666666, 0.3516666666666667], "30": [0.84, 0.6283333333333333, 0.69, 0.7683333333333333, 0.75, 0.8033333333333333, 0.7166666666666667, 0.6383333333333333, 0.8633333333333333, 0.545, 0.87, 0.8383333333333334, 0.6783333333333333, 0.8683333333333333, 0.8466666666666667, 0.85, 0.6733333333333333, 0.8883333333333333, 0.7583333333333333, 0.8733333333333333]}, "betweenness_seeds": {"2": [0.016666666666666666, 0.028333333333333332, 0.011666666666666667, 0.013333333333333334, 0.015, 0.05, 0.018333333333333333, 0.07333333333333333, 0.043333333333333335, 0.025, 0.028333333333333332, 0.04666666666666667, 0.023333333333333334, 0.04, 0.06833333333333333, 0.028333333333333332, 0.013333333333333334, 0.008333333333333333, 0.02, 0.075], "4": [0.14833333333333334, 0.2, 0.11166666666666666, 0.03833333333333333, 0.28, 0.055, 0.10166666666666667, 0.17166666666666666, 0.075, 0.085, 0.06166666666666667, 0.15166666666666667, 0.17666666666666667, 0.12166666666666667, 0.12666666666666668, 0.035, 0.09, 0.08833333333333333, 0.08833333333333333, 0.04833333333333333], "6": [0.075, 0.058333333333333334, 0.36666666666666664, 0.16166666666666665, 0.3516666666666667, 0.245, 0.08833333333333333, 0.325, 0.145, 0.19833333333333333, 0.10666666666666667, 0.5133333333333333, 0.2783333333333333, 0.07666666666666666, 0.17333333333333334, 0.44166666666666665, 0.09833333333333333, 0.085, 0.19333333333333333, 0.25833333333333336], "8": [0.3016666666666667, 0.20333333333333334, 0.36, 0.13166666666666665, 0.4633333333333333, 0.36, 0.17666666666666667, 0.36, 0.25833333333333336, 0.455, 0.16, 0.24, 0.39, 0.23, 0.195, 0.46, 0.24666666666666667, 0.36833333333333335, 0.44, 0.265], "10": [0.6383333333333333, 0.27166666666666667, 0.825, 0.4583333333333333, 0.43, 0.3, 0.24166666666666667, 0.4083333333333333, 0.4, 0.27666666666666667, 0.55, 0.355, 0.49, 0.355, 0.39166666666666666, 0.28, 0.6316666666666667, 0.38166666666666665, 0.2916666666666667, 0.49833333333333335], "15": [0.5183333333333333, 0.85, 0.6816666666666666, 0.37666666666666665, 0.435, 0.5816666666666667, 0.8066666666666666, 0.4816666666666667, 0.5633333333333334, 0.2783333333333333, 0.6616666666666666, 0.5183333333333333, 0.6133333333333333, 0.63, 0.8566666666666667, 0.6766666666666666, 0.5983333333333334, 0.515, 0.5416666666666666, 0.5833333333333334], "30": [0.8066666666666666, 0.8533333333333334, 0.85, 0.8633333333333333, 0.8533333333333334, 0.8166666666666667, 0.8766666666666667, 0.8333333333333334, 0.8183333333333334, 0.86, 0.86, 0.8433333333333334, 0.825, 0.8333333333333334, 0.8266666666666667, 0.8133333333333334, 0.8383333333333334, 0.8833333333333333, 0.8983333333333333, 0.8266666666666667]}, "triangle_degree_ratio_seeds": {"2": [0.03333333333333333, 0.018333333333333333, 0.035, 0.03833333333333333, 0.013333333333333334, 0.01, 0.011666666666666667, 0.015, 0.08166666666666667, 0.023333333333333334, 0.005, 0.02, 0.005, 0.03333333333333333, 0.06, 0.021666666666666667, 0.03333333333333333, 0.008333333333333333, 0.04666666666666667, 0.043333333333333335], "4": [0.07333333333333333, 0.215, 0.03333333333333333, 0.13, 0.3466666666666667, 0.075, 0.056666666666666664, 0.045, 0.11166666666666666, 0.04666666666666667, 0.09333333333333334, 0.135, 0.075, 0.075, 0.056666666666666664, 0.056666666666666664, 0.06666666666666667, 0.12, 0.09, 0.05333333333333334], "6": [0.155, 0.08666666666666667, 0.13166666666666665, 0.175, 0.31333333333333335, 0.08833333333333333, 0.11666666666666667, 0.1, 0.13166666666666665, 0.28833333333333333, 0.13833333333333334, 0.24166666666666667, 0.225, 0.085, 0.10166666666666667, 0.255, 0.115, 0.08666666666666667, 0.24833333333333332, 0.16166666666666665], "8": [0.4, 0.27, 0.42333333333333334, 0.3283333333333333, 0.25, 0.3016666666666667, 0.32666666666666666, 0.41833333333333333, 0.5616666666666666, 0.33666666666666667, 0.25166666666666665, 0.17833333333333334, 0.335, 0.215, 0.12666666666666668, 0.15, 0.15666666666666668, 0.23166666666666666, 0.3983333333333333, 0.16], "10": [0.6133333333333333, 0.43333333333333335, 0.6183333333333333, 0.6266666666666667, 0.2783333333333333, 0.24666666666666667, 0.38333333333333336, 0.38666666666666666, 0.485, 0.4066666666666667, 0.49333333333333335, 0.175, 0.3516666666666667, 0.5383333333333333, 0.49, 0.875, 0.24666666666666667, 0.375, 0.32666666666666666, 0.275], "15": [0.6033333333333334, 0.5383333333333333, 0.6933333333333334, 0.4066666666666667, 0.5633333333333334, 0.69, 0.64, 0.565, 0.5733333333333334, 0.23833333333333334, 0.6, 0.49666666666666665, 0.7416666666666667, 0.8066666666666666, 0.7533333333333333, 0.67, 0.445, 0.5616666666666666, 0.515, 0.36833333333333335], "30": [0.815, 0.8483333333333334, 0.855, 0.8466666666666667, 0.86, 0.8383333333333334, 0.8366666666666667, 0.8216666666666667, 0.8416666666666667, 0.825, 0.8616666666666667, 0.8383333333333334, 0.86, 0.83, 0.825, 0.8333333333333334, 0.8433333333333334, 0.8833333333333333, 0.8883333333333333, 0.8533333333333334]}, "highest_degree_seeds": {"2": [0.008333333333333333, 0.02, 0.011666666666666667, 0.04, 0.016666666666666666, 0.03166666666666667, 0.011666666666666667, 0.06833333333333333, 0.011666666666666667, 0.04666666666666667, 0.06166666666666667, 0.03833333333333333, 0.025, 0.02666666666666667, 0.016666666666666666, 0.023333333333333334, 0.03166666666666667, 0.01, 0.03333333333333333, 0.04833333333333333], "4": [0.09666666666666666, 0.19333333333333333, 0.07166666666666667, 0.06666666666666667, 0.22333333333333333, 0.058333333333333334, 0.10333333333333333, 0.14833333333333334, 0.1, 0.025, 0.095, 0.03833333333333333, 0.07666666666666666, 0.06666666666666667, 0.051666666666666666, 0.07166666666666667, 0.13166666666666665, 0.08166666666666667, 0.10666666666666667, 0.043333333333333335], "6": [0.13166666666666665, 0.045, 0.19, 0.11333333333333333, 0.30833333333333335, 0.3016666666666667, 0.065, 0.10666666666666667, 0.10333333333333333, 0.27666666666666667, 0.04833333333333333, 0.445, 0.8516666666666667, 0.14833333333333334, 0.17333333333333334, 0.42333333333333334, 0.15, 0.07166666666666667, 0.155, 0.32166666666666666],