candidate_id,sampling_strategy,solver_seed,h0_accuracy,final_unseeded_accuracy,final_all_accuracy,sgm_runtime_seconds,sgm_n_iter,sgm_converged,sgm_objective_score,sgm_success
2,random,2026,0.0824561403508772,0.3350877192982456,0.36833333333333335,1.0323407910764217,30,False,1640.0,False
2,random,74993,0.08421052631578947,0.9350877192982456,0.9383333333333334,1.0207500411197543,30,False,2354.0,True
2,random,419567,0.08421052631578947,0.3298245614035088,0.36333333333333334,1.0100639581214637,30,False,1624.0,False
2,random,739391,0.07368421052631578,0.2719298245614035,0.30833333333333335,1.0486657079309225,30,False,1588.0,False
2,random,982451,0.0912280701754386,0.887719298245614,0.8933333333333333,1.021321790991351,30,False,2302.0,False
3,random,2026,0.06666666666666667,0.7929824561403509,0.8033333333333333,1.0192261249758303,30,False,2158.0,False
3,random,74993,0.07017543859649122,0.9543859649122807,0.9566666666666667,1.0125594157725573,30,False,2378.0,True
3,random,419567,0.07368421052631578,0.9368421052631579,0.94,1.0068387081846595,30,False,2360.0,True
3,random,739391,0.07192982456140351,0.6,0.62,0.9971088750753552,30,False,1958.0,False
3,random,982451,0.07192982456140351,0.9526315789473684,0.955,0.9757590831723064,28,True,2378.0,True
4,random,2026,0.07017543859649122,0.24912280701754386,0.2866666666666667,0.8520336251240224,25,True,1568.0,False
4,random,74993,0.06842105263157895,0.256140350877193,0.29333333333333333,1.0458515000063926,30,False,1554.0,False
4,random,419567,0.06842105263157895,0.3543859649122807,0.38666666666666666,1.0221113339066505,30,False,1596.0,False
4,random,739391,0.06315789473684211,0.24561403508771928,0.2833333333333333,1.030849833972752,30,False,1538.0,False
4,random,982451,0.06315789473684211,0.20350877192982456,0.24333333333333335,1.0244009590242058,30,False,1516.0,False
6,random,2026,0.07719298245614035,0.9035087719298246,0.9083333333333333,1.0320319591555744,30,False,2326.0,True
6,random,74993,0.08070175438596491,0.3350877192982456,0.36833333333333335,0.8513939999975264,25,True,1656.0,False
6,random,419567,0.08070175438596491,0.8719298245614036,0.8783333333333333,1.0148825841024518,30,False,2244.0,False
6,random,739391,0.08421052631578947,0.30350877192982456,0.3383333333333333,1.0142890410497785,30,False,1624.0,False
6,random,982451,0.08421052631578947,0.9508771929824561,0.9533333333333334,1.0415670000948012,30,False,2376.0,True
26,random,2026,0.0824561403508772,0.9456140350877194,0.9483333333333334,0.9820963749662042,29,True,2378.0,True
26,random,74993,0.09824561403508772,0.9421052631578948,0.945,0.750090042129159,22,True,2376.0,True
26,random,419567,0.08771929824561403,0.9508771929824561,0.9533333333333334,1.0016855830326676,30,False,2378.0,True
26,random,739391,0.08596491228070176,0.9456140350877194,0.9483333333333334,0.7345332081895322,21,True,2376.0,True
26,random,982451,0.09298245614035087,0.9491228070175438,0.9516666666666667,1.026639207964763,30,False,2378.0,True
46,random,2026,0.05263157894736842,0.22982456140350876,0.2683333333333333,1.0185771249234676,30,False,1562.0,False
46,random,74993,0.05087719298245614,0.2754385964912281,0.31166666666666665,1.0443324169609696,30,False,1580.0,False
46,random,419567,0.056140350877192984,0.33157894736842103,0.365,1.0551930840592831,30,False,1666.0,False
46,random,739391,0.042105263157894736,0.17017543859649123,0.21166666666666667,1.043026417028159,30,True,1524.0,False
46,random,982451,0.054385964912280704,0.34385964912280703,0.37666666666666665,1.030470416881144,30,False,1648.0,False
52,random,2026,0.07894736842105263,0.8719298245614036,0.8783333333333333,1.0368176251649857,30,False,2264.0,False
52,random,74993,0.06315789473684211,0.3526315789473684,0.385,1.0463877080474049,30,False,1642.0,False
52,random,419567,0.07017543859649122,0.2754385964912281,0.31166666666666665,1.028001582948491,29,True,1578.0,False
52,random,739391,0.06315789473684211,0.24385964912280703,0.2816666666666667,1.0426385831087828,30,False,1572.0,False
52,random,982451,0.06491228070175438,0.2614035087719298,0.29833333333333334,1.0171744578983635,30,False,1588.0,False
55,random,2026,0.0824561403508772,0.45614035087719296,0.48333333333333334,1.0491085411049426,30,False,1766.0,False
55,random,74993,0.07368421052631578,0.9508771929824561,0.9533333333333334,1.0050690828356892,30,False,2376.0,True
55,random,419567,0.0824561403508772,0.9298245614035088,0.9333333333333333,1.009628833970055,30,False,2364.0,True
55,random,739391,0.08596491228070176,0.9526315789473684,0.955,0.8453194999601692,25,True,2378.0,True
55,random,982451,0.07543859649122807,0.3456140350877193,0.37833333333333335,1.05173783400096,30,False,1666.0,False
59,random,2026,0.07543859649122807,0.24035087719298245,0.2783333333333333,0.9048631670884788,26,True,1548.0,False
59,random,74993,0.07368421052631578,0.9385964912280702,0.9416666666666667,1.0227532910648733,30,False,2378.0,True
59,random,419567,0.0824561403508772,0.45789473684210524,0.485,1.0209952918812633,30,False,1756.0,False
59,random,739391,0.0824561403508772,0.3017543859649123,0.33666666666666667,1.047489375108853,30,False,1624.0,False
59,random,982451,0.08070175438596491,0.956140350877193,0.9583333333333334,1.0080737499520183,30,False,2376.0,True
69,random,2026,0.05789473684210526,0.4298245614035088,0.4583333333333333,1.0351326251402497,30,False,1750.0,False
69,random,74993,0.05087719298245614,0.24385964912280703,0.2816666666666667,1.033382625086233,30,False,1580.0,False
69,random,419567,0.056140350877192984,0.4192982456140351,0.4483333333333333,1.0500683749560267,30,False,1710.0,False
69,random,739391,0.054385964912280704,0.20350877192982456,0.24333333333333335,1.0539897081907839,30,False,1510.0,False
69,random,982451,0.054385964912280704,0.34912280701754383,0.38166666666666665,1.0429484590422362,30,False,1616.0,False
70,random,2026,0.07894736842105263,0.8631578947368421,0.87,1.02949179103598,30,False,2272.0,False
70,random,74993,0.07017543859649122,0.9140350877192982,0.9183333333333333,1.0608239581342787,30,False,2352.0,True
70,random,419567,0.06666666666666667,0.9491228070175438,0.9516666666666667,1.0047232499346137,30,False,2376.0,True
70,random,739391,0.07017543859649122,0.28421052631578947,0.32,1.0381234579253942,30,False,1604.0,False
70,random,982451,0.07017543859649122,0.6105263157894737,0.63,1.0166117078624666,30,False,1918.0,False
75,random,2026,0.09298245614035087,0.9456140350877194,0.9483333333333334,0.711229250067845,20,True,2378.0,True
75,random,74993,0.09473684210526316,0.4245614035087719,0.4533333333333333,1.0406414999160916,30,False,1716.0,False
75,random,419567,0.09298245614035087,0.5877192982456141,0.6083333333333333,1.0243097918573767,30,False,1912.0,False
75,random,739391,0.10175438596491228,0.9491228070175438,0.9516666666666667,0.7672402090393007,22,True,2378.0,True
75,random,982451,0.10175438596491228,0.9578947368421052,0.96,1.0422594579868019,30,False,2378.0,True
82,random,2026,0.07543859649122807,0.27017543859649124,0.30666666666666664,1.037686833878979,30,False,1598.0,False
82,random,74993,0.07017543859649122,0.3385964912280702,0.37166666666666665,1.028003750136122,30,False,1644.0,False
82,random,419567,0.07543859649122807,0.2649122807017544,0.3016666666666667,1.0204454159829766,30,False,1614.0,False
82,random,739391,0.08070175438596491,0.8964912280701754,0.9016666666666666,1.042200708994642,30,False,2324.0,False
82,random,982451,0.0824561403508772,0.8543859649122807,0.8616666666666667,1.028381499927491,30,False,2240.0,False
85,random,2026,0.07368421052631578,0.3368421052631579,0.37,1.0330259159673005,30,False,1642.0,False
85,random,74993,0.08421052631578947,0.3298245614035088,0.36333333333333334,1.0303896251134574,30,False,1648.0,False
85,random,419567,0.07543859649122807,0.2929824561403509,0.3283333333333333,1.061197041068226,30,False,1658.0,False
85,random,739391,0.07192982456140351,0.39473684210526316,0.425,1.0091790410224348,29,True,1700.0,False
85,random,982451,0.08070175438596491,0.29473684210526313,0.33,1.0454066670499742,30,False,1606.0,False
87,random,2026,0.08947368421052632,0.9403508771929825,0.9433333333333334,0.9993392501492053,30,False,2378.0,True
87,random,74993,0.09649122807017543,0.9350877192982456,0.9383333333333334,1.0080864999908954,30,False,2374.0,True
87,random,419567,0.09298245614035087,0.9421052631578948,0.945,0.8385431249625981,25,True,2378.0,True
87,random,739391,0.07894736842105263,0.9508771929824561,0.9533333333333334,1.0126458341255784,30,False,2376.0,True
87,random,982451,0.08421052631578947,0.9368421052631579,0.94,1.008708583889529,30,False,2376.0,True
91,random,2026,0.07719298245614035,0.9473684210526315,0.95,0.9003887919243425,26,True,2374.0,True
91,random,74993,0.07017543859649122,0.9333333333333333,0.9366666666666666,1.0171862500719726,30,False,2376.0,True
91,random,419567,0.07017543859649122,0.3736842105263158,0.405,1.0418089157901704,30,False,1686.0,False
91,random,739391,0.07543859649122807,0.2596491228070175,0.2966666666666667,0.8989617920015007,26,True,1616.0,False
91,random,982451,0.06842105263157895,0.3929824561403509,0.42333333333333334,1.0326057500205934,30,False,1660.0,False
95,random,2026,0.06140350877192982,0.12982456140350876,0.17333333333333334,1.051170292077586,30,False,1492.0,False
95,random,74993,0.06491228070175438,0.42105263157894735,0.45,1.0386372089851648,30,False,1668.0,False
95,random,419567,0.06140350877192982,0.2,0.24,1.0296681660693139,30,False,1490.0,False
95,random,739391,0.06666666666666667,0.1368421052631579,0.18,0.8149015000090003,23,True,1438.0,False
95,random,982451,0.06842105263157895,0.24385964912280703,0.2816666666666667,1.0338115408085287,30,False,1578.0,False
110,random,2026,0.07368421052631578,0.9157894736842105,0.92,1.0230196670163423,30,False,2338.0,True
110,random,74993,0.06491228070175438,0.9578947368421052,0.96,1.0149988748598844,30,False,2378.0,True
110,random,419567,0.08070175438596491,0.5017543859649123,0.5266666666666666,1.0569940421264619,30,False,1800.0,False
110,random,739391,0.07543859649122807,0.9491228070175438,0.9516666666666667,1.0150933340191841,30,False,2376.0,True
110,random,982451,0.08070175438596491,0.4666666666666667,0.49333333333333335,1.036083374870941,30,False,1766.0,False
112,random,2026,0.07543859649122807,0.9421052631578948,0.945,1.0157495839521289,30,False,2376.0,True
112,random,74993,0.07192982456140351,0.9508771929824561,0.9533333333333334,1.0235521248541772,30,False,2378.0,True
112,random,419567,0.06842105263157895,0.8982456140350877,0.9033333333333333,1.0242915840353817,30,False,2296.0,False
112,random,739391,0.06315789473684211,0.9438596491228071,0.9466666666666667,1.0155152920633554,30,False,2372.0,True
112,random,982451,0.07192982456140351,0.9473684210526315,0.95,0.9485872499644756,29,True,2378.0,True
113,random,2026,0.08771929824561403,0.9192982456140351,0.9233333333333333,1.0314525419380516,30,False,2368.0,True
113,random,74993,0.09473684210526316,0.9368421052631579,0.94,1.0248503750190139,30,False,2372.0,True
113,random,419567,0.09298245614035087,0.9438596491228071,0.9466666666666667,1.005366916069761,30,True,2378.0,True
113,random,739391,0.10175438596491228,0.9438596491228071,0.9466666666666667,1.015559832798317,30,False,2378.0,True
113,random,982451,0.0912280701754386,0.9473684210526315,0.95,1.0468293342273682,30,False,2378.0,True
115,random,2026,0.06842105263157895,0.21929824561403508,0.25833333333333336,1.1740704169496894,30,False,1528.0,False
115,random,74993,0.0912280701754386,0.956140350877193,0.9583333333333334,0.9979721249546856,30,False,2378.0,True
115,random,419567,0.07719298245614035,0.9578947368421052,0.96,1.0368435829877853,30,False,2378.0,True
115,random,739391,0.07719298245614035,0.5684210526315789,0.59,1.0387526659760624,30,False,1790.0,False
115,random,982451,0.07894736842105263,0.24561403508771928,0.2833333333333333,1.0201995000243187,30,False,1530.0,False
126,random,2026,0.09824561403508772,0.9298245614035088,0.9333333333333333,0.9859828748740256,30,False,2366.0,True
126,random,74993,0.09824561403508772,0.9631578947368421,0.965,1.0088279589544982,30,False,2376.0,True
126,random,419567,0.08596491228070176,0.9614035087719298,0.9633333333333334,1.0150847500190139,30,False,2376.0,True
126,random,739391,0.08947368421052632,0.9491228070175438,0.9516666666666667,1.0186626249924302,30,False,2374.0,True
126,random,982451,0.08596491228070176,0.9403508771929825,0.9433333333333334,0.7901464579626918,23,True,2366.0,True
127,random,2026,0.07894736842105263,0.4649122807017544,0.49166666666666664,1.037407208001241,30,False,1788.0,False
127,random,74993,0.08421052631578947,0.9526315789473684,0.955,1.0296861249953508,30,False,2378.0,True
127,random,419567,0.07017543859649122,0.9368421052631579,0.94,1.0195421669632196,30,False,2346.0,True
127,random,739391,0.08070175438596491,0.9210526315789473,0.925,1.0219384578522295,30,False,2350.0,True
127,random,982451,0.08596491228070176,0.9333333333333333,0.9366666666666666,0.8212621249258518,24,True,2372.0,True
131,random,2026,0.08596491228070176,0.9421052631578948,0.945,1.040999917080626,30,False,2354.0,True
131,random,74993,0.08596491228070176,0.9578947368421052,0.96,0.8536115828901529,25,True,2378.0,True
131,random,419567,0.07894736842105263,0.9438596491228071,0.9466666666666667,1.010825333185494,30,False,2374.0,True
131,random,739391,0.08421052631578947,0.9473684210526315,0.95,1.0125370000023395,30,False,2378.0,True
131,random,982451,0.07719298245614035,0.9491228070175438,0.9516666666666667,1.0443827910348773,30,False,2378.0,True
135,random,2026,0.07017543859649122,0.3017543859649123,0.33666666666666667,1.0528459169436246,30,False,1624.0,False
135,random,74993,0.07543859649122807,0.9245614035087719,0.9283333333333333,1.0363615420646966,30,False,2340.0,True
135,random,419567,0.07543859649122807,0.3631578947368421,0.395,1.0525689171627164,30,False,1706.0,False
135,random,739391,0.08421052631578947,0.9649122807017544,0.9666666666666667,1.0504078750964254,30,False,2378.0,True
135,random,982451,0.07543859649122807,0.5491228070175439,0.5716666666666667,1.0461940420791507,30,False,1904.0,False
140,random,2026,0.08421052631578947,0.5824561403508772,0.6033333333333334,1.0465976248960942,30,False,1900.0,False
140,random,74993,0.08421052631578947,0.9491228070175438,0.9516666666666667,0.8261762079782784,24,True,2378.0,True
140,random,419567,0.08947368421052632,0.9298245614035088,0.9333333333333333,1.0142016669269651,30,False,2372.0,True
140,random,739391,0.09649122807017543,0.9456140350877194,0.9483333333333334,1.0098169578704983,30,False,2376.0,True
140,random,982451,0.08947368421052632,0.9473684210526315,0.95,1.00693029188551,30,False,2376.0,True
149,random,2026,0.10526315789473684,0.9333333333333333,0.9366666666666666,1.0164955840446055,30,False,2374.0,True
149,random,74993,0.10175438596491228,0.9491228070175438,0.9516666666666667,0.7267753751948476,21,True,2376.0,True
149,random,419567,0.08947368421052632,0.9438596491228071,0.9466666666666667,1.0119708750862628,30,False,2374.0,True
149,random,739391,0.1,0.9403508771929825,0.9433333333333334,1.0111875419970602,30,False,2378.0,True
149,random,982451,0.09298245614035087,0.9438596491228071,0.9466666666666667,1.0206064169760793,30,True,2378.0,True
153,random,2026,0.08596491228070176,0.9315789473684211,0.935,1.1636326250154525,30,False,2378.0,True
153,random,74993,0.07719298245614035,0.9403508771929825,0.9433333333333334,1.0701923749875277,30,False,2376.0,True
153,random,419567,0.08421052631578947,0.9473684210526315,0.95,0.6957839999813586,20,True,2378.0,True
153,random,739391,0.08596491228070176,0.9350877192982456,0.9383333333333334,1.0490474591497332,30,False,2378.0,True
153,random,982451,0.08421052631578947,0.9368421052631579,0.94,1.055954083101824,30,False,2366.0,True
163,random,2026,0.07719298245614035,0.4017543859649123,0.43166666666666664,1.0540173340123147,30,False,1716.0,False
163,random,74993,0.07368421052631578,0.9526315789473684,0.955,1.0100402920506895,30,False,2378.0,True
163,random,419567,0.07017543859649122,0.9210526315789473,0.925,1.032109291991219,30,False,2338.0,True
163,random,739391,0.06491228070175438,0.44035087719298244,0.4683333333333333,1.2313120828475803,30,False,1722.0,False
163,random,982451,0.07192982456140351,0.25263157894736843,0.29,1.0695774999912828,28,True,1576.0,False
173,random,2026,0.07368421052631578,0.6368421052631579,0.655,1.044442042009905,30,False,1930.0,False
173,random,74993,0.07017543859649122,0.9526315789473684,0.955,1.044229625025764,30,False,2376.0,True
173,random,419567,0.07017543859649122,0.9438596491228071,0.9466666666666667,1.017287583090365,30,False,2376.0,True
173,random,739391,0.07894736842105263,0.9491228070175438,0.9516666666666667,1.0156280419323593,30,False,2378.0,True
173,random,982451,0.07192982456140351,0.9421052631578948,0.945,1.0130176250822842,30,False,2376.0,True
175,random,2026,0.07543859649122807,0.9526315789473684,0.955,1.0246216251980513,30,False,2376.0,True
175,random,74993,0.07719298245614035,0.9228070175438596,0.9266666666666666,1.0292232921347022,30,False,2362.0,True
175,random,419567,0.07368421052631578,0.9578947368421052,0.96,1.012421916006133,30,False,2378.0,True
175,random,739391,0.09298245614035087,0.9473684210526315,0.95,0.8848158339969814,26,True,2376.0,True
175,random,982451,0.07719298245614035,0.9368421052631579,0.94,0.9254152090288699,27,True,2372.0,True
179,random,2026,0.06666666666666667,0.9473684210526315,0.95,1.01144004217349,30,False,2378.0,True
179,random,74993,0.07368421052631578,0.6771929824561403,0.6933333333333334,1.0422095421236008,30,False,1914.0,False
179,random,419567,0.06842105263157895,0.9421052631578948,0.945,1.0189738341141492,30,False,2378.0,True
179,random,739391,0.07543859649122807,0.9368421052631579,0.94,1.0300479158759117,30,False,2378.0,True
179,random,982451,0.07368421052631578,0.9508771929824561,0.9533333333333334,0.8737693750299513,26,True,2378.0,True
181,random,2026,0.08070175438596491,0.9543859649122807,0.9566666666666667,1.0072105000726879,30,False,2374.0,True
181,random,74993,0.08421052631578947,0.9456140350877194,0.9483333333333334,1.0292833338025957,30,False,2370.0,True
181,random,419567,0.08421052631578947,0.9473684210526315,0.95,1.0155542918946594,30,False,2374.0,True
181,random,739391,0.08070175438596491,0.7701754385964912,0.7816666666666666,1.03118758299388,30,False,2130.0,False
181,random,982451,0.07368421052631578,0.956140350877193,0.9583333333333334,1.019865999929607,30,False,2376.0,True
182,random,2026,0.054385964912280704,0.18771929824561404,0.22833333333333333,0.8803017919417471,25,True,1512.0,False
182,random,74993,0.05087719298245614,0.18947368421052632,0.23,1.0440541659481823,30,False,1522.0,False
182,random,419567,0.054385964912280704,0.24035087719298245,0.2783333333333333,1.044114834163338,30,False,1566.0,False
182,random,739391,0.06140350877192982,0.22280701754385965,0.26166666666666666,1.025515666930005,30,False,1522.0,False
182,random,982451,0.06315789473684211,0.24210526315789474,0.28,1.0283348748926073,30,False,1568.0,False
187,random,2026,0.09649122807017543,0.9473684210526315,0.95,0.9086840411182493,27,True,2378.0,True
187,random,74993,0.09473684210526316,0.9508771929824561,0.9533333333333334,0.750682249898091,22,True,2376.0,True
187,random,419567,0.09473684210526316,0.9385964912280702,0.9416666666666667,0.8415666250512004,25,True,2378.0,True
187,random,739391,0.08947368421052632,0.9596491228070175,0.9616666666666667,0.9848996249493212,30,False,2376.0,True
187,random,982451,0.08596491228070176,0.9543859649122807,0.9566666666666667,0.9947169171646237,30,False,2378.0,True
188,random,2026,0.06315789473684211,0.2771929824561403,0.31333333333333335,1.0362077499739826,30,False,1598.0,False
188,random,74993,0.06140350877192982,0.256140350877193,0.29333333333333333,1.0196104999631643,30,False,1558.0,False
188,random,419567,0.06315789473684211,0.44035087719298244,0.4683333333333333,1.0268653749953955,30,False,1722.0,False
188,random,739391,0.06666666666666667,0.20175438596491227,0.24166666666666667,1.0245148329995573,30,False,1492.0,False
188,random,982451,0.07192982456140351,0.3350877192982456,0.36833333333333335,1.0315232500433922,30,False,1646.0,False
192,random,2026,0.0824561403508772,0.9385964912280702,0.9416666666666667,1.0089887080248445,30,False,2378.0,True
192,random,74993,0.09649122807017543,0.9438596491228071,0.9466666666666667,1.0107332500629127,30,False,2376.0,True
192,random,419567,0.08596491228070176,0.9508771929824561,0.9533333333333334,0.8739492909517139,26,True,2378.0,True
192,random,739391,0.08070175438596491,0.9578947368421052,0.96,1.0193929590750486,30,False,2376.0,True
192,random,982451,0.09298245614035087,0.9491228070175438,0.9516666666666667,0.980265999911353,29,True,2376.0,True
193,random,2026,0.056140350877192984,0.20526315789473684,0.245,1.0340703330002725,30,False,1512.0,False
193,random,74993,0.06491228070175438,0.21929824561403508,0.25833333333333336,1.0377336249221116,30,False,1516.0,False
193,random,419567,0.06842105263157895,0.18421052631578946,0.225,0.8311088329646736,23,True,1470.0,False
193,random,739391,0.07894736842105263,0.8947368421052632,0.9,1.0246007079258561,30,False,2318.0,False
193,random,982451,0.06491228070175438,0.24035087719298245,0.2783333333333333,0.7831195420585573,22,True,1580.0,False
194,random,2026,0.08070175438596491,0.45789473684210524,0.485,1.0399312498047948,30,False,1746.0,False
194,random,74993,0.07368421052631578,0.8017543859649123,0.8116666666666666,1.057380000129342,30,False,2166.0,False
194,random,419567,0.0824561403508772,0.9403508771929825,0.9433333333333334,1.0469217500649393,30,False,2378.0,True
194,random,739391,0.08421052631578947,0.9473684210526315,0.95,1.0068670001346618,30,True,2378.0,True
194,random,982451,0.08421052631578947,0.9543859649122807,0.9566666666666667,0.9842075838241726,29,True,2378.0,True
196,random,2026,0.08947368421052632,0.9263157894736842,0.93,1.076264166040346,30,False,2368.0,True
196,random,74993,0.07192982456140351,0.9052631578947369,0.91,1.028280874947086,30,False,2290.0,True
196,random,419567,0.07368421052631578,0.2578947368421053,0.295,1.033733749995008,30,False,1542.0,False
196,random,739391,0.07894736842105263,0.9526315789473684,0.955,1.0144546669907868,30,False,2376.0,True
196,random,982451,0.0824561403508772,0.9385964912280702,0.9416666666666667,1.0489506660960615,30,False,2370.0,True
198,random,2026,0.0824561403508772,0.8298245614035088,0.8383333333333334,1.0494056669995189,30,False,2220.0,False
198,random,74993,0.08771929824561403,0.9473684210526315,0.95,0.9241484170779586,27,True,2374.0,True
198,random,419567,0.07368421052631578,0.9473684210526315,0.95,1.0022922907955945,30,False,2378.0,True
198,random,739391,0.08070175438596491,0.9456140350877194,0.9483333333333334,1.0352675418835133,30,False,2378.0,True
198,random,982451,0.08947368421052632,0.9403508771929825,0.9433333333333334,1.007471957942471,30,False,2378.0,True
202,random,2026,0.07017543859649122,0.9491228070175438,0.9516666666666667,1.0215620000381023,30,False,2378.0,True
202,random,74993,0.07719298245614035,0.3350877192982456,0.36833333333333335,1.037435333011672,30,False,1654.0,False
202,random,419567,0.07719298245614035,0.9508771929824561,0.9533333333333334,0.9369094581343234,27,True,2376.0,True
202,random,739391,0.07719298245614035,0.9526315789473684,0.955,0.9494709998834878,28,True,2378.0,True
202,random,982451,0.07368421052631578,0.8526315789473684,0.86,1.0386212919838727,30,False,2252.0,False
206,random,2026,0.07017543859649122,0.36666666666666664,0.3983333333333333,1.0212240829132497,30,False,1672.0,False
206,random,74993,0.06140350877192982,0.42105263157894735,0.45,1.0586205839645118,30,False,1718.0,False
206,random,419567,0.06491228070175438,0.7807017543859649,0.7916666666666666,1.0406296669971198,30,False,2110.0,False
206,random,739391,0.07719298245614035,0.42105263157894735,0.45,1.0441460830625147,30,False,1714.0,False
206,random,982451,0.06140350877192982,0.256140350877193,0.29333333333333333,1.0411542907822877,30,False,1586.0,False
213,random,2026,0.0824561403508772,0.9456140350877194,0.9483333333333334,1.0375404169317335,30,False,2376.0,True
213,random,74993,0.06842105263157895,0.5894736842105263,0.61,1.0284766249824315,30,False,1860.0,False
213,random,419567,0.07719298245614035,0.9491228070175438,0.9516666666666667,1.0022293750662357,30,False,2378.0,True
213,random,739391,0.07368421052631578,0.9421052631578948,0.945,1.040881749941036,30,False,2376.0,True
213,random,982451,0.0824561403508772,0.9403508771929825,0.9433333333333334,1.0428277500905097,30,False,2376.0,True
214,random,2026,0.0912280701754386,0.9403508771929825,0.9433333333333334,1.1300494999159127,30,False,2378.0,True
214,random,74993,0.09649122807017543,0.9298245614035088,0.9333333333333333,1.0495140000712126,30,False,2378.0,True
214,random,419567,0.1,0.9456140350877194,0.9483333333333334,0.7925052079372108,23,True,2378.0,True
214,random,739391,0.08947368421052632,0.9421052631578948,0.945,1.0038042911328375,30,False,2374.0,True
214,random,982451,0.08771929824561403,0.9456140350877194,0.9483333333333334,0.9122584580909461,27,True,2378.0,True
221,random,2026,0.06666666666666667,0.34210526315789475,0.375,1.0657210410572588,30,False,1602.0,False
221,random,74993,0.08421052631578947,0.7894736842105263,0.8,1.0509667920414358,30,False,2150.0,False
221,random,419567,0.07017543859649122,0.156140350877193,0.19833333333333333,1.0508770840242505,30,False,1468.0,False
221,random,739391,0.07192982456140351,0.34035087719298246,0.37333333333333335,1.0380917079746723,30,False,1632.0,False
221,random,982451,0.07192982456140351,0.8491228070175438,0.8566666666666667,1.0432122501078993,30,False,2256.0,False
222,random,2026,0.08947368421052632,0.9543859649122807,0.9566666666666667,1.0216210831422359,30,False,2376.0,True
222,random,74993,0.07719298245614035,0.9491228070175438,0.9516666666666667,1.006504082819447,30,False,2376.0,True
222,random,419567,0.08421052631578947,0.9543859649122807,0.9566666666666667,1.004066958092153,30,False,2376.0,True
222,random,739391,0.08596491228070176,0.9614035087719298,0.9633333333333334,1.0399579999502748,30,False,2376.0,True
222,random,982451,0.0824561403508772,0.9508771929824561,0.9533333333333334,0.813391458010301,24,True,2376.0,True
223,random,2026,0.056140350877192984,0.16140350877192983,0.20333333333333334,1.0454356661066413,30,False,1456.0,False
223,random,74993,0.07192982456140351,0.2649122807017544,0.3016666666666667,1.0460015421267599,30,False,1550.0,False
223,random,419567,0.06842105263157895,0.15789473684210525,0.2,1.0439895410090685,30,False,1460.0,False
223,random,739391,0.07017543859649122,0.11403508771929824,0.15833333333333333,1.044048375217244,30,False,1438.0,False
223,random,982451,0.07368421052631578,0.20350877192982456,0.24333333333333335,1.0600400830153376,30,False,1494.0,False
224,random,2026,0.09473684210526316,0.9385964912280702,0.9416666666666667,0.9254343330394477,26,True,2374.0,True
224,random,74993,0.09649122807017543,0.9456140350877194,0.9483333333333334,1.0282489999663085,30,False,2376.0,True
224,random,419567,0.09649122807017543,0.9438596491228071,0.9466666666666667,1.0200944170355797,30,False,2376.0,True
224,random,739391,0.09473684210526316,0.9368421052631579,0.94,1.0232690409757197,30,False,2374.0,True
224,random,982451,0.09298245614035087,0.9456140350877194,0.9483333333333334,1.0161070409230888,30,False,2376.0,True
230,random,2026,0.042105263157894736,0.10701754385964912,0.15166666666666667,1.056508791865781,30,False,1458.0,False
230,random,74993,0.05263157894736842,0.11578947368421053,0.16,0.8415839169174433,24,True,1454.0,False
230,random,419567,0.04736842105263158,0.10877192982456141,0.15333333333333332,0.7866675830446184,22,True,1434.0,False
230,random,739391,0.05087719298245614,0.1649122807017544,0.20666666666666667,1.0423449168447405,30,False,1480.0,False
230,random,982451,0.05263157894736842,0.12456140350877193,0.16833333333333333,1.055174957960844,30,False,1476.0,False
239,random,2026,0.08421052631578947,0.9508771929824561,0.9533333333333334,1.0179075410123914,30,False,2378.0,True
239,random,74993,0.08771929824561403,0.9473684210526315,0.95,1.0220681668724865,30,False,2378.0,True
239,random,419567,0.08947368421052632,0.9526315789473684,0.955,1.0062514999881387,30,True,2378.0,True
239,random,739391,0.08771929824561403,0.9385964912280702,0.9416666666666667,0.8971912909764796,26,True,2378.0,True
239,random,982451,0.07719298245614035,0.956140350877193,0.9583333333333334,1.0345118748955429,30,False,2378.0,True
254,random,2026,0.06842105263157895,0.18947368421052632,0.23,0.645762792089954,18,True,1490.0,False
254,random,74993,0.06666666666666667,0.21929824561403508,0.25833333333333336,1.03516187495552,30,False,1528.0,False
254,random,419567,0.06491228070175438,0.28596491228070176,0.32166666666666666,1.0499094161204994,30,False,1614.0,False
254,random,739391,0.06842105263157895,0.356140350877193,0.3883333333333333,1.0322744578588754,30,False,1626.0,False
254,random,982451,0.07017543859649122,0.24385964912280703,0.2816666666666667,1.0321626251097769,30,False,1560.0,False
256,random,2026,0.07543859649122807,0.9385964912280702,0.9416666666666667,1.0231516249477863,30,False,2376.0,True
256,random,74993,0.06491228070175438,0.37894736842105264,0.41,1.059428917011246,30,False,1672.0,False
256,random,419567,0.08070175438596491,0.9438596491228071,0.9466666666666667,1.0261357920244336,30,False,2376.0,True
256,random,739391,0.08070175438596491,0.9456140350877194,0.9483333333333334,1.0339192911051214,30,False,2376.0,True
256,random,982451,0.07017543859649122,0.9035087719298246,0.9083333333333333,1.2571357919368893,30,False,2350.0,True
261,random,2026,0.07368421052631578,0.36666666666666664,0.3983333333333333,1.1015062080696225,30,False,1652.0,False
261,random,74993,0.06140350877192982,0.28421052631578947,0.32,1.0774373339954764,30,True,1600.0,False
261,random,419567,0.07017543859649122,0.24561403508771928,0.2833333333333333,1.054970792029053,30,False,1568.0,False
261,random,739391,0.07017543859649122,0.2631578947368421,0.3,0.8624970000237226,24,True,1598.0,False
261,random,982451,0.07192982456140351,0.4105263157894737,0.44,1.1386176249943674,30,False,1706.0,False
262,random,2026,0.07192982456140351,0.9385964912280702,0.9416666666666667,1.0788694589864463,30,False,2370.0,True
262,random,74993,0.08771929824561403,0.9614035087719298,0.9633333333333334,0.9947074158117175,30,False,2378.0,True
262,random,419567,0.07894736842105263,0.9228070175438596,0.9266666666666666,1.0251497079152614,30,False,2346.0,True
262,random,739391,0.08596491228070176,0.9508771929824561,0.9533333333333334,1.02134258300066,30,False,2378.0,True
262,random,982451,0.0824561403508772,0.6859649122807018,0.7016666666666667,1.036176540888846,30,False,1984.0,False
265,random,2026,0.07719298245614035,0.9192982456140351,0.9233333333333333,1.0314232921227813,30,False,2348.0,True
265,random,74993,0.06842105263157895,0.2578947368421053,0.295,1.0354800829663873,30,False,1610.0,False
265,random,419567,0.06842105263157895,0.3456140350877193,0.37833333333333335,1.0538861670065671,30,False,1644.0,False
265,random,739391,0.08421052631578947,0.3,0.335,1.0472812498919666,30,False,1584.0,False
265,random,982451,0.07894736842105263,0.3894736842105263,0.42,1.0344017499592155,30,False,1694.0,False
270,random,2026,0.08070175438596491,0.25087719298245614,0.28833333333333333,1.032532500103116,30,False,1558.0,False
270,random,74993,0.07543859649122807,0.9473684210526315,0.95,1.0286012501455843,30,False,2378.0,True
270,random,419567,0.07719298245614035,0.2578947368421053,0.295,0.9133207909762859,26,True,1568.0,False
270,random,739391,0.08771929824561403,0.4105263157894737,0.44,1.0418392079882324,30,False,1684.0,False
270,random,982451,0.0824561403508772,0.519298245614035,0.5433333333333333,1.0424661659635603,30,False,1840.0,False
275,random,2026,0.07017543859649122,0.2912280701754386,0.32666666666666666,1.0679810422006994,30,False,1622.0,False
275,random,74993,0.05964912280701754,0.2596491228070175,0.2966666666666667,1.0595271659549326,30,False,1584.0,False
275,random,419567,0.06140350877192982,0.20701754385964913,0.24666666666666667,1.044992791954428,30,False,1504.0,False
275,random,739391,0.06842105263157895,0.5473684210526316,0.57,1.0486360830254853,30,False,1826.0,False
275,random,982451,0.06842105263157895,0.2649122807017544,0.3016666666666667,1.04228145792149,29,True,1596.0,False
280,random,2026,0.0824561403508772,0.9491228070175438,0.9516666666666667,0.989758166950196,29,True,2378.0,True
280,random,74993,0.08596491228070176,0.9315789473684211,0.935,1.024851624853909,30,False,2360.0,True
280,random,419567,0.08771929824561403,0.9473684210526315,0.95,1.0026527920272201,30,False,2378.0,True
280,random,739391,0.09298245614035087,0.9508771929824561,0.9533333333333334,0.73294174997136,21,True,2378.0,True
280,random,982451,0.10350877192982456,0.9473684210526315,0.95,0.9514222501311451,28,True,2378.0,True
282,random,2026,0.11052631578947368,0.9421052631578948,0.945,1.0008594170212746,30,False,2378.0,True
282,random,74993,0.09473684210526316,0.9456140350877194,0.9483333333333334,1.0060195419937372,30,False,2378.0,True
282,random,419567,0.10526315789473684,0.9421052631578948,0.945,0.8191292081028223,24,True,2376.0,True
282,random,739391,0.10175438596491228,0.9543859649122807,0.9566666666666667,1.0297428749036044,30,False,2378.0,True
282,random,982451,0.09649122807017543,0.956140350877193,0.9583333333333334,0.9460624170023948,28,True,2376.0,True
283,random,2026,0.07017543859649122,0.2894736842105263,0.325,1.0479220831766725,30,False,1606.0,False
283,random,74993,0.07192982456140351,0.30526315789473685,0.34,1.0631672500167042,30,False,1614.0,False
283,random,419567,0.07894736842105263,0.30350877192982456,0.3383333333333333,1.0402405830100179,30,False,1590.0,False
283,random,739391,0.07543859649122807,0.29473684210526313,0.33,1.0562935001216829,29,True,1598.0,False
283,random,982451,0.07543859649122807,0.8122807017543859,0.8216666666666667,1.0653470419347286,30,False,2156.0,False
296,random,2026,0.06140350877192982,0.1368421052631579,0.18,1.0135951249394566,29,True,1494.0,False
296,random,74993,0.06140350877192982,0.3456140350877193,0.37833333333333335,1.0409920830279589,30,True,1650.0,False
296,random,419567,0.07543859649122807,0.36666666666666664,0.3983333333333333,1.0416932499501854,30,False,1668.0,False
296,random,739391,0.06140350877192982,0.15087719298245614,0.19333333333333333,1.067598291207105,30,False,1492.0,False
296,random,982451,0.05789473684210526,0.21754385964912282,0.25666666666666665,1.0456301248632371,30,False,1530.0,False
306,random,2026,0.1,0.9385964912280702,0.9416666666666667,1.0139786251820624,30,True,2378.0,True
306,random,74993,0.10701754385964912,0.9526315789473684,0.955,0.9177027500700206,27,True,2378.0,True
306,random,419567,0.1,0.9508771929824561,0.9533333333333334,1.0293583751190454,30,False,2378.0,True
306,random,739391,0.09473684210526316,0.9333333333333333,0.9366666666666666,1.0190584999509156,30,True,2368.0,True
306,random,982451,0.09473684210526316,0.9526315789473684,0.955,0.9809103750158101,29,True,2378.0,True
318,random,2026,0.06315789473684211,0.18421052631578946,0.225,0.8937985410448164,25,True,1530.0,False
318,random,74993,0.08070175438596491,0.8350877192982457,0.8433333333333334,1.0558642079122365,30,False,2242.0,False
318,random,419567,0.06491228070175438,0.3017543859649123,0.33666666666666667,0.746474500047043,21,True,1590.0,False
318,random,739391,0.07192982456140351,0.9333333333333333,0.9366666666666666,1.006883041933179,29,True,2378.0,True
318,random,982451,0.07368421052631578,0.9421052631578948,0.945,1.021177665796131,30,False,2374.0,True
325,random,2026,0.06666666666666667,0.1543859649122807,0.19666666666666666,0.9814819588791579,27,True,1474.0,False
325,random,74993,0.06842105263157895,0.13508771929824562,0.17833333333333334,1.0582000419963151,30,False,1456.0,False
325,random,419567,0.05964912280701754,0.2,0.24,1.0472488747909665,30,False,1518.0,False
325,random,739391,0.07368421052631578,0.1631578947368421,0.205,1.0528548748698086,30,False,1496.0,False
325,random,982451,0.07894736842105263,0.21578947368421053,0.255,1.0699937078170478,30,False,1516.0,False
329,random,2026,0.07543859649122807,0.9350877192982456,0.9383333333333334,1.0152636668644845,30,False,2374.0,True
329,random,74993,0.06666666666666667,0.4017543859649123,0.43166666666666664,1.0499905420001596,30,False,1704.0,False
329,random,419567,0.09298245614035087,0.9263157894736842,0.93,1.0433090419974178,30,False,2368.0,True
329,random,739391,0.0824561403508772,0.9368421052631579,0.94,1.054758750135079,30,False,2366.0,True
329,random,982451,0.07543859649122807,0.4280701754385965,0.45666666666666667,1.0606724170502275,30,False,1744.0,False
334,random,2026,0.07719298245614035,0.9368421052631579,0.94,1.027125749969855,30,False,2374.0,True
334,random,74993,0.0824561403508772,0.9526315789473684,0.955,0.6989081669598818,20,True,2378.0,True
334,random,419567,0.07894736842105263,0.9368421052631579,0.94,1.0501567921601236,30,False,2366.0,True
334,random,739391,0.07894736842105263,0.9333333333333333,0.9366666666666666,1.0175720839761198,30,False,2376.0,True
334,random,982451,0.06842105263157895,0.8701754385964913,0.8766666666666667,1.0434125831816345,30,False,2248.0,False
336,random,2026,0.054385964912280704,0.3912280701754386,0.4216666666666667,1.055034707998857,30,False,1714.0,False
336,random,74993,0.06315789473684211,0.41228070175438597,0.44166666666666665,1.1829992909915745,30,False,1728.0,False
336,random,419567,0.054385964912280704,0.26666666666666666,0.30333333333333334,0.9909638750832528,25,True,1622.0,False
336,random,739391,0.054385964912280704,0.34385964912280703,0.37666666666666665,1.0709692498203367,30,False,1620.0,False
336,random,982451,0.056140350877192984,0.33157894736842103,0.365,1.0581882500555366,30,False,1642.0,False
340,random,2026,0.08070175438596491,0.9438596491228071,0.9466666666666667,1.0350476659368724,30,False,2372.0,True
340,random,74993,0.08771929824561403,0.9543859649122807,0.9566666666666667,1.0326923329848796,30,False,2376.0,True
340,random,419567,0.07368421052631578,0.7824561403508772,0.7933333333333333,1.054164833156392,30,False,2150.0,False
340,random,739391,0.08070175438596491,0.9456140350877194,0.9483333333333334,1.0335943750105798,30,False,2372.0,True
340,random,982451,0.07894736842105263,0.3684210526315789,0.4,1.0451860830653459,30,False,1664.0,False
341,random,2026,0.10526315789473684,0.9403508771929825,0.9433333333333334,0.7667486669961363,22,True,2374.0,True
341,random,74993,0.09473684210526316,0.9508771929824561,0.9533333333333334,0.8310598749667406,24,True,2378.0,True
341,random,419567,0.09298245614035087,0.9368421052631579,0.94,0.8212037498597056,24,True,2378.0,True
341,random,739391,0.09824561403508772,0.9508771929824561,0.9533333333333334,1.0029519170057029,30,True,2378.0,True
341,random,982451,0.09824561403508772,0.956140350877193,0.9583333333333334,0.9175760839134455,27,True,2378.0,True
342,random,2026,0.09473684210526316,0.9578947368421052,0.96,0.8371156668290496,24,True,2378.0,True
342,random,74993,0.07192982456140351,0.2754385964912281,0.31166666666666665,1.0456812079064548,30,False,1614.0,False
342,random,419567,0.08421052631578947,0.8859649122807017,0.8916666666666667,1.0602363331709057,30,False,2280.0,False
342,random,739391,0.0824561403508772,0.9403508771929825,0.9433333333333334,1.0427849581465125,30,True,2378.0,True
342,random,982451,0.08596491228070176,0.9614035087719298,0.9633333333333334,0.9851727080531418,29,True,2378.0,True
349,random,2026,0.07894736842105263,0.9473684210526315,0.95,1.0253809159621596,30,False,2378.0,True
349,random,74993,0.07543859649122807,0.8421052631578947,0.85,1.0389724590349942,30,False,2222.0,False
349,random,419567,0.07192982456140351,0.9263157894736842,0.93,1.0549059589393437,30,False,2344.0,True
349,random,739391,0.07894736842105263,0.3087719298245614,0.3433333333333333,1.0430545827839524,30,False,1612.0,False
349,random,982451,0.07894736842105263,0.9421052631578948,0.945,1.0188905829563737,30,False,2376.0,True
355,random,2026,0.07543859649122807,0.9438596491228071,0.9466666666666667,0.96088937507011,28,True,2372.0,True
355,random,74993,0.0912280701754386,0.9298245614035088,0.9333333333333333,1.0405642909463495,30,False,2340.0,True
355,random,419567,0.1,0.9473684210526315,0.95,1.0278701670467854,30,False,2378.0,True
355,random,739391,0.07894736842105263,0.9403508771929825,0.9433333333333334,1.0306024579331279,30,False,2372.0,True
355,random,982451,0.08947368421052632,0.9508771929824561,0.9533333333333334,1.0337487501092255,30,False,2378.0,True
357,random,2026,0.08771929824561403,0.9421052631578948,0.945,1.0541895830538124,30,False,2370.0,True
357,random,74993,0.0824561403508772,0.8842105263157894,0.89,1.0495391669683158,30,False,2278.0,False
357,random,419567,0.08070175438596491,0.4666666666666667,0.49333333333333335,1.0543255838565528,30,False,1750.0,False
357,random,739391,0.1,0.9421052631578948,0.945,1.1230878331698477,30,False,2376.0,True
357,random,982451,0.07894736842105263,0.6754385964912281,0.6916666666666667,1.0562974999193102,30,False,1954.0,False
362,random,2026,0.09298245614035087,0.9315789473684211,0.935,1.014581625116989,30,False,2372.0,True
362,random,74993,0.10526315789473684,0.9578947368421052,0.96,0.8147466250229627,24,True,2378.0,True
362,random,419567,0.09824561403508772,0.9403508771929825,0.9433333333333334,0.8681437498889863,26,True,2378.0,True
362,random,739391,0.09649122807017543,0.9438596491228071,0.9466666666666667,0.8491447910200804,24,True,2372.0,True
362,random,982451,0.09298245614035087,0.9543859649122807,0.9566666666666667,1.0209602920804173,30,False,2378.0,True
364,random,2026,0.056140350877192984,0.23157894736842105,0.27,1.0396490839775652,30,False,1556.0,False
364,random,74993,0.06491228070175438,0.2964912280701754,0.33166666666666667,1.0522147919982672,30,False,1612.0,False
364,random,419567,0.05789473684210526,0.3631578947368421,0.395,1.0672345419880003,30,False,1732.0,False
364,random,739391,0.07192982456140351,0.46842105263157896,0.495,1.042392916046083,30,False,1792.0,False
364,random,982451,0.05964912280701754,0.3,0.335,1.0427008748520166,30,False,1642.0,False
374,random,2026,0.1,0.956140350877193,0.9583333333333334,0.8409523330628872,25,True,2378.0,True
374,random,74993,0.0912280701754386,0.9491228070175438,0.9516666666666667,1.0489988329354674,30,True,2376.0,True
374,random,419567,0.09298245614035087,0.9508771929824561,0.9533333333333334,1.2068287921138108,30,False,2378.0,True
374,random,739391,0.08947368421052632,0.9526315789473684,0.955,1.086342167109251,30,False,2378.0,True
374,random,982451,0.08596491228070176,0.4631578947368421,0.49,1.0474778329953551,30,False,1760.0,False
379,random,2026,0.06315789473684211,0.9421052631578948,0.945,1.0456712499726564,30,False,2376.0,True
379,random,74993,0.07192982456140351,0.9385964912280702,0.9416666666666667,1.0148414589930326,30,False,2376.0,True
379,random,419567,0.06315789473684211,0.7964912280701755,0.8066666666666666,1.0543007091619074,30,False,2112.0,False
379,random,739391,0.05964912280701754,0.7526315789473684,0.765,1.0632099159993231,30,False,2062.0,False
379,random,982451,0.07368421052631578,0.5157894736842106,0.54,1.0716472500935197,30,False,1802.0,False
383,random,2026,0.07017543859649122,0.256140350877193,0.29333333333333333,1.0437455838546157,30,False,1582.0,False
383,random,74993,0.06315789473684211,0.21754385964912282,0.25666666666666665,1.0426379169803113,30,False,1556.0,False
383,random,419567,0.07368421052631578,0.24385964912280703,0.2816666666666667,1.0394401249941438,30,False,1572.0,False
383,random,739391,0.07192982456140351,0.42280701754385963,0.45166666666666666,1.0630987081676722,30,False,1676.0,False
383,random,982451,0.06140350877192982,0.21929824561403508,0.25833333333333336,1.0503879999741912,30,False,1518.0,False
386,random,2026,0.07368421052631578,0.5964912280701754,0.6166666666666667,1.0313550420105457,30,False,1940.0,False
386,random,74993,0.06842105263157895,0.21578947368421053,0.255,1.063145708059892,30,False,1552.0,False
386,random,419567,0.07017543859649122,0.724561403508772,0.7383333333333333,1.0436900411732495,30,False,2060.0,False
386,random,739391,0.07894736842105263,0.35789473684210527,0.39,1.0421971250325441,30,False,1674.0,False
386,random,982451,0.06491228070175438,0.3192982456140351,0.35333333333333333,1.0277727919165045,30,False,1668.0,False
396,random,2026,0.08947368421052632,0.9473684210526315,0.95,0.8419558750465512,24,True,2376.0,True
396,random,74993,0.08771929824561403,0.9491228070175438,0.9516666666666667,0.8919788750354201,26,True,2378.0,True
396,random,419567,0.08421052631578947,0.9508771929824561,0.9533333333333334,0.9902464160695672,29,True,2378.0,True
396,random,739391,0.1,0.9508771929824561,0.9533333333333334,0.9055153331719339,27,True,2378.0,True
396,random,982451,0.08947368421052632,0.9385964912280702,0.9416666666666667,0.7292305419687182,21,True,2376.0,True
399,random,2026,0.0824561403508772,0.9543859649122807,0.9566666666666667,1.0660831250716,30,False,2374.0,True
399,random,74993,0.06491228070175438,0.22982456140350876,0.2683333333333333,1.0535730828996748,30,False,1516.0,False
399,random,419567,0.05964912280701754,0.22631578947368422,0.265,1.0519419580232352,30,False,1538.0,False
399,random,739391,0.07192982456140351,0.39473684210526316,0.425,1.0533987500239164,30,False,1712.0,False
399,random,982451,0.06666666666666667,0.21052631578947367,0.25,0.916235415963456,25,True,1496.0,False
402,random,2026,0.08421052631578947,0.3280701754385965,0.3616666666666667,1.0470375830773264,30,False,1622.0,False
402,random,74993,0.07192982456140351,0.3385964912280702,0.37166666666666665,1.0462902910076082,30,False,1608.0,False
402,random,419567,0.07543859649122807,0.2789473684210526,0.315,1.056197333149612,30,False,1570.0,False
402,random,739391,0.06491228070175438,0.2631578947368421,0.3,1.0583285000175238,30,False,1564.0,False
402,random,982451,0.08421052631578947,0.3157894736842105,0.35,1.0664422498084605,30,True,1620.0,False
403,random,2026,0.10350877192982456,0.9508771929824561,0.9533333333333334,0.9183678328990936,27,True,2378.0,True
403,random,74993,0.11052631578947368,0.9491228070175438,0.9516666666666667,0.7071711660828441,20,True,2378.0,True
403,random,419567,0.10526315789473684,0.9456140350877194,0.9483333333333334,0.6885941668879241,19,True,2378.0,True
403,random,739391,0.1,0.956140350877193,0.9583333333333334,0.8670727910939604,25,True,2378.0,True
403,random,982451,0.09824561403508772,0.9473684210526315,0.95,0.7603283750358969,22,True,2376.0,True
405,random,2026,0.06842105263157895,0.2614035087719298,0.29833333333333334,1.0334809999912977,30,False,1600.0,False
405,random,74993,0.06491228070175438,0.16842105263157894,0.21,1.0570010000374168,30,False,1500.0,False
405,random,419567,0.056140350877192984,0.12982456140350876,0.17333333333333334,1.065018167020753,30,False,1486.0,False
405,random,739391,0.06315789473684211,0.4017543859649123,0.43166666666666664,1.0674369591288269,30,False,1692.0,False
405,random,982451,0.056140350877192984,0.23157894736842105,0.27,1.0456902079749852,30,False,1546.0,False
406,random,2026,0.08421052631578947,0.9456140350877194,0.9483333333333334,1.0404872091021389,30,False,2378.0,True
406,random,74993,0.08771929824561403,0.9543859649122807,0.9566666666666667,1.0324485830496997,30,False,2372.0,True
406,random,419567,0.0824561403508772,0.9456140350877194,0.9483333333333334,1.0201287921518087,30,False,2378.0,True
406,random,739391,0.07368421052631578,0.9491228070175438,0.9516666666666667,1.033503542188555,30,False,2374.0,True
406,random,982451,0.0824561403508772,0.9614035087719298,0.9633333333333334,0.8846122918184847,25,True,2378.0,True
408,random,2026,0.07719298245614035,0.9315789473684211,0.935,1.0679494999349117,30,False,2366.0,True
408,random,74993,0.06491228070175438,0.18947368421052632,0.23,1.1641131669748574,30,False,1516.0,False
408,random,419567,0.06842105263157895,0.20350877192982456,0.24333333333333335,1.074440292082727,30,False,1496.0,False
408,random,739391,0.06666666666666667,0.1631578947368421,0.205,1.083199666813016,30,False,1504.0,False
408,random,982451,0.07368421052631578,0.22105263157894736,0.26,0.9370517500210553,27,True,1522.0,False
410,random,2026,0.0824561403508772,0.9456140350877194,0.9483333333333334,1.0296101251151413,30,False,2378.0,True
410,random,74993,0.08070175438596491,0.9508771929824561,0.9533333333333334,0.9864719999022782,29,True,2378.0,True
410,random,419567,0.07368421052631578,0.9473684210526315,0.95,1.040795624954626,30,False,2376.0,True
410,random,739391,0.08421052631578947,0.9438596491228071,0.9466666666666667,1.1260856669396162,30,False,2376.0,True
410,random,982451,0.08070175438596491,0.9403508771929825,0.9433333333333334,1.141858042217791,30,False,2368.0,True
411,random,2026,0.08596491228070176,0.9491228070175438,0.9516666666666667,1.0382144169416279,30,False,2378.0,True
411,random,74993,0.07719298245614035,0.4789473684210526,0.505,1.0485729170031846,30,False,1808.0,False
411,random,419567,0.0824561403508772,0.9403508771929825,0.9433333333333334,1.0409696670249104,30,False,2376.0,True
411,random,739391,0.07017543859649122,0.9473684210526315,0.95,1.0318564590997994,30,False,2378.0,True
411,random,982451,0.07017543859649122,0.32280701754385965,0.3566666666666667,1.0643476250115782,30,False,1616.0,False
414,random,2026,0.07894736842105263,0.3298245614035088,0.36333333333333334,1.0418825838714838,30,False,1656.0,False
414,random,74993,0.07543859649122807,0.9438596491228071,0.9466666666666667,1.0294287921860814,30,False,2378.0,True
414,random,419567,0.07017543859649122,0.30701754385964913,0.3416666666666667,1.039368333062157,30,False,1604.0,False
414,random,739391,0.07368421052631578,0.7263157894736842,0.74,1.0831296250689775,30,False,2020.0,False
414,random,982451,0.07894736842105263,0.45263157894736844,0.48,1.054295042064041,30,False,1772.0,False
419,random,2026,0.07719298245614035,0.9508771929824561,0.9533333333333334,0.919979624915868,27,True,2378.0,True
419,random,74993,0.07894736842105263,0.41228070175438597,0.44166666666666665,1.0378201249986887,30,False,1734.0,False
419,random,419567,0.07368421052631578,0.26842105263157895,0.305,1.0696519578341395,30,False,1620.0,False
419,random,739391,0.06842105263157895,0.3140350877192982,0.34833333333333333,1.0492000000085682,30,False,1608.0,False
419,random,982451,0.07543859649122807,0.9157894736842105,0.92,1.0314113330096006,30,False,2348.0,True
423,random,2026,0.07543859649122807,0.9473684210526315,0.95,1.0314975420478731,30,False,2378.0,True
423,random,74993,0.06842105263157895,0.9526315789473684,0.955,0.936979667050764,27,True,2374.0,True
423,random,419567,0.06666666666666667,0.43859649122807015,0.4666666666666667,1.040096125099808,30,False,1714.0,False
423,random,739391,0.06666666666666667,0.5157894736842106,0.54,1.0344599999953061,30,False,1782.0,False
423,random,982451,0.07368421052631578,0.956140350877193,0.9583333333333334,1.0168890410568565,30,False,2378.0,True
426,random,2026,0.08771929824561403,0.9298245614035088,0.9333333333333333,1.0467204998712987,30,False,2364.0,True
426,random,74993,0.09649122807017543,0.9403508771929825,0.9433333333333334,1.0144273329060525,30,False,2378.0,True
426,random,419567,0.09298245614035087,0.9368421052631579,0.94,1.014495707815513,30,False,2378.0,True
426,random,739391,0.08596491228070176,0.9368421052631579,0.94,1.0257592089474201,30,False,2374.0,True
426,random,982451,0.0824561403508772,0.6614035087719298,0.6783333333333333,1.051426999969408,30,False,1986.0,False
432,random,2026,0.06491228070175438,0.22105263157894736,0.26,0.9854283751919866,28,True,1556.0,False
432,random,74993,0.05964912280701754,0.24210526315789474,0.28,1.0491896669846028,30,False,1554.0,False
432,random,419567,0.05964912280701754,0.2631578947368421,0.3,0.9834452499635518,28,True,1578.0,False
432,random,739391,0.06315789473684211,0.4280701754385965,0.45666666666666667,1.0561325000599027,30,False,1726.0,False
432,random,982451,0.05789473684210526,0.36140350877192984,0.3933333333333333,1.0556042089592665,30,False,1644.0,False
435,random,2026,0.08947368421052632,0.9543859649122807,0.9566666666666667,1.045048916945234,30,False,2376.0,True
435,random,74993,0.08421052631578947,0.9491228070175438,0.9516666666666667,1.0219334999565035,30,False,2378.0,True
435,random,419567,0.08947368421052632,0.9596491228070175,0.9616666666666667,1.0320915419142693,30,False,2378.0,True
435,random,739391,0.08947368421052632,0.9508771929824561,0.9533333333333334,0.9948246250860393,30,False,2378.0,True
435,random,982451,0.08596491228070176,0.8350877192982457,0.8433333333333334,1.0509984579402953,30,False,2210.0,False
442,random,2026,0.08947368421052632,0.9473684210526315,0.95,1.0214903748128563,30,False,2376.0,True
442,random,74993,0.0824561403508772,0.30350877192982456,0.3383333333333333,1.0090290419757366,29,True,1652.0,False
442,random,419567,0.0824561403508772,0.9421052631578948,0.945,1.033669542055577,30,False,2368.0,True
442,random,739391,0.07192982456140351,0.34912280701754383,0.38166666666666665,1.054977250052616,30,False,1698.0,False
442,random,982451,0.0824561403508772,0.9192982456140351,0.9233333333333333,1.0416307079140097,30,False,2324.0,True
454,random,2026,0.08771929824561403,0.9385964912280702,0.9416666666666667,0.9871927909553051,29,True,2378.0,True
454,random,74993,0.08596491228070176,0.9578947368421052,0.96,1.0156472080852836,30,False,2378.0,True
454,random,419567,0.08947368421052632,0.9385964912280702,0.9416666666666667,1.0202738328371197,30,False,2370.0,True
454,random,739391,0.08421052631578947,0.9473684210526315,0.95,1.0391905829310417,30,True,2378.0,True
454,random,982451,0.09473684210526316,0.9543859649122807,0.9566666666666667,0.9566620409023017,28,True,2378.0,True
457,random,2026,0.0824561403508772,0.45964912280701753,0.4866666666666667,1.0305820410139859,30,False,1766.0,False
457,random,74993,0.09649122807017543,0.9421052631578948,0.945,1.0179616659879684,30,False,2378.0,True
457,random,419567,0.08771929824561403,0.9508771929824561,0.9533333333333334,0.8745493749156594,25,True,2378.0,True
457,random,739391,0.07543859649122807,0.2824561403508772,0.31833333333333336,0.9174933747854084,26,True,1616.0,False
457,random,982451,0.07543859649122807,0.3017543859649123,0.33666666666666667,1.066153874853626,30,False,1596.0,False
480,random,2026,0.06666666666666667,0.9122807017543859,0.9166666666666666,1.0385214169509709,30,False,2342.0,True
480,random,74993,0.07192982456140351,0.6701754385964912,0.6866666666666666,1.0621375842019916,30,False,1976.0,False
480,random,419567,0.07192982456140351,0.4421052631578947,0.47,1.041349541861564,30,False,1734.0,False
480,random,739391,0.06666666666666667,0.1824561403508772,0.22333333333333333,1.0614982498809695,30,False,1560.0,False
480,random,982451,0.06842105263157895,0.5228070175438596,0.5466666666666666,1.0542266250122339,30,False,1832.0,False
489,random,2026,0.05789473684210526,0.3192982456140351,0.35333333333333333,1.053276542108506,30,False,1628.0,False
489,random,74993,0.06315789473684211,0.9192982456140351,0.9233333333333333,1.0356001670006663,30,False,2358.0,True
489,random,419567,0.06140350877192982,0.3736842105263158,0.405,1.0596144588198513,30,False,1706.0,False
489,random,739391,0.06666666666666667,0.9578947368421052,0.96,1.054129249881953,30,False,2378.0,True
489,random,982451,0.06491228070175438,0.9140350877192982,0.9183333333333333,1.0635549160651863,30,False,2314.0,True
500,feature_diverse,2026,0.08421052631578947,0.9368421052631579,0.94,1.0374666249845177,30,False,2378.0,True
500,feature_diverse,74993,0.07894736842105263,0.9421052631578948,0.945,1.0165129581000656,30,False,2378.0,True
500,feature_diverse,419567,0.0824561403508772,0.4824561403508772,0.5083333333333333,1.0311469580046833,30,False,1774.0,False
500,feature_diverse,739391,0.08771929824561403,0.9333333333333333,0.9366666666666666,0.8596624999772757,25,True,2378.0,True
500,feature_diverse,982451,0.07017543859649122,0.9526315789473684,0.955,1.0179768749512732,30,False,2378.0,True
503,feature_diverse,2026,0.07368421052631578,0.9473684210526315,0.95,1.034844083013013,30,True,2376.0,True
503,feature_diverse,74993,0.07368421052631578,0.3701754385964912,0.40166666666666667,1.061823416966945,30,False,1686.0,False
503,feature_diverse,419567,0.06842105263157895,0.24912280701754386,0.2866666666666667,0.9220577080268413,26,True,1594.0,False
503,feature_diverse,739391,0.06666666666666667,0.5228070175438596,0.5466666666666666,1.0827194589655846,30,False,1822.0,False
503,feature_diverse,982451,0.07368421052631578,0.7614035087719299,0.7733333333333333,1.1804916670080274,30,False,2106.0,False
504,feature_diverse,2026,0.0824561403508772,0.4456140350877193,0.47333333333333333,1.0518263748381287,30,False,1746.0,False
504,feature_diverse,74993,0.07017543859649122,0.3912280701754386,0.4216666666666667,1.055651166010648,30,False,1704.0,False
504,feature_diverse,419567,0.07192982456140351,0.9578947368421052,0.96,1.05154487490654,30,False,2378.0,True
504,feature_diverse,739391,0.07719298245614035,0.9614035087719298,0.9633333333333334,1.0096799158491194,29,True,2378.0,True
504,feature_diverse,982451,0.06140350877192982,0.23859649122807017,0.27666666666666667,1.0587579999119043,30,False,1578.0,False
505,feature_diverse,2026,0.09824561403508772,0.9526315789473684,0.955,0.6897614169865847,20,True,2374.0,True
505,feature_diverse,74993,0.1,0.9473684210526315,0.95,0.9139363339636475,27,True,2376.0,True
505,feature_diverse,419567,0.10350877192982456,0.9438596491228071,0.9466666666666667,0.7381845421623439,21,True,2372.0,True
505,feature_diverse,739391,0.09649122807017543,0.9491228070175438,0.9516666666666667,1.0115673749241978,30,False,2376.0,True
505,feature_diverse,982451,0.08771929824561403,0.9473684210526315,0.95,1.011817374965176,30,False,2374.0,True
506,feature_diverse,2026,0.08596491228070176,0.743859649122807,0.7566666666666667,1.0341108329594135,30,False,2092.0,False
506,feature_diverse,74993,0.0912280701754386,0.9526315789473684,0.955,1.0030300840735435,29,True,2376.0,True
506,feature_diverse,419567,0.08070175438596491,0.2614035087719298,0.29833333333333334,1.0149542088620365,30,False,1602.0,False
506,feature_diverse,739391,0.08070175438596491,0.24385964912280703,0.2816666666666667,1.04264070908539,30,False,1550.0,False
506,feature_diverse,982451,0.07543859649122807,0.3017543859649123,0.33666666666666667,1.0350535830948502,30,False,1652.0,False
507,feature_diverse,2026,0.08421052631578947,0.9491228070175438,0.9516666666666667,1.0348996249958873,30,False,2378.0,True
507,feature_diverse,74993,0.07017543859649122,0.956140350877193,0.9583333333333334,1.0208892920054495,30,False,2378.0,True
507,feature_diverse,419567,0.07192982456140351,0.41403508771929826,0.44333333333333336,1.0454350421205163,30,False,1706.0,False
507,feature_diverse,739391,0.07719298245614035,0.9508771929824561,0.9533333333333334,1.045051750028506,30,False,2374.0,True
507,feature_diverse,982451,0.07368421052631578,0.9508771929824561,0.9533333333333334,1.0342946669552475,30,False,2376.0,True
519,feature_diverse,2026,0.07368421052631578,0.32456140350877194,0.35833333333333334,1.059201625175774,30,False,1660.0,False
519,feature_diverse,74993,0.07894736842105263,0.41403508771929826,0.44333333333333336,1.0379142919555306,30,False,1756.0,False
519,feature_diverse,419567,0.08070175438596491,0.5614035087719298,0.5833333333333334,1.0664023749995977,30,False,1884.0,False
519,feature_diverse,739391,0.07192982456140351,0.28596491228070176,0.32166666666666666,1.0298095832113177,29,True,1604.0,False
519,feature_diverse,982451,0.08421052631578947,0.9280701754385965,0.9316666666666666,1.0499026668258011,30,False,2360.0,True
526,feature_diverse,2026,0.07719298245614035,0.9473684210526315,0.95,1.0387064581736922,30,False,2376.0,True
526,feature_diverse,74993,0.06315789473684211,0.5105263157894737,0.535,1.0478535420261323,30,False,1820.0,False
526,feature_diverse,419567,0.07192982456140351,0.5964912280701754,0.6166666666666667,1.0589724169112742,30,False,1940.0,False
526,feature_diverse,739391,0.06491228070175438,0.512280701754386,0.5366666666666666,1.0522159580141306,30,False,1862.0,False
526,feature_diverse,982451,0.07543859649122807,0.9421052631578948,0.945,1.0353686660528183,30,False,2370.0,True
531,feature_diverse,2026,0.08596491228070176,0.9350877192982456,0.9383333333333334,1.0268102909903973,30,False,2372.0,True
531,feature_diverse,74993,0.09824561403508772,0.9385964912280702,0.9416666666666667,1.0131378339137882,30,False,2378.0,True
531,feature_diverse,419567,0.0912280701754386,0.9456140350877194,0.9483333333333334,0.9202579581178725,27,True,2376.0,True
531,feature_diverse,739391,0.08771929824561403,0.9368421052631579,0.94,1.0181667080614716,30,False,2378.0,True
531,feature_diverse,982451,0.09298245614035087,0.9491228070175438,0.9516666666666667,1.0234062089584768,30,False,2378.0,True
546,feature_diverse,2026,0.07719298245614035,0.9035087719298246,0.9083333333333333,1.0278808330185711,30,False,2328.0,True
546,feature_diverse,74993,0.08421052631578947,0.7912280701754386,0.8016666666666666,1.0311980829574168,30,False,2138.0,False
546,feature_diverse,419567,0.06842105263157895,0.8631578947368421,0.87,1.0250125001184642,30,False,2296.0,False
546,feature_diverse,739391,0.08070175438596491,0.9263157894736842,0.93,1.0413437921088189,30,False,2370.0,True
546,feature_diverse,982451,0.0824561403508772,0.9456140350877194,0.9483333333333334,0.8982630418613553,26,True,2378.0,True
549,feature_diverse,2026,0.06842105263157895,0.23684210526315788,0.275,0.6900311671197414,19,True,1562.0,False
549,feature_diverse,74993,0.08421052631578947,0.6649122807017543,0.6816666666666666,1.0374894170090556,30,False,2006.0,False
549,feature_diverse,419567,0.07368421052631578,0.9280701754385965,0.9316666666666666,1.0333164581097662,30,False,2368.0,True
549,feature_diverse,739391,0.07543859649122807,0.9596491228070175,0.9616666666666667,1.048163125058636,30,False,2378.0,True
549,feature_diverse,982451,0.08421052631578947,0.9438596491228071,0.9466666666666667,1.0320537078659981,30,False,2378.0,True
552,feature_diverse,2026,0.07543859649122807,0.3543859649122807,0.38666666666666666,1.033432540949434,30,False,1668.0,False
552,feature_diverse,74993,0.06140350877192982,0.2771929824561403,0.31333333333333335,1.0749809169210494,30,False,1608.0,False
552,feature_diverse,419567,0.06666666666666667,0.35964912280701755,0.39166666666666666,1.0648737498559058,30,False,1678.0,False
552,feature_diverse,739391,0.06140350877192982,0.26842105263157895,0.305,1.047196292085573,30,False,1574.0,False
552,feature_diverse,982451,0.07368421052631578,0.5807017543859649,0.6016666666666667,1.047589125111699,30,False,1918.0,False
554,feature_diverse,2026,0.0824561403508772,0.9508771929824561,0.9533333333333334,1.040615125093609,30,False,2378.0,True
554,feature_diverse,74993,0.07894736842105263,0.9421052631578948,0.945,1.0211022500880063,30,False,2378.0,True
554,feature_diverse,419567,0.07543859649122807,0.9192982456140351,0.9233333333333333,1.0127014580648392,30,False,2362.0,True
554,feature_diverse,739391,0.07192982456140351,0.956140350877193,0.9583333333333334,0.9282653748523444,27,True,2378.0,True
554,feature_diverse,982451,0.08070175438596491,0.9543859649122807,0.9566666666666667,1.0433270409703255,30,True,2378.0,True
555,feature_diverse,2026,0.07894736842105263,0.43508771929824563,0.4633333333333333,1.0555844160262495,30,False,1702.0,False
555,feature_diverse,74993,0.06842105263157895,0.41403508771929826,0.44333333333333336,1.0545709170401096,30,False,1690.0,False
555,feature_diverse,419567,0.06842105263157895,0.3350877192982456,0.36833333333333335,1.034121584147215,30,False,1662.0,False
555,feature_diverse,739391,0.07543859649122807,0.4,0.43,1.100473792059347,30,False,1694.0,False
555,feature_diverse,982451,0.06842105263157895,0.3508771929824561,0.38333333333333336,1.0308642908930779,30,False,1668.0,False
558,feature_diverse,2026,0.07719298245614035,0.5473684210526316,0.57,1.0388835829216987,30,False,1770.0,False
558,feature_diverse,74993,0.07192982456140351,0.2807017543859649,0.31666666666666665,1.0429515410214663,30,False,1572.0,False
558,feature_diverse,419567,0.07192982456140351,0.2,0.24,0.9282817500643432,26,True,1506.0,False
558,feature_diverse,739391,0.06315789473684211,0.16666666666666666,0.20833333333333334,1.0247016251087189,30,False,1536.0,False
558,feature_diverse,982451,0.06491228070175438,0.24210526315789474,0.28,1.0955972080118954,30,False,1518.0,False
559,feature_diverse,2026,0.07543859649122807,0.2719298245614035,0.30833333333333335,1.1868005830328912,30,False,1564.0,False
559,feature_diverse,74993,0.07543859649122807,0.5403508771929825,0.5633333333333334,1.0538383750244975,30,False,1870.0,False
559,feature_diverse,419567,0.08070175438596491,0.24736842105263157,0.285,1.0449893751647323,30,False,1548.0,False
559,feature_diverse,739391,0.07368421052631578,0.8192982456140351,0.8283333333333334,1.0362508748658001,30,False,2180.0,False
559,feature_diverse,982451,0.07543859649122807,0.3929824561403509,0.42333333333333334,1.0420323330909014,30,False,1666.0,False
565,feature_diverse,2026,0.06666666666666667,0.24210526315789474,0.28,1.063253624830395,30,False,1546.0,False
565,feature_diverse,74993,0.06842105263157895,0.3,0.335,1.0507436250336468,30,False,1624.0,False
565,feature_diverse,419567,0.08070175438596491,0.8315789473684211,0.84,1.048344915965572,30,False,2222.0,False
565,feature_diverse,739391,0.06140350877192982,0.1543859649122807,0.19666666666666666,1.0694868748541921,30,False,1508.0,False
565,feature_diverse,982451,0.07017543859649122,0.32105263157894737,0.355,1.0597811248153448,30,False,1616.0,False
569,feature_diverse,2026,0.0912280701754386,0.9403508771929825,0.9433333333333334,1.045040916884318,30,False,2372.0,True
569,feature_diverse,74993,0.0824561403508772,0.9368421052631579,0.94,1.038296042010188,30,False,2366.0,True
569,feature_diverse,419567,0.08771929824561403,0.9385964912280702,0.9416666666666667,0.6524498329963535,18,True,2378.0,True
569,feature_diverse,739391,0.08596491228070176,0.9491228070175438,0.9516666666666667,1.020389209035784,30,False,2378.0,True
569,feature_diverse,982451,0.09298245614035087,0.9403508771929825,0.9433333333333334,1.0361042078584433,30,False,2364.0,True
575,feature_diverse,2026,0.05964912280701754,0.1912280701754386,0.23166666666666666,1.0609535418916494,30,False,1478.0,False
575,feature_diverse,74993,0.06140350877192982,0.17017543859649123,0.21166666666666667,1.0594981249887496,30,False,1506.0,False
575,feature_diverse,419567,0.05964912280701754,0.16666666666666666,0.20833333333333334,0.9258576249703765,26,True,1496.0,False
575,feature_diverse,739391,0.06140350877192982,0.16842105263157894,0.21,1.0631142081692815,30,False,1462.0,False
575,feature_diverse,982451,0.05789473684210526,0.22456140350877193,0.2633333333333333,1.0419861250557005,30,False,1510.0,False
578,feature_diverse,2026,0.07017543859649122,0.35789473684210527,0.39,1.067286667181179,30,False,1688.0,False
578,feature_diverse,74993,0.07719298245614035,0.3017543859649123,0.33666666666666667,1.0344681669957936,30,False,1660.0,False
578,feature_diverse,419567,0.07719298245614035,0.9122807017543859,0.9166666666666666,1.0359509999398142,30,False,2326.0,True
578,feature_diverse,739391,0.07368421052631578,0.9192982456140351,0.9233333333333333,1.0451265000738204,30,False,2344.0,True
578,feature_diverse,982451,0.0824561403508772,0.9350877192982456,0.9383333333333334,1.0295904169324785,30,False,2372.0,True
582,feature_diverse,2026,0.09473684210526316,0.9070175438596492,0.9116666666666666,1.042373833945021,30,False,2352.0,True
582,feature_diverse,74993,0.0824561403508772,0.9385964912280702,0.9416666666666667,0.8935144580900669,26,True,2372.0,True
582,feature_diverse,419567,0.07719298245614035,0.9456140350877194,0.9483333333333334,0.9732154160737991,28,True,2378.0,True
582,feature_diverse,739391,0.0912280701754386,0.9508771929824561,0.9533333333333334,1.0338740840088576,30,False,2376.0,True
582,feature_diverse,982451,0.09824561403508772,0.956140350877193,0.9583333333333334,0.7886650410946459,23,True,2378.0,True
584,feature_diverse,2026,0.07719298245614035,0.9175438596491228,0.9216666666666666,1.0411515419837087,30,False,2354.0,True
584,feature_diverse,74993,0.07543859649122807,0.7333333333333333,0.7466666666666667,1.043388833058998,30,False,2074.0,False
584,feature_diverse,419567,0.06842105263157895,0.35789473684210527,0.39,1.0539225831162184,30,False,1668.0,False
584,feature_diverse,739391,0.07894736842105263,0.9350877192982456,0.9383333333333334,1.0359637499786913,30,False,2378.0,True
584,feature_diverse,982451,0.07368421052631578,0.4105263157894737,0.44,1.0515839578583837,30,False,1708.0,False
585,feature_diverse,2026,0.0824561403508772,0.9526315789473684,0.955,1.0430459170602262,30,False,2378.0,True
585,feature_diverse,74993,0.07719298245614035,0.39649122807017545,0.4266666666666667,1.0573027080390602,30,False,1722.0,False
585,feature_diverse,419567,0.07719298245614035,0.2596491228070175,0.2966666666666667,1.052062707953155,30,False,1576.0,False
585,feature_diverse,739391,0.07894736842105263,0.9543859649122807,0.9566666666666667,1.0145174590870738,30,False,2378.0,True
585,feature_diverse,982451,0.07719298245614035,0.7859649122807018,0.7966666666666666,1.062254459131509,30,False,2144.0,False
587,feature_diverse,2026,0.056140350877192984,0.22105263157894736,0.26,1.0567752078641206,30,False,1522.0,False
587,feature_diverse,74993,0.06491228070175438,0.15789473684210525,0.2,1.0522439579945058,30,False,1492.0,False
587,feature_diverse,419567,0.056140350877192984,0.24035087719298245,0.2783333333333333,1.0559331248514354,30,False,1534.0,False
587,feature_diverse,739391,0.05964912280701754,0.18596491228070175,0.22666666666666666,1.0068731249775738,28,True,1482.0,False
587,feature_diverse,982451,0.06140350877192982,0.21228070175438596,0.25166666666666665,1.0655094590038061,30,False,1516.0,False
595,feature_diverse,2026,0.07017543859649122,0.16666666666666666,0.20833333333333334,0.8148734162095934,23,True,1508.0,False
595,feature_diverse,74993,0.07368421052631578,0.4087719298245614,0.43833333333333335,1.040753124980256,30,False,1700.0,False
595,feature_diverse,419567,0.06666666666666667,0.18596491228070175,0.22666666666666666,0.8207074161618948,23,True,1520.0,False
595,feature_diverse,739391,0.07192982456140351,0.23684210526315788,0.275,1.0533707500435412,30,False,1540.0,False
595,feature_diverse,982451,0.07894736842105263,0.3157894736842105,0.35,1.052291665924713,30,False,1638.0,False
610,feature_diverse,2026,0.07719298245614035,0.21403508771929824,0.25333333333333335,1.054959791013971,30,False,1542.0,False
610,feature_diverse,74993,0.08070175438596491,0.9526315789473684,0.955,1.039605040801689,30,False,2378.0,True
610,feature_diverse,419567,0.06842105263157895,0.156140350877193,0.19833333333333333,1.0380746249575168,30,False,1526.0,False
610,feature_diverse,739391,0.07894736842105263,0.39473684210526316,0.425,1.0409607079345733,30,False,1724.0,False
610,feature_diverse,982451,0.07894736842105263,0.2543859649122807,0.2916666666666667,1.0528483330272138,30,False,1558.0,False
612,feature_diverse,2026,0.06666666666666667,0.14736842105263157,0.19,0.6761215829756111,18,True,1478.0,False
612,feature_diverse,74993,0.05964912280701754,0.20350877192982456,0.24333333333333335,1.0618615420535207,30,False,1514.0,False
612,feature_diverse,419567,0.06666666666666667,0.34210526315789475,0.375,1.047792207915336,30,False,1626.0,False
612,feature_diverse,739391,0.054385964912280704,0.15964912280701754,0.20166666666666666,1.065358792198822,30,False,1480.0,False
612,feature_diverse,982451,0.05964912280701754,0.34210526315789475,0.375,1.0743488748557866,30,False,1634.0,False
613,feature_diverse,2026,0.06842105263157895,0.9403508771929825,0.9433333333333334,1.0344557089265436,30,False,2374.0,True
613,feature_diverse,74993,0.07894736842105263,0.9456140350877194,0.9483333333333334,1.0277195419184864,30,False,2376.0,True
613,feature_diverse,419567,0.07543859649122807,0.9403508771929825,0.9433333333333334,1.055261875037104,30,False,2372.0,True
613,feature_diverse,739391,0.07543859649122807,0.9438596491228071,0.9466666666666667,1.047308542067185,30,False,2378.0,True
613,feature_diverse,982451,0.07368421052631578,0.9473684210526315,0.95,0.7335700420662761,21,True,2376.0,True
615,feature_diverse,2026,0.06842105263157895,0.23859649122807017,0.27666666666666667,1.0863811250310391,30,False,1554.0,False
615,feature_diverse,74993,0.07017543859649122,0.2894736842105263,0.325,1.0658056661486626,30,False,1604.0,False
615,feature_diverse,419567,0.07017543859649122,0.9333333333333333,0.9366666666666666,1.0588489167857915,30,False,2370.0,True
615,feature_diverse,739391,0.07192982456140351,0.9491228070175438,0.9516666666666667,1.0434136658441275,30,False,2376.0,True
615,feature_diverse,982451,0.06315789473684211,0.9,0.905,1.0459552090615034,30,False,2316.0,True
616,feature_diverse,2026,0.0912280701754386,0.9473684210526315,0.95,1.0300294579938054,30,False,2378.0,True
616,feature_diverse,74993,0.08596491228070176,0.48596491228070177,0.5116666666666667,1.0635722081642598,30,False,1760.0,False
616,feature_diverse,419567,0.08421052631578947,0.9350877192982456,0.9383333333333334,1.0151509169954807,30,False,2368.0,True
616,feature_diverse,739391,0.09824561403508772,0.9421052631578948,0.945,0.990570415975526,28,True,2378.0,True
616,feature_diverse,982451,0.08771929824561403,0.9368421052631579,0.94,1.0266804171260446,30,False,2372.0,True
625,feature_diverse,2026,0.07192982456140351,0.5070175438596491,0.5316666666666666,1.0634260419756174,30,False,1784.0,False
625,feature_diverse,74993,0.06666666666666667,0.23508771929824562,0.2733333333333333,1.0526897499803454,30,False,1532.0,False
625,feature_diverse,419567,0.07543859649122807,0.2807017543859649,0.31666666666666665,1.0453937081620097,30,False,1610.0,False
625,feature_diverse,739391,0.06666666666666667,0.4842105263157895,0.51,1.0537126660346985,30,False,1800.0,False
625,feature_diverse,982451,0.06140350877192982,0.1736842105263158,0.215,1.0760149999987334,30,False,1498.0,False
626,feature_diverse,2026,0.08771929824561403,0.9578947368421052,0.96,1.0390345421619713,30,False,2378.0,True
626,feature_diverse,74993,0.08070175438596491,0.968421052631579,0.97,1.2041002919431776,30,False,2378.0,True
626,feature_diverse,419567,0.07894736842105263,0.9596491228070175,0.9616666666666667,1.0425879161339253,30,False,2378.0,True
626,feature_diverse,739391,0.08596491228070176,0.9491228070175438,0.9516666666666667,1.0177226669620723,30,False,2378.0,True
626,feature_diverse,982451,0.08421052631578947,0.9578947368421052,0.96,1.0110532499384135,30,False,2378.0,True
627,feature_diverse,2026,0.07192982456140351,0.956140350877193,0.9583333333333334,1.0324022499844432,30,False,2376.0,True
627,feature_diverse,74993,0.07894736842105263,0.9578947368421052,0.96,1.032186167081818,30,False,2378.0,True
627,feature_diverse,419567,0.07192982456140351,0.9473684210526315,0.95,1.0251515000127256,30,False,2374.0,True
627,feature_diverse,739391,0.07719298245614035,0.9508771929824561,0.9533333333333334,1.0194713750388473,30,False,2378.0,True
627,feature_diverse,982451,0.08421052631578947,0.9491228070175438,0.9516666666666667,1.0054156249389052,30,False,2376.0,True
630,feature_diverse,2026,0.10350877192982456,0.956140350877193,0.9583333333333334,1.0115562919527292,30,True,2378.0,True
630,feature_diverse,74993,0.09298245614035087,0.9596491228070175,0.9616666666666667,0.9846599160227925,29,True,2378.0,True
630,feature_diverse,419567,0.09824561403508772,0.956140350877193,0.9583333333333334,1.0325354582164437,30,False,2378.0,True
630,feature_diverse,739391,0.10526315789473684,0.9473684210526315,0.95,0.9699641661718488,29,True,2378.0,True
630,feature_diverse,982451,0.09473684210526316,0.9473684210526315,0.95,0.9365630829706788,27,True,2378.0,True
631,feature_diverse,2026,0.08070175438596491,0.44912280701754387,0.4766666666666667,1.0427767080254853,30,False,1756.0,False
631,feature_diverse,74993,0.07192982456140351,0.5789473684210527,0.6,1.048217959003523,30,False,1868.0,False
631,feature_diverse,419567,0.056140350877192984,0.9087719298245615,0.9133333333333333,1.0303055420517921,30,False,2348.0,True
631,feature_diverse,739391,0.08421052631578947,0.9543859649122807,0.9566666666666667,0.8469481668435037,24,True,2378.0,True
631,feature_diverse,982451,0.06842105263157895,0.9421052631578948,0.945,1.0453979161102325,30,False,2370.0,True
632,feature_diverse,2026,0.09649122807017543,0.9456140350877194,0.9483333333333334,0.8852036248426884,26,True,2376.0,True
632,feature_diverse,74993,0.09473684210526316,0.3263157894736842,0.36,1.0500665421131998,30,False,1632.0,False
632,feature_diverse,419567,0.09649122807017543,0.9333333333333333,0.9366666666666666,1.0416242920327932,30,False,2366.0,True
632,feature_diverse,739391,0.10175438596491228,0.9526315789473684,0.955,1.0161437918432057,30,False,2378.0,True
632,feature_diverse,982451,0.09473684210526316,0.9473684210526315,0.95,0.9264979590661824,27,True,2378.0,True
635,feature_diverse,2026,0.09473684210526316,0.9456140350877194,0.9483333333333334,0.8983113330323249,26,True,2378.0,True
635,feature_diverse,74993,0.09649122807017543,0.9596491228070175,0.9616666666666667,0.7767372091766447,22,True,2378.0,True
635,feature_diverse,419567,0.09473684210526316,0.9473684210526315,0.95,1.0431670830585063,30,False,2378.0,True
635,feature_diverse,739391,0.08771929824561403,0.9543859649122807,0.9566666666666667,0.9507932499982417,28,True,2378.0,True
635,feature_diverse,982451,0.10175438596491228,0.9578947368421052,0.96,1.0122460410930216,30,False,2378.0,True
649,feature_diverse,2026,0.05964912280701754,0.1649122807017544,0.20666666666666667,0.9353390829637647,26,True,1502.0,False
649,feature_diverse,74993,0.07017543859649122,0.519298245614035,0.5433333333333333,1.0505310418084264,30,False,1802.0,False
649,feature_diverse,419567,0.04912280701754386,0.14210526315789473,0.185,1.0704485408496112,30,False,1462.0,False
649,feature_diverse,739391,0.056140350877192984,0.26666666666666666,0.30333333333333334,1.0533001250587404,30,False,1582.0,False
649,feature_diverse,982451,0.05964912280701754,0.4631578947368421,0.49,1.0682978339027613,30,False,1752.0,False
653,feature_diverse,2026,0.07017543859649122,0.3456140350877193,0.37833333333333335,1.0505597919691354,30,False,1656.0,False
653,feature_diverse,74993,0.0824561403508772,0.8982456140350877,0.9033333333333333,1.037581249838695,30,False,2316.0,False
653,feature_diverse,419567,0.07017543859649122,0.8842105263157894,0.89,1.0359702499117702,30,False,2300.0,False
653,feature_diverse,739391,0.07719298245614035,0.4614035087719298,0.48833333333333334,1.0770843750797212,30,False,1776.0,False
653,feature_diverse,982451,0.0824561403508772,0.956140350877193,0.9583333333333334,1.0208837918471545,30,False,2376.0,True
655,feature_diverse,2026,0.07719298245614035,0.9385964912280702,0.9416666666666667,1.037680583074689,30,False,2360.0,True
655,feature_diverse,74993,0.07192982456140351,0.3736842105263158,0.405,1.052174499956891,30,False,1656.0,False
655,feature_diverse,419567,0.07719298245614035,0.756140350877193,0.7683333333333333,1.0689509168732911,30,False,2106.0,False
655,feature_diverse,739391,0.07543859649122807,0.7614035087719299,0.7733333333333333,1.0447607499081641,30,False,2042.0,False
655,feature_diverse,982451,0.07017543859649122,0.35964912280701755,0.39166666666666666,1.0443620418664068,30,False,1672.0,False
656,feature_diverse,2026,0.07719298245614035,0.7947368421052632,0.805,1.061346209142357,30,False,2112.0,False
656,feature_diverse,74993,0.10526315789473684,0.9385964912280702,0.9416666666666667,0.7661665831692517,21,True,2374.0,True
656,feature_diverse,419567,0.0824561403508772,0.9403508771929825,0.9433333333333334,0.8269589589908719,21,True,2376.0,True
656,feature_diverse,739391,0.09298245614035087,0.9368421052631579,0.94,1.201601417036727,30,False,2378.0,True
656,feature_diverse,982451,0.08596491228070176,0.9385964912280702,0.9416666666666667,1.0278012501075864,30,False,2378.0,True
667,feature_diverse,2026,0.07894736842105263,0.9403508771929825,0.9433333333333334,1.0452895839698613,30,False,2378.0,True
667,feature_diverse,74993,0.06315789473684211,0.42105263157894735,0.45,1.0500253338832408,30,False,1732.0,False
667,feature_diverse,419567,0.06315789473684211,0.3017543859649123,0.33666666666666667,1.046356625156477,30,False,1648.0,False
667,feature_diverse,739391,0.07017543859649122,0.5298245614035088,0.5533333333333333,1.060811833012849,30,False,1828.0,False
667,feature_diverse,982451,0.06315789473684211,0.9087719298245615,0.9133333333333333,1.0452750839758664,30,False,2318.0,True
671,feature_diverse,2026,0.056140350877192984,0.12982456140350876,0.17333333333333334,0.7914026670623571,22,True,1448.0,False
671,feature_diverse,74993,0.07192982456140351,0.16140350877192983,0.20333333333333334,1.0312221660278738,30,False,1486.0,False
671,feature_diverse,419567,0.06666666666666667,0.15263157894736842,0.195,1.066631999798119,30,False,1474.0,False
671,feature_diverse,739391,0.07017543859649122,0.16666666666666666,0.20833333333333334,1.0555657499935478,30,True,1506.0,False
671,feature_diverse,982451,0.06666666666666667,0.16842105263157894,0.21,0.9154496248811483,26,True,1480.0,False
672,feature_diverse,2026,0.07543859649122807,0.4982456140350877,0.5233333333333333,1.0570120001211762,30,False,1730.0,False
672,feature_diverse,74993,0.07368421052631578,0.9403508771929825,0.9433333333333334,1.0411469170358032,30,False,2370.0,True
672,feature_diverse,419567,0.0824561403508772,0.3385964912280702,0.37166666666666665,1.0605479159858078,30,False,1630.0,False
672,feature_diverse,739391,0.06666666666666667,0.2789473684210526,0.315,1.037528167013079,30,False,1600.0,False
672,feature_diverse,982451,0.07192982456140351,0.5350877192982456,0.5583333333333333,1.0416090001817793,30,False,1846.0,False
677,feature_diverse,2026,0.09473684210526316,0.8859649122807017,0.8916666666666667,1.0460795420221984,30,False,2268.0,False
677,feature_diverse,74993,0.0912280701754386,0.9333333333333333,0.9366666666666666,0.9991947498638183,29,True,2362.0,True
677,feature_diverse,419567,0.07543859649122807,0.6,0.62,1.046824499964714,30,False,1900.0,False
677,feature_diverse,739391,0.08596491228070176,0.9491228070175438,0.9516666666666667,1.0313673329073936,30,False,2376.0,True
677,feature_diverse,982451,0.08596491228070176,0.956140350877193,0.9583333333333334,1.032771541038528,30,False,2378.0,True
679,feature_diverse,2026,0.0912280701754386,0.9543859649122807,0.9566666666666667,1.0297263329848647,30,False,2378.0,True
679,feature_diverse,74993,0.08070175438596491,0.9087719298245615,0.9133333333333333,1.022326207952574,30,False,2312.0,True
679,feature_diverse,419567,0.08421052631578947,0.8491228070175438,0.8566666666666667,1.0455685839988291,30,False,2196.0,False
679,feature_diverse,739391,0.07192982456140351,0.29473684210526313,0.33,1.0554775828495622,30,False,1628.0,False
679,feature_diverse,982451,0.08596491228070176,0.9543859649122807,0.9566666666666667,1.0426938338205218,30,False,2378.0,True
681,feature_diverse,2026,0.07543859649122807,0.9438596491228071,0.9466666666666667,1.0276667920406908,30,False,2376.0,True
681,feature_diverse,74993,0.07894736842105263,0.6771929824561403,0.6933333333333334,1.048494250047952,30,False,1960.0,False
681,feature_diverse,419567,0.08947368421052632,0.9491228070175438,0.9516666666666667,1.0523393750190735,30,False,2378.0,True
681,feature_diverse,739391,0.08421052631578947,0.9473684210526315,0.95,1.0450077499262989,30,False,2370.0,True
681,feature_diverse,982451,0.0912280701754386,0.9473684210526315,0.95,1.0085714170709252,30,True,2378.0,True
689,feature_diverse,2026,0.07543859649122807,0.4087719298245614,0.43833333333333335,1.0415522090625018,30,False,1722.0,False
689,feature_diverse,74993,0.08771929824561403,0.9438596491228071,0.9466666666666667,0.8486233749426901,24,True,2378.0,True
689,feature_diverse,419567,0.0912280701754386,0.9456140350877194,0.9483333333333334,1.0054755839519203,30,False,2376.0,True
689,feature_diverse,739391,0.08947368421052632,0.9526315789473684,0.955,1.0392692498862743,30,False,2378.0,True
689,feature_diverse,982451,0.08070175438596491,0.9526315789473684,0.955,1.0125331671442837,30,False,2372.0,True
694,feature_diverse,2026,0.08596491228070176,0.9438596491228071,0.9466666666666667,1.0479706670157611,30,False,2378.0,True
694,feature_diverse,74993,0.08947368421052632,0.4666666666666667,0.49333333333333335,1.0286937921773642,30,False,1796.0,False
694,feature_diverse,419567,0.07192982456140351,0.4631578947368421,0.49,1.0309117080178112,30,False,1790.0,False
694,feature_diverse,739391,0.07368421052631578,0.8929824561403509,0.8983333333333333,1.0383655419573188,30,False,2316.0,False
694,feature_diverse,982451,0.08421052631578947,0.8701754385964913,0.8766666666666667,1.0512136248871684,30,False,2264.0,False
698,feature_diverse,2026,0.07368421052631578,0.23859649122807017,0.27666666666666667,1.049937291070819,30,False,1564.0,False
698,feature_diverse,74993,0.07894736842105263,0.9315789473684211,0.935,1.0326354578137398,30,False,2364.0,True
698,feature_diverse,419567,0.07543859649122807,0.887719298245614,0.8933333333333333,1.0432619580533355,30,False,2320.0,False
698,feature_diverse,739391,0.06842105263157895,0.19473684210526315,0.235,0.9003139168489724,25,True,1506.0,False
698,feature_diverse,982451,0.07894736842105263,0.8842105263157894,0.89,1.0222294998820871,30,False,2304.0,False
702,feature_diverse,2026,0.06666666666666667,0.1912280701754386,0.23166666666666666,0.881939833983779,25,True,1534.0,False
702,feature_diverse,74993,0.06842105263157895,0.25263157894736843,0.29,1.0468419578392059,30,False,1578.0,False
702,feature_diverse,419567,0.06491228070175438,0.20877192982456141,0.24833333333333332,1.047036207979545,30,False,1538.0,False
702,feature_diverse,739391,0.06315789473684211,0.23684210526315788,0.275,0.8155257501639426,23,True,1564.0,False
702,feature_diverse,982451,0.07017543859649122,0.756140350877193,0.7683333333333333,1.0497770830988884,30,False,2048.0,False
704,feature_diverse,2026,0.10175438596491228,0.9403508771929825,0.9433333333333334,0.9050802080892026,27,True,2376.0,True
704,feature_diverse,74993,0.11578947368421053,0.9578947368421052,0.96,0.685965915909037,19,True,2378.0,True
704,feature_diverse,419567,0.10350877192982456,0.9350877192982456,0.9383333333333334,1.0223959169816226,30,False,2378.0,True
704,feature_diverse,739391,0.11052631578947368,0.9350877192982456,0.9383333333333334,0.9894677919801325,30,False,2378.0,True
704,feature_diverse,982451,0.10701754385964912,0.9438596491228071,0.9466666666666667,0.949889041017741,28,True,2378.0,True
706,feature_diverse,2026,0.08421052631578947,0.9333333333333333,0.9366666666666666,1.0442270408384502,30,False,2358.0,True
706,feature_diverse,74993,0.08771929824561403,0.9473684210526315,0.95,1.024793499847874,30,False,2376.0,True
706,feature_diverse,419567,0.08070175438596491,0.7894736842105263,0.8,1.0363833748269826,30,False,2152.0,False
706,feature_diverse,739391,0.09298245614035087,0.9508771929824561,0.9533333333333334,0.6544554580468684,19,True,2376.0,True
706,feature_diverse,982451,0.09649122807017543,0.9614035087719298,0.9633333333333334,0.9052210000809282,26,True,2376.0,True
709,feature_diverse,2026,0.08070175438596491,0.9105263157894737,0.915,1.0544885001145303,30,False,2338.0,True
709,feature_diverse,74993,0.08771929824561403,0.9438596491228071,0.9466666666666667,1.004603834124282,29,True,2372.0,True
709,feature_diverse,419567,0.08771929824561403,0.9333333333333333,0.9366666666666666,1.033499208977446,30,False,2374.0,True
709,feature_diverse,739391,0.07894736842105263,0.8245614035087719,0.8333333333333334,1.0490134998690337,30,False,2196.0,False
709,feature_diverse,982451,0.08596491228070176,0.9368421052631579,0.94,1.0337690419983119,30,False,2362.0,True
711,feature_diverse,2026,0.06315789473684211,0.21754385964912282,0.25666666666666665,1.0475403750315309,30,False,1530.0,False
711,feature_diverse,74993,0.07368421052631578,0.24912280701754386,0.2866666666666667,1.0490679158829153,30,False,1568.0,False
711,feature_diverse,419567,0.06140350877192982,0.26842105263157895,0.305,1.0698829169850796,30,False,1570.0,False
711,feature_diverse,739391,0.06842105263157895,0.17017543859649123,0.21166666666666667,0.9767771670594811,28,True,1496.0,False
711,feature_diverse,982451,0.05789473684210526,0.14912280701754385,0.19166666666666668,1.031508208019659,30,False,1472.0,False
716,feature_diverse,2026,0.09649122807017543,0.9385964912280702,0.9416666666666667,0.7238130830228329,21,True,2378.0,True
716,feature_diverse,74993,0.10175438596491228,0.9456140350877194,0.9483333333333334,0.7912468330468982,23,True,2378.0,True
716,feature_diverse,419567,0.09649122807017543,0.9456140350877194,0.9483333333333334,1.0113948751240969,30,False,2376.0,True
716,feature_diverse,739391,0.1,0.9473684210526315,0.95,0.5958330421708524,17,True,2378.0,True
716,feature_diverse,982451,0.08596491228070176,0.9543859649122807,0.9566666666666667,1.004327166825533,30,False,2374.0,True
718,feature_diverse,2026,0.06315789473684211,0.28771929824561404,0.3233333333333333,1.0555591669399291,30,False,1624.0,False
718,feature_diverse,74993,0.08596491228070176,0.9333333333333333,0.9366666666666666,1.1148210840765387,30,False,2350.0,True
718,feature_diverse,419567,0.07192982456140351,0.2631578947368421,0.3,1.029345333110541,30,False,1598.0,False
718,feature_diverse,739391,0.0824561403508772,0.36666666666666664,0.3983333333333333,1.0371306668967009,30,False,1668.0,False
718,feature_diverse,982451,0.07192982456140351,0.3140350877192982,0.34833333333333333,1.0489869581069797,30,False,1620.0,False
728,feature_diverse,2026,0.08596491228070176,0.3,0.335,1.118733375100419,30,False,1590.0,False
728,feature_diverse,74993,0.07368421052631578,0.38070175438596493,0.4116666666666667,1.0472135001327842,30,False,1696.0,False
728,feature_diverse,419567,0.08070175438596491,0.9210526315789473,0.925,1.0408244170248508,30,False,2340.0,True
728,feature_diverse,739391,0.08070175438596491,0.256140350877193,0.29333333333333333,1.0182402080390602,29,True,1586.0,False
728,feature_diverse,982451,0.08421052631578947,0.8578947368421053,0.865,1.0671007090713829,30,False,2270.0,False
730,feature_diverse,2026,0.09298245614035087,0.9543859649122807,0.9566666666666667,1.0159564998466522,30,False,2378.0,True
730,feature_diverse,74993,0.1,0.9508771929824561,0.9533333333333334,1.0160715419333428,30,False,2378.0,True
730,feature_diverse,419567,0.1,0.9543859649122807,0.9566666666666667,1.0305110830813646,30,False,2376.0,True
730,feature_diverse,739391,0.10350877192982456,0.9526315789473684,0.955,0.9368155831471086,27,True,2378.0,True
730,feature_diverse,982451,0.09649122807017543,0.9491228070175438,0.9516666666666667,1.0133566667791456,30,False,2376.0,True
737,feature_diverse,2026,0.0912280701754386,0.9245614035087719,0.9283333333333333,0.9215452091302723,27,True,2370.0,True
737,feature_diverse,74993,0.09473684210526316,0.9245614035087719,0.9283333333333333,1.0280816671438515,30,False,2362.0,True
737,feature_diverse,419567,0.09649122807017543,0.9508771929824561,0.9533333333333334,0.8380438331514597,24,True,2376.0,True
737,feature_diverse,739391,0.08771929824561403,0.9421052631578948,0.945,1.0162336670327932,30,False,2378.0,True
737,feature_diverse,982451,0.09473684210526316,0.9403508771929825,0.9433333333333334,1.0074825410265476,30,False,2378.0,True
740,feature_diverse,2026,0.08947368421052632,0.47017543859649125,0.49666666666666665,1.0653804170433432,30,False,1824.0,False
740,feature_diverse,74993,0.0912280701754386,0.5631578947368421,0.585,1.0655785000417382,30,False,1868.0,False
740,feature_diverse,419567,0.08947368421052632,0.3087719298245614,0.3433333333333333,1.0465576669666916,30,False,1602.0,False
740,feature_diverse,739391,0.09649122807017543,0.5929824561403508,0.6133333333333333,1.0253900000825524,30,False,1946.0,False
740,feature_diverse,982451,0.08421052631578947,0.4473684210526316,0.475,1.052424666006118,30,False,1786.0,False
744,feature_diverse,2026,0.06842105263157895,0.9263157894736842,0.93,1.0511237501632422,30,False,2362.0,True
744,feature_diverse,74993,0.0824561403508772,0.9578947368421052,0.96,1.0145610831677914,30,True,2378.0,True
744,feature_diverse,419567,0.06491228070175438,0.9491228070175438,0.9516666666666667,1.0314740829635412,30,False,2378.0,True
744,feature_diverse,739391,0.07719298245614035,0.9315789473684211,0.935,1.0440480830147862,30,False,2354.0,True
744,feature_diverse,982451,0.06315789473684211,0.9315789473684211,0.935,1.0490314161870629,30,False,2366.0,True
746,feature_diverse,2026,0.06140350877192982,0.18596491228070175,0.22666666666666666,1.054074542131275,30,False,1478.0,False
746,feature_diverse,74993,0.05964912280701754,0.14912280701754385,0.19166666666666668,0.8166811249684542,23,True,1456.0,False
746,feature_diverse,419567,0.06140350877192982,0.17719298245614035,0.21833333333333332,1.066251334035769,30,False,1482.0,False
746,feature_diverse,739391,0.056140350877192984,0.10526315789473684,0.15,1.198388040997088,30,False,1434.0,False
746,feature_diverse,982451,0.06315789473684211,0.18596491228070175,0.22666666666666666,1.1136354999616742,30,True,1482.0,False
753,feature_diverse,2026,0.07719298245614035,0.2578947368421053,0.295,1.0928879999555647,30,False,1578.0,False
753,feature_diverse,74993,0.07017543859649122,0.3684210526315789,0.4,1.0746598751284182,30,False,1636.0,False
753,feature_diverse,419567,0.07368421052631578,0.20701754385964913,0.24666666666666667,0.9848743339534849,28,True,1512.0,False
753,feature_diverse,739391,0.07368421052631578,0.23508771929824562,0.2733333333333333,1.0580711660441011,30,False,1564.0,False
753,feature_diverse,982451,0.07192982456140351,0.787719298245614,0.7983333333333333,1.051772124832496,30,False,2046.0,False
760,feature_diverse,2026,0.06842105263157895,0.3631578947368421,0.395,1.0632893750444055,30,False,1704.0,False
760,feature_diverse,74993,0.08421052631578947,0.956140350877193,0.9583333333333334,1.0358224171213806,30,True,2378.0,True
760,feature_diverse,419567,0.07543859649122807,0.9438596491228071,0.9466666666666667,1.0320497499778867,30,False,2378.0,True
760,feature_diverse,739391,0.07719298245614035,0.9491228070175438,0.9516666666666667,1.0312821250408888,30,False,2378.0,True
760,feature_diverse,982451,0.06666666666666667,0.7228070175438597,0.7366666666666667,1.0443316670134664,30,False,2042.0,False
768,feature_diverse,2026,0.08596491228070176,0.9473684210526315,0.95,1.041363124968484,30,False,2378.0,True
768,feature_diverse,74993,0.07894736842105263,0.30350877192982456,0.3383333333333333,0.9868367500603199,28,True,1616.0,False
768,feature_diverse,419567,0.07368421052631578,0.4017543859649123,0.43166666666666664,1.0467610422056168,30,False,1726.0,False
768,feature_diverse,739391,0.09824561403508772,0.9385964912280702,0.9416666666666667,1.0216853339225054,30,False,2378.0,True
768,feature_diverse,982451,0.07894736842105263,0.519298245614035,0.5433333333333333,1.136287375120446,30,False,1848.0,False
770,feature_diverse,2026,0.0824561403508772,0.9578947368421052,0.96,1.1049541251268238,30,False,2378.0,True
770,feature_diverse,74993,0.0912280701754386,0.9473684210526315,0.95,1.0382888328749686,30,False,2378.0,True
770,feature_diverse,419567,0.07894736842105263,0.9385964912280702,0.9416666666666667,1.0443730410188437,30,False,2374.0,True
770,feature_diverse,739391,0.08947368421052632,0.9421052631578948,0.945,0.8725681251380593,25,True,2378.0,True
770,feature_diverse,982451,0.07894736842105263,0.9526315789473684,0.955,1.0975536671467125,30,False,2376.0,True
775,feature_diverse,2026,0.08421052631578947,0.5947368421052631,0.615,1.07883979100734,30,False,1910.0,False
775,feature_diverse,74993,0.07017543859649122,0.8473684210526315,0.855,1.0396104159299284,30,False,2226.0,False
775,feature_diverse,419567,0.07192982456140351,0.30350877192982456,0.3383333333333333,1.0493040832225233,30,False,1636.0,False
775,feature_diverse,739391,0.07543859649122807,0.7666666666666667,0.7783333333333333,1.0341554170008749,30,False,2092.0,False
775,feature_diverse,982451,0.0824561403508772,0.5719298245614035,0.5933333333333334,1.0537723749876022,30,False,1822.0,False
776,feature_diverse,2026,0.08596491228070176,0.26666666666666666,0.30333333333333334,1.0502303331159055,30,False,1568.0,False
776,feature_diverse,74993,0.08070175438596491,0.23333333333333334,0.27166666666666667,0.8480297080241144,24,True,1544.0,False
776,feature_diverse,419567,0.08771929824561403,0.4,0.43,1.0500846251379699,30,False,1702.0,False
776,feature_diverse,739391,0.0824561403508772,0.9526315789473684,0.955,1.0720965410582721,30,False,2378.0,True
776,feature_diverse,982451,0.08947368421052632,0.9315789473684211,0.935,1.0401437079999596,30,False,2350.0,True
778,feature_diverse,2026,0.08421052631578947,0.9456140350877194,0.9483333333333334,1.0220622499473393,30,False,2378.0,True
778,feature_diverse,74993,0.06491228070175438,0.9280701754385965,0.9316666666666666,1.0367448339238763,30,False,2360.0,True
778,feature_diverse,419567,0.06842105263157895,0.9456140350877194,0.9483333333333334,1.0329798751045018,30,False,2354.0,True
778,feature_diverse,739391,0.06140350877192982,0.7035087719298245,0.7183333333333334,1.0302762500941753,30,False,2046.0,False
778,feature_diverse,982451,0.08070175438596491,0.9456140350877194,0.9483333333333334,1.0148296249099076,30,False,2376.0,True
782,feature_diverse,2026,0.07017543859649122,0.9385964912280702,0.9416666666666667,1.075152083998546,30,False,2354.0,True
782,feature_diverse,74993,0.06140350877192982,0.34385964912280703,0.37666666666666665,1.1510707919951528,30,False,1656.0,False
782,feature_diverse,419567,0.06315789473684211,0.2824561403508772,0.31833333333333336,1.0444868749473244,30,True,1592.0,False
782,feature_diverse,739391,0.05964912280701754,0.18070175438596492,0.22166666666666668,1.0515534998849034,30,False,1530.0,False
782,feature_diverse,982451,0.06842105263157895,0.2614035087719298,0.29833333333333334,1.0642333331052214,30,False,1576.0,False
783,feature_diverse,2026,0.08596491228070176,0.9473684210526315,0.95,0.769682084210217,22,True,2378.0,True
783,feature_diverse,74993,0.09473684210526316,0.9526315789473684,0.955,0.9967150830198079,30,False,2376.0,True
783,feature_diverse,419567,0.09473684210526316,0.9438596491228071,0.9466666666666667,1.0197021248750389,30,False,2378.0,True
783,feature_diverse,739391,0.09649122807017543,0.9473684210526315,0.95,0.9012670828960836,26,True,2378.0,True
783,feature_diverse,982451,0.09649122807017543,0.9403508771929825,0.9433333333333334,0.6433548340573907,18,True,2374.0,True
785,feature_diverse,2026,0.05789473684210526,0.3736842105263158,0.405,1.060400624992326,30,False,1676.0,False
785,feature_diverse,74993,0.05964912280701754,0.9543859649122807,0.9566666666666667,1.0683647920377553,30,True,2378.0,True
785,feature_diverse,419567,0.07894736842105263,0.9421052631578948,0.945,1.0443164170719683,30,False,2368.0,True
785,feature_diverse,739391,0.07192982456140351,0.24912280701754386,0.2866666666666667,1.067736916942522,30,False,1564.0,False
785,feature_diverse,982451,0.04912280701754386,0.1649122807017544,0.20666666666666667,1.0447584160137922,30,True,1530.0,False
788,feature_diverse,2026,0.10175438596491228,0.9298245614035088,0.9333333333333333,1.0383182500954717,30,False,2362.0,True
788,feature_diverse,74993,0.08421052631578947,0.6719298245614035,0.6883333333333334,1.0483239160384983,30,False,1998.0,False
788,feature_diverse,419567,0.08070175438596491,0.39824561403508774,0.42833333333333334,1.0582571669947356,30,False,1692.0,False
788,feature_diverse,739391,0.0824561403508772,0.9491228070175438,0.9516666666666667,1.025999458041042,30,True,2376.0,True
788,feature_diverse,982451,0.0824561403508772,0.956140350877193,0.9583333333333334,1.0229016249068081,30,False,2374.0,True
796,feature_diverse,2026,0.07192982456140351,0.23157894736842105,0.27,1.0502701250370592,30,False,1544.0,False
796,feature_diverse,74993,0.08596491228070176,0.312280701754386,0.3466666666666667,1.0475286671426147,30,False,1596.0,False
796,feature_diverse,419567,0.07894736842105263,0.28421052631578947,0.32,1.0309210419654846,30,False,1574.0,False
796,feature_diverse,739391,0.07719298245614035,0.6228070175438597,0.6416666666666667,1.035963709000498,30,False,1896.0,False
796,feature_diverse,982451,0.06842105263157895,0.3333333333333333,0.36666666666666664,1.0653792500961572,30,False,1610.0,False
797,feature_diverse,2026,0.07543859649122807,0.7298245614035088,0.7433333333333333,1.0410275419708341,30,False,2078.0,False
797,feature_diverse,74993,0.07543859649122807,0.9192982456140351,0.9233333333333333,1.0326110830064863,30,False,2362.0,True
797,feature_diverse,419567,0.08070175438596491,0.9315789473684211,0.935,1.0431717918254435,30,False,2366.0,True
797,feature_diverse,739391,0.07543859649122807,0.9508771929824561,0.9533333333333334,0.9407107920851558,27,True,2378.0,True
797,feature_diverse,982451,0.08070175438596491,0.9421052631578948,0.945,1.0321915422100574,30,False,2378.0,True
799,feature_diverse,2026,0.07719298245614035,0.8912280701754386,0.8966666666666666,1.0456453750375658,30,False,2336.0,False
799,feature_diverse,74993,0.07719298245614035,0.8210526315789474,0.83,1.0321177090518177,30,False,2198.0,False
799,feature_diverse,419567,0.07543859649122807,0.8964912280701754,0.9016666666666666,1.0563643749337643,30,False,2308.0,False
799,feature_diverse,739391,0.07894736842105263,0.9385964912280702,0.9416666666666667,1.0251045001205057,30,False,2374.0,True
799,feature_diverse,982451,0.0824561403508772,0.9526315789473684,0.955,1.0211492909584194,30,False,2378.0,True
806,feature_diverse,2026,0.06666666666666667,0.3894736842105263,0.42,1.0515583748929203,30,False,1686.0,False
806,feature_diverse,74993,0.07192982456140351,0.2824561403508772,0.31833333333333336,1.0677618328481913,30,False,1622.0,False
806,feature_diverse,419567,0.07017543859649122,0.32280701754385965,0.3566666666666667,1.0421551659237593,30,False,1628.0,False
806,feature_diverse,739391,0.06315789473684211,0.41578947368421054,0.445,1.042239208938554,30,False,1688.0,False
806,feature_diverse,982451,0.07719298245614035,0.37894736842105264,0.41,1.0578803329262882,30,False,1682.0,False
809,feature_diverse,2026,0.07192982456140351,0.21578947368421053,0.255,0.7922706669196486,22,True,1518.0,False
809,feature_diverse,74993,0.07719298245614035,0.24035087719298245,0.2783333333333333,1.0491371671669185,30,False,1592.0,False
809,feature_diverse,419567,0.07719298245614035,0.26842105263157895,0.305,1.0454809160437435,30,False,1560.0,False
809,feature_diverse,739391,0.0912280701754386,0.3280701754385965,0.3616666666666667,1.046625459101051,30,False,1640.0,False
809,feature_diverse,982451,0.07017543859649122,0.15087719298245614,0.19333333333333333,1.0727806671056896,30,False,1478.0,False
812,feature_diverse,2026,0.09473684210526316,0.9578947368421052,0.96,0.9897285420447588,29,True,2378.0,True
812,feature_diverse,74993,0.09824561403508772,0.9210526315789473,0.925,0.7571072077844292,22,True,2366.0,True
812,feature_diverse,419567,0.09473684210526316,0.9438596491228071,0.9466666666666667,0.6661120420321822,19,True,2376.0,True
812,feature_diverse,739391,0.08771929824561403,0.9315789473684211,0.935,1.0467655421234667,30,False,2370.0,True
812,feature_diverse,982451,0.09298245614035087,0.9508771929824561,0.9533333333333334,1.0159028749912977,30,False,2378.0,True
816,feature_diverse,2026,0.09649122807017543,0.9491228070175438,0.9516666666666667,0.9311385410837829,27,True,2376.0,True
816,feature_diverse,74993,0.09824561403508772,0.6684210526315789,0.685,1.043305209139362,30,False,2010.0,False
816,feature_diverse,419567,0.09298245614035087,0.712280701754386,0.7266666666666667,1.056664708070457,30,False,2050.0,False
816,feature_diverse,739391,0.10877192982456141,0.9473684210526315,0.95,1.0248713330365717,30,False,2376.0,True
816,feature_diverse,982451,0.08771929824561403,0.7789473684210526,0.79,1.0446086670272052,30,False,2136.0,False
818,feature_diverse,2026,0.1,0.443859649122807,0.4716666666666667,1.0344750420190394,30,False,1712.0,False
818,feature_diverse,74993,0.09649122807017543,0.9263157894736842,0.93,1.034862875007093,30,False,2368.0,True
818,feature_diverse,419567,0.08596491228070176,0.9543859649122807,0.9566666666666667,0.8651347919367254,25,True,2378.0,True
818,feature_diverse,739391,0.0912280701754386,0.9385964912280702,0.9416666666666667,1.0251747919246554,30,False,2378.0,True
818,feature_diverse,982451,0.08596491228070176,0.9245614035087719,0.9283333333333333,1.0294858750421554,30,False,2356.0,True
822,feature_diverse,2026,0.07543859649122807,0.2578947368421053,0.295,0.9980397918261588,28,True,1570.0,False
822,feature_diverse,74993,0.08070175438596491,0.33157894736842103,0.365,1.0530410839710385,30,False,1620.0,False
822,feature_diverse,419567,0.07719298245614035,0.22105263157894736,0.26,1.0652007500175387,30,False,1510.0,False
822,feature_diverse,739391,0.07192982456140351,0.2807017543859649,0.31666666666666665,1.0370371250901371,30,False,1582.0,False
822,feature_diverse,982451,0.08421052631578947,0.3175438596491228,0.3516666666666667,1.0793197080492973,30,False,1622.0,False
824,feature_diverse,2026,0.08070175438596491,0.3192982456140351,0.35333333333333333,1.0619791659992188,30,False,1650.0,False
824,feature_diverse,74993,0.08596491228070176,0.9438596491228071,0.9466666666666667,1.0368952921126038,30,False,2374.0,True
824,feature_diverse,419567,0.08070175438596491,0.20701754385964913,0.24666666666666667,1.0491128750145435,30,False,1544.0,False
824,feature_diverse,739391,0.08947368421052632,0.26842105263157895,0.305,0.8317918749526143,23,True,1574.0,False
824,feature_diverse,982451,0.07719298245614035,0.20701754385964913,0.24666666666666667,1.104502665810287,30,False,1510.0,False
825,feature_diverse,2026,0.09298245614035087,0.9473684210526315,0.95,0.6492616250179708,18,True,2378.0,True
825,feature_diverse,74993,0.09649122807017543,0.9508771929824561,0.9533333333333334,0.9894249169155955,29,True,2378.0,True
825,feature_diverse,419567,0.10175438596491228,0.9543859649122807,0.9566666666666667,0.9709303339477628,28,True,2378.0,True
825,feature_diverse,739391,0.10175438596491228,0.956140350877193,0.9583333333333334,0.6697600409388542,19,True,2378.0,True
825,feature_diverse,982451,0.09649122807017543,0.9543859649122807,0.9566666666666667,0.7240889999084175,21,True,2378.0,True
829,feature_diverse,2026,0.06842105263157895,0.16666666666666666,0.20833333333333334,1.0192721670027822,29,True,1508.0,False
829,feature_diverse,74993,0.07192982456140351,0.1912280701754386,0.23166666666666666,0.8189957079011947,23,True,1486.0,False
829,feature_diverse,419567,0.07017543859649122,0.18947368421052632,0.23,1.0796781659591943,30,False,1526.0,False
829,feature_diverse,739391,0.07192982456140351,0.20701754385964913,0.24666666666666667,0.9852393751498312,28,True,1522.0,False
829,feature_diverse,982451,0.08070175438596491,0.3350877192982456,0.36833333333333335,1.06554333306849,30,False,1586.0,False
842,feature_diverse,2026,0.07719298245614035,0.9543859649122807,0.9566666666666667,1.0029849580023438,29,True,2378.0,True
842,feature_diverse,74993,0.08596491228070176,0.6350877192982456,0.6533333333333333,1.062439665896818,30,False,1862.0,False
842,feature_diverse,419567,0.07017543859649122,0.9421052631578948,0.945,1.040307416813448,30,False,2366.0,True
842,feature_diverse,739391,0.07719298245614035,0.6736842105263158,0.69,1.037030833074823,30,False,1986.0,False
842,feature_diverse,982451,0.07719298245614035,0.9596491228070175,0.9616666666666667,1.0502923750318587,30,False,2374.0,True
846,feature_diverse,2026,0.08596491228070176,0.9368421052631579,0.94,1.041446499992162,30,False,2378.0,True
846,feature_diverse,74993,0.0824561403508772,0.8052631578947368,0.815,1.0408751668874174,30,False,2144.0,False
846,feature_diverse,419567,0.06842105263157895,0.17017543859649123,0.21166666666666667,0.8373873750679195,24,True,1510.0,False
846,feature_diverse,739391,0.06842105263157895,0.2,0.24,1.0597782500553876,30,False,1536.0,False
846,feature_diverse,982451,0.07192982456140351,0.20350877192982456,0.24333333333333335,1.0599731670226902,30,False,1536.0,False
851,feature_diverse,2026,0.07543859649122807,0.9315789473684211,0.935,1.0367024999577552,30,False,2372.0,True
851,feature_diverse,74993,0.08421052631578947,0.9368421052631579,0.94,0.8706329588312656,25,True,2378.0,True
851,feature_diverse,419567,0.07894736842105263,0.9350877192982456,0.9383333333333334,1.0509310408961028,30,False,2368.0,True
851,feature_diverse,739391,0.07017543859649122,0.7859649122807018,0.7966666666666666,1.071984832873568,30,False,2172.0,False
851,feature_diverse,982451,0.07017543859649122,0.956140350877193,0.9583333333333334,1.0326174579095095,30,False,2378.0,True
857,feature_diverse,2026,0.08947368421052632,0.9403508771929825,0.9433333333333334,1.05142933386378,30,False,2360.0,True
857,feature_diverse,74993,0.08771929824561403,0.956140350877193,0.9583333333333334,1.0365562080405653,30,False,2378.0,True
857,feature_diverse,419567,0.09649122807017543,0.9385964912280702,0.9416666666666667,0.9627367909997702,28,True,2378.0,True
857,feature_diverse,739391,0.08771929824561403,0.9438596491228071,0.9466666666666667,1.032801000168547,30,False,2370.0,True
857,feature_diverse,982451,0.07543859649122807,0.956140350877193,0.9583333333333334,1.039935499895364,30,False,2376.0,True
864,feature_diverse,2026,0.06666666666666667,0.28596491228070176,0.32166666666666666,0.8011190840043128,22,True,1600.0,False
864,feature_diverse,74993,0.07017543859649122,0.21929824561403508,0.25833333333333336,1.0561557919718325,30,False,1538.0,False
864,feature_diverse,419567,0.07368421052631578,0.34912280701754383,0.38166666666666665,1.0430282079614699,30,False,1666.0,False
864,feature_diverse,739391,0.07368421052631578,0.2754385964912281,0.31166666666666665,1.0745759999845177,30,True,1582.0,False
864,feature_diverse,982451,0.07017543859649122,0.34035087719298246,0.37333333333333335,1.0741208749823272,30,False,1642.0,False
865,feature_diverse,2026,0.07894736842105263,0.4368421052631579,0.465,1.175727249821648,30,False,1764.0,False
865,feature_diverse,74993,0.08421052631578947,0.5245614035087719,0.5483333333333333,1.064265541965142,30,False,1874.0,False
865,feature_diverse,419567,0.08596491228070176,0.5859649122807018,0.6066666666666667,1.0363368748221546,30,False,1906.0,False
865,feature_diverse,739391,0.08596491228070176,0.9456140350877194,0.9483333333333334,1.0489245001226664,30,False,2376.0,True
865,feature_diverse,982451,0.08070175438596491,0.5105263157894737,0.535,1.0494356250856072,30,False,1838.0,False
876,feature_diverse,2026,0.06315789473684211,0.2807017543859649,0.31666666666666665,1.0484738750383258,30,False,1604.0,False
876,feature_diverse,74993,0.07894736842105263,0.24035087719298245,0.2783333333333333,1.0231002080254257,29,True,1564.0,False
876,feature_diverse,419567,0.06666666666666667,0.26666666666666666,0.30333333333333334,1.0813137500081211,30,False,1562.0,False
876,feature_diverse,739391,0.06491228070175438,0.24736842105263157,0.285,1.0426597909536213,30,False,1586.0,False
876,feature_diverse,982451,0.07192982456140351,0.5719298245614035,0.5933333333333334,1.072894750162959,30,False,1820.0,False
880,feature_diverse,2026,0.07368421052631578,0.25263157894736843,0.29,1.0787870839703828,30,False,1520.0,False
880,feature_diverse,74993,0.06315789473684211,0.256140350877193,0.29333333333333333,1.0633509589824826,30,False,1536.0,False
880,feature_diverse,419567,0.06666666666666667,0.32456140350877194,0.35833333333333334,1.0706313750706613,30,False,1638.0,False
880,feature_diverse,739391,0.06140350877192982,0.8245614035087719,0.8333333333333334,1.0480743751395494,30,False,2160.0,False
880,feature_diverse,982451,0.05263157894736842,0.12631578947368421,0.17,1.066970834042877,30,False,1450.0,False
882,feature_diverse,2026,0.0824561403508772,0.9473684210526315,0.95,0.7921231249347329,23,True,2378.0,True
882,feature_diverse,74993,0.07192982456140351,0.5140350877192983,0.5383333333333333,1.037037624977529,30,False,1856.0,False
882,feature_diverse,419567,0.09649122807017543,0.9421052631578948,0.945,0.8861810001544654,26,True,2378.0,True
882,feature_diverse,739391,0.08771929824561403,0.9543859649122807,0.9566666666666667,1.0325474999845028,30,True,2378.0,True
882,feature_diverse,982451,0.0912280701754386,0.9403508771929825,0.9433333333333334,1.039810209069401,30,False,2378.0,True
885,feature_diverse,2026,0.07894736842105263,0.9421052631578948,0.945,1.0175776248797774,30,False,2376.0,True
885,feature_diverse,74993,0.07719298245614035,0.35964912280701755,0.39166666666666666,1.0433892500586808,30,False,1682.0,False
885,feature_diverse,419567,0.08421052631578947,0.3105263157894737,0.345,1.0634462079033256,30,False,1624.0,False
885,feature_diverse,739391,0.08947368421052632,0.45614035087719296,0.48333333333333334,1.0413823751732707,30,False,1778.0,False
885,feature_diverse,982451,0.0824561403508772,0.2964912280701754,0.33166666666666667,1.0395493330433965,30,False,1580.0,False
889,feature_diverse,2026,0.08596491228070176,0.8456140350877193,0.8533333333333334,1.0440272090490907,30,False,2260.0,False
889,feature_diverse,74993,0.08421052631578947,0.9543859649122807,0.9566666666666667,1.0489199170842767,30,False,2378.0,True
889,feature_diverse,419567,0.0824561403508772,0.5596491228070175,0.5816666666666667,1.0587580420542508,30,False,1836.0,False
889,feature_diverse,739391,0.08596491228070176,0.9596491228070175,0.9616666666666667,1.043969000224024,30,False,2378.0,True
889,feature_diverse,982451,0.07192982456140351,0.3701754385964912,0.40166666666666667,1.0648362499196082,30,False,1704.0,False
892,feature_diverse,2026,0.09649122807017543,0.9385964912280702,0.9416666666666667,1.0789772500284016,30,False,2372.0,True
892,feature_diverse,74993,0.08947368421052632,0.9543859649122807,0.9566666666666667,1.0399158338550478,30,False,2376.0,True
892,feature_diverse,419567,0.10526315789473684,0.9491228070175438,0.9516666666666667,0.7315076668746769,21,True,2372.0,True
892,feature_diverse,739391,0.08947368421052632,0.5684210526315789,0.59,1.0391692910343409,30,False,1922.0,False
892,feature_diverse,982451,0.09649122807017543,0.9403508771929825,0.9433333333333334,1.0311402908992022,30,False,2374.0,True
893,feature_diverse,2026,0.08421052631578947,0.9350877192982456,0.9383333333333334,1.0282365828752518,30,False,2370.0,True
893,feature_diverse,74993,0.09298245614035087,0.9298245614035088,0.9333333333333333,1.0531740838196129,30,False,2362.0,True
893,feature_diverse,419567,0.09649122807017543,0.9438596491228071,0.9466666666666667,1.0226234998553991,30,False,2376.0,True
893,feature_diverse,739391,0.07192982456140351,0.7140350877192982,0.7283333333333334,1.0706041250377893,30,False,2034.0,False
893,feature_diverse,982451,0.08596491228070176,0.9438596491228071,0.9466666666666667,1.0431638748850673,30,False,2370.0,True
898,feature_diverse,2026,0.07894736842105263,0.3473684210526316,0.38,1.0520668749231845,30,False,1642.0,False
898,feature_diverse,74993,0.08421052631578947,0.868421052631579,0.875,1.048302749870345,30,False,2244.0,False
898,feature_diverse,419567,0.08771929824561403,0.9508771929824561,0.9533333333333334,1.0439404170028865,30,False,2378.0,True
898,feature_diverse,739391,0.07017543859649122,0.21228070175438596,0.25166666666666665,1.0436724592000246,30,False,1536.0,False
898,feature_diverse,982451,0.07368421052631578,0.3912280701754386,0.4216666666666667,1.0470982498954982,30,False,1692.0,False
