candidate_id,data_split,sampling_strategy,problem,graph_model,graph_pair_seed,sgm_seed,n_vertices,n_seeds,rho,seed_vertices_graph1,seed_vertices_graph2,seed_degree_mean,seed_pagerank_mean,seed_betweenness_mean,nonseed_covered_fraction,nonseed_covered_by_two_fraction,nonseed_covered_by_three_fraction,nonseed_seed_neighbor_q10,nonseed_nearest_seed_distance_mean,nonseed_nearest_seed_distance_max,nonseed_nearest_seed_distance_disconnected_fraction,nonseed_within_two_hops_of_three_seeds_fraction,nonseed_three_hop_seed_count_mean,nonseed_seed_signature_normalized_entropy,nonseed_seed_signature_collision_pair_fraction,seed_nonseed_neighborhood_jaccard_mean,seed_pair_shortest_path_mean,seed_community_normalized_entropy,h0_accuracy,final_unseeded_accuracy,final_all_accuracy,sgm_runtime_seconds,sgm_n_iter,sgm_converged,sgm_objective_score,sgm_success
0,train,random,paper,paper,3165569293,2026,600,30,0.7,"[48, 107, 113, 123, 139, 147, 152, 156, 167, 172, 186, 242, 282, 322, 339, 349, 352, 354, 355, 392, 394, 406, 412, 415, 432, 470, 494, 498, 562, 595]","[11, 168, 511, 156, 152, 171, 521, 143, 585, 244, 388, 142, 357, 162, 47, 531, 497, 551, 177, 419, 169, 276, 184, 190, 571, 138, 170, 591, 407, 120]",5.866666666666666,0.0017072673067710753,0.004891171210011118,0.24035087719298245,0.0456140350877193,0.005263157894736842,0.0,1.9414893617021276,3.0,0.010526315789473684,0.34035087719298246,10.26842105263158,0.22880703826855162,0.577985385255758,0.0064631298265332635,3.7126436781609193,0.7480635337601754,0.09649122807017543,0.6701754385964912,0.6866666666666666,1.1835832090582699,30,False,1968.0,False
1,train,random,paper,paper,3165569293,2026,600,30,0.7,"[1, 3, 25, 71, 79, 120, 128, 141, 169, 172, 173, 181, 212, 216, 228, 247, 280, 327, 346, 377, 378, 428, 439, 537, 558, 573, 583, 584, 597, 599]","[575, 182, 118, 526, 374, 27, 210, 9, 327, 244, 363, 353, 496, 342, 173, 286, 580, 574, 261, 90, 188, 275, 565, 599, 503, 596, 530, 149, 559, 88]",5.066666666666666,0.0014999548233091244,0.0031555285515533307,0.21403508771929824,0.028070175438596492,0.0035087719298245615,0.0,2.023049645390071,4.0,0.010526315789473684,0.3175438596491228,10.345614035087719,0.20340216907593067,0.6185490087256806,0.004421772352806836,3.7701149425287355,0.7108524565789833,0.06315789473684211,0.3385964912280702,0.37166666666666665,1.014634332852438,30,False,1672.0,False
2,train,random,paper,paper,3165569293,2026,600,30,0.7,"[16, 34, 48, 65, 85, 99, 110, 198, 276, 285, 286, 292, 303, 319, 327, 358, 366, 390, 394, 417, 420, 429, 431, 441, 446, 455, 456, 521, 540, 554]","[128, 422, 11, 568, 273, 76, 113, 187, 103, 314, 484, 304, 281, 550, 574, 323, 587, 232, 169, 296, 125, 23, 328, 380, 208, 112, 473, 464, 53, 522]",5.566666666666666,0.0016082545806093136,0.00582950765184942,0.24736842105263157,0.04035087719298246,0.0017543859649122807,0.0,1.91858407079646,4.0,0.008771929824561403,0.32280701754385965,9.721052631578948,0.22544151935349044,0.5683593870440601,0.0052400537138340645,3.834975369458128,0.7811713190612201,0.0824561403508772,0.3350877192982456,0.36833333333333335,0.9969084169715643,30,False,1640.0,False
3,train,random,paper,paper,3165569293,2026,600,30,0.7,"[6, 45, 49, 105, 169, 175, 176, 229, 279, 314, 320, 328, 331, 374, 395, 398, 437, 447, 454, 463, 464, 468, 478, 481, 510, 544, 549, 557, 562, 565]","[472, 512, 72, 372, 327, 271, 194, 527, 160, 491, 70, 189, 442, 111, 340, 411, 30, 315, 198, 377, 533, 12, 202, 292, 51, 282, 561, 368, 407, 36]",5.733333333333333,0.0016395376710377576,0.0040724251883520945,0.22631578947368422,0.043859649122807015,0.008771929824561403,0.0,1.991150442477876,4.0,0.008771929824561403,0.35964912280701755,11.39298245614035,0.2138927147339714,0.5995930071223754,0.008544562918428616,3.4901477832512313,0.7346554908274611,0.06666666666666667,0.7929824561403509,0.8033333333333333,0.9823553748428822,30,False,2158.0,False
4,train,random,paper,paper,3165569293,2026,600,30,0.7,"[58, 79, 110, 154, 183, 207, 215, 225, 227, 228, 242, 291, 313, 331, 340, 351, 380, 383, 392, 395, 405, 406, 461, 478, 533, 559, 577, 579, 585, 599]","[358, 374, 113, 420, 525, 441, 452, 131, 94, 173, 142, 277, 102, 442, 450, 209, 334, 157, 419, 340, 523, 276, 290, 202, 203, 330, 321, 440, 231, 88]",5.233333333333333,0.0015407724791498861,0.003270071009150211,0.23684210526315788,0.028070175438596492,0.0,0.0,1.968141592920354,4.0,0.008771929824561403,0.26666666666666666,9.863157894736842,0.21829867929345342,0.5836524527487436,0.0031517652207307375,3.810344827586207,0.7499946230092037,0.07017543859649122,0.24912280701754386,0.2866666666666667,0.8248875411227345,25,True,1568.0,False
5,train,random,paper,paper,3165569293,2026,600,30,0.7,"[1, 7, 11, 53, 78, 85, 104, 127, 153, 187, 204, 206, 210, 222, 229, 295, 319, 329, 359, 395, 425, 426, 451, 473, 482, 506, 530, 548, 559, 577]","[575, 225, 495, 345, 595, 273, 130, 462, 362, 146, 289, 415, 64, 488, 527, 506, 550, 554, 537, 340, 331, 425, 577, 570, 375, 183, 324, 224, 330, 321]",6.733333333333333,0.0019081066458786478,0.006594064804016683,0.27017543859649124,0.05964912280701754,0.007017543859649123,0.0,1.8902654867256636,4.0,0.008771929824561403,0.39824561403508774,11.217543859649123,0.25251004058413934,0.5341658187648383,0.0076388221891321,3.4876847290640396,0.8018758518356869,0.08947368421052632,0.6736842105263158,0.69,0.9823802500031888,30,False,1996.0,False
6,train,random,paper,paper,3165569293,2026,600,30,0.7,"[10, 17, 45, 61, 63, 69, 123, 150, 180, 195, 208, 216, 252, 258, 264, 275, 282, 289, 337, 338, 376, 406, 413, 419, 423, 459, 475, 512, 535, 582]","[230, 166, 512, 410, 399, 501, 156, 216, 105, 528, 254, 342, 15, 272, 174, 371, 357, 66, 494, 108, 87, 276, 1, 212, 269, 597, 543, 99, 178, 540]",5.333333333333333,0.0015716499432537497,0.0034242731909793728,0.23333333333333334,0.02456140350877193,0.0017543859649122807,0.0,1.946808510638298,4.0,0.010526315789473684,0.312280701754386,10.2,0.21591767531695819,0.5889063608053525,0.0037712925643960124,3.7149425287356324,0.660104017511127,0.07719298245614035,0.9035087719298246,0.9083333333333333,1.0242901658639312,30,False,2326.0,True
7,train,random,paper,paper,3165569293,2026,600,30,0.7,"[9, 27, 86, 92, 99, 101, 104, 154, 162, 173, 186, 210, 211, 223, 245, 254, 270, 285, 293, 342, 362, 380, 438, 451, 485, 537, 542, 543, 545, 577]","[391, 579, 35, 26, 76, 409, 130, 420, 278, 363, 388, 64, 300, 77, 59, 319, 150, 314, 535, 218, 85, 334, 40, 577, 135, 599, 223, 110, 376, 321]",6.1,0.001769482905520638,0.004830183670781213,0.23859649122807017,0.04912280701754386,0.005263157894736842,0.0,1.9716312056737588,4.0,0.010526315789473684,0.3526315789473684,10.470175438596492,0.22330449238897532,0.5812906607467703,0.007583865881410821,3.6551724137931036,0.7612650857771542,0.07543859649122807,0.9368421052631579,0.94,0.990110833896324,30,False,2368.0,True
8,train,random,paper,paper,3165569293,2026,600,30,0.7,"[6, 11, 38, 46, 62, 115, 126, 129, 147, 149, 213, 239, 240, 291, 312, 326, 363, 386, 387, 402, 416, 443, 444, 445, 459, 477, 518, 536, 546, 588]","[472, 495, 137, 192, 262, 132, 124, 287, 171, 465, 270, 126, 54, 277, 446, 412, 489, 16, 361, 41, 355, 3, 349, 378, 597, 423, 158, 303, 176, 283]",4.9,0.0014587582334826107,0.002754524592164055,0.21052631578947367,0.02456140350877193,0.0017543859649122807,0.0,2.00709219858156,3.0,0.010526315789473684,0.2789473684210526,9.53859649122807,0.1983608585663201,0.6241852434249068,0.003982735017217775,3.8689655172413793,0.768304257312467,0.06842105263157895,0.48947368421052634,0.515,0.9985643750987947,30,False,1738.0,False
9,train,random,paper,paper,3165569293,2026,600,30,0.7,"[3, 13, 42, 53, 82, 130, 164, 196, 202, 220, 225, 232, 290, 303, 320, 354, 366, 394, 421, 431, 441, 451, 473, 486, 501, 509, 517, 549, 582, 592]","[182, 74, 17, 345, 196, 305, 498, 258, 405, 337, 131, 288, 490, 281, 70, 551, 587, 169, 201, 328, 380, 577, 570, 542, 510, 547, 52, 561, 540, 241]",5.833333333333333,0.001691219425718308,0.004622238052517625,0.24736842105263157,0.03508771929824561,0.005263157894736842,0.0,1.9131205673758864,4.0,0.010526315789473684,0.3473684210526316,10.575438596491228,0.2297395568340231,0.5676625659050967,0.006248731873798597,3.685057471264368,0.7289555999665109,0.07192982456140351,0.9526315789473684,0.955,0.9708365411497653,30,False,2378.0,True
10,train,random,paper,paper,3165569293,2026,600,30,0.7,"[25, 38, 61, 99, 116, 119, 129, 135, 160, 164, 183, 235, 260, 266, 272, 303, 353, 355, 360, 402, 408, 416, 454, 519, 527, 546, 580, 584, 592, 595]","[118, 137, 410, 76, 598, 100, 287, 21, 57, 498, 525, 55, 93, 67, 539, 281, 549, 177, 139, 41, 514, 355, 198, 80, 424, 176, 60, 149, 241, 120]",5.5,0.0016114463826137665,0.003549220102900585,0.23859649122807017,0.028070175438596492,0.0017543859649122807,0.0,1.925531914893617,4.0,0.010526315789473684,0.32105263157894737,9.89298245614035,0.2201957218844916,0.5809391668979126,0.0042719646066502045,3.8344827586206898,0.7728148013999895,0.08421052631578947,0.9526315789473684,0.955,0.9678870418574661,30,False,2376.0,True
11,train,random,paper,paper,3165569293,2026,600,30,0.7,"[2, 15, 16, 45, 59, 62, 95, 142, 201, 320, 361, 373, 375, 386, 407, 435, 465, 485, 494, 495, 511, 527, 535, 543, 562, 568, 573, 574, 584, 598]","[592, 50, 128, 512, 555, 262, 79, 451, 175, 70, 536, 332, 583, 16, 114, 249, 582, 135, 170, 206, 417, 424, 178, 110, 407, 154, 596, 193, 149, 435]",5.166666666666667,0.0015349181225663292,0.003954925597767921,0.22280701754385965,0.02982456140350877,0.005263157894736842,0.0,1.9698581560283688,4.0,0.010526315789473684,0.2596491228070175,9.828070175438597,0.210405649534295,0.6049270804427589,0.0047186899570266705,3.9218390804597703,0.7680977663967314,0.07543859649122807,0.3543859649122807,0.38666666666666666,0.8416913340333849,25,True,1646.0,False
12,train,random,paper,paper,3165569293,2026,600,30,0.7,"[13, 81, 95, 158, 228, 248, 250, 265, 274, 284, 288, 294, 310, 338, 355, 358, 360, 404, 429, 459, 468, 478, 519, 556, 571, 575, 579, 588, 589, 591]","[74, 593, 79, 33, 173, 348, 238, 69, 161, 516, 233, 354, 86, 108, 177, 323, 139, 250, 23, 597, 12, 202, 80, 207, 91, 267, 440, 283, 470, 347]",5.833333333333333,0.001681433766121883,0.004152088842495706,0.24736842105263157,0.05087719298245614,0.005263157894736842,0.0,1.925531914893617,4.0,0.010526315789473684,0.3649122807017544,10.510526315789473,0.2347803168861636,0.5674467363487805,0.005937454687390865,3.7977011494252872,0.7643855217996101,0.07192982456140351,0.9175438596491228,0.9216666666666666,0.9717914590146393,30,False,2344.0,True
13,train,random,paper,paper,3165569293,2026,600,30,0.7,"[16, 42, 50, 94, 99, 118, 148, 151, 154, 156, 167, 195, 199, 204, 227, 234, 242, 256, 284, 312, 368, 376, 398, 402, 407, 421, 422, 466, 525, 557]","[128, 17, 78, 81, 76, 4, 14, 63, 420, 143, 585, 528, 460, 289, 94, 28, 142, 573, 516, 446, 396, 87, 411, 41, 114, 201, 119, 339, 400, 368]",5.366666666666666,0.0015922236342046615,0.003611693921515266,0.23157894736842105,0.02631578947368421,0.0035087719298245615,0.0,1.9769503546099292,4.0,0.010526315789473684,0.2754385964912281,9.726315789473684,0.21647288543432852,0.591428483334875,0.004167744771193047,3.8735632183908044,0.7180196274667862,0.08070175438596491,0.9052631578947369,0.91,1.0880361669696867,30,False,2334.0,True
14,train,random,paper,paper,3165569293,2026,600,30,0.7,"[37, 45, 84, 86, 92, 113, 142, 222, 231, 240, 242, 245, 248, 283, 314, 347, 352, 364, 390, 393, 412, 418, 426, 429, 484, 510, 570, 571, 578, 587]","[217, 512, 471, 35, 26, 511, 451, 488, 532, 54, 142, 59, 348, 517, 491, 307, 497, 222, 232, 239, 184, 373, 425, 23, 469, 51, 366, 91, 106, 352]",6.9,0.0019507410866828972,0.006574556535234794,0.26842105263157895,0.0456140350877193,0.0017543859649122807,0.0,1.8886925795053005,4.0,0.007017543859649123,0.43859649122807015,11.62982456140351,0.2406243265621261,0.5376745906946628,0.0069552201956294924,3.4153439153439153,0.7064699118439509,0.06140350877192982,0.20877192982456141,0.24833333333333332,1.0078900419175625,30,False,1594.0,False
15,train,random,paper,paper,3165569293,2026,600,30,0.7,"[3, 10, 18, 40, 55, 73, 81, 125, 130, 138, 164, 175, 183, 196, 216, 281, 297, 303, 304, 403, 429, 441, 447, 454, 489, 494, 535, 553, 577, 595]","[182, 230, 508, 459, 515, 302, 593, 280, 305, 395, 498, 271, 525, 258, 342, 408, 159, 281, 240, 22, 23, 380, 315, 198, 31, 170, 178, 141, 321, 120]",5.9,0.0017178030820112179,0.004427564949151524,0.27017543859649124,0.03508771929824561,0.0017543859649122807,0.0,1.877659574468085,4.0,0.010526315789473684,0.3508771929824561,10.20701754385965,0.24567743318773239,0.5342336509111091,0.0038298288233320718,3.839080459770115,0.7712182024191871,0.06140350877192982,0.2807017543859649,0.31666666666666665,0.9889161251485348,30,False,1584.0,False
16,train,random,paper,paper,3165569293,2026,600,30,0.7,"[7, 40, 70, 72, 84, 93, 97, 123, 125, 133, 151, 209, 221, 229, 278, 299, 311, 338, 357, 375, 382, 384, 394, 461, 471, 481, 510, 540, 543, 547]","[225, 459, 84, 68, 471, 394, 104, 156, 280, 397, 63, 346, 181, 527, 487, 251, 385, 108, 504, 583, 291, 564, 169, 290, 519, 292, 51, 53, 110, 109]",5.8,0.0017006100288351942,0.00580961457541136,0.24035087719298245,0.03333333333333333,0.008771929824561403,0.0,1.9840425531914894,4.0,0.010526315789473684,0.3473684210526316,10.52280701754386,0.2236576521061606,0.5781642154595628,0.006839680816674518,3.774712643678161,0.7111869468472092,0.07719298245614035,0.9473684210526315,0.95,0.9724568328820169,30,False,2378.0,True
17,train,random,paper,paper,3165569293,2026,600,30,0.7,"[21, 25, 30, 32, 55, 76, 120, 137, 156, 162, 176, 181, 195, 207, 226, 232, 247, 257, 260, 280, 301, 336, 378, 416, 424, 470, 471, 505, 526, 566]","[127, 118, 402, 457, 515, 259, 27, 476, 143, 278, 194, 353, 528, 441, 359, 288, 286, 461, 93, 580, 369, 219, 188, 355, 164, 138, 519, 236, 264, 191]",5.533333333333333,0.0016062546078523502,0.002915909125100841,0.22456140350877193,0.043859649122807015,0.005263157894736842,0.0,1.975177304964539,4.0,0.010526315789473684,0.32456140350877194,10.801754385964912,0.21603712242155562,0.6020719637406345,0.007919559030106696,3.659770114942529,0.719002483324478,0.08070175438596491,0.9421052631578948,0.945,0.9627836248837411,30,False,2376.0,True
18,train,random,paper,paper,3165569293,2026,600,30,0.7,"[2, 34, 72, 88, 120, 130, 132, 139, 141, 168, 170, 220, 255, 259, 277, 309, 312, 336, 388, 404, 409, 416, 439, 440, 501, 519, 521, 576, 580, 591]","[592, 422, 68, 8, 27, 305, 544, 152, 9, 436, 553, 337, 344, 155, 38, 456, 446, 219, 7, 250, 39, 355, 565, 247, 510, 80, 464, 253, 60, 347]",5.133333333333334,0.0015145112795590574,0.002910975483903552,0.21403508771929824,0.02456140350877193,0.007017543859649123,0.0,2.0106382978723403,4.0,0.010526315789473684,0.29473684210526313,9.880701754385965,0.20211881340458543,0.6185983411956958,0.006648530269219924,3.7770114942528736,0.7237195183277363,0.0824561403508772,0.4824561403508772,0.5083333333333333,0.9929134999401867,30,False,1740.0,False
19,train,random,paper,paper,3165569293,2026,600,30,0.7,"[0, 20, 26, 53, 58, 60, 74, 117, 167, 199, 205, 260, 306, 314, 340, 368, 376, 384, 410, 416, 427, 442, 456, 468, 492, 523, 548, 554, 575, 598]","[509, 507, 117, 345, 358, 306, 107, 48, 585, 460, 524, 93, 301, 491, 450, 396, 87, 564, 25, 355, 234, 32, 473, 12, 326, 153, 224, 522, 267, 435]",5.166666666666667,0.0015356604433652244,0.003979948526477738,0.22456140350877193,0.02982456140350877,0.0035087719298245615,0.0,1.9982300884955753,4.0,0.008771929824561403,0.2894736842105263,9.196491228070176,0.20800972237515594,0.6024666235007554,0.004299304244857784,3.8793103448275863,0.7837507738997143,0.08596491228070176,0.9508771929824561,0.9533333333333334,0.9572132499888539,30,False,2378.0,True
20,train,random,paper,paper,3165569293,2026,600,30,0.7,"[42, 72, 89, 94, 112, 183, 262, 272, 285, 317, 330, 353, 357, 371, 375, 423, 465, 469, 473, 475, 478, 488, 490, 501, 512, 523, 526, 567, 569, 595]","[17, 68, 180, 81, 548, 525, 541, 539, 314, 18, 228, 549, 504, 406, 583, 269, 582, 214, 570, 543, 202, 134, 381, 510, 99, 153, 264, 428, 167, 120]",5.633333333333334,0.0016642216069062592,0.00492122882619826,0.25263157894736843,0.02631578947368421,0.0,0.0,1.8918439716312057,3.0,0.010526315789473684,0.3140350877192982,9.510526315789473,0.22926033310735494,0.560120864551537,0.0026045216778642633,3.960919540229885,0.727972744108819,0.09649122807017543,0.9473684210526315,0.95,0.9393349159508944,29,True,2378.0,True
21,train,random,paper,paper,3165569293,2026,600,30,0.7,"[14, 55, 115, 128, 158, 171, 189, 202, 207, 218, 228, 279, 291, 294, 341, 356, 357, 362, 373, 380, 393, 432, 456, 470, 491, 512, 518, 534, 557, 566]","[145, 515, 132, 210, 33, 268, 46, 405, 441, 338, 173, 160, 277, 354, 341, 98, 504, 85, 332, 334, 239, 571, 473, 138, 136, 99, 158, 493, 368, 191]",5.9,0.0017272991218188474,0.004900194171705674,0.24912280701754386,0.03684210526315789,0.007017543859649123,0.0,1.9148936170212767,4.0,0.010526315789473684,0.3175438596491228,10.384210526315789,0.230707561859638,0.565097277464311,0.0063543841028628045,3.760919540229885,0.7680977663967314,0.09649122807017543,0.9473684210526315,0.95,0.9672962080221623,30,False,2376.0,True
22,train,random,paper,paper,3165569293,2026,600,30,0.7,"[10, 12, 19, 71, 142, 150, 161, 177, 207, 222, 223, 241, 255, 262, 275, 291, 295, 316, 323, 327, 353, 419, 426, 431, 450, 497, 520, 528, 543, 550]","[230, 148, 552, 526, 451, 216, 545, 235, 441, 488, 77, 566, 344, 541, 371, 277, 506, 42, 433, 574, 549, 212, 425, 328, 2, 186, 308, 468, 110, 485]",4.833333333333333,0.0014481926478427957,0.002432602975609388,0.21929824561403508,0.02982456140350877,0.0017543859649122807,0.0,2.015957446808511,4.0,0.010526315789473684,0.2736842105263158,9.398245614035087,0.2083142068462203,0.6103104862331575,0.004659178624695866,3.8804597701149426,0.7940383808099729,0.07543859649122807,0.19298245614035087,0.23333333333333334,0.7529305419884622,22,True,1470.0,False
23,train,random,paper,paper,3165569293,2026,600,30,0.7,"[56, 93, 101, 104, 124, 138, 173, 184, 185, 218, 229, 242, 244, 249, 265, 295, 328, 342, 350, 362, 374, 393, 424, 453, 479, 514, 519, 542, 551, 581]","[426, 394, 409, 130, 454, 395, 363, 576, 311, 338, 527, 142, 97, 350, 69, 506, 189, 218, 413, 85, 111, 239, 164, 255, 518, 215, 80, 223, 75, 185]",4.966666666666667,0.0015017855128882467,0.003664662978108058,0.22456140350877193,0.02982456140350877,0.0,0.0,1.99645390070922,4.0,0.010526315789473684,0.2807017543859649,9.250877192982456,0.2120708730852357,0.6022137945919279,0.004092111592111592,3.910344827586207,0.7005648496687247,0.07192982456140351,0.9596491228070175,0.9616666666666667,1.096832917071879,30,False,2378.0,True
24,train,random,paper,paper,3165569293,2026,600,30,0.7,"[0, 12, 16, 48, 113, 114, 123, 126, 129, 138, 175, 179, 199, 206, 240, 247, 278, 288, 304, 316, 335, 339, 347, 353, 380, 386, 404, 431, 497, 593]","[509, 148, 128, 11, 511, 199, 156, 124, 287, 395, 271, 500, 460, 415, 54, 286, 487, 233, 240, 42, 221, 47, 307, 549, 334, 16, 250, 328, 186, 505]",5.633333333333334,0.0016397427310376965,0.0035262360478866537,0.24210526315789474,0.031578947368421054,0.007017543859649123,0.0,1.948581560283688,3.0,0.010526315789473684,0.34912280701754383,10.822807017543859,0.22688976367606603,0.5753892640212129,0.005942655684034995,3.698850574712644,0.740839805857572,0.08070175438596491,0.9456140350877194,0.9483333333333334,1.0143332919105887,30,True,2378.0,True
25,train,random,paper,paper,3165569293,2026,600,30,0.7,"[24, 27, 33, 115, 125, 172, 183, 187, 239, 241, 245, 262, 291, 317, 333, 358, 386, 395, 409, 426, 445, 454, 510, 511, 514, 528, 548, 552, 574, 597]","[590, 579, 73, 132, 280, 244, 525, 146, 126, 566, 59, 541, 277, 18, 294, 323, 16, 340, 39, 425, 378, 198, 51, 417, 215, 468, 224, 320, 193, 559]",6.4,0.00183158201777608,0.0056071149436841125,0.2824561403508772,0.0456140350877193,0.005263157894736842,0.0,1.8546099290780143,4.0,0.010526315789473684,0.3912280701754386,10.23157894736842,0.2525739156608002,0.5174852773409798,0.004693293315114684,3.8505747126436782,0.7940383808099729,0.08596491228070176,0.9421052631578948,0.945,1.0147522080224007,26,True,2368.0,True
26,train,random,paper,paper,3165569293,2026,600,30,0.7,"[28, 41, 42, 43, 47, 58, 75, 113, 117, 152, 197, 282, 316, 328, 330, 339, 359, 365, 374, 376, 391, 426, 475, 479, 538, 546, 552, 554, 557, 581]","[322, 56, 17, 448, 285, 358, 351, 511, 48, 521, 92, 357, 42, 189, 228, 47, 537, 588, 111, 87, 163, 425, 543, 518, 95, 176, 320, 522, 368, 185]",5.833333333333333,0.001689792346698611,0.003762426128805869,0.2543859649122807,0.03508771929824561,0.0035087719298245615,0.0,1.9184397163120568,4.0,0.010526315789473684,0.34385964912280703,10.992982456140352,0.23655393900093213,0.5570745845281041,0.004865645210472797,3.7425287356321837,0.7680977663967313,0.0824561403508772,0.9456140350877194,0.9483333333333334,1.0041660419665277,29,True,2378.0,True
27,train,random,paper,paper,3165569293,2026,600,30,0.7,"[8, 13, 15, 73, 75, 119, 147, 152, 204, 232, 235, 244, 248, 286, 362, 369, 419, 421, 432, 437, 493, 507, 508, 547, 554, 561, 579, 581, 582, 595]","[147, 74, 50, 302, 351, 100, 171, 521, 289, 288, 55, 97, 348, 484, 85, 569, 212, 201, 571, 30, 123, 421, 581, 109, 522, 229, 440, 185, 540, 120]",6.2,0.0017784562722851054,0.00583679673717396,0.2649122807017544,0.04736842105263158,0.005263157894736842,0.0,1.8953900709219857,4.0,0.010526315789473684,0.35789473684210527,10.950877192982457,0.24494414620991117,0.5419911818209848,0.007080402988977389,3.6482758620689655,0.7620633852675553,0.09473684210526316,0.9491228070175438,0.9516666666666667,0.767405292019248,21,True,2378.0,True
28,train,random,paper,paper,3165569293,2026,600,30,0.7,"[4, 10, 28, 70, 81, 118, 146, 150, 155, 156, 161, 174, 175, 235, 270, 311, 366, 371, 386, 444, 452, 482, 504, 508, 516, 520, 551, 552, 564, 578]","[594, 230, 322, 84, 593, 4, 370, 216, 43, 143, 545, 316, 271, 55, 150, 385, 587, 406, 16, 349, 313, 375, 356, 581, 534, 308, 75, 320, 58, 106]",4.933333333333334,0.0014645880256103096,0.0034574630854263145,0.20877192982456141,0.03859649122807018,0.0035087719298245615,0.0,2.0512367491166077,4.0,0.007017543859649123,0.2824561403508772,9.7,0.19968510739378073,0.6268738630407301,0.007204383401137965,3.6825396825396823,0.8579883718948079,0.06842105263157895,0.156140350877193,0.19833333333333333,1.0120043749921024,30,False,1508.0,False
29,train,random,paper,paper,3165569293,2026,600,30,0.7,"[22, 49, 63, 95, 112, 122, 147, 174, 185, 196, 214, 251, 262, 278, 307, 343, 346, 361, 363, 377, 384, 396, 410, 426, 433, 444, 461, 572, 576, 596]","[480, 72, 399, 79, 548, 520, 171, 316, 311, 258, 310, 336, 541, 487, 429, 248, 261, 536, 489, 90, 564, 478, 25, 425, 115, 349, 290, 211, 253, 260]",5.6,0.0016357006128091287,0.003896275259562663,0.24561403508771928,0.03333333333333333,0.005263157894736842,0.0,1.927304964539007,3.0,0.010526315789473684,0.3350877192982456,10.33859649122807,0.22818523313567052,0.5702833533746493,0.0050870138801173284,3.7379310344827585,0.7449430977377197,0.07543859649122807,0.9350877192982456,0.9383333333333334,1.0009488330688328,30,False,2378.0,True
30,train,random,paper,paper,3165569293,2026,600,30,0.7,"[12, 19, 24, 56, 65, 74, 90, 114, 123, 142, 171, 197, 203, 225, 247, 267, 307, 402, 410, 419, 427, 468, 488, 492, 506, 507, 544, 565, 577, 594]","[148, 552, 590, 426, 568, 107, 318, 199, 156, 451, 268, 92, 101, 131, 286, 389, 429, 41, 25, 212, 234, 12, 134, 326, 183, 421, 282, 36, 321, 463]",5.533333333333333,0.0016208005509968408,0.004482503800808926,0.23684210526315788,0.04035087719298246,0.005263157894736842,0.0,1.9450354609929077,4.0,0.010526315789473684,0.2964912280701754,9.87719298245614,0.22026519310501516,0.5838621157463078,0.0061931082128042474,3.9770114942528734,0.7667804202708137,0.08070175438596491,0.9438596491228071,0.9466666666666667,0.9917662919033319,30,False,2378.0,True
31,train,random,paper,paper,3165569293,2026,600,30,0.7,"[5, 13, 18, 41, 65, 69, 78, 82, 142, 151, 157, 166, 171, 219, 256, 258, 266, 273, 291, 299, 306, 334, 347, 350, 400, 416, 487, 520, 555, 566]","[414, 74, 508, 56, 568, 501, 595, 196, 451, 63, 584, 133, 268, 298, 573, 272, 67, 438, 277, 251, 301, 205, 307, 413, 197, 355, 44, 308, 312, 191]",6.3,0.0018123206808551133,0.006094428323399645,0.2754385964912281,0.04035087719298246,0.007017543859649123,0.0,1.8794326241134751,4.0,0.010526315789473684,0.4087719298245614,11.110526315789473,0.24909555002458497,0.5267906144975796,0.006904262373044335,3.6873563218390806,0.8289273214591105,0.08421052631578947,0.9508771929824561,0.9533333333333334,0.9538652501069009,30,False,2376.0,True
32,train,random,paper,paper,3165569293,2026,600,30,0.7,"[32, 106, 118, 151, 152, 155, 173, 180, 212, 214, 219, 239, 273, 317, 325, 343, 373, 380, 475, 477, 520, 526, 527, 529, 532, 538, 556, 567, 592, 598]","[457, 439, 4, 63, 521, 43, 363, 105, 496, 310, 298, 126, 438, 18, 382, 248, 332, 334, 543, 423, 308, 264, 424, 65, 387, 95, 207, 428, 241, 435]",5.233333333333333,0.0015567186289044276,0.003401349274544949,0.24035087719298245,0.01929824561403509,0.0017543859649122807,0.0,1.9166666666666667,4.0,0.010526315789473684,0.27017543859649124,9.666666666666666,0.21910522593641948,0.5783800450158789,0.0029788057590448965,3.9701149425287356,0.7400415063671708,0.08070175438596491,0.9596491228070175,0.9616666666666667,0.9476820409763604,29,True,2378.0,True
33,train,random,paper,paper,3165569293,2026,600,30,0.7,"[59, 62, 71, 130, 158, 184, 206, 208, 213, 221, 225, 238, 241, 273, 288, 321, 328, 348, 394, 402, 445, 448, 462, 470, 494, 515, 522, 533, 539, 550]","[555, 262, 526, 305, 33, 576, 415, 254, 270, 181, 131, 266, 566, 438, 233, 458, 189, 325, 169, 41, 378, 467, 335, 138, 170, 299, 367, 203, 453, 485]",5.233333333333333,0.0015341464329381835,0.003141897752066697,0.22105263157894736,0.03684210526315789,0.0035087719298245615,0.0,1.9875886524822695,4.0,0.010526315789473684,0.30526315789473685,10.154385964912281,0.21041790390053886,0.6075910338235747,0.00575594560515026,3.779310344827586,0.7271744446184178,0.07719298245614035,0.6508771929824562,0.6683333333333333,0.9994512498378754,30,False,1954.0,False
34,train,random,paper,paper,3165569293,2026,600,30,0.7,"[2, 8, 47, 66, 95, 112, 128, 160, 230, 242, 262, 265, 315, 335, 338, 341, 363, 415, 424, 427, 437, 441, 445, 447, 455, 461, 488, 557, 561, 565]","[592, 147, 285, 379, 79, 548, 210, 57, 29, 142, 541, 69, 246, 221, 108, 341, 489, 190, 164, 234, 30, 380, 378, 315, 112, 290, 134, 368, 229, 36]",5.033333333333333,0.0014967630186552459,0.002353826159054614,0.23508771929824562,0.02280701754385965,0.0,0.0,1.9645390070921986,4.0,0.010526315789473684,0.28771929824561404,9.407017543859649,0.21539087075853497,0.586334905805815,0.0034875277978726254,3.935632183908046,0.7491963235188025,0.06666666666666667,0.21052631578947367,0.25,0.9877915838733315,30,False,1548.0,False
35,train,random,paper,paper,3165569293,2026,600,30,0.7,"[11, 23, 32, 65, 91, 104, 131, 137, 179, 185, 190, 220, 262, 274, 288, 298, 305, 311, 337, 341, 360, 371, 379, 390, 403, 440, 464, 467, 475, 547]","[495, 122, 457, 568, 37, 130, 474, 476, 500, 311, 562, 337, 541, 161, 233, 546, 89, 385, 494, 341, 139, 406, 483, 232, 22, 247, 533, 204, 543, 109]",5.833333333333333,0.001694575125891686,0.006513169394236244,0.24210526315789474,0.031578947368421054,0.005263157894736842,0.0,1.9540636042402826,4.0,0.007017543859649123,0.3298245614035088,9.964912280701755,0.21990378178135486,0.5760367526901613,0.005073356095844851,3.642857142857143,0.7712182024191871,0.08596491228070176,0.7491228070175439,0.7616666666666667,1.0178777088876814,30,False,2072.0,False
36,train,random,paper,paper,3165569293,2026,600,30,0.7,"[78, 80, 81, 100, 106, 137, 162, 226, 249, 252, 264, 289, 309, 312, 328, 334, 341, 408, 464, 475, 502, 506, 513, 531, 542, 543, 545, 559, 564, 592]","[595, 403, 593, 529, 439, 476, 278, 359, 350, 15, 174, 66, 456, 446, 189, 205, 341, 514, 533, 543, 116, 183, 6, 252, 223, 110, 376, 330, 58, 241]",5.233333333333333,0.0015263707405512796,0.0030218390811975523,0.21403508771929824,0.031578947368421054,0.005263157894736842,0.0,1.9946902654867256,3.0,0.008771929824561403,0.30701754385964913,10.807017543859649,0.20333538120811445,0.6185428421669288,0.0071109222833360755,3.6330049261083746,0.8008710614295501,0.09824561403508772,0.9526315789473684,0.955,0.9609927078709006,30,False,2378.0,True
37,train,random,paper,paper,3165569293,2026,600,30,0.7,"[16, 38, 52, 58, 69, 88, 160, 162, 193, 218, 224, 275, 284, 295, 363, 376, 395, 449, 474, 478, 490, 496, 500, 506, 512, 536, 543, 568, 592, 599]","[128, 137, 220, 358, 501, 8, 57, 278, 386, 338, 329, 371, 516, 506, 489, 87, 340, 24, 45, 202, 381, 360, 5, 183, 99, 303, 110, 154, 241, 88]",6.133333333333334,0.0017585758704234615,0.005368873943876794,0.25087719298245614,0.03508771929824561,0.008771929824561403,0.0,1.9219858156028369,4.0,0.010526315789473684,0.3894736842105263,11.19122807017544,0.23078206071877208,0.5626738198748189,0.006482854665142778,3.6229885057471263,0.7431619423896266,0.07719298245614035,0.9473684210526315,0.95,0.9619012088514864,30,False,2378.0,True
38,train,random,paper,paper,3165569293,2026,600,30,0.7,"[11, 38, 52, 76, 101, 123, 153, 201, 226, 229, 239, 264, 289, 312, 317, 318, 322, 335, 341, 347, 382, 403, 408, 431, 447, 453, 479, 531, 539, 547]","[495, 137, 220, 259, 409, 156, 362, 175, 359, 527, 126, 174, 66, 446, 18, 83, 162, 221, 341, 307, 291, 22, 514, 328, 315, 255, 518, 252, 453, 109]",5.4,0.0015796038560350375,0.003451581932761997,0.22982456140350876,0.02982456140350877,0.0035087719298245615,0.0,1.9698581560283688,4.0,0.010526315789473684,0.3087719298245614,10.303508771929824,0.21584596612226772,0.5941541023032096,0.004249731749731749,3.788505747126437,0.733672634969769,0.08421052631578947,0.9438596491228071,0.9466666666666667,0.919958416139707,28,True,2376.0,True
39,train,random,paper,paper,3165569293,2026,600,30,0.7,"[11, 27, 80, 88, 92, 103, 144, 179, 186, 213, 241, 249, 257, 261, 307, 312, 340, 341, 403, 421, 456, 475, 495, 520, 542, 558, 560, 591, 595, 599]","[495, 579, 403, 8, 26, 295, 486, 500, 388, 270, 566, 350, 461, 279, 429, 446, 450, 341, 22, 201, 473, 543, 206, 308, 223, 503, 557, 347, 120, 88]",5.2,0.0015488617706669733,0.0033797054031380913,0.24035087719298245,0.028070175438596492,0.0017543859649122807,0.0,1.9113475177304964,3.0,0.010526315789473684,0.3140350877192982,9.52280701754386,0.22079405842324737,0.5783923781333826,0.004405922940405699,3.9563218390804598,0.722122919346934,0.08070175438596491,0.312280701754386,0.3466666666666667,0.7019451670348644,21,True,1596.0,False
40,train,random,paper,paper,3165569293,2026,600,30,0.7,"[22, 58, 87, 91, 93, 106, 119, 133, 223, 246, 257, 274, 289, 291, 330, 356, 366, 372, 403, 405, 421, 446, 455, 459, 481, 484, 498, 535, 543, 547]","[480, 358, 245, 37, 394, 439, 100, 397, 77, 392, 461, 161, 66, 277, 228, 98, 587, 293, 22, 523, 201, 208, 112, 597, 292, 469, 591, 178, 110, 109]",6.033333333333333,0.0017270122458542532,0.005644729637740754,0.256140350877193,0.04035087719298246,0.0035087719298245615,0.0,1.9008849557522123,3.0,0.008771929824561403,0.34385964912280703,10.628070175438596,0.23897742807285427,0.5544414639410477,0.005283955770771186,3.6625615763546797,0.7648493310217854,0.09298245614035087,0.5421052631578948,0.565,0.984678833046928,30,False,1856.0,False
41,train,random,paper,paper,3165569293,2026,600,30,0.7,"[12, 13, 33, 72, 80, 89, 93, 117, 140, 157, 167, 179, 187, 203, 219, 236, 249, 264, 301, 339, 414, 433, 435, 439, 452, 453, 460, 489, 494, 572]","[148, 74, 73, 68, 403, 180, 394, 48, 71, 584, 585, 500, 146, 101, 298, 475, 350, 174, 369, 47, 333, 115, 249, 565, 313, 255, 499, 31, 170, 211]",6.3,0.0017994571986393482,0.005544527547057023,0.2754385964912281,0.04912280701754386,0.0035087719298245615,0.0,1.8581560283687943,4.0,0.010526315789473684,0.3824561403508772,10.41578947368421,0.24990646966555913,0.5269817778188882,0.005229457649720642,3.806896551724138,0.7688960658871326,0.0912280701754386,0.9421052631578948,0.945,0.9524848749861121,30,False,2378.0,True
42,train,random,paper,paper,3165569293,2026,600,30,0.7,"[3, 12, 15, 37, 38, 48, 59, 117, 166, 179, 188, 200, 204, 208, 220, 223, 229, 251, 290, 348, 359, 368, 383, 388, 446, 450, 459, 532, 554, 593]","[182, 148, 50, 217, 137, 11, 555, 48, 133, 500, 265, 404, 289, 254, 337, 77, 527, 336, 490, 325, 537, 396, 157, 7, 208, 2, 597, 387, 522, 505]",5.566666666666666,0.0016055178838511647,0.004679844098875746,0.23684210526315788,0.043859649122807015,0.005263157894736842,0.0,1.9432624113475176,4.0,0.010526315789473684,0.34385964912280703,10.694736842105263,0.22552152431547834,0.5833256251348935,0.006116892450830744,3.7563218390804596,0.7832869646775389,0.09298245614035087,0.9508771929824561,0.9533333333333334,0.9068069159984589,28,True,2378.0,True
43,train,random,paper,paper,3165569293,2026,600,30,0.7,"[10, 29, 51, 63, 73, 87, 89, 92, 119, 149, 155, 185, 210, 260, 289, 292, 302, 316, 334, 354, 361, 388, 412, 418, 428, 435, 449, 481, 539, 570]","[230, 82, 447, 399, 302, 245, 180, 26, 100, 465, 43, 311, 64, 93, 66, 304, 129, 42, 205, 551, 536, 7, 184, 373, 275, 249, 24, 292, 453, 366]",7.0,0.0019746184639368204,0.006771474471530146,0.30526315789473685,0.04736842105263158,0.005263157894736842,0.0,1.8067375886524824,4.0,0.010526315789473684,0.443859649122807,11.459649122807017,0.2712680196843014,0.48523417506860295,0.005385172390331576,3.67816091954023,0.8199789952232146,0.0912280701754386,0.9438596491228071,0.9466666666666667,0.9760467079468071,30,False,2370.0,True
44,train,random,paper,paper,3165569293,2026,600,30,0.7,"[8, 15, 25, 33, 72, 91, 104, 126, 168, 169, 175, 179, 197, 221, 233, 250, 324, 364, 370, 395, 431, 447, 461, 470, 487, 490, 505, 566, 597, 599]","[147, 50, 118, 73, 68, 37, 130, 124, 436, 327, 271, 500, 92, 181, 443, 238, 62, 222, 401, 340, 328, 315, 290, 138, 44, 381, 236, 191, 559, 88]",5.766666666666667,0.0016643406799710981,0.0048572606931494375,0.25263157894736843,0.03684210526315789,0.007017543859649123,0.0,1.936283185840708,4.0,0.008771929824561403,0.3736842105263158,10.74561403508772,0.2316721130462581,0.560009866494003,0.004775506231983875,3.7118226600985222,0.7529085681159238,0.06842105263157895,0.2807017543859649,0.31666666666666665,0.9812481661792845,30,False,1562.0,False
45,train,random,paper,paper,3165569293,2026,600,30,0.7,"[0, 2, 63, 95, 104, 115, 119, 161, 162, 167, 168, 197, 237, 244, 282, 293, 307, 315, 328, 330, 331, 422, 423, 425, 464, 480, 498, 528, 532, 587]","[509, 592, 399, 79, 130, 132, 100, 545, 278, 585, 436, 92, 437, 97, 357, 535, 429, 246, 189, 228, 442, 119, 269, 331, 533, 243, 591, 468, 387, 352]",5.833333333333333,0.001668046225520682,0.004579784831722185,0.2631578947368421,0.031578947368421054,0.005263157894736842,0.0,1.8882978723404256,4.0,0.010526315789473684,0.3526315789473684,10.531578947368422,0.23633679726623624,0.5451546264607036,0.0036428049101613603,3.779310344827586,0.777252583548363,0.07543859649122807,0.9473684210526315,0.95,0.9965637910645455,30,False,2374.0,True
46,train,random,paper,paper,3165569293,2026,600,30,0.7,"[52, 78, 80, 88, 93, 101, 102, 111, 148, 150, 153, 199, 234, 260, 292, 307, 363, 405, 417, 448, 451, 456, 485, 495, 516, 526, 533, 539, 556, 591]","[220, 595, 403, 8, 394, 409, 121, 481, 14, 216, 362, 460, 28, 93, 304, 429, 489, 523, 296, 467, 577, 473, 135, 206, 534, 264, 203, 453, 207, 347]",5.2,0.0015314004877882543,0.0028309818216362822,0.23684210526315788,0.017543859649122806,0.0017543859649122807,0.0,1.9716312056737588,4.0,0.010526315789473684,0.2789473684210526,9.263157894736842,0.21669211476355865,0.5836401196312397,0.0029592565799462355,3.9517241379310346,0.7069337210661263,0.05263157894736842,0.22982456140350876,0.2683333333333333,0.9820283749140799,30,False,1562.0,False
47,train,random,paper,paper,3165569293,2026,600,30,0.7,"[28, 95, 119, 137, 143, 145, 151, 167, 173, 195, 201, 214, 220, 225, 276, 294, 300, 325, 350, 359, 383, 408, 411, 417, 435, 464, 528, 532, 562, 564]","[322, 79, 100, 476, 172, 297, 63, 585, 363, 528, 175, 310, 337, 131, 103, 354, 151, 382, 413, 537, 157, 514, 10, 296, 249, 533, 468, 387, 407, 58]",4.2,0.0012886572436917223,0.002242366179917015,0.2,0.014035087719298246,0.0,0.0,2.0477876106194692,4.0,0.008771929824561403,0.23157894736842105,8.135087719298246,0.1850980638462859,0.6410076157000586,0.0020982402016884775,4.115763546798029,0.8281290219687095,0.06842105263157895,0.23157894736842105,0.27,1.0104117919690907,30,False,1534.0,False
48,train,random,paper,paper,3165569293,2026,600,30,0.7,"[10, 19, 96, 112, 128, 138, 158, 173, 181, 195, 208, 221, 274, 300, 302, 341, 352, 355, 359, 385, 394, 405, 409, 421, 450, 481, 500, 519, 568, 590]","[230, 552, 226, 548, 210, 395, 33, 363, 353, 528, 254, 181, 161, 151, 129, 341, 497, 177, 537, 364, 169, 523, 39, 201, 2, 292, 5, 80, 154, 20]",5.3,0.0015525842177635503,0.0036762242882234855,0.22105263157894736,0.031578947368421054,0.0017543859649122807,0.0,1.975177304964539,4.0,0.010526315789473684,0.3280701754385965,10.019298245614035,0.2086381955647393,0.6076588659698455,0.004674263457224917,3.8275862068965516,0.7651838212900113,0.07543859649122807,0.9368421052631579,0.94,0.979022708022967,30,False,2370.0,True
49,train,random,paper,paper,3165569293,2026,600,30,0.7,"[32, 75, 84, 136, 144, 166, 203, 245, 247, 251, 271, 289, 305, 318, 331, 364, 370, 375, 376, 404, 460, 474, 478, 487, 508, 511, 526, 548, 549, 559]","[457, 351, 471, 195, 486, 133, 101, 59, 286, 336, 144, 66, 89, 83, 442, 222, 401, 583, 87, 250, 499, 45, 202, 44, 581, 417, 264, 224, 561, 330]",6.433333333333334,0.0018242176361041363,0.005521676889948225,0.2754385964912281,0.03333333333333333,0.008771929824561403,0.0,1.8794326241134751,4.0,0.010526315789473684,0.4070175438596491,11.373684210526315,0.24635995571306638,0.5270681096414146,0.004693077303891282,3.650574712643678,0.6650056088816759,0.1,0.9403508771929825,0.9433333333333334,0.6562265420798212,20,True,2372.0,True
50,train,random,paper,paper,3165569293,2026,600,30,0.7,"[2, 35, 54, 57, 133, 134, 196, 236, 237, 259, 270, 272, 281, 292, 299, 300, 342, 363, 383, 397, 400, 405, 418, 431, 443, 514, 536, 542, 545, 592]","[592, 479, 317, 502, 397, 455, 258, 475, 437, 155, 150, 539, 408, 304, 251, 151, 218, 489, 157, 418, 197, 523, 373, 328, 3, 215, 303, 223, 376, 241]",5.333333333333333,0.001578904645008611,0.004670709281503773,0.23508771929824562,0.02631578947368421,0.0017543859649122807,0.0,1.948581560283688,4.0,0.010526315789473684,0.28596491228070176,9.83157894736842,0.2162371686911895,0.5863040730120557,0.0037579023785920336,3.8666666666666667,0.7457413972281209,0.0912280701754386,0.743859649122807,0.7566666666666667,0.9987048751208931,30,False,2094.0,False
51,train,random,paper,paper,3165569293,2026,600,30,0.7,"[5, 21, 34, 41, 66, 83, 84, 85, 95, 144, 151, 165, 174, 209, 250, 261, 284, 327, 330, 352, 361, 369, 380, 443, 459, 474, 491, 558, 566, 574]","[414, 127, 422, 56, 379, 558, 471, 273, 79, 486, 63, 213, 316, 346, 238, 279, 516, 574, 228, 497, 536, 569, 334, 3, 597, 45, 136, 503, 191, 193]",6.3,0.001803110114281662,0.004656087872020798,0.25263157894736843,0.05087719298245614,0.008771929824561403,0.0,1.9219858156028369,4.0,0.010526315789473684,0.38070175438596493,11.396491228070175,0.23905166543922055,0.5596152067338822,0.007416581635630006,3.567816091954023,0.7499946230092036,0.07368421052631578,0.26842105263157895,0.305,0.8986812080256641,27,True,1598.0,False
52,train,random,paper,paper,3165569293,2026,600,30,0.7,"[0, 5, 34, 40, 58, 74, 93, 113, 157, 269, 284, 299, 300, 320, 377, 394, 395, 398, 401, 409, 434, 456, 461, 499, 511, 555, 562, 578, 579, 585]","[509, 414, 422, 459, 358, 107, 394, 511, 584, 390, 516, 251, 151, 70, 90, 169, 340, 411, 427, 39, 431, 473, 290, 432, 417, 312, 407, 106, 440, 231]",5.033333333333333,0.0014926468420943077,0.0032780960809963068,0.21929824561403508,0.03684210526315789,0.0017543859649122807,0.0,2.023049645390071,4.0,0.010526315789473684,0.2894736842105263,9.521052631578947,0.20936700547513773,0.6102734868806463,0.005771642150952496,3.8367816091954023,0.7203417639988406,0.07894736842105263,0.8719298245614036,0.8783333333333333,1.0158657080028206,30,False,2264.0,False
53,train,random,paper,paper,3165569293,2026,600,30,0.7,"[10, 60, 87, 133, 140, 146, 164, 166, 176, 188, 191, 193, 195, 270, 273, 276, 297, 337, 348, 350, 380, 399, 415, 428, 430, 468, 481, 506, 549, 559]","[230, 306, 245, 397, 71, 370, 498, 133, 194, 265, 140, 386, 528, 150, 438, 103, 159, 494, 325, 413, 334, 263, 190, 275, 96, 12, 292, 183, 561, 330]",5.8,0.0016901830599757044,0.004300968921186942,0.24736842105263157,0.02982456140350877,0.007017543859649123,0.0,1.9308510638297873,4.0,0.010526315789473684,0.312280701754386,10.382456140350877,0.22775589050836537,0.5677365646101193,0.005702169140303013,3.689655172413793,0.7708837121509613,0.08070175438596491,0.4245614035087719,0.4533333333333333,0.9830616670660675,30,False,1760.0,False
54,train,random,paper,paper,3165569293,2026,600,30,0.7,"[7, 41, 81, 107, 118, 217, 255, 256, 267, 271, 281, 288, 295, 300, 301, 316, 324, 327, 336, 347, 361, 392, 397, 403, 412, 433, 514, 542, 592, 595]","[225, 56, 593, 168, 4, 13, 344, 573, 389, 144, 408, 233, 506, 151, 369, 42, 62, 574, 219, 307, 536, 419, 418, 22, 184, 115, 215, 223, 241, 120]",5.4,0.0016092934790651423,0.0032928073413504167,0.23333333333333334,0.028070175438596492,0.005263157894736842,0.0,1.9609929078014185,3.0,0.010526315789473684,0.2964912280701754,9.856140350877194,0.21754348331445109,0.588776863071563,0.005271095443509237,3.754022988505747,0.7680977663967313,0.07719298245614035,0.8789473684210526,0.885,0.9778907080180943,30,False,2298.0,False
55,train,random,paper,paper,3165569293,2026,600,30,0.7,"[24, 129, 189, 193, 208, 213, 235, 239, 259, 277, 286, 287, 294, 305, 310, 311, 345, 414, 435, 455, 459, 480, 488, 501, 505, 530, 542, 543, 551, 576]","[590, 287, 46, 386, 254, 270, 55, 126, 155, 38, 484, 165, 354, 89, 86, 385, 466, 333, 249, 112, 597, 243, 134, 510, 236, 324, 223, 110, 75, 253]",5.633333333333334,0.001638086479810256,0.00402395387126407,0.25263157894736843,0.03333333333333333,0.0035087719298245615,0.0,1.8953900709219857,4.0,0.010526315789473684,0.35964912280701755,10.919298245614035,0.23416138033104877,0.5597447044676718,0.004381327484775761,3.767816091954023,0.7552307046479785,0.0824561403508772,0.45614035087719296,0.48333333333333334,1.0275528328493237,30,False,1766.0,False
56,train,random,paper,paper,3165569293,2026,600,30,0.7,"[30, 57, 62, 107, 143, 157, 192, 198, 217, 220, 225, 255, 259, 357, 374, 377, 394, 460, 476, 494, 503, 508, 550, 555, 556, 561, 569, 574, 590, 597]","[402, 502, 262, 168, 172, 584, 34, 187, 13, 337, 131, 344, 155, 504, 111, 90, 169, 499, 560, 170, 572, 581, 485, 312, 207, 229, 167, 193, 20, 559]",5.4,0.0016027256544050188,0.004173160225440953,0.24035087719298245,0.02982456140350877,0.0,0.0,1.952127659574468,4.0,0.010526315789473684,0.28596491228070176,9.845614035087719,0.22119782254156115,0.5782752135170968,0.003497281773143842,3.8344827586206898,0.7390367159610339,0.09473684210526316,0.9473684210526315,0.95,0.940026915865019,30,False,2378.0,True
57,train,random,paper,paper,3165569293,2026,600,30,0.7,"[5, 37, 67, 71, 113, 125, 140, 162, 164, 165, 170, 183, 185, 194, 275, 282, 300, 303, 363, 381, 388, 396, 415, 437, 512, 517, 519, 532, 554, 592]","[414, 217, 0, 526, 511, 280, 71, 278, 498, 213, 553, 525, 311, 284, 371, 357, 151, 281, 489, 556, 7, 478, 190, 30, 99, 52, 80, 387, 522, 241]",5.066666666666666,0.0015198264897579908,0.003658458699465963,0.22982456140350876,0.02280701754385965,0.0035087719298245615,0.0,1.9787234042553192,4.0,0.010526315789473684,0.29473684210526313,9.149122807017545,0.21221721887644768,0.5943452656245183,0.003996989600437877,4.0,0.7509774788668956,0.07368421052631578,0.9298245614035088,0.9333333333333333,0.9728300839196891,30,False,2354.0,True
58,train,random,paper,paper,3165569293,2026,600,30,0.7,"[6, 8, 14, 15, 23, 50, 51, 91, 137, 159, 163, 210, 249, 254, 264, 277, 286, 304, 306, 314, 355, 358, 370, 387, 396, 397, 428, 465, 513, 528]","[472, 147, 145, 50, 122, 78, 447, 37, 476, 365, 309, 64, 350, 319, 174, 38, 484, 240, 301, 491, 177, 323, 401, 361, 478, 418, 275, 582, 6, 468]",5.0,0.0014850100759696914,0.0037891700055069583,0.21754385964912282,0.03333333333333333,0.008771929824561403,0.0,1.9929328621908127,4.0,0.007017543859649123,0.30701754385964913,10.050877192982457,0.20380216509603427,0.6132827675515679,0.007163625008452594,3.6984126984126986,0.8320477574815663,0.07894736842105263,0.3912280701754386,0.4216666666666667,0.9890664159320295,30,False,1650.0,False
59,train,random,paper,paper,3165569293,2026,600,30,0.7,"[7, 34, 106, 137, 143, 183, 191, 225, 231, 240, 273, 279, 283, 289, 316, 328, 372, 380, 388, 395, 399, 409, 425, 427, 435, 471, 492, 497, 556, 570]","[225, 422, 439, 476, 172, 525, 140, 131, 532, 54, 438, 160, 517, 66, 42, 189, 293, 334, 7, 340, 263, 39, 331, 234, 249, 519, 326, 186, 207, 366]",5.7,0.0016550665970621198,0.0038614782859636714,0.23333333333333334,0.042105263157894736,0.005263157894736842,0.0,1.929078014184397,4.0,0.010526315789473684,0.3701754385964912,10.929824561403509,0.22194497197020238,0.5887090309252921,0.0068978403461162074,3.657471264367816,0.8000727619391489,0.07543859649122807,0.24035087719298245,0.2783333333333333,0.8621529168449342,26,True,1548.0,False
60,train,random,paper,paper,3165569293,2026,600,30,0.7,"[15, 16, 25, 77, 96, 105, 154, 156, 185, 191, 216, 243, 253, 254, 278, 280, 296, 318, 331, 337, 339, 405, 440, 441, 444, 465, 486, 488, 537, 570]","[50, 128, 118, 398, 226, 372, 420, 143, 311, 140, 342, 416, 430, 319, 487, 580, 445, 83, 442, 494, 47, 523, 247, 380, 349, 582, 542, 134, 599, 366]",5.533333333333333,0.0016187961449142833,0.004286982903673467,0.23333333333333334,0.031578947368421054,0.005263157894736842,0.0,1.9787234042553192,4.0,0.010526315789473684,0.3333333333333333,10.485964912280702,0.21859750043552573,0.588776863071563,0.006283825670235406,3.7287356321839082,0.7324105262571926,0.07368421052631578,0.9350877192982456,0.9383333333333334,0.9745036249514669,30,False,2372.0,True
61,train,random,paper,paper,3165569293,2026,600,30,0.7,"[3, 7, 34, 70, 74, 77, 87, 90, 98, 104, 134, 178, 206, 225, 231, 233, 234, 243, 255, 271, 285, 318, 332, 380, 398, 453, 486, 499, 555, 590]","[182, 225, 422, 84, 107, 398, 245, 318, 513, 130, 455, 492, 415, 131, 532, 443, 28, 416, 344, 144, 314, 83, 274, 334, 411, 255, 542, 432, 312, 20]",5.166666666666667,0.0015459647666194155,0.003210660267183864,0.23157894736842105,0.02456140350877193,0.0017543859649122807,0.0,1.9787234042553192,3.0,0.010526315789473684,0.3105263157894737,10.150877192982456,0.21534531179053054,0.5914593161286344,0.0038165920924541612,3.7701149425287355,0.727972744108819,0.08596491228070176,0.45263157894736844,0.48,0.9920479170978069,30,False,1768.0,False
62,train,random,paper,paper,3165569293,2026,600,30,0.7,"[19, 39, 43, 54, 69, 98, 106, 130, 163, 178, 216, 261, 267, 271, 278, 308, 344, 346, 356, 401, 409, 443, 465, 486, 541, 578, 588, 593, 597, 598]","[552, 444, 448, 317, 501, 513, 439, 305, 309, 492, 342, 279, 389, 144, 487, 256, 563, 261, 98, 427, 39, 3, 582, 542, 61, 106, 283, 505, 559, 435]",5.633333333333334,0.0016263794515761873,0.004319355247918466,0.22280701754385965,0.043859649122807015,0.010526315789473684,0.0,2.0106382978723403,4.0,0.010526315789473684,0.35964912280701755,11.694736842105263,0.21532751556567475,0.6047174174451947,0.010094751991303715,3.537931034482759,0.7400415063671708,0.0912280701754386,0.9526315789473684,0.955,0.9646569169126451,30,False,2376.0,True
63,train,random,paper,paper,3165569293,2026,600,30,0.7,"[24, 61, 62, 75, 135, 151, 182, 215, 246, 253, 291, 309, 310, 313, 325, 345, 346, 347, 364, 401, 413, 422, 487, 499, 526, 539, 543, 553, 564, 580]","[590, 410, 262, 351, 21, 63, 538, 452, 392, 430, 277, 456, 86, 102, 382, 466, 261, 307, 222, 427, 1, 119, 44, 432, 264, 453, 110, 141, 58, 60]",5.233333333333333,0.0015380843952397848,0.0037983202195869706,0.22982456140350876,0.02456140350877193,0.0,0.0,1.971731448763251,4.0,0.007017543859649123,0.32280701754385965,9.949122807017543,0.2112079501434267,0.5943699318595258,0.002698565802014078,3.8015873015873014,0.7712182024191871,0.06491228070175438,0.5140350877192983,0.5383333333333333,0.9893604170065373,30,False,1800.0,False
64,train,random,paper,paper,3165569293,2026,600,30,0.7,"[9, 13, 15, 27, 54, 60, 76, 119, 125, 130, 215, 250, 259, 262, 276, 311, 347, 348, 366, 402, 405, 407, 431, 463, 467, 478, 504, 526, 555, 590]","[391, 74, 50, 579, 317, 306, 259, 100, 280, 305, 452, 238, 155, 541, 103, 385, 307, 325, 587, 41, 523, 114, 328, 377, 204, 202, 356, 264, 312, 20]",5.7,0.0016698200845341137,0.004496406665704628,0.2614035087719298,0.02280701754385965,0.0017543859649122807,0.0,1.9078014184397163,4.0,0.010526315789473684,0.32105263157894737,9.805263157894737,0.23340006784512332,0.5473005889063608,0.003165902724726254,3.8758620689655174,0.7872057001903959,0.07543859649122807,0.32456140350877194,0.35833333333333334,0.9778380410280079,30,False,1610.0,False
65,train,random,paper,paper,3165569293,2026,600,30,0.7,"[2, 10, 12, 22, 60, 74, 75, 111, 154, 169, 177, 191, 203, 214, 244, 253, 267, 307, 324, 396, 408, 411, 438, 453, 502, 550, 553, 575, 591, 592]","[592, 230, 148, 480, 306, 107, 351, 481, 420, 327, 235, 140, 101, 310, 97, 430, 389, 429, 62, 478, 514, 10, 40, 255, 116, 485, 141, 267, 347, 241]",4.733333333333333,0.0014130287966269074,0.0021875194257147557,0.21754385964912282,0.021052631578947368,0.007017543859649123,0.0,2.00177304964539,4.0,0.010526315789473684,0.2894736842105263,9.866666666666667,0.20294969843557473,0.6131964357290414,0.005433546620159196,3.9172413793103447,0.7607460391416377,0.07543859649122807,0.9473684210526315,0.95,0.9387557080481201,29,True,2378.0,True
66,train,random,paper,paper,3165569293,2026,600,30,0.7,"[15, 35, 43, 53, 74, 105, 115, 117, 152, 202, 209, 238, 270, 274, 285, 322, 335, 337, 339, 356, 391, 400, 419, 428, 429, 460, 483, 552, 588, 596]","[50, 479, 448, 345, 107, 372, 132, 48, 521, 405, 346, 266, 150, 161, 314, 162, 221, 494, 47, 98, 163, 197, 212, 275, 23, 499, 19, 320, 283, 260]",5.566666666666666,0.001631981402370732,0.004229940708303266,0.24912280701754386,0.02982456140350877,0.007017543859649123,0.0,1.9539007092198581,3.0,0.010526315789473684,0.3333333333333333,10.157894736842104,0.23014547300737234,0.5650109456417846,0.005170930601965084,3.7724137931034485,0.7468741869867479,0.07719298245614035,0.9543859649122807,0.9566666666666667,0.9644593328703195,30,False,2376.0,True
67,train,random,paper,paper,3165569293,2026,600,30,0.7,"[2, 13, 31, 52, 84, 94, 102, 151, 166, 179, 227, 266, 277, 280, 281, 307, 332, 344, 358, 360, 389, 394, 413, 423, 451, 471, 480, 488, 525, 534]","[592, 74, 482, 220, 471, 81, 121, 63, 133, 500, 94, 67, 38, 580, 408, 429, 274, 563, 323, 139, 578, 169, 1, 269, 577, 519, 243, 134, 400, 493]",6.133333333333334,0.0017411792396695028,0.005938774217339733,0.26666666666666666,0.02982456140350877,0.007017543859649123,0.0,1.875886524822695,4.0,0.010526315789473684,0.3719298245614035,10.552631578947368,0.2334351284292313,0.540708537600592,0.005948325388114008,3.7011494252873565,0.703221476469005,0.07368421052631578,0.156140350877193,0.19833333333333333,0.9840110000222921,30,False,1490.0,False
68,train,random,paper,paper,3165569293,2026,600,30,0.7,"[7, 21, 28, 32, 34, 49, 60, 69, 147, 153, 170, 231, 284, 292, 295, 297, 310, 319, 330, 334, 350, 370, 457, 461, 488, 489, 496, 555, 557, 563]","[225, 127, 322, 457, 422, 72, 306, 501, 171, 362, 553, 532, 516, 304, 506, 159, 86, 550, 228, 205, 413, 401, 227, 290, 134, 31, 360, 312, 368, 477]",6.833333333333333,0.0019428133594065393,0.00602804923981325,0.2754385964912281,0.056140350877192984,0.010526315789473684,0.0,1.8847517730496455,4.0,0.010526315789473684,0.39473684210526316,11.589473684210526,0.25851463353636306,0.5262972897974285,0.007641240202518387,3.503448275862069,0.7227366624700442,0.11052631578947368,0.9333333333333333,0.9366666666666666,0.9549817910883576,30,False,2378.0,True
69,train,random,paper,paper,3165569293,2026,600,30,0.7,"[25, 26, 35, 38, 44, 57, 63, 102, 148, 196, 217, 220, 245, 253, 309, 326, 376, 420, 423, 441, 444, 446, 457, 458, 482, 486, 510, 535, 564, 589]","[118, 117, 479, 137, 586, 502, 399, 121, 14, 258, 13, 337, 59, 430, 456, 412, 87, 125, 269, 380, 349, 208, 227, 179, 375, 542, 51, 178, 58, 470]",5.833333333333333,0.001673098029874573,0.004891671153389561,0.2543859649122807,0.031578947368421054,0.0,0.0,1.9045936395759717,4.0,0.007017543859649123,0.34912280701754383,10.175438596491228,0.22592688633561533,0.5584250608947676,0.003508589581104794,3.6164021164021163,0.727972744108819,0.05789473684210526,0.4298245614035088,0.4583333333333333,0.9881099578924477,30,False,1750.0,False
70,train,random,paper,paper,3165569293,2026,600,30,0.7,"[37, 39, 56, 71, 87, 96, 100, 101, 136, 171, 176, 210, 218, 231, 248, 254, 291, 307, 332, 335, 344, 361, 388, 445, 448, 496, 502, 505, 515, 556]","[217, 444, 426, 526, 245, 226, 529, 409, 195, 268, 194, 64, 338, 532, 348, 319, 277, 429, 274, 221, 563, 536, 7, 378, 467, 360, 116, 236, 299, 207]",5.033333333333333,0.0014945644887547182,0.0032526934096742863,0.23333333333333334,0.021052631578947368,0.0,0.0,1.9539007092198581,4.0,0.010526315789473684,0.26666666666666666,9.689473684210526,0.21480802092651072,0.5889556932753677,0.003042270628477525,3.9379310344827587,0.7457413972281209,0.07894736842105263,0.8631578947368421,0.87,0.9868779580574483,30,False,2272.0,False
71,train,random,paper,paper,3165569293,2026,600,30,0.7,"[11, 18, 36, 42, 54, 77, 90, 118, 128, 226, 234, 236, 248, 288, 316, 368, 389, 391, 392, 415, 421, 432, 453, 476, 483, 490, 523, 532, 537, 578]","[495, 508, 589, 17, 317, 398, 318, 4, 210, 359, 28, 475, 348, 233, 42, 396, 578, 163, 419, 190, 201, 571, 255, 560, 19, 381, 153, 387, 599, 106]",6.233333333333333,0.0017886499849517575,0.006319750797658571,0.2824561403508772,0.03684210526315789,0.0017543859649122807,0.0,1.8404255319148937,3.0,0.010526315789473684,0.34385964912280703,9.75438596491228,0.24480093075919818,0.5187802546788765,0.004120120595121892,3.8873563218390803,0.8299321118652475,0.07017543859649122,0.8350877192982457,0.8433333333333334,0.9802777499426156,30,False,2194.0,False
72,train,random,paper,paper,3165569293,2026,600,30,0.7,"[25, 30, 45, 48, 57, 148, 149, 159, 163, 164, 176, 177, 191, 203, 275, 281, 315, 320, 379, 409, 425, 428, 471, 475, 481, 484, 506, 519, 521, 566]","[118, 402, 512, 11, 502, 14, 465, 365, 309, 498, 194, 235, 140, 101, 371, 408, 246, 70, 483, 39, 331, 275, 519, 543, 292, 469, 183, 80, 464, 191]",5.066666666666666,0.0014928524507131352,0.0026912707888688135,0.22631578947368422,0.02631578947368421,0.005263157894736842,0.0,1.9645390070921986,4.0,0.010526315789473684,0.3087719298245614,10.378947368421052,0.2121704196346949,0.5995560077698641,0.0054712337470958165,3.7379310344827585,0.7172213279763849,0.07017543859649122,0.12280701754385964,0.16666666666666666,0.8485914578195661,25,True,1442.0,False
73,train,random,paper,paper,3165569293,2026,600,30,0.7,"[77, 82, 101, 120, 128, 149, 157, 162, 169, 190, 221, 223, 263, 277, 288, 303, 318, 340, 376, 409, 440, 459, 479, 480, 496, 524, 541, 565, 596, 599]","[398, 196, 409, 27, 210, 465, 584, 278, 327, 562, 181, 77, 567, 38, 233, 281, 83, 450, 87, 39, 247, 597, 518, 243, 360, 393, 61, 36, 260, 88]",5.533333333333333,0.0016129073797390898,0.0037814079866719365,0.21228070175438596,0.04912280701754386,0.0035087719298245615,0.0,2.0088652482269502,4.0,0.010526315789473684,0.3263157894736842,10.801754385964912,0.2062482869503826,0.6212006289889926,0.008695759202858594,3.606896551724138,0.7198007828148792,0.07017543859649122,0.28421052631578947,0.32,0.9030753751285374,27,True,1594.0,False
74,train,random,paper,paper,3165569293,2026,600,30,0.7,"[3, 50, 55, 77, 125, 138, 182, 184, 199, 220, 281, 283, 316, 332, 333, 365, 383, 387, 412, 416, 458, 460, 463, 464, 529, 536, 558, 570, 582, 590]","[182, 78, 515, 398, 280, 395, 538, 576, 460, 337, 408, 517, 42, 274, 294, 588, 157, 361, 184, 355, 179, 499, 377, 533, 65, 303, 503, 366, 540, 20]",5.733333333333333,0.0016659911224281684,0.004338742694156051,0.23859649122807017,0.043859649122807015,0.007017543859649123,0.0,1.952127659574468,4.0,0.010526315789473684,0.3368421052631579,10.559649122807018,0.22642146881695316,0.5806616717540777,0.007432486377719643,3.6413793103448278,0.7263761451280167,0.07368421052631578,0.47368421052631576,0.5,0.9932555828709155,30,False,1792.0,False
75,train,random,paper,paper,3165569293,2026,600,30,0.7,"[3, 30, 81, 82, 83, 123, 158, 167, 190, 199, 221, 244, 251, 256, 260, 335, 337, 350, 379, 427, 435, 489, 493, 498, 518, 524, 547, 566, 576, 581]","[182, 402, 593, 196, 558, 156, 33, 585, 562, 460, 181, 97, 336, 573, 93, 221, 494, 413, 483, 234, 249, 31, 123, 591, 158, 393, 109, 191, 253, 185]",5.766666666666667,0.001679592755214409,0.004718713978179532,0.24035087719298245,0.03333333333333333,0.0035087719298245615,0.0,1.9379432624113475,4.0,0.010526315789473684,0.3,10.242105263157894,0.22294542411415025,0.5782505472820892,0.0055763294252138065,3.7425287356321837,0.7240540085959619,0.09298245614035087,0.9456140350877194,0.9483333333333334,0.6699290829710662,20,True,2378.0,True
76,train,random,paper,paper,3165569293,2026,600,30,0.7,"[24, 29, 35, 81, 129, 142, 153, 159, 162, 207, 213, 217, 222, 234, 238, 249, 261, 264, 266, 310, 330, 340, 368, 392, 407, 520, 532, 533, 536, 593]","[590, 82, 479, 593, 287, 451, 362, 365, 278, 441, 270, 13, 488, 28, 266, 350, 279, 174, 67, 86, 228, 450, 396, 419, 114, 308, 387, 203, 303, 505]",5.3,0.001555310489914602,0.003363608015780784,0.22807017543859648,0.03508771929824561,0.0017543859649122807,0.0,2.00177304964539,4.0,0.010526315789473684,0.3,9.901754385964912,0.2152779528596397,0.5968303888015293,0.006121526283798089,3.8505747126436782,0.7002290397990393,0.054385964912280704,0.17543859649122806,0.21666666666666667,1.0101364580914378,30,False,1536.0,False
77,train,random,paper,paper,3165569293,2026,600,30,0.7,"[4, 27, 30, 34, 54, 77, 86, 101, 127, 153, 227, 233, 289, 346, 351, 383, 387, 400, 429, 441, 443, 455, 475, 476, 477, 489, 491, 492, 504, 588]","[594, 579, 402, 422, 317, 398, 35, 409, 462, 362, 94, 443, 66, 261, 209, 157, 361, 197, 23, 380, 3, 112, 543, 560, 423, 31, 136, 326, 356, 283]",5.466666666666667,0.0016106921260908976,0.003575719712793017,0.25087719298245614,0.012280701754385965,0.0017543859649122807,0.0,1.927304964539007,4.0,0.010526315789473684,0.28421052631578947,9.942105263157895,0.22305847655383676,0.5627909844911048,0.0023591191694639973,3.8137931034482757,0.7421571519834899,0.06842105263157895,0.13508771929824562,0.17833333333333334,0.6277589160017669,18,True,1458.0,False
78,train,random,paper,paper,3165569293,2026,600,30,0.7,"[44, 52, 56, 84, 101, 110, 120, 135, 185, 199, 202, 216, 222, 244, 271, 317, 324, 329, 369, 418, 426, 433, 444, 450, 475, 515, 529, 546, 581, 596]","[586, 220, 426, 471, 409, 113, 27, 21, 311, 460, 405, 342, 488, 97, 144, 18, 62, 554, 569, 373, 425, 115, 349, 2, 543, 299, 65, 176, 185, 260]",5.333333333333333,0.0015650274593239047,0.0032386157429914373,0.24736842105263157,0.031578947368421054,0.0017543859649122807,0.0,1.929078014184397,4.0,0.010526315789473684,0.2754385964912281,10.166666666666666,0.2293935101214658,0.5676563993463448,0.0048850169438404735,3.7448275862068967,0.716088538217758,0.07894736842105263,0.9210526315789473,0.925,0.9446587499696761,29,True,2368.0,True
79,train,random,paper,paper,3165569293,2026,600,30,0.7,"[31, 62, 123, 131, 132, 136, 142, 188, 239, 285, 319, 364, 379, 385, 393, 394, 402, 431, 459, 467, 469, 474, 489, 494, 518, 542, 548, 552, 563, 597]","[482, 262, 156, 474, 544, 195, 451, 265, 126, 314, 550, 222, 483, 364, 239, 169, 41, 328, 597, 204, 214, 45, 31, 170, 158, 223, 224, 320, 477, 559]",5.5,0.0016197076433924526,0.004476517547894567,0.25263157894736843,0.031578947368421054,0.0017543859649122807,0.0,1.8971631205673758,3.0,0.010526315789473684,0.3333333333333333,10.014035087719298,0.2328834691003631,0.5598803687602134,0.003710531652810513,3.891954022988506,0.7620633852675555,0.08070175438596491,0.9350877192982456,0.9383333333333334,0.779946916969493,24,True,2374.0,True
80,train,random,paper,paper,3165569293,2026,600,30,0.7,"[9, 26, 32, 45, 88, 98, 134, 157, 160, 193, 204, 220, 270, 278, 282, 304, 318, 321, 334, 363, 373, 429, 450, 453, 464, 467, 482, 486, 511, 530]","[391, 117, 457, 512, 8, 513, 455, 584, 57, 386, 289, 337, 150, 487, 357, 240, 83, 458, 205, 489, 332, 23, 2, 255, 533, 204, 375, 542, 417, 324]",5.2,0.0015251498501806617,0.0029829363426415044,0.22982456140350876,0.02982456140350877,0.007017543859649123,0.0,1.9929203539823008,4.0,0.008771929824561403,0.2754385964912281,9.631578947368421,0.2138450437403429,0.5942651003607436,0.00510208276435457,3.8817733990147785,0.8488335547431762,0.0912280701754386,0.9508771929824561,0.9533333333333334,0.9474730419460684,30,False,2376.0,True
81,train,random,paper,paper,3165569293,2026,600,30,0.7,"[12, 15, 41, 54, 74, 88, 92, 120, 122, 130, 153, 155, 205, 225, 232, 257, 259, 320, 415, 416, 449, 452, 456, 463, 476, 485, 507, 541, 561, 577]","[148, 50, 56, 317, 107, 8, 26, 27, 520, 305, 362, 43, 524, 131, 288, 461, 155, 70, 190, 355, 24, 313, 473, 377, 560, 135, 421, 61, 229, 321]",6.066666666666666,0.0017352498177677438,0.004577222412560218,0.256140350877193,0.03859649122807018,0.005263157894736842,0.0,1.9113475177304964,4.0,0.010526315789473684,0.37543859649122807,11.140350877192983,0.23653951357722064,0.5547189590848827,0.005632960908822978,3.6114942528735634,0.7620633852675555,0.08596491228070176,0.9368421052631579,0.94,0.9689302500337362,30,False,2360.0,True
82,train,random,paper,paper,3165569293,2026,600,30,0.7,"[53, 76, 104, 106, 116, 122, 124, 145, 147, 192, 204, 211, 216, 217, 250, 281, 288, 292, 294, 381, 399, 417, 450, 457, 493, 500, 511, 515, 574, 576]","[345, 259, 130, 439, 598, 520, 454, 297, 171, 34, 289, 300, 342, 13, 238, 408, 233, 304, 354, 556, 263, 296, 2, 227, 123, 5, 417, 299, 193, 253]",5.8,0.0016869511874159561,0.003585383149898047,0.2614035087719298,0.02631578947368421,0.007017543859649123,0.0,1.8865248226950355,4.0,0.010526315789473684,0.32280701754385965,10.498245614035088,0.23672038285223734,0.5470847593500447,0.00448312106660564,3.7287356321839082,0.7077320205565275,0.07543859649122807,0.27017543859649124,0.30666666666666664,0.9846794591285288,30,False,1598.0,False
83,train,random,paper,paper,3165569293,2026,600,30,0.7,"[49, 55, 146, 153, 167, 188, 189, 211, 228, 244, 265, 268, 277, 293, 307, 312, 318, 320, 322, 323, 325, 330, 348, 386, 408, 463, 483, 537, 539, 549]","[72, 515, 370, 362, 585, 265, 46, 300, 173, 97, 69, 242, 38, 535, 429, 446, 83, 70, 162, 433, 382, 228, 325, 16, 514, 377, 19, 599, 453, 561]",6.1,0.0017597871901507537,0.004069609209208433,0.2754385964912281,0.02982456140350877,0.0017543859649122807,0.0,1.8794326241134751,4.0,0.010526315789473684,0.3508771929824561,10.712280701754386,0.24987178856095335,0.5264761200012333,0.0036690161690161693,3.7195402298850575,0.7880039996807972,0.07192982456140351,0.2912280701754386,0.32666666666666666,1.0110152079723775,30,False,1618.0,False
84,train,random,paper,paper,3165569293,2026,600,30,0.7,"[56, 75, 101, 111, 135, 187, 191, 224, 243, 266, 271, 294, 300, 339, 352, 369, 373, 375, 383, 416, 422, 445, 449, 451, 498, 550, 561, 567, 582, 588]","[426, 351, 409, 481, 21, 146, 140, 329, 416, 67, 144, 354, 151, 47, 497, 569, 332, 583, 157, 355, 119, 378, 24, 577, 591, 485, 229, 428, 540, 283]",6.3,0.0017797712887107782,0.005161040168473392,0.2789473684210526,0.042105263157894736,0.0035087719298245615,0.0,1.872340425531915,4.0,0.010526315789473684,0.37719298245614036,10.589473684210526,0.2499290007951674,0.5223260259612124,0.004854877287351491,3.754022988505747,0.7240540085959619,0.1,0.9456140350877194,0.9483333333333334,0.6150080829393119,19,True,2378.0,True
85,train,random,paper,paper,3165569293,2026,600,30,0.7,"[5, 24, 105, 133, 179, 194, 240, 290, 344, 347, 360, 364, 365, 366, 383, 389, 400, 418, 431, 448, 459, 486, 490, 495, 503, 504, 512, 514, 558, 560]","[414, 590, 372, 397, 500, 284, 54, 490, 563, 307, 139, 222, 588, 587, 157, 578, 197, 373, 328, 467, 597, 542, 381, 206, 572, 356, 99, 215, 503, 557]",6.166666666666667,0.001782165251878217,0.006057159387327132,0.24912280701754386,0.054385964912280704,0.005263157894736842,0.0,1.9361702127659575,4.0,0.010526315789473684,0.3350877192982456,10.066666666666666,0.22960603197333587,0.5661394258933802,0.007285691731085133,3.740229885057471,0.651155691275231,0.07368421052631578,0.3368421052631579,0.37,0.9889984999317676,30,False,1642.0,False
86,train,random,paper,paper,3165569293,2026,600,30,0.7,"[2, 6, 24, 39, 55, 118, 122, 133, 140, 190, 198, 214, 273, 277, 301, 314, 325, 353, 354, 367, 397, 401, 405, 431, 446, 451, 463, 493, 516, 574]","[592, 472, 590, 444, 515, 4, 520, 397, 71, 562, 187, 310, 438, 38, 369, 491, 382, 549, 551, 200, 418, 427, 523, 328, 208, 577, 377, 123, 534, 193]",5.333333333333333,0.0015860487083079382,0.0041333301324868715,0.23508771929824562,0.031578947368421054,0.0,0.0,1.9486725663716815,4.0,0.008771929824561403,0.2912280701754386,9.557894736842105,0.21773556968085506,0.5863287392470632,0.004029119029119029,3.7857142857142856,0.7888022991711982,0.07368421052631578,0.2789473684210526,0.315,0.9933543750084937,30,False,1584.0,False
87,train,random,paper,paper,3165569293,2026,600,30,0.7,"[33, 65, 80, 109, 115, 120, 136, 173, 186, 198, 223, 268, 270, 290, 291, 319, 337, 347, 417, 440, 459, 475, 491, 492, 495, 545, 552, 565, 581, 584]","[73, 568, 403, 257, 132, 27, 195, 363, 388, 187, 77, 242, 150, 490, 277, 550, 494, 307, 296, 247, 597, 543, 136, 326, 206, 376, 320, 36, 185, 149]",7.033333333333333,0.0019895232167477885,0.007522231368295347,0.30701754385964913,0.04035087719298246,0.005263157894736842,0.0,1.8138297872340425,3.0,0.010526315789473684,0.4368421052631579,11.350877192982455,0.27068681177180376,0.4828045509203589,0.005201406340439765,3.593103448275862,0.7041477753118963,0.08947368421052632,0.9403508771929825,0.9433333333333334,0.9608807498589158,30,False,2378.0,True
88,train,random,paper,paper,3165569293,2026,600,30,0.7,"[13, 30, 35, 45, 84, 91, 98, 144, 188, 197, 220, 222, 243, 263, 275, 315, 321, 339, 349, 351, 356, 386, 418, 426, 432, 464, 483, 501, 564, 591]","[74, 402, 479, 512, 471, 37, 513, 486, 265, 92, 337, 488, 416, 567, 371, 246, 458, 47, 531, 209, 98, 16, 373, 425, 571, 533, 19, 510, 58, 347]",5.066666666666666,0.0015024750210248501,0.003653332216161201,0.22105263157894736,0.03859649122807018,0.0035087719298245615,0.0,1.9911660777385158,4.0,0.007017543859649123,0.32280701754385965,9.97719298245614,0.21214141749197252,0.6074923688835445,0.0052870182180527,3.6746031746031744,0.8328460569719676,0.07719298245614035,0.27017543859649124,0.30666666666666664,0.969097709050402,29,True,1624.0,False
89,train,random,paper,paper,3165569293,2026,600,30,0.7,"[31, 58, 75, 103, 135, 207, 226, 228, 249, 268, 274, 297, 314, 316, 332, 333, 336, 366, 391, 401, 476, 480, 481, 493, 504, 515, 522, 536, 567, 573]","[482, 358, 351, 295, 21, 441, 359, 173, 350, 242, 161, 159, 491, 42, 274, 294, 219, 587, 163, 427, 560, 243, 292, 123, 356, 299, 367, 303, 428, 596]",5.5,0.0016010127350532656,0.0035934987474057364,0.22105263157894736,0.02982456140350877,0.0035087719298245615,0.0,2.010619469026549,4.0,0.008771929824561403,0.28596491228070176,10.036842105263158,0.20867647105575463,0.6076588659698455,0.0051697855146131,3.665024630541872,0.7777163927705384,0.06666666666666667,0.1368421052631579,0.18,0.8799148751422763,26,True,1484.0,False
90,train,random,paper,paper,3165569293,2026,600,30,0.7,"[22, 30, 33, 38, 46, 49, 67, 134, 161, 191, 202, 208, 223, 230, 245, 259, 307, 331, 367, 389, 403, 430, 487, 492, 497, 517, 549, 565, 584, 594]","[480, 402, 73, 137, 192, 72, 0, 455, 545, 140, 405, 254, 77, 29, 59, 155, 429, 442, 200, 578, 22, 96, 44, 326, 186, 52, 561, 36, 149, 463]",8.166666666666666,0.0022458597153138557,0.0086160394979933,0.32280701754385965,0.06315789473684211,0.007017543859649123,0.0,1.7925531914893618,3.0,0.010526315789473684,0.47192982456140353,12.37719298245614,0.28674776782796974,0.4621280794252767,0.006553367654905345,3.3586206896551722,0.7677632761285056,0.09649122807017543,0.9473684210526315,0.95,0.9517636660020798,30,False,2378.0,True
91,train,random,paper,paper,3165569293,2026,600,30,0.7,"[12, 31, 38, 48, 58, 67, 82, 84, 105, 109, 120, 144, 179, 190, 192, 211, 244, 246, 255, 283, 312, 361, 362, 363, 370, 396, 407, 490, 501, 565]","[148, 482, 137, 11, 358, 0, 196, 471, 372, 257, 27, 486, 500, 562, 34, 300, 97, 392, 344, 517, 446, 536, 85, 489, 401, 478, 114, 381, 510, 36]",5.833333333333333,0.0016825321672174914,0.0038842008714114837,0.2649122807017544,0.02456140350877193,0.0035087719298245615,0.0,1.898936170212766,4.0,0.010526315789473684,0.34210526315789475,11.19122807017544,0.23701244591151643,0.5420775136435112,0.005553895619818541,3.6229885057471263,0.7137664016857035,0.07719298245614035,0.9473684210526315,0.95,0.8611382921226323,26,True,2374.0,True
92,train,random,paper,paper,3165569293,2026,600,30,0.7,"[35, 42, 67, 76, 79, 106, 123, 145, 149, 152, 172, 180, 183, 226, 230, 287, 370, 380, 391, 401, 431, 480, 490, 494, 516, 531, 564, 567, 578, 587]","[479, 17, 0, 259, 374, 439, 156, 297, 465, 521, 244, 105, 525, 359, 29, 165, 401, 334, 163, 427, 328, 243, 381, 170, 534, 252, 58, 428, 106, 352]",5.6,0.0016301717831968814,0.004002354839992074,0.24385964912280703,0.02456140350877193,0.005263157894736842,0.0,1.9469026548672566,4.0,0.008771929824561403,0.32456140350877194,9.994736842105263,0.21832339812161183,0.5739216230382636,0.004255898679204268,3.8078817733990147,0.7560290041383796,0.06842105263157895,0.2964912280701754,0.33166666666666667,0.9937789170071483,30,False,1610.0,False
93,train,random,paper,paper,3165569293,2026,600,30,0.7,"[8, 22, 35, 37, 69, 79, 115, 122, 124, 149, 156, 159, 243, 264, 272, 299, 331, 332, 343, 389, 421, 422, 447, 462, 480, 498, 518, 530, 550, 574]","[147, 480, 479, 217, 501, 374, 132, 520, 454, 465, 143, 365, 416, 174, 539, 251, 442, 274, 248, 578, 201, 119, 315, 335, 243, 591, 158, 324, 485, 193]",5.966666666666667,0.0017214135663208966,0.006086370488530426,0.24561403508771928,0.04912280701754386,0.0017543859649122807,0.0,1.9308510638297873,4.0,0.010526315789473684,0.36140350877192984,10.37017543859649,0.22436312102344264,0.571849659297629,0.0058867745923925335,3.779310344827586,0.7237195183277363,0.09473684210526316,0.9508771929824561,0.9533333333333334,1.0513642497826368,30,False,2374.0,True
94,train,random,paper,paper,3165569293,2026,600,30,0.7,"[22, 36, 75, 85, 94, 106, 140, 183, 193, 224, 284, 296, 325, 332, 344, 345, 352, 374, 377, 385, 393, 410, 414, 425, 488, 535, 558, 570, 576, 596]","[480, 589, 351, 273, 81, 439, 71, 525, 386, 329, 516, 445, 382, 274, 563, 466, 497, 111, 90, 364, 239, 25, 333, 331, 134, 178, 503, 366, 253, 260]",5.866666666666666,0.0017064235098254814,0.0040216875716335065,0.24736842105263157,0.03859649122807018,0.0017543859649122807,0.0,1.9379432624113475,4.0,0.010526315789473684,0.3298245614035088,10.26842105263158,0.22899915226943587,0.5676933986988562,0.005852309549064114,3.8551724137931034,0.7072682113343521,0.07719298245614035,0.3736842105263158,0.405,1.0069436661433429,30,False,1620.0,False
95,train,random,paper,paper,3165569293,2026,600,30,0.7,"[18, 20, 34, 53, 90, 103, 150, 170, 174, 175, 217, 238, 239, 246, 275, 282, 356, 377, 404, 408, 414, 416, 475, 476, 528, 533, 563, 565, 582, 598]","[508, 507, 422, 345, 318, 295, 216, 553, 316, 271, 13, 266, 126, 392, 371, 357, 98, 90, 250, 514, 333, 355, 543, 560, 468, 203, 477, 36, 540, 435]",5.4,0.0016135895626240252,0.003659633678178816,0.23859649122807017,0.03684210526315789,0.0017543859649122807,0.0,1.9414893617021276,4.0,0.010526315789473684,0.2631578947368421,9.275438596491227,0.22501750642767826,0.5806493386365739,0.00494510691772355,3.896551724137931,0.7499946230092037,0.06140350877192982,0.12982456140350876,0.17333333333333334,1.0127931670285761,30,False,1492.0,False
96,train,random,paper,paper,3165569293,2026,600,30,0.7,"[45, 56, 71, 119, 132, 139, 156, 160, 177, 180, 191, 210, 255, 268, 272, 289, 291, 300, 306, 326, 332, 340, 450, 460, 469, 486, 528, 573, 598, 599]","[512, 426, 526, 100, 544, 152, 143, 57, 235, 105, 140, 64, 344, 242, 539, 66, 277, 151, 301, 412, 274, 450, 2, 499, 214, 542, 468, 596, 435, 88]",4.033333333333333,0.0012805480047711146,0.0018169384876068734,0.17719298245614035,0.02280701754385965,0.0017543859649122807,0.0,2.120567375886525,4.0,0.010526315789473684,0.1543859649122807,7.445614035087719,0.17105934041291979,0.6775938087750131,0.0044135111376490685,4.225287356321839,0.7591494401608353,0.06842105263157895,0.22631578947368422,0.265,0.9994944999925792,30,False,1518.0,False
97,train,random,paper,paper,3165569293,2026,600,30,0.7,"[24, 45, 58, 68, 78, 150, 151, 176, 197, 209, 212, 222, 271, 287, 290, 300, 315, 342, 345, 395, 427, 455, 458, 460, 467, 496, 541, 557, 567, 570]","[590, 512, 358, 49, 595, 216, 63, 194, 92, 346, 496, 488, 144, 165, 490, 151, 246, 218, 466, 340, 234, 112, 179, 499, 204, 360, 61, 368, 428, 366]",4.933333333333334,0.0014651525220732797,0.0027056922474735924,0.21754385964912282,0.02982456140350877,0.0017543859649122807,0.0,1.9769503546099292,3.0,0.010526315789473684,0.2929824561403509,9.742105263157894,0.20604744354732524,0.6130792711127555,0.004573587332208022,3.896551724137931,0.7141008919539292,0.08421052631578947,0.9491228070175438,0.9516666666666667,0.9040897919330746,28,True,2378.0,True
98,train,random,paper,paper,3165569293,2026,600,30,0.7,"[9, 36, 77, 107, 179, 186, 204, 216, 222, 267, 291, 309, 311, 313, 316, 333, 335, 344, 365, 371, 373, 432, 468, 479, 512, 518, 537, 545, 549, 589]","[391, 589, 398, 168, 500, 388, 289, 342, 488, 389, 277, 456, 385, 102, 42, 294, 221, 563, 588, 406, 332, 571, 12, 518, 99, 158, 599, 376, 561, 470]",5.1,0.0015065924668007094,0.0042961577559981765,0.21403508771929824,0.03333333333333333,0.0035087719298245615,0.0,2.007079646017699,3.0,0.008771929824561403,0.2964912280701754,9.735087719298246,0.20297260427929256,0.6186230074307033,0.005670233342647136,3.7438423645320196,0.792905591051346,0.08070175438596491,0.41578947368421054,0.445,0.986185709014535,30,False,1762.0,False
99,train,random,paper,paper,3165569293,2026,600,30,0.7,"[0, 19, 27, 90, 93, 106, 114, 122, 139, 186, 207, 235, 262, 263, 276, 278, 301, 306, 308, 325, 340, 342, 355, 397, 435, 528, 537, 540, 560, 599]","[509, 552, 579, 318, 394, 439, 199, 520, 152, 388, 441, 55, 541, 567, 103, 487, 369, 301, 256, 382, 450, 218, 177, 418, 249, 468, 599, 53, 557, 88]",4.933333333333334,0.001480765520179612,0.0029482377795848475,0.22280701754385965,0.02280701754385965,0.0,0.0,1.9893617021276595,4.0,0.010526315789473684,0.28421052631578947,9.217543859649123,0.2079519570625098,0.6049394135602627,0.0029286294803536183,3.928735632183908,0.7932400813195718,0.07719298245614035,0.43157894736842106,0.46,0.9986435000319034,30,False,1666.0,False
100,train,random,paper,paper,3165569293,2026,600,30,0.7,"[1, 48, 49, 71, 91, 95, 140, 146, 164, 169, 172, 203, 204, 224, 272, 279, 309, 334, 377, 378, 387, 411, 414, 432, 445, 446, 475, 544, 556, 597]","[575, 11, 72, 526, 37, 79, 71, 370, 498, 327, 244, 101, 289, 329, 539, 160, 456, 205, 90, 188, 361, 10, 333, 571, 378, 208, 543, 282, 207, 559]",5.666666666666667,0.0016600947994663826,0.004271371137099409,0.24736842105263157,0.03684210526315789,0.0035087719298245615,0.0,1.9115044247787611,4.0,0.008771929824561403,0.3631578947368421,10.373684210526315,0.22991035638066598,0.5676378996700892,0.004674399674399674,3.7586206896551726,0.7591494401608353,0.07543859649122807,0.3298245614035088,0.36333333333333334,1.008966000052169,30,False,1628.0,False
101,train,random,paper,paper,3165569293,2026,600,30,0.7,"[7, 13, 14, 53, 67, 80, 122, 184, 212, 221, 226, 274, 278, 305, 353, 360, 373, 379, 393, 405, 420, 437, 443, 466, 475, 495, 528, 553, 566, 570]","[225, 74, 145, 345, 0, 403, 520, 576, 496, 181, 359, 161, 487, 89, 549, 139, 332, 483, 239, 523, 125, 30, 3, 339, 543, 206, 468, 141, 191, 366]",5.3,0.0015789584194462172,0.004169949726289112,0.23859649122807017,0.02631578947368421,0.0035087719298245615,0.0,1.9450354609929077,4.0,0.010526315789473684,0.30526315789473685,10.007017543859648,0.21907135414418183,0.5809638331329202,0.005137831517141861,3.8551724137931034,0.8328460569719676,0.08947368421052632,0.956140350877193,0.9583333333333334,0.9872498330660164,30,True,2374.0,True
102,train,random,paper,paper,3165569293,2026,600,30,0.7,"[5, 26, 70, 82, 89, 107, 111, 162, 174, 179, 190, 197, 200, 231, 240, 247, 316, 318, 326, 328, 387, 479, 489, 513, 524, 530, 542, 553, 578, 589]","[414, 117, 84, 196, 180, 168, 481, 278, 316, 500, 562, 92, 404, 532, 54, 286, 42, 83, 412, 189, 361, 518, 31, 6, 393, 324, 223, 141, 106, 470]",5.833333333333333,0.0016803284332663454,0.003927703809492409,0.2614035087719298,0.03333333333333333,0.0017543859649122807,0.0,1.9060283687943262,3.0,0.010526315789473684,0.35789473684210527,10.85438596491228,0.23899858705550805,0.5470107606450221,0.004248645014365096,3.696551724137931,0.7289555999665109,0.09473684210526316,0.9491228070175438,0.9516666666666667,0.8512848750688136,26,True,2378.0,True
103,train,random,paper,paper,3165569293,2026,600,30,0.7,"[16, 24, 26, 40, 58, 60, 95, 137, 161, 210, 213, 217, 242, 253, 261, 322, 327, 344, 365, 373, 377, 409, 415, 431, 525, 553, 567, 584, 594, 597]","[128, 590, 117, 459, 358, 306, 79, 476, 545, 64, 270, 13, 142, 430, 279, 162, 574, 563, 588, 332, 90, 39, 190, 328, 400, 141, 428, 149, 463, 559]",5.966666666666667,0.001744205467448609,0.004129034683844037,0.2614035087719298,0.03684210526315789,0.0017543859649122807,0.0,1.9042553191489362,4.0,0.010526315789473684,0.32105263157894737,10.284210526315789,0.24216540122770333,0.5467579317361946,0.004287451099130399,3.793103448275862,0.7930335904038361,0.0824561403508772,0.9350877192982456,0.9383333333333334,0.9819799580145627,30,False,2376.0,True
104,train,random,paper,paper,3165569293,2026,600,30,0.7,"[10, 14, 84, 102, 112, 123, 131, 134, 188, 192, 197, 251, 318, 329, 345, 356, 368, 370, 390, 417, 434, 452, 473, 485, 486, 487, 498, 533, 556, 560]","[230, 145, 471, 121, 548, 156, 474, 455, 265, 34, 92, 336, 83, 554, 466, 98, 396, 401, 232, 296, 431, 313, 570, 135, 542, 44, 591, 203, 207, 557]",5.633333333333334,0.0016309489223963077,0.006207767075974233,0.24035087719298245,0.03508771929824561,0.007017543859649123,0.0,1.9469026548672566,4.0,0.008771929824561403,0.34385964912280703,10.708771929824561,0.2236562962569224,0.5782320476058336,0.005953011191347906,3.6330049261083746,0.7628616847579567,0.07192982456140351,0.40350877192982454,0.43333333333333335,0.9906500419601798,30,False,1652.0,False
105,train,random,paper,paper,3165569293,2026,600,30,0.7,"[5, 16, 51, 56, 64, 66, 90, 97, 129, 138, 237, 290, 298, 312, 328, 356, 402, 420, 425, 430, 436, 442, 446, 452, 460, 498, 524, 542, 560, 561]","[414, 128, 447, 426, 384, 379, 318, 104, 287, 395, 437, 490, 546, 446, 189, 98, 41, 125, 331, 96, 383, 32, 208, 313, 499, 591, 393, 223, 557, 229]",6.0,0.0017323533631727138,0.005742330326661456,0.26666666666666666,0.03859649122807018,0.0,0.0,1.8847517730496455,4.0,0.010526315789473684,0.34385964912280703,11.259649122807017,0.24671723951062977,0.5390250670613265,0.004219429995292063,3.664367816091954,0.7708837121509613,0.08771929824561403,0.956140350877193,0.9583333333333334,0.7123298330698162,22,True,2378.0,True
106,train,random,paper,paper,3165569293,2026,600,30,0.7,"[40, 56, 74, 75, 113, 114, 141, 147, 157, 197, 223, 251, 278, 299, 300, 367, 392, 411, 430, 439, 452, 453, 504, 508, 511, 543, 545, 580, 591, 599]","[459, 426, 107, 351, 511, 199, 9, 171, 584, 92, 77, 336, 487, 251, 151, 200, 419, 10, 96, 565, 313, 255, 356, 581, 417, 110, 376, 60, 347, 88]",5.366666666666666,0.0015810319366153399,0.0039198122346729,0.256140350877193,0.017543859649122806,0.0017543859649122807,0.0,1.9024822695035462,4.0,0.010526315789473684,0.3105263157894737,10.16140350877193,0.22890722537916897,0.554977954552462,0.002532866239762791,3.928735632183908,0.7620633852675555,0.07017543859649122,0.9280701754385965,0.9316666666666666,0.9664396671578288,30,False,2364.0,True
107,train,random,paper,paper,3165569293,2026,600,30,0.7,"[13, 30, 67, 70, 94, 97, 110, 126, 130, 150, 195, 242, 246, 247, 250, 274, 285, 310, 316, 330, 345, 348, 356, 374, 406, 409, 430, 458, 543, 593]","[74, 402, 0, 84, 81, 104, 113, 124, 305, 216, 528, 142, 392, 286, 238, 161, 314, 86, 42, 228, 466, 325, 98, 111, 276, 39, 96, 179, 110, 505]",6.366666666666666,0.001810520391449529,0.005784872392353208,0.2771929824561403,0.03684210526315789,0.007017543859649123,0.0,1.8829787234042554,4.0,0.010526315789473684,0.3649122807017544,11.801754385964912,0.250522658778368,0.5242499922918016,0.008478295880327063,3.5701149425287357,0.8061071430683249,0.08421052631578947,0.9385964912280702,0.9416666666666667,0.972226541955024,30,False,2376.0,True
108,train,random,paper,paper,3165569293,2026,600,30,0.7,"[7, 19, 34, 53, 56, 69, 73, 107, 119, 120, 131, 132, 138, 161, 195, 201, 221, 277, 322, 345, 375, 420, 457, 460, 473, 476, 493, 546, 578, 594]","[225, 552, 422, 345, 426, 501, 302, 168, 100, 27, 474, 544, 395, 545, 528, 175, 181, 38, 162, 466, 583, 125, 227, 499, 570, 560, 123, 176, 106, 463]",6.033333333333333,0.0017568079482511703,0.00574949147036645,0.2736842105263158,0.028070175438596492,0.005263157894736842,0.0,1.8546099290780143,4.0,0.010526315789473684,0.3140350877192982,10.215789473684211,0.24253844168149338,0.5296580643172077,0.0045153301360197915,3.781609195402299,0.7628616847579567,0.07368421052631578,0.2807017543859649,0.31666666666666665,0.7353060839232057,22,True,1626.0,False
109,train,random,paper,paper,3165569293,2026,600,30,0.7,"[1, 82, 109, 118, 126, 127, 152, 156, 182, 193, 226, 258, 259, 287, 294, 312, 371, 388, 392, 416, 423, 439, 448, 467, 495, 524, 541, 547, 558, 564]","[575, 196, 257, 4, 124, 462, 521, 143, 538, 386, 359, 272, 155, 165, 354, 446, 406, 7, 419, 355, 269, 565, 467, 204, 206, 393, 61, 109, 503, 58]",4.966666666666667,0.0014945702016939337,0.0036849424862160185,0.20701754385964913,0.031578947368421054,0.005263157894736842,0.0,2.0353982300884956,4.0,0.008771929824561403,0.2789473684210526,9.27017543859649,0.19716276477985017,0.6296734807140875,0.0054499734989753145,3.8793103448275863,0.8160602597103576,0.07719298245614035,0.1912280701754386,0.23166666666666666,0.9997280410025269,30,False,1482.0,False
110,train,random,paper,paper,3165569293,2026,600,30,0.7,"[30, 36, 118, 171, 181, 187, 230, 234, 242, 253, 256, 271, 281, 291, 321, 375, 387, 406, 429, 439, 450, 456, 468, 485, 487, 492, 497, 529, 535, 554]","[402, 589, 4, 268, 353, 146, 29, 28, 142, 430, 573, 144, 408, 277, 458, 583, 361, 276, 23, 565, 2, 473, 12, 135, 44, 326, 186, 65, 178, 522]",6.1,0.0017451531813787657,0.004814487990133426,0.2649122807017544,0.03333333333333333,0.012280701754385965,0.0,1.9024822695035462,4.0,0.010526315789473684,0.3543859649122807,10.375438596491229,0.23962241461586065,0.5421391792310302,0.004993800350337546,3.7977011494252872,0.7361227708543137,0.07368421052631578,0.9157894736842105,0.92,0.9825706661213189,30,False,2338.0,True
111,train,random,paper,paper,3165569293,2026,600,30,0.7,"[4, 21, 60, 69, 70, 119, 125, 127, 145, 171, 192, 196, 200, 217, 253, 274, 310, 316, 318, 349, 405, 407, 483, 505, 515, 540, 546, 553, 564, 585]","[594, 127, 306, 501, 84, 100, 280, 462, 297, 268, 34, 258, 404, 13, 430, 161, 86, 42, 83, 531, 523, 114, 19, 236, 299, 53, 176, 141, 58, 231]",5.833333333333333,0.0016956327233772473,0.003992190995291229,0.26666666666666666,0.03508771929824561,0.005263157894736842,0.0,1.9398230088495576,4.0,0.008771929824561403,0.3,9.885964912280702,0.2434823559118279,0.5391853975888755,0.004990090669603854,3.729064039408867,0.7777163927705384,0.08421052631578947,0.3087719298245614,0.3433333333333333,1.0304908328689635,30,False,1620.0,False
112,train,random,paper,paper,3165569293,2026,600,30,0.7,"[14, 32, 36, 40, 41, 63, 76, 105, 158, 192, 196, 219, 254, 290, 300, 308, 327, 335, 364, 372, 374, 493, 511, 516, 517, 565, 574, 575, 581, 592]","[145, 457, 589, 459, 56, 399, 259, 372, 33, 34, 258, 298, 319, 490, 151, 256, 574, 221, 222, 293, 111, 123, 417, 534, 52, 36, 193, 267, 185, 241]",5.133333333333334,0.0015244158926706996,0.0037728948044187605,0.23508771929824562,0.02631578947368421,0.0017543859649122807,0.0,1.9645390070921986,4.0,0.010526315789473684,0.2912280701754386,9.547368421052632,0.21412048410489246,0.5864829032158604,0.00371343947915956,3.933333333333333,0.7496601327409779,0.07543859649122807,0.9421052631578948,0.945,0.966199625050649,30,False,2376.0,True
113,train,random,paper,paper,3165569293,2026,600,30,0.7,"[14, 21, 22, 27, 33, 53, 66, 93, 233, 253, 302, 306, 307, 326, 337, 343, 370, 395, 419, 442, 453, 456, 469, 481, 482, 532, 553, 561, 567, 590]","[145, 127, 480, 579, 73, 345, 379, 394, 443, 430, 129, 301, 429, 412, 494, 248, 401, 340, 212, 32, 255, 473, 214, 292, 375, 387, 141, 229, 428, 20]",5.566666666666666,0.001631369942925468,0.004201819281165384,0.24385964912280703,0.03333333333333333,0.005263157894736842,0.0,1.9469026548672566,4.0,0.008771929824561403,0.32105263157894737,10.449122807017543,0.22665711883869133,0.5728794746091943,0.004812009317720858,3.706896551724138,0.771218202419187,0.08771929824561403,0.9192982456140351,0.9233333333333333,0.9749156250618398,30,False,2368.0,True
114,train,random,paper,paper,3165569293,2026,600,30,0.7,"[12, 13, 20, 28, 48, 54, 64, 81, 87, 153, 204, 230, 241, 312, 319, 349, 353, 389, 405, 444, 446, 486, 529, 535, 543, 549, 561, 569, 570, 584]","[148, 74, 507, 322, 11, 317, 384, 593, 245, 362, 289, 29, 566, 446, 550, 531, 549, 578, 523, 349, 208, 542, 65, 178, 110, 561, 229, 167, 366, 149]",7.2,0.002007441384791405,0.007756740183579533,0.28421052631578947,0.056140350877192984,0.014035087719298246,0.0,1.872340425531915,4.0,0.010526315789473684,0.4456140350877193,11.666666666666666,0.2577738143576375,0.5150741528689915,0.007034960027575515,3.4873563218390804,0.6565539350322667,0.09473684210526316,0.9350877192982456,0.9383333333333334,0.9676654590293765,30,False,2368.0,True
115,train,random,paper,paper,3165569293,2026,600,30,0.7,"[30, 35, 78, 140, 147, 163, 173, 191, 210, 212, 243, 245, 266, 273, 283, 287, 303, 316, 356, 366, 381, 387, 408, 431, 442, 443, 463, 483, 496, 531]","[402, 479, 595, 71, 171, 309, 363, 140, 64, 496, 416, 59, 67, 438, 517, 165, 281, 42, 98, 587, 556, 361, 514, 328, 32, 3, 377, 19, 360, 252]",6.233333333333333,0.0017804621689149007,0.005481487264752716,0.2543859649122807,0.042105263157894736,0.010526315789473684,0.0,1.927304964539007,4.0,0.010526315789473684,0.39473684210526316,11.333333333333334,0.23399162041889646,0.5578145715783307,0.006997115375869547,3.547126436781609,0.7240540085959619,0.06842105263157895,0.21929824561403508,0.25833333333333336,0.997524542035535,30,False,1528.0,False
116,train,random,paper,paper,3165569293,2026,600,30,0.7,"[61, 86, 95, 97, 99, 111, 210, 221, 242, 245, 278, 300, 301, 303, 321, 342, 346, 381, 392, 396, 398, 444, 454, 489, 507, 536, 548, 565, 567, 598]","[410, 35, 79, 104, 76, 481, 64, 181, 142, 59, 487, 151, 369, 281, 458, 218, 261, 556, 419, 478, 411, 349, 198, 31, 421, 303, 224, 36, 428, 435]",5.3,0.0015508035589723575,0.004043447802601871,0.23333333333333334,0.031578947368421054,0.0035087719298245615,0.0,1.9716312056737588,4.0,0.010526315789473684,0.3280701754385965,9.787719298245614,0.21408913000168353,0.5896093485030679,0.004521190539323714,3.9310344827586206,0.727972744108819,0.07719298245614035,0.9333333333333333,0.9366666666666666,0.9812930829357356,30,False,2350.0,True
117,train,random,paper,paper,3165569293,2026,600,30,0.7,"[9, 18, 36, 77, 97, 100, 159, 160, 215, 251, 311, 322, 370, 388, 395, 397, 405, 427, 428, 438, 449, 481, 483, 512, 523, 529, 546, 547, 569, 576]","[391, 508, 589, 398, 104, 529, 365, 57, 452, 336, 385, 162, 401, 7, 340, 418, 523, 234, 275, 40, 24, 292, 19, 99, 153, 65, 176, 109, 167, 253]",6.866666666666666,0.0019198572778093884,0.007389700191167843,0.2631578947368421,0.04736842105263158,0.010526315789473684,0.0,1.900709219858156,3.0,0.010526315789473684,0.41754385964912283,11.724561403508773,0.24265252676845236,0.5444331390867326,0.0071149421579469714,3.581609195402299,0.8268116758427916,0.06842105263157895,0.6929824561403509,0.7083333333333334,0.9947122081648558,30,False,1968.0,False
118,train,random,paper,paper,3165569293,2026,600,30,0.7,"[0, 18, 54, 59, 64, 68, 98, 162, 172, 191, 233, 272, 294, 323, 324, 357, 373, 421, 466, 494, 505, 519, 522, 524, 555, 572, 579, 582, 584, 598]","[509, 508, 317, 555, 384, 49, 513, 278, 244, 140, 443, 539, 354, 433, 62, 504, 332, 201, 339, 170, 236, 80, 367, 393, 312, 211, 440, 540, 149, 435]",5.366666666666666,0.0015903561723989617,0.003187414544983118,0.23859649122807017,0.03684210526315789,0.0035087719298245615,0.0,1.9822695035460993,4.0,0.010526315789473684,0.2649122807017544,9.124561403508771,0.2235587051432757,0.5808096691641229,0.005214177866307684,3.947126436781609,0.7971588168324286,0.0824561403508772,0.2789473684210526,0.315,1.006586667150259,30,False,1592.0,False
119,train,random,paper,paper,3165569293,2026,600,30,0.7,"[1, 8, 12, 67, 70, 119, 149, 159, 168, 176, 200, 209, 215, 232, 241, 251, 252, 299, 343, 377, 382, 390, 403, 411, 436, 502, 542, 544, 546, 577]","[575, 147, 148, 0, 84, 100, 465, 365, 436, 194, 404, 346, 452, 288, 566, 336, 15, 251, 248, 90, 291, 232, 22, 10, 383, 116, 223, 282, 176, 321]",5.166666666666667,0.0015323777263856996,0.0034575601056516777,0.22807017543859648,0.021052631578947368,0.007017543859649123,0.0,1.9716814159292035,4.0,0.008771929824561403,0.2964912280701754,10.249122807017544,0.21015760491405194,0.5969783862115746,0.0059350164522578314,3.7241379310344827,0.7599477396512365,0.08771929824561403,0.8508771929824561,0.8583333333333333,0.9895784580148757,30,False,2222.0,False
120,train,random,paper,paper,3165569293,2026,600,30,0.7,"[1, 5, 23, 39, 48, 59, 61, 62, 104, 115, 160, 163, 164, 165, 166, 194, 213, 240, 241, 269, 324, 372, 378, 414, 484, 486, 497, 538, 578, 590]","[575, 414, 122, 444, 11, 555, 410, 262, 130, 132, 57, 309, 498, 213, 133, 284, 270, 54, 566, 390, 62, 293, 188, 333, 469, 542, 186, 95, 106, 20]",5.7,0.001651897857985484,0.0037886497879671887,0.24035087719298245,0.03684210526315789,0.010526315789473684,0.0,1.9379432624113475,4.0,0.010526315789473684,0.38070175438596493,11.128070175438596,0.22620697003550297,0.5780840501957882,0.008186814687828886,3.6735632183908047,0.6907616669276267,0.08070175438596491,0.9456140350877194,0.9483333333333334,0.9704487090930343,30,False,2374.0,True
121,train,random,paper,paper,3165569293,2026,600,30,0.7,"[17, 32, 49, 97, 105, 114, 130, 158, 188, 211, 257, 259, 260, 292, 329, 384, 399, 406, 412, 420, 434, 450, 456, 500, 503, 509, 511, 553, 569, 583]","[166, 457, 72, 104, 372, 199, 305, 33, 265, 300, 461, 155, 93, 304, 554, 564, 263, 276, 184, 125, 431, 2, 473, 5, 572, 547, 417, 141, 167, 530]",5.866666666666666,0.0016861481750944296,0.004797315671211891,0.24561403508771928,0.03684210526315789,0.007017543859649123,0.0,1.9131205673758864,3.0,0.010526315789473684,0.37894736842105264,11.310526315789474,0.23054411956785048,0.5701538556408596,0.006340417290027624,3.5885057471264368,0.78408526416794,0.0912280701754386,0.9526315789473684,0.955,0.9174198750406504,29,True,2378.0,True
122,train,random,paper,paper,3165569293,2026,600,30,0.7,"[6, 31, 33, 87, 101, 113, 119, 124, 141, 168, 212, 232, 255, 276, 284, 300, 313, 317, 354, 358, 362, 413, 433, 454, 486, 494, 524, 567, 579, 584]","[472, 482, 73, 245, 409, 511, 100, 454, 9, 436, 496, 288, 344, 103, 516, 151, 102, 18, 551, 323, 85, 1, 115, 198, 542, 170, 393, 428, 440, 149]",5.1,0.001513330434520237,0.0033225205827525917,0.22807017543859648,0.021052631578947368,0.0017543859649122807,0.0,1.9628318584070796,4.0,0.008771929824561403,0.3263157894736842,10.098245614035088,0.2089094245523243,0.5970585514753491,0.0033957071026036543,3.815270935960591,0.7888022991711982,0.07368421052631578,0.9543859649122807,0.9566666666666667,0.8155403749551624,25,True,2378.0,True
123,train,random,paper,paper,3165569293,2026,600,30,0.7,"[8, 13, 33, 39, 117, 145, 146, 147, 184, 197, 198, 210, 259, 275, 309, 334, 376, 378, 390, 405, 428, 447, 456, 494, 515, 526, 547, 549, 573, 579]","[147, 74, 73, 444, 48, 297, 370, 171, 576, 92, 187, 64, 155, 371, 456, 205, 87, 188, 232, 523, 275, 315, 473, 170, 299, 264, 109, 561, 596, 440]",4.966666666666667,0.001480810709519449,0.003785659757048388,0.22456140350877193,0.031578947368421054,0.0017543859649122807,0.0,1.991150442477876,4.0,0.008771929824561403,0.2929824561403509,9.23157894736842,0.2102805716259858,0.6023186260907101,0.004517085723982276,3.9408866995073892,0.8100258785811818,0.07368421052631578,0.15789473684210525,0.2,0.8712455839850008,26,True,1510.0,False
124,train,random,paper,paper,3165569293,2026,600,30,0.7,"[0, 3, 21, 33, 95, 109, 113, 126, 153, 195, 203, 230, 249, 266, 286, 294, 301, 315, 328, 330, 332, 334, 375, 394, 432, 447, 513, 518, 536, 588]","[509, 182, 127, 73, 79, 257, 511, 124, 362, 528, 101, 29, 350, 67, 484, 354, 369, 246, 189, 228, 274, 205, 583, 169, 571, 315, 6, 158, 303, 283]",5.6,0.0016163122322134882,0.003977291268189939,0.23684210526315788,0.02631578947368421,0.007017543859649123,0.0,1.975177304964539,4.0,0.010526315789473684,0.3105263157894737,10.25263157894737,0.2201143929481064,0.5834736225449388,0.0045481529964288584,3.7333333333333334,0.7098476661728466,0.08421052631578947,0.9456140350877194,0.9483333333333334,0.977182042086497,30,False,2370.0,True
125,train,random,paper,paper,3165569293,2026,600,30,0.7,"[0, 19, 65, 66, 87, 91, 92, 102, 117, 209, 232, 256, 284, 343, 358, 361, 429, 448, 457, 466, 468, 499, 506, 513, 547, 548, 561, 572, 575, 577]","[509, 552, 568, 379, 245, 37, 26, 121, 48, 346, 288, 573, 516, 248, 323, 536, 23, 467, 227, 339, 12, 432, 183, 6, 109, 224, 229, 211, 267, 321]",5.766666666666667,0.0016855311561276543,0.005248281877449702,0.24385964912280703,0.0456140350877193,0.0035087719298245615,0.0,1.9327433628318584,3.0,0.008771929824561403,0.2982456140350877,9.549122807017543,0.2267474372126699,0.5731878025467888,0.005487586787789628,3.9310344827586206,0.7680977663967314,0.07894736842105263,0.9473684210526315,0.95,1.0487787919119,30,False,2362.0,True
126,train,random,paper,paper,3165569293,2026,600,30,0.7,"[0, 11, 31, 77, 81, 112, 116, 140, 159, 163, 193, 226, 231, 232, 240, 242, 258, 302, 305, 306, 308, 311, 320, 407, 428, 429, 477, 518, 534, 587]","[509, 495, 482, 398, 593, 548, 598, 71, 365, 309, 386, 359, 532, 288, 54, 142, 272, 129, 89, 301, 256, 385, 70, 114, 275, 23, 423, 158, 493, 352]",6.233333333333333,0.0017864151625873702,0.005485975351333815,0.2631578947368421,0.043859649122807015,0.010526315789473684,0.0,1.8953900709219857,4.0,0.010526315789473684,0.42105263157894735,11.487719298245613,0.2403404604493451,0.5448277988468535,0.007783882971335824,3.657471264367816,0.7232557091055609,0.09824561403508772,0.9298245614035088,0.9333333333333333,0.955588374985382,30,False,2366.0,True
127,train,random,paper,paper,3165569293,2026,600,30,0.7,"[5, 14, 80, 87, 104, 137, 144, 154, 198, 210, 218, 219, 227, 229, 250, 277, 288, 289, 290, 339, 358, 378, 476, 478, 491, 535, 551, 552, 558, 591]","[414, 145, 403, 245, 130, 476, 486, 420, 187, 64, 338, 298, 94, 527, 238, 38, 233, 66, 490, 47, 323, 188, 560, 202, 136, 178, 75, 320, 503, 347]",5.633333333333334,0.0016546120963932566,0.004171251226729545,0.25087719298245614,0.031578947368421054,0.005263157894736842,0.0,1.9148936170212767,3.0,0.010526315789473684,0.3526315789473684,10.671929824561403,0.22957100690808255,0.5626861529923226,0.006139373962849996,3.774712643678161,0.7749304470163083,0.07894736842105263,0.4649122807017544,0.49166666666666664,0.9850964590441436,30,False,1788.0,False
128,train,random,paper,paper,3165569293,2026,600,30,0.7,"[5, 67, 71, 103, 112, 116, 148, 152, 162, 178, 183, 228, 268, 306, 331, 342, 359, 367, 370, 387, 413, 420, 426, 446, 456, 457, 507, 553, 561, 571]","[414, 0, 526, 295, 548, 598, 14, 521, 278, 492, 525, 173, 242, 301, 442, 218, 537, 200, 401, 361, 1, 125, 425, 208, 473, 227, 421, 141, 229, 91]",5.366666666666666,0.0015953260541811906,0.0038126442254555167,0.24210526315789474,0.02982456140350877,0.005263157894736842,0.0,1.9060283687943262,4.0,0.010526315789473684,0.28421052631578947,9.933333333333334,0.22428118245595063,0.5755865939012734,0.006304567080429149,3.8137931034482757,0.7005648496687247,0.09298245614035087,0.9473684210526315,0.95,0.9583168751560152,30,False,2378.0,True
129,train,random,paper,paper,3165569293,2026,600,30,0.7,"[5, 12, 47, 60, 65, 68, 104, 127, 150, 151, 153, 196, 208, 273, 293, 306, 315, 321, 345, 372, 413, 418, 470, 492, 498, 515, 520, 536, 539, 580]","[414, 148, 285, 306, 568, 49, 130, 462, 216, 63, 362, 258, 254, 438, 535, 301, 246, 458, 466, 293, 1, 373, 138, 326, 591, 299, 308, 303, 453, 60]",6.066666666666666,0.0017507302500370263,0.005302648183468839,0.2649122807017544,0.043859649122807015,0.0035087719298245615,0.0,1.9042553191489362,4.0,0.010526315789473684,0.3333333333333333,9.970175438596492,0.24449049343211754,0.5418431844109395,0.005593045098792225,3.749425287356322,0.7539133585220605,0.07719298245614035,0.956140350877193,0.9583333333333334,0.6900769998319447,21,True,2378.0,True
130,train,random,paper,paper,3165569293,2026,600,30,0.7,"[26, 38, 51, 98, 138, 197, 221, 260, 289, 293, 332, 337, 374, 395, 398, 400, 411, 437, 439, 440, 446, 447, 461, 481, 491, 502, 513, 542, 555, 588]","[117, 137, 447, 513, 395, 92, 181, 93, 66, 535, 274, 494, 111, 340, 411, 197, 10, 30, 565, 247, 208, 315, 290, 292, 136, 116, 6, 223, 312, 283]",5.466666666666667,0.0016051450460645214,0.004301731132585459,0.24385964912280703,0.02982456140350877,0.0,0.0,1.9734042553191489,4.0,0.010526315789473684,0.30526315789473685,9.74736842105263,0.22275403134878732,0.5731323035180218,0.003855384717453683,3.8551724137931034,0.6612933642845547,0.08771929824561403,0.9421052631578948,0.945,0.9503679999615997,28,True,2372.0,True
131,train,random,paper,paper,3165569293,2026,600,30,0.7,"[36, 54, 62, 76, 80, 87, 120, 137, 172, 189, 197, 209, 220, 226, 230, 237, 278, 291, 297, 324, 343, 412, 470, 473, 475, 498, 508, 517, 552, 591]","[589, 317, 262, 259, 403, 245, 27, 476, 244, 46, 92, 346, 337, 359, 29, 437, 487, 277, 159, 62, 248, 184, 138, 570, 543, 591, 581, 52, 320, 347]",5.9,0.0016974239110633396,0.00463523343393739,0.24561403508771928,0.03859649122807018,0.005263157894736842,0.0,1.9397163120567376,3.0,0.010526315789473684,0.37719298245614036,11.101754385964913,0.23057437627681085,0.5701230228471001,0.005367196660300108,3.581609195402299,0.7529085681159238,0.08596491228070176,0.9421052631578948,0.945,0.9935520410072058,30,False,2354.0,True
132,train,random,paper,paper,3165569293,2026,600,30,0.7,"[28, 34, 43, 87, 150, 174, 189, 227, 229, 256, 260, 276, 305, 319, 356, 370, 372, 378, 395, 404, 410, 485, 502, 504, 506, 507, 510, 521, 522, 599]","[322, 422, 448, 245, 216, 316, 46, 94, 527, 573, 93, 103, 89, 550, 98, 401, 293, 188, 340, 250, 25, 135, 116, 356, 183, 421, 51, 464, 367, 88]",6.066666666666666,0.0017256249693288657,0.006290178956814086,0.2649122807017544,0.04035087719298246,0.007017543859649123,0.0,1.8918439716312057,4.0,0.010526315789473684,0.3912280701754386,11.321052631578947,0.24233368330055516,0.5419850152622329,0.006173368502289181,3.6344827586206896,0.7568273036287808,0.07543859649122807,0.9421052631578948,0.945,0.9617554589640349,30,False,2376.0,True
133,train,random,paper,paper,3165569293,2026,600,30,0.7,"[13, 25, 64, 71, 92, 103, 133, 158, 171, 173, 198, 210, 218, 228, 237, 249, 254, 257, 286, 304, 308, 315, 363, 374, 391, 455, 493, 527, 564, 580]","[74, 118, 384, 526, 26, 295, 397, 33, 268, 363, 187, 64, 338, 173, 437, 350, 319, 461, 484, 240, 256, 246, 489, 111, 163, 112, 123, 424, 58, 60]",5.466666666666667,0.0016263841539654945,0.003938758496485902,0.25087719298245614,0.02982456140350877,0.0,0.0,1.9097345132743362,4.0,0.008771929824561403,0.2894736842105263,9.66842105263158,0.22832230070635248,0.5626059877285481,0.0032539160442971696,3.8645320197044337,0.8008710614295501,0.08771929824561403,0.9368421052631579,0.94,0.9866717502009124,30,False,2370.0,True
134,train,random,paper,paper,3165569293,2026,600,30,0.7,"[3, 12, 45, 85, 136, 148, 151, 165, 175, 181, 223, 253, 263, 267, 288, 345, 360, 386, 405, 422, 439, 443, 450, 475, 479, 486, 499, 530, 591, 597]","[182, 148, 512, 273, 195, 14, 63, 213, 271, 353, 77, 430, 567, 389, 233, 466, 139, 16, 523, 119, 565, 3, 2, 543, 518, 542, 432, 324, 347, 559]",5.5,0.0016169416237236576,0.0037197314746068894,0.24561403508771928,0.031578947368421054,0.0017543859649122807,0.0,1.9539007092198581,4.0,0.010526315789473684,0.30526315789473685,9.77719298245614,0.2266895965231788,0.5704005179909352,0.004938028127683299,3.8551724137931034,0.6901479238045164,0.06666666666666667,0.9385964912280702,0.9416666666666667,0.9656521249562502,30,False,2378.0,True
135,train,random,paper,paper,3165569293,2026,600,30,0.7,"[19, 36, 57, 71, 77, 98, 99, 103, 130, 209, 247, 250, 285, 305, 313, 332, 338, 358, 381, 384, 392, 429, 459, 464, 471, 482, 489, 507, 548, 591]","[552, 589, 502, 526, 398, 513, 76, 295, 305, 346, 286, 238, 314, 89, 102, 274, 108, 323, 556, 564, 419, 23, 597, 533, 519, 375, 31, 421, 224, 347]",5.0,0.0014746802964586694,0.003245470608016159,0.20526315789473684,0.03508771929824561,0.005263157894736842,0.0,2.012367491166078,3.0,0.007017543859649123,0.3087719298245614,9.487719298245613,0.19564031294357573,0.6325532636512194,0.005462384084408211,3.761904761904762,0.7811713190612201,0.07017543859649122,0.3017543859649123,0.33666666666666667,1.0101178330369294,30,False,1624.0,False
136,train,random,paper,paper,3165569293,2026,600,30,0.7,"[11, 17, 26, 29, 30, 41, 142, 148, 166, 171, 193, 220, 243, 281, 310, 318, 326, 334, 383, 399, 429, 439, 487, 561, 563, 568, 571, 576, 580, 583]","[495, 166, 117, 82, 402, 56, 451, 14, 133, 268, 386, 337, 416, 408, 86, 83, 412, 205, 157, 263, 23, 565, 44, 229, 477, 154, 91, 253, 60, 530]",5.5,0.0016008117978394377,0.003718376811903726,0.24035087719298245,0.028070175438596492,0.0035087719298245615,0.0,1.9397163120567376,4.0,0.010526315789473684,0.33157894736842103,10.305263157894737,0.22193944559830547,0.57831837942836,0.004089580879641731,3.786206896551724,0.7680977663967313,0.07368421052631578,0.9491228070175438,0.9516666666666667,0.9739157080184668,30,False,2374.0,True
137,train,random,paper,paper,3165569293,2026,600,30,0.7,"[28, 53, 84, 88, 119, 138, 143, 162, 207, 268, 276, 280, 287, 339, 342, 360, 373, 402, 433, 452, 479, 481, 491, 501, 509, 510, 515, 545, 569, 583]","[322, 345, 471, 8, 100, 395, 172, 278, 441, 242, 103, 580, 165, 47, 218, 139, 332, 41, 115, 313, 518, 292, 136, 510, 547, 51, 299, 376, 167, 530]",5.166666666666667,0.0015192763798688284,0.0033489001973795542,0.22807017543859648,0.01929824561403509,0.0035087719298245615,0.0,1.946808510638298,4.0,0.010526315789473684,0.28596491228070176,10.417543859649124,0.20964828323189488,0.5970092190053341,0.004148380355276907,3.731034482758621,0.7648493310217854,0.07017543859649122,0.7368421052631579,0.75,0.9831920419819653,30,False,2032.0,False
138,train,random,paper,paper,3165569293,2026,600,30,0.7,"[7, 28, 68, 78, 84, 90, 91, 96, 139, 146, 179, 186, 200, 213, 216, 223, 224, 287, 295, 338, 348, 356, 375, 406, 408, 458, 471, 501, 580, 599]","[225, 322, 49, 595, 471, 318, 37, 226, 152, 370, 500, 388, 404, 270, 342, 77, 329, 165, 506, 108, 325, 98, 583, 276, 514, 179, 519, 510, 60, 88]",5.7,0.0016747711445174412,0.005394324363822086,0.23508771929824562,0.04736842105263158,0.0035087719298245615,0.0,1.9805309734513274,4.0,0.008771929824561403,0.2894736842105263,9.656140350877193,0.22260678031350042,0.5860944100144914,0.006232948871467073,3.8054187192118225,0.7159039818504672,0.07017543859649122,0.7017543859649122,0.7166666666666667,0.9793199170380831,30,False,1988.0,False
139,train,random,paper,paper,3165569293,2026,600,30,0.7,"[1, 62, 86, 149, 157, 175, 177, 258, 265, 281, 290, 298, 304, 305, 314, 329, 346, 359, 368, 380, 406, 407, 427, 452, 475, 492, 503, 518, 529, 563]","[575, 262, 35, 465, 584, 271, 235, 272, 69, 408, 490, 546, 240, 89, 491, 554, 261, 537, 396, 334, 276, 114, 234, 313, 543, 326, 572, 158, 65, 477]",5.0,0.001474050425898582,0.0034259978036201683,0.23333333333333334,0.02280701754385965,0.0035087719298245615,0.0,1.966371681415929,4.0,0.008771929824561403,0.3017543859649123,10.30877192982456,0.21337997055608032,0.5890543582153979,0.0048137622275553306,3.7216748768472905,0.8100258785811818,0.08070175438596491,0.9491228070175438,0.9516666666666667,0.9618185840081424,30,False,2374.0,True
140,train,random,paper,paper,3165569293,2026,600,30,0.7,"[85, 91, 119, 122, 147, 154, 166, 178, 218, 228, 233, 260, 282, 289, 301, 311, 344, 382, 409, 412, 424, 426, 438, 471, 474, 478, 486, 508, 569, 586]","[273, 37, 100, 520, 171, 420, 133, 492, 338, 173, 443, 93, 357, 66, 369, 385, 563, 291, 39, 184, 164, 425, 40, 519, 45, 202, 542, 581, 167, 343]",6.166666666666667,0.0017715868053399888,0.0035766566546335467,0.26842105263157895,0.031578947368421054,0.005263157894736842,0.0,1.8991150442477875,4.0,0.008771929824561403,0.3719298245614035,11.650877192982456,0.24231074457687454,0.536891437733173,0.006745867760066544,3.4310344827586206,0.732874335479368,0.08421052631578947,0.5824561403508772,0.6033333333333334,0.9845519170630723,30,False,1900.0,False
141,train,random,paper,paper,3165569293,2026,600,30,0.7,"[16, 18, 45, 54, 73, 74, 101, 104, 112, 156, 160, 205, 206, 237, 280, 297, 304, 314, 377, 383, 396, 414, 425, 434, 435, 528, 544, 555, 588, 596]","[128, 508, 512, 317, 302, 107, 409, 130, 548, 143, 57, 524, 415, 437, 580, 159, 240, 491, 90, 157, 478, 333, 331, 431, 249, 468, 282, 312, 283, 260]",5.1,0.0015174206977111872,0.0034896716075806422,0.21754385964912282,0.02280701754385965,0.007017543859649123,0.0,1.9876106194690266,4.0,0.008771929824561403,0.312280701754386,9.880701754385965,0.20114055237958406,0.6133690993740943,0.004171882696223467,3.8226600985221677,0.809691388312956,0.08421052631578947,0.9017543859649123,0.9066666666666666,0.9852745840325952,30,False,2296.0,True
142,train,random,paper,paper,3165569293,2026,600,30,0.7,"[8, 18, 33, 41, 55, 103, 119, 123, 128, 170, 187, 265, 277, 300, 328, 333, 369, 371, 378, 423, 430, 439, 456, 471, 513, 551, 552, 569, 594, 595]","[147, 508, 73, 56, 515, 295, 100, 156, 210, 553, 146, 69, 38, 151, 189, 294, 569, 406, 188, 269, 96, 565, 473, 519, 6, 75, 320, 167, 463, 120]",5.7,0.0016430951175327774,0.004198308366858268,0.24385964912280703,0.04736842105263158,0.0035087719298245615,0.0,1.9379432624113475,4.0,0.010526315789473684,0.3701754385964912,10.814035087719299,0.22832318452999623,0.5732248018993001,0.006203349633294143,3.7701149425287355,0.78117131906122,0.06842105263157895,0.21228070175438596,0.25166666666666665,0.9916795829776675,30,True,1552.0,False
143,train,random,paper,paper,3165569293,2026,600,30,0.7,"[8, 58, 65, 85, 115, 116, 132, 143, 170, 215, 229, 243, 245, 263, 289, 291, 318, 321, 354, 395, 403, 426, 431, 458, 462, 467, 484, 535, 562, 570]","[147, 358, 568, 273, 132, 598, 544, 172, 553, 452, 527, 416, 59, 567, 66, 277, 83, 458, 551, 340, 22, 425, 328, 179, 335, 204, 469, 178, 407, 366]",6.533333333333333,0.001850157124312343,0.006514582156217574,0.27017543859649124,0.042105263157894736,0.007017543859649123,0.0,1.8936170212765957,4.0,0.010526315789473684,0.42105263157894735,11.322807017543859,0.23976922059102726,0.5353004655751857,0.006419001465800961,3.5839080459770116,0.7628616847579566,0.08771929824561403,0.9368421052631579,0.94,0.8857443330343813,27,True,2378.0,True
144,train,random,paper,paper,3165569293,2026,600,30,0.7,"[16, 22, 26, 59, 80, 81, 194, 203, 211, 221, 237, 240, 250, 251, 256, 282, 288, 333, 348, 364, 432, 455, 481, 487, 495, 504, 515, 543, 559, 588]","[128, 480, 117, 555, 403, 593, 284, 101, 300, 181, 437, 54, 238, 336, 573, 357, 233, 294, 325, 222, 571, 112, 292, 44, 206, 356, 299, 110, 330, 283]",6.233333333333333,0.0017930944823211811,0.00471658611044409,0.2719298245614035,0.028070175438596492,0.005263157894736842,0.0,1.8794326241134751,3.0,0.010526315789473684,0.36140350877192984,11.110526315789473,0.24341292593164757,0.5318965251441433,0.004423041224578536,3.7448275862068967,0.8069054425587259,0.07719298245614035,0.3333333333333333,0.36666666666666664,0.9965870829764754,30,False,1650.0,False
145,train,random,paper,paper,3165569293,2026,600,30,0.7,"[5, 9, 30, 87, 93, 129, 159, 239, 244, 245, 305, 318, 334, 369, 376, 397, 399, 409, 415, 419, 450, 456, 460, 490, 514, 526, 530, 535, 564, 577]","[414, 391, 402, 245, 394, 287, 365, 126, 97, 59, 89, 83, 205, 569, 87, 418, 263, 39, 190, 212, 2, 473, 499, 381, 215, 264, 324, 178, 58, 321]",5.133333333333334,0.001529103134490896,0.003990076452513653,0.23684210526315788,0.02456140350877193,0.0017543859649122807,0.0,1.968141592920354,4.0,0.008771929824561403,0.2543859649122807,8.798245614035087,0.21220045902173404,0.584682268060309,0.003347772641767885,3.9950738916256157,0.8320477574815665,0.08070175438596491,0.9368421052631579,0.94,0.9586216669995338,30,False,2378.0,True
146,train,random,paper,paper,3165569293,2026,600,30,0.7,"[29, 30, 69, 82, 172, 176, 181, 248, 257, 271, 337, 339, 359, 363, 365, 374, 382, 423, 429, 434, 437, 446, 459, 472, 475, 481, 492, 567, 592, 599]","[82, 402, 501, 196, 244, 194, 353, 348, 461, 144, 494, 47, 537, 489, 588, 111, 291, 269, 23, 431, 30, 208, 597, 237, 543, 292, 326, 428, 241, 88]",5.1,0.0015019405987151749,0.003567268238541694,0.22631578947368422,0.031578947368421054,0.005263157894736842,0.0,1.9858156028368794,4.0,0.010526315789473684,0.30350877192982456,10.164912280701754,0.2104352612398061,0.5997533376499244,0.006841096323854945,3.806896551724138,0.7591494401608354,0.07368421052631578,0.8315789473684211,0.84,0.9800681660417467,30,False,2172.0,False
147,train,random,paper,paper,3165569293,2026,600,30,0.7,"[33, 58, 64, 71, 136, 160, 180, 182, 209, 227, 231, 253, 260, 295, 329, 335, 339, 344, 354, 368, 389, 412, 433, 456, 509, 529, 537, 548, 549, 562]","[73, 358, 384, 526, 195, 57, 105, 538, 346, 94, 532, 430, 93, 506, 554, 221, 47, 563, 551, 396, 578, 184, 115, 473, 547, 65, 599, 224, 561, 407]",6.466666666666667,0.0018318872232026345,0.005859630044116036,0.2754385964912281,0.04736842105263158,0.0035087719298245615,0.0,1.874113475177305,3.0,0.010526315789473684,0.4017543859649123,11.224561403508773,0.2438753060916626,0.5281657570992507,0.006380695755135359,3.636781609195402,0.8147429135844398,0.07017543859649122,0.9491228070175438,0.9516666666666667,0.9551731660030782,30,False,2378.0,True
148,train,random,paper,paper,3165569293,2026,600,30,0.7,"[35, 135, 153, 161, 199, 208, 215, 218, 231, 250, 258, 267, 274, 299, 303, 320, 324, 338, 376, 378, 380, 393, 404, 407, 422, 450, 457, 555, 565, 592]","[479, 21, 362, 545, 460, 254, 452, 338, 532, 238, 272, 389, 161, 251, 281, 70, 62, 108, 87, 188, 334, 239, 250, 114, 119, 2, 227, 312, 36, 241]",6.066666666666666,0.0017618774393702746,0.005226353865563918,0.25263157894736843,0.042105263157894736,0.007017543859649123,0.0,1.929078014184397,4.0,0.010526315789473684,0.3543859649122807,10.73157894736842,0.2357123500436799,0.5597570375851756,0.0063935561585266145,3.6344827586206896,0.7872057001903959,0.07017543859649122,0.2596491228070175,0.2966666666666667,1.0023601250723004,30,False,1576.0,False
149,train,random,paper,paper,3165569293,2026,600,30,0.7,"[32, 48, 59, 144, 156, 162, 219, 236, 263, 281, 288, 314, 323, 324, 329, 341, 344, 413, 414, 433, 459, 484, 501, 503, 525, 529, 548, 561, 578, 588]","[457, 11, 555, 486, 143, 278, 298, 475, 567, 408, 233, 491, 433, 62, 554, 341, 563, 1, 333, 115, 597, 469, 510, 572, 400, 65, 224, 229, 106, 283]",5.933333333333334,0.0016931207954284204,0.004436601482115699,0.24385964912280703,0.03859649122807018,0.010526315789473684,0.0,1.9238938053097345,4.0,0.008771929824561403,0.40350877192982454,11.991228070175438,0.22790529920041896,0.5728609749329386,0.008704235902645211,3.4679802955665027,0.7628616847579566,0.10526315789473684,0.9333333333333333,0.9366666666666666,0.9611222909297794,30,False,2374.0,True
150,train,random,paper,paper,3165569293,2026,600,30,0.7,"[7, 25, 71, 73, 175, 182, 189, 190, 193, 195, 198, 220, 225, 226, 243, 252, 260, 305, 313, 343, 429, 434, 440, 444, 451, 459, 469, 472, 474, 579]","[225, 118, 526, 302, 271, 538, 46, 562, 386, 528, 187, 337, 131, 359, 416, 15, 93, 89, 102, 248, 23, 431, 247, 349, 577, 597, 214, 237, 45, 440]",4.966666666666667,0.0014832444269681278,0.004327228338182796,0.21052631578947367,0.03333333333333333,0.007017543859649123,0.0,1.9946902654867256,3.0,0.008771929824561403,0.3192982456140351,9.780701754385966,0.19813551327331638,0.6243085745999445,0.005699280214901662,3.7881773399014778,0.7979571163228298,0.08421052631578947,0.9543859649122807,0.9566666666666667,0.8784328328911215,26,True,2376.0,True
151,train,random,paper,paper,3165569293,2026,600,30,0.7,"[2, 54, 65, 74, 94, 100, 111, 127, 198, 203, 231, 238, 271, 279, 323, 347, 358, 387, 409, 414, 461, 479, 496, 521, 530, 537, 542, 560, 581, 588]","[592, 317, 568, 107, 81, 529, 481, 462, 187, 101, 532, 266, 144, 160, 433, 307, 323, 361, 39, 333, 290, 518, 360, 464, 324, 599, 223, 557, 185, 283]",5.733333333333333,0.0016789173459776003,0.004918465048428618,0.23157894736842105,0.043859649122807015,0.005263157894736842,0.0,1.9539007092198581,4.0,0.010526315789473684,0.3175438596491228,10.182456140350878,0.21809004308767363,0.5916628125674467,0.00623733482354172,3.779310344827586,0.7720165019095884,0.09824561403508772,0.9245614035087719,0.9283333333333333,0.9987982918974012,30,False,2350.0,True
152,train,random,paper,paper,3165569293,2026,600,30,0.7,"[28, 61, 97, 100, 109, 110, 113, 126, 144, 147, 160, 203, 222, 234, 240, 244, 258, 272, 275, 287, 332, 339, 362, 368, 383, 398, 479, 535, 552, 582]","[322, 410, 104, 529, 257, 113, 511, 124, 486, 171, 57, 101, 488, 28, 54, 97, 272, 539, 371, 165, 274, 47, 85, 396, 157, 411, 518, 178, 320, 540]",5.0,0.0014878561817167667,0.0036649678120628647,0.21228070175438596,0.02982456140350877,0.005263157894736842,0.0,2.0106382978723403,4.0,0.010526315789473684,0.30350877192982456,10.74561403508772,0.20219475615150057,0.6213239601640305,0.008351263341121353,3.579310344827586,0.7446086074694939,0.07543859649122807,0.9491228070175438,0.9516666666666667,0.98301100009121,30,False,2376.0,True
153,train,random,paper,paper,3165569293,2026,600,30,0.7,"[17, 29, 43, 52, 63, 78, 81, 92, 127, 147, 161, 162, 199, 202, 284, 317, 336, 348, 356, 357, 414, 470, 483, 491, 514, 555, 562, 570, 582, 590]","[166, 82, 448, 220, 399, 595, 593, 26, 462, 171, 545, 278, 460, 405, 516, 18, 219, 325, 98, 504, 333, 138, 19, 136, 215, 312, 407, 366, 540, 20]",6.466666666666667,0.0018566872044891943,0.005485647846149502,0.256140350877193,0.05964912280701754,0.012280701754385965,0.0,1.900709219858156,4.0,0.010526315789473684,0.3912280701754386,11.143859649122806,0.24467645990981063,0.5542256343847316,0.00926548912617024,3.5701149425287357,0.8160602597103576,0.08596491228070176,0.9315789473684211,0.935,0.965652999933809,30,False,2378.0,True
154,train,random,paper,paper,3165569293,2026,600,30,0.7,"[0, 10, 31, 41, 47, 54, 59, 61, 68, 123, 129, 134, 157, 184, 185, 187, 216, 228, 236, 274, 287, 356, 359, 364, 389, 445, 473, 536, 539, 594]","[509, 230, 482, 56, 285, 317, 555, 410, 49, 156, 287, 455, 584, 576, 311, 146, 342, 173, 475, 161, 165, 98, 537, 222, 578, 378, 570, 303, 453, 463]",7.366666666666666,0.0020485622233726037,0.008786410269308615,0.3017543859649123,0.05087719298245614,0.007017543859649123,0.0,1.8173758865248226,4.0,0.010526315789473684,0.43333333333333335,11.573684210526316,0.26432437205057663,0.4911047390004008,0.0053712188032198375,3.56551724137931,0.6920790130535446,0.08070175438596491,0.4298245614035088,0.4583333333333333,0.9838054170832038,30,False,1738.0,False
155,train,random,paper,paper,3165569293,2026,600,30,0.7,"[21, 33, 72, 98, 99, 165, 180, 196, 210, 217, 223, 224, 244, 284, 295, 325, 362, 368, 378, 388, 426, 473, 527, 532, 543, 549, 551, 574, 577, 586]","[127, 73, 68, 513, 76, 213, 105, 258, 64, 13, 77, 329, 97, 516, 506, 382, 85, 396, 188, 7, 425, 570, 424, 387, 110, 561, 75, 193, 321, 343]",6.1,0.0017615689100431166,0.005238396380222682,0.27017543859649124,0.043859649122807015,0.0035087719298245615,0.0,1.9078014184397163,4.0,0.010526315789473684,0.3526315789473684,10.821052631578947,0.24752260517710054,0.5342829833811241,0.00710946235794106,3.708045977011494,0.7180196274667862,0.07192982456140351,0.6947368421052632,0.71,0.9799389578402042,30,False,1970.0,False
156,train,random,paper,paper,3165569293,2026,600,30,0.7,"[70, 84, 90, 96, 106, 127, 142, 146, 150, 175, 188, 205, 217, 229, 250, 283, 296, 303, 351, 356, 366, 398, 410, 413, 428, 433, 508, 540, 559, 585]","[84, 471, 318, 226, 439, 462, 451, 370, 216, 271, 265, 524, 13, 527, 238, 517, 445, 281, 209, 98, 587, 411, 25, 1, 275, 115, 581, 53, 330, 231]",6.266666666666667,0.0017821942747923971,0.0054276449361239,0.2771929824561403,0.03684210526315789,0.007017543859649123,0.0,1.8900709219858156,4.0,0.010526315789473684,0.3631578947368421,12.007017543859648,0.25123402512615195,0.5241636604692751,0.008216429227905688,3.4942528735632186,0.7237195183277363,0.08070175438596491,0.9473684210526315,0.95,0.9834905420430005,30,False,2376.0,True
157,train,random,paper,paper,3165569293,2026,600,30,0.7,"[40, 71, 93, 166, 205, 214, 228, 234, 247, 274, 275, 276, 279, 308, 354, 363, 382, 392, 410, 413, 414, 436, 441, 498, 499, 509, 541, 565, 574, 577]","[459, 526, 394, 133, 524, 310, 173, 28, 286, 161, 371, 103, 160, 256, 551, 489, 291, 419, 25, 1, 333, 383, 380, 591, 432, 547, 61, 36, 193, 321]",6.233333333333333,0.0018012465113652657,0.0043703141290538485,0.2614035087719298,0.03333333333333333,0.008771929824561403,0.0,1.8865248226950355,4.0,0.010526315789473684,0.3649122807017544,11.221052631578948,0.23858601680136074,0.5469799278512626,0.006756322146788679,3.6206896551724137,0.7271744446184178,0.07543859649122807,0.24035087719298245,0.2783333333333333,0.8885612080339342,27,True,1562.0,False
158,train,random,paper,paper,3165569293,2026,600,30,0.7,"[23, 42, 45, 67, 69, 111, 133, 138, 140, 151, 167, 225, 242, 269, 282, 283, 330, 339, 365, 366, 413, 425, 451, 455, 471, 481, 485, 546, 577, 580]","[122, 17, 512, 0, 501, 481, 397, 395, 71, 63, 585, 131, 142, 390, 357, 517, 228, 47, 588, 587, 1, 331, 577, 112, 519, 292, 135, 176, 321, 60]",5.933333333333334,0.0017148668379143707,0.00411853779293233,0.2543859649122807,0.03333333333333333,0.0035087719298245615,0.0,1.9095744680851063,4.0,0.010526315789473684,0.3473684210526316,10.733333333333333,0.2358733235671204,0.5571115838806154,0.004900227486434382,3.682758620689655,0.7400415063671708,0.07543859649122807,0.9491228070175438,0.9516666666666667,0.8765792499762028,27,True,2378.0,True
159,train,random,paper,paper,3165569293,2026,600,30,0.7,"[8, 30, 66, 79, 154, 191, 201, 210, 220, 234, 298, 395, 406, 409, 415, 463, 472, 481, 490, 514, 518, 533, 544, 545, 548, 575, 578, 585, 587, 595]","[147, 402, 379, 374, 420, 140, 175, 64, 337, 28, 546, 340, 276, 39, 190, 377, 237, 292, 381, 215, 158, 203, 282, 376, 224, 267, 106, 231, 352, 120]",6.033333333333333,0.0017241675442384134,0.0046478098742323655,0.24912280701754386,0.03859649122807018,0.0017543859649122807,0.0,1.9432624113475176,4.0,0.010526315789473684,0.3719298245614035,10.966666666666667,0.22656385004385837,0.5658310979557858,0.005868427223636716,3.6666666666666665,0.7041477753118963,0.0912280701754386,0.9368421052631579,0.94,0.9665645831264555,30,False,2378.0,True
160,train,random,paper,paper,3165569293,2026,600,30,0.7,"[121, 127, 136, 168, 203, 209, 220, 223, 224, 230, 245, 257, 281, 290, 298, 319, 323, 327, 335, 349, 363, 405, 415, 437, 453, 468, 471, 483, 500, 550]","[434, 462, 195, 436, 101, 346, 337, 77, 329, 29, 59, 461, 408, 490, 546, 550, 433, 574, 221, 531, 489, 523, 190, 30, 255, 12, 519, 19, 5, 485]",6.733333333333333,0.001890935037314664,0.005993823814364486,0.2719298245614035,0.05263157894736842,0.0035087719298245615,0.0,1.877659574468085,4.0,0.010526315789473684,0.4052631578947368,11.089473684210526,0.24992660847945414,0.5319766904079178,0.0064904910539073145,3.657471264367816,0.7568273036287808,0.07368421052631578,0.5017543859649123,0.5266666666666666,0.9811920418869704,30,False,1818.0,False
161,train,random,paper,paper,3165569293,2026,600,30,0.7,"[10, 16, 21, 24, 33, 43, 136, 171, 202, 210, 211, 227, 262, 280, 315, 327, 330, 363, 377, 389, 401, 420, 425, 440, 446, 464, 536, 551, 569, 592]","[230, 128, 127, 590, 73, 448, 195, 268, 405, 64, 300, 94, 541, 580, 246, 574, 228, 489, 90, 578, 427, 125, 331, 247, 208, 533, 303, 75, 167, 241]",7.066666666666666,0.0019929031043878095,0.00681332720370691,0.2929824561403509,0.0456140350877193,0.008771929824561403,0.0,1.8847517730496455,4.0,0.010526315789473684,0.3894736842105263,10.910526315789474,0.26000112231209627,0.5026300373076804,0.005080350159331378,3.5954022988505745,0.7279727441088191,0.07017543859649122,0.1649122807017544,0.20666666666666667,0.9895892499480397,30,False,1508.0,False
162,train,random,paper,paper,3165569293,2026,600,30,0.7,"[1, 50, 68, 87, 94, 152, 168, 173, 197, 218, 230, 242, 245, 248, 253, 271, 291, 336, 357, 364, 392, 448, 491, 506, 525, 545, 550, 587, 588, 597]","[575, 78, 49, 245, 81, 521, 436, 363, 92, 338, 29, 142, 59, 348, 430, 144, 277, 219, 504, 222, 419, 467, 136, 183, 400, 376, 485, 352, 283, 559]",7.0,0.0019833142554342804,0.006792209280294153,0.2912280701754386,0.043859649122807015,0.0017543859649122807,0.0,1.8617021276595744,4.0,0.010526315789473684,0.4421052631578947,11.408771929824562,0.2531171408202073,0.5057626491536398,0.004955439750662412,3.613793103448276,0.6912807135631434,0.08947368421052632,0.9438596491228071,0.9466666666666667,0.6876847089733928,21,True,2376.0,True
163,train,random,paper,paper,3165569293,2026,600,30,0.7,"[20, 25, 46, 74, 95, 112, 127, 172, 178, 229, 243, 249, 254, 268, 313, 321, 356, 408, 417, 431, 435, 453, 478, 490, 492, 536, 569, 576, 596, 598]","[507, 118, 192, 107, 79, 548, 462, 244, 492, 527, 416, 350, 319, 242, 102, 458, 98, 514, 296, 328, 249, 255, 202, 381, 326, 303, 167, 253, 260, 435]",4.933333333333334,0.0014849104876450312,0.0036171737376510336,0.22982456140350876,0.02280701754385965,0.0,0.0,1.9858407079646017,4.0,0.008771929824561403,0.26666666666666666,8.740350877192983,0.21049569051642572,0.594413097770789,0.0027444809341361067,3.997536945812808,0.7680977663967313,0.07719298245614035,0.4017543859649123,0.43166666666666664,0.9895225411746651,30,False,1716.0,False
164,train,random,paper,paper,3165569293,2026,600,30,0.7,"[15, 42, 50, 81, 98, 101, 106, 115, 128, 137, 180, 200, 204, 233, 256, 286, 314, 325, 345, 365, 422, 445, 456, 508, 509, 520, 527, 541, 549, 551]","[50, 17, 78, 593, 513, 409, 439, 132, 210, 476, 105, 404, 289, 443, 573, 484, 491, 382, 466, 588, 119, 378, 473, 581, 547, 308, 424, 61, 561, 75]",5.566666666666666,0.0016204936865901172,0.003681214402406379,0.24912280701754386,0.03333333333333333,0.0035087719298245615,0.0,1.9451327433628318,4.0,0.008771929824561403,0.3649122807017544,10.556140350877193,0.22991488432995397,0.5650664446705516,0.00476736320549708,3.6625615763546797,0.7361227708543139,0.09824561403508772,0.9596491228070175,0.9616666666666667,0.7779250841122121,24,True,2378.0,True
165,train,random,paper,paper,3165569293,2026,600,30,0.7,"[0, 18, 124, 153, 161, 162, 181, 189, 207, 213, 230, 266, 270, 291, 313, 316, 351, 356, 395, 433, 434, 469, 494, 536, 557, 566, 569, 571, 590, 591]","[509, 508, 454, 362, 545, 278, 353, 46, 441, 270, 29, 67, 150, 277, 102, 42, 209, 98, 340, 115, 431, 214, 170, 303, 368, 191, 167, 91, 20, 347]",5.3,0.001553559061774544,0.004438486088349153,0.22807017543859648,0.03859649122807018,0.0017543859649122807,0.0,1.9646017699115044,4.0,0.008771929824561403,0.3087719298245614,9.992982456140352,0.21739516328593914,0.5966762248327321,0.0052837146701244075,3.726600985221675,0.8160602597103576,0.07543859649122807,0.6578947368421053,0.675,1.0370758331846446,30,False,1938.0,False
166,train,random,paper,paper,3165569293,2026,600,30,0.7,"[34, 39, 62, 80, 87, 94, 105, 111, 133, 138, 170, 172, 195, 204, 207, 208, 238, 250, 254, 286, 325, 353, 372, 413, 417, 426, 459, 461, 507, 510]","[422, 444, 262, 403, 245, 81, 372, 481, 397, 395, 553, 244, 528, 289, 441, 254, 266, 238, 319, 484, 382, 549, 293, 1, 296, 425, 597, 290, 421, 51]",6.1,0.0017403783580809623,0.004980446080341142,0.256140350877193,0.043859649122807015,0.007017543859649123,0.0,1.900709219858156,4.0,0.010526315789473684,0.34385964912280703,11.064912280701755,0.2394117104139046,0.5545462954398298,0.007657167226132743,3.636781609195402,0.7289555999665109,0.08771929824561403,0.9438596491228071,0.9466666666666667,0.8203824169468135,25,True,2376.0,True
167,train,random,paper,paper,3165569293,2026,600,30,0.7,"[3, 19, 73, 102, 128, 181, 188, 214, 232, 252, 281, 285, 291, 323, 337, 374, 380, 394, 403, 443, 450, 455, 479, 489, 492, 506, 552, 557, 572, 587]","[182, 552, 302, 121, 210, 353, 265, 310, 288, 15, 408, 314, 277, 433, 494, 111, 334, 169, 22, 3, 2, 112, 518, 31, 326, 183, 320, 368, 211, 352]",6.833333333333333,0.0019413649945991137,0.006056414489943458,0.28421052631578947,0.04912280701754386,0.012280701754385965,0.0,1.8617021276595744,4.0,0.010526315789473684,0.43508771929824563,11.526315789473685,0.25703116199884746,0.5145438288163291,0.006407164441582529,3.6252873563218393,0.7521102686255225,0.08771929824561403,0.9543859649122807,0.9566666666666667,0.9528330829925835,30,False,2378.0,True
168,train,random,paper,paper,3165569293,2026,600,30,0.7,"[7, 15, 61, 73, 84, 112, 115, 116, 129, 172, 216, 237, 242, 249, 257, 259, 287, 305, 340, 341, 342, 353, 389, 413, 463, 482, 486, 514, 535, 545]","[225, 50, 410, 302, 471, 548, 132, 598, 287, 244, 342, 437, 142, 350, 461, 155, 165, 89, 450, 341, 218, 549, 578, 1, 377, 375, 542, 215, 178, 376]",6.6,0.001883716973651763,0.007741538283932211,0.2719298245614035,0.042105263157894736,0.007017543859649123,0.0,1.8814159292035397,4.0,0.008771929824561403,0.4280701754385965,10.766666666666667,0.24014629887830374,0.5330620047482503,0.0051622070847034286,3.5566502463054186,0.739707016098945,0.09473684210526316,0.9508771929824561,0.9533333333333334,0.8056401668582112,25,True,2374.0,True
169,train,random,paper,paper,3165569293,2026,600,30,0.7,"[10, 36, 89, 113, 114, 136, 138, 143, 177, 237, 245, 250, 300, 304, 318, 326, 338, 340, 341, 354, 371, 403, 405, 406, 431, 468, 504, 515, 548, 581]","[230, 589, 180, 511, 199, 195, 395, 172, 235, 437, 59, 238, 151, 240, 83, 412, 108, 450, 341, 551, 406, 22, 523, 276, 328, 12, 356, 299, 224, 185]",6.366666666666666,0.0018254281283874767,0.006450409542373883,0.2789473684210526,0.03684210526315789,0.005263157894736842,0.0,1.8687943262411348,4.0,0.010526315789473684,0.3649122807017544,10.656140350877193,0.24700220846339702,0.5225480220762804,0.004325084627071057,3.8137931034482757,0.7749304470163083,0.06666666666666667,0.47719298245614034,0.5033333333333333,0.9790627500042319,30,False,1756.0,False
170,train,random,paper,paper,3165569293,2026,600,30,0.7,"[0, 4, 19, 23, 29, 33, 54, 56, 93, 99, 133, 155, 173, 183, 194, 206, 234, 240, 297, 306, 342, 343, 348, 374, 375, 391, 475, 523, 547, 579]","[509, 594, 552, 122, 82, 73, 317, 426, 394, 76, 397, 43, 363, 525, 284, 415, 28, 54, 159, 301, 218, 248, 325, 111, 583, 163, 543, 153, 109, 440]",5.666666666666667,0.0016659295317629854,0.005218396935105137,0.23859649122807017,0.03859649122807018,0.0035087719298245615,0.0,1.9432624113475176,4.0,0.010526315789473684,0.30526315789473685,9.542105263157895,0.22333923542931006,0.5807788363703635,0.005084443716609832,3.8804597701149426,0.8069054425587261,0.06140350877192982,0.22631578947368422,0.265,1.0093703328166157,30,False,1514.0,False
171,train,random,paper,paper,3165569293,2026,600,30,0.7,"[27, 32, 53, 124, 171, 220, 221, 225, 279, 313, 316, 317, 318, 322, 324, 343, 362, 398, 407, 454, 458, 479, 483, 501, 509, 515, 563, 568, 570, 596]","[579, 457, 345, 454, 268, 337, 181, 131, 160, 102, 42, 18, 83, 162, 62, 248, 85, 411, 114, 198, 179, 518, 19, 510, 547, 299, 477, 154, 366, 260]",5.2,0.00154014461713714,0.0033184901852290256,0.22631578947368422,0.031578947368421054,0.005263157894736842,0.0,1.9805309734513274,4.0,0.008771929824561403,0.30350877192982456,9.756140350877192,0.2135427694657712,0.5994943421823451,0.0051058456230870025,3.768472906403941,0.7552307046479784,0.05789473684210526,0.3719298245614035,0.4033333333333333,1.0026654589455575,30,False,1674.0,False
172,train,random,paper,paper,3165569293,2026,600,30,0.7,"[26, 44, 91, 109, 124, 135, 140, 141, 160, 173, 185, 194, 207, 211, 282, 296, 309, 345, 385, 396, 415, 458, 462, 463, 467, 492, 505, 516, 535, 596]","[117, 586, 37, 257, 454, 21, 71, 9, 57, 363, 311, 284, 441, 300, 357, 445, 456, 466, 364, 478, 190, 179, 335, 377, 204, 326, 236, 534, 178, 260]",5.233333333333333,0.0015561835572841882,0.0030447213490426774,0.22807017543859648,0.02631578947368421,0.0,0.0,1.9858407079646017,4.0,0.008771929824561403,0.26842105263157895,9.014035087719298,0.21093658913888788,0.5969783862115746,0.0035584412207130263,3.8842364532019706,0.7164230284859838,0.0824561403508772,0.7964912280701755,0.8066666666666666,0.9858009170275182,30,False,2130.0,False
173,train,random,paper,paper,3165569293,2026,600,30,0.7,"[25, 34, 36, 136, 151, 182, 210, 218, 232, 235, 279, 281, 283, 296, 372, 388, 391, 395, 427, 438, 464, 496, 497, 498, 514, 522, 526, 541, 566, 585]","[118, 422, 589, 195, 63, 538, 64, 338, 288, 55, 160, 408, 517, 445, 293, 7, 163, 340, 234, 40, 533, 360, 186, 591, 215, 367, 264, 61, 191, 231]",5.3,0.001575129610402046,0.0035115334537738994,0.24736842105263157,0.02280701754385965,0.0017543859649122807,0.0,1.9450354609929077,4.0,0.010526315789473684,0.3333333333333333,10.194736842105263,0.22616717114472124,0.567748897727623,0.0032282277109863316,3.857471264367816,0.8039914974520058,0.07368421052631578,0.6368421052631579,0.655,0.9995904578827322,30,False,1930.0,False
174,train,random,paper,paper,3165569293,2026,600,30,0.7,"[40, 41, 63, 66, 67, 87, 90, 105, 110, 115, 168, 171, 177, 178, 238, 269, 283, 329, 330, 351, 370, 387, 404, 407, 414, 474, 489, 563, 565, 590]","[459, 56, 399, 379, 0, 245, 318, 372, 113, 132, 436, 268, 235, 492, 266, 390, 517, 554, 228, 209, 401, 361, 250, 114, 333, 45, 31, 477, 36, 20]",5.933333333333334,0.0017192092702884942,0.0036058929529359223,0.25087719298245614,0.04736842105263158,0.0035087719298245615,0.0,1.9308510638297873,4.0,0.010526315789473684,0.3508771929824561,11.347368421052632,0.2370485285886813,0.5622298276446829,0.006098324708872376,3.5448275862068965,0.6977789039144946,0.0912280701754386,0.9403508771929825,0.9433333333333334,0.9835332920774817,30,True,2378.0,True
175,train,random,paper,paper,3165569293,2026,600,30,0.7,"[4, 5, 15, 22, 37, 62, 84, 126, 140, 150, 155, 169, 171, 175, 216, 238, 243, 295, 308, 322, 346, 372, 406, 436, 477, 493, 502, 519, 536, 553]","[594, 414, 50, 480, 217, 262, 471, 124, 71, 216, 43, 327, 268, 271, 342, 266, 416, 506, 256, 162, 261, 293, 276, 383, 423, 123, 116, 80, 303, 141]",5.5,0.0016006959697268813,0.0035197732857365376,0.24561403508771928,0.02280701754385965,0.0035087719298245615,0.0,1.9202127659574468,4.0,0.010526315789473684,0.3105263157894737,10.394736842105264,0.22443897935331864,0.5703943514321833,0.0035010050425871926,3.731034482758621,0.7552307046479784,0.07543859649122807,0.9526315789473684,0.955,0.9999971250072122,30,False,2376.0,True
176,train,random,paper,paper,3165569293,2026,600,30,0.7,"[6, 41, 48, 94, 99, 103, 129, 131, 143, 150, 176, 179, 200, 224, 252, 270, 273, 277, 282, 303, 321, 328, 336, 350, 364, 372, 385, 427, 484, 488]","[472, 56, 11, 81, 76, 295, 287, 474, 172, 216, 194, 500, 404, 329, 15, 150, 438, 38, 357, 281, 458, 189, 219, 413, 222, 293, 364, 234, 469, 134]",4.833333333333333,0.0014353958527269168,0.002811886974753004,0.20701754385964913,0.02631578947368421,0.0035087719298245615,0.0,2.026595744680851,4.0,0.010526315789473684,0.30526315789473685,9.136842105263158,0.19771251617650598,0.6295378164215459,0.004708107983970053,3.9264367816091954,0.745741397228121,0.0824561403508772,0.9508771929824561,0.9533333333333334,0.9844225419219583,30,False,2378.0,True
177,train,random,paper,paper,3165569293,2026,600,30,0.7,"[11, 12, 14, 16, 20, 24, 37, 49, 60, 63, 84, 88, 131, 246, 265, 289, 301, 325, 348, 378, 385, 427, 440, 452, 466, 492, 517, 539, 580, 589]","[495, 148, 145, 128, 507, 590, 217, 72, 306, 399, 471, 8, 474, 392, 69, 66, 369, 382, 325, 188, 364, 234, 247, 313, 339, 326, 52, 453, 60, 470]",5.7,0.0016824638804309009,0.003967627930374019,0.2614035087719298,0.03508771929824561,0.0,0.0,1.9060283687943262,4.0,0.010526315789473684,0.2789473684210526,9.440350877192982,0.24028679826087718,0.5468874294699843,0.004054047048602402,3.933333333333333,0.7803730195708187,0.08947368421052632,0.9421052631578948,0.945,0.9796298749279231,30,False,2376.0,True
178,train,random,paper,paper,3165569293,2026,600,30,0.7,"[3, 11, 14, 49, 90, 108, 148, 150, 155, 184, 218, 235, 240, 244, 272, 309, 356, 377, 379, 385, 396, 421, 443, 453, 459, 485, 495, 537, 587, 592]","[182, 495, 145, 72, 318, 449, 14, 216, 43, 576, 338, 55, 54, 97, 539, 456, 98, 90, 483, 364, 478, 201, 3, 255, 597, 135, 206, 599, 352, 241]",5.9,0.0017146525963066086,0.005432514225844895,0.24035087719298245,0.043859649122807015,0.005263157894736842,0.0,1.948581560283688,4.0,0.010526315789473684,0.40350877192982454,10.501754385964912,0.22317294424516143,0.5788980359510375,0.006830517359299622,3.7586206896551726,0.729753899456912,0.07719298245614035,0.9508771929824561,0.9533333333333334,0.8405528750736266,26,True,2378.0,True
179,train,random,paper,paper,3165569293,2026,600,30,0.7,"[0, 20, 26, 34, 45, 54, 151, 168, 173, 197, 235, 306, 311, 318, 345, 357, 404, 419, 422, 427, 429, 480, 483, 491, 514, 530, 553, 556, 575, 593]","[509, 507, 117, 422, 512, 317, 63, 436, 363, 92, 55, 301, 385, 83, 466, 504, 250, 212, 119, 234, 23, 243, 19, 136, 215, 324, 141, 207, 267, 505]",5.0,0.0014895613750007587,0.0030457354257209276,0.22982456140350876,0.031578947368421054,0.0017543859649122807,0.0,1.9787234042553192,4.0,0.010526315789473684,0.2736842105263158,9.26842105263158,0.21528724998564253,0.5941479357444578,0.004766491490629421,3.9126436781609195,0.78408526416794,0.06666666666666667,0.9473684210526315,0.95,0.962002582848072,30,False,2378.0,True
180,train,random,paper,paper,3165569293,2026,600,30,0.7,"[0, 20, 60, 65, 83, 223, 261, 273, 293, 295, 325, 343, 347, 351, 367, 374, 384, 413, 443, 474, 492, 497, 500, 510, 522, 525, 542, 551, 559, 590]","[509, 507, 306, 568, 558, 77, 279, 438, 535, 506, 382, 248, 307, 209, 200, 111, 564, 1, 3, 45, 326, 186, 5, 51, 367, 400, 223, 75, 330, 20]",6.466666666666667,0.0018259887128712965,0.005805957232965993,0.27017543859649124,0.043859649122807015,0.005263157894736842,0.0,1.8847517730496455,4.0,0.010526315789473684,0.4070175438596491,11.317543859649122,0.24811112626978346,0.5342274843523571,0.00533799992370707,3.5540229885057473,0.7232557091055609,0.0824561403508772,0.9578947368421052,0.96,0.9642978340853006,30,True,2378.0,True
181,train,random,paper,paper,3165569293,2026,600,30,0.7,"[1, 4, 9, 18, 40, 67, 79, 106, 172, 175, 197, 236, 247, 282, 319, 341, 343, 390, 399, 405, 444, 450, 457, 497, 505, 518, 541, 562, 583, 590]","[575, 594, 391, 508, 459, 0, 374, 439, 244, 271, 92, 475, 286, 357, 550, 341, 248, 232, 263, 523, 349, 2, 227, 186, 236, 158, 61, 407, 530, 20]",5.3,0.0015634018130403211,0.003770987239662454,0.23684210526315788,0.02982456140350877,0.0017543859649122807,0.0,1.9734513274336283,4.0,0.008771929824561403,0.2964912280701754,9.528070175438597,0.2181615091714115,0.5837757839237814,0.003959654649309822,3.8448275862068964,0.8260133763523905,0.08070175438596491,0.9543859649122807,0.9566666666666667,0.9593779579736292,30,False,2374.0,True
182,train,random,paper,paper,3165569293,2026,600,30,0.7,"[0, 11, 22, 48, 55, 77, 124, 135, 149, 159, 165, 228, 273, 292, 325, 344, 372, 391, 399, 435, 436, 437, 453, 466, 473, 505, 514, 580, 582, 592]","[509, 495, 480, 11, 515, 398, 454, 21, 465, 365, 213, 173, 438, 304, 382, 563, 293, 163, 263, 249, 383, 30, 255, 339, 570, 236, 215, 60, 540, 241]",5.266666666666667,0.0015569601180508074,0.004757846686817477,0.21929824561403508,0.02456140350877193,0.0017543859649122807,0.0,1.9663120567375887,3.0,0.010526315789473684,0.2736842105263158,9.608771929824561,0.20333169003983856,0.6106619800820152,0.004092967358687439,3.864367816091954,0.7431619423896266,0.054385964912280704,0.18771929824561404,0.22833333333333333,0.8470004589762539,25,True,1512.0,False
183,train,random,paper,paper,3165569293,2026,600,30,0.7,"[43, 45, 46, 53, 141, 151, 177, 195, 234, 263, 283, 324, 327, 329, 332, 335, 337, 354, 377, 393, 396, 402, 413, 457, 504, 528, 552, 553, 560, 573]","[448, 512, 192, 345, 9, 63, 235, 528, 28, 567, 517, 62, 574, 554, 274, 221, 494, 551, 90, 239, 478, 41, 1, 227, 356, 468, 320, 141, 557, 596]",5.466666666666667,0.001597552522804769,0.004539309108043763,0.22807017543859648,0.03508771929824561,0.008771929824561403,0.0,1.9609929078014185,4.0,0.010526315789473684,0.3333333333333333,11.208771929824561,0.21630049477959673,0.5967625566552586,0.007022699522699524,3.6229885057471263,0.7927210346840552,0.08421052631578947,0.9543859649122807,0.9566666666666667,0.9100730000063777,28,True,2374.0,True
184,train,random,paper,paper,3165569293,2026,600,30,0.7,"[7, 53, 71, 118, 121, 146, 159, 185, 186, 198, 199, 239, 241, 256, 278, 288, 300, 310, 313, 316, 344, 355, 410, 424, 443, 454, 460, 479, 500, 505]","[225, 345, 526, 4, 434, 370, 365, 311, 388, 187, 460, 126, 566, 573, 487, 233, 151, 86, 102, 42, 563, 177, 25, 164, 3, 198, 499, 518, 5, 236]",4.766666666666667,0.0014514523868246953,0.003274235899360826,0.20526315789473684,0.031578947368421054,0.0035087719298245615,0.0,2.033628318584071,3.0,0.008771929824561403,0.26666666666666666,9.06140350877193,0.1955593375658996,0.6323744334474146,0.005331335331335331,3.916256157635468,0.7677632761285056,0.08771929824561403,0.9526315789473684,0.955,0.9847065838985145,30,False,2376.0,True
185,train,random,paper,paper,3165569293,2026,600,30,0.7,"[18, 28, 48, 77, 116, 137, 138, 186, 213, 216, 232, 236, 276, 281, 292, 294, 321, 343, 345, 348, 404, 412, 416, 462, 514, 519, 527, 549, 558, 587]","[508, 322, 11, 398, 598, 476, 395, 388, 270, 342, 288, 475, 103, 408, 304, 354, 458, 248, 466, 325, 250, 184, 355, 335, 215, 80, 424, 561, 503, 352]",6.333333333333333,0.0018173464735930544,0.0057839054802126194,0.26666666666666666,0.056140350877192984,0.007017543859649123,0.0,1.8829787234042554,4.0,0.010526315789473684,0.3684210526315789,10.873684210526315,0.2473970565701964,0.5395307248789812,0.007517586478368347,3.6620689655172414,0.7460758874963467,0.08070175438596491,0.8333333333333334,0.8416666666666667,0.9867834579199553,30,False,2200.0,False
186,train,random,paper,paper,3165569293,2026,600,30,0.7,"[20, 29, 32, 40, 67, 92, 119, 125, 132, 156, 165, 179, 208, 219, 308, 314, 316, 323, 350, 380, 465, 475, 482, 500, 516, 529, 538, 562, 574, 580]","[507, 82, 457, 459, 0, 26, 100, 280, 544, 143, 213, 500, 254, 298, 256, 491, 42, 433, 413, 334, 582, 543, 375, 5, 534, 65, 95, 407, 193, 60]",6.266666666666667,0.0018245136622217736,0.0052587972364857806,0.2736842105263158,0.031578947368421054,0.005263157894736842,0.0,1.8745583038869258,4.0,0.007017543859649123,0.3719298245614035,10.429824561403509,0.2461970571533525,0.5291955724108162,0.0045788082301907425,3.626984126984127,0.8449148192303194,0.08596491228070176,0.9491228070175438,0.9516666666666667,0.8718564158771187,26,True,2378.0,True
187,train,random,paper,paper,3165569293,2026,600,30,0.7,"[12, 46, 48, 65, 140, 159, 168, 187, 194, 211, 222, 247, 279, 296, 302, 310, 320, 328, 374, 380, 382, 384, 397, 423, 492, 536, 552, 560, 588, 590]","[148, 192, 11, 568, 71, 365, 436, 146, 284, 300, 488, 286, 160, 445, 129, 86, 70, 189, 111, 334, 291, 564, 418, 269, 326, 303, 320, 557, 283, 20]",6.9,0.001953818786973772,0.006178150181267119,0.28421052631578947,0.0456140350877193,0.010526315789473684,0.0,1.8652482269503545,4.0,0.010526315789473684,0.4105263157894737,11.228070175438596,0.25251602956769714,0.5147473252551413,0.007088789649941679,3.6735632183908047,0.7568273036287808,0.09649122807017543,0.9473684210526315,0.95,0.8596159589942545,27,True,2378.0,True
188,train,random,paper,paper,3165569293,2026,600,30,0.7,"[6, 30, 33, 46, 87, 94, 110, 111, 115, 119, 133, 140, 147, 154, 160, 180, 238, 247, 250, 336, 375, 382, 389, 419, 424, 429, 479, 515, 531, 558]","[472, 402, 73, 192, 245, 81, 113, 481, 132, 100, 397, 71, 171, 420, 57, 105, 266, 286, 238, 219, 583, 291, 578, 212, 164, 23, 518, 299, 252, 503]",6.966666666666667,0.0019647000072414767,0.0063620580129385386,0.3017543859649123,0.042105263157894736,0.0035087719298245615,0.0,1.8421985815602837,4.0,0.010526315789473684,0.41403508771929826,10.933333333333334,0.2676454909613401,0.49024142077513644,0.003913937401605238,3.7287356321839082,0.7720165019095884,0.06315789473684211,0.2771929824561403,0.31333333333333335,0.989422540878877,30,False,1598.0,False
189,train,random,paper,paper,3165569293,2026,600,30,0.7,"[13, 17, 18, 21, 90, 98, 99, 109, 122, 152, 153, 166, 190, 213, 222, 226, 242, 244, 260, 267, 281, 327, 331, 339, 352, 404, 414, 504, 527, 566]","[74, 166, 508, 127, 318, 513, 76, 257, 520, 521, 362, 133, 562, 270, 488, 359, 142, 97, 93, 389, 408, 574, 442, 47, 497, 250, 333, 356, 424, 191]",6.1,0.0017706824153307715,0.004382987004645386,0.2596491228070175,0.0456140350877193,0.005263157894736842,0.0,1.9166666666666667,4.0,0.010526315789473684,0.37719298245614036,10.73157894736842,0.24414275563322782,0.5492183886781982,0.006002419838760183,3.664367816091954,0.7496601327409779,0.09824561403508772,0.9508771929824561,0.9533333333333334,0.8110929159447551,25,True,2378.0,True
190,train,random,paper,paper,3165569293,2026,600,30,0.7,"[34, 39, 89, 96, 101, 119, 120, 172, 180, 193, 219, 222, 235, 254, 259, 316, 353, 374, 391, 476, 477, 515, 525, 530, 541, 547, 555, 558, 559, 581]","[422, 444, 180, 226, 409, 100, 27, 244, 105, 386, 298, 488, 55, 319, 155, 42, 549, 111, 163, 560, 423, 299, 400, 324, 61, 109, 312, 503, 330, 185]",6.233333333333333,0.001791554283854584,0.005693928656907896,0.2771929824561403,0.03684210526315789,0.0,0.0,1.8563829787234043,4.0,0.010526315789473684,0.3719298245614035,10.510526315789473,0.252408723052256,0.5239724971479666,0.003909541689780826,3.793103448275862,0.777252583548363,0.07368421052631578,0.9473684210526315,0.95,0.9201842080801725,29,True,2378.0,True
191,train,random,paper,paper,3165569293,2026,600,30,0.7,"[45, 47, 74, 76, 125, 133, 135, 141, 150, 157, 163, 212, 228, 240, 243, 283, 291, 295, 322, 340, 360, 375, 470, 499, 519, 520, 548, 569, 573, 579]","[512, 285, 107, 259, 280, 397, 21, 9, 216, 584, 309, 496, 173, 54, 416, 517, 277, 506, 162, 450, 139, 583, 138, 432, 80, 308, 224, 167, 596, 440]",5.2,0.0015328944340469329,0.0034178266847294902,0.24035087719298245,0.02456140350877193,0.0017543859649122807,0.0,1.9414893617021276,4.0,0.010526315789473684,0.3192982456140351,10.322807017543859,0.21958857794818046,0.5783800450158789,0.0042465133844444185,3.832183908045977,0.7141008919539292,0.08070175438596491,0.9526315789473684,0.955,0.9785300421062857,30,False,2378.0,True
192,train,random,paper,paper,3165569293,2026,600,30,0.7,"[27, 28, 46, 56, 94, 95, 109, 120, 143, 151, 154, 168, 225, 255, 259, 261, 287, 324, 368, 369, 402, 422, 428, 463, 497, 498, 511, 524, 545, 574]","[579, 322, 192, 426, 81, 79, 257, 27, 172, 63, 420, 436, 131, 344, 155, 279, 165, 62, 396, 569, 41, 119, 275, 377, 186, 591, 417, 393, 376, 193]",5.266666666666667,0.0015656615485087838,0.0038903662361567514,0.23859649122807017,0.02982456140350877,0.0017543859649122807,0.0,1.9397163120567376,4.0,0.010526315789473684,0.2912280701754386,10.012280701754387,0.22190455376105359,0.5808343353991305,0.004212470160746023,3.8505747126436782,0.732874335479368,0.0824561403508772,0.9385964912280702,0.9416666666666667,0.9680533751379699,30,False,2378.0,True
193,train,random,paper,paper,3165569293,2026,600,30,0.7,"[17, 47, 83, 88, 128, 188, 210, 214, 222, 268, 282, 297, 298, 302, 303, 315, 368, 376, 412, 422, 462, 468, 494, 506, 515, 516, 543, 555, 590, 592]","[166, 285, 558, 8, 210, 265, 64, 310, 488, 242, 357, 159, 546, 129, 281, 246, 396, 87, 184, 119, 335, 12, 170, 183, 299, 534, 110, 312, 20, 241]",5.0,0.0014829987080752726,0.0032000242272073923,0.21754385964912282,0.015789473684210527,0.0017543859649122807,0.0,1.9893617021276595,4.0,0.010526315789473684,0.2754385964912281,9.543859649122806,0.20113039039451228,0.6132889341103197,0.0022608253439896442,3.942528735632184,0.8228929403299348,0.056140350877192984,0.20526315789473684,0.245,0.9813069999217987,30,False,1512.0,False
194,train,random,paper,paper,3165569293,2026,600,30,0.7,"[4, 5, 17, 50, 64, 82, 87, 101, 119, 136, 152, 174, 175, 180, 201, 202, 203, 215, 262, 278, 283, 291, 319, 336, 412, 429, 498, 518, 536, 557]","[594, 414, 166, 78, 384, 196, 245, 409, 100, 195, 521, 316, 271, 105, 175, 405, 101, 452, 541, 487, 517, 277, 550, 219, 184, 23, 591, 158, 303, 368]",6.266666666666667,0.0018025972941880992,0.0050514123892226315,0.2771929824561403,0.03684210526315789,0.0017543859649122807,0.0,1.8705673758865249,3.0,0.010526315789473684,0.3824561403508772,10.917543859649124,0.25080907668675545,0.5242561588505534,0.003687175161214457,3.7149425287356324,0.7552307046479784,0.08070175438596491,0.45789473684210524,0.485,0.9734373751562089,30,False,1746.0,False
195,train,random,paper,paper,3165569293,2026,600,30,0.7,"[6, 9, 16, 24, 26, 29, 31, 33, 47, 92, 127, 128, 170, 283, 287, 309, 320, 335, 353, 365, 366, 393, 400, 406, 461, 464, 484, 507, 532, 565]","[472, 391, 128, 590, 117, 82, 482, 73, 285, 26, 462, 210, 553, 517, 165, 456, 70, 221, 549, 588, 587, 239, 197, 276, 290, 533, 469, 421, 387, 36]",6.133333333333334,0.0018077575740434852,0.004457232018731158,0.26666666666666666,0.043859649122807015,0.005263157894736842,0.0,1.8936170212765957,3.0,0.010526315789473684,0.3175438596491228,10.119298245614035,0.24782302698042497,0.5390867326488453,0.005972991211327925,3.7908045977011495,0.7827679180420224,0.0824561403508772,0.631578947368421,0.65,0.9810954579152167,30,False,1900.0,False
196,train,random,paper,paper,3165569293,2026,600,30,0.7,"[22, 39, 44, 65, 74, 88, 90, 107, 153, 173, 197, 208, 243, 253, 261, 292, 303, 310, 358, 388, 393, 419, 426, 430, 444, 500, 507, 527, 548, 582]","[480, 444, 586, 568, 107, 8, 318, 168, 362, 363, 92, 254, 416, 430, 279, 304, 281, 86, 323, 7, 239, 212, 425, 96, 349, 5, 421, 424, 224, 540]",5.866666666666666,0.0016891046491847158,0.005160390484975152,0.2719298245614035,0.02982456140350877,0.0035087719298245615,0.0,1.874113475177305,3.0,0.010526315789473684,0.356140350877193,10.238596491228071,0.24183717558570622,0.5322911849042642,0.004237634695423043,3.774712643678161,0.7749304470163084,0.08947368421052632,0.9263157894736842,0.93,0.9672910419758409,30,False,2368.0,True
197,train,random,paper,paper,3165569293,2026,600,30,0.7,"[84, 98, 105, 106, 160, 166, 183, 191, 207, 210, 216, 221, 237, 239, 275, 306, 321, 353, 383, 406, 413, 414, 464, 465, 501, 532, 543, 564, 566, 572]","[471, 513, 372, 439, 57, 133, 525, 140, 441, 64, 342, 181, 437, 126, 371, 301, 458, 549, 157, 276, 1, 333, 533, 582, 510, 387, 110, 58, 191, 211]",5.333333333333333,0.0015779854779251758,0.0031440589304265938,0.22807017543859648,0.03333333333333333,0.0017543859649122807,0.0,1.9929203539823008,4.0,0.008771929824561403,0.3263157894736842,10.185964912280701,0.214133091524584,0.5968550550365369,0.004026475404718172,3.731527093596059,0.7979571163228301,0.07719298245614035,0.9526315789473684,0.955,0.9787569588515908,30,False,2368.0,True
198,train,random,paper,paper,3165569293,2026,600,30,0.7,"[58, 80, 87, 100, 105, 139, 191, 208, 230, 235, 256, 316, 320, 329, 334, 335, 336, 343, 360, 361, 402, 426, 455, 481, 498, 519, 529, 534, 555, 577]","[358, 403, 245, 529, 372, 152, 140, 254, 29, 55, 573, 42, 70, 554, 205, 221, 219, 248, 139, 536, 41, 425, 112, 292, 591, 80, 65, 493, 312, 321]",5.333333333333333,0.0015566989564132854,0.003092540694901016,0.22982456140350876,0.03684210526315789,0.0017543859649122807,0.0,1.9804964539007093,4.0,0.010526315789473684,0.26842105263157895,9.83157894736842,0.21723880954808986,0.5941047698331946,0.006371151198737405,3.793103448275862,0.7940383808099729,0.0824561403508772,0.8298245614035088,0.8383333333333334,0.990746415918693,30,False,2220.0,False
199,train,random,paper,paper,3165569293,2026,600,30,0.7,"[15, 23, 29, 36, 39, 60, 76, 105, 126, 149, 192, 201, 221, 232, 244, 258, 280, 292, 303, 338, 366, 378, 383, 400, 401, 404, 470, 491, 498, 581]","[50, 122, 82, 589, 444, 306, 259, 372, 124, 465, 34, 175, 181, 288, 97, 272, 580, 304, 281, 108, 587, 188, 157, 197, 427, 250, 138, 136, 591, 185]",4.533333333333333,0.0013639669300011027,0.0029126311714285174,0.21754385964912282,0.01929824561403509,0.0017543859649122807,0.0,2.0319148936170213,4.0,0.010526315789473684,0.2894736842105263,9.491228070175438,0.2009011575663321,0.6133012672278235,0.0036026936026936026,3.8758620689655174,0.6909462232949175,0.07017543859649122,0.34035087719298246,0.37333333333333335,0.9889820830430835,30,False,1666.0,False
200,train,random,paper,paper,3165569293,2026,600,30,0.7,"[8, 22, 35, 66, 92, 119, 141, 232, 276, 279, 308, 315, 316, 354, 365, 398, 399, 414, 423, 488, 504, 510, 524, 544, 555, 560, 566, 578, 580, 581]","[147, 480, 479, 379, 26, 100, 9, 288, 103, 160, 256, 246, 42, 551, 588, 411, 263, 333, 269, 134, 356, 51, 393, 282, 312, 557, 191, 106, 60, 185]",6.233333333333333,0.001807584987377428,0.005143403779220773,0.26842105263157895,0.03684210526315789,0.005263157894736842,0.0,1.877659574468085,4.0,0.010526315789473684,0.4,11.826315789473684,0.24531405108823445,0.5366756081768569,0.006810199742568698,3.574712643678161,0.7599477396512365,0.08947368421052632,0.9403508771929825,0.9433333333333334,0.7821640409529209,24,True,2376.0,True
201,train,random,paper,paper,3165569293,2026,600,30,0.7,"[1, 6, 30, 33, 76, 119, 135, 146, 151, 158, 172, 179, 219, 236, 256, 257, 280, 306, 315, 316, 351, 373, 376, 381, 412, 436, 486, 574, 579, 588]","[575, 472, 402, 73, 259, 100, 21, 370, 63, 33, 244, 500, 298, 475, 573, 461, 580, 301, 246, 42, 209, 332, 87, 556, 184, 383, 542, 193, 440, 283]",5.766666666666667,0.0016765803285811063,0.00425356503522458,0.2614035087719298,0.02631578947368421,0.0017543859649122807,0.0,1.9095744680851063,4.0,0.010526315789473684,0.32105263157894737,10.33859649122807,0.23647563829994972,0.5470354268800296,0.0034543709239449605,3.7632183908045977,0.6909462232949175,0.09298245614035087,0.956140350877193,0.9583333333333334,0.975481541827321,30,True,2378.0,True
202,train,random,paper,paper,3165569293,2026,600,30,0.7,"[44, 48, 55, 71, 74, 86, 101, 123, 124, 141, 146, 189, 193, 201, 213, 243, 305, 313, 318, 337, 349, 411, 439, 451, 484, 529, 552, 553, 559, 597]","[586, 11, 515, 526, 107, 35, 409, 156, 454, 9, 370, 46, 386, 175, 270, 416, 89, 102, 83, 494, 531, 10, 565, 577, 469, 65, 320, 141, 330, 559]",4.7,0.0014312222510949116,0.002808182251058655,0.20877192982456141,0.02456140350877193,0.0035087719298245615,0.0,2.033628318584071,4.0,0.008771929824561403,0.26666666666666666,9.4,0.1954566884568344,0.6269786945395123,0.004743759733617747,3.8891625615763545,0.7620633852675555,0.07017543859649122,0.9491228070175438,0.9516666666666667,0.9632615828886628,30,False,2378.0,True
203,train,random,paper,paper,3165569293,2026,600,30,0.7,"[38, 39, 88, 94, 144, 156, 184, 188, 219, 264, 273, 286, 346, 349, 377, 386, 392, 404, 411, 425, 426, 428, 439, 469, 476, 502, 557, 564, 579, 585]","[137, 444, 8, 81, 486, 143, 576, 265, 298, 174, 438, 484, 261, 531, 90, 16, 419, 250, 10, 331, 425, 275, 565, 214, 560, 116, 368, 58, 440, 231]",5.566666666666666,0.0016049203968302285,0.004107417184209458,0.24210526315789474,0.03333333333333333,0.010526315789473684,0.0,1.943362831858407,4.0,0.008771929824561403,0.36666666666666664,10.436842105263159,0.22442138948940915,0.5755804273425215,0.006080741998591897,3.6945812807881775,0.7672994669063302,0.08070175438596491,0.9333333333333333,0.9366666666666666,1.0442547081038356,30,False,2360.0,True
204,train,random,paper,paper,3165569293,2026,600,30,0.7,"[12, 23, 33, 37, 50, 93, 104, 116, 126, 179, 189, 298, 321, 324, 332, 348, 349, 350, 386, 411, 435, 436, 461, 483, 495, 500, 536, 553, 564, 585]","[148, 122, 73, 217, 78, 394, 130, 598, 124, 500, 46, 546, 458, 62, 274, 325, 531, 413, 16, 10, 249, 383, 290, 19, 206, 5, 303, 141, 58, 231]",5.733333333333333,0.0016633174870790872,0.004369813187744348,0.24385964912280703,0.042105263157894736,0.005263157894736842,0.0,1.927433628318584,4.0,0.008771929824561403,0.33157894736842103,10.16140350877193,0.2311050074896033,0.5726698116116301,0.005314997525950872,3.7413793103448274,0.7940383808099729,0.0824561403508772,0.9491228070175438,0.9516666666666667,0.9297138340771198,29,True,2378.0,True
205,train,random,paper,paper,3165569293,2026,600,30,0.7,"[9, 11, 58, 100, 120, 150, 171, 194, 203, 205, 236, 245, 250, 252, 283, 377, 396, 401, 405, 417, 422, 472, 513, 516, 535, 543, 558, 559, 560, 572]","[391, 495, 358, 529, 27, 216, 268, 284, 101, 524, 475, 59, 238, 15, 517, 90, 478, 427, 523, 296, 119, 237, 6, 534, 178, 110, 503, 330, 557, 211]",5.7,0.001642842747293846,0.004818472103925398,0.23157894736842105,0.02982456140350877,0.005263157894736842,0.0,1.9680851063829787,4.0,0.010526315789473684,0.3385964912280702,10.317543859649122,0.21039209471472836,0.5924151327351771,0.0069875228133027475,3.7655172413793103,0.7292900902347367,0.07017543859649122,0.2771929824561403,0.31333333333333335,0.9919782080687582,30,False,1598.0,False
206,train,random,paper,paper,3165569293,2026,600,30,0.7,"[31, 72, 73, 82, 103, 112, 137, 140, 238, 250, 269, 279, 293, 304, 308, 310, 364, 368, 371, 393, 409, 414, 418, 479, 512, 538, 544, 557, 561, 572]","[482, 68, 302, 196, 295, 548, 476, 71, 266, 238, 390, 160, 535, 240, 256, 86, 222, 396, 406, 239, 39, 333, 373, 518, 99, 95, 282, 368, 229, 211]",6.533333333333333,0.001870296527470003,0.005693364284617352,0.2789473684210526,0.03859649122807018,0.008771929824561403,0.0,1.8563829787234043,4.0,0.010526315789473684,0.3912280701754386,11.215789473684211,0.24947567087531336,0.5220238645823698,0.0053692514683574884,3.657471264367816,0.7049460748022975,0.07017543859649122,0.36666666666666664,0.3983333333333333,0.9959918751846999,30,False,1672.0,False
207,train,random,paper,paper,3165569293,2026,600,30,0.7,"[18, 26, 38, 53, 69, 77, 84, 124, 164, 240, 256, 287, 314, 319, 339, 361, 386, 388, 426, 434, 447, 469, 474, 487, 489, 500, 534, 562, 576, 596]","[508, 117, 137, 345, 501, 398, 471, 454, 498, 54, 573, 165, 491, 550, 47, 536, 16, 7, 425, 431, 315, 214, 45, 44, 31, 5, 493, 407, 253, 260]",6.033333333333333,0.0017392007207613187,0.005377695150247233,0.2614035087719298,0.03508771929824561,0.005263157894736842,0.0,1.879646017699115,3.0,0.008771929824561403,0.38421052631578945,10.794736842105262,0.23587596660882337,0.5471957574075788,0.005393774927757936,3.7438423645320196,0.7589429492450996,0.08421052631578947,0.9456140350877194,0.9483333333333334,0.9771205419674516,30,False,2376.0,True
208,train,random,paper,paper,3165569293,2026,600,30,0.7,"[8, 17, 47, 54, 56, 66, 70, 103, 156, 175, 196, 242, 250, 252, 277, 316, 338, 421, 428, 449, 453, 459, 492, 514, 518, 531, 542, 546, 551, 563]","[147, 166, 285, 317, 426, 379, 84, 295, 143, 271, 258, 142, 238, 15, 38, 42, 108, 201, 275, 24, 255, 597, 326, 215, 158, 252, 223, 176, 75, 477]",6.133333333333334,0.0017365305059614414,0.005109076596631922,0.25087719298245614,0.04912280701754386,0.005263157894736842,0.0,1.9095744680851063,4.0,0.010526315789473684,0.4245614035087719,11.428070175438597,0.23417220050511875,0.5626059877285481,0.007440114674867481,3.6114942528735634,0.7129681021953023,0.05964912280701754,0.4666666666666667,0.49333333333333335,0.9886217080056667,30,False,1752.0,False
209,train,random,paper,paper,3165569293,2026,600,30,0.7,"[0, 1, 2, 22, 27, 61, 96, 104, 136, 140, 156, 168, 197, 198, 222, 259, 265, 288, 296, 310, 315, 321, 371, 396, 399, 406, 476, 493, 528, 556]","[509, 575, 592, 480, 579, 410, 226, 130, 195, 71, 143, 436, 92, 187, 488, 155, 69, 233, 445, 86, 246, 458, 406, 478, 263, 276, 560, 123, 468, 207]",5.466666666666667,0.0016006207588019961,0.004260909957333783,0.23333333333333334,0.028070175438596492,0.005263157894736842,0.0,1.946808510638298,4.0,0.010526315789473684,0.3157894736842105,10.54561403508772,0.21816215539400405,0.5887398637190516,0.004662307679549059,3.668965517241379,0.7643855217996101,0.07894736842105263,0.45789473684210524,0.485,0.9863062920048833,30,False,1754.0,False
210,train,random,paper,paper,3165569293,2026,600,30,0.7,"[22, 26, 57, 110, 116, 117, 139, 162, 165, 171, 203, 216, 219, 230, 233, 249, 251, 283, 344, 349, 379, 405, 435, 484, 517, 562, 574, 582, 586, 587]","[480, 117, 502, 113, 598, 48, 152, 278, 213, 268, 101, 342, 298, 29, 443, 350, 336, 517, 563, 531, 483, 523, 249, 469, 52, 407, 193, 540, 343, 352]",7.033333333333333,0.00197336643700241,0.006790489495107563,0.28596491228070176,0.04736842105263158,0.010526315789473684,0.0,1.8599290780141844,4.0,0.010526315789473684,0.3929824561403509,11.949122807017543,0.2562711863468623,0.5123547004594087,0.008294727097616673,3.5701149425287357,0.7400415063671708,0.0912280701754386,0.9403508771929825,0.9433333333333334,0.9440697920508683,30,False,2374.0,True
211,train,random,paper,paper,3165569293,2026,600,30,0.7,"[21, 27, 37, 73, 87, 89, 132, 142, 144, 150, 154, 187, 199, 213, 218, 293, 316, 332, 383, 401, 425, 436, 452, 453, 456, 457, 483, 487, 503, 586]","[127, 579, 217, 302, 245, 180, 544, 451, 486, 216, 420, 146, 460, 270, 338, 535, 42, 274, 157, 427, 331, 383, 313, 255, 473, 227, 19, 44, 572, 343]",7.266666666666667,0.0020385244871234903,0.007012979335771691,0.2964912280701754,0.05789473684210526,0.012280701754385965,0.0,1.8528368794326242,4.0,0.010526315789473684,0.4421052631578947,11.357894736842105,0.2709844480604349,0.4969629698146949,0.006838978846455824,3.606896551724138,0.7651838212900113,0.09824561403508772,0.9438596491228071,0.9466666666666667,0.9381620001513511,29,True,2374.0,True
212,train,random,paper,paper,3165569293,2026,600,30,0.7,"[52, 55, 56, 62, 92, 101, 107, 113, 117, 138, 178, 181, 192, 194, 195, 196, 234, 273, 313, 322, 342, 363, 365, 366, 386, 387, 453, 499, 514, 530]","[220, 515, 426, 262, 26, 409, 168, 511, 48, 395, 492, 353, 34, 284, 528, 258, 28, 438, 102, 162, 218, 489, 588, 587, 16, 361, 255, 432, 215, 324]",5.833333333333333,0.001711219537213764,0.004320273536403842,0.26842105263157895,0.02456140350877193,0.0,0.0,1.8672566371681416,4.0,0.008771929824561403,0.3473684210526316,10.364912280701754,0.2406529671732522,0.5368236055869022,0.0030482075208241536,3.7881773399014778,0.7909179447875172,0.07543859649122807,0.9491228070175438,0.9516666666666667,0.776335708796978,24,True,2378.0,True
213,train,random,paper,paper,3165569293,2026,600,30,0.7,"[23, 36, 78, 107, 111, 140, 148, 159, 187, 216, 254, 278, 293, 302, 316, 322, 328, 346, 367, 379, 425, 429, 442, 462, 471, 497, 541, 547, 581, 588]","[122, 589, 595, 168, 481, 71, 14, 365, 146, 342, 319, 487, 535, 129, 42, 162, 189, 261, 200, 483, 331, 23, 32, 335, 519, 186, 61, 109, 185, 283]",6.666666666666667,0.0018813963713094845,0.00611123963050067,0.2771929824561403,0.0456140350877193,0.0035087719298245615,0.0,1.900709219858156,4.0,0.010526315789473684,0.4087719298245614,11.103508771929825,0.2525556562885125,0.5242993247618166,0.004937266319083017,3.6873563218390806,0.6501509008690942,0.0824561403508772,0.9456140350877194,0.9483333333333334,0.9756050421856344,30,False,2376.0,True
214,train,random,paper,paper,3165569293,2026,600,30,0.7,"[8, 59, 92, 101, 120, 135, 141, 146, 175, 185, 190, 193, 210, 231, 267, 294, 297, 328, 330, 332, 353, 388, 392, 394, 417, 441, 517, 537, 543, 587]","[147, 555, 26, 409, 27, 21, 9, 370, 271, 311, 562, 386, 64, 532, 389, 354, 159, 189, 228, 274, 549, 7, 419, 169, 296, 380, 52, 599, 110, 352]",6.5,0.001864842098648027,0.0052310949091397855,0.2754385964912281,0.03859649122807018,0.005263157894736842,0.0,1.849290780141844,3.0,0.010526315789473684,0.38596491228070173,11.126315789473685,0.248893177171185,0.5270311102889033,0.00538805966184426,3.6620689655172414,0.8199789952232146,0.0912280701754386,0.9403508771929825,0.9433333333333334,0.9551632090006024,30,False,2378.0,True
215,train,random,paper,paper,3165569293,2026,600,30,0.7,"[14, 18, 61, 76, 115, 116, 140, 176, 181, 184, 209, 212, 223, 261, 270, 299, 324, 326, 350, 394, 399, 451, 468, 498, 514, 522, 540, 541, 556, 591]","[145, 508, 410, 259, 132, 598, 71, 194, 353, 576, 346, 496, 77, 279, 150, 251, 62, 412, 413, 169, 263, 577, 12, 591, 215, 367, 53, 61, 207, 347]",5.633333333333334,0.001622617366056264,0.004656003833769308,0.23859649122807017,0.03859649122807018,0.0017543859649122807,0.0,1.9609929078014185,4.0,0.010526315789473684,0.356140350877193,10.394736842105264,0.2239353127340268,0.5807911694878672,0.005276833638902604,3.696551724137931,0.7457413972281209,0.07719298245614035,0.9403508771929825,0.9433333333333334,0.9740676251240075,30,False,2378.0,True
216,train,random,paper,paper,3165569293,2026,600,30,0.7,"[3, 14, 49, 58, 109, 115, 137, 176, 186, 228, 235, 261, 267, 274, 282, 303, 316, 325, 365, 374, 389, 397, 399, 413, 436, 469, 471, 479, 577, 597]","[182, 145, 72, 358, 257, 132, 476, 194, 388, 173, 55, 279, 389, 161, 357, 281, 42, 382, 588, 111, 578, 418, 263, 1, 383, 214, 519, 518, 321, 559]",6.9,0.001962692608482311,0.006582566350209019,0.2929824561403509,0.04912280701754386,0.0035087719298245615,0.0,1.8475177304964538,4.0,0.010526315789473684,0.4070175438596491,10.552631578947368,0.2583659269271022,0.5033515246816515,0.006138449450398127,3.6620689655172414,0.7780508830387642,0.08070175438596491,0.9403508771929825,0.9433333333333334,0.9685208750888705,30,False,2376.0,True
217,train,random,paper,paper,3165569293,2026,600,30,0.7,"[60, 66, 70, 73, 99, 102, 128, 145, 154, 164, 165, 179, 249, 258, 294, 303, 311, 359, 368, 420, 445, 448, 449, 513, 532, 541, 558, 562, 584, 589]","[306, 379, 84, 302, 76, 121, 210, 297, 420, 498, 213, 500, 350, 272, 354, 281, 385, 537, 396, 125, 378, 467, 24, 6, 387, 61, 503, 407, 149, 470]",6.0,0.0017189082895546167,0.005924784262579513,0.24736842105263157,0.0456140350877193,0.008771929824561403,0.0,1.946808510638298,4.0,0.010526315789473684,0.3736842105263158,10.759649122807017,0.23139156693904622,0.5677365646101193,0.00554593509139456,3.735632183908046,0.7308866892155391,0.08771929824561403,0.2543859649122807,0.2916666666666667,1.0083051659166813,30,False,1538.0,False
218,train,random,paper,paper,3165569293,2026,600,30,0.7,"[7, 19, 30, 65, 71, 85, 90, 91, 106, 193, 210, 247, 253, 258, 263, 266, 315, 354, 373, 382, 388, 396, 437, 451, 459, 510, 513, 530, 565, 576]","[225, 552, 402, 568, 526, 273, 318, 37, 439, 386, 64, 286, 430, 272, 567, 67, 246, 551, 332, 291, 7, 478, 30, 577, 597, 51, 6, 324, 36, 253]",6.066666666666666,0.0017499637067703003,0.0053893892158371395,0.26666666666666666,0.031578947368421054,0.007017543859649123,0.0,1.8814159292035397,4.0,0.008771929824561403,0.37894736842105264,11.12982456140351,0.23585571513649867,0.5400178830203805,0.005928070314480051,3.6330049261083746,0.8121415241975006,0.08596491228070176,0.24210526315789474,0.28,0.6720083749387413,20,True,1572.0,False
219,train,random,paper,paper,3165569293,2026,600,30,0.7,"[7, 47, 82, 84, 87, 116, 134, 152, 166, 189, 203, 264, 277, 278, 313, 334, 362, 388, 393, 423, 436, 494, 516, 517, 518, 535, 564, 574, 585, 599]","[225, 285, 196, 471, 245, 598, 455, 521, 133, 46, 101, 174, 38, 487, 102, 205, 85, 7, 239, 269, 383, 170, 534, 52, 158, 178, 58, 193, 231, 88]",5.333333333333333,0.001568252154516217,0.00400920810621628,0.24736842105263157,0.021052631578947368,0.005263157894736842,0.0,1.9505300353356891,4.0,0.007017543859649123,0.28771929824561404,9.650877192982456,0.22256997318711857,0.567977060401443,0.003046646464496363,3.835978835978836,0.8328460569719676,0.07017543859649122,0.23684210526315788,0.275,0.9979689999017864,30,False,1548.0,False
220,train,random,paper,paper,3165569293,2026,600,30,0.7,"[10, 22, 25, 35, 53, 59, 76, 79, 101, 119, 147, 158, 160, 232, 263, 270, 287, 312, 371, 373, 426, 453, 462, 471, 473, 480, 503, 514, 595, 597]","[230, 480, 118, 479, 345, 555, 259, 374, 409, 100, 171, 33, 57, 288, 567, 150, 165, 446, 406, 332, 425, 255, 335, 519, 570, 243, 572, 215, 120, 559]",5.933333333333334,0.0017241270453919972,0.00419104905750787,0.2596491228070175,0.02631578947368421,0.008771929824561403,0.0,1.8829787234042554,3.0,0.010526315789473684,0.34912280701754383,10.991228070175438,0.2353108033749033,0.5496315481145747,0.005355825528239321,3.682758620689655,0.7948366803003741,0.09298245614035087,0.9491228070175438,0.9516666666666667,0.9644131669774652,30,False,2378.0,True
221,train,random,paper,paper,3165569293,2026,600,30,0.7,"[68, 76, 82, 122, 135, 138, 140, 141, 162, 166, 175, 184, 217, 236, 243, 254, 257, 277, 289, 302, 322, 326, 394, 428, 447, 467, 468, 546, 563, 577]","[49, 259, 196, 520, 21, 395, 71, 9, 278, 133, 271, 576, 13, 475, 416, 319, 461, 38, 66, 129, 162, 412, 169, 275, 315, 204, 12, 176, 477, 321]",5.7,0.001663181208767795,0.0038208784555515867,0.2578947368421053,0.031578947368421054,0.0017543859649122807,0.0,1.8936170212765957,4.0,0.010526315789473684,0.28596491228070176,10.13859649122807,0.23304077596147352,0.5524003329941726,0.005069403401046403,3.825287356321839,0.7712182024191871,0.06666666666666667,0.34210526315789475,0.375,0.9776529581286013,30,False,1602.0,False
222,train,random,paper,paper,3165569293,2026,600,30,0.7,"[2, 15, 28, 32, 89, 93, 106, 119, 151, 171, 193, 211, 216, 227, 233, 235, 251, 258, 322, 349, 356, 365, 375, 443, 505, 511, 543, 556, 562, 594]","[592, 50, 322, 457, 180, 394, 439, 100, 63, 268, 386, 300, 342, 94, 443, 55, 336, 272, 162, 531, 98, 588, 583, 3, 236, 417, 110, 207, 407, 463]",5.6,0.0016540528105064279,0.004988319024740406,0.24736842105263157,0.02456140350877193,0.005263157894736842,0.0,1.9219858156028369,4.0,0.010526315789473684,0.28771929824561404,10.112280701754386,0.2239850545398462,0.5679277279314279,0.007463211418586671,3.7149425287356324,0.7649773303742755,0.08947368421052632,0.9543859649122807,0.9566666666666667,0.9600706249475479,30,False,2376.0,True
223,train,random,paper,paper,3165569293,2026,600,30,0.7,"[72, 78, 80, 88, 107, 147, 180, 256, 262, 272, 291, 315, 329, 340, 363, 365, 366, 386, 400, 401, 443, 449, 475, 536, 553, 556, 566, 569, 570, 571]","[68, 595, 403, 8, 168, 171, 105, 573, 541, 539, 277, 246, 554, 450, 489, 588, 587, 16, 197, 427, 3, 24, 543, 303, 141, 207, 191, 167, 366, 91]",6.366666666666666,0.001822360578186437,0.005126890162528739,0.2596491228070175,0.042105263157894736,0.005263157894736842,0.0,1.9219858156028369,4.0,0.010526315789473684,0.35964912280701755,10.594736842105263,0.23760990067630783,0.5497548792896124,0.006048730962524065,3.72183908045977,0.7080665108247534,0.056140350877192984,0.16140350877192983,0.20333333333333334,1.0004663751460612,30,False,1456.0,False
224,train,random,paper,paper,3165569293,2026,600,30,0.7,"[12, 16, 18, 58, 62, 63, 67, 143, 145, 149, 177, 208, 225, 232, 273, 289, 295, 301, 306, 308, 316, 339, 377, 414, 425, 453, 470, 497, 556, 558]","[148, 128, 508, 358, 262, 399, 0, 172, 297, 465, 235, 254, 131, 288, 438, 66, 506, 369, 301, 256, 42, 47, 90, 333, 331, 255, 138, 186, 207, 503]",5.533333333333333,0.0016379729122912988,0.003254168798517366,0.23859649122807017,0.028070175438596492,0.0035087719298245615,0.0,1.9645390070921986,4.0,0.010526315789473684,0.34035087719298246,10.108771929824561,0.22253936912680689,0.580748003576604,0.004541921342124182,3.7471264367816093,0.771218202419187,0.09473684210526316,0.9385964912280702,0.9416666666666667,0.8347105418797582,26,True,2374.0,True
225,train,random,paper,paper,3165569293,2026,600,30,0.7,"[1, 5, 42, 45, 68, 102, 156, 201, 207, 212, 220, 236, 251, 271, 274, 275, 285, 288, 299, 315, 322, 373, 478, 502, 525, 527, 538, 557, 561, 577]","[575, 414, 17, 512, 49, 121, 143, 175, 441, 496, 337, 475, 336, 144, 161, 371, 314, 233, 251, 246, 162, 332, 202, 116, 400, 424, 95, 368, 229, 321]",5.233333333333333,0.0015513787237692095,0.003969580316449504,0.23333333333333334,0.02280701754385965,0.005263157894736842,0.0,1.9822695035460993,4.0,0.010526315789473684,0.2754385964912281,9.56842105263158,0.215432967455959,0.5888878611290969,0.003945629346237866,3.857471264367816,0.7680977663967314,0.07894736842105263,0.6807017543859649,0.6966666666666667,1.006855292012915,30,False,1948.0,False
226,train,random,paper,paper,3165569293,2026,600,30,0.7,"[3, 51, 54, 62, 68, 105, 124, 133, 135, 158, 163, 239, 265, 283, 288, 289, 292, 314, 333, 386, 397, 414, 430, 444, 452, 461, 470, 512, 549, 553]","[182, 447, 317, 262, 49, 372, 454, 397, 21, 33, 309, 126, 69, 517, 233, 66, 304, 491, 294, 16, 418, 333, 96, 349, 313, 290, 138, 99, 561, 141]",4.9,0.001473372300380973,0.0034307596126726013,0.21929824561403508,0.02982456140350877,0.0017543859649122807,0.0,1.9646017699115044,4.0,0.008771929824561403,0.2894736842105263,9.578947368421053,0.20625761555993205,0.6105016495544662,0.004433457009521918,3.8374384236453203,0.8139446140940387,0.06140350877192982,0.3087719298245614,0.3433333333333333,0.932519291061908,28,True,1604.0,False
227,train,random,paper,paper,3165569293,2026,600,30,0.7,"[25, 72, 76, 139, 203, 207, 245, 254, 274, 295, 304, 319, 324, 330, 335, 399, 429, 437, 443, 474, 512, 514, 530, 540, 557, 567, 570, 580, 581, 582]","[118, 68, 259, 152, 101, 441, 59, 319, 161, 506, 240, 550, 62, 228, 221, 263, 23, 30, 3, 45, 99, 215, 324, 53, 368, 428, 366, 60, 185, 540]",6.4,0.0018187989305473932,0.006336081763136391,0.2807017543859649,0.03333333333333333,0.005263157894736842,0.0,1.872340425531915,4.0,0.010526315789473684,0.38070175438596493,10.594736842105263,0.24566199997232474,0.5201245644867881,0.004941869604937502,3.7770114942528736,0.7680977663967313,0.1,0.956140350877193,0.9583333333333334,0.838133417069912,26,True,2378.0,True
228,train,random,paper,paper,3165569293,2026,600,30,0.7,"[33, 88, 98, 100, 123, 165, 175, 192, 209, 215, 249, 252, 274, 316, 345, 353, 361, 364, 365, 384, 398, 420, 444, 466, 477, 535, 543, 567, 574, 591]","[73, 8, 513, 529, 156, 213, 271, 34, 346, 452, 350, 15, 161, 42, 466, 549, 536, 222, 588, 564, 411, 125, 349, 339, 423, 178, 110, 428, 193, 347]",5.666666666666667,0.0016598990148471563,0.004354130487445402,0.24561403508771928,0.03333333333333333,0.005263157894736842,0.0,1.9361702127659575,4.0,0.010526315789473684,0.3684210526315789,10.596491228070175,0.22771471278453126,0.5702771868158973,0.005406662303214027,3.7126436781609193,0.7232557091055609,0.08596491228070176,0.9350877192982456,0.9383333333333334,0.9700785831082612,30,False,2376.0,True
229,train,random,paper,paper,3165569293,2026,600,30,0.7,"[10, 30, 55, 68, 71, 81, 83, 96, 118, 131, 149, 152, 153, 169, 186, 274, 293, 321, 342, 352, 363, 380, 414, 438, 446, 457, 484, 505, 581, 599]","[230, 402, 515, 49, 526, 593, 558, 226, 4, 474, 465, 521, 362, 327, 388, 161, 535, 458, 218, 497, 489, 334, 333, 40, 208, 227, 469, 236, 185, 88]",5.733333333333333,0.0016684384501617282,0.004632250292218298,0.24210526315789474,0.03333333333333333,0.0017543859649122807,0.0,1.952127659574468,4.0,0.010526315789473684,0.3105263157894737,10.72982456140351,0.22410678852289814,0.5755495945487621,0.005336362232913956,3.657471264367816,0.7101821564410722,0.07543859649122807,0.8789473684210526,0.885,0.9829867081716657,30,False,2292.0,False
230,train,random,paper,paper,3165569293,2026,600,30,0.7,"[27, 36, 48, 91, 93, 111, 138, 212, 226, 235, 259, 265, 287, 326, 354, 356, 377, 431, 444, 448, 467, 480, 504, 515, 528, 541, 551, 565, 580, 586]","[579, 589, 11, 37, 394, 481, 395, 496, 359, 55, 155, 69, 165, 412, 551, 98, 90, 328, 349, 467, 204, 243, 356, 299, 468, 61, 75, 36, 60, 343]",4.966666666666667,0.0014861385972859467,0.004513870109717207,0.22807017543859648,0.017543859649122806,0.0035087719298245615,0.0,1.9716814159292035,4.0,0.008771929824561403,0.2894736842105263,9.312280701754386,0.20693565869796215,0.5972065488853945,0.0038507051133825983,3.9285714285714284,0.8008710614295501,0.042105263157894736,0.10701754385964912,0.15166666666666667,0.9848437909968197,30,False,1458.0,False
231,train,random,paper,paper,3165569293,2026,600,30,0.7,"[1, 24, 54, 72, 73, 129, 169, 171, 187, 192, 215, 221, 253, 264, 267, 305, 316, 326, 353, 357, 397, 449, 465, 475, 514, 525, 532, 534, 561, 577]","[575, 590, 317, 68, 302, 287, 327, 268, 146, 34, 452, 181, 430, 174, 389, 89, 42, 412, 549, 504, 418, 24, 582, 543, 215, 400, 387, 493, 229, 321]",7.333333333333333,0.0020486658540822887,0.007725762726787046,0.3,0.05263157894736842,0.007017543859649123,0.0,1.8315602836879432,4.0,0.010526315789473684,0.4456140350877193,11.535087719298245,0.26704269716660367,0.49252921407208705,0.005566824558635424,3.6206896551724137,0.6809931066528847,0.0912280701754386,0.9333333333333333,0.9366666666666666,0.9636212910991162,30,False,2378.0,True
232,train,random,paper,paper,3165569293,2026,600,30,0.7,"[1, 23, 27, 56, 72, 103, 135, 155, 172, 185, 202, 209, 226, 247, 253, 272, 311, 336, 341, 361, 400, 431, 442, 447, 457, 483, 494, 500, 503, 521]","[575, 122, 579, 426, 68, 295, 21, 43, 244, 311, 405, 346, 359, 286, 430, 539, 385, 219, 341, 536, 197, 328, 32, 315, 227, 19, 170, 5, 572, 464]",5.933333333333334,0.0017177428905308229,0.004024741313767086,0.24035087719298245,0.03684210526315789,0.007017543859649123,0.0,1.946808510638298,4.0,0.010526315789473684,0.3280701754385965,10.391228070175439,0.2264287099216306,0.5780285511670212,0.006379154051567845,3.717241379310345,0.7940383808099729,0.06842105263157895,0.32456140350877194,0.35833333333333334,0.9812062080018222,30,False,1614.0,False
233,train,random,paper,paper,3165569293,2026,600,30,0.7,"[5, 18, 65, 81, 115, 175, 189, 233, 254, 269, 288, 317, 320, 337, 338, 341, 349, 369, 394, 402, 429, 432, 434, 481, 514, 544, 551, 554, 571, 599]","[414, 508, 568, 593, 132, 271, 46, 443, 319, 390, 233, 18, 70, 494, 108, 341, 531, 569, 169, 41, 23, 571, 431, 292, 215, 282, 75, 522, 91, 88]",5.733333333333333,0.0016458570097460852,0.004889852981631397,0.24210526315789474,0.043859649122807015,0.007017543859649123,0.0,1.9609929078014185,4.0,0.010526315789473684,0.3736842105263158,11.080701754385965,0.22577955181062545,0.5758517559276046,0.0074144250810917476,3.632183908045977,0.7452775880059456,0.06842105263157895,0.9508771929824561,0.9533333333333334,0.8896184579934925,27,True,2378.0,True
234,train,random,paper,paper,3165569293,2026,600,30,0.7,"[2, 8, 22, 49, 60, 88, 94, 99, 114, 117, 150, 281, 291, 300, 327, 328, 340, 344, 395, 415, 423, 432, 439, 446, 488, 515, 537, 559, 568, 571]","[592, 147, 480, 72, 306, 8, 81, 76, 199, 48, 216, 408, 277, 151, 574, 189, 450, 563, 340, 190, 269, 571, 565, 208, 134, 299, 599, 330, 154, 91]",4.866666666666666,0.0014371809288443386,0.0029101756920533323,0.21228070175438596,0.02456140350877193,0.0035087719298245615,0.0,1.9911347517730495,4.0,0.010526315789473684,0.2982456140350877,9.85438596491228,0.19907922914348053,0.6214164585453088,0.005254947141356878,3.9080459770114944,0.7651838212900113,0.07192982456140351,0.8666666666666667,0.8733333333333333,0.9867081250995398,30,False,2270.0,False
235,train,random,paper,paper,3165569293,2026,600,30,0.7,"[39, 58, 61, 68, 72, 73, 140, 151, 172, 210, 239, 278, 299, 332, 378, 400, 410, 435, 440, 442, 448, 449, 464, 505, 523, 546, 556, 557, 559, 573]","[444, 358, 410, 49, 68, 302, 71, 63, 244, 64, 126, 487, 251, 274, 188, 197, 25, 249, 247, 32, 467, 24, 533, 236, 153, 176, 207, 368, 330, 596]",7.2,0.002012209515443536,0.007929443489353096,0.2964912280701754,0.04736842105263158,0.010526315789473684,0.0,1.8404255319148937,4.0,0.010526315789473684,0.4421052631578947,11.77719298245614,0.2633606857957344,0.49737612925107144,0.006349805029318214,3.5839080459770116,0.7499946230092036,0.08421052631578947,0.9543859649122807,0.9566666666666667,0.9476757920347154,30,False,2378.0,True
236,train,random,paper,paper,3165569293,2026,600,30,0.7,"[0, 13, 40, 54, 106, 119, 124, 151, 168, 181, 206, 215, 245, 296, 300, 356, 380, 385, 403, 416, 457, 474, 500, 507, 508, 531, 550, 555, 560, 562]","[509, 74, 459, 317, 439, 100, 454, 63, 436, 353, 415, 452, 59, 445, 151, 98, 334, 364, 22, 355, 227, 45, 5, 421, 581, 252, 485, 312, 557, 407]",6.4,0.0018403366027190502,0.006164924084439521,0.2649122807017544,0.04912280701754386,0.007017543859649123,0.0,1.9024822695035462,4.0,0.010526315789473684,0.387719298245614,10.833333333333334,0.24381681043675024,0.5421145129960225,0.007136866289427432,3.6873563218390806,0.7620633852675555,0.10350877192982456,0.9473684210526315,0.95,0.9568282498512417,30,True,2378.0,True
237,train,random,paper,paper,3165569293,2026,600,30,0.7,"[15, 38, 78, 80, 115, 124, 159, 192, 206, 207, 213, 243, 307, 325, 336, 342, 346, 354, 362, 397, 425, 428, 474, 510, 519, 522, 528, 543, 570, 581]","[50, 137, 595, 403, 132, 454, 365, 34, 415, 441, 270, 416, 429, 382, 219, 218, 261, 551, 85, 418, 331, 275, 45, 51, 80, 367, 468, 110, 366, 185]",5.866666666666666,0.0016860598982406454,0.004924739468268251,0.2543859649122807,0.03859649122807018,0.005263157894736842,0.0,1.8953900709219857,4.0,0.010526315789473684,0.37543859649122807,11.319298245614036,0.23705161587963408,0.5570930842043598,0.006361929659410176,3.6114942528735634,0.7720165019095883,0.1,0.9543859649122807,0.9566666666666667,0.9672974161803722,30,False,2376.0,True
238,train,random,paper,paper,3165569293,2026,600,30,0.7,"[56, 62, 111, 120, 156, 162, 172, 181, 182, 263, 270, 298, 301, 309, 324, 338, 346, 347, 377, 413, 414, 422, 429, 443, 496, 514, 533, 572, 587, 596]","[426, 262, 481, 27, 143, 278, 244, 353, 538, 567, 150, 546, 369, 456, 62, 108, 261, 307, 90, 1, 333, 119, 23, 3, 360, 215, 203, 211, 352, 260]",5.933333333333334,0.0017000121200453902,0.004573918236362519,0.2719298245614035,0.02982456140350877,0.007017543859649123,0.0,1.8634751773049645,4.0,0.010526315789473684,0.38421052631578945,10.726315789473684,0.24171909604993427,0.5325748466068511,0.00436288931659605,3.7655172413793103,0.7591494401608354,0.07017543859649122,0.4789473684210526,0.505,0.9798915840219706,30,False,1800.0,False
239,train,random,paper,paper,3165569293,2026,600,30,0.7,"[3, 6, 45, 106, 112, 122, 125, 133, 183, 186, 215, 233, 253, 281, 318, 352, 384, 387, 408, 442, 455, 460, 462, 488, 496, 497, 517, 529, 544, 561]","[182, 472, 512, 439, 548, 520, 280, 397, 525, 388, 452, 443, 430, 408, 83, 497, 564, 361, 514, 32, 112, 499, 335, 134, 360, 186, 52, 65, 282, 229]",5.966666666666667,0.0017246833810788888,0.0035561516474155526,0.2754385964912281,0.02456140350877193,0.007017543859649123,0.0,1.8794326241134751,4.0,0.010526315789473684,0.34210526315789475,10.801754385964912,0.24666433402395682,0.5266734498812937,0.004432618129372693,3.696551724137931,0.7237195183277361,0.08421052631578947,0.9508771929824561,0.9533333333333334,0.9582586251199245,30,False,2378.0,True
240,train,random,paper,paper,3165569293,2026,600,30,0.7,"[33, 52, 86, 107, 110, 124, 125, 155, 175, 181, 188, 191, 193, 213, 340, 344, 365, 392, 404, 431, 441, 458, 497, 507, 512, 517, 528, 534, 554, 559]","[73, 220, 35, 168, 113, 454, 280, 43, 271, 353, 265, 140, 386, 270, 450, 563, 588, 419, 250, 328, 380, 179, 186, 421, 99, 52, 468, 493, 522, 330]",5.533333333333333,0.001617033651861742,0.00407900498305637,0.23684210526315788,0.03508771929824561,0.0017543859649122807,0.0,1.9609929078014185,4.0,0.010526315789473684,0.3105263157894737,10.110526315789473,0.2223521784573449,0.5833749576049085,0.0047435779230911084,3.7770114942528736,0.6560572826457799,0.06666666666666667,0.3385964912280702,0.37166666666666665,1.0379291251301765,30,False,1618.0,False
241,train,random,paper,paper,3165569293,2026,600,30,0.7,"[9, 13, 15, 23, 36, 37, 52, 65, 69, 80, 87, 118, 167, 177, 180, 256, 278, 313, 314, 364, 387, 414, 427, 432, 444, 477, 487, 491, 505, 550]","[391, 74, 50, 122, 589, 217, 220, 568, 501, 403, 245, 4, 585, 235, 105, 573, 487, 102, 491, 222, 361, 333, 234, 571, 349, 423, 44, 136, 236, 485]",5.4,0.0015795963878179149,0.004818026852438839,0.22456140350877193,0.03859649122807018,0.008771929824561403,0.0,1.9982332155477032,4.0,0.007017543859649123,0.3105263157894737,10.175438596491228,0.20934782224000495,0.6026947861745753,0.007408410994118141,3.642857142857143,0.841202574633198,0.07368421052631578,0.24736842105263157,0.285,0.989215417066589,30,False,1578.0,False
242,train,random,paper,paper,3165569293,2026,600,30,0.7,"[0, 25, 42, 57, 126, 147, 229, 231, 287, 288, 296, 305, 310, 317, 353, 371, 395, 402, 414, 422, 426, 428, 478, 482, 492, 516, 562, 568, 578, 594]","[509, 118, 17, 502, 124, 171, 527, 532, 165, 233, 445, 89, 86, 18, 549, 406, 340, 41, 333, 119, 425, 275, 202, 375, 326, 534, 407, 154, 106, 463]",5.333333333333333,0.0015743712268749793,0.004349086782679086,0.24035087719298245,0.031578947368421054,0.0017543859649122807,0.0,1.9292035398230087,4.0,0.008771929824561403,0.34210526315789475,10.435087719298245,0.22217003427572382,0.5782752135170968,0.004063421316277087,3.70935960591133,0.7940383808099729,0.08596491228070176,0.9368421052631579,0.94,0.9612209589686245,30,False,2378.0,True
243,train,random,paper,paper,3165569293,2026,600,30,0.7,"[3, 14, 32, 37, 61, 68, 77, 98, 102, 103, 127, 171, 188, 208, 210, 226, 281, 282, 335, 420, 454, 467, 506, 519, 527, 553, 567, 573, 574, 599]","[182, 145, 457, 217, 410, 49, 398, 513, 121, 295, 462, 268, 265, 254, 64, 359, 408, 357, 221, 125, 198, 204, 183, 80, 424, 141, 428, 596, 193, 88]",5.6,0.0016273202894320023,0.004029121298690472,0.24210526315789474,0.0456140350877193,0.0035087719298245615,0.0,1.950354609929078,4.0,0.010526315789473684,0.3175438596491228,10.175438596491228,0.23043314278355523,0.5752905990811827,0.005950783871676367,3.7954022988505747,0.6891650679468244,0.0824561403508772,0.9210526315789473,0.925,0.9711460000835359,30,False,2348.0,True
244,train,random,paper,paper,3165569293,2026,600,30,0.7,"[3, 44, 69, 88, 95, 107, 129, 151, 171, 226, 252, 283, 290, 312, 349, 354, 371, 373, 403, 411, 417, 430, 458, 476, 481, 491, 492, 568, 589, 594]","[182, 586, 501, 8, 79, 168, 287, 63, 268, 359, 15, 517, 490, 446, 531, 551, 406, 332, 22, 10, 296, 96, 179, 560, 292, 136, 326, 154, 470, 463]",5.5,0.001605648925322572,0.0048164814303083385,0.22456140350877193,0.03859649122807018,0.0017543859649122807,0.0,1.9574468085106382,4.0,0.010526315789473684,0.34035087719298246,10.673684210526316,0.2138679748343833,0.6021521290044091,0.005488838409730904,3.708045977011494,0.790119645297116,0.07719298245614035,0.5701754385964912,0.5916666666666667,0.9745247920509428,30,False,1810.0,False
245,train,random,paper,paper,3165569293,2026,600,30,0.7,"[0, 5, 10, 35, 40, 59, 71, 73, 94, 104, 145, 147, 200, 226, 239, 240, 299, 316, 318, 338, 362, 422, 435, 454, 469, 485, 545, 556, 560, 577]","[509, 414, 230, 479, 459, 555, 526, 302, 81, 130, 297, 171, 404, 359, 126, 54, 251, 42, 83, 108, 85, 119, 249, 198, 214, 135, 376, 207, 557, 321]",5.833333333333333,0.0016892046171754717,0.004996724923891021,0.2543859649122807,0.03859649122807018,0.005263157894736842,0.0,1.9095744680851063,4.0,0.010526315789473684,0.3701754385964912,10.498245614035088,0.23501590667101308,0.557302747201924,0.005110732267256946,3.779310344827586,0.8039914974520058,0.08596491228070176,0.9508771929824561,0.9533333333333334,0.959969290997833,30,False,2378.0,True
246,train,random,paper,paper,3165569293,2026,600,30,0.7,"[37, 54, 70, 92, 102, 125, 167, 213, 215, 226, 237, 259, 289, 291, 292, 358, 416, 417, 428, 432, 457, 462, 467, 480, 502, 512, 531, 553, 564, 592]","[217, 317, 84, 26, 121, 280, 585, 270, 452, 359, 437, 155, 66, 277, 304, 323, 355, 296, 275, 571, 227, 335, 204, 243, 116, 99, 252, 141, 58, 241]",4.833333333333333,0.0014516147181495678,0.0029678798243626455,0.21052631578947367,0.02456140350877193,0.005263157894736842,0.0,1.9929203539823008,4.0,0.008771929824561403,0.28771929824561404,9.443859649122807,0.1984098329028762,0.6241235778373878,0.00585123050640292,3.8842364532019706,0.7720165019095883,0.07719298245614035,0.9473684210526315,0.95,0.9725811670068651,30,False,2378.0,True
247,train,random,paper,paper,3165569293,2026,600,30,0.7,"[61, 128, 138, 166, 187, 190, 237, 239, 289, 314, 354, 374, 412, 416, 419, 429, 440, 460, 487, 490, 498, 509, 513, 543, 547, 574, 577, 579, 581, 582]","[410, 210, 395, 133, 146, 562, 437, 126, 66, 491, 551, 111, 184, 355, 212, 23, 247, 499, 44, 381, 591, 547, 6, 110, 109, 193, 321, 440, 185, 540]",6.166666666666667,0.0017697208513970638,0.006855500097632288,0.2736842105263158,0.03333333333333333,0.0035087719298245615,0.0,1.8619469026548672,4.0,0.008771929824561403,0.3701754385964912,10.156140350877193,0.24126518605949107,0.5300033916073136,0.003471774948833073,3.8177339901477834,0.7728148013999895,0.07894736842105263,0.32456140350877194,0.35833333333333334,0.9852928328327835,30,False,1658.0,False
248,train,random,paper,paper,3165569293,2026,600,30,0.7,"[17, 32, 80, 87, 151, 153, 172, 180, 222, 240, 315, 346, 350, 358, 363, 395, 416, 434, 449, 480, 485, 489, 500, 503, 511, 562, 568, 570, 581, 588]","[166, 457, 403, 245, 63, 362, 244, 105, 488, 54, 246, 261, 413, 323, 489, 340, 355, 431, 24, 243, 135, 31, 5, 572, 417, 407, 154, 366, 185, 283]",6.233333333333333,0.0017673543357531482,0.005971398314687817,0.25263157894736843,0.042105263157894736,0.005263157894736842,0.0,1.8971631205673758,4.0,0.010526315789473684,0.39824561403508774,11.212280701754386,0.2330722535253383,0.5600468658465143,0.006826286628162007,3.636781609195402,0.6632244535335828,0.0824561403508772,0.4192982456140351,0.4483333333333333,0.9777291249483824,30,False,1710.0,False
249,train,random,paper,paper,3165569293,2026,600,30,0.7,"[1, 18, 20, 57, 134, 160, 177, 213, 214, 225, 228, 246, 252, 272, 315, 334, 348, 393, 421, 448, 451, 457, 467, 483, 487, 522, 534, 550, 551, 553]","[575, 508, 507, 502, 455, 57, 235, 270, 310, 131, 173, 392, 15, 539, 246, 205, 325, 239, 201, 467, 577, 227, 204, 19, 44, 367, 493, 485, 75, 141]",4.8,0.0014438795759155664,0.003010432874046302,0.20350877192982456,0.03333333333333333,0.0017543859649122807,0.0,2.0390070921985815,4.0,0.010526315789473684,0.2754385964912281,9.385964912280702,0.19644640635823543,0.6351432183270126,0.005148116614968328,3.8850574712643677,0.7848835636583412,0.05789473684210526,0.1824561403508772,0.22333333333333333,0.9902905421331525,30,False,1518.0,False
250,train,random,paper,paper,3165569293,2026,600,30,0.7,"[11, 13, 21, 29, 31, 65, 73, 99, 142, 152, 166, 184, 207, 208, 219, 232, 286, 293, 309, 316, 326, 347, 350, 366, 377, 390, 417, 501, 508, 522]","[495, 74, 127, 82, 482, 568, 302, 76, 451, 521, 133, 576, 441, 254, 298, 288, 484, 535, 456, 42, 412, 307, 413, 587, 90, 232, 296, 510, 581, 367]",6.833333333333333,0.00192231734023159,0.006648316175349843,0.29473684210526313,0.043859649122807015,0.010526315789473684,0.0,1.8371681415929204,3.0,0.008771929824561403,0.42280701754385963,11.43859649122807,0.26260688615529976,0.49966392254802205,0.006519595072224331,3.561576354679803,0.7940383808099729,0.0912280701754386,0.9350877192982456,0.9383333333333334,0.7742112500127405,23,True,2376.0,True
251,train,random,paper,paper,3165569293,2026,600,30,0.7,"[3, 10, 31, 67, 73, 78, 125, 157, 170, 189, 258, 262, 309, 317, 327, 334, 364, 377, 385, 386, 391, 405, 414, 417, 457, 480, 525, 529, 546, 591]","[182, 230, 482, 0, 302, 595, 280, 584, 553, 46, 272, 541, 456, 18, 574, 205, 222, 90, 364, 16, 163, 523, 333, 296, 227, 243, 400, 65, 176, 347]",6.2,0.001767626103679432,0.004929771119219218,0.2596491228070175,0.04035087719298246,0.007017543859649123,0.0,1.8953900709219857,4.0,0.010526315789473684,0.4,11.142105263157895,0.24018967829667337,0.5495143834982887,0.006171648785711936,3.6436781609195403,0.7260416548597908,0.06842105263157895,0.5228070175438596,0.5466666666666666,1.0271659998688847,30,False,1868.0,False
252,train,random,paper,paper,3165569293,2026,600,30,0.7,"[45, 48, 50, 96, 117, 123, 151, 181, 189, 240, 263, 312, 324, 333, 344, 354, 408, 417, 420, 444, 450, 464, 524, 527, 555, 565, 573, 588, 595, 598]","[512, 11, 78, 226, 48, 156, 63, 353, 46, 54, 567, 446, 62, 294, 563, 551, 514, 296, 125, 349, 2, 533, 393, 424, 312, 36, 596, 283, 120, 435]",5.133333333333334,0.0015215723099823474,0.003639293435247814,0.21228070175438596,0.031578947368421054,0.005263157894736842,0.0,1.9822695035460993,4.0,0.010526315789473684,0.30350877192982456,10.347368421052632,0.20411431467282787,0.6211512965189776,0.0063953882374935,3.779310344827586,0.8260133763523905,0.0824561403508772,0.6701754385964912,0.6866666666666666,0.9767573338467628,30,False,1946.0,False
253,train,random,paper,paper,3165569293,2026,600,30,0.7,"[29, 62, 81, 92, 99, 105, 216, 220, 234, 235, 243, 273, 279, 324, 346, 359, 369, 392, 417, 430, 464, 538, 540, 543, 550, 561, 566, 585, 589, 592]","[82, 262, 593, 26, 76, 372, 342, 337, 28, 55, 416, 438, 160, 62, 261, 537, 569, 419, 296, 96, 533, 95, 53, 110, 485, 229, 191, 231, 470, 241]",5.0,0.0014885497392042057,0.0029897860999613373,0.21929824561403508,0.021052631578947368,0.0035087719298245615,0.0,1.9911347517730495,3.0,0.010526315789473684,0.3140350877192982,10.264912280701754,0.20475974041026895,0.610452317084451,0.004584674584674585,3.7839080459770114,0.7638445406156487,0.05789473684210526,0.3368421052631579,0.37,0.9905291660688818,30,True,1648.0,False
254,train,random,paper,paper,3165569293,2026,600,30,0.7,"[25, 29, 34, 38, 72, 75, 100, 142, 163, 170, 194, 252, 306, 318, 319, 332, 348, 370, 377, 379, 397, 401, 403, 462, 465, 494, 498, 499, 502, 584]","[118, 82, 422, 137, 68, 351, 529, 451, 309, 553, 284, 15, 301, 83, 550, 274, 325, 401, 90, 483, 418, 427, 22, 335, 582, 170, 591, 432, 116, 149]",5.933333333333334,0.0017190247560746614,0.005291323009874396,0.2543859649122807,0.031578947368421054,0.0017543859649122807,0.0,1.9024822695035462,4.0,0.010526315789473684,0.3824561403508772,10.43157894736842,0.2331192176386841,0.5573767459069466,0.0035701185926073483,3.7977011494252872,0.7741321475259072,0.06842105263157895,0.18947368421052632,0.23,0.6177154160104692,18,True,1490.0,False
255,train,random,paper,paper,3165569293,2026,600,30,0.7,"[8, 10, 33, 73, 79, 144, 152, 182, 214, 220, 232, 240, 248, 270, 279, 281, 282, 283, 289, 312, 321, 324, 374, 379, 395, 423, 471, 476, 481, 547]","[147, 230, 73, 302, 374, 486, 521, 538, 310, 337, 288, 54, 348, 150, 160, 408, 357, 517, 66, 446, 458, 62, 111, 483, 340, 269, 519, 560, 292, 109]",6.266666666666667,0.00177788403924548,0.005316492023847689,0.2631578947368421,0.03859649122807018,0.012280701754385965,0.0,1.9078014184397163,4.0,0.010526315789473684,0.38070175438596493,11.856140350877194,0.2402351058675646,0.5445873030555298,0.008609432512250716,3.5172413793103448,0.7741321475259072,0.07368421052631578,0.7210526315789474,0.735,0.9830761249177158,30,False,2024.0,False
256,train,random,paper,paper,3165569293,2026,600,30,0.7,"[4, 19, 43, 64, 96, 114, 121, 125, 128, 140, 156, 158, 203, 256, 263, 279, 295, 308, 324, 329, 376, 434, 446, 448, 450, 471, 504, 515, 569, 584]","[594, 552, 448, 384, 226, 199, 434, 280, 210, 71, 143, 33, 101, 573, 567, 160, 506, 256, 62, 554, 87, 431, 208, 467, 2, 519, 356, 299, 167, 149]",6.2,0.0017715683231365091,0.004049797396844613,0.2578947368421053,0.04035087719298246,0.0035087719298245615,0.0,1.9095744680851063,3.0,0.010526315789473684,0.34210526315789475,11.082456140350876,0.24091813156975245,0.5518638423827583,0.004929615685193779,3.645977011494253,0.7008993399369505,0.07543859649122807,0.9385964912280702,0.9416666666666667,0.9657714588101953,30,False,2376.0,True
257,train,random,paper,paper,3165569293,2026,600,30,0.7,"[6, 25, 27, 30, 67, 99, 117, 144, 150, 181, 209, 211, 247, 253, 256, 260, 304, 313, 319, 334, 400, 468, 485, 534, 556, 565, 566, 573, 583, 596]","[472, 118, 579, 402, 0, 76, 48, 486, 216, 353, 346, 300, 286, 430, 573, 93, 240, 102, 550, 205, 197, 12, 135, 493, 207, 36, 191, 596, 530, 260]",5.7,0.0016615079219749224,0.004580202004510996,0.24561403508771928,0.03333333333333333,0.0035087719298245615,0.0,1.9292035398230087,3.0,0.008771929824561403,0.3298245614035088,10.171929824561403,0.22554576817942182,0.5704868498134616,0.004740294826501723,3.6970443349753697,0.7888022991711984,0.08421052631578947,0.9526315789473684,0.955,0.9744355829898268,30,False,2378.0,True
258,train,random,paper,paper,3165569293,2026,600,30,0.7,"[23, 44, 49, 63, 89, 91, 98, 158, 174, 175, 176, 185, 200, 208, 211, 216, 230, 245, 254, 258, 265, 279, 336, 345, 361, 440, 527, 528, 531, 534]","[122, 586, 72, 399, 180, 37, 513, 33, 316, 271, 194, 311, 404, 254, 300, 342, 29, 59, 319, 272, 69, 160, 219, 466, 536, 247, 424, 468, 252, 493]",6.633333333333334,0.0018768898518993515,0.005737467329142455,0.2912280701754386,0.03859649122807018,0.007017543859649123,0.0,1.8424778761061946,4.0,0.008771929824561403,0.3929824561403509,10.973684210526315,0.25829275004787844,0.5046218357845405,0.005032914769821001,3.58128078817734,0.7979571163228298,0.07192982456140351,0.3456140350877193,0.37833333333333335,0.9967607501894236,30,False,1690.0,False
259,train,random,paper,paper,3165569293,2026,600,30,0.7,"[0, 25, 46, 47, 63, 112, 113, 116, 125, 173, 199, 236, 238, 257, 273, 274, 294, 332, 354, 387, 395, 441, 477, 495, 511, 531, 533, 535, 554, 599]","[509, 118, 192, 285, 399, 548, 511, 598, 280, 363, 460, 475, 266, 461, 438, 161, 354, 274, 551, 361, 340, 380, 423, 206, 417, 252, 203, 178, 522, 88]",5.366666666666666,0.0015664676250291786,0.00409508043020346,0.23333333333333334,0.03333333333333333,0.007017543859649123,0.0,1.9645390070921986,4.0,0.010526315789473684,0.34385964912280703,10.256140350877192,0.21708355608676216,0.5889063608053525,0.007422819599610463,3.7517241379310344,0.734007125237995,0.07894736842105263,0.9385964912280702,0.9416666666666667,0.9658218340482563,30,False,2372.0,True
260,train,random,paper,paper,3165569293,2026,600,30,0.7,"[9, 22, 48, 49, 63, 80, 97, 100, 120, 149, 157, 162, 213, 270, 272, 277, 292, 303, 316, 327, 333, 363, 365, 366, 397, 440, 502, 542, 577, 597]","[391, 480, 11, 72, 399, 403, 104, 529, 27, 465, 584, 278, 270, 150, 539, 38, 304, 281, 42, 574, 294, 489, 588, 587, 418, 247, 116, 223, 321, 559]",5.466666666666667,0.0016024023424196009,0.0038417380582484923,0.24912280701754386,0.028070175438596492,0.0035087719298245615,0.0,1.9219858156028369,4.0,0.010526315789473684,0.2964912280701754,10.049122807017543,0.22918971895523144,0.5650726112293035,0.004197464832673544,3.839080459770115,0.7521102686255225,0.04912280701754386,0.1,0.145,0.7828209160361439,23,True,1450.0,False
261,train,random,paper,paper,3165569293,2026,600,30,0.7,"[22, 32, 38, 80, 144, 168, 177, 184, 185, 205, 243, 251, 256, 266, 293, 333, 350, 367, 370, 374, 414, 419, 421, 476, 479, 527, 543, 565, 583, 584]","[480, 457, 137, 403, 486, 436, 235, 576, 311, 524, 416, 336, 573, 67, 535, 294, 413, 200, 401, 111, 333, 212, 201, 560, 518, 424, 110, 36, 530, 149]",5.7,0.0016607805628699173,0.003814586727081969,0.2614035087719298,0.02280701754385965,0.0035087719298245615,0.0,1.898936170212766,4.0,0.010526315789473684,0.32456140350877194,10.842105263157896,0.23646758788290412,0.5469860944100144,0.0037357894153025994,3.7103448275862068,0.7827679180420223,0.07368421052631578,0.36666666666666664,0.3983333333333333,0.9758661659434438,30,False,1652.0,False
262,train,random,paper,paper,3165569293,2026,600,30,0.7,"[38, 51, 79, 88, 101, 127, 163, 183, 187, 200, 223, 225, 241, 319, 336, 358, 373, 400, 408, 414, 424, 437, 462, 494, 512, 546, 557, 558, 579, 585]","[137, 447, 374, 8, 409, 462, 309, 525, 146, 404, 77, 131, 566, 550, 219, 323, 332, 197, 514, 333, 164, 30, 335, 170, 99, 176, 368, 503, 440, 231]",6.7,0.001895934393562574,0.005686632156705748,0.2771929824561403,0.04912280701754386,0.005263157894736842,0.0,1.851063829787234,4.0,0.010526315789473684,0.45964912280701753,11.12280701754386,0.2503446388239152,0.5246878179631856,0.005338689974018643,3.696551724137931,0.7229212188373351,0.07192982456140351,0.9385964912280702,0.9416666666666667,0.9765322920866311,30,False,2370.0,True
263,train,random,paper,paper,3165569293,2026,600,30,0.7,"[10, 18, 35, 43, 60, 86, 106, 110, 133, 151, 160, 177, 207, 227, 242, 276, 280, 282, 303, 326, 342, 351, 356, 431, 487, 493, 513, 522, 563, 565]","[230, 508, 479, 448, 306, 35, 439, 113, 397, 63, 57, 235, 441, 94, 142, 103, 580, 357, 281, 412, 218, 209, 98, 328, 44, 123, 6, 367, 477, 36]",5.066666666666666,0.001508101816312307,0.004050039037453284,0.22631578947368422,0.04035087719298246,0.0,0.0,2.00709219858156,4.0,0.010526315789473684,0.2771929824561403,9.680701754385964,0.21655768914559564,0.5994080103598187,0.0045923072001325446,3.829885057471264,0.7007147835696595,0.08070175438596491,0.9596491228070175,0.9616666666666667,0.9676062501966953,30,True,2378.0,True
264,train,random,paper,paper,3165569293,2026,600,30,0.7,"[20, 43, 81, 87, 88, 92, 95, 123, 135, 154, 157, 177, 181, 217, 233, 237, 252, 324, 348, 356, 388, 433, 443, 452, 458, 461, 466, 484, 510, 588]","[507, 448, 593, 245, 8, 26, 79, 156, 21, 420, 584, 235, 353, 13, 443, 437, 15, 62, 325, 98, 7, 115, 3, 313, 179, 290, 339, 469, 51, 283]",6.0,0.0017363559936755806,0.0051466909505171726,0.24561403508771928,0.04035087719298246,0.010526315789473684,0.0,1.9361702127659575,4.0,0.010526315789473684,0.3649122807017544,11.257894736842106,0.22871626690473063,0.5702771868158973,0.007990949588312672,3.6,0.7720165019095884,0.08070175438596491,0.9473684210526315,0.95,0.7203752920031548,22,True,2376.0,True
265,train,random,paper,paper,3165569293,2026,600,30,0.7,"[27, 30, 33, 40, 73, 81, 127, 138, 174, 229, 245, 267, 269, 277, 301, 303, 320, 338, 342, 343, 391, 413, 474, 494, 501, 528, 537, 548, 586, 590]","[579, 402, 73, 459, 302, 593, 462, 395, 316, 527, 59, 389, 390, 38, 369, 281, 70, 108, 218, 248, 163, 1, 45, 170, 510, 468, 599, 224, 343, 20]",6.466666666666667,0.0018514740323202774,0.005832975737015628,0.26842105263157895,0.04912280701754386,0.0035087719298245615,0.0,1.877659574468085,4.0,0.010526315789473684,0.35964912280701755,10.24736842105263,0.24409039097694507,0.537446428020843,0.006243296624674484,3.7425287356321837,0.8039914974520058,0.07719298245614035,0.9192982456140351,0.9233333333333333,0.983492499915883,30,False,2348.0,True
266,train,random,paper,paper,3165569293,2026,600,30,0.7,"[21, 28, 32, 107, 109, 111, 143, 170, 210, 212, 232, 244, 274, 303, 313, 333, 366, 384, 392, 434, 439, 452, 463, 475, 504, 518, 539, 558, 579, 592]","[127, 322, 457, 168, 257, 481, 172, 553, 64, 496, 288, 97, 161, 281, 102, 294, 587, 564, 419, 431, 565, 313, 377, 543, 356, 158, 453, 503, 440, 241]",5.233333333333333,0.0015474643539688567,0.003814424216848864,0.23859649122807017,0.031578947368421054,0.0017543859649122807,0.0,1.9557522123893805,3.0,0.008771929824561403,0.28771929824561404,9.935087719298245,0.22116928946789258,0.5809330003391607,0.004563284735698529,3.7881773399014778,0.8307304113556485,0.07719298245614035,0.9578947368421052,0.96,0.966531417099759,30,False,2378.0,True
267,train,random,paper,paper,3165569293,2026,600,30,0.7,"[80, 109, 111, 124, 148, 155, 196, 217, 227, 230, 242, 249, 284, 292, 319, 337, 340, 357, 366, 384, 395, 408, 451, 506, 526, 533, 543, 567, 576, 588]","[403, 257, 481, 454, 14, 43, 258, 13, 94, 29, 142, 350, 516, 304, 550, 494, 450, 504, 587, 564, 340, 514, 577, 183, 264, 203, 110, 428, 253, 283]",6.1,0.0017722413595948987,0.005288247500143003,0.2649122807017544,0.03684210526315789,0.005263157894736842,0.0,1.9024822695035462,4.0,0.010526315789473684,0.356140350877193,10.594736842105263,0.2424309308593946,0.5418801837634508,0.005190124619539169,3.6413793103448278,0.6973150946923192,0.07719298245614035,0.3298245614035088,0.36333333333333334,0.9969338751398027,30,False,1642.0,False
268,train,random,paper,paper,3165569293,2026,600,30,0.7,"[20, 27, 61, 69, 82, 90, 130, 133, 135, 145, 153, 165, 176, 187, 225, 228, 252, 311, 325, 337, 376, 409, 439, 454, 463, 476, 506, 544, 549, 566]","[507, 579, 410, 501, 196, 318, 305, 397, 21, 297, 362, 213, 194, 146, 131, 173, 15, 385, 382, 494, 87, 39, 565, 198, 377, 560, 183, 282, 561, 191]",6.833333333333333,0.0019227906982035555,0.006456474911630408,0.2719298245614035,0.043859649122807015,0.008771929824561403,0.0,1.898936170212766,4.0,0.010526315789473684,0.43508771929824563,12.224561403508773,0.24766717718190898,0.531915024820399,0.006939546492622896,3.3954022988505748,0.774338638441643,0.07719298245614035,0.9473684210526315,0.95,0.9748161248862743,30,False,2374.0,True
269,train,random,paper,paper,3165569293,2026,600,30,0.7,"[47, 49, 54, 64, 71, 82, 112, 114, 121, 130, 167, 179, 196, 210, 267, 318, 336, 372, 373, 410, 416, 461, 465, 466, 490, 493, 535, 543, 547, 575]","[285, 72, 317, 384, 526, 196, 548, 199, 434, 305, 585, 500, 258, 64, 389, 83, 219, 293, 332, 25, 355, 290, 582, 339, 381, 123, 178, 110, 109, 267]",6.1,0.0017403897980189137,0.005186498040169606,0.26666666666666666,0.042105263157894736,0.007017543859649123,0.0,1.8936170212765957,3.0,0.010526315789473684,0.37894736842105264,11.036842105263158,0.2443780166639599,0.5393087287639133,0.006677266227282241,3.671264367816092,0.7400415063671708,0.08421052631578947,0.9491228070175438,0.9516666666666667,0.8421121670398861,26,True,2378.0,True
270,train,random,paper,paper,3165569293,2026,600,30,0.7,"[3, 15, 18, 35, 61, 65, 77, 104, 123, 157, 201, 230, 253, 275, 286, 316, 358, 360, 377, 388, 404, 444, 467, 483, 504, 533, 542, 547, 565, 599]","[182, 50, 508, 479, 410, 568, 398, 130, 156, 584, 175, 29, 430, 371, 484, 42, 323, 139, 90, 7, 250, 349, 204, 19, 356, 203, 223, 109, 36, 88]",5.766666666666667,0.0016760253521939565,0.005604374759491917,0.24561403508771928,0.03333333333333333,0.0035087719298245615,0.0,1.9326241134751774,4.0,0.010526315789473684,0.3333333333333333,10.043859649122806,0.224285179528568,0.5707890111923042,0.004659396759802439,3.845977011494253,0.730886689215539,0.08070175438596491,0.25087719298245614,0.28833333333333333,1.0014243330806494,30,False,1558.0,False
271,train,random,paper,paper,3165569293,2026,600,30,0.7,"[55, 94, 103, 121, 155, 158, 169, 177, 202, 228, 235, 236, 255, 318, 328, 365, 366, 378, 385, 386, 394, 408, 429, 434, 442, 459, 469, 472, 491, 517]","[515, 81, 295, 434, 43, 33, 327, 235, 405, 173, 55, 475, 344, 83, 189, 588, 587, 188, 364, 16, 169, 514, 23, 431, 32, 597, 214, 237, 136, 52]",5.1,0.001522509850437514,0.0026224240759747386,0.22280701754385965,0.028070175438596492,0.0,0.0,1.9875886524822695,4.0,0.010526315789473684,0.30350877192982456,9.605263157894736,0.2096136646567657,0.6049455801190146,0.0036952957642612818,3.8988505747126436,0.7431619423896266,0.06842105263157895,0.9473684210526315,0.95,0.9882794579025358,30,False,2376.0,True
272,train,random,paper,paper,3165569293,2026,600,30,0.7,"[30, 38, 70, 89, 94, 104, 156, 213, 216, 233, 239, 285, 286, 292, 302, 313, 319, 337, 366, 415, 448, 457, 496, 500, 518, 544, 554, 568, 577, 580]","[402, 137, 84, 180, 81, 130, 143, 270, 342, 443, 126, 314, 484, 304, 129, 102, 550, 494, 587, 190, 467, 227, 360, 5, 158, 282, 522, 154, 321, 60]",5.766666666666667,0.0016707204238381463,0.005227310708510627,0.22631578947368422,0.0456140350877193,0.0035087719298245615,0.0,1.9823008849557522,4.0,0.008771929824561403,0.39824561403508774,11.050877192982457,0.21574095526974674,0.5996793389449018,0.007465774965774965,3.5492610837438425,0.7418226617152639,0.07543859649122807,0.38070175438596493,0.4116666666666667,0.9915538330096751,30,False,1710.0,False
273,train,random,paper,paper,3165569293,2026,600,30,0.7,"[12, 13, 51, 77, 82, 89, 99, 110, 118, 149, 153, 163, 168, 206, 232, 245, 255, 262, 284, 300, 315, 382, 395, 427, 437, 466, 487, 501, 507, 582]","[148, 74, 447, 398, 196, 180, 76, 113, 4, 465, 362, 309, 436, 415, 288, 59, 344, 541, 516, 151, 246, 291, 340, 234, 30, 339, 44, 510, 421, 540]",6.566666666666666,0.0018746169681504437,0.005909885330545219,0.26666666666666666,0.043859649122807015,0.007017543859649123,0.0,1.9095744680851063,4.0,0.010526315789473684,0.3894736842105263,11.250877192982456,0.24380243295398907,0.5396417229365152,0.005796850811845686,3.613793103448276,0.7137664016857034,0.0912280701754386,0.9508771929824561,0.9533333333333334,0.9691464588977396,30,False,2378.0,True
274,train,random,paper,paper,3165569293,2026,600,30,0.7,"[3, 16, 24, 40, 41, 51, 54, 65, 119, 138, 159, 172, 176, 214, 219, 220, 258, 272, 307, 325, 328, 358, 432, 443, 476, 485, 516, 526, 535, 569]","[182, 128, 590, 459, 56, 447, 317, 568, 100, 395, 365, 244, 194, 310, 298, 337, 272, 539, 429, 382, 189, 323, 571, 3, 560, 135, 534, 264, 178, 167]",5.6,0.0016391739343168663,0.004231208138249602,0.25087719298245614,0.02456140350877193,0.005263157894736842,0.0,1.9343971631205674,4.0,0.010526315789473684,0.312280701754386,9.998245614035088,0.22618836006378834,0.5629698146949095,0.003589874106865611,3.9402298850574713,0.7460758874963468,0.07543859649122807,0.9385964912280702,0.9416666666666667,0.9734800830483437,30,False,2376.0,True
275,train,random,paper,paper,3165569293,2026,600,30,0.7,"[5, 36, 74, 82, 88, 115, 123, 133, 134, 148, 157, 172, 176, 182, 268, 280, 290, 291, 295, 314, 318, 335, 372, 419, 432, 436, 494, 499, 566, 593]","[414, 589, 107, 196, 8, 132, 156, 397, 455, 14, 584, 244, 194, 538, 242, 580, 490, 277, 506, 491, 83, 221, 293, 212, 571, 383, 170, 432, 191, 505]",4.266666666666667,0.0013078150552282902,0.0024534353178342788,0.18947368421052632,0.01929824561403509,0.0017543859649122807,0.0,2.0654867256637166,4.0,0.008771929824561403,0.21754385964912282,8.284210526315789,0.17895497565953647,0.6577559892701877,0.0035663538249745145,4.100985221674877,0.7888022991711982,0.07017543859649122,0.2912280701754386,0.32666666666666666,1.0128914590459317,30,False,1622.0,False
276,train,random,paper,paper,3165569293,2026,600,30,0.7,"[97, 105, 116, 131, 132, 144, 166, 170, 174, 219, 227, 257, 264, 272, 288, 301, 308, 347, 365, 397, 422, 476, 484, 491, 496, 504, 534, 568, 574, 596]","[104, 372, 598, 474, 544, 486, 133, 553, 316, 298, 94, 461, 174, 539, 233, 369, 256, 307, 588, 418, 119, 560, 469, 136, 360, 356, 493, 154, 193, 260]",5.3,0.0015640011820731727,0.004575990561750796,0.23157894736842105,0.03684210526315789,0.007017543859649123,0.0,1.9627659574468086,4.0,0.010526315789473684,0.3192982456140351,10.543859649122806,0.21781316013718496,0.5914901489223938,0.007349761649964489,3.767816091954023,0.7529085681159238,0.1,0.9526315789473684,0.955,0.9745676249731332,30,False,2378.0,True
277,train,random,paper,paper,3165569293,2026,600,30,0.7,"[60, 82, 84, 209, 241, 246, 261, 266, 267, 272, 279, 307, 351, 377, 402, 419, 425, 428, 432, 453, 471, 481, 492, 504, 512, 526, 531, 533, 565, 567]","[306, 196, 471, 346, 566, 392, 279, 67, 389, 539, 160, 429, 209, 90, 41, 212, 331, 275, 571, 255, 519, 292, 326, 356, 99, 264, 252, 203, 36, 428]",5.566666666666666,0.001620628956339257,0.0035954913704791943,0.25263157894736843,0.03333333333333333,0.0,0.0,1.9095744680851063,3.0,0.010526315789473684,0.3087719298245614,10.22280701754386,0.23334771500160703,0.5598433694077021,0.003828324594044675,3.786206896551724,0.6609023170015281,0.08596491228070176,0.7789473684210526,0.79,1.0300782499834895,30,False,2196.0,False
278,train,random,paper,paper,3165569293,2026,600,30,0.7,"[47, 62, 65, 79, 101, 103, 109, 160, 194, 223, 226, 244, 254, 335, 388, 389, 395, 408, 437, 444, 484, 497, 505, 507, 517, 520, 532, 534, 542, 549]","[285, 262, 568, 374, 409, 295, 257, 57, 284, 77, 359, 97, 319, 221, 7, 578, 340, 514, 30, 349, 469, 186, 236, 421, 52, 308, 387, 493, 223, 561]",6.766666666666667,0.0018876855506470365,0.007105919135549276,0.2771929824561403,0.05263157894736842,0.005263157894736842,0.0,1.8652482269503545,4.0,0.010526315789473684,0.4017543859649123,11.266666666666667,0.24911535958926156,0.5254093053371566,0.005408621569774901,3.659770114942529,0.733672634969769,0.08596491228070176,0.9578947368421052,0.96,0.9384699170477688,29,True,2378.0,True
279,train,random,paper,paper,3165569293,2026,600,30,0.7,"[19, 28, 30, 34, 40, 61, 79, 107, 122, 126, 134, 140, 173, 244, 278, 340, 350, 355, 372, 389, 409, 410, 429, 482, 513, 514, 547, 566, 585, 596]","[552, 322, 402, 422, 459, 410, 374, 168, 520, 124, 455, 71, 363, 97, 487, 450, 413, 177, 293, 578, 39, 25, 23, 375, 6, 215, 109, 191, 231, 260]",6.3,0.001802522827423606,0.006636159050615513,0.28421052631578947,0.03684210526315789,0.0,0.0,1.8442477876106194,4.0,0.008771929824561403,0.38421052631578945,10.350877192982455,0.24827005460848173,0.5158511392717294,0.0034302698502040076,3.7783251231527095,0.7716820116413625,0.06842105263157895,0.2771929824561403,0.31333333333333335,0.9797237920574844,30,False,1574.0,False
280,train,random,paper,paper,3165569293,2026,600,30,0.7,"[30, 36, 77, 98, 168, 189, 204, 205, 229, 245, 260, 287, 302, 330, 364, 372, 373, 377, 395, 422, 428, 455, 481, 496, 529, 536, 540, 546, 571, 574]","[402, 589, 398, 513, 436, 46, 289, 524, 527, 59, 93, 165, 129, 228, 222, 293, 332, 90, 340, 119, 275, 112, 292, 360, 65, 303, 53, 176, 91, 193]",6.666666666666667,0.0018808111691122297,0.005681578500952197,0.2771929824561403,0.05087719298245614,0.005263157894736842,0.0,1.8634751773049645,3.0,0.010526315789473684,0.4087719298245614,11.852631578947369,0.25283284037961945,0.5243671569080874,0.006744957630023701,3.5126436781609196,0.6852463324339675,0.0824561403508772,0.9491228070175438,0.9516666666666667,0.9298238339833915,29,True,2378.0,True
281,train,random,paper,paper,3165569293,2026,600,30,0.7,"[11, 20, 35, 54, 72, 82, 93, 113, 125, 170, 206, 235, 269, 271, 367, 369, 372, 383, 433, 434, 435, 443, 449, 466, 474, 504, 519, 552, 555, 584]","[495, 507, 479, 317, 68, 196, 394, 511, 280, 553, 415, 55, 390, 144, 200, 569, 293, 157, 115, 431, 249, 3, 24, 339, 45, 356, 80, 320, 312, 149]",6.2,0.0017829048854257686,0.004953148588564713,0.26842105263157895,0.03859649122807018,0.0017543859649122807,0.0,1.8705673758865249,4.0,0.010526315789473684,0.36140350877192984,10.470175438596492,0.24384023228473622,0.5370147689082108,0.0048536003106481014,3.7655172413793103,0.726169654212281,0.08070175438596491,0.6403508771929824,0.6583333333333333,0.9714985829778016,30,False,1946.0,False
282,train,random,paper,paper,3165569293,2026,600,30,0.7,"[11, 52, 85, 96, 106, 112, 153, 158, 187, 203, 231, 267, 276, 281, 320, 346, 353, 370, 383, 393, 430, 448, 455, 456, 458, 534, 559, 568, 577, 581]","[495, 220, 273, 226, 439, 548, 362, 33, 146, 101, 532, 389, 103, 408, 70, 261, 549, 401, 157, 239, 96, 467, 112, 473, 179, 493, 330, 154, 321, 185]",6.266666666666667,0.001787030165324493,0.005490001258418498,0.2614035087719298,0.04912280701754386,0.0017543859649122807,0.0,1.9095744680851063,4.0,0.010526315789473684,0.36140350877192984,10.69122807017544,0.24123756741376454,0.5472204236425863,0.005900745201692615,3.698850574712644,0.7088648103151545,0.11052631578947368,0.9421052631578948,0.945,1.154630457982421,30,False,2378.0,True
283,train,random,paper,paper,3165569293,2026,600,30,0.7,"[22, 23, 39, 75, 87, 120, 142, 169, 172, 187, 196, 242, 297, 299, 304, 309, 312, 315, 320, 346, 371, 457, 460, 484, 492, 502, 513, 535, 543, 597]","[480, 122, 444, 351, 245, 27, 451, 327, 244, 146, 258, 142, 159, 251, 240, 456, 446, 246, 70, 261, 406, 227, 499, 469, 326, 116, 6, 178, 110, 559]",6.133333333333334,0.0017635475289834231,0.005365641052654092,0.2649122807017544,0.05087719298245614,0.0035087719298245615,0.0,1.925531914893617,4.0,0.010526315789473684,0.3701754385964912,10.70701754385965,0.24461027014081146,0.5420960133197669,0.005811486077058936,3.7379310344827585,0.7591494401608353,0.07017543859649122,0.2894736842105263,0.325,1.1037927919533104,30,False,1606.0,False
284,train,random,paper,paper,3165569293,2026,600,30,0.7,"[9, 20, 22, 36, 41, 77, 102, 107, 110, 119, 141, 166, 180, 181, 194, 213, 272, 273, 275, 345, 372, 399, 410, 431, 450, 464, 532, 545, 568, 594]","[391, 507, 480, 589, 56, 398, 121, 168, 113, 100, 9, 133, 105, 353, 284, 270, 539, 438, 371, 466, 293, 263, 25, 328, 2, 533, 387, 376, 154, 463]",5.466666666666667,0.0016062634558496826,0.004305628868284654,0.24561403508771928,0.02982456140350877,0.005263157894736842,0.0,1.9361702127659575,4.0,0.010526315789473684,0.3368421052631579,10.036842105263158,0.2281932519177255,0.570190854993371,0.004241727583512574,3.8505747126436782,0.8108241780715829,0.08771929824561403,0.9491228070175438,0.9516666666666667,1.1358924999367446,30,False,2378.0,True
285,train,random,paper,paper,3165569293,2026,600,30,0.7,"[17, 84, 90, 140, 169, 172, 196, 197, 204, 208, 225, 230, 262, 298, 310, 323, 326, 381, 393, 402, 439, 477, 482, 485, 530, 533, 539, 570, 597, 599]","[166, 471, 318, 71, 327, 244, 258, 92, 289, 254, 131, 29, 541, 546, 86, 433, 412, 556, 239, 41, 565, 423, 375, 135, 324, 203, 453, 366, 559, 88]",5.733333333333333,0.0016667454408357978,0.004328326137983623,0.24385964912280703,0.042105263157894736,0.005263157894736842,0.0,1.943362831858407,3.0,0.008771929824561403,0.3140350877192982,10.049122807017543,0.22832510088284258,0.5728548083741868,0.005781691589314094,3.7192118226600983,0.7659821207804125,0.09649122807017543,0.9385964912280702,0.9416666666666667,1.125270166900009,30,False,2378.0,True
286,train,random,paper,paper,3165569293,2026,600,30,0.7,"[14, 60, 65, 83, 86, 105, 123, 152, 163, 165, 174, 189, 193, 208, 261, 268, 294, 314, 349, 390, 414, 488, 490, 491, 499, 520, 522, 537, 558, 591]","[145, 306, 568, 558, 35, 372, 156, 521, 309, 213, 316, 46, 386, 254, 279, 242, 354, 491, 531, 232, 333, 134, 381, 136, 432, 308, 367, 599, 503, 347]",5.666666666666667,0.001656819297645462,0.004823695211938106,0.24561403508771928,0.03684210526315789,0.005263157894736842,0.0,1.9328621908127208,3.0,0.007017543859649123,0.32456140350877194,9.682456140350878,0.22445009831677137,0.5706410137822588,0.004688184068592984,3.8439153439153437,0.7759352374224454,0.05964912280701754,0.16666666666666666,0.20833333333333334,1.1659745830111206,30,False,1506.0,False
287,train,random,paper,paper,3165569293,2026,600,30,0.7,"[10, 18, 63, 68, 80, 122, 138, 183, 186, 192, 232, 233, 263, 275, 277, 278, 326, 352, 362, 363, 378, 391, 403, 420, 423, 448, 471, 543, 572, 596]","[230, 508, 399, 49, 403, 520, 395, 525, 388, 34, 288, 443, 567, 371, 38, 487, 412, 497, 85, 489, 188, 163, 22, 125, 269, 467, 519, 110, 211, 260]",5.433333333333334,0.0016021886180525907,0.002658975035195904,0.23859649122807017,0.02982456140350877,0.0017543859649122807,0.0,1.9680851063829787,4.0,0.010526315789473684,0.312280701754386,9.928070175438597,0.222189949698609,0.5808343353991305,0.004637211447556274,3.781609195402299,0.7369210703447149,0.06666666666666667,0.3701754385964912,0.40166666666666667,1.1254467910621315,30,False,1674.0,False
288,train,random,paper,paper,3165569293,2026,600,30,0.7,"[5, 17, 19, 26, 38, 43, 75, 97, 125, 136, 154, 173, 176, 222, 231, 237, 358, 403, 457, 459, 462, 476, 499, 512, 533, 542, 554, 562, 576, 592]","[414, 166, 552, 117, 137, 448, 351, 104, 280, 195, 420, 363, 194, 488, 532, 437, 323, 22, 227, 597, 335, 560, 432, 99, 203, 223, 522, 407, 253, 241]",5.866666666666666,0.0016993967552639453,0.00416266808510616,0.2578947368421053,0.03684210526315789,0.0,0.0,1.9042553191489362,4.0,0.010526315789473684,0.3543859649122807,10.41578947368421,0.23697408852534732,0.5521351709678414,0.00470362107278943,3.754022988505747,0.7499946230092036,0.08421052631578947,0.9456140350877194,0.9483333333333334,1.0584287920501083,30,False,2378.0,True
289,train,random,paper,paper,3165569293,2026,600,30,0.7,"[11, 25, 66, 77, 101, 122, 123, 138, 147, 150, 152, 157, 175, 203, 213, 221, 269, 282, 318, 338, 392, 396, 402, 507, 509, 520, 541, 545, 563, 569]","[495, 118, 379, 398, 409, 520, 156, 395, 171, 216, 521, 584, 271, 101, 270, 181, 390, 357, 83, 108, 419, 478, 41, 421, 547, 308, 61, 376, 477, 167]",5.233333333333333,0.0015407009821311415,0.003388907550566152,0.22105263157894736,0.03508771929824561,0.0017543859649122807,0.0,1.9698581560283688,4.0,0.010526315789473684,0.3192982456140351,10.366666666666667,0.21039434175938582,0.607578700706071,0.0057836671629775075,3.6873563218390806,0.6909462232949175,0.06666666666666667,0.9473684210526315,0.95,1.1850999579764903,30,False,2370.0,True
290,train,random,paper,paper,3165569293,2026,600,30,0.7,"[5, 8, 13, 34, 42, 65, 89, 126, 130, 134, 144, 149, 153, 179, 190, 214, 225, 256, 276, 280, 287, 388, 397, 402, 422, 464, 511, 527, 537, 540]","[414, 147, 74, 422, 17, 568, 180, 124, 305, 455, 486, 465, 362, 500, 562, 310, 131, 573, 103, 580, 165, 7, 418, 41, 119, 533, 417, 424, 599, 53]",5.133333333333334,0.0015106299036006287,0.004258668114307812,0.22456140350877193,0.028070175438596492,0.0,0.0,1.9539007092198581,3.0,0.010526315789473684,0.3,9.710526315789474,0.20740619478384387,0.6026331205870564,0.00365223426692692,3.9264367816091954,0.7649773303742755,0.08070175438596491,0.8543859649122807,0.8616666666666667,1.165146708022803,30,False,2256.0,False
291,train,random,paper,paper,3165569293,2026,600,30,0.7,"[0, 4, 9, 14, 93, 139, 148, 156, 201, 207, 210, 274, 285, 314, 324, 337, 345, 367, 406, 449, 452, 480, 482, 517, 527, 547, 554, 557, 576, 578]","[509, 594, 391, 145, 394, 152, 14, 143, 175, 441, 64, 161, 314, 491, 62, 494, 466, 200, 276, 24, 313, 243, 375, 52, 424, 109, 522, 368, 253, 106]",6.166666666666667,0.0017580873321151832,0.005689900374568541,0.26842105263157895,0.04035087719298246,0.007017543859649123,0.0,1.892226148409894,4.0,0.007017543859649123,0.3385964912280702,10.305263157894737,0.24372216827321128,0.5370147689082108,0.005642994685929102,3.7222222222222223,0.8317132672133405,0.0912280701754386,0.2807017543859649,0.31666666666666665,0.9219634998589754,24,True,1574.0,False
292,train,random,paper,paper,3165569293,2026,600,30,0.7,"[13, 60, 61, 81, 105, 121, 130, 138, 143, 164, 186, 193, 198, 227, 229, 263, 266, 326, 354, 376, 377, 417, 437, 511, 537, 540, 543, 548, 571, 597]","[74, 306, 410, 593, 372, 434, 305, 395, 172, 498, 388, 386, 187, 94, 527, 567, 67, 412, 551, 87, 90, 296, 30, 417, 599, 53, 110, 224, 91, 559]",5.133333333333334,0.0015218148522997443,0.0037164944652626226,0.23333333333333334,0.02631578947368421,0.0035087719298245615,0.0,1.9397163120567376,4.0,0.010526315789473684,0.30350877192982456,10.057894736842105,0.21789691724697052,0.5887891961890667,0.003928549802095227,3.793103448275862,0.7556945138701536,0.07543859649122807,0.9491228070175438,0.9516666666666667,1.0718152078334242,26,True,2376.0,True
293,train,random,paper,paper,3165569293,2026,600,30,0.7,"[23, 33, 77, 129, 142, 143, 161, 163, 172, 181, 203, 255, 261, 307, 311, 316, 317, 388, 393, 398, 405, 423, 426, 431, 447, 457, 481, 490, 536, 576]","[122, 73, 398, 287, 451, 172, 545, 309, 244, 353, 101, 344, 279, 429, 385, 42, 18, 7, 239, 411, 523, 269, 425, 328, 315, 227, 292, 381, 303, 253]",5.833333333333333,0.0016766726174546956,0.004630842489514039,0.24912280701754386,0.03333333333333333,0.007017543859649123,0.0,1.925531914893617,4.0,0.010526315789473684,0.32280701754385965,10.75438596491228,0.22994649688815258,0.5650911109055592,0.007127231944676164,3.7011494252873565,0.7460758874963467,0.08070175438596491,0.3017543859649123,0.33666666666666667,1.1288372920826077,30,False,1588.0,False
294,train,random,paper,paper,3165569293,2026,600,30,0.7,"[6, 60, 114, 131, 142, 165, 168, 191, 196, 229, 249, 251, 275, 303, 329, 368, 376, 442, 459, 473, 475, 487, 501, 530, 537, 539, 546, 560, 574, 598]","[472, 306, 199, 474, 451, 213, 436, 140, 258, 527, 350, 336, 371, 281, 554, 396, 87, 32, 597, 570, 543, 44, 510, 324, 599, 453, 176, 557, 193, 435]",5.933333333333334,0.0017186238725943636,0.005682922390371712,0.2736842105263158,0.028070175438596492,0.0,0.0,1.8617021276595744,3.0,0.010526315789473684,0.3719298245614035,11.250877192982456,0.24764421363429992,0.5290845743532822,0.0030264636197699078,3.6551724137931036,0.7688960658871327,0.07543859649122807,0.6947368421052632,0.71,1.156548541970551,30,False,2034.0,False
295,train,random,paper,paper,3165569293,2026,600,30,0.7,"[6, 15, 29, 94, 129, 151, 169, 204, 235, 236, 278, 288, 331, 337, 360, 376, 401, 405, 414, 441, 476, 477, 479, 494, 514, 520, 528, 565, 566, 574]","[472, 50, 82, 81, 287, 63, 327, 289, 55, 475, 487, 233, 442, 494, 139, 87, 427, 523, 333, 380, 560, 423, 518, 170, 215, 308, 468, 36, 191, 193]",4.933333333333334,0.0015011017025815276,0.0032897163594033723,0.21578947368421053,0.02631578947368421,0.0,0.0,2.0,4.0,0.010526315789473684,0.25263157894736843,9.005263157894737,0.20167007033874448,0.6159405543736318,0.0041526098422650145,4.0137931034482754,0.7499946230092036,0.07017543859649122,0.9473684210526315,0.95,1.1833079168573022,30,True,2378.0,True
296,train,random,paper,paper,3165569293,2026,600,30,0.7,"[6, 10, 26, 54, 122, 126, 134, 135, 188, 209, 246, 261, 263, 288, 309, 357, 362, 368, 387, 393, 397, 426, 505, 513, 521, 528, 551, 552, 578, 595]","[472, 230, 117, 317, 520, 124, 455, 21, 265, 346, 392, 279, 567, 233, 456, 504, 85, 396, 361, 239, 418, 425, 236, 6, 464, 468, 75, 320, 106, 120]",5.1,0.0015079417232076219,0.003350705529812712,0.22631578947368422,0.02982456140350877,0.0017543859649122807,0.0,1.9592198581560283,4.0,0.010526315789473684,0.3017543859649123,9.921052631578947,0.2123497321684046,0.5995683408873678,0.00407045062217476,3.8482758620689657,0.7716820116413625,0.06140350877192982,0.1368421052631579,0.18,1.1088263338897377,29,True,1494.0,False
297,train,random,paper,paper,3165569293,2026,600,30,0.7,"[2, 15, 21, 46, 48, 91, 114, 121, 125, 156, 164, 168, 210, 262, 264, 280, 312, 319, 322, 324, 343, 344, 376, 386, 434, 510, 519, 553, 559, 575]","[592, 50, 127, 192, 11, 37, 199, 434, 280, 143, 498, 436, 64, 541, 174, 580, 446, 550, 162, 62, 248, 563, 87, 16, 431, 51, 80, 141, 330, 267]",5.133333333333334,0.0015153683713036406,0.003830500768362841,0.21578947368421053,0.031578947368421054,0.005263157894736842,0.0,1.9876106194690266,4.0,0.008771929824561403,0.3017543859649123,9.980701754385965,0.20168920808425211,0.6161687170474517,0.0060297812021949965,3.6995073891625614,0.7827679180420224,0.09473684210526316,0.7543859649122807,0.7666666666666667,1.151496334001422,30,False,2100.0,False
298,train,random,paper,paper,3165569293,2026,600,30,0.7,"[7, 12, 19, 45, 47, 54, 91, 112, 152, 202, 213, 254, 301, 303, 310, 345, 355, 387, 404, 444, 459, 463, 472, 490, 512, 531, 532, 538, 546, 547]","[225, 148, 552, 512, 285, 317, 37, 548, 521, 405, 270, 319, 369, 281, 86, 466, 177, 361, 250, 349, 597, 377, 237, 381, 99, 252, 387, 95, 176, 109]",5.5,0.0016054703219934706,0.004479884625430721,0.22105263157894736,0.03684210526315789,0.007017543859649123,0.0,1.9858407079646017,4.0,0.008771929824561403,0.3087719298245614,9.77017543859649,0.21035864060976575,0.6076465328523417,0.005905626940109698,3.7561576354679804,0.6720447804169886,0.0912280701754386,0.9385964912280702,0.9416666666666667,1.1564547498710454,30,False,2374.0,True
299,train,random,paper,paper,3165569293,2026,600,30,0.7,"[12, 102, 159, 164, 178, 183, 194, 195, 202, 259, 260, 294, 350, 374, 378, 384, 391, 401, 418, 454, 490, 498, 508, 519, 545, 546, 547, 565, 571, 577]","[148, 121, 365, 498, 492, 525, 284, 528, 405, 155, 93, 354, 413, 111, 188, 564, 163, 427, 373, 198, 381, 591, 581, 80, 376, 176, 109, 36, 91, 321]",6.1,0.0017566886297395673,0.004452251353007734,0.24210526315789474,0.0456140350877193,0.012280701754385965,0.0,1.9308510638297873,4.0,0.010526315789473684,0.33157894736842103,10.305263157894737,0.23019400948407948,0.5753645977862054,0.007998429475423176,3.7333333333333334,0.6587866713852093,0.08947368421052632,0.9333333333333333,0.9366666666666666,1.031191874993965,27,True,2374.0,True
300,train,random,paper,paper,3165569293,2026,600,30,0.7,"[5, 36, 64, 67, 106, 114, 134, 135, 163, 201, 202, 214, 228, 277, 286, 306, 327, 339, 340, 403, 443, 446, 485, 489, 495, 522, 572, 590, 597, 599]","[414, 589, 384, 0, 439, 199, 455, 21, 309, 175, 405, 310, 173, 38, 484, 301, 574, 47, 450, 22, 3, 208, 135, 31, 206, 367, 211, 20, 559, 88]",5.366666666666666,0.0015892491491651761,0.0034089920177740383,0.24561403508771928,0.028070175438596492,0.0017543859649122807,0.0,1.9379432624113475,3.0,0.010526315789473684,0.2894736842105263,10.06140350877193,0.22662911474024858,0.5703203527271606,0.00425435037504003,3.7632183908045977,0.7400415063671708,0.07894736842105263,0.4192982456140351,0.4483333333333333,1.238383708987385,30,False,1720.0,False
301,train,random,paper,paper,3165569293,2026,600,30,0.7,"[11, 44, 93, 105, 129, 165, 166, 186, 206, 210, 217, 226, 229, 239, 287, 298, 308, 378, 388, 421, 436, 463, 479, 484, 508, 535, 575, 578, 579, 580]","[495, 586, 394, 372, 287, 213, 133, 388, 415, 64, 13, 359, 527, 126, 165, 546, 256, 188, 7, 201, 383, 377, 518, 469, 581, 178, 267, 106, 440, 60]",5.133333333333334,0.0015201157088470807,0.0033623483863759315,0.24385964912280703,0.01929824561403509,0.0035087719298245615,0.0,1.9308510638297873,4.0,0.010526315789473684,0.30701754385964913,9.631578947368421,0.22187882153594407,0.573119970400518,0.0026214854561710543,4.022988505747127,0.7872057001903959,0.07894736842105263,0.9333333333333333,0.9366666666666666,1.1668635001406074,30,False,2372.0,True
302,train,random,paper,paper,3165569293,2026,600,30,0.7,"[21, 25, 63, 71, 141, 154, 200, 203, 216, 218, 238, 243, 247, 269, 275, 278, 287, 348, 373, 385, 414, 431, 433, 462, 480, 514, 515, 522, 558, 562]","[127, 118, 399, 526, 9, 420, 404, 101, 342, 338, 266, 416, 286, 390, 371, 487, 165, 325, 332, 364, 333, 328, 115, 335, 243, 215, 299, 367, 503, 407]",5.766666666666667,0.0017102940367827314,0.003975577321698245,0.23684210526315788,0.04035087719298246,0.0035087719298245615,0.0,1.9680851063829787,4.0,0.010526315789473684,0.3263157894736842,10.414035087719299,0.22117639721624532,0.5834859556624425,0.00596897096790339,3.717241379310345,0.7581446497546985,0.07192982456140351,0.3017543859649123,0.33666666666666667,1.151401791954413,30,False,1598.0,False
303,train,random,paper,paper,3165569293,2026,600,30,0.7,"[21, 60, 62, 75, 82, 96, 109, 111, 129, 174, 190, 197, 214, 243, 254, 290, 301, 328, 356, 363, 385, 396, 401, 453, 494, 506, 526, 549, 554, 560]","[127, 306, 262, 351, 196, 226, 257, 481, 287, 316, 562, 92, 310, 416, 319, 490, 369, 189, 98, 489, 364, 478, 427, 255, 170, 183, 264, 561, 522, 557]",5.3,0.0015539897123593499,0.004187756554573446,0.24736842105263157,0.02280701754385965,0.0017543859649122807,0.0,1.898936170212766,3.0,0.010526315789473684,0.2929824561403509,10.296491228070176,0.2252653100297936,0.5678845620201647,0.004252591559893791,3.9379310344827587,0.7840852641679401,0.08947368421052632,0.9403508771929825,0.9433333333333334,0.9150993339717388,23,True,2378.0,True
304,train,random,paper,paper,3165569293,2026,600,30,0.7,"[1, 27, 31, 53, 89, 149, 206, 217, 223, 226, 247, 263, 334, 348, 350, 384, 388, 401, 435, 454, 464, 481, 482, 507, 510, 513, 540, 560, 568, 572]","[575, 579, 482, 345, 180, 465, 415, 13, 77, 359, 286, 567, 205, 325, 413, 564, 7, 427, 249, 198, 533, 292, 375, 421, 51, 6, 53, 557, 154, 211]",5.633333333333334,0.0016384283094625723,0.00396836209483115,0.24385964912280703,0.03684210526315789,0.005263157894736842,0.0,1.9575221238938052,4.0,0.008771929824561403,0.32105263157894737,10.12982456140351,0.2271165518613685,0.572842475256683,0.005517885315045558,3.729064039408867,0.8191806957328134,0.09298245614035087,0.9350877192982456,0.9383333333333334,0.9513356250245124,25,True,2374.0,True
305,train,random,paper,paper,3165569293,2026,600,30,0.7,"[0, 5, 17, 22, 48, 77, 113, 139, 163, 166, 212, 239, 247, 257, 288, 292, 300, 319, 351, 386, 401, 440, 451, 452, 464, 513, 515, 517, 551, 579]","[509, 414, 166, 480, 11, 398, 511, 152, 309, 133, 496, 126, 286, 461, 233, 304, 151, 550, 209, 16, 427, 247, 577, 313, 533, 6, 299, 52, 75, 440]",5.666666666666667,0.0016203158474368492,0.0047649064759663195,0.23859649122807017,0.031578947368421054,0.005263157894736842,0.0,1.9095744680851063,3.0,0.010526315789473684,0.35789473684210527,10.894736842105264,0.2211559975922503,0.5810378318379429,0.004627457673737165,3.7126436781609193,0.7560290041383796,0.08070175438596491,0.9543859649122807,0.9566666666666667,1.1334339999593794,30,False,2378.0,True
306,train,random,paper,paper,3165569293,2026,600,30,0.7,"[23, 30, 32, 49, 65, 69, 86, 111, 117, 132, 147, 150, 159, 208, 215, 241, 246, 255, 268, 326, 352, 369, 415, 455, 472, 475, 485, 536, 541, 554]","[122, 402, 457, 72, 568, 501, 35, 481, 48, 544, 171, 216, 365, 254, 452, 566, 392, 344, 242, 412, 497, 569, 190, 112, 237, 543, 135, 303, 61, 522]",6.366666666666666,0.0018223785511132726,0.004993573953786593,0.28771929824561404,0.03333333333333333,0.0035087719298245615,0.0,1.8546099290780143,4.0,0.010526315789473684,0.38070175438596493,10.93157894736842,0.25680848905208703,0.5094810840810285,0.004337094273376132,3.6804597701149424,0.7612650857771542,0.1,0.9385964912280702,0.9416666666666667,1.174581291154027,30,True,2378.0,True
307,train,random,paper,paper,3165569293,2026,600,30,0.7,"[22, 30, 46, 49, 108, 111, 124, 162, 165, 208, 212, 216, 231, 284, 298, 315, 332, 354, 371, 398, 410, 432, 461, 471, 483, 508, 515, 559, 568, 597]","[480, 402, 192, 72, 449, 481, 454, 278, 213, 254, 496, 342, 532, 516, 546, 246, 274, 551, 406, 411, 25, 571, 290, 519, 19, 581, 299, 330, 154, 559]",6.366666666666666,0.0018131995210824404,0.005305927925136501,0.2614035087719298,0.04912280701754386,0.010526315789473684,0.0,1.8953900709219857,4.0,0.010526315789473684,0.4017543859649123,11.903508771929825,0.2436045389265958,0.5468257638824654,0.007592679414500701,3.542528735632184,0.7517757783572968,0.08947368421052632,0.9421052631578948,0.945,1.1214364578481764,30,True,2376.0,True
308,train,random,paper,paper,3165569293,2026,600,30,0.7,"[3, 40, 41, 49, 51, 57, 69, 106, 129, 138, 143, 167, 232, 243, 290, 312, 313, 335, 362, 385, 393, 398, 412, 422, 489, 500, 543, 569, 587, 599]","[182, 459, 56, 72, 447, 502, 501, 439, 287, 395, 172, 585, 288, 416, 490, 446, 102, 221, 85, 364, 239, 411, 184, 119, 31, 5, 110, 167, 352, 88]",6.066666666666666,0.001761710720632579,0.004817120903681161,0.2596491228070175,0.03508771929824561,0.005263157894736842,0.0,1.888495575221239,4.0,0.008771929824561403,0.3368421052631579,10.580701754385965,0.2337833325334439,0.550223537754756,0.005287513884729745,3.642857142857143,0.8168585592007588,0.08070175438596491,0.9508771929824561,0.9533333333333334,1.208124249940738,30,False,2376.0,True
309,train,random,paper,paper,3165569293,2026,600,30,0.7,"[4, 24, 27, 44, 74, 83, 128, 134, 174, 206, 207, 240, 256, 282, 317, 339, 350, 366, 377, 388, 397, 402, 449, 486, 490, 491, 495, 540, 548, 576]","[594, 590, 579, 586, 107, 558, 210, 455, 316, 415, 441, 54, 573, 357, 18, 47, 413, 587, 90, 7, 418, 41, 24, 542, 381, 136, 206, 53, 224, 253]",5.333333333333333,0.0015534088715272682,0.0035158869157509913,0.23684210526315788,0.02456140350877193,0.0035087719298245615,0.0,1.952127659574468,4.0,0.010526315789473684,0.30526315789473685,10.205263157894738,0.21704634707032316,0.5838744488638116,0.004537479290102978,3.740229885057471,0.7568273036287808,0.07017543859649122,0.2964912280701754,0.33166666666666667,1.127423333004117,30,False,1610.0,False
310,train,random,paper,paper,3165569293,2026,600,30,0.7,"[4, 13, 22, 25, 36, 52, 73, 87, 90, 128, 133, 158, 207, 238, 262, 275, 300, 317, 327, 360, 414, 426, 431, 434, 439, 464, 533, 539, 586, 594]","[594, 74, 480, 118, 589, 220, 302, 245, 318, 210, 397, 33, 441, 266, 541, 371, 151, 18, 574, 139, 333, 425, 328, 431, 565, 533, 203, 453, 343, 463]",6.0,0.0017352710529962472,0.00442714388347454,0.2736842105263158,0.031578947368421054,0.0035087719298245615,0.0,1.875886524822695,4.0,0.010526315789473684,0.35964912280701755,10.524561403508772,0.24409522327399877,0.5295408997009219,0.004120125048116935,3.7586206896551726,0.6650056088816759,0.07192982456140351,0.5017543859649123,0.5266666666666666,1.147903708042577,30,False,1776.0,False
311,train,random,paper,paper,3165569293,2026,600,30,0.7,"[54, 78, 91, 95, 103, 142, 162, 186, 206, 225, 239, 324, 328, 365, 400, 404, 405, 426, 442, 450, 451, 478, 484, 515, 549, 555, 560, 574, 582, 593]","[317, 595, 37, 79, 295, 451, 278, 388, 415, 131, 126, 62, 189, 588, 197, 250, 523, 425, 32, 2, 577, 202, 469, 299, 561, 312, 557, 193, 540, 505]",5.066666666666666,0.001502168887932447,0.003187010893947551,0.23859649122807017,0.021052631578947368,0.0,0.0,1.9451327433628318,4.0,0.008771929824561403,0.30350877192982456,9.498245614035088,0.21892121500443715,0.5809021675454012,0.002616599837695172,3.8029556650246303,0.7720165019095883,0.07192982456140351,0.956140350877193,0.9583333333333334,1.062562792096287,27,True,2378.0,True
312,train,random,paper,paper,3165569293,2026,600,30,0.7,"[11, 36, 37, 61, 66, 104, 120, 155, 177, 192, 201, 227, 230, 262, 263, 302, 339, 392, 401, 416, 464, 486, 518, 524, 530, 532, 541, 546, 549, 590]","[495, 589, 217, 410, 379, 130, 27, 43, 235, 34, 175, 94, 29, 541, 567, 129, 47, 419, 427, 355, 533, 542, 158, 393, 324, 387, 61, 176, 561, 20]",5.533333333333333,0.0016120860984004946,0.00317465476986491,0.22631578947368422,0.03333333333333333,0.007017543859649123,0.0,1.9609929078014185,4.0,0.010526315789473684,0.3280701754385965,10.929824561403509,0.21304951698271463,0.5996053402398791,0.006798303867269384,3.6758620689655173,0.6938821029500826,0.07719298245614035,0.25263157894736843,0.29,1.0356971670407802,26,True,1564.0,False
313,train,random,paper,paper,3165569293,2026,600,30,0.7,"[1, 15, 57, 86, 89, 138, 228, 229, 252, 255, 269, 291, 309, 318, 326, 355, 359, 363, 365, 380, 415, 426, 440, 483, 505, 536, 569, 585, 594, 597]","[575, 50, 502, 35, 180, 395, 173, 527, 15, 344, 390, 277, 456, 83, 412, 177, 537, 489, 588, 334, 190, 425, 247, 19, 236, 303, 167, 231, 463, 559]",5.533333333333333,0.0016385110715418513,0.003385478447987327,0.24912280701754386,0.03333333333333333,0.0017543859649122807,0.0,1.9379432624113475,3.0,0.010526315789473684,0.2912280701754386,9.857894736842105,0.23032666723032263,0.565041778435544,0.004966876336044693,3.7908045977011495,0.7460758874963467,0.06666666666666667,0.7105263157894737,0.725,1.217375790933147,30,False,2024.0,False
314,train,random,paper,paper,3165569293,2026,600,30,0.7,"[33, 46, 65, 78, 100, 107, 113, 121, 127, 132, 149, 179, 180, 207, 219, 231, 263, 267, 268, 288, 294, 349, 417, 421, 448, 488, 523, 548, 570, 588]","[73, 192, 568, 595, 529, 168, 511, 434, 462, 544, 465, 500, 105, 441, 298, 532, 567, 389, 242, 233, 354, 531, 296, 201, 467, 134, 153, 224, 366, 283]",6.6,0.0018707047556034942,0.00664010044299245,0.28596491228070176,0.031578947368421054,0.007017543859649123,0.0,1.8067375886524824,3.0,0.010526315789473684,0.41403508771929826,10.992982456140352,0.25365112671593093,0.5121327043443407,0.004841870686004347,3.749425287356322,0.7772525835483631,0.0824561403508772,0.9614035087719298,0.9633333333333334,1.164605958852917,30,False,2378.0,True
315,train,random,paper,paper,3165569293,2026,600,30,0.7,"[1, 6, 77, 82, 88, 90, 93, 100, 137, 177, 207, 211, 227, 236, 303, 315, 333, 344, 350, 374, 376, 420, 429, 446, 532, 552, 557, 558, 564, 568]","[575, 472, 398, 196, 8, 318, 394, 529, 476, 235, 441, 300, 94, 475, 281, 246, 294, 563, 413, 111, 87, 125, 23, 208, 387, 320, 368, 503, 58, 154]",4.466666666666667,0.0013560503910443336,0.0029851154220529646,0.20526315789473684,0.01929824561403509,0.0,0.0,2.0212389380530973,4.0,0.008771929824561403,0.25263157894736843,8.896491228070175,0.19136744978780906,0.6325162642987081,0.00251593234351855,4.041871921182266,0.7940383808099729,0.06842105263157895,0.9473684210526315,0.95,1.2090522081125528,30,False,2376.0,True
316,train,random,paper,paper,3165569293,2026,600,30,0.7,"[20, 36, 69, 169, 171, 183, 184, 215, 231, 239, 244, 246, 262, 268, 283, 289, 352, 355, 370, 410, 438, 484, 485, 501, 506, 508, 513, 518, 538, 585]","[507, 589, 501, 327, 268, 525, 576, 452, 532, 126, 97, 392, 541, 242, 517, 66, 497, 177, 401, 25, 40, 469, 135, 510, 183, 581, 6, 158, 95, 231]",6.066666666666666,0.0017407316533363936,0.004269815821134775,0.2578947368421053,0.03859649122807018,0.008771929824561403,0.0,1.9131205673758864,4.0,0.010526315789473684,0.3719298245614035,11.780701754385966,0.23956798803059098,0.5519563407640367,0.007108401139841302,3.5954022988505745,0.7203417639988409,0.08771929824561403,0.9526315789473684,0.955,1.1399852079339325,30,True,2378.0,True
317,train,random,paper,paper,3165569293,2026,600,30,0.7,"[39, 66, 77, 98, 119, 127, 141, 170, 176, 177, 185, 187, 194, 286, 321, 355, 377, 404, 407, 416, 447, 472, 504, 523, 538, 541, 545, 547, 551, 558]","[444, 379, 398, 513, 100, 462, 9, 553, 194, 235, 311, 146, 284, 484, 458, 177, 90, 250, 114, 355, 315, 237, 356, 153, 95, 61, 376, 109, 75, 503]",7.033333333333333,0.001957551104112325,0.007231727358925789,0.28421052631578947,0.0456140350877193,0.008771929824561403,0.0,1.8599290780141844,4.0,0.010526315789473684,0.4543859649122807,11.919298245614035,0.2573078453712888,0.5144328307587951,0.0054704830218801365,3.5954022988505745,0.732874335479368,0.09824561403508772,0.9385964912280702,0.9416666666666667,1.143028958933428,30,False,2376.0,True
318,train,random,paper,paper,3165569293,2026,600,30,0.7,"[12, 53, 59, 65, 111, 116, 119, 125, 136, 147, 175, 255, 321, 346, 370, 381, 405, 420, 428, 434, 446, 447, 450, 467, 485, 532, 541, 556, 585, 590]","[148, 345, 555, 568, 481, 598, 100, 280, 195, 171, 271, 344, 458, 261, 401, 556, 523, 125, 275, 431, 208, 315, 2, 204, 135, 387, 61, 207, 231, 20]",6.166666666666667,0.0017555865142248356,0.005738817466554003,0.2578947368421053,0.043859649122807015,0.005263157894736842,0.0,1.9024822695035462,4.0,0.010526315789473684,0.3631578947368421,11.010526315789473,0.23676653614907958,0.5523633336416612,0.006392691662788812,3.698850574712644,0.7240540085959621,0.06315789473684211,0.18421052631578946,0.225,1.0416088751517236,25,True,1530.0,False
319,train,random,paper,paper,3165569293,2026,600,30,0.7,"[2, 38, 55, 70, 72, 77, 99, 103, 145, 150, 166, 187, 198, 214, 223, 273, 314, 315, 341, 345, 347, 353, 356, 359, 434, 436, 467, 486, 497, 582]","[592, 137, 515, 84, 68, 398, 76, 295, 297, 216, 133, 146, 187, 310, 77, 438, 491, 246, 341, 466, 307, 549, 98, 537, 431, 383, 204, 542, 186, 540]",6.066666666666666,0.001726073165976887,0.005462569268909945,0.25263157894736843,0.05087719298245614,0.008771929824561403,0.0,1.9097345132743362,3.0,0.008771929824561403,0.39824561403508774,10.771929824561404,0.23544833038880356,0.5603120278728455,0.006381866114575661,3.6551724137931036,0.7801665286550832,0.08771929824561403,0.30701754385964913,0.3416666666666667,1.1783793331123888,30,False,1640.0,False
320,train,random,paper,paper,3165569293,2026,600,30,0.7,"[51, 67, 117, 123, 127, 141, 156, 173, 195, 226, 229, 324, 331, 354, 357, 387, 399, 418, 419, 425, 426, 427, 432, 442, 449, 458, 495, 521, 587, 589]","[447, 0, 48, 156, 462, 9, 143, 363, 528, 359, 527, 62, 442, 551, 504, 361, 263, 373, 212, 331, 425, 234, 571, 32, 24, 179, 206, 464, 352, 470]",6.533333333333333,0.0018667640246061116,0.0059603935232443355,0.25263157894736843,0.05263157894736842,0.007017543859649123,0.0,1.9148936170212767,4.0,0.010526315789473684,0.3894736842105263,10.26842105263158,0.2343021448395003,0.5602503622853267,0.006009027471756897,3.657471264367816,0.7180196274667862,0.07894736842105263,0.25263157894736843,0.29,1.2393894579727203,30,False,1590.0,False
321,train,random,paper,paper,3165569293,2026,600,30,0.7,"[7, 11, 13, 187, 202, 208, 265, 267, 283, 300, 309, 321, 343, 369, 387, 404, 405, 411, 439, 443, 462, 465, 485, 504, 505, 549, 551, 553, 556, 563]","[225, 495, 74, 146, 405, 254, 69, 389, 517, 151, 456, 458, 248, 569, 361, 250, 523, 10, 565, 3, 335, 582, 135, 356, 236, 561, 75, 141, 207, 477]",6.2,0.0017654297685970018,0.005584192814517647,0.2596491228070175,0.03684210526315789,0.008771929824561403,0.0,1.8918439716312057,4.0,0.010526315789473684,0.3894736842105263,11.366666666666667,0.23590806753678653,0.5497733789658681,0.006767420725885205,3.632183908045977,0.7065992307979005,0.08421052631578947,0.9403508771929825,0.9433333333333334,1.1717730001546443,30,False,2372.0,True
322,train,random,paper,paper,3165569293,2026,600,30,0.7,"[26, 42, 58, 66, 77, 80, 88, 89, 122, 133, 182, 192, 198, 202, 216, 254, 276, 288, 328, 358, 406, 419, 422, 451, 468, 470, 476, 514, 535, 595]","[117, 17, 358, 379, 398, 403, 8, 180, 520, 397, 538, 34, 187, 405, 342, 319, 103, 233, 189, 323, 276, 212, 119, 577, 12, 138, 560, 215, 178, 120]",5.266666666666667,0.0015661104776604556,0.0037408505694851942,0.23157894736842105,0.02631578947368421,0.0017543859649122807,0.0,2.0141843971631204,4.0,0.010526315789473684,0.27017543859649124,9.14561403508772,0.2153403615548827,0.5915518145099128,0.0037490032317618526,3.9195402298850577,0.7488618332505766,0.07543859649122807,0.23684210526315788,0.275,1.1330541658680886,26,True,1554.0,False
323,train,random,paper,paper,3165569293,2026,600,30,0.7,"[0, 3, 8, 48, 52, 82, 94, 98, 133, 193, 197, 244, 245, 247, 259, 261, 328, 345, 377, 388, 395, 426, 430, 465, 484, 513, 515, 517, 582, 585]","[509, 182, 147, 11, 220, 196, 81, 513, 397, 386, 92, 97, 59, 286, 155, 279, 189, 466, 90, 7, 340, 425, 96, 582, 469, 6, 299, 52, 540, 231]",6.566666666666666,0.001853930820000641,0.005721963288342405,0.2614035087719298,0.04736842105263158,0.008771929824561403,0.0,1.9042553191489362,3.0,0.010526315789473684,0.37894736842105264,11.105263157894736,0.24093995299789295,0.5473252551413683,0.006042433961004178,3.6045977011494252,0.7168868377081591,0.07894736842105263,0.9543859649122807,0.9566666666666667,1.1684261248447,30,False,2378.0,True
324,train,random,paper,paper,3165569293,2026,600,30,0.7,"[4, 31, 37, 49, 81, 91, 99, 100, 113, 124, 169, 217, 227, 233, 321, 346, 411, 432, 446, 449, 456, 475, 494, 499, 526, 536, 563, 580, 586, 596]","[594, 482, 217, 72, 593, 37, 76, 529, 511, 454, 327, 13, 94, 443, 458, 261, 10, 571, 208, 24, 473, 543, 170, 432, 264, 303, 477, 60, 343, 260]",5.633333333333334,0.0016463061392468497,0.004251575459441132,0.24912280701754386,0.04035087719298246,0.0035087719298245615,0.0,1.91858407079646,4.0,0.008771929824561403,0.32105263157894737,9.526315789473685,0.22930258396026884,0.5653377732556347,0.005166782633954621,3.894088669950739,0.7529085681159238,0.05263157894736842,0.13157894736842105,0.175,1.152595791965723,27,True,1452.0,False
325,train,random,paper,paper,3165569293,2026,600,30,0.7,"[5, 62, 66, 131, 133, 137, 171, 203, 204, 231, 234, 242, 244, 250, 252, 260, 265, 285, 312, 352, 396, 400, 426, 479, 494, 520, 532, 547, 555, 598]","[414, 262, 379, 474, 397, 476, 268, 101, 289, 532, 28, 142, 97, 238, 15, 93, 69, 314, 446, 497, 478, 197, 425, 518, 170, 308, 387, 109, 312, 435]",5.7,0.001671832668755535,0.0048728893361575125,0.23859649122807017,0.031578947368421054,0.0035087719298245615,0.0,1.9539007092198581,4.0,0.010526315789473684,0.3333333333333333,10.033333333333333,0.22181551694586543,0.5809330003391607,0.005339210360828809,3.7632183908045977,0.7168868377081592,0.06666666666666667,0.1543859649122807,0.19666666666666666,1.1594924998935312,27,True,1474.0,False
326,train,random,paper,paper,3165569293,2026,600,30,0.7,"[1, 4, 8, 26, 39, 43, 48, 53, 113, 114, 144, 149, 165, 180, 207, 221, 224, 229, 230, 295, 339, 367, 394, 439, 453, 481, 484, 546, 592, 599]","[575, 594, 147, 117, 444, 448, 11, 345, 511, 199, 486, 465, 213, 105, 441, 181, 329, 527, 29, 506, 47, 200, 169, 565, 255, 292, 469, 176, 241, 88]",5.333333333333333,0.0015608064368992534,0.003237146421960417,0.2543859649122807,0.02280701754385965,0.0035087719298245615,0.0,1.9202127659574468,4.0,0.010526315789473684,0.3105263157894737,9.97719298245614,0.23074119346099645,0.5573274134369315,0.002986510660258925,3.901149425287356,0.7617288949993296,0.07017543859649122,0.36666666666666664,0.3983333333333333,1.279953874880448,30,False,1672.0,False
327,train,random,paper,paper,3165569293,2026,600,30,0.7,"[27, 32, 33, 48, 86, 130, 131, 140, 151, 171, 191, 212, 242, 268, 270, 284, 292, 313, 317, 339, 349, 353, 367, 403, 424, 429, 435, 477, 481, 570]","[579, 457, 73, 11, 35, 305, 474, 71, 63, 268, 140, 496, 142, 242, 150, 516, 304, 102, 18, 47, 531, 549, 200, 22, 164, 23, 249, 423, 292, 366]",5.433333333333334,0.0015998361124401146,0.0041888716278344635,0.23333333333333334,0.031578947368421054,0.0035087719298245615,0.0,1.9557522123893805,4.0,0.008771929824561403,0.3087719298245614,9.80877192982456,0.21802634112120028,0.58883236210033,0.0050418483177103865,3.7167487684729066,0.7659821207804125,0.07543859649122807,0.8842105263157894,0.89,1.271493999985978,30,False,2330.0,False
328,train,random,paper,paper,3165569293,2026,600,30,0.7,"[22, 25, 42, 49, 57, 100, 119, 174, 181, 182, 222, 230, 244, 274, 283, 298, 315, 338, 367, 406, 436, 465, 473, 503, 525, 533, 545, 584, 586, 589]","[480, 118, 17, 72, 502, 529, 100, 316, 353, 538, 488, 29, 97, 161, 517, 546, 246, 108, 200, 276, 383, 582, 570, 572, 400, 203, 376, 149, 343, 470]",6.533333333333333,0.0018450649527855432,0.006056350162981785,0.2649122807017544,0.05789473684210526,0.007017543859649123,0.0,1.8971631205673758,4.0,0.010526315789473684,0.40350877192982454,11.750877192982456,0.25144130001721116,0.5413991921808035,0.007208314126751192,3.4919540229885055,0.7271744446184178,0.08070175438596491,0.9350877192982456,0.9383333333333334,1.1604249170050025,30,False,2376.0,True
329,train,random,paper,paper,3165569293,2026,600,30,0.7,"[5, 7, 47, 48, 112, 186, 261, 270, 279, 292, 296, 332, 340, 356, 367, 370, 437, 444, 454, 460, 468, 492, 494, 516, 544, 555, 561, 568, 572, 577]","[414, 225, 285, 11, 548, 388, 279, 150, 160, 304, 445, 274, 450, 98, 200, 401, 30, 349, 198, 499, 12, 326, 170, 534, 282, 312, 229, 154, 211, 321]",5.5,0.001617083498098711,0.004703152318609661,0.24736842105263157,0.02456140350877193,0.0,0.0,1.9166666666666667,3.0,0.010526315789473684,0.3456140350877193,9.945614035087718,0.2244182137228939,0.5679153948139241,0.0030095616201092873,3.8689655172413793,0.6973150946923192,0.07543859649122807,0.9350877192982456,0.9383333333333334,1.2320767499040812,30,False,2374.0,True
330,train,random,paper,paper,3165569293,2026,600,30,0.7,"[11, 12, 26, 33, 35, 43, 99, 110, 125, 146, 150, 185, 251, 265, 320, 360, 382, 384, 417, 418, 430, 440, 485, 491, 504, 537, 560, 563, 590, 597]","[495, 148, 117, 73, 479, 448, 76, 113, 280, 370, 216, 311, 336, 69, 70, 139, 291, 564, 296, 373, 96, 247, 135, 136, 356, 599, 557, 477, 20, 559]",5.9,0.0017202240781075658,0.003918497642490467,0.27017543859649124,0.03684210526315789,0.0,0.0,1.8705673758865249,4.0,0.010526315789473684,0.2929824561403509,10.322807017543859,0.24776250521583076,0.5340301544722967,0.004496576220714152,3.7724137931034485,0.7728148013999895,0.07543859649122807,0.5070175438596491,0.5316666666666666,1.2368011670187116,30,False,1776.0,False
331,train,random,paper,paper,3165569293,2026,600,30,0.7,"[2, 3, 12, 22, 60, 74, 83, 88, 89, 102, 111, 146, 198, 215, 217, 227, 255, 265, 292, 321, 331, 351, 422, 430, 442, 461, 477, 478, 495, 576]","[592, 182, 148, 480, 306, 107, 558, 8, 180, 121, 481, 370, 187, 452, 13, 94, 344, 69, 304, 458, 442, 209, 119, 96, 32, 290, 423, 202, 206, 253]",4.833333333333333,0.0014481486398342078,0.002610839057419353,0.21929824561403508,0.01929824561403509,0.005263157894736842,0.0,1.9893617021276595,4.0,0.010526315789473684,0.22280701754385965,9.24736842105263,0.20175541385389478,0.6106126476120001,0.005625973643215022,3.8942528735632185,0.740839805857572,0.07894736842105263,0.9228070175438596,0.9266666666666666,1.1729564159177244,30,False,2368.0,True
332,train,random,paper,paper,3165569293,2026,600,30,0.7,"[4, 20, 33, 56, 66, 70, 157, 164, 177, 184, 215, 232, 247, 285, 299, 308, 320, 339, 346, 349, 366, 367, 374, 395, 401, 425, 439, 485, 515, 549]","[594, 507, 73, 426, 379, 84, 584, 498, 235, 576, 452, 288, 286, 314, 251, 256, 70, 47, 261, 531, 587, 200, 111, 340, 427, 331, 565, 135, 299, 561]",5.433333333333334,0.0015790802501598393,0.003922442931628845,0.24385964912280703,0.03684210526315789,0.0017543859649122807,0.0,1.952127659574468,4.0,0.010526315789473684,0.34912280701754383,10.798245614035087,0.2291107796754859,0.5727623099929084,0.005151674634433254,3.7057471264367816,0.7552307046479785,0.06842105263157895,0.9245614035087719,0.9283333333333333,1.1244262498803437,29,True,2370.0,True
333,train,random,paper,paper,3165569293,2026,600,30,0.7,"[23, 48, 51, 55, 68, 93, 103, 109, 116, 120, 138, 140, 168, 173, 177, 179, 215, 237, 272, 325, 328, 340, 350, 359, 362, 365, 392, 452, 527, 560]","[122, 11, 447, 515, 49, 394, 295, 257, 598, 27, 395, 71, 436, 363, 235, 500, 452, 437, 539, 382, 189, 450, 413, 537, 85, 588, 419, 313, 424, 557]",5.633333333333334,0.0016356691826568581,0.0037779032468309988,0.24385964912280703,0.02982456140350877,0.0035087719298245615,0.0,1.9148936170212767,4.0,0.010526315789473684,0.312280701754386,10.652631578947368,0.22528476900761504,0.5729904726667283,0.005259724311448449,3.689655172413793,0.7481915331126656,0.07719298245614035,0.49473684210526314,0.52,1.1863009168300778,30,False,1756.0,False
334,train,random,paper,paper,3165569293,2026,600,30,0.7,"[17, 29, 52, 53, 68, 124, 181, 185, 233, 250, 272, 279, 288, 310, 315, 325, 326, 341, 349, 361, 364, 381, 397, 456, 500, 502, 527, 529, 530, 546]","[166, 82, 220, 345, 49, 454, 353, 311, 443, 238, 539, 160, 233, 86, 246, 382, 412, 341, 531, 536, 222, 556, 418, 473, 5, 116, 424, 65, 324, 176]",6.4,0.0018185218285053826,0.005005464407595445,0.26666666666666666,0.04912280701754386,0.007017543859649123,0.0,1.877659574468085,4.0,0.010526315789473684,0.4298245614035088,11.217543859649123,0.24758696222735635,0.5391483982363642,0.006568355954765692,3.6919540229885057,0.7819696185516212,0.07719298245614035,0.9368421052631579,0.94,1.2854737918823957,30,False,2374.0,True
335,train,random,paper,paper,3165569293,2026,600,30,0.7,"[15, 30, 43, 64, 102, 126, 140, 151, 181, 193, 199, 201, 226, 244, 262, 276, 290, 293, 322, 347, 351, 356, 364, 416, 436, 475, 479, 483, 505, 550]","[50, 402, 448, 384, 121, 124, 71, 63, 353, 386, 460, 175, 359, 97, 541, 103, 490, 535, 162, 307, 209, 98, 222, 355, 383, 543, 518, 19, 236, 485]",5.666666666666667,0.001653387075760721,0.004045304690752349,0.24736842105263157,0.03684210526315789,0.0035087719298245615,0.0,1.9414893617021276,4.0,0.010526315789473684,0.29473684210526313,10.352631578947369,0.2313686001900755,0.5675700675238183,0.005243583326747627,3.786206896551724,0.7556945138701536,0.07192982456140351,0.9157894736842105,0.92,1.3034434169530869,30,False,2338.0,True
336,train,random,paper,paper,3165569293,2026,600,30,0.7,"[15, 25, 81, 89, 110, 132, 151, 157, 160, 190, 218, 239, 291, 315, 318, 344, 352, 364, 366, 373, 410, 428, 453, 474, 484, 503, 528, 549, 564, 570]","[50, 118, 593, 180, 113, 544, 63, 584, 57, 562, 338, 126, 277, 246, 83, 563, 497, 222, 587, 332, 25, 275, 255, 45, 469, 572, 468, 561, 58, 366]",5.133333333333334,0.0015161997125440814,0.003707340810217604,0.20877192982456141,0.03859649122807018,0.008771929824561403,0.0,2.0300884955752214,4.0,0.008771929824561403,0.3456140350877193,10.23157894736842,0.20044722404527102,0.6267566984244443,0.006455840756043596,3.7438423645320196,0.7232557091055609,0.054385964912280704,0.3912280701754386,0.4216666666666667,1.206303165992722,30,False,1714.0,False
337,train,random,paper,paper,3165569293,2026,600,30,0.7,"[22, 29, 35, 63, 112, 114, 119, 140, 161, 168, 220, 234, 252, 277, 293, 299, 324, 338, 383, 384, 436, 450, 460, 477, 482, 495, 544, 565, 580, 581]","[480, 82, 479, 399, 548, 199, 100, 71, 545, 436, 337, 28, 15, 38, 535, 251, 62, 108, 157, 564, 383, 2, 499, 423, 375, 206, 282, 36, 60, 185]",4.733333333333333,0.001436218157047401,0.0036248791960732953,0.21228070175438596,0.01929824561403509,0.0,0.0,2.015929203539823,4.0,0.008771929824561403,0.24561403508771928,8.66842105263158,0.1977656167631749,0.621459624456572,0.0031893649135028446,3.9753694581280787,0.8480352552527751,0.07192982456140351,0.21052631578947367,0.25,1.2217120830900967,30,True,1532.0,False
338,train,random,paper,paper,3165569293,2026,600,30,0.7,"[9, 22, 29, 59, 70, 99, 117, 124, 201, 215, 225, 233, 239, 259, 286, 349, 355, 371, 465, 499, 500, 516, 521, 534, 538, 561, 570, 584, 586, 596]","[391, 480, 82, 555, 84, 76, 48, 454, 175, 452, 131, 443, 126, 155, 484, 531, 177, 406, 582, 432, 5, 534, 464, 493, 95, 229, 366, 149, 343, 260]",5.8,0.001670532373471299,0.004717622373135995,0.24385964912280703,0.04035087719298246,0.007017543859649123,0.0,1.9308510638297873,4.0,0.010526315789473684,0.35964912280701755,10.908771929824562,0.22942283793559215,0.572842475256683,0.006159288412144182,3.6413793103448278,0.7544324051575773,0.08421052631578947,0.9491228070175438,0.9516666666666667,1.1132720410823822,30,False,2378.0,True
339,train,random,paper,paper,3165569293,2026,600,30,0.7,"[25, 34, 63, 82, 103, 151, 179, 191, 206, 218, 222, 227, 292, 316, 324, 333, 370, 379, 381, 389, 414, 450, 481, 514, 518, 519, 524, 529, 549, 590]","[118, 422, 399, 196, 295, 63, 500, 140, 415, 338, 488, 94, 304, 42, 62, 294, 401, 483, 556, 578, 333, 2, 292, 215, 158, 80, 393, 65, 561, 20]",6.9,0.0019468740796979508,0.006596069654575937,0.2912280701754386,0.0456140350877193,0.008771929824561403,0.0,1.851063829787234,4.0,0.010526315789473684,0.4192982456140351,11.436842105263159,0.2549873204113135,0.506083310208738,0.006412800444240607,3.6390804597701147,0.716088538217758,0.08421052631578947,0.9280701754385965,0.9316666666666666,1.0132469171658158,30,False,2338.0,True
340,train,random,paper,paper,3165569293,2026,600,30,0.7,"[46, 78, 100, 114, 137, 139, 148, 151, 170, 175, 194, 239, 258, 265, 326, 332, 336, 361, 373, 395, 409, 445, 474, 507, 511, 525, 543, 560, 576, 582]","[192, 595, 529, 199, 476, 152, 14, 63, 553, 271, 284, 126, 272, 69, 412, 274, 219, 536, 332, 340, 39, 378, 45, 421, 417, 400, 110, 557, 253, 540]",5.133333333333334,0.0014993005128039743,0.003711966080146671,0.22105263157894736,0.028070175438596492,0.008771929824561403,0.0,1.9574468085106382,4.0,0.010526315789473684,0.30526315789473685,10.210526315789474,0.2075538160126138,0.607689698763605,0.007275710166176697,3.793103448275862,0.7237195183277363,0.08070175438596491,0.9438596491228071,0.9466666666666667,0.9896032500546426,30,False,2372.0,True
341,train,random,paper,paper,3165569293,2026,600,30,0.7,"[10, 24, 35, 48, 52, 69, 104, 128, 129, 171, 227, 232, 246, 262, 266, 270, 272, 285, 291, 337, 353, 383, 391, 449, 450, 490, 517, 519, 533, 599]","[230, 590, 479, 11, 220, 501, 130, 210, 287, 268, 94, 288, 392, 541, 67, 150, 539, 314, 277, 494, 549, 157, 163, 24, 2, 381, 52, 80, 203, 88]",5.566666666666666,0.0016277838729503872,0.004355966495628815,0.24736842105263157,0.03684210526315789,0.005263157894736842,0.0,1.9645390070921986,4.0,0.010526315789473684,0.32105263157894737,9.936842105263159,0.22749015815632004,0.5680017266364505,0.00479252756239263,3.8505747126436782,0.7439602418800279,0.10526315789473684,0.9403508771929825,0.9433333333333334,0.7614385830238461,22,True,2374.0,True
342,train,random,paper,paper,3165569293,2026,600,30,0.7,"[3, 7, 8, 31, 34, 66, 91, 102, 140, 149, 155, 179, 228, 239, 267, 277, 296, 307, 316, 353, 369, 394, 405, 409, 411, 529, 530, 542, 553, 594]","[182, 225, 147, 482, 422, 379, 37, 121, 71, 465, 43, 500, 173, 126, 389, 38, 445, 429, 42, 549, 569, 169, 523, 39, 10, 65, 324, 223, 141, 463]",5.9,0.0017205616532033725,0.004116927039665273,0.24561403508771928,0.04035087719298246,0.005263157894736842,0.0,1.9486725663716815,4.0,0.008771929824561403,0.32456140350877194,10.51578947368421,0.22793335248926108,0.5703635186384238,0.006888501026432061,3.586206896551724,0.727972744108819,0.09473684210526316,0.9578947368421052,0.96,0.7996249999850988,24,True,2378.0,True
343,train,random,paper,paper,3165569293,2026,600,30,0.7,"[28, 30, 33, 47, 76, 92, 105, 120, 151, 211, 235, 241, 274, 291, 296, 322, 323, 335, 337, 341, 347, 368, 382, 390, 416, 419, 437, 454, 517, 524]","[322, 402, 73, 285, 259, 26, 372, 27, 63, 300, 55, 566, 161, 277, 445, 162, 433, 221, 494, 341, 307, 396, 291, 232, 355, 212, 30, 198, 52, 393]",5.633333333333334,0.0016648475772561833,0.0037967450697075143,0.23684210526315788,0.04035087719298246,0.0017543859649122807,0.0,1.952212389380531,3.0,0.008771929824561403,0.3105263157894737,10.335087719298246,0.21991848537529382,0.5835661209262172,0.006331749348990728,3.6798029556650245,0.775136937932044,0.08947368421052632,0.22807017543859648,0.26666666666666666,1.0942323338240385,30,False,1592.0,False
344,train,random,paper,paper,3165569293,2026,600,30,0.7,"[12, 19, 51, 120, 130, 149, 152, 162, 175, 208, 236, 259, 272, 276, 278, 320, 327, 351, 372, 375, 380, 401, 411, 431, 482, 523, 528, 529, 548, 562]","[148, 552, 447, 27, 305, 465, 521, 278, 271, 254, 475, 155, 539, 103, 487, 70, 574, 209, 293, 583, 334, 427, 10, 328, 375, 153, 468, 65, 224, 407]",5.333333333333333,0.0015555408568494612,0.003945226882433791,0.21403508771929824,0.02631578947368421,0.0017543859649122807,0.0,2.015929203539823,4.0,0.008771929824561403,0.2929824561403509,9.763157894736842,0.19955609531916182,0.6187956710757562,0.003546623536481548,3.729064039408867,0.8519539907656322,0.07543859649122807,0.7789473684210526,0.79,0.9876778749749064,30,False,2144.0,False
345,train,random,paper,paper,3165569293,2026,600,30,0.7,"[12, 25, 61, 118, 138, 154, 168, 176, 180, 203, 209, 219, 251, 256, 259, 264, 268, 286, 314, 323, 343, 347, 388, 409, 445, 455, 480, 505, 519, 577]","[148, 118, 410, 4, 395, 420, 436, 194, 105, 101, 346, 298, 336, 573, 155, 174, 242, 484, 491, 433, 248, 307, 7, 39, 378, 112, 243, 236, 80, 321]",5.233333333333333,0.0015423389823778569,0.003583497412170958,0.22105263157894736,0.03508771929824561,0.005263157894736842,0.0,1.991150442477876,4.0,0.008771929824561403,0.2649122807017544,9.64561403508772,0.20995540233145446,0.6076157000585823,0.0053777936435137254,3.7610837438423643,0.7803730195708187,0.07368421052631578,0.18070175438596492,0.22166666666666668,0.7474707921501249,23,True,1500.0,False
346,train,random,paper,paper,3165569293,2026,600,30,0.7,"[5, 9, 14, 26, 116, 118, 119, 123, 141, 144, 209, 219, 229, 274, 299, 322, 361, 386, 396, 397, 402, 453, 454, 455, 481, 498, 502, 537, 573, 587]","[414, 391, 145, 117, 598, 4, 100, 156, 9, 486, 346, 298, 527, 161, 251, 162, 536, 16, 478, 418, 41, 255, 198, 112, 292, 591, 116, 599, 596, 352]",6.433333333333334,0.001832075499021883,0.005839985462867192,0.2771929824561403,0.03333333333333333,0.0035087719298245615,0.0,1.8652482269503545,3.0,0.010526315789473684,0.3929824561403509,10.847368421052632,0.24679299722266904,0.524885147843246,0.004499017732111975,3.6919540229885057,0.8100258785811817,0.09649122807017543,0.9508771929824561,0.9533333333333334,0.6849942919798195,22,True,2378.0,True
347,train,random,paper,paper,3165569293,2026,600,30,0.7,"[11, 13, 53, 54, 65, 67, 77, 79, 80, 81, 87, 165, 196, 211, 266, 276, 284, 302, 307, 322, 356, 401, 402, 461, 477, 501, 507, 536, 568, 599]","[495, 74, 345, 317, 568, 0, 398, 374, 403, 593, 245, 213, 258, 300, 67, 103, 516, 129, 429, 162, 98, 427, 41, 290, 423, 510, 421, 303, 154, 88]",6.533333333333333,0.0018729630534653672,0.007452759826737288,0.2719298245614035,0.042105263157894736,0.008771929824561403,0.0,1.8687943262411348,3.0,0.010526315789473684,0.39473684210526316,11.24736842105263,0.24639808007890832,0.532019856319181,0.0062031421434947725,3.6160919540229886,0.734007125237995,0.0912280701754386,0.9491228070175438,0.9516666666666667,0.9438733749557287,30,True,2374.0,True
348,train,random,paper,paper,3165569293,2026,600,30,0.7,"[6, 32, 47, 57, 65, 73, 105, 110, 114, 141, 142, 165, 171, 172, 205, 221, 241, 265, 268, 281, 306, 340, 419, 422, 473, 475, 484, 538, 584, 585]","[472, 457, 285, 502, 568, 302, 372, 113, 199, 9, 451, 213, 268, 244, 524, 181, 566, 69, 242, 408, 301, 450, 212, 119, 570, 543, 469, 95, 149, 231]",6.566666666666666,0.001865354136135686,0.0070233993154186205,0.2771929824561403,0.0456140350877193,0.005263157894736842,0.0,1.872340425531915,4.0,0.010526315789473684,0.3894736842105263,10.949122807017543,0.24926171238100042,0.5246199858169148,0.00532997529907997,3.671264367816092,0.7137664016857034,0.06842105263157895,0.9350877192982456,0.9383333333333334,0.9625147078186274,30,False,2362.0,True
349,train,random,paper,paper,3165569293,2026,600,30,0.7,"[35, 45, 92, 93, 103, 108, 116, 123, 187, 190, 233, 244, 265, 364, 368, 388, 429, 431, 434, 445, 448, 454, 462, 463, 510, 517, 521, 522, 551, 585]","[479, 512, 26, 394, 295, 449, 598, 156, 146, 562, 443, 97, 69, 222, 396, 7, 23, 328, 431, 378, 467, 198, 335, 377, 51, 52, 464, 367, 75, 231]",5.966666666666667,0.0017137774818794056,0.004479953644513582,0.26666666666666666,0.03508771929824561,0.0035087719298245615,0.0,1.874113475177305,4.0,0.010526315789473684,0.356140350877193,10.735087719298246,0.23909508640092716,0.5400857151666513,0.005401935892685701,3.7908045977011495,0.6821258964115117,0.07894736842105263,0.9473684210526315,0.95,0.9299750830978155,30,False,2378.0,True
350,train,random,paper,paper,3165569293,2026,600,30,0.7,"[23, 65, 74, 109, 143, 169, 170, 171, 203, 204, 215, 228, 247, 281, 283, 299, 327, 328, 350, 359, 384, 440, 450, 513, 533, 536, 547, 556, 576, 583]","[122, 568, 107, 257, 172, 327, 553, 268, 101, 289, 452, 173, 286, 408, 517, 251, 574, 189, 413, 537, 564, 247, 2, 6, 203, 303, 109, 207, 253, 530]",6.733333333333333,0.0018990190617600806,0.007160281367981778,0.26666666666666666,0.06666666666666667,0.0035087719298245615,0.0,1.9042553191489362,4.0,0.010526315789473684,0.4105263157894737,11.942105263157895,0.25314743863796124,0.5391175654426048,0.00741726413971174,3.5586206896551724,0.7240540085959621,0.07543859649122807,0.4070175438596491,0.43666666666666665,0.9758643750101328,30,False,1706.0,False
351,train,random,paper,paper,3165569293,2026,600,30,0.7,"[14, 19, 21, 38, 63, 152, 165, 169, 179, 186, 204, 271, 272, 283, 285, 312, 346, 400, 424, 427, 453, 454, 459, 463, 473, 495, 534, 557, 564, 577]","[145, 552, 127, 137, 399, 521, 213, 327, 500, 388, 289, 144, 539, 517, 314, 446, 261, 197, 164, 234, 255, 198, 597, 377, 570, 206, 493, 368, 58, 321]",5.533333333333333,0.0016335449371930205,0.004784642076846338,0.23684210526315788,0.03508771929824561,0.007017543859649123,0.0,1.952212389380531,4.0,0.008771929824561403,0.3298245614035088,10.089473684210526,0.21943991460710893,0.5836216199549841,0.005420846101693758,3.7758620689655173,0.8160602597103576,0.08070175438596491,0.3263157894736842,0.36,0.9659900001715869,30,False,1636.0,False
352,train,random,paper,paper,3165569293,2026,600,30,0.7,"[27, 32, 35, 46, 74, 77, 87, 89, 129, 135, 154, 163, 174, 185, 233, 257, 258, 274, 296, 322, 327, 338, 349, 355, 363, 374, 442, 469, 539, 574]","[579, 457, 479, 192, 107, 398, 245, 180, 287, 21, 420, 309, 316, 311, 443, 461, 272, 161, 445, 162, 574, 108, 531, 177, 489, 111, 32, 214, 453, 193]",5.933333333333334,0.0017169168872981136,0.004503345349852659,0.256140350877193,0.03859649122807018,0.007017543859649123,0.0,1.9042553191489362,3.0,0.010526315789473684,0.35789473684210527,10.778947368421052,0.2366773107264356,0.554595627909845,0.005561049085389857,3.717241379310345,0.7712182024191871,0.08771929824561403,0.9473684210526315,0.95,0.9983901251107454,30,False,2376.0,True
353,train,random,paper,paper,3165569293,2026,600,30,0.7,"[17, 35, 46, 53, 59, 66, 81, 82, 141, 180, 203, 221, 240, 255, 272, 278, 297, 304, 309, 321, 325, 365, 371, 428, 454, 459, 508, 511, 547, 583]","[166, 479, 192, 345, 555, 379, 593, 196, 9, 105, 101, 181, 54, 344, 539, 487, 159, 240, 456, 458, 382, 588, 406, 275, 198, 597, 581, 417, 109, 530]",6.266666666666667,0.0017804229192476782,0.00473915074933974,0.2543859649122807,0.03859649122807018,0.008771929824561403,0.0,1.9166666666666667,4.0,0.010526315789473684,0.41578947368421054,12.003508771929825,0.23540277158099052,0.5572719144081645,0.006695294788601077,3.5517241379310347,0.7552307046479784,0.08771929824561403,0.9596491228070175,0.9616666666666667,1.0677212921436876,30,False,2376.0,True
354,train,random,paper,paper,3165569293,2026,600,30,0.7,"[16, 28, 54, 73, 76, 78, 81, 115, 133, 140, 161, 176, 182, 189, 207, 259, 285, 301, 341, 344, 378, 380, 400, 405, 448, 491, 513, 557, 574, 599]","[128, 322, 317, 302, 259, 595, 593, 132, 397, 71, 545, 194, 538, 46, 441, 155, 314, 369, 341, 563, 188, 334, 197, 523, 467, 136, 6, 368, 193, 88]",5.5,0.0016173321896992456,0.004918931554849319,0.25087719298245614,0.03859649122807018,0.0,0.0,1.9078014184397163,3.0,0.010526315789473684,0.2982456140350877,10.094736842105263,0.23108937565249152,0.5627108192273302,0.0044342900144999095,3.8275862068965516,0.7423636428992253,0.07368421052631578,0.9421052631578948,0.945,0.9309762499760836,30,False,2378.0,True
355,train,random,paper,paper,3165569293,2026,600,30,0.7,"[20, 62, 72, 77, 88, 89, 97, 106, 119, 161, 172, 189, 191, 268, 270, 290, 323, 359, 360, 383, 384, 395, 451, 456, 471, 488, 501, 552, 583, 597]","[507, 262, 68, 398, 8, 180, 104, 439, 100, 545, 244, 46, 140, 242, 150, 490, 433, 537, 139, 157, 564, 340, 577, 473, 519, 134, 510, 320, 530, 559]",5.566666666666666,0.0016267169755154384,0.00436353086803049,0.24561403508771928,0.03333333333333333,0.0035087719298245615,0.0,1.9024822695035462,3.0,0.010526315789473684,0.34912280701754383,10.30877192982456,0.2285498917537331,0.5701970215521228,0.004929843464326224,3.8045977011494254,0.7940383808099729,0.07543859649122807,0.9438596491228071,0.9466666666666667,0.8778790410142392,28,True,2372.0,True
356,train,random,paper,paper,3165569293,2026,600,30,0.7,"[3, 40, 49, 69, 73, 109, 132, 182, 189, 191, 193, 195, 199, 223, 229, 254, 258, 276, 314, 323, 381, 382, 384, 410, 421, 479, 480, 530, 548, 568]","[182, 459, 72, 501, 302, 257, 544, 538, 46, 140, 386, 528, 460, 77, 527, 319, 272, 103, 491, 433, 556, 291, 564, 25, 201, 518, 243, 324, 224, 154]",6.133333333333334,0.0017511697715864077,0.00480652252503084,0.2631578947368421,0.04736842105263158,0.007017543859649123,0.0,1.9026548672566372,4.0,0.008771929824561403,0.4070175438596491,11.3,0.2428703494102308,0.5444208059692289,0.0070426210193826385,3.5517241379310347,0.7168868377081591,0.07719298245614035,0.9298245614035088,0.9333333333333333,0.9295854168012738,30,False,2372.0,True
357,train,random,paper,paper,3165569293,2026,600,30,0.7,"[5, 21, 28, 62, 75, 80, 105, 181, 203, 206, 228, 252, 275, 296, 303, 334, 336, 358, 368, 369, 387, 425, 472, 516, 534, 536, 546, 573, 581, 585]","[414, 127, 322, 262, 351, 403, 372, 353, 101, 415, 173, 15, 371, 445, 281, 205, 219, 323, 396, 569, 361, 331, 237, 534, 493, 303, 176, 596, 185, 231]",5.966666666666667,0.0017284295521375343,0.00464000042472476,0.25263157894736843,0.031578947368421054,0.005263157894736842,0.0,1.9113475177304964,3.0,0.010526315789473684,0.3333333333333333,10.74561403508772,0.23281618702753512,0.5598310362901983,0.004882793751962109,3.659770114942529,0.7176851371985603,0.08771929824561403,0.9421052631578948,0.945,0.947055125143379,30,False,2370.0,True
358,train,random,paper,paper,3165569293,2026,600,30,0.7,"[9, 26, 61, 132, 134, 158, 178, 208, 236, 242, 254, 280, 298, 321, 333, 335, 376, 404, 429, 485, 502, 510, 514, 522, 536, 546, 562, 580, 590, 593]","[391, 117, 410, 544, 455, 33, 492, 254, 475, 142, 319, 580, 546, 458, 294, 221, 87, 250, 23, 135, 116, 51, 215, 367, 303, 176, 407, 60, 20, 505]",5.733333333333333,0.001652705052096097,0.003472569925968012,0.24035087719298245,0.054385964912280704,0.0035087719298245615,0.0,1.952127659574468,4.0,0.010526315789473684,0.3333333333333333,10.635087719298246,0.23238116829001304,0.5778497209632165,0.00719321640721235,3.735632183908046,0.7591494401608353,0.08947368421052632,0.9456140350877194,0.9483333333333334,0.9231286670546979,30,True,2378.0,True
359,train,random,paper,paper,3165569293,2026,600,30,0.7,"[14, 33, 48, 51, 53, 58, 65, 76, 88, 89, 92, 104, 145, 149, 178, 207, 212, 218, 222, 329, 345, 373, 387, 398, 404, 412, 437, 507, 529, 567]","[145, 73, 11, 447, 345, 358, 568, 259, 8, 180, 26, 130, 297, 465, 492, 441, 496, 338, 488, 554, 466, 332, 361, 411, 250, 184, 30, 421, 65, 428]",6.033333333333333,0.0017553975497317002,0.005297942222752536,0.26666666666666666,0.04035087719298246,0.005263157894736842,0.0,1.877659574468085,4.0,0.010526315789473684,0.35964912280701755,10.985964912280702,0.24138170888964072,0.5395985570252521,0.005942250246098322,3.6919540229885057,0.7460758874963468,0.0824561403508772,0.9421052631578948,0.945,0.9382463339716196,30,False,2374.0,True
360,train,random,paper,paper,3165569293,2026,600,30,0.7,"[18, 20, 51, 59, 79, 123, 196, 212, 245, 260, 276, 287, 290, 299, 349, 356, 365, 392, 394, 404, 424, 458, 476, 493, 494, 499, 518, 540, 566, 599]","[508, 507, 447, 555, 374, 156, 258, 496, 59, 93, 103, 165, 490, 251, 531, 98, 588, 419, 169, 250, 164, 179, 560, 123, 170, 432, 158, 53, 191, 88]",6.133333333333334,0.0017728633525556012,0.006088316921107217,0.2578947368421053,0.03508771929824561,0.0017543859649122807,0.0,1.9095744680851063,4.0,0.010526315789473684,0.3280701754385965,10.482456140350877,0.23346974861951286,0.5525359972867141,0.003863649225162017,3.7724137931034485,0.7460758874963468,0.056140350877192984,0.18771929824561404,0.22833333333333333,0.9649974168278277,30,False,1500.0,False
361,train,random,paper,paper,3165569293,2026,600,30,0.7,"[9, 14, 32, 68, 73, 81, 82, 108, 116, 139, 184, 198, 212, 222, 226, 248, 274, 286, 301, 326, 396, 405, 437, 450, 468, 470, 478, 493, 501, 592]","[391, 145, 457, 49, 302, 593, 196, 449, 598, 152, 576, 187, 496, 488, 359, 348, 161, 484, 369, 412, 478, 523, 30, 2, 12, 138, 202, 123, 510, 241]",5.6,0.0016165715560236664,0.004945753152557038,0.23684210526315788,0.02456140350877193,0.008771929824561403,0.0,1.975177304964539,4.0,0.010526315789473684,0.3368421052631579,10.366666666666667,0.21598483700719603,0.5839792803625936,0.006443510807784553,3.7195402298850575,0.8289273214591107,0.07543859649122807,0.7982456140350878,0.8083333333333333,0.9347026669420302,30,False,2100.0,False
362,train,random,paper,paper,3165569293,2026,600,30,0.7,"[21, 24, 35, 53, 86, 196, 224, 235, 237, 246, 281, 288, 301, 341, 350, 370, 387, 388, 404, 426, 429, 436, 444, 449, 470, 479, 525, 530, 531, 563]","[127, 590, 479, 345, 35, 258, 329, 55, 437, 392, 408, 233, 369, 341, 413, 401, 361, 7, 250, 425, 23, 383, 349, 24, 138, 518, 400, 324, 252, 477]",6.6,0.001869369838854231,0.005935124883502179,0.2789473684210526,0.0456140350877193,0.0017543859649122807,0.0,1.8687943262411348,4.0,0.010526315789473684,0.4105263157894737,10.924561403508772,0.2557316428817447,0.5215490395584744,0.004907849756734138,3.7126436781609193,0.7051525657180332,0.09298245614035087,0.9315789473684211,0.935,0.9294656659476459,30,False,2372.0,True
363,train,random,paper,paper,3165569293,2026,600,30,0.7,"[9, 19, 23, 26, 36, 64, 72, 106, 148, 162, 172, 192, 203, 207, 234, 246, 293, 312, 313, 361, 367, 392, 402, 415, 431, 467, 474, 476, 490, 584]","[391, 552, 122, 117, 589, 384, 68, 439, 14, 278, 244, 34, 101, 441, 28, 392, 535, 446, 102, 536, 200, 419, 41, 190, 328, 204, 45, 560, 381, 149]",5.0,0.0014921160672595123,0.0027108027905290784,0.22807017543859648,0.02280701754385965,0.0035087719298245615,0.0,1.9876106194690266,4.0,0.008771929824561403,0.23508771929824562,9.180701754385964,0.2089922499842504,0.5970647180341011,0.0049699033218303,3.857142857142857,0.7560290041383796,0.06842105263157895,0.47017543859649125,0.49666666666666665,0.9432092080824077,30,False,1776.0,False
364,train,random,paper,paper,3165569293,2026,600,30,0.7,"[14, 28, 52, 61, 63, 65, 98, 105, 111, 151, 152, 160, 218, 257, 285, 313, 387, 388, 391, 411, 429, 477, 494, 505, 516, 531, 559, 579, 580, 589]","[145, 322, 220, 410, 399, 568, 513, 372, 481, 63, 521, 57, 338, 461, 314, 102, 361, 7, 163, 10, 23, 423, 170, 236, 534, 252, 330, 440, 60, 470]",5.366666666666666,0.001588036800310072,0.004194201358621975,0.24210526315789474,0.028070175438596492,0.0017543859649122807,0.0,1.961061946902655,4.0,0.008771929824561403,0.2754385964912281,9.305263157894737,0.2204243229405206,0.5760675854839207,0.0037272299858506757,3.9236453201970445,0.8139446140940387,0.056140350877192984,0.23157894736842105,0.27,0.9485214168671519,30,False,1556.0,False
365,train,random,paper,paper,3165569293,2026,600,30,0.7,"[2, 41, 55, 56, 78, 98, 104, 107, 135, 160, 166, 186, 196, 200, 211, 279, 282, 308, 313, 325, 329, 358, 375, 392, 451, 463, 464, 525, 560, 571]","[592, 56, 515, 426, 595, 513, 130, 168, 21, 57, 133, 388, 258, 404, 300, 160, 357, 256, 102, 382, 554, 323, 583, 419, 577, 377, 533, 400, 557, 91]",6.0,0.0017172876915390984,0.0047135049687330455,0.2543859649122807,0.031578947368421054,0.005263157894736842,0.0,1.9132743362831859,4.0,0.008771929824561403,0.3631578947368421,11.26842105263158,0.23196300464894015,0.5573644127894428,0.005302012802012803,3.5270935960591134,0.7872057001903959,0.08947368421052632,0.9333333333333333,0.9366666666666666,0.9353164159692824,30,True,2372.0,True
366,train,random,paper,paper,3165569293,2026,600,30,0.7,"[4, 5, 15, 49, 59, 81, 87, 96, 101, 107, 109, 125, 132, 172, 254, 274, 280, 292, 309, 343, 348, 353, 359, 368, 378, 424, 502, 521, 530, 544]","[594, 414, 50, 72, 555, 593, 245, 226, 409, 168, 257, 280, 544, 244, 319, 161, 580, 304, 456, 248, 325, 549, 537, 396, 188, 164, 116, 464, 324, 282]",5.833333333333333,0.0016863960117082715,0.004580201628211016,0.25087719298245614,0.03508771929824561,0.0035087719298245615,0.0,1.9095744680851063,4.0,0.010526315789473684,0.37719298245614036,11.68421052631579,0.23297282313287504,0.562390158172232,0.00661931688941404,3.5586206896551724,0.8131463146036375,0.07368421052631578,0.8771929824561403,0.8833333333333333,0.9532323749735951,30,False,2290.0,False
367,train,random,paper,paper,3165569293,2026,600,30,0.7,"[12, 41, 48, 66, 68, 86, 106, 141, 146, 159, 176, 186, 245, 248, 254, 280, 288, 314, 352, 413, 414, 438, 443, 476, 511, 532, 541, 557, 575, 583]","[148, 56, 11, 379, 49, 35, 439, 9, 370, 365, 194, 388, 59, 348, 319, 580, 233, 491, 497, 1, 333, 40, 3, 560, 417, 387, 61, 368, 267, 530]",5.733333333333333,0.0016713687245752244,0.0042245830789369625,0.25087719298245614,0.03333333333333333,0.005263157894736842,0.0,1.9469026548672566,4.0,0.008771929824561403,0.30701754385964913,9.989473684210527,0.22698568365988683,0.5630376468411803,0.005399571348518455,3.79064039408867,0.7049460748022975,0.07719298245614035,0.9385964912280702,0.9416666666666667,0.8847147501073778,28,True,2372.0,True
368,train,random,paper,paper,3165569293,2026,600,30,0.7,"[10, 40, 49, 50, 60, 63, 64, 85, 114, 150, 171, 175, 201, 219, 226, 262, 290, 298, 368, 369, 392, 417, 419, 483, 512, 513, 522, 541, 553, 583]","[230, 459, 72, 78, 306, 399, 384, 273, 199, 216, 268, 271, 175, 298, 359, 541, 490, 546, 396, 569, 419, 296, 212, 19, 99, 6, 367, 61, 141, 530]",5.933333333333334,0.0017018883214860343,0.003495721760197164,0.24561403508771928,0.043859649122807015,0.0035087719298245615,0.0,1.923758865248227,4.0,0.010526315789473684,0.34912280701754383,10.868421052631579,0.2307443141792274,0.5701970215521228,0.007137032589685521,3.6551724137931036,0.7279727441088191,0.07017543859649122,0.7508771929824561,0.7633333333333333,0.9534627911634743,30,False,2136.0,False
369,train,random,paper,paper,3165569293,2026,600,30,0.7,"[26, 59, 65, 156, 159, 189, 195, 222, 247, 253, 256, 285, 290, 308, 312, 316, 327, 328, 331, 357, 368, 402, 403, 405, 408, 436, 443, 446, 464, 493]","[117, 555, 568, 143, 365, 46, 528, 488, 286, 430, 573, 314, 490, 256, 446, 42, 574, 189, 442, 504, 396, 41, 22, 523, 514, 383, 3, 208, 533, 123]",6.233333333333333,0.0017762443598653282,0.004900780615329424,0.25087719298245614,0.043859649122807015,0.007017543859649123,0.0,1.9343971631205674,4.0,0.010526315789473684,0.3368421052631579,10.829824561403509,0.2339601897432145,0.5625381555822773,0.007017976443013923,3.682758620689655,0.7141008919539292,0.08070175438596491,0.9473684210526315,0.95,0.8934162920340896,28,True,2378.0,True
370,train,random,paper,paper,3165569293,2026,600,30,0.7,"[1, 66, 113, 119, 128, 152, 168, 173, 235, 264, 292, 332, 338, 353, 398, 412, 431, 438, 440, 458, 483, 493, 495, 498, 502, 512, 517, 523, 550, 581]","[575, 379, 511, 100, 210, 521, 436, 363, 55, 174, 304, 274, 108, 549, 411, 184, 328, 40, 247, 179, 19, 123, 206, 591, 116, 99, 52, 153, 485, 185]",5.733333333333333,0.0016782232081220835,0.005334951191101221,0.24210526315789474,0.043859649122807015,0.005263157894736842,0.0,1.9822695035460993,4.0,0.010526315789473684,0.3473684210526316,10.549122807017543,0.22681495702619486,0.5755495945487621,0.0068435086437114824,3.708045977011494,0.8031931979616046,0.07894736842105263,0.356140350877193,0.3883333333333333,0.9752048749942333,30,False,1646.0,False
371,train,random,paper,paper,3165569293,2026,600,30,0.7,"[0, 6, 21, 46, 63, 107, 112, 181, 198, 224, 231, 251, 259, 269, 289, 293, 295, 328, 334, 383, 404, 408, 423, 431, 464, 476, 496, 548, 549, 553]","[509, 472, 127, 192, 399, 168, 548, 353, 187, 329, 532, 336, 155, 390, 66, 535, 506, 189, 205, 157, 250, 514, 269, 328, 533, 560, 360, 224, 561, 141]",5.833333333333333,0.0016811138951239354,0.0035589595489042346,0.25263157894736843,0.03859649122807018,0.005263157894736842,0.0,1.923758865248227,4.0,0.010526315789473684,0.3368421052631579,10.549122807017543,0.23708337566050863,0.5595843739401227,0.005682408268615166,3.689655172413793,0.7560290041383796,0.09649122807017543,0.9543859649122807,0.9566666666666667,0.9339022911153734,30,False,2378.0,True
372,train,random,paper,paper,3165569293,2026,600,30,0.7,"[62, 63, 78, 96, 128, 148, 175, 179, 186, 201, 208, 223, 240, 258, 262, 274, 277, 329, 395, 404, 446, 487, 491, 504, 526, 533, 545, 562, 582, 591]","[262, 399, 595, 226, 210, 14, 271, 500, 388, 175, 254, 77, 54, 272, 541, 161, 38, 554, 340, 250, 208, 44, 136, 356, 264, 203, 376, 407, 540, 347]",6.0,0.001710850733527704,0.005416623382602772,0.2614035087719298,0.04736842105263158,0.0035087719298245615,0.0,1.8936170212765957,3.0,0.010526315789473684,0.39649122807017545,11.428070175438597,0.24507393333444866,0.5466654333549162,0.0058779105864618835,3.6344827586206896,0.7400415063671708,0.08771929824561403,0.9385964912280702,0.9416666666666667,0.9313651248812675,30,False,2376.0,True
373,train,random,paper,paper,3165569293,2026,600,30,0.7,"[7, 51, 52, 54, 78, 81, 93, 95, 145, 162, 172, 174, 180, 208, 219, 228, 234, 289, 311, 328, 362, 370, 412, 437, 469, 518, 537, 554, 566, 598]","[225, 447, 220, 317, 595, 593, 394, 79, 297, 278, 244, 316, 105, 254, 298, 173, 28, 66, 385, 189, 85, 401, 184, 30, 214, 158, 599, 522, 191, 435]",5.4,0.0016079028433397256,0.004006504372529049,0.24736842105263157,0.02982456140350877,0.0,0.0,1.9361702127659575,4.0,0.010526315789473684,0.3,9.708771929824561,0.22781960982977442,0.5677057318163599,0.003733881999602081,3.857471264367816,0.720135273083105,0.05087719298245614,0.15263157894736842,0.195,0.9622824159450829,30,False,1494.0,False
374,train,random,paper,paper,3165569293,2026,600,30,0.7,"[13, 39, 52, 68, 103, 123, 139, 155, 216, 242, 269, 271, 280, 324, 331, 336, 410, 416, 444, 472, 474, 491, 504, 518, 529, 531, 545, 567, 581, 582]","[74, 444, 220, 49, 295, 156, 152, 43, 342, 142, 390, 144, 580, 62, 442, 219, 25, 355, 349, 237, 45, 136, 356, 158, 65, 252, 376, 428, 185, 540]",5.533333333333333,0.0016008482075984415,0.0037672144586257026,0.25263157894736843,0.02456140350877193,0.0,0.0,1.9184397163120568,4.0,0.010526315789473684,0.3280701754385965,10.605263157894736,0.231634762898633,0.5598125366139426,0.0032424066805405547,3.7517241379310344,0.7548962143797526,0.1,0.956140350877193,0.9583333333333334,0.7747787497937679,25,True,2378.0,True
375,train,random,paper,paper,3165569293,2026,600,30,0.7,"[19, 25, 34, 41, 49, 58, 80, 114, 129, 220, 231, 246, 280, 292, 314, 319, 348, 372, 409, 413, 419, 436, 450, 455, 508, 553, 585, 596, 597, 598]","[552, 118, 422, 56, 72, 358, 403, 199, 287, 337, 532, 392, 580, 304, 491, 550, 325, 293, 39, 1, 212, 383, 2, 112, 581, 141, 231, 260, 559, 435]",6.033333333333333,0.0017317124023475058,0.004734868284196497,0.2596491228070175,0.03684210526315789,0.007017543859649123,0.0,1.9221238938053098,4.0,0.008771929824561403,0.38070175438596493,10.856140350877194,0.23709503336632062,0.5496993802608454,0.005098438650447475,3.62807881773399,0.8268116758427917,0.07719298245614035,0.9192982456140351,0.9233333333333333,0.9886492500081658,30,False,2344.0,True
376,train,random,paper,paper,3165569293,2026,600,30,0.7,"[48, 49, 73, 74, 90, 119, 137, 169, 176, 227, 248, 257, 279, 291, 298, 306, 346, 347, 363, 375, 399, 464, 465, 526, 553, 563, 565, 576, 577, 599]","[11, 72, 302, 107, 318, 100, 476, 327, 194, 94, 348, 461, 160, 277, 546, 301, 261, 307, 489, 583, 263, 533, 582, 264, 141, 477, 36, 253, 321, 88]",5.866666666666666,0.0017036141176468126,0.004192577228180055,0.26666666666666666,0.031578947368421054,0.0,0.0,1.8829787234042554,4.0,0.010526315789473684,0.35964912280701755,10.389473684210527,0.23843740933467905,0.5398082200228163,0.003031873662075803,3.839080459770115,0.7680977663967314,0.08771929824561403,0.9438596491228071,0.9466666666666667,0.9408586248755455,30,False,2376.0,True
377,train,random,paper,paper,3165569293,2026,600,30,0.7,"[5, 16, 39, 46, 67, 68, 115, 116, 124, 130, 149, 153, 157, 161, 162, 240, 244, 256, 261, 325, 340, 365, 375, 466, 478, 489, 495, 536, 548, 586]","[414, 128, 444, 192, 0, 49, 132, 598, 454, 305, 465, 362, 584, 545, 278, 54, 97, 573, 279, 382, 450, 588, 583, 339, 202, 31, 206, 303, 224, 343]",5.733333333333333,0.0016593780302832921,0.004136384726693964,0.24210526315789474,0.04035087719298246,0.008771929824561403,0.0,1.9326241134751774,4.0,0.010526315789473684,0.34385964912280703,10.570175438596491,0.22913371791310946,0.5753830974624611,0.0065597052655342394,3.685057471264368,0.7759352374224452,0.08070175438596491,0.35964912280701755,0.39166666666666666,0.9525747911538929,30,False,1672.0,False
378,train,random,paper,paper,3165569293,2026,600,30,0.7,"[24, 40, 76, 105, 127, 154, 165, 168, 192, 195, 257, 285, 345, 366, 380, 383, 387, 391, 415, 419, 422, 430, 441, 461, 483, 489, 509, 528, 570, 586]","[590, 459, 259, 372, 462, 420, 213, 436, 34, 528, 461, 314, 466, 587, 334, 157, 361, 163, 190, 212, 119, 96, 380, 290, 19, 31, 547, 468, 366, 343]",5.633333333333334,0.0016440586983331798,0.0038413585059180956,0.22982456140350876,0.042105263157894736,0.007017543859649123,0.0,1.9875886524822695,4.0,0.010526315789473684,0.3087719298245614,10.149122807017545,0.21808765018714918,0.5940986032744427,0.006316867341208112,3.698850574712644,0.6989116936731216,0.08421052631578947,0.38596491228070173,0.4166666666666667,0.9581292911898345,30,False,1662.0,False
379,train,random,paper,paper,3165569293,2026,600,30,0.7,"[12, 16, 46, 58, 65, 76, 85, 91, 112, 119, 126, 142, 155, 162, 174, 194, 223, 234, 235, 267, 338, 350, 359, 365, 367, 371, 422, 443, 510, 528]","[148, 128, 192, 358, 568, 259, 273, 37, 548, 100, 124, 451, 43, 278, 316, 284, 77, 28, 55, 389, 108, 413, 537, 588, 200, 406, 119, 3, 51, 468]",5.033333333333333,0.0014959886862319963,0.004132654884453141,0.22982456140350876,0.031578947368421054,0.0,0.0,1.9716814159292035,4.0,0.008771929824561403,0.2614035087719298,8.736842105263158,0.21071436185614614,0.5947892578546542,0.004504262659435073,3.955665024630542,0.7638445406156487,0.06315789473684211,0.9421052631578948,0.945,0.931528708897531,30,False,2376.0,True
380,train,random,paper,paper,3165569293,2026,600,30,0.7,"[17, 36, 44, 50, 58, 104, 110, 138, 154, 163, 188, 200, 228, 247, 248, 286, 298, 327, 383, 416, 427, 440, 441, 453, 458, 463, 507, 525, 529, 596]","[166, 589, 586, 78, 358, 130, 113, 395, 420, 309, 265, 404, 173, 286, 348, 484, 546, 574, 157, 355, 234, 247, 380, 255, 179, 377, 421, 400, 65, 260]",6.233333333333333,0.0017772049798349472,0.004847796407529287,0.27017543859649124,0.03684210526315789,0.007017543859649123,0.0,1.8882978723404256,4.0,0.010526315789473684,0.3473684210526316,11.22982456140351,0.24812666962888155,0.5340486541485524,0.006616311154850708,3.6160919540229886,0.7164230284859838,0.08421052631578947,0.312280701754386,0.3466666666666667,0.957305750111118,30,False,1620.0,False
381,train,random,paper,paper,3165569293,2026,600,30,0.7,"[74, 91, 128, 182, 187, 203, 237, 246, 311, 328, 330, 338, 347, 353, 355, 367, 423, 430, 431, 435, 445, 446, 475, 485, 487, 507, 566, 578, 590, 593]","[107, 37, 210, 538, 146, 101, 437, 392, 385, 189, 228, 108, 307, 549, 177, 200, 269, 96, 328, 249, 378, 208, 543, 135, 44, 421, 191, 106, 20, 505]",5.9,0.0016868868924971789,0.004910590261070955,0.25263157894736843,0.031578947368421054,0.007017543859649123,0.0,1.920353982300885,4.0,0.008771929824561403,0.387719298245614,10.864912280701754,0.22826762777844634,0.5605771898991768,0.0058860931164561306,3.642857142857143,0.8047897969424069,0.09473684210526316,0.9491228070175438,0.9516666666666667,0.9279249580577016,30,False,2378.0,True
382,train,random,paper,paper,3165569293,2026,600,30,0.7,"[4, 22, 53, 66, 107, 140, 144, 184, 198, 199, 203, 205, 214, 243, 279, 331, 354, 362, 366, 372, 409, 412, 442, 470, 472, 492, 517, 538, 562, 566]","[594, 480, 345, 379, 168, 71, 486, 576, 187, 460, 101, 524, 310, 416, 160, 442, 551, 85, 587, 293, 39, 184, 32, 138, 237, 326, 52, 95, 407, 191]",5.566666666666666,0.0016313666922639942,0.0042353067971281815,0.256140350877193,0.028070175438596492,0.0017543859649122807,0.0,1.9078014184397163,4.0,0.010526315789473684,0.33157894736842103,10.475438596491228,0.23412528109861677,0.5546757931736195,0.003350308319882356,3.7425287356321837,0.8061071430683249,0.09649122807017543,0.9368421052631579,0.94,0.9377156251575798,30,False,2374.0,True
383,train,random,paper,paper,3165569293,2026,600,30,0.7,"[5, 10, 14, 15, 149, 151, 216, 221, 234, 267, 275, 281, 296, 310, 316, 325, 330, 331, 361, 382, 422, 435, 447, 461, 465, 469, 511, 512, 519, 553]","[414, 230, 145, 50, 465, 63, 342, 181, 28, 389, 371, 408, 445, 86, 42, 382, 228, 442, 536, 291, 119, 249, 315, 290, 582, 214, 417, 99, 80, 141]",5.0,0.0014814496699921157,0.0030589133417241406,0.22456140350877193,0.02631578947368421,0.0017543859649122807,0.0,1.952127659574468,4.0,0.010526315789473684,0.3017543859649123,9.33859649122807,0.20886004583259862,0.6023679585607252,0.0034733051112361456,3.9770114942528734,0.7499946230092037,0.07017543859649122,0.256140350877193,0.29333333333333333,0.9618445420637727,30,False,1582.0,False
384,train,random,paper,paper,3165569293,2026,600,30,0.7,"[13, 31, 62, 70, 87, 202, 208, 222, 234, 237, 238, 251, 253, 266, 293, 297, 348, 355, 357, 363, 419, 432, 452, 475, 489, 533, 545, 563, 580, 583]","[74, 482, 262, 84, 245, 405, 254, 488, 28, 437, 266, 336, 430, 67, 535, 159, 325, 177, 504, 489, 212, 571, 313, 543, 31, 203, 376, 477, 60, 530]",6.033333333333333,0.0017483770460552104,0.004320348969533673,0.2649122807017544,0.043859649122807015,0.0017543859649122807,0.0,1.9095744680851063,4.0,0.010526315789473684,0.3473684210526316,10.608771929824561,0.2475739136769272,0.5415471895908488,0.005517226369153346,3.7333333333333334,0.7318914796216759,0.11403508771929824,0.9438596491228071,0.9466666666666667,0.7444402500987053,24,True,2378.0,True
385,train,random,paper,paper,3165569293,2026,600,30,0.7,"[15, 21, 23, 47, 49, 135, 145, 194, 243, 318, 333, 343, 353, 383, 384, 398, 408, 424, 446, 448, 451, 452, 476, 500, 510, 511, 520, 531, 538, 580]","[50, 127, 122, 285, 72, 21, 297, 284, 416, 83, 294, 248, 549, 157, 564, 411, 514, 164, 208, 467, 577, 313, 560, 5, 51, 417, 308, 252, 95, 60]",5.6,0.0016331667676834007,0.004125345839485179,0.23157894736842105,0.043859649122807015,0.0035087719298245615,0.0,1.950354609929078,4.0,0.010526315789473684,0.32280701754385965,10.585964912280701,0.22185236606912612,0.5913236518360929,0.006613158834254168,3.7195402298850575,0.7788491825291655,0.09298245614035087,0.9473684210526315,0.95,0.9185689170844853,30,False,2378.0,True
386,train,random,paper,paper,3165569293,2026,600,30,0.7,"[23, 43, 53, 68, 86, 152, 172, 182, 188, 245, 279, 288, 307, 325, 335, 347, 351, 365, 391, 433, 442, 467, 468, 478, 508, 529, 546, 550, 559, 565]","[122, 448, 345, 49, 35, 521, 244, 538, 265, 59, 160, 233, 429, 382, 221, 307, 209, 588, 163, 115, 32, 204, 12, 202, 581, 65, 176, 485, 330, 36]",6.3,0.0018077036885945398,0.004777623589038017,0.2614035087719298,0.042105263157894736,0.005263157894736842,0.0,1.9148936170212767,4.0,0.010526315789473684,0.3631578947368421,10.873684210526315,0.236877921363315,0.5475842506089477,0.005624643600516048,3.6942528735632183,0.7271744446184178,0.07368421052631578,0.5964912280701754,0.6166666666666667,0.9502140830736607,30,False,1940.0,False
387,train,random,paper,paper,3165569293,2026,600,30,0.7,"[4, 27, 28, 36, 39, 47, 61, 77, 103, 106, 180, 195, 206, 207, 235, 263, 295, 314, 320, 324, 343, 350, 358, 368, 386, 416, 454, 478, 579, 589]","[594, 579, 322, 589, 444, 285, 410, 398, 295, 439, 105, 528, 415, 441, 55, 567, 506, 491, 70, 62, 248, 413, 323, 396, 16, 355, 198, 202, 440, 470]",5.5,0.0016088336335850992,0.0035687643457179385,0.24912280701754386,0.031578947368421054,0.0017543859649122807,0.0,1.9539823008849557,4.0,0.008771929824561403,0.3175438596491228,10.096491228070175,0.23007509075314656,0.5650171122005365,0.004395176981383878,3.706896551724138,0.7720165019095883,0.09824561403508772,0.9456140350877194,0.9483333333333334,0.9469202500768006,30,False,2376.0,True
388,train,random,paper,paper,3165569293,2026,600,30,0.7,"[7, 8, 25, 41, 63, 66, 86, 153, 179, 201, 211, 242, 256, 278, 298, 309, 311, 315, 317, 320, 332, 358, 407, 408, 412, 460, 508, 588, 591, 594]","[225, 147, 118, 56, 399, 379, 35, 362, 500, 175, 300, 142, 573, 487, 546, 456, 385, 246, 18, 70, 274, 323, 114, 514, 184, 499, 581, 283, 347, 463]",5.533333333333333,0.0016272600331646678,0.0036925822891388845,0.25087719298245614,0.02982456140350877,0.0035087719298245615,0.0,1.948581560283688,4.0,0.010526315789473684,0.3157894736842105,10.259649122807017,0.2307671127518563,0.5624888231122622,0.004628769360006682,3.779310344827586,0.7449430977377197,0.07719298245614035,0.9298245614035088,0.9333333333333333,0.9545080831740052,30,False,2356.0,True
389,train,random,paper,paper,3165569293,2026,600,30,0.7,"[16, 58, 75, 111, 134, 172, 173, 199, 203, 212, 226, 260, 261, 278, 319, 353, 384, 453, 455, 467, 504, 509, 521, 533, 535, 539, 558, 564, 568, 574]","[128, 358, 351, 481, 455, 244, 363, 460, 101, 496, 359, 93, 279, 487, 550, 549, 564, 255, 112, 204, 356, 547, 464, 203, 178, 453, 503, 58, 154, 193]",5.3,0.0015614221677006789,0.004363468917697625,0.23684210526315788,0.031578947368421054,0.0035087719298245615,0.0,1.9380530973451326,3.0,0.008771929824561403,0.30350877192982456,9.840350877192982,0.21662727420996483,0.5838867819813153,0.005305177913873565,3.8472906403940885,0.7688960658871326,0.07719298245614035,0.3087719298245614,0.3433333333333333,0.9555927501060069,30,False,1574.0,False
390,train,random,paper,paper,3165569293,2026,600,30,0.7,"[13, 19, 49, 65, 94, 99, 134, 150, 223, 262, 287, 330, 340, 344, 350, 386, 403, 432, 453, 461, 492, 496, 497, 503, 515, 519, 567, 577, 580, 596]","[74, 552, 72, 568, 81, 76, 455, 216, 77, 541, 165, 228, 450, 563, 413, 16, 22, 571, 255, 290, 326, 360, 186, 572, 299, 80, 428, 321, 60, 260]",5.733333333333333,0.0016644470998645308,0.003984292434682803,0.24912280701754386,0.043859649122807015,0.0017543859649122807,0.0,1.9592198581560283,4.0,0.010526315789473684,0.30701754385964913,9.5,0.23147957898242383,0.5652144420805969,0.005160384481973687,3.933333333333333,0.6872339786977962,0.08070175438596491,0.9438596491228071,0.9466666666666667,0.9363791670184582,30,False,2376.0,True
391,train,random,paper,paper,3165569293,2026,600,30,0.7,"[20, 34, 89, 99, 100, 101, 117, 136, 152, 201, 204, 218, 220, 230, 242, 243, 245, 260, 319, 342, 354, 361, 374, 392, 419, 447, 468, 493, 502, 513]","[507, 422, 180, 76, 529, 409, 48, 195, 521, 175, 289, 338, 337, 29, 142, 416, 59, 93, 550, 218, 551, 536, 111, 419, 212, 315, 12, 123, 116, 6]",6.2,0.001783060134685268,0.006126754098560458,0.2649122807017544,0.02982456140350877,0.007017543859649123,0.0,1.8812056737588652,3.0,0.010526315789473684,0.3701754385964912,10.549122807017543,0.2318550093320798,0.5431073289550766,0.004877613196841006,3.781609195402299,0.7801665286550832,0.06842105263157895,0.356140350877193,0.3883333333333333,0.9585560830309987,30,False,1670.0,False
392,train,random,paper,paper,3165569293,2026,600,30,0.7,"[19, 57, 66, 74, 86, 92, 126, 129, 130, 160, 164, 270, 276, 308, 329, 334, 375, 390, 407, 416, 427, 436, 444, 455, 498, 502, 522, 532, 579, 591]","[552, 502, 379, 107, 35, 26, 124, 287, 305, 57, 498, 150, 103, 256, 554, 205, 583, 232, 114, 355, 234, 383, 349, 112, 591, 116, 367, 387, 440, 347]",4.7,0.0014056078373812831,0.002562012621934391,0.22280701754385965,0.02456140350877193,0.0,0.0,1.9716814159292035,4.0,0.008771929824561403,0.24385964912280703,9.036842105263158,0.20660986394039393,0.6051305768815712,0.0034017770224666777,3.9876847290640396,0.8031931979616046,0.07017543859649122,0.30350877192982456,0.3383333333333333,0.9670855000149459,30,False,1618.0,False
393,train,random,paper,paper,3165569293,2026,600,30,0.7,"[28, 30, 62, 82, 88, 115, 162, 173, 190, 195, 212, 240, 304, 307, 309, 330, 341, 356, 358, 409, 411, 413, 418, 419, 443, 448, 452, 496, 515, 549]","[322, 402, 262, 196, 8, 132, 278, 363, 562, 528, 496, 54, 240, 429, 456, 228, 341, 98, 323, 39, 10, 1, 373, 212, 3, 467, 313, 360, 299, 561]",5.566666666666666,0.0016099930449871556,0.0041061490717661025,0.23508771929824562,0.031578947368421054,0.0035087719298245615,0.0,1.9219858156028369,3.0,0.010526315789473684,0.3473684210526316,11.119298245614035,0.21702004045120193,0.586390404834582,0.006360344636206705,3.6551724137931036,0.7289555999665109,0.06666666666666667,0.2736842105263158,0.31,0.9718863749876618,30,False,1598.0,False
394,train,random,paper,paper,3165569293,2026,600,30,0.7,"[18, 45, 46, 121, 138, 143, 153, 169, 192, 193, 206, 211, 252, 253, 255, 277, 329, 345, 393, 426, 428, 453, 457, 461, 474, 487, 505, 532, 564, 594]","[508, 512, 192, 434, 395, 172, 362, 327, 34, 386, 415, 300, 15, 430, 344, 38, 554, 466, 239, 425, 275, 255, 227, 290, 45, 44, 236, 387, 58, 463]",5.2,0.001543714903433537,0.0036020357464801324,0.23157894736842105,0.03508771929824561,0.005263157894736842,0.0,1.991150442477876,4.0,0.008771929824561403,0.30701754385964913,9.801754385964912,0.21784833544680254,0.5914716492461382,0.006164517575588356,3.7586206896551726,0.8108241780715829,0.07719298245614035,0.38070175438596493,0.4116666666666667,0.9630406668875366,30,False,1662.0,False
395,train,random,paper,paper,3165569293,2026,600,30,0.7,"[12, 16, 92, 94, 164, 180, 184, 195, 226, 248, 258, 272, 303, 305, 330, 336, 389, 391, 397, 409, 417, 428, 432, 435, 470, 491, 550, 569, 585, 590]","[148, 128, 26, 81, 498, 105, 576, 528, 359, 348, 272, 539, 281, 89, 228, 219, 578, 163, 418, 39, 296, 275, 571, 249, 138, 136, 485, 167, 231, 20]",6.233333333333333,0.0017867697076052868,0.005599084661995031,0.2649122807017544,0.03508771929824561,0.0035087719298245615,0.0,1.9113475177304964,4.0,0.010526315789473684,0.34035087719298246,10.529824561403508,0.23816386382476779,0.5426201708136774,0.0035619124799225153,3.708045977011494,0.7240540085959621,0.05789473684210526,0.16140350877192983,0.20333333333333334,0.95160675002262,30,False,1480.0,False
396,train,random,paper,paper,3165569293,2026,600,30,0.7,"[1, 13, 18, 61, 63, 65, 89, 106, 129, 190, 204, 213, 245, 254, 263, 281, 319, 327, 330, 346, 363, 365, 485, 486, 500, 509, 518, 531, 556, 565]","[575, 74, 508, 410, 399, 568, 180, 439, 287, 562, 289, 270, 59, 319, 567, 408, 550, 574, 228, 261, 489, 588, 135, 542, 5, 547, 158, 252, 207, 36]",7.366666666666666,0.002058432564454742,0.007539967153752544,0.3105263157894737,0.05087719298245614,0.0017543859649122807,0.0,1.797872340425532,3.0,0.010526315789473684,0.4298245614035088,11.582456140350876,0.2736048611263758,0.4784879597940369,0.005195892309339933,3.632183908045977,0.7271744446184178,0.08947368421052632,0.9473684210526315,0.95,0.7453008748125285,24,True,2376.0,True
397,train,random,paper,paper,3165569293,2026,600,30,0.7,"[32, 58, 65, 89, 127, 137, 148, 172, 181, 191, 201, 203, 206, 210, 266, 285, 286, 304, 357, 382, 384, 387, 406, 410, 424, 448, 483, 512, 517, 534]","[457, 358, 568, 180, 462, 476, 14, 244, 353, 140, 175, 101, 415, 64, 67, 314, 484, 240, 504, 291, 564, 361, 276, 25, 164, 467, 19, 99, 52, 493]",6.033333333333333,0.0017444940115497374,0.005640496550117734,0.25263157894736843,0.04035087719298246,0.007017543859649123,0.0,1.927304964539007,4.0,0.010526315789473684,0.3333333333333333,10.603508771929825,0.23470845166421878,0.5599358677889804,0.006428615754332153,3.7264367816091952,0.7780508830387642,0.08947368421052632,0.9350877192982456,0.9383333333333334,0.9338007920887321,30,True,2376.0,True
398,train,random,paper,paper,3165569293,2026,600,30,0.7,"[6, 9, 15, 22, 47, 76, 84, 87, 92, 116, 136, 137, 140, 152, 208, 233, 251, 314, 332, 383, 404, 410, 433, 435, 442, 447, 461, 481, 492, 538]","[472, 391, 50, 480, 285, 259, 471, 245, 26, 598, 195, 476, 71, 521, 254, 443, 336, 491, 274, 157, 250, 25, 115, 249, 32, 315, 290, 292, 326, 95]",5.566666666666666,0.001613705578178174,0.0035035337499676055,0.24035087719298245,0.03508771929824561,0.0035087719298245615,0.0,1.9451327433628318,4.0,0.008771929824561403,0.3368421052631579,10.589473684210526,0.22479498886417315,0.5781025498720439,0.004820290144833756,3.6724137931034484,0.7488618332505766,0.07017543859649122,0.5157894736842106,0.54,0.9587470002006739,30,False,1812.0,False
399,train,random,paper,paper,3165569293,2026,600,30,0.7,"[30, 32, 58, 81, 114, 143, 168, 174, 254, 260, 266, 292, 301, 303, 304, 358, 378, 424, 453, 470, 473, 495, 508, 516, 529, 551, 559, 565, 583, 597]","[402, 457, 358, 593, 199, 172, 436, 316, 319, 93, 67, 304, 369, 281, 240, 323, 188, 164, 255, 138, 570, 206, 581, 534, 65, 75, 330, 36, 530, 559]",5.266666666666667,0.0015652403439851822,0.0033442638454742072,0.23508771929824562,0.021052631578947368,0.0035087719298245615,0.0,1.9645390070921986,4.0,0.010526315789473684,0.29473684210526313,9.901754385964912,0.21597942348620855,0.586334905805815,0.0037944973289800875,3.87816091954023,0.7599477396512365,0.0824561403508772,0.9543859649122807,0.9566666666666667,0.9283603748772293,30,False,2374.0,True
400,train,random,paper,paper,3165569293,2026,600,30,0.7,"[6, 45, 52, 92, 99, 103, 131, 141, 172, 179, 183, 192, 257, 299, 317, 331, 349, 353, 356, 369, 418, 420, 434, 436, 459, 466, 504, 525, 541, 593]","[472, 512, 220, 26, 76, 295, 474, 9, 244, 500, 525, 34, 461, 251, 18, 442, 531, 549, 98, 569, 373, 125, 431, 383, 597, 339, 356, 400, 61, 505]",5.933333333333334,0.0017140316486301576,0.006306815866169431,0.2543859649122807,0.03508771929824561,0.0035087719298245615,0.0,1.9202127659574468,4.0,0.010526315789473684,0.387719298245614,11.170175438596491,0.23290057793395427,0.5573890790244505,0.0054370689806261495,3.708045977011494,0.6901479238045164,0.08771929824561403,0.9578947368421052,0.96,0.7677791661117226,24,True,2378.0,True
401,train,random,paper,paper,3165569293,2026,600,30,0.7,"[14, 28, 35, 78, 95, 122, 124, 133, 141, 171, 187, 194, 205, 242, 261, 270, 272, 294, 342, 358, 362, 363, 380, 450, 468, 496, 525, 527, 570, 588]","[145, 322, 479, 595, 79, 520, 454, 397, 9, 268, 146, 284, 524, 142, 279, 150, 539, 354, 218, 323, 85, 489, 334, 2, 12, 360, 400, 424, 366, 283]",5.866666666666666,0.0016941543502370507,0.005207478178241701,0.2578947368421053,0.042105263157894736,0.005263157894736842,0.0,1.9166666666666667,4.0,0.010526315789473684,0.3508771929824561,9.75263157894737,0.23624850303271283,0.5526716615792557,0.005006888996342075,3.839080459770115,0.7680977663967314,0.08771929824561403,0.9315789473684211,0.935,0.9727735829073936,30,False,2354.0,True
402,train,random,paper,paper,3165569293,2026,600,30,0.7,"[15, 16, 39, 71, 98, 134, 148, 181, 214, 218, 221, 228, 254, 256, 262, 290, 292, 313, 365, 366, 372, 400, 441, 467, 515, 526, 534, 555, 558, 580]","[50, 128, 444, 526, 513, 455, 14, 353, 310, 338, 181, 173, 319, 573, 541, 490, 304, 102, 588, 587, 293, 197, 380, 204, 299, 264, 493, 312, 503, 60]",4.5,0.0013966311847318155,0.002461772139832302,0.1912280701754386,0.021052631578947368,0.0035087719298245615,0.0,2.113274336283186,4.0,0.008771929824561403,0.20701754385964913,7.88421052631579,0.18044542692123966,0.6548762063330559,0.004646215853112405,4.0492610837438425,0.727972744108819,0.08421052631578947,0.3280701754385965,0.3616666666666667,0.9575660419650376,30,False,1622.0,False
403,train,random,paper,paper,3165569293,2026,600,30,0.7,"[21, 35, 36, 100, 120, 124, 127, 154, 165, 178, 189, 219, 235, 243, 252, 263, 292, 304, 351, 366, 380, 412, 465, 481, 489, 493, 524, 564, 566, 572]","[127, 479, 589, 529, 27, 454, 462, 420, 213, 492, 46, 298, 55, 416, 15, 567, 304, 240, 209, 587, 334, 184, 582, 292, 31, 123, 393, 58, 191, 211]",5.966666666666667,0.0017403844767558206,0.004586565632698454,0.2578947368421053,0.03684210526315789,0.005263157894736842,0.0,1.8938053097345133,4.0,0.008771929824561403,0.3912280701754386,11.72982456140351,0.23702483882905362,0.552042672586563,0.006669910075215935,3.4679802955665027,0.7811713190612201,0.10350877192982456,0.9508771929824561,0.9533333333333334,0.8223896659910679,27,True,2378.0,True
404,train,random,paper,paper,3165569293,2026,600,30,0.7,"[46, 49, 66, 121, 145, 146, 152, 181, 186, 189, 218, 248, 259, 307, 319, 321, 342, 364, 375, 386, 414, 462, 486, 512, 517, 532, 537, 574, 581, 592]","[192, 72, 379, 434, 297, 370, 521, 353, 388, 46, 338, 348, 155, 429, 550, 458, 218, 222, 583, 16, 333, 335, 542, 99, 52, 387, 599, 193, 185, 241]",6.366666666666666,0.0018329424944871894,0.005758491535075578,0.29473684210526313,0.03508771929824561,0.0017543859649122807,0.0,1.824468085106383,3.0,0.010526315789473684,0.4105263157894737,10.812280701754386,0.2627593966543771,0.49947892578546543,0.0037696114893545586,3.7701149425287355,0.78408526416794,0.08596491228070176,0.9228070175438596,0.9266666666666666,0.9100805409252644,30,False,2374.0,True
405,train,random,paper,paper,3165569293,2026,600,30,0.7,"[3, 33, 46, 82, 95, 116, 121, 148, 169, 172, 177, 204, 219, 303, 311, 314, 334, 346, 360, 373, 374, 427, 481, 482, 488, 500, 514, 539, 540, 553]","[182, 73, 192, 196, 79, 598, 434, 14, 327, 244, 235, 289, 298, 281, 385, 491, 205, 261, 139, 332, 111, 234, 292, 375, 134, 5, 215, 453, 53, 141]",4.8,0.001422521509767493,0.003317781805640093,0.20877192982456141,0.02631578947368421,0.007017543859649123,0.0,2.008833922261484,3.0,0.007017543859649123,0.2894736842105263,9.433333333333334,0.19487747872546338,0.6270711929207905,0.005766362091225974,3.873015873015873,0.8168585592007588,0.06842105263157895,0.2614035087719298,0.29833333333333334,0.9750758330337703,30,False,1600.0,False
406,train,random,paper,paper,3165569293,2026,600,30,0.7,"[7, 47, 56, 68, 81, 104, 106, 108, 118, 122, 126, 134, 144, 157, 192, 202, 203, 210, 243, 363, 368, 394, 431, 448, 522, 527, 550, 560, 564, 578]","[225, 285, 426, 49, 593, 130, 439, 449, 4, 520, 124, 455, 486, 584, 34, 405, 101, 64, 416, 489, 396, 169, 328, 467, 367, 424, 485, 557, 58, 106]",5.0,0.001480595700366794,0.003134082668152205,0.21403508771929824,0.03508771929824561,0.0,0.0,2.007079646017699,4.0,0.008771929824561403,0.2964912280701754,10.29298245614035,0.20457111839214182,0.6185490087256806,0.005283873214907697,3.6921182266009853,0.719002483324478,0.08421052631578947,0.9456140350877194,0.9483333333333334,0.9334958328399807,30,False,2378.0,True
407,train,random,paper,paper,3165569293,2026,600,30,0.7,"[0, 12, 40, 53, 56, 62, 95, 101, 127, 131, 146, 154, 193, 215, 274, 283, 305, 309, 422, 424, 455, 458, 466, 536, 539, 551, 557, 571, 574, 576]","[509, 148, 459, 345, 426, 262, 79, 409, 462, 474, 370, 420, 386, 452, 161, 517, 89, 456, 119, 164, 112, 179, 339, 303, 453, 75, 368, 91, 193, 253]",5.566666666666666,0.0016419523210452827,0.003884082147439402,0.24912280701754386,0.02456140350877193,0.0017543859649122807,0.0,1.9343971631205674,4.0,0.010526315789473684,0.32105263157894737,10.394736842105264,0.22781067455634782,0.5651034440230629,0.0036526436526436532,3.760919540229885,0.7020321296955775,0.08947368421052632,0.9543859649122807,0.9566666666666667,0.927781832870096,30,False,2378.0,True
408,train,random,paper,paper,3165569293,2026,600,30,0.7,"[1, 17, 25, 31, 57, 82, 86, 98, 131, 142, 173, 174, 190, 218, 269, 290, 339, 342, 348, 357, 366, 447, 504, 516, 518, 540, 544, 586, 594, 597]","[575, 166, 118, 482, 502, 196, 35, 513, 474, 451, 363, 316, 562, 338, 390, 490, 47, 218, 325, 504, 587, 315, 356, 534, 158, 53, 282, 343, 463, 559]",5.9,0.001733306437275989,0.004584511255256953,0.2754385964912281,0.02982456140350877,0.0017543859649122807,0.0,1.8794326241134751,4.0,0.010526315789473684,0.2982456140350877,10.021052631578947,0.24670577276300323,0.5268399469675947,0.003766999985372997,3.8344827586206898,0.774338638441643,0.07719298245614035,0.9315789473684211,0.935,0.9530767500400543,30,False,2366.0,True
409,train,random,paper,paper,3165569293,2026,600,30,0.7,"[3, 17, 20, 96, 109, 123, 151, 158, 259, 290, 308, 312, 338, 345, 360, 363, 364, 374, 389, 395, 407, 413, 441, 443, 492, 513, 529, 531, 557, 558]","[182, 166, 507, 226, 257, 156, 63, 33, 155, 490, 256, 446, 108, 466, 139, 489, 222, 111, 578, 340, 114, 1, 380, 3, 326, 6, 65, 252, 368, 503]",6.733333333333333,0.0018991999908286037,0.006257959081723292,0.2614035087719298,0.04912280701754386,0.010526315789473684,0.0,1.898936170212766,4.0,0.010526315789473684,0.4,11.057894736842105,0.24047959012804498,0.5476644158727222,0.00755829165771829,3.645977011494253,0.6977789039144946,0.07543859649122807,0.9245614035087719,0.9283333333333333,0.9618574168998748,30,False,2352.0,True
410,train,random,paper,paper,3165569293,2026,600,30,0.7,"[2, 7, 8, 26, 50, 65, 97, 136, 144, 145, 175, 185, 201, 225, 235, 292, 337, 351, 365, 381, 382, 416, 474, 484, 493, 507, 522, 532, 542, 589]","[592, 225, 147, 117, 78, 568, 104, 195, 486, 297, 271, 311, 175, 131, 55, 304, 494, 209, 588, 556, 291, 355, 45, 469, 123, 421, 367, 387, 223, 470]",5.7,0.001673985239714569,0.005463650877277987,0.25263157894736843,0.02982456140350877,0.007017543859649123,0.0,1.9148936170212767,4.0,0.010526315789473684,0.34210526315789475,10.982456140350877,0.22890421911134978,0.5603120278728455,0.00693560526319147,3.6229885057471263,0.7869992092746602,0.0824561403508772,0.9456140350877194,0.9483333333333334,0.9343453338369727,30,False,2378.0,True
411,train,random,paper,paper,3165569293,2026,600,30,0.7,"[11, 33, 84, 105, 106, 113, 120, 168, 173, 212, 268, 271, 278, 299, 300, 322, 334, 341, 352, 390, 396, 419, 466, 489, 510, 514, 529, 540, 577, 595]","[495, 73, 471, 372, 439, 511, 27, 436, 363, 496, 242, 144, 487, 251, 151, 162, 205, 341, 497, 232, 478, 212, 339, 31, 51, 215, 65, 53, 321, 120]",5.066666666666666,0.0014877877466697095,0.0031099809856030853,0.22982456140350876,0.02456140350877193,0.005263157894736842,0.0,1.9787610619469027,4.0,0.008771929824561403,0.3175438596491228,10.20701754385965,0.2136491361675303,0.5941849350969691,0.004465394120566534,3.6748768472906406,0.7837507738997143,0.08596491228070176,0.9491228070175438,0.9516666666666667,0.9285422079265118,30,False,2378.0,True
412,train,random,paper,paper,3165569293,2026,600,30,0.7,"[8, 54, 121, 126, 130, 137, 161, 172, 187, 209, 230, 315, 343, 344, 347, 358, 365, 374, 391, 402, 409, 425, 428, 459, 460, 495, 497, 549, 554, 578]","[147, 317, 434, 124, 305, 476, 545, 244, 146, 346, 29, 246, 248, 563, 307, 323, 588, 111, 163, 41, 39, 331, 275, 597, 499, 206, 186, 561, 522, 106]",5.166666666666667,0.001503473762025845,0.0038387098000090742,0.21754385964912282,0.03333333333333333,0.007017543859649123,0.0,1.9716312056737588,3.0,0.010526315789473684,0.34035087719298246,10.480701754385965,0.20199965832972105,0.6136280948416736,0.007509495972475272,3.7839080459770114,0.7552307046479785,0.05087719298245614,0.1736842105263158,0.215,0.7422530420590192,23,True,1514.0,False
413,train,random,paper,paper,3165569293,2026,600,30,0.7,"[11, 35, 48, 102, 116, 135, 141, 152, 155, 162, 178, 215, 248, 253, 267, 290, 314, 342, 346, 369, 412, 419, 432, 434, 497, 515, 528, 531, 551, 571]","[495, 479, 11, 121, 598, 21, 9, 521, 43, 278, 492, 452, 348, 430, 389, 490, 491, 218, 261, 569, 184, 212, 571, 431, 186, 299, 468, 252, 75, 91]",5.2,0.0015303272773312397,0.0032237886306086673,0.21929824561403508,0.03333333333333333,0.008771929824561403,0.0,1.984070796460177,4.0,0.008771929824561403,0.2982456140350877,9.910526315789474,0.20575376995342518,0.6104399839669472,0.008048531927842273,3.7635467980295565,0.7961540264262918,0.07192982456140351,0.9526315789473684,0.955,0.9462217909749597,30,False,2376.0,True
414,train,random,paper,paper,3165569293,2026,600,30,0.7,"[105, 108, 115, 116, 117, 124, 144, 202, 222, 255, 270, 282, 285, 329, 332, 338, 351, 368, 380, 419, 436, 439, 443, 480, 530, 537, 552, 564, 574, 591]","[372, 449, 132, 598, 48, 454, 486, 405, 488, 344, 150, 357, 314, 554, 274, 108, 209, 396, 334, 212, 383, 565, 3, 243, 324, 599, 320, 58, 193, 347]",5.233333333333333,0.0015371226073311013,0.0034012955584229497,0.23508771929824562,0.031578947368421054,0.0017543859649122807,0.0,1.952212389380531,4.0,0.008771929824561403,0.3175438596491228,10.364912280701754,0.22042463207363475,0.5860820768969877,0.004220772841462496,3.706896551724138,0.8100258785811817,0.07894736842105263,0.3298245614035088,0.36333333333333334,0.9670497921761125,30,False,1656.0,False
415,train,random,paper,paper,3165569293,2026,600,30,0.7,"[1, 65, 80, 89, 114, 116, 120, 164, 165, 170, 176, 189, 221, 267, 275, 277, 284, 345, 351, 369, 393, 405, 415, 429, 438, 443, 519, 537, 538, 552]","[575, 568, 403, 180, 199, 598, 27, 498, 213, 553, 194, 46, 181, 389, 371, 38, 516, 466, 209, 569, 239, 523, 190, 23, 40, 3, 80, 599, 95, 320]",6.466666666666667,0.0018539793925024656,0.0061174655839422,0.2754385964912281,0.03333333333333333,0.0035087719298245615,0.0,1.8900709219858156,4.0,0.010526315789473684,0.387719298245614,10.687719298245614,0.24592590761366906,0.5272037739339561,0.004527569959706833,3.6804597701149424,0.7772525835483631,0.07192982456140351,0.41754385964912283,0.44666666666666666,0.9674011250026524,30,False,1676.0,False
416,train,random,paper,paper,3165569293,2026,600,30,0.7,"[40, 43, 46, 47, 51, 72, 87, 97, 164, 266, 282, 284, 319, 348, 362, 393, 398, 407, 412, 439, 452, 460, 465, 494, 500, 522, 531, 575, 581, 585]","[459, 448, 192, 285, 447, 68, 245, 104, 498, 67, 357, 516, 550, 325, 85, 239, 411, 114, 184, 565, 313, 499, 582, 170, 5, 367, 252, 267, 185, 231]",6.933333333333334,0.001963434036844991,0.0066710679229260135,0.28421052631578947,0.043859649122807015,0.007017543859649123,0.0,1.8475177304964538,4.0,0.010526315789473684,0.4,11.626315789473685,0.25844436506634993,0.5140505041161779,0.006082757191684925,3.5701149425287357,0.7868712099221701,0.07719298245614035,0.9596491228070175,0.9616666666666667,0.8391795840580016,27,True,2376.0,True
417,train,random,paper,paper,3165569293,2026,600,30,0.7,"[16, 18, 21, 31, 38, 41, 49, 105, 134, 265, 271, 279, 292, 323, 330, 350, 362, 411, 417, 422, 448, 470, 485, 494, 500, 536, 555, 576, 577, 591]","[128, 508, 127, 482, 137, 56, 72, 372, 455, 69, 144, 160, 304, 433, 228, 413, 85, 10, 296, 119, 467, 138, 135, 170, 5, 303, 312, 253, 321, 347]",5.6,0.001635518042949613,0.003525427181195153,0.24736842105263157,0.03333333333333333,0.0035087719298245615,0.0,1.9326241134751774,4.0,0.010526315789473684,0.3368421052631579,10.228070175438596,0.22981558197605137,0.5676625659050967,0.004636794540445656,3.8367816091954023,0.7269679537026822,0.07017543859649122,0.4789473684210526,0.505,0.9490367081016302,30,False,1784.0,False
418,train,random,paper,paper,3165569293,2026,600,30,0.7,"[1, 8, 18, 21, 29, 46, 47, 56, 60, 76, 145, 149, 152, 187, 221, 251, 281, 285, 326, 356, 357, 360, 371, 400, 444, 460, 461, 462, 513, 522]","[575, 147, 508, 127, 82, 192, 285, 426, 306, 259, 297, 465, 521, 146, 181, 336, 408, 314, 412, 98, 504, 139, 406, 197, 349, 499, 290, 335, 6, 367]",5.433333333333334,0.0015994866017665394,0.00451626870143706,0.24210526315789474,0.03333333333333333,0.0017543859649122807,0.0,1.929078014184397,4.0,0.010526315789473684,0.28596491228070176,9.173684210526316,0.2186847748135921,0.5764252458915302,0.004581406011070436,3.949425287356322,0.7840852641679401,0.07543859649122807,0.34912280701754383,0.38166666666666665,0.946896875044331,30,False,1654.0,False
419,train,random,paper,paper,3165569293,2026,600,30,0.7,"[12, 42, 64, 67, 69, 95, 109, 166, 174, 184, 192, 201, 224, 226, 259, 268, 294, 366, 410, 415, 450, 452, 460, 481, 502, 509, 514, 520, 543, 579]","[148, 17, 384, 0, 501, 79, 257, 133, 316, 576, 34, 175, 329, 359, 155, 242, 354, 587, 25, 190, 2, 313, 499, 292, 116, 547, 215, 308, 110, 440]",5.5,0.0016045405412281576,0.003586322967885763,0.24561403508771928,0.03333333333333333,0.0,0.0,1.9450354609929077,4.0,0.010526315789473684,0.32105263157894737,10.117543859649123,0.22919840042433448,0.570190854993371,0.004120856793270586,3.767816091954023,0.7948366803003741,0.07719298245614035,0.9508771929824561,0.9533333333333334,0.8504127499181777,27,True,2378.0,True
420,train,random,paper,paper,3165569293,2026,600,30,0.7,"[32, 62, 65, 87, 96, 145, 217, 243, 284, 332, 334, 343, 344, 346, 377, 385, 417, 437, 454, 462, 466, 478, 479, 484, 522, 528, 540, 550, 556, 563]","[457, 262, 568, 245, 226, 297, 13, 416, 516, 274, 205, 248, 563, 261, 90, 364, 296, 30, 198, 335, 339, 202, 518, 469, 367, 468, 53, 485, 207, 477]",5.833333333333333,0.0016774066606746428,0.005474349791166628,0.2543859649122807,0.02456140350877193,0.008771929824561403,0.0,1.8900709219858156,4.0,0.010526315789473684,0.32456140350877194,10.86140350877193,0.2281003070305277,0.55774673943206,0.0051010258008694275,3.671264367816092,0.7648493310217855,0.0824561403508772,0.9403508771929825,0.9433333333333334,0.9458323339931667,30,False,2378.0,True
421,train,random,paper,paper,3165569293,2026,600,30,0.7,"[22, 27, 32, 33, 37, 47, 60, 69, 90, 130, 160, 178, 179, 183, 203, 226, 227, 260, 273, 286, 300, 354, 356, 375, 383, 386, 410, 438, 478, 536]","[480, 579, 457, 73, 217, 285, 306, 501, 318, 305, 57, 492, 500, 525, 101, 359, 94, 93, 438, 484, 151, 551, 98, 583, 157, 16, 25, 40, 202, 303]",6.1,0.0017369835041374398,0.006024878102671552,0.2614035087719298,0.031578947368421054,0.007017543859649123,0.0,1.877659574468085,4.0,0.010526315789473684,0.3719298245614035,11.394736842105264,0.23945894542157553,0.5468997625874881,0.005153809118258782,3.659770114942529,0.7741321475259072,0.0912280701754386,0.9438596491228071,0.9466666666666667,0.7526442089583725,24,True,2376.0,True
422,train,random,paper,paper,3165569293,2026,600,30,0.7,"[15, 82, 102, 106, 119, 141, 143, 183, 235, 236, 280, 297, 303, 307, 308, 312, 336, 404, 434, 465, 466, 474, 476, 483, 518, 536, 584, 589, 591, 593]","[50, 196, 121, 439, 100, 9, 172, 525, 55, 475, 580, 159, 281, 429, 256, 446, 219, 250, 431, 582, 339, 45, 560, 19, 158, 303, 149, 470, 347, 505]",5.8,0.0016845393925506427,0.0036015632695231615,0.2543859649122807,0.031578947368421054,0.005263157894736842,0.0,1.8971631205673758,4.0,0.010526315789473684,0.3456140350877193,10.677192982456141,0.23420748472598601,0.5572595812906608,0.0053602719119960505,3.7517241379310344,0.8008710614295501,0.08596491228070176,0.9245614035087719,0.9283333333333333,0.9473862920422107,30,False,2348.0,True
423,train,random,paper,paper,3165569293,2026,600,30,0.7,"[48, 51, 55, 61, 79, 122, 137, 187, 211, 218, 240, 248, 252, 283, 318, 341, 350, 352, 354, 362, 371, 392, 401, 412, 432, 451, 467, 559, 561, 563]","[11, 447, 515, 410, 374, 520, 476, 146, 300, 338, 54, 348, 15, 517, 83, 341, 413, 497, 551, 85, 406, 419, 427, 184, 571, 577, 204, 330, 229, 477]",5.933333333333334,0.0017058292840175138,0.004738813211113369,0.25087719298245614,0.042105263157894736,0.007017543859649123,0.0,1.9379432624113475,4.0,0.010526315789473684,0.38596491228070173,11.078947368421053,0.2312243915510501,0.562889649431135,0.0076974482486579544,3.6091954022988504,0.7258351639440552,0.07543859649122807,0.9473684210526315,0.95,0.9540131660178304,30,False,2378.0,True
424,train,random,paper,paper,3165569293,2026,600,30,0.7,"[23, 24, 38, 56, 61, 68, 89, 115, 139, 153, 179, 227, 256, 265, 267, 269, 297, 329, 366, 446, 476, 480, 484, 514, 521, 524, 543, 553, 583, 584]","[122, 590, 137, 426, 410, 49, 180, 132, 152, 362, 500, 94, 573, 69, 389, 390, 159, 554, 587, 208, 560, 243, 469, 215, 464, 393, 110, 141, 530, 149]",6.166666666666667,0.0017644248608242917,0.004856331204932099,0.2543859649122807,0.0456140350877193,0.0035087719298245615,0.0,1.9148936170212767,4.0,0.010526315789473684,0.38070175438596493,11.556140350877193,0.2388868873977066,0.5569820861468258,0.006154372447475896,3.5908045977011493,0.6940666593173733,0.08596491228070176,0.9508771929824561,0.9533333333333334,0.8527739162091166,28,True,2378.0,True
425,train,random,paper,paper,3165569293,2026,600,30,0.7,"[9, 42, 74, 79, 89, 113, 115, 143, 165, 168, 178, 222, 237, 273, 304, 319, 371, 376, 397, 429, 443, 460, 470, 472, 474, 485, 487, 509, 558, 579]","[391, 17, 107, 374, 180, 511, 132, 172, 213, 436, 492, 488, 437, 438, 240, 550, 406, 87, 418, 23, 3, 499, 138, 237, 45, 135, 44, 547, 503, 440]",5.6,0.0016378638338151647,0.0054460392744637345,0.24736842105263157,0.03508771929824561,0.0035087719298245615,0.0,1.9042553191489362,3.0,0.010526315789473684,0.3543859649122807,10.37719298245614,0.22907395891930699,0.5678413961089014,0.005363544501475535,3.7839080459770114,0.6977789039144946,0.07543859649122807,0.45087719298245615,0.47833333333333333,0.7603705420624465,23,True,1758.0,False
426,train,random,paper,paper,3165569293,2026,600,30,0.7,"[0, 20, 62, 66, 81, 106, 128, 138, 140, 152, 158, 225, 266, 278, 284, 346, 355, 363, 374, 450, 460, 471, 473, 496, 497, 506, 552, 557, 573, 581]","[509, 507, 262, 379, 593, 439, 210, 395, 71, 521, 33, 131, 67, 487, 516, 261, 177, 489, 111, 2, 499, 519, 570, 360, 186, 183, 320, 368, 596, 185]",6.533333333333333,0.0018568659488073212,0.005546647903998851,0.2719298245614035,0.05263157894736842,0.005263157894736842,0.0,1.8687943262411348,4.0,0.010526315789473684,0.4070175438596491,11.982456140350877,0.2545419586249742,0.5313353682977214,0.0066069035389522204,3.5494252873563217,0.7940383808099729,0.08771929824561403,0.9298245614035088,0.9333333333333333,0.9743937910534441,30,False,2364.0,True
427,train,random,paper,paper,3165569293,2026,600,30,0.7,"[21, 46, 57, 76, 97, 104, 145, 161, 219, 242, 265, 316, 325, 366, 368, 370, 389, 401, 405, 441, 457, 474, 481, 509, 511, 527, 532, 573, 582, 586]","[127, 192, 502, 259, 104, 130, 297, 545, 298, 142, 69, 42, 382, 587, 396, 401, 578, 427, 523, 380, 227, 45, 292, 547, 417, 424, 387, 596, 540, 343]",6.6,0.001857713712648494,0.007176899895234203,0.256140350877193,0.04736842105263158,0.005263157894736842,0.0,1.925531914893617,4.0,0.010526315789473684,0.3929824561403509,11.01578947368421,0.23267300756986928,0.5560509357752906,0.006877514667895793,3.579310344827586,0.7164230284859838,0.07543859649122807,0.519298245614035,0.5433333333333333,0.9427504579070956,30,False,1848.0,False
428,train,random,paper,paper,3165569293,2026,600,30,0.7,"[4, 18, 40, 58, 73, 83, 84, 135, 144, 152, 170, 184, 204, 240, 254, 285, 286, 338, 406, 409, 425, 446, 476, 495, 521, 527, 531, 545, 567, 585]","[594, 508, 459, 358, 302, 558, 471, 21, 486, 521, 553, 576, 289, 54, 319, 314, 484, 108, 276, 39, 331, 208, 560, 206, 464, 424, 252, 376, 428, 231]",6.5,0.0018424392320068306,0.00567858250454852,0.27017543859649124,0.05263157894736842,0.0017543859649122807,0.0,1.9095744680851063,4.0,0.010526315789473684,0.39473684210526316,11.640350877192983,0.252045268842893,0.5340424875898006,0.00621315083384049,3.5402298850574714,0.8061071430683249,0.07894736842105263,0.9385964912280702,0.9416666666666667,0.9425432500429451,30,False,2378.0,True
429,train,random,paper,paper,3165569293,2026,600,30,0.7,"[2, 14, 46, 52, 54, 67, 75, 82, 83, 98, 165, 204, 235, 308, 349, 352, 360, 377, 407, 426, 437, 448, 455, 465, 476, 544, 560, 578, 585, 587]","[592, 145, 192, 220, 317, 0, 351, 196, 558, 513, 213, 289, 55, 256, 531, 497, 139, 90, 114, 425, 30, 467, 112, 582, 560, 282, 557, 106, 231, 352]",6.533333333333333,0.001857744510711083,0.0054621118727155495,0.2789473684210526,0.03684210526315789,0.0035087719298245615,0.0,1.8599290780141844,3.0,0.010526315789473684,0.41403508771929826,11.405263157894737,0.24890946179663567,0.5222581938149415,0.004470137028651329,3.5908045977011493,0.7728148013999895,0.08070175438596491,0.5631578947368421,0.585,0.957369500072673,30,False,1866.0,False
430,train,random,paper,paper,3165569293,2026,600,30,0.7,"[2, 41, 53, 68, 82, 114, 118, 159, 167, 191, 243, 246, 260, 261, 269, 282, 285, 299, 302, 318, 330, 342, 358, 448, 478, 485, 522, 525, 570, 583]","[592, 56, 345, 49, 196, 199, 4, 365, 585, 140, 416, 392, 93, 279, 390, 357, 314, 251, 129, 83, 228, 218, 323, 467, 202, 135, 367, 400, 366, 530]",6.0,0.0017127994606606126,0.0047162496763324,0.2596491228070175,0.03684210526315789,0.005263157894736842,0.0,1.8865248226950355,4.0,0.010526315789473684,0.36666666666666664,11.505263157894737,0.23925418322222497,0.5494773841457774,0.005298482452587289,3.659770114942529,0.7371275612604508,0.08421052631578947,0.5298245614035088,0.5533333333333333,0.9733976249117404,30,False,1872.0,False
431,train,random,paper,paper,3165569293,2026,600,30,0.7,"[23, 41, 42, 51, 79, 129, 175, 184, 201, 203, 248, 254, 262, 264, 266, 298, 299, 365, 373, 418, 441, 444, 452, 463, 489, 490, 515, 541, 553, 572]","[122, 56, 17, 447, 374, 287, 271, 576, 175, 101, 348, 319, 541, 174, 67, 546, 251, 588, 332, 373, 380, 349, 313, 377, 31, 381, 299, 61, 141, 211]",5.7,0.001649866352282299,0.004011342974357957,0.2578947368421053,0.03333333333333333,0.0017543859649122807,0.0,1.9166666666666667,4.0,0.010526315789473684,0.3543859649122807,10.652631578947368,0.23793601130529313,0.551993340116548,0.004440482888758751,3.7149425287356324,0.7020321296955773,0.08771929824561403,0.9456140350877194,0.9483333333333334,0.8136872078757733,26,True,2378.0,True
432,train,random,paper,paper,3165569293,2026,600,30,0.7,"[20, 36, 56, 63, 69, 136, 139, 141, 148, 162, 182, 225, 234, 240, 270, 301, 314, 325, 338, 343, 378, 379, 393, 399, 519, 527, 537, 549, 553, 575]","[507, 589, 426, 399, 501, 195, 152, 9, 14, 278, 538, 131, 28, 54, 150, 369, 491, 382, 108, 248, 188, 483, 239, 263, 80, 424, 599, 561, 141, 267]",4.666666666666667,0.0014020058148834932,0.002542097909962748,0.20877192982456141,0.02631578947368421,0.0035087719298245615,0.0,1.9823008849557522,4.0,0.008771929824561403,0.2912280701754386,9.356140350877194,0.19765926702146472,0.6268553633644744,0.0052473261093950755,3.8817733990147785,0.8108241780715829,0.06491228070175438,0.22105263157894736,0.26,0.8974022909533232,28,True,1556.0,False
433,train,random,paper,paper,3165569293,2026,600,30,0.7,"[64, 66, 115, 118, 157, 160, 163, 203, 211, 220, 252, 269, 333, 358, 389, 399, 407, 417, 420, 423, 438, 467, 491, 505, 513, 528, 546, 550, 551, 596]","[384, 379, 132, 4, 584, 57, 309, 101, 300, 337, 15, 390, 294, 323, 578, 263, 114, 296, 125, 269, 40, 204, 136, 236, 6, 468, 176, 485, 75, 260]",5.7,0.0016483325856791666,0.004725737801478073,0.24561403508771928,0.02982456140350877,0.0035087719298245615,0.0,1.9361702127659575,4.0,0.010526315789473684,0.3350877192982456,10.001754385964912,0.2183737074510943,0.57178799371011,0.0039635465225301885,3.8045977011494254,0.7840852641679401,0.054385964912280704,0.21052631578947367,0.25,0.947879791026935,30,False,1526.0,False
434,train,random,paper,paper,3165569293,2026,600,30,0.7,"[17, 65, 125, 166, 190, 200, 217, 227, 233, 240, 262, 268, 274, 316, 329, 341, 356, 384, 387, 463, 465, 478, 486, 501, 511, 514, 525, 545, 580, 594]","[166, 568, 280, 133, 562, 404, 13, 94, 443, 54, 541, 242, 161, 42, 554, 341, 98, 564, 361, 377, 582, 202, 542, 510, 417, 215, 400, 376, 60, 463]",7.133333333333334,0.0019907034260345582,0.007536536790484396,0.2789473684210526,0.05263157894736842,0.010526315789473684,0.0,1.8652482269503545,4.0,0.010526315789473684,0.45964912280701753,12.647368421052631,0.2584047734325049,0.5214257083834366,0.008066800409290368,3.485057471264368,0.7077320205565275,0.0912280701754386,0.9298245614035088,0.9333333333333333,0.9302646659780294,30,False,2374.0,True
435,train,random,paper,paper,3165569293,2026,600,30,0.7,"[34, 35, 36, 43, 83, 106, 109, 135, 139, 156, 164, 179, 184, 200, 221, 252, 274, 328, 361, 417, 418, 421, 424, 428, 473, 484, 495, 516, 534, 574]","[422, 479, 589, 448, 558, 439, 257, 21, 152, 143, 498, 500, 576, 404, 181, 15, 161, 189, 536, 296, 373, 201, 164, 275, 570, 469, 206, 534, 493, 193]",5.766666666666667,0.001667956535104073,0.004772308786306499,0.24736842105263157,0.042105263157894736,0.007017543859649123,0.0,1.9308510638297873,3.0,0.010526315789473684,0.36140350877192984,10.76842105263158,0.2337546747848087,0.5674467363487805,0.006080021135802069,3.659770114942529,0.7704199029287859,0.08947368421052632,0.9543859649122807,0.9566666666666667,0.9208289999514818,30,False,2376.0,True
436,train,random,paper,paper,3165569293,2026,600,30,0.7,"[8, 18, 42, 63, 70, 85, 108, 117, 148, 154, 176, 192, 219, 266, 267, 279, 306, 307, 364, 373, 396, 418, 435, 439, 444, 458, 499, 510, 553, 571]","[147, 508, 17, 399, 84, 273, 449, 48, 14, 420, 194, 34, 298, 67, 389, 160, 301, 429, 222, 332, 478, 373, 249, 565, 349, 179, 432, 51, 141, 91]",5.7,0.0016557161440650208,0.003641078390805054,0.22631578947368422,0.042105263157894736,0.007017543859649123,0.0,1.9556737588652482,4.0,0.010526315789473684,0.36140350877192984,11.149122807017545,0.21623061336639374,0.5994080103598187,0.007325702995074192,3.657471264367816,0.7428274521214007,0.08947368421052632,0.9473684210526315,0.95,0.8113747499883175,26,True,2378.0,True
437,train,random,paper,paper,3165569293,2026,600,30,0.7,"[0, 34, 35, 45, 56, 63, 96, 98, 106, 112, 144, 155, 221, 222, 265, 272, 273, 298, 320, 334, 345, 437, 464, 482, 517, 519, 523, 531, 556, 571]","[509, 422, 479, 512, 426, 399, 226, 513, 439, 548, 486, 43, 181, 488, 69, 539, 438, 546, 70, 205, 466, 30, 533, 375, 52, 80, 153, 252, 207, 91]",5.966666666666667,0.0016923597351033116,0.004679918392461518,0.22982456140350876,0.043859649122807015,0.008771929824561403,0.0,1.976991150442478,4.0,0.008771929824561403,0.3473684210526316,11.056140350877193,0.21825330105100135,0.594135602626954,0.007171529920008622,3.5295566502463056,0.7840852641679401,0.10175438596491228,0.956140350877193,0.9583333333333334,0.7268242919817567,23,True,2378.0,True
438,train,random,paper,paper,3165569293,2026,600,30,0.7,"[20, 23, 48, 60, 62, 64, 70, 80, 88, 141, 182, 187, 197, 262, 273, 286, 302, 305, 376, 382, 383, 409, 466, 482, 493, 511, 533, 540, 547, 592]","[507, 122, 11, 306, 262, 384, 84, 403, 8, 9, 538, 146, 92, 541, 438, 484, 129, 89, 87, 291, 157, 39, 339, 375, 123, 417, 203, 53, 109, 241]",5.8,0.001664460624260532,0.005093950462611008,0.24736842105263157,0.03859649122807018,0.005263157894736842,0.0,1.9380530973451326,3.0,0.008771929824561403,0.3684210526315789,10.340350877192982,0.2247791843838273,0.5683593870440601,0.005352003057649511,3.770935960591133,0.7548962143797526,0.08771929824561403,0.9456140350877194,0.9483333333333334,0.9469648338854313,30,False,2368.0,True
439,train,random,paper,paper,3165569293,2026,600,30,0.7,"[3, 69, 71, 83, 89, 163, 167, 187, 198, 202, 211, 228, 230, 245, 248, 258, 278, 282, 327, 332, 366, 376, 389, 407, 478, 485, 487, 513, 548, 554]","[182, 501, 526, 558, 180, 309, 585, 146, 187, 405, 300, 173, 29, 59, 348, 272, 487, 357, 574, 274, 587, 87, 578, 114, 202, 135, 44, 6, 224, 522]",8.0,0.002201752638122684,0.009239505618089821,0.32456140350877194,0.05263157894736842,0.008771929824561403,0.0,1.7854609929078014,3.0,0.010526315789473684,0.4824561403508772,12.19122807017544,0.27939304731357556,0.4607097709123424,0.005408445328119063,3.496551724137931,0.7710117115034515,0.07543859649122807,0.45614035087719296,0.48333333333333334,0.9504320421256125,30,False,1770.0,False
440,train,random,paper,paper,3165569293,2026,600,30,0.7,"[3, 30, 47, 73, 126, 139, 149, 150, 183, 241, 262, 288, 323, 346, 380, 384, 389, 393, 394, 417, 420, 429, 450, 458, 501, 512, 516, 555, 593, 599]","[182, 402, 285, 302, 124, 152, 465, 216, 525, 566, 541, 233, 433, 261, 334, 564, 578, 239, 169, 296, 125, 23, 2, 179, 510, 99, 534, 312, 505, 88]",6.0,0.0017328444267042252,0.005916162655946949,0.2719298245614035,0.031578947368421054,0.005263157894736842,0.0,1.900709219858156,4.0,0.010526315789473684,0.3631578947368421,9.289473684210526,0.23649659354189878,0.5334134985971078,0.002989042544642793,3.9931034482758623,0.7840852641679401,0.0824561403508772,0.9403508771929825,0.9433333333333334,0.987674750154838,30,False,2370.0,True
441,train,random,paper,paper,3165569293,2026,600,30,0.7,"[5, 8, 15, 77, 81, 107, 134, 174, 180, 199, 206, 220, 224, 235, 264, 289, 290, 323, 346, 407, 408, 410, 429, 446, 520, 544, 549, 555, 577, 581]","[414, 147, 50, 398, 593, 168, 455, 316, 105, 460, 415, 337, 329, 55, 174, 66, 490, 433, 261, 114, 514, 25, 23, 208, 308, 282, 561, 312, 321, 185]",5.166666666666667,0.0015415597075951568,0.004369860783022204,0.22280701754385965,0.02631578947368421,0.0017543859649122807,0.0,1.9858156028368794,3.0,0.010526315789473684,0.2982456140350877,9.440350877192982,0.2104550123537725,0.6048715814139919,0.004031307134755411,3.87816091954023,0.7431619423896266,0.06491228070175438,0.22456140350877193,0.2633333333333333,0.696122916880995,21,True,1516.0,False
442,train,random,paper,paper,3165569293,2026,600,30,0.7,"[11, 20, 34, 37, 39, 42, 57, 74, 77, 78, 118, 153, 191, 211, 255, 277, 281, 381, 389, 404, 406, 417, 421, 435, 462, 480, 545, 553, 573, 596]","[495, 507, 422, 217, 444, 17, 502, 107, 398, 595, 4, 362, 140, 300, 344, 38, 408, 556, 578, 250, 276, 296, 201, 249, 335, 243, 376, 141, 596, 260]",6.666666666666667,0.001884451182034851,0.006576608783197967,0.28596491228070176,0.05263157894736842,0.0017543859649122807,0.0,1.849290780141844,4.0,0.010526315789473684,0.3649122807017544,10.540350877192983,0.2570687231942884,0.5130576881571239,0.005577126299115812,3.7333333333333334,0.7129681021953023,0.08947368421052632,0.9473684210526315,0.95,0.9372495841234922,30,False,2376.0,True
443,train,random,paper,paper,3165569293,2026,600,30,0.7,"[8, 43, 58, 101, 137, 145, 146, 192, 198, 208, 222, 229, 241, 242, 255, 281, 297, 323, 326, 377, 439, 454, 489, 491, 542, 545, 556, 576, 591, 595]","[147, 448, 358, 409, 476, 297, 370, 34, 187, 254, 488, 527, 566, 142, 344, 408, 159, 433, 412, 90, 565, 198, 31, 136, 223, 376, 207, 253, 347, 120]",5.333333333333333,0.0015657872519328536,0.0032783254697026404,0.23508771929824562,0.03333333333333333,0.0035087719298245615,0.0,1.975177304964539,4.0,0.010526315789473684,0.28596491228070176,10.203508771929824,0.22193188185459095,0.586008078191965,0.0055437962233094076,3.7701149425287355,0.6829241959019129,0.10701754385964912,0.9473684210526315,0.95,0.9283439579885453,30,True,2378.0,True
444,train,random,paper,paper,3165569293,2026,600,30,0.7,"[11, 85, 88, 92, 97, 113, 160, 175, 240, 254, 269, 271, 288, 311, 316, 319, 373, 375, 378, 411, 438, 444, 468, 485, 500, 507, 561, 562, 584, 585]","[495, 273, 8, 26, 104, 511, 57, 271, 54, 319, 390, 144, 233, 385, 42, 550, 332, 583, 188, 10, 40, 349, 12, 135, 5, 421, 229, 407, 149, 231]",6.1,0.001740387660848832,0.005123800934846194,0.24561403508771928,0.04035087719298246,0.008771929824561403,0.0,1.9308510638297873,4.0,0.010526315789473684,0.39824561403508774,11.671929824561403,0.2288868680042306,0.570406684549687,0.00829310952249483,3.5977011494252875,0.6839289863080495,0.1,0.9456140350877194,0.9483333333333334,0.9165116250514984,30,False,2376.0,True
445,train,random,paper,paper,3165569293,2026,600,30,0.7,"[1, 12, 15, 21, 27, 30, 34, 42, 54, 61, 98, 116, 130, 142, 198, 227, 242, 243, 294, 332, 353, 365, 401, 407, 435, 441, 514, 540, 568, 593]","[575, 148, 50, 127, 579, 402, 422, 17, 317, 410, 513, 598, 305, 451, 187, 94, 142, 416, 354, 274, 549, 588, 427, 114, 249, 380, 215, 53, 154, 505]",5.2,0.0015364079053125724,0.0032129694027392868,0.23508771929824562,0.021052631578947368,0.005263157894736842,0.0,1.9432624113475176,4.0,0.010526315789473684,0.3017543859649123,10.403508771929825,0.2174889434393268,0.5861622421607622,0.004724611276335415,3.696551724137931,0.7659821207804125,0.10877192982456141,0.9491228070175438,0.9516666666666667,0.9179525419604033,30,False,2378.0,True
446,train,random,paper,paper,3165569293,2026,600,30,0.7,"[14, 32, 86, 88, 93, 98, 101, 142, 164, 180, 202, 256, 266, 280, 290, 332, 346, 347, 355, 359, 362, 380, 414, 440, 443, 463, 484, 497, 519, 573]","[145, 457, 35, 8, 394, 513, 409, 451, 498, 105, 405, 573, 67, 580, 490, 274, 261, 307, 177, 537, 85, 334, 333, 247, 3, 377, 469, 186, 80, 596]",5.433333333333334,0.001594889537944339,0.003494739057238108,0.23684210526315788,0.028070175438596492,0.005263157894736842,0.0,1.9911347517730495,4.0,0.010526315789473684,0.30526315789473685,10.043859649122806,0.22003958629823525,0.5834982887799464,0.005137625127483139,3.7517241379310344,0.6912807135631434,0.0824561403508772,0.5842105263157895,0.605,0.948993582976982,30,False,1842.0,False
447,train,random,paper,paper,3165569293,2026,600,30,0.7,"[1, 25, 31, 37, 60, 61, 62, 145, 184, 208, 211, 225, 245, 280, 293, 295, 321, 335, 337, 374, 414, 437, 444, 448, 480, 488, 538, 549, 585, 598]","[575, 118, 482, 217, 306, 410, 262, 297, 576, 254, 300, 131, 59, 580, 535, 506, 458, 221, 494, 111, 333, 30, 349, 467, 243, 134, 95, 561, 231, 435]",5.7,0.001658514461303508,0.004358989571703124,0.25263157894736843,0.031578947368421054,0.0017543859649122807,0.0,1.925531914893617,4.0,0.010526315789473684,0.3526315789473684,10.010526315789473,0.22817427249305122,0.560669688280455,0.003850273066995351,3.9264367816091954,0.7263761451280166,0.07192982456140351,0.9526315789473684,0.955,0.9167352081276476,30,False,2378.0,True
448,train,random,paper,paper,3165569293,2026,600,30,0.7,"[13, 31, 127, 134, 148, 159, 164, 165, 179, 187, 205, 218, 241, 253, 299, 301, 326, 364, 387, 402, 411, 417, 425, 459, 532, 539, 543, 548, 552, 583]","[74, 482, 462, 455, 14, 365, 498, 213, 500, 146, 524, 338, 566, 430, 251, 369, 412, 222, 361, 41, 10, 296, 331, 597, 387, 453, 110, 224, 320, 530]",6.333333333333333,0.0018136641527330714,0.005772095758603047,0.2543859649122807,0.0456140350877193,0.014035087719298246,0.0,1.9414893617021276,4.0,0.010526315789473684,0.37719298245614036,11.363157894736842,0.23656760067078966,0.557358246230691,0.01005306203704563,3.593103448275862,0.7556945138701536,0.08947368421052632,0.9473684210526315,0.95,0.9262196670752019,30,False,2378.0,True
449,train,random,paper,paper,3165569293,2026,600,30,0.7,"[12, 51, 52, 55, 74, 75, 91, 100, 141, 177, 191, 232, 245, 277, 286, 305, 347, 391, 398, 444, 452, 453, 474, 481, 490, 504, 509, 515, 541, 571]","[148, 447, 220, 515, 107, 351, 37, 529, 9, 235, 140, 288, 59, 38, 484, 89, 307, 163, 411, 349, 313, 255, 45, 292, 381, 356, 547, 299, 61, 91]",5.933333333333334,0.0017020500783223383,0.0050188470708264965,0.25087719298245614,0.02982456140350877,0.007017543859649123,0.0,1.9345132743362832,4.0,0.008771929824561403,0.33157894736842103,10.596491228070175,0.22750636217613363,0.5629266487836463,0.004253847722017975,3.6305418719211824,0.7336726349697692,0.09473684210526316,0.9491228070175438,0.9516666666666667,0.938868833007291,30,False,2378.0,True
450,train,random,paper,paper,3165569293,2026,600,30,0.7,"[38, 53, 57, 92, 107, 108, 113, 151, 193, 194, 205, 235, 287, 335, 366, 379, 388, 390, 403, 408, 435, 465, 470, 475, 485, 508, 582, 584, 587, 590]","[137, 345, 502, 26, 168, 449, 511, 63, 386, 284, 524, 55, 165, 221, 587, 483, 7, 232, 22, 514, 249, 582, 138, 543, 135, 581, 540, 149, 352, 20]",5.866666666666666,0.0017205736879240755,0.004708874972158653,0.256140350877193,0.028070175438596492,0.0017543859649122807,0.0,1.904424778761062,4.0,0.008771929824561403,0.3,9.603508771929825,0.2276747257336205,0.5556501094564178,0.0037103060215426444,3.8423645320197046,0.7888022991711982,0.07368421052631578,0.3473684210526316,0.38,0.9978329159785062,30,False,1662.0,False
451,train,random,paper,paper,3165569293,2026,600,30,0.7,"[1, 21, 40, 61, 77, 80, 118, 156, 167, 174, 186, 202, 203, 226, 267, 273, 281, 290, 339, 351, 365, 368, 420, 472, 488, 490, 500, 513, 535, 548]","[575, 127, 459, 410, 398, 403, 4, 143, 585, 316, 388, 405, 101, 359, 389, 438, 408, 490, 47, 209, 588, 396, 125, 237, 134, 381, 5, 6, 178, 224]",5.666666666666667,0.0016563241116416129,0.004016308939295565,0.24736842105263157,0.03508771929824561,0.0017543859649122807,0.0,1.8953900709219857,3.0,0.010526315789473684,0.32280701754385965,10.196491228070176,0.23049619740986313,0.5676009003175778,0.004368431696017903,3.786206896551724,0.6526023563550983,0.07894736842105263,0.8666666666666667,0.8733333333333333,0.9687933328095824,30,False,2278.0,False
452,train,random,paper,paper,3165569293,2026,600,30,0.7,"[3, 36, 44, 57, 88, 111, 116, 119, 124, 157, 164, 223, 233, 240, 253, 291, 312, 349, 366, 380, 416, 417, 422, 433, 439, 440, 449, 466, 531, 561]","[182, 589, 586, 502, 8, 481, 598, 100, 454, 584, 498, 77, 443, 54, 430, 277, 446, 531, 587, 334, 355, 296, 119, 115, 565, 247, 24, 339, 252, 229]",5.933333333333334,0.0016867229433237957,0.004923300550163276,0.24385964912280703,0.0456140350877193,0.007017543859649123,0.0,1.9202127659574468,4.0,0.010526315789473684,0.387719298245614,11.2,0.2288042631160116,0.5729473067554651,0.008044896096370359,3.613793103448276,0.7499946230092036,0.07017543859649122,0.8824561403508772,0.8883333333333333,0.941047792090103,30,False,2290.0,False
453,train,random,paper,paper,3165569293,2026,600,30,0.7,"[4, 95, 100, 131, 143, 147, 176, 196, 222, 243, 268, 270, 271, 300, 306, 319, 334, 369, 397, 446, 458, 465, 474, 489, 491, 521, 522, 554, 577, 595]","[594, 79, 529, 474, 172, 171, 194, 258, 488, 416, 242, 150, 144, 151, 301, 550, 205, 569, 418, 208, 179, 582, 45, 31, 136, 464, 367, 522, 321, 120]",5.533333333333333,0.001625384701212777,0.0051320957729670815,0.23333333333333334,0.04035087719298246,0.0035087719298245615,0.0,1.9397163120567376,4.0,0.010526315789473684,0.34912280701754383,10.119298245614035,0.2208766299821868,0.588776863071563,0.006057220584956717,3.793103448275862,0.7749304470163084,0.07543859649122807,0.6105263157894737,0.63,0.9514154999051243,30,False,1888.0,False
454,train,random,paper,paper,3165569293,2026,600,30,0.7,"[54, 62, 96, 105, 152, 167, 175, 204, 218, 227, 232, 254, 261, 273, 277, 279, 300, 331, 347, 365, 415, 422, 438, 458, 463, 474, 508, 518, 546, 572]","[317, 262, 226, 372, 521, 585, 271, 289, 338, 94, 288, 319, 279, 438, 38, 160, 151, 442, 307, 588, 190, 119, 40, 179, 377, 45, 581, 158, 176, 211]",5.7,0.001665734130435355,0.004018481965904491,0.24736842105263157,0.03333333333333333,0.005263157894736842,0.0,1.9078014184397163,4.0,0.010526315789473684,0.3263157894736842,10.580701754385965,0.22816407902232444,0.5677118983751118,0.005370187246454995,3.7632183908045977,0.6453058665133459,0.08771929824561403,0.9385964912280702,0.9416666666666667,0.895891624968499,29,True,2378.0,True
455,train,random,paper,paper,3165569293,2026,600,30,0.7,"[35, 43, 80, 100, 163, 171, 183, 200, 217, 247, 311, 316, 317, 320, 346, 352, 379, 390, 402, 411, 417, 422, 449, 534, 545, 559, 574, 583, 594, 595]","[479, 448, 403, 529, 309, 268, 525, 404, 13, 286, 385, 42, 18, 70, 261, 497, 483, 232, 41, 10, 296, 119, 24, 493, 376, 330, 193, 530, 463, 120]",6.3,0.0017951220564137655,0.004843923281801966,0.2614035087719298,0.054385964912280704,0.012280701754385965,0.0,1.9256637168141593,4.0,0.008771929824561403,0.356140350877193,10.863157894736842,0.24484693904343985,0.5467949310887059,0.008868448457359884,3.541871921182266,0.7384449073863684,0.08771929824561403,0.7824561403508772,0.7933333333333333,0.9478323748335242,30,False,2120.0,False
456,train,random,paper,paper,3165569293,2026,600,30,0.7,"[0, 84, 100, 102, 111, 117, 132, 150, 153, 178, 180, 184, 188, 207, 227, 251, 268, 290, 315, 320, 322, 331, 348, 365, 377, 389, 409, 477, 543, 547]","[509, 471, 529, 121, 481, 48, 544, 216, 362, 492, 105, 576, 265, 441, 94, 336, 242, 490, 246, 70, 162, 442, 325, 588, 90, 578, 39, 423, 110, 109]",6.733333333333333,0.0019104017701365807,0.006701110875006668,0.29473684210526313,0.03333333333333333,0.008771929824561403,0.0,1.8634751773049645,4.0,0.010526315789473684,0.36140350877192984,10.533333333333333,0.25413130865555505,0.5010328985909414,0.005354011853281474,3.6666666666666665,0.7480635337601754,0.0912280701754386,0.4245614035087719,0.4533333333333333,0.9628489168826491,30,False,1716.0,False
457,train,random,paper,paper,3165569293,2026,600,30,0.7,"[21, 60, 87, 113, 129, 134, 137, 138, 144, 186, 198, 269, 334, 367, 374, 389, 397, 423, 460, 466, 469, 476, 490, 519, 524, 541, 553, 557, 569, 598]","[127, 306, 245, 511, 287, 455, 476, 395, 486, 388, 187, 390, 205, 200, 111, 578, 418, 269, 499, 339, 214, 560, 381, 80, 393, 61, 141, 368, 167, 435]",6.4,0.001846042648604153,0.005649054503211856,0.28421052631578947,0.028070175438596492,0.0035087719298245615,0.0,1.8421985815602837,3.0,0.010526315789473684,0.3649122807017544,10.417543859649124,0.24643830221510268,0.5156661425091728,0.003606009413631918,3.754022988505747,0.7819696185516212,0.0824561403508772,0.45964912280701753,0.4866666666666667,0.9348606669809669,30,False,1766.0,False
458,train,random,paper,paper,3165569293,2026,600,30,0.7,"[42, 44, 77, 114, 128, 151, 156, 167, 174, 182, 216, 237, 246, 263, 272, 276, 285, 324, 346, 347, 366, 390, 400, 415, 459, 467, 547, 549, 582, 596]","[17, 586, 398, 199, 210, 63, 143, 585, 316, 538, 342, 437, 392, 567, 539, 103, 314, 62, 261, 307, 587, 232, 197, 190, 597, 204, 109, 561, 540, 260]",5.033333333333333,0.0014885041869087854,0.0035499035652059824,0.22105263157894736,0.043859649122807015,0.0,0.0,1.9823008849557522,3.0,0.008771929824561403,0.28421052631578947,9.519298245614035,0.2120136109807572,0.6075848672648229,0.0058290464324947085,3.9236453201970445,0.8000727619391489,0.07894736842105263,0.22456140350877193,0.2633333333333333,0.8696337079163641,27,True,1524.0,False
459,train,random,paper,paper,3165569293,2026,600,30,0.7,"[2, 24, 33, 57, 67, 68, 82, 91, 137, 168, 169, 180, 189, 216, 264, 272, 361, 380, 390, 392, 444, 452, 456, 467, 468, 471, 473, 492, 507, 539]","[592, 590, 73, 502, 0, 49, 196, 37, 476, 436, 327, 105, 46, 342, 174, 539, 536, 334, 232, 419, 349, 313, 473, 204, 12, 519, 570, 326, 421, 453]",5.166666666666667,0.0015264707315376617,0.0034906530120493357,0.21403508771929824,0.04035087719298246,0.0035087719298245615,0.0,1.9752650176678446,4.0,0.007017543859649123,0.2807017543859649,9.735087719298246,0.2039417474670481,0.6185736749606882,0.005596439421303305,3.814814814814815,0.809691388312956,0.06842105263157895,0.9228070175438596,0.9266666666666666,0.9748843328561634,30,False,2340.0,True
460,train,random,paper,paper,3165569293,2026,600,30,0.7,"[15, 62, 66, 91, 94, 138, 150, 197, 208, 218, 238, 258, 293, 297, 342, 357, 369, 395, 406, 413, 422, 456, 461, 486, 494, 514, 561, 564, 594, 598]","[50, 262, 379, 37, 81, 395, 216, 92, 254, 338, 266, 272, 535, 159, 218, 504, 569, 340, 276, 1, 119, 473, 290, 542, 170, 215, 229, 58, 463, 435]",5.033333333333333,0.001517243670353753,0.00377324838016784,0.21578947368421053,0.02631578947368421,0.0017543859649122807,0.0,2.008833922261484,4.0,0.007017543859649123,0.27017543859649124,9.217543859649123,0.20230491733948835,0.6159220546973762,0.003639078035629759,3.7433862433862433,0.7708837121509613,0.08596491228070176,0.32280701754385965,0.3566666666666667,0.9538502080831677,30,False,1624.0,False
461,train,random,paper,paper,3165569293,2026,600,30,0.7,"[2, 14, 63, 80, 82, 88, 140, 153, 194, 198, 220, 225, 239, 241, 245, 291, 332, 333, 334, 342, 379, 383, 453, 469, 475, 478, 496, 531, 568, 578]","[592, 145, 399, 403, 196, 8, 71, 362, 284, 187, 337, 131, 126, 566, 59, 277, 274, 294, 205, 218, 483, 157, 255, 214, 543, 202, 360, 252, 154, 106]",5.6,0.0016214120530347557,0.004621325525115598,0.24736842105263157,0.02280701754385965,0.007017543859649123,0.0,1.9166666666666667,3.0,0.010526315789473684,0.34912280701754383,9.966666666666667,0.21775193818949673,0.5690377085067678,0.005213693564681811,3.891954022988506,0.7651838212900113,0.08947368421052632,0.9315789473684211,0.935,0.9202725829090923,30,False,2378.0,True
462,train,random,paper,paper,3165569293,2026,600,30,0.7,"[27, 41, 87, 96, 108, 117, 141, 170, 173, 199, 242, 246, 278, 282, 304, 310, 318, 319, 367, 402, 404, 406, 417, 432, 465, 491, 503, 525, 545, 574]","[579, 56, 245, 226, 449, 48, 9, 553, 363, 460, 142, 392, 487, 357, 240, 86, 83, 550, 200, 41, 250, 276, 296, 571, 582, 136, 572, 400, 376, 193]",6.3,0.0017929431442135976,0.006094369702349136,0.25087719298245614,0.054385964912280704,0.0017543859649122807,0.0,1.9078014184397163,4.0,0.010526315789473684,0.3684210526315789,11.501754385964912,0.24019256797350216,0.5621434958221564,0.005827955730857222,3.533333333333333,0.7400415063671708,0.08771929824561403,0.9456140350877194,0.9483333333333334,0.9332893749233335,30,False,2376.0,True
463,train,random,paper,paper,3165569293,2026,600,30,0.7,"[44, 81, 86, 87, 90, 113, 121, 136, 141, 179, 180, 274, 300, 310, 330, 347, 380, 381, 402, 416, 460, 491, 496, 501, 516, 532, 534, 538, 588, 589]","[586, 593, 35, 245, 318, 511, 434, 195, 9, 500, 105, 161, 151, 86, 228, 307, 334, 556, 41, 355, 499, 136, 360, 510, 534, 387, 493, 95, 283, 470]",4.8,0.0014314174602149542,0.002693943651213616,0.21929824561403508,0.01929824561403509,0.0,0.0,1.9840425531914894,4.0,0.010526315789473684,0.2596491228070175,9.682456140350878,0.20385791093033195,0.6104584836432029,0.00249241180275663,3.896551724137931,0.7612650857771542,0.06491228070175438,0.18596491228070175,0.22666666666666666,0.9781291249673814,30,False,1482.0,False
464,train,random,paper,paper,3165569293,2026,600,30,0.7,"[16, 20, 49, 63, 130, 145, 167, 179, 191, 206, 233, 234, 261, 263, 271, 285, 287, 289, 345, 375, 398, 405, 412, 428, 433, 441, 463, 511, 554, 575]","[128, 507, 72, 399, 305, 297, 585, 500, 140, 415, 443, 28, 279, 567, 144, 314, 165, 66, 466, 583, 411, 523, 184, 275, 115, 380, 377, 417, 522, 267]",5.7,0.001655125170604698,0.003938626883938941,0.24385964912280703,0.03684210526315789,0.008771929824561403,0.0,1.8900709219858156,3.0,0.010526315789473684,0.3719298245614035,10.994736842105263,0.228475932674742,0.5727684765516603,0.006417574424673816,3.7287356321839082,0.7720165019095884,0.08596491228070176,0.9421052631578948,0.945,0.9379226251039654,30,False,2378.0,True
465,train,random,paper,paper,3165569293,2026,600,30,0.7,"[10, 27, 37, 48, 74, 93, 146, 167, 192, 204, 224, 279, 280, 301, 304, 309, 347, 383, 388, 425, 455, 472, 476, 484, 486, 488, 522, 529, 582, 587]","[230, 579, 217, 11, 107, 394, 370, 585, 34, 289, 329, 160, 580, 369, 240, 456, 307, 157, 7, 331, 112, 237, 560, 469, 542, 134, 367, 65, 540, 352]",5.9,0.0016975727157719916,0.0042004568216136625,0.26666666666666666,0.031578947368421054,0.007017543859649123,0.0,1.874113475177305,3.0,0.010526315789473684,0.33157894736842103,9.959649122807017,0.23828689433468567,0.5401042148429069,0.00504578820895181,3.87816091954023,0.7439602418800279,0.07543859649122807,0.9315789473684211,0.935,0.9439826661255211,30,False,2368.0,True
466,train,random,paper,paper,3165569293,2026,600,30,0.7,"[1, 23, 28, 35, 46, 76, 104, 127, 131, 133, 183, 187, 204, 255, 264, 293, 303, 333, 335, 343, 358, 361, 417, 422, 451, 480, 509, 527, 534, 547]","[575, 122, 322, 479, 192, 259, 130, 462, 474, 397, 525, 146, 289, 344, 174, 535, 281, 294, 221, 248, 323, 536, 296, 119, 577, 243, 547, 424, 493, 109]",5.766666666666667,0.0016746648472796576,0.005410816932737036,0.24912280701754386,0.03859649122807018,0.0017543859649122807,0.0,1.9148936170212767,4.0,0.010526315789473684,0.30526315789473685,9.880701754385965,0.2287633284270909,0.565652267751981,0.004221577276341567,3.8137931034482757,0.7237195183277363,0.07192982456140351,0.25263157894736843,0.29,0.9672536249272525,30,False,1564.0,False
467,train,random,paper,paper,3165569293,2026,600,30,0.7,"[2, 78, 101, 114, 140, 142, 186, 217, 218, 229, 280, 281, 316, 329, 350, 361, 377, 389, 399, 428, 440, 442, 452, 462, 477, 488, 551, 553, 569, 586]","[592, 595, 409, 199, 71, 451, 388, 13, 338, 527, 580, 408, 42, 554, 413, 536, 90, 578, 263, 275, 247, 32, 313, 335, 423, 134, 75, 141, 167, 343]",6.966666666666667,0.0019639730327613487,0.00678225130879086,0.29473684210526313,0.04736842105263158,0.0,0.0,1.824468085106383,4.0,0.010526315789473684,0.4192982456140351,11.852631578947369,0.2617417733350771,0.5002744118644591,0.004575113583734273,3.496551724137931,0.7300883897251379,0.07543859649122807,0.3719298245614035,0.4033333333333333,0.9291604158934206,30,False,1682.0,False
468,train,random,paper,paper,3165569293,2026,600,30,0.7,"[30, 38, 66, 86, 89, 99, 128, 149, 152, 156, 181, 183, 207, 237, 252, 263, 279, 287, 289, 305, 341, 357, 376, 486, 504, 520, 525, 541, 559, 568]","[402, 137, 379, 35, 180, 76, 210, 465, 521, 143, 353, 525, 441, 437, 15, 567, 160, 165, 66, 89, 341, 504, 87, 542, 356, 308, 400, 61, 330, 154]",6.0,0.0017371073316708784,0.00505095151485165,0.25087719298245614,0.03508771929824561,0.0017543859649122807,0.0,1.9113475177304964,4.0,0.010526315789473684,0.38421052631578945,11.426315789473684,0.23371524456386455,0.5623469922609687,0.004877587291380396,3.560919540229885,0.777252583548363,0.08771929824561403,0.9473684210526315,0.95,0.8421992091462016,27,True,2378.0,True
469,train,random,paper,paper,3165569293,2026,600,30,0.7,"[8, 12, 13, 41, 107, 147, 171, 199, 209, 237, 266, 308, 316, 332, 334, 368, 372, 384, 405, 416, 417, 421, 455, 457, 471, 492, 500, 503, 545, 599]","[147, 148, 74, 56, 168, 171, 268, 460, 346, 437, 67, 256, 42, 274, 205, 396, 293, 564, 523, 355, 296, 201, 112, 227, 519, 326, 5, 572, 376, 88]",5.733333333333333,0.0016556116410419435,0.003960432668236642,0.24736842105263157,0.04035087719298246,0.0035087719298245615,0.0,1.927304964539007,4.0,0.010526315789473684,0.37543859649122807,10.903508771929825,0.23250115570451194,0.5675145684950513,0.005839919977851012,3.6528735632183906,0.7872057001903959,0.07894736842105263,0.2649122807017544,0.3016666666666667,0.9589118750300258,30,False,1588.0,False
470,train,random,paper,paper,3165569293,2026,600,30,0.7,"[18, 21, 37, 66, 69, 101, 126, 199, 234, 257, 264, 296, 303, 308, 345, 368, 398, 416, 419, 440, 451, 465, 474, 482, 515, 525, 527, 540, 580, 596]","[508, 127, 217, 379, 501, 409, 124, 460, 28, 461, 174, 445, 281, 256, 466, 396, 411, 355, 212, 247, 577, 582, 45, 375, 299, 400, 424, 53, 60, 260]",5.633333333333334,0.0016307311325975025,0.00430036590954104,0.24736842105263157,0.03508771929824561,0.0035087719298245615,0.0,1.9327433628318584,4.0,0.008771929824561403,0.35964912280701755,10.73157894736842,0.23046544649589093,0.567588567200074,0.0047914633259460845,3.6625615763546797,0.7552307046479785,0.07368421052631578,0.9385964912280702,0.9416666666666667,0.9502271248493344,30,False,2376.0,True
471,train,random,paper,paper,3165569293,2026,600,30,0.7,"[5, 11, 21, 118, 139, 158, 161, 186, 191, 192, 204, 231, 265, 287, 330, 362, 376, 377, 378, 385, 387, 398, 424, 449, 491, 504, 522, 571, 573, 595]","[414, 495, 127, 4, 152, 33, 545, 388, 140, 34, 289, 532, 69, 165, 228, 85, 87, 90, 188, 364, 361, 411, 164, 24, 136, 356, 367, 91, 596, 120]",6.266666666666667,0.0017811465141635977,0.005142871312758405,0.26666666666666666,0.03859649122807018,0.007017543859649123,0.0,1.8900709219858156,4.0,0.010526315789473684,0.39473684210526316,11.108771929824561,0.24362031338764853,0.5393025622051614,0.0053850113128562135,3.6804597701149424,0.7460758874963467,0.10350877192982456,0.9403508771929825,0.9433333333333334,0.864512916887179,28,True,2378.0,True
472,train,random,paper,paper,3165569293,2026,600,30,0.7,"[4, 19, 22, 27, 45, 52, 60, 86, 112, 118, 139, 144, 145, 195, 218, 221, 234, 237, 271, 287, 290, 318, 330, 337, 348, 394, 504, 538, 587, 591]","[594, 552, 480, 579, 512, 220, 306, 35, 548, 4, 152, 486, 297, 528, 338, 181, 28, 437, 144, 165, 490, 83, 228, 494, 325, 169, 356, 95, 352, 347]",5.6,0.0016508427687308071,0.0044340436143443475,0.24035087719298245,0.03508771929824561,0.0017543859649122807,0.0,1.9716312056737588,4.0,0.010526315789473684,0.30526315789473685,9.728070175438596,0.22068348432515988,0.5786945395122252,0.004056764586392014,3.8735632183908044,0.8199789952232146,0.07719298245614035,0.9385964912280702,0.9416666666666667,0.9418338749092072,30,False,2362.0,True
473,train,random,paper,paper,3165569293,2026,600,30,0.7,"[23, 26, 30, 56, 62, 76, 86, 99, 107, 111, 212, 218, 239, 264, 356, 367, 371, 384, 390, 394, 402, 405, 420, 474, 487, 495, 503, 538, 546, 561]","[122, 117, 402, 426, 262, 259, 35, 76, 168, 481, 496, 338, 126, 174, 98, 200, 406, 564, 232, 169, 41, 523, 125, 45, 44, 206, 572, 95, 176, 229]",5.133333333333334,0.0015337294879717806,0.004601779610036673,0.21228070175438596,0.02280701754385965,0.0035087719298245615,0.0,2.0212389380530973,4.0,0.008771929824561403,0.2754385964912281,9.345614035087719,0.1991410351406583,0.621410291986557,0.0038251148595976185,3.815270935960591,0.671838289501253,0.06140350877192982,0.23333333333333334,0.27166666666666667,0.9614912080578506,30,False,1536.0,False
474,train,random,paper,paper,3165569293,2026,600,30,0.7,"[15, 47, 51, 64, 69, 70, 78, 80, 89, 115, 121, 163, 219, 248, 275, 283, 290, 320, 368, 370, 385, 398, 408, 410, 431, 450, 456, 463, 484, 514]","[50, 285, 447, 384, 501, 84, 595, 403, 180, 132, 434, 309, 298, 348, 371, 517, 490, 70, 396, 401, 364, 411, 514, 25, 328, 2, 473, 377, 469, 215]",6.2,0.0017763972687203757,0.004249754360106559,0.2736842105263158,0.031578947368421054,0.007017543859649123,0.0,1.8670212765957446,3.0,0.010526315789473684,0.3736842105263158,11.33859649122807,0.2481294789702921,0.5290722412357783,0.004901502036390474,3.664367816091954,0.7609305955089284,0.0824561403508772,0.5087719298245614,0.5333333333333333,0.9526277910917997,30,False,1806.0,False
475,train,random,paper,paper,3165569293,2026,600,30,0.7,"[42, 48, 66, 88, 103, 133, 151, 162, 188, 204, 251, 278, 311, 348, 350, 363, 369, 384, 395, 404, 418, 429, 431, 437, 469, 489, 500, 514, 584, 595]","[17, 11, 379, 8, 295, 397, 63, 278, 265, 289, 336, 487, 385, 325, 413, 489, 569, 564, 340, 250, 373, 23, 328, 30, 214, 31, 5, 215, 149, 120]",5.6,0.0016352681887094403,0.003877968691682902,0.24035087719298245,0.03508771929824561,0.0017543859649122807,0.0,1.9645390070921986,4.0,0.010526315789473684,0.30350877192982456,10.054385964912282,0.22373495880697936,0.5782382141645854,0.005370363991053647,3.7839080459770114,0.7780508830387642,0.07719298245614035,0.9473684210526315,0.95,0.9589765421114862,30,False,2378.0,True
476,train,random,paper,paper,3165569293,2026,600,30,0.7,"[6, 22, 25, 51, 81, 105, 132, 150, 162, 163, 204, 248, 254, 257, 300, 315, 332, 346, 376, 388, 415, 419, 430, 452, 470, 498, 523, 554, 572, 590]","[472, 480, 118, 447, 593, 372, 544, 216, 278, 309, 289, 348, 319, 461, 151, 246, 274, 261, 87, 7, 190, 212, 96, 313, 138, 591, 153, 522, 211, 20]",5.5,0.0015941536181382737,0.004406493680275676,0.23684210526315788,0.03684210526315789,0.0017543859649122807,0.0,1.9663120567375887,4.0,0.010526315789473684,0.32456140350877194,10.154385964912281,0.22188915104825815,0.5834982887799464,0.004743563989320367,3.774712643678161,0.7389087166085438,0.07719298245614035,0.8824561403508772,0.8883333333333333,1.0127555830404162,30,False,2284.0,False
477,train,random,paper,paper,3165569293,2026,600,30,0.7,"[20, 40, 50, 73, 76, 88, 100, 130, 145, 174, 197, 201, 210, 212, 221, 250, 302, 318, 324, 352, 353, 371, 415, 465, 491, 510, 514, 523, 525, 571]","[507, 459, 78, 302, 259, 8, 529, 305, 297, 316, 92, 175, 64, 496, 181, 238, 129, 83, 62, 497, 549, 406, 190, 582, 136, 51, 215, 153, 400, 91]",6.533333333333333,0.0018620439770848053,0.006292458920332291,0.2736842105263158,0.04035087719298246,0.007017543859649123,0.0,1.8812056737588652,4.0,0.010526315789473684,0.4070175438596491,11.20701754385965,0.2449867527792523,0.5298307279622606,0.005758647977085412,3.6758620689655173,0.7119852463376102,0.07894736842105263,0.9438596491228071,0.9466666666666667,0.7819082920905203,24,True,2378.0,True
478,train,random,paper,paper,3165569293,2026,600,30,0.7,"[21, 28, 88, 95, 110, 119, 201, 203, 246, 295, 330, 347, 355, 357, 395, 413, 421, 432, 433, 436, 458, 463, 467, 499, 500, 505, 507, 515, 572, 589]","[127, 322, 8, 79, 113, 100, 175, 101, 392, 506, 228, 307, 177, 504, 340, 1, 201, 571, 115, 383, 179, 377, 204, 432, 5, 236, 421, 299, 211, 470]",5.0,0.0014888989116471226,0.003423720890980184,0.22456140350877193,0.031578947368421054,0.0,0.0,1.9716312056737588,4.0,0.010526315789473684,0.2719298245614035,9.307017543859649,0.21198494747191177,0.6022384608269356,0.003959166631580424,3.9770114942528734,0.7628616847579566,0.08771929824561403,0.9543859649122807,0.9566666666666667,0.9290012498386204,30,False,2378.0,True
479,train,random,paper,paper,3165569293,2026,600,30,0.7,"[1, 33, 65, 74, 125, 162, 177, 183, 226, 238, 268, 286, 314, 345, 362, 366, 371, 389, 394, 404, 412, 441, 451, 463, 468, 483, 556, 561, 588, 590]","[575, 73, 568, 107, 280, 278, 235, 525, 359, 266, 242, 484, 491, 466, 85, 587, 406, 578, 169, 250, 184, 380, 577, 377, 12, 19, 207, 229, 283, 20]",6.366666666666666,0.001807322957264414,0.007460997792413585,0.2649122807017544,0.042105263157894736,0.007017543859649123,0.0,1.904424778761062,4.0,0.008771929824561403,0.3333333333333333,10.06842105263158,0.23583442220604733,0.5432984922763852,0.005610695522689463,3.7339901477832513,0.7591494401608353,0.06666666666666667,0.2824561403508772,0.31833333333333336,0.8997911659535021,28,True,1604.0,False
480,train,random,paper,paper,3165569293,2026,600,30,0.7,"[2, 15, 34, 37, 42, 83, 88, 99, 122, 127, 174, 176, 199, 227, 229, 234, 249, 291, 315, 340, 398, 405, 414, 420, 509, 554, 567, 584, 587, 598]","[592, 50, 422, 217, 17, 558, 8, 76, 520, 462, 316, 194, 460, 94, 527, 28, 350, 277, 246, 450, 411, 523, 333, 125, 547, 522, 428, 149, 352, 435]",5.4,0.0015840522180223249,0.003838992574461347,0.24035087719298245,0.03333333333333333,0.0035087719298245615,0.0,1.927304964539007,4.0,0.010526315789473684,0.28596491228070176,9.519298245614035,0.21947403360343476,0.579089199272346,0.004555630625318905,3.9448275862068964,0.7408398058575719,0.06666666666666667,0.9122807017543859,0.9166666666666666,0.9412340000271797,30,False,2342.0,True
481,train,random,paper,paper,3165569293,2026,600,30,0.7,"[22, 31, 74, 84, 85, 92, 102, 220, 240, 247, 262, 281, 291, 301, 317, 327, 351, 358, 367, 388, 402, 431, 435, 474, 486, 571, 586, 588, 589, 598]","[480, 482, 107, 471, 273, 26, 121, 337, 54, 286, 541, 408, 277, 369, 18, 574, 209, 323, 200, 7, 41, 328, 249, 45, 542, 91, 343, 283, 470, 435]",5.166666666666667,0.001542338405158681,0.0026047489928994823,0.22807017543859648,0.02982456140350877,0.0,0.0,1.9680851063829787,4.0,0.010526315789473684,0.28421052631578947,9.51578947368421,0.21426666726021637,0.5968673881540406,0.0035709150364322774,3.9517241379310346,0.7408398058575719,0.08421052631578947,0.5140350877192983,0.5383333333333333,0.9595387501176447,30,False,1810.0,False
482,train,random,paper,paper,3165569293,2026,600,30,0.7,"[23, 28, 29, 54, 67, 77, 123, 131, 166, 168, 172, 179, 241, 252, 263, 270, 277, 319, 325, 338, 342, 439, 446, 447, 486, 497, 506, 537, 567, 592]","[122, 322, 82, 317, 0, 398, 156, 474, 133, 436, 244, 500, 566, 15, 567, 150, 38, 550, 382, 108, 218, 565, 208, 315, 542, 186, 183, 599, 428, 241]",5.6,0.0016186109105005536,0.005110966603228307,0.23508771929824562,0.043859649122807015,0.0035087719298245615,0.0,1.9308510638297873,4.0,0.010526315789473684,0.3473684210526316,10.52280701754386,0.22185479401209127,0.5861622421607622,0.006450576611548757,3.7655172413793103,0.6579883718948081,0.07894736842105263,0.9035087719298246,0.9083333333333333,0.931885790778324,30,False,2346.0,True
483,train,random,paper,paper,3165569293,2026,600,30,0.7,"[9, 49, 105, 179, 210, 212, 237, 241, 253, 277, 313, 322, 326, 348, 361, 391, 429, 436, 452, 493, 508, 512, 530, 537, 543, 544, 548, 551, 561, 577]","[391, 72, 372, 500, 64, 496, 437, 566, 430, 38, 102, 162, 412, 325, 536, 163, 23, 383, 313, 123, 581, 99, 324, 599, 110, 282, 224, 75, 229, 321]",5.566666666666666,0.0016129093280560394,0.003954281510163427,0.24035087719298245,0.03333333333333333,0.005263157894736842,0.0,1.9451327433628318,4.0,0.008771929824561403,0.34035087719298246,10.389473684210527,0.2180687580203788,0.5786143742484506,0.005869027387923512,3.729064039408867,0.7648493310217854,0.06315789473684211,0.48596491228070177,0.5116666666666667,0.9445565829519182,30,False,1800.0,False
484,train,random,paper,paper,3165569293,2026,600,30,0.7,"[2, 23, 52, 78, 84, 130, 131, 139, 168, 185, 254, 258, 305, 314, 315, 319, 374, 399, 404, 427, 452, 456, 457, 481, 489, 501, 516, 519, 528, 554]","[592, 122, 220, 595, 471, 305, 474, 152, 436, 311, 319, 272, 89, 491, 246, 550, 111, 263, 250, 234, 313, 473, 227, 292, 31, 510, 534, 80, 468, 522]",5.133333333333334,0.0014995691784237953,0.004757468884200358,0.21578947368421053,0.028070175438596492,0.005263157894736842,0.0,1.976991150442478,4.0,0.008771929824561403,0.3385964912280702,10.110526315789473,0.2012867998151766,0.6160577189899177,0.005547842961636065,3.7635467980295565,0.8238977307360715,0.07368421052631578,0.26842105263157895,0.305,0.9470987499225885,30,False,1594.0,False
485,train,random,paper,paper,3165569293,2026,600,30,0.7,"[0, 28, 38, 172, 189, 218, 236, 237, 264, 267, 270, 284, 287, 335, 403, 404, 419, 445, 479, 487, 496, 502, 528, 540, 542, 547, 550, 553, 567, 579]","[509, 322, 137, 244, 46, 338, 475, 437, 174, 389, 150, 516, 165, 221, 22, 250, 212, 378, 518, 44, 360, 116, 468, 53, 223, 109, 485, 141, 428, 440]",5.0,0.001476428881195218,0.00392418829220677,0.20701754385964913,0.03684210526315789,0.008771929824561403,0.0,2.019503546099291,4.0,0.010526315789473684,0.3105263157894737,9.947368421052632,0.1993617489580709,0.6295008170690346,0.006546789736444909,3.825287356321839,0.7211400634892419,0.07017543859649122,0.40350877192982454,0.43333333333333335,0.9660844171885401,30,False,1726.0,False
486,train,random,paper,paper,3165569293,2026,600,30,0.7,"[7, 9, 68, 89, 93, 101, 110, 157, 171, 209, 224, 243, 245, 265, 290, 303, 372, 376, 391, 400, 457, 470, 474, 483, 521, 525, 557, 564, 587, 593]","[225, 391, 49, 180, 394, 409, 113, 584, 268, 346, 329, 416, 59, 69, 490, 281, 293, 87, 163, 197, 227, 138, 45, 19, 464, 400, 368, 58, 352, 505]",7.166666666666667,0.0020237137577293527,0.007453728450033914,0.2964912280701754,0.054385964912280704,0.0017543859649122807,0.0,1.8371681415929204,3.0,0.008771929824561403,0.4263157894736842,11.1,0.26251205891964813,0.4982394474763358,0.006157877156135307,3.564039408866995,0.7447585413704291,0.07368421052631578,0.9508771929824561,0.9533333333333334,0.9261227501556277,30,False,2376.0,True
487,train,random,paper,paper,3165569293,2026,600,30,0.7,"[27, 48, 56, 88, 104, 142, 171, 184, 204, 233, 266, 268, 271, 272, 273, 320, 361, 371, 372, 378, 389, 406, 428, 465, 491, 507, 558, 562, 563, 572]","[579, 11, 426, 8, 130, 451, 268, 576, 289, 443, 67, 242, 144, 539, 438, 70, 536, 406, 293, 188, 578, 276, 275, 582, 136, 421, 503, 407, 477, 211]",6.433333333333334,0.0018390358555053282,0.006470112723239093,0.2578947368421053,0.0456140350877193,0.010526315789473684,0.0,1.9379432624113475,4.0,0.010526315789473684,0.36140350877192984,10.675438596491228,0.236663636607789,0.5528258255480529,0.006195199719006701,3.657471264367816,0.7248523080863631,0.07017543859649122,0.40350877192982454,0.43333333333333335,0.9580810000188649,30,False,1702.0,False
488,train,random,paper,paper,3165569293,2026,600,30,0.7,"[10, 17, 33, 38, 42, 47, 64, 83, 166, 173, 187, 197, 227, 247, 256, 266, 275, 338, 347, 395, 404, 417, 450, 472, 475, 480, 520, 546, 563, 585]","[230, 166, 73, 137, 17, 285, 384, 558, 133, 363, 146, 92, 94, 286, 573, 67, 371, 108, 307, 340, 250, 296, 2, 237, 543, 243, 308, 176, 477, 231]",6.733333333333333,0.0018841210163513073,0.004762826801755035,0.2824561403508772,0.05087719298245614,0.0035087719298245615,0.0,1.8652482269503545,3.0,0.010526315789473684,0.4105263157894737,11.140350877192983,0.2576872345686089,0.5168809545832947,0.005754620641995502,3.6229885057471263,0.7289555999665109,0.08596491228070176,0.9438596491228071,0.9466666666666667,0.658318541944027,21,True,2376.0,True
489,train,random,paper,paper,3165569293,2026,600,30,0.7,"[25, 48, 61, 72, 77, 97, 119, 127, 131, 160, 218, 240, 250, 262, 269, 279, 287, 300, 315, 355, 356, 402, 415, 436, 451, 458, 474, 500, 538, 582]","[118, 11, 410, 68, 398, 104, 100, 462, 474, 57, 338, 54, 238, 541, 390, 160, 165, 151, 246, 177, 98, 41, 190, 383, 577, 179, 45, 5, 95, 540]",5.866666666666666,0.001701719222348634,0.0061167158199526405,0.2614035087719298,0.02982456140350877,0.0035087719298245615,0.0,1.8794326241134751,4.0,0.010526315789473684,0.37894736842105264,10.85438596491228,0.23480122320176727,0.5471957574075788,0.005160338684679455,3.7126436781609193,0.6872339786977962,0.05789473684210526,0.3192982456140351,0.35333333333333333,0.9488797499798238,30,False,1628.0,False
490,train,random,paper,paper,3165569293,2026,600,30,0.7,"[2, 7, 30, 48, 67, 85, 95, 146, 152, 159, 189, 200, 216, 221, 249, 257, 276, 294, 341, 365, 374, 375, 416, 445, 465, 470, 492, 549, 561, 572]","[592, 225, 402, 11, 0, 273, 79, 370, 521, 365, 46, 404, 342, 181, 350, 461, 103, 354, 341, 588, 111, 583, 355, 378, 582, 138, 326, 561, 229, 211]",4.833333333333333,0.001474090044168261,0.0028649855620843877,0.21578947368421053,0.028070175438596492,0.0035087719298245615,0.0,2.0124113475177303,4.0,0.010526315789473684,0.2578947368421053,8.95438596491228,0.2033990600058283,0.6158603891098573,0.004517391931185035,4.022988505747127,0.7208055732210162,0.07894736842105263,0.9614035087719298,0.9633333333333334,0.933366458164528,30,False,2378.0,True
491,train,random,paper,paper,3165569293,2026,600,30,0.7,"[9, 29, 115, 122, 124, 142, 230, 264, 275, 296, 309, 315, 337, 338, 345, 361, 373, 407, 410, 416, 510, 512, 528, 535, 536, 550, 552, 553, 555, 558]","[391, 82, 132, 520, 454, 451, 29, 174, 371, 445, 456, 246, 494, 108, 466, 536, 332, 114, 25, 355, 51, 99, 468, 178, 303, 485, 320, 141, 312, 503]",5.266666666666667,0.0015605916584287896,0.003896539194517537,0.21754385964912282,0.031578947368421054,0.005263157894736842,0.0,1.9840425531914894,3.0,0.010526315789473684,0.30701754385964913,9.801754385964912,0.20560048533733905,0.6131717694940338,0.006402439495745783,3.793103448275862,0.7468741869867479,0.07368421052631578,0.3192982456140351,0.35333333333333333,0.952473291894421,30,False,1596.0,False
492,train,random,paper,paper,3165569293,2026,600,30,0.7,"[13, 18, 32, 78, 86, 93, 132, 174, 192, 196, 230, 232, 241, 248, 255, 259, 273, 279, 311, 344, 410, 461, 514, 528, 551, 559, 563, 565, 573, 593]","[74, 508, 457, 595, 35, 394, 544, 316, 34, 258, 29, 288, 566, 348, 344, 155, 438, 160, 385, 563, 25, 290, 215, 468, 75, 330, 477, 36, 596, 505]",5.433333333333334,0.0016078777111930402,0.003844681638594771,0.24035087719298245,0.03684210526315789,0.0017543859649122807,0.0,1.9397163120567376,5.0,0.010526315789473684,0.2964912280701754,10.187719298245614,0.22630144027088422,0.578040884284525,0.00525929370756957,3.779310344827586,0.7911244357032529,0.08421052631578947,0.9543859649122807,0.9566666666666667,0.9288817080669105,30,False,2378.0,True
493,train,random,paper,paper,3165569293,2026,600,30,0.7,"[41, 61, 125, 127, 131, 143, 156, 183, 189, 195, 227, 228, 252, 277, 292, 322, 336, 350, 408, 413, 415, 465, 473, 477, 487, 496, 506, 510, 562, 568]","[56, 410, 280, 462, 474, 172, 143, 525, 46, 528, 94, 173, 15, 38, 304, 162, 219, 413, 514, 1, 190, 582, 570, 423, 44, 360, 183, 51, 407, 154]",6.1,0.0017595492193702015,0.005290070564460975,0.2631578947368421,0.042105263157894736,0.007017543859649123,0.0,1.8670212765957446,4.0,0.010526315789473684,0.40350877192982454,11.480701754385965,0.2451395128606145,0.5441494773841458,0.006856985888426051,3.5885057471264368,0.7628616847579566,0.09473684210526316,0.9368421052631579,0.94,0.9397947911638767,30,False,2374.0,True
494,train,random,paper,paper,3165569293,2026,600,30,0.7,"[25, 42, 113, 136, 139, 147, 216, 221, 222, 224, 264, 265, 273, 305, 337, 361, 369, 388, 403, 437, 445, 451, 472, 496, 502, 505, 531, 532, 568, 577]","[118, 17, 511, 195, 152, 171, 342, 181, 488, 329, 174, 69, 438, 89, 494, 536, 569, 7, 22, 30, 378, 577, 237, 360, 116, 236, 252, 387, 154, 321]",4.766666666666667,0.0014338106328252423,0.00323725740895879,0.21052631578947367,0.02982456140350877,0.0035087719298245615,0.0,1.9840425531914894,4.0,0.010526315789473684,0.2614035087719298,9.298245614035087,0.20045840540710946,0.6240372460148614,0.005264260005639316,3.949425287356322,0.7332088257475936,0.05964912280701754,0.2929824561403509,0.3283333333333333,0.9447141671553254,30,False,1602.0,False
495,train,random,paper,paper,3165569293,2026,600,30,0.7,"[14, 49, 53, 54, 66, 102, 107, 118, 136, 175, 178, 202, 237, 252, 297, 318, 321, 325, 356, 358, 364, 386, 402, 423, 430, 436, 447, 451, 536, 567]","[145, 72, 345, 317, 379, 121, 168, 4, 195, 271, 492, 405, 437, 15, 159, 83, 458, 382, 98, 323, 222, 16, 41, 269, 96, 383, 315, 577, 303, 428]",5.733333333333333,0.001652745555752194,0.004284763553001018,0.24210526315789474,0.03859649122807018,0.0035087719298245615,0.0,1.9450354609929077,4.0,0.010526315789473684,0.3649122807017544,11.017543859649123,0.22792210034522822,0.5754324299324762,0.0057468318130750075,3.632183908045977,0.7232557091055609,0.08596491228070176,0.9543859649122807,0.9566666666666667,1.0091474999208003,30,True,2374.0,True
496,train,random,paper,paper,3165569293,2026,600,30,0.7,"[11, 19, 33, 49, 50, 56, 78, 114, 130, 195, 198, 203, 234, 247, 249, 272, 299, 335, 337, 358, 387, 423, 436, 498, 513, 514, 534, 536, 568, 581]","[495, 552, 73, 72, 78, 426, 595, 199, 305, 528, 187, 101, 28, 286, 350, 539, 251, 221, 494, 323, 361, 269, 383, 591, 6, 215, 493, 303, 154, 185]",5.633333333333334,0.0016506591209000912,0.005270607113572843,0.24736842105263157,0.031578947368421054,0.0035087719298245615,0.0,1.9148936170212767,4.0,0.010526315789473684,0.3280701754385965,10.170175438596491,0.2267135498257365,0.5677920636388863,0.0047174227245221165,3.8183908045977013,0.7030149855532694,0.07543859649122807,0.41578947368421054,0.445,1.1099673751741648,30,False,1732.0,False
497,train,random,paper,paper,3165569293,2026,600,30,0.7,"[39, 62, 87, 89, 102, 103, 110, 112, 116, 171, 240, 257, 264, 275, 310, 321, 349, 365, 378, 384, 391, 420, 464, 471, 474, 528, 553, 566, 575, 576]","[444, 262, 245, 180, 121, 295, 113, 548, 598, 268, 54, 461, 174, 371, 86, 458, 531, 588, 188, 564, 163, 125, 533, 519, 45, 468, 141, 191, 267, 253]",6.2,0.0017662674076312352,0.00447076455603036,0.2736842105263158,0.04035087719298246,0.007017543859649123,0.0,1.8670212765957446,4.0,0.010526315789473684,0.38596491228070173,11.5,0.2502589952172108,0.5290599081182746,0.006258460331802917,3.6298850574712644,0.7460758874963468,0.08596491228070176,0.9368421052631579,0.94,0.9768996657803655,30,False,2378.0,True
498,train,random,paper,paper,3165569293,2026,600,30,0.7,"[2, 51, 53, 76, 94, 102, 109, 131, 148, 150, 159, 178, 224, 241, 331, 345, 385, 427, 440, 448, 473, 499, 500, 524, 529, 535, 552, 554, 558, 589]","[592, 447, 345, 259, 81, 121, 257, 474, 14, 216, 365, 492, 329, 566, 442, 466, 364, 234, 247, 467, 570, 432, 5, 393, 65, 178, 320, 522, 503, 470]",5.333333333333333,0.0015922219412689033,0.004623794346139809,0.23333333333333334,0.02456140350877193,0.005263157894736842,0.0,1.946808510638298,4.0,0.010526315789473684,0.3385964912280702,9.689473684210526,0.21493354624509756,0.5889186939228563,0.004493499138529564,3.871264367816092,0.7840852641679401,0.08947368421052632,0.9368421052631579,0.94,0.9437977920752019,30,False,2372.0,True
499,train,random,paper,paper,3165569293,2026,600,30,0.7,"[19, 20, 45, 67, 135, 165, 190, 235, 253, 262, 275, 286, 312, 315, 367, 374, 403, 404, 432, 442, 450, 463, 497, 512, 522, 563, 576, 589, 590, 597]","[552, 507, 512, 0, 21, 213, 562, 55, 430, 541, 371, 484, 446, 246, 200, 111, 22, 250, 571, 32, 2, 377, 186, 99, 367, 477, 253, 470, 20, 559]",5.233333333333333,0.001578311444224122,0.0037226519479344198,0.23684210526315788,0.021052631578947368,0.0035087719298245615,0.0,1.9556737588652482,4.0,0.010526315789473684,0.2614035087719298,9.014035087719298,0.21562327857053123,0.5836894521012549,0.0036567008980802084,4.1080459770114945,0.799738271670923,0.08070175438596491,0.9245614035087719,0.9283333333333333,0.9323840839788318,30,False,2366.0,True
500,train,feature_diverse,paper,paper,3165569293,2026,600,30,0.7,"[3, 17, 25, 28, 57, 65, 85, 87, 158, 167, 214, 228, 291, 348, 358, 370, 379, 389, 409, 420, 422, 425, 449, 513, 530, 584, 585, 587, 596, 597]","[182, 166, 118, 322, 502, 568, 273, 245, 33, 585, 310, 173, 277, 325, 323, 401, 483, 578, 39, 125, 119, 331, 24, 6, 324, 149, 231, 352, 260, 559]",8.466666666666667,0.002310860523622922,0.01061529247977301,0.33157894736842103,0.07017543859649122,0.021052631578947368,0.0,1.7801418439716312,4.0,0.010526315789473684,0.47543859649122805,12.147368421052631,0.29031964005132366,0.45021428791662815,0.0083298819361403,3.485057471264368,0.7457413972281209,0.08421052631578947,0.9368421052631579,0.94,0.9707238341215998,30,False,2378.0,True
501,train,feature_diverse,paper,paper,3165569293,2026,600,30,0.7,"[0, 6, 10, 15, 18, 25, 76, 83, 115, 155, 156, 172, 210, 241, 284, 312, 313, 374, 424, 451, 453, 462, 483, 492, 505, 506, 512, 538, 553, 583]","[509, 472, 230, 50, 508, 118, 259, 558, 132, 43, 143, 244, 64, 566, 516, 446, 102, 111, 164, 577, 255, 335, 19, 326, 236, 183, 99, 95, 141, 530]",3.8666666666666667,0.001202315522204441,0.001786212330844217,0.17543859649122806,0.02456140350877193,0.0,0.0,2.1221238938053095,4.0,0.008771929824561403,0.21052631578947367,8.001754385964912,0.17023994020221792,0.6804489254771375,0.004396038189141638,4.115763546798029,0.7499946230092036,0.054385964912280704,0.2771929824561403,0.31333333333333335,0.9659057920798659,30,False,1578.0,False
502,train,feature_diverse,paper,paper,3165569293,2026,600,30,0.7,"[14, 23, 82, 102, 108, 109, 115, 146, 155, 170, 185, 217, 228, 248, 253, 270, 302, 312, 342, 365, 417, 437, 451, 490, 523, 536, 540, 542, 551, 584]","[145, 122, 196, 121, 449, 257, 132, 370, 43, 553, 311, 13, 173, 348, 430, 150, 129, 446, 218, 588, 296, 30, 577, 381, 153, 303, 53, 223, 75, 149]",6.333333333333333,0.001820538199775231,0.005000327391816998,0.2789473684210526,0.03333333333333333,0.0,0.0,1.849290780141844,3.0,0.010526315789473684,0.3473684210526316,10.784210526315789,0.2527322665610183,0.5215305398822188,0.0032564475566503968,3.7287356321839082,0.7583511406704342,0.0824561403508772,0.21929824561403508,0.25833333333333336,0.9581495830789208,30,False,1540.0,False
503,train,feature_diverse,paper,paper,3165569293,2026,600,30,0.7,"[25, 48, 81, 116, 118, 157, 165, 168, 169, 234, 240, 243, 250, 293, 314, 325, 326, 337, 358, 406, 417, 444, 458, 459, 462, 486, 531, 543, 552, 578]","[118, 11, 593, 598, 4, 584, 213, 436, 327, 28, 54, 416, 238, 535, 491, 382, 412, 494, 323, 276, 296, 349, 179, 597, 335, 542, 252, 110, 320, 106]",5.333333333333333,0.0015502219259562959,0.0045801523804951064,0.21228070175438596,0.02982456140350877,0.007017543859649123,0.0,2.0371681415929204,4.0,0.008771929824561403,0.3473684210526316,11.468421052631578,0.20048704743294118,0.6214226251040607,0.011561865503629143,3.4630541871921183,0.7066320739622118,0.07368421052631578,0.9473684210526315,0.95,0.9386150829959661,30,True,2376.0,True
504,train,feature_diverse,paper,paper,3165569293,2026,600,30,0.7,"[6, 9, 19, 30, 35, 36, 50, 62, 76, 96, 114, 132, 137, 144, 183, 192, 241, 313, 314, 333, 390, 393, 395, 419, 443, 482, 500, 559, 576, 598]","[472, 391, 552, 402, 479, 589, 78, 262, 259, 226, 199, 544, 476, 486, 525, 34, 566, 102, 491, 294, 232, 239, 340, 212, 3, 375, 5, 330, 253, 435]",4.766666666666667,0.0014203191746518342,0.0030686468413637074,0.20701754385964913,0.03508771929824561,0.0035087719298245615,0.0,2.040492957746479,4.0,0.0035087719298245615,0.28596491228070176,9.673684210526316,0.19697570599832834,0.6295933154503129,0.005448127861920966,3.5784615384615384,0.8039914974520058,0.0824561403508772,0.4456140350877193,0.47333333333333333,0.9594217499252409,30,False,1746.0,False
505,train,feature_diverse,paper,paper,3165569293,2026,600,30,0.7,"[1, 24, 32, 38, 57, 65, 137, 139, 171, 207, 210, 227, 253, 258, 284, 308, 311, 314, 316, 369, 378, 424, 427, 479, 485, 525, 539, 567, 574, 587]","[575, 590, 457, 137, 502, 568, 476, 152, 268, 441, 64, 94, 430, 272, 516, 256, 385, 491, 42, 569, 188, 164, 234, 518, 135, 400, 453, 428, 193, 352]",6.866666666666666,0.001921648798566047,0.006532484832289941,0.26842105263157895,0.06491228070175438,0.014035087719298246,0.0,1.9115044247787611,4.0,0.008771929824561403,0.4017543859649123,11.814035087719299,0.24957855965772213,0.5371257669657448,0.00825165893059961,3.435960591133005,0.655872726278489,0.09824561403508772,0.9526315789473684,0.955,0.6295602079480886,20,True,2374.0,True
506,train,feature_diverse,paper,paper,3165569293,2026,600,30,0.7,"[33, 34, 102, 105, 117, 152, 176, 189, 242, 246, 286, 319, 338, 340, 348, 354, 377, 381, 389, 390, 393, 410, 430, 431, 434, 441, 497, 523, 559, 572]","[73, 422, 121, 372, 48, 521, 194, 46, 142, 392, 484, 550, 108, 450, 325, 551, 90, 556, 578, 232, 239, 25, 96, 328, 431, 380, 186, 153, 330, 211]",7.733333333333333,0.0021422998312081113,0.009770479534777039,0.3263157894736842,0.05087719298245614,0.0017543859649122807,0.0,1.7823008849557522,4.0,0.008771929824561403,0.4964912280701754,11.766666666666667,0.2796937439712073,0.45824314741158695,0.005060750283396089,3.455665024630542,0.8252150768619892,0.08596491228070176,0.743859649122807,0.7566666666666667,0.9380520000122488,30,False,2092.0,False
507,train,feature_diverse,paper,paper,3165569293,2026,600,30,0.7,"[16, 19, 33, 85, 129, 151, 213, 261, 274, 281, 297, 298, 303, 307, 330, 338, 346, 400, 402, 415, 422, 437, 483, 504, 512, 516, 532, 539, 557, 583]","[128, 552, 73, 273, 287, 63, 270, 279, 161, 408, 159, 546, 281, 429, 228, 108, 261, 197, 41, 190, 119, 30, 19, 356, 99, 534, 387, 453, 368, 530]",5.2,0.0015432675053819985,0.0033883519503506913,0.23157894736842105,0.031578947368421054,0.0035087719298245615,0.0,1.9822695035460993,4.0,0.010526315789473684,0.256140350877193,9.021052631578947,0.21535200635833787,0.5916134800974316,0.004999100516341896,3.942528735632184,0.6121415241975007,0.08421052631578947,0.9491228070175438,0.9516666666666667,0.9182581249624491,30,False,2378.0,True
508,train,feature_diverse,paper,paper,3165569293,2026,600,30,0.7,"[0, 27, 45, 48, 115, 127, 137, 166, 169, 204, 217, 243, 287, 309, 312, 313, 317, 320, 351, 365, 368, 385, 388, 410, 439, 495, 496, 554, 560, 586]","[509, 579, 512, 11, 132, 462, 476, 133, 327, 289, 13, 416, 165, 456, 446, 102, 18, 70, 209, 588, 396, 364, 7, 25, 565, 206, 360, 522, 557, 343]",5.033333333333333,0.0015015796482191575,0.0028532041285064835,0.21754385964912282,0.02280701754385965,0.0035087719298245615,0.0,1.9823008849557522,3.0,0.008771929824561403,0.3175438596491228,9.910526315789474,0.2041569232428012,0.6131224370240187,0.0033604578127904698,3.834975369458128,0.8291338123748463,0.08070175438596491,0.20350877192982456,0.24333333333333335,0.5910795838572085,18,True,1508.0,False
509,train,feature_diverse,paper,paper,3165569293,2026,600,30,0.7,"[24, 26, 77, 101, 170, 202, 213, 220, 306, 309, 316, 321, 332, 370, 383, 390, 404, 444, 446, 449, 465, 481, 482, 483, 508, 543, 564, 569, 570, 571]","[590, 117, 398, 409, 553, 405, 270, 337, 301, 456, 42, 458, 274, 401, 157, 232, 250, 349, 208, 24, 582, 292, 375, 19, 581, 110, 58, 167, 366, 91]",6.5,0.0018348113800466205,0.0058960948987790045,0.2771929824561403,0.04035087719298246,0.007017543859649123,0.0,1.8624338624338623,4.0,0.005263157894736842,0.41228070175438597,11.240350877192983,0.24996199140032227,0.5242314926155459,0.004857950111658397,3.5042735042735043,0.7961540264262918,0.07543859649122807,0.9491228070175438,0.9516666666666667,0.8194019580259919,26,True,2378.0,True
510,train,feature_diverse,paper,paper,3165569293,2026,600,30,0.7,"[18, 70, 114, 151, 160, 187, 208, 254, 266, 326, 337, 353, 372, 379, 409, 418, 442, 470, 511, 522, 525, 535, 556, 558, 565, 568, 572, 579, 582, 584]","[508, 84, 199, 63, 57, 146, 254, 319, 67, 412, 494, 549, 293, 483, 39, 373, 32, 138, 417, 367, 400, 178, 207, 503, 36, 154, 211, 440, 540, 149]",5.933333333333334,0.0017060576208261916,0.004976952198429558,0.23684210526315788,0.042105263157894736,0.015789473684210527,0.0,1.946808510638298,4.0,0.010526315789473684,0.34385964912280703,10.284210526315789,0.2225883437239694,0.5837696173650294,0.008351565170187732,3.779310344827586,0.78117131906122,0.08596491228070176,0.9526315789473684,0.955,0.7238754578866065,23,True,2378.0,True
511,train,feature_diverse,paper,paper,3165569293,2026,600,30,0.7,"[22, 45, 57, 64, 73, 75, 82, 107, 122, 130, 167, 187, 231, 293, 296, 306, 335, 364, 428, 449, 454, 472, 473, 491, 501, 508, 520, 531, 536, 567]","[480, 512, 502, 384, 302, 351, 196, 168, 520, 305, 585, 146, 532, 535, 445, 301, 221, 222, 275, 24, 198, 237, 570, 136, 510, 581, 308, 252, 303, 428]",8.166666666666666,0.0022413936556581536,0.00834775812423221,0.3105263157894737,0.06666666666666667,0.007017543859649123,0.0,1.803191489361702,3.0,0.010526315789473684,0.5228070175438596,13.278947368421052,0.2818340415121762,0.4777726389788179,0.007516462759162446,3.296551724137931,0.7059508652084343,0.10877192982456141,0.9421052631578948,0.945,0.9087104999925941,30,False,2378.0,True
512,train,feature_diverse,paper,paper,3165569293,2026,600,30,0.7,"[2, 6, 44, 86, 111, 150, 163, 182, 189, 190, 233, 236, 247, 281, 288, 312, 392, 424, 425, 485, 509, 538, 544, 548, 552, 565, 575, 579, 594, 595]","[592, 472, 586, 35, 481, 216, 309, 538, 46, 562, 443, 475, 286, 408, 233, 446, 419, 164, 331, 135, 547, 95, 282, 224, 320, 36, 267, 440, 463, 120]",4.5,0.0013510510528214142,0.0017355546214556775,0.18070175438596492,0.043859649122807015,0.005263157894736842,0.0,2.104609929078014,4.0,0.010526315789473684,0.3087719298245614,10.024561403508772,0.18281405492454453,0.6715259149631548,0.007673227155985776,3.7724137931034485,0.78117131906122,0.07017543859649122,0.22982456140350876,0.2683333333333333,0.968394709052518,30,False,1556.0,False
513,train,feature_diverse,paper,paper,3165569293,2026,600,30,0.7,"[81, 82, 85, 91, 100, 125, 160, 162, 187, 194, 227, 243, 259, 266, 312, 313, 331, 343, 364, 381, 404, 406, 429, 433, 448, 459, 461, 508, 564, 591]","[593, 196, 273, 37, 529, 280, 57, 278, 146, 284, 94, 416, 155, 67, 446, 102, 442, 248, 222, 556, 250, 276, 23, 115, 467, 597, 290, 581, 58, 347]",5.5,0.001600253285632764,0.004076956839569399,0.2596491228070175,0.021052631578947368,0.0017543859649122807,0.0,1.927689594356261,4.0,0.005263157894736842,0.3140350877192982,9.428070175438597,0.2242613902100145,0.5510436900687571,0.0024109222232954488,3.8347578347578346,0.7649773303742755,0.07719298245614035,0.35789473684210527,0.39,0.95831891708076,30,False,1678.0,False
514,train,feature_diverse,paper,paper,3165569293,2026,600,30,0.7,"[8, 15, 17, 24, 34, 73, 83, 123, 135, 178, 181, 193, 214, 233, 247, 279, 291, 319, 350, 364, 397, 412, 438, 456, 497, 509, 511, 541, 549, 551]","[147, 50, 166, 590, 422, 302, 558, 156, 21, 492, 353, 386, 310, 443, 286, 160, 277, 550, 413, 222, 418, 184, 40, 473, 186, 547, 417, 61, 561, 75]",6.533333333333333,0.0018447284745276638,0.005460049091222418,0.26842105263157895,0.04035087719298246,0.010526315789473684,0.0,1.8882978723404256,3.0,0.010526315789473684,0.42280701754385963,11.982456140350877,0.24487774906833182,0.5369901026732032,0.007201682419875955,3.4367816091954024,0.7872057001903959,0.1,0.9596491228070175,0.9616666666666667,0.8350937501527369,27,True,2378.0,True
515,train,feature_diverse,paper,paper,3165569293,2026,600,30,0.7,"[32, 33, 39, 97, 99, 120, 133, 137, 142, 144, 170, 179, 222, 226, 280, 322, 332, 335, 337, 341, 346, 386, 404, 418, 419, 473, 482, 513, 533, 545]","[457, 73, 444, 104, 76, 27, 397, 476, 451, 486, 553, 500, 488, 359, 580, 162, 274, 221, 494, 341, 261, 16, 250, 373, 212, 570, 375, 6, 203, 376]",5.733333333333333,0.0016645944316857964,0.005925001457671801,0.22631578947368422,0.0456140350877193,0.0017543859649122807,0.0,1.9716814159292035,4.0,0.008771929824561403,0.34912280701754383,10.814035087719299,0.21803695238975349,0.5992908457435329,0.005668519182717966,3.6133004926108376,0.7948366803003741,0.07192982456140351,0.9526315789473684,0.955,0.9342157079372555,30,False,2378.0,True
516,train,feature_diverse,paper,paper,3165569293,2026,600,30,0.7,"[0, 12, 16, 21, 43, 52, 62, 75, 87, 102, 190, 224, 244, 245, 266, 267, 304, 315, 338, 365, 389, 397, 434, 445, 473, 515, 541, 563, 565, 594]","[509, 148, 128, 127, 448, 220, 262, 351, 245, 121, 562, 329, 97, 59, 67, 389, 240, 246, 108, 588, 578, 418, 431, 378, 570, 299, 61, 477, 36, 463]",7.533333333333333,0.002117632247090489,0.008380543542520527,0.312280701754386,0.04736842105263158,0.012280701754385965,0.0,1.824468085106383,3.0,0.010526315789473684,0.4087719298245614,10.898245614035087,0.2678646476990168,0.477433478247464,0.0074347221905066655,3.593103448275862,0.6558507917300442,0.1,0.9385964912280702,0.9416666666666667,0.6858908331487328,22,True,2376.0,True
517,train,feature_diverse,paper,paper,3165569293,2026,600,30,0.7,"[7, 40, 47, 94, 101, 104, 134, 175, 198, 210, 213, 229, 235, 262, 368, 374, 389, 423, 426, 427, 437, 446, 458, 460, 526, 529, 548, 552, 558, 581]","[225, 459, 285, 81, 409, 130, 455, 271, 187, 64, 270, 527, 55, 541, 396, 111, 578, 269, 425, 234, 30, 208, 179, 499, 264, 65, 224, 320, 503, 185]",5.666666666666667,0.0016765487063950058,0.005964426552113137,0.2543859649122807,0.02280701754385965,0.0035087719298245615,0.0,1.9042553191489362,4.0,0.010526315789473684,0.2964912280701754,9.194736842105263,0.21981420543329666,0.5597200382326643,0.0038627921114309494,4.027586206896552,0.7948366803003741,0.06842105263157895,0.24561403508771928,0.2833333333333333,0.9447333749849349,30,False,1558.0,False
518,train,feature_diverse,paper,paper,3165569293,2026,600,30,0.7,"[0, 54, 55, 58, 97, 115, 147, 194, 195, 207, 223, 273, 277, 280, 346, 352, 360, 391, 400, 402, 423, 449, 499, 532, 544, 548, 549, 554, 567, 587]","[509, 317, 515, 358, 104, 132, 171, 284, 528, 441, 77, 438, 38, 580, 261, 497, 139, 163, 197, 41, 269, 24, 432, 387, 282, 224, 561, 522, 428, 352]",6.133333333333334,0.001739048296713173,0.005603350810453086,0.24736842105263157,0.05263157894736842,0.005263157894736842,0.0,1.9663120567375887,4.0,0.010526315789473684,0.39824561403508774,10.849122807017544,0.23218384303952447,0.5678290629913977,0.00581387741032446,3.6804597701149424,0.6082227886846436,0.06315789473684211,0.23859649122807017,0.27666666666666667,0.7457307919394225,23,True,1554.0,False
519,train,feature_diverse,paper,paper,3165569293,2026,600,30,0.7,"[0, 4, 14, 16, 42, 45, 82, 127, 130, 149, 155, 198, 199, 208, 248, 308, 309, 311, 360, 404, 411, 428, 439, 499, 509, 542, 544, 559, 568, 596]","[509, 594, 145, 128, 17, 512, 196, 462, 305, 465, 43, 187, 460, 254, 348, 256, 456, 385, 139, 250, 10, 275, 565, 432, 547, 223, 282, 330, 154, 260]",5.4,0.0015752053396846369,0.0029322987535429818,0.21754385964912282,0.0456140350877193,0.0035087719298245615,0.0,2.0,3.0,0.010526315789473684,0.3157894736842105,10.54561403508772,0.21293693834025285,0.6127956094101686,0.008015360419011535,3.650574712643678,0.6989116936731216,0.07368421052631578,0.32456140350877194,0.35833333333333334,0.956865250132978,30,False,1660.0,False
520,train,feature_diverse,paper,paper,3165569293,2026,600,30,0.7,"[0, 25, 48, 64, 75, 78, 92, 96, 102, 116, 131, 148, 179, 195, 201, 218, 228, 250, 253, 292, 299, 314, 355, 389, 417, 423, 439, 442, 571, 593]","[509, 118, 11, 384, 351, 595, 26, 226, 121, 598, 474, 14, 500, 528, 175, 338, 173, 238, 430, 304, 251, 491, 177, 578, 296, 269, 565, 32, 91, 505]",7.233333333333333,0.0020312383588244206,0.007802028955561192,0.2912280701754386,0.05087719298245614,0.0,0.0,1.8672566371681416,4.0,0.008771929824561403,0.45263157894736844,11.76842105263158,0.26040200799071933,0.504868498134616,0.003925719534807406,3.4704433497536944,0.6752932157919346,0.07719298245614035,0.5368421052631579,0.56,0.945645583095029,30,False,1800.0,False
521,train,feature_diverse,paper,paper,3165569293,2026,600,30,0.7,"[17, 25, 27, 73, 99, 108, 117, 143, 183, 187, 192, 216, 231, 235, 260, 268, 291, 305, 330, 343, 347, 388, 389, 482, 488, 502, 506, 517, 528, 568]","[166, 118, 579, 302, 76, 449, 48, 172, 525, 146, 34, 342, 532, 55, 93, 242, 277, 89, 228, 248, 307, 7, 578, 375, 134, 116, 183, 52, 468, 154]",6.933333333333334,0.0019422000543924888,0.008174640454017796,0.2771929824561403,0.04912280701754386,0.010526315789473684,0.0,1.870796460176991,4.0,0.008771929824561403,0.4421052631578947,10.52280701754386,0.24315843359319428,0.5258656306847963,0.007269442898991373,3.6822660098522166,0.8420008741235993,0.09298245614035087,0.9385964912280702,0.9416666666666667,0.9253513750154525,30,False,2354.0,True
522,train,feature_diverse,paper,paper,3165569293,2026,600,30,0.7,"[3, 43, 53, 69, 115, 116, 131, 159, 172, 188, 189, 198, 206, 207, 276, 352, 429, 430, 435, 456, 469, 470, 477, 518, 528, 557, 572, 586, 589, 592]","[182, 448, 345, 501, 132, 598, 474, 365, 244, 265, 46, 187, 415, 441, 103, 497, 23, 96, 249, 473, 214, 138, 423, 158, 468, 368, 211, 343, 470, 241]",4.833333333333333,0.0014586032739168074,0.0031307658025297677,0.22280701754385965,0.010526315789473684,0.0,0.0,1.9858156028368794,4.0,0.010526315789473684,0.22280701754385965,8.743859649122808,0.20301602767796528,0.6052354083803534,0.0013328689190758155,4.073563218390805,0.7496601327409779,0.06140350877192982,0.3526315789473684,0.385,0.9618626669980586,30,False,1644.0,False
523,train,feature_diverse,paper,paper,3165569293,2026,600,30,0.7,"[25, 44, 58, 67, 143, 146, 148, 167, 232, 234, 254, 313, 317, 340, 361, 380, 384, 390, 460, 482, 519, 521, 523, 527, 539, 545, 547, 569, 584, 593]","[118, 586, 358, 0, 172, 370, 14, 585, 288, 28, 319, 102, 18, 450, 536, 334, 564, 232, 499, 375, 80, 464, 153, 424, 453, 376, 109, 167, 149, 505]",5.7,0.0016513415599903423,0.005028131869173022,0.24561403508771928,0.03508771929824561,0.005263157894736842,0.0,1.9171075837742504,3.0,0.005263157894736842,0.32456140350877194,10.085964912280701,0.22648966342557814,0.5703758517559276,0.004438541041721649,3.6381766381766383,0.8679414885368408,0.08421052631578947,0.9526315789473684,0.955,0.9158792090602219,30,False,2378.0,True
524,train,feature_diverse,paper,paper,3165569293,2026,600,30,0.7,"[49, 60, 80, 146, 151, 180, 225, 268, 270, 288, 303, 306, 314, 328, 346, 348, 371, 390, 419, 446, 477, 487, 513, 520, 547, 550, 563, 564, 565, 590]","[72, 306, 403, 370, 63, 105, 131, 242, 150, 233, 281, 301, 491, 189, 261, 325, 406, 232, 212, 208, 423, 44, 6, 308, 109, 485, 477, 58, 36, 20]",4.733333333333333,0.0014360979357051164,0.004314235092976326,0.21578947368421053,0.017543859649122806,0.0035087719298245615,0.0,1.9788359788359788,4.0,0.005263157894736842,0.22807017543859648,8.62982456140351,0.196042639248171,0.6162735485462337,0.003241994276477035,3.9344729344729346,0.8640227530239839,0.042105263157894736,0.05789473684210526,0.105,0.9757037081290036,30,False,1382.0,False
525,train,feature_diverse,paper,paper,3165569293,2026,600,30,0.7,"[19, 42, 54, 62, 115, 122, 124, 127, 157, 177, 201, 203, 213, 250, 255, 269, 273, 280, 314, 316, 353, 367, 373, 394, 425, 439, 482, 511, 571, 582]","[552, 17, 317, 262, 132, 520, 454, 462, 584, 235, 175, 101, 270, 238, 344, 390, 438, 580, 491, 42, 549, 200, 332, 169, 331, 565, 375, 417, 91, 540]",5.2,0.001538777284643014,0.0033608640856036304,0.21929824561403508,0.02631578947368421,0.005263157894736842,0.0,2.035335689045936,4.0,0.007017543859649123,0.3140350877192982,9.512280701754387,0.20438142012234886,0.6105756482594888,0.0054419355599028925,3.6560846560846563,0.6951994490760003,0.07368421052631578,0.9421052631578948,0.945,0.9654971249401569,30,False,2378.0,True
526,train,feature_diverse,paper,paper,3165569293,2026,600,30,0.7,"[0, 6, 37, 46, 68, 79, 130, 147, 155, 157, 174, 205, 245, 266, 285, 354, 392, 414, 431, 438, 455, 458, 520, 531, 535, 542, 558, 573, 586, 597]","[509, 472, 217, 192, 49, 374, 305, 171, 43, 584, 316, 524, 59, 67, 314, 551, 419, 333, 328, 40, 112, 179, 308, 252, 178, 223, 503, 596, 343, 559]",6.366666666666666,0.0018075367675655714,0.005426879077993358,0.23684210526315788,0.05263157894736842,0.017543859649122806,0.0,1.946808510638298,3.0,0.010526315789473684,0.41403508771929826,11.582456140350876,0.22242015318232763,0.5840409459501126,0.010170710860826196,3.4873563218390804,0.6951994490760003,0.07719298245614035,0.9473684210526315,0.95,0.9483867920935154,30,False,2376.0,True
527,train,feature_diverse,paper,paper,3165569293,2026,600,30,0.7,"[3, 65, 77, 95, 105, 115, 137, 170, 203, 205, 221, 236, 262, 263, 303, 312, 320, 373, 379, 402, 416, 432, 434, 437, 438, 465, 498, 517, 552, 567]","[182, 568, 398, 79, 372, 132, 476, 553, 101, 524, 181, 475, 541, 567, 281, 446, 70, 332, 483, 41, 355, 571, 431, 30, 40, 582, 591, 52, 320, 428]",5.5,0.0015950162067773002,0.004849988122942797,0.2543859649122807,0.02280701754385965,0.008771929824561403,0.0,1.9202127659574468,3.0,0.010526315789473684,0.3526315789473684,10.66140350877193,0.22542051354695078,0.5580550673696544,0.004885411687527871,3.7471264367816093,0.7008993399369503,0.07719298245614035,0.9421052631578948,0.945,0.9288147920742631,30,False,2368.0,True
528,train,feature_diverse,paper,paper,3165569293,2026,600,30,0.7,"[4, 53, 59, 145, 221, 234, 245, 247, 274, 287, 289, 302, 336, 339, 345, 349, 394, 402, 416, 426, 465, 498, 501, 559, 561, 562, 579, 585, 587, 592]","[594, 345, 555, 297, 181, 28, 59, 286, 161, 165, 66, 129, 219, 47, 466, 531, 169, 41, 355, 425, 582, 591, 510, 330, 229, 407, 440, 231, 352, 241]",7.466666666666667,0.0020939581499819704,0.006910934998813752,0.32105263157894737,0.056140350877192984,0.0035087719298245615,0.0,1.7907801418439717,3.0,0.010526315789473684,0.4192982456140351,11.475438596491228,0.2794846546462727,0.46479819936484446,0.006165322388904147,3.668965517241379,0.7872057001903959,0.09298245614035087,0.9526315789473684,0.955,0.942492957925424,30,True,2376.0,True
529,train,feature_diverse,paper,paper,3165569293,2026,600,30,0.7,"[17, 46, 51, 94, 108, 126, 130, 153, 229, 265, 280, 287, 289, 292, 294, 302, 331, 357, 372, 389, 403, 436, 459, 467, 485, 495, 525, 540, 564, 582]","[166, 192, 447, 81, 449, 124, 305, 362, 527, 69, 580, 165, 66, 304, 354, 129, 442, 504, 293, 578, 22, 383, 597, 204, 135, 206, 400, 53, 58, 540]",6.466666666666667,0.0018368163940475422,0.006665162621764981,0.2614035087719298,0.05964912280701754,0.005263157894736842,0.0,1.9008849557522123,3.0,0.008771929824561403,0.3736842105263158,10.41578947368421,0.24057917741122628,0.5477260814602412,0.007086890080601303,3.7241379310344827,0.7168868377081591,0.08947368421052632,0.9578947368421052,0.96,0.9356417080853134,30,True,2376.0,True
530,train,feature_diverse,paper,paper,3165569293,2026,600,30,0.7,"[40, 49, 76, 97, 110, 111, 160, 166, 170, 173, 186, 219, 231, 235, 283, 294, 356, 371, 378, 428, 463, 483, 484, 508, 546, 550, 553, 563, 572, 582]","[459, 72, 259, 104, 113, 481, 57, 133, 553, 363, 388, 298, 532, 55, 517, 354, 98, 406, 188, 275, 377, 19, 469, 581, 176, 485, 141, 477, 211, 540]",6.266666666666667,0.0017936492280603339,0.00593769326756645,0.256140350877193,0.04912280701754386,0.008771929824561403,0.0,1.8936170212765957,4.0,0.010526315789473684,0.34210526315789475,11.910526315789474,0.24005193878867484,0.5545031295285666,0.012620697136550665,3.4229885057471265,0.6875684689660221,0.07368421052631578,0.2824561403508772,0.31833333333333336,0.8827607920393348,28,True,1606.0,False
531,train,feature_diverse,paper,paper,3165569293,2026,600,30,0.7,"[21, 65, 66, 135, 150, 176, 181, 191, 245, 254, 276, 295, 321, 354, 355, 371, 428, 446, 458, 459, 495, 512, 520, 536, 546, 552, 556, 562, 578, 598]","[127, 568, 379, 21, 216, 194, 353, 140, 59, 319, 103, 506, 458, 551, 177, 406, 275, 208, 179, 597, 206, 99, 308, 303, 176, 320, 207, 407, 106, 435]",7.4,0.0020521809281214983,0.008138377973765638,0.28596491228070176,0.054385964912280704,0.014035087719298246,0.0,1.8386524822695036,4.0,0.010526315789473684,0.4421052631578947,12.554385964912282,0.2592281381276206,0.5123793666944162,0.01004689456748886,3.3839080459770114,0.7788491825291655,0.08596491228070176,0.9350877192982456,0.9383333333333334,0.9213016668800265,30,False,2372.0,True
532,train,feature_diverse,paper,paper,3165569293,2026,600,30,0.7,"[5, 21, 39, 46, 47, 115, 120, 128, 130, 131, 157, 167, 176, 234, 236, 274, 336, 338, 349, 356, 357, 381, 385, 388, 409, 456, 466, 512, 551, 563]","[414, 127, 444, 192, 285, 132, 27, 210, 305, 474, 584, 585, 194, 28, 475, 161, 219, 108, 531, 98, 504, 556, 364, 7, 39, 473, 339, 99, 75, 477]",5.166666666666667,0.0015269034355617748,0.0044239703883973995,0.21578947368421053,0.02982456140350877,0.005263157894736842,0.0,1.9911347517730495,4.0,0.010526315789473684,0.2754385964912281,9.494736842105263,0.2038948868302802,0.6158542225511053,0.007704234664307259,3.864367816091954,0.7780508830387642,0.07368421052631578,0.4666666666666667,0.49333333333333335,0.9502491671591997,30,False,1798.0,False
533,train,feature_diverse,paper,paper,3165569293,2026,600,30,0.7,"[31, 77, 80, 97, 98, 124, 129, 165, 203, 207, 226, 273, 289, 293, 298, 303, 319, 338, 370, 376, 412, 443, 447, 470, 472, 479, 529, 558, 581, 585]","[482, 398, 403, 104, 513, 454, 287, 213, 101, 441, 359, 438, 66, 535, 546, 281, 550, 108, 401, 87, 184, 3, 315, 138, 237, 518, 65, 503, 185, 231]",6.566666666666666,0.0018715087302459035,0.007133875818058591,0.2982456140350877,0.02456140350877193,0.005263157894736842,0.0,1.8102836879432624,4.0,0.010526315789473684,0.3824561403508772,11.136842105263158,0.2616402391215473,0.4947121758702556,0.0037639679336594037,3.6735632183908047,0.6831306868176484,0.10350877192982456,0.956140350877193,0.9583333333333334,0.9235745840705931,30,False,2378.0,True
534,train,feature_diverse,paper,paper,3165569293,2026,600,30,0.7,"[22, 30, 44, 54, 72, 95, 120, 151, 191, 199, 205, 207, 267, 303, 330, 345, 350, 353, 361, 366, 399, 420, 430, 451, 489, 501, 514, 561, 571, 598]","[480, 402, 586, 317, 68, 79, 27, 63, 140, 460, 524, 441, 389, 281, 228, 466, 413, 549, 536, 587, 263, 125, 96, 577, 31, 510, 215, 229, 91, 435]",5.6,0.0016310358233054343,0.0031552254015549484,0.24912280701754386,0.028070175438596492,0.0,0.0,1.9184397163120568,4.0,0.010526315789473684,0.32280701754385965,10.519298245614035,0.2297042950422697,0.5650047790830327,0.0033393235117373044,3.7264367816091952,0.7098476661728463,0.07017543859649122,0.9614035087719298,0.9633333333333334,0.9361876661423594,30,False,2378.0,True
535,train,feature_diverse,paper,paper,3165569293,2026,600,30,0.7,"[7, 19, 53, 58, 64, 69, 73, 91, 113, 130, 155, 186, 217, 222, 226, 248, 250, 293, 304, 319, 348, 353, 364, 399, 465, 468, 470, 495, 529, 564]","[225, 552, 345, 358, 384, 501, 302, 37, 511, 305, 43, 388, 13, 488, 359, 348, 238, 535, 240, 550, 325, 549, 222, 263, 582, 12, 138, 206, 65, 58]",7.0,0.0019938952650784855,0.006792994928388492,0.30350877192982456,0.0456140350877193,0.008771929824561403,0.0,1.8091872791519434,3.0,0.007017543859649123,0.4298245614035088,11.543859649122806,0.2671368793907597,0.48771929824561405,0.006592987931103703,3.5793650793650795,0.8168585592007588,0.08947368421052632,0.9543859649122807,0.9566666666666667,0.8986988328397274,28,True,2378.0,True
536,train,feature_diverse,paper,paper,3165569293,2026,600,30,0.7,"[23, 26, 47, 58, 59, 67, 77, 122, 150, 160, 169, 176, 235, 236, 261, 272, 275, 297, 310, 328, 349, 351, 390, 400, 440, 453, 517, 535, 540, 557]","[122, 117, 285, 358, 555, 0, 398, 520, 216, 57, 327, 194, 55, 475, 279, 539, 371, 159, 86, 189, 531, 209, 232, 197, 247, 255, 52, 178, 53, 368]",6.233333333333333,0.001798891104523523,0.004626313703005852,0.2754385964912281,0.031578947368421054,0.007017543859649123,0.0,1.8938053097345133,4.0,0.008771929824561403,0.3192982456140351,10.363157894736842,0.24632735777345932,0.5267721148213239,0.005301563998318562,3.6921182266009853,0.7620633852675555,0.07543859649122807,0.27017543859649124,0.30666666666666664,0.9676169170998037,30,False,1572.0,False
537,train,feature_diverse,paper,paper,3165569293,2026,600,30,0.7,"[33, 38, 44, 87, 92, 121, 192, 218, 223, 253, 257, 258, 281, 302, 313, 319, 321, 324, 369, 377, 407, 418, 419, 420, 479, 514, 515, 527, 540, 564]","[73, 137, 586, 245, 26, 434, 34, 338, 77, 430, 461, 272, 408, 129, 102, 550, 458, 62, 569, 90, 114, 373, 212, 125, 518, 215, 299, 424, 53, 58]",6.266666666666667,0.0017880321101623143,0.005117229659611197,0.2578947368421053,0.04912280701754386,0.005263157894736842,0.0,1.8992932862190812,4.0,0.007017543859649123,0.38421052631578945,11.235087719298246,0.23938319942123115,0.5521105047328339,0.006200330684423777,3.4603174603174605,0.6615726171394392,0.06842105263157895,0.9,0.905,0.936398624908179,30,False,2336.0,True
538,train,feature_diverse,paper,paper,3165569293,2026,600,30,0.7,"[50, 114, 120, 163, 171, 180, 204, 208, 259, 265, 269, 307, 313, 333, 350, 369, 377, 381, 389, 413, 425, 431, 465, 489, 505, 515, 529, 552, 579, 593]","[78, 199, 27, 309, 268, 105, 289, 254, 155, 69, 390, 429, 102, 294, 413, 569, 90, 556, 578, 1, 331, 328, 582, 31, 236, 299, 65, 320, 440, 505]",6.833333333333333,0.001910717653914674,0.005996515489030496,0.26842105263157895,0.06491228070175438,0.0035087719298245615,0.0,1.8973451327433628,4.0,0.008771929824561403,0.4280701754385965,11.489473684210527,0.24856310667264922,0.5373662627570684,0.007955714108164199,3.4507389162561575,0.78117131906122,0.0824561403508772,0.24912280701754386,0.2866666666666667,0.9712161659263074,30,False,1584.0,False
539,train,feature_diverse,paper,paper,3165569293,2026,600,30,0.7,"[19, 36, 63, 151, 162, 184, 194, 200, 232, 236, 259, 268, 317, 321, 331, 343, 350, 364, 386, 392, 420, 425, 427, 453, 458, 495, 514, 548, 580, 595]","[552, 589, 399, 63, 278, 576, 284, 404, 288, 475, 155, 242, 18, 458, 442, 248, 413, 222, 16, 419, 125, 331, 234, 255, 179, 206, 215, 224, 60, 120]",4.4,0.0013381842880019468,0.002336131546197667,0.2,0.021052631578947368,0.0035087719298245615,0.0,2.00354609929078,3.0,0.010526315789473684,0.22982456140350876,8.51578947368421,0.1896229976842404,0.6407424536737274,0.004173393656152277,4.066666666666666,0.7108524565789833,0.07017543859649122,0.9438596491228071,0.9466666666666667,0.9334626249037683,30,False,2376.0,True
540,train,feature_diverse,paper,paper,3165569293,2026,600,30,0.7,"[10, 39, 61, 82, 118, 139, 155, 159, 187, 198, 217, 223, 232, 260, 261, 262, 330, 341, 361, 389, 399, 415, 455, 465, 480, 497, 512, 540, 571, 596]","[230, 444, 410, 196, 4, 152, 43, 365, 146, 187, 13, 77, 288, 93, 279, 541, 228, 341, 536, 578, 263, 190, 112, 582, 243, 186, 99, 53, 91, 260]",8.033333333333333,0.0022110850277637178,0.00734460155814341,0.3333333333333333,0.06315789473684211,0.008771929824561403,0.0,1.8102836879432624,4.0,0.010526315789473684,0.47368421052631576,11.850877192982455,0.2918601478386902,0.44845065211358803,0.006184983471908918,3.542528735632184,0.6904824140727421,0.08771929824561403,0.9403508771929825,0.9433333333333334,0.9052282499615103,29,True,2378.0,True
541,train,feature_diverse,paper,paper,3165569293,2026,600,30,0.7,"[2, 11, 47, 52, 65, 74, 92, 125, 126, 129, 151, 152, 245, 253, 301, 310, 313, 345, 377, 426, 442, 445, 454, 467, 468, 488, 497, 527, 548, 564]","[592, 495, 285, 220, 568, 107, 26, 280, 124, 287, 63, 521, 59, 430, 369, 86, 102, 466, 90, 425, 32, 378, 198, 204, 12, 134, 186, 424, 224, 58]",5.966666666666667,0.0017277827448419986,0.005529231747743143,0.2754385964912281,0.031578947368421054,0.0,0.0,1.8798586572438163,3.0,0.007017543859649123,0.3368421052631579,9.135087719298246,0.23688433648524795,0.5281842567755064,0.0026263956412705563,3.992063492063492,0.7720165019095883,0.06140350877192982,0.9298245614035088,0.9333333333333333,0.9487431668676436,30,False,2362.0,True
542,train,feature_diverse,paper,paper,3165569293,2026,600,30,0.7,"[29, 34, 88, 114, 146, 182, 186, 237, 256, 262, 296, 297, 308, 313, 342, 356, 372, 380, 390, 399, 430, 441, 448, 451, 487, 499, 511, 514, 523, 583]","[82, 422, 8, 199, 370, 538, 388, 437, 573, 541, 445, 159, 256, 102, 218, 98, 293, 334, 232, 263, 96, 380, 467, 577, 44, 432, 417, 215, 153, 530]",5.366666666666666,0.0015845966224951962,0.00501870640780977,0.21052631578947367,0.04035087719298246,0.007017543859649123,0.0,2.0035335689045937,3.0,0.007017543859649123,0.28421052631578947,9.294736842105262,0.19948565681247782,0.6241914099836586,0.006738859043759225,3.761904761904762,0.8640227530239839,0.07894736842105263,0.9596491228070175,0.9616666666666667,0.9344591668341309,30,False,2376.0,True
543,train,feature_diverse,paper,paper,3165569293,2026,600,30,0.7,"[9, 44, 95, 127, 130, 165, 177, 178, 181, 272, 277, 279, 289, 297, 298, 299, 303, 364, 396, 410, 417, 454, 482, 490, 510, 539, 545, 549, 571, 589]","[391, 586, 79, 462, 305, 213, 235, 492, 353, 539, 38, 160, 66, 159, 546, 251, 281, 222, 478, 25, 296, 198, 375, 381, 51, 453, 376, 561, 91, 470]",5.933333333333334,0.0017032940155281816,0.005036187285428369,0.23333333333333334,0.04736842105263158,0.012280701754385965,0.0,1.9734513274336283,4.0,0.008771929824561403,0.39824561403508774,11.882456140350877,0.223615192551525,0.58860419942651,0.009898022119117453,3.4113300492610836,0.7649773303742755,0.09473684210526316,0.9421052631578948,0.945,0.9365098751150072,30,False,2376.0,True
544,train,feature_diverse,paper,paper,3165569293,2026,600,30,0.7,"[24, 28, 36, 129, 133, 181, 192, 194, 234, 254, 308, 355, 357, 360, 361, 371, 376, 423, 435, 446, 464, 492, 515, 526, 531, 546, 549, 550, 568, 570]","[590, 322, 589, 287, 397, 353, 34, 284, 28, 319, 256, 177, 504, 139, 536, 406, 87, 269, 249, 208, 533, 326, 299, 264, 252, 176, 561, 485, 154, 366]",5.066666666666666,0.0015024727843452126,0.004469770965041053,0.20175438596491227,0.043859649122807015,0.010526315789473684,0.0,2.0141843971631204,4.0,0.010526315789473684,0.312280701754386,10.22280701754386,0.19705908341349485,0.6378133382665804,0.008870239894580665,3.7839080459770114,0.655722792377554,0.05263157894736842,0.18771929824561404,0.22833333333333333,0.9724894999526441,30,False,1558.0,False
545,train,feature_diverse,paper,paper,3165569293,2026,600,30,0.7,"[9, 21, 34, 43, 52, 73, 82, 98, 175, 207, 247, 304, 306, 345, 362, 363, 410, 436, 440, 495, 501, 506, 520, 541, 551, 553, 556, 565, 566, 572]","[391, 127, 422, 448, 220, 302, 196, 513, 271, 441, 286, 240, 301, 466, 85, 489, 25, 383, 247, 206, 510, 183, 308, 61, 75, 141, 207, 36, 191, 211]",7.0,0.0019650159262862904,0.00582398239522225,0.30350877192982456,0.0456140350877193,0.007017543859649123,0.0,1.8067375886524824,4.0,0.010526315789473684,0.4263157894736842,12.456140350877194,0.273372619989836,0.487114975487929,0.006158165080159965,3.466666666666667,0.7389087166085437,0.06842105263157895,0.7824561403508772,0.7933333333333333,0.9603117080405354,30,False,2166.0,False
546,train,feature_diverse,paper,paper,3165569293,2026,600,30,0.7,"[20, 22, 25, 26, 38, 54, 104, 152, 181, 186, 189, 192, 203, 219, 223, 247, 265, 292, 302, 350, 354, 374, 377, 419, 420, 481, 485, 500, 525, 545]","[507, 480, 118, 117, 137, 317, 130, 521, 353, 388, 46, 34, 101, 298, 77, 286, 69, 304, 129, 413, 551, 111, 90, 212, 125, 292, 135, 5, 400, 376]",6.433333333333334,0.0018057347717735884,0.00600046326178518,0.2596491228070175,0.042105263157894736,0.0035087719298245615,0.0,1.8829787234042554,3.0,0.010526315789473684,0.41578947368421054,12.117543859649123,0.24094130301188388,0.5494218851170104,0.006480749874579276,3.4919540229885055,0.636647701748201,0.07719298245614035,0.9035087719298246,0.9083333333333333,0.9547100840136409,30,False,2328.0,True
547,train,feature_diverse,paper,paper,3165569293,2026,600,30,0.7,"[18, 82, 86, 93, 112, 119, 135, 150, 174, 176, 198, 199, 206, 226, 239, 258, 284, 294, 302, 323, 342, 360, 372, 375, 382, 424, 501, 537, 558, 575]","[508, 196, 35, 394, 548, 100, 21, 216, 316, 194, 187, 460, 415, 359, 126, 272, 516, 354, 129, 433, 218, 139, 293, 583, 291, 164, 510, 599, 503, 267]",5.4,0.0016031030057289063,0.0029818305203129242,0.2631578947368421,0.021052631578947368,0.0,0.0,1.8599290780141844,3.0,0.010526315789473684,0.28421052631578947,9.796491228070176,0.2351367612318289,0.5445996361730336,0.002545927890755477,3.910344827586207,0.8160602597103576,0.07543859649122807,0.9333333333333333,0.9366666666666666,0.9517240831628442,30,False,2360.0,True
548,train,feature_diverse,paper,paper,3165569293,2026,600,30,0.7,"[7, 28, 41, 92, 122, 174, 227, 259, 260, 284, 289, 295, 313, 331, 336, 355, 357, 365, 374, 376, 389, 400, 419, 445, 454, 503, 505, 516, 535, 542]","[225, 322, 56, 26, 520, 316, 94, 155, 93, 516, 66, 506, 102, 442, 219, 177, 504, 588, 111, 87, 578, 197, 212, 378, 198, 572, 236, 534, 178, 223]",6.0,0.001767675891280651,0.0058533743956623386,0.24385964912280703,0.0456140350877193,0.0035087719298245615,0.0,1.9876106194690266,4.0,0.008771929824561403,0.28596491228070176,9.214035087719298,0.22211354146024093,0.5740326210957974,0.006094448049449651,3.8472906403940885,0.6721727797694788,0.07543859649122807,0.22280701754385965,0.26166666666666666,0.8726674590725452,27,True,1542.0,False
549,train,feature_diverse,paper,paper,3165569293,2026,600,30,0.7,"[13, 27, 37, 65, 76, 89, 139, 159, 161, 167, 205, 221, 275, 293, 302, 310, 332, 348, 364, 383, 389, 410, 437, 444, 454, 469, 486, 503, 575, 598]","[74, 579, 217, 568, 259, 180, 152, 365, 545, 585, 524, 181, 371, 535, 129, 86, 274, 325, 222, 157, 578, 25, 30, 349, 198, 214, 542, 572, 267, 435]",6.466666666666667,0.001857713656419354,0.007837229974607398,0.2754385964912281,0.04736842105263158,0.0035087719298245615,0.0,1.8847517730496455,4.0,0.010526315789473684,0.38070175438596493,9.743859649122808,0.2394942489352922,0.5287824129744396,0.00550821802767749,3.84367816091954,0.7801665286550832,0.06842105263157895,0.23684210526315788,0.275,0.6128382079768926,19,True,1562.0,False
550,train,feature_diverse,paper,paper,3165569293,2026,600,30,0.7,"[2, 51, 77, 81, 90, 91, 92, 141, 213, 219, 233, 294, 365, 379, 384, 390, 394, 396, 401, 462, 473, 485, 491, 513, 516, 535, 552, 575, 576, 596]","[592, 447, 398, 593, 318, 37, 26, 9, 270, 298, 443, 354, 588, 483, 564, 232, 169, 478, 427, 335, 570, 135, 136, 6, 534, 178, 320, 267, 253, 260]",5.5,0.0016175914851827191,0.004282722333776112,0.22105263157894736,0.042105263157894736,0.007017543859649123,0.0,1.9982332155477032,4.0,0.007017543859649123,0.3263157894736842,10.271929824561404,0.20743271508967237,0.6077821971448834,0.0096161290697962,3.671957671957672,0.7897851550288901,0.06666666666666667,0.23508771929824562,0.2733333333333333,0.9898168330546468,30,False,1582.0,False
551,train,feature_diverse,paper,paper,3165569293,2026,600,30,0.7,"[1, 3, 33, 53, 70, 120, 130, 194, 200, 217, 220, 227, 239, 242, 271, 303, 334, 336, 340, 351, 388, 429, 434, 482, 524, 549, 564, 567, 575, 584]","[575, 182, 73, 345, 84, 27, 305, 284, 404, 13, 337, 94, 126, 142, 144, 281, 205, 219, 450, 209, 7, 23, 431, 375, 393, 561, 58, 428, 267, 149]",4.5,0.0013562754836838715,0.002523282364473652,0.19298245614035087,0.02982456140350877,0.0,0.0,2.070671378091873,4.0,0.007017543859649123,0.23508771929824562,9.071929824561403,0.18525410026256908,0.6519717571609164,0.0041873005666109115,3.835978835978836,0.809691388312956,0.07368421052631578,0.30526315789473685,0.34,0.9879018750507385,30,False,1618.0,False
552,train,feature_diverse,paper,paper,3165569293,2026,600,30,0.7,"[19, 21, 39, 113, 130, 140, 145, 158, 182, 215, 228, 273, 324, 366, 370, 373, 376, 384, 398, 444, 451, 463, 471, 499, 527, 535, 550, 551, 572, 586]","[552, 127, 444, 511, 305, 71, 297, 33, 538, 452, 173, 438, 62, 587, 401, 332, 87, 564, 411, 349, 577, 377, 519, 432, 424, 178, 485, 75, 211, 343]",6.166666666666667,0.001760934618051407,0.0039886830528595525,0.24912280701754386,0.0456140350877193,0.0017543859649122807,0.0,1.9166666666666667,4.0,0.010526315789473684,0.3684210526315789,11.450877192982457,0.23271033429581275,0.5649492800542657,0.008035816537471282,3.514942528735632,0.7240540085959621,0.07543859649122807,0.3543859649122807,0.38666666666666666,0.9378751670010388,30,False,1668.0,False
553,train,feature_diverse,paper,paper,3165569293,2026,600,30,0.7,"[12, 47, 110, 113, 120, 143, 156, 210, 216, 245, 251, 276, 289, 294, 313, 314, 315, 335, 338, 358, 382, 408, 434, 496, 501, 519, 528, 543, 545, 563]","[148, 285, 113, 511, 27, 172, 143, 64, 342, 59, 336, 103, 66, 354, 102, 491, 246, 221, 108, 323, 291, 514, 431, 360, 510, 80, 468, 110, 376, 477]",5.566666666666666,0.0016093197437705086,0.004025462169052023,0.23859649122807017,0.031578947368421054,0.0017543859649122807,0.0,1.941696113074205,3.0,0.007017543859649123,0.34912280701754383,10.203508771929824,0.21581733279987228,0.58174698609441,0.004492890295506229,3.701058201058201,0.7271744446184178,0.06140350877192982,0.21228070175438596,0.25166666666666665,0.9652994170319289,30,False,1516.0,False
554,train,feature_diverse,paper,paper,3165569293,2026,600,30,0.7,"[3, 59, 60, 70, 86, 106, 113, 162, 241, 250, 276, 284, 308, 331, 388, 443, 448, 494, 509, 517, 523, 553, 554, 558, 570, 575, 579, 580, 582, 594]","[182, 555, 306, 84, 35, 439, 511, 278, 566, 238, 103, 516, 256, 442, 7, 3, 467, 170, 547, 52, 153, 141, 522, 503, 366, 267, 440, 60, 540, 463]",5.433333333333334,0.0015791278096823813,0.0043738377572535275,0.24210526315789474,0.03684210526315789,0.0017543859649122807,0.0,1.925531914893617,3.0,0.010526315789473684,0.3298245614035088,10.14561403508772,0.22160937611943798,0.576215582893966,0.006378117412600171,3.8620689655172415,0.8000727619391489,0.0824561403508772,0.9508771929824561,0.9533333333333334,0.9338497498538345,30,False,2378.0,True
555,train,feature_diverse,paper,paper,3165569293,2026,600,30,0.7,"[26, 38, 110, 119, 130, 156, 168, 170, 178, 213, 215, 217, 234, 239, 246, 249, 250, 266, 276, 308, 320, 325, 341, 348, 351, 401, 411, 491, 569, 573]","[117, 137, 113, 100, 305, 143, 436, 553, 492, 270, 452, 13, 28, 126, 392, 350, 238, 67, 103, 256, 70, 382, 341, 325, 209, 427, 10, 136, 167, 596]",6.3,0.001792518140309086,0.0043073262780296715,0.26666666666666666,0.043859649122807015,0.014035087719298246,0.0,1.9024822695035462,4.0,0.010526315789473684,0.3684210526315789,11.580701754385965,0.2479133453544035,0.5390127339438227,0.007633575337749566,3.606896551724138,0.6909462232949175,0.07894736842105263,0.43508771929824563,0.4633333333333333,0.9520098750945181,30,False,1702.0,False
556,train,feature_diverse,paper,paper,3165569293,2026,600,30,0.7,"[42, 67, 90, 112, 119, 124, 125, 131, 150, 153, 161, 171, 182, 192, 254, 266, 271, 313, 324, 350, 382, 406, 411, 416, 482, 489, 534, 543, 582, 595]","[17, 0, 318, 548, 100, 454, 280, 474, 216, 362, 545, 268, 538, 34, 319, 67, 144, 102, 62, 413, 291, 276, 10, 355, 375, 31, 493, 110, 540, 120]",5.3,0.001568325616719978,0.0038036949452769316,0.22631578947368422,0.028070175438596492,0.0,0.0,1.9929328621908127,4.0,0.007017543859649123,0.2982456140350877,9.591228070175438,0.2106026564358179,0.5996670058273981,0.003871058698644906,3.6534391534391535,0.8548679358723522,0.0824561403508772,0.6508771929824562,0.6683333333333333,0.9568353749345988,30,False,2002.0,False
557,train,feature_diverse,paper,paper,3165569293,2026,600,30,0.7,"[7, 29, 51, 96, 106, 121, 142, 159, 193, 205, 206, 211, 251, 295, 297, 306, 313, 358, 407, 419, 425, 433, 448, 488, 510, 526, 558, 582, 590, 597]","[225, 82, 447, 226, 439, 434, 451, 365, 386, 524, 415, 300, 336, 506, 159, 301, 102, 323, 114, 212, 331, 115, 467, 134, 51, 264, 503, 540, 20, 559]",5.0,0.0015324618899463657,0.0031095663159276237,0.22456140350877193,0.03508771929824561,0.0,0.0,2.0088495575221237,4.0,0.008771929824561403,0.25087719298245614,8.703508771929824,0.2126273190496988,0.6022076280331761,0.00426053831226245,3.9876847290640396,0.7548962143797524,0.07543859649122807,0.9438596491228071,0.9466666666666667,0.9298479170538485,30,False,2378.0,True
558,train,feature_diverse,paper,paper,3165569293,2026,600,30,0.7,"[59, 109, 110, 142, 154, 182, 194, 199, 213, 226, 245, 260, 271, 279, 282, 305, 375, 380, 381, 389, 405, 477, 515, 537, 540, 552, 560, 569, 577, 599]","[555, 257, 113, 451, 420, 538, 284, 460, 270, 359, 59, 93, 144, 160, 357, 89, 583, 334, 556, 578, 523, 423, 299, 599, 53, 320, 557, 167, 321, 88]",7.1,0.001992221827064514,0.007827840257837709,0.2912280701754386,0.03859649122807018,0.01929824561403509,0.0,1.8475177304964538,4.0,0.010526315789473684,0.4087719298245614,11.345614035087719,0.2514943569779229,0.5064039712638362,0.0076455858609004715,3.56551724137931,0.7255778456376154,0.07719298245614035,0.5473684210526316,0.57,0.9471165831200778,30,False,1770.0,False
559,train,feature_diverse,paper,paper,3165569293,2026,600,30,0.7,"[3, 20, 56, 66, 68, 79, 139, 165, 212, 242, 245, 263, 271, 274, 276, 297, 304, 308, 313, 353, 375, 383, 389, 393, 411, 415, 427, 456, 473, 582]","[182, 507, 426, 379, 49, 374, 152, 213, 496, 142, 59, 567, 144, 161, 103, 159, 240, 256, 102, 549, 583, 157, 578, 239, 10, 190, 234, 473, 570, 540]",6.933333333333334,0.001965562952697163,0.008150111907124176,0.2982456140350877,0.04035087719298246,0.0017543859649122807,0.0,1.8212389380530973,3.0,0.008771929824561403,0.41228070175438597,10.733333333333333,0.2570736254419463,0.4964819782320476,0.0036192826102751053,3.70935960591133,0.78117131906122,0.07543859649122807,0.2719298245614035,0.30833333333333335,0.9511745842173696,30,False,1564.0,False
560,train,feature_diverse,paper,paper,3165569293,2026,600,30,0.7,"[2, 5, 8, 26, 32, 33, 89, 106, 117, 133, 142, 169, 189, 202, 233, 246, 289, 310, 314, 334, 370, 387, 393, 418, 433, 458, 467, 473, 500, 549]","[592, 414, 147, 117, 457, 73, 180, 439, 48, 397, 451, 327, 46, 405, 443, 392, 66, 86, 491, 205, 401, 361, 239, 373, 115, 179, 204, 570, 5, 561]",5.9,0.0017134250765786444,0.005496333272545798,0.23859649122807017,0.04035087719298246,0.008771929824561403,0.0,1.9398230088495576,3.0,0.008771929824561403,0.3298245614035088,10.875438596491229,0.22183330986260139,0.5809884993679277,0.008436589891965147,3.5788177339901477,0.7712182024191871,0.07543859649122807,0.23859649122807017,0.27666666666666667,0.9279087078757584,29,True,1576.0,False
561,train,feature_diverse,paper,paper,3165569293,2026,600,30,0.7,"[47, 49, 59, 95, 99, 103, 118, 147, 178, 187, 192, 221, 233, 244, 253, 281, 287, 295, 319, 343, 374, 385, 427, 441, 451, 505, 526, 567, 583, 593]","[285, 72, 555, 79, 76, 295, 4, 171, 492, 146, 34, 181, 443, 97, 430, 408, 165, 506, 550, 248, 111, 364, 234, 380, 577, 236, 264, 428, 530, 505]",6.233333333333333,0.001775200729930064,0.005143839459846606,0.256140350877193,0.0456140350877193,0.012280701754385965,0.0,1.8847517730496455,3.0,0.010526315789473684,0.38596491228070173,10.524561403508772,0.2334881292621052,0.5553417815188234,0.006110819968537694,3.845977011494253,0.78117131906122,0.07894736842105263,0.3157894736842105,0.35,0.9453318340238184,30,False,1640.0,False
562,train,feature_diverse,paper,paper,3165569293,2026,600,30,0.7,"[4, 17, 34, 41, 51, 59, 79, 99, 132, 152, 169, 170, 217, 252, 258, 314, 320, 343, 360, 364, 378, 412, 427, 428, 474, 487, 491, 511, 570, 581]","[594, 166, 422, 56, 447, 555, 374, 76, 544, 521, 327, 553, 13, 15, 272, 491, 70, 248, 139, 222, 188, 184, 234, 275, 45, 44, 136, 417, 366, 185]",6.066666666666666,0.0017378576359760598,0.004785957825773694,0.2631578947368421,0.02982456140350877,0.0035087719298245615,0.0,1.8849557522123894,4.0,0.008771929824561403,0.39473684210526316,11.878947368421052,0.2378944299116841,0.5445626368205223,0.006782074885523162,3.5123152709359604,0.8488335547431762,0.08421052631578947,0.9438596491228071,0.9466666666666667,0.9285142498556525,30,False,2374.0,True
563,train,feature_diverse,paper,paper,3165569293,2026,600,30,0.7,"[11, 38, 45, 48, 52, 90, 99, 105, 126, 169, 227, 229, 242, 244, 286, 299, 359, 368, 386, 405, 432, 478, 482, 486, 505, 506, 515, 526, 570, 599]","[495, 137, 512, 11, 220, 318, 76, 372, 124, 327, 94, 527, 142, 97, 484, 251, 537, 396, 16, 523, 571, 202, 375, 542, 236, 183, 299, 264, 366, 88]",4.533333333333333,0.0013534071679152996,0.00360798055441116,0.1912280701754386,0.02631578947368421,0.010526315789473684,0.0,2.046017699115044,4.0,0.008771929824561403,0.32280701754385965,9.591228070175438,0.18461497105033428,0.6546850430117473,0.004884942268309409,3.8596059113300494,0.7001010404465493,0.07719298245614035,0.9403508771929825,0.9433333333333334,0.8450985830277205,27,True,2374.0,True
564,train,feature_diverse,paper,paper,3165569293,2026,600,30,0.7,"[23, 29, 33, 55, 57, 74, 78, 86, 124, 125, 131, 162, 196, 230, 245, 250, 276, 299, 332, 337, 357, 386, 394, 399, 405, 449, 523, 525, 569, 596]","[122, 82, 73, 515, 502, 107, 595, 35, 454, 280, 474, 278, 258, 29, 59, 238, 103, 251, 274, 494, 504, 16, 169, 263, 523, 24, 153, 400, 167, 260]",7.5,0.0021056452149848886,0.009594290515516284,0.30701754385964913,0.05789473684210526,0.005263157894736842,0.0,1.8333333333333333,4.0,0.010526315789473684,0.40350877192982454,10.907017543859649,0.2747069219400798,0.48271821909783247,0.005055007684049153,3.6551724137931036,0.7392432068767696,0.07192982456140351,0.8385964912280702,0.8466666666666667,0.9509222090709955,30,False,2208.0,False
565,train,feature_diverse,paper,paper,3165569293,2026,600,30,0.7,"[33, 41, 83, 89, 127, 140, 156, 162, 169, 183, 195, 199, 208, 228, 237, 269, 293, 294, 398, 433, 447, 456, 476, 521, 522, 529, 540, 555, 586, 587]","[73, 56, 558, 180, 462, 71, 143, 278, 327, 525, 528, 460, 254, 173, 437, 390, 535, 354, 411, 115, 315, 473, 560, 464, 367, 65, 53, 312, 343, 352]",7.1,0.0019888006331628487,0.005347600872086006,0.2754385964912281,0.07192982456140351,0.007017543859649123,0.0,1.8581560283687943,3.0,0.010526315789473684,0.41754385964912283,11.87719298245614,0.2627843965107319,0.5263157894736842,0.008369840911925273,3.466666666666667,0.7491963235188025,0.06666666666666667,0.24210526315789474,0.28,0.9432239590678364,30,False,1546.0,False
566,train,feature_diverse,paper,paper,3165569293,2026,600,30,0.7,"[21, 99, 162, 165, 191, 194, 196, 216, 223, 262, 269, 292, 298, 326, 329, 344, 380, 401, 419, 446, 479, 481, 501, 518, 534, 535, 553, 560, 571, 591]","[127, 76, 278, 213, 140, 284, 258, 342, 77, 541, 390, 304, 546, 412, 554, 563, 334, 427, 212, 208, 518, 292, 510, 158, 493, 178, 141, 557, 91, 347]",5.5,0.0015844978634424495,0.004439229638352785,0.22807017543859648,0.03333333333333333,0.007017543859649123,0.0,1.99822695035461,4.0,0.010526315789473684,0.36140350877192984,11.054385964912282,0.2151525648981339,0.5968118891252736,0.0061737250428933995,3.6413793103448278,0.7001010404465493,0.08947368421052632,0.9491228070175438,0.9516666666666667,0.7208827920258045,23,True,2374.0,True
567,train,feature_diverse,paper,paper,3165569293,2026,600,30,0.7,"[15, 28, 108, 110, 131, 154, 159, 160, 165, 169, 178, 207, 264, 279, 309, 322, 337, 374, 390, 435, 474, 482, 501, 520, 525, 535, 555, 564, 589, 596]","[50, 322, 449, 113, 474, 420, 365, 57, 213, 327, 492, 441, 174, 160, 456, 162, 494, 111, 232, 249, 45, 375, 510, 308, 400, 178, 312, 58, 470, 260]",5.433333333333334,0.0015967047044569054,0.005279499925527184,0.23333333333333334,0.03333333333333333,0.008771929824561403,0.0,1.9541446208112874,4.0,0.005263157894736842,0.3157894736842105,10.175438596491228,0.21564441838786969,0.5889618598341195,0.005438326742906651,3.680911680911681,0.7876695094125713,0.07192982456140351,0.44912280701754387,0.4766666666666667,0.97889483300969,30,False,1778.0,False
568,train,feature_diverse,paper,paper,3165569293,2026,600,30,0.7,"[53, 59, 69, 91, 97, 124, 125, 144, 152, 156, 173, 176, 187, 215, 238, 250, 252, 259, 307, 361, 393, 398, 465, 478, 487, 535, 539, 545, 571, 586]","[345, 555, 501, 37, 104, 454, 280, 486, 521, 143, 363, 194, 146, 452, 266, 238, 15, 155, 429, 536, 239, 411, 582, 202, 44, 178, 453, 376, 91, 343]",7.733333333333333,0.0021382042987723713,0.00831420347931717,0.3157894736842105,0.05263157894736842,0.010526315789473684,0.0,1.7769911504424778,4.0,0.008771929824561403,0.49473684210526314,12.93859649122807,0.2829980019364232,0.470298769771529,0.006763373331737133,3.3497536945812807,0.8061071430683249,0.0824561403508772,0.9456140350877194,0.9483333333333334,0.7675812081433833,24,True,2378.0,True
569,train,feature_diverse,paper,paper,3165569293,2026,600,30,0.7,"[2, 40, 115, 151, 177, 217, 248, 260, 272, 276, 290, 307, 329, 336, 347, 352, 353, 357, 371, 379, 422, 424, 426, 452, 461, 465, 472, 580, 585, 596]","[592, 459, 132, 63, 235, 13, 348, 93, 539, 103, 490, 429, 554, 219, 307, 497, 549, 504, 406, 483, 119, 164, 425, 313, 290, 582, 237, 60, 231, 260]",5.033333333333333,0.0015175961125971776,0.002656628677169127,0.20877192982456141,0.03859649122807018,0.0035087719298245615,0.0,2.0531914893617023,5.0,0.010526315789473684,0.2824561403508772,9.031578947368422,0.20160010416238164,0.6267505318656923,0.006316742006397179,3.8666666666666667,0.7308866892155391,0.0912280701754386,0.9403508771929825,0.9433333333333334,0.9605680408421904,30,False,2372.0,True
570,train,feature_diverse,paper,paper,3165569293,2026,600,30,0.7,"[21, 28, 38, 47, 71, 76, 99, 132, 147, 182, 209, 219, 227, 246, 253, 261, 313, 322, 328, 331, 387, 389, 390, 404, 434, 438, 546, 563, 580, 587]","[127, 322, 137, 285, 526, 259, 76, 544, 171, 538, 346, 298, 94, 392, 430, 279, 102, 162, 189, 442, 361, 578, 232, 250, 431, 40, 176, 477, 60, 352]",7.2,0.002017491517250256,0.007548058640047869,0.2736842105263158,0.06315789473684211,0.010526315789473684,0.0,1.8992932862190812,4.0,0.007017543859649123,0.43157894736842106,11.194736842105263,0.24894416434474803,0.5298923935497796,0.005740771741553901,3.502645502645503,0.7478789773928846,0.07368421052631578,0.7947368421052632,0.805,0.9586657080799341,30,False,2140.0,False
571,train,feature_diverse,paper,paper,3165569293,2026,600,30,0.7,"[3, 4, 12, 25, 27, 47, 48, 56, 70, 108, 160, 187, 227, 288, 312, 327, 337, 354, 389, 398, 417, 439, 443, 449, 460, 535, 550, 562, 572, 583]","[182, 594, 148, 118, 579, 285, 11, 426, 84, 449, 57, 146, 94, 233, 446, 574, 494, 551, 578, 411, 296, 565, 3, 24, 499, 178, 485, 407, 211, 530]",7.366666666666666,0.0020303335543864656,0.008590888947943078,0.2929824561403509,0.06140350877192982,0.014035087719298246,0.0,1.8315602836879432,3.0,0.010526315789473684,0.4666666666666667,11.875438596491229,0.2608543333188681,0.5030801960965683,0.007118595471302886,3.533333333333333,0.7708837121509613,0.09649122807017543,0.9421052631578948,0.945,0.9254400420468301,30,False,2376.0,True
572,train,feature_diverse,paper,paper,3165569293,2026,600,30,0.7,"[0, 16, 23, 38, 55, 91, 149, 154, 170, 187, 190, 209, 223, 234, 247, 255, 279, 295, 311, 325, 333, 358, 360, 414, 482, 487, 524, 555, 591, 592]","[509, 128, 122, 137, 515, 37, 465, 420, 553, 146, 562, 346, 77, 28, 286, 344, 160, 506, 385, 382, 294, 323, 139, 333, 375, 44, 393, 312, 347, 241]",6.366666666666666,0.001810679349418733,0.0051814872198808525,0.25087719298245614,0.05789473684210526,0.008771929824561403,0.0,1.9381625441696113,4.0,0.007017543859649123,0.37894736842105264,10.547368421052632,0.23661642108563843,0.5625011562297659,0.006807921917417355,3.5952380952380953,0.7903261362128516,0.08421052631578947,0.512280701754386,0.5366666666666666,0.9600907918065786,30,False,1804.0,False
573,train,feature_diverse,paper,paper,3165569293,2026,600,30,0.7,"[7, 36, 49, 64, 137, 144, 173, 245, 248, 283, 290, 340, 347, 361, 367, 370, 389, 421, 424, 425, 454, 459, 464, 494, 505, 509, 531, 534, 571, 586]","[225, 589, 72, 384, 476, 486, 363, 59, 348, 517, 490, 450, 307, 536, 200, 401, 578, 201, 164, 331, 198, 597, 533, 170, 236, 547, 252, 493, 91, 343]",7.8,0.0021672308658358783,0.008145190333274325,0.33157894736842103,0.042105263157894736,0.010526315789473684,0.0,1.7677304964539007,3.0,0.010526315789473684,0.47368421052631576,12.142105263157895,0.2828577570639775,0.4510159405543736,0.004844837337407683,3.55632183908046,0.7279727441088191,0.05789473684210526,0.23859649122807017,0.27666666666666667,0.9365423750132322,30,True,1578.0,False
574,train,feature_diverse,paper,paper,3165569293,2026,600,30,0.7,"[23, 59, 84, 140, 148, 218, 243, 304, 314, 318, 319, 327, 336, 356, 358, 370, 386, 399, 406, 408, 411, 428, 449, 502, 512, 541, 544, 550, 595, 597]","[122, 555, 471, 71, 14, 338, 416, 240, 491, 83, 550, 574, 219, 98, 323, 401, 16, 263, 276, 514, 10, 275, 24, 116, 99, 61, 282, 485, 120, 559]",6.433333333333334,0.0018396352768388989,0.006992533848864055,0.27017543859649124,0.042105263157894736,0.0017543859649122807,0.0,1.8849557522123894,3.0,0.008771929824561403,0.3912280701754386,11.382456140350877,0.2422991680836264,0.5347208090525083,0.0067299757726603125,3.5665024630541873,0.8199789952232146,0.08070175438596491,0.9456140350877194,0.9483333333333334,0.8082524999044836,26,True,2374.0,True
575,train,feature_diverse,paper,paper,3165569293,2026,600,30,0.7,"[6, 29, 30, 33, 35, 61, 102, 131, 159, 161, 182, 189, 231, 260, 271, 311, 313, 326, 339, 343, 345, 357, 368, 416, 418, 441, 495, 502, 514, 553]","[472, 82, 402, 73, 479, 410, 121, 474, 365, 545, 538, 46, 532, 93, 144, 385, 102, 412, 47, 248, 466, 504, 396, 355, 373, 380, 206, 116, 215, 141]",4.766666666666667,0.0014321387065631401,0.0033275773940311857,0.19649122807017544,0.03333333333333333,0.008771929824561403,0.0,2.079646017699115,4.0,0.008771929824561403,0.25087719298245614,9.303508771929824,0.190970812654656,0.6462060247279006,0.008192675778882677,3.7635467980295565,0.8449148192303194,0.05964912280701754,0.1912280701754386,0.23166666666666666,0.9788941249717027,30,False,1478.0,False
576,train,feature_diverse,paper,paper,3165569293,2026,600,30,0.7,"[16, 29, 72, 74, 81, 95, 97, 183, 229, 233, 267, 274, 299, 334, 386, 402, 403, 411, 421, 426, 448, 456, 468, 475, 512, 513, 526, 532, 584, 585]","[128, 82, 68, 107, 593, 79, 104, 525, 527, 443, 389, 161, 251, 205, 16, 41, 22, 10, 201, 425, 467, 473, 12, 543, 99, 6, 264, 387, 149, 231]",4.433333333333334,0.0013650216551244045,0.003438768807255244,0.20175438596491227,0.028070175438596492,0.0,0.0,2.0797872340425534,4.0,0.010526315789473684,0.23157894736842105,7.984210526315789,0.19381988114113802,0.6378688372953474,0.003356796460244736,4.271264367816092,0.7507929224996048,0.06491228070175438,0.5245614035087719,0.5483333333333333,0.9671634170226753,30,False,1862.0,False
577,train,feature_diverse,paper,paper,3165569293,2026,600,30,0.7,"[33, 55, 78, 88, 139, 142, 148, 178, 225, 236, 251, 258, 266, 268, 275, 280, 294, 346, 367, 385, 394, 410, 448, 451, 460, 493, 495, 534, 542, 556]","[73, 515, 595, 8, 152, 451, 14, 492, 131, 475, 336, 272, 67, 242, 371, 580, 354, 261, 200, 364, 169, 25, 467, 577, 499, 123, 206, 493, 223, 207]",4.466666666666667,0.001355719108423333,0.0027004496932723663,0.1824561403508772,0.01929824561403509,0.0017543859649122807,0.0,2.095744680851064,4.0,0.010526315789473684,0.23684210526315788,8.866666666666667,0.17484361736245588,0.6690531249036475,0.004098647202095478,4.002298850574713,0.6593057180207259,0.06666666666666667,0.39649122807017545,0.4266666666666667,0.9641587908845395,30,False,1690.0,False
578,train,feature_diverse,paper,paper,3165569293,2026,600,30,0.7,"[11, 44, 55, 65, 121, 128, 134, 144, 159, 168, 200, 220, 244, 296, 318, 322, 343, 354, 395, 414, 421, 438, 454, 469, 473, 483, 494, 548, 572, 583]","[495, 586, 515, 568, 434, 210, 455, 486, 365, 436, 404, 337, 97, 445, 83, 162, 248, 551, 340, 333, 201, 40, 198, 214, 570, 19, 170, 224, 211, 530]",6.066666666666666,0.001745583771509505,0.006250061607574742,0.24912280701754386,0.028070175438596492,0.0035087719298245615,0.0,1.9095744680851063,4.0,0.010526315789473684,0.35789473684210527,11.012280701754387,0.22741080899367705,0.5653501063731384,0.003502056991915004,3.632183908045977,0.8139446140940387,0.07017543859649122,0.35789473684210527,0.39,0.9510894170962274,30,False,1688.0,False
579,train,feature_diverse,paper,paper,3165569293,2026,600,30,0.7,"[26, 27, 67, 82, 84, 85, 97, 107, 113, 116, 150, 179, 248, 252, 271, 292, 312, 353, 377, 378, 388, 433, 449, 490, 510, 514, 529, 559, 562, 572]","[117, 579, 0, 196, 471, 273, 104, 168, 511, 598, 216, 500, 348, 15, 144, 304, 446, 549, 90, 188, 7, 115, 24, 381, 51, 215, 65, 330, 407, 211]",6.4,0.0018114467812773676,0.005899421230821169,0.25263157894736843,0.03508771929824561,0.015789473684210527,0.0,1.9042553191489362,4.0,0.010526315789473684,0.40350877192982454,12.040350877192983,0.2322901691191046,0.5600283661702586,0.00840649979705452,3.475862068965517,0.8160602597103578,0.08771929824561403,0.9438596491228071,0.9466666666666667,0.9333002080675215,30,False,2376.0,True
580,train,feature_diverse,paper,paper,3165569293,2026,600,30,0.7,"[40, 44, 60, 153, 155, 174, 176, 213, 217, 221, 236, 251, 277, 295, 301, 348, 379, 389, 392, 395, 439, 457, 462, 468, 502, 503, 517, 518, 574, 584]","[459, 586, 306, 362, 43, 316, 194, 270, 13, 181, 475, 336, 38, 506, 369, 325, 483, 578, 419, 340, 565, 227, 335, 12, 116, 572, 52, 158, 193, 149]",6.366666666666666,0.0018211569065356259,0.005815241575000837,0.28596491228070176,0.02631578947368421,0.0017543859649122807,0.0,1.8705673758865249,4.0,0.010526315789473684,0.3368421052631579,9.77719298245614,0.24585379534801227,0.5136558443560572,0.0026608025207230696,3.9218390804597703,0.7229212188373351,0.06666666666666667,0.3,0.335,0.7800230837892741,24,True,1606.0,False
581,train,feature_diverse,paper,paper,3165569293,2026,600,30,0.7,"[8, 22, 29, 85, 100, 112, 122, 126, 129, 131, 207, 209, 227, 249, 300, 332, 335, 353, 425, 432, 446, 471, 480, 482, 534, 566, 570, 590, 596, 599]","[147, 480, 82, 273, 529, 548, 520, 124, 287, 474, 441, 346, 94, 350, 151, 274, 221, 549, 331, 571, 208, 519, 243, 375, 493, 191, 366, 20, 260, 88]",4.366666666666666,0.001323725293974509,0.002795861509541969,0.2,0.02280701754385965,0.005263157894736842,0.0,2.046017699115044,4.0,0.008771929824561403,0.24210526315789474,8.980701754385965,0.18675099673635084,0.6409212838775321,0.00818720232513336,3.9482758620689653,0.732874335479368,0.07368421052631578,0.2543859649122807,0.2916666666666667,0.9821214170660824,30,False,1520.0,False
582,train,feature_diverse,paper,paper,3165569293,2026,600,30,0.7,"[9, 37, 55, 64, 82, 110, 118, 147, 148, 169, 170, 171, 174, 175, 187, 200, 219, 256, 305, 348, 358, 415, 433, 441, 442, 443, 461, 467, 508, 582]","[391, 217, 515, 384, 196, 113, 4, 171, 14, 327, 553, 268, 316, 271, 146, 404, 298, 573, 89, 325, 323, 190, 115, 380, 32, 3, 290, 204, 581, 540]",6.866666666666666,0.001955182850744836,0.0057440478940944135,0.3017543859649123,0.02982456140350877,0.005263157894736842,0.0,1.8173758865248226,3.0,0.010526315789473684,0.3824561403508772,11.064912280701755,0.2620449769254861,0.4904202509789412,0.006281029755056326,3.6252873563218393,0.7292900902347368,0.09473684210526316,0.9070175438596492,0.9116666666666666,1.0147020420990884,30,False,2352.0,True
583,train,feature_diverse,paper,paper,3165569293,2026,600,30,0.7,"[4, 20, 46, 59, 86, 93, 114, 127, 141, 166, 178, 186, 189, 217, 222, 253, 277, 331, 349, 401, 403, 407, 408, 417, 454, 475, 501, 507, 541, 575]","[594, 507, 192, 555, 35, 394, 199, 462, 9, 133, 492, 388, 46, 13, 488, 430, 38, 442, 531, 427, 22, 114, 514, 296, 198, 543, 510, 421, 61, 267]",5.666666666666667,0.0016530658803131715,0.003048198373132334,0.23333333333333334,0.05087719298245614,0.0035087719298245615,0.0,1.9840425531914894,4.0,0.010526315789473684,0.30526315789473685,9.87017543859649,0.227373091137332,0.5883822033114421,0.0061462260600191635,3.754022988505747,0.7591494401608353,0.08421052631578947,0.4192982456140351,0.4483333333333333,1.0056691248901188,30,False,1726.0,False
584,train,feature_diverse,paper,paper,3165569293,2026,600,30,0.7,"[8, 11, 46, 71, 140, 165, 177, 183, 188, 194, 273, 281, 301, 302, 314, 326, 336, 389, 390, 405, 409, 417, 419, 424, 488, 512, 525, 557, 566, 578]","[147, 495, 192, 526, 71, 213, 235, 525, 265, 284, 438, 408, 369, 129, 491, 412, 219, 578, 232, 523, 39, 296, 212, 164, 134, 99, 400, 368, 191, 106]",6.166666666666667,0.0017762186771672034,0.006609169841817276,0.27017543859649124,0.03859649122807018,0.0017543859649122807,0.0,1.8692579505300353,4.0,0.007017543859649123,0.3736842105263158,9.971929824561403,0.2376678576930593,0.5358616224216076,0.003624946819924137,3.791005291005291,0.7769180932801372,0.07719298245614035,0.9175438596491228,0.9216666666666666,0.9722950409632176,30,False,2354.0,True
585,train,feature_diverse,paper,paper,3165569293,2026,600,30,0.7,"[32, 41, 47, 48, 57, 116, 117, 145, 149, 155, 176, 197, 214, 215, 225, 265, 270, 311, 344, 350, 374, 405, 428, 444, 463, 494, 495, 556, 570, 584]","[457, 56, 285, 11, 502, 598, 48, 297, 465, 43, 194, 92, 310, 452, 131, 69, 150, 385, 563, 413, 111, 523, 275, 349, 377, 170, 206, 207, 366, 149]",4.866666666666666,0.0014274738990855552,0.003042737109052978,0.21754385964912282,0.021052631578947368,0.0035087719298245615,0.0,1.975177304964539,4.0,0.010526315789473684,0.3140350877192982,9.959649122807017,0.20313092429351565,0.6131964357290414,0.003818531404738301,3.8666666666666667,0.7141008919539292,0.0824561403508772,0.9526315789473684,0.955,0.9612929171416909,30,False,2378.0,True
586,train,feature_diverse,paper,paper,3165569293,2026,600,30,0.7,"[1, 14, 22, 52, 65, 85, 99, 127, 187, 188, 205, 219, 280, 286, 309, 326, 368, 438, 441, 464, 488, 504, 506, 516, 517, 528, 534, 547, 561, 584]","[575, 145, 480, 220, 568, 273, 76, 462, 146, 265, 524, 298, 580, 484, 456, 412, 396, 40, 380, 533, 134, 356, 183, 534, 52, 468, 493, 109, 229, 149]",6.733333333333333,0.0018641798820475904,0.00677615969710248,0.2719298245614035,0.043859649122807015,0.0035087719298245615,0.0,1.8900709219858156,4.0,0.010526315789473684,0.4245614035087719,11.973684210526315,0.24537221305320087,0.5320691887891962,0.004300490861227734,3.5839080459770116,0.7452775880059456,0.06140350877192982,0.30701754385964913,0.3416666666666667,0.9632599169854075,29,True,1638.0,False
587,train,feature_diverse,paper,paper,3165569293,2026,600,30,0.7,"[5, 80, 87, 104, 118, 121, 125, 129, 188, 201, 238, 249, 317, 358, 373, 374, 380, 384, 419, 426, 445, 486, 520, 523, 531, 536, 546, 554, 555, 586]","[414, 403, 245, 130, 4, 434, 280, 287, 265, 175, 266, 350, 18, 323, 332, 111, 334, 564, 212, 425, 378, 542, 308, 153, 252, 303, 176, 522, 312, 343]",5.6,0.00164128225625509,0.004499772537938329,0.24385964912280703,0.03684210526315789,0.010526315789473684,0.0,1.927304964539007,3.0,0.010526315789473684,0.27017543859649124,9.56842105263158,0.22284879473293545,0.5733727993093454,0.008151822934784395,3.832183908045977,0.7012338302051763,0.056140350877192984,0.22105263157894736,0.26,0.9809745841193944,30,False,1522.0,False
588,train,feature_diverse,paper,paper,3165569293,2026,600,30,0.7,"[9, 27, 39, 55, 58, 60, 85, 106, 142, 164, 177, 191, 198, 231, 295, 322, 351, 374, 390, 396, 464, 467, 484, 499, 504, 506, 514, 541, 585, 599]","[391, 579, 444, 515, 358, 306, 273, 439, 451, 498, 235, 140, 187, 532, 506, 162, 209, 111, 232, 478, 533, 204, 469, 432, 356, 183, 215, 61, 231, 88]",5.366666666666666,0.001572264588628067,0.0031649276337664387,0.24912280701754386,0.021052631578947368,0.005263157894736842,0.0,1.9469026548672566,4.0,0.008771929824561403,0.3298245614035088,10.419298245614035,0.22617388495248322,0.5651404433755742,0.003500474621164276,3.7881773399014778,0.8061071430683249,0.08771929824561403,0.9473684210526315,0.95,0.9611078749876469,30,False,2376.0,True
589,train,feature_diverse,paper,paper,3165569293,2026,600,30,0.7,"[0, 7, 9, 13, 73, 119, 125, 229, 238, 248, 260, 261, 263, 327, 334, 343, 354, 413, 418, 445, 454, 461, 475, 507, 526, 562, 563, 564, 574, 580]","[509, 225, 391, 74, 302, 100, 280, 527, 266, 348, 93, 279, 567, 574, 205, 248, 551, 1, 373, 378, 198, 290, 543, 421, 264, 407, 477, 58, 193, 60]",6.0,0.001750726403691279,0.005461807705202308,0.2649122807017544,0.03508771929824561,0.0017543859649122807,0.0,1.8849557522123894,3.0,0.008771929824561403,0.3192982456140351,9.72982456140351,0.23936948228944638,0.5421576789072858,0.004190311706996913,3.793103448275862,0.8648210525143851,0.09473684210526316,0.9438596491228071,0.9466666666666667,0.8243112091440707,26,True,2378.0,True
590,train,feature_diverse,paper,paper,3165569293,2026,600,30,0.7,"[16, 52, 55, 60, 64, 66, 74, 98, 145, 150, 192, 216, 289, 295, 302, 314, 351, 362, 372, 377, 379, 390, 415, 497, 498, 516, 551, 564, 590, 599]","[128, 220, 515, 306, 384, 379, 107, 513, 297, 216, 34, 342, 66, 506, 129, 491, 209, 85, 293, 90, 483, 232, 190, 186, 591, 534, 75, 58, 20, 88]",4.4,0.0013562902596041774,0.0023396746976976773,0.19824561403508772,0.014035087719298246,0.0017543859649122807,0.0,2.0917107583774253,4.0,0.005263157894736842,0.17719298245614035,7.9,0.18280953949019638,0.6438133999321679,0.0024724720731980256,3.977207977207977,0.7801665286550832,0.0456140350877193,0.1280701754385965,0.17166666666666666,0.9729745408985764,30,False,1442.0,False
591,train,feature_diverse,paper,paper,3165569293,2026,600,30,0.7,"[10, 36, 38, 85, 97, 108, 115, 126, 179, 205, 226, 227, 247, 254, 255, 364, 398, 414, 424, 439, 442, 454, 484, 501, 502, 506, 535, 551, 569, 576]","[230, 589, 137, 273, 104, 449, 132, 124, 500, 524, 359, 94, 286, 319, 344, 222, 411, 333, 164, 565, 32, 198, 469, 510, 116, 183, 178, 75, 167, 253]",5.866666666666666,0.001663858479026312,0.004226704737788368,0.23684210526315788,0.03859649122807018,0.008771929824561403,0.0,2.00531914893617,4.0,0.010526315789473684,0.3912280701754386,12.22280701754386,0.22203381411235265,0.5834797891036907,0.010447735296939951,3.4367816091954024,0.6601040175111269,0.07192982456140351,0.8666666666666667,0.8733333333333333,0.9349959162063897,30,False,2270.0,False
592,train,feature_diverse,paper,paper,3165569293,2026,600,30,0.7,"[11, 27, 30, 47, 77, 86, 123, 146, 167, 235, 254, 267, 294, 298, 308, 341, 371, 387, 389, 399, 449, 459, 472, 473, 498, 513, 517, 539, 569, 584]","[495, 579, 402, 285, 398, 35, 156, 370, 585, 55, 319, 389, 354, 546, 256, 341, 406, 361, 578, 263, 24, 597, 237, 570, 591, 6, 52, 453, 167, 149]",7.866666666666666,0.0021750870898590083,0.009188319211889725,0.3263157894736842,0.07192982456140351,0.005263157894736842,0.0,1.7624113475177305,4.0,0.010526315789473684,0.44912280701754387,12.173684210526316,0.2933715687538738,0.4568495051336602,0.006685727628269457,3.4827586206896552,0.796952325916693,0.09649122807017543,0.9315789473684211,0.935,0.9275059171486646,30,False,2378.0,True
593,train,feature_diverse,paper,paper,3165569293,2026,600,30,0.7,"[0, 18, 22, 23, 24, 42, 46, 54, 64, 67, 173, 255, 284, 287, 293, 300, 323, 342, 360, 361, 380, 381, 385, 406, 420, 467, 513, 580, 590, 595]","[509, 508, 480, 122, 590, 17, 192, 317, 384, 0, 363, 344, 516, 165, 535, 151, 433, 218, 139, 536, 334, 556, 364, 276, 125, 204, 6, 60, 20, 120]",5.133333333333334,0.001550262119212115,0.0030068588974158303,0.22982456140350876,0.02280701754385965,0.0,0.0,1.9840425531914894,3.0,0.010526315789473684,0.23508771929824562,8.69122807017544,0.21160590238186622,0.594357598742022,0.003320447113550562,4.002298850574713,0.7848835636583413,0.07192982456140351,0.21052631578947367,0.25,0.9534897920675576,30,False,1544.0,False
594,train,feature_diverse,paper,paper,3165569293,2026,600,30,0.7,"[2, 18, 23, 61, 63, 69, 73, 89, 107, 115, 179, 183, 187, 189, 223, 229, 234, 266, 283, 284, 293, 302, 327, 386, 393, 394, 425, 451, 523, 595]","[592, 508, 122, 410, 399, 501, 302, 180, 168, 132, 500, 525, 146, 46, 77, 527, 28, 67, 517, 516, 535, 129, 574, 16, 239, 169, 331, 577, 153, 120]",7.466666666666667,0.0020771328316316084,0.007786944007340547,0.32105263157894737,0.03508771929824561,0.0035087719298245615,0.0,1.803191489361702,4.0,0.010526315789473684,0.4456140350877193,11.849122807017544,0.27553155779495914,0.46420620972466314,0.003838045393049601,3.579310344827586,0.791922735193654,0.07894736842105263,0.9421052631578948,0.945,0.9376684159506112,30,False,2374.0,True
595,train,feature_diverse,paper,paper,3165569293,2026,600,30,0.7,"[1, 61, 64, 72, 83, 140, 201, 223, 251, 272, 287, 298, 301, 302, 347, 352, 389, 391, 401, 402, 415, 416, 479, 502, 505, 516, 520, 522, 531, 562]","[575, 410, 384, 68, 558, 71, 175, 77, 336, 539, 165, 546, 369, 129, 307, 497, 578, 163, 427, 41, 190, 355, 518, 116, 236, 534, 308, 367, 252, 407]",6.666666666666667,0.0018969611278448712,0.005797974985599102,0.2807017543859649,0.056140350877192984,0.008771929824561403,0.0,1.877659574468085,4.0,0.010526315789473684,0.34912280701754383,10.128070175438596,0.2532567935724019,0.520414392748127,0.007822299048340392,3.6942528735632183,0.7332088257475936,0.07017543859649122,0.16666666666666666,0.20833333333333334,0.7462924160063267,23,True,1508.0,False
596,train,feature_diverse,paper,paper,3165569293,2026,600,30,0.7,"[0, 28, 39, 69, 91, 104, 110, 112, 147, 174, 189, 196, 208, 212, 254, 286, 315, 355, 356, 360, 401, 418, 438, 449, 478, 479, 508, 536, 547, 555]","[509, 322, 444, 501, 37, 130, 113, 548, 171, 316, 46, 258, 254, 496, 319, 484, 246, 177, 98, 139, 427, 373, 40, 24, 202, 518, 581, 303, 109, 312]",6.7,0.0018782155786382251,0.007616399197259877,0.27017543859649124,0.04912280701754386,0.010526315789473684,0.0,1.8814159292035397,3.0,0.008771929824561403,0.39649122807017545,11.773684210526316,0.24865150303514605,0.5340918200598156,0.008055768803661538,3.4852216748768474,0.6920790130535446,0.08421052631578947,0.43859649122807015,0.4666666666666667,0.9574817500542849,30,False,1758.0,False
597,train,feature_diverse,paper,paper,3165569293,2026,600,30,0.7,"[14, 30, 71, 81, 104, 114, 122, 128, 130, 143, 173, 214, 236, 243, 244, 283, 288, 345, 358, 362, 383, 387, 448, 471, 472, 509, 555, 565, 585, 592]","[145, 402, 526, 593, 130, 199, 520, 210, 305, 172, 363, 310, 475, 416, 97, 517, 233, 466, 323, 85, 157, 361, 467, 519, 237, 547, 312, 36, 231, 241]",4.8,0.0014444052204092316,0.0027479564286141955,0.21052631578947367,0.02280701754385965,0.008771929824561403,0.0,2.026595744680851,3.0,0.010526315789473684,0.2789473684210526,9.349122807017544,0.19735264151330398,0.6242222427774181,0.0069087425983977695,3.891954022988506,0.7868712099221701,0.07017543859649122,0.2578947368421053,0.295,0.9404828329570591,29,True,1588.0,False
598,train,feature_diverse,paper,paper,3165569293,2026,600,30,0.7,"[17, 29, 43, 53, 61, 78, 106, 132, 144, 156, 170, 226, 228, 240, 295, 305, 337, 353, 410, 476, 492, 495, 501, 510, 554, 555, 559, 593, 596, 598]","[166, 82, 448, 345, 410, 595, 439, 544, 486, 143, 553, 359, 173, 54, 506, 89, 494, 549, 25, 560, 326, 206, 510, 51, 522, 312, 330, 505, 260, 435]",6.566666666666666,0.0018608157378724212,0.004860251195664888,0.2614035087719298,0.05964912280701754,0.010526315789473684,0.0,1.9166666666666667,4.0,0.010526315789473684,0.43333333333333335,12.398245614035087,0.25111281152116677,0.5464311041223445,0.009334713442218513,3.464367816091954,0.7529085681159237,0.1,0.9473684210526315,0.95,0.7278978331014514,23,True,2378.0,True
599,train,feature_diverse,paper,paper,3165569293,2026,600,30,0.7,"[49, 56, 80, 103, 107, 112, 124, 129, 143, 172, 215, 233, 235, 281, 314, 319, 330, 335, 352, 373, 379, 382, 394, 431, 481, 482, 503, 526, 544, 599]","[72, 426, 403, 295, 168, 548, 454, 287, 172, 244, 452, 443, 55, 408, 491, 550, 228, 221, 497, 332, 483, 291, 169, 328, 292, 375, 572, 264, 282, 88]",5.533333333333333,0.0016233479277735605,0.00466270710100304,0.23859649122807017,0.031578947368421054,0.0035087719298245615,0.0,1.9257950530035335,4.0,0.007017543859649123,0.34385964912280703,9.621052631578948,0.2151730795328446,0.5813893256868005,0.004394445374481672,3.828042328042328,0.63648553962994,0.06315789473684211,0.23333333333333334,0.27166666666666667,0.9648057089652866,30,False,1586.0,False
600,train,feature_diverse,paper,paper,3165569293,2026,600,30,0.7,"[22, 26, 46, 73, 77, 89, 115, 116, 133, 140, 141, 189, 221, 308, 341, 389, 409, 426, 441, 449, 467, 480, 511, 515, 519, 543, 546, 561, 569, 575]","[480, 117, 192, 302, 398, 180, 132, 598, 397, 71, 9, 46, 181, 256, 341, 578, 39, 425, 380, 24, 204, 243, 417, 299, 80, 110, 176, 229, 167, 267]",7.6,0.0021024722406556523,0.008483557578085478,0.2964912280701754,0.07192982456140351,0.012280701754385965,0.0,1.8085106382978724,4.0,0.010526315789473684,0.47017543859649125,11.805263157894737,0.2686834639023393,0.49747479419110163,0.009022205003916296,3.5770114942528735,0.7043542662276321,0.07894736842105263,0.9385964912280702,0.9416666666666667,0.9639848750084639,30,False,2356.0,True
601,train,feature_diverse,paper,paper,3165569293,2026,600,30,0.7,"[5, 36, 40, 93, 99, 103, 106, 118, 176, 179, 201, 221, 228, 274, 276, 317, 342, 351, 387, 388, 390, 420, 450, 468, 469, 487, 518, 576, 592, 597]","[414, 589, 459, 394, 76, 295, 439, 4, 194, 500, 175, 181, 173, 161, 103, 18, 218, 209, 361, 7, 232, 125, 2, 12, 214, 44, 158, 253, 241, 559]",4.633333333333334,0.0014108835813748176,0.002879390831772293,0.21754385964912282,0.021052631578947368,0.0017543859649122807,0.0,1.9982300884955753,4.0,0.008771929824561403,0.21578947368421053,8.198245614035088,0.2001845051786763,0.6134307649616132,0.003180988870644043,4.135467980295567,0.8488335547431762,0.06666666666666667,0.1456140350877193,0.18833333333333332,0.987760083982721,30,False,1458.0,False
602,train,feature_diverse,paper,paper,3165569293,2026,600,30,0.7,"[4, 24, 80, 111, 122, 132, 148, 150, 179, 200, 204, 210, 226, 244, 267, 270, 303, 316, 321, 359, 394, 416, 421, 440, 444, 461, 466, 512, 537, 541]","[594, 590, 403, 481, 520, 544, 14, 216, 500, 404, 289, 64, 359, 97, 389, 150, 281, 42, 458, 537, 169, 355, 201, 247, 349, 290, 339, 99, 599, 61]",5.8,0.0016817293955292674,0.003684402171652541,0.25087719298245614,0.043859649122807015,0.0035087719298245615,0.0,1.9219858156028369,3.0,0.010526315789473684,0.312280701754386,9.992982456140352,0.23758008819774382,0.5621373292634045,0.005626538212745109,3.72183908045977,0.6780791615461645,0.06666666666666667,0.4964912280701754,0.5216666666666666,0.9910032919142395,30,False,1814.0,False
603,train,feature_diverse,paper,paper,3165569293,2026,600,30,0.7,"[5, 27, 67, 68, 72, 91, 92, 148, 198, 201, 221, 251, 292, 325, 336, 357, 371, 373, 382, 386, 443, 462, 468, 473, 482, 490, 519, 542, 558, 568]","[414, 579, 0, 49, 68, 37, 26, 14, 187, 175, 181, 336, 304, 382, 219, 504, 406, 332, 291, 16, 3, 335, 12, 570, 375, 381, 80, 223, 503, 154]",4.633333333333334,0.001414181334768557,0.003504555371595505,0.21228070175438596,0.01929824561403509,0.0017543859649122807,0.0,2.012367491166078,3.0,0.007017543859649123,0.2578947368421053,8.756140350877192,0.1961305398564792,0.6215274566028428,0.0028887810784362505,4.007936507936508,0.7741321475259072,0.07719298245614035,0.9438596491228071,0.9466666666666667,0.9674244581256062,30,False,2368.0,True
604,train,feature_diverse,paper,paper,3165569293,2026,600,30,0.7,"[59, 62, 69, 89, 105, 139, 154, 171, 196, 211, 242, 251, 275, 278, 283, 298, 309, 325, 329, 367, 372, 401, 433, 477, 485, 517, 534, 545, 548, 552]","[555, 262, 501, 180, 372, 152, 420, 268, 258, 300, 142, 336, 371, 487, 517, 546, 456, 382, 554, 200, 293, 427, 115, 423, 135, 52, 493, 376, 224, 320]",5.7,0.0016526012636190464,0.004623718985841477,0.24210526315789474,0.042105263157894736,0.007017543859649123,0.0,1.9539007092198581,4.0,0.010526315789473684,0.34035087719298246,11.16842105263158,0.22666976812209794,0.5755064286374988,0.008141315899936588,3.636781609195402,0.8199789952232146,0.08421052631578947,0.9491228070175438,0.9516666666666667,0.9523047080729157,30,False,2378.0,True
605,train,feature_diverse,paper,paper,3165569293,2026,600,30,0.7,"[28, 67, 69, 85, 102, 113, 138, 153, 155, 187, 195, 200, 203, 204, 209, 212, 242, 247, 264, 270, 335, 340, 356, 364, 444, 446, 490, 515, 561, 586]","[322, 0, 501, 273, 121, 511, 395, 362, 43, 146, 528, 404, 101, 289, 346, 496, 142, 286, 174, 150, 221, 450, 98, 222, 349, 208, 381, 299, 229, 343]",6.8,0.0019080513978484916,0.006306704482765156,0.2807017543859649,0.04736842105263158,0.005263157894736842,0.0,1.8847517730496455,4.0,0.010526315789473684,0.4,11.526315789473685,0.25613556317519864,0.519470909259088,0.007447756666387388,3.537931034482759,0.6451213101460551,0.07719298245614035,0.9105263157894737,0.915,0.9626670000143349,30,False,2328.0,True
606,train,feature_diverse,paper,paper,3165569293,2026,600,30,0.7,"[30, 46, 51, 64, 71, 91, 104, 112, 154, 158, 177, 253, 274, 275, 276, 314, 318, 352, 373, 376, 396, 406, 438, 446, 451, 468, 539, 561, 587, 598]","[402, 192, 447, 384, 526, 37, 130, 548, 420, 33, 235, 430, 161, 371, 103, 491, 83, 497, 332, 87, 478, 276, 40, 208, 577, 12, 453, 229, 352, 435]",6.333333333333333,0.001828820780816497,0.004731521261855391,0.2771929824561403,0.03684210526315789,0.005263157894736842,0.0,1.8604240282685511,3.0,0.007017543859649123,0.3350877192982456,10.282456140350877,0.24596707049150013,0.5247741497857121,0.004264131308486428,3.6693121693121693,0.7610585948614186,0.07192982456140351,0.5210526315789473,0.545,0.9568727500736713,30,False,1848.0,False
607,train,feature_diverse,paper,paper,3165569293,2026,600,30,0.7,"[27, 39, 77, 109, 143, 144, 182, 193, 208, 216, 219, 227, 277, 283, 287, 293, 300, 317, 329, 341, 431, 463, 480, 511, 531, 546, 554, 560, 575, 596]","[579, 444, 398, 257, 172, 486, 538, 386, 254, 342, 298, 94, 38, 517, 165, 535, 151, 18, 554, 341, 328, 377, 243, 417, 252, 176, 522, 557, 267, 260]",5.166666666666667,0.0015197795829900167,0.0041817558501347244,0.21403508771929824,0.03508771929824561,0.012280701754385965,0.0,2.00709219858156,3.0,0.010526315789473684,0.34035087719298246,10.571929824561403,0.20435966746023113,0.6185613418431845,0.008054877096459247,3.668965517241379,0.7180196274667862,0.0824561403508772,0.5982456140350877,0.6183333333333333,0.9646692080423236,30,False,1874.0,False
608,train,feature_diverse,paper,paper,3165569293,2026,600,30,0.7,"[35, 42, 52, 59, 76, 80, 112, 158, 163, 173, 181, 183, 216, 235, 244, 247, 263, 278, 296, 310, 340, 418, 456, 457, 480, 499, 529, 546, 553, 559]","[479, 17, 220, 555, 259, 403, 548, 33, 309, 363, 353, 525, 342, 55, 97, 286, 567, 487, 445, 86, 450, 373, 473, 227, 243, 432, 65, 176, 141, 330]",6.2,0.0017734326585237654,0.0039007087589128862,0.24912280701754386,0.04736842105263158,0.007017543859649123,0.0,1.9450354609929077,3.0,0.010526315789473684,0.3649122807017544,11.457894736842105,0.2350700507372285,0.564825948879228,0.01031800574904023,3.496551724137931,0.7148991914443305,0.08947368421052632,0.20350877192982456,0.24333333333333335,0.9512884169816971,30,False,1538.0,False
609,train,feature_diverse,paper,paper,3165569293,2026,600,30,0.7,"[32, 47, 50, 65, 82, 105, 125, 138, 167, 187, 198, 205, 211, 222, 290, 302, 317, 335, 366, 374, 389, 401, 418, 424, 484, 506, 517, 532, 535, 544]","[457, 285, 78, 568, 196, 372, 280, 395, 585, 146, 187, 524, 300, 488, 490, 129, 18, 221, 587, 111, 578, 427, 373, 164, 469, 183, 52, 387, 178, 282]",7.966666666666667,0.002209747114248822,0.00893236845701579,0.3175438596491228,0.07192982456140351,0.008771929824561403,0.0,1.7925531914893618,3.0,0.010526315789473684,0.443859649122807,11.787719298245614,0.28158419501408793,0.46918262263743715,0.006425733295363402,3.6206896551724137,0.7108524565789833,0.07017543859649122,0.3385964912280702,0.37166666666666665,0.9522695830091834,30,False,1672.0,False
610,train,feature_diverse,paper,paper,3165569293,2026,600,30,0.7,"[27, 96, 99, 114, 138, 141, 142, 179, 180, 186, 216, 265, 293, 305, 314, 332, 335, 353, 372, 388, 389, 410, 414, 425, 429, 450, 480, 489, 581, 584]","[579, 226, 76, 199, 395, 9, 451, 500, 105, 388, 342, 69, 535, 89, 491, 274, 221, 549, 293, 7, 578, 25, 333, 331, 23, 2, 243, 31, 185, 149]",6.233333333333333,0.0017862202827235124,0.006734598418219761,0.25263157894736843,0.0456140350877193,0.012280701754385965,0.0,1.9238938053097345,4.0,0.008771929824561403,0.34210526315789475,10.19122807017544,0.22824915323002215,0.5610458483643203,0.0064565080716814756,3.6945812807881775,0.7279727441088191,0.07719298245614035,0.21403508771929824,0.25333333333333335,0.9708255419973284,30,False,1542.0,False
611,train,feature_diverse,paper,paper,3165569293,2026,600,30,0.7,"[51, 58, 77, 90, 91, 122, 141, 143, 177, 204, 213, 236, 261, 263, 276, 311, 353, 369, 396, 400, 403, 496, 500, 508, 520, 526, 544, 553, 578, 580]","[447, 358, 398, 318, 37, 520, 9, 172, 235, 289, 270, 475, 279, 567, 103, 385, 549, 569, 478, 197, 22, 360, 5, 581, 308, 264, 282, 141, 106, 60]",5.433333333333334,0.0015969752646701342,0.0032586413446272487,0.22807017543859648,0.031578947368421054,0.012280701754385965,0.0,1.9929203539823008,4.0,0.008771929824561403,0.3105263157894737,10.433333333333334,0.21229154555661603,0.5970215521228378,0.0086667259943122,3.6921182266009853,0.7016976394273516,0.06842105263157895,0.9508771929824561,0.9533333333333334,0.9504914579447359,30,False,2376.0,True
612,train,feature_diverse,paper,paper,3165569293,2026,600,30,0.7,"[3, 22, 26, 31, 91, 112, 121, 160, 171, 197, 211, 226, 264, 276, 294, 361, 362, 377, 406, 421, 445, 448, 463, 466, 492, 494, 512, 520, 526, 587]","[182, 480, 117, 482, 37, 548, 434, 57, 268, 92, 300, 359, 174, 103, 354, 536, 85, 90, 276, 201, 378, 467, 377, 339, 326, 170, 99, 308, 264, 352]",5.8,0.001698264409650488,0.004253024295252922,0.2736842105263158,0.021052631578947368,0.0,0.0,1.8831858407079647,4.0,0.008771929824561403,0.26666666666666666,8.905263157894737,0.23739465124766726,0.5303302192211636,0.001962666515618071,4.041871921182266,0.7418226617152639,0.06666666666666667,0.14736842105263157,0.19,0.6024951250292361,18,True,1478.0,False
613,train,feature_diverse,paper,paper,3165569293,2026,600,30,0.7,"[31, 80, 125, 139, 142, 157, 165, 193, 216, 220, 233, 271, 276, 336, 340, 349, 366, 375, 383, 392, 415, 424, 469, 507, 532, 534, 546, 563, 574, 594]","[482, 403, 280, 152, 451, 584, 213, 386, 342, 337, 443, 144, 103, 219, 450, 531, 587, 583, 157, 419, 190, 164, 214, 421, 387, 493, 176, 477, 193, 463]",5.3,0.0015666285968625193,0.004091394067076239,0.23684210526315788,0.02280701754385965,0.0017543859649122807,0.0,1.9308510638297873,3.0,0.010526315789473684,0.2982456140350877,9.673684210526316,0.2165047518128034,0.5837634508062776,0.0036120233534026637,3.8367816091954023,0.6689243443945329,0.06842105263157895,0.9403508771929825,0.9433333333333334,0.9308724999427795,30,False,2374.0,True
614,train,feature_diverse,paper,paper,3165569293,2026,600,30,0.7,"[51, 59, 72, 120, 139, 154, 158, 177, 179, 218, 255, 256, 271, 284, 304, 350, 359, 367, 393, 408, 433, 438, 444, 470, 509, 524, 576, 577, 582, 586]","[447, 555, 68, 27, 152, 420, 33, 235, 500, 338, 344, 573, 144, 516, 240, 413, 537, 200, 239, 514, 115, 40, 349, 138, 547, 393, 253, 321, 540, 343]",6.3,0.0018239068012008048,0.004309969441430872,0.2754385964912281,0.04736842105263158,0.0017543859649122807,0.0,1.874113475177305,4.0,0.010526315789473684,0.3526315789473684,10.843859649122807,0.25448107049222446,0.5264206209724663,0.005597527657685658,3.671264367816092,0.8079102329648629,0.1,0.9298245614035088,0.9333333333333333,0.9441466249991208,30,False,2364.0,True
615,train,feature_diverse,paper,paper,3165569293,2026,600,30,0.7,"[2, 17, 41, 75, 94, 104, 106, 162, 206, 210, 232, 271, 327, 362, 386, 390, 402, 429, 441, 447, 451, 481, 490, 519, 531, 534, 556, 576, 579, 593]","[592, 166, 56, 351, 81, 130, 439, 278, 415, 64, 288, 144, 574, 85, 16, 232, 41, 23, 380, 315, 577, 292, 381, 80, 252, 493, 207, 253, 440, 505]",5.0,0.0014635746346895666,0.0028441123123590143,0.20701754385964913,0.043859649122807015,0.005263157894736842,0.0,2.007079646017699,4.0,0.008771929824561403,0.3157894736842105,10.407017543859649,0.19946681231690247,0.6295809823328091,0.007290657280515293,3.665024630541872,0.7289555999665109,0.06842105263157895,0.23859649122807017,0.27666666666666667,0.9627553748432547,30,False,1554.0,False
616,train,feature_diverse,paper,paper,3165569293,2026,600,30,0.7,"[28, 57, 68, 88, 90, 94, 96, 134, 220, 231, 240, 246, 249, 325, 356, 376, 384, 386, 392, 417, 419, 441, 470, 474, 492, 519, 524, 537, 539, 541]","[322, 502, 49, 8, 318, 81, 226, 455, 337, 532, 54, 392, 350, 382, 98, 87, 564, 16, 419, 296, 212, 380, 138, 45, 326, 80, 393, 599, 453, 61]",5.4,0.0015774744871363986,0.00407634618590887,0.22280701754385965,0.04035087719298246,0.0035087719298245615,0.0,1.9539007092198581,4.0,0.010526315789473684,0.33157894736842103,10.647368421052631,0.21309468029208406,0.6048345820614806,0.0063838651769686245,3.6942528735632183,0.5840852641679402,0.0912280701754386,0.9473684210526315,0.95,0.9287877921015024,30,False,2378.0,True
617,train,feature_diverse,paper,paper,3165569293,2026,600,30,0.7,"[3, 14, 34, 42, 51, 103, 182, 196, 197, 232, 236, 253, 255, 261, 273, 287, 290, 296, 313, 399, 416, 445, 459, 465, 482, 505, 514, 554, 588, 589]","[182, 145, 422, 17, 447, 295, 538, 258, 92, 288, 475, 430, 344, 279, 438, 165, 490, 445, 102, 263, 355, 378, 597, 582, 375, 236, 215, 522, 283, 470]",5.3,0.0015754436671161698,0.0037273115582501988,0.24736842105263157,0.01929824561403509,0.0017543859649122807,0.0,1.9098939929328622,3.0,0.007017543859649123,0.26842105263157895,9.463157894736842,0.2212150167693904,0.5680818919002251,0.0028711582159858026,3.822751322751323,0.8359664929944233,0.06666666666666667,0.9438596491228071,0.9466666666666667,0.9364081670064479,30,False,2378.0,True
618,train,feature_diverse,paper,paper,3165569293,2026,600,30,0.7,"[27, 34, 56, 58, 129, 130, 137, 184, 189, 246, 250, 292, 327, 348, 360, 382, 392, 399, 406, 408, 472, 482, 487, 496, 521, 524, 584, 589, 598, 599]","[579, 422, 426, 358, 287, 305, 476, 576, 46, 392, 238, 304, 574, 325, 139, 291, 419, 263, 276, 514, 237, 375, 44, 360, 464, 393, 149, 470, 435, 88]",6.033333333333333,0.001728270408132623,0.004667373602369825,0.2578947368421053,0.031578947368421054,0.007017543859649123,0.0,1.9079646017699115,3.0,0.008771929824561403,0.3894736842105263,11.492982456140352,0.23528390018928125,0.5522030031141122,0.004950166555269577,3.4507389162561575,0.8168585592007588,0.06491228070175438,0.2,0.24,0.9749612919986248,30,False,1548.0,False
619,train,feature_diverse,paper,paper,3165569293,2026,600,30,0.7,"[16, 17, 27, 44, 78, 99, 137, 141, 162, 207, 227, 235, 241, 245, 249, 257, 268, 276, 312, 354, 376, 389, 421, 426, 455, 472, 503, 517, 524, 592]","[128, 166, 579, 586, 595, 76, 476, 9, 278, 441, 94, 55, 566, 59, 350, 461, 242, 103, 446, 551, 87, 578, 201, 425, 112, 237, 572, 52, 393, 241]",7.133333333333334,0.0020060148955778597,0.008081154834859971,0.2964912280701754,0.03859649122807018,0.010526315789473684,0.0,1.8173758865248226,3.0,0.010526315789473684,0.42280701754385963,10.956140350877194,0.2556539816106524,0.498837603675269,0.005004861524950039,3.6735632183908047,0.7848835636583412,0.07543859649122807,0.33157894736842103,0.365,0.9362343340180814,30,False,1626.0,False
620,train,feature_diverse,paper,paper,3165569293,2026,600,30,0.7,"[34, 46, 87, 93, 96, 103, 128, 215, 237, 241, 243, 245, 267, 282, 289, 316, 319, 327, 355, 360, 364, 365, 368, 389, 456, 466, 469, 523, 547, 552]","[422, 192, 245, 394, 226, 295, 210, 452, 437, 566, 416, 59, 389, 357, 66, 42, 550, 574, 177, 139, 222, 588, 396, 578, 473, 339, 214, 153, 109, 320]",8.033333333333333,0.002215289517755317,0.009932750756597568,0.3333333333333333,0.0456140350877193,0.007017543859649123,0.0,1.7677304964539007,4.0,0.010526315789473684,0.49473684210526314,12.273684210526316,0.28397338824195467,0.44880831252119757,0.004983019042968616,3.44367816091954,0.7227366624700443,0.08771929824561403,0.3649122807017544,0.39666666666666667,0.9365313751623034,30,False,1692.0,False
621,train,feature_diverse,paper,paper,3165569293,2026,600,30,0.7,"[1, 17, 19, 29, 33, 63, 83, 101, 120, 177, 194, 243, 291, 292, 321, 323, 333, 344, 350, 387, 409, 443, 447, 471, 494, 528, 535, 540, 553, 569]","[575, 166, 552, 82, 73, 399, 558, 409, 27, 235, 284, 416, 277, 304, 458, 433, 294, 563, 413, 361, 39, 3, 315, 519, 170, 468, 178, 53, 141, 167]",5.133333333333334,0.0014874451418215072,0.0028453085733746433,0.20701754385964913,0.03508771929824561,0.010526315789473684,0.0,2.0443262411347516,4.0,0.010526315789473684,0.30526315789473685,10.475438596491228,0.1975518155483016,0.6296303148028243,0.009208296912471142,3.6436781609195403,0.7880039996807972,0.0824561403508772,0.9438596491228071,0.9466666666666667,0.9400501248892397,30,False,2372.0,True
622,train,feature_diverse,paper,paper,3165569293,2026,600,30,0.7,"[3, 5, 16, 20, 28, 52, 65, 93, 99, 111, 147, 148, 151, 186, 189, 219, 299, 302, 308, 325, 356, 376, 440, 444, 448, 450, 456, 516, 564, 587]","[182, 414, 128, 507, 322, 220, 568, 394, 76, 481, 171, 14, 63, 388, 46, 298, 251, 129, 256, 382, 98, 87, 247, 349, 467, 2, 473, 534, 58, 352]",6.533333333333333,0.001867129685388306,0.007725776077918648,0.2771929824561403,0.03508771929824561,0.007017543859649123,0.0,1.8867256637168142,4.0,0.008771929824561403,0.3684210526315789,10.287719298245614,0.24312674403753815,0.5251564764283292,0.004778373600298428,3.7536945812807883,0.6849118421657416,0.07368421052631578,0.512280701754386,0.5366666666666666,0.9537193749565631,30,False,1820.0,False
623,train,feature_diverse,paper,paper,3165569293,2026,600,30,0.7,"[8, 25, 37, 66, 83, 127, 146, 167, 173, 180, 196, 217, 236, 251, 276, 283, 325, 330, 365, 388, 404, 435, 439, 506, 511, 534, 549, 554, 589, 592]","[147, 118, 217, 379, 558, 462, 370, 585, 363, 105, 258, 13, 475, 336, 103, 517, 382, 228, 588, 7, 250, 249, 565, 183, 417, 493, 561, 522, 470, 241]",4.533333333333333,0.0013741572957542783,0.0027620231698405944,0.19473684210526315,0.02280701754385965,0.0035087719298245615,0.0,2.0390070921985815,4.0,0.010526315789473684,0.23684210526315788,9.14561403508772,0.18708566574725827,0.6490549748712731,0.004155289155289155,3.924137931034483,0.7888022991711984,0.07192982456140351,0.25087719298245614,0.28833333333333333,0.9562132081482559,30,False,1548.0,False
624,train,feature_diverse,paper,paper,3165569293,2026,600,30,0.7,"[17, 30, 37, 65, 69, 95, 119, 124, 130, 171, 180, 192, 206, 212, 218, 222, 259, 277, 319, 355, 366, 420, 428, 437, 488, 504, 512, 526, 561, 580]","[166, 402, 217, 568, 501, 79, 100, 454, 305, 268, 105, 34, 415, 496, 338, 488, 155, 38, 550, 177, 587, 125, 275, 30, 134, 356, 99, 264, 229, 60]",5.966666666666667,0.0017320024629126783,0.006165564366145169,0.24035087719298245,0.043859649122807015,0.005263157894736842,0.0,1.9379432624113475,4.0,0.010526315789473684,0.3526315789473684,10.508771929824562,0.221778187495108,0.5786883729534733,0.008843519987800788,3.7724137931034485,0.6949929581602646,0.07543859649122807,0.6684210526315789,0.685,0.9513282917905599,30,False,1930.0,False
625,train,feature_diverse,paper,paper,3165569293,2026,600,30,0.7,"[21, 63, 86, 87, 121, 134, 141, 147, 154, 163, 175, 188, 195, 228, 237, 240, 248, 256, 258, 307, 321, 441, 466, 482, 517, 534, 535, 550, 570, 575]","[127, 399, 35, 245, 434, 455, 9, 171, 420, 309, 271, 265, 528, 173, 437, 54, 348, 573, 272, 429, 458, 380, 339, 375, 52, 493, 178, 485, 366, 267]",5.566666666666666,0.001605007738342872,0.003327017986083279,0.22807017543859648,0.04736842105263158,0.005263157894736842,0.0,1.9734513274336283,4.0,0.008771929824561403,0.35789473684210527,11.27719298245614,0.21764261953670325,0.5967872228902661,0.008448905162901107,3.539408866995074,0.6462321653562372,0.07192982456140351,0.5070175438596491,0.5316666666666666,1.005601790966466,30,False,1784.0,False
626,train,feature_diverse,paper,paper,3165569293,2026,600,30,0.7,"[3, 9, 57, 65, 112, 150, 153, 155, 165, 198, 253, 257, 303, 348, 349, 387, 394, 436, 443, 481, 499, 504, 505, 507, 516, 519, 529, 535, 555, 587]","[182, 391, 502, 568, 548, 216, 362, 43, 213, 187, 430, 461, 281, 325, 531, 361, 169, 383, 3, 292, 432, 356, 236, 421, 534, 80, 65, 178, 312, 352]",7.5,0.0020857475284447864,0.008062893907732138,0.29473684210526313,0.05263157894736842,0.012280701754385965,0.0,1.877659574468085,4.0,0.010526315789473684,0.387719298245614,11.617543859649123,0.26341565157279057,0.4999475842506089,0.007119004650241567,3.44367816091954,0.6948649588077745,0.08771929824561403,0.9578947368421052,0.96,0.9405782499816269,30,False,2378.0,True
627,train,feature_diverse,paper,paper,3165569293,2026,600,30,0.7,"[33, 39, 52, 81, 134, 154, 164, 199, 267, 368, 376, 380, 389, 400, 401, 410, 434, 446, 459, 468, 471, 472, 488, 499, 516, 530, 572, 574, 579, 583]","[73, 444, 220, 593, 455, 420, 498, 460, 389, 396, 87, 334, 578, 197, 427, 25, 431, 208, 597, 12, 519, 237, 134, 432, 534, 324, 211, 193, 440, 530]",7.033333333333333,0.00197023190224369,0.007313734631936072,0.2964912280701754,0.05964912280701754,0.005263157894736842,0.0,1.822695035460993,3.0,0.010526315789473684,0.4263157894736842,11.540350877192983,0.267358838913202,0.49759195880738755,0.006757148789052316,3.593103448275862,0.6839289863080498,0.07192982456140351,0.956140350877193,0.9583333333333334,0.9318052078597248,30,False,2376.0,True
628,train,feature_diverse,paper,paper,3165569293,2026,600,30,0.7,"[17, 28, 38, 41, 45, 70, 79, 104, 125, 136, 170, 173, 183, 189, 198, 314, 319, 360, 380, 396, 407, 428, 432, 441, 491, 509, 559, 561, 574, 583]","[166, 322, 137, 56, 512, 84, 374, 130, 280, 195, 553, 363, 525, 46, 187, 491, 550, 139, 334, 478, 114, 275, 571, 380, 136, 547, 330, 229, 193, 530]",5.8,0.0016684798091159477,0.0045279726926267475,0.23859649122807017,0.04736842105263158,0.0035087719298245615,0.0,1.920353982300885,3.0,0.008771929824561403,0.3824561403508772,11.505263157894737,0.22524809510509664,0.5808898344278975,0.0068982410679325375,3.5467980295566504,0.6912807135631434,0.08947368421052632,0.9333333333333333,0.9366666666666666,0.9213320000562817,30,False,2368.0,True
629,train,feature_diverse,paper,paper,3165569293,2026,600,30,0.7,"[11, 31, 40, 62, 78, 86, 135, 143, 147, 153, 162, 215, 228, 294, 300, 311, 323, 347, 363, 377, 385, 406, 425, 437, 451, 463, 477, 502, 511, 598]","[495, 482, 459, 262, 595, 35, 21, 172, 171, 362, 278, 452, 173, 354, 151, 385, 433, 307, 489, 90, 364, 276, 331, 30, 577, 377, 423, 116, 417, 435]",5.7,0.0016775668000380657,0.0038300181942274095,0.25087719298245614,0.02982456140350877,0.008771929824561403,0.0,1.9574468085106382,4.0,0.010526315789473684,0.2807017543859649,9.675438596491228,0.2300665611982917,0.5625689883760367,0.006277655932828346,3.8275862068965516,0.7269679537026822,0.07368421052631578,0.3543859649122807,0.38666666666666666,0.9677805409301072,30,False,1676.0,False
630,train,feature_diverse,paper,paper,3165569293,2026,600,30,0.7,"[23, 31, 46, 73, 89, 94, 108, 124, 126, 128, 232, 245, 254, 259, 280, 292, 299, 311, 336, 358, 362, 388, 404, 421, 435, 436, 482, 508, 509, 510]","[122, 482, 192, 302, 180, 81, 449, 454, 124, 210, 288, 59, 319, 155, 580, 304, 251, 385, 219, 323, 85, 7, 250, 201, 249, 383, 375, 581, 547, 51]",6.766666666666667,0.001915682640437868,0.006779651968318037,0.29473684210526313,0.0456140350877193,0.005263157894736842,0.0,1.8407079646017699,4.0,0.008771929824561403,0.38596491228070173,10.907017543859649,0.2604890305880924,0.5003545771282336,0.005565985383894977,3.684729064039409,0.790119645297116,0.10350877192982456,0.956140350877193,0.9583333333333334,0.951779583003372,30,True,2378.0,True
631,train,feature_diverse,paper,paper,3165569293,2026,600,30,0.7,"[0, 17, 45, 102, 115, 126, 140, 154, 182, 188, 192, 212, 232, 263, 267, 288, 295, 308, 325, 347, 361, 366, 376, 395, 447, 474, 480, 481, 495, 586]","[509, 166, 512, 121, 132, 124, 71, 420, 538, 265, 34, 496, 288, 567, 389, 233, 506, 256, 382, 307, 536, 587, 87, 340, 315, 45, 243, 292, 206, 343]",6.3,0.0017852215101368735,0.004387916002406503,0.2754385964912281,0.02280701754385965,0.0035087719298245615,0.0,1.8705673758865249,4.0,0.010526315789473684,0.3824561403508772,11.719298245614034,0.24485930819437812,0.5268091141738352,0.004574780264435437,3.547126436781609,0.6778726706304289,0.08070175438596491,0.44912280701754387,0.4766666666666667,1.003454334102571,30,False,1756.0,False
632,train,feature_diverse,paper,paper,3165569293,2026,600,30,0.7,"[41, 59, 62, 64, 79, 135, 149, 161, 168, 189, 211, 224, 244, 251, 252, 256, 302, 346, 349, 371, 372, 383, 387, 389, 396, 478, 481, 503, 594, 598]","[56, 555, 262, 384, 374, 21, 465, 545, 436, 46, 300, 329, 97, 336, 15, 573, 129, 261, 531, 406, 293, 157, 361, 578, 478, 202, 292, 572, 463, 435]",7.2,0.0020201329733310134,0.007663692709157423,0.2912280701754386,0.06315789473684211,0.0,0.0,1.8351063829787233,4.0,0.010526315789473684,0.443859649122807,11.917543859649124,0.2657333828231076,0.505084327690932,0.005471475518767908,3.547126436781609,0.7749304470163084,0.09649122807017543,0.9456140350877194,0.9483333333333334,0.8398202499374747,26,True,2376.0,True
633,train,feature_diverse,paper,paper,3165569293,2026,600,30,0.7,"[30, 50, 64, 110, 111, 154, 167, 169, 191, 200, 203, 208, 219, 227, 296, 297, 314, 320, 325, 368, 377, 415, 461, 471, 480, 509, 540, 551, 564, 575]","[402, 78, 384, 113, 481, 420, 585, 327, 140, 404, 101, 254, 298, 94, 445, 159, 491, 70, 382, 396, 90, 190, 290, 519, 243, 547, 53, 75, 58, 267]",5.733333333333333,0.001657211958888507,0.0037591921534000728,0.25087719298245614,0.03508771929824561,0.005263157894736842,0.0,1.9257950530035335,4.0,0.007017543859649123,0.34912280701754383,10.86140350877193,0.22986033303627157,0.5625504886997811,0.0051282322847391705,3.5396825396825395,0.7460758874963468,0.08947368421052632,0.9596491228070175,0.9616666666666667,0.9580928750801831,30,False,2378.0,True
634,train,feature_diverse,paper,paper,3165569293,2026,600,30,0.7,"[13, 24, 66, 74, 75, 100, 120, 147, 168, 175, 176, 177, 242, 248, 268, 283, 303, 314, 319, 347, 384, 404, 420, 423, 432, 449, 482, 488, 489, 492]","[74, 590, 379, 107, 351, 529, 27, 171, 436, 271, 194, 235, 142, 348, 242, 517, 281, 491, 550, 307, 564, 250, 125, 269, 571, 24, 375, 134, 31, 326]",5.433333333333334,0.0015820364806664183,0.004525705066085589,0.23157894736842105,0.04035087719298246,0.0,0.0,1.959363957597173,4.0,0.007017543859649123,0.3333333333333333,9.512280701754387,0.21694402888544265,0.5916874788024543,0.0037020027734933443,3.873015873015873,0.7640510315313843,0.06140350877192982,0.3824561403508772,0.41333333333333333,0.9827341251075268,30,False,1646.0,False
635,train,feature_diverse,paper,paper,3165569293,2026,600,30,0.7,"[14, 63, 77, 120, 128, 193, 213, 239, 242, 263, 286, 308, 343, 345, 387, 388, 400, 406, 422, 439, 451, 502, 505, 509, 513, 544, 545, 559, 579, 596]","[145, 399, 398, 27, 210, 386, 270, 126, 142, 567, 484, 256, 248, 466, 361, 7, 197, 276, 119, 565, 577, 116, 236, 547, 6, 282, 376, 330, 440, 260]",5.4,0.0015820859918752011,0.0043434177338966574,0.23333333333333334,0.03333333333333333,0.0,0.0,1.9645390070921986,4.0,0.010526315789473684,0.30526315789473685,9.964912280701755,0.2196885745554586,0.5887521968365553,0.003937793669030991,3.832183908045977,0.8168585592007588,0.09473684210526316,0.9456140350877194,0.9483333333333334,0.8274686250369996,26,True,2378.0,True
636,train,feature_diverse,paper,paper,3165569293,2026,600,30,0.7,"[2, 13, 18, 30, 121, 122, 161, 170, 229, 233, 235, 245, 248, 263, 283, 294, 307, 336, 390, 405, 432, 435, 436, 468, 524, 529, 538, 553, 558, 568]","[592, 74, 508, 402, 434, 520, 545, 553, 527, 443, 55, 59, 348, 567, 517, 354, 429, 219, 232, 523, 571, 249, 383, 12, 393, 65, 95, 141, 503, 154]",5.466666666666667,0.0016036603367678036,0.004331484228609778,0.24210526315789474,0.02456140350877193,0.005263157894736842,0.0,1.9327433628318584,4.0,0.008771929824561403,0.3192982456140351,9.807017543859649,0.21241355969009795,0.5771775660592606,0.007270032114303527,3.8004926108374386,0.8548679358723522,0.0824561403508772,0.7228070175438597,0.7366666666666667,0.9741931247990578,30,False,1998.0,False
637,train,feature_diverse,paper,paper,3165569293,2026,600,30,0.7,"[30, 39, 47, 49, 104, 126, 144, 205, 213, 292, 314, 315, 323, 333, 361, 368, 372, 376, 422, 433, 437, 460, 461, 474, 481, 512, 535, 552, 579, 593]","[402, 444, 285, 72, 130, 124, 486, 524, 270, 304, 491, 246, 433, 294, 536, 396, 293, 87, 119, 115, 30, 499, 290, 45, 292, 99, 178, 320, 440, 505]",4.7,0.0013993205430735457,0.002871165032142145,0.20526315789473684,0.028070175438596492,0.0017543859649122807,0.0,2.023008849557522,4.0,0.008771929824561403,0.3140350877192982,9.956140350877194,0.19592842057960758,0.6323312675361514,0.005506170075135592,3.7586206896551726,0.8420008741235993,0.07368421052631578,0.9456140350877194,0.9483333333333334,0.9490014589391649,30,False,2376.0,True
638,train,feature_diverse,paper,paper,3165569293,2026,600,30,0.7,"[37, 45, 95, 96, 97, 106, 111, 125, 170, 172, 182, 204, 233, 282, 286, 288, 350, 358, 367, 389, 419, 446, 455, 491, 509, 515, 519, 547, 552, 584]","[217, 512, 79, 226, 104, 439, 481, 280, 553, 244, 538, 289, 443, 357, 484, 233, 413, 323, 200, 578, 212, 208, 112, 136, 547, 299, 80, 109, 320, 149]",6.566666666666666,0.0018466848466009815,0.007117822209671937,0.25087719298245614,0.0456140350877193,0.012280701754385965,0.0,1.929078014184397,4.0,0.010526315789473684,0.387719298245614,11.133333333333333,0.23124878370143892,0.563105478987451,0.00689024135164842,3.5770114942528735,0.5851961193781222,0.07368421052631578,0.4070175438596491,0.43666666666666665,0.9857479578349739,30,False,1712.0,False
639,train,feature_diverse,paper,paper,3165569293,2026,600,30,0.7,"[12, 20, 59, 92, 98, 123, 196, 233, 247, 249, 260, 286, 298, 310, 326, 328, 354, 368, 396, 403, 419, 424, 446, 461, 464, 478, 492, 519, 544, 564]","[148, 507, 555, 26, 513, 156, 258, 443, 286, 350, 93, 484, 546, 86, 412, 189, 551, 396, 478, 22, 212, 164, 208, 290, 533, 202, 326, 80, 282, 58]",6.166666666666667,0.0017507451224018492,0.005359165977920914,0.2543859649122807,0.03684210526315789,0.010526315789473684,0.0,1.9150442477876106,4.0,0.008771929824561403,0.4070175438596491,11.757894736842106,0.2352483454026815,0.5571979157031418,0.0063806570817887135,3.4901477832512313,0.7620633852675555,0.07368421052631578,0.9456140350877194,0.9483333333333334,0.9317107920069247,29,True,2378.0,True
640,train,feature_diverse,paper,paper,3165569293,2026,600,30,0.7,"[12, 22, 31, 102, 113, 119, 143, 187, 192, 216, 224, 225, 237, 273, 274, 281, 282, 336, 390, 402, 406, 417, 448, 473, 489, 494, 514, 521, 539, 555]","[148, 480, 482, 121, 511, 100, 172, 146, 34, 342, 329, 131, 437, 438, 161, 408, 357, 219, 232, 41, 276, 296, 467, 570, 31, 170, 215, 464, 453, 312]",6.1,0.0017462305874527087,0.004596910570229125,0.2631578947368421,0.05087719298245614,0.0,0.0,1.8814159292035397,3.0,0.008771929824561403,0.3350877192982456,10.25438596491228,0.24390925175223738,0.5446428020842968,0.00510252522908197,3.7586206896551726,0.7591494401608353,0.07894736842105263,0.9491228070175438,0.9516666666666667,0.948685250012204,29,True,2378.0,True
641,train,feature_diverse,paper,paper,3165569293,2026,600,30,0.7,"[4, 53, 55, 67, 87, 101, 108, 109, 116, 120, 126, 127, 174, 179, 222, 233, 239, 249, 273, 275, 283, 344, 411, 441, 480, 514, 519, 557, 560, 571]","[594, 345, 515, 0, 245, 409, 449, 257, 598, 27, 124, 462, 316, 500, 488, 443, 126, 350, 438, 371, 517, 563, 10, 380, 243, 215, 80, 368, 557, 91]",5.733333333333333,0.0016687748612885412,0.0038746740306087294,0.2578947368421053,0.02456140350877193,0.012280701754385965,0.0,1.9166666666666667,4.0,0.010526315789473684,0.37894736842105264,11.040350877192983,0.23520375482084097,0.5520550057040668,0.005648324517492874,3.650574712643678,0.7279727441088191,0.08771929824561403,0.9385964912280702,0.9416666666666667,0.9323972079437226,30,False,2378.0,True
642,train,feature_diverse,paper,paper,3165569293,2026,600,30,0.7,"[33, 36, 43, 102, 120, 133, 145, 154, 189, 205, 242, 245, 264, 287, 291, 302, 322, 336, 357, 358, 362, 380, 419, 421, 429, 510, 532, 548, 587, 588]","[73, 589, 448, 121, 27, 397, 297, 420, 46, 524, 142, 59, 174, 165, 277, 129, 162, 219, 504, 323, 85, 334, 212, 201, 23, 51, 387, 224, 352, 283]",6.566666666666666,0.001886394324525891,0.006220008098377929,0.28421052631578947,0.043859649122807015,0.005263157894736842,0.0,1.8670212765957446,3.0,0.010526315789473684,0.3526315789473684,10.043859649122806,0.24903728713315584,0.5155489778928869,0.006501690630924638,3.8482758620689657,0.7552307046479784,0.08947368421052632,0.9385964912280702,0.9416666666666667,0.8390902080573142,26,True,2366.0,True
643,train,feature_diverse,paper,paper,3165569293,2026,600,30,0.7,"[26, 45, 96, 97, 99, 183, 204, 211, 224, 237, 251, 258, 273, 278, 282, 303, 314, 330, 351, 374, 390, 402, 408, 432, 462, 485, 491, 536, 547, 577]","[117, 512, 226, 104, 76, 525, 289, 300, 329, 437, 336, 272, 438, 487, 357, 281, 491, 228, 209, 111, 232, 41, 514, 571, 335, 135, 136, 303, 109, 321]",4.866666666666666,0.001444968816944414,0.0034812758657735816,0.23333333333333334,0.017543859649122806,0.0017543859649122807,0.0,2.012367491166078,4.0,0.007017543859649123,0.29473684210526313,9.380701754385965,0.2113208365633874,0.5890728578916535,0.0027662788223800283,3.8253968253968256,0.739707016098945,0.0456140350877193,0.16666666666666666,0.20833333333333334,0.9739634159486741,30,False,1514.0,False
644,train,feature_diverse,paper,paper,3165569293,2026,600,30,0.7,"[13, 99, 113, 115, 137, 153, 158, 210, 223, 225, 257, 294, 310, 315, 324, 361, 367, 376, 377, 395, 399, 425, 452, 487, 515, 525, 537, 569, 579, 596]","[74, 76, 511, 132, 476, 362, 33, 64, 77, 131, 461, 354, 86, 246, 62, 536, 200, 87, 90, 340, 263, 331, 313, 44, 299, 400, 599, 167, 440, 260]",6.3,0.0017911222618404823,0.005088775421314141,0.2614035087719298,0.054385964912280704,0.0035087719298245615,0.0,1.8918439716312057,3.0,0.010526315789473684,0.3350877192982456,11.217543859649123,0.24790149006351786,0.546566768414886,0.007675180866170511,3.6229885057471263,0.7940383808099729,0.07543859649122807,0.9122807017543859,0.9166666666666666,0.8318259161897004,26,True,2366.0,True
645,train,feature_diverse,paper,paper,3165569293,2026,600,30,0.7,"[17, 55, 73, 74, 88, 116, 127, 137, 143, 145, 156, 204, 225, 280, 287, 295, 300, 310, 351, 365, 378, 383, 399, 410, 414, 440, 453, 469, 567, 578]","[166, 515, 302, 107, 8, 598, 462, 476, 172, 297, 143, 289, 131, 580, 165, 506, 151, 86, 209, 588, 188, 157, 263, 25, 333, 247, 255, 214, 428, 106]",5.7,0.001657249663965448,0.004369239665414007,0.24385964912280703,0.03333333333333333,0.005263157894736842,0.0,1.925531914893617,4.0,0.010526315789473684,0.4017543859649123,10.27719298245614,0.22452902406599257,0.5731569697530293,0.00406663499469728,3.8942528735632185,0.7620633852675555,0.07543859649122807,0.9385964912280702,0.9416666666666667,0.9425211669877172,30,False,2378.0,True
646,train,feature_diverse,paper,paper,3165569293,2026,600,30,0.7,"[7, 13, 17, 51, 127, 156, 170, 172, 177, 198, 202, 227, 232, 323, 326, 332, 342, 377, 426, 450, 469, 470, 499, 502, 504, 516, 551, 552, 574, 581]","[225, 74, 166, 447, 462, 143, 553, 244, 235, 187, 405, 94, 288, 433, 412, 274, 218, 90, 425, 2, 214, 138, 432, 116, 356, 534, 75, 320, 193, 185]",5.3,0.0015945079569705904,0.0043361550639601934,0.24561403508771928,0.012280701754385965,0.0,0.0,1.9414893617021276,4.0,0.010526315789473684,0.28421052631578947,9.550877192982457,0.21874093331728384,0.5707335121635372,0.001271283933555739,3.8850574712643677,0.8008710614295501,0.07894736842105263,0.30350877192982456,0.3383333333333333,0.9879223750904202,30,False,1608.0,False
647,train,feature_diverse,paper,paper,3165569293,2026,600,30,0.7,"[26, 49, 51, 68, 107, 117, 147, 153, 175, 180, 200, 214, 231, 251, 265, 271, 289, 311, 313, 335, 343, 364, 393, 398, 457, 484, 537, 561, 566, 578]","[117, 72, 447, 49, 168, 48, 171, 362, 271, 105, 404, 310, 532, 336, 69, 144, 66, 385, 102, 221, 248, 222, 239, 411, 227, 469, 599, 229, 191, 106]",6.233333333333333,0.0017904998142504744,0.004638242679465414,0.2754385964912281,0.031578947368421054,0.0,0.0,1.8654867256637169,4.0,0.008771929824561403,0.38421052631578945,11.117543859649123,0.24870897633755654,0.5265871180587673,0.003431823604237397,3.5788177339901477,0.7880039996807972,0.07368421052631578,0.9438596491228071,0.9466666666666667,0.9764793750364333,30,False,2364.0,True
648,train,feature_diverse,paper,paper,3165569293,2026,600,30,0.7,"[29, 51, 74, 76, 94, 109, 126, 138, 174, 190, 197, 203, 205, 219, 227, 257, 262, 270, 283, 383, 387, 389, 407, 462, 479, 548, 556, 557, 579, 598]","[82, 447, 107, 259, 81, 257, 124, 395, 316, 562, 92, 101, 524, 298, 94, 461, 541, 150, 517, 157, 361, 578, 114, 335, 518, 224, 207, 368, 440, 435]",5.933333333333334,0.0017213508093447151,0.005993347007288338,0.25087719298245614,0.031578947368421054,0.0017543859649122807,0.0,1.952127659574468,4.0,0.010526315789473684,0.3298245614035088,9.663157894736843,0.22300040230014959,0.5638392994789257,0.0030441782744365497,3.9172413793103447,0.6829241959019129,0.08947368421052632,0.8491228070175438,0.8566666666666667,0.973272459115833,30,False,2216.0,False
649,train,feature_diverse,paper,paper,3165569293,2026,600,30,0.7,"[19, 68, 69, 80, 103, 126, 129, 193, 214, 215, 224, 229, 236, 258, 265, 287, 313, 361, 371, 422, 428, 457, 464, 480, 482, 526, 547, 577, 578, 598]","[552, 49, 501, 403, 295, 124, 287, 386, 310, 452, 329, 527, 475, 272, 69, 165, 102, 536, 406, 119, 275, 227, 533, 243, 375, 264, 109, 321, 106, 435]",4.466666666666667,0.0013543280105827904,0.00324245885786411,0.19824561403508772,0.02631578947368421,0.0035087719298245615,0.0,2.035335689045936,4.0,0.007017543859649123,0.2649122807017544,8.635087719298246,0.1862905234905241,0.6436962353158819,0.004163907612183474,3.9761904761904763,0.7098476661728463,0.05964912280701754,0.1649122807017544,0.20666666666666667,0.8697882499545813,26,True,1502.0,False
650,train,feature_diverse,paper,paper,3165569293,2026,600,30,0.7,"[23, 35, 58, 77, 84, 88, 112, 115, 118, 134, 152, 159, 187, 202, 221, 224, 252, 279, 289, 316, 333, 336, 340, 389, 413, 435, 476, 490, 494, 532]","[122, 479, 358, 398, 471, 8, 548, 132, 4, 455, 521, 365, 146, 405, 181, 329, 15, 160, 66, 42, 294, 219, 450, 578, 1, 249, 560, 381, 170, 387]",6.866666666666666,0.0019408984830411348,0.007011407924154374,0.3140350877192982,0.03333333333333333,0.0,0.0,1.7695035460992907,3.0,0.010526315789473684,0.4087719298245614,10.36140350877193,0.26464774201533997,0.4753245151543181,0.002384099183878755,3.9126436781609195,0.7680977663967314,0.08070175438596491,0.5035087719298246,0.5283333333333333,0.9860759591683745,30,False,1820.0,False
651,train,feature_diverse,paper,paper,3165569293,2026,600,30,0.7,"[21, 73, 81, 138, 152, 166, 169, 187, 197, 199, 212, 261, 262, 375, 386, 391, 409, 419, 420, 442, 497, 502, 523, 527, 548, 551, 552, 585, 593, 598]","[127, 302, 593, 395, 521, 133, 327, 146, 92, 460, 496, 279, 541, 583, 16, 163, 39, 212, 125, 32, 186, 116, 153, 424, 224, 75, 320, 231, 505, 435]",6.966666666666667,0.0019524058650339131,0.005940052292626663,0.2807017543859649,0.0456140350877193,0.012280701754385965,0.0,1.874113475177305,4.0,0.010526315789473684,0.41754385964912283,11.670175438596491,0.2547743323075751,0.519409243671569,0.006836912582177647,3.5448275862068965,0.7840852641679401,0.07894736842105263,0.41578947368421054,0.445,0.9974754159338772,30,False,1712.0,False
652,train,feature_diverse,paper,paper,3165569293,2026,600,30,0.7,"[20, 58, 109, 111, 114, 150, 176, 185, 186, 198, 200, 217, 219, 228, 231, 248, 254, 290, 296, 313, 361, 371, 378, 400, 422, 477, 484, 499, 502, 540]","[507, 358, 257, 481, 199, 216, 194, 311, 388, 187, 404, 13, 298, 173, 532, 348, 319, 490, 445, 102, 536, 406, 188, 197, 119, 423, 469, 432, 116, 53]",5.866666666666666,0.0017177609610343723,0.004143296354512175,0.2543859649122807,0.02280701754385965,0.005263157894736842,0.0,1.9238938053097345,3.0,0.008771929824561403,0.3017543859649123,9.866666666666667,0.2306695927146135,0.5572965806431721,0.004267735119662098,3.6921182266009853,0.7720165019095883,0.06666666666666667,0.24385964912280703,0.2816666666666667,1.0010953331366181,30,False,1562.0,False
653,train,feature_diverse,paper,paper,3165569293,2026,600,30,0.7,"[12, 46, 48, 79, 107, 124, 151, 179, 202, 205, 209, 210, 237, 252, 269, 303, 380, 385, 424, 437, 456, 462, 466, 474, 479, 508, 512, 561, 577, 588]","[148, 192, 11, 374, 168, 454, 63, 500, 405, 524, 346, 64, 437, 15, 390, 281, 334, 364, 164, 30, 473, 335, 339, 45, 518, 581, 99, 229, 321, 283]",4.9,0.0014621327235939182,0.0031469748009972285,0.20175438596491227,0.042105263157894736,0.0017543859649122807,0.0,2.074468085106383,4.0,0.010526315789473684,0.2754385964912281,9.296491228070176,0.1963432610350749,0.6379490025591219,0.007876548738617704,3.829885057471264,0.7100541570885821,0.07017543859649122,0.3456140350877193,0.37833333333333335,0.9747905831318349,30,False,1656.0,False
654,train,feature_diverse,paper,paper,3165569293,2026,600,30,0.7,"[4, 32, 67, 73, 93, 108, 115, 120, 121, 123, 129, 132, 159, 181, 185, 242, 257, 338, 400, 406, 413, 438, 467, 489, 493, 545, 550, 576, 585, 590]","[594, 457, 0, 302, 394, 449, 132, 27, 434, 156, 287, 544, 365, 353, 311, 142, 461, 108, 197, 276, 1, 40, 204, 31, 123, 376, 485, 253, 231, 20]",5.966666666666667,0.0017252690461928497,0.004569516644705036,0.2649122807017544,0.03859649122807018,0.0,0.0,1.8865248226950355,4.0,0.010526315789473684,0.36140350877192984,10.473684210526315,0.24024241090966114,0.5421391792310302,0.004849236976396521,3.754022988505747,0.6338289128296596,0.07368421052631578,0.9438596491228071,0.9466666666666667,0.9640110419131815,30,False,2376.0,True
655,train,feature_diverse,paper,paper,3165569293,2026,600,30,0.7,"[3, 10, 18, 22, 48, 116, 119, 135, 149, 172, 203, 214, 225, 246, 339, 389, 397, 398, 419, 425, 440, 446, 468, 491, 493, 495, 502, 513, 516, 526]","[182, 230, 508, 480, 11, 598, 100, 21, 465, 244, 101, 310, 131, 392, 47, 578, 418, 411, 212, 331, 247, 208, 12, 136, 123, 206, 116, 6, 534, 264]",5.433333333333334,0.0015866074970623631,0.005550712379592976,0.21403508771929824,0.05263157894736842,0.005263157894736842,0.0,1.99645390070922,4.0,0.010526315789473684,0.2912280701754386,9.412280701754385,0.2037186833666729,0.6192704960996516,0.005692461875051506,3.942528735632184,0.7620633852675555,0.07719298245614035,0.9385964912280702,0.9416666666666667,0.968671582872048,30,False,2360.0,True
656,train,feature_diverse,paper,paper,3165569293,2026,600,30,0.7,"[26, 29, 32, 71, 88, 102, 120, 235, 239, 243, 269, 277, 292, 301, 317, 319, 342, 346, 355, 449, 475, 477, 483, 488, 537, 556, 560, 561, 587, 595]","[117, 82, 457, 526, 8, 121, 27, 55, 126, 416, 390, 38, 304, 369, 18, 550, 218, 261, 177, 24, 543, 423, 19, 134, 599, 207, 557, 229, 352, 120]",6.733333333333333,0.001906880769777937,0.0068178438162514775,0.3,0.028070175438596492,0.0017543859649122807,0.0,1.8049645390070923,4.0,0.010526315789473684,0.39824561403508774,10.394736842105264,0.25725923266128287,0.49330620047482504,0.0027846998218062687,3.8,0.7961540264262918,0.07719298245614035,0.7947368421052632,0.805,0.9744007501285523,30,False,2112.0,False
657,train,feature_diverse,paper,paper,3165569293,2026,600,30,0.7,"[55, 65, 69, 137, 169, 186, 195, 215, 238, 247, 257, 262, 279, 312, 319, 336, 345, 376, 380, 399, 426, 449, 466, 523, 529, 543, 544, 571, 576, 593]","[515, 568, 501, 476, 327, 388, 528, 452, 266, 286, 461, 541, 160, 446, 550, 219, 466, 87, 334, 263, 425, 24, 339, 153, 65, 110, 282, 91, 253, 505]",7.866666666666666,0.002158027977263298,0.008488146311383917,0.3192982456140351,0.06140350877192982,0.005263157894736842,0.0,1.7943262411347518,3.0,0.010526315789473684,0.48771929824561405,13.128070175438596,0.28749195299487157,0.4656676841488607,0.007282099022517226,3.328735632183908,0.8189742048170778,0.07368421052631578,0.8824561403508772,0.8883333333333333,0.9596711660269648,30,False,2314.0,False
658,train,feature_diverse,paper,paper,3165569293,2026,600,30,0.7,"[45, 65, 73, 82, 93, 102, 116, 138, 144, 156, 179, 220, 250, 252, 266, 292, 299, 319, 350, 374, 398, 409, 411, 425, 446, 510, 524, 534, 571, 599]","[512, 568, 302, 196, 394, 121, 598, 395, 486, 143, 500, 337, 238, 15, 67, 304, 251, 550, 413, 111, 411, 39, 10, 331, 208, 51, 393, 493, 91, 88]",7.6,0.0020928333155994868,0.008886087692387693,0.2824561403508772,0.05087719298245614,0.008771929824561403,0.0,1.8546099290780143,4.0,0.010526315789473684,0.4614035087719298,12.95438596491228,0.25646752216479,0.5167637899670089,0.006575186085082453,3.331034482758621,0.7460758874963468,0.07017543859649122,0.9473684210526315,0.95,0.9258547918871045,29,True,2378.0,True
659,train,feature_diverse,paper,paper,3165569293,2026,600,30,0.7,"[18, 28, 54, 73, 97, 103, 118, 130, 163, 172, 222, 257, 260, 264, 268, 276, 290, 309, 314, 329, 332, 407, 417, 429, 446, 452, 482, 492, 520, 589]","[508, 322, 317, 302, 104, 295, 4, 305, 309, 244, 488, 461, 93, 174, 242, 103, 490, 456, 491, 554, 274, 114, 296, 23, 208, 313, 375, 326, 308, 470]",4.933333333333334,0.00145913150797005,0.004513053298702699,0.21228070175438596,0.03333333333333333,0.008771929824561403,0.0,1.989399293286219,3.0,0.007017543859649123,0.32105263157894737,9.728070175438596,0.20004115192342636,0.6215952887491135,0.007352543064686992,3.738095238095238,0.7599477396512365,0.05789473684210526,0.20350877192982456,0.24333333333333335,0.974172709044069,30,False,1522.0,False
660,train,feature_diverse,paper,paper,3165569293,2026,600,30,0.7,"[68, 97, 119, 137, 139, 169, 185, 208, 217, 218, 231, 237, 242, 284, 303, 305, 308, 314, 315, 381, 421, 446, 461, 487, 538, 545, 550, 552, 561, 567]","[49, 104, 100, 476, 152, 327, 311, 254, 13, 338, 532, 437, 142, 516, 281, 89, 256, 491, 246, 556, 201, 208, 290, 44, 95, 376, 485, 320, 229, 428]",5.333333333333333,0.0015591080679868696,0.004872188982113573,0.23333333333333334,0.031578947368421054,0.012280701754385965,0.0,1.9539823008849557,4.0,0.008771929824561403,0.3684210526315789,11.017543859649123,0.2173964443561042,0.5888446952178337,0.007006471479088111,3.6600985221674875,0.8131463146036375,0.09298245614035087,0.9491228070175438,0.9516666666666667,0.9483695421367884,30,False,2376.0,True
661,train,feature_diverse,paper,paper,3165569293,2026,600,30,0.7,"[33, 77, 79, 82, 101, 112, 140, 149, 158, 171, 181, 202, 221, 231, 259, 306, 330, 343, 374, 391, 414, 426, 428, 469, 486, 500, 508, 559, 591, 595]","[73, 398, 374, 196, 409, 548, 71, 465, 33, 268, 353, 405, 181, 532, 155, 301, 228, 248, 111, 163, 333, 425, 275, 214, 542, 5, 581, 330, 347, 120]",6.2,0.0017793330918532359,0.004811155831683855,0.2543859649122807,0.03859649122807018,0.005263157894736842,0.0,1.8918439716312057,3.0,0.010526315789473684,0.41754385964912283,11.131578947368421,0.23443366002822552,0.5572534147319088,0.005670262612453282,3.664367816091954,0.7297538994569122,0.07543859649122807,0.9421052631578948,0.945,0.9538924579974264,30,False,2372.0,True
662,train,feature_diverse,paper,paper,3165569293,2026,600,30,0.7,"[12, 37, 55, 82, 113, 127, 140, 174, 177, 202, 221, 227, 283, 286, 348, 356, 362, 382, 384, 402, 403, 428, 505, 523, 525, 529, 530, 545, 552, 596]","[148, 217, 515, 196, 511, 462, 71, 316, 235, 405, 181, 94, 517, 484, 325, 98, 85, 291, 564, 41, 22, 275, 236, 153, 400, 65, 324, 376, 320, 260]",6.333333333333333,0.0018052637857630996,0.0066627329322030745,0.27017543859649124,0.042105263157894736,0.005263157894736842,0.0,1.8829787234042554,4.0,0.010526315789473684,0.3736842105263158,11.726315789473684,0.2469328023222791,0.5343138161748836,0.007774326617463872,3.5517241379310347,0.8147429135844398,0.0912280701754386,0.9491228070175438,0.9516666666666667,0.8874632501974702,28,True,2376.0,True
663,train,feature_diverse,paper,paper,3165569293,2026,600,30,0.7,"[1, 87, 91, 121, 137, 192, 210, 226, 249, 278, 283, 285, 302, 304, 320, 328, 360, 362, 411, 423, 434, 437, 439, 442, 456, 498, 536, 553, 594, 595]","[575, 245, 37, 434, 476, 34, 64, 359, 350, 487, 517, 314, 129, 240, 70, 189, 139, 85, 10, 269, 431, 30, 565, 32, 473, 591, 303, 141, 463, 120]",4.5,0.0013607486175495444,0.0028789330076173037,0.19824561403508772,0.021052631578947368,0.0,0.0,2.072566371681416,4.0,0.008771929824561403,0.2754385964912281,9.740350877192983,0.18683627060944652,0.6436407362871149,0.00323193409400306,3.7635467980295565,0.732874335479368,0.06140350877192982,0.3912280701754386,0.4216666666666667,0.9735029160510749,30,False,1702.0,False
664,train,feature_diverse,paper,paper,3165569293,2026,600,30,0.7,"[2, 8, 23, 61, 106, 125, 167, 197, 218, 244, 252, 270, 281, 315, 324, 349, 353, 381, 382, 405, 414, 415, 453, 466, 469, 493, 500, 508, 555, 595]","[592, 147, 122, 410, 439, 280, 585, 92, 338, 97, 15, 150, 408, 246, 62, 531, 549, 556, 291, 523, 333, 190, 255, 339, 214, 123, 5, 581, 312, 120]",5.666666666666667,0.0016641573613917974,0.0040267511326565735,0.22982456140350876,0.04035087719298246,0.008771929824561403,0.0,1.9716312056737588,4.0,0.010526315789473684,0.3473684210526316,10.757894736842106,0.21663296912915858,0.5941849350969691,0.011010919063657401,3.6413793103448278,0.7384449073863684,0.08070175438596491,0.20526315789473684,0.245,0.9614832908846438,30,False,1492.0,False
665,train,feature_diverse,paper,paper,3165569293,2026,600,30,0.7,"[18, 23, 40, 70, 84, 156, 161, 173, 203, 244, 249, 270, 277, 288, 306, 334, 354, 366, 379, 385, 422, 443, 464, 468, 499, 512, 526, 555, 566, 587]","[508, 122, 459, 84, 471, 143, 545, 363, 101, 97, 350, 150, 38, 233, 301, 205, 551, 587, 483, 364, 119, 3, 533, 12, 432, 99, 264, 312, 191, 352]",5.366666666666666,0.0016098929102535797,0.00429460900668572,0.23157894736842105,0.02631578947368421,0.007017543859649123,0.0,1.9716312056737588,4.0,0.010526315789473684,0.28771929824561404,8.678947368421053,0.2105888656952023,0.5922178028551167,0.004615700154559981,4.085057471264368,0.7431619423896266,0.07719298245614035,0.6736842105263158,0.69,0.9607156249694526,30,False,1936.0,False
666,train,feature_diverse,paper,paper,3165569293,2026,600,30,0.7,"[4, 6, 39, 51, 135, 141, 143, 193, 257, 262, 275, 278, 285, 306, 326, 347, 372, 400, 407, 408, 438, 441, 459, 474, 495, 499, 505, 574, 575, 589]","[594, 472, 444, 447, 21, 9, 172, 386, 461, 541, 371, 487, 314, 301, 412, 307, 293, 197, 114, 514, 40, 380, 597, 45, 206, 432, 236, 193, 267, 470]",5.133333333333334,0.0015489398706311287,0.0029154145931870696,0.22105263157894736,0.031578947368421054,0.0035087719298245615,0.0,1.99822695035461,3.0,0.010526315789473684,0.23859649122807017,9.25438596491228,0.2086844898378096,0.6077143649986125,0.005702991134025616,3.9034482758620688,0.711186946847209,0.07368421052631578,0.443859649122807,0.4716666666666667,0.9753353339619935,30,False,1734.0,False
667,train,feature_diverse,paper,paper,3165569293,2026,600,30,0.7,"[6, 65, 95, 97, 117, 153, 155, 156, 159, 176, 217, 228, 236, 264, 291, 293, 327, 333, 353, 354, 359, 396, 412, 459, 478, 487, 512, 524, 540, 589]","[472, 568, 79, 104, 48, 362, 43, 143, 365, 194, 13, 173, 475, 174, 277, 535, 574, 294, 549, 551, 537, 478, 184, 597, 202, 44, 99, 393, 53, 470]",6.0,0.0017165097143106405,0.0064366887107425745,0.24035087719298245,0.04736842105263158,0.007017543859649123,0.0,1.9432624113475176,4.0,0.010526315789473684,0.43157894736842106,11.33859649122807,0.22625821454422107,0.5781950482533222,0.005951951450822198,3.6873563218390806,0.7400415063671708,0.07894736842105263,0.9403508771929825,0.9433333333333334,0.9528698339127004,30,False,2378.0,True
668,train,feature_diverse,paper,paper,3165569293,2026,600,30,0.7,"[2, 56, 70, 77, 100, 104, 125, 126, 159, 167, 200, 211, 217, 237, 240, 255, 259, 271, 328, 341, 356, 399, 406, 442, 463, 525, 545, 566, 581, 588]","[592, 426, 84, 398, 529, 130, 280, 124, 365, 585, 404, 300, 13, 437, 54, 344, 155, 144, 189, 341, 98, 263, 276, 32, 377, 400, 376, 191, 185, 283]",6.233333333333333,0.0017904345719597023,0.00637667072357634,0.24385964912280703,0.043859649122807015,0.015789473684210527,0.0,1.9414893617021276,4.0,0.010526315789473684,0.4,11.72280701754386,0.2315315037398343,0.5726821447291339,0.009558738297395286,3.462068965517241,0.7041477753118963,0.09649122807017543,0.9403508771929825,0.9433333333333334,0.936920499894768,30,False,2372.0,True
669,train,feature_diverse,paper,paper,3165569293,2026,600,30,0.7,"[5, 9, 20, 68, 86, 138, 168, 175, 192, 215, 225, 227, 237, 254, 264, 265, 313, 330, 414, 426, 443, 471, 484, 485, 501, 510, 515, 560, 568, 596]","[414, 391, 507, 49, 35, 395, 436, 271, 34, 452, 131, 94, 437, 319, 174, 69, 102, 228, 333, 425, 3, 519, 469, 135, 510, 51, 299, 557, 154, 260]",5.266666666666667,0.0015258611886605352,0.0031665842612758196,0.22807017543859648,0.03333333333333333,0.0017543859649122807,0.0,1.9858407079646017,4.0,0.008771929824561403,0.33157894736842103,10.780701754385966,0.21491702598506776,0.5968612215952888,0.004593963807959752,3.5763546798029555,0.7617288949993296,0.07543859649122807,0.39649122807017545,0.4266666666666667,0.9588688749354333,30,False,1710.0,False
670,train,feature_diverse,paper,paper,3165569293,2026,600,30,0.7,"[7, 9, 20, 24, 50, 51, 124, 152, 176, 179, 202, 219, 223, 280, 321, 322, 325, 341, 348, 370, 381, 385, 414, 455, 482, 541, 566, 587, 588, 594]","[225, 391, 507, 590, 78, 447, 454, 521, 194, 500, 405, 298, 77, 580, 458, 162, 382, 341, 325, 401, 556, 364, 333, 112, 375, 61, 191, 352, 283, 463]",7.666666666666667,0.002157551458421117,0.006900462825504874,0.30350877192982456,0.05789473684210526,0.010526315789473684,0.0,1.8194690265486726,3.0,0.008771929824561403,0.4631578947368421,12.4,0.27578893067900545,0.4870348102241544,0.007483286851018282,3.4236453201970445,0.7716820116413625,0.08596491228070176,0.5877192982456141,0.6083333333333333,0.9536818328779191,30,False,1870.0,False
671,train,feature_diverse,paper,paper,3165569293,2026,600,30,0.7,"[19, 51, 52, 74, 96, 102, 117, 121, 143, 192, 212, 239, 250, 287, 289, 313, 317, 319, 320, 323, 337, 365, 386, 410, 426, 480, 505, 514, 548, 558]","[552, 447, 220, 107, 226, 121, 48, 434, 172, 34, 496, 126, 238, 165, 66, 102, 18, 550, 70, 433, 494, 588, 16, 25, 425, 243, 236, 215, 224, 503]",5.5,0.0016230375654082013,0.004316337960220239,0.24736842105263157,0.03508771929824561,0.0,0.0,1.927433628318584,3.0,0.008771929824561403,0.3192982456140351,9.389473684210527,0.22567576871591472,0.5680572256652175,0.003405602393608391,3.935960591133005,0.7649773303742755,0.056140350877192984,0.12982456140350876,0.17333333333333334,0.721932457992807,22,True,1448.0,False
672,train,feature_diverse,paper,paper,3165569293,2026,600,30,0.7,"[31, 32, 43, 89, 106, 107, 118, 143, 158, 178, 213, 236, 250, 254, 260, 262, 293, 322, 352, 379, 429, 447, 466, 469, 473, 491, 495, 537, 578, 598]","[482, 457, 448, 180, 439, 168, 4, 172, 33, 492, 270, 475, 238, 319, 93, 541, 535, 162, 497, 483, 23, 315, 339, 214, 570, 136, 206, 599, 106, 435]",5.933333333333334,0.001738385156339027,0.004658196346758343,0.26842105263157895,0.03684210526315789,0.0017543859649122807,0.0,1.8847517730496455,4.0,0.010526315789473684,0.3017543859649123,9.398245614035087,0.24356480244345813,0.536891437733173,0.005643335858754465,3.905747126436782,0.7556945138701536,0.07543859649122807,0.4982456140350877,0.5233333333333333,0.9377890001051128,30,False,1730.0,False
673,train,feature_diverse,paper,paper,3165569293,2026,600,30,0.7,"[38, 56, 91, 107, 110, 112, 113, 181, 211, 237, 244, 275, 277, 287, 300, 305, 314, 329, 338, 339, 359, 371, 409, 439, 444, 465, 473, 495, 496, 501]","[137, 426, 37, 168, 113, 548, 511, 353, 300, 437, 97, 371, 38, 165, 151, 89, 491, 554, 108, 47, 537, 406, 39, 565, 349, 582, 570, 206, 360, 510]",4.866666666666666,0.0014514083992389658,0.00403531008252683,0.21403508771929824,0.02280701754385965,0.007017543859649123,0.0,1.9876325088339222,4.0,0.007017543859649123,0.34210526315789475,10.164912280701754,0.19847706550607205,0.6188203373107637,0.005572409710340745,3.7275132275132274,0.804789796942407,0.06842105263157895,0.5228070175438596,0.5466666666666666,0.9791511669754982,30,False,1826.0,False
674,train,feature_diverse,paper,paper,3165569293,2026,600,30,0.7,"[3, 14, 17, 62, 92, 100, 116, 124, 131, 132, 151, 167, 276, 280, 301, 325, 330, 346, 356, 377, 404, 418, 485, 536, 540, 547, 548, 555, 556, 564]","[182, 145, 166, 262, 26, 529, 598, 454, 474, 544, 63, 585, 103, 580, 369, 382, 228, 261, 98, 90, 250, 373, 135, 303, 53, 109, 224, 312, 207, 58]",5.733333333333333,0.001650613621653756,0.005686940369326053,0.2543859649122807,0.02982456140350877,0.0035087719298245615,0.0,1.9097345132743362,4.0,0.008771929824561403,0.3719298245614035,10.724561403508773,0.23213763127322817,0.5573274134369315,0.003969286242425988,3.6970443349753697,0.7059508652084344,0.06491228070175438,0.2982456140350877,0.3333333333333333,0.9864582498557866,30,False,1618.0,False
675,train,feature_diverse,paper,paper,3165569293,2026,600,30,0.7,"[2, 14, 16, 35, 41, 57, 147, 150, 167, 177, 197, 204, 213, 215, 219, 226, 258, 270, 277, 338, 341, 376, 390, 425, 505, 533, 559, 585, 593, 597]","[592, 145, 128, 479, 56, 502, 171, 216, 585, 235, 92, 289, 270, 452, 298, 359, 272, 150, 38, 108, 341, 87, 232, 331, 236, 203, 330, 231, 505, 559]",5.266666666666667,0.001546117299454685,0.0030567092029562953,0.23333333333333334,0.02631578947368421,0.0035087719298245615,0.0,1.961061946902655,3.0,0.008771929824561403,0.28421052631578947,10.63859649122807,0.21593427035606114,0.5889001942466007,0.006539517315379384,3.6995073891625614,0.7708837121509613,0.07368421052631578,0.38596491228070173,0.4166666666666667,0.8696996250655502,26,True,1684.0,False
676,train,feature_diverse,paper,paper,3165569293,2026,600,30,0.7,"[29, 59, 65, 86, 133, 145, 152, 168, 170, 178, 183, 193, 214, 215, 217, 245, 266, 302, 314, 317, 323, 386, 388, 440, 453, 511, 524, 538, 588, 589]","[82, 555, 568, 35, 397, 297, 521, 436, 553, 492, 525, 386, 310, 452, 13, 59, 67, 129, 491, 18, 433, 16, 7, 247, 255, 417, 393, 95, 283, 470]",6.466666666666667,0.0018721061573524925,0.00674896803909196,0.2736842105263158,0.04035087719298246,0.0035087719298245615,0.0,1.8973451327433628,4.0,0.008771929824561403,0.3263157894736842,10.021052631578947,0.24154163223691638,0.5303918848086825,0.005702553625690181,3.7339901477832513,0.8509492003594954,0.11228070175438597,0.9508771929824561,0.9533333333333334,0.9416716669220477,30,False,2378.0,True
677,train,feature_diverse,paper,paper,3165569293,2026,600,30,0.7,"[87, 138, 143, 150, 152, 156, 188, 224, 244, 251, 259, 288, 296, 297, 301, 315, 357, 372, 400, 446, 449, 457, 482, 483, 511, 560, 562, 564, 572, 578]","[245, 395, 172, 216, 521, 143, 265, 329, 97, 336, 155, 233, 445, 159, 369, 246, 504, 293, 197, 208, 24, 227, 375, 19, 417, 557, 407, 58, 211, 106]",5.866666666666666,0.0017002602465642374,0.0054908694190012215,0.24385964912280703,0.04736842105263158,0.007017543859649123,0.0,1.9293286219081272,3.0,0.007017543859649123,0.33157894736842103,9.705263157894738,0.2292889709770108,0.5729658064317208,0.006754151340358237,3.7222222222222223,0.8359664929944233,0.09473684210526316,0.8859649122807017,0.8916666666666667,0.9546814581844956,30,False,2268.0,False
678,train,feature_diverse,paper,paper,3165569293,2026,600,30,0.7,"[20, 23, 28, 43, 47, 61, 70, 73, 87, 129, 147, 157, 163, 174, 202, 213, 216, 233, 252, 264, 291, 356, 373, 425, 471, 478, 482, 498, 543, 566]","[507, 122, 322, 448, 285, 410, 84, 302, 245, 287, 171, 584, 309, 316, 405, 270, 342, 443, 15, 174, 277, 98, 332, 331, 519, 202, 375, 591, 110, 191]",6.366666666666666,0.0017974642129790317,0.0059504535006867495,0.24210526315789474,0.05263157894736842,0.008771929824561403,0.0,1.9345132743362832,4.0,0.008771929824561403,0.4017543859649123,11.898245614035087,0.23042037674791535,0.5755187617550026,0.008142056658798288,3.455665024630542,0.6813275969211104,0.0912280701754386,0.9526315789473684,0.955,0.92685666680336,30,False,2378.0,True
679,train,feature_diverse,paper,paper,3165569293,2026,600,30,0.7,"[47, 106, 137, 142, 149, 150, 162, 163, 171, 188, 193, 209, 218, 219, 248, 263, 274, 341, 344, 356, 364, 398, 400, 410, 466, 469, 496, 553, 563, 581]","[285, 439, 476, 451, 465, 216, 278, 309, 268, 265, 386, 346, 338, 298, 348, 567, 161, 341, 563, 98, 222, 411, 197, 25, 339, 214, 360, 141, 477, 185]",6.233333333333333,0.0017761058428944125,0.005656346367094417,0.2596491228070175,0.03333333333333333,0.008771929824561403,0.0,1.9042553191489362,4.0,0.010526315789473684,0.39824561403508774,12.189473684210526,0.23835099789304973,0.5494897172632812,0.008443858185237496,3.413793103448276,0.6932683598269721,0.0912280701754386,0.9543859649122807,0.9566666666666667,0.9132758339401335,30,False,2378.0,True
680,train,feature_diverse,paper,paper,3165569293,2026,600,30,0.7,"[6, 50, 71, 79, 86, 91, 146, 175, 200, 215, 218, 284, 299, 314, 363, 384, 390, 395, 403, 414, 415, 453, 482, 490, 495, 534, 538, 568, 596, 598]","[472, 78, 526, 374, 35, 37, 370, 271, 404, 452, 338, 516, 251, 491, 489, 564, 232, 340, 22, 333, 190, 255, 375, 381, 206, 493, 95, 154, 260, 435]",4.8,0.0014703291488526746,0.0035645055518989466,0.21754385964912282,0.01929824561403509,0.0017543859649122807,0.0,2.035211267605634,4.0,0.0035087719298245615,0.24035087719298245,8.689473684210526,0.19620849272814184,0.6135910954891622,0.005539243642691918,3.8030769230769232,0.8268116758427916,0.06666666666666667,0.2912280701754386,0.32666666666666666,0.9979731659404933,30,False,1578.0,False
681,train,feature_diverse,paper,paper,3165569293,2026,600,30,0.7,"[15, 29, 47, 86, 104, 125, 165, 169, 173, 188, 189, 209, 231, 242, 253, 279, 296, 367, 384, 402, 442, 449, 468, 481, 484, 506, 552, 566, 570, 577]","[50, 82, 285, 35, 130, 280, 213, 327, 363, 265, 46, 346, 532, 142, 430, 160, 445, 200, 564, 41, 32, 24, 12, 292, 469, 183, 320, 191, 366, 321]",6.833333333333333,0.001936689274120705,0.0060962835459410555,0.28421052631578947,0.05087719298245614,0.007017543859649123,0.0,1.8528368794326242,3.0,0.010526315789473684,0.44912280701754387,11.907017543859649,0.26344407230401684,0.5136866771498165,0.005522612754202841,3.5839080459770116,0.8199789952232146,0.07543859649122807,0.9438596491228071,0.9466666666666667,0.9497401670087129,30,False,2376.0,True
682,train,feature_diverse,paper,paper,3165569293,2026,600,30,0.7,"[9, 22, 39, 65, 101, 106, 119, 165, 182, 239, 251, 276, 284, 289, 298, 305, 314, 319, 324, 337, 368, 410, 442, 459, 473, 476, 485, 519, 559, 594]","[391, 480, 444, 568, 409, 439, 100, 213, 538, 126, 336, 103, 516, 66, 546, 89, 491, 550, 62, 494, 396, 25, 32, 597, 570, 560, 135, 80, 330, 463]",6.8,0.00192537048391555,0.0076103624114316985,0.27017543859649124,0.05087719298245614,0.008771929824561403,0.0,1.8831858407079647,4.0,0.008771929824561403,0.43508771929824563,11.994736842105263,0.24836548007041773,0.5343138161748836,0.007290136761074106,3.374384236453202,0.8238977307360715,0.08947368421052632,0.9456140350877194,0.9483333333333334,0.9411968751810491,30,False,2376.0,True
683,train,feature_diverse,paper,paper,3165569293,2026,600,30,0.7,"[20, 27, 29, 61, 100, 119, 132, 135, 152, 166, 168, 215, 226, 227, 234, 254, 297, 300, 304, 309, 312, 361, 373, 384, 423, 424, 475, 517, 529, 569]","[507, 579, 82, 410, 529, 100, 544, 21, 521, 133, 436, 452, 359, 94, 28, 319, 159, 151, 240, 456, 446, 536, 332, 564, 269, 164, 543, 52, 65, 167]",5.833333333333333,0.0016936353372461145,0.003706335382106969,0.2649122807017544,0.02631578947368421,0.0035087719298245615,0.0,1.8953900709219857,4.0,0.010526315789473684,0.2894736842105263,10.735087719298246,0.23804035818503325,0.5419418493509697,0.00509643387939534,3.7471264367816093,0.8199789952232146,0.07192982456140351,0.3298245614035088,0.36333333333333334,0.9605292079504579,30,False,1628.0,False
684,train,feature_diverse,paper,paper,3165569293,2026,600,30,0.7,"[11, 19, 38, 46, 50, 62, 97, 100, 103, 151, 219, 253, 286, 299, 332, 343, 357, 376, 409, 419, 427, 434, 453, 460, 461, 462, 470, 483, 515, 573]","[495, 552, 137, 192, 78, 262, 104, 529, 295, 63, 298, 430, 484, 251, 274, 248, 504, 87, 39, 212, 234, 431, 255, 499, 290, 335, 138, 19, 299, 596]",5.2,0.0015278733830788496,0.004967955723652736,0.21228070175438596,0.042105263157894736,0.0017543859649122807,0.0,1.9574468085106382,3.0,0.010526315789473684,0.34035087719298246,9.928070175438597,0.20686828324418316,0.6211142971664663,0.005859250245659982,3.8367816091954023,0.7119852463376102,0.0824561403508772,0.9421052631578948,0.945,0.6565697079058737,20,True,2376.0,True
685,train,feature_diverse,paper,paper,3165569293,2026,600,30,0.7,"[17, 22, 35, 60, 61, 73, 100, 104, 110, 152, 177, 184, 208, 222, 250, 253, 281, 306, 320, 353, 383, 385, 398, 423, 433, 439, 463, 466, 569, 577]","[166, 480, 479, 306, 410, 302, 529, 130, 113, 521, 235, 576, 254, 488, 238, 430, 408, 301, 70, 549, 157, 364, 411, 269, 115, 565, 377, 339, 167, 321]",6.9,0.0019563558307363524,0.005306685200849626,0.2807017543859649,0.0456140350877193,0.0017543859649122807,0.0,1.8599290780141844,3.0,0.010526315789473684,0.42280701754385963,11.726315789473684,0.25700877392371374,0.5190392501464558,0.004821896235439464,3.5517241379310347,0.7297538994569122,0.08771929824561403,0.9508771929824561,0.9533333333333334,0.9382650409825146,30,False,2378.0,True
686,train,feature_diverse,paper,paper,3165569293,2026,600,30,0.7,"[2, 25, 33, 53, 62, 66, 122, 152, 167, 175, 181, 202, 203, 234, 276, 297, 302, 348, 380, 389, 393, 404, 409, 446, 478, 482, 522, 529, 550, 582]","[592, 118, 73, 345, 262, 379, 520, 521, 585, 271, 353, 405, 101, 28, 103, 159, 129, 325, 334, 578, 239, 250, 39, 208, 202, 375, 367, 65, 485, 540]",7.066666666666666,0.0019948022907841827,0.007988203931120959,0.2929824561403509,0.04736842105263158,0.007017543859649123,0.0,1.8353982300884957,3.0,0.008771929824561403,0.443859649122807,11.517543859649123,0.25681011270091364,0.5034070237104185,0.0056735718564479105,3.4753694581280787,0.7489898326030668,0.0824561403508772,0.443859649122807,0.4716666666666667,0.9586559168528765,30,False,1742.0,False
687,train,feature_diverse,paper,paper,3165569293,2026,600,30,0.7,"[38, 54, 96, 127, 135, 157, 165, 168, 177, 199, 245, 250, 256, 279, 297, 303, 362, 374, 390, 405, 433, 446, 471, 478, 483, 487, 525, 556, 573, 590]","[137, 317, 226, 462, 21, 584, 213, 436, 235, 460, 59, 238, 573, 160, 159, 281, 85, 111, 232, 523, 115, 208, 519, 202, 19, 44, 400, 207, 596, 20]",7.133333333333334,0.0019855799838418274,0.008661926777614687,0.26666666666666666,0.06140350877192982,0.012280701754385965,0.0,1.9026548672566372,4.0,0.008771929824561403,0.4543859649122807,12.342105263157896,0.24905461230304962,0.5392840625289057,0.008668078438993004,3.3891625615763545,0.733672634969769,0.0824561403508772,0.9631578947368421,0.965,0.9361900840885937,30,False,2378.0,True
688,train,feature_diverse,paper,paper,3165569293,2026,600,30,0.7,"[19, 91, 115, 125, 143, 162, 196, 198, 214, 216, 218, 221, 238, 282, 283, 295, 336, 353, 356, 358, 390, 418, 444, 492, 503, 509, 536, 558, 561, 584]","[552, 37, 132, 280, 172, 278, 258, 187, 310, 342, 338, 181, 266, 357, 517, 506, 219, 549, 98, 323, 232, 373, 349, 326, 572, 547, 303, 503, 229, 149]",4.6,0.001412010957903421,0.003710260123750027,0.21929824561403508,0.015789473684210527,0.0,0.0,1.9929328621908127,4.0,0.007017543859649123,0.20175438596491227,8.53859649122807,0.20120886836072718,0.6105694817007369,0.001865561003492038,4.0132275132275135,0.7720165019095883,0.07192982456140351,0.1631578947368421,0.205,0.7914806669577956,22,True,1490.0,False
689,train,feature_diverse,paper,paper,3165569293,2026,600,30,0.7,"[16, 25, 94, 103, 120, 134, 144, 170, 213, 251, 263, 270, 312, 313, 378, 388, 413, 446, 462, 464, 489, 490, 492, 500, 501, 519, 535, 552, 557, 570]","[128, 118, 81, 295, 27, 455, 486, 553, 270, 336, 567, 150, 446, 102, 188, 7, 1, 208, 335, 533, 31, 381, 326, 5, 510, 80, 178, 320, 368, 366]",5.7,0.0016536783523905454,0.0041051546643555105,0.22456140350877193,0.04912280701754386,0.008771929824561403,0.0,1.9805309734513274,4.0,0.008771929824561403,0.37894736842105264,10.79298245614035,0.21908226717534993,0.6018746338605742,0.007271381236898479,3.5591133004926108,0.7507929224996048,0.07543859649122807,0.4087719298245614,0.43833333333333335,0.9659258329775184,30,False,1722.0,False
690,train,feature_diverse,paper,paper,3165569293,2026,600,30,0.7,"[22, 46, 72, 76, 79, 91, 145, 156, 159, 167, 188, 200, 221, 249, 251, 287, 303, 306, 336, 354, 358, 367, 382, 386, 393, 446, 454, 484, 575, 582]","[480, 192, 68, 259, 374, 37, 297, 143, 365, 585, 265, 404, 181, 350, 336, 165, 281, 301, 219, 551, 323, 200, 291, 16, 239, 208, 198, 469, 267, 540]",5.166666666666667,0.0015429391561886457,0.0041747508843457725,0.22631578947368422,0.031578947368421054,0.007017543859649123,0.0,1.9592920353982302,3.0,0.008771929824561403,0.2982456140350877,9.375438596491229,0.21230531958457488,0.5995683408873678,0.005214404095048913,3.9458128078817736,0.7720165019095884,0.07894736842105263,0.45964912280701753,0.4866666666666667,0.9896427500061691,30,False,1698.0,False
691,train,feature_diverse,paper,paper,3165569293,2026,600,30,0.7,"[17, 73, 119, 140, 147, 155, 179, 213, 227, 237, 241, 286, 298, 299, 307, 323, 350, 361, 383, 416, 466, 481, 491, 494, 525, 527, 535, 546, 568, 592]","[166, 302, 100, 71, 171, 43, 500, 270, 94, 437, 566, 484, 546, 251, 429, 433, 413, 536, 157, 355, 339, 292, 136, 170, 400, 424, 178, 176, 154, 241]",6.566666666666666,0.0018509525704171748,0.006594030107252749,0.2771929824561403,0.03859649122807018,0.012280701754385965,0.0,1.872340425531915,3.0,0.010526315789473684,0.3912280701754386,11.156140350877193,0.2503112078464572,0.5242376591742978,0.006455454870582446,3.650574712643678,0.6889585770310888,0.0912280701754386,0.9526315789473684,0.955,0.8794690000358969,27,True,2378.0,True
692,train,feature_diverse,paper,paper,3165569293,2026,600,30,0.7,"[16, 20, 22, 32, 34, 37, 68, 71, 157, 158, 252, 284, 294, 381, 429, 432, 438, 452, 469, 478, 482, 497, 509, 510, 514, 517, 518, 525, 577, 580]","[128, 507, 480, 457, 422, 217, 49, 526, 584, 33, 15, 516, 354, 556, 23, 571, 40, 313, 214, 202, 375, 186, 547, 51, 215, 52, 158, 400, 321, 60]",5.733333333333333,0.001659703646400277,0.004238379933919815,0.25263157894736843,0.043859649122807015,0.0017543859649122807,0.0,1.920353982300885,4.0,0.008771929824561403,0.32456140350877194,10.194736842105263,0.23447479444039326,0.5597693707026794,0.005050941796698176,3.7536945812807883,0.8349617025882865,0.07543859649122807,0.9491228070175438,0.9516666666666667,0.9943857500329614,30,False,2378.0,True
693,train,feature_diverse,paper,paper,3165569293,2026,600,30,0.7,"[2, 18, 78, 88, 115, 131, 132, 133, 165, 179, 213, 222, 253, 275, 299, 301, 313, 318, 377, 388, 397, 405, 408, 446, 468, 471, 484, 489, 494, 536]","[592, 508, 595, 8, 132, 474, 544, 397, 213, 500, 270, 488, 430, 371, 251, 369, 102, 83, 90, 7, 418, 523, 514, 208, 12, 519, 469, 31, 170, 303]",5.3,0.0015896540122615544,0.0052828118758628095,0.21754385964912282,0.031578947368421054,0.005263157894736842,0.0,2.0283185840707967,4.0,0.008771929824561403,0.2912280701754386,9.075438596491228,0.20643123991089554,0.6130484383189961,0.00471992566820153,3.854679802955665,0.7868712099221701,0.07017543859649122,0.18596491228070175,0.22666666666666666,0.9796819160692394,30,True,1494.0,False
694,train,feature_diverse,paper,paper,3165569293,2026,600,30,0.7,"[47, 53, 71, 80, 92, 147, 167, 217, 229, 233, 243, 245, 246, 248, 256, 273, 286, 299, 308, 334, 354, 356, 422, 469, 483, 493, 500, 523, 545, 562]","[285, 345, 526, 403, 26, 171, 585, 13, 527, 443, 416, 59, 392, 348, 573, 438, 484, 251, 256, 205, 551, 98, 119, 214, 19, 123, 5, 153, 376, 407]",7.366666666666666,0.0020625677893652346,0.008749033595319018,0.3087719298245614,0.04912280701754386,0.005263157894736842,0.0,1.8067375886524824,4.0,0.010526315789473684,0.4456140350877193,12.519298245614035,0.27387245943799327,0.48041809268337804,0.006624134119825769,3.485057471264368,0.810824178071583,0.08596491228070176,0.9438596491228071,0.9466666666666667,0.9712736660148948,30,False,2378.0,True
695,train,feature_diverse,paper,paper,3165569293,2026,600,30,0.7,"[12, 54, 71, 72, 80, 91, 124, 184, 185, 191, 198, 213, 223, 238, 240, 267, 272, 278, 310, 351, 390, 392, 407, 415, 423, 428, 445, 454, 479, 599]","[148, 317, 526, 68, 403, 37, 454, 576, 311, 140, 187, 270, 77, 266, 54, 389, 539, 487, 86, 209, 232, 419, 114, 190, 269, 275, 378, 198, 518, 88]",4.933333333333334,0.0014688608697976378,0.003062219376864998,0.21228070175438596,0.03859649122807018,0.008771929824561403,0.0,2.0335689045936394,4.0,0.007017543859649123,0.28771929824561404,9.198245614035088,0.20382313849038886,0.6212499614590078,0.007191909585418713,3.7645502645502646,0.7832869646775389,0.07543859649122807,0.22807017543859648,0.26666666666666666,0.9850229581352323,30,False,1536.0,False
696,train,feature_diverse,paper,paper,3165569293,2026,600,30,0.7,"[13, 18, 19, 85, 116, 119, 155, 173, 183, 235, 240, 273, 278, 314, 330, 364, 390, 392, 401, 411, 424, 476, 481, 482, 490, 492, 494, 541, 570, 590]","[74, 508, 552, 273, 598, 100, 43, 363, 525, 55, 54, 438, 487, 491, 228, 222, 232, 419, 427, 10, 164, 560, 292, 375, 381, 326, 170, 61, 366, 20]",4.9,0.0014503641314859768,0.0030380652867134793,0.21228070175438596,0.031578947368421054,0.005263157894736842,0.0,2.0105820105820107,4.0,0.005263157894736842,0.2912280701754386,9.817543859649122,0.20042442244699418,0.6213424598402861,0.006381102932827071,3.698005698005698,0.8808085502855938,0.0824561403508772,0.9403508771929825,0.9433333333333334,1.0163379169534892,28,True,2374.0,True
697,train,feature_diverse,paper,paper,3165569293,2026,600,30,0.7,"[5, 62, 94, 114, 173, 177, 207, 238, 263, 276, 278, 284, 308, 351, 356, 365, 374, 390, 428, 431, 442, 455, 524, 543, 550, 565, 574, 578, 593, 597]","[414, 262, 81, 199, 363, 235, 441, 266, 567, 103, 487, 516, 256, 209, 98, 588, 111, 232, 275, 328, 32, 112, 393, 110, 485, 36, 193, 106, 505, 559]",5.166666666666667,0.0015342973565129348,0.0038034608402926764,0.21754385964912282,0.02280701754385965,0.0017543859649122807,0.0,1.9964601769911505,4.0,0.008771929824561403,0.2771929824561403,10.687719298245614,0.20115447837566772,0.6133012672278235,0.007389363510053166,3.642857142857143,0.7168868377081592,0.07017543859649122,0.9421052631578948,0.945,1.0641025421209633,30,False,2372.0,True
698,train,feature_diverse,paper,paper,3165569293,2026,600,30,0.7,"[37, 41, 47, 52, 80, 86, 94, 115, 125, 168, 187, 189, 256, 268, 282, 283, 333, 359, 383, 389, 404, 420, 431, 436, 446, 469, 524, 535, 594, 599]","[217, 56, 285, 220, 403, 35, 81, 132, 280, 436, 146, 46, 573, 242, 357, 517, 294, 537, 157, 578, 250, 125, 328, 383, 208, 214, 393, 178, 463, 88]",6.633333333333334,0.0018746706862777063,0.0067776486874591806,0.2736842105263158,0.06140350877192982,0.0035087719298245615,0.0,1.8865248226950355,4.0,0.010526315789473684,0.3684210526315789,10.414035087719299,0.24836228356897752,0.5303980513674345,0.0054965827764049185,3.740229885057471,0.6821258964115117,0.07368421052631578,0.23859649122807017,0.27666666666666667,1.0053211250342429,30,False,1564.0,False
699,train,feature_diverse,paper,paper,3165569293,2026,600,30,0.7,"[26, 41, 46, 64, 66, 132, 158, 171, 177, 219, 233, 241, 243, 249, 265, 273, 280, 314, 369, 389, 446, 467, 474, 485, 496, 498, 531, 571, 573, 591]","[117, 56, 192, 384, 379, 544, 33, 268, 235, 298, 443, 566, 416, 350, 69, 438, 580, 491, 569, 578, 208, 204, 45, 135, 360, 591, 252, 91, 596, 347]",6.866666666666666,0.0019241503267262703,0.006365228586666078,0.2719298245614035,0.04912280701754386,0.008771929824561403,0.0,1.8761061946902655,4.0,0.008771929824561403,0.41754385964912283,11.952631578947368,0.24738280128936774,0.5320321894366848,0.005432268266420076,3.4334975369458127,0.6839289863080495,0.05964912280701754,0.2596491228070175,0.2966666666666667,1.1047700000926852,30,False,1584.0,False
700,train,feature_diverse,paper,paper,3165569293,2026,600,30,0.7,"[17, 109, 130, 132, 143, 146, 148, 166, 187, 195, 267, 272, 288, 327, 330, 356, 362, 370, 451, 459, 470, 475, 497, 506, 565, 570, 574, 575, 576, 597]","[166, 257, 305, 544, 172, 370, 14, 133, 146, 528, 389, 539, 233, 574, 228, 98, 85, 401, 577, 597, 138, 543, 186, 183, 36, 366, 193, 267, 253, 559]",6.866666666666666,0.0019402105654123748,0.006122994191667318,0.2789473684210526,0.06140350877192982,0.007017543859649123,0.0,1.8404255319148937,4.0,0.010526315789473684,0.4456140350877193,11.657894736842104,0.25772719188149457,0.5216785372922641,0.008235880181075416,3.6229885057471263,0.7447585413704289,0.07017543859649122,0.9473684210526315,0.95,0.9405819580424577,30,False,2378.0,True
701,train,feature_diverse,paper,paper,3165569293,2026,600,30,0.7,"[2, 7, 33, 41, 61, 67, 89, 109, 144, 162, 168, 192, 283, 295, 296, 308, 332, 350, 417, 435, 446, 447, 466, 508, 515, 518, 554, 573, 575, 581]","[592, 225, 73, 56, 410, 0, 180, 257, 486, 278, 436, 34, 517, 506, 445, 256, 274, 413, 296, 249, 208, 315, 339, 581, 299, 158, 522, 596, 267, 185]",5.9,0.0017115603940105807,0.005649922472437859,0.24912280701754386,0.028070175438596492,0.0035087719298245615,0.0,1.927304964539007,3.0,0.010526315789473684,0.3157894736842105,11.150877192982456,0.22901922357782187,0.5650911109055592,0.00589015803518846,3.5977011494252875,0.7788491825291655,0.07719298245614035,0.24736842105263157,0.285,0.905233042081818,28,True,1552.0,False
702,train,feature_diverse,paper,paper,3165569293,2026,600,30,0.7,"[36, 50, 63, 87, 88, 122, 160, 172, 205, 207, 211, 221, 252, 271, 303, 328, 356, 379, 387, 394, 396, 398, 487, 505, 530, 549, 554, 564, 566, 596]","[589, 78, 399, 245, 8, 520, 57, 244, 524, 441, 300, 181, 15, 144, 281, 189, 98, 483, 361, 169, 478, 411, 44, 236, 324, 561, 522, 58, 191, 260]",5.533333333333333,0.0015959412434822713,0.004505291891235455,0.23684210526315788,0.031578947368421054,0.0035087719298245615,0.0,1.9469026548672566,4.0,0.008771929824561403,0.36666666666666664,11.133333333333333,0.21672062714035945,0.5837819504825332,0.008205986223227603,3.62807881773399,0.744608607469494,0.06666666666666667,0.1912280701754386,0.23166666666666666,0.8035856250207871,25,True,1534.0,False
703,train,feature_diverse,paper,paper,3165569293,2026,600,30,0.7,"[24, 32, 81, 102, 110, 116, 128, 135, 138, 154, 157, 171, 195, 233, 245, 253, 297, 312, 334, 349, 353, 395, 409, 449, 480, 487, 516, 541, 581, 585]","[590, 457, 593, 121, 113, 598, 210, 21, 395, 420, 584, 268, 528, 443, 59, 430, 159, 446, 205, 531, 549, 340, 39, 24, 243, 44, 534, 61, 185, 231]",8.3,0.0022892098424369253,0.008947419027122629,0.34210526315789475,0.05789473684210526,0.007017543859649123,0.0,1.7730496453900708,4.0,0.010526315789473684,0.5087719298245614,13.335087719298246,0.302264498761607,0.43556871088089294,0.006674961258135881,3.335632183908046,0.7620633852675555,0.09649122807017543,0.9,0.905,0.9690539999864995,30,False,2350.0,True
704,train,feature_diverse,paper,paper,3165569293,2026,600,30,0.7,"[3, 21, 63, 68, 111, 113, 149, 177, 190, 198, 209, 257, 261, 282, 309, 320, 344, 361, 396, 402, 410, 485, 522, 527, 549, 556, 560, 568, 596, 598]","[182, 127, 399, 49, 481, 511, 465, 235, 562, 187, 346, 461, 279, 357, 456, 70, 563, 536, 478, 41, 25, 135, 367, 424, 561, 207, 557, 154, 260, 435]",5.633333333333334,0.0016267523523160565,0.003726713241901341,0.23508771929824562,0.03333333333333333,0.015789473684210527,0.0,1.9734042553191489,4.0,0.010526315789473684,0.3649122807017544,11.473684210526315,0.22121473526192345,0.58605741066198,0.008289757158925515,3.5977011494252875,0.6849118421657416,0.10175438596491228,0.9403508771929825,0.9433333333333334,0.8225211249664426,27,True,2376.0,True
705,train,feature_diverse,paper,paper,3165569293,2026,600,30,0.7,"[1, 2, 23, 37, 53, 58, 96, 109, 174, 195, 205, 257, 278, 298, 344, 354, 380, 398, 415, 446, 467, 477, 502, 519, 522, 533, 537, 544, 551, 580]","[575, 592, 122, 217, 345, 358, 226, 257, 316, 528, 524, 461, 487, 546, 563, 551, 334, 411, 190, 208, 204, 423, 116, 80, 367, 203, 599, 282, 75, 60]",5.4,0.0015830524672471814,0.004161252870383836,0.21052631578947367,0.04736842105263158,0.0017543859649122807,0.0,2.0,4.0,0.010526315789473684,0.3368421052631579,10.708771929824561,0.20655552683958642,0.6238152498997934,0.009027906958941442,3.6390804597701147,0.7392432068767696,0.06491228070175438,0.3,0.335,0.9602017910219729,30,False,1618.0,False
706,train,feature_diverse,paper,paper,3165569293,2026,600,30,0.7,"[32, 40, 77, 86, 87, 99, 167, 188, 238, 242, 248, 286, 288, 315, 335, 362, 395, 417, 430, 437, 449, 464, 478, 493, 507, 508, 511, 512, 534, 548]","[457, 459, 398, 35, 245, 76, 585, 265, 266, 142, 348, 484, 233, 246, 221, 85, 340, 296, 96, 30, 24, 533, 202, 123, 421, 581, 417, 99, 493, 224]",5.9,0.0016861642963917256,0.00559372876731698,0.24210526315789474,0.0456140350877193,0.007017543859649123,0.0,1.950354609929078,3.0,0.010526315789473684,0.36140350877192984,10.575438596491228,0.22803462501112165,0.5754879289612432,0.00812336773143388,3.698850574712644,0.6788774610365658,0.08421052631578947,0.9333333333333333,0.9366666666666666,1.1034223339520395,30,False,2358.0,True
707,train,feature_diverse,paper,paper,3165569293,2026,600,30,0.7,"[23, 46, 77, 85, 97, 122, 174, 229, 245, 272, 280, 282, 310, 317, 337, 338, 356, 372, 430, 460, 475, 478, 499, 505, 551, 553, 554, 571, 573, 582]","[122, 192, 398, 273, 104, 520, 316, 527, 59, 539, 580, 357, 86, 18, 494, 108, 98, 293, 96, 499, 543, 202, 432, 236, 75, 141, 522, 91, 596, 540]",6.166666666666667,0.0017644312797359752,0.00700491191351936,0.24385964912280703,0.05087719298245614,0.010526315789473684,0.0,1.952127659574468,4.0,0.010526315789473684,0.3736842105263158,11.208771929824561,0.22653854509790758,0.5737859587457219,0.009537833138238817,3.574712643678161,0.7780508830387642,0.0824561403508772,0.9491228070175438,0.9516666666666667,1.0719023749697953,30,False,2378.0,True
708,train,feature_diverse,paper,paper,3165569293,2026,600,30,0.7,"[22, 62, 78, 84, 121, 223, 250, 277, 303, 309, 319, 323, 339, 351, 356, 368, 382, 383, 389, 395, 459, 473, 499, 503, 514, 543, 552, 555, 568, 584]","[480, 262, 595, 471, 434, 77, 238, 38, 281, 456, 550, 433, 47, 209, 98, 396, 291, 157, 578, 340, 597, 570, 432, 572, 215, 110, 320, 312, 154, 149]",7.7,0.002124746392622111,0.009328336431358383,0.30526315789473685,0.05964912280701754,0.014035087719298246,0.0,1.822695035460993,3.0,0.010526315789473684,0.4631578947368421,13.052631578947368,0.2756341692468978,0.4854931705361823,0.009400476412341997,3.3908045977011496,0.7328743354793678,0.09824561403508772,0.9280701754385965,0.9316666666666666,0.9725416670553386,30,False,2372.0,True
709,train,feature_diverse,paper,paper,3165569293,2026,600,30,0.7,"[9, 13, 64, 71, 99, 240, 255, 273, 281, 285, 290, 312, 329, 356, 389, 392, 407, 409, 424, 426, 453, 460, 484, 501, 506, 516, 523, 543, 556, 587]","[391, 74, 384, 526, 76, 54, 344, 438, 408, 314, 490, 446, 554, 98, 578, 419, 114, 39, 164, 425, 255, 499, 469, 510, 183, 534, 153, 110, 207, 352]",7.6,0.0021132886348364014,0.008610734822855912,0.3017543859649123,0.054385964912280704,0.008771929824561403,0.0,1.7890070921985815,3.0,0.010526315789473684,0.4368421052631579,12.333333333333334,0.26673186151879275,0.49056208183023464,0.005971073010465122,3.503448275862069,0.8328460569719677,0.08070175438596491,0.9105263157894737,0.915,1.0605375829618424,30,False,2338.0,True
710,train,feature_diverse,paper,paper,3165569293,2026,600,30,0.7,"[14, 45, 77, 82, 91, 114, 126, 150, 190, 195, 222, 236, 237, 242, 245, 275, 296, 380, 414, 416, 419, 451, 465, 471, 479, 498, 513, 551, 573, 577]","[145, 512, 398, 196, 37, 199, 124, 216, 562, 528, 488, 475, 437, 142, 59, 371, 445, 334, 333, 355, 212, 577, 582, 519, 518, 591, 6, 75, 596, 321]",6.166666666666667,0.0017762918485642125,0.005390600544066049,0.2789473684210526,0.02280701754385965,0.005263157894736842,0.0,1.8548672566371682,3.0,0.008771929824561403,0.3736842105263158,10.37017543859649,0.2405622352013845,0.5228008509851078,0.0030651171349253734,3.770935960591133,0.7979571163228301,0.07894736842105263,0.30526315789473685,0.34,0.9751699999906123,30,False,1576.0,False
711,train,feature_diverse,paper,paper,3165569293,2026,600,30,0.7,"[4, 6, 10, 11, 45, 82, 88, 149, 169, 170, 180, 216, 249, 255, 261, 278, 285, 333, 339, 340, 361, 395, 430, 491, 502, 522, 550, 552, 578, 585]","[594, 472, 230, 495, 512, 196, 8, 465, 327, 553, 105, 342, 350, 344, 279, 487, 314, 294, 47, 450, 536, 340, 96, 136, 116, 367, 485, 320, 106, 231]",5.3,0.0015475791009501021,0.002990781057437351,0.22807017543859648,0.021052631578947368,0.008771929824561403,0.0,1.9645390070921986,4.0,0.010526315789473684,0.3140350877192982,10.717543859649123,0.20990787849112588,0.5970523849165973,0.005416920244506452,3.6919540229885057,0.7720165019095883,0.06315789473684211,0.21754385964912282,0.25666666666666665,1.0101225830148906,30,False,1530.0,False
712,train,feature_diverse,paper,paper,3165569293,2026,600,30,0.7,"[7, 19, 77, 86, 100, 112, 142, 164, 165, 172, 197, 201, 214, 222, 236, 245, 256, 288, 350, 360, 397, 398, 423, 438, 473, 484, 521, 527, 573, 591]","[225, 552, 398, 35, 529, 548, 451, 498, 213, 244, 92, 175, 310, 488, 475, 59, 573, 233, 413, 139, 418, 411, 269, 40, 570, 469, 464, 424, 596, 347]",5.8,0.0017071720163482614,0.006217122809764916,0.25263157894736843,0.03333333333333333,0.0017543859649122807,0.0,1.9166666666666667,3.0,0.010526315789473684,0.3368421052631579,10.0,0.22785775820230894,0.5606635217217032,0.003951883053180528,3.845977011494253,0.7072682113343521,0.07894736842105263,0.8842105263157894,0.89,1.0591104170307517,30,False,2256.0,False
713,train,feature_diverse,paper,paper,3165569293,2026,600,30,0.7,"[1, 44, 48, 51, 122, 147, 196, 210, 215, 230, 249, 254, 308, 323, 331, 340, 348, 406, 419, 428, 438, 443, 446, 469, 477, 498, 524, 567, 581, 591]","[575, 586, 11, 447, 520, 171, 258, 64, 452, 29, 350, 319, 256, 433, 442, 450, 325, 276, 212, 275, 40, 3, 208, 214, 423, 591, 393, 428, 185, 347]",5.9,0.001721386203327119,0.005269852936192229,0.24912280701754386,0.03859649122807018,0.0017543859649122807,0.0,1.9734042553191489,4.0,0.010526315789473684,0.3192982456140351,10.47719298245614,0.2322621575936694,0.5650171122005365,0.005452562425179058,3.657471264367816,0.726839954350192,0.0912280701754386,0.9438596491228071,0.9466666666666667,0.8480257499031723,25,True,2376.0,True
714,train,feature_diverse,paper,paper,3165569293,2026,600,30,0.7,"[79, 93, 97, 103, 117, 129, 140, 148, 151, 157, 174, 194, 201, 228, 269, 291, 293, 307, 381, 390, 394, 406, 410, 419, 452, 473, 516, 518, 543, 558]","[374, 394, 104, 295, 48, 287, 71, 14, 63, 584, 316, 284, 175, 173, 390, 277, 535, 429, 556, 232, 169, 276, 25, 212, 313, 570, 534, 158, 110, 503]",5.233333333333333,0.001546840952624707,0.004585831739615597,0.24035087719298245,0.031578947368421054,0.0035087719298245615,0.0,1.91858407079646,4.0,0.008771929824561403,0.30350877192982456,9.601754385964913,0.22034267581761574,0.5784540437209016,0.005539932608898126,3.8694581280788176,0.7420291526309997,0.07017543859649122,0.35789473684210527,0.39,0.9689350421540439,30,False,1676.0,False
715,train,feature_diverse,paper,paper,3165569293,2026,600,30,0.7,"[19, 41, 50, 65, 81, 91, 106, 113, 128, 130, 135, 138, 169, 192, 234, 251, 279, 323, 338, 372, 381, 408, 474, 478, 505, 520, 528, 537, 566, 591]","[552, 56, 78, 568, 593, 37, 439, 511, 210, 305, 21, 395, 327, 34, 28, 336, 160, 433, 108, 293, 556, 514, 45, 202, 236, 308, 468, 599, 191, 347]",6.0,0.0017282671818386883,0.005228302241036888,0.24561403508771928,0.05087719298245614,0.005263157894736842,0.0,1.9132743362831859,3.0,0.008771929824561403,0.39649122807017545,11.001754385964912,0.23043915346899138,0.57035118552092,0.006204593885529733,3.6502463054187193,0.8100258785811817,0.07719298245614035,0.956140350877193,0.9583333333333334,0.9464173750020564,30,False,2378.0,True
716,train,feature_diverse,paper,paper,3165569293,2026,600,30,0.7,"[0, 12, 32, 37, 84, 140, 158, 164, 194, 239, 261, 295, 296, 298, 319, 323, 338, 366, 387, 391, 399, 409, 420, 422, 460, 463, 476, 546, 558, 587]","[509, 148, 457, 217, 471, 71, 33, 498, 284, 126, 279, 506, 445, 546, 550, 433, 108, 587, 361, 163, 263, 39, 125, 119, 499, 377, 560, 176, 503, 352]",7.0,0.0019746856237372675,0.0061179398806136785,0.30350877192982456,0.05087719298245614,0.0,0.0,1.7890070921985815,3.0,0.010526315789473684,0.4,10.550877192982457,0.2705960146207179,0.48758363395307247,0.004373334342913284,3.760919540229885,0.7392432068767696,0.09649122807017543,0.9385964912280702,0.9416666666666667,0.6512160829734057,21,True,2378.0,True
717,train,feature_diverse,paper,paper,3165569293,2026,600,30,0.7,"[21, 56, 66, 69, 104, 138, 139, 144, 159, 214, 221, 251, 253, 282, 290, 334, 346, 353, 374, 397, 400, 407, 417, 423, 433, 469, 521, 528, 570, 583]","[127, 426, 379, 501, 130, 395, 152, 486, 365, 310, 181, 336, 430, 357, 490, 205, 261, 549, 111, 418, 197, 114, 296, 269, 115, 214, 464, 468, 366, 530]",4.866666666666666,0.0014645524201413256,0.0027841867083597074,0.22280701754385965,0.02631578947368421,0.0,0.0,1.946808510638298,4.0,0.010526315789473684,0.2719298245614035,9.238596491228071,0.20718677186461237,0.6050935775290599,0.003448897845449569,4.057471264367816,0.8108241780715829,0.06842105263157895,0.39649122807017545,0.4266666666666667,0.9663353750947863,30,False,1670.0,False
718,train,feature_diverse,paper,paper,3165569293,2026,600,30,0.7,"[7, 25, 30, 54, 62, 65, 88, 113, 117, 126, 140, 182, 190, 276, 287, 313, 336, 389, 402, 405, 408, 417, 435, 455, 474, 477, 509, 563, 572, 597]","[225, 118, 402, 317, 262, 568, 8, 511, 48, 124, 71, 538, 562, 103, 165, 102, 219, 578, 41, 523, 514, 296, 249, 112, 45, 423, 547, 477, 211, 559]",6.1,0.0017731553843169426,0.0070617809349232475,0.2596491228070175,0.03684210526315789,0.007017543859649123,0.0,1.9061946902654867,4.0,0.008771929824561403,0.36140350877192984,9.543859649122806,0.22746087290123165,0.5513581845651034,0.004884974834193893,3.854679802955665,0.7809648281454844,0.06315789473684211,0.28771929824561404,0.3233333333333333,0.9594104161951691,30,False,1624.0,False
719,train,feature_diverse,paper,paper,3165569293,2026,600,30,0.7,"[14, 23, 27, 69, 100, 120, 152, 164, 199, 225, 242, 264, 299, 335, 342, 364, 390, 393, 410, 412, 428, 439, 441, 463, 474, 514, 537, 545, 554, 564]","[145, 122, 579, 501, 529, 27, 521, 498, 460, 131, 142, 174, 251, 221, 218, 222, 232, 239, 25, 184, 275, 565, 380, 377, 45, 215, 599, 376, 522, 58]",5.5,0.001600281512548661,0.004787206542878231,0.24912280701754386,0.02982456140350877,0.005263157894736842,0.0,1.9081272084805654,4.0,0.007017543859649123,0.3543859649122807,10.72280701754386,0.22758813629597502,0.5651466099343262,0.005374934771486495,3.611111111111111,0.8519539907656322,0.07192982456140351,0.9263157894736842,0.93,1.0151710000354797,30,False,2352.0,True
720,train,feature_diverse,paper,paper,3165569293,2026,600,30,0.7,"[0, 2, 13, 35, 43, 71, 93, 103, 125, 128, 145, 154, 186, 254, 316, 357, 385, 390, 392, 418, 439, 468, 470, 481, 510, 556, 566, 587, 588, 592]","[509, 592, 74, 479, 448, 526, 394, 295, 280, 210, 297, 420, 388, 319, 42, 504, 364, 232, 419, 373, 565, 12, 138, 292, 51, 207, 191, 352, 283, 241]",5.966666666666667,0.0017335782112383967,0.005081128458106369,0.27017543859649124,0.021052631578947368,0.0035087719298245615,0.0,1.879646017699115,4.0,0.008771929824561403,0.30350877192982456,9.62982456140351,0.23525349239229426,0.5354669626614867,0.002976741630392746,3.854679802955665,0.8199789952232147,0.0824561403508772,0.9508771929824561,0.9533333333333334,0.8251199158839881,26,True,2376.0,True
721,train,feature_diverse,paper,paper,3165569293,2026,600,30,0.7,"[68, 79, 86, 90, 148, 153, 159, 168, 188, 193, 218, 223, 228, 252, 285, 295, 305, 308, 325, 332, 339, 351, 378, 399, 423, 429, 437, 463, 501, 551]","[49, 374, 35, 318, 14, 362, 365, 436, 265, 386, 338, 77, 173, 15, 314, 506, 89, 256, 382, 274, 47, 209, 188, 263, 269, 23, 30, 377, 510, 75]",5.1,0.0015105729745841811,0.0033534119505176496,0.2,0.031578947368421054,0.0035087719298245615,0.0,2.0425531914893615,4.0,0.010526315789473684,0.2982456140350877,10.57719298245614,0.19336977730659471,0.6406191224986896,0.006209461037047244,3.657471264367816,0.6744949163015335,0.06842105263157895,0.2631578947368421,0.3,0.9537090838421136,30,False,1586.0,False
722,train,feature_diverse,paper,paper,3165569293,2026,600,30,0.7,"[15, 66, 85, 110, 142, 154, 156, 197, 199, 203, 231, 271, 276, 283, 334, 335, 355, 358, 361, 367, 424, 481, 486, 490, 517, 544, 549, 575, 578, 599]","[50, 379, 273, 113, 451, 420, 143, 92, 460, 101, 532, 144, 103, 517, 205, 221, 177, 323, 536, 200, 164, 292, 542, 381, 52, 282, 561, 267, 106, 88]",5.0,0.0014650670969617277,0.003093032681891617,0.21929824561403508,0.02631578947368421,0.0,0.0,1.9698581560283688,3.0,0.010526315789473684,0.32280701754385965,10.528070175438597,0.20588239545340975,0.6104584836432029,0.004142119055912159,3.735632183908046,0.7361227708543139,0.0912280701754386,0.9473684210526315,0.95,0.9251604171004146,30,False,2378.0,True
723,train,feature_diverse,paper,paper,3165569293,2026,600,30,0.7,"[6, 49, 77, 91, 105, 114, 122, 158, 200, 238, 239, 240, 241, 247, 251, 281, 309, 384, 403, 406, 430, 488, 492, 544, 547, 551, 557, 559, 576, 586]","[472, 72, 398, 37, 372, 199, 520, 33, 404, 266, 126, 54, 566, 286, 336, 408, 456, 564, 22, 276, 96, 134, 326, 282, 109, 75, 368, 330, 253, 343]",6.233333333333333,0.0017761292346558874,0.004521978298304626,0.2649122807017544,0.028070175438596492,0.0017543859649122807,0.0,1.895575221238938,3.0,0.008771929824561403,0.38070175438596493,11.2,0.23822821534080027,0.5420713470847593,0.004274073671959869,3.5541871921182264,0.7320760359889668,0.06315789473684211,0.312280701754386,0.3466666666666667,1.0101382920984179,30,False,1654.0,False
724,train,feature_diverse,paper,paper,3165569293,2026,600,30,0.7,"[14, 18, 34, 66, 68, 87, 94, 108, 110, 112, 186, 234, 252, 285, 290, 291, 293, 300, 314, 371, 385, 445, 464, 465, 482, 500, 511, 568, 572, 590]","[145, 508, 422, 379, 49, 245, 81, 449, 113, 548, 388, 28, 15, 314, 490, 277, 535, 151, 491, 406, 364, 378, 533, 582, 375, 5, 417, 154, 211, 20]",4.533333333333333,0.0013758719663507625,0.0031388333816858047,0.20350877192982456,0.021052631578947368,0.005263157894736842,0.0,2.019434628975265,4.0,0.007017543859649123,0.24561403508771928,8.633333333333333,0.189264905373633,0.6353590478833288,0.005580361528637391,3.886243386243386,0.8579883718948079,0.08421052631578947,0.9578947368421052,0.96,1.0087315840646625,30,False,2378.0,True
725,train,feature_diverse,paper,paper,3165569293,2026,600,30,0.7,"[7, 22, 43, 63, 88, 96, 102, 110, 111, 138, 147, 163, 177, 199, 219, 223, 237, 243, 246, 308, 315, 390, 410, 416, 417, 440, 452, 464, 519, 584]","[225, 480, 448, 399, 8, 226, 121, 113, 481, 395, 171, 309, 235, 460, 298, 77, 437, 416, 392, 256, 246, 232, 25, 355, 296, 247, 313, 533, 80, 149]",6.6,0.0018650686241214118,0.004973468226774596,0.28596491228070176,0.04912280701754386,0.007017543859649123,0.0,1.8601769911504424,4.0,0.008771929824561403,0.40350877192982454,12.112280701754386,0.262506971740231,0.5113557179416027,0.006929355810000627,3.4876847290640396,0.7971588168324288,0.10175438596491228,0.9491228070175438,0.9516666666666667,0.9877213330473751,30,False,2376.0,True
726,train,feature_diverse,paper,paper,3165569293,2026,600,30,0.7,"[0, 42, 55, 84, 92, 101, 116, 130, 157, 183, 213, 231, 233, 290, 303, 322, 335, 352, 355, 421, 423, 466, 470, 472, 478, 515, 522, 534, 565, 579]","[509, 17, 515, 471, 26, 409, 598, 305, 584, 525, 270, 532, 443, 490, 281, 162, 221, 497, 177, 201, 269, 339, 138, 237, 202, 299, 367, 493, 36, 440]",5.733333333333333,0.0016676565962816443,0.003779261085300232,0.23333333333333334,0.05087719298245614,0.0017543859649122807,0.0,1.952127659574468,4.0,0.010526315789473684,0.387719298245614,10.580701754385965,0.22547228187859109,0.5885918663090063,0.007458253751357199,3.72183908045977,0.6619071074076649,0.08421052631578947,0.47017543859649125,0.49666666666666665,0.996312458999455,30,False,1776.0,False
727,train,feature_diverse,paper,paper,3165569293,2026,600,30,0.7,"[1, 15, 42, 54, 76, 109, 118, 149, 160, 182, 214, 229, 243, 254, 273, 329, 360, 364, 371, 390, 407, 420, 463, 490, 501, 504, 526, 551, 575, 588]","[575, 50, 17, 317, 259, 257, 4, 465, 57, 538, 310, 527, 416, 319, 438, 554, 139, 222, 406, 232, 114, 125, 377, 381, 510, 356, 264, 75, 267, 283]",4.533333333333333,0.0013635000670167547,0.002844457962126052,0.2,0.02631578947368421,0.0035087719298245615,0.0,2.0371681415929204,3.0,0.008771929824561403,0.2614035087719298,9.698245614035088,0.19022521208177148,0.6407424536737274,0.0054115552391414455,3.8004926108374386,0.7948366803003741,0.07192982456140351,0.20350877192982456,0.24333333333333335,0.995619208784774,30,False,1520.0,False
728,train,feature_diverse,paper,paper,3165569293,2026,600,30,0.7,"[7, 67, 75, 91, 106, 115, 175, 178, 197, 203, 211, 230, 267, 268, 292, 313, 330, 338, 339, 390, 461, 464, 492, 501, 511, 513, 542, 566, 567, 579]","[225, 0, 351, 37, 439, 132, 271, 492, 92, 101, 300, 29, 389, 242, 304, 102, 228, 108, 47, 232, 290, 533, 326, 510, 417, 6, 223, 191, 428, 440]",4.933333333333334,0.0014805319512963102,0.00287909228963522,0.21929824561403508,0.021052631578947368,0.005263157894736842,0.0,1.9753086419753085,4.0,0.005263157894736842,0.2543859649122807,9.192982456140351,0.20167803286262825,0.610618814170752,0.004229429574257161,3.7492877492877494,0.792905591051346,0.08596491228070176,0.3,0.335,1.0907061661127955,30,False,1590.0,False
729,train,feature_diverse,paper,paper,3165569293,2026,600,30,0.7,"[4, 20, 33, 46, 50, 63, 86, 171, 186, 202, 206, 226, 232, 245, 279, 291, 302, 307, 320, 328, 336, 352, 356, 396, 460, 463, 497, 526, 551, 583]","[594, 507, 73, 192, 78, 399, 35, 268, 388, 405, 415, 359, 288, 59, 160, 277, 129, 429, 70, 189, 219, 497, 98, 478, 499, 377, 186, 264, 75, 530]",7.033333333333333,0.001981473055225028,0.006224140883487015,0.2964912280701754,0.03508771929824561,0.012280701754385965,0.0,1.8386524822695036,4.0,0.010526315789473684,0.4280701754385965,11.978947368421053,0.26222238710490803,0.4972589646347856,0.006430540255666432,3.5517241379310347,0.6806586163846589,0.07719298245614035,0.9298245614035088,0.9333333333333333,1.0015741670504212,30,False,2362.0,True
730,train,feature_diverse,paper,paper,3165569293,2026,600,30,0.7,"[28, 34, 41, 48, 63, 65, 141, 144, 168, 214, 230, 239, 245, 247, 274, 276, 282, 286, 335, 343, 377, 389, 402, 425, 435, 460, 486, 496, 530, 581]","[322, 422, 56, 11, 399, 568, 9, 486, 436, 310, 29, 126, 59, 286, 161, 103, 357, 484, 221, 248, 90, 578, 41, 331, 249, 499, 542, 360, 324, 185]",7.266666666666667,0.0020212679444885184,0.008885536161239204,0.3087719298245614,0.0456140350877193,0.015789473684210527,0.0,1.8120567375886525,4.0,0.010526315789473684,0.4263157894736842,11.501754385964912,0.2647136278808268,0.4820398976351247,0.007003483158159021,3.586206896551724,0.7979571163228301,0.09298245614035087,0.9543859649122807,0.9566666666666667,1.0213202498853207,30,False,2378.0,True
731,train,feature_diverse,paper,paper,3165569293,2026,600,30,0.7,"[2, 25, 28, 47, 64, 108, 152, 176, 182, 195, 200, 211, 259, 267, 282, 312, 332, 356, 384, 397, 462, 479, 480, 487, 510, 519, 520, 524, 537, 552]","[592, 118, 322, 285, 384, 449, 521, 194, 538, 528, 404, 300, 155, 389, 357, 446, 274, 98, 564, 418, 335, 518, 243, 44, 51, 80, 308, 393, 599, 320]",6.366666666666666,0.0018326645762481322,0.005535079649080866,0.28596491228070176,0.031578947368421054,0.007017543859649123,0.0,1.8351063829787233,4.0,0.010526315789473684,0.37543859649122807,11.48421052631579,0.2562144369399533,0.5116763789967009,0.004977890226368928,3.547126436781609,0.7552307046479785,0.09298245614035087,0.9298245614035088,0.9333333333333333,0.9791065000463277,30,False,2362.0,True
732,train,feature_diverse,paper,paper,3165569293,2026,600,30,0.7,"[16, 35, 62, 67, 72, 92, 93, 236, 241, 242, 275, 280, 284, 289, 300, 336, 345, 355, 370, 396, 425, 429, 433, 451, 490, 536, 552, 565, 568, 584]","[128, 479, 262, 0, 68, 26, 394, 475, 566, 142, 371, 580, 516, 66, 151, 219, 466, 177, 401, 478, 331, 23, 115, 577, 381, 303, 320, 36, 154, 149]",5.533333333333333,0.001635881579357772,0.003666367011668462,0.23859649122807017,0.02280701754385965,0.005263157894736842,0.0,1.946808510638298,4.0,0.010526315789473684,0.28771929824561404,10.307017543859649,0.21815774250370862,0.5810254987204391,0.005932006352898848,3.6942528735632183,0.6396059756523957,0.0824561403508772,0.9491228070175438,0.9516666666666667,0.9579830830916762,30,False,2378.0,True
733,train,feature_diverse,paper,paper,3165569293,2026,600,30,0.7,"[38, 43, 59, 72, 76, 88, 93, 113, 191, 226, 237, 274, 292, 305, 344, 345, 358, 384, 395, 397, 410, 417, 450, 471, 479, 516, 542, 552, 578, 591]","[137, 448, 555, 68, 259, 8, 394, 511, 140, 359, 437, 161, 304, 89, 563, 466, 323, 564, 340, 418, 25, 296, 2, 519, 518, 534, 223, 320, 106, 347]",5.766666666666667,0.0016460612963009294,0.003917827519630422,0.23859649122807017,0.042105263157894736,0.010526315789473684,0.0,1.952127659574468,3.0,0.010526315789473684,0.4,11.498245614035088,0.22628977477056134,0.5806555051953257,0.007676209486554314,3.5885057471264368,0.7649773303742755,0.09473684210526316,0.9421052631578948,0.945,0.9773754579946399,30,False,2378.0,True
734,train,feature_diverse,paper,paper,3165569293,2026,600,30,0.7,"[9, 13, 44, 63, 101, 114, 120, 128, 132, 152, 158, 164, 196, 202, 226, 250, 297, 340, 389, 414, 448, 457, 471, 475, 486, 492, 497, 560, 585, 586]","[391, 74, 586, 399, 409, 199, 27, 210, 544, 521, 33, 498, 258, 405, 359, 238, 159, 450, 578, 333, 467, 227, 519, 543, 542, 326, 186, 557, 231, 343]",8.133333333333333,0.00224441247385206,0.007382115663765459,0.3350877192982456,0.06140350877192982,0.007017543859649123,0.0,1.7695035460992907,3.0,0.010526315789473684,0.4982456140350877,12.531578947368422,0.29605423955120996,0.44541670520765886,0.005849599546621005,3.4367816091954024,0.7460758874963468,0.0824561403508772,0.2631578947368421,0.3,1.047935999929905,30,False,1608.0,False
735,train,feature_diverse,paper,paper,3165569293,2026,600,30,0.7,"[1, 47, 70, 133, 148, 157, 172, 179, 181, 182, 223, 241, 257, 265, 362, 375, 377, 389, 408, 418, 420, 469, 475, 485, 502, 504, 525, 531, 556, 589]","[575, 285, 84, 397, 14, 584, 244, 500, 353, 538, 77, 566, 461, 69, 85, 583, 90, 578, 514, 373, 125, 214, 543, 135, 116, 356, 400, 252, 207, 470]",6.433333333333334,0.0018004096216343868,0.007443138263717499,0.25263157894736843,0.05789473684210526,0.010526315789473684,0.0,1.9184397163120568,3.0,0.010526315789473684,0.39473684210526316,11.345614035087719,0.23194178268220542,0.5610890142755836,0.008430274445691659,3.5839080459770116,0.7198007828148792,0.0824561403508772,0.9543859649122807,0.9566666666666667,1.0652249590493739,30,False,2378.0,True
736,train,feature_diverse,paper,paper,3165569293,2026,600,30,0.7,"[36, 45, 46, 144, 150, 177, 186, 248, 263, 265, 294, 295, 309, 318, 331, 339, 364, 375, 378, 381, 415, 419, 428, 442, 467, 474, 515, 539, 566, 599]","[589, 512, 192, 486, 216, 235, 388, 348, 567, 69, 354, 506, 456, 83, 442, 47, 222, 583, 188, 556, 190, 212, 275, 32, 204, 45, 299, 453, 191, 88]",5.033333333333333,0.0014763689198097237,0.0023300977938556394,0.20526315789473684,0.03684210526315789,0.0017543859649122807,0.0,2.0,4.0,0.010526315789473684,0.30350877192982456,10.624561403508771,0.20051159766332088,0.6321524373323467,0.00576008920836507,3.682758620689655,0.7827679180420224,0.08421052631578947,0.6017543859649123,0.6216666666666667,1.0179039998911321,30,False,1882.0,False
737,train,feature_diverse,paper,paper,3165569293,2026,600,30,0.7,"[17, 52, 75, 81, 86, 109, 130, 161, 185, 204, 213, 244, 256, 282, 309, 317, 321, 328, 355, 370, 379, 387, 415, 453, 481, 517, 570, 587, 593, 597]","[166, 220, 351, 593, 35, 257, 305, 545, 311, 289, 270, 97, 573, 357, 456, 18, 458, 189, 177, 401, 483, 361, 190, 255, 292, 52, 366, 352, 505, 559]",6.933333333333334,0.0019414942844121308,0.006011625797034596,0.2894736842105263,0.054385964912280704,0.010526315789473684,0.0,1.8280141843971631,3.0,0.010526315789473684,0.443859649122807,12.243859649122808,0.26461793656700017,0.5068911294052354,0.00876468333364885,3.6022988505747127,0.7581446497546984,0.0912280701754386,0.9245614035087719,0.9283333333333333,0.8388192078564316,27,True,2370.0,True
738,train,feature_diverse,paper,paper,3165569293,2026,600,30,0.7,"[1, 2, 27, 31, 45, 87, 103, 141, 187, 191, 217, 229, 233, 250, 251, 270, 289, 334, 372, 375, 433, 469, 470, 494, 501, 522, 547, 552, 571, 589]","[575, 592, 579, 482, 512, 245, 295, 9, 146, 140, 13, 527, 443, 238, 336, 150, 66, 205, 293, 583, 115, 214, 138, 170, 510, 367, 109, 320, 91, 470]",6.266666666666667,0.0017776745779544674,0.004950085280781395,0.2649122807017544,0.03859649122807018,0.008771929824561403,0.0,1.9060283687943262,4.0,0.010526315789473684,0.39649122807017545,11.005263157894737,0.2406563704114722,0.5423241759935867,0.006314311682581495,3.7471264367816093,0.8289273214591107,0.09824561403508772,0.9456140350877194,0.9483333333333334,0.8087437502108514,26,True,2376.0,True
739,train,feature_diverse,paper,paper,3165569293,2026,600,30,0.7,"[12, 39, 72, 90, 108, 130, 133, 153, 159, 215, 216, 236, 301, 316, 321, 341, 369, 402, 410, 417, 459, 484, 489, 495, 519, 522, 540, 562, 567, 595]","[148, 444, 68, 318, 449, 305, 397, 362, 365, 452, 342, 475, 369, 42, 458, 341, 569, 41, 25, 296, 597, 469, 31, 206, 80, 367, 53, 407, 428, 120]",5.9,0.0016829479870091556,0.004026985916205216,0.24561403508771928,0.0456140350877193,0.008771929824561403,0.0,1.9361702127659575,4.0,0.010526315789473684,0.35789473684210527,11.14561403508772,0.23202288860699655,0.5701168562883483,0.008450953861704368,3.6252873563218393,0.6297821779643125,0.0912280701754386,0.9543859649122807,0.9566666666666667,0.8611066660378128,27,True,2378.0,True
740,train,feature_diverse,paper,paper,3165569293,2026,600,30,0.7,"[4, 35, 36, 37, 50, 60, 84, 105, 117, 138, 142, 145, 148, 164, 168, 191, 205, 254, 264, 310, 325, 361, 389, 403, 472, 509, 535, 543, 550, 587]","[594, 479, 589, 217, 78, 306, 471, 372, 48, 395, 451, 297, 14, 498, 436, 140, 524, 319, 174, 86, 382, 536, 578, 22, 237, 547, 178, 110, 485, 352]",6.766666666666667,0.001905799004507495,0.00685815119774747,0.2631578947368421,0.054385964912280704,0.010526315789473684,0.0,1.929078014184397,4.0,0.010526315789473684,0.3929824561403509,11.033333333333333,0.23822345300510844,0.5455307865445688,0.00798458498204704,3.528735632183908,0.6941946586698635,0.08947368421052632,0.47017543859649125,0.49666666666666665,0.9626440829597414,30,False,1824.0,False
741,train,feature_diverse,paper,paper,3165569293,2026,600,30,0.7,"[7, 62, 64, 77, 89, 106, 131, 141, 148, 186, 191, 202, 209, 231, 243, 283, 307, 311, 343, 347, 356, 390, 426, 429, 446, 452, 455, 519, 531, 556]","[225, 262, 384, 398, 180, 439, 474, 9, 14, 388, 140, 405, 346, 532, 416, 517, 429, 385, 248, 307, 98, 232, 425, 23, 208, 313, 112, 80, 252, 207]",6.233333333333333,0.0017991266993134293,0.006722434972518534,0.2631578947368421,0.042105263157894736,0.005263157894736842,0.0,1.8831858407079647,3.0,0.008771929824561403,0.3719298245614035,11.291228070175439,0.24391677632928055,0.5441494773841458,0.005593091079906495,3.5147783251231526,0.7219383629796431,0.08421052631578947,0.3631578947368421,0.395,0.9735544160939753,30,False,1672.0,False
742,train,feature_diverse,paper,paper,3165569293,2026,600,30,0.7,"[13, 31, 41, 56, 66, 83, 99, 123, 183, 201, 253, 267, 281, 284, 289, 294, 318, 319, 321, 352, 355, 376, 383, 394, 425, 431, 449, 522, 558, 583]","[74, 482, 56, 426, 379, 558, 76, 156, 525, 175, 430, 389, 408, 516, 66, 354, 83, 550, 458, 497, 177, 87, 157, 169, 331, 328, 24, 367, 503, 530]",6.566666666666666,0.0018673919003888023,0.005315362641986188,0.28771929824561404,0.0456140350877193,0.0017543859649122807,0.0,1.8421985815602837,4.0,0.010526315789473684,0.39649122807017545,10.901754385964912,0.2617919014926863,0.5092220886134493,0.004833267321273318,3.682758620689655,0.6561852819982701,0.08070175438596491,0.28771929824561404,0.3233333333333333,0.9623674580361694,30,False,1580.0,False
743,train,feature_diverse,paper,paper,3165569293,2026,600,30,0.7,"[8, 33, 54, 68, 127, 165, 178, 186, 224, 225, 246, 253, 279, 281, 295, 296, 314, 363, 393, 428, 431, 455, 464, 492, 508, 514, 517, 522, 544, 598]","[147, 73, 317, 49, 462, 213, 492, 388, 329, 131, 392, 430, 160, 408, 506, 445, 491, 489, 239, 275, 328, 112, 533, 326, 581, 215, 52, 367, 282, 435]",6.7,0.001905040844638613,0.005095022377632449,0.28596491228070176,0.043859649122807015,0.0017543859649122807,0.0,1.870796460176991,4.0,0.008771929824561403,0.4087719298245614,11.498245614035088,0.2595521137254247,0.5115468812629113,0.0051363114523678205,3.522167487684729,0.720135273083105,0.07017543859649122,0.3684210526315789,0.4,0.957929875003174,30,False,1636.0,False
744,train,feature_diverse,paper,paper,3165569293,2026,600,30,0.7,"[26, 46, 56, 65, 76, 92, 94, 97, 100, 141, 145, 147, 161, 165, 188, 193, 206, 232, 382, 386, 399, 434, 449, 453, 461, 463, 544, 564, 583, 585]","[117, 192, 426, 568, 259, 26, 81, 104, 529, 9, 297, 171, 545, 213, 265, 386, 415, 288, 291, 16, 263, 431, 24, 255, 290, 377, 282, 58, 530, 231]",6.233333333333333,0.0017939210091986947,0.006833149767014351,0.256140350877193,0.04035087719298246,0.0035087719298245615,0.0,1.9221238938053098,4.0,0.008771929824561403,0.38421052631578945,10.805263157894737,0.2337749473474952,0.5550519532574847,0.006237204500572816,3.6206896551724137,0.7548962143797526,0.06842105263157895,0.9263157894736842,0.93,0.9428835830185562,30,False,2362.0,True
745,train,feature_diverse,paper,paper,3165569293,2026,600,30,0.7,"[61, 63, 72, 126, 140, 141, 147, 168, 225, 233, 236, 237, 238, 243, 258, 264, 279, 284, 310, 312, 320, 341, 405, 425, 452, 471, 501, 520, 521, 556]","[410, 399, 68, 124, 71, 9, 171, 436, 131, 443, 475, 437, 266, 416, 272, 174, 160, 516, 86, 446, 70, 341, 523, 331, 313, 519, 510, 308, 464, 207]",5.933333333333334,0.001697233490742269,0.003772809241546843,0.2543859649122807,0.03333333333333333,0.0035087719298245615,0.0,1.9219858156028369,4.0,0.010526315789473684,0.387719298245614,11.598245614035088,0.23402187712785685,0.55719174914439,0.004673692508378107,3.581609195402299,0.7591494401608353,0.07368421052631578,0.4982456140350877,0.5233333333333333,1.0042547499760985,30,False,1792.0,False
746,train,feature_diverse,paper,paper,3165569293,2026,600,30,0.7,"[9, 20, 30, 53, 55, 79, 82, 86, 87, 95, 151, 186, 199, 210, 235, 275, 276, 289, 314, 324, 337, 436, 446, 475, 485, 501, 516, 564, 571, 598]","[391, 507, 402, 345, 515, 374, 196, 35, 245, 79, 63, 388, 460, 64, 55, 371, 103, 66, 491, 62, 494, 383, 208, 543, 135, 510, 534, 58, 91, 435]",5.133333333333334,0.0015475686413465252,0.0035047645199669146,0.24035087719298245,0.01929824561403509,0.0,0.0,1.952296819787986,4.0,0.007017543859649123,0.2578947368421053,8.787719298245614,0.21737313608793787,0.578429377485894,0.0023190028362442155,3.9021164021164023,0.8220946408395335,0.06140350877192982,0.18596491228070175,0.22666666666666666,0.9671844590920955,30,False,1478.0,False
747,train,feature_diverse,paper,paper,3165569293,2026,600,30,0.7,"[29, 42, 67, 75, 86, 88, 93, 122, 138, 162, 176, 223, 246, 259, 277, 291, 357, 389, 405, 437, 443, 449, 471, 485, 486, 508, 548, 563, 584, 595]","[82, 17, 0, 351, 35, 8, 394, 520, 395, 278, 194, 77, 392, 155, 38, 277, 504, 578, 523, 30, 3, 24, 519, 135, 542, 581, 224, 477, 149, 120]",6.666666666666667,0.0018731608165865937,0.006455681651858286,0.2894736842105263,0.03859649122807018,0.008771929824561403,0.0,1.8882978723404256,4.0,0.010526315789473684,0.36666666666666664,10.092982456140351,0.2529712287798537,0.5084451022107113,0.0040326454785727375,3.7770114942528736,0.7457413972281209,0.06842105263157895,0.3508771929824561,0.38333333333333336,0.9704355830326676,30,False,1636.0,False
748,train,feature_diverse,paper,paper,3165569293,2026,600,30,0.7,"[13, 43, 55, 57, 71, 78, 87, 94, 95, 102, 118, 168, 180, 224, 228, 239, 244, 297, 376, 388, 389, 408, 410, 450, 458, 468, 513, 528, 550, 573]","[74, 448, 515, 502, 526, 595, 245, 81, 79, 121, 4, 436, 105, 329, 173, 126, 97, 159, 87, 7, 578, 514, 25, 2, 179, 12, 6, 468, 485, 596]",5.7,0.0016581736147685403,0.005266870269671694,0.23684210526315788,0.03859649122807018,0.007017543859649123,0.0,1.952127659574468,4.0,0.010526315789473684,0.29473684210526313,9.298245614035087,0.21313908849053353,0.5850954274966855,0.005714309272262995,3.924137931034483,0.8207772947136158,0.08070175438596491,0.20877192982456141,0.24833333333333332,0.972163749858737,30,False,1496.0,False
749,train,feature_diverse,paper,paper,3165569293,2026,600,30,0.7,"[19, 49, 61, 68, 102, 110, 115, 160, 163, 181, 256, 267, 282, 298, 347, 358, 369, 381, 391, 409, 435, 441, 448, 457, 461, 497, 509, 540, 575, 579]","[552, 72, 410, 49, 121, 113, 132, 57, 309, 353, 573, 389, 357, 546, 307, 323, 569, 556, 163, 39, 249, 380, 467, 227, 290, 186, 547, 53, 267, 440]",5.266666666666667,0.0015422913751831962,0.002706690541371394,0.22456140350877193,0.042105263157894736,0.007017543859649123,0.0,1.9875886524822695,4.0,0.010526315789473684,0.28596491228070176,9.598245614035088,0.21566992109708832,0.6021336293281534,0.007069844549560574,3.845977011494253,0.6901479238045164,0.09649122807017543,0.9368421052631579,0.94,0.9381214999593794,30,False,2376.0,True
750,train,feature_diverse,paper,paper,3165569293,2026,600,30,0.7,"[19, 26, 67, 110, 180, 200, 269, 285, 301, 308, 322, 326, 357, 361, 372, 378, 380, 400, 409, 419, 433, 470, 494, 519, 532, 554, 555, 565, 576, 588]","[552, 117, 0, 113, 105, 404, 390, 314, 369, 256, 162, 412, 504, 536, 293, 188, 334, 197, 39, 212, 115, 138, 170, 80, 387, 522, 312, 36, 253, 283]",5.3,0.001585137363526783,0.0032274739793748232,0.24561403508771928,0.021052631578947368,0.0017543859649122807,0.0,1.9397163120567376,4.0,0.010526315789473684,0.2631578947368421,9.166666666666666,0.2227767459190603,0.5705115160484692,0.003326143843385223,3.9701149425287356,0.726839954350192,0.08070175438596491,0.17543859649122806,0.21666666666666667,1.0672256250400096,30,True,1518.0,False
751,train,feature_diverse,paper,paper,3165569293,2026,600,30,0.7,"[36, 71, 78, 86, 130, 225, 231, 246, 247, 260, 275, 280, 289, 320, 342, 367, 379, 386, 390, 408, 422, 424, 491, 495, 505, 518, 541, 581, 584, 591]","[589, 526, 595, 35, 305, 131, 532, 392, 286, 93, 371, 580, 66, 70, 218, 200, 483, 16, 232, 514, 119, 164, 136, 206, 236, 158, 61, 185, 149, 347]",4.766666666666667,0.001440228183634242,0.002624937830016167,0.21052631578947367,0.02631578947368421,0.007017543859649123,0.0,2.072566371681416,4.0,0.008771929824561403,0.256140350877193,9.064912280701755,0.20007513488354164,0.6240187463386058,0.0050327514120617565,3.8817733990147785,0.7568273036287806,0.06666666666666667,0.18421052631578946,0.225,1.0338236251845956,30,False,1544.0,False
752,train,feature_diverse,paper,paper,3165569293,2026,600,30,0.7,"[24, 47, 55, 73, 85, 94, 106, 128, 131, 140, 171, 257, 280, 286, 296, 320, 338, 353, 359, 397, 400, 440, 443, 449, 482, 503, 512, 517, 564, 592]","[590, 285, 515, 302, 273, 81, 439, 210, 474, 71, 268, 461, 580, 484, 445, 70, 108, 549, 537, 418, 197, 247, 3, 24, 375, 572, 99, 52, 58, 241]",6.7,0.001902790222100344,0.006724845735265997,0.27017543859649124,0.04736842105263158,0.007017543859649123,0.0,1.8692579505300353,4.0,0.007017543859649123,0.38070175438596493,10.840350877192982,0.24424463253510195,0.5347269756112601,0.006774251273001897,3.544973544973545,0.8320477574815663,0.07543859649122807,0.5368421052631579,0.56,0.9954187499824911,30,False,1830.0,False
753,train,feature_diverse,paper,paper,3165569293,2026,600,30,0.7,"[2, 14, 50, 51, 75, 78, 114, 118, 152, 156, 159, 177, 180, 230, 287, 289, 301, 315, 323, 325, 346, 381, 386, 392, 425, 447, 463, 465, 483, 539]","[592, 145, 78, 447, 351, 595, 199, 4, 521, 143, 365, 235, 105, 29, 165, 66, 369, 246, 433, 382, 261, 556, 16, 419, 331, 315, 377, 582, 19, 453]",5.4,0.0015925763065330006,0.0029480320757619026,0.22631578947368422,0.03684210526315789,0.0,0.0,1.9804964539007093,4.0,0.010526315789473684,0.3157894736842105,9.912280701754385,0.21498685740031145,0.5994573428298338,0.004729571195088437,3.8735632183908044,0.6821258964115117,0.07719298245614035,0.2578947368421053,0.295,0.9929698340129107,30,False,1578.0,False
754,train,feature_diverse,paper,paper,3165569293,2026,600,30,0.7,"[11, 18, 30, 32, 35, 71, 87, 110, 127, 194, 209, 225, 246, 275, 287, 306, 328, 356, 369, 376, 380, 389, 391, 428, 452, 502, 504, 539, 551, 592]","[495, 508, 402, 457, 479, 526, 245, 113, 462, 284, 346, 131, 392, 371, 165, 301, 189, 98, 569, 87, 334, 578, 163, 275, 313, 116, 356, 453, 75, 241]",6.7,0.0019235866178850109,0.006956417700041309,0.2807017543859649,0.0456140350877193,0.0017543859649122807,0.0,1.8812056737588652,3.0,0.010526315789473684,0.37719298245614036,10.805263157894737,0.25486375873658895,0.5194339099065767,0.003640836890933884,3.657471264367816,0.8131463146036375,0.0824561403508772,0.9350877192982456,0.9383333333333334,0.9380473750643432,30,False,2378.0,True
755,train,feature_diverse,paper,paper,3165569293,2026,600,30,0.7,"[42, 58, 61, 91, 167, 175, 180, 246, 257, 266, 273, 275, 301, 307, 313, 338, 339, 387, 398, 463, 464, 482, 486, 491, 517, 522, 549, 552, 555, 561]","[17, 358, 410, 37, 585, 271, 105, 392, 461, 67, 438, 371, 369, 429, 102, 108, 47, 361, 411, 377, 533, 375, 542, 136, 52, 367, 561, 320, 312, 229]",5.566666666666666,0.0015977380883063135,0.003423931786162837,0.22807017543859648,0.043859649122807015,0.007017543859649123,0.0,1.9929453262786596,4.0,0.005263157894736842,0.34035087719298246,10.570175438596491,0.21809184791885144,0.5966453920389726,0.006266230576575405,3.4786324786324787,0.8092275790907806,0.07543859649122807,0.9473684210526315,0.95,0.7635894999839365,24,True,2374.0,True
756,train,feature_diverse,paper,paper,3165569293,2026,600,30,0.7,"[0, 17, 50, 52, 85, 99, 121, 130, 144, 186, 237, 263, 268, 363, 366, 369, 384, 393, 394, 409, 417, 421, 423, 482, 483, 497, 528, 540, 553, 564]","[509, 166, 78, 220, 273, 76, 434, 305, 486, 388, 437, 567, 242, 489, 587, 569, 564, 239, 169, 39, 296, 201, 269, 375, 19, 186, 468, 53, 141, 58]",5.333333333333333,0.001546814896678496,0.0033449590541128247,0.22456140350877193,0.028070175438596492,0.005263157894736842,0.0,1.9487632508833923,3.0,0.007017543859649123,0.3140350877192982,10.06842105263158,0.2075117839826778,0.6024419572657479,0.005169747001710277,3.693121693121693,0.8540696363819511,0.08596491228070176,0.41754385964912283,0.44666666666666666,0.9545000421348959,30,False,1728.0,False
757,train,feature_diverse,paper,paper,3165569293,2026,600,30,0.7,"[1, 4, 11, 12, 20, 114, 162, 189, 193, 247, 261, 273, 288, 294, 314, 329, 353, 370, 379, 418, 438, 439, 451, 458, 484, 490, 501, 545, 547, 578]","[575, 594, 495, 148, 507, 199, 278, 46, 386, 286, 279, 438, 233, 354, 491, 554, 549, 401, 483, 373, 40, 565, 577, 179, 469, 381, 510, 376, 109, 106]",5.566666666666666,0.001607992237255103,0.003570164463318648,0.23684210526315788,0.03684210526315789,0.0017543859649122807,0.0,1.961061946902655,4.0,0.008771929824561403,0.35789473684210527,10.677192982456141,0.224107798811989,0.583294792341134,0.0048014150600357505,3.6551724137931036,0.6593057180207259,0.09298245614035087,0.8175438596491228,0.8266666666666667,0.9527707500383258,30,False,2240.0,False
758,train,feature_diverse,paper,paper,3165569293,2026,600,30,0.7,"[50, 68, 76, 103, 186, 190, 236, 263, 268, 270, 292, 300, 303, 313, 318, 322, 329, 347, 358, 369, 375, 380, 402, 406, 472, 479, 506, 573, 574, 581]","[78, 49, 259, 295, 388, 562, 475, 567, 242, 150, 304, 151, 281, 102, 83, 162, 554, 307, 323, 569, 583, 334, 41, 276, 237, 518, 183, 596, 193, 185]",5.033333333333333,0.0014969690261133622,0.0038300085284472918,0.21228070175438596,0.028070175438596492,0.0035087719298245615,0.0,2.0194690265486726,4.0,0.008771929824561403,0.25263157894736843,9.53859649122807,0.19725867097527025,0.6215397897203465,0.004597270545546407,3.79064039408867,0.6558507917300442,0.06315789473684211,0.15964912280701754,0.20166666666666666,0.9790291250683367,30,False,1458.0,False
759,train,feature_diverse,paper,paper,3165569293,2026,600,30,0.7,"[37, 65, 69, 97, 123, 149, 159, 177, 206, 210, 220, 248, 295, 314, 321, 333, 374, 412, 451, 462, 468, 472, 488, 490, 498, 516, 542, 563, 587, 595]","[217, 568, 501, 104, 156, 465, 365, 235, 415, 64, 337, 348, 506, 491, 458, 294, 111, 184, 577, 335, 12, 237, 134, 381, 591, 534, 223, 477, 352, 120]",5.4,0.0015791841366754311,0.005485598916719781,0.23333333333333334,0.02631578947368421,0.0017543859649122807,0.0,1.976991150442478,4.0,0.008771929824561403,0.2596491228070175,9.054385964912282,0.2084653221200604,0.590047174174452,0.003207745332771469,3.9876847290640396,0.7129681021953023,0.06842105263157895,0.36666666666666664,0.3983333333333333,0.971261166036129,30,False,1678.0,False
760,train,feature_diverse,paper,paper,3165569293,2026,600,30,0.7,"[36, 41, 43, 49, 64, 115, 116, 163, 176, 187, 194, 220, 240, 265, 310, 330, 368, 409, 411, 435, 448, 472, 496, 513, 518, 524, 544, 573, 578, 583]","[589, 56, 448, 72, 384, 132, 598, 309, 194, 146, 284, 337, 54, 69, 86, 228, 396, 39, 10, 249, 467, 237, 360, 6, 158, 393, 282, 596, 106, 530]",6.233333333333333,0.0017512900095177093,0.004438404435612006,0.23333333333333334,0.056140350877192984,0.005263157894736842,0.0,1.99645390070922,4.0,0.010526315789473684,0.37894736842105264,11.956140350877194,0.22370421834624662,0.5889186939228563,0.01147280902684134,3.4114942528735632,0.7059508652084343,0.06842105263157895,0.3631578947368421,0.395,0.956173500046134,30,False,1704.0,False
761,train,feature_diverse,paper,paper,3165569293,2026,600,30,0.7,"[15, 77, 95, 120, 151, 154, 156, 157, 174, 175, 187, 244, 254, 259, 274, 299, 341, 358, 374, 375, 421, 447, 470, 478, 483, 496, 499, 531, 558, 572]","[50, 398, 79, 27, 63, 420, 143, 584, 316, 271, 146, 97, 319, 155, 161, 251, 341, 323, 111, 583, 201, 315, 138, 202, 19, 360, 432, 252, 503, 211]",6.2,0.0017634616662129518,0.005728014264592076,0.24561403508771928,0.05263157894736842,0.014035087719298246,0.0,1.9397163120567376,4.0,0.010526315789473684,0.39473684210526316,10.628070175438596,0.23131240494714567,0.5705978478709955,0.009333246505439747,3.7655172413793103,0.7069337210661263,0.08947368421052632,0.9631578947368421,0.965,0.696282957913354,22,True,2378.0,True
762,train,feature_diverse,paper,paper,3165569293,2026,600,30,0.7,"[12, 36, 74, 118, 136, 140, 149, 162, 173, 177, 253, 269, 331, 358, 377, 390, 391, 397, 415, 457, 464, 480, 485, 524, 533, 556, 557, 579, 582, 585]","[148, 589, 107, 4, 195, 71, 465, 278, 363, 235, 430, 390, 442, 323, 90, 232, 163, 418, 190, 227, 533, 243, 135, 393, 203, 207, 368, 440, 540, 231]",5.166666666666667,0.001525518774596972,0.002657680126351763,0.23333333333333334,0.017543859649122806,0.0035087719298245615,0.0,1.961061946902655,3.0,0.008771929824561403,0.2771929824561403,9.728070175438596,0.21235704015320195,0.5890173588628865,0.00318369370093508,3.751231527093596,0.7198007828148792,0.0824561403508772,0.3280701754385965,0.3616666666666667,0.951678124954924,30,False,1642.0,False
763,train,feature_diverse,paper,paper,3165569293,2026,600,30,0.7,"[4, 8, 9, 14, 45, 62, 69, 102, 108, 152, 160, 179, 317, 319, 341, 355, 382, 448, 451, 464, 465, 468, 480, 487, 514, 520, 552, 557, 566, 580]","[594, 147, 391, 145, 512, 262, 501, 121, 449, 521, 57, 500, 18, 550, 341, 177, 291, 467, 577, 533, 582, 12, 243, 44, 215, 308, 320, 368, 191, 60]",6.533333333333333,0.00184964510855264,0.0054500978303387414,0.25263157894736843,0.04736842105263158,0.012280701754385965,0.0,1.9095744680851063,3.0,0.010526315789473684,0.4543859649122807,12.147368421052631,0.23726324566921134,0.5597508710264237,0.00862892944779633,3.475862068965517,0.6928773125439458,0.08771929824561403,0.9473684210526315,0.95,0.6369679588824511,20,True,2378.0,True
764,train,feature_diverse,paper,paper,3165569293,2026,600,30,0.7,"[40, 45, 49, 50, 59, 72, 75, 80, 82, 116, 125, 148, 169, 204, 245, 246, 308, 340, 418, 421, 424, 451, 464, 477, 483, 490, 491, 572, 587, 599]","[459, 512, 72, 78, 555, 68, 351, 403, 196, 598, 280, 14, 327, 289, 59, 392, 256, 450, 373, 201, 164, 577, 533, 423, 19, 381, 136, 211, 352, 88]",7.5,0.002104778676466303,0.006871893035127187,0.3087719298245614,0.054385964912280704,0.010526315789473684,0.0,1.8280141843971631,4.0,0.010526315789473684,0.45789473684210524,11.519298245614035,0.27407860195207306,0.4806647550334536,0.006626044860197486,3.6,0.7612650857771542,0.08596491228070176,0.9368421052631579,0.94,0.9331870418973267,30,False,2374.0,True
765,train,feature_diverse,paper,paper,3165569293,2026,600,30,0.7,"[37, 56, 66, 70, 86, 107, 109, 110, 116, 156, 170, 188, 193, 209, 251, 287, 288, 294, 298, 302, 328, 366, 367, 381, 387, 423, 445, 517, 565, 587]","[217, 426, 379, 84, 35, 168, 257, 113, 598, 143, 553, 265, 386, 346, 336, 165, 233, 354, 546, 129, 189, 587, 200, 556, 361, 269, 378, 52, 36, 352]",6.533333333333333,0.0018749421183885048,0.005720972980235265,0.2789473684210526,0.031578947368421054,0.007017543859649123,0.0,1.8475177304964538,4.0,0.010526315789473684,0.356140350877193,10.89298245614035,0.24846682339110876,0.5222150279036784,0.0048854307641849355,3.67816091954023,0.6199570606747697,0.0912280701754386,0.9438596491228071,0.9466666666666667,0.8105414998717606,26,True,2378.0,True
766,train,feature_diverse,paper,paper,3165569293,2026,600,30,0.7,"[13, 21, 23, 41, 49, 53, 90, 97, 108, 132, 165, 186, 215, 217, 229, 230, 257, 262, 292, 316, 337, 378, 401, 414, 421, 482, 505, 507, 530, 582]","[74, 127, 122, 56, 72, 345, 318, 104, 449, 544, 213, 388, 452, 13, 527, 29, 461, 541, 304, 42, 494, 188, 427, 333, 201, 375, 236, 421, 324, 540]",6.3,0.0018171304539169905,0.0055103678606258175,0.25263157894736843,0.05789473684210526,0.005263157894736842,0.0,1.920353982300885,4.0,0.008771929824561403,0.36140350877192984,11.564912280701755,0.24177604049869886,0.5594918755588444,0.010343966003195211,3.4507389162561575,0.7897851550288901,0.08947368421052632,0.9456140350877194,0.9483333333333334,0.921840166207403,30,False,2378.0,True
767,train,feature_diverse,paper,paper,3165569293,2026,600,30,0.7,"[15, 31, 77, 88, 120, 139, 173, 174, 186, 212, 230, 256, 259, 280, 292, 294, 302, 375, 407, 423, 435, 443, 462, 491, 517, 526, 528, 535, 538, 580]","[50, 482, 398, 8, 27, 152, 363, 316, 388, 496, 29, 573, 155, 580, 304, 354, 129, 583, 114, 269, 249, 3, 335, 136, 52, 264, 468, 178, 95, 60]",4.8,0.001449699590939849,0.0029346441082037746,0.20526315789473684,0.02631578947368421,0.007017543859649123,0.0,2.030141843971631,4.0,0.010526315789473684,0.21929824561403508,8.456140350877194,0.19503192981823972,0.632411432799926,0.0052853041963749755,4.135632183908046,0.7431619423896266,0.07543859649122807,0.3087719298245614,0.3433333333333333,0.9525071671232581,30,False,1578.0,False
768,train,feature_diverse,paper,paper,3165569293,2026,600,30,0.7,"[1, 30, 68, 85, 92, 124, 138, 149, 152, 155, 210, 217, 252, 286, 334, 347, 382, 391, 397, 407, 423, 427, 428, 439, 449, 456, 524, 531, 555, 589]","[575, 402, 49, 273, 26, 454, 395, 465, 521, 43, 64, 13, 15, 484, 205, 307, 291, 163, 418, 114, 269, 234, 275, 565, 24, 473, 393, 252, 312, 470]",5.666666666666667,0.0016539412855494002,0.004111222408922769,0.25263157894736843,0.031578947368421054,0.0035087719298245615,0.0,1.8936170212765957,3.0,0.010526315789473684,0.3701754385964912,10.673684210526316,0.23280090518221322,0.5598310362901983,0.0035511516081231224,3.7517241379310344,0.7772525835483631,0.08596491228070176,0.9473684210526315,0.95,0.9363969161640853,30,False,2378.0,True
769,train,feature_diverse,paper,paper,3165569293,2026,600,30,0.7,"[6, 43, 68, 90, 100, 116, 125, 188, 218, 232, 235, 298, 327, 340, 345, 351, 420, 426, 430, 461, 463, 475, 497, 514, 534, 535, 570, 587, 594, 597]","[472, 448, 49, 318, 529, 598, 280, 265, 338, 288, 55, 546, 574, 450, 466, 209, 125, 425, 96, 290, 377, 543, 186, 215, 493, 178, 366, 352, 463, 559]",6.433333333333334,0.0018523191728955235,0.005293704623075012,0.2807017543859649,0.03333333333333333,0.0035087719298245615,0.0,1.8563829787234043,3.0,0.010526315789473684,0.3736842105263158,10.921052631578947,0.25045827506013596,0.5197299047266672,0.004267174705161357,3.6919540229885057,0.664022753023984,0.10175438596491228,0.9508771929824561,0.9533333333333334,0.9461595830507576,30,False,2376.0,True
770,train,feature_diverse,paper,paper,3165569293,2026,600,30,0.7,"[8, 13, 14, 43, 44, 50, 65, 68, 127, 144, 149, 221, 226, 234, 271, 304, 316, 331, 338, 340, 389, 464, 480, 482, 500, 510, 516, 562, 577, 594]","[147, 74, 145, 448, 586, 78, 568, 49, 462, 486, 465, 181, 359, 28, 144, 240, 42, 442, 108, 450, 578, 533, 243, 375, 5, 51, 534, 407, 321, 463]",6.733333333333333,0.0018906239980727851,0.006974553570651895,0.2596491228070175,0.05964912280701754,0.012280701754385965,0.0,1.927433628318584,4.0,0.008771929824561403,0.3912280701754386,11.133333333333333,0.2398150496551353,0.550605864397373,0.008444356557126033,3.5246305418719213,0.8100258785811818,0.0824561403508772,0.9578947368421052,0.96,1.1184790418483317,30,False,2378.0,True
771,train,feature_diverse,paper,paper,3165569293,2026,600,30,0.7,"[8, 53, 65, 82, 84, 102, 108, 167, 201, 220, 248, 310, 350, 369, 379, 385, 424, 436, 469, 480, 485, 496, 501, 538, 544, 545, 547, 552, 571, 582]","[147, 345, 568, 196, 471, 121, 449, 585, 175, 337, 348, 86, 413, 569, 483, 364, 164, 383, 214, 243, 135, 360, 510, 95, 282, 376, 109, 320, 91, 540]",6.4,0.0018042322748595815,0.005620342519543857,0.27017543859649124,0.02631578947368421,0.005263157894736842,0.0,1.8687943262411348,3.0,0.010526315789473684,0.387719298245614,11.673684210526316,0.24169082761374755,0.5345049794961921,0.0071263541506949215,3.6413793103448278,0.7927210346840552,0.07894736842105263,0.5228070175438596,0.5466666666666666,1.465089499950409,30,False,1814.0,False
772,train,feature_diverse,paper,paper,3165569293,2026,600,30,0.7,"[5, 20, 65, 84, 92, 100, 122, 187, 191, 202, 228, 267, 268, 296, 317, 328, 339, 384, 393, 461, 473, 477, 482, 505, 525, 531, 552, 571, 573, 578]","[414, 507, 568, 471, 26, 529, 520, 146, 140, 405, 173, 389, 242, 445, 18, 189, 47, 564, 239, 290, 570, 423, 375, 236, 400, 252, 320, 91, 596, 106]",7.133333333333334,0.0020010338560114355,0.007692508653733513,0.2912280701754386,0.04912280701754386,0.012280701754385965,0.0,1.8460176991150443,4.0,0.008771929824561403,0.45614035087719296,11.557894736842105,0.2611759756813111,0.5046526685782999,0.00699173700821097,3.4507389162561575,0.7548962143797526,0.1,0.9350877192982456,0.9383333333333334,1.2893541660159826,30,False,2376.0,True
773,train,feature_diverse,paper,paper,3165569293,2026,600,30,0.7,"[18, 61, 74, 105, 109, 112, 134, 137, 167, 168, 170, 193, 202, 232, 249, 291, 314, 358, 374, 383, 398, 404, 427, 448, 456, 467, 502, 527, 542, 599]","[508, 410, 107, 372, 257, 548, 455, 476, 585, 436, 553, 386, 405, 288, 350, 277, 491, 323, 111, 157, 411, 250, 234, 467, 473, 204, 116, 424, 223, 88]",3.8666666666666667,0.0012154357471012274,0.002279843129159349,0.1824561403508772,0.010526315789473684,0.0035087719298245615,0.0,2.0849557522123896,4.0,0.008771929824561403,0.19298245614035087,7.971929824561403,0.1708218364788535,0.6691456232849259,0.0030120837017388736,4.179802955665025,0.8061071430683249,0.04912280701754386,0.09298245614035087,0.13833333333333334,1.6913855411112309,30,False,1462.0,False
774,train,feature_diverse,paper,paper,3165569293,2026,600,30,0.7,"[3, 29, 37, 60, 78, 85, 113, 127, 138, 141, 148, 187, 211, 213, 245, 260, 299, 324, 334, 343, 351, 354, 364, 409, 417, 482, 487, 574, 580, 592]","[182, 82, 217, 306, 595, 273, 511, 462, 395, 9, 14, 146, 300, 270, 59, 93, 251, 62, 205, 248, 209, 551, 222, 39, 296, 375, 44, 193, 60, 241]",6.6,0.00187977646701522,0.006911435094258134,0.2912280701754386,0.04035087719298246,0.012280701754385965,0.0,1.8336283185840707,4.0,0.008771929824561403,0.4,10.368421052631579,0.2564561226805676,0.5051829926309623,0.004732837696254785,3.8029556650246303,0.7940383808099729,0.09473684210526316,0.9508771929824561,0.9533333333333334,0.9523317909333855,28,True,2378.0,True
775,train,feature_diverse,paper,paper,3165569293,2026,600,30,0.7,"[4, 11, 30, 59, 101, 147, 159, 174, 178, 218, 239, 268, 298, 319, 327, 333, 349, 350, 360, 364, 374, 391, 407, 477, 481, 516, 564, 573, 574, 576]","[594, 495, 402, 555, 409, 171, 365, 316, 492, 338, 126, 242, 546, 550, 574, 294, 531, 413, 139, 222, 111, 163, 114, 423, 292, 534, 58, 596, 193, 253]",5.766666666666667,0.0016788560119714918,0.004673653220361034,0.23508771929824562,0.042105263157894736,0.005263157894736842,0.0,1.9415929203539823,3.0,0.008771929824561403,0.3350877192982456,10.078947368421053,0.22210987017405304,0.5861437424845065,0.005838606809371427,3.7389162561576357,0.7421571519834896,0.08421052631578947,0.5947368421052631,0.615,1.208386291982606,30,False,1910.0,False
776,train,feature_diverse,paper,paper,3165569293,2026,600,30,0.7,"[12, 13, 25, 33, 54, 87, 124, 132, 167, 191, 196, 206, 241, 250, 274, 278, 305, 314, 390, 425, 426, 449, 490, 493, 498, 503, 504, 516, 556, 562]","[148, 74, 118, 73, 317, 245, 454, 544, 585, 140, 258, 415, 566, 238, 161, 487, 89, 491, 232, 331, 425, 24, 381, 123, 591, 572, 356, 534, 207, 407]",6.0,0.0017172341544428587,0.006416456245415705,0.2614035087719298,0.03508771929824561,0.005263157894736842,0.0,1.9134275618374559,3.0,0.007017543859649123,0.36666666666666664,10.56140350877193,0.23476410767119574,0.5475410846976845,0.005345447285003822,3.5211640211640214,0.7969523259166932,0.08596491228070176,0.26666666666666666,0.30333333333333334,1.0304394999984652,30,False,1568.0,False
777,train,feature_diverse,paper,paper,3165569293,2026,600,30,0.7,"[7, 54, 91, 114, 119, 134, 157, 182, 192, 225, 228, 230, 242, 254, 276, 280, 371, 374, 399, 417, 455, 458, 462, 478, 482, 485, 519, 535, 551, 589]","[225, 317, 37, 199, 100, 455, 584, 538, 34, 131, 173, 29, 142, 319, 103, 580, 406, 111, 263, 296, 112, 179, 335, 202, 375, 135, 80, 178, 75, 470]",4.833333333333333,0.0014365908144143356,0.0036260445876032657,0.20877192982456141,0.03508771929824561,0.0,0.0,1.9911660777385158,4.0,0.007017543859649123,0.2912280701754386,9.814035087719299,0.19553898804875805,0.6270711929207905,0.005757244033106102,3.7301587301587302,0.7332088257475936,0.07543859649122807,0.9526315789473684,0.955,1.019655083073303,30,False,2378.0,True
778,train,feature_diverse,paper,paper,3165569293,2026,600,30,0.7,"[17, 71, 87, 133, 157, 159, 165, 186, 216, 219, 230, 254, 265, 270, 292, 301, 322, 328, 349, 467, 473, 498, 513, 514, 526, 527, 536, 551, 564, 586]","[166, 526, 245, 397, 584, 365, 213, 388, 342, 298, 29, 319, 69, 150, 304, 369, 162, 189, 531, 204, 570, 591, 6, 215, 264, 424, 303, 75, 58, 343]",6.033333333333333,0.0017423868546141417,0.006302751387808955,0.2649122807017544,0.03508771929824561,0.010526315789473684,0.0,1.8831858407079647,3.0,0.008771929824561403,0.3736842105263158,10.510526315789473,0.2403355569307948,0.5419603490272253,0.005491757273010609,3.7389162561576357,0.7499946230092037,0.08421052631578947,0.9456140350877194,0.9483333333333334,0.9698300419840962,30,False,2378.0,True
779,train,feature_diverse,paper,paper,3165569293,2026,600,30,0.7,"[22, 23, 26, 32, 64, 67, 81, 91, 98, 128, 156, 166, 179, 201, 218, 222, 225, 255, 293, 298, 321, 328, 421, 459, 488, 496, 506, 535, 538, 544]","[480, 122, 117, 457, 384, 0, 593, 37, 513, 210, 143, 133, 500, 175, 338, 488, 131, 344, 535, 546, 458, 189, 201, 597, 134, 360, 183, 178, 95, 282]",5.4,0.0015887057548600813,0.003559346792061632,0.22105263157894736,0.054385964912280704,0.0035087719298245615,0.0,2.0,4.0,0.008771929824561403,0.3017543859649123,10.505263157894737,0.21530152607589387,0.6074615360897851,0.00864220390082459,3.684729064039409,0.7971588168324286,0.0824561403508772,0.24210526315789474,0.28,0.9459655839018524,30,False,1546.0,False
780,train,feature_diverse,paper,paper,3165569293,2026,600,30,0.7,"[23, 39, 55, 63, 79, 82, 113, 119, 214, 250, 282, 310, 313, 314, 318, 320, 327, 370, 391, 395, 412, 481, 484, 519, 533, 544, 561, 586, 592, 599]","[122, 444, 515, 399, 374, 196, 511, 100, 310, 238, 357, 86, 102, 491, 83, 70, 574, 401, 163, 340, 184, 292, 469, 80, 203, 282, 229, 343, 241, 88]",6.133333333333334,0.0017442076850987913,0.0043478464819923885,0.26666666666666666,0.043859649122807015,0.005263157894736842,0.0,1.8939929328621907,4.0,0.007017543859649123,0.3719298245614035,11.157894736842104,0.24545074039216372,0.5392470631763944,0.004929534459034415,3.560846560846561,0.8220946408395335,0.06842105263157895,0.3263157894736842,0.36,1.0098469161894172,30,False,1636.0,False
781,train,feature_diverse,paper,paper,3165569293,2026,600,30,0.7,"[34, 37, 52, 75, 84, 104, 118, 130, 166, 168, 183, 198, 213, 222, 249, 262, 265, 325, 347, 374, 388, 391, 420, 432, 435, 491, 492, 502, 505, 539]","[422, 217, 220, 351, 471, 130, 4, 305, 133, 436, 525, 187, 270, 488, 350, 541, 69, 382, 307, 111, 7, 163, 125, 571, 249, 136, 326, 116, 236, 453]",4.233333333333333,0.0013074021600436398,0.0016031429882470349,0.18771929824561404,0.021052631578947368,0.0035087719298245615,0.0,2.0868794326241136,4.0,0.010526315789473684,0.18421052631578946,8.057894736842105,0.1820819215201648,0.6603089445934696,0.004508384335970542,4.167816091954023,0.7741321475259072,0.06140350877192982,0.12280701754385964,0.16666666666666666,0.9595764169935137,30,False,1462.0,False
782,train,feature_diverse,paper,paper,3165569293,2026,600,30,0.7,"[14, 15, 20, 65, 121, 163, 172, 201, 230, 236, 241, 245, 248, 271, 303, 394, 398, 439, 445, 471, 484, 500, 504, 521, 526, 548, 556, 557, 572, 583]","[145, 50, 507, 568, 434, 309, 244, 175, 29, 475, 566, 59, 348, 144, 281, 169, 411, 565, 378, 519, 469, 5, 356, 464, 264, 224, 207, 368, 211, 530]",6.266666666666667,0.0017749818810686435,0.006042798239849911,0.2649122807017544,0.03508771929824561,0.008771929824561403,0.0,1.8847517730496455,4.0,0.010526315789473684,0.4070175438596491,10.80877192982456,0.23574509314067535,0.5429346653100238,0.00586550500994505,3.749425287356322,0.7049460748022975,0.07017543859649122,0.9385964912280702,0.9416666666666667,0.9798253749031574,30,False,2354.0,True
783,train,feature_diverse,paper,paper,3165569293,2026,600,30,0.7,"[50, 88, 110, 135, 141, 146, 171, 192, 237, 245, 251, 252, 298, 305, 336, 362, 369, 393, 404, 405, 417, 432, 464, 484, 490, 520, 535, 538, 549, 588]","[78, 8, 113, 21, 9, 370, 268, 34, 437, 59, 336, 15, 546, 89, 219, 85, 569, 239, 250, 523, 296, 571, 533, 469, 381, 308, 178, 95, 561, 283]",6.233333333333333,0.0017822433255879947,0.0052636916578632145,0.25263157894736843,0.043859649122807015,0.015789473684210527,0.0,1.9113475177304964,3.0,0.010526315789473684,0.37543859649122807,10.631578947368421,0.23367169059941112,0.5601578639040483,0.008753040287542412,3.645977011494253,0.7172213279763849,0.08596491228070176,0.9473684210526315,0.95,0.7261396248359233,22,True,2378.0,True
784,train,feature_diverse,paper,paper,3165569293,2026,600,30,0.7,"[19, 48, 74, 76, 151, 159, 177, 201, 204, 208, 219, 221, 237, 256, 260, 278, 279, 287, 290, 304, 340, 350, 375, 447, 448, 479, 483, 512, 529, 545]","[552, 11, 107, 259, 63, 365, 235, 175, 289, 254, 298, 181, 437, 573, 93, 487, 160, 165, 490, 240, 450, 413, 583, 315, 467, 518, 19, 99, 65, 376]",4.633333333333334,0.00139292835657561,0.002716934593805629,0.20175438596491227,0.03508771929824561,0.0035087719298245615,0.0,2.0638297872340425,4.0,0.010526315789473684,0.2736842105263158,8.801754385964912,0.19319922165025408,0.6379613356766256,0.0053377676971143396,4.036781609195402,0.6684605351723576,0.08070175438596491,0.9543859649122807,0.9566666666666667,0.9424172081053257,28,True,2378.0,True
785,train,feature_diverse,paper,paper,3165569293,2026,600,30,0.7,"[46, 76, 84, 88, 99, 119, 143, 177, 178, 190, 211, 226, 262, 299, 308, 325, 326, 331, 354, 361, 378, 394, 450, 479, 482, 484, 488, 495, 506, 546]","[192, 259, 471, 8, 76, 100, 172, 235, 492, 562, 300, 359, 541, 251, 256, 382, 412, 442, 551, 536, 188, 169, 2, 518, 375, 469, 134, 206, 183, 176]",5.033333333333333,0.0014957867438809196,0.0034505861774497344,0.22982456140350876,0.012280701754385965,0.005263157894736842,0.0,1.9539823008849557,4.0,0.008771929824561403,0.3,9.66140350877193,0.2068392609030406,0.5945549286220825,0.0025881056814119697,3.9753694581280787,0.8168585592007588,0.05789473684210526,0.3736842105263158,0.405,0.9695851660799235,30,False,1676.0,False
786,train,feature_diverse,paper,paper,3165569293,2026,600,30,0.7,"[14, 15, 18, 50, 121, 167, 170, 175, 184, 224, 268, 279, 298, 310, 313, 314, 347, 372, 394, 467, 468, 478, 491, 495, 545, 555, 562, 563, 581, 597]","[145, 50, 508, 78, 434, 585, 553, 271, 576, 329, 242, 160, 546, 86, 102, 491, 307, 293, 169, 204, 12, 202, 136, 206, 376, 312, 407, 477, 185, 559]",5.4,0.001593192986770284,0.005079098797136151,0.22280701754385965,0.042105263157894736,0.005263157894736842,0.0,1.9911660777385158,4.0,0.007017543859649123,0.3105263157894737,9.580701754385965,0.2123522272261039,0.6048715814139919,0.006096799114040493,3.740740740740741,0.8100258785811817,0.07368421052631578,0.9491228070175438,0.9516666666666667,0.9211953750345856,30,False,2378.0,True
787,train,feature_diverse,paper,paper,3165569293,2026,600,30,0.7,"[8, 9, 37, 47, 82, 91, 108, 116, 119, 142, 186, 223, 229, 236, 238, 270, 271, 319, 340, 351, 361, 364, 367, 389, 448, 451, 453, 473, 497, 594]","[147, 391, 217, 285, 196, 37, 449, 598, 100, 451, 388, 77, 527, 475, 266, 150, 144, 550, 450, 209, 536, 222, 200, 578, 467, 577, 255, 570, 186, 463]",6.933333333333334,0.0019486607590767427,0.007856983941208906,0.2929824561403509,0.05789473684210526,0.0,0.0,1.8513274336283185,4.0,0.008771929824561403,0.42280701754385963,10.666666666666666,0.2626224941111848,0.5028828662165079,0.004409333013633805,3.665024630541872,0.7643855217996101,0.07894736842105263,0.45964912280701753,0.4866666666666667,0.9263058339711279,30,False,1734.0,False
788,train,feature_diverse,paper,paper,3165569293,2026,600,30,0.7,"[14, 21, 29, 43, 45, 69, 71, 102, 125, 133, 135, 159, 171, 193, 205, 233, 265, 273, 280, 294, 318, 326, 334, 356, 484, 492, 498, 505, 536, 549]","[145, 127, 82, 448, 512, 501, 526, 121, 280, 397, 21, 365, 268, 386, 524, 443, 69, 438, 580, 354, 83, 412, 205, 98, 469, 326, 591, 236, 303, 561]",5.566666666666666,0.0016423605376587847,0.0046883468766392425,0.23333333333333334,0.04912280701754386,0.007017543859649123,0.0,2.0,4.0,0.010526315789473684,0.2929824561403509,10.042105263157895,0.22382479342918568,0.5886411987790213,0.008987970885857082,3.8160919540229883,0.7651838212900113,0.10175438596491228,0.9298245614035088,0.9333333333333333,0.9293280828278512,30,False,2362.0,True
789,train,feature_diverse,paper,paper,3165569293,2026,600,30,0.7,"[7, 32, 59, 62, 102, 103, 154, 166, 177, 182, 192, 196, 198, 207, 224, 230, 237, 239, 290, 313, 337, 361, 369, 425, 477, 512, 518, 527, 533, 545]","[225, 457, 555, 262, 121, 295, 420, 133, 235, 538, 34, 258, 187, 441, 329, 29, 437, 126, 490, 102, 494, 536, 569, 331, 423, 99, 158, 424, 203, 376]",5.766666666666667,0.0016951047401740007,0.004908888601935491,0.23859649122807017,0.03333333333333333,0.0,0.0,1.9628318584070796,3.0,0.008771929824561403,0.3140350877192982,10.214035087719298,0.2217060718468456,0.5808466685166342,0.004148565355461907,3.6945812807881775,0.8160602597103576,0.07894736842105263,0.37894736842105264,0.41,0.9391822500620037,30,False,1692.0,False
790,train,feature_diverse,paper,paper,3165569293,2026,600,30,0.7,"[2, 11, 16, 44, 57, 66, 74, 76, 143, 145, 188, 202, 262, 274, 291, 301, 304, 306, 321, 335, 405, 425, 427, 441, 470, 519, 527, 538, 542, 558]","[592, 495, 128, 586, 502, 379, 107, 259, 172, 297, 265, 405, 541, 161, 277, 369, 240, 301, 458, 221, 523, 331, 234, 380, 138, 80, 424, 95, 223, 503]",4.333333333333333,0.0013401241419717521,0.0022305847495359696,0.20175438596491227,0.012280701754385965,0.0,0.0,2.0567375886524824,4.0,0.010526315789473684,0.18596491228070175,7.954385964912281,0.18755400866341115,0.6380846668516634,0.002289587806829186,4.096551724137931,0.7320760359889668,0.05087719298245614,0.19298245614035087,0.23333333333333334,0.9640149578917772,30,False,1498.0,False
791,train,feature_diverse,paper,paper,3165569293,2026,600,30,0.7,"[18, 37, 56, 61, 91, 102, 125, 172, 187, 189, 193, 216, 228, 236, 237, 263, 277, 295, 314, 342, 371, 388, 395, 472, 478, 499, 521, 536, 564, 587]","[508, 217, 426, 410, 37, 121, 280, 244, 146, 46, 386, 342, 173, 475, 437, 567, 38, 506, 491, 218, 406, 7, 340, 237, 202, 432, 464, 303, 58, 352]",6.266666666666667,0.0017960090029845962,0.0057610894767007115,0.2578947368421053,0.03859649122807018,0.005263157894736842,0.0,1.9241622574955908,3.0,0.005263157894736842,0.37543859649122807,9.657894736842104,0.23026136355972462,0.5528381586655566,0.0033383381580655543,3.754985754985755,0.8088930888225547,0.09473684210526316,0.8228070175438597,0.8316666666666667,0.9548182918224484,30,False,2182.0,False
792,train,feature_diverse,paper,paper,3165569293,2026,600,30,0.7,"[9, 61, 75, 93, 95, 105, 116, 133, 165, 173, 180, 193, 194, 242, 257, 276, 277, 330, 339, 387, 407, 440, 452, 457, 463, 473, 475, 478, 554, 584]","[391, 410, 351, 394, 79, 372, 598, 397, 213, 363, 105, 386, 284, 142, 461, 103, 38, 228, 47, 361, 114, 247, 313, 227, 377, 570, 543, 202, 522, 149]",6.066666666666666,0.001750256433375913,0.006164300252838741,0.2719298245614035,0.03684210526315789,0.0,0.0,1.875886524822695,4.0,0.010526315789473684,0.36666666666666664,10.7,0.2490093019390154,0.5315203650602781,0.003808981330599778,3.7195402298850575,0.7529085681159238,0.0912280701754386,0.9421052631578948,0.945,0.9299652089830488,30,False,2378.0,True
793,train,feature_diverse,paper,paper,3165569293,2026,600,30,0.7,"[3, 5, 37, 59, 60, 64, 73, 89, 90, 102, 133, 241, 253, 282, 325, 337, 351, 353, 354, 375, 389, 393, 412, 480, 524, 549, 553, 554, 579, 597]","[182, 414, 217, 555, 306, 384, 302, 180, 318, 121, 397, 566, 430, 357, 382, 494, 209, 549, 551, 583, 578, 239, 184, 243, 393, 561, 141, 522, 440, 559]",7.7,0.002168180430035505,0.00885339448180724,0.3263157894736842,0.05087719298245614,0.0017543859649122807,0.0,1.7712765957446808,3.0,0.010526315789473684,0.47368421052631576,11.933333333333334,0.28360412142110086,0.457521660037616,0.004822008801884962,3.5310344827586206,0.7649773303742755,0.08771929824561403,0.9421052631578948,0.945,0.9362369999289513,30,False,2378.0,True
794,train,feature_diverse,paper,paper,3165569293,2026,600,30,0.7,"[19, 23, 29, 41, 45, 49, 76, 97, 138, 167, 173, 211, 220, 231, 263, 271, 274, 280, 341, 343, 351, 381, 390, 397, 422, 431, 454, 543, 544, 593]","[552, 122, 82, 56, 512, 72, 259, 104, 395, 585, 363, 300, 337, 532, 567, 144, 161, 580, 341, 248, 209, 556, 232, 418, 119, 328, 198, 110, 282, 505]",5.133333333333334,0.0015106391811467177,0.0034188506229470375,0.22631578947368422,0.031578947368421054,0.005263157894736842,0.0,1.9592920353982302,4.0,0.008771929824561403,0.2894736842105263,10.821052631578947,0.21152497951050073,0.5996485061511424,0.007440465026671923,3.600985221674877,0.8268116758427916,0.07894736842105263,0.8,0.81,0.9563948751892895,30,False,2162.0,False
795,train,feature_diverse,paper,paper,3165569293,2026,600,30,0.7,"[8, 91, 114, 125, 143, 148, 162, 164, 170, 179, 191, 192, 193, 195, 196, 206, 223, 232, 245, 272, 288, 360, 386, 400, 422, 434, 458, 502, 527, 583]","[147, 37, 199, 280, 172, 14, 278, 498, 553, 500, 140, 34, 386, 528, 258, 415, 77, 288, 59, 539, 233, 139, 16, 197, 119, 431, 179, 116, 424, 530]",5.766666666666667,0.001685522864930541,0.004899556729514471,0.24210526315789474,0.03333333333333333,0.0035087719298245615,0.0,1.9592920353982302,3.0,0.008771929824561403,0.2912280701754386,9.621052631578948,0.2185757825983793,0.5762772484814849,0.004431752234855031,3.7586206896551726,0.662889963265357,0.05964912280701754,0.3543859649122807,0.38666666666666666,0.9559943750500679,30,False,1688.0,False
796,train,feature_diverse,paper,paper,3165569293,2026,600,30,0.7,"[20, 40, 53, 109, 112, 140, 160, 162, 169, 180, 186, 190, 205, 210, 216, 281, 287, 302, 333, 371, 389, 395, 401, 440, 445, 449, 450, 509, 546, 594]","[507, 459, 345, 257, 548, 71, 57, 278, 327, 105, 388, 562, 524, 64, 342, 408, 165, 129, 294, 406, 578, 340, 427, 247, 378, 24, 2, 547, 176, 463]",6.9,0.0019634139974362462,0.00767166487603635,0.2964912280701754,0.0456140350877193,0.0035087719298245615,0.0,1.8191489361702127,4.0,0.010526315789473684,0.3824561403508772,10.529824561403508,0.25917754562176404,0.49822094780008014,0.003966629308665882,3.767816091954023,0.7400415063671708,0.07192982456140351,0.23157894736842105,0.27,0.9404089590534568,30,False,1544.0,False
797,train,feature_diverse,paper,paper,3165569293,2026,600,30,0.7,"[29, 55, 58, 65, 72, 88, 105, 126, 175, 206, 207, 211, 280, 326, 366, 375, 385, 394, 402, 404, 407, 422, 436, 495, 516, 523, 532, 553, 587, 596]","[82, 515, 358, 568, 68, 8, 372, 124, 271, 415, 441, 300, 580, 412, 587, 583, 364, 169, 41, 250, 114, 119, 383, 206, 534, 153, 387, 141, 352, 260]",6.2,0.0017706531738126492,0.005860233594208223,0.2578947368421053,0.04736842105263158,0.005263157894736842,0.0,1.925531914893617,4.0,0.010526315789473684,0.3368421052631579,9.812280701754386,0.23540084925082003,0.5527703265192859,0.004899451162234674,3.8689655172413793,0.6800102507951928,0.07543859649122807,0.7298245614035088,0.7433333333333333,0.9341132920235395,30,False,2078.0,False
798,train,feature_diverse,paper,paper,3165569293,2026,600,30,0.7,"[45, 54, 95, 105, 128, 142, 147, 150, 187, 230, 231, 237, 250, 261, 290, 305, 330, 346, 353, 390, 406, 419, 451, 460, 483, 497, 504, 515, 517, 526]","[512, 317, 79, 372, 210, 451, 171, 216, 146, 29, 532, 437, 238, 279, 490, 89, 228, 261, 549, 232, 276, 212, 577, 499, 19, 186, 356, 299, 52, 264]",6.466666666666667,0.001832008249276772,0.005592450186651611,0.28596491228070176,0.0456140350877193,0.005263157894736842,0.0,1.847787610619469,3.0,0.008771929824561403,0.3736842105263158,10.894736842105264,0.2560229190991804,0.5120155397280548,0.004544723674697264,3.7241379310344827,0.8000727619391489,0.09298245614035087,0.9403508771929825,0.9433333333333334,0.9245726659428328,30,False,2378.0,True
799,train,feature_diverse,paper,paper,3165569293,2026,600,30,0.7,"[17, 22, 54, 92, 123, 152, 166, 181, 204, 205, 217, 219, 230, 232, 242, 307, 317, 319, 373, 411, 420, 434, 448, 464, 508, 522, 544, 555, 565, 569]","[166, 480, 317, 26, 156, 521, 133, 353, 289, 524, 13, 298, 29, 288, 142, 429, 18, 550, 332, 10, 125, 431, 467, 533, 581, 367, 282, 312, 36, 167]",6.8,0.0019270231410531116,0.005382909785517859,0.2912280701754386,0.03333333333333333,0.012280701754385965,0.0,1.8102836879432624,3.0,0.010526315789473684,0.4263157894736842,12.014035087719298,0.2578803407939514,0.5045601701970216,0.006349377178618131,3.5494252873563217,0.7389087166085437,0.07719298245614035,0.8912280701754386,0.8966666666666666,0.9375144578516483,30,False,2336.0,False
800,train,feature_diverse,paper,paper,3165569293,2026,600,30,0.7,"[48, 57, 97, 106, 112, 122, 148, 172, 182, 200, 209, 222, 225, 281, 329, 330, 356, 362, 384, 453, 462, 468, 471, 478, 520, 545, 552, 554, 563, 568]","[11, 502, 104, 439, 548, 520, 14, 244, 538, 404, 346, 488, 131, 408, 554, 228, 98, 85, 564, 255, 335, 12, 519, 202, 308, 376, 320, 522, 477, 154]",5.466666666666667,0.001592163644674355,0.005521742812989062,0.23333333333333334,0.02280701754385965,0.005263157894736842,0.0,1.9343971631205674,4.0,0.010526315789473684,0.3719298245614035,10.926315789473684,0.21227784074267603,0.5891406900379244,0.005454098902374764,3.668965517241379,0.7720165019095883,0.07894736842105263,0.9526315789473684,0.955,0.9674272921402007,30,False,2378.0,True
801,train,feature_diverse,paper,paper,3165569293,2026,600,30,0.7,"[11, 23, 24, 27, 28, 92, 101, 121, 124, 181, 208, 248, 285, 314, 327, 344, 345, 359, 391, 414, 449, 489, 501, 508, 517, 526, 539, 541, 545, 552]","[495, 122, 590, 579, 322, 26, 409, 434, 454, 353, 254, 348, 314, 491, 574, 563, 466, 537, 163, 333, 24, 31, 510, 581, 52, 264, 453, 61, 376, 320]",6.666666666666667,0.001883009798519614,0.0054960956071864195,0.28421052631578947,0.04736842105263158,0.007017543859649123,0.0,1.847787610619469,3.0,0.008771929824561403,0.4368421052631579,12.359649122807017,0.25963050481384636,0.5140011716461629,0.0071459435739880655,3.4458128078817736,0.7010273392894405,0.1,0.9473684210526315,0.95,0.9340739578474313,30,False,2378.0,True
802,train,feature_diverse,paper,paper,3165569293,2026,600,30,0.7,"[45, 91, 105, 131, 190, 218, 245, 246, 250, 303, 307, 312, 323, 342, 343, 357, 358, 393, 416, 427, 447, 473, 494, 513, 519, 526, 544, 560, 579, 589]","[512, 37, 372, 474, 562, 338, 59, 392, 238, 281, 429, 446, 433, 218, 248, 504, 323, 239, 355, 234, 315, 570, 170, 6, 80, 264, 282, 557, 440, 470]",5.733333333333333,0.0016860688220370734,0.006149499455467081,0.24210526315789474,0.03684210526315789,0.0017543859649122807,0.0,1.9380530973451326,4.0,0.008771929824561403,0.32105263157894737,9.77017543859649,0.2211489830897648,0.5761477507476952,0.0032736987965446616,3.8817733990147785,0.7948366803003741,0.07719298245614035,0.9578947368421052,0.96,0.8305797912180424,26,True,2378.0,True
803,train,feature_diverse,paper,paper,3165569293,2026,600,30,0.7,"[12, 26, 35, 50, 69, 119, 132, 151, 153, 157, 165, 202, 225, 241, 248, 334, 358, 372, 377, 381, 389, 430, 435, 460, 493, 499, 517, 540, 569, 587]","[148, 117, 479, 78, 501, 100, 544, 63, 362, 584, 213, 405, 131, 566, 348, 205, 323, 293, 90, 556, 578, 96, 249, 499, 123, 432, 52, 53, 167, 352]",7.166666666666667,0.0020087775975562595,0.007770606243928068,0.2929824561403509,0.05964912280701754,0.014035087719298246,0.0,1.8528368794326242,4.0,0.010526315789473684,0.4263157894736842,11.189473684210526,0.2608528061225576,0.5032836925353806,0.010099044074024332,3.645977011494253,0.7457413972281209,0.0912280701754386,0.9473684210526315,0.95,0.9129449999891222,30,False,2378.0,True
804,train,feature_diverse,paper,paper,3165569293,2026,600,30,0.7,"[6, 24, 37, 41, 50, 61, 64, 110, 114, 138, 226, 252, 264, 277, 290, 292, 308, 313, 321, 337, 363, 368, 373, 402, 438, 472, 474, 510, 569, 590]","[472, 590, 217, 56, 78, 410, 384, 113, 199, 395, 359, 15, 174, 38, 490, 304, 256, 102, 458, 494, 489, 396, 332, 41, 40, 237, 45, 51, 167, 20]",6.066666666666666,0.001724579797845893,0.0037496598091724138,0.24736842105263157,0.056140350877192984,0.005263157894736842,0.0,1.966371681415929,4.0,0.008771929824561403,0.3894736842105263,11.95438596491228,0.23687155764206694,0.567372737643758,0.007620813376391468,3.4064039408866993,0.7289555999665109,0.0912280701754386,0.9385964912280702,0.9416666666666667,0.9351538331247866,30,False,2378.0,True
805,train,feature_diverse,paper,paper,3165569293,2026,600,30,0.7,"[25, 30, 46, 51, 75, 163, 169, 199, 207, 237, 315, 327, 350, 378, 396, 402, 436, 445, 458, 475, 491, 496, 506, 514, 525, 552, 574, 576, 580, 591]","[118, 402, 192, 447, 351, 309, 327, 460, 441, 437, 246, 574, 413, 188, 478, 41, 383, 378, 179, 543, 136, 360, 183, 215, 400, 320, 193, 253, 60, 347]",5.933333333333334,0.0016912089941929149,0.0036751545290096416,0.24035087719298245,0.04912280701754386,0.012280701754385965,0.0,1.9397163120567376,4.0,0.010526315789473684,0.39824561403508774,11.83859649122807,0.23053160353999014,0.5779360527857429,0.008227370255767821,3.524137931034483,0.7428274521214007,0.07719298245614035,0.2543859649122807,0.2916666666666667,0.9633314579259604,30,False,1552.0,False
806,train,feature_diverse,paper,paper,3165569293,2026,600,30,0.7,"[20, 21, 50, 68, 71, 82, 99, 139, 152, 188, 289, 318, 321, 330, 351, 378, 382, 390, 398, 405, 444, 456, 495, 528, 544, 546, 565, 572, 592, 596]","[507, 127, 78, 49, 526, 196, 76, 152, 521, 265, 66, 83, 458, 228, 209, 188, 291, 232, 411, 523, 349, 473, 206, 468, 282, 176, 36, 211, 241, 260]",5.333333333333333,0.0015887109495273707,0.0029632595274967977,0.22807017543859648,0.03684210526315789,0.008771929824561403,0.0,1.952212389380531,4.0,0.008771929824561403,0.3,9.692982456140351,0.21325346833656186,0.5969907193290784,0.007333291192317561,3.834975369458128,0.7612650857771542,0.06666666666666667,0.3894736842105263,0.42,0.9523097081109881,30,False,1686.0,False
807,train,feature_diverse,paper,paper,3165569293,2026,600,30,0.7,"[1, 38, 42, 70, 80, 81, 96, 101, 123, 151, 191, 201, 203, 223, 224, 260, 280, 289, 312, 313, 365, 373, 437, 440, 453, 467, 550, 554, 588, 597]","[575, 137, 17, 84, 403, 593, 226, 409, 156, 63, 140, 175, 101, 77, 329, 93, 580, 66, 446, 102, 588, 332, 30, 247, 255, 204, 485, 522, 283, 559]",5.133333333333334,0.0015267610613407363,0.0035407515942196812,0.23333333333333334,0.017543859649122806,0.0017543859649122807,0.0,1.9345132743362832,4.0,0.008771929824561403,0.3017543859649123,9.978947368421053,0.21167642471939013,0.589103690685413,0.0029791855653924617,3.8866995073891624,0.6747741691564181,0.08947368421052632,0.9438596491228071,0.9466666666666667,0.7655494580976665,24,True,2370.0,True
808,train,feature_diverse,paper,paper,3165569293,2026,600,30,0.7,"[34, 39, 54, 99, 105, 115, 152, 157, 158, 172, 175, 186, 215, 221, 222, 249, 287, 317, 342, 344, 371, 389, 398, 414, 420, 441, 473, 479, 488, 592]","[422, 444, 317, 76, 372, 132, 521, 584, 33, 244, 271, 388, 452, 181, 488, 350, 165, 18, 218, 563, 406, 578, 411, 333, 125, 380, 570, 518, 134, 241]",5.933333333333334,0.0017252050591455676,0.006342079229293547,0.25087719298245614,0.04035087719298246,0.0035087719298245615,0.0,1.900709219858156,3.0,0.010526315789473684,0.356140350877193,10.01578947368421,0.22517798878728887,0.5639872968889711,0.004413710829107782,3.8689655172413793,0.8168585592007588,0.05964912280701754,0.23684210526315788,0.275,0.9511355408467352,30,False,1596.0,False
809,train,feature_diverse,paper,paper,3165569293,2026,600,30,0.7,"[2, 24, 35, 39, 40, 66, 68, 102, 144, 161, 199, 272, 281, 356, 369, 370, 372, 381, 389, 426, 446, 449, 459, 473, 488, 551, 552, 578, 586, 597]","[592, 590, 479, 444, 459, 379, 49, 121, 486, 545, 460, 539, 408, 98, 569, 401, 293, 556, 578, 425, 208, 24, 597, 570, 134, 75, 320, 106, 343, 559]",7.8,0.002163300750564235,0.009289346307034586,0.30701754385964913,0.056140350877192984,0.012280701754385965,0.0,1.8085106382978724,4.0,0.010526315789473684,0.4631578947368421,12.436842105263159,0.2743989707470836,0.4830142139179231,0.007701674530604105,3.475862068965517,0.7480635337601755,0.07192982456140351,0.21578947368421053,0.255,0.705098417121917,22,True,1518.0,False
810,train,feature_diverse,paper,paper,3165569293,2026,600,30,0.7,"[19, 32, 56, 65, 69, 84, 89, 98, 123, 127, 146, 212, 216, 246, 250, 260, 281, 291, 303, 313, 363, 377, 392, 451, 476, 504, 510, 547, 579, 587]","[552, 457, 426, 568, 501, 471, 180, 513, 156, 462, 370, 496, 342, 392, 238, 93, 408, 277, 281, 102, 489, 90, 419, 577, 560, 356, 51, 109, 440, 352]",6.933333333333334,0.0019481027062463485,0.007111358444130804,0.2719298245614035,0.056140350877192984,0.007017543859649123,0.0,1.8991150442477875,4.0,0.008771929824561403,0.356140350877193,11.03859649122807,0.24765434552128726,0.532130854376715,0.007118764816649415,3.5591133004926108,0.7457413972281209,0.08596491228070176,0.20877192982456141,0.24833333333333332,0.9734798329882324,30,False,1502.0,False
811,train,feature_diverse,paper,paper,3165569293,2026,600,30,0.7,"[7, 21, 35, 54, 58, 83, 109, 111, 157, 169, 172, 180, 190, 197, 236, 281, 286, 328, 329, 374, 386, 394, 402, 412, 413, 442, 493, 547, 572, 593]","[225, 127, 479, 317, 358, 558, 257, 481, 584, 327, 244, 105, 562, 92, 475, 408, 484, 189, 554, 111, 16, 169, 41, 184, 1, 32, 123, 109, 211, 505]",5.033333333333333,0.0014904182441470497,0.004311946893319344,0.21754385964912282,0.02456140350877193,0.010526315789473684,0.0,2.0,4.0,0.010526315789473684,0.3263157894736842,10.340350877192982,0.20184126253728435,0.6133197669040792,0.007650768771458426,3.8045977011494254,0.7292900902347368,0.06491228070175438,0.9228070175438596,0.9266666666666666,0.9442340841051191,30,False,2354.0,True
812,train,feature_diverse,paper,paper,3165569293,2026,600,30,0.7,"[5, 9, 11, 13, 49, 58, 62, 88, 99, 104, 106, 167, 189, 211, 221, 223, 224, 227, 240, 322, 334, 358, 390, 394, 465, 478, 483, 531, 580, 588]","[414, 391, 495, 74, 72, 358, 262, 8, 76, 130, 439, 585, 46, 300, 181, 77, 329, 94, 54, 162, 205, 323, 232, 169, 582, 202, 19, 252, 60, 283]",5.266666666666667,0.0015397972441540183,0.003492893012440338,0.22807017543859648,0.04736842105263158,0.0017543859649122807,0.0,1.9415929203539823,3.0,0.008771929824561403,0.3140350877192982,10.117543859649123,0.2177085773952836,0.5967872228902661,0.00590010020030304,3.7438423645320196,0.8268116758427916,0.09473684210526316,0.9578947368421052,0.96,0.9021438339259475,29,True,2378.0,True
813,train,feature_diverse,paper,paper,3165569293,2026,600,30,0.7,"[26, 47, 108, 109, 121, 133, 146, 155, 158, 167, 187, 205, 251, 261, 304, 309, 314, 395, 404, 422, 443, 444, 474, 479, 487, 488, 517, 532, 565, 589]","[117, 285, 449, 257, 434, 397, 370, 43, 33, 585, 146, 524, 336, 279, 240, 456, 491, 340, 250, 119, 3, 349, 45, 518, 44, 134, 52, 387, 36, 470]",6.3,0.001794117324443632,0.005383995449970413,0.2894736842105263,0.02456140350877193,0.005263157894736842,0.0,1.8371681415929204,4.0,0.008771929824561403,0.38421052631578945,10.81578947368421,0.2514317520837771,0.5072672894891006,0.0029355871168927987,3.768472906403941,0.7940383808099729,0.06842105263157895,0.2719298245614035,0.30833333333333335,0.9545827920082957,30,False,1578.0,False
814,train,feature_diverse,paper,paper,3165569293,2026,600,30,0.7,"[4, 13, 29, 89, 123, 130, 185, 216, 228, 241, 252, 332, 363, 367, 369, 424, 431, 433, 453, 477, 482, 505, 511, 512, 518, 539, 546, 569, 583, 594]","[594, 74, 82, 180, 156, 305, 311, 342, 173, 566, 15, 274, 489, 200, 569, 164, 328, 115, 255, 423, 375, 236, 417, 99, 158, 453, 176, 167, 530, 463]",5.1,0.001518451947640014,0.002621784292086133,0.22982456140350876,0.02631578947368421,0.005263157894736842,0.0,1.9716814159292035,4.0,0.008771929824561403,0.24385964912280703,9.378947368421052,0.21294136420615592,0.5942959331545031,0.005228558159592642,3.91871921182266,0.7971588168324288,0.08070175438596491,0.9543859649122807,0.9566666666666667,0.925677124876529,30,False,2378.0,True
815,train,feature_diverse,paper,paper,3165569293,2026,600,30,0.7,"[4, 35, 37, 38, 91, 112, 145, 147, 151, 194, 205, 239, 255, 305, 351, 353, 378, 390, 409, 434, 442, 444, 479, 488, 503, 529, 534, 555, 580, 584]","[594, 479, 217, 137, 37, 548, 297, 171, 63, 284, 524, 126, 344, 89, 209, 549, 188, 232, 39, 431, 32, 349, 518, 134, 572, 65, 493, 312, 60, 149]",4.1,0.0012763890731697406,0.0021628495253136174,0.18070175438596492,0.017543859649122806,0.0035087719298245615,0.0,2.081272084805654,4.0,0.007017543859649123,0.22982456140350876,8.456140350877194,0.17233715692321938,0.6718897419295162,0.0038769723252481876,3.9708994708994707,0.7672994669063302,0.06491228070175438,0.7614035087719299,0.7733333333333333,0.9534888751804829,30,False,2066.0,False
816,train,feature_diverse,paper,paper,3165569293,2026,600,30,0.7,"[13, 19, 52, 63, 68, 82, 84, 114, 123, 205, 215, 218, 231, 235, 244, 245, 254, 336, 346, 350, 359, 360, 389, 391, 397, 474, 486, 508, 529, 590]","[74, 552, 220, 399, 49, 196, 471, 199, 156, 524, 452, 338, 532, 55, 97, 59, 319, 219, 261, 413, 537, 139, 578, 163, 418, 45, 542, 581, 65, 20]",7.233333333333333,0.0020323770375856296,0.007109829656019983,0.30701754385964913,0.04912280701754386,0.005263157894736842,0.0,1.8280141843971631,4.0,0.010526315789473684,0.41403508771929826,11.219298245614034,0.26693479394443625,0.4841981931982857,0.005889747452924826,3.5977011494252875,0.674774169156418,0.09649122807017543,0.9491228070175438,0.9516666666666667,0.8423607498407364,27,True,2376.0,True
817,train,feature_diverse,paper,paper,3165569293,2026,600,30,0.7,"[3, 8, 13, 14, 18, 40, 75, 104, 185, 186, 196, 203, 243, 260, 268, 290, 356, 358, 375, 382, 446, 450, 451, 473, 509, 528, 534, 537, 564, 581]","[182, 147, 74, 145, 508, 459, 351, 130, 311, 388, 258, 101, 416, 93, 242, 490, 98, 323, 583, 291, 208, 2, 577, 570, 547, 468, 493, 599, 58, 185]",4.733333333333333,0.0014432152360659577,0.004994193757214471,0.20701754385964913,0.01929824561403509,0.0017543859649122807,0.0,2.0247787610619468,4.0,0.008771929824561403,0.25263157894736843,8.821052631578947,0.19314217075341433,0.6297721456541178,0.0033801160525298458,3.9507389162561575,0.8220946408395335,0.06666666666666667,0.14210526315789473,0.185,0.9578467498067766,30,False,1462.0,False
818,train,feature_diverse,paper,paper,3165569293,2026,600,30,0.7,"[4, 46, 52, 90, 117, 119, 134, 149, 206, 209, 222, 306, 333, 360, 371, 373, 379, 384, 388, 397, 413, 439, 467, 470, 504, 521, 537, 539, 555, 564]","[594, 192, 220, 318, 48, 100, 455, 465, 415, 346, 488, 301, 294, 139, 406, 332, 483, 564, 7, 418, 1, 565, 204, 138, 356, 464, 599, 453, 312, 58]",4.966666666666667,0.0015048275414689563,0.003492052416656996,0.22105263157894736,0.02456140350877193,0.0035087719298245615,0.0,2.0,3.0,0.008771929824561403,0.22280701754385965,8.882456140350877,0.20660259207820872,0.6076711990873493,0.005384385729213315,3.8866995073891624,0.8307304113556485,0.1,0.443859649122807,0.4716666666666667,0.9516434578690678,30,False,1712.0,False
819,train,feature_diverse,paper,paper,3165569293,2026,600,30,0.7,"[4, 15, 17, 25, 31, 32, 76, 83, 98, 120, 135, 156, 223, 228, 231, 262, 279, 290, 317, 323, 353, 355, 380, 389, 459, 466, 475, 477, 551, 587]","[594, 50, 166, 118, 482, 457, 259, 558, 513, 27, 21, 143, 77, 173, 532, 541, 160, 490, 18, 433, 549, 177, 334, 578, 597, 339, 543, 423, 75, 352]",7.766666666666667,0.002160136670279896,0.007760345706764699,0.3263157894736842,0.056140350877192984,0.005263157894736842,0.0,1.774822695035461,4.0,0.010526315789473684,0.46842105263157896,11.826315789473684,0.28832827361177954,0.45673234051737427,0.004191922216249211,3.4942528735632186,0.7628616847579566,0.0824561403508772,0.9508771929824561,0.9533333333333334,0.7711929578799754,25,True,2376.0,True
820,train,feature_diverse,paper,paper,3165569293,2026,600,30,0.7,"[14, 30, 31, 36, 40, 58, 73, 94, 108, 109, 178, 207, 208, 218, 233, 245, 263, 380, 408, 410, 414, 432, 468, 474, 515, 519, 527, 554, 555, 577]","[145, 402, 482, 589, 459, 358, 302, 81, 449, 257, 492, 441, 254, 338, 443, 59, 567, 334, 514, 25, 333, 571, 12, 45, 299, 80, 424, 522, 312, 321]",6.866666666666666,0.0019574524895197816,0.006290766716005724,0.2982456140350877,0.03508771929824561,0.0035087719298245615,0.0,1.820921985815603,4.0,0.010526315789473684,0.41403508771929826,11.496491228070175,0.26034962837878656,0.49553849474300865,0.0071797484795032675,3.632183908045977,0.7720165019095884,0.09298245614035087,0.9508771929824561,0.9533333333333334,0.9745282500516623,30,False,2376.0,True
821,train,feature_diverse,paper,paper,3165569293,2026,600,30,0.7,"[14, 16, 66, 94, 101, 106, 111, 114, 117, 125, 288, 320, 326, 343, 375, 415, 418, 437, 445, 460, 461, 465, 468, 497, 503, 506, 515, 516, 527, 572]","[145, 128, 379, 81, 409, 439, 481, 199, 48, 280, 233, 70, 412, 248, 583, 190, 373, 30, 378, 499, 290, 582, 12, 186, 572, 183, 299, 534, 424, 211]",4.766666666666667,0.001447103228398236,0.0027714675759542757,0.21929824561403508,0.02456140350877193,0.0,0.0,2.0124113475177303,4.0,0.010526315789473684,0.2631578947368421,8.617543859649123,0.2061067837680326,0.6104153177319397,0.0034156010018078988,4.029885057471264,0.6981133941827204,0.06491228070175438,0.22280701754385965,0.26166666666666666,0.9605263341218233,30,True,1546.0,False
822,train,feature_diverse,paper,paper,3165569293,2026,600,30,0.7,"[37, 39, 59, 66, 72, 75, 77, 103, 106, 108, 114, 120, 169, 172, 199, 234, 266, 313, 324, 348, 402, 490, 497, 503, 513, 520, 525, 536, 557, 596]","[217, 444, 555, 379, 68, 351, 398, 295, 439, 449, 199, 27, 327, 244, 460, 28, 67, 102, 62, 325, 41, 381, 186, 572, 6, 308, 400, 303, 368, 260]",5.8,0.0016926264651758417,0.00444390969493662,0.23859649122807017,0.03333333333333333,0.007017543859649123,0.0,1.9787610619469027,4.0,0.008771929824561403,0.29473684210526313,9.766666666666667,0.22289105872716666,0.5807850029291154,0.005708257259981398,3.6748768472906406,0.7948366803003741,0.07543859649122807,0.2578947368421053,0.295,0.9049394589383155,28,True,1570.0,False
823,train,feature_diverse,paper,paper,3165569293,2026,600,30,0.7,"[3, 37, 73, 91, 125, 159, 165, 169, 174, 233, 239, 283, 285, 299, 319, 346, 368, 373, 388, 406, 449, 455, 465, 484, 534, 538, 559, 573, 586, 590]","[182, 217, 302, 37, 280, 365, 213, 327, 316, 443, 126, 517, 314, 251, 550, 261, 396, 332, 7, 276, 24, 112, 582, 469, 493, 95, 330, 596, 343, 20]",6.966666666666667,0.001959040597905062,0.008267018414274888,0.2929824561403509,0.04035087719298246,0.007017543859649123,0.0,1.847787610619469,4.0,0.008771929824561403,0.45087719298245615,11.671929824561403,0.25748363152006426,0.5023525421638455,0.005755220065082162,3.642857142857143,0.7289555999665109,0.07017543859649122,0.9263157894736842,0.93,0.9323923331685364,30,False,2354.0,True
824,train,feature_diverse,paper,paper,3165569293,2026,600,30,0.7,"[22, 49, 77, 91, 103, 120, 132, 198, 214, 218, 219, 222, 259, 303, 314, 327, 350, 361, 384, 389, 393, 441, 446, 453, 465, 469, 474, 476, 516, 582]","[480, 72, 398, 37, 295, 27, 544, 187, 310, 338, 298, 488, 155, 281, 491, 574, 413, 536, 564, 578, 239, 380, 208, 255, 582, 214, 45, 560, 534, 540]",6.666666666666667,0.0019068528592016075,0.0073196301332097615,0.2614035087719298,0.056140350877192984,0.007017543859649123,0.0,1.8904593639575973,3.0,0.007017543859649123,0.39824561403508774,10.443859649122807,0.2389898866417649,0.5479850769278204,0.007101455597294528,3.5714285714285716,0.7659821207804123,0.08070175438596491,0.3192982456140351,0.35333333333333333,0.9480123750399798,30,False,1650.0,False
825,train,feature_diverse,paper,paper,3165569293,2026,600,30,0.7,"[9, 21, 45, 62, 84, 101, 147, 153, 170, 180, 183, 188, 189, 212, 219, 271, 290, 293, 310, 322, 378, 449, 450, 470, 478, 517, 530, 575, 584, 595]","[391, 127, 512, 262, 471, 409, 171, 362, 553, 105, 525, 265, 46, 496, 298, 144, 490, 535, 86, 162, 188, 24, 2, 138, 202, 52, 324, 267, 149, 120]",6.633333333333334,0.001861498321571896,0.005942123323977133,0.2543859649122807,0.056140350877192984,0.007017543859649123,0.0,1.9024822695035462,4.0,0.010526315789473684,0.4298245614035088,11.964912280701755,0.24248788272378174,0.5570684179693522,0.006522321158632261,3.475862068965517,0.777252583548363,0.09298245614035087,0.9473684210526315,0.95,0.6017325420398265,18,True,2378.0,True
826,train,feature_diverse,paper,paper,3165569293,2026,600,30,0.7,"[7, 15, 19, 49, 56, 58, 80, 86, 91, 123, 132, 214, 230, 248, 269, 273, 342, 365, 372, 382, 387, 420, 431, 454, 539, 550, 556, 558, 564, 586]","[225, 50, 552, 72, 426, 358, 403, 35, 37, 156, 544, 310, 29, 348, 390, 438, 218, 588, 293, 291, 361, 125, 328, 198, 453, 485, 207, 503, 58, 343]",5.666666666666667,0.0016618844129155388,0.0038224780367381015,0.2578947368421053,0.03508771929824561,0.0017543859649122807,0.0,1.8886925795053005,3.0,0.007017543859649123,0.3157894736842105,9.982456140350877,0.23487482898738898,0.5522030031141122,0.0041695744599555854,3.7433862433862433,0.8189742048170776,0.07894736842105263,0.22280701754385965,0.26166666666666666,0.7802122919820249,23,True,1536.0,False
827,train,feature_diverse,paper,paper,3165569293,2026,600,30,0.7,"[8, 15, 25, 27, 37, 50, 79, 99, 109, 112, 151, 159, 160, 183, 300, 311, 341, 342, 376, 422, 450, 457, 468, 481, 486, 493, 511, 515, 538, 578]","[147, 50, 118, 579, 217, 78, 374, 76, 257, 548, 63, 365, 57, 525, 151, 385, 341, 218, 87, 119, 2, 227, 12, 292, 542, 123, 417, 299, 95, 106]",4.3,0.001315002669915124,0.0023270990360864064,0.18421052631578946,0.02982456140350877,0.005263157894736842,0.0,2.0868794326241136,4.0,0.010526315789473684,0.26666666666666666,8.912280701754385,0.1775869051176171,0.6661918416427712,0.00755969445624618,4.029885057471264,0.7688960658871326,0.07719298245614035,0.8912280701754386,0.8966666666666666,1.0122267499100417,30,False,2294.0,False
828,train,feature_diverse,paper,paper,3165569293,2026,600,30,0.7,"[19, 37, 38, 48, 70, 138, 148, 165, 180, 184, 212, 223, 240, 261, 286, 304, 314, 322, 341, 389, 402, 413, 459, 460, 500, 514, 535, 543, 545, 552]","[552, 217, 137, 11, 84, 395, 14, 213, 105, 576, 496, 77, 54, 279, 484, 240, 491, 162, 341, 578, 41, 1, 597, 499, 5, 215, 178, 110, 376, 320]",6.566666666666666,0.001843808429329814,0.00733545773558686,0.24561403508771928,0.05263157894736842,0.008771929824561403,0.0,1.9469026548672566,4.0,0.008771929824561403,0.42105263157894735,12.384210526315789,0.22689745306867995,0.5710048407486202,0.009886662849457767,3.3300492610837438,0.7489898326030668,0.0824561403508772,0.9333333333333333,0.9366666666666666,0.9356784578412771,30,False,2372.0,True
829,train,feature_diverse,paper,paper,3165569293,2026,600,30,0.7,"[3, 5, 8, 53, 78, 153, 174, 178, 180, 190, 197, 202, 218, 222, 236, 248, 262, 374, 415, 445, 478, 505, 507, 522, 549, 564, 578, 579, 582, 592]","[182, 414, 147, 345, 595, 362, 316, 492, 105, 562, 92, 405, 338, 488, 475, 348, 541, 111, 190, 378, 202, 236, 421, 367, 561, 58, 106, 440, 540, 241]",4.5,0.0013804003319079416,0.002963614613099337,0.17894736842105263,0.02982456140350877,0.0035087719298245615,0.0,2.1079646017699116,4.0,0.008771929824561403,0.21578947368421053,8.180701754385964,0.17300077454040444,0.6746708599266179,0.006589532096631489,3.9532019704433496,0.7201352730831051,0.06842105263157895,0.16666666666666666,0.20833333333333334,0.9333979589864612,29,True,1508.0,False
830,train,feature_diverse,paper,paper,3165569293,2026,600,30,0.7,"[35, 123, 132, 158, 159, 178, 189, 208, 213, 230, 267, 298, 325, 334, 339, 352, 395, 405, 413, 416, 459, 460, 478, 497, 498, 515, 537, 552, 557, 583]","[479, 156, 544, 33, 365, 492, 46, 254, 270, 29, 389, 546, 382, 205, 47, 497, 340, 523, 1, 355, 597, 499, 202, 186, 591, 299, 599, 320, 368, 530]",6.2,0.0017804123626169802,0.0041490920299529005,0.2649122807017544,0.0456140350877193,0.007017543859649123,0.0,1.8634751773049645,4.0,0.010526315789473684,0.36666666666666664,11.228070175438596,0.2479826280308887,0.5414608577683224,0.006946392950449745,3.6022988505747127,0.7515184600508571,0.0912280701754386,0.9368421052631579,0.94,0.9214439580682665,30,False,2378.0,True
831,train,feature_diverse,paper,paper,3165569293,2026,600,30,0.7,"[4, 11, 44, 67, 74, 96, 124, 126, 157, 173, 178, 191, 197, 219, 273, 288, 357, 436, 462, 474, 476, 494, 506, 512, 523, 540, 558, 572, 585, 598]","[594, 495, 586, 0, 107, 226, 454, 124, 584, 363, 492, 140, 92, 298, 438, 233, 504, 383, 335, 45, 560, 170, 183, 99, 153, 53, 503, 211, 231, 435]",5.333333333333333,0.001573655482406977,0.004098514089797468,0.24035087719298245,0.02456140350877193,0.005263157894736842,0.0,1.9202127659574468,3.0,0.010526315789473684,0.32105263157894737,9.471929824561403,0.22081762056440044,0.5783307125458638,0.0035899549767197986,3.914942528735632,0.78117131906122,0.06315789473684211,0.2964912280701754,0.33166666666666667,0.8577088748570532,26,True,1598.0,False
832,train,feature_diverse,paper,paper,3165569293,2026,600,30,0.7,"[25, 43, 111, 119, 130, 163, 168, 176, 179, 211, 217, 238, 248, 327, 370, 402, 428, 429, 447, 465, 472, 510, 526, 535, 546, 548, 550, 551, 569, 585]","[118, 448, 481, 100, 305, 309, 436, 194, 500, 300, 13, 266, 348, 574, 401, 41, 275, 23, 315, 582, 237, 51, 264, 178, 176, 224, 485, 75, 167, 231]",5.833333333333333,0.0016605277203491043,0.0035814396897996675,0.24736842105263157,0.031578947368421054,0.007017543859649123,0.0,1.9202127659574468,4.0,0.010526315789473684,0.3333333333333333,11.4,0.22599225137166631,0.5678845620201647,0.007955557514381043,3.5632183908045976,0.7137664016857034,0.06666666666666667,0.9280701754385965,0.9316666666666666,0.9390377080999315,30,False,2330.0,True
833,train,feature_diverse,paper,paper,3165569293,2026,600,30,0.7,"[2, 24, 25, 89, 91, 105, 155, 169, 171, 205, 211, 230, 231, 236, 292, 295, 302, 307, 314, 326, 367, 373, 403, 414, 441, 457, 463, 511, 524, 585]","[592, 590, 118, 180, 37, 372, 43, 327, 268, 524, 300, 29, 532, 475, 304, 506, 129, 429, 491, 412, 200, 332, 22, 333, 380, 227, 377, 417, 393, 231]",5.666666666666667,0.001661555369956611,0.003614251956939594,0.24385964912280703,0.02631578947368421,0.0,0.0,1.9399293286219081,4.0,0.007017543859649123,0.3456140350877193,10.366666666666667,0.2193857093714341,0.5732618012518115,0.0032299596954769366,3.621693121693122,0.7408398058575719,0.07192982456140351,0.30526315789473685,0.34,0.9577105410862714,30,False,1632.0,False
834,train,feature_diverse,paper,paper,3165569293,2026,600,30,0.7,"[4, 26, 48, 106, 118, 121, 124, 125, 133, 164, 196, 210, 222, 231, 267, 284, 309, 310, 313, 332, 338, 373, 420, 440, 503, 504, 505, 508, 521, 587]","[594, 117, 11, 439, 4, 434, 454, 280, 397, 498, 258, 64, 488, 532, 389, 516, 456, 86, 102, 274, 108, 332, 125, 247, 572, 356, 236, 581, 464, 352]",6.533333333333333,0.0018778253822312489,0.006423915979264634,0.2649122807017544,0.04736842105263158,0.0035087719298245615,0.0,1.8761061946902655,4.0,0.008771929824561403,0.3087719298245614,10.210526315789474,0.24253708381542025,0.5420590139672555,0.0047953611132053875,3.6379310344827585,0.6989116936731216,0.07543859649122807,0.2736842105263158,0.31,0.9455096249002963,30,False,1592.0,False
835,train,feature_diverse,paper,paper,3165569293,2026,600,30,0.7,"[1, 7, 17, 65, 86, 171, 179, 207, 222, 263, 267, 293, 294, 329, 349, 359, 395, 403, 411, 485, 505, 506, 510, 534, 544, 561, 563, 571, 594, 597]","[575, 225, 166, 568, 35, 268, 500, 441, 488, 567, 389, 535, 354, 554, 531, 537, 340, 22, 10, 135, 236, 183, 51, 493, 282, 229, 477, 91, 463, 559]",6.766666666666667,0.0019197270705636066,0.006583813516798096,0.2736842105263158,0.043859649122807015,0.007017543859649123,0.0,1.877659574468085,3.0,0.010526315789473684,0.3701754385964912,12.263157894736842,0.25092047290551495,0.5290537415595227,0.009100553637241177,3.452873563218391,0.7111869468472092,0.08421052631578947,0.9438596491228071,0.9466666666666667,0.9259226671420038,30,False,2376.0,True
836,train,feature_diverse,paper,paper,3165569293,2026,600,30,0.7,"[7, 13, 24, 69, 73, 111, 122, 129, 137, 182, 221, 252, 278, 279, 312, 313, 315, 326, 340, 373, 391, 425, 476, 487, 506, 519, 524, 529, 541, 581]","[225, 74, 590, 501, 302, 481, 520, 287, 476, 538, 181, 15, 487, 160, 446, 102, 246, 412, 450, 332, 163, 331, 560, 44, 183, 80, 393, 65, 61, 185]",6.333333333333333,0.0018179126859498827,0.005976905582823231,0.2754385964912281,0.031578947368421054,0.008771929824561403,0.0,1.8548672566371682,3.0,0.008771929824561403,0.4017543859649123,11.45438596491228,0.24355150945738166,0.5273086054327383,0.007230082478561181,3.5147783251231526,0.8320477574815663,0.10350877192982456,0.9473684210526315,0.95,0.9286206248216331,30,False,2378.0,True
837,train,feature_diverse,paper,paper,3165569293,2026,600,30,0.7,"[2, 30, 65, 91, 134, 195, 224, 268, 278, 289, 315, 323, 324, 326, 336, 342, 344, 353, 361, 377, 379, 398, 465, 466, 471, 493, 513, 514, 567, 571]","[592, 402, 568, 37, 455, 528, 329, 242, 487, 66, 246, 433, 62, 412, 219, 218, 563, 549, 536, 90, 483, 411, 582, 339, 519, 123, 6, 215, 428, 91]",5.833333333333333,0.0016863969490076495,0.004833860598088349,0.24210526315789474,0.031578947368421054,0.017543859649122806,0.0,1.9256637168141593,4.0,0.008771929824561403,0.3824561403508772,11.12982456140351,0.2205317968572103,0.5759812536613943,0.007860724981507897,3.5714285714285716,0.7688960658871326,0.08070175438596491,0.3192982456140351,0.35333333333333333,0.9821723338682204,30,False,1638.0,False
838,train,feature_diverse,paper,paper,3165569293,2026,600,30,0.7,"[18, 47, 48, 72, 74, 112, 121, 129, 132, 189, 191, 219, 258, 273, 279, 293, 310, 314, 341, 342, 346, 366, 367, 403, 475, 485, 498, 537, 544, 549]","[508, 285, 11, 68, 107, 548, 434, 287, 544, 46, 140, 298, 272, 438, 160, 535, 86, 491, 341, 218, 261, 587, 200, 22, 543, 135, 591, 599, 282, 561]",5.033333333333333,0.001492353741189066,0.003036716485906283,0.22631578947368422,0.02456140350877193,0.0,0.0,1.9787610619469027,4.0,0.008771929824561403,0.2719298245614035,9.633333333333333,0.2093428629056257,0.5996793389449018,0.003057910461561577,3.770935960591133,0.8039914974520058,0.05789473684210526,0.2789473684210526,0.315,0.9570744170341641,30,False,1594.0,False
839,train,feature_diverse,paper,paper,3165569293,2026,600,30,0.7,"[17, 20, 24, 42, 63, 72, 76, 78, 100, 105, 132, 148, 160, 174, 182, 209, 245, 254, 308, 343, 368, 416, 418, 455, 476, 494, 513, 537, 539, 580]","[166, 507, 590, 17, 399, 68, 259, 595, 529, 372, 544, 14, 57, 316, 538, 346, 59, 319, 256, 248, 396, 355, 373, 112, 560, 170, 6, 599, 453, 60]",6.4,0.0018252352029136311,0.004780626882964286,0.26666666666666666,0.0456140350877193,0.014035087719298246,0.0,1.8971631205673758,4.0,0.010526315789473684,0.3385964912280702,10.533333333333333,0.24135947096273522,0.5398945518453427,0.00916594181024703,3.645977011494253,0.7667804202708135,0.07719298245614035,0.28596491228070176,0.32166666666666666,0.8459855420514941,26,True,1584.0,False
840,train,feature_diverse,paper,paper,3165569293,2026,600,30,0.7,"[41, 42, 46, 56, 62, 78, 130, 131, 150, 152, 169, 181, 210, 240, 251, 254, 280, 300, 399, 431, 438, 451, 460, 465, 491, 510, 575, 590, 594, 596]","[56, 17, 192, 426, 262, 595, 305, 474, 216, 521, 327, 353, 64, 54, 336, 319, 580, 151, 263, 328, 40, 577, 499, 582, 136, 51, 267, 20, 463, 260]",5.6,0.0016174821188717212,0.004019693505637418,0.24035087719298245,0.031578947368421054,0.0017543859649122807,0.0,1.9202127659574468,3.0,0.010526315789473684,0.33157894736842103,11.398245614035087,0.22461564469547288,0.5781210495482996,0.0057662516283205935,3.632183908045977,0.6888305776785986,0.07894736842105263,0.9543859649122807,0.9566666666666667,0.944921291898936,30,False,2374.0,True
841,train,feature_diverse,paper,paper,3165569293,2026,600,30,0.7,"[21, 41, 42, 65, 72, 94, 103, 109, 142, 233, 250, 253, 299, 300, 345, 348, 361, 375, 388, 391, 399, 437, 453, 477, 479, 485, 510, 539, 563, 564]","[127, 56, 17, 568, 68, 81, 295, 257, 451, 443, 238, 430, 251, 151, 466, 325, 536, 583, 7, 163, 263, 30, 255, 423, 518, 135, 51, 453, 477, 58]",6.5,0.0018543640510334497,0.00633853964787819,0.2719298245614035,0.04912280701754386,0.007017543859649123,0.0,1.9026548672566372,4.0,0.008771929824561403,0.3684210526315789,10.92280701754386,0.2485802313473891,0.5317978602041131,0.006744069250668893,3.7019704433497536,0.6458976750880113,0.07017543859649122,0.9596491228070175,0.9616666666666667,0.8529993330594152,26,True,2378.0,True
842,train,feature_diverse,paper,paper,3165569293,2026,600,30,0.7,"[5, 17, 37, 38, 50, 115, 142, 147, 148, 150, 152, 156, 163, 213, 221, 245, 281, 300, 303, 311, 344, 356, 367, 368, 387, 453, 460, 491, 564, 569]","[414, 166, 217, 137, 78, 132, 451, 171, 14, 216, 521, 143, 309, 270, 181, 59, 408, 151, 281, 385, 563, 98, 200, 396, 361, 255, 499, 136, 58, 167]",6.133333333333334,0.0017514917833519733,0.005703037080748754,0.24385964912280703,0.05263157894736842,0.0035087719298245615,0.0,1.920353982300885,4.0,0.008771929824561403,0.3894736842105263,10.819298245614036,0.22682091964829348,0.5733727993093454,0.008266821183185082,3.6354679802955663,0.6725414328034754,0.07719298245614035,0.9543859649122807,0.9566666666666667,0.8972047499846667,29,True,2378.0,True
843,train,feature_diverse,paper,paper,3165569293,2026,600,30,0.7,"[7, 24, 38, 42, 43, 104, 108, 143, 151, 163, 201, 215, 273, 288, 316, 320, 332, 365, 419, 437, 478, 490, 506, 510, 527, 565, 576, 577, 583, 586]","[225, 590, 137, 17, 448, 130, 449, 172, 63, 309, 175, 452, 438, 233, 42, 70, 274, 588, 212, 30, 202, 381, 183, 51, 424, 36, 253, 321, 530, 343]",6.333333333333333,0.0018231345932134913,0.004574820156103125,0.2719298245614035,0.0456140350877193,0.008771929824561403,0.0,1.8705673758865249,3.0,0.010526315789473684,0.37894736842105264,11.33859649122807,0.25054558993677495,0.5315018653840224,0.008428285423854976,3.627586206896552,0.6749587255237088,0.08771929824561403,0.9438596491228071,0.9466666666666667,0.8110624579712749,26,True,2374.0,True
844,train,feature_diverse,paper,paper,3165569293,2026,600,30,0.7,"[25, 77, 91, 95, 107, 108, 114, 150, 151, 160, 203, 234, 238, 260, 267, 321, 398, 420, 423, 429, 464, 467, 485, 488, 501, 502, 515, 526, 555, 579]","[118, 398, 37, 79, 168, 449, 199, 216, 63, 57, 101, 28, 266, 93, 389, 458, 411, 125, 269, 23, 533, 204, 135, 134, 510, 116, 299, 264, 312, 440]",4.533333333333333,0.0013640766039575102,0.0027109314105376097,0.2,0.02982456140350877,0.0017543859649122807,0.0,2.0690265486725665,4.0,0.008771929824561403,0.256140350877193,8.359649122807017,0.19243448521420908,0.6406499552924491,0.004207975932113863,4.071428571428571,0.771218202419187,0.06842105263157895,0.34035087719298246,0.37333333333333335,0.968930209055543,30,False,1648.0,False
845,train,feature_diverse,paper,paper,3165569293,2026,600,30,0.7,"[36, 40, 77, 86, 92, 122, 142, 165, 166, 175, 181, 199, 218, 219, 221, 241, 256, 272, 275, 287, 305, 370, 373, 428, 469, 487, 489, 521, 528, 592]","[589, 459, 398, 35, 26, 520, 451, 213, 133, 271, 353, 460, 338, 298, 181, 566, 573, 539, 371, 165, 89, 401, 332, 275, 214, 44, 31, 464, 468, 241]",5.666666666666667,0.0016761066751294755,0.005602619712819528,0.25263157894736843,0.028070175438596492,0.007017543859649123,0.0,1.8705673758865249,4.0,0.010526315789473684,0.3368421052631579,10.549122807017543,0.23001443097679028,0.5600221996115068,0.006216167575193944,3.8229885057471265,0.7659821207804123,0.07368421052631578,0.9508771929824561,0.9533333333333334,0.8821379998698831,28,True,2376.0,True
846,train,feature_diverse,paper,paper,3165569293,2026,600,30,0.7,"[13, 21, 79, 133, 184, 220, 234, 263, 278, 281, 305, 319, 321, 336, 399, 401, 406, 411, 441, 449, 457, 469, 473, 474, 481, 491, 517, 526, 574, 577]","[74, 127, 374, 397, 576, 337, 28, 567, 487, 408, 89, 550, 458, 219, 263, 427, 276, 10, 380, 24, 227, 214, 570, 45, 292, 136, 52, 264, 193, 321]",7.0,0.001964795754805088,0.007697903189777459,0.30350877192982456,0.043859649122807015,0.0035087719298245615,0.0,1.8049645390070923,3.0,0.010526315789473684,0.4631578947368421,12.117543859649123,0.2719301862207512,0.4872444732217186,0.004528395184420113,3.5540229885057473,0.7940383808099731,0.08596491228070176,0.9368421052631579,0.94,0.9467462080065161,30,False,2378.0,True
847,train,feature_diverse,paper,paper,3165569293,2026,600,30,0.7,"[30, 46, 73, 102, 136, 167, 176, 177, 205, 229, 242, 272, 287, 289, 298, 313, 355, 418, 420, 434, 462, 468, 479, 482, 496, 499, 515, 517, 544, 556]","[402, 192, 302, 121, 195, 585, 194, 235, 524, 527, 142, 539, 165, 66, 546, 102, 177, 373, 125, 431, 335, 12, 518, 375, 360, 432, 299, 52, 282, 207]",5.033333333333333,0.001496448144195317,0.00344790477074715,0.20526315789473684,0.031578947368421054,0.0035087719298245615,0.0,2.0530035335689045,4.0,0.007017543859649123,0.30701754385964913,9.291228070175439,0.19307872318360528,0.6326457620324978,0.004232898701190871,3.751322751322751,0.7937038905417472,0.07543859649122807,0.4052631578947368,0.435,0.9512008749879897,30,False,1702.0,False
848,train,feature_diverse,paper,paper,3165569293,2026,600,30,0.7,"[12, 15, 30, 33, 99, 109, 113, 116, 128, 156, 159, 180, 190, 199, 204, 216, 234, 413, 416, 449, 460, 463, 464, 476, 486, 497, 517, 525, 542, 568]","[148, 50, 402, 73, 76, 257, 511, 598, 210, 143, 365, 105, 562, 460, 289, 342, 28, 1, 355, 24, 499, 377, 533, 560, 542, 186, 52, 400, 223, 154]",6.133333333333334,0.0017478766743924323,0.005666608398665002,0.2578947368421053,0.05263157894736842,0.0017543859649122807,0.0,1.8882978723404256,4.0,0.010526315789473684,0.38421052631578945,10.959649122807017,0.24119643599446114,0.5520303394690593,0.006098182482740204,3.698850574712644,0.7371275612604508,0.0824561403508772,0.9473684210526315,0.95,0.879585542017594,28,True,2378.0,True
849,train,feature_diverse,paper,paper,3165569293,2026,600,30,0.7,"[11, 43, 58, 74, 92, 114, 116, 135, 141, 156, 163, 168, 179, 188, 272, 278, 286, 320, 325, 334, 348, 366, 390, 418, 431, 447, 471, 508, 543, 576]","[495, 448, 358, 107, 26, 199, 598, 21, 9, 143, 309, 436, 500, 265, 539, 487, 484, 70, 382, 205, 325, 587, 232, 373, 328, 315, 519, 581, 110, 253]",6.166666666666667,0.0017576995646570654,0.004559515013333793,0.24561403508771928,0.04736842105263158,0.007017543859649123,0.0,1.9699115044247788,4.0,0.008771929824561403,0.3684210526315789,11.387719298245614,0.23249020305464757,0.5701661887583634,0.0065744192583095116,3.5246305418719213,0.8268116758427916,0.08421052631578947,0.5877192982456141,0.6083333333333333,0.9656060829292983,30,False,1840.0,False
850,train,feature_diverse,paper,paper,3165569293,2026,600,30,0.7,"[21, 31, 81, 89, 92, 108, 110, 136, 142, 144, 145, 197, 216, 217, 256, 274, 279, 284, 355, 356, 370, 389, 461, 473, 502, 504, 544, 545, 577, 583]","[127, 482, 593, 180, 26, 449, 113, 195, 451, 486, 297, 92, 342, 13, 573, 161, 160, 516, 177, 98, 401, 578, 290, 570, 116, 356, 282, 376, 321, 530]",7.6,0.0021311097498621593,0.008925832568248585,0.30350877192982456,0.06140350877192982,0.0035087719298245615,0.0,1.8315602836879432,4.0,0.010526315789473684,0.4298245614035088,12.12982456140351,0.27768399132785354,0.4871519748404403,0.005583292493188938,3.4160919540229884,0.7201352730831051,0.08771929824561403,0.9473684210526315,0.95,0.9924073750153184,30,False,2376.0,True
851,train,feature_diverse,paper,paper,3165569293,2026,600,30,0.7,"[1, 5, 68, 76, 88, 103, 113, 125, 142, 153, 173, 177, 201, 230, 243, 255, 280, 308, 310, 350, 356, 359, 367, 368, 374, 426, 447, 549, 575, 580]","[575, 414, 49, 259, 8, 295, 511, 280, 451, 362, 363, 235, 175, 29, 416, 344, 580, 256, 86, 413, 98, 537, 200, 396, 111, 425, 315, 561, 267, 60]",4.7,0.0014075504943833338,0.0034339384755054875,0.19473684210526315,0.02456140350877193,0.005263157894736842,0.0,2.00709219858156,3.0,0.010526315789473684,0.26842105263157895,9.680701754385964,0.18750721176184149,0.649061141430025,0.005209283992245453,3.87816091954023,0.7069337210661263,0.07543859649122807,0.9315789473684211,0.935,0.9702820410020649,30,False,2372.0,True
852,train,feature_diverse,paper,paper,3165569293,2026,600,30,0.7,"[29, 40, 60, 63, 80, 83, 92, 111, 178, 223, 271, 283, 311, 320, 341, 370, 392, 408, 446, 449, 468, 478, 506, 525, 541, 559, 562, 563, 586, 587]","[82, 459, 306, 399, 403, 558, 26, 481, 492, 77, 144, 517, 385, 70, 341, 401, 419, 514, 208, 24, 12, 202, 183, 400, 61, 330, 407, 477, 343, 352]",7.8,0.0021482589828146397,0.007855015793492915,0.3105263157894737,0.0456140350877193,0.007017543859649123,0.0,1.8138297872340425,3.0,0.010526315789473684,0.45614035087719296,12.828070175438597,0.27509807726334007,0.4779268029476151,0.006084819730337019,3.4160919540229884,0.7548962143797526,0.07543859649122807,0.3526315789473684,0.385,0.9638709591235965,30,False,1664.0,False
853,train,feature_diverse,paper,paper,3165569293,2026,600,30,0.7,"[9, 29, 35, 43, 58, 105, 112, 116, 139, 184, 215, 251, 272, 273, 297, 323, 341, 348, 361, 382, 425, 450, 452, 482, 506, 510, 543, 548, 562, 587]","[391, 82, 479, 448, 358, 372, 548, 598, 152, 576, 452, 336, 539, 438, 159, 433, 341, 325, 536, 291, 331, 2, 313, 375, 183, 51, 110, 224, 407, 352]",6.466666666666667,0.0018426767687587037,0.00556884972237573,0.26666666666666666,0.05263157894736842,0.0035087719298245615,0.0,1.8902654867256636,4.0,0.008771929824561403,0.41228070175438597,11.47719298245614,0.24749486788622754,0.5393518946751765,0.00531482268224919,3.5689655172413794,0.8289273214591105,0.09298245614035087,0.9333333333333333,0.9366666666666666,0.9433829160407186,30,False,2372.0,True
854,train,feature_diverse,paper,paper,3165569293,2026,600,30,0.7,"[17, 28, 104, 110, 124, 151, 190, 229, 264, 281, 291, 299, 338, 342, 347, 370, 376, 382, 432, 443, 454, 455, 467, 473, 507, 510, 545, 558, 568, 577]","[166, 322, 130, 113, 454, 63, 562, 527, 174, 408, 277, 251, 108, 218, 307, 401, 87, 291, 571, 3, 198, 112, 204, 570, 421, 51, 376, 503, 154, 321]",5.7,0.0016577662791472062,0.005354212636657145,0.2543859649122807,0.03508771929824561,0.007017543859649123,0.0,1.874113475177305,3.0,0.010526315789473684,0.34035087719298246,10.587719298245615,0.2332015488655984,0.5573767459069466,0.006244714079399678,3.825287356321839,0.7620633852675555,0.08771929824561403,0.9508771929824561,0.9533333333333334,0.9061107919551432,29,True,2378.0,True
855,train,feature_diverse,paper,paper,3165569293,2026,600,30,0.7,"[12, 22, 25, 66, 70, 91, 119, 181, 188, 223, 231, 243, 245, 258, 271, 295, 314, 318, 320, 331, 358, 373, 402, 414, 440, 452, 478, 494, 563, 582]","[148, 480, 118, 379, 84, 37, 100, 353, 265, 77, 532, 416, 59, 272, 144, 506, 491, 83, 70, 442, 323, 332, 41, 333, 247, 313, 202, 170, 477, 540]",6.1,0.0017346875230056366,0.005216493358700865,0.24912280701754386,0.05263157894736842,0.0017543859649122807,0.0,1.9222614840989398,4.0,0.007017543859649123,0.37719298245614036,11.198245614035088,0.22966014573565116,0.565596768723214,0.006247999914737467,3.5714285714285716,0.7400415063671708,0.0824561403508772,0.9578947368421052,0.96,0.9447680418379605,30,False,2376.0,True
856,train,feature_diverse,paper,paper,3165569293,2026,600,30,0.7,"[9, 43, 48, 63, 65, 72, 75, 78, 82, 108, 120, 165, 179, 183, 209, 230, 245, 249, 385, 393, 459, 482, 497, 500, 516, 543, 566, 578, 581, 598]","[391, 448, 11, 399, 568, 68, 351, 595, 196, 449, 27, 213, 500, 525, 346, 29, 59, 350, 364, 239, 597, 375, 186, 5, 534, 110, 191, 106, 185, 435]",7.5,0.002102819110040942,0.008273839544020193,0.3140350877192982,0.054385964912280704,0.005263157894736842,0.0,1.8070796460176992,3.0,0.008771929824561403,0.45087719298245615,11.52280701754386,0.27623976202064476,0.4735670459100299,0.007108201881539497,3.5295566502463056,0.7937038905417472,0.0824561403508772,0.9473684210526315,0.95,0.9243287090212107,30,False,2378.0,True
857,train,feature_diverse,paper,paper,3165569293,2026,600,30,0.7,"[15, 26, 42, 65, 102, 105, 130, 156, 157, 169, 226, 233, 245, 254, 280, 330, 345, 357, 362, 395, 404, 407, 412, 464, 496, 528, 541, 559, 579, 580]","[50, 117, 17, 568, 121, 372, 305, 143, 584, 327, 359, 443, 59, 319, 580, 228, 466, 504, 85, 340, 250, 114, 184, 533, 360, 468, 61, 330, 440, 60]",7.133333333333334,0.0019753473627656735,0.006316288286331201,0.27017543859649124,0.054385964912280704,0.007017543859649123,0.0,1.9060283687943262,4.0,0.010526315789473684,0.45789473684210524,12.214035087719298,0.24602180119311182,0.5348564733450498,0.00820050808788295,3.4298850574712643,0.6981133941827204,0.08947368421052632,0.9403508771929825,0.9433333333333334,0.9444456249475479,30,False,2360.0,True
858,train,feature_diverse,paper,paper,3165569293,2026,600,30,0.7,"[36, 64, 67, 79, 84, 89, 100, 108, 201, 203, 217, 240, 268, 278, 297, 311, 335, 380, 392, 402, 439, 454, 467, 498, 501, 514, 549, 563, 592, 594]","[589, 384, 0, 374, 471, 180, 529, 449, 175, 101, 13, 54, 242, 487, 159, 385, 221, 334, 419, 41, 565, 198, 204, 591, 510, 215, 561, 477, 241, 463]",5.233333333333333,0.0015443638091198202,0.0030884582664230547,0.21403508771929824,0.02982456140350877,0.007017543859649123,0.0,2.015957446808511,4.0,0.010526315789473684,0.2982456140350877,10.382456140350877,0.20096900183388194,0.6187278389294854,0.010451917176055108,3.6436781609195403,0.7100541570885821,0.07543859649122807,0.4280701754385965,0.45666666666666667,0.9630896670278162,30,False,1694.0,False
859,train,feature_diverse,paper,paper,3165569293,2026,600,30,0.7,"[17, 46, 70, 78, 128, 135, 167, 231, 257, 259, 285, 290, 298, 326, 342, 344, 347, 368, 372, 377, 387, 415, 435, 449, 451, 475, 482, 503, 527, 592]","[166, 192, 84, 595, 210, 21, 585, 532, 461, 155, 314, 490, 546, 412, 218, 563, 307, 396, 293, 90, 361, 190, 249, 24, 577, 543, 375, 572, 424, 241]",6.033333333333333,0.0017219897922843366,0.005372390988206503,0.2543859649122807,0.04035087719298246,0.012280701754385965,0.0,1.9008849557522123,4.0,0.008771929824561403,0.3508771929824561,10.735087719298246,0.23503392318433602,0.5574014121419542,0.006369528325743205,3.6527093596059115,0.8199789952232146,0.11929824561403508,0.9438596491228071,0.9466666666666667,0.6386811658740044,19,True,2378.0,True
860,train,feature_diverse,paper,paper,3165569293,2026,600,30,0.7,"[26, 92, 100, 118, 152, 159, 202, 219, 262, 276, 283, 333, 341, 342, 350, 354, 356, 368, 381, 390, 391, 405, 416, 453, 464, 522, 547, 555, 564, 598]","[117, 26, 529, 4, 521, 365, 405, 298, 541, 103, 517, 294, 341, 218, 413, 551, 98, 396, 556, 232, 163, 523, 355, 255, 533, 367, 109, 312, 58, 435]",5.733333333333333,0.0016641077009682279,0.005219046470764704,0.24385964912280703,0.03684210526315789,0.010526315789473684,0.0,1.952296819787986,4.0,0.007017543859649123,0.3543859649122807,10.147368421052631,0.223423559454137,0.573175469429285,0.007909906185768254,3.6455026455026456,0.809691388312956,0.06140350877192982,0.3736842105263158,0.405,1.0201954171061516,30,False,1672.0,False
861,train,feature_diverse,paper,paper,3165569293,2026,600,30,0.7,"[9, 28, 32, 65, 83, 129, 144, 156, 188, 228, 236, 243, 250, 320, 338, 339, 352, 370, 399, 418, 425, 430, 484, 497, 536, 544, 562, 572, 584, 599]","[391, 322, 457, 568, 558, 287, 486, 143, 265, 173, 475, 416, 238, 70, 108, 47, 497, 401, 263, 373, 331, 96, 469, 186, 303, 282, 407, 211, 149, 88]",6.366666666666666,0.0018104508912170502,0.0056399189177639255,0.2789473684210526,0.02982456140350877,0.010526315789473684,0.0,1.8705673758865249,3.0,0.010526315789473684,0.3824561403508772,11.256140350877192,0.24800571596385235,0.5220423642586255,0.004816177360957603,3.6,0.7716820116413625,0.08947368421052632,0.8508771929824561,0.8583333333333333,0.9451102081220597,30,False,2272.0,False
862,train,feature_diverse,paper,paper,3165569293,2026,600,30,0.7,"[24, 37, 42, 43, 67, 72, 106, 111, 119, 125, 147, 192, 227, 230, 266, 296, 297, 303, 313, 335, 347, 349, 369, 383, 427, 486, 491, 514, 522, 571]","[590, 217, 17, 448, 0, 68, 439, 481, 100, 280, 171, 34, 94, 29, 67, 445, 159, 281, 102, 221, 307, 531, 569, 157, 234, 542, 136, 215, 367, 91]",5.8,0.0016921575751804219,0.003311511403131891,0.23333333333333334,0.04035087719298246,0.0035087719298245615,0.0,1.9946902654867256,4.0,0.008771929824561403,0.2771929824561403,9.650877192982456,0.2192207026328145,0.5887953627478186,0.006073304090545469,3.70935960591133,0.6881602775406875,0.08947368421052632,0.9473684210526315,0.95,0.9558546671178192,30,False,2376.0,True
863,train,feature_diverse,paper,paper,3165569293,2026,600,30,0.7,"[44, 52, 55, 62, 71, 91, 94, 184, 187, 248, 250, 261, 273, 276, 291, 297, 299, 357, 371, 389, 418, 436, 447, 487, 531, 532, 559, 565, 581, 588]","[586, 220, 515, 262, 526, 37, 81, 576, 146, 348, 238, 279, 438, 103, 277, 159, 251, 504, 406, 578, 373, 383, 315, 44, 252, 387, 330, 36, 185, 283]",7.533333333333333,0.002103394741268015,0.009237710296971733,0.32105263157894737,0.05789473684210526,0.0035087719298245615,0.0,1.7876106194690264,4.0,0.008771929824561403,0.4456140350877193,11.150877192982456,0.2798798580317854,0.46468103474855854,0.004292130644480052,3.6330049261083746,0.7020321296955775,0.08947368421052632,0.9491228070175438,0.9516666666666667,0.9365140830632299,30,False,2372.0,True
864,train,feature_diverse,paper,paper,3165569293,2026,600,30,0.7,"[0, 45, 52, 60, 71, 74, 85, 194, 229, 255, 307, 316, 323, 338, 342, 367, 378, 395, 396, 452, 454, 462, 469, 480, 483, 506, 535, 552, 565, 599]","[509, 512, 220, 306, 526, 107, 273, 284, 527, 344, 429, 42, 433, 108, 218, 200, 188, 340, 478, 313, 198, 335, 214, 243, 19, 183, 178, 320, 36, 88]",5.233333333333333,0.00153267163612712,0.0030008179933858855,0.22105263157894736,0.0456140350877193,0.008771929824561403,0.0,1.99645390070922,4.0,0.010526315789473684,0.3368421052631579,10.301754385964912,0.21417580248634585,0.6074553695310332,0.007491761112450767,3.779310344827586,0.802986707045869,0.06666666666666667,0.28596491228070176,0.32166666666666666,0.7144148328807205,22,True,1600.0,False
865,train,feature_diverse,paper,paper,3165569293,2026,600,30,0.7,"[17, 23, 37, 39, 50, 80, 113, 156, 169, 191, 218, 222, 243, 244, 251, 299, 306, 307, 312, 319, 338, 379, 421, 461, 484, 498, 506, 555, 576, 579]","[166, 122, 217, 444, 78, 403, 511, 143, 327, 140, 338, 488, 416, 97, 336, 251, 301, 429, 446, 550, 108, 483, 201, 290, 469, 591, 183, 312, 253, 440]",6.633333333333334,0.0019023984343013553,0.005858454893409495,0.2649122807017544,0.05263157894736842,0.014035087719298246,0.0,1.877659574468085,4.0,0.010526315789473684,0.4245614035087719,11.905263157894737,0.24418070534417333,0.5420096814972405,0.011134867179526739,3.5011494252873563,0.7049460748022975,0.07894736842105263,0.4368421052631579,0.465,0.964141541859135,30,False,1764.0,False
866,train,feature_diverse,paper,paper,3165569293,2026,600,30,0.7,"[3, 27, 41, 43, 75, 105, 116, 129, 132, 157, 161, 181, 193, 197, 209, 218, 234, 266, 277, 287, 301, 309, 342, 377, 388, 453, 484, 556, 558, 578]","[182, 579, 56, 448, 351, 372, 598, 287, 544, 584, 545, 353, 386, 92, 346, 338, 28, 67, 38, 165, 369, 456, 218, 90, 7, 255, 469, 207, 503, 106]",5.0,0.0014900183387909114,0.0036551500074709755,0.20701754385964913,0.03508771929824561,0.005263157894736842,0.0,1.9875886524822695,3.0,0.010526315789473684,0.2929824561403509,9.845614035087719,0.19964305630420498,0.6294946505102827,0.00808602636188843,3.839080459770115,0.7460758874963468,0.07894736842105263,0.9385964912280702,0.9416666666666667,0.9948536669835448,30,False,2376.0,True
867,train,feature_diverse,paper,paper,3165569293,2026,600,30,0.7,"[26, 64, 65, 80, 123, 148, 156, 173, 175, 196, 228, 233, 251, 294, 315, 359, 360, 367, 379, 390, 403, 431, 437, 440, 471, 472, 482, 519, 562, 589]","[117, 384, 568, 403, 156, 14, 143, 363, 271, 258, 173, 443, 336, 354, 246, 537, 139, 200, 483, 232, 22, 328, 30, 247, 519, 237, 375, 80, 407, 470]",6.566666666666666,0.0018711713145780234,0.0055072169988713785,0.2894736842105263,0.03684210526315789,0.005263157894736842,0.0,1.853356890459364,4.0,0.007017543859649123,0.3719298245614035,10.775438596491227,0.25699655019655204,0.5070576264915364,0.004621542317848829,3.582010582010582,0.7548962143797526,0.09649122807017543,0.9491228070175438,0.9516666666666667,0.9366429999936372,30,False,2378.0,True
868,train,feature_diverse,paper,paper,3165569293,2026,600,30,0.7,"[42, 43, 58, 73, 90, 97, 136, 170, 176, 177, 203, 218, 223, 230, 233, 244, 356, 388, 440, 452, 457, 483, 517, 535, 536, 551, 563, 578, 581, 593]","[17, 448, 358, 302, 318, 104, 195, 553, 194, 235, 101, 338, 77, 29, 443, 97, 98, 7, 247, 313, 227, 19, 52, 178, 303, 75, 477, 106, 185, 505]",6.666666666666667,0.0018864739315424368,0.007111076246148461,0.2824561403508772,0.04035087719298246,0.008771929824561403,0.0,1.8829787234042554,4.0,0.010526315789473684,0.4087719298245614,12.136842105263158,0.2551887288787018,0.5167267906144976,0.008563991791377538,3.47816091954023,0.7308866892155391,0.06666666666666667,0.9017543859649123,0.9066666666666666,0.9396050840150565,30,False,2320.0,True
869,train,feature_diverse,paper,paper,3165569293,2026,600,30,0.7,"[22, 31, 40, 73, 75, 108, 113, 132, 175, 202, 245, 268, 292, 320, 337, 340, 356, 363, 399, 415, 431, 457, 461, 490, 508, 521, 538, 540, 584, 597]","[480, 482, 459, 302, 351, 449, 511, 544, 271, 405, 59, 242, 304, 70, 494, 450, 98, 489, 263, 190, 328, 227, 290, 381, 581, 464, 95, 53, 149, 559]",7.333333333333333,0.0020695983470262,0.007079648433912446,0.3192982456140351,0.04912280701754386,0.005263157894736842,0.0,1.7890070921985815,3.0,0.010526315789473684,0.41754385964912283,11.33157894736842,0.2836101832559333,0.46596984552770326,0.004991636741976792,3.6482758620689655,0.6689243443945329,0.0912280701754386,0.9543859649122807,0.9566666666666667,0.7438085419125855,24,True,2378.0,True
870,train,feature_diverse,paper,paper,3165569293,2026,600,30,0.7,"[15, 32, 64, 66, 77, 82, 137, 140, 163, 245, 267, 319, 322, 330, 379, 384, 411, 420, 421, 426, 445, 453, 469, 508, 512, 522, 536, 537, 547, 594]","[50, 457, 384, 379, 398, 196, 476, 71, 309, 59, 389, 550, 162, 228, 483, 564, 10, 125, 201, 425, 378, 255, 214, 581, 99, 367, 303, 599, 109, 463]",7.466666666666667,0.0021009493559117675,0.00762119495203996,0.2912280701754386,0.05263157894736842,0.0,0.0,1.8368794326241136,3.0,0.010526315789473684,0.42280701754385963,11.096491228070175,0.2621375670199004,0.5046896679308112,0.004748765550066962,3.5839080459770116,0.7521102686255225,0.07894736842105263,0.20877192982456141,0.24833333333333332,0.9549069588538259,30,False,1542.0,False
871,train,feature_diverse,paper,paper,3165569293,2026,600,30,0.7,"[12, 32, 53, 64, 69, 85, 114, 129, 146, 152, 186, 236, 244, 248, 251, 277, 296, 334, 348, 373, 392, 420, 498, 534, 538, 541, 546, 548, 568, 569]","[148, 457, 345, 384, 501, 273, 199, 287, 370, 521, 388, 475, 97, 348, 336, 38, 445, 205, 325, 332, 419, 125, 591, 493, 95, 61, 176, 224, 154, 167]",5.666666666666667,0.0016627297496860105,0.0039384617690662385,0.26842105263157895,0.021052631578947368,0.0017543859649122807,0.0,1.877659574468085,4.0,0.010526315789473684,0.28421052631578947,9.978947368421053,0.23910077896846388,0.5369592698794438,0.0031716992721049515,3.882758620689655,0.7529085681159238,0.07894736842105263,0.9508771929824561,0.9533333333333334,0.7359433330129832,23,True,2378.0,True
872,train,feature_diverse,paper,paper,3165569293,2026,600,30,0.7,"[1, 4, 72, 76, 82, 99, 111, 137, 141, 159, 173, 213, 271, 272, 296, 308, 319, 356, 361, 368, 372, 384, 449, 473, 511, 523, 532, 558, 575, 579]","[575, 594, 68, 259, 196, 76, 481, 476, 9, 365, 363, 270, 144, 539, 445, 256, 550, 98, 536, 396, 293, 564, 24, 570, 417, 153, 387, 503, 267, 440]",6.266666666666667,0.001794657953788994,0.007561221838843127,0.27017543859649124,0.04035087719298246,0.0017543859649122807,0.0,1.8687943262411348,3.0,0.010526315789473684,0.38421052631578945,10.007017543859648,0.2424072414571517,0.5348626399038017,0.00429588406511963,3.8597701149425285,0.7421571519834896,0.06491228070175438,0.9368421052631579,0.94,0.9425491250585765,30,False,2346.0,True
873,train,feature_diverse,paper,paper,3165569293,2026,600,30,0.7,"[6, 28, 31, 48, 68, 73, 75, 102, 183, 254, 256, 268, 278, 306, 313, 328, 362, 410, 419, 435, 472, 486, 505, 520, 526, 532, 541, 564, 590, 591]","[472, 322, 482, 11, 49, 302, 351, 121, 525, 319, 573, 242, 487, 301, 102, 189, 85, 25, 212, 249, 237, 542, 236, 308, 264, 387, 61, 58, 20, 347]",5.033333333333333,0.0015011633373514545,0.0036347110964054467,0.21754385964912282,0.03859649122807018,0.005263157894736842,0.0,1.9858657243816253,4.0,0.007017543859649123,0.28771929824561404,9.019298245614035,0.20523213114569633,0.6133074337865754,0.005168955137987864,3.9285714285714284,0.7491963235188024,0.07017543859649122,0.30350877192982456,0.3383333333333333,0.9949507920537144,30,False,1616.0,False
874,train,feature_diverse,paper,paper,3165569293,2026,600,30,0.7,"[89, 91, 174, 184, 211, 230, 234, 260, 262, 290, 300, 302, 333, 361, 385, 389, 403, 416, 422, 431, 453, 461, 475, 502, 529, 530, 574, 576, 583, 594]","[180, 37, 316, 576, 300, 29, 28, 93, 541, 490, 151, 129, 294, 536, 364, 578, 22, 355, 119, 328, 255, 290, 543, 116, 65, 324, 193, 253, 530, 463]",6.5,0.00187518677701178,0.006073440158127695,0.2824561403508772,0.042105263157894736,0.0017543859649122807,0.0,1.8495575221238938,3.0,0.008771929824561403,0.3175438596491228,9.429824561403509,0.24770378951776656,0.5183485955662442,0.005305509839102081,3.896551724137931,0.7741321475259072,0.07719298245614035,0.2719298245614035,0.30833333333333335,0.9353924579918385,29,True,1576.0,False
875,train,feature_diverse,paper,paper,3165569293,2026,600,30,0.7,"[31, 47, 63, 91, 92, 94, 125, 135, 152, 187, 230, 241, 269, 331, 365, 424, 426, 440, 450, 463, 467, 472, 482, 485, 499, 516, 517, 542, 548, 579]","[482, 285, 399, 37, 26, 81, 280, 21, 521, 146, 29, 566, 390, 442, 588, 164, 425, 247, 2, 377, 204, 237, 375, 135, 432, 534, 52, 223, 224, 440]",6.0,0.001743334150486857,0.004403002000269841,0.27017543859649124,0.03508771929824561,0.0,0.0,1.901060070671378,4.0,0.007017543859649123,0.312280701754386,9.282456140350877,0.2401217402006229,0.5348626399038017,0.003117718760206356,3.8492063492063493,0.7919227351936541,0.07543859649122807,0.9473684210526315,0.95,0.9674245829228312,30,False,2376.0,True
876,train,feature_diverse,paper,paper,3165569293,2026,600,30,0.7,"[1, 8, 25, 32, 43, 77, 91, 127, 130, 141, 156, 177, 187, 199, 203, 217, 243, 287, 309, 316, 396, 398, 408, 420, 443, 502, 515, 521, 527, 530]","[575, 147, 118, 457, 448, 398, 37, 462, 305, 9, 143, 235, 146, 460, 101, 13, 416, 165, 456, 42, 478, 411, 514, 125, 3, 116, 299, 464, 424, 324]",5.933333333333334,0.001696456120480458,0.004411877136057782,0.24210526315789474,0.031578947368421054,0.005263157894736842,0.0,1.9504424778761063,4.0,0.008771929824561403,0.387719298245614,10.912280701754385,0.21974611806456695,0.5763080812752444,0.005031161298182127,3.586206896551724,0.7979571163228298,0.06315789473684211,0.2807017543859649,0.31666666666666665,0.9773962090257555,30,False,1604.0,False
877,train,feature_diverse,paper,paper,3165569293,2026,600,30,0.7,"[2, 3, 9, 73, 75, 103, 122, 131, 175, 215, 217, 236, 245, 282, 299, 319, 346, 406, 408, 415, 467, 503, 511, 529, 539, 544, 551, 564, 579, 594]","[592, 182, 391, 302, 351, 295, 520, 474, 271, 452, 13, 475, 59, 357, 251, 550, 261, 276, 514, 190, 204, 572, 417, 65, 453, 282, 75, 58, 440, 463]",6.5,0.0018520147675706445,0.007078536710796055,0.2824561403508772,0.03333333333333333,0.0017543859649122807,0.0,1.8336283185840707,4.0,0.008771929824561403,0.3894736842105263,10.536842105263158,0.243524758019607,0.5181882650386952,0.003918862903840279,3.6724137931034484,0.7300883897251379,0.06315789473684211,0.9666666666666667,0.9683333333333334,0.947323583997786,30,False,2378.0,True
878,train,feature_diverse,paper,paper,3165569293,2026,600,30,0.7,"[2, 47, 69, 103, 136, 158, 185, 192, 214, 225, 243, 246, 292, 299, 344, 351, 385, 388, 402, 420, 436, 437, 458, 486, 505, 525, 532, 559, 576, 596]","[592, 285, 501, 295, 195, 33, 311, 34, 310, 131, 416, 392, 304, 251, 563, 209, 364, 7, 41, 125, 383, 30, 179, 542, 236, 400, 387, 330, 253, 260]",4.8,0.0014178943290941313,0.0033899700731577147,0.2,0.03333333333333333,0.010526315789473684,0.0,2.0620567375886525,4.0,0.010526315789473684,0.2596491228070175,10.075438596491228,0.19234859123587586,0.6407671199087349,0.008236186372729557,3.779310344827586,0.7137664016857034,0.0824561403508772,0.8859649122807017,0.8916666666666667,0.9515874171629548,30,False,2264.0,False
879,train,feature_diverse,paper,paper,3165569293,2026,600,30,0.7,"[0, 10, 20, 22, 52, 67, 97, 99, 120, 121, 140, 143, 177, 204, 212, 252, 307, 320, 328, 335, 364, 389, 390, 454, 456, 469, 476, 494, 572, 597]","[509, 230, 507, 480, 220, 0, 104, 76, 27, 434, 71, 172, 235, 289, 496, 15, 429, 70, 189, 221, 222, 578, 232, 198, 473, 214, 560, 170, 211, 559]",6.033333333333333,0.001732552887616517,0.005566226147581659,0.2596491228070175,0.03508771929824561,0.0017543859649122807,0.0,1.9345132743362832,3.0,0.008771929824561403,0.39473684210526316,10.121052631578948,0.2308398784228407,0.5509758579224864,0.004266165805274299,3.7339901477832513,0.7720165019095883,0.06666666666666667,0.26666666666666666,0.30333333333333334,0.9228317500092089,29,True,1582.0,False
880,train,feature_diverse,paper,paper,3165569293,2026,600,30,0.7,"[14, 28, 31, 56, 65, 88, 104, 107, 111, 126, 127, 168, 198, 200, 225, 230, 238, 263, 275, 285, 291, 306, 344, 365, 401, 431, 436, 461, 482, 508]","[145, 322, 482, 426, 568, 8, 130, 168, 481, 124, 462, 436, 187, 404, 131, 29, 266, 567, 371, 314, 277, 301, 563, 588, 427, 328, 383, 290, 375, 581]",5.3,0.0015847646925237424,0.004554269791458588,0.24912280701754386,0.01929824561403509,0.0035087719298245615,0.0,1.9539823008849557,4.0,0.008771929824561403,0.24385964912280703,9.071929824561403,0.22147130862253087,0.5658434310732896,0.002803804168648062,3.896551724137931,0.7880039996807972,0.07368421052631578,0.25263157894736843,0.29,0.972641000058502,30,False,1520.0,False
881,train,feature_diverse,paper,paper,3165569293,2026,600,30,0.7,"[0, 30, 73, 75, 86, 125, 160, 166, 181, 202, 210, 237, 255, 294, 305, 315, 319, 345, 348, 357, 362, 378, 391, 396, 411, 416, 452, 454, 508, 593]","[509, 402, 302, 351, 35, 280, 57, 133, 353, 405, 64, 437, 344, 354, 89, 246, 550, 466, 325, 504, 85, 188, 163, 478, 10, 355, 313, 198, 581, 505]",7.133333333333334,0.0020041061106692085,0.006463042742176534,0.3,0.043859649122807015,0.005263157894736842,0.0,1.826241134751773,3.0,0.010526315789473684,0.4245614035087719,11.885964912280702,0.2674531558527247,0.4923565504270342,0.008098954647206837,3.4919540229885055,0.8000727619391489,0.07894736842105263,0.5017543859649123,0.5266666666666666,1.0051104580052197,30,False,1822.0,False
882,train,feature_diverse,paper,paper,3165569293,2026,600,30,0.7,"[0, 24, 43, 49, 68, 70, 104, 121, 145, 152, 167, 217, 218, 237, 254, 281, 300, 306, 330, 344, 361, 380, 381, 397, 433, 447, 452, 464, 556, 561]","[509, 590, 448, 72, 49, 84, 130, 434, 297, 521, 585, 13, 338, 437, 319, 408, 151, 301, 228, 563, 536, 334, 556, 418, 115, 315, 313, 533, 207, 229]",6.6,0.0018793637931290616,0.004916365478759334,0.2719298245614035,0.043859649122807015,0.0035087719298245615,0.0,1.8546099290780143,3.0,0.010526315789473684,0.36140350877192984,12.057894736842105,0.25125015599466105,0.5314217001202479,0.006135288721495618,3.466666666666667,0.7969523259166932,0.0824561403508772,0.9473684210526315,0.95,0.7475616252049804,23,True,2378.0,True
883,train,feature_diverse,paper,paper,3165569293,2026,600,30,0.7,"[34, 53, 59, 75, 82, 89, 113, 142, 154, 157, 217, 235, 236, 247, 250, 257, 286, 295, 297, 322, 324, 393, 432, 504, 511, 521, 556, 560, 562, 566]","[422, 345, 555, 351, 196, 180, 511, 451, 420, 584, 13, 55, 475, 286, 238, 461, 484, 506, 159, 162, 62, 239, 571, 356, 417, 464, 207, 557, 407, 191]",6.933333333333334,0.001968407027214225,0.006380979388754926,0.28596491228070176,0.05263157894736842,0.0035087719298245615,0.0,1.8652482269503545,4.0,0.010526315789473684,0.38421052631578945,11.615789473684211,0.26433297434910086,0.5113803841766102,0.006518351344869974,3.5057471264367814,0.8168585592007588,0.09473684210526316,0.956140350877193,0.9583333333333334,0.7634592920076102,24,True,2378.0,True
884,train,feature_diverse,paper,paper,3165569293,2026,600,30,0.7,"[12, 17, 27, 57, 96, 109, 119, 124, 173, 186, 260, 265, 283, 301, 313, 315, 318, 326, 341, 360, 380, 381, 418, 427, 477, 494, 515, 525, 537, 584]","[148, 166, 579, 502, 226, 257, 100, 454, 363, 388, 93, 69, 517, 369, 102, 246, 83, 412, 341, 139, 334, 556, 373, 234, 423, 170, 299, 400, 599, 149]",4.966666666666667,0.0014752583504834167,0.003572563485471026,0.21403508771929824,0.04035087719298246,0.0035087719298245615,0.0,2.0247787610619468,4.0,0.008771929824561403,0.2614035087719298,9.192982456140351,0.20504470728968824,0.6185181759319212,0.0062925885998908315,3.876847290640394,0.8307304113556485,0.07368421052631578,0.3175438596491228,0.3516666666666667,0.9716788749210536,30,False,1638.0,False
885,train,feature_diverse,paper,paper,3165569293,2026,600,30,0.7,"[1, 16, 30, 33, 49, 56, 57, 119, 120, 162, 171, 181, 241, 244, 248, 258, 259, 342, 376, 394, 422, 452, 456, 479, 487, 498, 539, 548, 574, 580]","[575, 128, 402, 73, 72, 426, 502, 100, 27, 278, 268, 353, 566, 97, 348, 272, 155, 218, 87, 169, 119, 313, 473, 518, 44, 591, 453, 224, 193, 60]",5.866666666666666,0.0016964857459966334,0.004630622270007709,0.24035087719298245,0.043859649122807015,0.007017543859649123,0.0,1.9609929078014185,3.0,0.010526315789473684,0.3350877192982456,10.480701754385965,0.23006990034515098,0.5778990534332316,0.006588961147784677,3.668965517241379,0.7971588168324288,0.07894736842105263,0.9421052631578948,0.945,0.9614710828755051,30,False,2376.0,True
886,train,feature_diverse,paper,paper,3165569293,2026,600,30,0.7,"[5, 8, 70, 71, 81, 82, 92, 100, 104, 106, 127, 186, 194, 209, 231, 272, 289, 296, 325, 331, 354, 375, 389, 412, 454, 461, 468, 519, 570, 572]","[414, 147, 84, 526, 593, 196, 26, 529, 130, 439, 462, 388, 284, 346, 532, 539, 66, 445, 382, 442, 551, 583, 578, 184, 198, 290, 12, 80, 366, 211]",6.7,0.0019188148555618686,0.006493232117507766,0.2964912280701754,0.02982456140350877,0.005263157894736842,0.0,1.826241134751773,3.0,0.010526315789473684,0.41578947368421054,10.633333333333333,0.2548202325777885,0.4988437702340209,0.003614530490388133,3.7770114942528736,0.7539133585220605,0.09473684210526316,0.33157894736842103,0.365,0.9682414580602199,30,False,1636.0,False
887,train,feature_diverse,paper,paper,3165569293,2026,600,30,0.7,"[1, 2, 11, 25, 28, 58, 70, 89, 95, 112, 121, 150, 166, 188, 192, 217, 268, 279, 294, 322, 323, 363, 366, 392, 413, 420, 432, 441, 503, 507]","[575, 592, 495, 118, 322, 358, 84, 180, 79, 548, 434, 216, 133, 265, 34, 13, 242, 160, 354, 162, 433, 489, 587, 419, 1, 125, 571, 380, 572, 421]",4.966666666666667,0.0014866267409861065,0.0028547214712769556,0.22631578947368422,0.02982456140350877,0.0017543859649122807,0.0,2.00531914893617,4.0,0.010526315789473684,0.25087719298245614,9.408771929824562,0.21199549986164,0.5995683408873678,0.005129480991549956,3.8160919540229883,0.7620633852675555,0.08421052631578947,0.9350877192982456,0.9383333333333334,0.9590725000016391,30,False,2366.0,True
888,train,feature_diverse,paper,paper,3165569293,2026,600,30,0.7,"[59, 74, 77, 81, 151, 165, 178, 197, 214, 224, 264, 279, 291, 301, 331, 337, 344, 398, 410, 447, 448, 477, 479, 490, 498, 499, 529, 541, 545, 599]","[555, 107, 398, 593, 63, 213, 492, 92, 310, 329, 174, 160, 277, 369, 442, 494, 563, 411, 25, 315, 467, 423, 518, 381, 591, 432, 65, 61, 376, 88]",5.666666666666667,0.0016478288257915379,0.005198023766480104,0.24385964912280703,0.03859649122807018,0.005263157894736842,0.0,1.9202127659574468,4.0,0.010526315789473684,0.356140350877193,10.810526315789474,0.22879736556614144,0.5727623099929084,0.005866124897565061,3.749425287356322,0.6560572826457799,0.10350877192982456,0.9403508771929825,0.9433333333333334,0.9492325829342008,30,False,2376.0,True
889,train,feature_diverse,paper,paper,3165569293,2026,600,30,0.7,"[9, 44, 86, 130, 141, 142, 163, 166, 167, 176, 183, 199, 216, 228, 260, 270, 271, 306, 337, 354, 380, 409, 445, 464, 480, 483, 545, 560, 572, 593]","[391, 586, 35, 305, 9, 451, 309, 133, 585, 194, 525, 460, 342, 173, 93, 150, 144, 301, 494, 551, 334, 39, 378, 533, 243, 19, 376, 557, 211, 505]",5.566666666666666,0.0016131435762050108,0.004276791792136843,0.21929824561403508,0.043859649122807015,0.005263157894736842,0.0,1.9946808510638299,4.0,0.010526315789473684,0.4,11.343859649122807,0.21409177707653837,0.6100884901180896,0.006538034124241021,3.5632183908045976,0.7777163927705384,0.08596491228070176,0.8456140350877193,0.8533333333333334,1.0100737907923758,30,False,2260.0,False
890,train,feature_diverse,paper,paper,3165569293,2026,600,30,0.7,"[42, 60, 76, 78, 101, 105, 120, 134, 239, 280, 289, 291, 303, 319, 328, 329, 332, 338, 371, 373, 375, 398, 420, 422, 466, 501, 525, 538, 557, 590]","[17, 306, 259, 595, 409, 372, 27, 455, 126, 580, 66, 277, 281, 550, 189, 554, 274, 108, 406, 332, 583, 411, 125, 119, 339, 510, 400, 95, 368, 20]",5.3,0.001539424719861166,0.004325452437492199,0.21929824561403508,0.04912280701754386,0.0035087719298245615,0.0,2.015957446808511,4.0,0.010526315789473684,0.3175438596491228,10.424561403508772,0.21311767263266848,0.6102488206456387,0.0076612841271541336,3.7839080459770114,0.6519539907656322,0.07719298245614035,0.3526315789473684,0.385,0.9481002080719918,30,False,1676.0,False
891,train,feature_diverse,paper,paper,3165569293,2026,600,30,0.7,"[3, 48, 78, 112, 121, 153, 155, 165, 177, 189, 190, 199, 240, 290, 295, 309, 310, 340, 364, 399, 411, 413, 423, 430, 436, 534, 566, 570, 581, 583]","[182, 11, 595, 548, 434, 362, 43, 213, 235, 46, 562, 460, 54, 490, 506, 456, 86, 450, 222, 263, 10, 1, 269, 96, 383, 493, 191, 366, 185, 530]",5.9,0.0016873032995717195,0.005271503000058962,0.25087719298245614,0.031578947368421054,0.008771929824561403,0.0,1.9095744680851063,3.0,0.010526315789473684,0.37543859649122807,11.664912280701754,0.23263410255021794,0.5623284925847131,0.007251915690049565,3.574712643678161,0.6920790130535446,0.0824561403508772,0.9491228070175438,0.9516666666666667,0.919108625035733,30,False,2378.0,True
892,train,feature_diverse,paper,paper,3165569293,2026,600,30,0.7,"[23, 36, 77, 91, 92, 129, 130, 136, 141, 180, 186, 192, 254, 258, 290, 299, 381, 387, 392, 396, 404, 414, 417, 423, 475, 519, 525, 571, 572, 590]","[122, 589, 398, 37, 26, 287, 305, 195, 9, 105, 388, 34, 319, 272, 490, 251, 556, 361, 419, 478, 250, 333, 296, 269, 543, 80, 400, 91, 211, 20]",5.733333333333333,0.0016525846979304447,0.004681544372490717,0.24035087719298245,0.03508771929824561,0.010526315789473684,0.0,1.9380530973451326,4.0,0.008771929824561403,0.36666666666666664,11.192982456140351,0.2235165517934851,0.5782628803995931,0.008562408918712964,3.5369458128078817,0.7070617204186165,0.09649122807017543,0.9385964912280702,0.9416666666666667,0.9231884579639882,30,False,2372.0,True
893,train,feature_diverse,paper,paper,3165569293,2026,600,30,0.7,"[31, 105, 109, 110, 147, 165, 202, 205, 210, 231, 249, 254, 259, 287, 303, 314, 322, 347, 352, 355, 417, 445, 469, 472, 487, 498, 503, 510, 541, 556]","[482, 372, 257, 113, 171, 213, 405, 524, 64, 532, 350, 319, 155, 165, 281, 491, 162, 307, 497, 177, 296, 378, 214, 237, 44, 591, 572, 51, 61, 207]",5.833333333333333,0.0016989066409008786,0.005734209513826764,0.24912280701754386,0.031578947368421054,0.007017543859649123,0.0,1.9115044247787611,3.0,0.008771929824561403,0.3543859649122807,10.514035087719298,0.22928993780050566,0.5650726112293035,0.0052163582792386035,3.6921182266009853,0.6575039477256472,0.08421052631578947,0.9350877192982456,0.9383333333333334,0.9445495409891009,30,False,2370.0,True
894,train,feature_diverse,paper,paper,3165569293,2026,600,30,0.7,"[40, 45, 55, 56, 75, 119, 121, 142, 153, 164, 192, 250, 258, 265, 313, 316, 369, 410, 422, 442, 443, 470, 493, 499, 530, 547, 565, 570, 588, 589]","[459, 512, 515, 426, 351, 100, 434, 451, 362, 498, 34, 238, 272, 69, 102, 42, 569, 25, 119, 32, 3, 138, 123, 432, 324, 109, 36, 366, 283, 470]",5.7,0.0016480595807371373,0.004322755828887898,0.24561403508771928,0.0456140350877193,0.005263157894736842,0.0,1.927433628318584,4.0,0.008771929824561403,0.3526315789473684,10.466666666666667,0.23025679928559728,0.5703450189621682,0.006138818261162662,3.687192118226601,0.7389087166085437,0.06842105263157895,0.17719298245614035,0.21833333333333332,0.9468994999770075,30,False,1504.0,False
895,train,feature_diverse,paper,paper,3165569293,2026,600,30,0.7,"[20, 22, 31, 53, 103, 115, 122, 132, 146, 171, 197, 214, 236, 247, 290, 293, 306, 314, 354, 380, 414, 428, 445, 453, 489, 499, 513, 544, 577, 585]","[507, 480, 482, 345, 295, 132, 520, 544, 370, 268, 92, 310, 475, 286, 490, 535, 301, 491, 551, 334, 333, 275, 378, 255, 31, 432, 6, 282, 321, 231]",5.133333333333334,0.001551181670872193,0.0031834621802141663,0.20877192982456141,0.03333333333333333,0.007017543859649123,0.0,2.0371681415929204,3.0,0.008771929824561403,0.2789473684210526,8.782456140350877,0.19709615812418482,0.6269478617457528,0.006955806945664958,3.8374384236453203,0.8191806957328134,0.06315789473684211,0.17192982456140352,0.21333333333333335,0.9698690001387149,30,False,1494.0,False
896,train,feature_diverse,paper,paper,3165569293,2026,600,30,0.7,"[67, 71, 75, 137, 147, 162, 182, 211, 231, 232, 243, 251, 268, 285, 298, 307, 347, 369, 378, 403, 414, 480, 493, 500, 501, 526, 549, 564, 568, 594]","[0, 526, 351, 476, 171, 278, 538, 300, 532, 288, 416, 336, 242, 314, 546, 429, 307, 569, 188, 22, 333, 243, 123, 5, 510, 264, 561, 58, 154, 463]",5.533333333333333,0.0016268845624169477,0.0031331641924463175,0.22807017543859648,0.04035087719298246,0.005263157894736842,0.0,1.976991150442478,4.0,0.008771929824561403,0.33157894736842103,11.070175438596491,0.21720061156236475,0.5967255573027472,0.010752352035313495,3.5049261083743843,0.7371275612604506,0.08596491228070176,0.9368421052631579,0.94,0.9449325001332909,30,False,2368.0,True
897,train,feature_diverse,paper,paper,3165569293,2026,600,30,0.7,"[0, 10, 17, 27, 32, 48, 113, 124, 139, 226, 231, 251, 281, 291, 309, 325, 333, 361, 366, 413, 427, 434, 453, 466, 472, 480, 542, 565, 566, 584]","[509, 230, 166, 579, 457, 11, 511, 454, 152, 359, 532, 336, 408, 277, 456, 382, 294, 536, 587, 1, 234, 431, 255, 339, 237, 243, 223, 36, 191, 149]",5.566666666666666,0.0016176153057767578,0.003787134572718809,0.22631578947368422,0.031578947368421054,0.007017543859649123,0.0,1.9361702127659575,3.0,0.010526315789473684,0.32105263157894737,10.442105263157895,0.21371099467101876,0.5994881756235932,0.005502174371342728,3.7563218390804596,0.7332088257475938,0.0824561403508772,0.32105263157894737,0.355,0.9539184169843793,30,False,1620.0,False
898,train,feature_diverse,paper,paper,3165569293,2026,600,30,0.7,"[2, 9, 14, 102, 115, 128, 136, 143, 189, 222, 235, 237, 256, 261, 311, 312, 323, 362, 389, 395, 399, 430, 435, 463, 467, 492, 494, 535, 590, 597]","[592, 391, 145, 121, 132, 210, 195, 172, 46, 488, 55, 437, 573, 279, 385, 446, 433, 85, 578, 340, 263, 96, 249, 377, 204, 326, 170, 178, 20, 559]",6.033333333333333,0.0017618189618062168,0.005600778872247153,0.2649122807017544,0.03684210526315789,0.007017543859649123,0.0,1.9166666666666667,4.0,0.010526315789473684,0.29473684210526313,9.612280701754386,0.2350021805332891,0.5434033237751673,0.005910943841978325,3.8,0.8228929403299348,0.07894736842105263,0.3473684210526316,0.38,0.9520877089817077,30,False,1642.0,False
899,train,feature_diverse,paper,paper,3165569293,2026,600,30,0.7,"[3, 27, 41, 54, 104, 109, 142, 177, 197, 199, 208, 236, 249, 286, 289, 301, 318, 320, 339, 341, 359, 396, 400, 416, 437, 450, 462, 493, 528, 596]","[182, 579, 56, 317, 130, 257, 451, 235, 92, 460, 254, 475, 350, 484, 66, 369, 83, 70, 47, 341, 537, 478, 197, 355, 30, 2, 335, 123, 468, 260]",4.666666666666667,0.0013985344147382278,0.002849407254502905,0.20526315789473684,0.01929824561403509,0.007017543859649123,0.0,2.030141843971631,4.0,0.010526315789473684,0.312280701754386,10.063157894736841,0.1923739225086656,0.632466931828693,0.005678816713299472,3.811494252873563,0.7568273036287808,0.05964912280701754,0.2982456140350877,0.3333333333333333,0.9638869168702513,30,False,1604.0,False
900,test,random,paper,paper,3165569293,2026,600,30,0.7,"[60, 68, 80, 98, 141, 151, 155, 185, 186, 218, 261, 310, 311, 328, 362, 385, 404, 459, 463, 465, 514, 516, 531, 533, 558, 559, 564, 566, 587, 592]","[306, 49, 403, 513, 9, 63, 43, 311, 388, 338, 279, 86, 385, 189, 85, 364, 250, 597, 377, 582, 215, 534, 252, 203, 503, 330, 58, 191, 352, 241]",6.033333333333333,0.0017486695949402741,0.004492827725851709,0.2789473684210526,0.02982456140350877,0.0017543859649122807,0.0,1.8584070796460177,4.0,0.008771929824561403,0.3456140350877193,10.335087719298246,0.24666768416103463,0.5222273610211822,0.003408513030986277,3.7561576354679804,0.7940383808099729,0.06666666666666667,0.11754385964912281,0.16166666666666665,0.9432821669615805,28,True,1460.0,False
901,test,random,paper,paper,3165569293,2026,600,30,0.7,"[51, 89, 101, 106, 143, 167, 197, 208, 244, 247, 255, 276, 376, 403, 424, 450, 453, 467, 491, 499, 517, 518, 533, 537, 551, 573, 578, 584, 592, 596]","[447, 180, 409, 439, 172, 585, 92, 254, 97, 286, 344, 103, 87, 22, 164, 2, 255, 204, 136, 432, 52, 158, 203, 599, 75, 596, 106, 149, 241, 260]",5.466666666666667,0.00160754439738144,0.0032330201604844687,0.24736842105263157,0.028070175438596492,0.0017543859649122807,0.0,1.929078014184397,3.0,0.010526315789473684,0.28771929824561404,9.859649122807017,0.22862802075433494,0.5676317331113372,0.003878764913247672,3.8758620689655174,0.7688960658871326,0.06842105263157895,0.9578947368421052,0.96,0.9689541249535978,30,False,2376.0,True
902,test,random,paper,paper,3165569293,2026,600,30,0.7,"[3, 14, 70, 120, 143, 148, 154, 164, 168, 179, 244, 251, 266, 291, 297, 299, 314, 359, 368, 396, 419, 422, 448, 467, 475, 489, 514, 580, 587, 596]","[182, 145, 84, 27, 172, 14, 420, 498, 436, 500, 97, 336, 67, 277, 159, 251, 491, 537, 396, 478, 212, 119, 467, 204, 543, 31, 215, 60, 352, 260]",5.7,0.0016460884955611006,0.004563738021369563,0.23157894736842105,0.043859649122807015,0.007017543859649123,0.0,1.9716814159292035,4.0,0.008771929824561403,0.3649122807017544,10.303508771929824,0.2198034893956594,0.5915888138624241,0.005185074181644445,3.6995073891625614,0.7578101594864727,0.09649122807017543,0.9192982456140351,0.9233333333333333,0.9361842079088092,30,False,2370.0,True
903,test,random,paper,paper,3165569293,2026,600,30,0.7,"[19, 39, 44, 110, 122, 134, 152, 173, 177, 180, 205, 217, 226, 242, 269, 282, 302, 325, 349, 369, 382, 430, 481, 485, 511, 513, 526, 528, 554, 559]","[552, 444, 586, 113, 520, 455, 521, 363, 235, 105, 524, 13, 359, 142, 390, 357, 129, 382, 531, 569, 291, 96, 292, 135, 417, 6, 264, 468, 522, 330]",5.466666666666667,0.0015937084999023488,0.0033563035231974356,0.23508771929824562,0.03508771929824561,0.007017543859649123,0.0,1.9911347517730495,4.0,0.010526315789473684,0.32105263157894737,10.552631578947368,0.2193255391716469,0.586223907748281,0.006292208092410931,3.7425287356321837,0.7429554514738909,0.07543859649122807,0.956140350877193,0.9583333333333334,0.8303327499888837,26,True,2378.0,True
904,test,random,paper,paper,3165569293,2026,600,30,0.7,"[25, 54, 60, 72, 78, 101, 182, 219, 231, 288, 289, 324, 348, 353, 365, 398, 401, 409, 419, 422, 431, 484, 525, 527, 543, 546, 558, 577, 585, 591]","[118, 317, 306, 68, 595, 409, 538, 298, 532, 233, 66, 62, 325, 549, 588, 411, 427, 39, 212, 119, 328, 469, 400, 424, 110, 176, 503, 321, 231, 347]",5.9,0.0017217686015313374,0.004383546842272534,0.2649122807017544,0.02982456140350877,0.0035087719298245615,0.0,1.9148936170212767,4.0,0.010526315789473684,0.3385964912280702,10.570175438596491,0.24092797657912068,0.5418246847346838,0.004827988804982505,3.7287356321839082,0.7648493310217854,0.08771929824561403,0.9210526315789473,0.925,0.9455696670338511,30,False,2340.0,True
905,test,random,paper,paper,3165569293,2026,600,30,0.7,"[18, 29, 31, 34, 72, 73, 136, 164, 189, 213, 233, 237, 297, 318, 348, 365, 370, 379, 383, 424, 448, 491, 500, 503, 505, 521, 523, 543, 545, 574]","[508, 82, 482, 422, 68, 302, 195, 498, 46, 270, 443, 437, 159, 83, 325, 588, 401, 483, 157, 164, 467, 136, 5, 572, 236, 464, 153, 110, 376, 193]",6.433333333333334,0.0018443190276311804,0.005975937340263058,0.2649122807017544,0.05087719298245614,0.0017543859649122807,0.0,1.9024822695035462,4.0,0.010526315789473684,0.387719298245614,10.780701754385966,0.24422419258461267,0.5417753522646687,0.0056517229874900885,3.7195402298850575,0.7911244357032529,0.07719298245614035,0.9368421052631579,0.94,0.9526929159183055,30,False,2374.0,True
906,test,random,paper,paper,3165569293,2026,600,30,0.7,"[4, 52, 63, 69, 71, 127, 150, 166, 194, 236, 262, 287, 288, 330, 361, 364, 384, 395, 407, 427, 451, 481, 495, 510, 525, 526, 527, 546, 568, 572]","[594, 220, 399, 501, 526, 462, 216, 133, 284, 475, 541, 165, 233, 228, 536, 222, 564, 340, 114, 234, 577, 292, 206, 51, 400, 264, 424, 176, 154, 211]",5.3,0.0015673274521318138,0.003795236950080673,0.23859649122807017,0.028070175438596492,0.0017543859649122807,0.0,1.9432624113475176,4.0,0.010526315789473684,0.2912280701754386,9.443859649122807,0.22087274293189377,0.5808651681928899,0.0037140136176647335,3.9563218390804598,0.7390367159610339,0.06491228070175438,0.8368421052631579,0.845,0.9906527500133961,30,False,2222.0,False
907,test,random,paper,paper,3165569293,2026,600,30,0.7,"[16, 28, 51, 94, 106, 119, 136, 137, 157, 162, 243, 250, 261, 270, 315, 326, 348, 367, 385, 393, 404, 420, 427, 437, 441, 487, 490, 535, 577, 583]","[128, 322, 447, 81, 439, 100, 195, 476, 584, 278, 416, 238, 279, 150, 246, 412, 325, 200, 364, 239, 250, 125, 234, 30, 380, 44, 381, 178, 321, 530]",5.7,0.0016692247832154638,0.004900027622747455,0.24561403508771928,0.03684210526315789,0.0035087719298245615,0.0,1.9219858156028369,4.0,0.010526315789473684,0.3087719298245614,9.982456140350877,0.22677245359009554,0.5704375173434465,0.005041090522034261,3.7632183908045977,0.7612650857771542,0.06140350877192982,0.17192982456140352,0.21333333333333335,0.798962791915983,23,True,1472.0,False
908,test,random,paper,paper,3165569293,2026,600,30,0.7,"[10, 37, 72, 78, 81, 106, 134, 152, 182, 189, 196, 224, 256, 264, 267, 271, 279, 280, 283, 288, 296, 322, 340, 385, 414, 443, 457, 484, 511, 576]","[230, 217, 68, 595, 593, 439, 455, 521, 538, 46, 258, 329, 573, 174, 389, 144, 160, 580, 517, 233, 445, 162, 450, 364, 333, 3, 227, 469, 417, 253]",5.933333333333334,0.0017207129739445382,0.004328291404721438,0.25263157894736843,0.03859649122807018,0.005263157894736842,0.0,1.9343971631205674,4.0,0.010526315789473684,0.3526315789473684,10.93859649122807,0.23467819495525832,0.5597570375851756,0.006436508236711077,3.6735632183908047,0.7429554514738909,0.07017543859649122,0.312280701754386,0.3466666666666667,0.9549775831401348,30,False,1608.0,False
909,test,random,paper,paper,3165569293,2026,600,30,0.7,"[7, 25, 58, 74, 116, 143, 152, 158, 237, 251, 263, 264, 269, 274, 276, 291, 333, 354, 368, 376, 419, 444, 482, 486, 509, 517, 554, 567, 581, 599]","[225, 118, 358, 107, 598, 172, 521, 33, 437, 336, 567, 174, 390, 161, 103, 277, 294, 551, 396, 87, 212, 349, 375, 542, 547, 52, 522, 428, 185, 88]",5.2,0.0015315437687991045,0.00442446384681827,0.22807017543859648,0.03684210526315789,0.0017543859649122807,0.0,1.9734513274336283,4.0,0.008771929824561403,0.33157894736842103,10.164912280701754,0.21359407060845959,0.5969228871828076,0.004940812324179464,3.7413793103448274,0.7840852641679401,0.08596491228070176,0.9526315789473684,0.955,0.9081219169311225,29,True,2378.0,True
910,test,random,paper,paper,3165569293,2026,600,30,0.7,"[1, 20, 59, 141, 152, 157, 165, 181, 247, 252, 260, 262, 272, 286, 293, 321, 333, 378, 386, 411, 421, 441, 454, 466, 502, 506, 535, 563, 582, 589]","[575, 507, 555, 9, 521, 584, 213, 353, 286, 15, 93, 541, 539, 484, 535, 458, 294, 188, 16, 10, 201, 380, 198, 339, 116, 183, 178, 477, 540, 470]",5.533333333333333,0.001617118341572565,0.004496414541044907,0.24561403508771928,0.031578947368421054,0.0035087719298245615,0.0,1.9432624113475176,4.0,0.010526315789473684,0.3824561403508772,10.596491228070175,0.228498647245015,0.5702216877871303,0.00474385293484258,3.749425287356322,0.7069337210661263,0.06666666666666667,0.9614035087719298,0.9633333333333334,0.8535857091192156,27,True,2378.0,True
911,test,random,paper,paper,3165569293,2026,600,30,0.7,"[12, 33, 41, 46, 61, 115, 124, 167, 172, 176, 190, 192, 202, 254, 261, 268, 277, 280, 288, 304, 316, 326, 352, 377, 397, 430, 475, 522, 524, 551]","[148, 73, 56, 192, 410, 132, 454, 585, 244, 194, 562, 34, 405, 319, 279, 242, 38, 580, 233, 240, 42, 412, 497, 90, 418, 96, 543, 367, 393, 75]",5.133333333333334,0.0015221544499270073,0.0031691852032530235,0.22631578947368422,0.02631578947368421,0.0035087719298245615,0.0,1.9893617021276595,4.0,0.010526315789473684,0.30526315789473685,9.91578947368421,0.21170122349780324,0.5995868405636234,0.004844032085411396,3.779310344827586,0.7428274521214007,0.0912280701754386,0.9578947368421052,0.96,0.923146165907383,30,True,2378.0,True
912,test,random,paper,paper,3165569293,2026,600,30,0.7,"[7, 70, 94, 116, 134, 144, 154, 178, 195, 199, 207, 209, 211, 225, 277, 300, 332, 348, 350, 409, 469, 482, 515, 528, 538, 556, 571, 575, 584, 597]","[225, 84, 81, 598, 455, 486, 420, 492, 528, 460, 441, 346, 300, 131, 38, 151, 274, 325, 413, 39, 214, 375, 299, 468, 95, 207, 91, 267, 149, 559]",5.133333333333334,0.001532700776582014,0.00383083926264626,0.22807017543859648,0.02280701754385965,0.0017543859649122807,0.0,1.991150442477876,4.0,0.008771929824561403,0.3017543859649123,9.785964912280702,0.20815480084288657,0.5971325501803718,0.0035146717905338593,3.834975369458128,0.8367647924848245,0.08596491228070176,0.9421052631578948,0.945,0.9358789999969304,30,False,2378.0,True
913,test,random,paper,paper,3165569293,2026,600,30,0.7,"[35, 37, 61, 73, 94, 102, 108, 124, 137, 241, 262, 295, 304, 329, 348, 367, 376, 381, 386, 400, 409, 435, 472, 488, 501, 513, 522, 534, 570, 596]","[479, 217, 410, 302, 81, 121, 449, 454, 476, 566, 541, 506, 240, 554, 325, 200, 87, 556, 16, 197, 39, 249, 237, 134, 510, 6, 367, 493, 366, 260]",5.9,0.0017161912085802487,0.0043553206574693535,0.2614035087719298,0.03684210526315789,0.005263157894736842,0.0,1.8882978723404256,4.0,0.010526315789473684,0.3508771929824561,10.087719298245615,0.2388311918594963,0.5470477599975334,0.004735820873002282,3.852873563218391,0.7209335725735062,0.07719298245614035,0.9491228070175438,0.9516666666666667,0.8055948331020772,26,True,2372.0,True
914,test,random,paper,paper,3165569293,2026,600,30,0.7,"[11, 32, 75, 78, 93, 110, 112, 129, 149, 153, 176, 194, 213, 248, 257, 265, 276, 307, 318, 358, 363, 369, 469, 471, 521, 545, 554, 568, 586, 593]","[495, 457, 351, 595, 394, 113, 548, 287, 465, 362, 194, 284, 270, 348, 461, 69, 103, 429, 83, 323, 489, 569, 214, 519, 464, 376, 522, 154, 343, 505]",5.5,0.0015875713338081596,0.0039313843936355395,0.23684210526315788,0.03684210526315789,0.007017543859649123,0.0,1.9574468085106382,4.0,0.010526315789473684,0.3263157894736842,10.238596491228071,0.22339065221932145,0.5833564579286529,0.006316304786199095,3.767816091954023,0.7010273392894407,0.07368421052631578,0.9122807017543859,0.9166666666666666,0.946916916873306,30,False,2338.0,True
915,test,random,paper,paper,3165569293,2026,600,30,0.7,"[18, 20, 32, 57, 75, 84, 99, 121, 147, 187, 214, 220, 236, 273, 294, 329, 352, 353, 358, 363, 406, 431, 452, 455, 475, 478, 490, 519, 539, 598]","[508, 507, 457, 502, 351, 471, 76, 434, 171, 146, 310, 337, 475, 438, 354, 554, 497, 549, 323, 489, 276, 328, 313, 112, 543, 202, 381, 80, 453, 435]",6.566666666666666,0.001873042428963242,0.004642835614469461,0.26842105263157895,0.04912280701754386,0.007017543859649123,0.0,1.8865248226950355,4.0,0.010526315789473684,0.3684210526315789,10.70701754385965,0.24881469867407233,0.536724940646872,0.005859049227997033,3.6620689655172414,0.7447585413704291,0.09298245614035087,0.30701754385964913,0.3416666666666667,0.9675981670152396,30,False,1614.0,False
916,test,random,paper,paper,3165569293,2026,600,30,0.7,"[4, 14, 16, 22, 24, 41, 71, 75, 111, 208, 213, 246, 250, 278, 294, 301, 318, 335, 337, 343, 347, 356, 376, 421, 425, 426, 443, 463, 496, 545]","[594, 145, 128, 480, 590, 56, 526, 351, 481, 254, 270, 392, 238, 487, 354, 369, 83, 221, 494, 248, 307, 98, 87, 201, 331, 425, 3, 377, 360, 376]",5.866666666666666,0.0017006469143177143,0.004906040705635658,0.24385964912280703,0.03508771929824561,0.0035087719298245615,0.0,1.950354609929078,4.0,0.010526315789473684,0.3368421052631579,10.728070175438596,0.2284603893156439,0.5728486418154349,0.005239537868749579,3.7103448275862068,0.7203417639988406,0.04912280701754386,0.18947368421052632,0.23,0.9718984591308981,30,False,1496.0,False
917,test,random,paper,paper,3165569293,2026,600,30,0.7,"[12, 28, 33, 40, 46, 83, 184, 209, 224, 234, 283, 286, 287, 293, 296, 310, 332, 350, 361, 395, 428, 455, 467, 479, 526, 552, 558, 578, 593, 595]","[148, 322, 73, 459, 192, 558, 576, 346, 329, 28, 517, 484, 165, 535, 445, 86, 274, 413, 536, 340, 275, 112, 204, 518, 264, 320, 503, 106, 505, 120]",5.4,0.0015854416680593107,0.004138568561347714,0.23508771929824562,0.028070175438596492,0.005263157894736842,0.0,1.9663120567375887,4.0,0.010526315789473684,0.34385964912280703,10.189473684210526,0.21880698021527778,0.5861252428082508,0.0057020820813924265,3.793103448275862,0.6480352552527752,0.08771929824561403,0.5368421052631579,0.56,0.9478019578382373,30,False,1828.0,False
918,test,random,paper,paper,3165569293,2026,600,30,0.7,"[4, 53, 55, 59, 129, 154, 156, 167, 176, 183, 197, 228, 237, 271, 281, 306, 312, 313, 326, 347, 369, 399, 463, 488, 491, 493, 512, 539, 582, 596]","[594, 345, 515, 555, 287, 420, 143, 585, 194, 525, 92, 173, 437, 144, 408, 301, 446, 102, 412, 307, 569, 263, 377, 134, 136, 123, 99, 453, 540, 260]",5.133333333333334,0.0015346754203586646,0.0029769482951406264,0.23333333333333334,0.02631578947368421,0.0,0.0,1.961061946902655,4.0,0.008771929824561403,0.26666666666666666,9.282456140350877,0.21567735516031591,0.5889248604816082,0.003258098861547137,3.8374384236453203,0.8189742048170778,0.06666666666666667,0.26666666666666666,0.30333333333333334,0.870335082989186,27,True,1580.0,False
919,test,random,paper,paper,3165569293,2026,600,30,0.7,"[31, 32, 44, 63, 72, 103, 126, 188, 224, 228, 238, 250, 310, 332, 333, 369, 374, 409, 412, 417, 426, 429, 457, 478, 480, 504, 511, 522, 531, 555]","[482, 457, 586, 399, 68, 295, 124, 265, 329, 173, 266, 238, 86, 274, 294, 569, 111, 39, 184, 296, 425, 23, 227, 202, 243, 356, 417, 367, 252, 312]",5.966666666666667,0.0017165683805679054,0.004529059047083966,0.25087719298245614,0.03508771929824561,0.0035087719298245615,0.0,1.9078014184397163,4.0,0.010526315789473684,0.3298245614035088,10.328070175438597,0.23153860403463972,0.5624826565535103,0.004417574386719071,3.7333333333333334,0.7168868377081591,0.054385964912280704,0.2614035087719298,0.29833333333333334,0.9518190831877291,30,False,1592.0,False
920,test,random,paper,paper,3165569293,2026,600,30,0.7,"[67, 85, 99, 124, 171, 175, 187, 193, 224, 233, 307, 308, 312, 325, 349, 367, 374, 461, 471, 472, 492, 495, 534, 561, 572, 573, 578, 583, 586, 595]","[0, 273, 76, 454, 268, 271, 146, 386, 329, 443, 429, 256, 446, 382, 531, 200, 111, 290, 519, 237, 326, 206, 493, 229, 211, 596, 106, 530, 343, 120]",6.533333333333333,0.0018424318952716204,0.005029978824028488,0.2543859649122807,0.04912280701754386,0.014035087719298246,0.0,1.9308510638297873,4.0,0.010526315789473684,0.38070175438596493,10.950877192982457,0.23523095198933336,0.557635741374526,0.008952769712880114,3.650574712643678,0.7007147835696595,0.07017543859649122,0.45964912280701753,0.4866666666666667,0.9759687499608845,30,False,1756.0,False
921,test,random,paper,paper,3165569293,2026,600,30,0.7,"[2, 15, 42, 77, 87, 88, 117, 137, 192, 206, 214, 248, 263, 317, 358, 374, 382, 396, 402, 407, 429, 431, 514, 519, 543, 565, 570, 574, 575, 581]","[592, 50, 17, 398, 245, 8, 48, 476, 34, 415, 310, 348, 567, 18, 323, 111, 291, 478, 41, 114, 23, 328, 215, 80, 110, 36, 366, 193, 267, 185]",5.233333333333333,0.0015394003498674586,0.0038352295411103726,0.22631578947368422,0.028070175438596492,0.008771929824561403,0.0,1.9574468085106382,4.0,0.010526315789473684,0.33157894736842103,10.507017543859648,0.21008531597160585,0.5997040051799094,0.006536806105771622,3.7471264367816093,0.7300883897251379,0.08947368421052632,0.9508771929824561,0.9533333333333334,0.9637802089564502,30,False,2374.0,True
922,test,random,paper,paper,3165569293,2026,600,30,0.7,"[4, 5, 10, 11, 26, 48, 72, 84, 98, 113, 125, 172, 178, 181, 187, 210, 245, 252, 262, 277, 340, 399, 402, 405, 406, 434, 442, 458, 510, 545]","[594, 414, 230, 495, 117, 11, 68, 471, 513, 511, 280, 244, 492, 353, 146, 64, 59, 15, 541, 38, 450, 263, 41, 523, 276, 431, 32, 179, 51, 376]",6.5,0.0018443393526918644,0.005810926464274853,0.2754385964912281,0.03508771929824561,0.007017543859649123,0.0,1.8829787234042554,4.0,0.010526315789473684,0.40350877192982454,10.492982456140352,0.24173847150334712,0.5277957635741375,0.0047606879855161864,3.7287356321839082,0.6547180019714173,0.07894736842105263,0.35964912280701755,0.39166666666666666,1.0383394171949476,30,False,1674.0,False
923,test,random,paper,paper,3165569293,2026,600,30,0.7,"[7, 21, 25, 30, 43, 106, 130, 188, 202, 218, 306, 355, 358, 376, 392, 394, 435, 447, 450, 480, 498, 514, 522, 532, 552, 554, 568, 575, 584, 595]","[225, 127, 118, 402, 448, 439, 305, 265, 405, 338, 301, 177, 323, 87, 419, 169, 249, 315, 2, 243, 591, 215, 367, 387, 320, 522, 154, 267, 149, 120]",5.766666666666667,0.0016904620901320364,0.004414531374500158,0.24210526315789474,0.03859649122807018,0.008771929824561403,0.0,1.9663120567375887,4.0,0.010526315789473684,0.36666666666666664,11.135087719298246,0.22592117796330347,0.5755310948725064,0.008216436482156564,3.6,0.7509774788668956,0.08596491228070176,0.9403508771929825,0.9433333333333334,0.9046635839622468,29,True,2376.0,True
924,test,random,paper,paper,3165569293,2026,600,30,0.7,"[35, 88, 100, 106, 107, 126, 163, 175, 177, 178, 192, 197, 212, 225, 227, 230, 252, 254, 318, 341, 377, 413, 449, 458, 461, 508, 521, 528, 540, 554]","[479, 8, 529, 439, 168, 124, 309, 271, 235, 492, 34, 92, 496, 131, 94, 29, 15, 319, 83, 341, 90, 1, 24, 179, 290, 581, 464, 468, 53, 522]",5.266666666666667,0.0015239824780910465,0.004372086219821448,0.21929824561403508,0.04035087719298246,0.008771929824561403,0.0,2.00177304964539,4.0,0.010526315789473684,0.2912280701754386,10.663157894736843,0.20955796281230252,0.6103474855856689,0.00819791719192019,3.6735632183908047,0.78117131906122,0.07368421052631578,0.23859649122807017,0.27666666666666667,0.9469529581256211,30,False,1536.0,False
925,test,random,paper,paper,3165569293,2026,600,30,0.7,"[28, 46, 55, 114, 131, 235, 239, 242, 262, 275, 280, 299, 351, 365, 380, 383, 420, 435, 442, 450, 495, 499, 524, 528, 535, 538, 547, 559, 582, 585]","[322, 192, 515, 199, 474, 55, 126, 142, 541, 371, 580, 251, 209, 588, 334, 157, 125, 249, 32, 2, 206, 432, 393, 468, 178, 95, 109, 330, 540, 231]",4.7,0.0014445921707315786,0.0036927931531472056,0.21403508771929824,0.021052631578947368,0.0017543859649122807,0.0,2.0549645390070923,4.0,0.010526315789473684,0.22280701754385965,8.243859649122808,0.20085776974724548,0.6186291739894552,0.003143769586600803,4.089655172413793,0.7620633852675555,0.07017543859649122,0.18421052631578946,0.225,0.999256124952808,30,False,1486.0,False
926,test,random,paper,paper,3165569293,2026,600,30,0.7,"[9, 25, 38, 40, 47, 52, 55, 82, 84, 118, 125, 138, 155, 185, 250, 267, 307, 319, 334, 360, 388, 436, 461, 487, 492, 505, 559, 575, 598, 599]","[391, 118, 137, 459, 285, 220, 515, 196, 471, 4, 280, 395, 43, 311, 238, 389, 429, 550, 205, 139, 7, 383, 290, 44, 326, 236, 330, 267, 435, 88]",6.3,0.0018045256179825097,0.0054244554331964855,0.2771929824561403,0.03684210526315789,0.0,0.0,1.8687943262411348,4.0,0.010526315789473684,0.37719298245614036,10.414035087719299,0.2483466097141273,0.5244226559368544,0.0037263074660668434,3.781609195402299,0.7872057001903959,0.06666666666666667,0.8333333333333334,0.8416666666666667,0.9841526669915766,30,False,2206.0,False
927,test,random,paper,paper,3165569293,2026,600,30,0.7,"[21, 42, 64, 76, 91, 102, 104, 152, 166, 180, 258, 260, 263, 297, 321, 329, 357, 361, 383, 384, 395, 401, 422, 462, 465, 478, 516, 542, 554, 585]","[127, 17, 384, 259, 37, 121, 130, 521, 133, 105, 272, 93, 567, 159, 458, 554, 504, 536, 157, 564, 340, 427, 119, 335, 582, 202, 534, 223, 522, 231]",5.666666666666667,0.001654217720927753,0.0038327451456639733,0.23859649122807017,0.042105263157894736,0.0035087719298245615,0.0,1.9557522123893805,4.0,0.008771929824561403,0.3456140350877193,10.5,0.22241879404386783,0.5809638331329202,0.006104411515162023,3.7044334975369457,0.7499946230092037,0.09298245614035087,0.8614035087719298,0.8683333333333333,0.937336792005226,30,False,2254.0,False
928,test,random,paper,paper,3165569293,2026,600,30,0.7,"[1, 30, 41, 120, 170, 172, 174, 211, 217, 244, 258, 271, 294, 318, 330, 344, 364, 384, 411, 437, 466, 498, 516, 523, 525, 539, 542, 551, 574, 576]","[575, 402, 56, 27, 553, 244, 316, 300, 13, 97, 272, 144, 354, 83, 228, 563, 222, 564, 10, 30, 339, 591, 534, 153, 400, 453, 223, 75, 193, 253]",6.133333333333334,0.0017494231134996966,0.004812574347796898,0.2614035087719298,0.03859649122807018,0.0035087719298245615,0.0,1.9060283687943262,4.0,0.010526315789473684,0.38070175438596493,11.619298245614035,0.23921559070851722,0.5470230937625258,0.0067581326719257755,3.514942528735632,0.7108524565789833,0.08947368421052632,0.9508771929824561,0.9533333333333334,0.9297765421215445,30,False,2376.0,True
929,test,random,paper,paper,3165569293,2026,600,30,0.7,"[63, 77, 79, 91, 106, 150, 162, 165, 171, 190, 211, 241, 242, 261, 293, 303, 334, 335, 366, 370, 416, 439, 460, 473, 485, 530, 535, 559, 572, 574]","[399, 398, 374, 37, 439, 216, 278, 213, 268, 562, 300, 566, 142, 279, 535, 281, 205, 221, 587, 401, 355, 565, 499, 570, 135, 324, 178, 330, 211, 193]",5.766666666666667,0.0016750060361255046,0.00529415716774867,0.24385964912280703,0.03684210526315789,0.010526315789473684,0.0,1.9256637168141593,3.0,0.008771929824561403,0.32280701754385965,10.30877192982456,0.2253158240908206,0.5730336385779915,0.007215203423434446,3.6625615763546797,0.7688960658871326,0.08421052631578947,0.9438596491228071,0.9466666666666667,0.9304902500007302,30,False,2376.0,True
930,test,random,paper,paper,3165569293,2026,600,30,0.7,"[14, 64, 65, 74, 112, 113, 190, 208, 227, 265, 308, 314, 343, 351, 371, 406, 412, 430, 432, 452, 478, 479, 494, 528, 567, 576, 579, 581, 596, 598]","[145, 384, 568, 107, 548, 511, 562, 254, 94, 69, 256, 491, 248, 209, 406, 276, 184, 96, 571, 313, 202, 518, 170, 468, 428, 253, 440, 185, 260, 435]",5.466666666666667,0.0016074972822987049,0.005420105595468447,0.22807017543859648,0.03859649122807018,0.005263157894736842,0.0,1.9823008849557522,4.0,0.008771929824561403,0.3017543859649123,9.701754385964913,0.21212167327918136,0.5971942157678908,0.005194229924661199,3.874384236453202,0.8220946408395335,0.08421052631578947,0.36666666666666664,0.3983333333333333,0.9658532501198351,30,False,1648.0,False
931,test,random,paper,paper,3165569293,2026,600,30,0.7,"[10, 26, 85, 142, 182, 183, 236, 275, 290, 301, 302, 312, 338, 359, 363, 365, 395, 407, 415, 417, 423, 429, 469, 472, 487, 529, 547, 575, 578, 595]","[230, 117, 273, 451, 538, 525, 475, 371, 490, 369, 129, 446, 108, 537, 489, 588, 340, 114, 190, 296, 269, 23, 214, 237, 44, 65, 109, 267, 106, 120]",5.4,0.0015710900054279624,0.0036944672406498628,0.22456140350877193,0.042105263157894736,0.0035087719298245615,0.0,1.9663120567375887,4.0,0.010526315789473684,0.3105263157894737,9.608771929824561,0.21391548759961077,0.6021952949156724,0.006359387363444158,3.896551724137931,0.7489898326030667,0.07894736842105263,0.2912280701754386,0.32666666666666666,0.9914477081038058,30,False,1610.0,False
932,test,random,paper,paper,3165569293,2026,600,30,0.7,"[3, 20, 77, 79, 84, 89, 90, 102, 119, 140, 195, 196, 217, 235, 241, 245, 269, 310, 332, 334, 355, 378, 400, 413, 461, 496, 517, 534, 588, 590]","[182, 507, 398, 374, 471, 180, 318, 121, 100, 71, 528, 258, 13, 55, 566, 59, 390, 86, 274, 205, 177, 188, 197, 1, 290, 360, 52, 493, 283, 20]",6.8,0.001935947976676949,0.006128968342501053,0.28596491228070176,0.05263157894736842,0.005263157894736842,0.0,1.8599290780141844,4.0,0.010526315789473684,0.40350877192982454,11.126315789473685,0.26263289769311005,0.5117935436129868,0.006215374491572182,3.6206896551724137,0.7308866892155391,0.08421052631578947,0.956140350877193,0.9583333333333334,0.9247564170509577,30,False,2378.0,True
933,test,random,paper,paper,3165569293,2026,600,30,0.7,"[1, 20, 50, 81, 108, 148, 150, 179, 191, 205, 213, 225, 259, 268, 271, 290, 337, 342, 361, 371, 387, 399, 485, 496, 508, 552, 554, 555, 563, 567]","[575, 507, 78, 593, 449, 14, 216, 500, 140, 524, 270, 131, 155, 242, 144, 490, 494, 218, 536, 406, 361, 263, 135, 360, 581, 320, 522, 312, 477, 428]",5.766666666666667,0.0016715069850419357,0.004558029698278761,0.24561403508771928,0.02982456140350877,0.005263157894736842,0.0,1.9148936170212767,4.0,0.010526315789473684,0.3508771929824561,11.128070175438596,0.22744891716250468,0.5702833533746493,0.005513700858528444,3.6390804597701147,0.7428274521214007,0.09649122807017543,0.9421052631578948,0.945,0.8479603328742087,27,True,2376.0,True
934,test,random,paper,paper,3165569293,2026,600,30,0.7,"[9, 12, 31, 47, 62, 91, 97, 101, 155, 186, 198, 279, 286, 297, 329, 338, 339, 341, 373, 374, 401, 405, 434, 470, 481, 505, 517, 541, 584, 595]","[391, 148, 482, 285, 262, 37, 104, 409, 43, 388, 187, 160, 484, 159, 554, 108, 47, 341, 332, 111, 427, 523, 431, 138, 292, 236, 52, 61, 149, 120]",5.633333333333334,0.0016195057417508088,0.00458020838003064,0.23508771929824562,0.03684210526315789,0.010526315789473684,0.0,1.9415929203539823,3.0,0.008771929824561403,0.3508771929824561,10.77017543859649,0.2198257903917442,0.5862115746307773,0.007409598702702151,3.586206896551724,0.7589429492450998,0.08421052631578947,0.9473684210526315,0.95,0.8171063328627497,26,True,2374.0,True
935,test,random,paper,paper,3165569293,2026,600,30,0.7,"[23, 27, 52, 75, 88, 90, 102, 132, 145, 167, 263, 283, 286, 290, 295, 296, 304, 311, 318, 329, 381, 383, 403, 406, 407, 476, 479, 508, 533, 571]","[122, 579, 220, 351, 8, 318, 121, 544, 297, 585, 567, 517, 484, 490, 506, 445, 240, 385, 83, 554, 556, 157, 22, 276, 114, 560, 518, 581, 203, 91]",5.833333333333333,0.00169586409365911,0.003666521960677035,0.24210526315789474,0.05263157894736842,0.0017543859649122807,0.0,1.9804964539007093,4.0,0.010526315789473684,0.32105263157894737,10.426315789473684,0.23346720020888734,0.5751734344648969,0.006327656780309712,3.685057471264368,0.7072682113343521,0.09473684210526316,0.9473684210526315,0.95,0.9245887501165271,30,False,2378.0,True
936,test,random,paper,paper,3165569293,2026,600,30,0.7,"[29, 38, 41, 73, 86, 111, 112, 151, 170, 197, 209, 211, 241, 258, 287, 289, 310, 311, 340, 344, 370, 375, 376, 447, 455, 488, 506, 567, 587, 596]","[82, 137, 56, 302, 35, 481, 548, 63, 553, 92, 346, 300, 566, 272, 165, 66, 86, 385, 450, 563, 401, 583, 87, 315, 112, 134, 183, 428, 352, 260]",6.766666666666667,0.001903135491984631,0.005942148774284355,0.2789473684210526,0.05263157894736842,0.005263157894736842,0.0,1.8475177304964538,4.0,0.010526315789473684,0.4192982456140351,11.66842105263158,0.253967972110055,0.5218882002898283,0.006226026046821784,3.581609195402299,0.7431619423896266,0.09473684210526316,0.7105263157894737,0.725,0.9525601658970118,30,False,2022.0,False
937,test,random,paper,paper,3165569293,2026,600,30,0.7,"[8, 59, 79, 96, 112, 126, 132, 147, 157, 180, 191, 209, 227, 254, 293, 295, 297, 305, 364, 373, 463, 481, 498, 500, 505, 508, 524, 536, 592, 593]","[147, 555, 374, 226, 548, 124, 544, 171, 584, 105, 140, 346, 94, 319, 535, 506, 159, 89, 222, 332, 377, 292, 591, 5, 236, 581, 393, 303, 241, 505]",5.766666666666667,0.001673953515137539,0.004671267278022699,0.23508771929824562,0.042105263157894736,0.008771929824561403,0.0,1.9556737588652482,4.0,0.010526315789473684,0.34912280701754383,11.001754385964912,0.2239056477089531,0.5859587457219498,0.007539600546699938,3.613793103448276,0.7088648103151545,0.0912280701754386,0.6385964912280702,0.6566666666666666,0.9472207080107182,30,False,1906.0,False
938,test,random,paper,paper,3165569293,2026,600,30,0.7,"[1, 3, 7, 12, 18, 31, 50, 86, 96, 127, 146, 194, 195, 197, 254, 292, 293, 296, 308, 336, 340, 369, 394, 395, 459, 484, 491, 497, 539, 590]","[575, 182, 225, 148, 508, 482, 78, 35, 226, 462, 370, 284, 528, 92, 319, 304, 535, 445, 256, 219, 450, 569, 169, 340, 597, 469, 136, 186, 453, 20]",5.833333333333333,0.0016982527559030246,0.003692271384166656,0.2719298245614035,0.02631578947368421,0.0017543859649122807,0.0,1.8634751773049645,4.0,0.010526315789473684,0.32105263157894737,10.750877192982456,0.2460847006331696,0.5315943637653008,0.0034352397283431762,3.696551724137931,0.7529085681159238,0.07192982456140351,0.9157894736842105,0.92,0.9528520000167191,30,False,2348.0,True
939,test,random,paper,paper,3165569293,2026,600,30,0.7,"[5, 70, 105, 153, 170, 185, 202, 226, 238, 246, 247, 251, 309, 340, 350, 376, 381, 393, 419, 438, 465, 500, 502, 509, 510, 522, 562, 571, 583, 591]","[414, 84, 372, 362, 553, 311, 405, 359, 266, 392, 286, 336, 456, 450, 413, 87, 556, 239, 212, 40, 582, 5, 116, 547, 51, 367, 407, 91, 530, 347]",5.866666666666666,0.0016716849531676896,0.004315222300880235,0.2578947368421053,0.0456140350877193,0.0017543859649122807,0.0,1.898936170212766,4.0,0.010526315789473684,0.3736842105263158,11.30877192982456,0.24263722076554076,0.5518206764714951,0.005828775311533932,3.6160919540229886,0.7940383808099729,0.08070175438596491,0.9456140350877194,0.9483333333333334,0.7500888749491423,24,True,2378.0,True
940,test,random,paper,paper,3165569293,2026,600,30,0.7,"[37, 44, 58, 60, 98, 102, 123, 156, 171, 205, 206, 208, 218, 239, 247, 282, 288, 334, 337, 361, 372, 403, 407, 441, 447, 465, 511, 521, 531, 575]","[217, 586, 358, 306, 513, 121, 156, 143, 268, 524, 415, 254, 338, 126, 286, 357, 233, 205, 494, 536, 293, 22, 114, 380, 315, 582, 417, 464, 252, 267]",5.4,0.0016021033256251593,0.0032973544393737897,0.22105263157894736,0.043859649122807015,0.0017543859649122807,0.0,1.9875886524822695,4.0,0.010526315789473684,0.3140350877192982,9.93157894736842,0.21367143103983663,0.6074553695310332,0.00610581308857171,3.774712643678161,0.7168868377081592,0.08421052631578947,0.8052631578947368,0.815,0.9444804999511689,30,False,2184.0,False
941,test,random,paper,paper,3165569293,2026,600,30,0.7,"[2, 94, 124, 157, 171, 179, 191, 196, 204, 236, 246, 287, 311, 369, 383, 411, 422, 427, 452, 522, 524, 526, 544, 552, 553, 557, 568, 577, 579, 586]","[592, 81, 454, 584, 268, 500, 140, 258, 289, 475, 392, 165, 385, 569, 157, 10, 119, 234, 313, 367, 393, 264, 282, 320, 141, 368, 154, 321, 440, 343]",5.466666666666667,0.001611412355495137,0.004004968736795613,0.24385964912280703,0.02280701754385965,0.0017543859649122807,0.0,1.9326241134751774,4.0,0.010526315789473684,0.3105263157894737,10.2,0.2195797668899967,0.5733173002805784,0.003999782427774315,3.845977011494253,0.7880039996807969,0.04912280701754386,0.19298245614035087,0.23333333333333334,0.967563042184338,30,False,1548.0,False
942,test,random,paper,paper,3165569293,2026,600,30,0.7,"[7, 12, 44, 60, 108, 148, 159, 168, 170, 184, 200, 204, 267, 275, 294, 306, 311, 369, 371, 379, 385, 397, 402, 410, 453, 504, 549, 553, 589, 593]","[225, 148, 586, 306, 449, 14, 365, 436, 553, 576, 404, 289, 389, 371, 354, 301, 385, 569, 406, 483, 364, 418, 41, 25, 255, 356, 561, 141, 470, 505]",5.4,0.0016104598912413854,0.0041415351371394075,0.23333333333333334,0.04035087719298246,0.0035087719298245615,0.0,1.9450354609929077,4.0,0.010526315789473684,0.2964912280701754,10.119298245614035,0.2216401024829152,0.588665865014029,0.005788351457722655,3.7954022988505747,0.7620633852675555,0.07368421052631578,0.15789473684210525,0.2,0.9816781671252102,30,True,1492.0,False
943,test,random,paper,paper,3165569293,2026,600,30,0.7,"[9, 47, 81, 89, 94, 95, 141, 187, 197, 201, 215, 227, 241, 267, 276, 329, 334, 357, 374, 444, 456, 474, 497, 498, 503, 510, 516, 569, 585, 587]","[391, 285, 593, 180, 81, 79, 9, 146, 92, 175, 452, 94, 566, 389, 103, 554, 205, 504, 111, 349, 473, 45, 186, 591, 572, 51, 534, 167, 231, 352]",6.166666666666667,0.0017692187945454998,0.0056212278683157165,0.2631578947368421,0.04035087719298246,0.005263157894736842,0.0,1.898936170212766,4.0,0.010526315789473684,0.35964912280701755,9.763157894736842,0.23512781886981854,0.5454629543982981,0.005704300506259068,3.8689655172413793,0.7643855217996101,0.07719298245614035,0.4456140350877193,0.47333333333333333,0.9552579161245376,30,False,1766.0,False
944,test,random,paper,paper,3165569293,2026,600,30,0.7,"[40, 57, 86, 112, 125, 142, 144, 151, 184, 202, 280, 338, 351, 359, 362, 366, 367, 387, 402, 423, 430, 443, 465, 473, 486, 499, 513, 555, 563, 598]","[459, 502, 35, 548, 280, 451, 486, 63, 576, 405, 580, 108, 209, 537, 85, 587, 200, 361, 41, 269, 96, 3, 582, 570, 542, 432, 6, 312, 477, 435]",4.966666666666667,0.001495627900703579,0.003460860509064846,0.20701754385964913,0.02982456140350877,0.0035087719298245615,0.0,2.049645390070922,4.0,0.010526315789473684,0.2982456140350877,9.336842105263157,0.19816874329569492,0.6295563160978016,0.005151317392696703,3.8735632183908044,0.7109804559314734,0.07719298245614035,0.9543859649122807,0.9566666666666667,0.9324853750877082,30,False,2378.0,True
945,test,random,paper,paper,3165569293,2026,600,30,0.7,"[10, 27, 73, 85, 123, 150, 210, 212, 222, 268, 273, 304, 310, 321, 343, 355, 356, 358, 421, 423, 475, 476, 481, 482, 493, 528, 530, 535, 568, 594]","[230, 579, 302, 273, 156, 216, 64, 496, 488, 242, 438, 240, 86, 458, 248, 177, 98, 323, 201, 269, 543, 560, 292, 375, 123, 468, 324, 178, 154, 463]",5.433333333333334,0.0015801466314765628,0.0052130696308822,0.24561403508771928,0.03333333333333333,0.0035087719298245615,0.0,1.9221238938053098,4.0,0.008771929824561403,0.36140350877192984,10.235087719298246,0.2258731668165633,0.5705300157247248,0.0037644697578432533,3.810344827586207,0.7720165019095883,0.07719298245614035,0.9666666666666667,0.9683333333333334,0.9152339999563992,29,True,2378.0,True
946,test,random,paper,paper,3165569293,2026,600,30,0.7,"[31, 32, 102, 112, 129, 142, 184, 188, 220, 224, 226, 238, 251, 268, 275, 325, 339, 374, 375, 388, 393, 431, 434, 444, 448, 461, 473, 487, 556, 586]","[482, 457, 121, 548, 287, 451, 576, 265, 337, 329, 359, 266, 336, 242, 371, 382, 47, 111, 583, 7, 239, 328, 431, 349, 467, 290, 570, 44, 207, 343]",5.5,0.0016132130379716075,0.005004907785772794,0.24035087719298245,0.03684210526315789,0.005263157894736842,0.0,1.9361702127659575,4.0,0.010526315789473684,0.29473684210526313,9.56140350877193,0.2207428139145293,0.5783923781333826,0.005858836291205245,3.8735632183908044,0.777252583548363,0.07894736842105263,0.28421052631578947,0.32,0.9541037499438971,30,False,1566.0,False
947,test,random,paper,paper,3165569293,2026,600,30,0.7,"[10, 14, 22, 25, 55, 58, 68, 98, 118, 124, 163, 185, 194, 202, 206, 213, 218, 241, 244, 274, 299, 309, 316, 357, 381, 431, 444, 485, 531, 589]","[230, 145, 480, 118, 515, 358, 49, 513, 4, 454, 309, 311, 284, 405, 415, 270, 338, 566, 97, 161, 251, 456, 42, 504, 556, 328, 349, 135, 252, 470]",4.766666666666667,0.0014371173240781104,0.0031027255428192247,0.20526315789473684,0.02982456140350877,0.008771929824561403,0.0,2.049645390070922,4.0,0.010526315789473684,0.27017543859649124,9.617543859649123,0.1964946296582852,0.6322942681836401,0.007617497445083651,3.811494252873563,0.7328743354793678,0.07192982456140351,0.21228070175438596,0.25166666666666665,0.6189294999931008,19,True,1516.0,False
948,test,random,paper,paper,3165569293,2026,600,30,0.7,"[14, 41, 52, 65, 131, 136, 167, 244, 278, 285, 291, 295, 317, 334, 362, 381, 388, 437, 464, 492, 501, 505, 539, 544, 551, 554, 573, 579, 593, 594]","[145, 56, 220, 568, 474, 195, 585, 97, 487, 314, 277, 506, 18, 205, 85, 556, 7, 30, 533, 326, 510, 236, 453, 282, 75, 522, 596, 440, 505, 463]",5.366666666666666,0.0015528735678055567,0.004686142527453112,0.21052631578947367,0.042105263157894736,0.005263157894736842,0.0,2.026595744680851,4.0,0.010526315789473684,0.3350877192982456,11.080701754385965,0.2032538553729683,0.6241790768661548,0.008130720187691702,3.6114942528735634,0.7848835636583413,0.07719298245614035,0.35964912280701755,0.39166666666666666,0.9634147500619292,30,False,1654.0,False
949,test,random,paper,paper,3165569293,2026,600,30,0.7,"[1, 4, 38, 45, 58, 68, 78, 92, 103, 215, 284, 290, 299, 303, 307, 324, 350, 376, 383, 389, 401, 416, 435, 456, 461, 552, 556, 557, 585, 594]","[575, 594, 137, 512, 358, 49, 595, 26, 295, 452, 516, 490, 251, 281, 429, 62, 413, 87, 157, 578, 427, 355, 249, 473, 290, 320, 207, 368, 231, 463]",6.7,0.00190465867085444,0.006513709502861082,0.2719298245614035,0.03684210526315789,0.007017543859649123,0.0,1.8953900709219857,4.0,0.010526315789473684,0.3736842105263158,11.080701754385965,0.2428506114814147,0.5328461751919341,0.006306364542387737,3.6206896551724137,0.6917445227853186,0.06140350877192982,0.21929824561403508,0.25833333333333336,0.955595999956131,30,False,1568.0,False
950,test,random,paper,paper,3165569293,2026,600,30,0.7,"[9, 10, 16, 81, 105, 153, 176, 179, 231, 249, 279, 280, 347, 369, 375, 401, 410, 413, 416, 419, 434, 438, 498, 509, 528, 533, 538, 554, 564, 587]","[391, 230, 128, 593, 372, 362, 194, 500, 532, 350, 160, 580, 307, 569, 583, 427, 25, 1, 355, 212, 431, 40, 591, 547, 468, 203, 95, 522, 58, 352]",5.9,0.0016939115732735898,0.005815453501606526,0.23508771929824562,0.05087719298245614,0.0035087719298245615,0.0,1.9469026548672566,4.0,0.008771929824561403,0.3543859649122807,10.387719298245614,0.2227713478623571,0.5863225726883113,0.005645881089301621,3.6403940886699506,0.7269679537026822,0.09298245614035087,0.9543859649122807,0.9566666666666667,1.0418770420365036,30,False,2378.0,True
951,test,random,paper,paper,3165569293,2026,600,30,0.7,"[5, 7, 35, 37, 50, 66, 82, 99, 140, 157, 171, 196, 198, 214, 310, 335, 344, 355, 364, 394, 443, 448, 463, 488, 503, 527, 538, 540, 584, 593]","[414, 225, 479, 217, 78, 379, 196, 76, 71, 584, 268, 258, 187, 310, 86, 221, 563, 177, 222, 169, 3, 467, 377, 134, 572, 424, 95, 53, 149, 505]",5.733333333333333,0.0016787440813508373,0.004695871548634908,0.2543859649122807,0.03333333333333333,0.0035087719298245615,0.0,1.927304964539007,3.0,0.010526315789473684,0.3543859649122807,10.426315789473684,0.23399657065454424,0.5572904140844201,0.004515222726496346,3.774712643678161,0.7529085681159238,0.08771929824561403,0.9421052631578948,0.945,0.9443512079305947,30,False,2378.0,True
952,test,random,paper,paper,3165569293,2026,600,30,0.7,"[12, 19, 41, 50, 60, 108, 121, 143, 146, 244, 275, 301, 304, 345, 371, 384, 399, 439, 444, 459, 465, 499, 500, 501, 529, 550, 564, 565, 577, 593]","[148, 552, 56, 78, 306, 449, 434, 172, 370, 97, 371, 369, 240, 466, 406, 564, 263, 565, 349, 597, 582, 432, 5, 510, 65, 485, 58, 36, 321, 505]",5.033333333333333,0.0015000727511553995,0.0029963138968465528,0.21754385964912282,0.03508771929824561,0.007017543859649123,0.0,1.975221238938053,4.0,0.008771929824561403,0.2912280701754386,10.140350877192983,0.20657712146714716,0.6130669379952518,0.006986468193364745,3.748768472906404,0.7116507560693843,0.0824561403508772,0.9438596491228071,0.9466666666666667,0.9427163328509778,30,False,2378.0,True
953,test,random,paper,paper,3165569293,2026,600,30,0.7,"[20, 22, 26, 55, 56, 60, 63, 71, 81, 111, 135, 137, 148, 167, 180, 215, 278, 304, 321, 338, 348, 355, 382, 427, 458, 460, 527, 549, 578, 586]","[507, 480, 117, 515, 426, 306, 399, 526, 593, 481, 21, 476, 14, 585, 105, 452, 487, 240, 458, 108, 325, 177, 291, 234, 179, 499, 424, 561, 106, 343]",5.766666666666667,0.0016707647524719829,0.0036768753285569464,0.25263157894736843,0.03684210526315789,0.007017543859649123,0.0,1.9024822695035462,4.0,0.010526315789473684,0.3543859649122807,10.929824561403509,0.23590281317583295,0.5597015385564086,0.005913511301575784,3.67816091954023,0.7716820116413625,0.06140350877192982,0.21052631578947367,0.25,0.8296692499425262,26,True,1514.0,False
954,test,random,paper,paper,3165569293,2026,600,30,0.7,"[13, 103, 111, 145, 186, 254, 269, 285, 292, 318, 333, 335, 369, 370, 384, 391, 405, 410, 429, 440, 448, 463, 483, 488, 509, 512, 521, 531, 563, 596]","[74, 295, 481, 297, 388, 319, 390, 314, 304, 83, 294, 221, 569, 401, 564, 163, 523, 25, 23, 247, 467, 377, 19, 134, 547, 99, 464, 252, 477, 260]",5.033333333333333,0.0014938399443881418,0.0033342177424220483,0.22631578947368422,0.02982456140350877,0.0017543859649122807,0.0,1.9929078014184398,4.0,0.010526315789473684,0.25263157894736843,8.956140350877194,0.2138673025385684,0.5994696759473376,0.004310163955194382,4.00919540229885,0.7609305955089284,0.07543859649122807,0.22456140350877193,0.2633333333333333,0.6790296251419932,20,True,1522.0,False
955,test,random,paper,paper,3165569293,2026,600,30,0.7,"[0, 13, 63, 76, 104, 147, 161, 173, 180, 210, 262, 314, 336, 354, 360, 363, 382, 384, 386, 399, 455, 461, 507, 527, 545, 559, 567, 577, 578, 585]","[509, 74, 399, 259, 130, 171, 545, 363, 105, 64, 541, 491, 219, 551, 139, 489, 291, 564, 16, 263, 112, 290, 421, 424, 376, 330, 428, 321, 106, 231]",5.5,0.0016131905433820566,0.0035247863402163384,0.23684210526315788,0.03333333333333333,0.005263157894736842,0.0,1.9415929203539823,3.0,0.008771929824561403,0.3087719298245614,9.891228070175439,0.2202737693620632,0.5834674559861869,0.004885353734238115,3.810344827586207,0.7971588168324286,0.08421052631578947,0.9421052631578948,0.945,1.0560459580738097,30,False,2356.0,True
956,test,random,paper,paper,3165569293,2026,600,30,0.7,"[23, 49, 68, 88, 138, 146, 148, 176, 190, 205, 209, 215, 233, 290, 302, 369, 381, 384, 411, 412, 418, 421, 445, 446, 459, 514, 554, 568, 587, 596]","[122, 72, 49, 8, 395, 370, 14, 194, 562, 524, 346, 452, 443, 490, 129, 569, 556, 564, 10, 184, 373, 201, 378, 208, 597, 215, 522, 154, 352, 260]",6.233333333333333,0.0017943670695968713,0.0053481121634813686,0.26842105263157895,0.03508771929824561,0.0035087719298245615,0.0,1.8794326241134751,4.0,0.010526315789473684,0.3631578947368421,10.69122807017544,0.2411715261296214,0.5371072672894891,0.004752067624109545,3.708045977011494,0.7651838212900113,0.08070175438596491,0.9368421052631579,0.94,1.2770513750147074,30,False,2366.0,True
957,test,random,paper,paper,3165569293,2026,600,30,0.7,"[8, 13, 66, 94, 103, 142, 146, 151, 182, 234, 241, 291, 295, 313, 318, 330, 337, 360, 365, 370, 371, 386, 400, 414, 460, 488, 517, 527, 571, 593]","[147, 74, 379, 81, 295, 451, 370, 63, 538, 28, 566, 277, 506, 102, 83, 228, 494, 139, 588, 401, 406, 16, 197, 333, 499, 134, 52, 424, 91, 505]",5.033333333333333,0.00150849742261138,0.003441753363599229,0.23333333333333334,0.021052631578947368,0.0017543859649122807,0.0,1.976991150442478,4.0,0.008771929824561403,0.2736842105263158,9.373684210526315,0.21273763061328393,0.5891160238029168,0.003864086105465416,3.8916256157635467,0.8121415241975006,0.07017543859649122,0.3912280701754386,0.4216666666666667,1.0185584158170968,30,False,1676.0,False
958,test,random,paper,paper,3165569293,2026,600,30,0.7,"[27, 78, 80, 91, 122, 128, 131, 168, 178, 196, 204, 207, 214, 251, 283, 296, 310, 368, 370, 427, 453, 488, 522, 533, 537, 550, 554, 560, 566, 580]","[579, 595, 403, 37, 520, 210, 474, 436, 492, 258, 289, 441, 310, 336, 517, 445, 86, 396, 401, 234, 255, 134, 367, 203, 599, 485, 522, 557, 191, 60]",5.233333333333333,0.0015530804260282835,0.004593869960810895,0.22456140350877193,0.03684210526315789,0.0,0.0,2.017699115044248,4.0,0.008771929824561403,0.3140350877192982,10.005263157894737,0.21281960060111121,0.6022076280331761,0.004945456842008566,3.7364532019704435,0.8449148192303194,0.0824561403508772,0.8140350877192982,0.8233333333333334,1.0580153341870755,30,False,2174.0,False
959,test,random,paper,paper,3165569293,2026,600,30,0.7,"[10, 20, 40, 47, 93, 135, 183, 210, 221, 252, 316, 330, 357, 371, 375, 388, 406, 408, 444, 454, 472, 475, 524, 538, 554, 561, 573, 574, 582, 595]","[230, 507, 459, 285, 394, 21, 525, 64, 181, 15, 42, 228, 504, 406, 583, 7, 276, 514, 349, 198, 237, 543, 393, 95, 522, 229, 596, 193, 540, 120]",5.366666666666666,0.0015902385070594091,0.003826725561240395,0.23859649122807017,0.02280701754385965,0.0,0.0,1.9663120567375887,4.0,0.010526315789473684,0.2771929824561403,9.24561403508772,0.2176334033024559,0.5810624980729504,0.0032208372725614103,3.9586206896551723,0.7819696185516212,0.07719298245614035,0.8192982456140351,0.8283333333333334,1.0154963750392199,30,False,2150.0,False
960,test,random,paper,paper,3165569293,2026,600,30,0.7,"[5, 17, 34, 42, 52, 108, 118, 168, 188, 190, 191, 194, 201, 228, 258, 273, 286, 300, 326, 341, 376, 392, 444, 456, 464, 523, 540, 541, 543, 584]","[414, 166, 422, 17, 220, 449, 4, 436, 265, 562, 140, 284, 175, 173, 272, 438, 484, 151, 412, 341, 87, 419, 349, 473, 533, 153, 53, 61, 110, 149]",5.466666666666667,0.0015660704564180923,0.004041384035775381,0.22982456140350876,0.03508771929824561,0.007017543859649123,0.0,1.9840425531914894,4.0,0.010526315789473684,0.3473684210526316,10.643859649122806,0.21420501363653394,0.5944007646532853,0.00734620719541185,3.7425287356321837,0.720135273083105,0.07719298245614035,0.3719298245614035,0.4033333333333333,1.1047074161469936,30,True,1678.0,False
961,test,random,paper,paper,3165569293,2026,600,30,0.7,"[24, 60, 70, 91, 93, 109, 135, 159, 166, 213, 225, 228, 239, 265, 267, 269, 417, 421, 439, 441, 445, 474, 475, 499, 568, 575, 576, 581, 592, 598]","[590, 306, 84, 37, 394, 257, 21, 365, 133, 270, 131, 173, 126, 69, 389, 390, 296, 201, 565, 380, 378, 45, 543, 432, 154, 267, 253, 185, 241, 435]",4.933333333333334,0.0014912485317451361,0.003501621672645031,0.22105263157894736,0.02631578947368421,0.0017543859649122807,0.0,2.0035398230088495,4.0,0.008771929824561403,0.26666666666666666,8.705263157894738,0.20395302366860155,0.6079425276724324,0.004637259292431706,3.938423645320197,0.7612650857771542,0.06666666666666667,0.16140350877192983,0.20333333333333334,1.165644041961059,30,False,1470.0,False
962,test,random,paper,paper,3165569293,2026,600,30,0.7,"[10, 11, 28, 29, 44, 109, 115, 124, 129, 158, 190, 217, 223, 246, 253, 254, 290, 316, 324, 359, 362, 370, 419, 488, 494, 496, 553, 569, 590, 599]","[230, 495, 322, 82, 586, 257, 132, 454, 287, 33, 562, 13, 77, 392, 430, 319, 490, 42, 62, 537, 85, 401, 212, 134, 170, 360, 141, 167, 20, 88]",5.0,0.0014773972700653532,0.0028263173017631675,0.22280701754385965,0.02456140350877193,0.0017543859649122807,0.0,1.9804964539007093,4.0,0.010526315789473684,0.2982456140350877,9.414035087719299,0.206736745108219,0.6051120772053156,0.0034008465803597654,3.960919540229885,0.6999164840792584,0.08421052631578947,0.5105263157894737,0.535,1.0213271249085665,30,False,1828.0,False
963,test,random,paper,paper,3165569293,2026,600,30,0.7,"[0, 69, 74, 119, 121, 136, 166, 214, 238, 251, 256, 270, 277, 299, 303, 321, 332, 333, 342, 346, 375, 380, 389, 421, 428, 458, 466, 481, 504, 590]","[509, 501, 107, 100, 434, 195, 133, 310, 266, 336, 573, 150, 38, 251, 281, 458, 274, 294, 218, 261, 583, 334, 578, 201, 275, 179, 339, 292, 356, 20]",5.833333333333333,0.0016762438075277007,0.005762199138060883,0.24912280701754386,0.031578947368421054,0.0035087719298245615,0.0,1.950354609929078,4.0,0.010526315789473684,0.3105263157894737,9.985964912280702,0.22045300484615898,0.5669225788548701,0.004866462743050764,3.8505747126436782,0.7940383808099729,0.07719298245614035,0.23333333333333334,0.27166666666666667,1.1843710001558065,30,True,1562.0,False
964,test,random,paper,paper,3165569293,2026,600,30,0.7,"[24, 62, 93, 133, 180, 183, 217, 251, 262, 263, 264, 268, 269, 283, 319, 339, 352, 357, 399, 423, 434, 449, 462, 478, 487, 505, 526, 539, 557, 559]","[590, 262, 394, 397, 105, 525, 13, 336, 541, 567, 174, 242, 390, 517, 550, 47, 497, 504, 263, 269, 431, 24, 335, 202, 44, 236, 264, 453, 368, 330]",6.566666666666666,0.0018792513655393093,0.006395826383725711,0.2789473684210526,0.04035087719298246,0.010526315789473684,0.0,1.8599290780141844,4.0,0.010526315789473684,0.39473684210526316,10.76842105263158,0.2529517252545174,0.5217525359972867,0.005653193235621886,3.7471264367816093,0.7209335725735062,0.07543859649122807,0.9421052631578948,0.945,1.1187418750487268,30,False,2368.0,True
965,test,random,paper,paper,3165569293,2026,600,30,0.7,"[17, 45, 49, 66, 85, 130, 141, 142, 145, 208, 213, 265, 268, 271, 316, 351, 359, 371, 375, 378, 395, 402, 406, 427, 479, 508, 534, 551, 577, 585]","[166, 512, 72, 379, 273, 305, 9, 451, 297, 254, 270, 69, 242, 144, 42, 209, 537, 406, 583, 188, 340, 41, 276, 234, 518, 581, 493, 75, 321, 231]",5.2,0.0015201134351873005,0.003435722894922637,0.22631578947368422,0.028070175438596492,0.005263157894736842,0.0,1.9893617021276595,4.0,0.010526315789473684,0.312280701754386,10.570175438596491,0.21105940939500925,0.5996855055036537,0.004689108127242002,3.7448275862068967,0.7460758874963467,0.07719298245614035,0.3456140350877193,0.37833333333333335,0.9761849159840494,30,False,1650.0,False
966,test,random,paper,paper,3165569293,2026,600,30,0.7,"[65, 68, 120, 160, 168, 197, 204, 226, 276, 280, 285, 298, 307, 321, 323, 339, 353, 356, 360, 379, 381, 424, 459, 482, 483, 487, 525, 539, 573, 594]","[568, 49, 27, 57, 436, 92, 289, 359, 103, 580, 314, 546, 429, 458, 433, 47, 549, 98, 139, 483, 556, 164, 597, 375, 19, 44, 400, 453, 596, 463]",6.4,0.0018033542344871934,0.006223708334328848,0.2736842105263158,0.03859649122807018,0.0035087719298245615,0.0,1.8867256637168142,4.0,0.008771929824561403,0.39649122807017545,11.589473684210526,0.24922533433380104,0.5291400733820492,0.004144563776497809,3.4753694581280787,0.7550242137322426,0.08947368421052632,0.9508771929824561,0.9533333333333334,0.9299960830248892,30,False,2374.0,True
967,test,random,paper,paper,3165569293,2026,600,30,0.7,"[38, 70, 115, 126, 132, 199, 206, 215, 236, 261, 263, 265, 280, 313, 334, 424, 428, 438, 441, 456, 461, 462, 474, 476, 519, 525, 546, 574, 577, 588]","[137, 84, 132, 124, 544, 460, 415, 452, 475, 279, 567, 69, 580, 102, 205, 164, 275, 40, 380, 473, 290, 335, 45, 560, 80, 400, 176, 193, 321, 283]",5.5,0.0015912466745642592,0.0037267866509732633,0.24385964912280703,0.02631578947368421,0.005263157894736842,0.0,1.927433628318584,4.0,0.008771929824561403,0.3649122807017544,10.847368421052632,0.22289067563082687,0.5730829710480067,0.004555119210291623,3.6305418719211824,0.7521102686255225,0.0824561403508772,0.9438596491228071,0.9466666666666667,1.0867092919070274,30,False,2378.0,True
968,test,random,paper,paper,3165569293,2026,600,30,0.7,"[30, 63, 98, 112, 164, 178, 179, 190, 213, 243, 249, 254, 268, 331, 338, 358, 372, 393, 397, 456, 482, 498, 506, 518, 544, 557, 558, 561, 575, 577]","[402, 399, 513, 548, 498, 492, 500, 562, 270, 416, 350, 319, 242, 442, 108, 323, 293, 239, 418, 473, 375, 591, 183, 158, 282, 368, 503, 229, 267, 321]",4.833333333333333,0.0014620699898497012,0.003188178253304577,0.22105263157894736,0.02456140350877193,0.0017543859649122807,0.0,1.9787610619469027,4.0,0.008771929824561403,0.24385964912280703,8.936842105263159,0.2055720313761967,0.6077698640273795,0.0038558504075745445,3.9753694581280787,0.7848835636583412,0.08070175438596491,0.2736842105263158,0.31,0.9546101249288768,27,True,1582.0,False
969,test,random,paper,paper,3165569293,2026,600,30,0.7,"[18, 29, 37, 43, 87, 98, 103, 139, 166, 180, 188, 223, 226, 274, 280, 286, 295, 298, 299, 303, 337, 350, 392, 414, 446, 462, 479, 552, 590, 591]","[508, 82, 217, 448, 245, 513, 295, 152, 133, 105, 265, 77, 359, 161, 580, 484, 506, 546, 251, 281, 494, 413, 419, 333, 208, 335, 518, 320, 20, 347]",5.766666666666667,0.0016567138155712943,0.004184690759787798,0.25087719298245614,0.042105263157894736,0.005263157894736842,0.0,1.9574468085106382,4.0,0.010526315789473684,0.3456140350877193,10.829824561403509,0.23569584234311514,0.5622976597909537,0.006746912091739678,3.698850574712644,0.7848835636583412,0.08421052631578947,0.9491228070175438,0.9516666666666667,1.1432059169746935,30,False,2372.0,True
970,test,random,paper,paper,3165569293,2026,600,30,0.7,"[34, 53, 84, 152, 164, 194, 207, 225, 232, 234, 238, 248, 265, 295, 305, 314, 352, 353, 365, 388, 406, 424, 439, 452, 457, 460, 482, 499, 512, 533]","[422, 345, 471, 521, 498, 284, 441, 131, 288, 28, 266, 348, 69, 506, 89, 491, 497, 549, 588, 7, 276, 164, 565, 313, 227, 499, 375, 432, 99, 203]",4.833333333333333,0.001468435747499605,0.002770416679737535,0.21754385964912282,0.02456140350877193,0.0017543859649122807,0.0,2.060070671378092,4.0,0.007017543859649123,0.22456140350877193,8.487719298245613,0.20242483339431958,0.6132581013165603,0.00368498040911834,3.9285714285714284,0.7909179447875172,0.06491228070175438,0.7526315789473684,0.765,1.0511398750822991,30,False,2078.0,False
971,test,random,paper,paper,3165569293,2026,600,30,0.7,"[2, 15, 22, 45, 67, 68, 70, 78, 111, 112, 138, 153, 159, 204, 227, 239, 257, 264, 298, 301, 304, 312, 331, 435, 444, 459, 521, 529, 549, 589]","[592, 50, 480, 512, 0, 49, 84, 595, 481, 548, 395, 362, 365, 289, 94, 126, 461, 174, 546, 369, 240, 446, 442, 249, 349, 597, 464, 65, 561, 470]",4.7,0.0014003526629906642,0.0024748616116186525,0.21403508771929824,0.021052631578947368,0.0017543859649122807,0.0,2.0106382978723403,4.0,0.010526315789473684,0.2719298245614035,9.889473684210527,0.2018696128216618,0.6185490087256806,0.003575077540594782,3.7954022988505747,0.768304257312467,0.0912280701754386,0.9508771929824561,0.9533333333333334,1.1113130829762667,30,False,2378.0,True
972,test,random,paper,paper,3165569293,2026,600,30,0.7,"[2, 58, 63, 114, 145, 151, 166, 211, 218, 243, 277, 315, 360, 382, 416, 419, 432, 442, 477, 484, 490, 523, 532, 536, 546, 560, 568, 572, 575, 595]","[592, 358, 399, 199, 297, 63, 133, 300, 338, 416, 38, 246, 139, 291, 355, 212, 571, 32, 423, 469, 381, 153, 387, 303, 176, 557, 154, 211, 267, 120]",5.133333333333334,0.001533155246192829,0.003646510776904891,0.22807017543859648,0.02456140350877193,0.007017543859649123,0.0,2.0088652482269502,4.0,0.010526315789473684,0.28596491228070176,9.849122807017544,0.2089966743798957,0.597292880707921,0.007522205226379454,3.754022988505747,0.6959977485664015,0.07368421052631578,0.9421052631578948,0.945,1.0332729159854352,30,False,2364.0,True
973,test,random,paper,paper,3165569293,2026,600,30,0.7,"[24, 30, 34, 84, 165, 174, 197, 202, 219, 225, 243, 249, 313, 327, 386, 396, 398, 404, 407, 409, 420, 421, 440, 444, 445, 463, 490, 537, 553, 598]","[590, 402, 422, 471, 213, 316, 92, 405, 298, 131, 416, 350, 102, 574, 16, 478, 411, 250, 114, 39, 125, 201, 247, 349, 378, 377, 381, 599, 141, 435]",5.033333333333333,0.001506664352353971,0.003360736256801078,0.22280701754385965,0.02982456140350877,0.0035087719298245615,0.0,1.9946902654867256,4.0,0.008771929824561403,0.3087719298245614,9.45438596491228,0.20973117119329757,0.6049270804427589,0.00491012180667353,3.8645320197044337,0.8000727619391489,0.08070175438596491,0.3140350877192982,0.34833333333333333,1.0904893749393523,30,False,1616.0,False
974,test,random,paper,paper,3165569293,2026,600,30,0.7,"[1, 5, 21, 61, 71, 98, 142, 157, 170, 178, 186, 193, 196, 249, 318, 329, 332, 346, 347, 351, 410, 411, 450, 473, 474, 485, 546, 563, 569, 582]","[575, 414, 127, 410, 526, 513, 451, 584, 553, 492, 388, 386, 258, 350, 83, 554, 274, 261, 307, 209, 25, 10, 2, 570, 45, 135, 176, 477, 167, 540]",5.533333333333333,0.001628664769352531,0.004576662245596147,0.24210526315789474,0.02982456140350877,0.005263157894736842,0.0,1.9361702127659575,4.0,0.010526315789473684,0.32280701754385965,10.42280701754386,0.22348797908626417,0.575666759165048,0.005225291949429881,3.6758620689655173,0.78117131906122,0.08421052631578947,0.9333333333333333,0.9366666666666666,0.9937295420095325,30,False,2378.0,True
975,test,random,paper,paper,3165569293,2026,600,30,0.7,"[0, 37, 69, 75, 137, 150, 157, 158, 203, 207, 280, 281, 282, 283, 334, 335, 339, 356, 363, 423, 427, 454, 471, 472, 494, 515, 520, 541, 562, 596]","[509, 217, 501, 351, 476, 216, 584, 33, 101, 441, 580, 408, 357, 517, 205, 221, 47, 98, 489, 269, 234, 198, 519, 237, 170, 299, 308, 61, 407, 260]",5.8,0.0016513654078314135,0.004260038612541633,0.24561403508771928,0.042105263157894736,0.008771929824561403,0.0,1.929078014184397,4.0,0.010526315789473684,0.3684210526315789,11.171929824561403,0.23224100247172394,0.5700921900533408,0.007203190468910551,3.6735632183908047,0.7788491825291655,0.08070175438596491,0.9245614035087719,0.9283333333333333,1.0467804581858218,30,False,2370.0,True
976,test,random,paper,paper,3165569293,2026,600,30,0.7,"[12, 25, 33, 35, 103, 171, 185, 223, 227, 247, 264, 265, 285, 289, 301, 323, 331, 339, 347, 356, 361, 366, 369, 383, 390, 438, 446, 450, 472, 548]","[148, 118, 73, 479, 295, 268, 311, 77, 94, 286, 174, 69, 314, 66, 369, 433, 442, 47, 307, 98, 536, 587, 569, 157, 232, 40, 208, 2, 237, 224]",5.5,0.0016048293833080406,0.004472079743713758,0.24035087719298245,0.02456140350877193,0.0035087719298245615,0.0,1.9451327433628318,3.0,0.008771929824561403,0.2771929824561403,9.70701754385965,0.21897165020078713,0.5784047112508864,0.003951793079582127,3.7610837438423643,0.7198007828148792,0.08070175438596491,0.3508771929824561,0.38333333333333336,0.7278310421388596,22,True,1640.0,False
977,test,random,paper,paper,3165569293,2026,600,30,0.7,"[0, 16, 66, 78, 84, 113, 149, 157, 173, 190, 191, 203, 211, 239, 269, 296, 314, 339, 351, 353, 368, 378, 399, 444, 489, 494, 509, 536, 579, 587]","[509, 128, 379, 595, 471, 511, 465, 584, 363, 562, 140, 101, 300, 126, 390, 445, 491, 47, 209, 549, 396, 188, 263, 349, 31, 170, 547, 303, 440, 352]",5.633333333333334,0.0016577878919890607,0.004236228013745595,0.2543859649122807,0.03508771929824561,0.0035087719298245615,0.0,1.9309734513274337,3.0,0.008771929824561403,0.3105263157894737,9.687719298245614,0.22918388539595808,0.5581475657509327,0.004703788482859738,3.7832512315270934,0.7449430977377197,0.07894736842105263,0.9473684210526315,0.95,0.9570333331357688,30,False,2372.0,True
978,test,random,paper,paper,3165569293,2026,600,30,0.7,"[7, 43, 153, 169, 175, 179, 184, 185, 208, 216, 241, 251, 253, 263, 292, 298, 300, 305, 322, 349, 350, 370, 391, 447, 488, 506, 531, 564, 577, 583]","[225, 448, 362, 327, 271, 500, 576, 311, 254, 342, 566, 336, 430, 567, 304, 546, 151, 89, 162, 531, 413, 401, 163, 315, 134, 183, 252, 58, 321, 530]",6.266666666666667,0.0017760416898319137,0.005314337640280128,0.24912280701754386,0.05789473684210526,0.012280701754385965,0.0,1.9309734513274337,4.0,0.008771929824561403,0.38596491228070173,11.524561403508772,0.23958511573887803,0.5646779514691826,0.008357597627374504,3.497536945812808,0.7460758874963467,0.09298245614035087,0.9385964912280702,0.9416666666666667,0.9114639579784125,30,False,2378.0,True
979,test,random,paper,paper,3165569293,2026,600,30,0.7,"[3, 6, 24, 120, 123, 133, 214, 239, 255, 304, 313, 328, 331, 333, 343, 351, 383, 387, 409, 428, 449, 455, 470, 476, 478, 488, 510, 531, 582, 599]","[182, 472, 590, 27, 156, 397, 310, 126, 344, 240, 102, 189, 442, 294, 248, 209, 157, 361, 39, 275, 24, 112, 138, 560, 202, 134, 51, 252, 540, 88]",5.733333333333333,0.0016502297670033367,0.0049106399289402065,0.24385964912280703,0.04035087719298246,0.005263157894736842,0.0,1.9451327433628318,4.0,0.008771929824561403,0.3526315789473684,10.717543859649123,0.22631344802038644,0.5730583048129991,0.006097520669261115,3.6822660098522166,0.8160602597103576,0.1,0.9473684210526315,0.95,0.6584038748405874,21,True,2376.0,True
980,test,random,paper,paper,3165569293,2026,600,30,0.7,"[5, 26, 35, 108, 146, 162, 171, 207, 233, 238, 263, 267, 313, 352, 362, 367, 377, 378, 381, 388, 410, 474, 493, 494, 523, 528, 530, 549, 555, 596]","[414, 117, 479, 449, 370, 278, 268, 441, 443, 266, 567, 389, 102, 497, 85, 200, 90, 188, 556, 7, 25, 45, 123, 170, 153, 468, 324, 561, 312, 260]",5.566666666666666,0.0016170150877070932,0.004149099501196488,0.24736842105263157,0.03333333333333333,0.0017543859649122807,0.0,1.9309734513274337,4.0,0.008771929824561403,0.34912280701754383,10.12982456140351,0.227216332731772,0.5678228964326457,0.0039118318644847955,3.8004926108374386,0.8380821386107422,0.06666666666666667,0.22807017543859648,0.26666666666666666,0.9393144999630749,30,False,1548.0,False
981,test,random,paper,paper,3165569293,2026,600,30,0.7,"[48, 73, 112, 114, 126, 129, 139, 181, 214, 225, 227, 312, 342, 373, 387, 390, 413, 431, 444, 451, 458, 464, 496, 498, 503, 527, 538, 580, 584, 592]","[11, 302, 548, 199, 124, 287, 152, 353, 310, 131, 94, 446, 218, 332, 361, 232, 1, 328, 349, 577, 179, 533, 360, 591, 572, 424, 95, 60, 149, 241]",5.066666666666666,0.0014974583252665432,0.00418217177708978,0.22631578947368422,0.03333333333333333,0.0,0.0,1.9699115044247788,4.0,0.008771929824561403,0.2912280701754386,9.257894736842106,0.21004090338777623,0.5999383344124811,0.003681174037246001,3.9039408866995076,0.8000727619391489,0.09298245614035087,0.9543859649122807,0.9566666666666667,1.0249385831411928,30,False,2378.0,True
982,test,random,paper,paper,3165569293,2026,600,30,0.7,"[15, 34, 49, 52, 53, 82, 134, 164, 192, 196, 265, 268, 293, 324, 333, 337, 350, 353, 361, 387, 438, 451, 452, 465, 491, 497, 502, 557, 566, 598]","[50, 422, 72, 220, 345, 196, 455, 498, 34, 258, 69, 242, 535, 62, 294, 494, 413, 549, 536, 361, 40, 577, 313, 582, 136, 186, 116, 368, 191, 435]",6.2,0.0017978906301689525,0.004698382951103016,0.2543859649122807,0.0456140350877193,0.005263157894736842,0.0,1.9148936170212767,4.0,0.010526315789473684,0.34210526315789475,10.81578947368421,0.23932272664424015,0.5570499182930966,0.006502579758157851,3.613793103448276,0.8199789952232146,0.08421052631578947,0.9421052631578948,0.945,1.012300708098337,30,True,2378.0,True
983,test,random,paper,paper,3165569293,2026,600,30,0.7,"[10, 16, 41, 44, 64, 102, 112, 139, 146, 166, 197, 221, 232, 285, 287, 299, 310, 315, 318, 357, 361, 373, 398, 437, 444, 462, 501, 521, 554, 583]","[230, 128, 56, 586, 384, 121, 548, 152, 370, 133, 92, 181, 288, 314, 165, 251, 86, 246, 83, 504, 536, 332, 411, 30, 349, 335, 510, 464, 522, 530]",5.1,0.0015245979896982486,0.0038165597923560204,0.23333333333333334,0.02631578947368421,0.0017543859649122807,0.0,1.9698581560283688,4.0,0.010526315789473684,0.2964912280701754,9.889473684210527,0.21602273867578972,0.5889125273641045,0.003968936555143451,3.9080459770114944,0.723255709105561,0.05964912280701754,0.5666666666666667,0.5883333333333334,1.0237172080669552,30,False,1904.0,False
984,test,random,paper,paper,3165569293,2026,600,30,0.7,"[26, 36, 52, 65, 66, 70, 121, 125, 134, 135, 155, 191, 216, 242, 245, 262, 279, 282, 294, 301, 320, 334, 360, 415, 441, 445, 459, 513, 516, 526]","[117, 589, 220, 568, 379, 84, 434, 280, 455, 21, 43, 140, 342, 142, 59, 541, 160, 357, 354, 369, 70, 205, 139, 190, 380, 378, 597, 6, 534, 264]",6.333333333333333,0.0018143033374919716,0.005246406234939478,0.2789473684210526,0.03859649122807018,0.005263157894736842,0.0,1.8847517730496455,4.0,0.010526315789473684,0.32280701754385965,10.178947368421053,0.246863191099555,0.5227823513088521,0.005318978954156385,3.7839080459770114,0.6829241959019129,0.08421052631578947,0.8964912280701754,0.9016666666666666,0.959282792173326,30,False,2336.0,False
985,test,random,paper,paper,3165569293,2026,600,30,0.7,"[0, 6, 9, 21, 41, 50, 91, 93, 101, 103, 108, 110, 115, 123, 128, 137, 171, 190, 237, 286, 328, 331, 349, 371, 401, 437, 523, 537, 585, 595]","[509, 472, 391, 127, 56, 78, 37, 394, 409, 295, 449, 113, 132, 156, 210, 476, 268, 562, 437, 484, 189, 442, 531, 406, 427, 30, 153, 599, 231, 120]",5.966666666666667,0.001708855214224024,0.005272006378937693,0.2596491228070175,0.03508771929824561,0.007017543859649123,0.0,1.927433628318584,4.0,0.008771929824561403,0.37543859649122807,11.017543859649123,0.237412637254257,0.5495822156445596,0.005850946893951708,3.6206896551724137,0.7609305955089284,0.09298245614035087,0.956140350877193,0.9583333333333334,1.0284611659590155,24,True,2378.0,True
986,test,random,paper,paper,3165569293,2026,600,30,0.7,"[10, 28, 74, 109, 132, 137, 145, 150, 159, 210, 256, 258, 262, 264, 297, 324, 333, 346, 425, 454, 469, 491, 498, 500, 511, 514, 516, 542, 558, 574]","[230, 322, 107, 257, 544, 476, 297, 216, 365, 64, 573, 272, 541, 174, 159, 62, 294, 261, 331, 198, 214, 136, 591, 5, 417, 215, 534, 223, 503, 193]",4.566666666666666,0.0013956099207263423,0.002785459157387102,0.20350877192982456,0.02456140350877193,0.0017543859649122807,0.0,2.049645390070922,4.0,0.010526315789473684,0.23157894736842105,8.635087719298246,0.1933530856421302,0.6351802176795239,0.003772696014075325,4.055172413793104,0.7263761451280166,0.07368421052631578,0.387719298245614,0.41833333333333333,1.0039619579911232,30,False,1680.0,False
987,test,random,paper,paper,3165569293,2026,600,30,0.7,"[7, 16, 23, 42, 45, 92, 125, 130, 137, 156, 165, 191, 209, 213, 263, 309, 323, 341, 348, 382, 392, 401, 422, 455, 463, 507, 521, 528, 560, 580]","[225, 128, 122, 17, 512, 26, 280, 305, 476, 143, 213, 140, 346, 270, 567, 456, 433, 341, 325, 291, 419, 427, 119, 112, 377, 421, 464, 468, 557, 60]",6.033333333333333,0.001769872136802536,0.005088917908034857,0.24912280701754386,0.03508771929824561,0.005263157894736842,0.0,1.9042553191489362,3.0,0.010526315789473684,0.37894736842105264,11.205263157894738,0.23002569629867842,0.5650664446705516,0.0063777429091830705,3.6735632183908047,0.7126336119270764,0.08070175438596491,0.9578947368421052,0.96,0.915216458030045,28,True,2378.0,True
988,test,random,paper,paper,3165569293,2026,600,30,0.7,"[46, 57, 82, 96, 100, 104, 118, 124, 136, 164, 186, 197, 240, 262, 271, 303, 313, 378, 385, 404, 434, 448, 492, 499, 530, 531, 532, 538, 559, 583]","[192, 502, 196, 226, 529, 130, 4, 454, 195, 498, 388, 92, 54, 541, 144, 281, 102, 188, 364, 250, 431, 467, 326, 432, 324, 252, 387, 95, 330, 530]",5.0,0.0014929688922586117,0.0025796523881055256,0.22105263157894736,0.02982456140350877,0.005263157894736842,0.0,2.0141592920353983,4.0,0.008771929824561403,0.2754385964912281,9.492982456140352,0.20692524346176527,0.6078253630561465,0.006091548936376522,3.7758620689655173,0.7028304291859787,0.07543859649122807,0.22456140350877193,0.2633333333333333,1.0088458328973502,30,False,1524.0,False
989,test,random,paper,paper,3165569293,2026,600,30,0.7,"[8, 11, 66, 72, 75, 101, 104, 105, 150, 178, 198, 224, 255, 259, 286, 337, 345, 370, 397, 402, 405, 438, 466, 542, 551, 555, 568, 576, 581, 582]","[147, 495, 379, 68, 351, 409, 130, 372, 216, 492, 187, 329, 344, 155, 484, 494, 466, 401, 418, 41, 523, 40, 339, 223, 75, 312, 154, 253, 185, 540]",5.466666666666667,0.0016112850054400478,0.004492539521569918,0.22982456140350876,0.03684210526315789,0.0035087719298245615,0.0,1.950354609929078,4.0,0.010526315789473684,0.3263157894736842,10.33157894736842,0.21859697186930618,0.5940431042456757,0.005968725699963023,3.7057471264367816,0.6790054603890558,0.09298245614035087,0.9543859649122807,0.9566666666666667,0.9383239999879152,28,True,2378.0,True
990,test,random,paper,paper,3165569293,2026,600,30,0.7,"[23, 41, 65, 71, 74, 102, 110, 113, 151, 159, 173, 177, 183, 253, 287, 324, 336, 339, 356, 381, 423, 453, 458, 499, 516, 518, 549, 556, 557, 568]","[122, 56, 568, 526, 107, 121, 113, 511, 63, 365, 363, 235, 525, 430, 165, 62, 219, 47, 98, 556, 269, 255, 179, 432, 534, 158, 561, 207, 368, 154]",5.7,0.0016697614883213053,0.0049006929769330335,0.25263157894736843,0.03333333333333333,0.0035087719298245615,0.0,1.9308510638297873,4.0,0.010526315789473684,0.3350877192982456,10.029824561403508,0.22998361376422174,0.5602935281965898,0.004366729834142626,3.9034482758620688,0.7080665108247534,0.07368421052631578,0.2894736842105263,0.325,1.002125500002876,30,False,1604.0,False
991,test,random,paper,paper,3165569293,2026,600,30,0.7,"[3, 21, 27, 48, 56, 62, 74, 105, 111, 119, 140, 144, 246, 340, 352, 358, 361, 373, 378, 391, 444, 447, 468, 474, 504, 507, 512, 513, 534, 595]","[182, 127, 579, 11, 426, 262, 107, 372, 481, 100, 71, 486, 392, 450, 497, 323, 536, 332, 188, 163, 349, 315, 12, 45, 356, 421, 99, 6, 493, 120]",5.166666666666667,0.0015171445405400617,0.0034110222734497343,0.21403508771929824,0.03684210526315789,0.0035087719298245615,0.0,1.9822695035460993,4.0,0.010526315789473684,0.2982456140350877,9.687719298245614,0.20498290129251046,0.6185243424906731,0.005643804771593818,3.8551724137931034,0.7061354215757251,0.07719298245614035,0.9438596491228071,0.9466666666666667,0.983407000079751,30,False,2376.0,True
992,test,random,paper,paper,3165569293,2026,600,30,0.7,"[3, 34, 38, 41, 49, 52, 93, 107, 133, 138, 173, 181, 229, 255, 276, 288, 315, 337, 342, 347, 362, 378, 386, 452, 474, 504, 514, 532, 556, 580]","[182, 422, 137, 56, 72, 220, 394, 168, 397, 395, 363, 353, 527, 344, 103, 233, 246, 494, 218, 307, 85, 188, 16, 313, 45, 356, 215, 387, 207, 60]",5.8,0.0016916333836801453,0.005201018197942665,0.24210526315789474,0.04035087719298246,0.0017543859649122807,0.0,1.9326241134751774,4.0,0.010526315789473684,0.38421052631578945,10.784210526315789,0.2274814165851374,0.5754324299324762,0.0050538478124685015,3.731034482758621,0.7649773303742755,0.06842105263157895,0.34210526315789475,0.375,1.0159714999608696,30,False,1668.0,False
993,test,random,paper,paper,3165569293,2026,600,30,0.7,"[3, 21, 39, 44, 80, 87, 95, 99, 104, 110, 127, 144, 163, 164, 166, 184, 210, 232, 239, 241, 252, 286, 361, 372, 427, 464, 513, 521, 569, 585]","[182, 127, 444, 586, 403, 245, 79, 76, 130, 113, 462, 486, 309, 498, 133, 576, 64, 288, 126, 566, 15, 484, 536, 293, 234, 533, 6, 464, 167, 231]",5.5,0.0016021338617404424,0.003460533735682574,0.24912280701754386,0.031578947368421054,0.0017543859649122807,0.0,1.9343971631205674,4.0,0.010526315789473684,0.32105263157894737,10.375438596491229,0.22862312139363242,0.5651281102580705,0.004443574605846412,3.7770114942528736,0.7969523259166932,0.08070175438596491,0.9508771929824561,0.9533333333333334,1.0716425001155585,30,False,2376.0,True
994,test,random,paper,paper,3165569293,2026,600,30,0.7,"[2, 37, 49, 65, 77, 104, 111, 170, 179, 218, 223, 237, 251, 285, 313, 328, 340, 347, 358, 411, 415, 464, 466, 470, 523, 553, 564, 578, 582, 599]","[592, 217, 72, 568, 398, 130, 481, 553, 500, 338, 77, 437, 336, 314, 102, 189, 450, 307, 323, 10, 190, 533, 339, 138, 153, 141, 58, 106, 540, 88]",6.366666666666666,0.0018054685345245312,0.006309761819678526,0.2543859649122807,0.04736842105263158,0.008771929824561403,0.0,1.9098939929328622,4.0,0.007017543859649123,0.3894736842105263,11.091228070175438,0.2353836338354828,0.5575617426695033,0.006304319492354732,3.4444444444444446,0.7101821564410722,0.08596491228070176,0.9491228070175438,0.9516666666666667,0.9059339170344174,22,True,2378.0,True
995,test,random,paper,paper,3165569293,2026,600,30,0.7,"[72, 83, 114, 151, 171, 172, 181, 182, 193, 196, 208, 215, 274, 279, 296, 311, 337, 340, 363, 389, 401, 417, 467, 470, 481, 528, 535, 542, 546, 550]","[68, 558, 199, 63, 268, 244, 353, 538, 386, 258, 254, 452, 161, 160, 445, 385, 494, 450, 489, 578, 427, 296, 204, 138, 292, 468, 178, 223, 176, 485]",6.6,0.0018685896481210273,0.006938036977143521,0.2894736842105263,0.02982456140350877,0.007017543859649123,0.0,1.8421985815602837,4.0,0.010526315789473684,0.3701754385964912,10.694736842105263,0.2486194387478039,0.5085807665032529,0.004082295054041881,3.7287356321839082,0.7788491825291655,0.06666666666666667,0.2596491228070175,0.2966666666666667,1.0201701659243554,30,False,1568.0,False
996,test,random,paper,paper,3165569293,2026,600,30,0.7,"[11, 14, 47, 59, 79, 141, 195, 223, 232, 239, 244, 259, 270, 274, 298, 350, 362, 363, 364, 384, 385, 392, 398, 438, 477, 488, 502, 549, 565, 594]","[495, 145, 285, 555, 374, 9, 528, 77, 288, 126, 97, 155, 150, 161, 546, 413, 85, 489, 222, 564, 364, 419, 411, 40, 423, 134, 116, 561, 36, 463]",5.6,0.0016242595693845543,0.0032762968694251713,0.2543859649122807,0.031578947368421054,0.0017543859649122807,0.0,1.9095744680851063,3.0,0.010526315789473684,0.33157894736842103,10.473684210526315,0.23505550637627604,0.5571424166743749,0.004044431403778047,3.7977011494252872,0.7848835636583413,0.08596491228070176,0.956140350877193,0.9583333333333334,0.7175010840874165,21,True,2376.0,True
997,test,random,paper,paper,3165569293,2026,600,30,0.7,"[7, 25, 90, 116, 119, 127, 153, 161, 183, 219, 222, 260, 276, 278, 294, 303, 313, 316, 318, 330, 337, 357, 384, 401, 409, 413, 428, 445, 466, 575]","[225, 118, 318, 598, 100, 462, 362, 545, 525, 298, 488, 93, 103, 487, 354, 281, 102, 42, 83, 228, 494, 504, 564, 427, 39, 1, 275, 378, 339, 267]",5.3,0.0015761437182427883,0.004684958857289538,0.22280701754385965,0.03333333333333333,0.005263157894736842,0.0,1.984070796460177,4.0,0.008771929824561403,0.30350877192982456,9.907017543859649,0.21107995888322076,0.6049024142077514,0.0057854087164432,3.7364532019704435,0.8199789952232146,0.06842105263157895,0.22631578947368422,0.265,1.1781206671148539,30,False,1544.0,False
998,test,random,paper,paper,3165569293,2026,600,30,0.7,"[2, 3, 10, 28, 29, 47, 51, 80, 113, 151, 154, 169, 183, 188, 199, 201, 216, 233, 274, 313, 314, 359, 360, 417, 421, 468, 487, 499, 547, 573]","[592, 182, 230, 322, 82, 285, 447, 403, 511, 63, 420, 327, 525, 265, 460, 175, 342, 443, 161, 102, 491, 537, 139, 296, 201, 12, 44, 432, 109, 596]",5.233333333333333,0.0015385421287851,0.004174465285013188,0.23508771929824562,0.02982456140350877,0.0035087719298245615,0.0,1.9840989399293287,4.0,0.007017543859649123,0.3017543859649123,9.740350877192983,0.215329558966369,0.5864089045108377,0.0044137702011087295,3.767195767195767,0.7749304470163084,0.07192982456140351,0.26842105263157895,0.305,1.1893228751141578,30,False,1580.0,False
999,test,random,paper,paper,3165569293,2026,600,30,0.7,"[21, 32, 49, 90, 151, 153, 177, 182, 196, 204, 253, 280, 305, 315, 323, 358, 368, 369, 384, 398, 473, 477, 491, 508, 544, 553, 567, 568, 587, 590]","[127, 457, 72, 318, 63, 362, 235, 538, 258, 289, 430, 580, 89, 246, 433, 323, 396, 569, 564, 411, 570, 423, 136, 581, 282, 141, 428, 154, 352, 20]",6.733333333333333,0.0019042814401970096,0.006549206406723166,0.2807017543859649,0.0456140350877193,0.012280701754385965,0.0,1.8652482269503545,4.0,0.010526315789473684,0.3929824561403509,12.135087719298246,0.251512818021213,0.5198409027842013,0.00974881921776375,3.462068965517241,0.7390367159610339,0.09824561403508772,0.9350877192982456,0.9383333333333334,0.7924034998286515,24,True,2376.0,True
