{"random_seeds": {"0": [0.0, 0.0, 0.0, 0.0, 0.0, 0.0, 0.0, 0.0, 0.0, 0.0, 0.0, 0.0, 0.0, 0.0, 0.0, 0.0, 0.0, 0.0, 0.0, 0.0], "10": [0.03833333333333333, 0.03166666666666667, 0.023333333333333334, 0.03, 0.06, 0.043333333333333335, 0.023333333333333334, 0.035, 0.04, 0.043333333333333335, 0.03666666666666667, 0.023333333333333334, 0.03666666666666667, 0.02666666666666667, 0.03333333333333333, 0.051666666666666666, 0.035, 0.035, 0.035, 0.051666666666666666], "30": [0.13666666666666666, 0.12833333333333333, 0.135, 0.17333333333333334, 0.06666666666666667, 0.14166666666666666, 0.15833333333333333, 0.14166666666666666, 0.3283333333333333, 0.10166666666666667, 0.10833333333333334, 0.12333333333333334, 0.17166666666666666, 0.12833333333333333, 0.13166666666666665, 0.165, 0.11833333333333333, 0.2, 0.14833333333333334, 0.145], "50": [0.34, 0.31666666666666665, 0.275, 0.25833333333333336, 0.2733333333333333, 0.29333333333333333, 0.2683333333333333, 0.295, 0.275, 0.2816666666666667, 0.20666666666666667, 0.28833333333333333, 0.32166666666666666, 0.27666666666666667, 0.2833333333333333, 0.25666666666666665, 0.2916666666666667, 0.2633333333333333, 0.32166666666666666, 0.2916666666666667], "100": [0.5216666666666666, 0.6866666666666666, 0.6866666666666666, 0.595, 0.7266666666666667, 0.7116666666666667, 0.6333333333333333, 0.605, 0.6066666666666667, 0.6466666666666666, 0.59, 0.715, 0.6416666666666667, 0.5566666666666666, 0.6433333333333333, 0.6233333333333333, 0.575, 0.6533333333333333, 0.59, 0.5883333333333334], "150": [0.7633333333333333, 0.74, 0.73, 0.77, 0.8016666666666666, 0.65, 0.7383333333333333, 0.7633333333333333, 0.7683333333333333, 0.7383333333333333, 0.7266666666666667, 0.6716666666666666, 0.7766666666666666, 0.745, 0.665, 0.775, 0.7333333333333333, 0.7416666666666667, 0.7566666666666667, 0.72]}, "betweenness_seeds": {"0": [0.0, 0.0, 0.0, 0.0, 0.0, 0.0, 0.0, 0.0, 0.0, 0.0, 0.0, 0.0, 0.0, 0.0, 0.0, 0.0, 0.0, 0.0, 0.0, 0.0], "10": [0.04666666666666667, 0.035, 0.05333333333333334, 0.03166666666666667, 0.06666666666666667, 0.06166666666666667, 0.04833333333333333, 0.055, 0.06333333333333334, 0.065, 0.04833333333333333, 0.045, 0.06833333333333333, 0.041666666666666664, 0.08333333333333333, 0.05333333333333334, 0.07166666666666667, 0.04833333333333333, 0.025, 0.04666666666666667], "30": [0.23666666666666666, 0.20666666666666667, 0.19333333333333333, 0.265, 0.16, 0.2816666666666667, 0.24, 0.23, 0.3016666666666667, 0.185, 0.17666666666666667, 0.23666666666666666, 0.24666666666666667, 0.21166666666666667, 0.2, 0.19833333333333333, 0.26666666666666666, 0.24, 0.215, 0.23], "50": [0.45666666666666667, 0.44666666666666666, 0.25833333333333336, 0.32166666666666666, 0.2783333333333333, 0.49666666666666665, 0.3933333333333333, 0.3516666666666667, 0.44, 0.49, 0.41333333333333333, 0.4266666666666667, 0.36666666666666664, 0.37, 0.32166666666666666, 0.31333333333333335, 0.385, 0.39666666666666667, 0.41, 0.41], "100": [0.545, 0.585, 0.5633333333333334, 0.5733333333333334, 0.7033333333333334, 0.6666666666666666, 0.555, 0.5866666666666667, 0.5116666666666667, 0.6183333333333333, 0.5616666666666666, 0.625, 0.5533333333333333, 0.6383333333333333, 0.5383333333333333, 0.6016666666666667, 0.5483333333333333, 0.615, 0.6433333333333333, 0.5966666666666667], "150": [0.72, 0.7066666666666667, 0.6766666666666666, 0.69, 0.73, 0.6116666666666667, 0.68, 0.7266666666666667, 0.7166666666666667, 0.665, 0.71, 0.6316666666666667, 0.7433333333333333, 0.715, 0.64, 0.6883333333333334, 0.7166666666666667, 0.66, 0.72, 0.645]}, "triangle_degree_ratio_seeds": {"0": [0.0, 0.0, 0.0, 0.0, 0.0, 0.0, 0.0, 0.0, 0.0, 0.0, 0.0, 0.0, 0.0, 0.0, 0.0, 0.0, 0.0, 0.0, 0.0, 0.0], "10": [0.06666666666666667, 0.051666666666666666, 0.051666666666666666, 0.035, 0.056666666666666664, 0.058333333333333334, 0.06, 0.04833333333333333, 0.07333333333333333, 0.07166666666666667, 0.058333333333333334, 0.041666666666666664, 0.06666666666666667, 0.06833333333333333, 0.06166666666666667, 0.04, 0.07166666666666667, 0.07833333333333334, 0.03333333333333333, 0.07], "30": [0.315, 0.18833333333333332, 0.14, 0.48, 0.13166666666666665, 0.2683333333333333, 0.2783333333333333, 0.23, 0.4483333333333333, 0.16, 0.185, 0.22166666666666668, 0.25166666666666665, 0.17666666666666667, 0.195, 0.22166666666666668, 0.25666666666666665, 0.26, 0.215, 0.2], "50": [0.425, 0.45666666666666667, 0.305, 0.4683333333333333, 0.25666666666666665, 0.39166666666666666, 0.47, 0.48333333333333334, 0.335, 0.5183333333333333, 0.43833333333333335, 0.43, 0.45666666666666667, 0.4033333333333333, 0.285, 0.355, 0.42833333333333334, 0.37166666666666665, 0.3516666666666667, 0.43166666666666664], "100": [0.5333333333333333, 0.6166666666666667, 0.56, 0.645, 0.745, 0.655, 0.505, 0.5833333333333334, 0.535, 0.6483333333333333, 0.5666666666666667, 0.675, 0.5583333333333333, 0.6566666666666666, 0.5483333333333333, 0.6216666666666667, 0.5616666666666666, 0.65, 0.6133333333333333, 0.535], "150": [0.7233333333333334, 0.7133333333333334, 0.69, 0.7133333333333334, 0.7366666666666667, 0.625, 0.6883333333333334, 0.7116666666666667, 0.7266666666666667, 0.6833333333333333, 0.7316666666666667, 0.6416666666666667, 0.7816666666666666, 0.7133333333333334, 0.67, 0.7133333333333334, 0.685, 0.705, 0.6766666666666666, 0.6666666666666666]}, "highest_degree_seeds": {"0": [0.0, 0.0, 0.0, 0.0, 0.0, 0.0, 0.0, 0.0, 0.0, 0.0, 0.0, 0.0, 0.0, 0.0, 0.0, 0.0, 0.0, 0.0, 0.0, 0.0], "10": [0.08333333333333333, 0.075, 0.06, 0.03666666666666667, 0.05333333333333334, 0.04833333333333333, 0.04, 0.07666666666666666, 0.07, 0.06666666666666667, 0.045, 0.04, 0.07333333333333333, 0.06, 0.055, 0.03666666666666667, 0.04833333333333333, 0.03833333333333333, 0.02666666666666667, 0.04666666666666667], "30": [0.24833333333333332, 0.20166666666666666, 0.19, 0.5083333333333333, 0.145, 0.2733333333333333, 0.3333333333333333, 0.22, 0.275, 0.21833333333333332, 0.19166666666666668, 0.18666666666666668, 0.24833333333333332, 0.24, 0.2733333333333333, 0.2683333333333333, 0.31, 0.24333333333333335, 0.18333333333333332, 0.20833333333333334], "50": [0.49833333333333335, 0.4033333333333333, 0.31833333333333336, 0.39, 0.3433333333333333, 0.48, 0.47, 0.41, 0.4083333333333333, 0.4483333333333333, 0.425, 0.435, 0.34, 0.38666666666666666, 0.33, 0.3516666666666667, 0.41833333333333333, 0.3383333333333333, 0.44333333333333336, 0.36], "100": [0.5683333333333334, 0.56, 0.5633333333333334, 0.6216666666666667, 0.755, 0.7066666666666667, 0.5516666666666666, 0.5516666666666666, 0.5916666666666667, 0.6366666666666667, 0.55, 0.6483333333333333, 0.52, 0.6266666666666667, 0.585, 0.6083333333333333, 0.53, 0.63, 0.615, 0.5583333333333333], "150": [0.74, 0.705, 0.6933333333333334, 0.6716666666666666, 0.745, 0.6466666666666666, 0.6866666666666666, 0.7433333333333333, 0.725, 0.6583333333333333, 0.71, 0.6433333333333333, 0.76, 0.69, 0.6366666666666667, 0.71, 0.6933333333333334, 0.6966666666666667, 0.71, 0.635]}}