{"random_seeds": {"2": [0.006666666666666667, 0.005, 0.015, 0.01, 0.011666666666666667, 0.023333333333333334, 0.018333333333333333, 0.01, 0.0033333333333333335, 0.0033333333333333335, 0.0033333333333333335, 0.01, 0.0033333333333333335, 0.011666666666666667, 0.006666666666666667, 0.005, 0.006666666666666667, 0.008333333333333333, 0.006666666666666667, 0.008333333333333333], "4": [0.013333333333333334, 0.011666666666666667, 0.011666666666666667, 0.01, 0.011666666666666667, 0.016666666666666666, 0.016666666666666666, 0.02666666666666667, 0.03333333333333333, 0.018333333333333333, 0.02, 0.016666666666666666, 0.008333333333333333, 0.01, 0.006666666666666667, 0.023333333333333334, 0.011666666666666667, 0.015, 0.015, 0.018333333333333333], "6": [0.03333333333333333, 0.03, 0.025, 0.02, 0.043333333333333335, 0.02, 0.03, 0.043333333333333335, 0.016666666666666666, 0.013333333333333334, 0.021666666666666667, 0.02, 0.013333333333333334, 0.013333333333333334, 0.018333333333333333, 0.02, 0.025, 0.015, 0.03166666666666667, 0.023333333333333334], "8": [0.028333333333333332, 0.03166666666666667, 0.045, 0.03666666666666667, 0.02666666666666667, 0.025, 0.02666666666666667, 0.021666666666666667, 0.041666666666666664, 0.021666666666666667, 0.041666666666666664, 0.025, 0.018333333333333333, 0.03333333333333333, 0.028333333333333332, 0.023333333333333334, 0.03333333333333333, 0.028333333333333332, 0.03833333333333333, 0.03], "10": [0.03333333333333333, 0.051666666666666666, 0.03166666666666667, 0.05, 0.028333333333333332, 0.03666666666666667, 0.058333333333333334, 0.02666666666666667, 0.04666666666666667, 0.041666666666666664, 0.028333333333333332, 0.035, 0.065, 0.028333333333333332, 0.02666666666666667, 0.028333333333333332, 0.065, 0.07, 0.041666666666666664, 0.03333333333333333], "15": [0.04833333333333333, 0.051666666666666666, 0.07166666666666667, 0.05, 0.065, 0.08666666666666667, 0.05, 0.04833333333333333, 0.051666666666666666, 0.07833333333333334, 0.08166666666666667, 0.041666666666666664, 0.08166666666666667, 0.055, 0.056666666666666664, 0.07, 0.06666666666666667, 0.105, 0.09, 0.04666666666666667], "30": [0.30333333333333334, 0.17, 0.12833333333333333, 0.22833333333333333, 0.15833333333333333, 0.20666666666666667, 0.16833333333333333, 0.13833333333333334, 0.15666666666666668, 0.21166666666666667, 0.13166666666666665, 0.155, 0.19666666666666666, 0.15166666666666667, 0.26666666666666666, 0.155, 0.19666666666666666, 0.155, 0.18, 0.165]}, "betweenness_seeds": {"2": [0.01, 0.015, 0.025, 0.015, 0.008333333333333333, 0.006666666666666667, 0.008333333333333333, 0.005, 0.006666666666666667, 0.011666666666666667, 0.011666666666666667, 0.01, 0.01, 0.006666666666666667, 0.006666666666666667, 0.01, 0.011666666666666667, 0.01, 0.008333333333333333, 0.01], "4": [0.016666666666666666, 0.028333333333333332, 0.025, 0.011666666666666667, 0.016666666666666666, 0.021666666666666667, 0.041666666666666664, 0.015, 0.02, 0.05333333333333334, 0.011666666666666667, 0.023333333333333334, 0.006666666666666667, 0.01, 0.023333333333333334, 0.016666666666666666, 0.018333333333333333, 0.021666666666666667, 0.028333333333333332, 0.025], "6": [0.028333333333333332, 0.03333333333333333, 0.03833333333333333, 0.043333333333333335, 0.02666666666666667, 0.02, 0.02, 0.03666666666666667, 0.06166666666666667, 0.02, 0.04666666666666667, 0.028333333333333332, 0.021666666666666667, 0.016666666666666666, 0.041666666666666664, 0.02666666666666667, 0.023333333333333334, 0.045, 0.05, 0.023333333333333334], "8": [0.03333333333333333, 0.04666666666666667, 0.03833333333333333, 0.043333333333333335, 0.05, 0.035, 0.03666666666666667, 0.056666666666666664, 0.058333333333333334, 0.08333333333333333, 0.028333333333333332, 0.041666666666666664, 0.02, 0.05, 0.04666666666666667, 0.03166666666666667, 0.041666666666666664, 0.035, 0.07333333333333333, 0.09333333333333334], "10": [0.045, 0.07666666666666666, 0.06666666666666667, 0.075, 0.04, 0.06666666666666667, 0.04, 0.03, 0.075, 0.09666666666666666, 0.07666666666666666, 0.03666666666666667, 0.08333333333333333, 0.03166666666666667, 0.08166666666666667, 0.03333333333333333, 0.07833333333333334, 0.04666666666666667, 0.03833333333333333, 0.028333333333333332], "15": [0.08666666666666667, 0.165, 0.1, 0.14166666666666666, 0.10166666666666667, 0.08166666666666667, 0.10166666666666667, 0.095, 0.08833333333333333, 0.12166666666666667, 0.12666666666666668, 0.056666666666666664, 0.14166666666666666, 0.08833333333333333, 0.11333333333333333, 0.085, 0.08833333333333333, 0.09333333333333334, 0.11166666666666666, 0.09166666666666666], "30": [0.29, 0.17, 0.275, 0.22166666666666668, 0.12666666666666668, 0.27166666666666667, 0.24833333333333332, 0.185, 0.20666666666666667, 0.17166666666666666, 0.19333333333333333, 0.205, 0.205, 0.3, 0.22833333333333333, 0.21833333333333332, 0.24666666666666667, 0.17333333333333334, 0.2683333333333333, 0.24166666666666667]}, "triangle_degree_ratio_seeds": {"2": [0.0033333333333333335, 0.011666666666666667, 0.008333333333333333, 0.0033333333333333335, 0.011666666666666667, 0.006666666666666667, 0.011666666666666667, 0.005, 0.01, 0.006666666666666667, 0.006666666666666667, 0.02, 0.013333333333333334, 0.006666666666666667, 0.013333333333333334, 0.006666666666666667, 0.008333333333333333, 0.008333333333333333, 0.008333333333333333, 0.006666666666666667], "4": [0.018333333333333333, 0.013333333333333334, 0.03, 0.02666666666666667, 0.016666666666666666, 0.028333333333333332, 0.015, 0.035, 0.018333333333333333, 0.03833333333333333, 0.011666666666666667, 0.025, 0.01, 0.021666666666666667, 0.018333333333333333, 0.011666666666666667, 0.011666666666666667, 0.02, 0.015, 0.021666666666666667], "6": [0.03166666666666667, 0.028333333333333332, 0.03333333333333333, 0.035, 0.04833333333333333, 0.02666666666666667, 0.043333333333333335, 0.03166666666666667, 0.07333333333333333, 0.03833333333333333, 0.023333333333333334, 0.02666666666666667, 0.018333333333333333, 0.018333333333333333, 0.03, 0.028333333333333332, 0.02, 0.021666666666666667, 0.056666666666666664, 0.035], "8": [0.03166666666666667, 0.043333333333333335, 0.058333333333333334, 0.04666666666666667, 0.03666666666666667, 0.03333333333333333, 0.035, 0.045, 0.04, 0.07333333333333333, 0.041666666666666664, 0.06, 0.02, 0.06, 0.07, 0.035, 0.055, 0.056666666666666664, 0.03833333333333333, 0.045], "10": [0.06666666666666667, 0.07333333333333333, 0.07333333333333333, 0.11166666666666666, 0.05, 0.06166666666666667, 0.06333333333333334, 0.02666666666666667, 0.09166666666666666, 0.05, 0.05333333333333334, 0.05, 0.035, 0.058333333333333334, 0.043333333333333335, 0.06166666666666667, 0.05333333333333334, 0.05333333333333334, 0.055, 0.051666666666666666], "15": [0.09333333333333334, 0.12666666666666668, 0.09666666666666666, 0.13833333333333334, 0.10333333333333333, 0.08, 0.1, 0.115, 0.09333333333333334, 0.075, 0.09166666666666666, 0.05, 0.12833333333333333, 0.09666666666666666, 0.125, 0.08, 0.125, 0.05333333333333334, 0.12, 0.095], "30": [0.33, 0.19, 0.21166666666666667, 0.17, 0.19833333333333333, 0.2, 0.18666666666666668, 0.24666666666666667, 0.20833333333333334, 0.25333333333333335, 0.17166666666666666, 0.20833333333333334, 0.24333333333333335, 0.245, 0.23666666666666666, 0.17666666666666667, 0.19, 0.17833333333333334, 0.285, 0.20166666666666666]}, "highest_degree_seeds": {"2": [0.013333333333333334, 0.008333333333333333, 0.018333333333333333, 0.008333333333333333, 0.006666666666666667, 0.006666666666666667, 0.008333333333333333, 0.01, 0.01, 0.011666666666666667, 0.013333333333333334, 0.005, 0.01, 0.015, 0.011666666666666667, 0.006666666666666667, 0.011666666666666667, 0.011666666666666667, 0.01, 0.006666666666666667], "4": [0.025, 0.02666666666666667, 0.03666666666666667, 0.015, 0.02, 0.023333333333333334, 0.021666666666666667, 0.018333333333333333, 0.016666666666666666, 0.055, 0.015, 0.02, 0.01, 0.013333333333333334, 0.016666666666666666, 0.03833333333333333, 0.025, 0.023333333333333334, 0.021666666666666667, 0.02],