{"random_seeds": {"2": [0.005, 0.006666666666666667, 0.005, 0.0033333333333333335, 0.008333333333333333, 0.008333333333333333, 0.006666666666666667, 0.005, 0.0033333333333333335, 0.006666666666666667, 0.005, 0.005, 0.005, 0.005, 0.008333333333333333, 0.005, 0.005, 0.005, 0.006666666666666667, 0.005], "4": [0.018333333333333333, 0.013333333333333334, 0.006666666666666667, 0.01, 0.011666666666666667, 0.008333333333333333, 0.011666666666666667, 0.016666666666666666, 0.011666666666666667, 0.006666666666666667, 0.006666666666666667, 0.013333333333333334, 0.013333333333333334, 0.01, 0.011666666666666667, 0.018333333333333333, 0.011666666666666667, 0.01, 0.011666666666666667, 0.015], "6": [0.011666666666666667, 0.016666666666666666, 0.016666666666666666, 0.025, 0.018333333333333333, 0.016666666666666666, 0.023333333333333334, 0.018333333333333333, 0.015, 0.028333333333333332, 0.02, 0.03166666666666667, 0.025, 0.02666666666666667, 0.02, 0.011666666666666667, 0.028333333333333332, 0.02, 0.015, 0.015], "8": [0.03, 0.04666666666666667, 0.021666666666666667, 0.04, 0.025, 0.03166666666666667, 0.03166666666666667, 0.045, 0.03, 0.035, 0.05, 0.02666666666666667, 0.03333333333333333, 0.041666666666666664, 0.075, 0.04, 0.056666666666666664, 0.025, 0.035, 0.03166666666666667], "10": [0.056666666666666664, 0.15333333333333332, 0.05333333333333334, 0.07666666666666666, 0.045, 0.185, 0.03333333333333333, 0.07833333333333334, 0.05333333333333334, 0.03, 0.07333333333333333, 0.19, 0.058333333333333334, 0.05333333333333334, 0.04666666666666667, 0.05, 0.11666666666666667, 0.03833333333333333, 0.03666666666666667, 0.04], "15": [1.0, 1.0, 1.0, 1.0, 1.0, 1.0, 1.0, 1.0, 1.0, 1.0, 1.0, 1.0, 1.0, 1.0, 1.0, 1.0, 1.0, 1.0, 1.0, 1.0], "30": [1.0, 1.0, 1.0, 1.0, 1.0, 1.0, 1.0, 1.0, 1.0, 1.0, 1.0, 1.0, 1.0, 1.0, 1.0, 1.0, 1.0, 1.0, 1.0, 1.0]}, "betweenness_seeds": {"2": [0.01, 0.005, 0.0033333333333333335, 0.006666666666666667, 0.005, 0.0033333333333333335, 0.008333333333333333, 0.008333333333333333, 0.0033333333333333335, 0.006666666666666667, 0.008333333333333333, 0.006666666666666667, 0.005, 0.0033333333333333335, 0.006666666666666667, 0.008333333333333333, 0.005, 0.011666666666666667, 0.01, 0.006666666666666667], "4": [0.01, 0.011666666666666667, 0.006666666666666667, 0.013333333333333334, 0.018333333333333333, 0.016666666666666666, 0.008333333333333333, 0.013333333333333334, 0.013333333333333334, 0.02, 0.01, 0.01, 0.013333333333333334, 0.006666666666666667, 0.013333333333333334, 0.011666666666666667, 0.018333333333333333, 0.01, 0.015, 0.01], "6": [0.016666666666666666, 0.018333333333333333, 0.02, 0.016666666666666666, 0.018333333333333333, 0.023333333333333334, 0.011666666666666667, 0.02, 0.013333333333333334, 0.016666666666666666, 0.018333333333333333, 0.02666666666666667, 0.018333333333333333, 0.018333333333333333, 0.015, 0.02, 0.018333333333333333, 0.02, 0.016666666666666666, 0.016666666666666666], "8": [0.02666666666666667, 0.03666666666666667, 0.095, 0.03, 0.03833333333333333, 0.04, 0.035, 0.028333333333333332, 0.03166666666666667, 0.03166666666666667, 0.02666666666666667, 0.058333333333333334, 0.04, 0.041666666666666664, 0.03666666666666667, 0.043333333333333335, 0.03166666666666667, 0.04, 0.03166666666666667, 0.025], "10": [0.08166666666666667, 0.051666666666666666, 0.04833333333333333, 0.043333333333333335, 0.045, 0.07833333333333334, 0.06666666666666667, 0.05, 0.06666666666666667, 0.05, 0.05333333333333334, 0.045, 0.115, 0.11333333333333333, 0.065, 0.14333333333333334, 0.09833333333333333, 1.0, 0.06, 0.058333333333333334], "15": [1.0, 1.0, 1.0, 1.0, 1.0, 1.0, 1.0, 1.0, 1.0, 1.0, 1.0, 1.0, 1.0, 1.0, 1.0, 1.0, 1.0, 1.0, 1.0, 1.0], "30": [1.0, 1.0, 1.0, 1.0, 1.0, 1.0, 1.0, 1.0, 1.0, 1.0, 1.0, 1.0, 1.0, 1.0, 1.0, 1.0, 1.0, 1.0, 1.0, 1.0]}, "triangle_degree_ratio_seeds": {"2": [0.008333333333333333, 0.0033333333333333335, 0.008333333333333333, 0.005, 0.006666666666666667, 0.008333333333333333, 0.006666666666666667, 0.005, 0.005, 0.006666666666666667, 0.005, 0.011666666666666667, 0.005, 0.008333333333333333, 0.0033333333333333335, 0.011666666666666667, 0.005, 0.006666666666666667, 0.005, 0.005], "4": [0.006666666666666667, 0.013333333333333334, 0.008333333333333333, 0.01, 0.016666666666666666, 0.006666666666666667, 0.011666666666666667, 0.008333333333333333, 0.008333333333333333, 0.011666666666666667, 0.011666666666666667, 0.02, 0.015, 0.01, 0.006666666666666667, 0.006666666666666667, 0.013333333333333334, 0.01, 0.013333333333333334, 0.01], "6": [0.023333333333333334, 0.018333333333333333, 0.015, 0.016666666666666666, 0.013333333333333334, 0.011666666666666667, 0.023333333333333334, 0.02, 0.018333333333333333, 0.013333333333333334, 0.013333333333333334, 0.021666666666666667, 0.015, 0.016666666666666666, 0.016666666666666666, 0.011666666666666667, 0.016666666666666666, 0.01, 0.015, 0.013333333333333334], "8": [0.02, 0.02666666666666667, 0.02, 0.021666666666666667, 0.03, 0.02, 0.028333333333333332, 0.025, 0.018333333333333333, 0.021666666666666667, 0.05333333333333334, 0.028333333333333332, 0.02666666666666667, 0.028333333333333332, 0.028333333333333332, 0.025, 0.025, 0.04666666666666667, 0.02, 0.018333333333333333], "10": [0.041666666666666664, 0.04, 0.03166666666666667, 0.03833333333333333, 0.06, 0.07, 0.05, 0.075, 0.02666666666666667, 0.041666666666666664, 0.05, 0.05333333333333334, 0.041666666666666664, 0.041666666666666664, 0.041666666666666664, 0.035, 0.06, 0.03, 0.051666666666666666, 0.06], "15": [1.0, 1.0, 1.0, 1.0, 1.0, 0.09666666666666666, 1.0, 1.0, 0.08666666666666667, 0.175, 1.0, 1.0, 1.0, 1.0, 1.0, 1.0, 1.0, 1.0, 1.0, 1.0], "30": [1.0, 1.0, 1.0, 1.0, 1.0, 1.0, 1.0, 1.0, 1.0, 1.0, 1.0, 1.0, 1.0, 1.0, 1.0, 1.0, 1.0, 1.0, 1.0, 1.0]}, "highest_degree_seeds": {"2": [0.01, 0.006666666666666667, 0.01, 0.006666666666666667, 0.005, 0.006666666666666667, 0.008333333333333333, 0.0033333333333333335, 0.013333333333333334, 0.0033333333333333335, 0.013333333333333334, 0.008333333333333333, 0.005, 0.008333333333333333, 0.005, 0.01, 0.008333333333333333, 0.008333333333333333, 0.006666666666666667, 0.006666666666666667], "4": [0.01, 0.008333333333333333, 0.011666666666666667, 0.011666666666666667, 0.023333333333333334, 0.011666666666666667, 0.015, 0.015, 0.008333333333333333, 0.021666666666666667, 0.011666666666666667, 0.015, 0.01, 0.013333333333333334, 0.011666666666666667, 0.01, 0.01, 0.013333333333333334, 0.011666666666666667, 0.011666666666666667], "6": [0.021666666666666667, 0.023333333333333334, 0.023333333333333334, 0.015, 0.02, 0.021666666666666667, 0.023333333333333334, 0.02, 0.021666666666666667, 0.018333333333333333, 0.016666666666666666, 0.03, 0.025, 0.018333333333333333, 0.02, 0.01, 0.018333333333333333, 0.016666666666666666, 0.023333333333333334, 0.015], "8": [0.03166666666666667, 0.02666666666666667, 0.03333333333333333, 0.021666666666666667, 0.045, 0.045, 0.043333333333333335, 0.04666666666666667, 0.041666666666666664, 0.02666666666666667, 0.03166666666666667, 0.023333333333333334, 0.03333333333333333, 0.03666666666666667, 0.03, 0.02666666666666667, 0.035, 0.035, 0.025, 0.018333333333333333], "10": [0.06166666666666667, 0.041666666666666664, 0.07833333333333334, 0.06333333333333334, 0.04833333333333333, 0.07166666666666667, 0.14333333333333334, 0.051666666666666666, 0.04666666666666667, 0.035, 0.07166666666666667, 0.085, 0.07666666666666666, 0.04833333333333333, 0.045, 0.07, 0.085, 1.0, 0.03833333333333333, 0.06666666666666667], "15": [1.0, 1.0, 1.0, 1.0, 1.0, 1.0, 1.0, 1.0, 1.0, 1.0, 1.0, 1.0, 1.0, 1.0, 1.0, 1.0, 1.0, 1.0, 1.0, 1.0], "30": [1.0, 1.0, 1.0, 1.0, 1.0, 1.0, 1.0, 1.0, 1.0, 1.0, 1.0, 1.0, 1.0, 1.0, 1.0, 1.0, 1.0, 1.0, 1.0, 1.0]}}