feature_schema_version,graph_model,graph_pair_key,graph_pair_id,candidate_id,graph_pair_seed,sgm_seed,seed_vertices_graph1,seed_vertices_graph2,n_vertices,n_seeds,rho,er_probability,sbm_n_blocks,sbm_n_per_block,sbm_block_probabilities,paper_alpha,paper_probability,ier_alpha,ier_beta,pair_degree_mean_average,pair_degree_cv_average,pair_largest_component_fraction_min,pair_sorted_degree_mean_absolute_difference,seed_degree_mean,seed_pagerank_mean,seed_betweenness_mean,nonseed_covered_fraction,nonseed_covered_by_two_fraction,nonseed_covered_by_three_fraction,nonseed_seed_neighbor_q10,nonseed_nearest_seed_distance_mean,nonseed_nearest_seed_distance_max,nonseed_nearest_seed_distance_disconnected_fraction,nonseed_within_two_hops_of_three_seeds_fraction,nonseed_three_hop_seed_count_mean,nonseed_seed_signature_normalized_entropy,nonseed_seed_signature_collision_pair_fraction,seed_nonseed_neighborhood_jaccard_mean,seed_pair_shortest_path_mean,seed_community_normalized_entropy,h0_accuracy,final_unseeded_accuracy,final_all_accuracy,sgm_runtime_seconds,sgm_n_iter,sgm_converged,sgm_objective_score
3,sparse_er,sparse_er_0,0,0,4206279609,2930026666,"[61, 70, 81, 100, 143, 154, 188, 190, 222, 317, 468, 472, 474, 541, 569, 574, 576, 577]","[358, 570, 354, 326, 435, 208, 242, 337, 277, 339, 271, 109, 564, 50, 38, 256, 288, 164]",600,18,0.8,0.01,,,,,,,,5.885,0.39777809470047926,0.9983333333333333,0.08666666666666667,4.833333333333333,0.001418717483018366,0.0030065482535972924,0.13745704467353953,0.005154639175257732,0.0,0.0,2.268041237113402,4.0,0.0,0.10309278350515463,5.008591065292096,0.12493520338748663,0.7447285459954693,0.002005347593582888,4.045751633986928,0.9289932003834289,0.049828178694158,0.0945017182130584,0.1216666666666666,1.499989959062077,30,True,1462.0
3,sparse_er,sparse_er_0,0,1,4206279609,3877318311,"[24, 35, 82, 95, 100, 106, 241, 263, 283, 326, 362, 397, 403, 461, 505, 510, 584, 595]","[441, 297, 404, 415, 326, 438, 418, 96, 574, 4, 589, 243, 411, 510, 296, 320, 184, 185]",600,18,0.8,0.01,,,,,,,,5.885,0.39777809470047926,0.9983333333333333,0.08666666666666667,5.388888888888889,0.0015591717901685058,0.0035351224787344743,0.1563573883161512,0.006872852233676976,0.0,0.0,2.1993127147766325,4.0,0.0,0.0979381443298969,5.34020618556701,0.1397048909054284,0.7127064960874425,0.0024585980468333412,3.9411764705882355,0.8494729912634852,0.056701030927835,0.1872852233676976,0.2116666666666666,0.9728915420128031,30,False,1500.0
3,sparse_er,sparse_er_0,0,2,4206279609,3209406503,"[51, 106, 167, 197, 208, 255, 276, 453, 491, 499, 517, 518, 537, 551, 573, 578, 584, 596]","[547, 438, 152, 178, 483, 217, 98, 515, 427, 170, 235, 73, 317, 147, 473, 329, 184, 157]",600,18,0.8,0.01,,,,,,,,5.885,0.39777809470047926,0.9983333333333333,0.08666666666666667,6.5,0.0018096093300180572,0.0063141701469036195,0.1718213058419244,0.018900343642611683,0.0,0.0,2.149484536082474,4.0,0.0,0.16151202749140894,5.915807560137457,0.15420112259110574,0.6870427216968019,0.0056893347338317895,3.718954248366013,0.8078267457273852,0.0618556701030927,0.2302405498281786,0.2533333333333333,0.962020416976884,30,False,1558.0
3,sparse_er,sparse_er_0,0,3,4206279609,2635703061,"[64, 149, 163, 175, 178, 187, 207, 270, 278, 310, 339, 395, 398, 439, 441, 443, 509, 555]","[86, 54, 542, 47, 116, 291, 476, 576, 386, 125, 367, 121, 445, 137, 456, 162, 472, 344]",600,18,0.8,0.01,,,,,,,,5.885,0.39777809470047926,0.9983333333333333,0.08666666666666667,6.722222222222222,0.0018463846779765548,0.004830796218710902,0.18041237113402062,0.020618556701030927,0.0,0.0,2.1237113402061856,5.0,0.0,0.16838487972508592,6.453608247422681,0.16256652683239878,0.6728297579123563,0.006185855666824525,3.5686274509803924,0.8412745230233831,0.056701030927835,0.9948453608247424,0.995,0.9362795000197366,30,False,2848.0
3,sparse_er,sparse_er_0,0,4,4206279609,120730576,"[3, 16, 31, 70, 118, 151, 194, 201, 247, 326, 362, 443, 447, 466, 496, 576, 584, 596]","[352, 340, 104, 570, 274, 543, 42, 245, 253, 4, 589, 162, 546, 8, 385, 288, 184, 157]",600,18,0.8,0.01,,,,,,,,5.885,0.39777809470047926,0.9983333333333333,0.08666666666666667,6.444444444444445,0.0018126268790909807,0.00589904294790496,0.1718213058419244,0.018900343642611683,0.001718213058419244,0.0,2.140893470790378,4.0,0.0,0.11512027491408934,5.797250859106529,0.15462909160941962,0.6870545510466017,0.006853663658738629,3.718954248366013,0.8702961140315353,0.0756013745704467,0.963917525773196,0.965,0.9535549170104788,30,False,2758.0
3,sparse_er,sparse_er_0,0,5,4206279609,958798433,"[20, 45, 112, 137, 177, 210, 222, 231, 275, 309, 357, 440, 492, 522, 525, 538, 566, 580]","[426, 488, 140, 18, 430, 572, 277, 49, 414, 416, 463, 40, 453, 341, 218, 399, 583, 556]",600,18,0.8,0.01,,,,,,,,5.885,0.39777809470047926,0.9983333333333333,0.08666666666666667,6.388888888888889,0.0017987746627966188,0.005063596249949301,0.17697594501718214,0.00859106529209622,0.001718213058419244,0.0,2.0876288659793816,4.0,0.0,0.13573883161512026,6.070446735395189,0.15541018585305133,0.6786438833389523,0.003475065239771122,3.7254901960784315,0.916368545855481,0.063573883161512,0.3814432989690721,0.4,0.9619764169910924,30,False,1668.0
3,sparse_er,sparse_er_0,0,6,4206279609,3366896075,"[25, 28, 32, 113, 145, 164, 166, 186, 187, 280, 366, 402, 409, 443, 487, 553, 568, 584]","[454, 280, 60, 357, 292, 72, 247, 61, 291, 145, 44, 388, 191, 162, 103, 578, 328, 184]",600,18,0.8,0.01,,,,,,,,5.885,0.39777809470047926,0.9983333333333333,0.08666666666666667,5.944444444444445,0.001663765944556878,0.00403356341364599,0.16666666666666666,0.00859106529209622,0.001718213058419244,0.0,2.176975945017182,4.0,0.0,0.12714776632302405,5.938144329896907,0.14812269109272203,0.6955361948530498,0.004160654160654161,3.6862745098039214,0.941617854911377,0.0601374570446735,0.9948453608247424,0.995,0.9244518330087884,30,False,2848.0
3,sparse_er,sparse_er_0,0,7,4206279609,876743685,"[25, 54, 60, 232, 289, 290, 326, 354, 366, 400, 410, 423, 433, 485, 559, 579, 587, 593]","[454, 382, 566, 270, 166, 237, 4, 460, 44, 552, 558, 117, 15, 466, 207, 80, 132, 360]",600,18,0.8,0.01,,,,,,,,5.885,0.39777809470047926,0.9983333333333333,0.08666666666666667,6.611111111111111,0.0018556020481801045,0.006229032649814791,0.19072164948453607,0.010309278350515464,0.0,0.0,2.104810996563574,4.0,0.0,0.14432989690721648,5.974226804123711,0.16620625151329935,0.6563396442914515,0.0029286553508006794,3.810457516339869,0.7556579886136959,0.0738831615120274,0.9965635738831616,0.9966666666666668,0.6694121250184253,21,True,2848.0
3,sparse_er,sparse_er_0,0,8,4206279609,3454759528,"[19, 34, 37, 80, 89, 103, 115, 143, 210, 297, 346, 382, 396, 492, 525, 526, 530, 532]","[448, 34, 169, 597, 305, 33, 273, 435, 572, 313, 67, 590, 189, 453, 218, 544, 59, 131]",600,18,0.8,0.01,,,,,,,,5.885,0.39777809470047926,0.9983333333333333,0.08666666666666667,5.0,0.0014657337885785216,0.002883540849257504,0.140893470790378,0.013745704467353952,0.0,0.0,2.2285223367697595,4.0,0.0,0.07731958762886598,5.101374570446735,0.13138428724235182,0.7386896629226775,0.005332503371719058,4.0,0.9289932003834289,0.0721649484536082,1.0,1.0,0.6664620419032872,20,True,2848.0
3,sparse_er,sparse_er_0,0,9,4206279609,2545024942,"[29, 71, 72, 98, 108, 186, 193, 234, 241, 313, 431, 489, 493, 498, 513, 526, 540, 590]","[501, 516, 374, 372, 446, 61, 437, 417, 418, 303, 592, 449, 160, 19, 22, 544, 244, 541]",600,18,0.8,0.01,,,,,,,,5.885,0.39777809470047926,0.9983333333333333,0.08666666666666667,5.555555555555555,0.0015885306062730703,0.004396152124831193,0.16666666666666666,0.005154639175257732,0.0,0.0,2.1718213058419242,4.0,0.0,0.09621993127147767,5.419243986254296,0.1458439982690543,0.695701805750247,0.001378115348703584,3.895424836601307,0.9542425094393246,0.0584192439862542,0.9965635738831616,0.9966666666666668,0.7978778750402853,25,True,2848.0
3,sparse_er,sparse_er_0,0,10,4206279609,2616806064,"[4, 8, 71, 130, 242, 282, 295, 339, 371, 374, 417, 428, 462, 508, 541, 560, 583, 587]","[254, 398, 516, 475, 474, 148, 101, 367, 376, 138, 156, 410, 55, 507, 50, 355, 395, 132]",600,18,0.8,0.01,,,,,,,,5.885,0.39777809470047926,0.9983333333333333,0.08666666666666667,5.944444444444445,0.0016939331170686238,0.00597000825502094,0.1718213058419244,0.010309278350515464,0.001718213058419244,0.0,2.147766323024055,4.0,0.0,0.0979381443298969,5.508591065292096,0.1498491546191518,0.6872497353182982,0.005784746532485257,3.947712418300654,0.882920768559483,0.0532646048109965,0.2010309278350515,0.225,0.9862496249843388,30,False,1538.0
3,sparse_er,sparse_er_0,0,11,4206279609,1231191381,"[1, 4, 79, 103, 127, 129, 158, 198, 353, 438, 446, 486, 488, 508, 511, 559, 565, 589]","[45, 254, 429, 33, 428, 1, 94, 251, 485, 10, 276, 402, 302, 507, 366, 207, 322, 20]",600,18,0.8,0.01,,,,,,,,5.885,0.39777809470047926,0.9983333333333333,0.08666666666666667,5.888888888888889,0.001678292029269803,0.00508165214637506,0.16666666666666666,0.012027491408934709,0.0,0.0,2.170103092783505,4.0,0.0,0.10652920962199312,5.565292096219931,0.14786322766694587,0.695589426927149,0.0035250082145001104,3.915032679738562,0.8286498684954352,0.0463917525773195,0.0841924398625429,0.1116666666666666,0.8215624580625445,25,True,1458.0
3,sparse_er,sparse_er_0,0,12,4206279609,1696805618,"[16, 52, 120, 136, 138, 158, 163, 245, 272, 328, 350, 369, 388, 430, 444, 490, 538, 587]","[340, 343, 524, 9, 236, 94, 542, 215, 89, 266, 361, 136, 533, 419, 336, 141, 399, 132]",600,18,0.8,0.01,,,,,,,,5.885,0.39777809470047926,0.9983333333333333,0.08666666666666667,6.166666666666667,0.001747837265523458,0.004655923165728996,0.18213058419243985,0.00859106529209622,0.0,0.0,2.1237113402061856,4.0,0.0,0.12886597938144329,5.84020618556701,0.15915191356138284,0.6702509596560025,0.0028584160937102114,3.758169934640523,0.916368545855481,0.049828178694158,0.1151202749140893,0.1416666666666666,0.8123493749881163,25,True,1450.0
3,sparse_er,sparse_er_0,0,13,4206279609,3731320343,"[14, 24, 58, 88, 160, 187, 193, 222, 229, 241, 249, 276, 310, 422, 490, 506, 545, 558]","[219, 441, 46, 108, 112, 291, 437, 277, 353, 418, 469, 98, 125, 531, 141, 197, 153, 76]",600,18,0.8,0.01,,,,,,,,5.885,0.39777809470047926,0.9983333333333333,0.08666666666666667,6.444444444444445,0.0017995220465959298,0.005509647427622442,0.17869415807560138,0.012027491408934709,0.001718213058419244,0.0,2.1030927835051547,4.0,0.0,0.16151202749140894,6.056701030927835,0.1569321270374698,0.6758817301607017,0.005824467834271756,3.764705882352941,0.8143550749655897,0.0652920962199312,1.0,1.0,0.8143781250109896,26,True,2848.0
3,sparse_er,sparse_er_0,0,14,4206279609,3781034883,"[37, 71, 132, 187, 193, 222, 223, 236, 275, 293, 315, 318, 381, 409, 438, 449, 517, 569]","[169, 516, 52, 291, 437, 277, 508, 318, 414, 496, 491, 304, 525, 191, 10, 537, 235, 38]",600,18,0.8,0.01,,,,,,,,5.885,0.39777809470047926,0.9983333333333333,0.08666666666666667,6.277777777777778,0.0017735703695159115,0.00587678338302346,0.18384879725085912,0.010309278350515464,0.0,0.0,2.0859106529209623,4.0,0.0,0.1254295532646048,6.015463917525773,0.1611962447295715,0.6673823423295538,0.002991852011459855,3.7712418300653594,0.9624409776794269,0.0481099656357388,0.2766323024054983,0.2983333333333333,0.955512542044744,30,False,1588.0
3,sparse_er,sparse_er_0,0,15,4206279609,2157000703,"[8, 61, 76, 104, 120, 143, 211, 231, 258, 259, 277, 284, 300, 379, 432, 457, 496, 500]","[398, 358, 539, 554, 524, 435, 210, 49, 0, 334, 5, 293, 581, 229, 216, 173, 385, 421]",600,18,0.8,0.01,,,,,,,,5.885,0.39777809470047926,0.9983333333333333,0.08666666666666667,5.0,0.0014741964145128929,0.0035329769294470473,0.14776632302405499,0.006872852233676976,0.0,0.0,2.254295532646048,5.0,0.0,0.07903780068728522,4.762886597938144,0.13390394253928295,0.7271205588184846,0.0025988173046996577,4.03921568627451,0.8829207685594832,0.0549828178694158,0.2233676975945017,0.2466666666666666,0.9618050419958308,30,False,1510.0
3,sparse_er,sparse_er_0,0,16,4206279609,502341804,"[29, 31, 73, 163, 191, 234, 262, 272, 311, 340, 370, 376, 496, 507, 543, 550, 558, 574]","[501, 104, 586, 542, 489, 417, 181, 89, 146, 285, 3, 249, 385, 490, 362, 465, 76, 256]",600,18,0.8,0.01,,,,,,,,5.885,0.39777809470047926,0.9983333333333333,0.08666666666666667,5.888888888888889,0.0016835359174960198,0.004434218878723748,0.16151202749140894,0.015463917525773196,0.001718213058419244,0.0,2.1683848797250858,4.0,0.0,0.12371134020618557,5.747422680412371,0.14732069520328792,0.7039350332108996,0.005489254753960637,3.7516339869281046,0.9289932003834289,0.0670103092783505,0.120274914089347,0.1466666666666666,0.9579827500274404,30,False,1452.0
3,sparse_er,sparse_er_0,0,17,4206279609,1449689004,"[59, 60, 154, 158, 166, 183, 275, 289, 296, 324, 336, 382, 426, 458, 471, 507, 511, 541]","[119, 566, 208, 94, 247, 174, 414, 166, 373, 187, 526, 590, 100, 384, 294, 490, 366, 50]",600,18,0.8,0.01,,,,,,,,5.885,0.39777809470047926,0.9983333333333333,0.08666666666666667,5.0,0.0014715606515225857,0.0036562948894504313,0.14604810996563575,0.005154639175257732,0.0,0.0,2.211340206185567,4.0,0.0,0.09278350515463918,5.058419243986254,0.13226467344657059,0.7300187495194327,0.0020459750851907713,4.065359477124183,0.8494729912634852,0.0549828178694158,0.1254295532646048,0.1516666666666666,0.9574335829820484,30,False,1464.0
3,sparse_er,sparse_er_0,0,18,4206279609,3399319561,"[2, 22, 99, 106, 118, 119, 263, 296, 348, 378, 380, 415, 428, 452, 459, 495, 542, 558]","[7, 183, 393, 438, 274, 196, 96, 373, 330, 118, 587, 201, 410, 431, 161, 530, 500, 76]",600,18,0.8,0.01,,,,,,,,5.885,0.39777809470047926,0.9983333333333333,0.08666666666666667,6.055555555555555,0.0017200972124473183,0.004649556234579841,0.17869415807560138,0.005154639175257732,0.0,0.0,2.106529209621993,4.0,0.0,0.10481099656357389,5.609965635738831,0.15441647840603404,0.6759822796339999,0.001478369125427949,3.9607843137254903,0.9081700776153789,0.0532646048109965,0.1580756013745704,0.1833333333333333,0.7213894999586046,22,True,1468.0
3,sparse_er,sparse_er_0,0,19,4206279609,1996164885,"[12, 32, 45, 61, 106, 124, 170, 175, 190, 259, 266, 278, 324, 426, 489, 493, 518, 546]","[97, 60, 488, 358, 438, 527, 323, 47, 337, 334, 74, 386, 187, 100, 449, 160, 73, 584]",600,18,0.8,0.01,,,,,,,,5.885,0.39777809470047926,0.9983333333333333,0.08666666666666667,5.555555555555555,0.0015816439302210985,0.004598874173360691,0.15807560137457044,0.00859106529209622,0.001718213058419244,0.0,2.1993127147766325,4.0,0.0,0.11512027491408934,5.462199312714777,0.141981375333369,0.7098083053864944,0.0035228324155659797,3.7516339869281046,0.8620976457914331,0.0687285223367697,0.9965635738831616,0.9966666666666668,0.6039741249987856,19,True,2848.0
3,sparse_er,sparse_er_0,0,20,4206279609,3244983306,"[8, 78, 120, 138, 140, 149, 184, 206, 214, 233, 341, 360, 415, 496, 506, 510, 532, 594]","[398, 122, 524, 236, 585, 54, 28, 391, 287, 110, 142, 312, 201, 385, 197, 320, 131, 563]",600,18,0.8,0.01,,,,,,,,5.885,0.39777809470047926,0.9983333333333333,0.08666666666666667,6.333333333333333,0.0017940687270315084,0.007055361945881727,0.17010309278350516,0.018900343642611683,0.0,0.0,2.1391752577319587,4.0,0.0,0.13745704467353953,6.054982817869416,0.15356591737253883,0.6897871308503528,0.006690552495050765,3.6013071895424837,0.8478028522615876,0.070446735395189,0.9948453608247424,0.995,0.711921792011708,21,True,2848.0
3,sparse_er,sparse_er_0,0,21,4206279609,3703509488,"[33, 42, 90, 142, 153, 175, 182, 225, 242, 287, 323, 342, 367, 442, 466, 495, 524, 557]","[65, 442, 506, 565, 258, 47, 198, 68, 474, 557, 172, 241, 523, 423, 8, 530, 403, 573]",600,18,0.8,0.01,,,,,,,,5.885,0.39777809470047926,0.9983333333333333,0.08666666666666667,6.444444444444445,0.001777875968589832,0.004876438123252377,0.17010309278350516,0.022336769759450172,0.0,0.0,2.195876288659794,4.0,0.0,0.16838487972508592,5.979381443298969,0.15308821083672905,0.6899172536981505,0.008436779270112604,3.673202614379085,0.7870036229593352,0.0859106529209622,1.0,1.0,0.9276260419283062,29,True,2848.0
3,sparse_er,sparse_er_0,0,22,4206279609,3585992228,"[37, 95, 103, 110, 139, 265, 299, 308, 352, 373, 381, 391, 405, 415, 442, 478, 520, 542]","[169, 415, 33, 397, 24, 553, 459, 502, 378, 380, 525, 591, 144, 201, 423, 220, 335, 500]",600,18,0.8,0.01,,,,,,,,5.885,0.39777809470047926,0.9983333333333333,0.08666666666666667,5.777777777777778,0.001648980534990797,0.0036442187836777475,0.1563573883161512,0.012027491408934709,0.0,0.0,2.2285223367697595,5.0,0.0,0.12714776632302405,5.441580756013746,0.14048934439029329,0.7127183254372423,0.004764099371942509,3.816993464052288,0.8351781977336398,0.0584192439862542,0.2766323024054983,0.2983333333333333,0.9593720840057358,30,False,1614.0
3,sparse_er,sparse_er_0,0,23,4206279609,104622881,"[36, 98, 236, 288, 315, 333, 392, 409, 414, 431, 441, 447, 469, 476, 487, 512, 577, 589]","[77, 372, 318, 155, 491, 268, 447, 191, 179, 592, 456, 546, 492, 487, 103, 310, 164, 20]",600,18,0.8,0.01,,,,,,,,5.885,0.39777809470047926,0.9983333333333333,0.08666666666666667,6.666666666666667,0.001865253098574055,0.005737396614465901,0.17869415807560138,0.020618556701030927,0.003436426116838488,0.0,2.142611683848797,4.0,0.0,0.13745704467353953,6.085910652920962,0.1602471334278638,0.6757634366627039,0.007517088831967724,3.758169934640523,0.8812506295575855,0.0652920962199312,0.9948453608247424,0.995,0.9464694589842112,30,False,2848.0
3,sparse_er,sparse_er_0,0,24,4206279609,3208258672,"[32, 39, 77, 78, 93, 110, 111, 152, 212, 247, 256, 257, 264, 275, 305, 356, 367, 590]","[60, 300, 521, 122, 279, 397, 594, 408, 478, 253, 315, 278, 92, 414, 26, 457, 523, 541]",600,18,0.8,0.01,,,,,,,,5.885,0.39777809470047926,0.9983333333333333,0.08666666666666667,5.111111111111111,0.0015096457289756158,0.0043827977734082185,0.14432989690721648,0.006872852233676976,0.0,0.0,2.2336769759450172,4.0,0.0,0.0859106529209622,5.132302405498282,0.1313417987752872,0.7329405989199803,0.002798762602684171,3.895424836601307,0.7952020911994373,0.070446735395189,1.0,1.0,0.6787220829864964,21,True,2848.0
3,sparse_er,sparse_er_0,0,25,4206279609,1554099682,"[16, 19, 33, 87, 131, 152, 185, 194, 242, 283, 343, 365, 421, 425, 473, 492, 508, 580]","[340, 448, 65, 246, 331, 408, 175, 42, 474, 574, 383, 188, 204, 381, 126, 453, 507, 556]",600,18,0.8,0.01,,,,,,,,5.885,0.39777809470047926,0.9983333333333333,0.08666666666666667,5.833333333333333,0.001649609824547608,0.003333180763310732,0.16666666666666666,0.006872852233676976,0.0,0.0,2.140893470790378,4.0,0.0,0.1134020618556701,5.582474226804123,0.1477750609975916,0.6955184508283502,0.0020589432354138236,3.849673202614379,0.8494729912634852,0.0790378006872852,0.9948453608247424,0.995,0.9243664169916884,30,False,2848.0
3,sparse_er,sparse_er_0,0,26,4206279609,480558013,"[34, 63, 99, 102, 150, 225, 227, 231, 233, 321, 329, 345, 359, 403, 441, 467, 494, 571]","[34, 29, 393, 127, 167, 68, 128, 49, 110, 298, 150, 82, 517, 411, 456, 309, 90, 571]",600,18,0.8,0.01,,,,,,,,5.885,0.39777809470047926,0.9983333333333333,0.08666666666666667,6.166666666666667,0.0017363266492995003,0.004490694517855357,0.16494845360824742,0.015463917525773196,0.001718213058419244,0.0,2.1941580756013748,4.0,0.0,0.13058419243986255,5.852233676975945,0.14757755021643743,0.6985349350272962,0.009873623108917227,3.5751633986928106,0.8620976457914331,0.063573883161512,0.9965635738831616,0.9966666666666668,0.6392318339785561,20,True,2848.0
3,sparse_er,sparse_er_0,0,27,4206279609,2609416108,"[16, 72, 113, 212, 216, 254, 299, 324, 341, 343, 349, 353, 362, 382, 428, 471, 504, 554]","[340, 374, 357, 478, 549, 194, 459, 187, 142, 383, 479, 485, 589, 590, 410, 294, 83, 365]",600,18,0.8,0.01,,,,,,,,5.885,0.39777809470047926,0.9983333333333333,0.08666666666666667,5.333333333333333,0.0015346329789081281,0.004255253158395011,0.13573883161512026,0.012027491408934709,0.0,0.0,2.261168384879725,4.0,0.0,0.09965635738831616,5.207903780068729,0.12591466544292615,0.7476444807211171,0.0052549302549302545,3.8300653594771243,0.9371916686235309,0.0687285223367697,0.9965635738831616,0.9966666666666668,0.971167583949864,30,False,2848.0
3,sparse_er,sparse_er_0,0,28,4206279609,107331157,"[11, 75, 80, 116, 118, 127, 161, 250, 286, 316, 326, 359, 368, 370, 452, 475, 506, 588]","[596, 14, 597, 346, 274, 428, 165, 6, 212, 221, 4, 517, 75, 3, 431, 311, 197, 569]",600,18,0.8,0.01,,,,,,,,5.885,0.39777809470047926,0.9983333333333333,0.08666666666666667,6.055555555555555,0.0017430897090460345,0.006604732832881302,0.16494845360824742,0.012027491408934709,0.0,0.0,2.1718213058419242,4.0,0.0,0.10652920962199312,5.640893470790378,0.1485152330293761,0.6982746893317009,0.00446866133140643,3.849673202614379,0.7809072976695917,0.0756013745704467,0.2972508591065292,0.3183333333333333,0.9562151670688764,30,False,1562.0
3,sparse_er,sparse_er_0,0,29,4206279609,3346753282,"[12, 33, 40, 46, 224, 286, 293, 296, 350, 394, 427, 466, 525, 541, 551, 557, 592, 594]","[97, 65, 498, 450, 233, 212, 496, 373, 361, 213, 255, 8, 218, 50, 147, 573, 234, 563]",600,18,0.8,0.01,,,,,,,,5.885,0.39777809470047926,0.9983333333333333,0.08666666666666667,5.166666666666667,0.001504448296210793,0.0033202338625369122,0.14948453608247422,0.010309278350515464,0.0,0.0,2.238831615120275,4.0,0.0,0.08419243986254296,4.90893470790378,0.1357217611304786,0.724246026817136,0.004152002681414446,3.9869281045751634,0.8160252139674873,0.0670103092783505,0.8281786941580757,0.8333333333333334,0.945815666927956,30,False,2390.0
3,sparse_er,sparse_er_0,0,30,4206279609,3191392724,"[5, 12, 50, 61, 76, 115, 127, 129, 134, 166, 205, 247, 325, 333, 361, 387, 466, 508]","[284, 97, 88, 358, 539, 273, 428, 1, 371, 247, 25, 253, 71, 268, 348, 290, 8, 507]",600,18,0.8,0.01,,,,,,,,5.885,0.39777809470047926,0.9983333333333333,0.08666666666666667,5.666666666666667,0.0016050798175733883,0.004365776020650931,0.15292096219931273,0.018900343642611683,0.0,0.0,2.2147766323024056,4.0,0.0,0.12199312714776632,5.508591065292096,0.1415991936362211,0.7182840345180427,0.005662552663706066,3.7908496732026142,0.8160252139674872,0.0584192439862542,0.1426116838487972,0.1683333333333333,0.9759139999514446,30,False,1476.0
3,sparse_er,sparse_er_0,0,31,4206279609,484526773,"[122, 133, 172, 181, 193, 276, 281, 293, 300, 306, 311, 343, 361, 481, 529, 557, 575, 578]","[420, 598, 579, 81, 437, 98, 199, 496, 581, 301, 146, 383, 348, 455, 13, 573, 31, 329]",600,18,0.8,0.01,,,,,,,,5.885,0.39777809470047926,0.9983333333333333,0.08666666666666667,5.0,0.0014528572416867042,0.00330760780213688,0.13745704467353953,0.010309278350515464,0.0,0.0,2.276632302405498,4.0,0.0,0.08419243986254296,5.123711340206185,0.12738213576218346,0.744639825871971,0.004196094392172823,3.9607843137254903,0.8351781977336398,0.0601374570446735,0.5240549828178694,0.5383333333333333,0.9741033329628408,30,False,1818.0
3,sparse_er,sparse_er_0,0,32,4206279609,2987375756,"[33, 45, 64, 73, 105, 128, 192, 233, 317, 376, 420, 426, 435, 488, 490, 515, 533, 542]","[65, 488, 86, 586, 532, 370, 345, 110, 339, 249, 369, 100, 494, 302, 141, 250, 462, 500]",600,18,0.8,0.01,,,,,,,,5.885,0.39777809470047926,0.9983333333333333,0.08666666666666667,5.888888888888889,0.0016602302349090713,0.004699723148646842,0.16838487972508592,0.013745704467353952,0.0,0.0,2.127147766323024,4.0,0.0,0.13058419243986255,5.876288659793815,0.15070222215818233,0.6926794068764011,0.003306326720398231,3.8823529411764706,0.9207947321433269,0.070446735395189,1.0,1.0,0.9720296249724923,30,False,2848.0
3,sparse_er,sparse_er_0,0,33,4206279609,4164167504,"[37, 53, 122, 142, 162, 185, 201, 204, 206, 254, 277, 305, 362, 365, 398, 456, 504, 555]","[169, 379, 420, 565, 230, 175, 245, 53, 391, 194, 5, 26, 589, 188, 445, 481, 83, 344]",600,18,0.8,0.01,,,,,,,,5.885,0.39777809470047926,0.9983333333333333,0.08666666666666667,5.888888888888889,0.0016555000046986708,0.00473816187516985,0.15463917525773196,0.018900343642611683,0.001718213058419244,0.0,2.1821305841924397,4.0,0.0,0.11855670103092783,5.711340206185567,0.14327847556080836,0.7154035878417943,0.007666870166870167,3.718954248366013,0.7952020911994373,0.0549828178694158,0.1546391752577319,0.18,0.9629704169929028,30,False,1516.0
3,sparse_er,sparse_er_0,0,34,4206279609,2306817416,"[85, 175, 193, 234, 307, 308, 309, 312, 325, 462, 493, 496, 535, 562, 573, 574, 579, 584]","[36, 47, 437, 417, 102, 502, 416, 238, 71, 55, 160, 385, 260, 206, 473, 256, 80, 184]",600,18,0.8,0.01,,,,,,,,5.885,0.39777809470047926,0.9983333333333333,0.08666666666666667,5.5,0.0015778408888785507,0.0042707858280198446,0.14604810996563575,0.012027491408934709,0.001718213058419244,0.0,2.238831615120275,4.0,0.0,0.11512027491408934,5.288659793814433,0.13261832530848836,0.7300897256182314,0.005371667078702834,3.9019607843137254,0.916368545855481,0.0515463917525773,0.1804123711340206,0.205,0.9752962909406052,30,False,1520.0
3,sparse_er,sparse_er_0,0,35,4206279609,1668048421,"[2, 7, 16, 17, 44, 91, 162, 185, 215, 216, 221, 230, 282, 419, 448, 496, 586, 591]","[7, 593, 340, 16, 458, 2, 230, 175, 261, 549, 289, 248, 148, 57, 314, 385, 503, 575]",600,18,0.8,0.01,,,,,,,,5.885,0.39777809470047926,0.9983333333333333,0.08666666666666667,5.166666666666667,0.0015354818204625096,0.0038762053567021515,0.14776632302405499,0.00859106529209622,0.0,0.0,2.238831615120275,4.0,0.0,0.07216494845360824,4.835051546391752,0.135144064068378,0.7270377533698861,0.002953745600804424,4.045751633986928,0.7825774366714895,0.0670103092783505,0.5137457044673539,0.5283333333333333,1.2168962499126792,30,False,1772.0
3,sparse_er,sparse_er_0,0,36,4206279609,547233663,"[14, 56, 75, 76, 87, 176, 259, 262, 284, 291, 297, 341, 352, 376, 400, 424, 488, 580]","[219, 451, 14, 539, 246, 405, 334, 181, 293, 295, 313, 142, 378, 249, 552, 422, 302, 556]",600,18,0.8,0.01,,,,,,,,5.885,0.39777809470047926,0.9983333333333333,0.08666666666666667,5.888888888888889,0.0016714391236937053,0.004959200819593532,0.1718213058419244,0.010309278350515464,0.0,0.0,2.1305841924398625,4.0,0.0,0.1254295532646048,5.757731958762887,0.15116149040241822,0.6871136977956007,0.0036929301635183986,3.7712418300653594,0.8494729912634852,0.0652920962199312,0.1632302405498281,0.1883333333333333,1.0650713329669088,29,True,1504.0
3,sparse_er,sparse_er_0,0,37,4206279609,1387979996,"[5, 27, 50, 74, 100, 116, 186, 215, 251, 283, 408, 415, 416, 422, 445, 453, 469, 558]","[284, 535, 88, 93, 326, 346, 61, 261, 123, 574, 424, 201, 522, 531, 84, 515, 492, 76]",600,18,0.8,0.01,,,,,,,,5.885,0.39777809470047926,0.9983333333333333,0.08666666666666667,6.277777777777778,0.0017561308129794156,0.00620949699945662,0.16838487972508592,0.010309278350515464,0.001718213058419244,0.0,2.161512027491409,4.0,0.0,0.16323024054982818,6.056701030927835,0.14845487120053047,0.6927799563496992,0.005344011471462452,3.6209150326797386,0.8351781977336398,0.0859106529209622,0.9965635738831616,0.9966666666666668,0.8218367920489982,26,True,2848.0
3,sparse_er,sparse_er_0,0,38,4206279609,818220429,"[42, 62, 177, 179, 203, 243, 266, 275, 292, 302, 347, 353, 371, 383, 384, 520, 560, 562]","[442, 200, 430, 299, 111, 224, 74, 414, 545, 504, 595, 485, 376, 130, 495, 335, 355, 206]",600,18,0.8,0.01,,,,,,,,5.885,0.39777809470047926,0.9983333333333333,0.08666666666666667,6.0,0.0016945493289410786,0.006324534515424552,0.16666666666666666,0.013745704467353952,0.001718213058419244,0.0,2.1941580756013748,4.0,0.0,0.13573883161512026,5.6116838487972505,0.1474244354597339,0.6956781470506473,0.006320062137915594,3.7712418300653594,0.7952020911994372,0.0670103092783505,0.3195876288659793,0.34,0.9309265000047162,30,False,1612.0
3,sparse_er,sparse_er_0,0,39,4206279609,2492986801,"[21, 25, 30, 43, 107, 130, 308, 357, 360, 378, 449, 483, 524, 535, 555, 571, 578, 587]","[192, 454, 518, 562, 434, 475, 502, 463, 312, 118, 537, 64, 403, 260, 344, 571, 329, 132]",600,18,0.8,0.01,,,,,,,,5.885,0.39777809470047926,0.9983333333333333,0.08666666666666667,6.555555555555555,0.001828218150642553,0.005563965903470755,0.18900343642611683,0.012027491408934709,0.001718213058419244,0.0,2.0996563573883162,5.0,0.0,0.13402061855670103,6.034364261168385,0.16502274438364584,0.6591254561693016,0.00426802948429246,3.738562091503268,0.9081700776153789,0.0687285223367697,0.9948453608247424,0.995,0.7224571669939905,23,True,2848.0
3,sparse_er,sparse_er_0,0,40,4206279609,2234581462,"[29, 111, 158, 171, 241, 316, 328, 329, 356, 357, 403, 420, 440, 476, 519, 546, 568, 580]","[501, 594, 94, 203, 418, 221, 266, 150, 457, 463, 411, 369, 40, 487, 134, 584, 328, 556]",600,18,0.8,0.01,,,,,,,,5.885,0.39777809470047926,0.9983333333333333,0.08666666666666667,6.388888888888889,0.001788430054893657,0.0049128079295726,0.1718213058419244,0.012027491408934709,0.0,0.0,2.140893470790378,4.0,0.0,0.15807560137457044,6.190721649484536,0.1509515991091001,0.6873088820672971,0.004620551924473493,3.627450980392157,0.8351781977336398,0.0773195876288659,0.9948453608247424,0.995,0.9714385420084,30,False,2848.0
3,sparse_er,sparse_er_0,0,41,4206279609,820992288,"[34, 49, 85, 126, 160, 172, 175, 187, 190, 209, 268, 372, 380, 443, 452, 463, 533, 593]","[34, 452, 36, 124, 112, 579, 47, 291, 337, 400, 168, 513, 587, 162, 431, 407, 462, 360]",600,18,0.8,0.01,,,,,,,,5.885,0.39777809470047926,0.9983333333333333,0.08666666666666667,6.444444444444445,0.0017877412070323386,0.00526521148867324,0.18213058419243985,0.006872852233676976,0.0,0.0,2.1374570446735395,5.0,0.0,0.14948453608247422,6.049828178694158,0.158078615589731,0.6703041917301016,0.0020170461346931934,3.7254901960784315,0.8829207685594832,0.0532646048109965,0.2835051546391752,0.305,0.9706988749094309,30,False,1588.0
3,sparse_er,sparse_er_0,0,42,4206279609,2980554779,"[28, 56, 135, 241, 245, 249, 269, 273, 282, 307, 375, 394, 417, 432, 455, 509, 562, 599]","[280, 451, 58, 418, 215, 469, 351, 560, 148, 102, 176, 213, 156, 216, 461, 472, 206, 232]",600,18,0.8,0.01,,,,,,,,5.885,0.39777809470047926,0.9983333333333333,0.08666666666666667,5.222222222222222,0.0015280640286491683,0.0033595134496826823,0.15463917525773196,0.006872852233676976,0.0,0.0,2.1907216494845363,4.0,0.0,0.07216494845360824,5.034364261168385,0.13793847328932418,0.7156579188624898,0.002863603353799432,4.111111111111111,0.9289932003834289,0.056701030927835,0.1237113402061855,0.15,1.1414738340536132,30,False,1464.0
3,sparse_er,sparse_er_0,0,43,4206279609,3452147157,"[20, 49, 63, 182, 218, 241, 261, 312, 332, 361, 374, 379, 380, 390, 445, 448, 483, 597]","[426, 452, 29, 198, 350, 418, 359, 238, 264, 348, 138, 229, 587, 486, 84, 314, 64, 240]",600,18,0.8,0.01,,,,,,,,5.885,0.39777809470047926,0.9983333333333333,0.08666666666666667,6.944444444444445,0.0019239519954983564,0.007155982131999045,0.18900343642611683,0.01718213058419244,0.001718213058419244,0.0,2.106529209621993,4.0,0.0,0.17525773195876287,6.293814432989691,0.16713174215143192,0.6590485653956031,0.0054503462883842895,3.588235294117647,0.8160252139674873,0.0687285223367697,0.9948453608247424,0.995,0.7874462500913069,25,True,2848.0
3,sparse_er,sparse_er_0,0,44,4206279609,4153700218,"[9, 25, 39, 52, 83, 85, 126, 156, 187, 252, 270, 337, 392, 439, 465, 496, 510, 580]","[413, 454, 300, 343, 567, 36, 124, 319, 291, 149, 576, 282, 447, 137, 239, 385, 320, 556]",600,18,0.8,0.01,,,,,,,,5.885,0.39777809470047926,0.9983333333333333,0.08666666666666667,6.333333333333333,0.001783291564071915,0.005415096120515024,0.1718213058419244,0.018900343642611683,0.001718213058419244,0.0,2.142611683848797,4.0,0.0,0.13917525773195877,6.001718213058419,0.1558335522816803,0.6868534521000054,0.007251064113809211,3.65359477124183,0.8143550749655897,0.0756013745704467,0.9965635738831616,0.9966666666666668,0.6923987920163199,18,True,2848.0
3,sparse_er,sparse_er_0,0,45,4206279609,2260637996,"[6, 49, 59, 64, 125, 135, 137, 151, 331, 342, 377, 408, 410, 439, 461, 488, 493, 571]","[307, 452, 119, 86, 95, 58, 18, 543, 582, 241, 321, 424, 558, 137, 510, 302, 160, 571]",600,18,0.8,0.01,,,,,,,,5.885,0.39777809470047926,0.9983333333333333,0.08666666666666667,6.388888888888889,0.0017951191385165055,0.005346716205121928,0.16666666666666666,0.01718213058419244,0.0,0.0,2.1752577319587627,4.0,0.0,0.15292096219931273,6.128865979381444,0.15119666059015274,0.695423816029952,0.005856888209829386,3.6209150326797386,0.7802075036080444,0.0618556701030927,0.9965635738831616,0.9966666666666668,1.064184416900389,30,False,2848.0
3,sparse_er,sparse_er_0,0,46,4206279609,2667023393,"[21, 101, 150, 171, 178, 252, 257, 260, 318, 326, 333, 354, 379, 380, 397, 418, 527, 543]","[192, 477, 167, 203, 116, 149, 278, 275, 304, 4, 268, 460, 229, 587, 243, 308, 467, 362]",600,18,0.8,0.01,,,,,,,,5.885,0.39777809470047926,0.9983333333333333,0.08666666666666667,6.833333333333333,0.0018762261663194672,0.005112032378602081,0.17697594501718214,0.012027491408934709,0.001718213058419244,0.0,2.11340206185567,4.0,0.0,0.16838487972508592,6.407216494845361,0.15660865563985737,0.6785847365899533,0.004608953138364903,3.496732026143791,0.7539878496117982,0.056701030927835,1.0,1.0,0.7437672920059413,24,True,2848.0
3,sparse_er,sparse_er_0,0,47,4206279609,105169841,"[42, 124, 170, 177, 189, 218, 266, 328, 336, 355, 415, 451, 481, 506, 514, 559, 569, 578]","[442, 527, 323, 430, 79, 350, 74, 266, 526, 387, 201, 139, 455, 197, 182, 207, 38, 329]",600,18,0.8,0.01,,,,,,,,5.885,0.39777809470047926,0.9983333333333333,0.08666666666666667,6.111111111111111,0.001721605209466676,0.006513883535714839,0.16323024054982818,0.022336769759450172,0.0,0.0,2.170103092783505,4.0,0.0,0.14261168384879724,6.123711340206185,0.15100481915089353,0.7010309278350515,0.006967139900576433,3.5947712418300655,0.9081700776153789,0.063573883161512,0.2439862542955326,0.2666666666666666,0.9931309160310776,30,False,1558.0
3,sparse_er,sparse_er_0,0,48,4206279609,3785050787,"[30, 40, 73, 74, 91, 127, 147, 172, 199, 218, 223, 295, 354, 396, 427, 457, 517, 545]","[518, 498, 586, 93, 2, 428, 259, 579, 394, 350, 508, 101, 460, 189, 255, 173, 235, 153]",600,18,0.8,0.01,,,,,,,,5.885,0.39777809470047926,0.9983333333333333,0.08666666666666667,5.611111111111111,0.0015811231973377991,0.0041485410698366915,0.15120274914089346,0.015463917525773196,0.0,0.0,2.240549828178694,4.0,0.0,0.12714776632302405,5.658075601374571,0.13822125541242705,0.7213005187169887,0.006253713606654783,3.7973856209150325,0.9037438913275331,0.0618556701030927,0.7285223367697594,0.7366666666666667,0.976173207978718,30,False,2108.0
3,sparse_er,sparse_er_0,0,49,4206279609,4229254751,"[92, 152, 164, 173, 192, 214, 244, 245, 264, 338, 339, 370, 445, 465, 479, 491, 542, 579]","[286, 408, 72, 105, 345, 287, 70, 215, 92, 186, 367, 3, 84, 239, 436, 427, 500, 80]",600,18,0.8,0.01,,,,,,,,5.885,0.39777809470047926,0.9983333333333333,0.08666666666666667,6.611111111111111,0.0018441864337027669,0.006124637265181234,0.1872852233676976,0.01718213058419244,0.0,0.0,2.0790378006872854,4.0,0.0,0.15120274914089346,6.209621993127148,0.166626395931489,0.6617515718248547,0.005221711839358899,3.6862745098039214,0.7283065366074415,0.0618556701030927,0.1391752577319587,0.165,1.09160970908124,30,False,1490.0
3,sparse_er,sparse_er_1,1,0,3516754940,3364797863,"[3, 16, 42, 80, 188, 205, 313, 330, 354, 356, 391, 439, 466, 518, 523, 539, 565, 573]","[477, 8, 40, 124, 12, 326, 244, 41, 484, 394, 451, 373, 566, 66, 418, 50, 7, 508]",600,18,0.8,0.01,,,,,,,,6.131666666666666,0.41760249462146115,0.995,0.11333333333333333,7.166666666666667,0.0018928286515428397,0.00608705616742162,0.19759450171821305,0.01718213058419244,0.0,0.0,2.072289156626506,5.0,0.001718213058419244,0.20618556701030927,7.135738831615121,0.17309228532742446,0.6453560930023481,0.0042677483565603525,3.5620915032679736,0.7170779447126487,0.0618556701030927,0.993127147766323,0.9933333333333332,0.965764082968235,30,False,2952.0
3,sparse_er,sparse_er_1,1,1,3516754940,129924751,"[10, 26, 85, 183, 237, 277, 303, 304, 362, 410, 418, 420, 426, 472, 475, 533, 579, 582]","[309, 441, 108, 228, 249, 235, 96, 577, 377, 293, 53, 131, 494, 322, 385, 502, 276, 222]",600,18,0.8,0.01,,,,,,,,6.131666666666666,0.41760249462146115,0.995,0.11333333333333333,6.555555555555555,0.0017688350299657277,0.005098348571104033,0.17010309278350516,0.018900343642611683,0.003436426116838488,0.0,2.1222030981067124,4.0,0.001718213058419244,0.16838487972508592,6.458762886597938,0.15414163814609677,0.6897516428009535,0.006051667624999744,3.7908496732026142,0.8262277227910485,0.0584192439862542,0.9965635738831616,0.9966666666666668,0.9753452910808846,30,False,2952.0
3,sparse_er,sparse_er_1,1,2,3516754940,2508313521,"[3, 21, 147, 165, 219, 240, 260, 266, 290, 310, 373, 421, 446, 456, 464, 521, 551, 567]","[477, 171, 473, 78, 479, 520, 335, 144, 1, 383, 200, 489, 95, 4, 398, 453, 466, 267]",600,18,0.8,0.01,,,,,,,,6.131666666666666,0.41760249462146115,0.995,0.11333333333333333,6.777777777777778,0.0018289529395765349,0.005727006229287911,0.18900343642611683,0.01718213058419244,0.0,0.0,2.099827882960413,4.0,0.001718213058419244,0.17353951890034364,6.738831615120275,0.16673756624790356,0.6591195414944018,0.004476959133821878,3.588235294117647,0.7040233115641236,0.0756013745704467,0.9896907216494846,0.99,0.9393524579936638,30,False,2952.0
3,sparse_er,sparse_er_1,1,3,3516754940,2757171416,"[38, 78, 83, 117, 138, 189, 193, 197, 215, 266, 275, 307, 328, 423, 511, 539, 581, 583]","[304, 409, 206, 481, 277, 46, 72, 320, 168, 144, 487, 592, 57, 25, 387, 50, 474, 365]",600,18,0.8,0.01,,,,,,,,6.131666666666666,0.41760249462146115,0.995,0.11333333333333333,6.722222222222222,0.001801846305611867,0.004890090725098134,0.18041237113402062,0.020618556701030927,0.0,0.0,2.1394148020654047,4.0,0.001718213058419244,0.16838487972508592,6.661512027491409,0.16255087134005722,0.6728297579123563,0.005070648485630578,3.588235294117647,0.6649641735699195,0.070446735395189,0.993127147766323,0.9933333333333332,0.901805833913386,30,False,2952.0
3,sparse_er,sparse_er_1,1,4,3516754940,313239280,"[51, 83, 111, 153, 154, 232, 251, 267, 287, 298, 352, 398, 411, 445, 499, 539, 559, 579]","[297, 206, 273, 344, 313, 412, 384, 461, 219, 528, 448, 11, 442, 492, 192, 50, 203, 276]",600,18,0.8,0.01,,,,,,,,6.131666666666666,0.41760249462146115,0.995,0.11333333333333333,5.388888888888889,0.0015178700689082226,0.003913261177510456,0.1563573883161512,0.010309278350515464,0.0,0.0,2.1910499139414803,4.0,0.001718213058419244,0.10481099656357389,5.554982817869416,0.14232084218528784,0.7125408851902455,0.0034641284641284643,3.9019607843137254,0.8720726490194188,0.0652920962199312,0.993127147766323,0.9933333333333332,0.913129625027068,30,False,2952.0
3,sparse_er,sparse_er_1,1,5,3516754940,1889961960,"[27, 87, 136, 163, 190, 205, 208, 251, 265, 274, 294, 301, 339, 400, 401, 454, 464, 515]","[116, 433, 456, 197, 5, 326, 215, 384, 217, 26, 596, 299, 224, 392, 220, 548, 398, 437]",600,18,0.8,0.01,,,,,,,,6.131666666666666,0.41760249462146115,0.995,0.11333333333333333,5.666666666666667,0.0015411441605199334,0.004418793348151726,0.15979381443298968,0.010309278350515464,0.001718213058419244,0.0,2.1583476764199654,4.0,0.001718213058419244,0.13573883161512026,5.994845360824742,0.13990114595731232,0.7073063979038392,0.006350908098563682,3.869281045751634,0.8078360209487772,0.049828178694158,0.9914089347079038,0.9916666666666668,0.9623004170134664,30,False,2952.0
3,sparse_er,sparse_er_1,1,6,3516754940,2383153613,"[31, 47, 63, 98, 102, 156, 200, 333, 342, 344, 378, 405, 409, 439, 474, 486, 523, 590]","[360, 174, 307, 346, 221, 89, 9, 519, 342, 300, 243, 184, 129, 373, 142, 559, 418, 455]",600,18,0.8,0.01,,,,,,,,6.131666666666666,0.41760249462146115,0.995,0.11333333333333333,5.888888888888889,0.0015965677249240775,0.004696584984617582,0.16323024054982818,0.013745704467353952,0.001718213058419244,0.0,2.1411359724612735,4.0,0.001718213058419244,0.12714776632302405,6.22680412371134,0.1475972031560379,0.7011314773083498,0.0053604710467455565,3.816993464052288,0.749868237792494,0.0618556701030927,0.993127147766323,0.9933333333333332,0.947280874941498,30,False,2952.0
3,sparse_er,sparse_er_1,1,7,3516754940,4254986805,"[12, 15, 41, 69, 130, 183, 185, 220, 255, 268, 371, 377, 443, 455, 489, 537, 545, 573]","[311, 589, 594, 85, 233, 228, 332, 260, 310, 17, 321, 198, 550, 15, 543, 120, 515, 508]",600,18,0.8,0.01,,,,,,,,6.131666666666666,0.41760249462146115,0.995,0.11333333333333333,5.5,0.0015115328628634512,0.0038152943091734307,0.1563573883161512,0.006872852233676976,0.0,0.0,2.1858864027538725,4.0,0.001718213058419244,0.11512027491408934,5.841924398625429,0.13917868050166302,0.7127774721862413,0.002203787497905145,3.849673202614379,0.8278314780561854,0.0532646048109965,0.9948453608247424,0.995,0.9206133750267328,30,True,2952.0
3,sparse_er,sparse_er_1,1,8,3516754940,1222955991,"[3, 51, 88, 101, 109, 179, 279, 284, 293, 301, 315, 402, 404, 475, 504, 529, 566, 571]","[477, 297, 287, 431, 268, 578, 328, 378, 118, 299, 371, 266, 231, 385, 351, 510, 587, 16]",600,18,0.8,0.01,,,,,,,,6.131666666666666,0.41760249462146115,0.995,0.11333333333333333,5.666666666666667,0.0015452152295419733,0.004426208723434942,0.15979381443298968,0.012027491408934709,0.003436426116838488,0.0,2.1566265060240966,4.0,0.001718213058419244,0.13745704467353953,6.0893470790378,0.1441743645956826,0.7069219440353461,0.005912227697118124,3.7450980392156863,0.7240187686715318,0.0670103092783505,0.993127147766323,0.9933333333333332,0.9285026660654694,30,False,2952.0
3,sparse_er,sparse_er_1,1,9,3516754940,861203497,"[39, 42, 76, 88, 116, 156, 202, 205, 248, 266, 291, 296, 322, 336, 351, 356, 367, 470]","[111, 40, 345, 287, 218, 89, 560, 326, 261, 144, 284, 486, 407, 178, 196, 394, 252, 422]",600,18,0.8,0.01,,,,,,,,6.131666666666666,0.41760249462146115,0.995,0.11333333333333333,7.111111111111111,0.0018717420021772738,0.005453626159562434,0.18900343642611683,0.020618556701030927,0.0,0.0,2.089500860585198,4.0,0.001718213058419244,0.18900343642611683,7.06701030927835,0.16796947004503038,0.6590663094203028,0.006256445933493223,3.5751633986928106,0.7835903070929519,0.070446735395189,0.9914089347079038,0.9916666666666668,0.9036247920012102,30,False,2952.0
3,sparse_er,sparse_er_1,1,10,3516754940,3922959019,"[29, 37, 62, 109, 112, 124, 178, 192, 195, 244, 267, 307, 313, 388, 402, 443, 458, 481]","[119, 127, 514, 268, 125, 339, 77, 3, 223, 20, 461, 592, 244, 149, 266, 550, 521, 186]",600,18,0.8,0.01,,,,,,,,6.131666666666666,0.41760249462146115,0.995,0.11333333333333333,5.444444444444445,0.0014848020399174926,0.0031678938612470318,0.14948453608247422,0.013745704467353952,0.001718213058419244,0.0,2.1910499139414803,4.0,0.001718213058419244,0.13745704467353953,6.108247422680412,0.13735303223904197,0.7241691360434374,0.005692830173799032,3.8366013071895426,0.7498682377924941,0.056701030927835,0.9948453608247424,0.995,1.1652709159534425,30,False,2952.0
3,sparse_er,sparse_er_1,1,11,3516754940,3787445873,"[80, 97, 113, 134, 149, 182, 194, 230, 258, 297, 369, 378, 488, 507, 512, 515, 531, 544]","[124, 527, 354, 554, 584, 343, 445, 525, 547, 366, 315, 243, 499, 6, 285, 437, 556, 381]",600,18,0.8,0.01,,,,,,,,6.131666666666666,0.41760249462146115,0.995,0.11333333333333333,6.111111111111111,0.001662649630942199,0.004290269460404305,0.15979381443298968,0.01718213058419244,0.001718213058419244,0.0,2.1480206540447506,5.0,0.001718213058419244,0.15120274914089346,6.4553264604811,0.14552538755984346,0.7069219440353461,0.007330732085634046,3.6666666666666665,0.8019820089352231,0.0532646048109965,0.9896907216494846,0.99,1.3590815420029685,30,False,2952.0
3,sparse_er,sparse_er_1,1,12,3516754940,3925331941,"[8, 16, 60, 142, 143, 164, 236, 247, 270, 306, 309, 351, 375, 444, 481, 526, 588, 599]","[154, 8, 102, 71, 65, 558, 92, 562, 512, 291, 230, 196, 263, 535, 186, 395, 588, 597]",600,18,0.8,0.01,,,,,,,,6.131666666666666,0.41760249462146115,0.995,0.11333333333333333,7.5,0.0019752615905619417,0.007660258984036907,0.19759450171821305,0.018900343642611683,0.001718213058419244,0.0,2.0395869191049916,4.0,0.001718213058419244,0.23367697594501718,7.304123711340206,0.1709902754914758,0.64581152296964,0.0061458235509185815,3.411764705882353,0.7914629072724475,0.0824742268041237,0.9896907216494846,0.99,0.9536414579488336,30,False,2952.0
3,sparse_er,sparse_er_1,1,13,3516754940,375234494,"[12, 31, 86, 140, 193, 196, 252, 339, 367, 385, 392, 457, 481, 488, 495, 535, 536, 587]","[311, 360, 501, 329, 72, 135, 524, 224, 252, 84, 156, 258, 186, 499, 585, 340, 305, 458]",600,18,0.8,0.01,,,,,,,,6.131666666666666,0.41760249462146115,0.995,0.11333333333333333,5.5,0.0014991621925858026,0.0035430982236413816,0.15292096219931273,0.006872852233676976,0.0,0.0,2.185567010309278,4.0,0.0,0.12027491408934708,6.001718213058419,0.1346666383184007,0.7186389150120364,0.0024090832914362326,3.860294117647059,0.8157086211282728,0.0618556701030927,0.9914089347079038,0.9916666666666668,0.9967762500746176,30,False,2952.0
3,sparse_er,sparse_er_1,1,14,3516754940,2060128082,"[76, 109, 144, 210, 247, 256, 269, 321, 345, 386, 390, 408, 434, 454, 469, 479, 520, 592]","[345, 268, 290, 176, 562, 38, 464, 324, 88, 103, 504, 536, 180, 548, 191, 580, 91, 570]",600,18,0.8,0.01,,,,,,,,6.131666666666666,0.41760249462146115,0.995,0.11333333333333333,5.777777777777778,0.0015781034632779824,0.0038855313624641674,0.15463917525773196,0.013745704467353952,0.0,0.0,2.1876075731497417,4.0,0.001718213058419244,0.14604810996563575,6.152920962199313,0.14023884337212084,0.7155691987389913,0.005553034474603103,3.803921568627451,0.7835903070929519,0.049828178694158,0.1615120274914089,0.1866666666666666,1.4692476249765605,30,False,1528.0
3,sparse_er,sparse_er_1,1,15,3516754940,3191810728,"[5, 12, 44, 54, 69, 70, 218, 232, 240, 296, 316, 342, 396, 461, 480, 515, 543, 578]","[76, 311, 557, 253, 85, 356, 538, 412, 520, 486, 544, 342, 317, 523, 482, 437, 193, 495]",600,18,0.8,0.01,,,,,,,,6.131666666666666,0.41760249462146115,0.995,0.11333333333333333,5.888888888888889,0.0015990445803317202,0.003763174235866982,0.16838487972508592,0.010309278350515464,0.0,0.0,2.1462994836488813,5.0,0.001718213058419244,0.13917525773195877,6.123711340206185,0.15047845047057332,0.6926202601274021,0.0032630223806694395,3.823529411764706,0.8157086211282728,0.0601374570446735,0.1649484536082474,0.19,1.02192600001581,30,False,1516.0
3,sparse_er,sparse_er_1,1,16,3516754940,1447294341,"[45, 59, 61, 100, 125, 174, 209, 222, 244, 293, 343, 414, 449, 455, 473, 520, 530, 540]","[462, 86, 460, 122, 446, 374, 500, 399, 20, 118, 426, 99, 593, 15, 318, 91, 295, 459]",600,18,0.8,0.01,,,,,,,,6.131666666666666,0.41760249462146115,0.995,0.11333333333333333,6.666666666666667,0.0017688261991210738,0.005082328641328914,0.18041237113402062,0.018900343642611683,0.003436426116838488,0.0,2.089500860585198,5.0,0.001718213058419244,0.16838487972508592,6.9243986254295535,0.1619956383622843,0.6728711606366556,0.008087745587745589,3.5947712418300655,0.749868237792494,0.063573883161512,0.9914089347079038,0.9916666666666668,1.175063292030245,30,False,2952.0
3,sparse_er,sparse_er_1,1,17,3516754940,1634373873,"[14, 37, 48, 115, 172, 209, 278, 351, 354, 368, 447, 508, 519, 537, 564, 570, 580, 597]","[43, 127, 54, 114, 151, 500, 51, 196, 484, 595, 429, 69, 138, 120, 533, 552, 549, 396]",600,18,0.8,0.01,,,,,,,,6.131666666666666,0.41760249462146115,0.995,0.11333333333333333,6.666666666666667,0.001760845519842893,0.004428608800617634,0.18213058419243985,0.018900343642611683,0.001718213058419244,0.0,2.0671256454388987,4.0,0.001718213058419244,0.19072164948453607,7.25085910652921,0.163531591317173,0.6700380313596063,0.006036458948800357,3.5294117647058822,0.781986551827815,0.0618556701030927,0.9879725085910652,0.9883333333333332,0.934108457993716,30,False,2952.0
3,sparse_er,sparse_er_1,1,18,3516754940,3915454777,"[94, 157, 170, 179, 191, 195, 203, 236, 245, 368, 381, 382, 411, 521, 525, 543, 552, 576]","[31, 539, 281, 578, 172, 223, 400, 92, 506, 595, 52, 417, 442, 453, 567, 193, 430, 564]",600,18,0.8,0.01,,,,,,,,6.131666666666666,0.41760249462146115,0.995,0.11333333333333333,5.666666666666667,0.0015769079266312602,0.0038345060164833916,0.15807560137457044,0.013745704467353952,0.0,0.0,2.1996557659208262,4.0,0.001718213058419244,0.1254295532646048,5.81786941580756,0.1432555788876185,0.7097846466868949,0.005194877743897351,3.758169934640523,0.8278314780561854,0.0618556701030927,0.2233676975945017,0.2466666666666666,0.9734568330459296,30,False,1588.0
3,sparse_er,sparse_er_1,1,19,3516754940,3093809668,"[20, 63, 66, 135, 149, 182, 233, 286, 306, 323, 326, 336, 384, 394, 413, 414, 420, 492]","[148, 307, 90, 537, 584, 343, 195, 34, 291, 44, 312, 178, 496, 526, 327, 99, 131, 132]",600,18,0.8,0.01,,,,,,,,6.131666666666666,0.41760249462146115,0.995,0.11333333333333333,6.055555555555555,0.0016587668742306858,0.002973770956614297,0.17869415807560138,0.00859106529209622,0.0,0.0,2.1015490533562824,4.0,0.001718213058419244,0.10481099656357389,5.939862542955327,0.15670104091631493,0.6758284980866027,0.0025180157533098713,3.8823529411764706,0.8720726490194188,0.0687285223367697,0.9896907216494846,0.99,0.9013757079374044,30,False,2952.0
3,sparse_er,sparse_er_1,1,20,3516754940,3062592674,"[70, 105, 123, 155, 164, 167, 199, 253, 282, 299, 311, 409, 442, 449, 464, 525, 565, 598]","[356, 440, 361, 333, 558, 436, 454, 274, 469, 444, 598, 129, 402, 593, 398, 567, 7, 314]",600,18,0.8,0.01,,,,,,,,6.131666666666666,0.41760249462146115,0.995,0.11333333333333333,6.388888888888889,0.001726718327547452,0.004619234146440098,0.17353951890034364,0.01718213058419244,0.0,0.0,2.1239242685025816,4.0,0.001718213058419244,0.18041237113402062,6.929553264604811,0.1562179163228708,0.684079469571955,0.005293671470142059,3.6209150326797386,0.7835903070929519,0.0584192439862542,0.1632302405498281,0.1883333333333333,0.9888075420167296,30,False,1518.0
3,sparse_er,sparse_er_1,1,21,3516754940,974904265,"[48, 97, 143, 191, 202, 219, 232, 246, 340, 341, 365, 453, 483, 507, 508, 513, 520, 527]","[54, 527, 65, 172, 560, 479, 412, 292, 236, 485, 568, 546, 364, 6, 69, 389, 91, 145]",600,18,0.8,0.01,,,,,,,,6.131666666666666,0.41760249462146115,0.995,0.11333333333333333,6.5,0.0017714872503679076,0.005069006408478562,0.18384879725085912,0.013745704467353952,0.0,0.0,2.1118760757314976,4.0,0.001718213058419244,0.14261168384879724,6.298969072164948,0.16076476695590539,0.667536123876951,0.004006333172999839,3.803921568627451,0.8019820089352232,0.0721649484536082,0.9914089347079038,0.9916666666666668,0.9396838339744136,30,False,2952.0
3,sparse_er,sparse_er_1,1,22,3516754940,646116789,"[52, 84, 86, 112, 131, 141, 155, 165, 191, 205, 261, 266, 272, 292, 380, 404, 412, 555]","[530, 449, 501, 125, 165, 209, 333, 78, 172, 326, 112, 144, 82, 376, 133, 231, 427, 280]",600,18,0.8,0.01,,,,,,,,6.131666666666666,0.41760249462146115,0.995,0.11333333333333333,7.055555555555555,0.0018532264669086527,0.005560104499089969,0.18556701030927836,0.024054982817869417,0.001718213058419244,0.0,2.1049913941480205,4.0,0.001718213058419244,0.2027491408934708,7.221649484536083,0.16546407108704322,0.6646201891513033,0.008901785343538514,3.418300653594771,0.7619910947204067,0.0790378006872852,0.9879725085910652,0.9883333333333332,0.9182737920200452,30,False,2952.0
3,sparse_er,sparse_er_1,1,23,3516754940,1034627490,"[57, 86, 113, 125, 143, 184, 352, 359, 362, 366, 367, 388, 424, 430, 487, 500, 514, 556]","[542, 501, 354, 446, 65, 265, 448, 423, 377, 181, 252, 149, 553, 579, 337, 259, 47, 264]",600,18,0.8,0.01,,,,,,,,6.131666666666666,0.41760249462146115,0.995,0.11333333333333333,5.277777777777778,0.0014474350490286869,0.003467129981395426,0.15120274914089346,0.012027491408934709,0.0,0.0,2.180722891566265,4.0,0.001718213058419244,0.11683848797250859,5.848797250859106,0.13584602397927664,0.7214779589639856,0.0041602551406472975,3.8823529411764706,0.8278314780561854,0.0584192439862542,0.6580756013745704,0.6683333333333333,0.9550911670085044,30,False,2068.0
3,sparse_er,sparse_er_1,1,24,3516754940,2180223670,"[0, 61, 62, 171, 286, 333, 334, 364, 371, 396, 404, 413, 484, 501, 502, 503, 515, 551]","[404, 460, 514, 107, 34, 519, 569, 55, 321, 317, 231, 327, 428, 170, 257, 248, 437, 466]",600,18,0.8,0.01,,,,,,,,6.131666666666666,0.41760249462146115,0.995,0.11333333333333333,7.166666666666667,0.0018997343568263588,0.006117415891663732,0.18213058419243985,0.022336769759450172,0.0,0.0,2.1222030981067124,4.0,0.001718213058419244,0.23195876288659795,7.207903780068729,0.16204365991007902,0.6701977275819034,0.0066954276873538695,3.5294117647058822,0.7292008016405613,0.0601374570446735,0.9879725085910652,0.9883333333333332,0.9035468749934809,30,False,2952.0
3,sparse_er,sparse_er_1,1,25,3516754940,3917136001,"[18, 26, 148, 233, 263, 269, 290, 305, 338, 352, 358, 373, 384, 414, 468, 475, 484, 579]","[162, 441, 509, 195, 490, 464, 1, 532, 302, 448, 414, 200, 496, 99, 363, 385, 428, 276]",600,18,0.8,0.01,,,,,,,,6.131666666666666,0.41760249462146115,0.995,0.11333333333333333,5.222222222222222,0.0014470803807389843,0.003150633712857865,0.13917525773195877,0.00859106529209622,0.0,0.0,2.2461273666092945,4.0,0.001718213058419244,0.10652920962199312,5.623711340206185,0.1271517080695995,0.7417416351710229,0.004570211923153099,3.9019607843137254,0.7377453808645813,0.0549828178694158,0.3505154639175257,0.37,0.9647269999841228,30,False,1676.0
3,sparse_er,sparse_er_1,1,26,3516754940,2348027922,"[32, 33, 104, 132, 188, 226, 230, 232, 274, 282, 333, 347, 398, 400, 402, 442, 444, 498]","[463, 194, 214, 161, 12, 443, 525, 412, 26, 469, 519, 388, 11, 392, 266, 402, 535, 48]",600,18,0.8,0.01,,,,,,,,6.131666666666666,0.41760249462146115,0.995,0.11333333333333333,6.444444444444445,0.001733029558497204,0.003311086277237575,0.17869415807560138,0.013745704467353952,0.0,0.0,2.1290877796901895,4.0,0.001718213058419244,0.16494845360824742,6.391752577319588,0.1579370987381802,0.6758403274364024,0.003781403107573204,3.764705882352941,0.8920681061268272,0.070446735395189,0.9914089347079038,0.9916666666666668,0.936367250047624,30,False,2952.0
3,sparse_er,sparse_er_1,1,27,3516754940,655745929,"[43, 93, 110, 145, 197, 257, 264, 301, 326, 333, 416, 418, 423, 464, 479, 493, 568, 583]","[419, 599, 62, 56, 320, 386, 283, 299, 312, 519, 205, 53, 25, 398, 580, 229, 483, 365]",600,18,0.8,0.01,,,,,,,,6.131666666666666,0.41760249462146115,0.995,0.11333333333333333,5.333333333333333,0.0014844775584937474,0.002805994906516807,0.14948453608247422,0.010309278350515464,0.001718213058419244,0.0,2.1962134251290877,4.0,0.001718213058419244,0.09278350515463918,5.792096219931271,0.1354810104024368,0.7242756001916355,0.012275886785690708,3.816993464052288,0.6728367737494152,0.0618556701030927,0.134020618556701,0.16,0.9084598750341684,29,True,1522.0
3,sparse_er,sparse_er_1,1,28,3516754940,3544343962,"[10, 25, 69, 98, 118, 125, 163, 186, 203, 275, 311, 318, 359, 383, 433, 446, 488, 592]","[309, 375, 85, 346, 160, 446, 197, 2, 400, 487, 598, 435, 423, 94, 113, 95, 499, 570]",600,18,0.8,0.01,,,,,,,,6.131666666666666,0.41760249462146115,0.995,0.11333333333333333,6.666666666666667,0.0017674425823197724,0.006526748341763773,0.18384879725085912,0.01718213058419244,0.003436426116838488,0.0,2.0567986230636834,4.0,0.001718213058419244,0.19759450171821305,7.146048109965636,0.1628823409426631,0.6674355744036529,0.008485634008459237,3.5555555555555554,0.697754466649765,0.0532646048109965,0.9948453608247424,0.995,0.9592521659797058,30,False,2952.0
3,sparse_er,sparse_er_1,1,29,3516754940,3682166768,"[22, 38, 54, 135, 147, 160, 192, 282, 299, 323, 418, 496, 526, 530, 553, 565, 580, 586]","[45, 304, 253, 537, 473, 93, 3, 469, 444, 44, 53, 115, 395, 295, 416, 7, 549, 0]",600,18,0.8,0.01,,,,,,,,6.131666666666666,0.41760249462146115,0.995,0.11333333333333333,6.611111111111111,0.0017863526655111789,0.004017181554288327,0.17697594501718214,0.018900343642611683,0.001718213058419244,0.0,2.098106712564544,4.0,0.001718213058419244,0.16323024054982818,6.860824742268041,0.1601322714147309,0.6783954669931567,0.007296990356390587,3.496732026143791,0.8278314780561853,0.0652920962199312,0.2388316151202749,0.2616666666666666,0.9385705830063672,30,False,1614.0
3,sparse_er,sparse_er_1,1,30,3516754940,1726098628,"[40, 47, 80, 141, 162, 218, 240, 287, 291, 338, 376, 383, 494, 498, 517, 553, 565, 572]","[591, 174, 124, 209, 173, 538, 520, 219, 284, 302, 468, 94, 303, 48, 331, 416, 7, 49]",600,18,0.8,0.01,,,,,,,,6.131666666666666,0.41760249462146115,0.995,0.11333333333333333,6.444444444444445,0.0017705906300506838,0.004746183225468427,0.17869415807560138,0.015463917525773196,0.001718213058419244,0.0,2.1204819277108435,4.0,0.001718213058419244,0.15292096219931273,6.374570446735395,0.15947505382769167,0.6757161192635047,0.006267267484107161,3.69281045751634,0.751471993057631,0.0773195876288659,0.993127147766323,0.9933333333333332,0.92026512499433,30,False,2952.0
3,sparse_er,sparse_er_1,1,31,3516754940,2847711858,"[1, 32, 39, 47, 60, 70, 94, 187, 221, 314, 315, 386, 399, 427, 466, 469, 567, 571]","[159, 463, 111, 174, 102, 356, 31, 272, 289, 167, 371, 103, 225, 476, 566, 191, 267, 16]",600,18,0.8,0.01,,,,,,,,6.131666666666666,0.41760249462146115,0.995,0.11333333333333333,5.722222222222222,0.0015840879737717927,0.00400901739707119,0.15292096219931273,0.015463917525773196,0.001718213058419244,0.0,2.1858864027538725,4.0,0.001718213058419244,0.1323024054982818,6.06701030927835,0.14058546000958472,0.7183136078925422,0.007746773923244511,3.764705882352941,0.6856316097218522,0.0773195876288659,0.9896907216494846,0.99,0.9314436670392752,30,False,2952.0
3,sparse_er,sparse_er_1,1,32,3516754940,190841153,"[27, 134, 214, 248, 259, 269, 309, 322, 367, 414, 419, 440, 471, 472, 508, 530, 577, 590]","[116, 554, 472, 261, 237, 464, 230, 407, 252, 99, 109, 240, 507, 322, 69, 295, 64, 455]",600,18,0.8,0.01,,,,,,,,6.131666666666666,0.41760249462146115,0.995,0.11333333333333333,7.444444444444445,0.0019485360030378008,0.006618784154845143,0.19415807560137457,0.024054982817869417,0.001718213058419244,0.0,2.061962134251291,4.0,0.001718213058419244,0.19759450171821305,6.821305841924398,0.169785668074936,0.6512116211532433,0.0071957781956444675,3.69281045751634,0.8278314780561854,0.0584192439862542,0.9914089347079038,0.9916666666666668,0.956960374955088,30,False,2952.0
3,sparse_er,sparse_er_1,1,33,3516754940,2158062076,"[16, 82, 106, 154, 178, 251, 281, 350, 372, 404, 413, 420, 502, 514, 533, 543, 558, 592]","[8, 210, 271, 313, 77, 384, 189, 83, 134, 231, 327, 131, 257, 47, 502, 193, 380, 570]",600,18,0.8,0.01,,,,,,,,6.131666666666666,0.41760249462146115,0.995,0.11333333333333333,6.777777777777778,0.0018189292522743214,0.00570566055082174,0.18556701030927836,0.013745704467353952,0.0,0.0,2.1015490533562824,5.0,0.001718213058419244,0.17010309278350516,6.597938144329897,0.1616994357971719,0.6648508614723991,0.0042588584255250925,3.718954248366013,0.7393491361297184,0.0738831615120274,0.993127147766323,0.9933333333333332,0.9197421669960022,30,False,2952.0
3,sparse_er,sparse_er_1,1,34,3516754940,1324198162,"[8, 9, 40, 58, 87, 96, 117, 128, 192, 199, 204, 206, 213, 360, 399, 531, 547, 595]","[154, 42, 591, 306, 433, 10, 481, 298, 3, 454, 282, 522, 561, 355, 225, 556, 126, 401]",600,18,0.8,0.01,,,,,,,,6.131666666666666,0.41760249462146115,0.995,0.11333333333333333,6.111111111111111,0.0016614636778548423,0.004147395082153948,0.1718213058419244,0.013745704467353952,0.0,0.0,2.1376936316695354,4.0,0.001718213058419244,0.16323024054982818,6.592783505154639,0.15308118574809979,0.6870013189725027,0.005267263600596934,3.679738562091503,0.8157086211282727,0.063573883161512,0.9965635738831616,0.9966666666666668,0.9105984590714796,30,False,2952.0
3,sparse_er,sparse_er_1,1,35,3516754940,4191445402,"[96, 98, 138, 196, 210, 271, 340, 351, 390, 402, 443, 458, 483, 485, 498, 519, 522, 533]","[10, 346, 277, 135, 176, 213, 236, 196, 504, 266, 550, 521, 364, 87, 48, 138, 137, 502]",600,18,0.8,0.01,,,,,,,,6.131666666666666,0.41760249462146115,0.995,0.11333333333333333,5.666666666666667,0.001567035819558041,0.004183423677140516,0.15292096219931273,0.015463917525773196,0.0,0.0,2.179001721170396,4.0,0.001718213058419244,0.140893470790378,5.919243986254296,0.13852403467544644,0.7184555600901397,0.005408328908905611,3.9934640522875817,0.7361416255994445,0.0532646048109965,0.9896907216494846,0.99,0.9323008330538868,30,False,2952.0
3,sparse_er,sparse_er_1,1,36,3516754940,300351090,"[12, 20, 43, 52, 94, 124, 150, 302, 356, 433, 456, 473, 475, 479, 480, 496, 515, 567]","[311, 148, 419, 530, 31, 339, 534, 581, 394, 113, 4, 318, 385, 580, 482, 115, 437, 267]",600,18,0.8,0.01,,,,,,,,6.131666666666666,0.41760249462146115,0.995,0.11333333333333333,5.944444444444445,0.0016061032014015285,0.0043705623311199255,0.16838487972508592,0.013745704467353952,0.001718213058419244,0.0,2.1462994836488813,4.0,0.001718213058419244,0.16151202749140894,6.546391752577319,0.15191332111326986,0.6925551987035032,0.005210911093264035,3.6993464052287583,0.8078360209487773,0.0687285223367697,0.9896907216494846,0.99,0.9158559589413926,30,False,2952.0
3,sparse_er,sparse_er_1,1,37,3516754940,2755492355,"[15, 32, 67, 95, 132, 140, 209, 289, 298, 339, 368, 419, 502, 514, 531, 548, 565, 569]","[589, 463, 141, 19, 161, 329, 500, 531, 528, 224, 595, 109, 257, 47, 556, 347, 7, 37]",600,18,0.8,0.01,,,,,,,,6.131666666666666,0.41760249462146115,0.995,0.11333333333333333,4.777777777777778,0.001370892408530389,0.0024874836903516443,0.13402061855670103,0.005154639175257732,0.001718213058419244,0.0,2.2663230240549828,4.0,0.0,0.09106529209621993,5.096219931271477,0.12149144913832603,0.750672794269863,0.004976777035600565,3.889705882352941,0.8019820089352232,0.0360824742268041,0.1065292096219931,0.1333333333333333,0.8999846249353141,28,True,1488.0
3,sparse_er,sparse_er_1,1,38,3516754940,1849529416,"[23, 26, 57, 64, 72, 82, 112, 139, 169, 282, 325, 352, 360, 387, 432, 433, 463, 556]","[582, 441, 542, 308, 488, 210, 125, 67, 397, 469, 245, 448, 355, 571, 583, 113, 255, 264]",600,18,0.8,0.01,,,,,,,,6.131666666666666,0.41760249462146115,0.995,0.11333333333333333,5.722222222222222,0.0015483309535814854,0.0036050888893621896,0.15807560137457044,0.018900343642611683,0.0,0.0,2.1652323580034425,4.0,0.001718213058419244,0.14776632302405499,6.400343642611684,0.1462390315423539,0.7096190357896979,0.006457077780607193,3.65359477124183,0.8278314780561854,0.0652920962199312,0.274914089347079,0.2966666666666667,0.9835741251008584,30,False,1618.0
3,sparse_er,sparse_er_1,1,39,3516754940,86337176,"[42, 49, 72, 121, 150, 171, 241, 252, 256, 323, 335, 382, 397, 444, 447, 531, 532, 577]","[40, 540, 488, 157, 534, 107, 415, 524, 38, 44, 465, 417, 413, 535, 429, 556, 234, 64]",600,18,0.8,0.01,,,,,,,,6.131666666666666,0.41760249462146115,0.995,0.11333333333333333,6.833333333333333,0.0017987694646505851,0.006069032357869977,0.17697594501718214,0.020618556701030927,0.0,0.0,2.1067125645438898,4.0,0.001718213058419244,0.21649484536082475,7.168384879725086,0.1604382188862395,0.6783954669931567,0.006186595953942521,3.477124183006536,0.7498682377924941,0.0532646048109965,0.1958762886597938,0.22,0.9093364170985296,28,True,1572.0
3,sparse_er,sparse_er_1,1,40,3516754940,3168797464,"[13, 110, 185, 252, 270, 329, 333, 368, 381, 388, 402, 407, 426, 445, 460, 518, 523, 592]","[325, 62, 332, 524, 512, 262, 519, 595, 52, 149, 266, 294, 494, 492, 216, 66, 418, 570]",600,18,0.8,0.01,,,,,,,,6.131666666666666,0.41760249462146115,0.995,0.11333333333333333,6.666666666666667,0.0017924252470097046,0.005597118818220179,0.18384879725085912,0.018900343642611683,0.0,0.0,2.06368330464716,4.0,0.001718213058419244,0.16494845360824742,6.783505154639175,0.1640576758375017,0.6673231955805549,0.005987606203869179,3.712418300653595,0.6719049975288028,0.063573883161512,0.9896907216494846,0.99,0.9614802920259536,30,False,2952.0
3,sparse_er,sparse_er_1,1,41,3516754940,2650881816,"[79, 108, 146, 150, 218, 272, 287, 339, 366, 382, 398, 399, 515, 525, 530, 541, 578, 597]","[555, 187, 350, 534, 538, 82, 219, 224, 181, 417, 11, 225, 437, 567, 295, 336, 495, 396]",600,18,0.8,0.01,,,,,,,,6.131666666666666,0.41760249462146115,0.995,0.11333333333333333,5.722222222222222,0.001553249826970714,0.0037468770682633915,0.16494845360824742,0.012027491408934709,0.0,0.0,2.1497418244406195,4.0,0.001718213058419244,0.13917525773195877,6.231958762886598,0.14772527109034878,0.6983634094551993,0.003632215642019564,3.843137254901961,0.8278314780561854,0.0532646048109965,0.9879725085910652,0.9883333333333332,0.9620904999319464,30,False,2946.0
3,sparse_er,sparse_er_1,1,42,3516754940,1451449042,"[35, 80, 117, 126, 135, 141, 143, 168, 175, 191, 196, 275, 366, 372, 395, 428, 441, 526]","[190, 124, 481, 369, 537, 209, 65, 517, 405, 172, 135, 487, 181, 134, 511, 74, 288, 395]",600,18,0.8,0.01,,,,,,,,6.131666666666666,0.41760249462146115,0.995,0.11333333333333333,7.222222222222222,0.0019261899666500734,0.005540604273415811,0.20103092783505155,0.015463917525773196,0.0,0.0,2.0602409638554215,4.0,0.001718213058419244,0.16666666666666666,6.912371134020619,0.1754844706104433,0.6398554453454466,0.0042966074252118085,3.5947712418300655,0.8599497920915063,0.0756013745704467,0.9914089347079038,0.9916666666666668,0.9005828329827636,30,False,2952.0
3,sparse_er,sparse_er_1,1,43,3516754940,4090381699,"[23, 50, 69, 140, 149, 150, 151, 179, 212, 218, 237, 294, 306, 390, 425, 452, 466, 522]","[582, 403, 85, 329, 584, 534, 179, 578, 256, 538, 249, 596, 291, 504, 254, 239, 566, 137]",600,18,0.8,0.01,,,,,,,,6.131666666666666,0.41760249462146115,0.995,0.11333333333333333,4.888888888888889,0.0014025021573681332,0.004490216198415946,0.13573883161512026,0.005154639175257732,0.0,0.0,2.247422680412371,4.0,0.0,0.09450171821305842,5.135738831615121,0.12210104385380707,0.7477982622685144,0.0017742787350630489,4.117647058823529,0.872072649019419,0.063573883161512,0.993127147766323,0.9933333333333332,0.9263474169420078,30,False,2952.0
3,sparse_er,sparse_er_1,1,44,3516754940,1609506979,"[3, 161, 249, 253, 298, 310, 311, 315, 317, 320, 325, 335, 351, 356, 426, 466, 518, 580]","[477, 410, 362, 274, 528, 383, 598, 371, 503, 575, 245, 465, 196, 394, 494, 566, 66, 549]",600,18,0.8,0.01,,,,,,,,6.131666666666666,0.41760249462146115,0.995,0.11333333333333333,6.555555555555555,0.0017649091481596402,0.00504176472368423,0.18900343642611683,0.010309278350515464,0.0,0.0,2.0602409638554215,4.0,0.001718213058419244,0.14604810996563575,6.711340206185567,0.16468229676529994,0.6591432001940013,0.0029757689109355468,3.6470588235294117,0.7056270668292606,0.063573883161512,0.993127147766323,0.9933333333333332,0.9119917079806328,30,False,2952.0
3,sparse_er,sparse_er_1,1,45,3516754940,2812777737,"[8, 94, 103, 140, 146, 150, 240, 294, 336, 364, 368, 369, 385, 458, 476, 487, 525, 591]","[154, 31, 164, 329, 350, 534, 520, 596, 178, 55, 595, 315, 84, 521, 286, 337, 567, 29]",600,18,0.8,0.01,,,,,,,,6.131666666666666,0.41760249462146115,0.995,0.11333333333333333,6.444444444444445,0.001713692535657013,0.005112243889353016,0.1872852233676976,0.00859106529209622,0.0,0.0,2.0790378006872854,4.0,0.0,0.18556701030927836,6.823024054982818,0.16139107706191247,0.6620295615451497,0.002419904842050171,3.5588235294117645,0.835704078235681,0.0584192439862542,0.993127147766323,0.9933333333333332,0.9241946670226752,30,False,2952.0
3,sparse_er,sparse_er_1,1,46,3516754940,448547749,"[5, 81, 94, 132, 185, 188, 203, 244, 261, 301, 336, 444, 477, 496, 542, 564, 574, 587]","[76, 24, 31, 161, 332, 12, 400, 20, 112, 299, 178, 535, 348, 115, 586, 533, 247, 458]",600,18,0.8,0.01,,,,,,,,6.131666666666666,0.41760249462146115,0.995,0.11333333333333333,6.444444444444445,0.0017315552408191217,0.0032413140536791583,0.17353951890034364,0.015463917525773196,0.0,0.0,2.163511187607573,5.0,0.001718213058419244,0.20103092783505155,6.603092783505154,0.1547562083134277,0.6841563603456536,0.005587413675648969,3.6143790849673203,0.6856316097218523,0.056701030927835,0.993127147766323,0.9933333333333332,0.9442060419823974,30,False,2952.0
3,sparse_er,sparse_er_1,1,47,3516754940,1694147078,"[64, 128, 137, 164, 209, 211, 219, 277, 297, 303, 360, 366, 442, 501, 505, 525, 536, 588]","[308, 298, 36, 558, 500, 136, 479, 235, 366, 96, 355, 181, 402, 170, 368, 567, 305, 588]",600,18,0.8,0.01,,,,,,,,6.131666666666666,0.41760249462146115,0.995,0.11333333333333333,6.333333333333333,0.0017015903571877978,0.004645165126041749,0.17869415807560138,0.013745704467353952,0.0,0.0,2.1135972461273664,5.0,0.001718213058419244,0.17010309278350516,6.730240549828179,0.1581353982463866,0.6758344127615026,0.004101426895544542,3.679738562091503,0.781986551827815,0.070446735395189,0.781786941580756,0.7883333333333333,0.9464708330342546,30,False,2426.0
3,sparse_er,sparse_er_1,1,48,3516754940,450640858,"[41, 48, 95, 137, 214, 225, 336, 378, 416, 453, 481, 534, 548, 565, 572, 584, 585, 593]","[594, 54, 19, 36, 472, 75, 178, 243, 205, 546, 186, 22, 347, 7, 49, 60, 574, 211]",600,18,0.8,0.01,,,,,,,,6.131666666666666,0.41760249462146115,0.995,0.11333333333333333,6.388888888888889,0.0017165007373432962,0.004962229444829129,0.16838487972508592,0.012027491408934709,0.0,0.0,2.1239242685025816,5.0,0.001718213058419244,0.14948453608247422,6.584192439862543,0.15112638549830262,0.6926025161027024,0.004032931483911877,3.5947712418300655,0.7635948499855436,0.0532646048109965,0.9914089347079038,0.9916666666666668,0.93538129189983,30,False,2952.0
3,sparse_er,sparse_er_1,1,49,3516754940,701238043,"[12, 22, 26, 27, 54, 113, 159, 164, 217, 245, 246, 288, 344, 383, 411, 434, 441, 591]","[311, 45, 441, 116, 253, 354, 98, 558, 270, 506, 292, 104, 300, 94, 442, 180, 288, 29]",600,18,0.8,0.01,,,,,,,,6.131666666666666,0.41760249462146115,0.995,0.11333333333333333,6.388888888888889,0.0017126098773497756,0.004693096580710139,0.17353951890034364,0.015463917525773196,0.001718213058419244,0.0,2.1239242685025816,4.0,0.001718213058419244,0.1718213058419244,6.6116838487972505,0.15380402859015865,0.6842687391687516,0.006798855879927937,3.679738562091503,0.8199588778766898,0.0532646048109965,0.9914089347079038,0.9916666666666668,0.9254274159902708,30,False,2952.0
3,sparse_er,sparse_er_2,2,0,3329776653,1753198870,"[24, 60, 71, 92, 110, 168, 216, 243, 269, 273, 422, 427, 445, 481, 506, 584, 589, 595]","[187, 381, 245, 495, 84, 350, 438, 265, 419, 494, 289, 101, 367, 203, 365, 129, 152, 432]",600,18,0.8,0.01,,,,,,,,5.935,0.4068341476592501,0.9933333333333333,0.11666666666666667,5.222222222222222,0.0014888951958251981,0.0035984628552938533,0.14432989690721648,0.010309278350515464,0.0,0.0,2.2117039586919107,4.0,0.001718213058419244,0.11168384879725086,5.501718213058419,0.13211658765326517,0.7329524282697801,0.003846190120699924,3.895424836601307,0.8491331268140303,0.0618556701030927,0.3780068728522336,0.3966666666666666,0.9991701670223848,30,False,1720.0
3,sparse_er,sparse_er_2,2,1,3329776653,3109731695,"[17, 63, 148, 180, 253, 274, 296, 320, 358, 381, 385, 469, 485, 507, 512, 524, 560, 592]","[396, 547, 89, 98, 592, 47, 99, 228, 232, 563, 589, 263, 39, 61, 59, 375, 206, 8]",600,18,0.8,0.01,,,,,,,,5.935,0.4068341476592501,0.9933333333333333,0.11666666666666667,6.055555555555555,0.0016792585684394467,0.005032436799578339,0.14261168384879724,0.029209621993127148,0.005154639175257732,0.0,2.2581755593803785,4.0,0.001718213058419244,0.15292096219931273,6.036082474226804,0.13875981187703162,0.7355430558759338,0.013213656350911252,3.457516339869281,0.8358871650423645,0.0652920962199312,0.2852233676975945,0.3066666666666666,0.9585799589985982,30,False,1620.0
3,sparse_er,sparse_er_2,2,2,3329776653,3675138803,"[10, 27, 29, 44, 216, 222, 252, 253, 322, 360, 368, 369, 417, 435, 494, 533, 548, 566]","[502, 584, 426, 148, 438, 140, 542, 592, 108, 324, 185, 360, 293, 142, 411, 371, 593, 521]",600,18,0.8,0.01,,,,,,,,5.935,0.4068341476592501,0.9933333333333333,0.11666666666666667,5.833333333333333,0.00163109769246328,0.003969022132322242,0.16838487972508592,0.00859106529209622,0.0,0.0,2.1308089500860583,4.0,0.001718213058419244,0.10481099656357389,5.725085910652921,0.14884927150631483,0.6927681269998994,0.002852195009057754,3.9019607843137254,0.729259914255964,0.0395189003436426,0.0841924398625429,0.1116666666666666,0.936916083097458,30,False,1438.0
3,sparse_er,sparse_er_2,2,3,3329776653,4119663754,"[22, 42, 64, 72, 77, 92, 126, 172, 180, 222, 238, 287, 354, 437, 475, 499, 549, 589]","[226, 366, 339, 491, 97, 495, 538, 310, 98, 140, 159, 114, 104, 105, 585, 117, 303, 152]",600,18,0.8,0.01,,,,,,,,5.935,0.4068341476592501,0.9933333333333333,0.11666666666666667,6.055555555555555,0.0016767017229537473,0.004727784864354694,0.15807560137457044,0.018900343642611683,0.003436426116838488,0.0,2.197934595524957,4.0,0.001718213058419244,0.140893470790378,6.072164948453608,0.14642727645787584,0.7096012917649981,0.00816960816960817,3.542483660130719,0.6676729001311821,0.0652920962199312,0.9896907216494846,0.99,0.9354889580281452,30,False,2848.0
3,sparse_er,sparse_er_2,2,4,3329776653,1055053876,"[0, 15, 37, 72, 87, 89, 145, 147, 167, 176, 232, 245, 296, 376, 400, 492, 533, 588]","[408, 516, 528, 491, 306, 407, 579, 35, 93, 79, 186, 566, 99, 476, 143, 537, 371, 220]",600,18,0.8,0.01,,,,,,,,5.935,0.4068341476592501,0.9933333333333333,0.11666666666666667,5.722222222222222,0.001615914372697,0.004982834176316075,0.15807560137457044,0.013745704467353952,0.001718213058419244,0.0,2.1858864027538725,4.0,0.001718213058419244,0.10652920962199312,5.642611683848798,0.142476471018822,0.7097787320119949,0.004755444158558346,3.9411764705882355,0.7485552113567173,0.0721649484536082,0.9896907216494846,0.99,0.933549499954097,30,False,2848.0
3,sparse_er,sparse_er_2,2,5,3329776653,3771111109,"[94, 186, 220, 256, 267, 268, 273, 274, 345, 358, 363, 406, 441, 457, 487, 495, 535, 549]","[58, 63, 109, 125, 554, 78, 494, 47, 54, 232, 468, 42, 372, 561, 474, 133, 482, 303]",600,18,0.8,0.01,,,,,,,,5.935,0.4068341476592501,0.9933333333333333,0.11666666666666667,6.277777777777778,0.0017212621151972694,0.005805259724667919,0.16151202749140894,0.020618556701030927,0.001718213058419244,0.0,2.1927710843373496,4.0,0.001718213058419244,0.15979381443298968,6.211340206185567,0.14949250865986707,0.703852227762301,0.007633500251724013,3.5686274509803924,0.7622014802594078,0.0618556701030927,0.5429553264604811,0.5566666666666666,0.9618933749152347,30,False,1838.0
3,sparse_er,sparse_er_2,2,6,3329776653,3410324847,"[2, 21, 65, 169, 231, 236, 252, 256, 277, 322, 336, 407, 426, 490, 536, 562, 583, 593]","[243, 172, 465, 134, 477, 385, 542, 125, 13, 108, 95, 157, 166, 550, 583, 525, 162, 22]",600,18,0.8,0.01,,,,,,,,5.935,0.4068341476592501,0.9933333333333333,0.11666666666666667,5.111111111111111,0.0014530467999662492,0.0032783568206894275,0.14776632302405499,0.010309278350515464,0.0,0.0,2.2220309810671255,4.0,0.001718213058419244,0.12199312714776632,5.551546391752577,0.13471874214624657,0.7270732414192854,0.0036925311435115358,3.9411764705882355,0.7988441690853738,0.0549828178694158,0.5927835051546392,0.605,0.9496984580764548,30,False,1932.0
3,sparse_er,sparse_er_2,2,7,3329776653,837294960,"[141, 145, 207, 212, 265, 271, 351, 359, 370, 374, 377, 401, 405, 478, 507, 550, 576, 585]","[317, 579, 36, 535, 384, 548, 484, 526, 558, 347, 212, 450, 513, 155, 61, 164, 464, 391]",600,18,0.8,0.01,,,,,,,,5.935,0.4068341476592501,0.9933333333333333,0.11666666666666667,4.944444444444445,0.001444093856829859,0.0039280646336479486,0.13745704467353953,0.012027491408934709,0.0,0.0,2.2271944922547333,4.0,0.001718213058419244,0.09450171821305842,5.042955326460481,0.12795483021168133,0.7446102524974715,0.004086284939802818,3.9934640522875817,0.7236108860579014,0.0515463917525773,0.2989690721649484,0.32,0.9445561249740422,30,False,1612.0
3,sparse_er,sparse_er_2,2,8,3329776653,1069157786,"[89, 93, 133, 167, 174, 212, 243, 280, 310, 313, 319, 389, 394, 488, 502, 518, 572, 578]","[407, 102, 557, 93, 425, 535, 265, 236, 153, 359, 361, 200, 595, 144, 435, 436, 139, 441]",600,18,0.8,0.01,,,,,,,,5.935,0.4068341476592501,0.9933333333333333,0.11666666666666667,5.333333333333333,0.0015297937527161797,0.003769874194705961,0.15292096219931273,0.005154639175257732,0.0,0.0,2.197934595524957,4.0,0.001718213058419244,0.08419243986254296,5.1924398625429555,0.13548089373140665,0.7186093416375369,0.001532672120907415,3.9934640522875817,0.7663029102129547,0.0378006872852233,0.0773195876288659,0.105,0.9719415840227156,30,False,1452.0
3,sparse_er,sparse_er_2,2,9,3329776653,2574928085,"[63, 67, 144, 165, 193, 197, 294, 313, 352, 358, 374, 388, 410, 436, 471, 477, 544, 567]","[547, 278, 131, 514, 383, 52, 149, 359, 466, 232, 347, 571, 286, 2, 75, 446, 287, 352]",600,18,0.8,0.01,,,,,,,,5.935,0.4068341476592501,0.9933333333333333,0.11666666666666667,5.944444444444445,0.0016615994152120346,0.004652256587368031,0.17010309278350516,0.010309278350515464,0.0,0.0,2.1549053356282273,4.0,0.001718213058419244,0.13402061855670103,5.809278350515464,0.15050634158202394,0.6899290830479503,0.0028889048496891635,3.9084967320261437,0.8532345567675773,0.049828178694158,0.3608247422680412,0.38,0.9699396670330316,30,False,1682.0
3,sparse_er,sparse_er_2,2,10,3329776653,2368600826,"[38, 129, 135, 203, 219, 266, 286, 436, 447, 450, 465, 470, 471, 484, 486, 530, 536, 586]","[248, 560, 569, 568, 193, 335, 201, 2, 170, 349, 346, 311, 75, 511, 394, 388, 583, 45]",600,18,0.8,0.01,,,,,,,,5.935,0.4068341476592501,0.9933333333333333,0.11666666666666667,5.222222222222222,0.0014858641092117286,0.003794628915829041,0.15463917525773196,0.006872852233676976,0.0,0.0,2.1549053356282273,4.0,0.001718213058419244,0.09621993127147767,5.422680412371134,0.13825173519437867,0.7156283454879903,0.0027125380066556535,4.032679738562091,0.8181394661861271,0.0549828178694158,0.1804123711340206,0.205,1.005280999932438,30,False,1504.0
3,sparse_er,sparse_er_2,2,11,3329776653,2816526183,"[106, 141, 143, 153, 188, 198, 221, 245, 274, 300, 303, 435, 438, 439, 462, 464, 497, 582]","[24, 317, 481, 210, 31, 136, 60, 566, 47, 87, 573, 142, 6, 122, 451, 430, 176, 189]",600,18,0.8,0.01,,,,,,,,5.935,0.4068341476592501,0.9933333333333333,0.11666666666666667,6.333333333333333,0.0017369301124485347,0.00461659497090462,0.18041237113402062,0.013745704467353952,0.001718213058419244,0.0,2.0654044750430294,4.0,0.001718213058419244,0.16323024054982818,6.443298969072165,0.15997538233914285,0.6729480514103542,0.004802604802604802,3.679738562091503,0.6809188619028479,0.0841924398625429,0.9914089347079038,0.9916666666666668,0.9010135830612852,30,False,2848.0
3,sparse_er,sparse_er_2,2,12,3329776653,1929383953,"[64, 98, 112, 178, 190, 213, 243, 250, 255, 332, 339, 373, 397, 457, 483, 545, 558, 562]","[339, 55, 536, 215, 27, 85, 265, 273, 48, 364, 264, 382, 17, 561, 181, 241, 11, 525]",600,18,0.8,0.01,,,,,,,,5.935,0.4068341476592501,0.9933333333333333,0.11666666666666667,5.944444444444445,0.0016672859978772191,0.0036765833854252275,0.1718213058419244,0.012027491408934709,0.0,0.0,2.1376936316695354,3.0,0.001718213058419244,0.11683848797250859,5.847079037800687,0.1529152963704117,0.6870249776721022,0.003400859254377132,3.758169934640523,0.7795488719846205,0.0532646048109965,0.2646048109965636,0.2866666666666667,0.969056083005853,30,False,1600.0
3,sparse_er,sparse_er_2,2,13,3329776653,2267975075,"[19, 44, 80, 91, 120, 149, 290, 298, 308, 311, 318, 333, 392, 490, 530, 531, 557, 584]","[246, 148, 92, 503, 344, 434, 380, 49, 154, 256, 321, 119, 292, 550, 388, 522, 555, 129]",600,18,0.8,0.01,,,,,,,,5.935,0.4068341476592501,0.9933333333333333,0.11666666666666667,5.5,0.0015319675970162344,0.0034077081590897663,0.13745704467353953,0.01718213058419244,0.001718213058419244,0.0,2.2564543889845097,4.0,0.001718213058419244,0.13745704467353953,5.804123711340206,0.12979418663417944,0.7445511057484725,0.008535872261362458,3.7058823529411766,0.7229624370007013,0.0601374570446735,0.9896907216494846,0.99,0.9511883329832926,30,False,2848.0
3,sparse_er,sparse_er_2,2,14,3329776653,18631144,"[37, 108, 123, 137, 263, 292, 332, 369, 382, 386, 407, 418, 454, 469, 471, 547, 579, 581]","[528, 377, 73, 532, 124, 498, 364, 360, 412, 12, 157, 420, 374, 263, 75, 175, 570, 107]",600,18,0.8,0.01,,,,,,,,5.935,0.4068341476592501,0.9933333333333333,0.11666666666666667,5.388888888888889,0.001556917828820883,0.004057536046024794,0.15807560137457044,0.00859106529209622,0.0,0.0,2.2117039586919107,4.0,0.001718213058419244,0.08247422680412371,5.061855670103093,0.1417828205415739,0.7098319640860941,0.0027676390421488457,4.026143790849673,0.6802704128456478,0.0481099656357388,0.1494845360824742,0.175,0.9591088329907508,30,False,1500.0
3,sparse_er,sparse_er_2,2,15,3329776653,2779675095,"[86, 198, 230, 240, 254, 271, 312, 367, 373, 397, 416, 434, 450, 460, 463, 494, 511, 525]","[517, 136, 431, 509, 500, 548, 378, 106, 382, 17, 445, 337, 349, 57, 572, 411, 389, 497]",600,18,0.8,0.01,,,,,,,,5.935,0.4068341476592501,0.9933333333333333,0.11666666666666667,5.611111111111111,0.0016056066684049936,0.003889425142785655,0.15463917525773196,0.015463917525773196,0.003436426116838488,0.0,2.245704467353952,4.0,0.0,0.12199312714776632,5.323024054982818,0.14086771735557083,0.7155041373150924,0.007326415414650709,3.698529411764706,0.8415361932404272,0.0841924398625429,0.9896907216494846,0.99,0.8891425839392468,30,False,2848.0
3,sparse_er,sparse_er_2,2,16,3329776653,835613094,"[4, 16, 23, 28, 71, 83, 88, 96, 201, 247, 302, 360, 402, 437, 456, 504, 549, 588]","[250, 597, 244, 130, 245, 43, 453, 590, 549, 492, 322, 324, 470, 105, 62, 74, 303, 220]",600,18,0.8,0.01,,,,,,,,5.935,0.4068341476592501,0.9933333333333333,0.11666666666666667,5.944444444444445,0.0016754079491690425,0.004409111265541433,0.1718213058419244,0.012027491408934709,0.0,0.0,2.163511187607573,4.0,0.001718213058419244,0.10481099656357389,5.505154639175258,0.15365874338237387,0.6869480868984036,0.0036756208036484855,3.816993464052288,0.7795488719846205,0.0687285223367697,0.218213058419244,0.2416666666666666,0.9673315420513972,30,False,1534.0
3,sparse_er,sparse_er_2,2,17,3329776653,2689912594,"[15, 45, 69, 112, 113, 139, 159, 228, 259, 265, 302, 305, 313, 446, 523, 531, 552, 592]","[516, 300, 330, 536, 444, 582, 400, 182, 268, 384, 322, 368, 359, 67, 454, 522, 331, 8]",600,18,0.8,0.01,,,,,,,,5.935,0.4068341476592501,0.9933333333333333,0.11666666666666667,5.5,0.0015631742317381118,0.0041173028799213205,0.15979381443298968,0.006872852233676976,0.0,0.0,2.2030981067125643,4.0,0.001718213058419244,0.11168384879725086,5.599656357388316,0.1423202559792654,0.706981090784345,0.002862968549243059,3.8627450980392157,0.8415361932404272,0.0807560137457044,0.9879725085910652,0.9883333333333332,0.9130270830355584,30,False,2848.0
3,sparse_er,sparse_er_2,2,18,3329776653,159884965,"[61, 115, 127, 152, 207, 233, 271, 290, 308, 313, 316, 403, 432, 452, 460, 542, 584, 591]","[291, 351, 459, 489, 36, 44, 548, 380, 154, 359, 70, 82, 165, 518, 57, 234, 129, 473]",600,18,0.8,0.01,,,,,,,,5.935,0.4068341476592501,0.9933333333333333,0.11666666666666667,5.833333333333333,0.0016237758950167795,0.00439399290766735,0.14776632302405499,0.01718213058419244,0.001718213058419244,0.0,2.2030981067125643,4.0,0.001718213058419244,0.12886597938144329,5.802405498281787,0.13792777246797439,0.7269431185714877,0.006487351556555709,3.6993464052287583,0.829837829713277,0.0601374570446735,0.2096219931271477,0.2333333333333333,0.9523516249610112,30,False,1512.0
3,sparse_er,sparse_er_2,2,19,3329776653,468504267,"[110, 113, 143, 149, 208, 210, 228, 240, 306, 356, 379, 413, 448, 471, 484, 521, 552, 587]","[84, 444, 481, 434, 460, 413, 182, 509, 249, 112, 520, 86, 147, 75, 511, 501, 331, 161]",600,18,0.8,0.01,,,,,,,,5.935,0.4068341476592501,0.9933333333333333,0.11666666666666667,5.722222222222222,0.0015831100172863744,0.004200880781001656,0.15979381443298968,0.00859106529209622,0.001718213058419244,0.0,2.1391752577319587,4.0,0.0,0.1323024054982818,5.903780068728523,0.14238725870211563,0.7069515174098455,0.0034826828944475997,3.7573529411764706,0.7546045466858047,0.056701030927835,0.1752577319587628,0.2,0.9998569160234184,30,False,1492.0
3,sparse_er,sparse_er_2,2,20,3329776653,3544762845,"[25, 31, 35, 179, 203, 208, 217, 256, 313, 318, 322, 407, 418, 431, 457, 504, 552, 558]","[463, 173, 267, 591, 568, 460, 369, 125, 359, 321, 108, 157, 420, 598, 561, 74, 331, 11]",600,18,0.8,0.01,,,,,,,,5.935,0.4068341476592501,0.9933333333333333,0.11666666666666667,5.833333333333333,0.001627629545489524,0.003594102690456962,0.16151202749140894,0.01718213058419244,0.001718213058419244,0.0,2.1686746987951806,4.0,0.001718213058419244,0.11855670103092783,5.826460481099656,0.14724843930986395,0.7040237533343979,0.007223568007881733,3.738562091503268,0.7368568478295671,0.0687285223367697,0.9879725085910652,0.9883333333333332,0.9761788330506532,30,False,2848.0
3,sparse_er,sparse_er_2,2,21,3329776653,3787259731,"[3, 13, 25, 46, 73, 137, 156, 188, 223, 233, 235, 241, 313, 351, 355, 430, 471, 566]","[297, 424, 463, 328, 527, 532, 499, 31, 279, 44, 198, 247, 359, 484, 336, 168, 75, 521]",600,18,0.8,0.01,,,,,,,,5.935,0.4068341476592501,0.9933333333333333,0.11666666666666667,6.277777777777778,0.0017400861174521078,0.005982292749566675,0.1718213058419244,0.015463917525773196,0.0,0.0,2.142857142857143,4.0,0.001718213058419244,0.13573883161512026,5.853951890034364,0.15359405995153194,0.6870604657215016,0.004571484199511881,3.816993464052288,0.7678505084574706,0.0532646048109965,0.1615120274914089,0.1866666666666666,0.6646163330879062,20,True,1498.0
3,sparse_er,sparse_er_2,2,22,3329776653,886436929,"[1, 5, 21, 71, 143, 158, 179, 195, 198, 321, 349, 350, 354, 413, 454, 477, 478, 550]","[543, 38, 172, 245, 481, 504, 591, 4, 136, 16, 209, 238, 104, 86, 374, 446, 155, 164]",600,18,0.8,0.01,,,,,,,,5.935,0.4068341476592501,0.9933333333333333,0.11666666666666667,5.833333333333333,0.0016567530232600581,0.004732852062708449,0.17010309278350516,0.010309278350515464,0.0,0.0,2.1549053356282273,4.0,0.001718213058419244,0.10309278350515463,5.59106529209622,0.15097599322395958,0.689828533574652,0.002975104907054157,4.0,0.8491331268140303,0.0601374570446735,0.9914089347079038,0.9916666666666668,0.929238750017248,30,False,2848.0
3,sparse_er,sparse_er_2,2,23,3329776653,3971581672,"[22, 23, 49, 65, 90, 98, 139, 265, 273, 318, 338, 352, 397, 404, 477, 481, 516, 523]","[226, 244, 46, 465, 562, 55, 582, 384, 494, 321, 30, 466, 17, 290, 446, 203, 405, 454]",600,18,0.8,0.01,,,,,,,,5.935,0.4068341476592501,0.9933333333333333,0.11666666666666667,6.222222222222222,0.0017145687329748868,0.006245424660756623,0.1718213058419244,0.015463917525773196,0.001718213058419244,0.0,2.1153184165232357,4.0,0.001718213058419244,0.16666666666666666,6.328178694158075,0.1531176460824806,0.6871077831207008,0.005052650976283587,3.803921568627451,0.8415361932404272,0.0584192439862542,0.993127147766323,0.9933333333333332,0.9097464169608428,30,False,2848.0
3,sparse_er,sparse_er_2,2,24,3329776653,3742900638,"[0, 36, 68, 100, 107, 135, 149, 157, 200, 279, 335, 380, 466, 495, 510, 515, 556, 590]","[408, 357, 580, 515, 261, 569, 434, 192, 68, 390, 271, 233, 333, 133, 486, 488, 422, 316]",600,18,0.8,0.01,,,,,,,,5.935,0.4068341476592501,0.9933333333333333,0.11666666666666667,5.333333333333333,0.0015262957266695832,0.003623285352104967,0.15292096219931273,0.00859106529209622,0.0,0.0,2.1996557659208262,4.0,0.001718213058419244,0.09106529209621993,5.206185567010309,0.13679754850549158,0.718550194888538,0.003434201963613728,4.078431372549019,0.829837829713277,0.0601374570446735,0.993127147766323,0.9933333333333332,0.9330029590055346,30,False,2848.0
3,sparse_er,sparse_er_2,2,25,3329776653,23334558,"[26, 36, 144, 176, 230, 310, 333, 350, 358, 359, 367, 370, 373, 413, 436, 460, 487, 578]","[417, 357, 131, 79, 431, 153, 119, 238, 232, 526, 106, 558, 382, 86, 2, 57, 474, 441]",600,18,0.8,0.01,,,,,,,,5.935,0.4068341476592501,0.9933333333333333,0.11666666666666667,6.222222222222222,0.0017380593224412778,0.004159692911236207,0.17869415807560138,0.010309278350515464,0.0,0.0,2.1462994836488813,4.0,0.001718213058419244,0.1323024054982818,5.969072164948454,0.15773825778146364,0.6757575219878039,0.0032902554961378493,3.6666666666666665,0.7871458055582237,0.063573883161512,0.9896907216494846,0.99,0.9249989170348272,30,False,2848.0
3,sparse_er,sparse_er_2,2,26,3329776653,3286112133,"[12, 42, 81, 155, 204, 251, 256, 276, 303, 339, 358, 364, 377, 403, 446, 463, 488, 596]","[305, 366, 576, 132, 254, 540, 125, 373, 573, 264, 232, 282, 212, 82, 67, 572, 144, 219]",600,18,0.8,0.01,,,,,,,,5.935,0.4068341476592501,0.9933333333333333,0.11666666666666667,5.777777777777778,0.0016161836085880398,0.004506493042325159,0.14948453608247422,0.020618556701030927,0.001718213058419244,0.0,2.2048192771084336,4.0,0.001718213058419244,0.13573883161512026,5.950171821305842,0.14035397724683504,0.72402126917094,0.008333641666975002,3.758169934640523,0.7988441690853738,0.0463917525773195,0.1632302405498281,0.1883333333333333,0.9704130419995636,30,False,1502.0
3,sparse_er,sparse_er_2,2,27,3329776653,2598214401,"[0, 16, 79, 151, 193, 205, 206, 242, 272, 343, 355, 382, 403, 450, 495, 500, 543, 591]","[408, 597, 320, 308, 383, 418, 5, 160, 379, 214, 336, 412, 82, 349, 133, 178, 439, 473]",600,18,0.8,0.01,,,,,,,,5.935,0.4068341476592501,0.9933333333333333,0.11666666666666667,6.111111111111111,0.0016954697725631567,0.0048426005545968345,0.16494845360824742,0.01718213058419244,0.003436426116838488,0.0,2.172117039586919,4.0,0.001718213058419244,0.14261168384879724,5.9604810996563575,0.15119770460079363,0.6981445664839032,0.0075964431356588214,3.7254901960784315,0.8725298538683306,0.0549828178694158,0.9828178694158076,0.9833333333333332,0.9432505830191076,30,False,2838.0
3,sparse_er,sparse_er_2,2,28,3329776653,3448045806,"[19, 24, 56, 86, 88, 125, 131, 151, 152, 209, 288, 308, 355, 425, 449, 509, 582, 589]","[246, 187, 123, 517, 453, 202, 156, 308, 489, 127, 217, 154, 336, 510, 461, 341, 189, 152]",600,18,0.8,0.01,,,,,,,,5.935,0.4068341476592501,0.9933333333333333,0.11666666666666667,5.555555555555555,0.001589071462659227,0.003997532784345088,0.15292096219931273,0.015463917525773196,0.0,0.0,2.1755593803786577,4.0,0.001718213058419244,0.08934707903780069,5.331615120274914,0.1413789307039643,0.718272205168243,0.005376431847020083,3.973856209150327,0.7002141590036012,0.0652920962199312,0.993127147766323,0.9933333333333332,0.9232657080283388,30,False,2848.0
3,sparse_er,sparse_er_2,2,29,3329776653,3770166109,"[32, 40, 184, 207, 215, 240, 249, 252, 261, 290, 296, 298, 303, 320, 329, 348, 440, 444]","[332, 399, 318, 36, 96, 509, 296, 542, 326, 380, 99, 49, 573, 228, 257, 392, 288, 387]",600,18,0.8,0.01,,,,,,,,5.935,0.4068341476592501,0.9933333333333333,0.11666666666666667,5.277777777777778,0.0014883192537754504,0.0033159687266373725,0.14776632302405499,0.00859106529209622,0.0,0.0,2.1993127147766325,4.0,0.0,0.11512027491408934,5.6048109965635735,0.1338466044233196,0.7271028147937849,0.0032135076252723313,3.7426470588235294,0.8785791891974178,0.0515463917525773,0.1426116838487972,0.1683333333333333,0.9604822919936852,30,False,1488.0
3,sparse_er,sparse_er_2,2,30,3329776653,2874103311,"[25, 92, 182, 222, 285, 314, 344, 355, 363, 396, 399, 421, 437, 443, 470, 492, 529, 566]","[463, 495, 447, 140, 493, 410, 556, 336, 468, 50, 304, 443, 105, 404, 311, 537, 188, 521]",600,18,0.8,0.01,,,,,,,,5.935,0.4068341476592501,0.9933333333333333,0.11666666666666667,6.166666666666667,0.0017292858655857059,0.005118036737191728,0.17869415807560138,0.012027491408934709,0.0,0.0,2.1462994836488813,4.0,0.001718213058419244,0.10996563573883161,5.857388316151202,0.15858075641434358,0.675698375238805,0.003738717709305944,3.803921568627451,0.7871458055582237,0.056701030927835,0.197594501718213,0.2216666666666666,0.973931457963772,30,False,1512.0
3,sparse_er,sparse_er_2,2,31,3329776653,544887069,"[10, 68, 124, 126, 165, 195, 206, 213, 232, 316, 335, 369, 372, 377, 400, 405, 466, 475]","[502, 580, 262, 538, 514, 4, 5, 85, 186, 70, 271, 360, 255, 212, 143, 513, 333, 585]",600,18,0.8,0.01,,,,,,,,5.935,0.4068341476592501,0.9933333333333333,0.11666666666666667,5.333333333333333,0.0015465931113291629,0.00434823563800947,0.14948453608247422,0.012027491408934709,0.0,0.0,2.2375215146299485,4.0,0.001718213058419244,0.09450171821305842,5.060137457044673,0.13632228869064006,0.7242223681175364,0.004082297406980222,4.03921568627451,0.7795488719846205,0.0481099656357388,0.2388316151202749,0.2616666666666666,1.0797759590204803,30,False,1542.0
3,sparse_er,sparse_er_2,2,32,3329776653,2643792398,"[26, 110, 148, 236, 241, 267, 318, 368, 373, 383, 384, 394, 417, 501, 536, 538, 557, 597]","[417, 84, 89, 385, 247, 554, 321, 185, 382, 195, 462, 595, 293, 403, 583, 284, 555, 184]",600,18,0.8,0.01,,,,,,,,5.935,0.4068341476592501,0.9933333333333333,0.11666666666666667,6.111111111111111,0.0016954783853893034,0.00432425679576853,0.17869415807560138,0.010309278350515464,0.0,0.0,2.1290877796901895,4.0,0.001718213058419244,0.1323024054982818,6.094501718213058,0.15679091036163803,0.6758403274364024,0.004120715885421768,3.7516339869281046,0.7988441690853738,0.0652920962199312,0.9879725085910652,0.9883333333333332,1.0092496670549735,30,False,2848.0
3,sparse_er,sparse_er_2,2,33,3329776653,3269537468,"[21, 118, 119, 124, 176, 190, 256, 268, 277, 278, 290, 350, 381, 404, 413, 420, 474, 491]","[172, 442, 358, 262, 79, 27, 125, 78, 13, 221, 380, 238, 563, 290, 86, 120, 34, 229]",600,18,0.8,0.01,,,,,,,,5.935,0.4068341476592501,0.9933333333333333,0.11666666666666667,7.111111111111111,0.001903689641929806,0.006851607588984518,0.19243986254295534,0.013745704467353952,0.0,0.0,2.0671256454388987,4.0,0.001718213058419244,0.20962199312714777,7.061855670103093,0.16770547386799703,0.6537253579856983,0.0039194737724149485,3.4705882352941178,0.7988441690853738,0.0549828178694158,0.9673539518900344,0.9683333333333334,1.019052124931477,30,False,2820.0
3,sparse_er,sparse_er_2,2,34,3329776653,1024912931,"[73, 118, 125, 129, 138, 213, 311, 371, 386, 390, 412, 450, 463, 494, 525, 536, 582, 590]","[527, 442, 202, 560, 479, 85, 256, 64, 12, 9, 323, 349, 572, 411, 497, 583, 189, 316]",600,18,0.8,0.01,,,,,,,,5.935,0.4068341476592501,0.9933333333333333,0.11666666666666667,5.944444444444445,0.0016531555715533222,0.004418123931419403,0.14948453608247422,0.01718213058419244,0.0,0.0,2.206540447504303,4.0,0.001718213058419244,0.15292096219931273,6.2285223367697595,0.14012888201113483,0.7239798664466408,0.006162936555093417,3.607843137254902,0.829837829713277,0.0773195876288659,0.9896907216494846,0.99,0.9588559579569846,30,False,2848.0
3,sparse_er,sparse_er_2,2,35,3329776653,1055283099,"[55, 70, 96, 159, 170, 173, 204, 227, 279, 305, 367, 396, 410, 458, 496, 522, 579, 588]","[227, 83, 590, 400, 541, 437, 254, 76, 390, 368, 106, 50, 286, 26, 204, 307, 570, 220]",600,18,0.8,0.01,,,,,,,,5.935,0.4068341476592501,0.9933333333333333,0.11666666666666667,6.5,0.0018230273119357676,0.005653105220001354,0.17869415807560138,0.018900343642611683,0.0,0.0,2.1325301204819276,4.0,0.001718213058419244,0.13917525773195877,6.0034364261168385,0.16114236502096707,0.6756333138149062,0.006026531459057411,3.6993464052287583,0.797296570840858,0.0618556701030927,0.2216494845360824,0.245,1.0237706669140607,30,False,1542.0
3,sparse_er,sparse_er_2,2,36,3329776653,407801111,"[15, 55, 59, 80, 81, 106, 122, 175, 188, 203, 286, 342, 343, 369, 472, 538, 545, 564]","[516, 227, 115, 92, 576, 24, 449, 230, 31, 568, 201, 174, 214, 360, 218, 284, 241, 237]",600,18,0.8,0.01,,,,,,,,5.935,0.4068341476592501,0.9933333333333333,0.11666666666666667,5.388888888888889,0.001534455309081109,0.0034854776111904956,0.14776632302405499,0.015463917525773196,0.0,0.0,2.1996557659208262,4.0,0.001718213058419244,0.11168384879725086,5.472508591065292,0.13652292014320247,0.7270673267443855,0.005989302038898348,3.947712418300654,0.8608314903411804,0.0687285223367697,0.9879725085910652,0.9883333333333332,0.923825667006895,30,False,2848.0
3,sparse_er,sparse_er_2,2,37,3329776653,354315890,"[16, 42, 45, 114, 149, 201, 225, 237, 290, 316, 324, 363, 368, 380, 406, 470, 511, 594]","[597, 366, 300, 113, 434, 549, 457, 40, 380, 70, 29, 468, 185, 233, 42, 311, 389, 137]",600,18,0.8,0.01,,,,,,,,5.935,0.4068341476592501,0.9933333333333333,0.11666666666666667,5.722222222222222,0.0016242267075809202,0.004414651687505562,0.1563573883161512,0.015463917525773196,0.001718213058419244,0.0,2.215146299483649,4.0,0.001718213058419244,0.09278350515463918,5.450171821305842,0.14418422604025596,0.7124935677910463,0.006598666402587971,3.843137254901961,0.7871458055582237,0.0618556701030927,0.2371134020618556,0.26,0.9743272090563552,30,False,1546.0
3,sparse_er,sparse_er_2,2,38,3329776653,3717174754,"[24, 42, 46, 81, 83, 118, 147, 151, 184, 240, 340, 358, 383, 389, 506, 521, 530, 567]","[187, 366, 328, 576, 43, 442, 35, 308, 318, 509, 345, 232, 195, 200, 365, 501, 388, 352]",600,18,0.8,0.01,,,,,,,,5.935,0.4068341476592501,0.9933333333333333,0.11666666666666667,5.555555555555555,0.0015590808354208393,0.004651272859186289,0.14776632302405499,0.015463917525773196,0.001718213058419244,0.0,2.211340206185567,4.0,0.0,0.12027491408934708,5.77319587628866,0.13666896912247772,0.726984521295787,0.0068368813466852685,3.7720588235294117,0.8048935044144612,0.0601374570446735,0.993127147766323,0.9933333333333332,0.9076209589838982,30,False,2848.0
3,sparse_er,sparse_er_2,2,39,3329776653,2739716540,"[26, 65, 121, 125, 155, 191, 216, 242, 262, 279, 282, 320, 334, 360, 415, 441, 513, 516]","[417, 465, 370, 202, 132, 197, 438, 160, 421, 390, 472, 228, 356, 324, 211, 372, 327, 405]",600,18,0.8,0.01,,,,,,,,5.935,0.4068341476592501,0.9933333333333333,0.11666666666666667,5.555555555555555,0.001579468205794641,0.0034230624998737753,0.16151202749140894,0.010309278350515464,0.0,0.0,2.1652323580034425,4.0,0.001718213058419244,0.10309278350515463,5.59106529209622,0.14536259884163338,0.7040414973590977,0.003693564968074772,3.895424836601307,0.7988441690853738,0.0670103092783505,0.9896907216494846,0.99,0.9292582080233842,30,False,2848.0
3,sparse_er,sparse_er_2,2,40,3329776653,2696802610,"[7, 42, 45, 49, 96, 97, 106, 112, 120, 150, 299, 342, 383, 405, 418, 433, 506, 579]","[302, 366, 300, 46, 590, 94, 24, 536, 344, 239, 397, 174, 195, 513, 420, 440, 365, 570]",600,18,0.8,0.01,,,,,,,,5.935,0.4068341476592501,0.9933333333333333,0.11666666666666667,6.111111111111111,0.0017072068467655385,0.0053873957043608055,0.1718213058419244,0.015463917525773196,0.001718213058419244,0.0,2.1376936316695354,4.0,0.001718213058419244,0.13573883161512026,6.036082474226804,0.15451870348697877,0.6869125988490042,0.006205471127616456,3.7908496732026142,0.6733219283292449,0.0618556701030927,0.6426116838487973,0.6533333333333333,1.0196939170127737,30,False,2054.0
3,sparse_er,sparse_er_2,2,41,3329776653,2452214116,"[0, 41, 49, 63, 82, 89, 91, 186, 198, 200, 281, 298, 353, 378, 388, 394, 428, 443]","[408, 277, 46, 547, 544, 407, 503, 63, 136, 68, 65, 49, 428, 354, 571, 595, 207, 404]",600,18,0.8,0.01,,,,,,,,5.935,0.4068341476592501,0.9933333333333333,0.11666666666666667,5.666666666666667,0.00159495301134302,0.00373366624562464,0.14948453608247422,0.01718213058419244,0.001718213058419244,0.0,2.2375215146299485,4.0,0.001718213058419244,0.12027491408934708,5.609965635738831,0.13792089438509636,0.7241691360434374,0.007879284840069155,3.7777777777777777,0.6941648236745137,0.0601374570446735,0.2869415807560137,0.3083333333333333,0.9511120839742944,30,False,1630.0
3,sparse_er,sparse_er_2,2,42,3329776653,4284520932,"[10, 29, 76, 111, 140, 148, 262, 263, 269, 303, 336, 341, 435, 464, 502, 509, 527, 571]","[502, 426, 167, 138, 32, 89, 421, 124, 419, 573, 95, 564, 142, 430, 435, 341, 409, 121]",600,18,0.8,0.01,,,,,,,,5.935,0.4068341476592501,0.9933333333333333,0.11666666666666667,5.777777777777778,0.0016509176436108413,0.0037108155099586874,0.16323024054982818,0.012027491408934709,0.0,0.0,2.1686746987951806,4.0,0.001718213058419244,0.09621993127147767,5.489690721649485,0.14740972683672962,0.7011551360079493,0.003664001213020821,3.7908496732026142,0.7546045466858047,0.0652920962199312,0.2491408934707903,0.2716666666666666,0.9788412500638516,30,False,1538.0
3,sparse_er,sparse_er_2,2,43,3329776653,1771856076,"[81, 197, 200, 252, 264, 277, 290, 303, 355, 401, 406, 410, 457, 475, 490, 540, 568, 576]","[576, 52, 68, 542, 313, 13, 380, 573, 336, 450, 42, 286, 561, 585, 550, 559, 567, 464]",600,18,0.8,0.01,,,,,,,,5.935,0.4068341476592501,0.9933333333333333,0.11666666666666667,6.0,0.0016696388320922944,0.0038101426536352296,0.16151202749140894,0.01718213058419244,0.0,0.0,2.1755593803786577,4.0,0.001718213058419244,0.13573883161512026,5.989690721649485,0.14746844695853203,0.7039468625606994,0.0051011617802730535,3.764705882352941,0.6375783886905945,0.0652920962199312,0.9896907216494846,0.99,0.9641695419559256,30,False,2848.0
3,sparse_er,sparse_er_2,2,44,3329776653,759248004,"[16, 23, 42, 93, 125, 130, 138, 264, 324, 342, 349, 383, 402, 424, 456, 464, 562, 582]","[597, 244, 366, 102, 202, 223, 479, 313, 29, 174, 209, 195, 470, 260, 62, 430, 525, 189]",600,18,0.8,0.01,,,,,,,,5.935,0.4068341476592501,0.9933333333333333,0.11666666666666667,6.111111111111111,0.001695581498509563,0.0045213085825554795,0.17525773195876287,0.010309278350515464,0.003436426116838488,0.0,2.1118760757314976,4.0,0.001718213058419244,0.13917525773195877,6.1993127147766325,0.15525690358385213,0.6813646337929036,0.004785458678192242,3.738562091503268,0.7058631872016639,0.0652920962199312,0.9879725085910652,0.9883333333333332,0.940734708099626,30,False,2848.0
3,sparse_er,sparse_er_2,2,45,3329776653,196616088,"[75, 85, 86, 94, 101, 123, 150, 185, 206, 250, 331, 370, 390, 422, 532, 550, 574, 575]","[231, 145, 517, 58, 252, 73, 239, 343, 5, 273, 480, 558, 9, 289, 199, 164, 402, 312]",600,18,0.8,0.01,,,,,,,,5.935,0.4068341476592501,0.9933333333333333,0.11666666666666667,6.111111111111111,0.0017061732340716595,0.004432956723852199,0.16838487972508592,0.010309278350515464,0.0,0.0,2.1686746987951806,4.0,0.001718213058419244,0.14261168384879724,5.900343642611684,0.15085307255956829,0.6925966014278025,0.003448231144309576,3.6601307189542482,0.7236108860579012,0.0670103092783505,0.9879725085910652,0.9883333333333332,0.938630542019382,30,False,2848.0
3,sparse_er,sparse_er_2,2,46,3329776653,1789328119,"[65, 98, 122, 134, 151, 159, 194, 230, 237, 257, 278, 364, 372, 441, 485, 523, 583, 594]","[465, 55, 449, 23, 308, 400, 225, 431, 40, 533, 221, 282, 255, 372, 39, 454, 162, 137]",600,18,0.8,0.01,,,,,,,,5.935,0.4068341476592501,0.9933333333333333,0.11666666666666667,6.0,0.0016733988490732236,0.005326501793456655,0.16323024054982818,0.018900343642611683,0.0,0.0,2.1600688468158347,4.0,0.001718213058419244,0.13402061855670103,5.850515463917525,0.14861734791779768,0.7011669653577491,0.006359018613920574,3.7320261437908497,0.7602535748838674,0.063573883161512,0.9896907216494846,0.99,0.9509852500632404,30,False,2848.0
3,sparse_er,sparse_er_2,2,47,3329776653,1192321881,"[8, 68, 74, 100, 104, 108, 229, 266, 312, 346, 406, 449, 565, 569, 570, 582, 591, 597]","[529, 580, 467, 515, 274, 377, 416, 335, 378, 280, 42, 461, 266, 141, 80, 189, 473, 184]",600,18,0.8,0.01,,,,,,,,5.935,0.4068341476592501,0.9933333333333333,0.11666666666666667,5.444444444444445,0.001552354286795244,0.003532887302061297,0.14604810996563575,0.00859106529209622,0.0,0.0,2.215146299483649,4.0,0.001718213058419244,0.12199312714776632,5.396907216494846,0.1328717360861444,0.7300483228939322,0.003052775111598641,3.8627450980392157,0.6692204983756976,0.0773195876288659,0.4020618556701031,0.42,0.9992707499768584,30,False,1710.0
3,sparse_er,sparse_er_2,2,48,3329776653,3024478378,"[0, 7, 15, 58, 106, 111, 121, 126, 144, 205, 228, 340, 369, 375, 393, 407, 472, 567]","[408, 302, 516, 423, 24, 138, 370, 538, 131, 418, 182, 345, 360, 594, 216, 157, 218, 352]",600,18,0.8,0.01,,,,,,,,5.935,0.4068341476592501,0.9933333333333333,0.11666666666666667,5.5,0.0015301116773408711,0.003109473839557655,0.16151202749140894,0.005154639175257732,0.0,0.0,2.117039586919105,4.0,0.001718213058419244,0.11512027491408934,5.984536082474227,0.14380139841923295,0.7040355826841977,0.0016651104886399003,3.9084967320261437,0.7353092495850515,0.049828178694158,0.140893470790378,0.1666666666666666,0.88660320895724,27,True,1500.0
3,sparse_er,sparse_er_2,2,49,3329776653,2794407004,"[65, 103, 152, 174, 178, 255, 289, 338, 358, 383, 425, 456, 462, 502, 521, 553, 560, 561]","[465, 53, 489, 425, 215, 48, 415, 30, 232, 195, 510, 62, 451, 435, 501, 505, 206, 69]",600,18,0.8,0.01,,,,,,,,5.935,0.4068341476592501,0.9933333333333333,0.11666666666666667,6.722222222222222,0.0018324627494876937,0.007017693454910131,0.18556701030927836,0.022336769759450172,0.0,0.0,2.055077452667814,4.0,0.001718213058419244,0.1563573883161512,6.599656357388316,0.1673013246073165,0.6644486635792064,0.007201210084716428,3.627450980392157,0.773899843786558,0.0738831615120274,0.9879725085910652,0.9883333333333332,0.9698314999695868,30,False,2848.0
3,sparse_er,sparse_er_3,3,0,900313282,1482737348,"[1, 40, 65, 67, 80, 88, 155, 176, 240, 268, 296, 317, 352, 366, 409, 486, 505, 552]","[268, 402, 420, 507, 154, 446, 495, 343, 83, 276, 423, 303, 450, 536, 350, 203, 375, 545]",600,18,0.8,0.01,,,,,,,,5.751666666666667,0.4260803313068417,0.9983333333333333,0.17,6.333333333333333,0.0018446247240943377,0.005844575528358444,0.17697594501718214,0.015463917525773196,0.0,0.0,2.176975945017182,4.0,0.0,0.11512027491408934,5.443298969072165,0.15839798837993802,0.678490101791555,0.0046431502928498,3.8300653594771243,0.749868237792494,0.0652920962199312,0.993127147766323,0.9933333333333332,1.0198846668936312,30,False,2748.0
3,sparse_er,sparse_er_3,3,1,900313282,2881929785,"[3, 49, 52, 107, 174, 182, 229, 255, 276, 288, 342, 347, 362, 379, 386, 453, 475, 557]","[440, 130, 332, 261, 63, 327, 300, 552, 168, 586, 595, 547, 418, 425, 159, 162, 488, 373]",600,18,0.8,0.01,,,,,,,,5.751666666666667,0.4260803313068417,0.9983333333333333,0.17,5.222222222222222,0.001564493441016192,0.0036826640058639313,0.14776632302405499,0.003436426116838488,0.0,0.0,2.2714776632302405,5.0,0.0,0.07216494845360824,4.788659793814433,0.13301093779269332,0.7271264734933844,0.0012289816211384838,4.084967320261438,0.8341003229705442,0.0618556701030927,0.1890034364261168,0.2133333333333333,0.9815349169075488,30,False,1450.0
3,sparse_er,sparse_er_3,3,2,900313282,1158207327,"[3, 16, 36, 108, 132, 171, 204, 245, 251, 262, 277, 283, 327, 334, 464, 466, 469, 579]","[440, 126, 312, 118, 348, 538, 42, 501, 181, 363, 590, 546, 429, 592, 297, 386, 106, 554]",600,18,0.8,0.01,,,,,,,,5.751666666666667,0.4260803313068417,0.9983333333333333,0.17,5.444444444444445,0.0015998362961252644,0.005375679509971027,0.15292096219931273,0.012027491408934709,0.0,0.0,2.231958762886598,5.0,0.0,0.1254295532646048,5.374570446735395,0.13886380614307328,0.7184141573658404,0.004858104858104858,3.8366013071895426,0.8599497920915062,0.0532646048109965,0.140893470790378,0.1666666666666666,0.9774866671068594,30,False,1468.0
3,sparse_er,sparse_er_3,3,3,900313282,3154145898,"[21, 38, 49, 78, 86, 89, 108, 118, 164, 179, 192, 234, 248, 358, 420, 443, 468, 519]","[153, 99, 130, 391, 347, 255, 118, 12, 587, 71, 225, 78, 29, 89, 79, 356, 361, 285]",600,18,0.8,0.01,,,,,,,,5.751666666666667,0.4260803313068417,0.9983333333333333,0.17,5.722222222222222,0.001702944202114512,0.006385812045475087,0.16494845360824742,0.012027491408934709,0.0,0.0,2.20446735395189,4.0,0.0,0.0979381443298969,5.178694158075602,0.14744232442606026,0.6983988975045987,0.004090861933999189,3.915032679738562,0.8720726490194188,0.063573883161512,0.993127147766323,0.9933333333333332,0.9635170829715208,30,False,2748.0
3,sparse_er,sparse_er_3,3,4,900313282,1247448240,"[2, 50, 78, 107, 166, 174, 184, 223, 228, 257, 319, 320, 336, 356, 421, 536, 578, 596]","[111, 10, 391, 261, 73, 63, 378, 459, 280, 273, 439, 16, 598, 114, 464, 431, 559, 471]",600,18,0.8,0.01,,,,,,,,5.751666666666667,0.4260803313068417,0.9983333333333333,0.17,5.055555555555555,0.001505340842949142,0.0036874020020682715,0.14432989690721648,0.012027491408934709,0.0,0.0,2.29553264604811,5.0,0.0,0.08762886597938144,4.86254295532646,0.1333042033698404,0.7328814521709814,0.004759546916409662,3.954248366013072,0.8019820089352232,0.0618556701030927,0.9896907216494846,0.99,1.0534856249578295,30,True,2748.0
3,sparse_er,sparse_er_3,3,5,900313282,839224638,"[17, 35, 71, 133, 158, 166, 210, 257, 280, 358, 360, 415, 417, 418, 427, 555, 561, 573]","[195, 158, 413, 94, 187, 73, 457, 273, 330, 89, 331, 296, 100, 310, 397, 387, 320, 385]",600,18,0.8,0.01,,,,,,,,5.751666666666667,0.4260803313068417,0.9983333333333333,0.17,5.555555555555555,0.0016430463733110785,0.00512452422264702,0.14948453608247422,0.012027491408934709,0.0,0.0,2.2216494845360826,5.0,0.0,0.0979381443298969,5.0756013745704465,0.13572437734532825,0.7242164534426365,0.00451338784672118,3.8627450980392157,0.7698636948999024,0.0618556701030927,0.3247422680412371,0.345,0.9743628749856724,30,False,1622.0
3,sparse_er,sparse_er_3,3,6,900313282,1373099729,"[73, 83, 152, 173, 182, 183, 197, 217, 276, 298, 338, 341, 391, 403, 484, 530, 545, 548]","[596, 480, 517, 257, 327, 150, 569, 351, 168, 582, 525, 575, 145, 122, 369, 461, 328, 183]",600,18,0.8,0.01,,,,,,,,5.751666666666667,0.4260803313068417,0.9983333333333333,0.17,5.5,0.0016538854348591855,0.004890076270333278,0.15979381443298968,0.010309278350515464,0.0,0.0,2.2199312714776633,4.0,0.0,0.07731958762886598,4.884879725085911,0.14378727872344407,0.7069042000106465,0.003013761163460672,4.0,0.8278314780561854,0.0549828178694158,0.1993127147766323,0.2233333333333333,0.903667249949649,28,True,1510.0
3,sparse_er,sparse_er_3,3,7,900313282,2474927921,"[67, 68, 99, 179, 181, 250, 269, 305, 312, 315, 385, 418, 429, 463, 490, 511, 547, 576]","[507, 334, 550, 71, 215, 117, 326, 140, 5, 207, 462, 310, 509, 470, 379, 353, 497, 555]",600,18,0.8,0.01,,,,,,,,5.751666666666667,0.4260803313068417,0.9983333333333333,0.17,6.833333333333333,0.0019271238968179094,0.0071128834951875615,0.1872852233676976,0.020618556701030927,0.0,0.0,2.1460481099656357,4.0,0.0,0.18213058419243985,6.18213058419244,0.1673443600061286,0.6617693158495543,0.0056428129092488954,3.6405228758169934,0.7314765359502228,0.0601374570446735,0.9896907216494846,0.99,0.9415750419721008,30,False,2748.0
3,sparse_er,sparse_er_3,3,8,900313282,1652171543,"[9, 11, 62, 78, 220, 229, 266, 270, 320, 357, 358, 366, 380, 397, 416, 458, 473, 542]","[98, 564, 478, 391, 513, 300, 365, 274, 16, 404, 89, 536, 352, 101, 88, 210, 408, 51]",600,18,0.8,0.01,,,,,,,,5.751666666666667,0.4260803313068417,0.9983333333333333,0.17,4.833333333333333,0.0014554339234426348,0.003666297929326112,0.13402061855670103,0.012027491408934709,0.0,0.0,2.2989690721649483,4.0,0.0,0.07560137457044673,4.761168384879725,0.12542789175179672,0.7504953540228662,0.005112752171575701,4.071895424836601,0.8157086211282728,0.0618556701030927,0.3316151202749141,0.3516666666666667,1.110131541965529,30,False,1584.0
3,sparse_er,sparse_er_3,3,9,900313282,2584179646,"[8, 49, 92, 122, 157, 165, 172, 188, 228, 267, 272, 284, 322, 366, 371, 425, 479, 591]","[493, 130, 572, 199, 211, 188, 64, 254, 280, 77, 61, 32, 81, 536, 196, 172, 305, 119]",600,18,0.8,0.01,,,,,,,,5.751666666666667,0.4260803313068417,0.9983333333333333,0.17,5.0,0.0015025154810358301,0.0035486245282060763,0.14604810996563575,0.00859106529209622,0.0,0.0,2.2783505154639174,4.0,0.0,0.07903780068728522,4.878006872852234,0.13226821308325556,0.730107469642931,0.0038874524168641816,4.026143790849673,0.8078360209487772,0.0515463917525773,0.2250859106529209,0.2483333333333333,1.064800416934304,30,False,1566.0
3,sparse_er,sparse_er_3,3,10,900313282,2015512671,"[25, 38, 41, 47, 158, 171, 200, 230, 261, 298, 314, 379, 401, 444, 499, 555, 580, 592]","[443, 99, 527, 524, 187, 538, 178, 537, 496, 582, 167, 425, 338, 226, 26, 387, 216, 483]",600,18,0.8,0.01,,,,,,,,5.751666666666667,0.4260803313068417,0.9983333333333333,0.17,7.277777777777778,0.0020820093409751428,0.0060678055779279615,0.20103092783505155,0.013745704467353952,0.0,0.0,2.0859106529209623,4.0,0.0,0.15463917525773196,6.154639175257732,0.1745557741256866,0.6399382507940451,0.004005011819314011,3.627450980392157,0.7682599396347654,0.0790378006872852,0.9896907216494846,0.99,0.6876894999295473,20,True,2748.0
3,sparse_er,sparse_er_3,3,11,900313282,1569260110,"[2, 3, 10, 28, 30, 81, 156, 171, 189, 201, 235, 316, 364, 421, 424, 491, 503, 552]","[111, 440, 194, 401, 136, 205, 516, 538, 256, 20, 247, 583, 206, 464, 444, 92, 333, 545]",600,18,0.8,0.01,,,,,,,,5.751666666666667,0.4260803313068417,0.9983333333333333,0.17,6.055555555555555,0.0017298083542619436,0.005465385805045074,0.16838487972508592,0.015463917525773196,0.0,0.0,2.154639175257732,4.0,0.0,0.15463917525773196,6.0034364261168385,0.15147881701554375,0.6926675775266012,0.004682780421208785,3.6862745098039214,0.8799452491989145,0.0515463917525773,0.2783505154639175,0.3,1.0537514999741688,30,False,1592.0
3,sparse_er,sparse_er_3,3,12,900313282,396967618,"[19, 36, 60, 105, 166, 224, 231, 283, 314, 340, 343, 410, 440, 450, 481, 487, 491, 585]","[499, 312, 532, 562, 73, 318, 25, 546, 167, 157, 9, 37, 319, 3, 264, 74, 92, 469]",600,18,0.8,0.01,,,,,,,,5.751666666666667,0.4260803313068417,0.9983333333333333,0.17,6.388888888888889,0.0017924994452012592,0.006109836803559012,0.16838487972508592,0.022336769759450172,0.0,0.0,2.154639175257732,4.0,0.0,0.16666666666666666,6.135738831615121,0.15356980911764714,0.6926084307776023,0.007715861608595173,3.5686274509803924,0.8019820089352231,0.0601374570446735,0.9896907216494846,0.99,0.7778993750689551,23,True,2748.0
3,sparse_er,sparse_er_3,3,13,900313282,3714901772,"[32, 89, 152, 194, 236, 277, 282, 311, 354, 362, 365, 404, 468, 501, 502, 538, 561, 585]","[337, 255, 517, 340, 55, 590, 424, 481, 14, 418, 482, 510, 361, 233, 511, 221, 320, 469]",600,18,0.8,0.01,,,,,,,,5.751666666666667,0.4260803313068417,0.9983333333333333,0.17,6.0,0.001766553848351712,0.005289160052971322,0.1718213058419244,0.010309278350515464,0.0,0.0,2.156357388316151,5.0,0.0,0.11168384879725086,5.34020618556701,0.15083518921987185,0.6872674793429979,0.0035238000924275427,3.973856209150327,0.8262277227910485,0.0532646048109965,0.4570446735395189,0.4733333333333333,1.0833163750357926,30,False,1758.0
3,sparse_er,sparse_er_3,3,14,900313282,3828400485,"[5, 49, 118, 143, 151, 172, 191, 192, 332, 333, 349, 360, 365, 427, 445, 476, 507, 580]","[381, 130, 12, 175, 253, 64, 262, 225, 202, 222, 486, 331, 482, 397, 346, 120, 514, 216]",600,18,0.8,0.01,,,,,,,,5.751666666666667,0.4260803313068417,0.9983333333333333,0.17,6.333333333333333,0.0018242992069183981,0.007278876444843451,0.17697594501718214,0.012027491408934709,0.0,0.0,2.1735395189003435,5.0,0.0,0.12714776632302405,5.783505154639175,0.1558641403633928,0.6786852860632515,0.003668900943987449,3.7516339869281046,0.7498682377924941,0.056701030927835,0.2955326460481099,0.3166666666666666,0.9951770000625402,30,False,1580.0
3,sparse_er,sparse_er_3,3,15,900313282,3264132284,"[28, 29, 62, 65, 95, 145, 150, 186, 213, 365, 381, 388, 404, 416, 465, 470, 520, 526]","[401, 299, 478, 420, 466, 560, 165, 531, 366, 482, 67, 283, 510, 88, 476, 359, 265, 329]",600,18,0.8,0.01,,,,,,,,5.751666666666667,0.4260803313068417,0.9983333333333333,0.17,6.277777777777778,0.0018088836968476471,0.005647397955366489,0.17010309278350516,0.01718213058419244,0.001718213058419244,0.0,2.195876288659794,4.0,0.0,0.14948453608247422,5.950171821305842,0.1541760063361727,0.6897279841013538,0.007195774630364565,3.69281045751634,0.8599497920915062,0.0601374570446735,0.1890034364261168,0.2133333333333333,0.9967115410836414,21,True,1496.0
3,sparse_er,sparse_er_3,3,16,900313282,735777090,"[3, 25, 72, 80, 121, 143, 171, 174, 183, 214, 250, 350, 383, 433, 444, 445, 544, 565]","[440, 443, 460, 154, 371, 175, 538, 63, 150, 474, 117, 11, 236, 556, 226, 346, 284, 131]",600,18,0.8,0.01,,,,,,,,5.751666666666667,0.4260803313068417,0.9983333333333333,0.17,5.944444444444445,0.0017545631125063165,0.0054679503994360425,0.16494845360824742,0.012027491408934709,0.0,0.0,2.218213058419244,4.0,0.0,0.11512027491408934,5.316151202749141,0.14825760646431607,0.6983456654304996,0.0040469089200346415,3.803921568627451,0.7957131640208646,0.0481099656357388,0.1168384879725085,0.1433333333333333,1.1004050830379128,30,False,1430.0
3,sparse_er,sparse_er_3,3,17,900313282,3681573848,"[0, 67, 100, 217, 275, 281, 292, 297, 314, 319, 344, 418, 421, 472, 512, 532, 543, 585]","[543, 507, 490, 351, 149, 239, 389, 349, 167, 439, 573, 310, 464, 325, 308, 102, 364, 469]",600,18,0.8,0.01,,,,,,,,5.751666666666667,0.4260803313068417,0.9983333333333333,0.17,5.833333333333333,0.0016787281072574952,0.004685716875759905,0.15807560137457044,0.013745704467353952,0.001718213058419244,0.0,2.2010309278350517,4.0,0.0,0.12027491408934708,5.554982817869416,0.1446030930964271,0.7096426944892974,0.005236774844617982,3.7973856209150325,0.834100322970544,0.063573883161512,0.9484536082474226,0.95,1.0858374580275267,30,False,2668.0
3,sparse_er,sparse_er_3,3,18,900313282,3368525271,"[16, 48, 109, 183, 249, 283, 284, 290, 301, 355, 415, 426, 438, 446, 451, 517, 542, 550]","[126, 160, 416, 150, 161, 546, 32, 40, 458, 370, 296, 144, 109, 263, 435, 519, 51, 445]",600,18,0.8,0.01,,,,,,,,5.751666666666667,0.4260803313068417,0.9983333333333333,0.17,5.444444444444445,0.0016219058068363238,0.004674758604865222,0.1563573883161512,0.006872852233676976,0.001718213058419244,0.0,2.238831615120275,4.0,0.0,0.0979381443298969,4.934707903780069,0.13931557818667623,0.7127419841368419,0.0033953455233732047,4.052287581699346,0.8599497920915062,0.0549828178694158,0.3573883161512027,0.3766666666666666,1.0634504590416327,30,False,1670.0
3,sparse_er,sparse_er_3,3,19,900313282,4203519171,"[6, 30, 105, 112, 174, 181, 288, 329, 332, 340, 342, 352, 387, 412, 533, 568, 582, 584]","[69, 136, 562, 434, 63, 215, 586, 432, 202, 157, 595, 450, 533, 232, 217, 34, 489, 485]",600,18,0.8,0.01,,,,,,,,5.751666666666667,0.4260803313068417,0.9983333333333333,0.17,5.0,0.0014847394875200275,0.0031577607440560333,0.13917525773195877,0.00859106529209622,0.003436426116838488,0.0,2.268041237113402,4.0,0.0,0.10652920962199312,5.128865979381444,0.12833748692545854,0.741676573747124,0.006685979234998842,3.849673202614379,0.7114810788428145,0.056701030927835,0.359106529209622,0.3783333333333333,1.0467214999953285,30,False,1650.0
3,sparse_er,sparse_er_3,3,20,900313282,1350984156,"[44, 50, 181, 223, 241, 272, 276, 364, 384, 438, 466, 474, 478, 494, 525, 537, 541, 596]","[417, 10, 215, 459, 405, 61, 168, 206, 65, 109, 386, 394, 110, 295, 270, 104, 529, 471]",600,18,0.8,0.01,,,,,,,,5.751666666666667,0.4260803313068417,0.9983333333333333,0.17,5.611111111111111,0.0016479312129408074,0.003754150363482021,0.15292096219931273,0.010309278350515464,0.0,0.0,2.2285223367697595,5.0,0.0,0.12371134020618557,5.209621993127148,0.13723282119943145,0.7185738535881375,0.004652972300031123,3.8823529411764706,0.7635948499855437,0.0463917525773195,0.1701030927835051,0.195,1.1737345000728965,30,False,1468.0
3,sparse_er,sparse_er_3,3,21,900313282,142076551,"[59, 112, 186, 228, 232, 246, 295, 318, 336, 357, 389, 401, 413, 486, 541, 568, 586, 588]","[193, 434, 531, 280, 66, 421, 200, 316, 598, 404, 504, 338, 287, 203, 529, 34, 231, 508]",600,18,0.8,0.01,,,,,,,,5.751666666666667,0.4260803313068417,0.9983333333333333,0.17,5.388888888888889,0.0015917275340124023,0.004713026490642685,0.15120274914089346,0.012027491408934709,0.0,0.0,2.259450171821306,5.0,0.0,0.10309278350515463,5.201030927835052,0.13857487639301208,0.7212354572930899,0.0038237452453138724,3.843137254901961,0.7040233115641235,0.0584192439862542,0.654639175257732,0.665,0.9949059580685572,30,False,2032.0
3,sparse_er,sparse_er_3,3,22,900313282,2123829941,"[129, 154, 232, 261, 264, 273, 324, 372, 374, 397, 422, 460, 473, 498, 529, 553, 577, 581]","[477, 570, 66, 496, 137, 568, 147, 132, 28, 101, 566, 76, 408, 135, 505, 403, 80, 38]",600,18,0.8,0.01,,,,,,,,5.751666666666667,0.4260803313068417,0.9983333333333333,0.17,5.166666666666667,0.0015283883647153958,0.005125058988897796,0.14948453608247422,0.010309278350515464,0.0,0.0,2.223367697594502,4.0,0.0,0.1134020618556701,5.290378006872852,0.13671211472201716,0.7241513920187377,0.0030246442011147893,3.954248366013072,0.7193536790223102,0.0670103092783505,0.9896907216494846,0.99,1.24410395801533,30,False,2748.0
3,sparse_er,sparse_er_3,3,23,900313282,832347689,"[1, 7, 78, 85, 104, 153, 176, 209, 294, 318, 358, 394, 424, 426, 449, 546, 557, 596]","[268, 96, 391, 339, 523, 21, 343, 376, 576, 316, 89, 390, 444, 144, 585, 314, 373, 471]",600,18,0.8,0.01,,,,,,,,5.751666666666667,0.4260803313068417,0.9983333333333333,0.17,5.777777777777778,0.0016901884254768738,0.004978092107800032,0.15807560137457044,0.015463917525773196,0.001718213058419244,0.0,2.1924398625429555,4.0,0.0,0.1134020618556701,5.407216494845361,0.14481733426189647,0.7096722678637969,0.00593646816253506,3.934640522875817,0.8720726490194188,0.056701030927835,0.2491408934707903,0.2716666666666666,1.1763978330418468,30,False,1518.0
3,sparse_er,sparse_er_3,3,24,900313282,1633563052,"[33, 45, 54, 65, 91, 188, 197, 202, 225, 268, 300, 353, 360, 391, 429, 433, 476, 555]","[406, 358, 362, 420, 237, 254, 569, 498, 19, 276, 166, 449, 331, 145, 509, 556, 120, 387]",600,18,0.8,0.01,,,,,,,,5.751666666666667,0.4260803313068417,0.9983333333333333,0.17,4.888888888888889,0.0014847054053855617,0.003100867229449986,0.1254295532646048,0.013745704467353952,0.001718213058419244,0.0,2.3539518900343643,4.0,0.0,0.0859106529209622,4.59106529209622,0.11991648539155712,0.7652997852973011,0.006590087472440414,3.9215686274509802,0.7361416255994445,0.063573883161512,0.3281786941580756,0.3483333333333333,1.005403709015809,30,False,1594.0
3,sparse_er,sparse_er_3,3,25,900313282,3503510853,"[17, 120, 140, 163, 194, 198, 208, 230, 272, 331, 333, 404, 483, 500, 515, 537, 574, 590]","[195, 384, 45, 192, 340, 129, 393, 537, 61, 241, 222, 510, 43, 15, 549, 104, 409, 90]",600,18,0.8,0.01,,,,,,,,5.751666666666667,0.4260803313068417,0.9983333333333333,0.17,5.5,0.0016275549764082008,0.0032893040421459047,0.14948453608247422,0.01718213058419244,0.0,0.0,2.2628865979381443,4.0,0.0,0.0859106529209622,5.128865979381444,0.13860149482693274,0.7240922452697387,0.006000861883214825,3.849673202614379,0.8278314780561854,0.063573883161512,0.1924398625429553,0.2166666666666666,0.6275330829666927,18,True,1466.0
3,sparse_er,sparse_er_3,3,26,900313282,2226125157,"[9, 27, 101, 103, 105, 157, 166, 189, 215, 227, 259, 291, 369, 446, 494, 547, 552, 553]","[98, 0, 472, 171, 562, 211, 73, 256, 479, 23, 240, 93, 116, 263, 295, 497, 545, 403]",600,18,0.8,0.01,,,,,,,,5.751666666666667,0.4260803313068417,0.9983333333333333,0.17,5.666666666666667,0.0016592290317002346,0.004667407913341638,0.1563573883161512,0.013745704467353952,0.001718213058419244,0.0,2.2302405498281788,4.0,0.0,0.10652920962199312,5.2646048109965635,0.1418120209311656,0.712676922712943,0.005718156208352287,3.9411764705882355,0.6613858958660271,0.0618556701030927,0.9896907216494846,0.99,0.9782851659692824,30,False,2748.0
3,sparse_er,sparse_er_3,3,27,900313282,3908459648,"[41, 61, 66, 67, 89, 108, 115, 160, 167, 177, 217, 222, 248, 294, 367, 373, 455, 530]","[527, 60, 578, 507, 255, 118, 8, 235, 86, 24, 351, 219, 29, 576, 227, 345, 82, 461]",600,18,0.8,0.01,,,,,,,,5.751666666666667,0.4260803313068417,0.9983333333333333,0.17,6.5,0.0018988106546343599,0.005883140589677037,0.18556701030927836,0.012027491408934709,0.0,0.0,2.120274914089347,4.0,0.0,0.1254295532646048,5.391752577319588,0.16159401468038323,0.6648035440732,0.003057091782581979,3.980392156862745,0.8278314780561853,0.0618556701030927,0.9879725085910652,0.9883333333333332,0.9713177080266178,30,False,2748.0
3,sparse_er,sparse_er_3,3,28,900313282,1563034239,"[6, 38, 46, 62, 115, 129, 240, 291, 312, 326, 416, 444, 445, 477, 518, 536, 546, 588]","[69, 99, 512, 478, 8, 477, 83, 93, 5, 597, 88, 226, 346, 133, 539, 431, 314, 508]",600,18,0.8,0.01,,,,,,,,5.751666666666667,0.4260803313068417,0.9983333333333333,0.17,5.555555555555555,0.0016240700418634335,0.0038510882183864555,0.14432989690721648,0.018900343642611683,0.001718213058419244,0.0,2.2628865979381443,4.0,0.0,0.11168384879725086,5.310996563573883,0.13606007865877318,0.7327809026976833,0.008133224799891467,3.810457516339869,0.7393491361297184,0.0773195876288659,0.9896907216494846,0.99,0.977038791985251,30,False,2748.0
3,sparse_er,sparse_er_3,3,29,900313282,3058525556,"[44, 134, 158, 159, 171, 188, 210, 374, 378, 382, 399, 412, 449, 487, 521, 545, 555, 572]","[417, 380, 187, 422, 538, 254, 457, 28, 548, 484, 128, 232, 585, 74, 415, 328, 387, 6]",600,18,0.8,0.01,,,,,,,,5.751666666666667,0.4260803313068417,0.9983333333333333,0.17,6.222222222222222,0.0018066124073831498,0.008117351070776775,0.17353951890034364,0.012027491408934709,0.0,0.0,2.154639175257732,4.0,0.0,0.1254295532646048,5.47766323024055,0.15301104032707127,0.684304227218151,0.0032691074357741024,3.8823529411764706,0.8399543349840981,0.070446735395189,0.1769759450171821,0.2016666666666666,1.035560499993153,30,False,1454.0
3,sparse_er,sparse_er_3,3,30,900313282,3947929190,"[13, 52, 57, 144, 179, 192, 195, 220, 228, 334, 362, 382, 386, 387, 477, 480, 537, 541]","[173, 332, 246, 143, 71, 225, 442, 513, 280, 592, 418, 484, 159, 533, 133, 336, 104, 529]",600,18,0.8,0.01,,,,,,,,5.751666666666667,0.4260803313068417,0.9983333333333333,0.17,5.333333333333333,0.001569588422156148,0.005257727155167209,0.14604810996563575,0.012027491408934709,0.0,0.0,2.2852233676975944,4.0,0.0,0.10481099656357389,5.309278350515464,0.13433395740821238,0.7299832614700333,0.003749591004492965,3.738562091503268,0.8019820089352232,0.070446735395189,0.9879725085910652,0.9883333333333332,0.9390639999182896,28,True,2748.0
3,sparse_er,sparse_er_3,3,31,900313282,1143531210,"[25, 39, 101, 118, 122, 132, 168, 240, 272, 278, 342, 363, 368, 411, 418, 464, 558, 597]","[443, 437, 472, 12, 199, 348, 108, 83, 61, 72, 595, 275, 426, 289, 310, 297, 317, 59]",600,18,0.8,0.01,,,,,,,,5.751666666666667,0.4260803313068417,0.9983333333333333,0.17,6.388888888888889,0.0018496031117994003,0.005871651041941862,0.18213058419243985,0.012027491408934709,0.0,0.0,2.142611683848797,5.0,0.0,0.12199312714776632,5.768041237113402,0.16037808237410522,0.6702273009564029,0.003700547818194877,3.7973856209150325,0.6970824876052404,0.0790378006872852,0.986254295532646,0.9866666666666668,0.8480279999785125,25,True,2748.0
3,sparse_er,sparse_er_3,3,32,900313282,2164557428,"[14, 53, 106, 109, 181, 190, 226, 262, 276, 303, 325, 350, 388, 514, 536, 556, 564, 574]","[238, 335, 291, 416, 215, 251, 399, 363, 168, 388, 428, 11, 283, 456, 431, 248, 46, 409]",600,18,0.8,0.01,,,,,,,,5.751666666666667,0.4260803313068417,0.9983333333333333,0.17,5.944444444444445,0.0017243647187459106,0.004773679944773436,0.17353951890034364,0.010309278350515464,0.0,0.0,2.170103092783505,5.0,0.0,0.11512027491408934,5.36254295532646,0.1537193397948239,0.6842155070946525,0.003350407762172468,3.9869281045751634,0.793437429711203,0.049828178694158,0.1821305841924398,0.2066666666666666,1.0145515830954537,30,False,1534.0
3,sparse_er,sparse_er_3,3,33,900313282,2237521970,"[2, 16, 45, 59, 62, 95, 142, 321, 362, 374, 376, 408, 466, 513, 529, 537, 545, 564]","[111, 126, 358, 193, 478, 466, 593, 75, 418, 28, 163, 148, 386, 341, 505, 104, 328, 46]",600,18,0.8,0.01,,,,,,,,5.751666666666667,0.4260803313068417,0.9983333333333333,0.17,5.222222222222222,0.0015464671541294843,0.004569581145487123,0.15120274914089346,0.00859106529209622,0.001718213058419244,0.0,2.254295532646048,4.0,0.0,0.09621993127147767,5.087628865979381,0.13665518104733054,0.7213123480667885,0.003909210743120777,3.934640522875817,0.9120635632342354,0.0738831615120274,0.140893470790378,0.1666666666666666,1.016029916005209,30,False,1438.0
3,sparse_er,sparse_er_3,3,34,900313282,3375728963,"[8, 13, 65, 92, 115, 120, 150, 165, 239, 262, 308, 309, 445, 480, 489, 526, 535, 586]","[493, 173, 420, 572, 8, 384, 165, 188, 414, 363, 214, 313, 346, 336, 218, 329, 269, 231]",600,18,0.8,0.01,,,,,,,,5.751666666666667,0.4260803313068417,0.9983333333333333,0.17,5.166666666666667,0.0015451666587752324,0.00358433971309474,0.14604810996563575,0.010309278350515464,0.0,0.0,2.29553264604811,5.0,0.0,0.10309278350515463,5.11340206185567,0.13322889670341442,0.7300483228939322,0.003986481927658398,3.849673202614379,0.8583460368263693,0.0549828178694158,0.0859106529209622,0.1133333333333333,1.0106479589594528,30,False,1422.0
3,sparse_er,sparse_er_3,3,35,900313282,1006860276,"[93, 141, 170, 218, 245, 270, 280, 284, 290, 308, 333, 339, 364, 398, 548, 569, 571, 598]","[244, 62, 7, 191, 501, 274, 330, 32, 40, 214, 222, 186, 206, 282, 183, 230, 544, 411]",600,18,0.8,0.01,,,,,,,,5.751666666666667,0.4260803313068417,0.9983333333333333,0.17,5.722222222222222,0.0016706034282406486,0.004168744250995752,0.15979381443298968,0.010309278350515464,0.0,0.0,2.161512027491409,4.0,0.0,0.10996563573883161,5.475945017182131,0.1432454128273371,0.7069042000106465,0.002992650051473581,3.895424836601307,0.9120635632342354,0.063573883161512,0.584192439862543,0.5966666666666667,1.0126861670287326,30,False,1934.0
3,sparse_er,sparse_er_3,3,36,900313282,2260979829,"[23, 52, 67, 97, 121, 158, 171, 204, 320, 386, 408, 413, 417, 423, 432, 433, 478, 571]","[125, 332, 507, 558, 371, 187, 538, 42, 16, 159, 148, 287, 100, 304, 323, 556, 110, 544]",600,18,0.8,0.01,,,,,,,,5.751666666666667,0.4260803313068417,0.9983333333333333,0.17,5.055555555555555,0.00150615009043549,0.003807415919659949,0.140893470790378,0.010309278350515464,0.001718213058419244,0.0,2.2783505154639174,5.0,0.0,0.10996563573883161,4.970790378006873,0.12961264057475572,0.7387842977210758,0.004689494366541655,3.973856209150327,0.7393491361297184,0.0601374570446735,0.140893470790378,0.1666666666666666,1.0139652909711003,30,False,1424.0
3,sparse_er,sparse_er_3,3,37,900313282,3368572025,"[10, 52, 63, 121, 136, 185, 214, 281, 299, 305, 313, 331, 348, 356, 519, 535, 537, 567]","[194, 332, 278, 371, 213, 302, 474, 239, 164, 140, 36, 241, 309, 114, 285, 269, 104, 542]",600,18,0.8,0.01,,,,,,,,5.751666666666667,0.4260803313068417,0.9983333333333333,0.17,5.611111111111111,0.001651655237536862,0.004787374363354285,0.15292096219931273,0.010309278350515464,0.0,0.0,2.2439862542955327,4.0,0.0,0.1134020618556701,5.063573883161512,0.13626273100142186,0.7186625737116359,0.00350719808620616,3.888888888888889,0.704955087784736,0.0378006872852233,0.1890034364261168,0.2133333333333333,1.0217881670687348,30,False,1520.0
3,sparse_er,sparse_er_3,3,38,900313282,1740543195,"[37, 45, 93, 114, 224, 233, 241, 243, 316, 350, 355, 366, 432, 487, 514, 574, 582, 590]","[571, 358, 244, 103, 318, 279, 405, 453, 583, 11, 370, 536, 323, 74, 456, 409, 489, 90]",600,18,0.8,0.01,,,,,,,,5.751666666666667,0.4260803313068417,0.9983333333333333,0.17,5.611111111111111,0.0016384117691649234,0.0038295099731503555,0.14776632302405499,0.015463917525773196,0.005154639175257732,0.0,2.259450171821306,4.0,0.0,0.11683848797250859,5.176975945017182,0.1375463183767258,0.7269786066208871,0.00898000205275747,3.7973856209150325,0.7698636948999024,0.0463917525773195,0.2457044673539518,0.2683333333333333,1.0233967499807477,30,False,1552.0
3,sparse_er,sparse_er_3,3,39,900313282,831481980,"[9, 28, 58, 75, 81, 173, 180, 209, 221, 225, 226, 361, 375, 392, 413, 478, 490, 492]","[98, 401, 242, 184, 205, 257, 528, 376, 70, 19, 399, 451, 245, 315, 287, 110, 379, 526]",600,18,0.8,0.01,,,,,,,,5.751666666666667,0.4260803313068417,0.9983333333333333,0.17,5.5,0.0016053425461719428,0.004113245867051823,0.140893470790378,0.01718213058419244,0.001718213058419244,0.0,2.2560137457044673,5.0,0.0,0.12714776632302405,5.415807560137457,0.1316058737226998,0.7386955775975773,0.008294029862657313,3.738562091503268,0.7941094087557276,0.0652920962199312,0.8900343642611683,0.8933333333333333,0.9984464589506388,30,False,2534.0
3,sparse_er,sparse_er_3,3,40,900313282,4174851440,"[24, 52, 71, 80, 105, 121, 128, 137, 173, 181, 206, 301, 399, 424, 436, 546, 570, 596]","[259, 332, 413, 154, 562, 371, 243, 266, 257, 215, 97, 458, 128, 444, 454, 314, 174, 471]",600,18,0.8,0.01,,,,,,,,5.751666666666667,0.4260803313068417,0.9983333333333333,0.17,5.666666666666667,0.0016500501986982815,0.004488703349061009,0.16151202749140894,0.006872852233676976,0.0,0.0,2.225085910652921,4.0,0.0,0.1134020618556701,5.238831615120275,0.14334285613111694,0.7041657055319954,0.0026654536458458025,3.823529411764706,0.8720726490194188,0.049828178694158,0.993127147766323,0.9933333333333332,1.035099291941151,30,False,2748.0
3,sparse_er,sparse_er_3,3,41,900313282,1960480717,"[69, 72, 96, 107, 126, 129, 228, 253, 286, 320, 335, 348, 393, 405, 475, 525, 551, 563]","[156, 460, 368, 261, 57, 477, 280, 430, 138, 16, 141, 309, 212, 374, 488, 270, 447, 344]",600,18,0.8,0.01,,,,,,,,5.751666666666667,0.4260803313068417,0.9983333333333333,0.17,5.111111111111111,0.0015304495449792877,0.0035939857549980936,0.14776632302405499,0.010309278350515464,0.0,0.0,2.2422680412371134,4.0,0.0,0.09106529209621993,4.951890034364261,0.13494602258920785,0.7270732414192854,0.0033056812468577174,4.1568627450980395,0.8520771919120107,0.0532646048109965,0.1838487972508591,0.2083333333333333,1.033219667035155,30,False,1506.0
3,sparse_er,sparse_er_3,3,42,900313282,1368826425,"[25, 33, 40, 132, 240, 295, 307, 335, 342, 363, 380, 401, 428, 435, 570, 571, 591, 593]","[443, 406, 402, 348, 83, 200, 468, 141, 595, 275, 352, 338, 155, 22, 174, 544, 119, 41]",600,18,0.8,0.01,,,,,,,,5.751666666666667,0.4260803313068417,0.9983333333333333,0.17,6.0,0.0017359818734456554,0.005401480847502586,0.16666666666666666,0.015463917525773196,0.003436426116838488,0.0,2.178694158075601,4.0,0.0,0.12714776632302405,5.632302405498282,0.14865322048730598,0.6956604030259477,0.00684489802136861,3.7058823529411766,0.7957131640208647,0.0721649484536082,0.9914089347079038,0.9916666666666668,0.9724002910079436,30,False,2748.0
3,sparse_er,sparse_er_3,3,43,900313282,847947434,"[21, 25, 32, 56, 121, 138, 158, 178, 209, 250, 283, 304, 340, 421, 475, 476, 531, 572]","[153, 443, 337, 48, 371, 530, 187, 44, 376, 117, 546, 18, 157, 464, 488, 120, 367, 6]",600,18,0.8,0.01,,,,,,,,5.751666666666667,0.4260803313068417,0.9983333333333333,0.17,6.5,0.0018506667284723596,0.00615458974773678,0.1872852233676976,0.013745704467353952,0.0,0.0,2.1323024054982818,4.0,0.0,0.14948453608247422,5.97766323024055,0.16329859478927206,0.6620413908949495,0.004449444890621362,3.7777777777777777,0.8141048658631358,0.056701030927835,0.9896907216494846,0.99,0.8566962080076337,26,True,2748.0
3,sparse_er,sparse_er_3,3,44,900313282,2075753832,"[0, 48, 91, 100, 107, 108, 123, 181, 222, 289, 334, 376, 400, 422, 469, 529, 572, 586]","[543, 160, 237, 490, 261, 118, 491, 215, 219, 31, 592, 163, 441, 566, 106, 505, 6, 231]",600,18,0.8,0.01,,,,,,,,5.751666666666667,0.4260803313068417,0.9983333333333333,0.17,4.666666666666667,0.0014089913365186732,0.003956413970081615,0.1323024054982818,0.012027491408934709,0.0,0.0,2.3419243986254297,5.0,0.0,0.0859106529209622,4.680412371134021,0.12391035233899464,0.7534881795222126,0.005052228091443778,4.045751633986928,0.8783414939337776,0.049828178694158,0.1013745704467354,0.1283333333333333,1.0132022500038147,30,False,1426.0
3,sparse_er,sparse_er_3,3,45,900313282,3966574972,"[2, 107, 131, 140, 152, 167, 219, 253, 309, 398, 406, 436, 456, 497, 508, 514, 575, 586]","[111, 261, 190, 45, 517, 86, 220, 430, 313, 282, 252, 454, 113, 234, 324, 456, 452, 231]",600,18,0.8,0.01,,,,,,,,5.751666666666667,0.4260803313068417,0.9983333333333333,0.17,4.777777777777778,0.0014770622053347482,0.0022397163547881065,0.13402061855670103,0.003436426116838488,0.0,0.0,2.3281786941580758,5.0,0.0,0.061855670103092786,4.323024054982818,0.12245345630657606,0.7505840741463645,0.0024509803921568627,4.169934640522876,0.7957131640208647,0.0395189003436426,0.0773195876288659,0.105,0.8647799589671195,25,True,1406.0
3,sparse_er,sparse_er_3,3,46,900313282,1813638757,"[1, 3, 24, 27, 35, 60, 97, 228, 268, 388, 423, 429, 457, 489, 508, 540, 572, 578]","[268, 440, 259, 0, 158, 532, 558, 280, 276, 283, 304, 509, 271, 218, 324, 249, 6, 559]",600,18,0.8,0.01,,,,,,,,5.751666666666667,0.4260803313068417,0.9983333333333333,0.17,4.611111111111111,0.00141850018355789,0.002454944274464447,0.12886597938144329,0.006872852233676976,0.0,0.0,2.343642611683849,5.0,0.0,0.06357388316151202,4.374570446735395,0.1200356853703553,0.7594205984468063,0.002777777777777778,4.241830065359477,0.8462231798984566,0.063573883161512,0.211340206185567,0.235,1.0115319170290604,30,False,1494.0
3,sparse_er,sparse_er_3,3,47,900313282,533134005,"[7, 56, 107, 116, 144, 151, 170, 191, 209, 231, 239, 241, 273, 363, 373, 526, 535, 559]","[96, 48, 261, 594, 143, 253, 7, 262, 376, 25, 414, 405, 568, 275, 345, 329, 269, 599]",600,18,0.8,0.01,,,,,,,,5.751666666666667,0.4260803313068417,0.9983333333333333,0.17,6.888888888888889,0.0019331174399836255,0.006434704083645919,0.18213058419243985,0.020618556701030927,0.0,0.0,2.127147766323024,4.0,0.0,0.17525773195876287,6.384879725085911,0.16380239124447213,0.6700498607094061,0.005871579400991165,3.5359477124183005,0.8599497920915063,0.0773195876288659,1.0,1.0,0.9811096249613912,30,False,2748.0
3,sparse_er,sparse_er_3,3,48,900313282,1957454698,"[42, 90, 95, 114, 289, 335, 358, 361, 380, 479, 485, 494, 497, 508, 519, 530, 575, 577]","[1, 396, 466, 103, 31, 141, 89, 451, 352, 305, 360, 295, 234, 324, 285, 461, 452, 80]",600,18,0.8,0.01,,,,,,,,5.751666666666667,0.4260803313068417,0.9983333333333333,0.17,4.388888888888889,0.0013769292984739047,0.0026162702567202774,0.1254295532646048,0.006872852233676976,0.0,0.0,2.3762886597938144,5.0,0.0,0.061855670103092786,4.1048109965635735,0.11749306713670539,0.7653648467212,0.0032113855643267405,4.2026143790849675,0.8199588778766898,0.056701030927835,0.2972508591065292,0.3183333333333333,1.0095415839459747,30,False,1568.0
3,sparse_er,sparse_er_3,3,49,900313282,1656792038,"[15, 42, 45, 155, 201, 210, 252, 270, 309, 332, 356, 362, 430, 452, 471, 481, 569, 589]","[567, 1, 358, 495, 20, 457, 433, 274, 313, 202, 114, 418, 180, 306, 465, 264, 230, 52]",600,18,0.8,0.01,,,,,,,,5.751666666666667,0.4260803313068417,0.9983333333333333,0.17,5.555555555555555,0.001634065408952722,0.004767968909889096,0.13917525773195877,0.010309278350515464,0.001718213058419244,0.0,2.2697594501718212,4.0,0.0,0.10996563573883161,5.2714776632302405,0.12853175360776786,0.7416884030969237,0.006030425638268775,3.7320261437908497,0.8520771919120106,0.0584192439862542,0.2869415807560137,0.3083333333333333,1.0275715419556946,30,False,1586.0
3,sparse_er,sparse_er_4,4,0,1323270737,2226358515,"[10, 19, 143, 152, 162, 209, 257, 294, 297, 326, 356, 422, 430, 434, 454, 502, 524, 548]","[311, 462, 436, 83, 588, 221, 407, 376, 173, 30, 89, 391, 125, 260, 80, 45, 13, 243]",600,18,0.8,0.01,,,,,,,,5.518333333333333,0.43580606832829216,0.99,0.22666666666666666,7.555555555555555,0.0021232952246775295,0.007240413147218291,0.20103092783505155,0.022336769759450172,0.003436426116838488,0.0,2.081174438687392,4.0,0.005154639175257732,0.1718213058419244,6.7353951890034365,0.17767705802772893,0.6398258719709471,0.007345912402111083,3.418300653594771,0.6709562373104366,0.0807560137457044,0.9742268041237112,0.975,0.973387417034246,30,False,2642.0
3,sparse_er,sparse_er_4,4,1,1323270737,1039801632,"[14, 51, 66, 89, 126, 166, 193, 223, 250, 267, 270, 273, 322, 353, 367, 397, 398, 506]","[133, 587, 90, 202, 236, 62, 390, 591, 33, 514, 266, 405, 157, 537, 595, 575, 451, 340]",600,18,0.8,0.01,,,,,,,,5.518333333333333,0.43580606832829216,0.99,0.22666666666666666,5.944444444444445,0.0017477818654330736,0.004508825685854518,0.1718213058419244,0.00859106529209622,0.0,0.0,2.1986183074265977,4.0,0.005154639175257732,0.12714776632302405,5.243986254295533,0.15185401043354044,0.6870604657215016,0.002303753745506917,3.8823529411764706,0.7721935441851475,0.0584192439862542,0.9810996563573884,0.9816666666666668,1.000160375027917,30,False,2642.0
3,sparse_er,sparse_er_4,4,2,1323270737,3711428971,"[123, 137, 183, 241, 258, 297, 302, 338, 359, 362, 385, 389, 419, 420, 449, 509, 513, 537]","[447, 363, 207, 426, 503, 173, 482, 596, 11, 418, 285, 487, 479, 556, 393, 263, 131, 283]",600,18,0.8,0.01,,,,,,,,5.518333333333333,0.43580606832829216,0.99,0.22666666666666666,6.222222222222222,0.0018350264274125023,0.00513026407870352,0.1718213058419244,0.01718213058419244,0.0,0.0,2.208981001727116,5.0,0.005154639175257732,0.1134020618556701,5.479381443298969,0.1545868956731729,0.6869776602729031,0.00531328693093399,3.803921568627451,0.7330193462058694,0.0721649484536082,0.9759450171821306,0.9766666666666668,0.9687517499551176,30,False,2642.0
3,sparse_er,sparse_er_4,4,3,1323270737,4159984556,"[50, 117, 118, 142, 185, 206, 213, 254, 268, 284, 296, 350, 358, 398, 459, 484, 545, 591]","[346, 219, 248, 75, 378, 562, 275, 170, 38, 386, 381, 138, 498, 451, 511, 107, 82, 480]",600,18,0.8,0.01,,,,,,,,5.518333333333333,0.43580606832829216,0.99,0.22666666666666666,5.166666666666667,0.0015609491096003252,0.0037531659709689183,0.14776632302405499,0.005154639175257732,0.0,0.0,2.2659758203799654,5.0,0.005154639175257732,0.08247422680412371,4.661512027491409,0.132899257003494,0.7271737908925836,0.0016835016835016834,4.0588235294117645,0.8183386878091413,0.049828178694158,0.127147766323024,0.1533333333333333,1.0330393329495564,30,False,1416.0
3,sparse_er,sparse_er_4,4,4,1323270737,2187879055,"[33, 38, 55, 59, 60, 62, 119, 126, 145, 160, 161, 178, 183, 338, 433, 471, 478, 485]","[463, 271, 472, 574, 598, 251, 130, 236, 321, 128, 255, 41, 207, 596, 77, 573, 445, 136]",600,18,0.8,0.01,,,,,,,,5.518333333333333,0.43580606832829216,0.99,0.22666666666666666,5.444444444444445,0.0016221476968327115,0.004421625601352008,0.140893470790378,0.018900343642611683,0.001718213058419244,0.0,2.2896551724137932,4.0,0.003436426116838488,0.09278350515463918,4.989690721649485,0.13220691459548625,0.7386719188979778,0.007601439954381132,3.8308823529411766,0.8290731052539956,0.0601374570446735,0.3848797250859107,0.4033333333333333,1.0114539170172063,30,False,1608.0
3,sparse_er,sparse_er_4,4,5,1323270737,2125582140,"[24, 27, 117, 127, 242, 244, 247, 265, 295, 337, 363, 390, 400, 450, 516, 517, 520, 581]","[374, 64, 219, 102, 373, 306, 35, 486, 116, 70, 231, 557, 490, 410, 108, 187, 149, 510]",600,18,0.8,0.01,,,,,,,,5.518333333333333,0.43580606832829216,0.99,0.22666666666666666,6.222222222222222,0.0018276307621245338,0.004991615181125822,0.1718213058419244,0.013745704467353952,0.0,0.0,2.169257340241796,4.0,0.005154639175257732,0.10309278350515463,5.393470790378007,0.1515973180482356,0.6871610151947998,0.005077030812324929,3.8300653594771243,0.7614591267402933,0.0584192439862542,0.1872852233676976,0.2116666666666666,0.733928499976173,21,True,1446.0
3,sparse_er,sparse_er_4,4,6,1323270737,1234635326,"[68, 89, 96, 97, 103, 130, 187, 207, 279, 301, 360, 440, 442, 451, 457, 469, 537, 551]","[46, 202, 520, 515, 6, 211, 214, 369, 257, 402, 242, 245, 353, 528, 439, 449, 283, 554]",600,18,0.8,0.01,,,,,,,,5.518333333333333,0.43580606832829216,0.99,0.22666666666666666,4.722222222222222,0.0014550893919456245,0.0036050340949111506,0.13058419243986255,0.00859106529209622,0.0,0.0,2.3471502590673574,5.0,0.005154639175257732,0.08419243986254296,4.548109965635739,0.12214318671382873,0.7564159435976602,0.004025549613784908,4.006535947712418,0.8183386878091413,0.0549828178694158,0.3487972508591065,0.3683333333333333,1.0158616660628468,30,False,1576.0
3,sparse_er,sparse_er_4,4,7,1323270737,3346038396,"[27, 40, 41, 47, 112, 116, 118, 151, 337, 357, 373, 389, 486, 535, 542, 549, 568, 597]","[64, 212, 372, 166, 87, 47, 248, 280, 70, 218, 34, 487, 79, 432, 349, 3, 105, 179]",600,18,0.8,0.01,,,,,,,,5.518333333333333,0.43580606832829216,0.99,0.22666666666666666,5.944444444444445,0.001727992592476571,0.004965596647486242,0.1563573883161512,0.01718213058419244,0.0,0.0,2.234887737478411,4.0,0.005154639175257732,0.12027491408934708,5.419243986254296,0.14387344626530388,0.712511311815746,0.0054756517991812114,3.7058823529411766,0.7330193462058694,0.0807560137457044,0.9759450171821306,0.9766666666666668,0.9753008750267328,30,False,2642.0
3,sparse_er,sparse_er_4,4,8,1323270737,3652625420,"[9, 16, 75, 78, 118, 123, 157, 240, 315, 397, 446, 452, 486, 510, 526, 556, 559, 596]","[16, 322, 565, 305, 248, 447, 453, 50, 40, 575, 127, 58, 79, 551, 441, 8, 583, 296]",600,18,0.8,0.01,,,,,,,,5.518333333333333,0.43580606832829216,0.99,0.22666666666666666,5.388888888888889,0.0016087460697258088,0.004017769586672074,0.1563573883161512,0.006872852233676976,0.0,0.0,2.203448275862069,4.0,0.003436426116838488,0.08934707903780069,5.132302405498282,0.1370707402404595,0.7129312537336385,0.0031793914146855317,3.8970588235294117,0.7292558744057305,0.049828178694158,0.1804123711340206,0.205,0.9940018750494346,30,False,1452.0
3,sparse_er,sparse_er_4,4,9,1323270737,886209853,"[92, 110, 130, 138, 145, 195, 199, 230, 250, 279, 367, 411, 439, 471, 491, 544, 567, 599]","[153, 154, 211, 239, 321, 329, 501, 298, 33, 257, 595, 508, 196, 573, 326, 438, 36, 209]",600,18,0.8,0.01,,,,,,,,5.518333333333333,0.43580606832829216,0.99,0.22666666666666666,4.611111111111111,0.0014228956659258058,0.0035528843413893773,0.12714776632302405,0.013745704467353952,0.001718213058419244,0.0,2.305699481865285,5.0,0.005154639175257732,0.07216494845360824,4.527491408934708,0.12048929119750201,0.7623720212218535,0.005224253724830426,4.3202614379084965,0.7614591267402933,0.056701030927835,0.1116838487972508,0.1383333333333333,1.0306302909739316,30,False,1404.0
3,sparse_er,sparse_er_4,4,10,1323270737,1193805499,"[5, 28, 120, 152, 157, 177, 178, 239, 371, 377, 392, 459, 512, 516, 524, 560, 572, 587]","[412, 113, 332, 83, 453, 413, 41, 424, 495, 225, 15, 511, 359, 108, 13, 313, 469, 268]",600,18,0.8,0.01,,,,,,,,5.518333333333333,0.43580606832829216,0.99,0.22666666666666666,5.833333333333333,0.0017150041990257544,0.003972289630013282,0.16323024054982818,0.013745704467353952,0.0,0.0,2.1813471502590676,4.0,0.005154639175257732,0.13058419243986255,5.4673539518900345,0.14626356934152016,0.701232026781648,0.005981146667421176,3.9281045751633985,0.6546709502473128,0.056701030927835,0.9776632302405498,0.9783333333333334,0.989154209033586,30,False,2642.0
3,sparse_er,sparse_er_4,4,11,1323270737,1118569335,"[17, 44, 62, 117, 208, 237, 242, 250, 271, 327, 350, 378, 515, 519, 526, 570, 591, 596]","[560, 98, 251, 219, 252, 151, 373, 33, 293, 300, 138, 343, 84, 112, 441, 395, 480, 296]",600,18,0.8,0.01,,,,,,,,5.518333333333333,0.43580606832829216,0.99,0.22666666666666666,4.833333333333333,0.001468409835674333,0.003250451083275875,0.12886597938144329,0.006872852233676976,0.0,0.0,2.305699481865285,4.0,0.005154639175257732,0.08762886597938144,4.8075601374570445,0.11926089649237732,0.7595152332452046,0.00279098171255034,3.954248366013072,0.7031594896449995,0.0463917525773195,0.0893470790378006,0.1166666666666666,1.0278378749499095,30,False,1392.0
3,sparse_er,sparse_er_4,4,12,1323270737,3211905945,"[112, 121, 173, 192, 195, 213, 261, 277, 337, 342, 344, 360, 376, 394, 424, 431, 570, 574]","[87, 523, 303, 213, 329, 275, 237, 577, 70, 465, 291, 242, 254, 417, 327, 232, 395, 148]",600,18,0.8,0.01,,,,,,,,5.518333333333333,0.43580606832829216,0.99,0.22666666666666666,5.277777777777778,0.0015631596587605203,0.0029237905678783857,0.14776632302405499,0.015463917525773196,0.0,0.0,2.2763385146804835,4.0,0.005154639175257732,0.10996563573883161,5.171821305841925,0.13743593025428488,0.7269431185714877,0.005361740655858303,3.8758169934640523,0.7330193462058694,0.056701030927835,0.2525773195876288,0.275,1.0102144579868764,30,False,1474.0
3,sparse_er,sparse_er_4,4,13,1323270737,3436313194,"[20, 71, 75, 103, 111, 127, 204, 231, 257, 278, 425, 426, 460, 474, 535, 565, 579, 598]","[566, 398, 565, 6, 230, 102, 485, 144, 407, 171, 328, 262, 158, 385, 432, 182, 60, 37]",600,18,0.8,0.01,,,,,,,,5.518333333333333,0.43580606832829216,0.99,0.22666666666666666,5.111111111111111,0.0015330642051468455,0.003537978956191401,0.14776632302405499,0.006872852233676976,0.0,0.0,2.224525043177893,4.0,0.005154639175257732,0.07388316151202749,4.90893470790378,0.13303312836444722,0.7271797055674835,0.002617208499561441,4.150326797385621,0.779164489829863,0.0807560137457044,0.5103092783505154,0.525,1.021582540939562,30,False,1716.0
3,sparse_er,sparse_er_4,4,14,1323270737,2833203362,"[24, 62, 73, 74, 88, 118, 123, 300, 394, 396, 407, 418, 421, 441, 505, 523, 524, 582]","[374, 251, 337, 297, 10, 248, 447, 7, 417, 165, 400, 282, 448, 354, 475, 444, 13, 325]",600,18,0.8,0.01,,,,,,,,5.518333333333333,0.43580606832829216,0.99,0.22666666666666666,5.722222222222222,0.001697524917876306,0.004845442571472288,0.16494845360824742,0.00859106529209622,0.0,0.0,2.174438687392055,4.0,0.005154639175257732,0.1013745704467354,5.297250859106529,0.14590617531593225,0.6984757882782973,0.0030934026032065245,3.934640522875817,0.7330193462058694,0.063573883161512,0.1855670103092783,0.21,0.821990167023614,24,True,1444.0
3,sparse_er,sparse_er_4,4,15,1323270737,41930491,"[13, 19, 42, 71, 80, 145, 161, 169, 223, 272, 297, 340, 354, 356, 407, 424, 530, 577]","[265, 462, 519, 398, 581, 321, 255, 78, 591, 422, 173, 18, 368, 89, 400, 327, 320, 123]",600,18,0.8,0.01,,,,,,,,5.518333333333333,0.43580606832829216,0.99,0.22666666666666666,6.666666666666667,0.0019228802678841357,0.0057862037172897885,0.19072164948453607,0.00859106529209622,0.0,0.0,2.1174438687392056,4.0,0.005154639175257732,0.15979381443298968,5.776632302405498,0.16221427676324868,0.6568187329583429,0.0022446235681529802,3.849673202614379,0.6477000046025975,0.063573883161512,0.979381443298969,0.98,0.9956967079779132,30,False,2642.0
3,sparse_er,sparse_er_4,4,16,1323270737,300459271,"[82, 103, 105, 233, 265, 277, 331, 417, 419, 463, 464, 500, 543, 544, 548, 564, 565, 568]","[572, 6, 440, 192, 486, 577, 592, 118, 479, 415, 206, 323, 235, 438, 243, 27, 182, 105]",600,18,0.8,0.01,,,,,,,,5.518333333333333,0.43580606832829216,0.99,0.22666666666666666,5.722222222222222,0.0016932117322766504,0.00457827900129489,0.16151202749140894,0.013745704467353952,0.001718213058419244,0.0,2.24006908462867,4.0,0.005154639175257732,0.1323024054982818,5.34020618556701,0.1453964537190844,0.7041124734578964,0.004814383894545371,3.8562091503267975,0.8290731052539956,0.0601374570446735,0.4621993127147766,0.4783333333333333,1.0155085410224274,30,False,1656.0
3,sparse_er,sparse_er_4,4,17,1323270737,436412403,"[106, 118, 152, 155, 173, 180, 212, 273, 317, 325, 520, 526, 529, 532, 556, 567, 592, 598]","[284, 248, 83, 49, 303, 29, 567, 405, 208, 227, 149, 441, 383, 569, 8, 36, 32, 37]",600,18,0.8,0.01,,,,,,,,5.518333333333333,0.43580606832829216,0.99,0.22666666666666666,5.444444444444445,0.001645697907689612,0.0036818810636722052,0.14948453608247422,0.00859106529209622,0.0,0.0,2.2867012089810017,4.0,0.005154639175257732,0.10309278350515463,4.747422680412371,0.13455846976921476,0.7242637708418357,0.00353122730573711,3.9215686274509802,0.6938451482265912,0.0429553264604811,0.2096219931271477,0.2333333333333333,0.9980174999218434,30,True,1484.0
3,sparse_er,sparse_er_4,4,18,1323270737,2991895934,"[92, 105, 136, 215, 217, 221, 248, 268, 334, 346, 381, 413, 496, 505, 532, 553, 555, 562]","[153, 440, 571, 258, 48, 534, 201, 38, 452, 593, 281, 312, 204, 475, 569, 287, 175, 223]",600,18,0.8,0.01,,,,,,,,5.518333333333333,0.43580606832829216,0.99,0.22666666666666666,4.833333333333333,0.0014840868094653148,0.004780625842090753,0.12714776632302405,0.012027491408934709,0.0,0.0,2.3506044905008636,5.0,0.005154639175257732,0.0859106529209622,4.4673539518900345,0.11941338715145886,0.7624252532959526,0.005444029463637306,4.0,0.7208648527345692,0.056701030927835,0.120274914089347,0.1466666666666666,0.7009127089986578,20,True,1386.0
3,sparse_er,sparse_er_4,4,19,1323270737,256917934,"[43, 55, 57, 58, 175, 215, 217, 283, 288, 311, 322, 378, 387, 395, 436, 461, 554, 557]","[69, 472, 155, 464, 152, 258, 48, 425, 456, 540, 157, 343, 496, 507, 86, 547, 319, 476]",600,18,0.8,0.01,,,,,,,,5.518333333333333,0.43580606832829216,0.99,0.22666666666666666,5.111111111111111,0.0015372107303197593,0.0037716155323301017,0.14776632302405499,0.006872852233676976,0.0,0.0,2.224525043177893,4.0,0.005154639175257732,0.07388316151202749,4.922680412371134,0.13225128033651215,0.7272979990654813,0.003376906318082789,4.032679738562091,0.6868742025818757,0.0584192439862542,0.3006872852233677,0.3216666666666666,1.0136630419874564,30,False,1542.0
3,sparse_er,sparse_er_4,4,20,1323270737,2962672660,"[2, 8, 48, 97, 114, 235, 268, 342, 346, 361, 371, 433, 447, 450, 465, 471, 499, 578]","[109, 388, 156, 515, 59, 57, 38, 465, 593, 473, 495, 77, 72, 410, 389, 573, 289, 428]",600,18,0.8,0.01,,,,,,,,5.518333333333333,0.43580606832829216,0.99,0.22666666666666666,4.444444444444445,0.001395090545556908,0.0028949870435445555,0.12886597938144329,0.005154639175257732,0.0,0.0,2.3379310344827586,5.0,0.003436426116838488,0.05326460481099656,4.240549828178694,0.11841791542820518,0.7594856598707052,0.001865055786624414,4.1911764705882355,0.8006333247195716,0.0326460481099656,0.0979381443298969,0.125,1.0481489580124617,30,False,1416.0
3,sparse_er,sparse_er_4,4,21,1323270737,41121411,"[18, 19, 21, 62, 65, 122, 126, 140, 191, 210, 237, 286, 292, 370, 375, 511, 588, 589]","[338, 462, 459, 251, 350, 147, 236, 73, 522, 548, 151, 502, 450, 416, 250, 177, 531, 307]",600,18,0.8,0.01,,,,,,,,5.518333333333333,0.43580606832829216,0.99,0.22666666666666666,5.277777777777778,0.0015727983329777942,0.0042010938962159594,0.15292096219931273,0.010309278350515464,0.0,0.0,2.214162348877375,4.0,0.005154639175257732,0.10481099656357389,4.963917525773196,0.13768575182997048,0.7185087921642387,0.003923206709584418,4.052287581699346,0.779164489829863,0.0618556701030927,0.9776632302405498,0.9783333333333334,1.0193821670254692,30,False,2640.0
3,sparse_er,sparse_er_4,4,22,1323270737,300531526,"[11, 23, 65, 92, 105, 137, 180, 185, 191, 263, 289, 299, 338, 342, 392, 442, 465, 477]","[23, 533, 350, 153, 440, 363, 29, 378, 522, 409, 294, 564, 596, 465, 15, 353, 389, 189]",600,18,0.8,0.01,,,,,,,,5.518333333333333,0.43580606832829216,0.99,0.22666666666666666,4.833333333333333,0.0014905851225901216,0.003206408475792325,0.13058419243986255,0.018900343642611683,0.0,0.0,2.3281519861830744,4.0,0.005154639175257732,0.07216494845360824,4.4673539518900345,0.1252588388348812,0.7563331381490617,0.007038549685608509,4.163398692810458,0.7898989072747172,0.0618556701030927,0.1151202749140893,0.1416666666666666,0.7862097079632804,23,True,1398.0
3,sparse_er,sparse_er_4,4,23,1323270737,2220114251,"[12, 41, 108, 133, 143, 275, 276, 343, 367, 380, 385, 463, 491, 549, 550, 555, 573, 580]","[396, 372, 1, 139, 436, 513, 215, 302, 595, 491, 285, 415, 326, 3, 159, 175, 344, 188]",600,18,0.8,0.01,,,,,,,,5.518333333333333,0.43580606832829216,0.99,0.22666666666666666,6.444444444444445,0.0018542785415506166,0.0066752714314017225,0.17525773195876287,0.018900343642611683,0.001718213058419244,0.0,2.127806563039724,4.0,0.005154639175257732,0.1718213058419244,6.238831615120275,0.15766895445584814,0.6813114017188046,0.00824368986133692,3.627450980392157,0.7045795656714454,0.0910652920962199,0.9776632302405498,0.9783333333333334,0.9644758329959586,30,False,2642.0
3,sparse_er,sparse_er_4,4,24,1323270737,2921828238,"[38, 77, 79, 118, 120, 159, 240, 430, 468, 498, 518, 521, 534, 537, 551, 553, 556, 592]","[271, 24, 183, 248, 332, 361, 50, 125, 377, 199, 355, 200, 256, 283, 554, 287, 8, 32]",600,18,0.8,0.01,,,,,,,,5.518333333333333,0.43580606832829216,0.99,0.22666666666666666,5.777777777777778,0.0016789691671809837,0.004201066675334371,0.15120274914089346,0.015463917525773196,0.001718213058419244,0.0,2.2590673575129534,4.0,0.005154639175257732,0.13917525773195877,5.542955326460481,0.13907206422277,0.7212650306675894,0.0071699270228682,3.758169934640523,0.738570215824139,0.0584192439862542,0.2319587628865979,0.255,0.9815915829967709,29,True,1476.0
3,sparse_er,sparse_er_4,4,25,1323270737,4141660084,"[16, 39, 71, 171, 224, 283, 292, 373, 386, 406, 487, 490, 513, 516, 519, 525, 550, 557]","[322, 443, 398, 580, 4, 425, 450, 34, 442, 471, 541, 399, 131, 108, 112, 584, 159, 476]",600,18,0.8,0.01,,,,,,,,5.518333333333333,0.43580606832829216,0.99,0.22666666666666666,5.944444444444445,0.0017395828386056913,0.0063845934148500615,0.17010309278350516,0.013745704467353952,0.0,0.0,2.168965517241379,4.0,0.003436426116838488,0.09450171821305842,5.329896907216495,0.15031207489971465,0.6899527417475498,0.003789293495175848,3.948529411764706,0.8398075226988498,0.0584192439862542,0.9776632302405498,0.9783333333333334,0.9849549169884996,30,False,2642.0
3,sparse_er,sparse_er_4,4,26,1323270737,537949,"[16, 48, 125, 180, 288, 312, 371, 392, 410, 421, 427, 458, 486, 499, 509, 552, 561, 592]","[322, 156, 370, 29, 456, 401, 495, 15, 563, 448, 100, 403, 79, 289, 263, 474, 203, 32]",600,18,0.8,0.01,,,,,,,,5.518333333333333,0.43580606832829216,0.99,0.22666666666666666,4.944444444444445,0.001503786477383356,0.0035164687534342174,0.13573883161512026,0.00859106529209622,0.001718213058419244,0.0,2.2913793103448277,5.0,0.003436426116838488,0.06701030927835051,4.475945017182131,0.12357213030521558,0.747709542145016,0.003858024691358025,4.0661764705882355,0.8169186117826952,0.0687285223367697,0.9810996563573884,0.9816666666666668,0.9702005840372294,30,False,2642.0
3,sparse_er,sparse_er_4,4,27,1323270737,2195322001,"[11, 76, 102, 124, 155, 228, 231, 266, 291, 319, 320, 324, 338, 385, 411, 482, 543, 551]","[23, 351, 526, 71, 49, 279, 144, 233, 345, 518, 532, 226, 596, 285, 508, 589, 235, 554]",600,18,0.8,0.01,,,,,,,,5.518333333333333,0.43580606832829216,0.99,0.22666666666666666,5.833333333333333,0.0017377278509632102,0.005106487234212833,0.15979381443298968,0.015463917525773196,0.001718213058419244,0.0,2.2107081174438687,5.0,0.005154639175257732,0.0979381443298969,5.154639175257732,0.14490186995038165,0.7069160293604462,0.005252998635351576,3.888888888888889,0.7884788312482712,0.0429553264604811,0.0927835051546391,0.12,1.0275157089345155,30,True,1412.0
3,sparse_er,sparse_er_4,4,28,1323270737,4245709567,"[11, 32, 89, 90, 97, 116, 153, 194, 242, 266, 292, 296, 349, 363, 379, 423, 482, 545]","[23, 484, 202, 408, 515, 47, 404, 53, 373, 233, 450, 381, 434, 231, 497, 253, 589, 82]",600,18,0.8,0.01,,,,,,,,5.518333333333333,0.43580606832829216,0.99,0.22666666666666666,5.333333333333333,0.0016049023638184266,0.00460923808736971,0.14432989690721648,0.015463917525773196,0.001718213058419244,0.0,2.2797927461139897,4.0,0.005154639175257732,0.08934707903780069,4.761168384879725,0.13300125134105908,0.732905110870581,0.007590992885110533,3.9607843137254903,0.680270578728845,0.0549828178694158,0.2010309278350515,0.225,1.0330707500688732,30,False,1450.0
3,sparse_er,sparse_er_4,4,29,1323270737,3654388268,"[14, 27, 79, 87, 92, 137, 152, 210, 238, 246, 314, 351, 398, 416, 536, 553, 588, 595]","[133, 64, 183, 137, 153, 363, 83, 548, 141, 176, 387, 536, 451, 44, 26, 287, 531, 228]",600,18,0.8,0.01,,,,,,,,5.518333333333333,0.43580606832829216,0.99,0.22666666666666666,5.333333333333333,0.0015883752260987811,0.004463789466980924,0.14604810996563575,0.015463917525773196,0.0,0.0,2.227979274611399,4.0,0.005154639175257732,0.09450171821305842,5.238831615120275,0.13574531393106387,0.7299063706963347,0.005481238079277294,3.869281045751634,0.7829279616300019,0.0756013745704467,0.979381443298969,0.98,0.969234999967739,30,False,2642.0
3,sparse_er,sparse_er_4,4,30,1323270737,545298233,"[23, 47, 60, 89, 96, 109, 136, 186, 253, 265, 297, 415, 434, 448, 459, 460, 495, 576]","[533, 166, 598, 202, 520, 142, 571, 568, 288, 486, 173, 506, 260, 42, 511, 158, 178, 96]",600,18,0.8,0.01,,,,,,,,5.518333333333333,0.43580606832829216,0.99,0.22666666666666666,6.166666666666667,0.001806217914506915,0.005503164572436771,0.1718213058419244,0.015463917525773196,0.0,0.0,2.1658031088082903,4.0,0.005154639175257732,0.11683848797250859,5.505154639175258,0.15489638278136653,0.6869007694992044,0.004753960636313577,3.8562091503267975,0.754488181095578,0.0738831615120274,0.9759450171821306,0.9766666666666668,1.0200460420455784,30,False,2642.0
3,sparse_er,sparse_er_4,4,31,1323270737,2340634044,"[15, 32, 52, 86, 126, 168, 174, 182, 190, 269, 281, 298, 324, 371, 394, 456, 520, 565]","[224, 484, 264, 334, 236, 120, 241, 421, 582, 430, 299, 558, 226, 495, 417, 273, 149, 182]",600,18,0.8,0.01,,,,,,,,5.518333333333333,0.43580606832829216,0.99,0.22666666666666666,6.0,0.001762150502869615,0.004752685235334505,0.16666666666666666,0.015463917525773196,0.0,0.0,2.1986183074265977,5.0,0.005154639175257732,0.1323024054982818,5.556701030927835,0.1507725281313652,0.6954356453797517,0.005434467779669018,3.7516339869281046,0.6178401480417277,0.0773195876288659,0.9810996563573884,0.9816666666666668,0.9896944999927656,30,False,2642.0
3,sparse_er,sparse_er_4,4,32,1323270737,1962240439,"[13, 34, 81, 118, 159, 169, 181, 189, 205, 221, 238, 251, 267, 343, 456, 458, 465, 494]","[265, 366, 92, 248, 361, 78, 446, 261, 384, 534, 141, 331, 514, 302, 273, 403, 389, 205]",600,18,0.8,0.01,,,,,,,,5.518333333333333,0.43580606832829216,0.99,0.22666666666666666,6.166666666666667,0.001797048256734925,0.00533403643573294,0.17525773195876287,0.012027491408934709,0.0,0.0,2.157167530224525,4.0,0.005154639175257732,0.13917525773195877,5.5893470790378,0.15500175914889455,0.6814474392415021,0.004308230749983923,3.849673202614379,0.7385702158241387,0.0807560137457044,0.9742268041237112,0.975,0.9857901249779388,30,False,2642.0
3,sparse_er,sparse_er_4,4,33,1323270737,2977008816,"[13, 93, 144, 146, 158, 187, 198, 239, 278, 297, 317, 323, 333, 388, 399, 432, 513, 566]","[265, 489, 454, 56, 539, 214, 420, 424, 171, 173, 208, 505, 111, 169, 543, 314, 131, 570]",600,18,0.8,0.01,,,,,,,,5.518333333333333,0.43580606832829216,0.99,0.22666666666666666,6.666666666666667,0.0019323967265871956,0.0058041210839642,0.18041237113402062,0.013745704467353952,0.001718213058419244,0.0,2.1157167530224523,4.0,0.005154639175257732,0.1563573883161512,5.969072164948454,0.16022215483397204,0.6729243927107547,0.005310956291348448,3.627450980392157,0.7101304352897149,0.0601374570446735,0.979381443298969,0.98,0.9932047909824178,30,False,2642.0
3,sparse_er,sparse_er_4,4,34,1323270737,4033344943,"[27, 37, 116, 185, 203, 206, 216, 218, 221, 227, 249, 287, 356, 380, 428, 528, 560, 594]","[64, 191, 47, 378, 217, 562, 590, 186, 534, 500, 364, 394, 89, 491, 140, 357, 313, 184]",600,18,0.8,0.01,,,,,,,,5.518333333333333,0.43580606832829216,0.99,0.22666666666666666,6.944444444444445,0.0020105917304814864,0.006792022740226928,0.19759450171821305,0.012027491408934709,0.001718213058419244,0.0,2.1208981001727114,4.0,0.005154639175257732,0.15463917525773196,5.8006872852233675,0.16803838800105014,0.6458706697186389,0.0051964375493787265,3.718954248366013,0.8183386878091413,0.0670103092783505,0.2457044673539518,0.2683333333333333,0.9856291670585052,29,True,1512.0
3,sparse_er,sparse_er_4,4,35,1323270737,821325796,"[30, 44, 65, 76, 91, 92, 191, 222, 269, 312, 326, 337, 401, 425, 442, 464, 497, 564]","[494, 98, 350, 351, 0, 153, 522, 466, 430, 401, 30, 70, 160, 328, 353, 206, 341, 27]",600,18,0.8,0.01,,,,,,,,5.518333333333333,0.43580606832829216,0.99,0.22666666666666666,5.5,0.0016269553785183718,0.004440836286285834,0.15292096219931273,0.013745704467353952,0.0,0.0,2.234887737478411,4.0,0.005154639175257732,0.10996563573883161,5.130584192439863,0.13818725865054685,0.7184614747650395,0.005065014195105861,4.006535947712418,0.6639852916657213,0.0584192439862542,0.2147766323024054,0.2383333333333333,1.0273969590198249,30,False,1468.0
3,sparse_er,sparse_er_4,4,36,1323270737,3334912344,"[8, 14, 16, 121, 145, 159, 178, 204, 271, 316, 361, 371, 408, 410, 439, 461, 513, 566]","[388, 133, 322, 523, 321, 361, 41, 485, 293, 535, 473, 495, 168, 563, 196, 547, 131, 570]",600,18,0.8,0.01,,,,,,,,5.518333333333333,0.43580606832829216,0.99,0.22666666666666666,5.055555555555555,0.0015031529184700671,0.004144465620913463,0.14604810996563575,0.005154639175257732,0.001718213058419244,0.0,2.2706896551724136,4.0,0.003436426116838488,0.08419243986254296,4.879725085910653,0.1303523234157676,0.7301547870421302,0.0029271472898923876,3.963235294117647,0.7222849287610151,0.0412371134020618,0.1391752577319587,0.165,0.8593949999194592,25,True,1422.0
3,sparse_er,sparse_er_4,4,37,1323270737,2052672585,"[9, 15, 73, 92, 171, 182, 200, 224, 237, 369, 375, 401, 453, 467, 494, 512, 574, 589]","[16, 224, 337, 153, 580, 421, 406, 4, 151, 310, 250, 160, 579, 119, 205, 359, 148, 307]",600,18,0.8,0.01,,,,,,,,5.518333333333333,0.43580606832829216,0.99,0.22666666666666666,5.777777777777778,0.0017133321347889993,0.004766044113234399,0.16494845360824742,0.010309278350515464,0.0,0.0,2.208981001727116,5.0,0.005154639175257732,0.09106529209621993,5.037800687285223,0.14621006152446872,0.6984580442535976,0.0029844701413328863,3.973856209150327,0.7898989072747171,0.0429553264604811,0.1237113402061855,0.15,1.033499583019875,30,False,1414.0
3,sparse_er,sparse_er_4,4,38,1323270737,676856834,"[31, 54, 59, 82, 100, 110, 175, 216, 272, 288, 315, 357, 380, 407, 426, 483, 484, 579]","[66, 106, 574, 572, 586, 154, 152, 590, 422, 456, 40, 218, 491, 400, 262, 356, 107, 60]",600,18,0.8,0.01,,,,,,,,5.518333333333333,0.43580606832829216,0.99,0.22666666666666666,5.5,0.0016369615772712346,0.003799024357182675,0.15979381443298968,0.010309278350515464,0.0,0.0,2.150259067357513,4.0,0.005154639175257732,0.10309278350515463,5.43298969072165,0.14353921356185645,0.7068923706608466,0.0032823385764562236,3.954248366013072,0.8183386878091413,0.0463917525773195,0.1323024054982818,0.1583333333333333,0.9528614999726416,28,True,1444.0
3,sparse_er,sparse_er_4,4,39,1323270737,3680400869,"[0, 2, 114, 118, 166, 196, 238, 292, 313, 326, 330, 423, 434, 477, 496, 528, 529, 584]","[81, 109, 59, 248, 62, 348, 141, 450, 247, 30, 195, 253, 260, 189, 204, 357, 383, 504]",600,18,0.8,0.01,,,,,,,,5.518333333333333,0.43580606832829216,0.99,0.22666666666666666,6.388888888888889,0.0018448444880934424,0.006082011589457029,0.18384879725085912,0.013745704467353952,0.0,0.0,2.1157167530224523,4.0,0.005154639175257732,0.1323024054982818,5.654639175257732,0.16212220105518968,0.6674355744036529,0.0040479121976117055,3.738562091503268,0.779164489829863,0.0584192439862542,0.3144329896907216,0.335,1.012721458915621,30,False,1530.0
3,sparse_er,sparse_er_4,4,40,1323270737,2833825996,"[115, 154, 155, 169, 208, 221, 224, 270, 303, 318, 371, 410, 457, 473, 502, 552, 559, 579]","[488, 295, 49, 78, 252, 534, 4, 266, 367, 336, 495, 563, 439, 324, 45, 474, 583, 60]",600,18,0.8,0.01,,,,,,,,5.518333333333333,0.43580606832829216,0.99,0.22666666666666666,4.944444444444445,0.001470303976816321,0.0038652413478591826,0.13917525773195877,0.00859106529209622,0.001718213058419244,0.0,2.24006908462867,4.0,0.005154639175257732,0.10309278350515463,4.994845360824742,0.12797954695405497,0.7417238911463231,0.00430460062813004,3.973856209150327,0.807604270364287,0.0601374570446735,0.3350515463917525,0.355,1.04755454196129,30,False,1586.0
3,sparse_er,sparse_er_4,4,41,1323270737,1126624157,"[51, 52, 129, 162, 167, 200, 212, 244, 268, 313, 343, 354, 361, 395, 399, 401, 486, 514]","[587, 264, 269, 588, 28, 406, 567, 306, 38, 247, 302, 368, 473, 507, 543, 160, 79, 220]",600,18,0.8,0.01,,,,,,,,5.518333333333333,0.43580606832829216,0.99,0.22666666666666666,5.166666666666667,0.0015599110534706068,0.004320715740358177,0.14776632302405499,0.00859106529209622,0.0,0.0,2.227979274611399,4.0,0.005154639175257732,0.08075601374570447,4.783505154639175,0.13236650076239648,0.7273275724399808,0.0034824471098980903,4.032679738562091,0.6831107307817368,0.0532646048109965,0.3024054982817869,0.3233333333333333,1.0437726670643317,30,False,1556.0
3,sparse_er,sparse_er_4,4,42,1323270737,3108209750,"[96, 121, 139, 169, 175, 204, 217, 224, 305, 331, 390, 418, 424, 442, 472, 537, 541, 573]","[520, 523, 549, 78, 152, 485, 48, 4, 524, 592, 557, 282, 327, 353, 181, 283, 561, 344]",600,18,0.8,0.01,,,,,,,,5.518333333333333,0.43580606832829216,0.99,0.22666666666666666,5.055555555555555,0.0015188483848850715,0.005074947651120199,0.140893470790378,0.013745704467353952,0.001718213058419244,0.0,2.2487046632124352,4.0,0.005154639175257732,0.08934707903780069,5.034364261168385,0.13085759440729425,0.7387428949967765,0.006929354233275802,3.973856209150327,0.8183386878091413,0.0601374570446735,0.1701030927835051,0.195,1.0155663340119645,30,False,1460.0
3,sparse_er,sparse_er_4,4,43,1323270737,1119060089,"[61, 93, 122, 142, 160, 186, 190, 247, 266, 344, 347, 373, 406, 408, 460, 461, 476, 569]","[594, 489, 147, 75, 128, 568, 582, 35, 233, 291, 477, 34, 471, 168, 158, 547, 308, 509]",600,18,0.8,0.01,,,,,,,,5.518333333333333,0.43580606832829216,0.99,0.22666666666666666,5.666666666666667,0.001676293992988279,0.004446911402195073,0.16323024054982818,0.00859106529209622,0.0,0.0,2.1934369602763386,4.0,0.005154639175257732,0.10481099656357389,5.298969072164948,0.14542889845481105,0.701226112106748,0.002671511495040907,3.947712418300654,0.8398075226988498,0.070446735395189,0.9759450171821306,0.9766666666666668,0.9933241669787094,30,False,2642.0
3,sparse_er,sparse_er_4,4,44,1323270737,2104181196,"[10, 95, 138, 158, 181, 207, 221, 243, 273, 299, 341, 352, 421, 449, 500, 518, 567, 589]","[311, 362, 239, 539, 446, 369, 534, 274, 405, 564, 198, 309, 448, 393, 323, 355, 36, 307]",600,18,0.8,0.01,,,,,,,,5.518333333333333,0.43580606832829216,0.99,0.22666666666666666,5.833333333333333,0.001719595859113011,0.0045234134456652135,0.17010309278350516,0.010309278350515464,0.0,0.0,2.1951640759930915,5.0,0.005154639175257732,0.11168384879725086,5.202749140893471,0.1505306350560026,0.68994091239775,0.0034759358288770055,3.9411764705882355,0.7437537636507237,0.0601374570446735,0.9742268041237112,0.975,1.0168561659520492,30,False,2642.0
3,sparse_er,sparse_er_4,4,45,1323270737,4291290660,"[42, 55, 156, 173, 248, 250, 274, 301, 317, 344, 362, 389, 436, 493, 506, 529, 562, 566]","[519, 472, 292, 303, 201, 33, 163, 402, 208, 291, 418, 487, 86, 216, 340, 383, 223, 570]",600,18,0.8,0.01,,,,,,,,5.518333333333333,0.43580606832829216,0.99,0.22666666666666666,5.277777777777778,0.0015950346958318279,0.004732787014335178,0.15292096219931273,0.006872852233676976,0.0,0.0,2.233160621761658,4.0,0.005154639175257732,0.09278350515463918,4.986254295532646,0.1371522269926592,0.718491048139539,0.003148267854150207,3.888888888888889,0.6761397851370216,0.0463917525773195,0.1460481099656357,0.1716666666666666,1.2005609170300886,30,False,1434.0
3,sparse_er,sparse_er_4,4,46,1323270737,1990407447,"[39, 73, 128, 133, 192, 199, 245, 272, 274, 311, 394, 396, 460, 462, 517, 530, 537, 589]","[443, 337, 437, 139, 213, 501, 468, 422, 163, 540, 417, 165, 158, 101, 187, 320, 283, 307]",600,18,0.8,0.01,,,,,,,,5.518333333333333,0.43580606832829216,0.99,0.22666666666666666,6.444444444444445,0.0018607291741170604,0.006133862418661432,0.18384879725085912,0.015463917525773196,0.0,0.0,2.1157167530224523,4.0,0.005154639175257732,0.13058419243986255,5.781786941580756,0.1631781413759926,0.6673231955805549,0.0044837478084306225,3.712418300653595,0.779164489829863,0.056701030927835,0.2508591065292096,0.2733333333333333,1.0412348750978708,30,False,1538.0
3,sparse_er,sparse_er_4,4,47,1323270737,3388814785,"[35, 135, 136, 240, 242, 264, 275, 306, 349, 406, 409, 427, 440, 452, 525, 547, 553, 556]","[419, 161, 571, 50, 373, 14, 513, 516, 434, 471, 249, 100, 245, 58, 584, 185, 287, 8]",600,18,0.8,0.01,,,,,,,,5.518333333333333,0.43580606832829216,0.99,0.22666666666666666,7.055555555555555,0.0020016096778724688,0.006927482581055043,0.19415807560137457,0.013745704467353952,0.0,0.0,2.1191709844559585,4.0,0.005154639175257732,0.17010309278350516,6.194158075601375,0.16762500835687646,0.6510637542807459,0.004065844233087601,3.65359477124183,0.6924250722001452,0.0687285223367697,0.9759450171821306,0.9766666666666668,0.9714752919971944,30,False,2642.0
3,sparse_er,sparse_er_4,4,48,1323270737,2417266950,"[37, 48, 137, 138, 155, 174, 196, 266, 274, 313, 334, 418, 449, 482, 516, 517, 533, 548]","[191, 156, 363, 239, 49, 241, 348, 233, 163, 247, 452, 282, 393, 589, 108, 187, 286, 243]",600,18,0.8,0.01,,,,,,,,5.518333333333333,0.43580606832829216,0.99,0.22666666666666666,5.388888888888889,0.0016144950444172612,0.00428167044716929,0.14948453608247422,0.006872852233676976,0.0,0.0,2.227979274611399,4.0,0.005154639175257732,0.0859106529209622,5.134020618556701,0.13503265679175247,0.7242341974673362,0.0024167009461127107,3.954248366013072,0.7399902918505848,0.0670103092783505,0.1924398625429553,0.2166666666666666,1.0491587090073151,30,False,1452.0
3,sparse_er,sparse_er_4,4,49,1323270737,4213549993,"[21, 34, 83, 84, 144, 151, 165, 174, 209, 251, 284, 327, 330, 369, 459, 475, 567, 575]","[459, 366, 431, 229, 454, 280, 330, 241, 221, 331, 386, 300, 195, 310, 511, 244, 36, 12]",600,18,0.8,0.01,,,,,,,,5.518333333333333,0.43580606832829216,0.99,0.22666666666666666,6.222222222222222,0.0018218946925079949,0.006116644068672872,0.16323024054982818,0.018900343642611683,0.003436426116838488,0.0,2.1727115716753023,4.0,0.005154639175257732,0.14776632302405499,5.752577319587629,0.14897068273346123,0.7011255626334498,0.008315250472113216,3.9019607843137254,0.779164489829863,0.056701030927835,0.2096219931271477,0.2333333333333333,1.01593208394479,30,False,1472.0
3,sparse_er,sparse_er_5,5,0,3321172815,3337015161,"[33, 54, 66, 102, 127, 146, 148, 187, 288, 295, 324, 336, 361, 425, 542, 555, 579, 597]","[51, 225, 93, 437, 71, 22, 473, 107, 447, 365, 16, 30, 280, 3, 558, 371, 430, 366]",600,18,0.8,0.01,,,,,,,,6.0,0.3960917146547718,0.9966666666666667,0.11333333333333333,6.333333333333333,0.0017420816787868257,0.005163876446128985,0.17697594501718214,0.012027491408934709,0.0,0.0,2.127586206896552,4.0,0.003436426116838488,0.14604810996563575,6.297250859106529,0.156623797819574,0.6785847365899533,0.0035969141072947296,3.6470588235294117,0.7813659514553966,0.0532646048109965,0.1615120274914089,0.1866666666666666,0.8461158330319449,24,True,1544.0
3,sparse_er,sparse_er_5,5,1,3321172815,1541158767,"[87, 140, 145, 163, 165, 175, 193, 272, 275, 295, 379, 395, 398, 414, 426, 429, 547, 557]","[115, 527, 46, 70, 103, 125, 532, 226, 567, 365, 117, 124, 248, 339, 585, 75, 190, 4]",600,18,0.8,0.01,,,,,,,,6.0,0.3960917146547718,0.9966666666666667,0.11333333333333333,6.666666666666667,0.0018331420061519768,0.004484058562937646,0.17869415807560138,0.022336769759450172,0.001718213058419244,0.0,2.1293103448275863,4.0,0.003436426116838488,0.14776632302405499,6.036082474226804,0.16025419257782092,0.6758225834117028,0.007853925591283692,3.843137254901961,0.6105050463525943,0.0618556701030927,0.2972508591065292,0.3183333333333333,1.0293803340755403,30,False,1630.0
3,sparse_er,sparse_er_5,5,2,3321172815,554484937,"[84, 237, 253, 265, 282, 297, 340, 348, 375, 389, 395, 398, 402, 407, 523, 533, 555, 563]","[92, 560, 497, 502, 19, 64, 214, 445, 234, 281, 124, 248, 590, 130, 393, 547, 371, 227]",600,18,0.8,0.01,,,,,,,,6.0,0.3960917146547718,0.9966666666666667,0.11333333333333333,6.611111111111111,0.0017878383596676612,0.004683281958142343,0.1872852233676976,0.010309278350515464,0.0,0.0,2.0724137931034483,4.0,0.003436426116838488,0.17010309278350516,6.379725085910653,0.16137951845702947,0.6621301110184479,0.003347578347578347,3.738562091503268,0.7813659514553966,0.0515463917525773,0.9879725085910652,0.9883333333333332,0.9995643330039456,30,False,2864.0
3,sparse_er,sparse_er_5,5,3,3321172815,2133490248,"[7, 102, 115, 139, 161, 212, 226, 281, 309, 342, 366, 388, 397, 399, 451, 485, 514, 527]","[386, 437, 460, 273, 132, 126, 392, 241, 380, 465, 113, 324, 168, 166, 158, 20, 271, 122]",600,18,0.8,0.01,,,,,,,,6.0,0.3960917146547718,0.9966666666666667,0.11333333333333333,6.555555555555555,0.001782921860280955,0.005155098506935134,0.17869415807560138,0.01718213058419244,0.0,0.0,2.1241379310344826,4.0,0.003436426116838488,0.17525773195876287,6.436426116838488,0.1602807021403933,0.6756333138149062,0.004325875649405061,3.6993464052287583,0.741167622481896,0.0652920962199312,0.986254295532646,0.9866666666666668,0.9920597500167788,30,False,2864.0
3,sparse_er,sparse_er_5,5,4,3321172815,1393598475,"[196, 212, 217, 243, 264, 282, 291, 300, 311, 316, 352, 422, 467, 497, 540, 553, 561, 587]","[9, 126, 287, 87, 575, 19, 471, 182, 481, 374, 193, 96, 352, 474, 426, 596, 170, 78]",600,18,0.8,0.01,,,,,,,,6.0,0.3960917146547718,0.9966666666666667,0.11333333333333333,6.0,0.001654513024113744,0.004793400387306951,0.15979381443298968,0.01718213058419244,0.001718213058419244,0.0,2.1862068965517243,4.0,0.003436426116838488,0.1323024054982818,6.0756013745704465,0.14628018183124844,0.7067977358624483,0.006500954511335134,3.738562091503268,0.6938161064429987,0.0360824742268041,0.0945017182130584,0.1216666666666666,1.2106185830198228,30,False,1452.0
3,sparse_er,sparse_er_5,5,5,3321172815,898990921,"[46, 105, 150, 197, 219, 238, 249, 308, 346, 414, 423, 424, 442, 495, 529, 557, 562, 576]","[512, 340, 541, 210, 259, 1, 253, 488, 410, 339, 90, 162, 57, 175, 163, 4, 377, 10]",600,18,0.8,0.01,,,,,,,,6.0,0.3960917146547718,0.9966666666666667,0.11333333333333333,5.555555555555555,0.0015650660469499395,0.003766500927625418,0.1563573883161512,0.00859106529209622,0.0,0.0,2.2017241379310346,4.0,0.003436426116838488,0.0979381443298969,5.603092783505154,0.13976757463746012,0.7127064960874425,0.0030137981118373274,3.8300653594771243,0.7105271397393951,0.063573883161512,0.2646048109965636,0.2866666666666667,1.0464904579566792,30,False,1580.0
3,sparse_er,sparse_er_5,5,6,3321172815,1806434793,"[30, 57, 62, 198, 217, 220, 225, 377, 460, 476, 494, 503, 508, 550, 555, 561, 574, 597]","[301, 463, 176, 239, 287, 396, 146, 261, 375, 470, 74, 200, 355, 209, 371, 170, 556, 366]",600,18,0.8,0.01,,,,,,,,6.0,0.3960917146547718,0.9966666666666667,0.11333333333333333,5.722222222222222,0.001590176134005327,0.0056783860874449164,0.16666666666666666,0.010309278350515464,0.0,0.0,2.1482758620689655,4.0,0.003436426116838488,0.10652920962199312,5.740549828178694,0.14667915158705566,0.6956899764004472,0.0031700984487362193,3.954248366013072,0.6578565623914916,0.0532646048109965,0.1529209621993127,0.1783333333333333,1.0342917089583352,30,False,1518.0
3,sparse_er,sparse_er_5,5,7,3321172815,1472010542,"[130, 169, 172, 235, 250, 302, 372, 404, 413, 415, 432, 434, 461, 474, 484, 509, 572, 577]","[32, 519, 133, 550, 298, 484, 304, 157, 588, 597, 544, 236, 52, 299, 68, 184, 80, 169]",600,18,0.8,0.01,,,,,,,,6.0,0.3960917146547718,0.9966666666666667,0.11333333333333333,5.722222222222222,0.0015777572071252086,0.0046186962826234865,0.14948453608247422,0.013745704467353952,0.001718213058419244,0.0,2.2103448275862068,4.0,0.003436426116838488,0.14604810996563575,6.134020618556701,0.1382051645974761,0.724080415919939,0.009207694992008719,3.5098039215686274,0.7995341858234946,0.0618556701030927,0.9742268041237112,0.975,1.0063012500759214,30,False,2852.0
3,sparse_er,sparse_er_5,5,8,3321172815,3551212017,"[49, 161, 168, 177, 181, 190, 215, 265, 277, 297, 337, 364, 408, 410, 475, 502, 509, 596]","[26, 132, 436, 416, 81, 189, 413, 502, 173, 64, 137, 100, 451, 487, 254, 526, 184, 599]",600,18,0.8,0.01,,,,,,,,6.0,0.3960917146547718,0.9966666666666667,0.11333333333333333,6.277777777777778,0.00173177313995658,0.004968928178963534,0.16666666666666666,0.024054982817869417,0.003436426116838488,0.0,2.163793103448276,4.0,0.003436426116838488,0.15292096219931273,6.259450171821306,0.15506960923612545,0.6952168024084556,0.009787346768315627,3.6405228758169934,0.8033960460607992,0.0670103092783505,0.9759450171821306,0.9766666666666668,1.0222500419477,30,False,2858.0
3,sparse_er,sparse_er_5,5,9,3321172815,881598629,"[6, 8, 14, 52, 93, 166, 255, 260, 270, 284, 304, 313, 363, 366, 396, 405, 406, 438]","[165, 45, 91, 138, 24, 333, 528, 577, 580, 23, 127, 297, 114, 113, 561, 450, 44, 12]",600,18,0.8,0.01,,,,,,,,6.0,0.3960917146547718,0.9966666666666667,0.11333333333333333,4.277777777777778,0.0012997944962697108,0.0026825313056008577,0.11683848797250859,0.005154639175257732,0.0,0.0,2.393103448275862,5.0,0.003436426116838488,0.061855670103092786,4.297250859106529,0.10753126573039135,0.7805951345884273,0.0030501089324618735,4.169934640522876,0.7703509041526954,0.0549828178694158,0.1288659793814432,0.155,1.0354944999562576,30,False,1512.0
3,sparse_er,sparse_er_5,5,10,3321172815,3586545409,"[20, 68, 111, 139, 143, 149, 170, 293, 306, 324, 328, 383, 438, 516, 524, 559, 561, 570]","[480, 295, 411, 273, 439, 0, 112, 397, 160, 16, 213, 204, 12, 394, 549, 316, 170, 406]",600,18,0.8,0.01,,,,,,,,6.0,0.3960917146547718,0.9966666666666667,0.11333333333333333,5.611111111111111,0.0015623525742011516,0.004122214242872884,0.16323024054982818,0.010309278350515464,0.0,0.0,2.1551724137931036,4.0,0.003436426116838488,0.11168384879725086,5.84020618556701,0.14709218758010922,0.7011078186087502,0.003216173804409098,3.8300653594771243,0.7923809987580979,0.0601374570446735,0.9896907216494846,0.99,1.0056992919417098,30,False,2864.0
3,sparse_er,sparse_er_5,5,11,3321172815,751139069,"[7, 35, 107, 137, 144, 192, 226, 241, 274, 280, 284, 373, 389, 410, 429, 494, 558, 572]","[386, 97, 152, 418, 553, 5, 392, 34, 521, 221, 23, 453, 281, 487, 75, 74, 198, 80]",600,18,0.8,0.01,,,,,,,,6.0,0.3960917146547718,0.9966666666666667,0.11333333333333333,5.444444444444445,0.0015403906787323284,0.0032968045645006714,0.16323024054982818,0.005154639175257732,0.0,0.0,2.1482758620689655,4.0,0.003436426116838488,0.0859106529209622,5.383161512027492,0.14322300297307752,0.7014035523537449,0.0019013666072489601,4.052287581699346,0.7813659514553966,0.063573883161512,0.1580756013745704,0.1833333333333333,1.0770843339851126,28,True,1508.0
3,sparse_er,sparse_er_5,5,12,3321172815,4134541409,"[87, 91, 92, 124, 164, 214, 251, 282, 292, 302, 320, 329, 332, 345, 371, 392, 486, 589]","[115, 293, 448, 145, 337, 323, 174, 19, 573, 484, 201, 94, 486, 31, 423, 431, 29, 263]",600,18,0.8,0.01,,,,,,,,6.0,0.3960917146547718,0.9966666666666667,0.11333333333333333,6.0,0.0016749306267277565,0.004849773321196904,0.15463917525773196,0.01718213058419244,0.003436426116838488,0.0,2.1862068965517243,4.0,0.003436426116838488,0.14604810996563575,6.060137457044673,0.14172155248997384,0.7154863932903928,0.008324164941812,3.7320261437908497,0.7286953741074931,0.0429553264604811,0.0910652920962199,0.1183333333333333,1.0598003750201317,30,False,1478.0
3,sparse_er,sparse_er_5,5,13,3321172815,2083272996,"[5, 16, 24, 59, 158, 172, 182, 188, 239, 249, 326, 412, 433, 458, 508, 561, 571, 596]","[469, 454, 249, 564, 270, 133, 63, 509, 65, 253, 507, 525, 33, 196, 355, 170, 247, 599]",600,18,0.8,0.01,,,,,,,,6.0,0.3960917146547718,0.9966666666666667,0.11333333333333333,5.555555555555555,0.0015531169381254799,0.004698646174345448,0.15807560137457044,0.013745704467353952,0.0,0.0,2.1724137931034484,4.0,0.003436426116838488,0.08934707903780069,5.577319587628866,0.1422286611408231,0.7099029401848928,0.0037555763045959123,4.026143790849673,0.728695374107493,0.049828178694158,0.1494845360824742,0.175,1.0219665420008823,30,False,1508.0
3,sparse_er,sparse_er_5,5,14,3321172815,3765538396,"[3, 35, 92, 101, 213, 239, 240, 262, 278, 292, 308, 326, 341, 408, 498, 512, 568, 570]","[576, 97, 448, 181, 47, 65, 161, 592, 257, 573, 488, 507, 483, 451, 73, 310, 536, 406]",600,18,0.8,0.01,,,,,,,,6.0,0.3960917146547718,0.9966666666666667,0.11333333333333333,6.277777777777778,0.001706144082418146,0.004814899439913653,0.1718213058419244,0.013745704467353952,0.003436426116838488,0.0,2.1482758620689655,4.0,0.003436426116838488,0.16323024054982818,6.487972508591065,0.15294915124786274,0.6870368070219021,0.007746821933673145,3.6601307189542482,0.7521826697845974,0.0687285223367697,0.9828178694158076,0.9833333333333332,0.9955962499370798,30,False,2858.0
3,sparse_er,sparse_er_5,5,15,3321172815,321741734,"[9, 22, 32, 63, 76, 199, 248, 259, 265, 277, 301, 341, 388, 396, 456, 519, 532, 583]","[551, 300, 407, 359, 235, 417, 395, 262, 502, 173, 108, 483, 324, 561, 522, 149, 348, 179]",600,18,0.8,0.01,,,,,,,,6.0,0.3960917146547718,0.9966666666666667,0.11333333333333333,6.111111111111111,0.0016971148946057963,0.005264844076552658,0.17353951890034364,0.010309278350515464,0.001718213058419244,0.0,2.143103448275862,4.0,0.003436426116838488,0.13573883161512026,6.034364261168385,0.15356028241938954,0.6842036777448528,0.004282104008170905,3.738562091503268,0.8215642804288971,0.0584192439862542,0.9896907216494846,0.99,1.0130582080455497,30,False,2864.0
3,sparse_er,sparse_er_5,5,16,3321172815,1997083874,"[39, 99, 107, 164, 179, 217, 262, 273, 310, 347, 349, 359, 412, 446, 490, 582, 592, 597]","[302, 401, 152, 337, 422, 287, 592, 206, 217, 99, 192, 268, 525, 378, 452, 388, 529, 366]",600,18,0.8,0.01,,,,,,,,6.0,0.3960917146547718,0.9966666666666667,0.11333333333333333,5.277777777777778,0.0014910415449751217,0.003546600950615988,0.15120274914089346,0.012027491408934709,0.0,0.0,2.2051724137931035,4.0,0.003436426116838488,0.11855670103092783,5.419243986254296,0.1380595200594775,0.7212709453424893,0.003688084170540311,3.9019607843137254,0.6703288107658943,0.0549828178694158,0.2766323024054983,0.2983333333333333,1.003276375005953,30,False,1598.0
3,sparse_er,sparse_er_5,5,17,3321172815,994936840,"[3, 8, 48, 61, 88, 94, 121, 127, 191, 261, 273, 286, 297, 365, 403, 521, 565, 599]","[576, 45, 523, 278, 367, 364, 391, 71, 148, 202, 206, 77, 64, 159, 28, 277, 466, 350]",600,18,0.8,0.01,,,,,,,,6.0,0.3960917146547718,0.9966666666666667,0.11333333333333333,7.277777777777778,0.001966738239354529,0.005706580430420503,0.20962199312714777,0.012027491408934709,0.0,0.0,2.0551724137931036,4.0,0.003436426116838488,0.18213058419243985,6.936426116838488,0.17892049253236,0.6265592561704846,0.003231264015577741,3.6143790849673203,0.7923809987580979,0.0687285223367697,0.9896907216494846,0.99,0.9642309159971774,30,False,2864.0
3,sparse_er,sparse_er_5,5,18,3321172815,3668302366,"[1, 2, 62, 74, 93, 149, 150, 212, 250, 310, 341, 342, 343, 397, 517, 536, 546, 574]","[404, 342, 176, 555, 24, 0, 541, 126, 298, 217, 483, 465, 229, 168, 269, 539, 38, 556]",600,18,0.8,0.01,,,,,,,,6.0,0.3960917146547718,0.9966666666666667,0.11333333333333333,6.0,0.001647394703623809,0.004596042032782933,0.16666666666666666,0.010309278350515464,0.001718213058419244,0.0,2.1394148020654047,4.0,0.001718213058419244,0.13573883161512026,6.024054982817869,0.14770989513545751,0.6955657682275493,0.004037882959451586,3.698529411764706,0.779908750383695,0.0652920962199312,0.9810996563573884,0.9816666666666668,0.9903071250300854,30,False,2862.0
3,sparse_er,sparse_er_5,5,19,3321172815,3952753570,"[9, 53, 55, 62, 78, 123, 149, 258, 267, 321, 358, 377, 395, 433, 477, 481, 483, 542]","[551, 440, 292, 176, 335, 349, 0, 506, 443, 18, 516, 261, 124, 33, 429, 255, 258, 558]",600,18,0.8,0.01,,,,,,,,6.0,0.3960917146547718,0.9966666666666667,0.11333333333333333,6.944444444444445,0.0018760557442688444,0.005500161082784086,0.19072164948453607,0.020618556701030927,0.0,0.0,2.086206896551724,4.0,0.003436426116838488,0.19243986254295534,6.671821305841925,0.1682116206403129,0.6563396442914515,0.005529334112470153,3.6601307189542482,0.7521826697845974,0.056701030927835,0.7285223367697594,0.7366666666666667,1.008406582986936,30,False,2212.0
3,sparse_er,sparse_er_5,5,20,3321172815,4196636655,"[3, 71, 77, 227, 254, 263, 264, 266, 273, 365, 374, 450, 459, 460, 463, 500, 561, 596]","[576, 121, 385, 427, 442, 231, 575, 2, 206, 159, 478, 425, 546, 375, 475, 581, 170, 599]",600,18,0.8,0.01,,,,,,,,6.0,0.3960917146547718,0.9966666666666667,0.11333333333333333,6.555555555555555,0.0017839291352473477,0.004407695313025247,0.18213058419243985,0.013745704467353952,0.0,0.0,2.1086206896551722,4.0,0.003436426116838488,0.16151202749140894,6.527491408934708,0.15928923211352636,0.6702568743309024,0.003969205501257951,3.7908496732026142,0.7286953741074931,0.0601374570446735,0.9879725085910652,0.9883333333333332,1.016568291001022,30,False,2864.0
3,sparse_er,sparse_er_5,5,21,3321172815,85747193,"[22, 74, 75, 112, 155, 193, 206, 246, 247, 256, 269, 310, 400, 415, 507, 556, 558, 581]","[300, 555, 43, 494, 139, 532, 264, 188, 485, 208, 332, 217, 540, 597, 275, 187, 198, 212]",600,18,0.8,0.01,,,,,,,,6.0,0.3960917146547718,0.9966666666666667,0.11333333333333333,6.333333333333333,0.0017368103841867526,0.005819689255443711,0.17525773195876287,0.015463917525773196,0.001718213058419244,0.0,2.089655172413793,4.0,0.003436426116838488,0.15292096219931273,6.269759450171821,0.15593899041187376,0.6814119511921027,0.004860063683593096,3.7450980392156863,0.7215421870420964,0.0532646048109965,0.3075601374570447,0.3283333333333333,1.0034662089310586,30,False,1638.0
3,sparse_er,sparse_er_5,5,22,3321172815,3815746004,"[89, 129, 169, 170, 223, 248, 319, 339, 342, 370, 402, 449, 474, 509, 520, 531, 535, 553]","[591, 15, 519, 112, 457, 395, 144, 501, 465, 329, 590, 218, 299, 184, 531, 167, 468, 596]",600,18,0.8,0.01,,,,,,,,6.0,0.3960917146547718,0.9966666666666667,0.11333333333333333,6.277777777777778,0.0017185932764518246,0.005500233327021646,0.17697594501718214,0.013745704467353952,0.0,0.0,2.1448275862068966,4.0,0.003436426116838488,0.14948453608247422,6.201030927835052,0.1575084615073679,0.6785374191907542,0.004375102875679577,3.6862745098039214,0.7340144354164994,0.063573883161512,0.986254295532646,0.9866666666666668,0.9901777500053868,30,False,2864.0
3,sparse_er,sparse_er_5,5,23,3321172815,96707963,"[10, 34, 42, 73, 104, 114, 150, 207, 271, 319, 388, 424, 425, 434, 472, 478, 531, 572]","[399, 27, 79, 574, 508, 251, 541, 120, 491, 144, 324, 162, 3, 236, 274, 194, 167, 80]",600,18,0.8,0.01,,,,,,,,6.0,0.3960917146547718,0.9966666666666667,0.11333333333333333,5.722222222222222,0.0016009166528593453,0.0038731228360084475,0.15292096219931273,0.010309278350515464,0.0,0.0,2.2189655172413794,4.0,0.003436426116838488,0.0979381443298969,5.680412371134021,0.13992456800939979,0.7182899491929426,0.0034990427147289895,3.7973856209150325,0.8105492331261959,0.0515463917525773,0.1460481099656357,0.1716666666666666,1.0415613749064505,30,False,1514.0
3,sparse_er,sparse_er_5,5,24,3321172815,1628771072,"[13, 32, 54, 84, 97, 105, 132, 156, 182, 235, 343, 379, 427, 435, 469, 487, 543, 552]","[88, 407, 225, 92, 56, 340, 110, 186, 63, 550, 229, 117, 515, 153, 41, 534, 95, 493]",600,18,0.8,0.01,,,,,,,,6.0,0.3960917146547718,0.9966666666666667,0.11333333333333333,5.944444444444445,0.00165457949008101,0.005093196185424958,0.16323024054982818,0.010309278350515464,0.0,0.0,2.1724137931034484,4.0,0.003436426116838488,0.1254295532646048,5.694158075601375,0.14455325197653182,0.7013503202796458,0.0035976006564241857,3.888888888888889,0.759335856849994,0.063573883161512,0.9896907216494846,0.99,0.9874345830176026,30,False,2864.0
3,sparse_er,sparse_er_5,5,25,3321172815,1237574082,"[27, 141, 153, 174, 185, 214, 228, 282, 370, 378, 395, 433, 476, 526, 527, 547, 578, 579]","[55, 104, 185, 243, 455, 323, 434, 19, 329, 183, 124, 33, 470, 276, 122, 190, 571, 430]",600,18,0.8,0.01,,,,,,,,6.0,0.3960917146547718,0.9966666666666667,0.11333333333333333,7.222222222222222,0.001939297052082607,0.005627440343053165,0.18556701030927836,0.00859106529209622,0.001718213058419244,0.0,2.1,4.0,0.003436426116838488,0.19243986254295534,6.762886597938144,0.1597281486953127,0.664862690822199,0.003255289220201501,3.607843137254902,0.7923809987580979,0.0618556701030927,0.986254295532646,0.9866666666666668,0.9792359999846668,30,False,2864.0
3,sparse_er,sparse_er_5,5,26,3321172815,3010027571,"[29, 32, 35, 49, 61, 149, 155, 172, 234, 287, 301, 315, 335, 375, 467, 495, 503, 563]","[245, 407, 97, 26, 278, 0, 139, 133, 358, 308, 108, 572, 260, 234, 352, 175, 200, 227]",600,18,0.8,0.01,,,,,,,,6.0,0.3960917146547718,0.9966666666666667,0.11333333333333333,6.777777777777778,0.0018274838112680896,0.006764339623612894,0.17353951890034364,0.024054982817869417,0.001718213058419244,0.0,2.0948275862068964,4.0,0.003436426116838488,0.19415807560137457,6.903780068728523,0.15886388592065487,0.6840439815225556,0.008325215949054958,3.5294117647058822,0.7119843408110966,0.056701030927835,0.6374570446735395,0.6483333333333333,0.9813232499873266,30,False,1952.0
3,sparse_er,sparse_er_5,5,27,3321172815,3315888523,"[3, 24, 44, 63, 67, 74, 92, 102, 176, 210, 282, 294, 354, 475, 477, 483, 484, 560]","[576, 249, 514, 359, 510, 555, 448, 437, 518, 136, 19, 164, 250, 254, 429, 258, 68, 211]",600,18,0.8,0.01,,,,,,,,6.0,0.3960917146547718,0.9966666666666667,0.11333333333333333,6.833333333333333,0.0018422596843270884,0.005881833230943127,0.18041237113402062,0.020618556701030927,0.0,0.0,2.1189655172413793,4.0,0.003436426116838488,0.20103092783505155,6.950171821305842,0.162692088015889,0.6728356725872563,0.005814461787114007,3.477124183006536,0.7995341858234946,0.0721649484536082,0.986254295532646,0.9866666666666668,0.9513157909968868,30,False,2864.0
3,sparse_er,sparse_er_5,5,28,3321172815,967982906,"[25, 26, 37, 57, 101, 139, 148, 216, 233, 244, 252, 325, 421, 439, 442, 562, 584, 586]","[150, 6, 195, 463, 181, 273, 473, 477, 511, 289, 595, 400, 82, 387, 57, 377, 338, 328]",600,18,0.8,0.01,,,,,,,,6.0,0.3960917146547718,0.9966666666666667,0.11333333333333333,6.5,0.0017727191046996511,0.005455035830125814,0.17353951890034364,0.022336769759450172,0.001718213058419244,0.0,2.179001721170396,4.0,0.001718213058419244,0.17353951890034364,6.302405498281787,0.15732084324411127,0.6840972135966547,0.007781835939275386,3.448529411764706,0.8105492331261959,0.0756013745704467,0.993127147766323,0.9933333333333332,1.0063350420678034,30,False,2864.0
3,sparse_er,sparse_er_5,5,29,3321172815,2458333685,"[17, 95, 126, 141, 174, 182, 257, 289, 301, 318, 333, 349, 356, 362, 371, 462, 514, 524]","[381, 116, 205, 104, 243, 63, 306, 307, 108, 505, 14, 192, 441, 319, 423, 155, 271, 549]",600,18,0.8,0.01,,,,,,,,6.0,0.3960917146547718,0.9966666666666667,0.11333333333333333,5.611111111111111,0.001571786976443293,0.0035170915638065726,0.14604810996563575,0.013745704467353952,0.0,0.0,2.2655172413793103,4.0,0.003436426116838488,0.13058419243986255,5.721649484536083,0.1346954061349682,0.7299714321202335,0.005856888209829386,3.712418300653595,0.6703288107658943,0.0463917525773195,0.1357388316151202,0.1616666666666666,0.9974756250157952,30,False,1484.0
3,sparse_er,sparse_er_5,5,30,3321172815,2144768996,"[36, 45, 143, 173, 207, 213, 228, 243, 244, 248, 288, 353, 366, 384, 453, 484, 551, 596]","[322, 535, 439, 499, 120, 47, 434, 87, 289, 395, 447, 312, 113, 317, 39, 68, 530, 599]",600,18,0.8,0.01,,,,,,,,6.0,0.3960917146547718,0.9966666666666667,0.11333333333333333,5.666666666666667,0.0015782890134019957,0.004184860251598946,0.14776632302405499,0.013745704467353952,0.0,0.0,2.203448275862069,4.0,0.003436426116838488,0.12199312714776632,5.9243986254295535,0.13603839236305884,0.7270614120694856,0.0052311885645218974,3.6405228758169934,0.6646328247721994,0.0584192439862542,0.2628865979381443,0.285,1.0278932919027284,30,False,1572.0
3,sparse_er,sparse_er_5,5,31,3321172815,3498198292,"[18, 36, 43, 79, 252, 292, 321, 396, 398, 399, 422, 439, 460, 484, 491, 498, 532, 541]","[102, 322, 421, 177, 595, 573, 18, 561, 248, 166, 96, 387, 375, 68, 368, 73, 348, 85]",600,18,0.8,0.01,,,,,,,,6.0,0.3960917146547718,0.9966666666666667,0.11333333333333333,6.444444444444445,0.0017675607390633204,0.00659292457932522,0.1872852233676976,0.010309278350515464,0.001718213058419244,0.0,2.06551724137931,4.0,0.003436426116838488,0.140893470790378,6.237113402061856,0.16348474756048906,0.661893524022452,0.003980771353897075,3.7254901960784315,0.7099165674126015,0.0549828178694158,0.3213058419243986,0.3416666666666667,1.0257283749524504,30,False,1618.0
3,sparse_er,sparse_er_5,5,32,3321172815,1862740371,"[1, 51, 76, 83, 241, 274, 276, 294, 327, 342, 449, 451, 482, 553, 559, 564, 576, 594]","[404, 48, 235, 67, 34, 521, 496, 164, 336, 465, 218, 158, 49, 596, 316, 53, 10, 135]",600,18,0.8,0.01,,,,,,,,6.0,0.3960917146547718,0.9966666666666667,0.11333333333333333,6.666666666666667,0.0018179889668333308,0.005499805496945191,0.1872852233676976,0.012027491408934709,0.0,0.0,2.1017241379310345,5.0,0.003436426116838488,0.1872852233676976,6.546391752577319,0.16327836502252316,0.6619349267467514,0.003944584826937768,3.633986928104575,0.6813438580685958,0.0515463917525773,0.2886597938144329,0.31,0.989459874923341,29,True,1592.0
3,sparse_er,sparse_er_5,5,33,3321172815,3215531903,"[56, 147, 149, 164, 175, 190, 202, 280, 314, 333, 378, 424, 428, 475, 480, 484, 518, 520]","[230, 191, 0, 337, 125, 189, 462, 221, 584, 14, 183, 162, 105, 254, 503, 68, 446, 531]",600,18,0.8,0.01,,,,,,,,6.0,0.3960917146547718,0.9966666666666667,0.11333333333333333,6.722222222222222,0.0018236413523066233,0.006106986430546316,0.18384879725085912,0.018900343642611683,0.001718213058419244,0.0,2.0982758620689657,4.0,0.003436426116838488,0.16323024054982818,6.570446735395189,0.16506722455806683,0.6672463048068563,0.006638104835913372,3.6209150326797386,0.7813659514553966,0.056701030927835,0.2457044673539518,0.2683333333333333,1.0182075831107795,30,False,1600.0
3,sparse_er,sparse_er_5,5,34,3321172815,2112085499,"[10, 49, 155, 163, 189, 202, 230, 288, 314, 347, 378, 425, 469, 515, 536, 545, 588, 599]","[399, 26, 139, 70, 548, 462, 303, 447, 584, 99, 183, 3, 41, 13, 539, 119, 215, 350]",600,18,0.8,0.01,,,,,,,,6.0,0.3960917146547718,0.9966666666666667,0.11333333333333333,6.222222222222222,0.001723677613887556,0.005576955002959583,0.17525773195876287,0.012027491408934709,0.001718213058419244,0.0,2.1310344827586207,4.0,0.003436426116838488,0.14261168384879724,5.9243986254295535,0.1550981636736299,0.6814060365172029,0.0050856245386689146,3.803921568627451,0.759335856849994,0.0515463917525773,0.1529209621993127,0.1783333333333333,1.006690458045341,30,False,1488.0
3,sparse_er,sparse_er_5,5,35,3321172815,1061743221,"[25, 78, 113, 122, 125, 138, 165, 201, 218, 312, 316, 343, 386, 431, 450, 486, 491, 596]","[150, 335, 384, 98, 389, 42, 103, 233, 464, 224, 374, 229, 376, 361, 425, 29, 368, 599]",600,18,0.8,0.01,,,,,,,,6.0,0.3960917146547718,0.9966666666666667,0.11333333333333333,6.277777777777778,0.0017137925672092952,0.004239749726617098,0.16323024054982818,0.01718213058419244,0.0,0.0,2.160344827586207,4.0,0.003436426116838488,0.16151202749140894,6.560137457044673,0.14944609010067558,0.7010545865346511,0.0055019108363975715,3.5686274509803924,0.7885191385207933,0.0515463917525773,0.1477663230240549,0.1733333333333333,1.00277262495365,30,False,1484.0
3,sparse_er,sparse_er_5,5,36,3321172815,1419401783,"[56, 79, 128, 141, 203, 287, 289, 322, 339, 340, 372, 424, 469, 473, 539, 548, 582, 594]","[230, 177, 472, 104, 244, 308, 307, 315, 501, 214, 304, 162, 41, 54, 370, 134, 388, 135]",600,18,0.8,0.01,,,,,,,,6.0,0.3960917146547718,0.9966666666666667,0.11333333333333333,6.611111111111111,0.0017920949880630525,0.005645134487708399,0.18556701030927836,0.013745704467353952,0.001718213058419244,0.0,2.081034482758621,4.0,0.003436426116838488,0.16323024054982818,6.548109965635739,0.1640869177881876,0.6645669570772043,0.005041617786715826,3.6666666666666665,0.7105271397393951,0.0601374570446735,0.986254295532646,0.9866666666666668,1.0003250420559198,30,False,2862.0
3,sparse_er,sparse_er_5,5,37,3321172815,2448603465,"[33, 153, 165, 183, 213, 214, 301, 396, 415, 438, 444, 451, 490, 493, 494, 497, 507, 517]","[51, 185, 103, 589, 47, 323, 108, 561, 597, 12, 513, 158, 452, 25, 74, 474, 275, 269]",600,18,0.8,0.01,,,,,,,,6.0,0.3960917146547718,0.9966666666666667,0.11333333333333333,4.277777777777778,0.0012604106195614978,0.0020868950100810715,0.12199312714776632,0.006872852233676976,0.0,0.0,2.3029259896729775,4.0,0.001718213058419244,0.06529209621993128,4.671821305841925,0.11420906589021877,0.7713741564194924,0.0023007856341189675,4.139705882352941,0.7980769847517928,0.0395189003436426,0.1219931271477663,0.1483333333333333,1.0107091249665243,30,False,1468.0
3,sparse_er,sparse_er_5,5,38,3321172815,2726528559,"[30, 81, 82, 123, 158, 167, 251, 257, 261, 336, 380, 436, 494, 499, 519, 525, 567, 577]","[301, 402, 143, 349, 270, 106, 174, 306, 202, 30, 37, 267, 74, 565, 149, 403, 520, 169]",600,18,0.8,0.01,,,,,,,,6.0,0.3960917146547718,0.9966666666666667,0.11333333333333333,5.888888888888889,0.0016392585161564993,0.004189844852763044,0.16494845360824742,0.010309278350515464,0.0,0.0,2.156896551724138,4.0,0.003436426116838488,0.11683848797250859,5.9553264604811,0.14808804336519574,0.6983101773811002,0.0034080298786181135,3.803921568627451,0.759335856849994,0.0584192439862542,0.1563573883161512,0.1816666666666666,1.1132933750050142,30,False,1506.0
3,sparse_er,sparse_er_5,5,39,3321172815,3654001660,"[20, 89, 169, 216, 232, 244, 260, 320, 323, 345, 419, 423, 425, 442, 493, 576, 589, 593]","[480, 591, 519, 477, 220, 289, 577, 201, 265, 31, 456, 90, 3, 57, 25, 10, 263, 326]",600,18,0.8,0.01,,,,,,,,6.0,0.3960917146547718,0.9966666666666667,0.11333333333333333,5.333333333333333,0.0015214069038540273,0.004504673368864608,0.14776632302405499,0.013745704467353952,0.0,0.0,2.2275862068965515,4.0,0.003436426116838488,0.09278350515463918,5.240549828178694,0.135622600963067,0.7271028147937849,0.005148827207650737,3.9281045751633985,0.7995341858234946,0.0670103092783505,0.9776632302405498,0.9783333333333334,0.984790625050664,30,False,2860.0
3,sparse_er,sparse_er_5,5,40,3321172815,2415276996,"[0, 2, 34, 77, 79, 180, 234, 251, 257, 261, 335, 362, 425, 458, 511, 525, 562, 583]","[86, 342, 27, 385, 177, 171, 358, 174, 306, 202, 260, 319, 3, 196, 129, 403, 377, 179]",600,18,0.8,0.01,,,,,,,,6.0,0.3960917146547718,0.9966666666666667,0.11333333333333333,5.555555555555555,0.0015508507317675202,0.003781093580305874,0.14776632302405499,0.015463917525773196,0.001718213058419244,0.0,2.2413793103448274,4.0,0.003436426116838488,0.11683848797250859,5.689003436426117,0.13627485498161485,0.7270791560941853,0.007234767773983461,3.7516339869281046,0.6172813087333021,0.0463917525773195,0.0876288659793814,0.115,1.026813542004675,30,False,1468.0
3,sparse_er,sparse_er_5,5,41,3321172815,4042064236,"[28, 31, 55, 79, 104, 233, 296, 354, 360, 397, 410, 440, 453, 459, 486, 488, 516, 593]","[344, 286, 292, 177, 508, 511, 390, 250, 282, 168, 487, 373, 39, 546, 29, 89, 394, 326]",600,18,0.8,0.01,,,,,,,,6.0,0.3960917146547718,0.9966666666666667,0.11333333333333333,6.222222222222222,0.001707988798417774,0.004501938840109704,0.17010309278350516,0.018900343642611683,0.0,0.0,2.127586206896552,4.0,0.003436426116838488,0.17697594501718214,6.491408934707904,0.155096330880801,0.6896333493029556,0.006329754123871771,3.5751633986928106,0.7980769847517928,0.070446735395189,0.9828178694158076,0.9833333333333332,0.977710459032096,30,False,2864.0
3,sparse_er,sparse_er_5,5,42,3321172815,2444222824,"[19, 32, 57, 67, 141, 171, 273, 310, 332, 371, 400, 407, 410, 416, 423, 428, 486, 518]","[356, 407, 463, 510, 104, 533, 206, 217, 486, 423, 540, 130, 487, 318, 90, 105, 29, 446]",600,18,0.8,0.01,,,,,,,,6.0,0.3960917146547718,0.9966666666666667,0.11333333333333333,6.555555555555555,0.0017836834654763175,0.006377646193612317,0.16151202749140894,0.018900343642611683,0.003436426116838488,0.0,2.163793103448276,4.0,0.003436426116838488,0.18041237113402062,6.551546391752577,0.1476640063075998,0.7039350332108996,0.009804815629498444,3.4836601307189543,0.6607709645348948,0.0532646048109965,0.1769759450171821,0.2016666666666666,1.0230624580290169,30,False,1542.0
3,sparse_er,sparse_er_5,5,43,3321172815,3472604828,"[53, 56, 84, 110, 120, 186, 200, 203, 218, 318, 331, 370, 420, 428, 435, 447, 531, 532]","[440, 230, 92, 369, 35, 109, 128, 244, 464, 505, 538, 329, 147, 105, 153, 296, 167, 348]",600,18,0.8,0.01,,,,,,,,6.0,0.3960917146547718,0.9966666666666667,0.11333333333333333,6.444444444444445,0.0017914763458426954,0.005923722634680581,0.18556701030927836,0.013745704467353952,0.0,0.0,2.0741379310344827,4.0,0.003436426116838488,0.11512027491408934,5.855670103092783,0.16415262784427936,0.6645610424023044,0.003950570127040714,3.823529411764706,0.7813659514553967,0.0532646048109965,0.3711340206185567,0.39,1.0357217909768224,30,False,1704.0
3,sparse_er,sparse_er_5,5,44,3321172815,3620688721,"[50, 54, 65, 79, 92, 96, 102, 207, 213, 270, 279, 340, 442, 443, 471, 481, 574, 576]","[199, 225, 593, 177, 448, 524, 437, 120, 47, 580, 458, 214, 57, 428, 118, 255, 556, 10]",600,18,0.8,0.01,,,,,,,,6.0,0.3960917146547718,0.9966666666666667,0.11333333333333333,6.222222222222222,0.001708536607962286,0.0042588875389823425,0.17010309278350516,0.018900343642611683,0.0,0.0,2.1413793103448278,4.0,0.003436426116838488,0.15979381443298968,6.201030927835052,0.15484340253443712,0.6896924960519545,0.005670409837076504,3.673202614379085,0.7507254687128957,0.0773195876288659,0.9879725085910652,0.9883333333333332,1.081954582943581,30,False,2864.0
3,sparse_er,sparse_er_5,5,45,3321172815,1414085721,"[12, 30, 61, 76, 131, 134, 167, 236, 293, 316, 359, 389, 401, 425, 441, 461, 511, 589]","[58, 301, 278, 235, 598, 240, 106, 325, 397, 374, 268, 281, 398, 3, 415, 52, 129, 263]",600,18,0.8,0.01,,,,,,,,6.0,0.3960917146547718,0.9966666666666667,0.11333333333333333,6.0,0.0016727909150129302,0.004773266766066327,0.16151202749140894,0.01718213058419244,0.0,0.0,2.193103448275862,4.0,0.003436426116838488,0.12199312714776632,5.812714776632302,0.14784767420326703,0.7039527772355992,0.005136200324538818,3.764705882352941,0.7521826697845972,0.063573883161512,0.9879725085910652,0.9883333333333332,1.0355335830245167,30,False,2864.0
3,sparse_er,sparse_er_5,5,46,3321172815,1143446291,"[46, 90, 138, 161, 165, 199, 280, 286, 290, 312, 327, 336, 465, 496, 499, 525, 536, 566]","[512, 72, 42, 132, 103, 417, 221, 77, 495, 224, 336, 30, 334, 405, 565, 403, 539, 21]",600,18,0.8,0.01,,,,,,,,6.0,0.3960917146547718,0.9966666666666667,0.11333333333333333,6.111111111111111,0.0016769903383014645,0.004567929985420529,0.17697594501718214,0.012027491408934709,0.0,0.0,2.113793103448276,4.0,0.003436426116838488,0.13917525773195877,6.297250859106529,0.15786011367047545,0.6784605284170555,0.0035887587358175593,3.673202614379085,0.7301525751791947,0.0687285223367697,0.9914089347079038,0.9916666666666668,1.0165714169852436,30,False,2864.0
3,sparse_er,sparse_er_5,5,47,3321172815,410608564,"[8, 34, 67, 82, 90, 142, 246, 280, 306, 312, 360, 398, 453, 482, 504, 510, 574, 597]","[45, 27, 510, 143, 72, 321, 188, 221, 160, 224, 282, 248, 39, 49, 154, 50, 556, 366]",600,18,0.8,0.01,,,,,,,,6.0,0.3960917146547718,0.9966666666666667,0.11333333333333333,5.5,0.001546893203648609,0.004334103193848214,0.1563573883161512,0.010309278350515464,0.0,0.0,2.1879310344827587,4.0,0.003436426116838488,0.1134020618556701,5.77319587628866,0.1400517107650925,0.7128011308858409,0.004538852578068265,3.8562091503267975,0.7340144354164994,0.0601374570446735,0.1237113402061855,0.15,1.0724760420853272,30,False,1466.0
3,sparse_er,sparse_er_5,5,48,3321172815,2379676888,"[12, 41, 54, 75, 89, 121, 131, 234, 259, 322, 418, 453, 456, 460, 467, 489, 512, 566]","[58, 111, 225, 43, 591, 391, 598, 358, 262, 315, 414, 39, 522, 375, 352, 444, 310, 21]",600,18,0.8,0.01,,,,,,,,6.0,0.3960917146547718,0.9966666666666667,0.11333333333333333,6.444444444444445,0.0017602963619528353,0.005035108052907986,0.17353951890034364,0.01718213058419244,0.001718213058419244,0.0,2.156896551724138,4.0,0.003436426116838488,0.16151202749140894,6.429553264604811,0.15665644248857413,0.6840735548970551,0.005692854712462556,3.6143790849673203,0.7215421870420964,0.0549828178694158,0.1219931271477663,0.1483333333333333,1.0540980000514537,28,True,1482.0
3,sparse_er,sparse_er_5,5,49,3321172815,1694823649,"[8, 27, 88, 102, 106, 112, 190, 202, 307, 318, 408, 448, 466, 527, 530, 551, 585, 591]","[45, 55, 367, 437, 69, 494, 189, 462, 17, 505, 451, 311, 40, 122, 459, 530, 59, 543]",600,18,0.8,0.01,,,,,,,,6.0,0.3960917146547718,0.9966666666666667,0.11333333333333333,7.222222222222222,0.001955047267077507,0.006470950285525129,0.19759450171821305,0.01718213058419244,0.001718213058419244,0.0,2.070689655172414,4.0,0.003436426116838488,0.19072164948453607,6.869415807560137,0.1736331138403617,0.6453028609282491,0.006072346210754515,3.5098039215686274,0.7119843408110967,0.0687285223367697,0.3058419243986254,0.3266666666666666,1.0028179170330986,30,False,1646.0
3,sparse_er,sparse_er_6,6,0,1990277556,1086581785,"[147, 167, 188, 212, 245, 278, 294, 308, 313, 319, 323, 324, 331, 349, 387, 410, 541, 551]","[379, 481, 287, 435, 323, 369, 213, 149, 215, 345, 249, 88, 0, 391, 434, 231, 153, 482]",600,18,0.8,0.01,,,,,,,,5.955,0.4182617878307585,0.9983333333333333,0.14333333333333334,5.944444444444445,0.001650129565558826,0.00437755867692121,0.16151202749140894,0.012027491408934709,0.0,0.0,2.1996557659208262,4.0,0.001718213058419244,0.15120274914089346,6.058419243986254,0.14436545488709376,0.7041124734578964,0.005412506883095118,3.718954248366013,0.642476011547092,0.0481099656357388,0.1443298969072164,0.17,1.034429999999702,30,False,1462.0
3,sparse_er,sparse_er_6,6,1,1990277556,4247352233,"[12, 35, 92, 106, 142, 173, 204, 209, 223, 351, 364, 368, 392, 471, 528, 537, 555, 597]","[117, 598, 415, 402, 189, 322, 252, 119, 258, 549, 582, 321, 357, 111, 422, 257, 58, 515]",600,18,0.8,0.01,,,,,,,,5.955,0.4182617878307585,0.9983333333333333,0.14333333333333334,6.555555555555555,0.001803404240815888,0.005254747741568369,0.18213058419243985,0.012027491408934709,0.001718213058419244,0.0,2.1325301204819276,4.0,0.001718213058419244,0.1323024054982818,6.130584192439863,0.16050896905025092,0.6701799835572038,0.004771828517503258,3.69281045751634,0.7911090162104082,0.0532646048109965,0.5584192439862543,0.5716666666666667,1.2192762920167295,30,False,1940.0
3,sparse_er,sparse_er_6,6,2,1990277556,71605455,"[5, 53, 155, 184, 226, 246, 262, 267, 296, 301, 328, 377, 391, 439, 505, 542, 574, 579]","[377, 134, 337, 148, 319, 437, 526, 198, 42, 324, 589, 3, 110, 133, 439, 429, 222, 373]",600,18,0.8,0.01,,,,,,,,5.955,0.4182617878307585,0.9983333333333333,0.14333333333333334,6.0,0.0016756227662363715,0.003613206218677408,0.16666666666666666,0.013745704467353952,0.001718213058419244,0.0,2.1462994836488813,4.0,0.001718213058419244,0.1323024054982818,6.118556701030927,0.1497734126139007,0.6955184508283502,0.0059757961718746025,3.816993464052288,0.7325553963561985,0.0532646048109965,0.0876288659793814,0.115,1.0513252089731395,30,False,1462.0
3,sparse_er,sparse_er_6,6,3,1990277556,3266344625,"[184, 199, 246, 353, 356, 362, 373, 374, 411, 429, 442, 460, 477, 503, 516, 517, 525, 558]","[148, 590, 437, 454, 199, 570, 263, 531, 442, 102, 419, 259, 43, 410, 554, 48, 232, 584]",600,18,0.8,0.01,,,,,,,,5.955,0.4182617878307585,0.9983333333333333,0.14333333333333334,6.0,0.00165557015573301,0.0049091471760336226,0.16323024054982818,0.015463917525773196,0.0,0.0,2.163511187607573,5.0,0.001718213058419244,0.13402061855670103,6.051546391752577,0.14852354946745353,0.7010900745840505,0.005597996774467363,3.816993464052288,0.7251955353514858,0.0618556701030927,0.9914089347079038,0.9916666666666668,1.0232285839738324,30,False,2862.0
3,sparse_er,sparse_er_6,6,4,1990277556,4163201083,"[36, 83, 102, 153, 156, 262, 294, 311, 326, 334, 335, 347, 379, 395, 405, 451, 530, 557]","[89, 159, 480, 412, 73, 526, 213, 401, 221, 132, 427, 18, 453, 238, 71, 141, 458, 569]",600,18,0.8,0.01,,,,,,,,5.955,0.4182617878307585,0.9983333333333333,0.14333333333333334,5.666666666666667,0.0016072235900131257,0.003471243374687928,0.15979381443298968,0.010309278350515464,0.001718213058419244,0.0,2.1910499139414803,4.0,0.001718213058419244,0.10481099656357389,5.585910652920962,0.14327491783263685,0.7069396880600458,0.005570954100365865,3.9019607843137254,0.803941619861431,0.0515463917525773,0.993127147766323,0.9933333333333332,1.1089013330638409,30,False,2862.0
3,sparse_er,sparse_er_6,6,5,1990277556,3647583309,"[2, 56, 123, 140, 191, 199, 216, 279, 303, 327, 356, 370, 400, 404, 449, 454, 466, 578]","[255, 33, 271, 407, 344, 590, 210, 487, 235, 65, 199, 566, 450, 484, 272, 180, 218, 82]",600,18,0.8,0.01,,,,,,,,5.955,0.4182617878307585,0.9983333333333333,0.14333333333333334,6.888888888888889,0.0018520699047399579,0.005919463816369206,0.18384879725085912,0.01718213058419244,0.001718213058419244,0.0,2.091222030981067,4.0,0.001718213058419244,0.1718213058419244,6.713058419243986,0.16311071778601213,0.667429659728753,0.006928320408712565,3.5751633986928106,0.8226347811653052,0.0670103092783505,0.9896907216494846,0.99,1.027456165989861,30,False,2862.0
3,sparse_er,sparse_er_6,6,6,1990277556,4541996,"[3, 98, 116, 174, 195, 205, 226, 279, 304, 312, 313, 317, 318, 330, 384, 449, 516, 563]","[276, 451, 176, 23, 160, 433, 319, 487, 41, 116, 215, 270, 108, 327, 389, 272, 554, 578]",600,18,0.8,0.01,,,,,,,,5.955,0.4182617878307585,0.9983333333333333,0.14333333333333334,6.277777777777778,0.0017133164356650697,0.005619825824673606,0.17353951890034364,0.012027491408934709,0.001718213058419244,0.0,2.1153184165232357,4.0,0.001718213058419244,0.13917525773195877,6.34020618556701,0.15360244747430352,0.6842391657942521,0.004177723721067375,3.758169934640523,0.7325553963561986,0.0429553264604811,0.2594501718213058,0.2816666666666667,1.0287764579989016,30,False,1576.0
3,sparse_er,sparse_er_6,6,7,1990277556,1905734813,"[107, 148, 184, 196, 225, 288, 343, 346, 409, 412, 426, 435, 469, 489, 499, 559, 577, 593]","[577, 193, 148, 294, 168, 461, 95, 468, 595, 418, 123, 372, 72, 217, 200, 388, 514, 156]",600,18,0.8,0.01,,,,,,,,5.955,0.4182617878307585,0.9983333333333333,0.14333333333333334,6.111111111111111,0.0016826949627240953,0.003906200322097534,0.17525773195876287,0.013745704467353952,0.0,0.0,2.1686746987951806,4.0,0.001718213058419244,0.11855670103092783,5.864261168384879,0.15421614708201847,0.6815716474143999,0.004698460580813521,3.823529411764706,0.7497492543082112,0.063573883161512,0.9948453608247424,0.995,0.9848325840430334,30,False,2862.0
3,sparse_er,sparse_er_6,6,8,1990277556,1138621465,"[46, 101, 149, 179, 189, 203, 227, 250, 323, 359, 362, 367, 458, 478, 497, 515, 535, 581]","[420, 432, 340, 452, 9, 385, 398, 511, 249, 438, 570, 296, 591, 225, 19, 54, 151, 98]",600,18,0.8,0.01,,,,,,,,5.955,0.4182617878307585,0.9983333333333333,0.14333333333333334,6.5,0.0017847475912492795,0.0058198377279305175,0.16494845360824742,0.013745704467353952,0.001718213058419244,0.0,2.1652323580034425,4.0,0.001718213058419244,0.14948453608247422,6.283505154639175,0.1488906962351701,0.6982628599819011,0.006158248070012776,3.65359477124183,0.7138622350523244,0.0721649484536082,0.9914089347079038,0.9916666666666668,0.973241666913964,30,False,2862.0
3,sparse_er,sparse_er_6,6,9,1990277556,4243930948,"[1, 27, 48, 49, 59, 119, 129, 189, 266, 335, 338, 366, 373, 389, 456, 463, 469, 538]","[146, 474, 85, 177, 281, 371, 100, 9, 169, 427, 599, 466, 263, 280, 267, 559, 72, 527]",600,18,0.8,0.01,,,,,,,,5.955,0.4182617878307585,0.9983333333333333,0.14333333333333334,5.611111111111111,0.001554577866405564,0.004713579492979986,0.15979381443298968,0.006872852233676976,0.0,0.0,2.1944922547332184,5.0,0.001718213058419244,0.13917525773195877,5.950171821305842,0.1404930462937566,0.7071821897309415,0.0028581803091607015,3.7450980392156863,0.7552219969545213,0.0481099656357388,0.2371134020618556,0.26,0.8175177499651909,24,True,1576.0
3,sparse_er,sparse_er_6,6,10,1990277556,3621125828,"[32, 76, 104, 136, 231, 277, 300, 319, 336, 337, 370, 395, 405, 481, 484, 498, 510, 542]","[126, 174, 80, 59, 230, 273, 194, 345, 471, 182, 566, 238, 71, 444, 395, 350, 449, 429]",600,18,0.8,0.01,,,,,,,,5.955,0.4182617878307585,0.9983333333333333,0.14333333333333334,5.277777777777778,0.0015068124218206352,0.003395347730677287,0.14604810996563575,0.006872852233676976,0.0,0.0,2.216867469879518,4.0,0.001718213058419244,0.09450171821305842,5.439862542955327,0.13313902725809132,0.7299773467951334,0.0023915626856803327,4.0,0.8226347811653052,0.0515463917525773,0.1512027491408934,0.1766666666666666,1.033497624914162,30,False,1510.0
3,sparse_er,sparse_er_6,6,11,1990277556,2778354161,"[9, 55, 58, 73, 113, 141, 150, 186, 216, 274, 289, 307, 377, 384, 454, 484, 493, 549]","[426, 31, 534, 172, 120, 343, 260, 535, 210, 561, 209, 101, 3, 389, 180, 395, 293, 445]",600,18,0.8,0.01,,,,,,,,5.955,0.4182617878307585,0.9983333333333333,0.14333333333333334,5.555555555555555,0.0015453732341634751,0.00452743629726381,0.16323024054982818,0.006872852233676976,0.001718213058419244,0.0,2.1583476764199654,4.0,0.001718213058419244,0.10481099656357389,5.876288659793815,0.14430896161180506,0.701338490929846,0.004188948306595365,3.810457516339869,0.803941619861431,0.0738831615120274,0.986254295532646,0.9866666666666668,0.981069916044362,30,False,2862.0
3,sparse_er,sparse_er_6,6,12,1990277556,4252537574,"[22, 46, 48, 67, 128, 139, 160, 243, 257, 328, 406, 427, 493, 512, 544, 554, 580, 589]","[56, 420, 85, 555, 8, 560, 557, 243, 404, 589, 574, 403, 293, 291, 24, 459, 313, 441]",600,18,0.8,0.01,,,,,,,,5.955,0.4182617878307585,0.9983333333333333,0.14333333333333334,5.5,0.0015521470812728476,0.002988949352484704,0.14604810996563575,0.01718213058419244,0.0,0.0,2.2289156626506026,4.0,0.001718213058419244,0.10824742268041238,5.642611683848798,0.1356506121822973,0.7299477734206339,0.005405807827953157,4.006535947712418,0.7065023740476117,0.070446735395189,0.9879725085910652,0.9883333333333332,0.9982749589253216,30,False,2860.0
3,sparse_er,sparse_er_6,6,13,1990277556,2528699602,"[4, 32, 38, 39, 60, 87, 185, 253, 263, 298, 314, 357, 361, 373, 375, 382, 404, 518]","[46, 126, 167, 580, 57, 175, 440, 460, 152, 463, 237, 530, 496, 263, 61, 248, 484, 27]",600,18,0.8,0.01,,,,,,,,5.955,0.4182617878307585,0.9983333333333333,0.14333333333333334,5.777777777777778,0.0016392174330863082,0.004499094651229735,0.15463917525773196,0.010309278350515464,0.0,0.0,2.2271944922547333,4.0,0.001718213058419244,0.15120274914089346,5.714776632302406,0.13978568833932578,0.7155396253644919,0.004092748210395269,3.6993464052287583,0.8024423165095694,0.063573883161512,0.9896907216494846,0.99,0.962444750010036,30,False,2862.0
3,sparse_er,sparse_er_6,6,14,1990277556,493265999,"[31, 47, 77, 96, 98, 135, 147, 185, 276, 324, 419, 450, 468, 490, 506, 514, 563, 586]","[144, 16, 564, 15, 451, 40, 379, 440, 456, 88, 279, 298, 328, 351, 114, 495, 578, 25]",600,18,0.8,0.01,,,,,,,,5.955,0.4182617878307585,0.9983333333333333,0.14333333333333334,5.944444444444445,0.0016411467780878537,0.00457483343862737,0.16323024054982818,0.01718213058419244,0.0,0.0,2.1549053356282273,4.0,0.001718213058419244,0.13402061855670103,6.006872852233677,0.14801550756746482,0.7011551360079493,0.005735362079076036,3.7450980392156863,0.7182234893533139,0.0652920962199312,0.9965635738831616,0.9966666666666668,1.0116875829407943,30,False,2862.0
3,sparse_er,sparse_er_6,6,15,1990277556,2284882696,"[36, 42, 77, 80, 125, 147, 151, 154, 186, 291, 375, 385, 397, 486, 497, 523, 539, 575]","[89, 195, 564, 67, 508, 379, 386, 380, 535, 53, 61, 140, 539, 125, 19, 387, 378, 469]",600,18,0.8,0.01,,,,,,,,5.955,0.4182617878307585,0.9983333333333333,0.14333333333333334,5.222222222222222,0.0014938894597556658,0.004462189383559955,0.14604810996563575,0.012027491408934709,0.0,0.0,2.2495697074010326,4.0,0.001718213058419244,0.0979381443298969,5.43298969072165,0.13386730120900406,0.7299891761449332,0.004318702357918044,3.869281045751634,0.803941619861431,0.0532646048109965,0.9914089347079038,0.9916666666666668,1.0382782920496538,30,False,2862.0
3,sparse_er,sparse_er_6,6,16,1990277556,3492619610,"[37, 103, 255, 297, 339, 349, 372, 392, 399, 407, 408, 415, 429, 494, 515, 554, 574, 585]","[446, 233, 124, 504, 525, 391, 512, 357, 69, 346, 135, 164, 102, 269, 54, 459, 222, 178]",600,18,0.8,0.01,,,,,,,,5.955,0.4182617878307585,0.9983333333333333,0.14333333333333334,6.722222222222222,0.0018075925668723572,0.005390168284111315,0.1872852233676976,0.01718213058419244,0.003436426116838488,0.0,2.1067125645438898,4.0,0.001718213058419244,0.19415807560137457,6.65979381443299,0.16533705019752287,0.661893524022452,0.0070231413983311035,3.6209150326797386,0.7423893933034984,0.0652920962199312,0.993127147766323,0.9933333333333332,1.0218495420413092,30,False,2862.0
3,sparse_er,sparse_er_6,6,17,1990277556,4114915910,"[4, 29, 35, 69, 79, 122, 123, 155, 158, 263, 342, 419, 420, 445, 477, 497, 547, 571]","[46, 266, 598, 297, 282, 405, 271, 337, 499, 152, 28, 279, 367, 20, 43, 19, 262, 408]",600,18,0.8,0.01,,,,,,,,5.955,0.4182617878307585,0.9983333333333333,0.14333333333333334,6.722222222222222,0.0018216481222991046,0.005894104993651629,0.18556701030927836,0.015463917525773196,0.003436426116838488,0.0,2.1135972461273664,4.0,0.001718213058419244,0.15979381443298968,6.4673539518900345,0.1623974052652385,0.6648508614723991,0.006164634776605881,3.6143790849673203,0.7965817588567183,0.0824742268041237,0.9896907216494846,0.99,1.00303108303342,30,False,2862.0
3,sparse_er,sparse_er_6,6,18,1990277556,1730510568,"[23, 24, 86, 89, 97, 145, 166, 190, 194, 294, 337, 399, 422, 429, 439, 440, 473, 555]","[286, 107, 332, 568, 78, 335, 532, 472, 181, 213, 182, 69, 518, 102, 133, 211, 158, 58]",600,18,0.8,0.01,,,,,,,,5.955,0.4182617878307585,0.9983333333333333,0.14333333333333334,5.0,0.0014407215389413404,0.003501583716116513,0.1323024054982818,0.00859106529209622,0.0,0.0,2.3046471600688467,5.0,0.001718213058419244,0.1134020618556701,5.305841924398625,0.12181407638348826,0.7535532409461114,0.003143080594060986,3.7973856209150325,0.7325553963561985,0.0601374570446735,0.9879725085910652,0.9883333333333332,1.0369862500810996,30,False,2860.0
3,sparse_er,sparse_er_6,6,19,1990277556,4156608627,"[11, 35, 136, 216, 249, 266, 277, 297, 312, 384, 395, 418, 421, 520, 524, 545, 549, 594]","[483, 598, 59, 210, 593, 169, 273, 504, 116, 389, 238, 44, 66, 136, 338, 552, 445, 205]",600,18,0.8,0.01,,,,,,,,5.955,0.4182617878307585,0.9983333333333333,0.14333333333333334,6.777777777777778,0.0018268765254258745,0.005929516484265368,0.1872852233676976,0.015463917525773196,0.0,0.0,2.0602409638554215,5.0,0.001718213058419244,0.17010309278350516,6.783505154639175,0.16531756890357485,0.661840291948353,0.0040708202472908355,3.5555555555555554,0.7852484585575568,0.0601374570446735,0.9914089347079038,0.9916666666666668,0.9783804590115324,30,False,2862.0
3,sparse_er,sparse_er_6,6,20,1990277556,1876019650,"[20, 35, 105, 173, 220, 242, 243, 250, 279, 362, 415, 421, 423, 483, 537, 542, 572, 592]","[1, 598, 81, 322, 517, 157, 243, 511, 487, 570, 164, 66, 341, 74, 257, 429, 104, 223]",600,18,0.8,0.01,,,,,,,,5.955,0.4182617878307585,0.9983333333333333,0.14333333333333334,6.166666666666667,0.0016849567144773619,0.004873352303751878,0.18041237113402062,0.00859106529209622,0.001718213058419244,0.0,2.0963855421686746,4.0,0.001718213058419244,0.15463917525773196,6.400343642611684,0.15799860416108677,0.6730367715338527,0.003673819205294954,3.7058823529411766,0.785248458557557,0.0652920962199312,0.9879725085910652,0.9883333333333332,0.993370124953799,30,False,2862.0
3,sparse_er,sparse_er_6,6,21,1990277556,163515507,"[4, 14, 36, 117, 155, 170, 210, 226, 239, 279, 344, 403, 424, 446, 461, 482, 557, 566]","[46, 242, 89, 396, 337, 224, 285, 319, 75, 487, 538, 562, 241, 142, 184, 26, 569, 63]",600,18,0.8,0.01,,,,,,,,5.955,0.4182617878307585,0.9983333333333333,0.14333333333333334,5.722222222222222,0.0015869375939975919,0.0047521480647505976,0.15292096219931273,0.013745704467353952,0.0,0.0,2.206540447504303,4.0,0.001718213058419244,0.13917525773195877,5.864261168384879,0.13886028662980118,0.718491048139539,0.004219221801781141,3.810457516339869,0.725195535351486,0.0601374570446735,0.9896907216494846,0.99,1.0004701249999923,30,False,2862.0
3,sparse_er,sparse_er_6,6,22,1990277556,3922801713,"[45, 119, 131, 160, 180, 191, 192, 210, 255, 267, 291, 306, 326, 331, 468, 527, 572, 597]","[374, 371, 37, 557, 284, 344, 39, 285, 124, 198, 53, 519, 221, 0, 328, 304, 104, 515]",600,18,0.8,0.01,,,,,,,,5.955,0.4182617878307585,0.9983333333333333,0.14333333333333334,5.222222222222222,0.0014970732633966118,0.00367826771024477,0.15292096219931273,0.005154639175257732,0.0,0.0,2.2185886402753874,5.0,0.001718213058419244,0.10652920962199312,5.359106529209622,0.13660682145986727,0.7184614747650395,0.0019558328381857793,4.026143790849673,0.8339680814644665,0.070446735395189,0.2388316151202749,0.2616666666666666,1.0189278339967132,30,False,1592.0
3,sparse_er,sparse_er_6,6,23,1990277556,159096664,"[9, 53, 120, 142, 183, 192, 205, 208, 217, 295, 300, 302, 429, 479, 486, 491, 563, 590]","[426, 134, 333, 189, 356, 39, 433, 502, 479, 513, 194, 430, 102, 476, 125, 11, 578, 354]",600,18,0.8,0.01,,,,,,,,5.955,0.4182617878307585,0.9983333333333333,0.14333333333333334,5.777777777777778,0.0016300463354563624,0.004980005719085596,0.17010309278350516,0.005154639175257732,0.0,0.0,2.1566265060240966,4.0,0.001718213058419244,0.11683848797250859,5.652920962199313,0.14878926198991985,0.6899823151220493,0.0017146252440370085,3.934640522875817,0.7911090162104082,0.049828178694158,0.2268041237113402,0.25,1.0048191249370575,30,False,1570.0
3,sparse_er,sparse_er_6,6,24,1990277556,686219518,"[23, 66, 96, 132, 148, 170, 211, 218, 335, 362, 387, 440, 449, 472, 484, 491, 532, 534]","[286, 307, 15, 118, 193, 224, 165, 76, 427, 570, 434, 211, 272, 300, 395, 11, 597, 464]",600,18,0.8,0.01,,,,,,,,5.955,0.4182617878307585,0.9983333333333333,0.14333333333333334,5.055555555555555,0.0014484461740308491,0.0034327645651455814,0.14261168384879724,0.006872852233676976,0.0,0.0,2.2495697074010326,4.0,0.001718213058419244,0.1134020618556701,5.405498281786942,0.12965009748656375,0.7358801923452277,0.002756865501963541,3.849673202614379,0.6409767081952303,0.0652920962199312,0.9828178694158076,0.9833333333333332,1.0161991249769926,30,False,2854.0
3,sparse_er,sparse_er_6,6,25,1990277556,201244679,"[9, 78, 183, 189, 221, 227, 273, 297, 317, 322, 340, 351, 441, 489, 529, 548, 557, 560]","[426, 498, 356, 9, 361, 398, 490, 504, 270, 503, 316, 549, 247, 217, 122, 86, 569, 587]",600,18,0.8,0.01,,,,,,,,5.955,0.4182617878307585,0.9983333333333333,0.14333333333333334,5.333333333333333,0.0015053125441826074,0.0034116865985601014,0.15120274914089346,0.013745704467353952,0.0,0.0,2.2048192771084336,4.0,0.001718213058419244,0.1013745704467354,5.506872852233677,0.1391916036394728,0.7212058839185904,0.005332739156268568,3.934640522875817,0.7117347183715729,0.0790378006872852,0.9896907216494846,0.99,1.002407958032563,30,False,2862.0
3,sparse_er,sparse_er_6,6,26,1990277556,2387117276,"[26, 46, 51, 58, 165, 168, 185, 265, 271, 361, 402, 409, 412, 439, 466, 539, 560, 574]","[529, 420, 308, 534, 596, 486, 440, 288, 330, 496, 581, 595, 418, 133, 218, 378, 587, 222]",600,18,0.8,0.01,,,,,,,,5.955,0.4182617878307585,0.9983333333333333,0.14333333333333334,6.0,0.0016854059643713801,0.004628034865525633,0.15979381443298968,0.015463917525773196,0.001718213058419244,0.0,2.1686746987951806,4.0,0.001718213058419244,0.12714776632302405,5.824742268041237,0.14565797701195804,0.7068627972863472,0.008938966753268945,3.738562091503268,0.7739151582583954,0.0481099656357388,0.1683848797250859,0.1933333333333333,1.0215551248984411,30,False,1512.0
3,sparse_er,sparse_er_6,6,27,1990277556,3064587999,"[19, 28, 93, 123, 208, 262, 276, 279, 301, 308, 326, 340, 343, 356, 398, 435, 529, 561]","[38, 52, 139, 271, 502, 526, 456, 487, 324, 149, 221, 316, 95, 199, 382, 372, 122, 331]",600,18,0.8,0.01,,,,,,,,5.955,0.4182617878307585,0.9983333333333333,0.14333333333333334,8.61111111111111,0.0022557885913171865,0.0076516421908473225,0.2268041237113402,0.024054982817869417,0.005154639175257732,0.0,2.027538726333907,5.0,0.001718213058419244,0.24914089347079038,7.632302405498282,0.19522267539462965,0.5997894375735637,0.006674181304122524,3.411764705882353,0.6596698694991044,0.070446735395189,0.993127147766323,0.9933333333333332,0.9642006669891998,30,False,2862.0
3,sparse_er,sparse_er_6,6,28,1990277556,2242413667,"[51, 104, 188, 189, 213, 265, 304, 321, 324, 340, 362, 422, 432, 445, 465, 482, 530, 568]","[308, 80, 287, 9, 214, 288, 41, 206, 88, 316, 570, 518, 49, 20, 295, 26, 458, 268]",600,18,0.8,0.01,,,,,,,,5.955,0.4182617878307585,0.9983333333333333,0.14333333333333334,5.388888888888889,0.001522210503649776,0.004163910123232413,0.15120274914089346,0.015463917525773196,0.0,0.0,2.2030981067125643,4.0,0.001718213058419244,0.09621993127147767,5.5395189003436425,0.139592252859748,0.7212117985934903,0.005334011432627349,3.9281045751633985,0.7739151582583954,0.0584192439862542,0.986254295532646,0.9866666666666668,1.0074893339769917,30,False,2856.0
3,sparse_er,sparse_er_6,6,29,1990277556,104963847,"[47, 89, 117, 144, 297, 364, 365, 371, 372, 380, 395, 404, 410, 420, 453, 467, 526, 572]","[16, 568, 396, 406, 504, 582, 394, 94, 512, 424, 238, 484, 231, 367, 220, 216, 244, 104]",600,18,0.8,0.01,,,,,,,,5.955,0.4182617878307585,0.9983333333333333,0.14333333333333334,5.277777777777778,0.0014927686983132926,0.004487046661962501,0.14948453608247422,0.013745704467353952,0.0,0.0,2.2495697074010326,4.0,0.001718213058419244,0.11168384879725086,5.472508591065292,0.13571876568775126,0.7243643203151339,0.004046404136703414,3.9411764705882355,0.6823364700974274,0.0687285223367697,0.3676975945017182,0.3866666666666666,1.007679833099246,30,False,1666.0
3,sparse_er,sparse_er_6,6,30,1990277556,676157955,"[14, 68, 82, 174, 217, 225, 280, 312, 362, 369, 383, 388, 402, 414, 453, 541, 584, 599]","[242, 112, 400, 23, 479, 168, 312, 116, 570, 563, 475, 363, 581, 522, 220, 153, 121, 283]",600,18,0.8,0.01,,,,,,,,5.955,0.4182617878307585,0.9983333333333333,0.14333333333333334,5.833333333333333,0.0016232129890804475,0.00477347499747715,0.16151202749140894,0.015463917525773196,0.0,0.0,2.1841652323580036,4.0,0.001718213058419244,0.14261168384879724,5.8951890034364265,0.14664363439813657,0.7039941799598985,0.005929772841537548,3.7320261437908497,0.762581857959234,0.0549828178694158,0.1683848797250859,0.1933333333333333,1.1049204169539737,30,False,1486.0
3,sparse_er,sparse_er_6,6,31,1990277556,3209404071,"[39, 41, 143, 156, 189, 196, 202, 220, 256, 268, 302, 346, 355, 394, 399, 520, 539, 569]","[580, 127, 431, 73, 9, 294, 207, 517, 305, 500, 430, 468, 239, 103, 69, 136, 378, 145]",600,18,0.8,0.01,,,,,,,,5.955,0.4182617878307585,0.9983333333333333,0.14333333333333334,6.111111111111111,0.0016742257183495193,0.0039210049236981515,0.17353951890034364,0.015463917525773196,0.0,0.0,2.1101549053356283,4.0,0.001718213058419244,0.13917525773195877,6.176975945017182,0.15546531801664665,0.6841208722962543,0.005437645143527497,3.764705882352941,0.8152749201605924,0.049828178694158,0.3367697594501718,0.3566666666666667,1.01663462491706,30,False,1626.0
3,sparse_er,sparse_er_6,6,32,1990277556,245865452,"[5, 82, 112, 163, 175, 180, 198, 201, 241, 248, 319, 329, 389, 482, 491, 516, 556, 581]","[377, 400, 571, 62, 470, 284, 32, 311, 336, 219, 345, 572, 280, 26, 11, 554, 583, 98]",600,18,0.8,0.01,,,,,,,,5.955,0.4182617878307585,0.9983333333333333,0.14333333333333334,6.722222222222222,0.0018208217243049244,0.005824925498811677,0.1958762886597938,0.012027491408934709,0.0,0.0,2.061962134251291,4.0,0.001718213058419244,0.16838487972508592,6.5687285223367695,0.1680062320859722,0.6484021505757936,0.0040832197406591875,3.7450980392156863,0.8226347811653052,0.063573883161512,0.9914089347079038,0.9916666666666668,0.9690530830994248,30,False,2862.0
3,sparse_er,sparse_er_6,6,33,1990277556,387003250,"[16, 73, 210, 214, 230, 232, 264, 265, 275, 357, 364, 397, 411, 484, 528, 553, 576, 594]","[309, 172, 285, 544, 489, 34, 171, 288, 550, 530, 582, 539, 442, 395, 422, 92, 326, 205]",600,18,0.8,0.01,,,,,,,,5.955,0.4182617878307585,0.9983333333333333,0.14333333333333334,5.888888888888889,0.001645210185843308,0.0050101348198872695,0.16151202749140894,0.015463917525773196,0.001718213058419244,0.0,2.1686746987951806,4.0,0.001718213058419244,0.13058419243986255,5.917525773195877,0.14610579057000678,0.7040533267088974,0.006810022712560197,3.738562091503268,0.7739151582583954,0.0584192439862542,0.3230240549828179,0.3433333333333333,1.0085640420438722,30,False,1692.0
3,sparse_er,sparse_er_6,6,34,1990277556,3275588532,"[26, 91, 128, 210, 250, 322, 334, 339, 360, 367, 372, 391, 403, 404, 409, 496, 498, 576]","[529, 318, 8, 285, 511, 503, 132, 525, 166, 296, 512, 110, 562, 484, 595, 358, 350, 326]",600,18,0.8,0.01,,,,,,,,5.955,0.4182617878307585,0.9983333333333333,0.14333333333333334,5.5,0.0015198047215032448,0.0036297961088525336,0.14432989690721648,0.015463917525773196,0.0,0.0,2.2030981067125643,4.0,0.001718213058419244,0.14604810996563575,6.027491408934708,0.13502582635501906,0.7327868173725831,0.006050612423161443,3.65359477124183,0.7739151582583955,0.0429553264604811,0.1958762886597938,0.22,1.0267664169659838,30,False,1516.0
3,sparse_er,sparse_er_6,6,35,1990277556,2474529120,"[11, 188, 193, 202, 236, 262, 338, 354, 366, 378, 380, 401, 428, 464, 486, 499, 548, 583]","[483, 287, 543, 207, 236, 526, 599, 192, 466, 478, 424, 465, 423, 109, 125, 200, 86, 575]",600,18,0.8,0.01,,,,,,,,5.955,0.4182617878307585,0.9983333333333333,0.14333333333333334,5.666666666666667,0.001580024063001256,0.003754971729173729,0.14776632302405499,0.01718213058419244,0.0,0.0,2.206540447504303,4.0,0.001718213058419244,0.11512027491408934,5.871134020618556,0.1375414860732823,0.7270200093451863,0.005789925397768535,3.7973856209150325,0.7117347183715729,0.0687285223367697,0.9879725085910652,0.9883333333333332,1.0134558340068909,30,False,2860.0
3,sparse_er,sparse_er_6,6,36,1990277556,2846420833,"[25, 38, 44, 47, 62, 124, 166, 195, 216, 234, 273, 276, 312, 444, 482, 549, 564, 588]","[533, 167, 202, 16, 245, 275, 532, 160, 210, 493, 490, 456, 116, 473, 26, 445, 545, 161]",600,18,0.8,0.01,,,,,,,,5.955,0.4182617878307585,0.9983333333333333,0.14333333333333334,6.888888888888889,0.0018523437021761167,0.005586678395690484,0.19243986254295534,0.013745704467353952,0.0,0.0,2.0654044750430294,4.0,0.001718213058419244,0.17010309278350516,6.594501718213058,0.1671635663326375,0.6537135286358985,0.0033229408555700063,3.7712418300653594,0.8566346820627895,0.0601374570446735,0.2938144329896907,0.315,1.0173332080012187,30,False,1604.0
3,sparse_er,sparse_er_6,6,37,1990277556,2169652337,"[51, 56, 65, 67, 91, 139, 239, 300, 314, 331, 433, 446, 450, 464, 528, 547, 564, 565]","[308, 33, 204, 555, 318, 560, 75, 194, 237, 0, 84, 142, 298, 109, 422, 262, 545, 485]",600,18,0.8,0.01,,,,,,,,5.955,0.4182617878307585,0.9983333333333333,0.14333333333333334,5.555555555555555,0.0015836383584774956,0.00404483870170024,0.15120274914089346,0.013745704467353952,0.0,0.0,2.2358003442340793,4.0,0.001718213058419244,0.11512027491408934,5.310996563573883,0.13826644679140107,0.7212946040420888,0.0045075412434120625,3.8823529411764706,0.7724158549065339,0.0463917525773195,0.127147766323024,0.1533333333333333,1.0259143749717623,30,False,1478.0
3,sparse_er,sparse_er_6,6,38,1990277556,3270898525,"[25, 61, 79, 104, 135, 142, 229, 234, 352, 396, 399, 440, 452, 515, 524, 533, 543, 595]","[533, 414, 282, 80, 40, 189, 375, 493, 491, 22, 69, 211, 173, 54, 338, 36, 353, 190]",600,18,0.8,0.01,,,,,,,,5.955,0.4182617878307585,0.9983333333333333,0.14333333333333334,6.444444444444445,0.0017593433169552529,0.005462631702300209,0.1872852233676976,0.012027491408934709,0.0,0.0,2.1067125645438898,4.0,0.001718213058419244,0.1563573883161512,6.243986254295533,0.16312877640656293,0.6620827936192487,0.003479983014016307,3.7320261437908497,0.803941619861431,0.0738831615120274,0.9896907216494846,0.99,0.9610695410519838,30,False,2862.0
3,sparse_er,sparse_er_6,6,39,1990277556,3452943080,"[18, 55, 74, 195, 221, 248, 256, 276, 296, 297, 325, 335, 405, 407, 434, 499, 537, 574]","[253, 31, 368, 160, 361, 219, 305, 456, 42, 504, 228, 427, 71, 346, 339, 200, 257, 222]",600,18,0.8,0.01,,,,,,,,5.955,0.4182617878307585,0.9983333333333333,0.14333333333333334,6.611111111111111,0.0017794524766463506,0.005218453274471569,0.18556701030927836,0.015463917525773196,0.003436426116838488,0.0,2.0860585197934594,4.0,0.001718213058419244,0.19415807560137457,6.721649484536083,0.1635268833883039,0.6646201891513033,0.0056634269869563995,3.712418300653595,0.7138622350523244,0.0670103092783505,0.9879725085910652,0.9883333333333332,0.983290292089805,30,False,2862.0
3,sparse_er,sparse_er_6,6,40,1990277556,2748868456,"[13, 31, 69, 96, 140, 184, 221, 250, 258, 283, 319, 359, 386, 392, 412, 422, 443, 552]","[155, 144, 297, 15, 407, 148, 361, 511, 143, 290, 345, 438, 14, 357, 418, 518, 246, 12]",600,18,0.8,0.01,,,,,,,,5.955,0.4182617878307585,0.9983333333333333,0.14333333333333334,5.777777777777778,0.0015955218772089183,0.004810436723088174,0.16494845360824742,0.010309278350515464,0.0,0.0,2.1376936316695354,4.0,0.001718213058419244,0.10996563573883161,5.860824742268041,0.1461163836555046,0.6985231056774964,0.004469060351413293,3.810457516339869,0.791109016210408,0.063573883161512,0.2336769759450171,0.2566666666666666,1.0381098330253735,30,False,1578.0
3,sparse_er,sparse_er_6,6,41,1990277556,2324779583,"[30, 51, 122, 170, 191, 243, 252, 304, 320, 321, 330, 347, 381, 426, 511, 526, 536, 554]","[77, 308, 405, 224, 344, 243, 497, 41, 366, 206, 327, 18, 409, 123, 443, 244, 384, 459]",600,18,0.8,0.01,,,,,,,,5.955,0.4182617878307585,0.9983333333333333,0.14333333333333334,5.722222222222222,0.0015911400330947947,0.004393466262504995,0.15120274914089346,0.01718213058419244,0.001718213058419244,0.0,2.2048192771084336,4.0,0.001718213058419244,0.14604810996563575,5.860824742268041,0.13788928080963822,0.7213064333918886,0.006577892823567564,3.803921568627451,0.7552219969545213,0.0481099656357388,0.1443298969072164,0.17,1.02596616698429,30,False,1486.0
3,sparse_er,sparse_er_6,6,42,1990277556,3856014050,"[19, 34, 57, 70, 74, 122, 139, 163, 197, 203, 326, 425, 466, 479, 481, 498, 553, 585]","[38, 447, 516, 93, 368, 405, 560, 62, 265, 385, 221, 541, 218, 476, 444, 350, 92, 178]",600,18,0.8,0.01,,,,,,,,5.955,0.4182617878307585,0.9983333333333333,0.14333333333333334,6.388888888888889,0.0017524707383434603,0.0049426818566150575,0.18041237113402062,0.013745704467353952,0.0,0.0,2.1118760757314976,4.0,0.001718213058419244,0.1563573883161512,6.324742268041237,0.15871853705320382,0.6731136623075513,0.0040190655386733816,3.764705882352941,0.7610825546073725,0.0515463917525773,0.9914089347079038,0.9916666666666668,1.0203988749999553,30,False,2862.0
3,sparse_er,sparse_er_6,6,43,1990277556,2328236505,"[22, 86, 131, 149, 214, 257, 270, 287, 305, 328, 445, 446, 489, 512, 546, 576, 588, 590]","[56, 332, 37, 340, 544, 404, 274, 6, 592, 589, 20, 142, 217, 291, 492, 326, 161, 354]",600,18,0.8,0.01,,,,,,,,5.955,0.4182617878307585,0.9983333333333333,0.14333333333333334,6.388888888888889,0.0017592956001413519,0.004752068567104907,0.17525773195876287,0.015463917525773196,0.0,0.0,2.153184165232358,4.0,0.001718213058419244,0.15292096219931273,6.3951890034364265,0.15803224004332003,0.6811990228957066,0.004584739878857527,3.7058823529411766,0.803941619861431,0.0738831615120274,0.9914089347079038,0.9916666666666668,0.9739507500780746,30,False,2862.0
3,sparse_er,sparse_er_6,6,44,1990277556,2864084735,"[1, 24, 82, 125, 151, 181, 190, 192, 225, 257, 262, 285, 368, 492, 523, 537, 543, 560]","[146, 107, 400, 508, 386, 494, 472, 39, 168, 404, 526, 99, 321, 30, 387, 257, 353, 587]",600,18,0.8,0.01,,,,,,,,5.955,0.4182617878307585,0.9983333333333333,0.14333333333333334,6.277777777777778,0.0017195355173989639,0.004328714264796956,0.17697594501718214,0.015463917525773196,0.001718213058419244,0.0,2.144578313253012,5.0,0.001718213058419244,0.1563573883161512,6.259450171821306,0.15901771106912604,0.6784132110178565,0.00573511455864397,3.5751633986928106,0.7068901890541526,0.0652920962199312,0.993127147766323,0.9933333333333332,0.9739816249348224,30,False,2862.0
3,sparse_er,sparse_er_6,6,45,1990277556,795048853,"[31, 143, 186, 187, 227, 238, 241, 242, 262, 280, 456, 485, 492, 504, 509, 515, 548, 549]","[144, 431, 535, 306, 398, 301, 336, 157, 526, 312, 267, 501, 30, 240, 310, 54, 86, 445]",600,18,0.8,0.01,,,,,,,,5.955,0.4182617878307585,0.9983333333333333,0.14333333333333334,5.611111111111111,0.0015771405143613264,0.0032833327609385786,0.15979381443298968,0.013745704467353952,0.0,0.0,2.1738382099827884,4.0,0.001718213058419244,0.1013745704467354,5.7714776632302405,0.1455276144063571,0.7067977358624483,0.004385030365422522,3.843137254901961,0.6651426121454147,0.0515463917525773,0.9879725085910652,0.9883333333333332,1.017263042042032,30,False,2862.0
3,sparse_er,sparse_er_6,6,46,1990277556,1633584554,"[3, 57, 115, 139, 151, 200, 212, 237, 244, 283, 300, 378, 418, 475, 502, 504, 575, 598]","[276, 516, 317, 560, 386, 191, 435, 521, 130, 290, 194, 478, 44, 347, 477, 240, 469, 520]",600,18,0.8,0.01,,,,,,,,5.955,0.4182617878307585,0.9983333333333333,0.14333333333333334,5.777777777777778,0.0016143353468335644,0.004843807242523661,0.15979381443298968,0.015463917525773196,0.0,0.0,2.1686746987951806,5.0,0.001718213058419244,0.13745704467353953,5.963917525773196,0.14492538407022673,0.7068805413110468,0.00492434217924414,3.7712418300653594,0.7926083195622697,0.0515463917525773,0.1477663230240549,0.1733333333333333,1.02076774998568,30,False,1504.0
3,sparse_er,sparse_er_6,6,47,1990277556,3182231757,"[4, 21, 121, 129, 148, 199, 203, 221, 278, 314, 321, 355, 411, 491, 513, 549, 561, 573]","[46, 292, 364, 100, 193, 590, 385, 361, 369, 237, 206, 239, 442, 11, 197, 445, 331, 131]",600,18,0.8,0.01,,,,,,,,5.955,0.4182617878307585,0.9983333333333333,0.14333333333333334,5.777777777777778,0.0016063872232698153,0.003577806932894931,0.15807560137457044,0.013745704467353952,0.0,0.0,2.189328743545611,4.0,0.001718213058419244,0.13058419243986255,5.81786941580756,0.14391085923022637,0.7097195852629961,0.0041429249762583095,3.8300653594771243,0.8039416198614312,0.0652920962199312,0.986254295532646,0.9866666666666668,0.9975839590188116,30,False,2862.0
3,sparse_er,sparse_er_6,6,48,1990277556,561058583,"[36, 42, 46, 130, 136, 176, 177, 223, 224, 236, 251, 290, 404, 422, 469, 511, 523, 584]","[89, 195, 420, 208, 59, 359, 29, 258, 47, 236, 4, 251, 484, 518, 72, 443, 387, 121]",600,18,0.8,0.01,,,,,,,,5.955,0.4182617878307585,0.9983333333333333,0.14333333333333334,4.666666666666667,0.0013682500512877545,0.003905415412156696,0.12714776632302405,0.010309278350515464,0.003436426116838488,0.0,2.3442340791738383,4.0,0.001718213058419244,0.07903780068728522,4.90893470790378,0.11927700277907055,0.762401594596353,0.007093578172009544,3.888888888888889,0.7497492543082112,0.0549828178694158,0.3436426116838488,0.3633333333333333,1.0292280000867322,30,False,1640.0
3,sparse_er,sparse_er_6,6,49,1990277556,4276981830,"[32, 41, 63, 76, 157, 195, 219, 229, 253, 289, 307, 326, 363, 492, 563, 573, 590, 599]","[126, 127, 128, 174, 551, 160, 278, 375, 460, 209, 101, 221, 558, 30, 578, 131, 354, 283]",600,18,0.8,0.01,,,,,,,,5.955,0.4182617878307585,0.9983333333333333,0.14333333333333334,5.388888888888889,0.001545179466608266,0.003274834897624895,0.14948453608247422,0.010309278350515464,0.003436426116838488,0.0,2.2117039586919107,5.0,0.001718213058419244,0.07216494845360824,5.115120274914089,0.13652087436376792,0.7241691360434374,0.006660042934552738,3.9934640522875817,0.845301381763628,0.0687285223367697,0.993127147766323,0.9933333333333332,0.9960912090027704,30,False,2862.0
3,sparse_er,sparse_er_7,7,0,2554112747,2568663017,"[132, 154, 187, 197, 201, 242, 297, 308, 345, 358, 380, 423, 441, 546, 582, 583, 590, 598]","[552, 5, 269, 186, 24, 486, 434, 255, 319, 189, 142, 177, 437, 412, 114, 192, 556, 58]",600,18,0.8,0.01,,,,,,,,5.885,0.40523561660951285,0.9983333333333333,0.10666666666666667,5.722222222222222,0.0016249068232669923,0.005311235669144019,0.16666666666666666,0.010309278350515464,0.0,0.0,2.1772805507745265,4.0,0.001718213058419244,0.12027491408934708,5.609965635738831,0.14781400346207482,0.6956130856267485,0.0026068817090488913,4.0130718954248366,0.8799452491989145,0.063573883161512,0.9965635738831616,0.9966666666666668,1.0085986249614507,30,False,2832.0
3,sparse_er,sparse_er_7,7,1,2554112747,840379033,"[13, 48, 53, 97, 104, 152, 203, 229, 311, 343, 346, 386, 402, 442, 482, 531, 538, 579]","[400, 179, 360, 74, 407, 106, 415, 296, 84, 572, 27, 98, 122, 375, 523, 144, 596, 175]",600,18,0.8,0.01,,,,,,,,5.885,0.40523561660951285,0.9983333333333333,0.10666666666666667,6.444444444444445,0.0018166218998624513,0.006662771625078261,0.17525773195876287,0.013745704467353952,0.0,0.0,2.134251290877797,4.0,0.001718213058419244,0.14432989690721648,5.934707903780069,0.15611686368845704,0.6813764631427034,0.003748852710790427,3.712418300653595,0.7698636948999023,0.0687285223367697,0.7336769759450171,0.7416666666666667,0.9949099579825996,30,False,2116.0
3,sparse_er,sparse_er_7,7,2,2554112747,3504653843,"[20, 31, 86, 103, 168, 173, 179, 253, 282, 288, 313, 356, 393, 402, 458, 479, 499, 548]","[576, 381, 113, 225, 367, 366, 159, 323, 18, 303, 180, 51, 396, 122, 17, 96, 145, 152]",600,18,0.8,0.01,,,,,,,,5.885,0.40523561660951285,0.9983333333333333,0.10666666666666667,6.611111111111111,0.0018080575152465987,0.0049766064399866545,0.17525773195876287,0.015463917525773196,0.0,0.0,2.0946643717728053,4.0,0.001718213058419244,0.17010309278350516,6.625429553264605,0.15798704866434604,0.6812049375706064,0.004929928459340224,3.5555555555555554,0.8599497920915062,0.0618556701030927,0.9948453608247424,0.995,0.9689299579476938,30,False,2832.0
3,sparse_er,sparse_er_7,7,3,2554112747,1232598430,"[2, 126, 136, 160, 186, 187, 199, 207, 381, 395, 419, 426, 460, 525, 537, 555, 569, 587]","[461, 38, 248, 560, 90, 269, 266, 532, 586, 190, 235, 430, 150, 295, 391, 80, 124, 520]",600,18,0.8,0.01,,,,,,,,5.885,0.40523561660951285,0.9983333333333333,0.10666666666666667,6.944444444444445,0.0018995339355759241,0.006131330707078249,0.19243986254295534,0.012027491408934709,0.0,0.0,2.06368330464716,4.0,0.001718213058419244,0.17353951890034364,6.3951890034364265,0.16622836564980117,0.6538199927840966,0.0029942548819397808,3.718954248366013,0.8035857642003602,0.0824742268041237,0.986254295532646,0.9866666666666668,0.9570320419734344,30,False,2832.0
3,sparse_er,sparse_er_7,7,4,2554112747,835855826,"[62, 97, 101, 113, 224, 245, 248, 305, 307, 351, 386, 397, 403, 460, 496, 543, 572, 575]","[55, 74, 194, 134, 135, 595, 309, 205, 448, 279, 98, 222, 425, 150, 539, 120, 125, 63]",600,18,0.8,0.01,,,,,,,,5.885,0.40523561660951285,0.9983333333333333,0.10666666666666667,5.444444444444445,0.0015637878602669441,0.0034777835554233067,0.15463917525773196,0.012027491408934709,0.001718213058419244,0.0,2.179001721170396,4.0,0.001718213058419244,0.1013745704467354,5.52233676975945,0.14090157223302185,0.7154568199158933,0.006289389622722956,3.954248366013072,0.7635948499855435,0.0721649484536082,0.9879725085910652,0.9883333333333332,0.9827419579960406,30,False,2832.0
3,sparse_er,sparse_er_7,7,5,2554112747,1033245502,"[15, 93, 129, 186, 195, 243, 262, 311, 370, 375, 424, 429, 433, 442, 468, 498, 579, 587]","[291, 356, 567, 90, 537, 450, 239, 84, 329, 93, 115, 132, 28, 375, 378, 153, 175, 520]",600,18,0.8,0.01,,,,,,,,5.885,0.40523561660951285,0.9983333333333333,0.10666666666666667,7.388888888888889,0.002015727937889992,0.008102040668191007,0.20790378006872853,0.013745704467353952,0.0,0.0,2.027538726333907,4.0,0.001718213058419244,0.18213058419243985,6.463917525773196,0.17723986060874666,0.6293746414228342,0.003361344537815126,3.69281045751634,0.8278314780561853,0.0773195876288659,0.9914089347079038,0.9916666666666668,0.98046987503767,30,False,2832.0
3,sparse_er,sparse_er_7,7,6,2554112747,3066050731,"[9, 35, 96, 104, 133, 159, 235, 250, 309, 321, 395, 403, 479, 481, 520, 526, 544, 573]","[300, 258, 297, 407, 573, 210, 534, 83, 566, 302, 190, 425, 96, 507, 441, 597, 424, 529]",600,18,0.8,0.01,,,,,,,,5.885,0.40523561660951285,0.9983333333333333,0.10666666666666667,6.166666666666667,0.0017499874090261616,0.005935916876692408,0.17869415807560138,0.00859106529209622,0.0,0.0,2.1290877796901895,4.0,0.001718213058419244,0.11168384879725086,5.647766323024055,0.15724590225514926,0.6757693513376037,0.0026891953362541596,3.7712418300653594,0.8520771919120107,0.0584192439862542,0.3625429553264604,0.3816666666666666,0.99382291699294,30,False,1712.0
3,sparse_er,sparse_er_7,7,7,2554112747,611606097,"[0, 61, 63, 73, 101, 168, 242, 300, 320, 332, 376, 483, 493, 508, 523, 541, 543, 564]","[131, 276, 226, 103, 194, 367, 486, 515, 128, 373, 357, 490, 406, 305, 481, 339, 120, 118]",600,18,0.8,0.01,,,,,,,,5.885,0.40523561660951285,0.9983333333333333,0.10666666666666667,5.944444444444445,0.0016611160301862565,0.0036301252284576774,0.15979381443298968,0.013745704467353952,0.0,0.0,2.2289156626506026,4.0,0.001718213058419244,0.14604810996563575,5.850515463917525,0.14505874211855502,0.7068509679365473,0.004150161748200964,3.69281045751634,0.8341003229705442,0.0618556701030927,0.127147766323024,0.1533333333333333,0.9995122080435976,30,False,1458.0
3,sparse_er,sparse_er_7,7,8,2554112747,2069461627,"[24, 49, 50, 67, 77, 103, 123, 155, 172, 306, 364, 376, 430, 494, 507, 556, 557, 598]","[137, 281, 236, 25, 362, 225, 333, 99, 565, 361, 594, 357, 414, 584, 52, 408, 160, 58]",600,18,0.8,0.01,,,,,,,,5.885,0.40523561660951285,0.9983333333333333,0.10666666666666667,5.0,0.0014432101262115615,0.0025568840456215184,0.13917525773195877,0.013745704467353952,0.001718213058419244,0.0,2.274914089347079,4.0,0.0,0.10824742268041238,5.053264604810996,0.12860477809740548,0.7417002324467236,0.006786568551274433,3.7941176470588234,0.8341003229705442,0.0532646048109965,0.1529209621993127,0.1783333333333333,0.9443285838933662,28,True,1478.0
3,sparse_er,sparse_er_7,7,9,2554112747,872124185,"[1, 12, 68, 121, 162, 170, 213, 219, 236, 257, 304, 349, 383, 410, 443, 510, 553, 587]","[207, 230, 508, 313, 315, 146, 11, 283, 465, 285, 61, 350, 524, 542, 436, 428, 512, 520]",600,18,0.8,0.01,,,,,,,,5.885,0.40523561660951285,0.9983333333333333,0.10666666666666667,5.777777777777778,0.0016369415126589188,0.004925351341653971,0.15979381443298968,0.015463917525773196,0.0,0.0,2.1927710843373496,4.0,0.001718213058419244,0.10996563573883161,5.594501718213058,0.14322543834417703,0.707146701681542,0.005138053667465432,4.019607843137255,0.8278314780561854,0.0549828178694158,0.1030927835051546,0.13,1.0060933330096304,30,False,1476.0
3,sparse_er,sparse_er_7,7,10,2554112747,4091742102,"[24, 117, 130, 157, 226, 282, 341, 344, 352, 404, 438, 463, 466, 502, 533, 573, 575, 594]","[137, 198, 228, 432, 403, 18, 338, 483, 310, 172, 37, 506, 320, 273, 591, 529, 63, 40]",600,18,0.8,0.01,,,,,,,,5.885,0.40523561660951285,0.9983333333333333,0.10666666666666667,6.722222222222222,0.001861883921418764,0.007543138784004969,0.17353951890034364,0.02577319587628866,0.001718213058419244,0.0,2.099827882960413,4.0,0.001718213058419244,0.15979381443298968,6.512027491408935,0.1597672314248504,0.6839552613990572,0.00740674632345852,3.69281045751634,0.7056270668292606,0.0618556701030927,0.1683848797250859,0.1933333333333333,1.007609875057824,30,False,1512.0
3,sparse_er,sparse_er_7,7,11,2554112747,1252230009,"[1, 5, 20, 39, 48, 60, 104, 164, 240, 241, 324, 372, 377, 413, 484, 485, 497, 537]","[207, 289, 576, 15, 179, 188, 407, 589, 136, 169, 421, 102, 50, 345, 32, 517, 522, 391]",600,18,0.8,0.01,,,,,,,,5.885,0.40523561660951285,0.9983333333333333,0.10666666666666667,6.111111111111111,0.0017200281689323481,0.0048897542984733325,0.17010309278350516,0.012027491408934709,0.0,0.0,2.161790017211704,4.0,0.001718213058419244,0.1323024054982818,5.986254295532646,0.15234750398390545,0.6897871308503528,0.004378120064394574,3.6470588235294117,0.7835903070929519,0.0584192439862542,0.986254295532646,0.9866666666666668,0.931957249995321,28,True,2832.0
3,sparse_er,sparse_er_7,7,12,2554112747,1381998296,"[35, 48, 72, 74, 101, 109, 135, 293, 304, 358, 422, 425, 437, 450, 452, 532, 571, 575]","[258, 179, 442, 73, 194, 398, 377, 426, 61, 189, 509, 75, 561, 21, 493, 12, 384, 63]",600,18,0.8,0.01,,,,,,,,5.885,0.40523561660951285,0.9983333333333333,0.10666666666666667,6.277777777777778,0.0017518762305272827,0.0055994000248640215,0.16666666666666666,0.020618556701030927,0.0,0.0,2.1652323580034425,4.0,0.001718213058419244,0.14948453608247422,6.130584192439863,0.15095407300139482,0.6955066214785505,0.006227432024190357,3.6862745098039214,0.8920681061268272,0.063573883161512,0.993127147766323,0.9933333333333332,0.7187619999749586,21,True,2832.0
3,sparse_er,sparse_er_7,7,13,2554112747,277092854,"[38, 104, 122, 168, 207, 213, 252, 254, 292, 323, 325, 391, 415, 433, 447, 515, 561, 582]","[322, 407, 568, 367, 532, 11, 354, 249, 444, 195, 46, 301, 202, 28, 157, 112, 547, 114]",600,18,0.8,0.01,,,,,,,,5.885,0.40523561660951285,0.9983333333333333,0.10666666666666667,6.222222222222222,0.001743120611836911,0.005256718507849007,0.17869415807560138,0.006872852233676976,0.0,0.0,2.125645438898451,4.0,0.001718213058419244,0.13573883161512026,5.857388316151202,0.15512739408863638,0.6759467915846006,0.002010299069122599,3.8562091503267975,0.8278314780561854,0.049828178694158,0.1993127147766323,0.2233333333333333,0.9902694169431924,30,False,1540.0
3,sparse_er,sparse_er_7,7,14,2554112747,293467972,"[7, 31, 88, 103, 122, 143, 144, 172, 290, 307, 320, 324, 361, 370, 421, 496, 505, 596]","[306, 381, 521, 225, 568, 72, 438, 565, 593, 448, 128, 421, 405, 329, 262, 539, 69, 71]",600,18,0.8,0.01,,,,,,,,5.885,0.40523561660951285,0.9983333333333333,0.10666666666666667,5.777777777777778,0.0016116231763556343,0.0038223840938267657,0.15807560137457044,0.013745704467353952,0.0,0.0,2.2030981067125643,4.0,0.001718213058419244,0.12199312714776632,5.678694158075602,0.14467911302879202,0.7096426944892974,0.0043081192590996515,3.8300653594771243,0.8278314780561854,0.070446735395189,0.3109965635738831,0.3316666666666666,1.0072750420076773,30,False,1620.0
3,sparse_er,sparse_er_7,7,15,2554112747,2131501847,"[29, 62, 182, 195, 199, 204, 212, 224, 307, 325, 338, 373, 390, 429, 513, 521, 552, 575]","[67, 55, 173, 537, 266, 395, 340, 135, 448, 46, 41, 272, 390, 132, 346, 34, 126, 63]",600,18,0.8,0.01,,,,,,,,5.885,0.40523561660951285,0.9983333333333333,0.10666666666666667,5.888888888888889,0.001653522820493668,0.004610369409986804,0.1563573883161512,0.020618556701030927,0.001718213058419244,0.0,2.1944922547332184,4.0,0.001718213058419244,0.14261168384879724,5.943298969072165,0.14496384722167743,0.7124876531161465,0.00841105154830645,3.718954248366013,0.8078360209487772,0.0652920962199312,0.9879725085910652,0.9883333333333332,0.9525177920004352,30,False,2832.0
3,sparse_er,sparse_er_7,7,16,2554112747,3861259728,"[8, 13, 39, 117, 145, 184, 197, 198, 259, 309, 335, 379, 391, 406, 456, 516, 548, 550]","[184, 400, 15, 198, 196, 369, 186, 546, 372, 566, 161, 29, 301, 514, 498, 364, 152, 317]",600,18,0.8,0.01,,,,,,,,5.885,0.40523561660951285,0.9983333333333333,0.10666666666666667,5.333333333333333,0.001516167854310923,0.003291970583176484,0.14432989690721648,0.015463917525773196,0.005154639175257732,0.0,2.2134251290877796,4.0,0.001718213058419244,0.12371134020618557,5.718213058419244,0.1344761327127413,0.7328400494466821,0.010055739467504174,3.7320261437908497,0.609272124723298,0.0601374570446735,0.2783505154639175,0.3,1.0125779999652875,30,False,1574.0
3,sparse_er,sparse_er_7,7,17,2554112747,2805504388,"[0, 22, 41, 95, 114, 128, 162, 241, 267, 307, 344, 349, 400, 403, 411, 466, 471, 479]","[131, 220, 308, 168, 555, 139, 315, 169, 324, 448, 483, 350, 571, 425, 540, 320, 244, 96]",600,18,0.8,0.01,,,,,,,,5.885,0.40523561660951285,0.9983333333333333,0.10666666666666667,6.5,0.0018195356629518472,0.005578283225539961,0.17697594501718214,0.010309278350515464,0.0,0.0,2.1153184165232357,4.0,0.001718213058419244,0.13402061855670103,6.015463917525773,0.15553951107548256,0.6786912007381515,0.0032251212075773477,3.6601307189542482,0.7698636948999023,0.0687285223367697,0.9896907216494846,0.99,0.9672481659799814,30,False,2832.0
3,sparse_er,sparse_er_7,7,18,2554112747,937538957,"[0, 28, 38, 82, 91, 160, 182, 189, 192, 210, 225, 245, 289, 296, 310, 332, 425, 527]","[131, 260, 322, 271, 219, 560, 173, 527, 48, 265, 117, 595, 492, 140, 380, 373, 75, 536]",600,18,0.8,0.01,,,,,,,,5.885,0.40523561660951285,0.9983333333333333,0.10666666666666667,6.722222222222222,0.0018637741900619969,0.004428526180405396,0.18384879725085912,0.01718213058419244,0.003436426116838488,0.0,2.1549053356282273,5.0,0.001718213058419244,0.17697594501718214,6.443298969072165,0.16369098469809204,0.6673409396052546,0.007000303511260835,3.6013071895424837,0.7498682377924941,0.0652920962199312,0.9879725085910652,0.9883333333333332,0.9707845840603112,30,False,2832.0
3,sparse_er,sparse_er_7,7,19,2554112747,859603411,"[7, 20, 67, 68, 71, 93, 94, 105, 237, 367, 370, 459, 468, 479, 511, 518, 560, 586]","[306, 576, 25, 508, 342, 356, 544, 187, 530, 304, 329, 7, 378, 96, 401, 466, 545, 528]",600,18,0.8,0.01,,,,,,,,5.885,0.40523561660951285,0.9983333333333333,0.10666666666666667,6.666666666666667,0.0018083451054191045,0.00504994833528986,0.19243986254295534,0.010309278350515464,0.0,0.0,2.0688468158347675,4.0,0.001718213058419244,0.17869415807560138,6.384879725085911,0.16639716015270778,0.6537076139609986,0.0028418224822947705,3.679738562091503,0.8599497920915062,0.0687285223367697,0.986254295532646,0.9866666666666668,0.9627569169970228,30,False,2832.0
3,sparse_er,sparse_er_7,7,20,2554112747,1162421054,"[17, 82, 91, 111, 117, 241, 252, 297, 333, 379, 397, 398, 400, 412, 436, 488, 552, 594]","[88, 271, 219, 1, 198, 169, 354, 434, 105, 29, 222, 487, 571, 109, 447, 325, 126, 40]",600,18,0.8,0.01,,,,,,,,5.885,0.40523561660951285,0.9983333333333333,0.10666666666666667,5.944444444444445,0.001673145444611382,0.004079141919701599,0.16494845360824742,0.013745704467353952,0.001718213058419244,0.0,2.1755593803786577,4.0,0.001718213058419244,0.13402061855670103,6.010309278350515,0.14929917320161604,0.6982628599819011,0.005528422195088862,3.6666666666666665,0.8399543349840979,0.0687285223367697,0.9965635738831616,0.9966666666666668,0.9779008750338108,30,False,2832.0
3,sparse_er,sparse_er_7,7,21,2554112747,1418760847,"[0, 11, 81, 116, 194, 227, 233, 259, 304, 308, 312, 313, 409, 430, 432, 480, 521, 537]","[131, 221, 240, 100, 238, 355, 68, 372, 61, 255, 499, 180, 33, 414, 82, 42, 34, 391]",600,18,0.8,0.01,,,,,,,,5.885,0.40523561660951285,0.9983333333333333,0.10666666666666667,6.666666666666667,0.0018282233653065508,0.006231083311070363,0.1872852233676976,0.013745704467353952,0.001718213058419244,0.0,2.0860585197934594,4.0,0.001718213058419244,0.16494845360824742,6.5,0.16383666576510525,0.6619822441459505,0.004750864497115939,3.712418300653595,0.7941094087557276,0.0721649484536082,0.986254295532646,0.9866666666666668,0.9952207499882206,30,False,2832.0
3,sparse_er,sparse_er_7,7,22,2554112747,2423582036,"[22, 31, 47, 110, 129, 142, 150, 220, 240, 296, 339, 375, 406, 536, 538, 548, 549, 574]","[220, 381, 577, 451, 567, 439, 488, 454, 136, 140, 252, 93, 514, 3, 596, 152, 185, 477]",600,18,0.8,0.01,,,,,,,,5.885,0.40523561660951285,0.9983333333333333,0.10666666666666667,5.444444444444445,0.0015539202684164615,0.002663713361089285,0.15807560137457044,0.010309278350515464,0.0,0.0,2.180722891566265,4.0,0.001718213058419244,0.1013745704467354,5.561855670103093,0.1428362478509417,0.7097254999378959,0.0035625866508219453,3.8758169934640523,0.8278314780561853,0.0515463917525773,0.3041237113402061,0.325,1.0011138329282403,30,False,1604.0
3,sparse_er,sparse_er_7,7,23,2554112747,2535652694,"[14, 52, 86, 103, 135, 152, 207, 208, 215, 286, 335, 371, 403, 419, 455, 469, 484, 567]","[246, 321, 113, 225, 377, 106, 532, 49, 382, 247, 161, 79, 425, 235, 543, 233, 32, 459]",600,18,0.8,0.01,,,,,,,,5.885,0.40523561660951285,0.9983333333333333,0.10666666666666667,6.333333333333333,0.0017741074690795545,0.005208795514212816,0.16494845360824742,0.024054982817869417,0.001718213058419244,0.0,2.1566265060240966,4.0,0.001718213058419244,0.1323024054982818,5.907216494845361,0.15094699234302353,0.6983101773811002,0.009542714750327206,3.7320261437908497,0.7941094087557276,0.070446735395189,0.9896907216494846,0.99,0.9780904999934136,30,False,2832.0
3,sparse_er,sparse_er_7,7,24,2554112747,2920377343,"[63, 69, 73, 115, 119, 188, 234, 340, 348, 377, 380, 405, 425, 432, 438, 459, 468, 562]","[226, 95, 103, 234, 148, 10, 278, 143, 20, 50, 142, 460, 75, 82, 37, 7, 378, 81]",600,18,0.8,0.01,,,,,,,,5.885,0.40523561660951285,0.9983333333333333,0.10666666666666667,6.0,0.0016743546129717986,0.0035057629893964918,0.16666666666666666,0.015463917525773196,0.0,0.0,2.1462994836488813,4.0,0.001718213058419244,0.140893470790378,5.893470790378007,0.15092508130872004,0.6953883279805525,0.005022349601357675,3.764705882352941,0.8841955059473315,0.0549828178694158,0.1460481099656357,0.1716666666666666,0.9469604579498992,28,True,1476.0
3,sparse_er,sparse_er_7,7,25,2554112747,3446722160,"[3, 12, 116, 117, 160, 169, 177, 196, 324, 401, 403, 411, 442, 498, 509, 544, 581, 583]","[479, 230, 100, 198, 560, 214, 433, 191, 421, 264, 425, 540, 375, 153, 101, 424, 44, 192]",600,18,0.8,0.01,,,,,,,,5.885,0.40523561660951285,0.9983333333333333,0.10666666666666667,5.055555555555555,0.0014792757228456281,0.003820058781177003,0.14776632302405499,0.001718213058419244,0.0,0.0,2.1962134251290877,4.0,0.001718213058419244,0.07560137457044673,5.242268041237113,0.13139235761507698,0.7272447669913823,0.0006535947712418301,4.104575163398692,0.7819865518278151,0.0515463917525773,0.1580756013745704,0.1833333333333333,1.0247302079806104,30,False,1482.0
3,sparse_er,sparse_er_7,7,26,2554112747,3637269755,"[5, 47, 48, 104, 152, 154, 210, 275, 296, 309, 318, 323, 375, 474, 519, 525, 543, 586]","[289, 577, 179, 407, 106, 5, 265, 104, 140, 566, 242, 195, 93, 176, 574, 295, 120, 528]",600,18,0.8,0.01,,,,,,,,5.885,0.40523561660951285,0.9983333333333333,0.10666666666666667,6.722222222222222,0.0018822455474656553,0.006279583989661689,0.18213058419243985,0.018900343642611683,0.0,0.0,2.1015490533562824,4.0,0.001718213058419244,0.13573883161512026,6.15979381443299,0.16324786529875093,0.6700971781086053,0.00569668740463374,3.738562091503268,0.8157086211282728,0.0790378006872852,0.9879725085910652,0.9883333333333332,0.9605462910840288,30,False,2832.0
3,sparse_er,sparse_er_7,7,27,2554112747,1520349966,"[21, 46, 75, 100, 118, 124, 146, 217, 288, 299, 312, 449, 468, 470, 501, 548, 553, 557]","[53, 165, 294, 374, 89, 298, 541, 237, 303, 39, 499, 213, 378, 429, 587, 152, 512, 160]",600,18,0.8,0.01,,,,,,,,5.885,0.40523561660951285,0.9983333333333333,0.10666666666666667,5.611111111111111,0.001602674130705373,0.003646782134854402,0.1563573883161512,0.013745704467353952,0.0,0.0,2.189328743545611,4.0,0.001718213058419244,0.11683848797250859,5.548109965635739,0.14179333911476397,0.7126710080380432,0.0045429788076846896,3.9411764705882355,0.8478269351635938,0.0532646048109965,0.2405498281786941,0.2633333333333333,1.0038990420289338,30,False,1520.0
3,sparse_er,sparse_er_7,7,28,2554112747,1235319520,"[12, 50, 97, 173, 257, 290, 299, 329, 334, 359, 391, 396, 407, 435, 441, 457, 472, 508]","[230, 236, 74, 366, 285, 593, 39, 363, 389, 19, 301, 216, 598, 326, 437, 54, 473, 305]",600,18,0.8,0.01,,,,,,,,5.885,0.40523561660951285,0.9983333333333333,0.10666666666666667,5.555555555555555,0.0015788791518861862,0.003470564646984289,0.15120274914089346,0.013745704467353952,0.0,0.0,2.2117039586919107,4.0,0.001718213058419244,0.1134020618556701,5.630584192439863,0.1382815889711177,0.7212472866428897,0.00460831833380853,3.8562091503267975,0.7819865518278151,0.0481099656357388,0.1924398625429553,0.2166666666666666,0.9996485420269892,30,False,1512.0
3,sparse_er,sparse_er_7,7,29,2554112747,330780093,"[64, 77, 78, 90, 124, 126, 167, 178, 216, 237, 307, 334, 362, 388, 425, 524, 569, 570]","[133, 362, 154, 275, 298, 38, 60, 182, 570, 530, 448, 389, 446, 468, 75, 92, 124, 229]",600,18,0.8,0.01,,,,,,,,5.885,0.40523561660951285,0.9983333333333333,0.10666666666666667,6.555555555555555,0.001787303564740506,0.00494148859831841,0.17353951890034364,0.010309278350515464,0.001718213058419244,0.0,2.1514629948364887,4.0,0.001718213058419244,0.17525773195876287,6.6048109965635735,0.15410746305023218,0.6841800190452532,0.004527489576509185,3.5098039215686274,0.8278314780561854,0.063573883161512,0.9879725085910652,0.9883333333333332,0.9745213330024852,30,False,2832.0
3,sparse_er,sparse_er_7,7,30,2554112747,2626366299,"[1, 60, 84, 147, 161, 167, 185, 192, 267, 283, 306, 357, 396, 399, 412, 421, 458, 513]","[207, 188, 435, 420, 163, 60, 156, 48, 324, 268, 361, 476, 216, 590, 109, 262, 17, 346]",600,18,0.8,0.01,,,,,,,,5.885,0.40523561660951285,0.9983333333333333,0.10666666666666667,5.666666666666667,0.0015867572452032115,0.0037403372091352523,0.15979381443298968,0.00859106529209622,0.0,0.0,2.189328743545611,4.0,0.001718213058419244,0.11168384879725086,5.635738831615121,0.1434566585500792,0.7068982853357465,0.002541757443718228,3.8562091503267975,0.8841955059473315,0.0446735395189003,0.1374570446735395,0.1633333333333333,1.027069709030911,30,False,1476.0
3,sparse_er,sparse_er_7,7,31,2554112747,3560393036,"[28, 88, 176, 191, 230, 232, 259, 263, 280, 308, 374, 376, 414, 510, 512, 516, 527, 528]","[260, 521, 485, 578, 318, 371, 372, 480, 551, 255, 336, 357, 23, 428, 30, 364, 536, 0]",600,18,0.8,0.01,,,,,,,,5.885,0.40523561660951285,0.9983333333333333,0.10666666666666667,6.444444444444445,0.0017691418204271651,0.005025213532528889,0.1718213058419244,0.020618556701030927,0.0,0.0,2.1376936316695354,4.0,0.001718213058419244,0.16494845360824742,6.259450171821306,0.1553495378141616,0.6870013189725027,0.006560287932836952,3.6862745098039214,0.7498682377924941,0.0601374570446735,0.4243986254295532,0.4416666666666666,1.0427303749602288,30,False,1744.0
3,sparse_er,sparse_er_7,7,32,2554112747,1951386919,"[9, 50, 77, 84, 99, 108, 165, 172, 205, 211, 234, 248, 283, 352, 355, 480, 515, 549]","[300, 236, 362, 435, 431, 151, 292, 565, 232, 335, 278, 309, 268, 310, 250, 42, 112, 185]",600,18,0.8,0.01,,,,,,,,5.885,0.40523561660951285,0.9983333333333333,0.10666666666666667,5.833333333333333,0.0016331202400381303,0.004137300062117524,0.14948453608247422,0.015463917525773196,0.001718213058419244,0.0,2.206540447504303,4.0,0.001718213058419244,0.1254295532646048,5.5756013745704465,0.13729134425092734,0.7242105387677367,0.005828935330999314,3.8562091503267975,0.8920681061268272,0.0463917525773195,0.1563573883161512,0.1816666666666666,1.1331943339901045,30,False,1476.0
3,sparse_er,sparse_er_7,7,33,2554112747,4035353929,"[12, 70, 92, 103, 157, 197, 227, 235, 248, 284, 340, 360, 361, 371, 411, 489, 523, 560]","[230, 174, 201, 225, 432, 186, 355, 534, 309, 352, 143, 370, 405, 79, 540, 164, 481, 545]",600,18,0.8,0.01,,,,,,,,5.885,0.40523561660951285,0.9983333333333333,0.10666666666666667,5.111111111111111,0.0014745999411957637,0.004287610106098394,0.14604810996563575,0.012027491408934709,0.0,0.0,2.2117039586919107,5.0,0.001718213058419244,0.08075601374570447,5.097938144329897,0.134085861365292,0.7300128348445327,0.0045777570287374204,4.0588235294117645,0.8278314780561854,0.0446735395189003,0.1477663230240549,0.1733333333333333,1.1106849999632686,30,False,1482.0
3,sparse_er,sparse_er_7,7,34,2554112747,2795234925,"[13, 47, 62, 92, 129, 156, 188, 256, 357, 400, 438, 445, 455, 492, 496, 503, 517, 547]","[400, 577, 55, 201, 567, 200, 10, 65, 476, 571, 37, 78, 543, 263, 539, 404, 257, 227]",600,18,0.8,0.01,,,,,,,,5.885,0.40523561660951285,0.9983333333333333,0.10666666666666667,5.777777777777778,0.00162738146245641,0.004766344175097642,0.14948453608247422,0.018900343642611683,0.003436426116838488,0.0,2.208261617900172,4.0,0.001718213058419244,0.14261168384879724,5.776632302405498,0.13858713200134967,0.7241277333191382,0.009586791204438264,3.588235294117647,0.6151261367368518,0.0601374570446735,0.2216494845360824,0.245,1.1808976249303669,30,False,1552.0
3,sparse_er,sparse_er_7,7,35,2554112747,2684826878,"[16, 26, 97, 160, 193, 209, 217, 288, 329, 330, 343, 344, 429, 455, 508, 509, 516, 526]","[348, 504, 74, 560, 155, 204, 237, 303, 363, 519, 572, 483, 132, 543, 305, 101, 364, 597]",600,18,0.8,0.01,,,,,,,,5.885,0.40523561660951285,0.9983333333333333,0.10666666666666667,6.333333333333333,0.0017574100319974204,0.0057720773694333715,0.17353951890034364,0.01718213058419244,0.001718213058419244,0.0,2.1153184165232357,4.0,0.001718213058419244,0.140893470790378,5.9553264604811,0.15548287443126588,0.684245080469152,0.00533471850551314,3.843137254901961,0.6977544666497649,0.0601374570446735,0.2130584192439862,0.2366666666666666,1.1084892079234123,30,False,1548.0
3,sparse_er,sparse_er_7,7,36,2554112747,2132448461,"[36, 58, 78, 101, 104, 212, 254, 289, 343, 363, 387, 390, 398, 436, 466, 471, 478, 496]","[503, 562, 154, 194, 407, 340, 249, 492, 572, 417, 494, 390, 487, 447, 320, 244, 110, 539]",600,18,0.8,0.01,,,,,,,,5.885,0.40523561660951285,0.9983333333333333,0.10666666666666667,6.111111111111111,0.0017334570196872678,0.004799338789078636,0.17010309278350516,0.012027491408934709,0.0,0.0,2.1652323580034425,4.0,0.001718213058419244,0.1254295532646048,5.780068728522337,0.152547351442459,0.6897634721507533,0.003284433431492255,3.758169934640523,0.7498682377924941,0.070446735395189,0.9896907216494846,0.99,1.048143416061066,30,False,2832.0
3,sparse_er,sparse_er_7,7,37,2554112747,1812645584,"[28, 44, 74, 80, 97, 118, 127, 147, 163, 243, 259, 314, 330, 433, 500, 517, 562, 577]","[260, 445, 73, 513, 74, 89, 418, 420, 341, 450, 372, 22, 519, 28, 167, 257, 81, 209]",600,18,0.8,0.01,,,,,,,,5.885,0.40523561660951285,0.9983333333333333,0.10666666666666667,5.833333333333333,0.0016298532009552077,0.003699978508537171,0.16151202749140894,0.015463917525773196,0.0,0.0,2.1376936316695354,4.0,0.001718213058419244,0.13058419243986255,5.981099656357388,0.1469947732486192,0.703964606585399,0.005566238409375664,3.784313725490196,0.9241864201621479,0.0687285223367697,0.9896907216494846,0.99,0.8670362499542534,26,True,2832.0
3,sparse_er,sparse_er_7,7,38,2554112747,1805716243,"[17, 26, 103, 142, 147, 171, 280, 317, 325, 332, 352, 381, 398, 427, 559, 561, 569, 574]","[88, 504, 225, 439, 420, 583, 551, 107, 46, 373, 310, 586, 487, 581, 43, 547, 124, 477]",600,18,0.8,0.01,,,,,,,,5.885,0.40523561660951285,0.9983333333333333,0.10666666666666667,6.333333333333333,0.0017659483364583393,0.004534381790229594,0.18384879725085912,0.012027491408934709,0.0,0.0,2.099827882960413,4.0,0.001718213058419244,0.13573883161512026,5.994845360824742,0.16134178039622185,0.6674533184283525,0.003869768575650929,3.816993464052288,0.8278314780561854,0.0618556701030927,0.2010309278350515,0.225,1.0030055419774726,30,True,1502.0
3,sparse_er,sparse_er_7,7,39,2554112747,2735261945,"[87, 92, 103, 116, 148, 168, 176, 239, 283, 291, 298, 352, 374, 403, 448, 469, 535, 550]","[579, 201, 225, 100, 376, 367, 485, 387, 268, 553, 347, 310, 336, 425, 449, 233, 199, 317]",600,18,0.8,0.01,,,,,,,,5.885,0.40523561660951285,0.9983333333333333,0.10666666666666667,6.111111111111111,0.0016959810720043134,0.004451435020662486,0.16323024054982818,0.018900343642611683,0.003436426116838488,0.0,2.1549053356282273,4.0,0.001718213058419244,0.15120274914089346,6.06701030927835,0.14902675906399881,0.7010900745840505,0.008548677176128155,3.6405228758169934,0.8462231798984566,0.056701030927835,0.2611683848797251,0.2833333333333333,1.127656792057678,30,True,1602.0
3,sparse_er,sparse_er_7,7,40,2554112747,445555564,"[7, 25, 27, 50, 52, 102, 112, 113, 135, 160, 202, 314, 395, 425, 437, 464, 471, 599]","[306, 511, 181, 236, 321, 580, 416, 134, 377, 560, 550, 22, 190, 75, 561, 284, 244, 206]",600,18,0.8,0.01,,,,,,,,5.885,0.40523561660951285,0.9983333333333333,0.10666666666666667,6.833333333333333,0.001917229365932496,0.005458308701796813,0.19415807560137457,0.013745704467353952,0.001718213058419244,0.0,2.091222030981067,4.0,0.001718213058419244,0.13745704467353953,6.328178694158075,0.1662693095963284,0.6511702184289441,0.008298367338159725,3.6862745098039214,0.8399543349840981,0.0652920962199312,0.993127147766323,0.9933333333333332,1.0027926249895245,30,False,2832.0
3,sparse_er,sparse_er_7,7,41,2554112747,198276600,"[7, 80, 85, 92, 93, 98, 148, 203, 217, 220, 228, 355, 363, 382, 414, 416, 467, 596]","[306, 513, 218, 201, 356, 495, 376, 415, 237, 454, 108, 250, 417, 87, 23, 91, 526, 71]",600,18,0.8,0.01,,,,,,,,5.885,0.40523561660951285,0.9983333333333333,0.10666666666666667,5.833333333333333,0.0016378060664169567,0.005042187563327714,0.16151202749140894,0.012027491408934709,0.0,0.0,2.1411359724612735,4.0,0.001718213058419244,0.13573883161512026,5.81786941580756,0.14488159057476188,0.7040769854084971,0.003858995035465624,3.8300653594771243,0.8799452491989145,0.0532646048109965,0.1065292096219931,0.1333333333333333,0.9540185830555856,28,True,1468.0
3,sparse_er,sparse_er_7,7,42,2554112747,1914899620,"[22, 38, 83, 107, 110, 119, 203, 246, 274, 309, 366, 427, 430, 451, 452, 470, 491, 515]","[220, 322, 241, 287, 451, 148, 415, 56, 453, 566, 130, 581, 414, 123, 493, 429, 280, 112]",600,18,0.8,0.01,,,,,,,,5.885,0.40523561660951285,0.9983333333333333,0.10666666666666667,5.777777777777778,0.0016259514764296627,0.004131532937375114,0.15807560137457044,0.012027491408934709,0.001718213058419244,0.0,2.2203098106712567,4.0,0.001718213058419244,0.12886597938144329,5.513745704467354,0.14211395402756374,0.7098615374605934,0.006137263245106383,3.816993464052288,0.8599497920915062,0.0549828178694158,0.1838487972508591,0.2083333333333333,1.0163428749656305,30,False,1492.0
3,sparse_er,sparse_er_7,7,43,2554112747,1771352693,"[1, 62, 86, 149, 175, 258, 265, 305, 314, 329, 359, 380, 406, 407, 475, 503, 518, 529]","[207, 55, 113, 516, 410, 510, 464, 205, 22, 363, 19, 142, 514, 598, 141, 404, 466, 197]",600,18,0.8,0.01,,,,,,,,5.885,0.40523561660951285,0.9983333333333333,0.10666666666666667,5.666666666666667,0.0016195871664288176,0.0038054251007375653,0.1718213058419244,0.003436426116838488,0.0,0.0,2.1686746987951806,4.0,0.001718213058419244,0.0979381443298969,5.420962199312715,0.14980315300471153,0.6871196124705006,0.001002673796791444,3.9019607843137254,0.8678223922710019,0.049828178694158,0.0996563573883161,0.1266666666666666,1.008948832983151,30,False,1456.0
3,sparse_er,sparse_er_7,7,44,2554112747,2149151877,"[61, 180, 215, 219, 238, 243, 253, 260, 284, 313, 324, 430, 432, 450, 483, 494, 564, 586]","[276, 399, 382, 283, 36, 450, 323, 299, 352, 180, 421, 414, 82, 21, 490, 584, 118, 528]",600,18,0.8,0.01,,,,,,,,5.885,0.40523561660951285,0.9983333333333333,0.10666666666666667,5.944444444444445,0.0016459421820157127,0.0047263512646178564,0.16323024054982818,0.01718213058419244,0.0,0.0,2.17039586919105,4.0,0.001718213058419244,0.14432989690721648,6.13745704467354,0.14867310720208102,0.7010900745840505,0.006108874004824955,3.6862745098039214,0.8720726490194188,0.0652920962199312,0.986254295532646,0.9866666666666668,0.9791530839866028,30,False,2832.0
3,sparse_er,sparse_er_7,7,45,2554112747,4040733125,"[31, 44, 122, 138, 151, 175, 181, 255, 276, 338, 371, 451, 479, 499, 532, 555, 558, 592]","[381, 445, 568, 383, 502, 410, 489, 245, 312, 41, 79, 123, 96, 145, 12, 80, 170, 314]",600,18,0.8,0.01,,,,,,,,5.885,0.40523561660951285,0.9983333333333333,0.10666666666666667,6.111111111111111,0.0016917766962656407,0.004868014494683556,0.1718213058419244,0.01718213058419244,0.0,0.0,2.1394148020654047,4.0,0.001718213058419244,0.11512027491408934,6.094501718213058,0.15470514242311728,0.6869540015733036,0.00472689075630252,3.816993464052288,0.8278314780561854,0.0601374570446735,0.1666666666666666,0.1916666666666666,0.9964215419022366,30,False,1516.0
3,sparse_er,sparse_er_7,7,46,2554112747,1641965095,"[46, 55, 76, 107, 115, 160, 164, 203, 209, 211, 286, 311, 321, 385, 392, 405, 445, 556]","[165, 554, 385, 287, 234, 560, 589, 415, 204, 335, 247, 84, 302, 463, 458, 460, 78, 408]",600,18,0.8,0.01,,,,,,,,5.885,0.40523561660951285,0.9983333333333333,0.10666666666666667,5.111111111111111,0.0015054190993396236,0.003000206487013903,0.14776632302405499,0.006872852233676976,0.0,0.0,2.2185886402753874,4.0,0.001718213058419244,0.05670103092783505,4.835051546391752,0.1338888003595663,0.7271087294686848,0.0025753113988408105,4.196078431372549,0.749868237792494,0.049828178694158,0.1477663230240549,0.1733333333333333,1.0173515419010073,30,False,1462.0
3,sparse_er,sparse_er_7,7,47,2554112747,3374341999,"[11, 25, 28, 85, 135, 147, 177, 255, 281, 295, 333, 371, 458, 475, 491, 492, 591, 598]","[221, 511, 260, 218, 377, 420, 433, 245, 422, 392, 105, 79, 17, 141, 280, 263, 62, 58]",600,18,0.8,0.01,,,,,,,,5.885,0.40523561660951285,0.9983333333333333,0.10666666666666667,5.333333333333333,0.0015313473040421373,0.003494594544537654,0.15292096219931273,0.012027491408934709,0.0,0.0,2.1944922547332184,4.0,0.001718213058419244,0.10481099656357389,5.316151202749141,0.13909975544900438,0.7184200720407403,0.003498806930179479,3.980392156862745,0.7757177069134562,0.0670103092783505,0.8161512027491409,0.8216666666666667,1.0046459579607472,30,False,2348.0
3,sparse_er,sparse_er_7,7,48,2554112747,3199044080,"[18, 33, 41, 56, 103, 104, 129, 187, 301, 334, 380, 432, 441, 458, 473, 514, 553, 596]","[311, 455, 308, 211, 225, 407, 567, 269, 286, 389, 142, 82, 437, 17, 592, 525, 512, 71]",600,18,0.8,0.01,,,,,,,,5.885,0.40523561660951285,0.9983333333333333,0.10666666666666667,5.888888888888889,0.0016840641188976633,0.0036875085132959456,0.16323024054982818,0.012027491408934709,0.0,0.0,2.1876075731497417,4.0,0.001718213058419244,0.09621993127147767,5.374570446735395,0.14791349138515242,0.7010723305593508,0.004329004329004328,3.803921568627451,0.8262277227910484,0.0515463917525773,0.1151202749140893,0.1416666666666666,1.0127179159317166,30,False,1446.0
3,sparse_er,sparse_er_7,7,49,2554112747,3803096487,"[2, 54, 57, 137, 138, 139, 225, 291, 333, 335, 400, 446, 449, 451, 505, 514, 539, 572]","[461, 8, 256, 409, 383, 559, 117, 553, 105, 161, 571, 457, 213, 123, 69, 525, 413, 125]",600,18,0.8,0.01,,,,,,,,5.885,0.40523561660951285,0.9983333333333333,0.10666666666666667,6.055555555555555,0.0016686372190702565,0.005246697503825253,0.16151202749140894,0.015463917525773196,0.0,0.0,2.1480206540447506,4.0,0.001718213058419244,0.13402061855670103,6.3728522336769755,0.14607090906730597,0.7040533267088974,0.005802449184802126,3.5751633986928106,0.751471993057631,0.0584192439862542,0.3213058419243986,0.3416666666666667,0.99674508406315,30,False,1650.0
3,sparse_er,sparse_er_8,8,0,2458687237,147990998,"[16, 22, 80, 194, 203, 211, 250, 251, 271, 281, 348, 480, 486, 494, 503, 542, 558, 589]","[204, 255, 338, 67, 393, 244, 410, 589, 278, 533, 450, 497, 457, 32, 63, 503, 363, 475]",600,18,0.8,0.01,,,,,,,,5.921666666666667,0.40475685931619665,1.0,0.13666666666666666,6.888888888888889,0.0018663970754314277,0.005357192555123961,0.19072164948453607,0.013745704467353952,0.001718213058419244,0.0,2.104810996563574,4.0,0.0,0.17525773195876287,6.678694158075602,0.16772632426395562,0.6562686681926528,0.005117730853024971,3.5751633986928106,0.7283065366074415,0.0601374570446735,0.1426116838487972,0.1683333333333333,0.8489611250115559,24,True,1474.0
3,sparse_er,sparse_er_8,8,1,2458687237,796770277,"[5, 90, 94, 113, 166, 170, 215, 221, 281, 285, 308, 317, 333, 392, 413, 423, 521, 552]","[25, 460, 325, 286, 60, 100, 529, 483, 533, 299, 373, 23, 331, 35, 112, 467, 219, 220]",600,18,0.8,0.01,,,,,,,,5.921666666666667,0.40475685931619665,1.0,0.13666666666666666,5.555555555555555,0.0015668142774485454,0.004757338934023384,0.15120274914089346,0.01718213058419244,0.0,0.0,2.2147766323024056,4.0,0.0,0.12027491408934708,5.536082474226804,0.13933932451338416,0.7212591159926894,0.005857786004844828,3.738562091503268,0.8078267457273852,0.0652920962199312,1.0,1.0,1.0117113750893625,30,False,2820.0
3,sparse_er,sparse_er_8,8,2,2458687237,1340986815,"[44, 92, 111, 251, 299, 360, 362, 382, 390, 401, 441, 450, 468, 491, 504, 520, 583, 599]","[553, 484, 210, 589, 471, 37, 370, 336, 337, 77, 144, 72, 429, 291, 245, 550, 386, 428]",600,18,0.8,0.01,,,,,,,,5.921666666666667,0.40475685931619665,1.0,0.13666666666666666,6.0,0.0016701821323598552,0.004971826686886104,0.17010309278350516,0.006872852233676976,0.001718213058419244,0.0,2.1460481099656357,4.0,0.0,0.13917525773195877,6.147766323024055,0.1501486367707963,0.6898521922742517,0.0030421648068706896,3.7908496732026142,0.7952020911994373,0.0584192439862542,0.1752577319587628,0.2,1.027887542033568,30,False,1508.0
3,sparse_er,sparse_er_8,8,3,2458687237,3319262921,"[30, 31, 83, 180, 185, 254, 263, 277, 344, 366, 432, 443, 455, 468, 482, 485, 491, 578]","[485, 458, 188, 260, 513, 194, 374, 281, 252, 395, 284, 578, 187, 429, 166, 213, 291, 115]",600,18,0.8,0.01,,,,,,,,5.921666666666667,0.40475685931619665,1.0,0.13666666666666666,7.111111111111111,0.001951125731180847,0.005143047242347666,0.20618556701030927,0.005154639175257732,0.001718213058419244,0.0,2.049828178694158,4.0,0.0,0.19243986254295534,6.7285223367697595,0.17386277861059973,0.6320244157779867,0.0026433560458935315,3.588235294117647,0.9289932003834289,0.0738831615120274,0.1941580756013745,0.2183333333333333,1.0404180419864133,30,False,1514.0
3,sparse_er,sparse_er_8,8,4,2458687237,19760231,"[4, 30, 56, 70, 184, 216, 226, 307, 363, 378, 403, 448, 461, 466, 532, 550, 563, 599]","[92, 485, 186, 572, 443, 456, 597, 14, 91, 79, 437, 142, 312, 256, 227, 415, 320, 428]",600,18,0.8,0.01,,,,,,,,5.921666666666667,0.40475685931619665,1.0,0.13666666666666666,5.277777777777778,0.001545527442680779,0.00417240771765208,0.15120274914089346,0.005154639175257732,0.0,0.0,2.209621993127148,4.0,0.0,0.06529209621993128,4.75085910652921,0.13402135818653568,0.7214779589639856,0.0016793754538852576,4.1568627450980395,0.8494729912634851,0.0429553264604811,0.0893470790378006,0.1166666666666666,0.834668125025928,24,True,1446.0
3,sparse_er,sparse_er_8,8,5,2458687237,669362522,"[64, 71, 182, 210, 227, 231, 295, 329, 336, 339, 354, 368, 390, 434, 457, 509, 538, 550]","[295, 418, 573, 376, 568, 327, 335, 383, 54, 500, 551, 283, 337, 351, 530, 49, 413, 415]",600,18,0.8,0.01,,,,,,,,5.921666666666667,0.40475685931619665,1.0,0.13666666666666666,5.777777777777778,0.001638174242450734,0.004028821199435161,0.15292096219931273,0.018900343642611683,0.0,0.0,2.240549828178694,4.0,0.0,0.12371134020618557,5.486254295532646,0.1418637137676967,0.7183313519172418,0.006865175492626474,3.7450980392156863,0.7205400723158003,0.0532646048109965,0.1666666666666666,0.1916666666666666,1.0317897079512477,30,False,1492.0
3,sparse_er,sparse_er_8,8,6,2458687237,2624278721,"[14, 36, 47, 55, 60, 198, 225, 284, 295, 336, 382, 400, 421, 470, 477, 492, 500, 551]","[371, 537, 566, 406, 50, 247, 233, 332, 335, 54, 336, 445, 178, 355, 207, 85, 422, 47]",600,18,0.8,0.01,,,,,,,,5.921666666666667,0.40475685931619665,1.0,0.13666666666666666,5.388888888888889,0.0015245871106710465,0.0032397302208823434,0.15120274914089346,0.013745704467353952,0.001718213058419244,0.0,2.1941580756013748,4.0,0.0,0.11683848797250859,5.6924398625429555,0.1396761005382837,0.7211467371695914,0.005529056999645235,3.843137254901961,0.8143550749655897,0.0670103092783505,0.9965635738831616,0.9966666666666668,0.8845488340593874,26,True,2820.0
3,sparse_er,sparse_er_8,8,7,2458687237,3685322105,"[67, 126, 177, 204, 215, 254, 263, 269, 288, 302, 332, 356, 364, 372, 374, 415, 437, 556]","[191, 314, 138, 502, 529, 194, 374, 366, 487, 330, 324, 217, 585, 98, 541, 539, 478, 488]",600,18,0.8,0.01,,,,,,,,5.921666666666667,0.40475685931619665,1.0,0.13666666666666666,5.944444444444445,0.0016559725519082248,0.004677222732845068,0.15807560137457044,0.018900343642611683,0.0,0.0,2.178694158075601,4.0,0.0,0.12199312714776632,5.938144329896907,0.1463729337846398,0.709607206439898,0.006163272094644644,3.7320261437908497,0.9289932003834289,0.0738831615120274,0.9965635738831616,0.9966666666666668,0.994498291052878,30,False,2820.0
3,sparse_er,sparse_er_8,8,8,2458687237,4230735359,"[33, 49, 60, 61, 147, 160, 288, 291, 311, 331, 337, 352, 423, 424, 443, 538, 542, 561]","[420, 250, 50, 547, 588, 4, 487, 570, 520, 34, 293, 565, 467, 439, 578, 413, 503, 73]",600,18,0.8,0.01,,,,,,,,5.921666666666667,0.40475685931619665,1.0,0.13666666666666666,6.277777777777778,0.0017256728936458478,0.005033676940202163,0.17697594501718214,0.01718213058419244,0.0,0.0,2.147766323024055,4.0,0.0,0.15120274914089346,6.197594501718213,0.15837679355210124,0.678549248540554,0.004937043324100934,3.7058823529411766,0.8494729912634851,0.0618556701030927,0.9965635738831616,0.9966666666666668,1.011754166916944,30,False,2820.0
3,sparse_er,sparse_er_8,8,9,2458687237,507096268,"[12, 22, 105, 213, 284, 299, 322, 346, 365, 389, 429, 456, 499, 504, 525, 569, 580, 587]","[592, 255, 380, 158, 332, 471, 421, 58, 155, 189, 192, 146, 594, 245, 316, 66, 126, 402]",600,18,0.8,0.01,,,,,,,,5.921666666666667,0.40475685931619665,1.0,0.13666666666666666,5.944444444444445,0.0016432332073149758,0.004745418703921532,0.15292096219931273,0.024054982817869417,0.0,0.0,2.1907216494845363,4.0,0.0,0.14261168384879724,6.063573883161512,0.1437106426527768,0.7182012290694442,0.008091563483720345,3.65359477124183,0.8812506295575857,0.063573883161512,0.9948453608247424,0.995,0.9132432501064612,27,True,2820.0
3,sparse_er,sparse_er_8,8,10,2458687237,3048660418,"[7, 25, 71, 74, 191, 199, 227, 245, 253, 261, 314, 345, 432, 437, 442, 446, 471, 477]","[323, 264, 418, 446, 107, 356, 568, 300, 431, 394, 571, 586, 284, 478, 259, 375, 12, 207]",600,18,0.8,0.01,,,,,,,,5.921666666666667,0.40475685931619665,1.0,0.13666666666666666,6.222222222222222,0.001727316215129448,0.003696309436352435,0.16494845360824742,0.024054982817869417,0.0,0.0,2.176975945017182,4.0,0.0,0.15120274914089346,6.123711340206185,0.15330612729328924,0.6980913344098042,0.007464660096239044,3.627450980392157,0.820451400255333,0.0738831615120274,0.3419243986254295,0.3616666666666667,1.048842458054423,30,False,1666.0
3,sparse_er,sparse_er_8,8,11,2458687237,823053794,"[32, 36, 76, 82, 197, 207, 242, 266, 345, 349, 392, 395, 399, 489, 518, 571, 579, 587]","[461, 537, 378, 208, 540, 59, 438, 296, 586, 165, 35, 30, 182, 308, 64, 140, 190, 402]",600,18,0.8,0.01,,,,,,,,5.921666666666667,0.40475685931619665,1.0,0.13666666666666666,6.833333333333333,0.0018717268907886646,0.006306907084271221,0.18556701030927836,0.013745704467353952,0.001718213058419244,0.0,2.1082474226804124,4.0,0.0,0.19931271477663232,6.75085910652921,0.16219270537982858,0.6647739706987006,0.005159328688740453,3.6143790849673203,0.6887624340217,0.0721649484536082,1.0,1.0,1.0107402499997988,30,False,2820.0
3,sparse_er,sparse_er_8,8,12,2458687237,2463970516,"[2, 29, 54, 73, 99, 112, 125, 265, 275, 353, 382, 440, 514, 527, 550, 573, 580, 596]","[504, 362, 425, 235, 558, 109, 401, 136, 591, 269, 336, 302, 96, 20, 415, 119, 126, 122]",600,18,0.8,0.01,,,,,,,,5.921666666666667,0.40475685931619665,1.0,0.13666666666666666,5.444444444444445,0.0015551141082390686,0.004146825888599482,0.15292096219931273,0.00859106529209622,0.0,0.0,2.189003436426117,5.0,0.0,0.09621993127147767,5.29553264604811,0.13828196039931342,0.7183964133411407,0.003008211831741243,3.9934640522875817,0.8702961140315353,0.049828178694158,0.2920962199312715,0.3133333333333333,1.0046115830773488,30,False,1600.0
3,sparse_er,sparse_er_8,8,13,2458687237,3085716718,"[29, 32, 35, 62, 99, 103, 112, 148, 208, 229, 279, 295, 321, 334, 372, 378, 550, 567]","[362, 461, 234, 273, 558, 549, 109, 159, 321, 343, 243, 335, 40, 113, 98, 79, 415, 45]",600,18,0.8,0.01,,,,,,,,5.921666666666667,0.40475685931619665,1.0,0.13666666666666666,6.222222222222222,0.0017518387194570427,0.0050898097176610415,0.1718213058419244,0.018900343642611683,0.001718213058419244,0.0,2.1683848797250858,4.0,0.0,0.14261168384879724,5.831615120274914,0.15571935848104584,0.6868830254745047,0.006213454588067591,3.7777777777777777,0.7491296593754913,0.0652920962199312,0.9965635738831616,0.9966666666666668,1.0062798750586808,30,False,2820.0
3,sparse_er,sparse_er_8,8,14,2458687237,2876443951,"[76, 261, 279, 294, 299, 328, 349, 368, 370, 396, 423, 428, 502, 504, 562, 567, 570, 592]","[378, 394, 243, 242, 471, 433, 165, 283, 224, 559, 467, 403, 180, 245, 78, 45, 116, 304]",600,18,0.8,0.01,,,,,,,,5.921666666666667,0.40475685931619665,1.0,0.13666666666666666,5.333333333333333,0.0015179926592619889,0.003855985203765596,0.15292096219931273,0.010309278350515464,0.001718213058419244,0.0,2.2268041237113403,4.0,0.0,0.10824742268041238,5.453608247422681,0.13831278895270438,0.7184259867156402,0.0053403568109450465,3.8562091503267975,0.895545423087431,0.0618556701030927,0.2130584192439862,0.2366666666666666,1.0134839579695836,30,False,1530.0
3,sparse_er,sparse_er_8,8,15,2458687237,493648268,"[29, 64, 82, 128, 148, 162, 200, 204, 286, 339, 351, 359, 417, 474, 496, 567, 575, 595]","[362, 295, 208, 517, 159, 564, 400, 502, 426, 500, 262, 473, 143, 228, 88, 45, 42, 379]",600,18,0.8,0.01,,,,,,,,5.921666666666667,0.40475685931619665,1.0,0.13666666666666666,5.722222222222222,0.0016404289702621642,0.004476433100538205,0.15463917525773196,0.015463917525773196,0.0,0.0,2.2061855670103094,4.0,0.0,0.09621993127147767,5.462199312714777,0.1396644461466541,0.7155514547142916,0.004936974789915966,3.9673202614379086,0.7617543139034395,0.0584192439862542,0.2577319587628865,0.28,1.0332405830267817,30,False,1564.0
3,sparse_er,sparse_er_8,8,16,2458687237,671034047,"[56, 84, 123, 127, 130, 157, 171, 198, 205, 240, 289, 310, 352, 356, 447, 475, 500, 554]","[186, 70, 519, 432, 279, 199, 222, 247, 492, 150, 477, 313, 565, 217, 306, 390, 422, 104]",600,18,0.8,0.01,,,,,,,,5.921666666666667,0.40475685931619665,1.0,0.13666666666666666,6.777777777777778,0.0018838372817531707,0.005300768825530909,0.18213058419243985,0.018900343642611683,0.001718213058419244,0.0,2.170103092783505,5.0,0.0,0.16151202749140894,6.3006872852233675,0.16380371479256337,0.6700084579851069,0.0069381598793363496,3.5947712418300655,0.7238803503195956,0.070446735395189,0.3058419243986254,0.3266666666666666,1.041268334025517,30,False,1658.0
3,sparse_er,sparse_er_8,8,17,2458687237,302029495,"[41, 58, 122, 127, 137, 156, 182, 234, 284, 338, 372, 382, 386, 394, 441, 447, 530, 533]","[416, 317, 238, 432, 215, 275, 573, 507, 332, 409, 98, 336, 462, 469, 144, 306, 407, 229]",600,18,0.8,0.01,,,,,,,,5.921666666666667,0.40475685931619665,1.0,0.13666666666666666,5.611111111111111,0.0015700740583711144,0.0029932152376593163,0.15292096219931273,0.01718213058419244,0.0,0.0,2.2130584192439864,4.0,0.0,0.1323024054982818,5.852233676975945,0.14185563073793714,0.7182603758184432,0.005978389801919214,3.7777777777777777,0.8269797294935376,0.0601374570446735,0.993127147766323,0.9933333333333332,1.0222589171025902,30,False,2820.0
3,sparse_er,sparse_er_8,8,18,2458687237,2984878860,"[34, 92, 102, 186, 217, 223, 231, 293, 320, 374, 400, 401, 408, 440, 446, 488, 533, 560]","[265, 484, 76, 218, 90, 200, 327, 543, 387, 541, 445, 77, 240, 302, 375, 392, 229, 48]",600,18,0.8,0.01,,,,,,,,5.921666666666667,0.40475685931619665,1.0,0.13666666666666666,5.222222222222222,0.0014961007486159839,0.0034742135668982457,0.14948453608247422,0.00859106529209622,0.0,0.0,2.238831615120275,4.0,0.0,0.09965635738831616,5.216494845360825,0.13418133466878465,0.7242815148665354,0.0031071687934433032,3.9084967320261437,0.8286498684954352,0.0601374570446735,0.7972508591065293,0.8033333333333333,1.0264670420438051,30,False,2330.0
3,sparse_er,sparse_er_8,8,19,2458687237,646026188,"[8, 24, 80, 101, 130, 203, 284, 346, 367, 417, 420, 421, 436, 461, 463, 465, 584, 585]","[169, 176, 338, 583, 279, 393, 332, 58, 452, 143, 384, 178, 449, 312, 95, 495, 593, 466]",600,18,0.8,0.01,,,,,,,,5.921666666666667,0.40475685931619665,1.0,0.13666666666666666,5.777777777777778,0.0016394509533863451,0.004222594911618226,0.1718213058419244,0.006872852233676976,0.0,0.0,2.149484536082474,4.0,0.0,0.10652920962199312,5.587628865979381,0.15075253100468006,0.6870841244211012,0.0018582596437267717,4.045751633986928,0.7952020911994373,0.0549828178694158,0.0927835051546391,0.12,1.1951518750283867,28,True,1432.0
3,sparse_er,sparse_er_8,8,20,2458687237,4157707565,"[85, 92, 98, 107, 144, 152, 177, 208, 220, 232, 253, 286, 306, 370, 414, 418, 438, 566]","[0, 484, 268, 5, 236, 21, 138, 321, 261, 354, 431, 426, 254, 224, 536, 123, 253, 515]",600,18,0.8,0.01,,,,,,,,5.921666666666667,0.40475685931619665,1.0,0.13666666666666666,6.222222222222222,0.0017520214845690694,0.005591954285024801,0.16666666666666666,0.015463917525773196,0.0,0.0,2.170103092783505,4.0,0.0,0.1254295532646048,5.88659793814433,0.15105676746241217,0.6953764986307528,0.0051553384886718215,3.712418300653595,0.8286498684954352,0.0601374570446735,0.9965635738831616,0.9966666666666668,1.1453088750131428,30,False,2820.0
3,sparse_er,sparse_er_8,8,21,2458687237,1309939720,"[73, 78, 82, 146, 175, 204, 247, 290, 338, 366, 385, 407, 428, 454, 504, 528, 562, 580]","[235, 595, 208, 556, 162, 502, 440, 349, 409, 395, 84, 399, 403, 267, 245, 167, 78, 126]",600,18,0.8,0.01,,,,,,,,5.921666666666667,0.40475685931619665,1.0,0.13666666666666666,6.222222222222222,0.0017297166736779288,0.004576639939484002,0.17010309278350516,0.012027491408934709,0.0,0.0,2.1391752577319587,4.0,0.0,0.1323024054982818,6.048109965635739,0.15269942218852162,0.6897457281260535,0.0033459940034334494,3.803921568627451,0.941617854911377,0.0532646048109965,0.3161512027491409,0.3366666666666666,1.0550654999678954,30,False,1602.0
3,sparse_er,sparse_er_8,8,22,2458687237,2578029384,"[92, 135, 165, 212, 246, 272, 277, 306, 366, 389, 433, 438, 441, 458, 494, 495, 505, 561]","[484, 345, 272, 408, 225, 346, 281, 254, 395, 189, 287, 253, 144, 230, 32, 486, 69, 73]",600,18,0.8,0.01,,,,,,,,5.921666666666667,0.40475685931619665,1.0,0.13666666666666666,6.055555555555555,0.0016857564819687785,0.004560734055650382,0.16151202749140894,0.015463917525773196,0.0,0.0,2.185567010309278,4.0,0.0,0.13058419243986255,5.914089347079038,0.14576627438596867,0.7041006441080966,0.005292637645578822,3.712418300653595,0.6651832639677019,0.0549828178694158,0.1958762886597938,0.22,1.0214697920018807,30,False,1514.0
3,sparse_er,sparse_er_8,8,23,2458687237,465850891,"[47, 69, 70, 115, 143, 156, 173, 195, 218, 224, 233, 258, 279, 415, 471, 495, 502, 557]","[566, 584, 572, 205, 246, 275, 110, 173, 297, 506, 36, 56, 243, 539, 12, 486, 180, 474]",600,18,0.8,0.01,,,,,,,,5.921666666666667,0.40475685931619665,1.0,0.13666666666666666,5.944444444444445,0.0017023589157308136,0.005897758184759655,0.16494845360824742,0.018900343642611683,0.0,0.0,2.1872852233676974,4.0,0.0,0.12371134020618557,5.778350515463917,0.15159403483025027,0.698156395833703,0.006035896693336139,3.8300653594771243,0.7617543139034394,0.056701030927835,0.2010309278350515,0.225,1.0201102079590785,30,False,1498.0
3,sparse_er,sparse_er_8,8,24,2458687237,1232542497,"[16, 31, 110, 137, 169, 188, 261, 295, 314, 321, 333, 356, 377, 456, 471, 512, 537, 539]","[204, 458, 124, 215, 367, 545, 394, 335, 571, 40, 331, 217, 263, 146, 12, 494, 80, 134]",600,18,0.8,0.01,,,,,,,,5.921666666666667,0.40475685931619665,1.0,0.13666666666666666,6.777777777777778,0.0018674503668092933,0.005230265261653049,0.18556701030927836,0.015463917525773196,0.001718213058419244,0.0,2.1374570446735395,4.0,0.0,0.15463917525773196,6.304123711340206,0.16255730375747188,0.6647443973242011,0.006041385885676543,3.627450980392157,0.8604275067895355,0.0670103092783505,0.2611683848797251,0.2833333333333333,1.0192512089852244,30,False,1576.0
3,sparse_er,sparse_er_8,8,25,2458687237,2404684420,"[31, 67, 156, 194, 204, 303, 401, 415, 422, 471, 479, 497, 522, 526, 542, 552, 594, 596]","[458, 191, 275, 67, 502, 305, 77, 539, 214, 12, 31, 531, 152, 546, 503, 220, 454, 122]",600,18,0.8,0.01,,,,,,,,5.921666666666667,0.40475685931619665,1.0,0.13666666666666666,6.388888888888889,0.0017634311305277399,0.003903764086086031,0.16666666666666666,0.010309278350515464,0.0,0.0,2.1374570446735395,4.0,0.0,0.15292096219931273,6.268041237113402,0.14820733824880417,0.6955775975773492,0.0029607881972357176,3.718954248366013,0.8368483367355373,0.0756013745704467,0.9948453608247424,0.995,0.9885417909827084,22,True,2820.0
3,sparse_er,sparse_er_8,8,26,2458687237,1246483248,"[2, 89, 140, 226, 231, 312, 359, 411, 468, 473, 487, 491, 544, 549, 556, 585, 591, 596]","[504, 391, 470, 597, 327, 241, 473, 580, 429, 319, 524, 291, 133, 118, 488, 466, 441, 122]",600,18,0.8,0.01,,,,,,,,5.921666666666667,0.40475685931619665,1.0,0.13666666666666666,4.777777777777778,0.0014009182220427732,0.003244422328558382,0.13745704467353953,0.003436426116838488,0.0,0.0,2.316151202749141,4.0,0.0,0.09106529209621993,4.785223367697594,0.12433899481814369,0.744746290020169,0.0011388393741334918,3.9934640522875817,0.8143550749655897,0.0532646048109965,0.1838487972508591,0.2083333333333333,1.11481287505012,30,False,1494.0
3,sparse_er,sparse_er_8,8,27,2458687237,3445713541,"[120, 167, 192, 203, 219, 223, 229, 256, 280, 318, 322, 326, 347, 435, 466, 469, 482, 589]","[62, 3, 372, 393, 239, 200, 343, 360, 341, 43, 421, 417, 326, 334, 256, 33, 166, 475]",600,18,0.8,0.01,,,,,,,,5.921666666666667,0.40475685931619665,1.0,0.13666666666666666,6.055555555555555,0.0016975713008027763,0.004446530542892517,0.16494845360824742,0.018900343642611683,0.0,0.0,2.178694158075601,4.0,0.0,0.140893470790378,5.97766323024055,0.15118685053056277,0.6982037132329022,0.005801388154329331,3.810457516339869,0.895545423087431,0.063573883161512,0.9965635738831616,0.9966666666666668,1.060793000040576,30,False,2820.0
3,sparse_er,sparse_er_8,8,28,2458687237,2054358846,"[3, 17, 25, 51, 85, 94, 138, 177, 210, 235, 272, 290, 341, 347, 363, 429, 572, 588]","[103, 44, 264, 538, 0, 325, 1, 138, 376, 57, 346, 349, 298, 326, 91, 192, 89, 232]",600,18,0.8,0.01,,,,,,,,5.921666666666667,0.40475685931619665,1.0,0.13666666666666666,6.666666666666667,0.001829971177595792,0.005965180791788205,0.19243986254295534,0.006872852233676976,0.0,0.0,2.0807560137457046,4.0,0.0,0.14948453608247422,6.243986254295533,0.1647088062117699,0.6537845047346973,0.0021364313933973375,3.7516339869281046,0.8160252139674873,0.0584192439862542,0.2010309278350515,0.225,1.1524857910117134,30,True,1536.0
3,sparse_er,sparse_er_8,8,29,2458687237,300613903,"[20, 54, 60, 70, 142, 199, 202, 319, 321, 361, 362, 416, 433, 436, 453, 480, 571, 583]","[105, 425, 50, 572, 427, 356, 249, 271, 40, 11, 370, 569, 287, 449, 560, 497, 140, 386]",600,18,0.8,0.01,,,,,,,,5.921666666666667,0.40475685931619665,1.0,0.13666666666666666,6.333333333333333,0.001759197665381267,0.005646957085372072,0.17010309278350516,0.022336769759450172,0.0,0.0,2.149484536082474,4.0,0.0,0.15979381443298968,6.213058419243986,0.15495681698093805,0.6896984107268544,0.006565290479119168,3.784313725490196,0.8494729912634851,0.0652920962199312,0.5618556701030928,0.575,1.2405721250688655,30,False,1852.0
3,sparse_er,sparse_er_8,8,30,2458687237,834729329,"[1, 88, 155, 176, 201, 222, 235, 249, 250, 258, 296, 364, 371, 457, 515, 555, 561, 598]","[322, 131, 344, 282, 518, 510, 57, 154, 410, 56, 493, 585, 348, 530, 414, 340, 73, 19]",600,18,0.8,0.01,,,,,,,,5.921666666666667,0.40475685931619665,1.0,0.13666666666666666,5.555555555555555,0.0015725806733797693,0.003602451121222624,0.15807560137457044,0.010309278350515464,0.0,0.0,2.185567010309278,4.0,0.0,0.08762886597938144,5.446735395189004,0.1416364853973772,0.7098319640860941,0.004237540728313507,3.973856209150327,0.8620976457914331,0.0549828178694158,0.2336769759450171,0.2566666666666666,1.117634458001703,30,False,1554.0
3,sparse_er,sparse_er_8,8,31,2458687237,4262625936,"[4, 35, 42, 83, 114, 128, 156, 235, 314, 322, 388, 390, 411, 448, 453, 454, 498, 567]","[92, 234, 576, 188, 481, 517, 275, 57, 571, 421, 590, 337, 580, 142, 560, 267, 505, 45]",600,18,0.8,0.01,,,,,,,,5.921666666666667,0.40475685931619665,1.0,0.13666666666666666,5.944444444444445,0.0016561546381793273,0.003333008708215902,0.15807560137457044,0.022336769759450172,0.0,0.0,2.2268041237113403,4.0,0.0,0.13058419243986255,5.75085910652921,0.14719072883433076,0.7095835477402984,0.006687142013888812,3.823529411764706,0.7825774366714895,0.0618556701030927,0.993127147766323,0.9933333333333332,1.0568008749978617,30,False,2820.0
3,sparse_er,sparse_er_8,8,32,2458687237,2666795947,"[20, 25, 46, 74, 95, 112, 127, 243, 249, 313, 321, 417, 431, 490, 492, 569, 576, 596]","[105, 264, 397, 446, 405, 109, 432, 15, 154, 75, 40, 143, 193, 18, 85, 66, 147, 122]",600,18,0.8,0.01,,,,,,,,5.921666666666667,0.40475685931619665,1.0,0.13666666666666666,6.5,0.0017978565707481402,0.005964989878135509,0.16494845360824742,0.012027491408934709,0.0,0.0,2.209621993127148,4.0,0.0,0.1563573883161512,6.060137457044673,0.1479865404955083,0.6983456654304996,0.004259638328265779,3.581699346405229,0.895545423087431,0.056701030927835,0.1958762886597938,0.22,1.015832999954,30,True,1548.0
3,sparse_er,sparse_er_8,8,33,2458687237,1935457665,"[36, 51, 52, 99, 143, 198, 199, 225, 230, 266, 286, 298, 467, 539, 564, 572, 589, 591]","[537, 538, 10, 558, 246, 247, 356, 233, 574, 296, 426, 198, 226, 134, 148, 89, 475, 441]",600,18,0.8,0.01,,,,,,,,5.921666666666667,0.40475685931619665,1.0,0.13666666666666666,5.5,0.0015751675910610228,0.00392099256193526,0.15807560137457044,0.005154639175257732,0.0,0.0,2.1975945017182132,4.0,0.0,0.10652920962199312,5.364261168384879,0.1413497330548951,0.7097669026621952,0.0016911193381781617,3.8758169934640523,0.8160252139674872,0.0515463917525773,0.1099656357388316,0.1366666666666666,1.02973175002262,30,False,1466.0
3,sparse_er,sparse_er_8,8,34,2458687237,756081389,"[15, 19, 41, 113, 138, 151, 177, 229, 302, 317, 318, 339, 402, 445, 460, 499, 511, 591]","[280, 223, 416, 286, 1, 185, 138, 343, 330, 23, 43, 500, 512, 149, 480, 594, 16, 441]",600,18,0.8,0.01,,,,,,,,5.921666666666667,0.40475685931619665,1.0,0.13666666666666666,5.944444444444445,0.0016536258462103313,0.004514686513036327,0.16323024054982818,0.015463917525773196,0.001718213058419244,0.0,2.1752577319587627,4.0,0.0,0.15120274914089346,6.034364261168385,0.14676323930138044,0.701344405604746,0.0055359400947636245,3.69281045751634,0.8160252139674873,0.0463917525773195,0.4106529209621993,0.4283333333333333,1.00468254100997,30,False,1738.0
3,sparse_er,sparse_er_8,8,35,2458687237,1271045034,"[0, 78, 156, 185, 194, 217, 272, 276, 320, 359, 443, 480, 505, 548, 570, 578, 581, 584]","[209, 595, 275, 513, 67, 90, 346, 463, 387, 473, 578, 497, 69, 476, 116, 115, 468, 593]",600,18,0.8,0.01,,,,,,,,5.921666666666667,0.40475685931619665,1.0,0.13666666666666666,5.888888888888889,0.0016195686047339212,0.004560902832017098,0.15463917525773196,0.013745704467353952,0.0,0.0,2.178694158075601,4.0,0.0,0.140893470790378,6.123711340206185,0.14058045170046385,0.7155455400393917,0.004472787561022855,3.65359477124183,0.7809072976695918,0.0584192439862542,0.3161512027491409,0.3366666666666666,0.9968892079778016,30,False,1622.0
3,sparse_er,sparse_er_8,8,36,2458687237,1706436015,"[164, 177, 208, 218, 221, 262, 398, 402, 458, 490, 503, 506, 510, 521, 558, 562, 567, 587]","[27, 138, 321, 297, 483, 548, 195, 512, 230, 18, 63, 212, 94, 219, 363, 78, 45, 402]",600,18,0.8,0.01,,,,,,,,5.921666666666667,0.40475685931619665,1.0,0.13666666666666666,6.833333333333333,0.0018376895560930123,0.006124712844348655,0.18213058419243985,0.018900343642611683,0.003436426116838488,0.0,2.0927835051546393,4.0,0.0,0.17525773195876287,6.792096219931271,0.16310390846378062,0.6700971781086053,0.006930560361932911,3.4705882352941178,0.7491296593754915,0.063573883161512,0.9965635738831616,0.9966666666666668,1.0138772090431305,30,False,2820.0
3,sparse_er,sparse_er_8,8,37,2458687237,3868924942,"[87, 94, 105, 111, 133, 171, 205, 208, 238, 255, 287, 326, 354, 418, 460, 462, 508, 512]","[434, 325, 380, 210, 365, 222, 492, 321, 102, 315, 499, 417, 551, 123, 480, 221, 248, 494]",600,18,0.8,0.01,,,,,,,,5.921666666666667,0.40475685931619665,1.0,0.13666666666666666,6.611111111111111,0.0018267596710002168,0.006491562720205791,0.17869415807560138,0.015463917525773196,0.003436426116838488,0.0,2.125429553264605,4.0,0.0,0.17697594501718214,6.529209621993127,0.1590062124212223,0.6757752660125036,0.0070675323740946264,3.522875816993464,0.9289932003834289,0.0446735395189003,0.1855670103092783,0.21,1.0216456250054762,30,False,1514.0
3,sparse_er,sparse_er_8,8,38,2458687237,1411818868,"[4, 26, 64, 149, 204, 245, 262, 281, 293, 338, 339, 352, 410, 438, 451, 535, 552, 556]","[92, 448, 295, 130, 502, 300, 548, 533, 543, 409, 500, 565, 369, 253, 277, 339, 220, 488]",600,18,0.8,0.01,,,,,,,,5.921666666666667,0.40475685931619665,1.0,0.13666666666666666,4.777777777777778,0.0013832919910836045,0.003182523424526711,0.13573883161512026,0.012027491408934709,0.0,0.0,2.2697594501718212,4.0,0.0,0.08934707903780069,5.139175257731959,0.1258199636941596,0.7475794192972184,0.0048998387233681355,3.9084967320261437,0.734834865845646,0.0463917525773195,0.120274914089347,0.1466666666666666,0.99091033404693,29,True,1470.0
3,sparse_er,sparse_er_8,8,39,2458687237,1627826999,"[44, 200, 207, 229, 299, 305, 388, 432, 443, 448, 449, 481, 498, 544, 553, 564, 578, 590]","[553, 400, 59, 343, 471, 318, 590, 284, 578, 142, 137, 582, 505, 133, 82, 148, 115, 509]",600,18,0.8,0.01,,,,,,,,5.921666666666667,0.40475685931619665,1.0,0.13666666666666666,5.722222222222222,0.0016335314953785896,0.004759693181537992,0.15807560137457044,0.010309278350515464,0.001718213058419244,0.0,2.176975945017182,4.0,0.0,0.12371134020618557,5.585910652920962,0.14126836750646177,0.7098319640860941,0.005111857043806294,3.9215686274509802,0.7348348658456461,0.0687285223367697,0.9948453608247424,0.995,0.9867203750181944,30,False,2820.0
3,sparse_er,sparse_er_8,8,40,2458687237,2516952647,"[7, 15, 75, 87, 115, 118, 119, 129, 132, 170, 244, 256, 294, 349, 350, 475, 527, 599]","[323, 280, 424, 434, 205, 447, 276, 258, 153, 100, 599, 360, 242, 165, 419, 390, 20, 428]",600,18,0.8,0.01,,,,,,,,5.921666666666667,0.40475685931619665,1.0,0.13666666666666666,6.277777777777778,0.0017471101388492562,0.004926246807863301,0.16838487972508592,0.015463917525773196,0.0,0.0,2.161512027491409,4.0,0.0,0.15807560137457044,5.970790378006873,0.15141091099427106,0.6926616628517014,0.004351385723934744,3.7058823529411766,0.7430333340857479,0.063573883161512,1.0,1.0,0.993553000036627,30,False,2820.0
3,sparse_er,sparse_er_8,8,41,2458687237,544827807,"[6, 14, 55, 56, 68, 131, 150, 163, 236, 253, 262, 293, 321, 352, 405, 417, 472, 487]","[442, 371, 406, 186, 231, 175, 51, 514, 459, 431, 548, 543, 40, 565, 41, 143, 26, 524]",600,18,0.8,0.01,,,,,,,,5.921666666666667,0.40475685931619665,1.0,0.13666666666666666,5.277777777777778,0.0015350740238509661,0.0033615619268567844,0.14948453608247422,0.010309278350515464,0.0,0.0,2.211340206185567,4.0,0.0,0.0859106529209622,5.214776632302406,0.13564403842214479,0.724246026817136,0.004113098230745289,4.0,0.8478028522615876,0.056701030927835,0.5034364261168385,0.5183333333333333,1.0209691659547389,30,False,1742.0
3,sparse_er,sparse_er_8,8,42,2458687237,497156415,"[10, 89, 114, 115, 144, 247, 252, 306, 320, 328, 340, 343, 406, 408, 409, 472, 507, 519]","[13, 391, 481, 205, 236, 440, 436, 254, 387, 433, 139, 511, 525, 240, 555, 26, 489, 106]",600,18,0.8,0.01,,,,,,,,5.921666666666667,0.40475685931619665,1.0,0.13666666666666666,5.166666666666667,0.0014845308747221165,0.0038662717044751684,0.14776632302405499,0.012027491408934709,0.0,0.0,2.252577319587629,4.0,0.0,0.10481099656357389,5.2285223367697595,0.13597020017686468,0.7270318386949861,0.0038181589652177893,3.9411764705882355,0.7809072976695918,0.056701030927835,0.9948453608247424,0.995,0.9418701250106096,28,True,2820.0
3,sparse_er,sparse_er_8,8,43,2458687237,447306339,"[20, 59, 67, 83, 97, 113, 141, 143, 179, 235, 267, 293, 381, 383, 470, 547, 553, 574]","[105, 2, 191, 188, 398, 286, 196, 246, 38, 57, 288, 543, 289, 135, 355, 9, 82, 598]",600,18,0.8,0.01,,,,,,,,5.921666666666667,0.40475685931619665,1.0,0.13666666666666666,6.833333333333333,0.001864006126997761,0.004737212741765362,0.18041237113402062,0.018900343642611683,0.001718213058419244,0.0,2.111683848797251,4.0,0.0,0.17869415807560138,6.742268041237113,0.16194380870048342,0.6728711606366556,0.006649740963466454,3.6470588235294117,0.7600841749015417,0.0601374570446735,1.0,1.0,0.9992852919967844,30,True,2820.0
3,sparse_er,sparse_er_8,8,44,2458687237,2044190648,"[0, 29, 33, 51, 53, 83, 92, 98, 171, 221, 231, 242, 277, 338, 460, 479, 517, 572]","[209, 362, 420, 538, 168, 188, 484, 268, 222, 483, 327, 438, 281, 409, 480, 31, 145, 89]",600,18,0.8,0.01,,,,,,,,5.921666666666667,0.40475685931619665,1.0,0.13666666666666666,5.722222222222222,0.0015964995632459168,0.0033692397055718848,0.15463917525773196,0.015463917525773196,0.0,0.0,2.1597938144329896,4.0,0.0,0.1254295532646048,5.812714776632302,0.1427444374108722,0.7153740144672948,0.004605062693297988,3.823529411764706,0.8351781977336398,0.0463917525773195,0.2628865979381443,0.285,1.0082007080782205,30,False,1558.0
3,sparse_er,sparse_er_8,8,45,2458687237,1909409255,"[28, 33, 55, 78, 226, 253, 326, 328, 331, 334, 355, 373, 471, 478, 520, 524, 585, 598]","[532, 420, 406, 595, 597, 431, 417, 433, 34, 113, 389, 482, 12, 201, 550, 6, 466, 19]",600,18,0.8,0.01,,,,,,,,5.921666666666667,0.40475685931619665,1.0,0.13666666666666666,5.222222222222222,0.0014725206049061986,0.0032731273791595013,0.14604810996563575,0.012027491408934709,0.0,0.0,2.2508591065292096,4.0,0.0,0.10481099656357389,5.443298969072165,0.1332458757438472,0.7300187495194327,0.004536494732573164,3.849673202614379,0.8873469548473291,0.0429553264604811,0.2611683848797251,0.2833333333333333,1.0089185410179198,30,False,1604.0
3,sparse_er,sparse_er_8,8,46,2458687237,1277859808,"[16, 22, 61, 78, 82, 113, 149, 157, 201, 219, 224, 297, 328, 426, 471, 528, 576, 592]","[204, 255, 547, 595, 208, 286, 130, 199, 518, 239, 506, 164, 433, 596, 12, 167, 147, 304]",600,18,0.8,0.01,,,,,,,,5.921666666666667,0.40475685931619665,1.0,0.13666666666666666,5.055555555555555,0.0014464773838147019,0.002419074483554685,0.13745704467353953,0.010309278350515464,0.001718213058419244,0.0,2.2646048109965635,4.0,0.0,0.10481099656357389,5.213058419243986,0.12749030779603052,0.7446043378225716,0.0037288419641360814,3.9869281045751634,0.7891057659096937,0.0584192439862542,0.2027491408934708,0.2266666666666666,1.0329051669687033,30,False,1540.0
3,sparse_er,sparse_er_8,8,47,2458687237,3379590815,"[26, 44, 92, 110, 126, 136, 142, 161, 209, 213, 299, 312, 462, 467, 471, 497, 540, 598]","[448, 553, 484, 124, 314, 361, 427, 534, 526, 158, 471, 241, 221, 226, 12, 531, 561, 19]",600,18,0.8,0.01,,,,,,,,5.921666666666667,0.40475685931619665,1.0,0.13666666666666666,5.888888888888889,0.001641516110762567,0.003544763477167542,0.17869415807560138,0.003436426116838488,0.0,0.0,2.0927835051546393,4.0,0.0,0.11855670103092783,6.006872852233677,0.15500409063299253,0.6758462421113024,0.000902583255524432,3.8758169934640523,0.7891057659096937,0.0618556701030927,0.9965635738831616,0.9966666666666668,1.0237515410408378,30,False,2820.0
3,sparse_er,sparse_er_8,8,48,2458687237,2831102423,"[6, 7, 33, 64, 73, 87, 124, 133, 155, 162, 179, 210, 356, 488, 489, 518, 542, 592]","[442, 323, 420, 295, 235, 434, 179, 365, 344, 564, 38, 376, 217, 392, 308, 64, 503, 304]",600,18,0.8,0.01,,,,,,,,5.921666666666667,0.40475685931619665,1.0,0.13666666666666666,5.944444444444445,0.0016795985814490226,0.004709641481885216,0.16838487972508592,0.012027491408934709,0.0,0.0,2.1580756013745703,4.0,0.0,0.09278350515463918,5.364261168384879,0.1481189054110972,0.6928982498476971,0.003726773641179032,4.0,0.7205400723158004,0.0446735395189003,0.1477663230240549,0.1733333333333333,1.051107499981299,30,False,1484.0
3,sparse_er,sparse_er_8,8,49,2458687237,3403522182,"[25, 36, 276, 278, 281, 293, 337, 385, 388, 424, 460, 481, 518, 521, 537, 557, 564, 580]","[264, 537, 463, 87, 533, 543, 293, 84, 590, 439, 480, 582, 64, 219, 80, 474, 148, 126]",600,18,0.8,0.01,,,,,,,,5.921666666666667,0.40475685931619665,1.0,0.13666666666666666,6.333333333333333,0.0017668806510324428,0.00425229360669098,0.17353951890034364,0.018900343642611683,0.0,0.0,2.1512027491408934,4.0,0.0,0.14261168384879724,6.037800687285223,0.1573069937311531,0.6840617255472553,0.005792173745794823,3.6862745098039214,0.8351781977336398,0.0601374570446735,0.993127147766323,0.9933333333333332,0.9947436249349266,30,False,2820.0
3,sparse_er,sparse_er_9,9,0,543866169,2973726895,"[4, 26, 55, 124, 181, 187, 236, 251, 274, 275, 280, 398, 441, 463, 487, 525, 579, 593]","[207, 45, 131, 77, 345, 3, 232, 5, 117, 97, 331, 279, 287, 424, 353, 179, 212, 486]",600,18,0.8,0.01,,,,,,,,6.126666666666667,0.39915518175878095,0.995,0.08666666666666667,6.444444444444445,0.0017424786215896758,0.004444883607130226,0.17697594501718214,0.01718213058419244,0.001718213058419244,0.0,2.1018998272884284,4.0,0.005154639175257732,0.14432989690721648,6.529209621993127,0.1592884801150925,0.6784546137421557,0.005922575011387006,3.6405228758169934,0.8413279424691792,0.0670103092783505,0.9896907216494846,0.99,1.032156708999537,30,False,2930.0
3,sparse_er,sparse_er_9,9,1,543866169,4220476306,"[22, 138, 148, 213, 234, 292, 298, 318, 326, 341, 367, 434, 472, 528, 532, 561, 592, 596]","[74, 440, 177, 190, 161, 200, 243, 434, 197, 414, 322, 220, 276, 33, 529, 590, 49, 143]",600,18,0.8,0.01,,,,,,,,6.126666666666667,0.39915518175878095,0.995,0.08666666666666667,6.111111111111111,0.0016771158499746647,0.005264855935789713,0.17010309278350516,0.015463917525773196,0.0,0.0,2.1191709844559585,4.0,0.005154639175257732,0.13402061855670103,6.233676975945017,0.1535146010233629,0.6897043254017543,0.004595350183585477,3.784313725490196,0.5981176429411719,0.056701030927835,0.1821305841924398,0.2066666666666666,1.020600999938324,30,False,1544.0
3,sparse_er,sparse_er_9,9,2,543866169,168845639,"[7, 43, 96, 102, 147, 175, 179, 230, 278, 279, 280, 309, 312, 329, 337, 359, 382, 502]","[369, 569, 516, 535, 50, 332, 360, 137, 354, 543, 331, 556, 192, 452, 467, 451, 539, 193]",600,18,0.8,0.01,,,,,,,,6.126666666666667,0.39915518175878095,0.995,0.08666666666666667,6.5,0.0017529785791189857,0.00559682268376141,0.17525773195876287,0.024054982817869417,0.001718213058419244,0.0,2.1243523316062176,4.0,0.005154639175257732,0.15807560137457044,6.510309278350515,0.1596829615644987,0.681228596270206,0.008508312674979342,3.6143790849673203,0.7251955353514858,0.0601374570446735,0.3745704467353952,0.3933333333333333,1.006562834023498,30,False,1712.0
3,sparse_er,sparse_er_9,9,3,543866169,3135756233,"[23, 78, 96, 110, 127, 148, 175, 196, 203, 222, 228, 251, 398, 439, 464, 504, 582, 593]","[29, 183, 516, 125, 278, 177, 332, 16, 518, 40, 257, 5, 279, 133, 410, 384, 457, 486]",600,18,0.8,0.01,,,,,,,,6.126666666666667,0.39915518175878095,0.995,0.08666666666666667,6.222222222222222,0.001682780203960384,0.004876379313994866,0.17525773195876287,0.00859106529209622,0.001718213058419244,0.0,2.143350604490501,5.0,0.005154639175257732,0.14948453608247422,6.329896907216495,0.15348548131851203,0.6815065859905011,0.0034238029047717632,3.7712418300653594,0.7739151582583955,0.0584192439862542,0.845360824742268,0.85,1.0356933339498935,30,False,2486.0
3,sparse_er,sparse_er_9,9,4,543866169,362830931,"[11, 12, 16, 61, 64, 85, 88, 248, 304, 327, 381, 431, 444, 470, 521, 543, 585, 594]","[528, 214, 116, 188, 167, 108, 219, 251, 341, 308, 358, 223, 35, 47, 550, 182, 286, 498]",600,18,0.8,0.01,,,,,,,,6.126666666666667,0.39915518175878095,0.995,0.08666666666666667,5.555555555555555,0.001534144182390273,0.0036028138712716267,0.15292096219931273,0.012027491408934709,0.0,0.0,2.1796200345423142,4.0,0.005154639175257732,0.09965635738831616,5.6116838487972505,0.13851488338118445,0.7184673894399395,0.004714532871972318,3.869281045751634,0.7197227927051756,0.0601374570446735,0.9896907216494846,0.99,1.021580500062555,30,False,2930.0
3,sparse_er,sparse_er_9,9,5,543866169,668566794,"[12, 27, 68, 75, 90, 218, 221, 275, 286, 310, 378, 385, 439, 464, 465, 509, 584, 599]","[214, 83, 441, 390, 563, 20, 90, 97, 25, 460, 393, 337, 133, 410, 164, 295, 277, 141]",600,18,0.8,0.01,,,,,,,,6.126666666666667,0.39915518175878095,0.995,0.08666666666666667,5.777777777777778,0.0015957507256025541,0.003307980945146789,0.16323024054982818,0.00859106529209622,0.0,0.0,2.1761658031088085,4.0,0.005154639175257732,0.12199312714776632,5.819587628865979,0.14546626208761423,0.7012497708063476,0.0034754642597779844,3.7058823529411766,0.785248458557557,0.0532646048109965,0.2268041237113402,0.25,1.0191058750497175,30,False,1566.0
3,sparse_er,sparse_er_9,9,6,543866169,624173716,"[14, 48, 87, 89, 107, 148, 182, 216, 237, 277, 278, 349, 352, 381, 439, 454, 531, 547]","[505, 264, 210, 336, 273, 177, 381, 122, 327, 39, 354, 334, 17, 358, 133, 599, 554, 194]",600,18,0.8,0.01,,,,,,,,6.126666666666667,0.39915518175878095,0.995,0.08666666666666667,7.0,0.0018387664224036758,0.005000883722840876,0.19759450171821305,0.012027491408934709,0.0,0.0,2.0379965457685665,4.0,0.005154639175257732,0.17697594501718214,7.080756013745704,0.17171942013805463,0.645362007677248,0.003152557319223986,3.65359477124183,0.7325553963561986,0.0756013745704467,0.993127147766323,0.9933333333333332,0.995127208996564,30,False,2930.0
3,sparse_er,sparse_er_9,9,7,543866169,2046366087,"[23, 27, 47, 156, 173, 178, 203, 243, 262, 316, 375, 416, 452, 495, 501, 529, 571, 594]","[29, 83, 561, 544, 455, 394, 518, 432, 87, 120, 553, 85, 533, 121, 309, 82, 235, 498]",600,18,0.8,0.01,,,,,,,,6.126666666666667,0.39915518175878095,0.995,0.08666666666666667,5.555555555555555,0.001530596151722966,0.003236065966727812,0.15120274914089346,0.015463917525773196,0.001718213058419244,0.0,2.2055267702936097,5.0,0.005154639175257732,0.14776632302405499,5.893470790378007,0.13842360512449595,0.7213360067663881,0.00614681251936154,3.784313725490196,0.8639945430675022,0.0618556701030927,0.9329896907216496,0.935,0.9859328339807688,30,False,2774.0
3,sparse_er,sparse_er_9,9,8,543866169,2097562797,"[47, 137, 153, 163, 165, 213, 380, 400, 451, 510, 516, 517, 556, 563, 574, 576, 581, 583]","[561, 95, 94, 6, 583, 190, 466, 476, 234, 552, 296, 368, 41, 540, 80, 409, 2, 420]",600,18,0.8,0.01,,,,,,,,6.126666666666667,0.39915518175878095,0.995,0.08666666666666667,6.111111111111111,0.0016814924155385096,0.004551968220721498,0.17525773195876287,0.013745704467353952,0.0,0.0,2.1226252158894647,4.0,0.005154639175257732,0.13058419243986255,6.293814432989691,0.15645183373397317,0.6813468897682039,0.004367745544216132,3.679738562091503,0.7325553963561986,0.0549828178694158,0.2972508591065292,0.3183333333333333,0.999879915965721,30,False,1626.0
3,sparse_er,sparse_er_9,9,9,543866169,29092369,"[0, 66, 226, 264, 298, 347, 351, 417, 448, 480, 503, 507, 516, 528, 548, 558, 566, 597]","[19, 458, 566, 333, 243, 546, 456, 262, 246, 372, 549, 253, 296, 33, 124, 315, 249, 290]",600,18,0.8,0.01,,,,,,,,6.126666666666667,0.39915518175878095,0.995,0.08666666666666667,5.833333333333333,0.0015980129979679281,0.003820645914379082,0.15807560137457044,0.018900343642611683,0.0,0.0,2.1882556131260795,4.0,0.005154639175257732,0.12371134020618557,5.68213058419244,0.14617567165960324,0.709607206439898,0.005771672899700582,3.7973856209150325,0.6896963311021399,0.0601374570446735,0.9896907216494846,0.99,0.9874203329673036,30,False,2930.0
3,sparse_er,sparse_er_9,9,10,543866169,220030714,"[52, 130, 201, 211, 223, 224, 240, 300, 317, 322, 366, 469, 474, 483, 517, 574, 584, 597]","[383, 521, 281, 43, 585, 14, 24, 589, 284, 171, 163, 330, 437, 112, 368, 80, 277, 290]",600,18,0.8,0.01,,,,,,,,6.126666666666667,0.39915518175878095,0.995,0.08666666666666667,6.444444444444445,0.0017911060625359567,0.005275154556143374,0.17353951890034364,0.018900343642611683,0.0,0.0,2.1105354058721932,4.0,0.005154639175257732,0.12886597938144329,6.015463917525773,0.15580859823962578,0.6842095924197527,0.005882929992837113,3.7450980392156863,0.7497492543082112,0.0687285223367697,0.9914089347079038,0.9916666666666668,0.9568622499937192,29,True,2930.0
3,sparse_er,sparse_er_9,9,11,543866169,3040002835,"[1, 4, 39, 48, 66, 105, 174, 195, 234, 268, 305, 339, 440, 447, 454, 501, 514, 537]","[373, 207, 266, 264, 458, 107, 449, 408, 161, 586, 283, 106, 507, 406, 599, 309, 254, 517]",600,18,0.8,0.01,,,,,,,,6.126666666666667,0.39915518175878095,0.995,0.08666666666666667,5.444444444444445,0.0014889446291986332,0.0029160014323175378,0.14261168384879724,0.022336769759450172,0.0,0.0,2.2469775474956823,5.0,0.005154639175257732,0.13402061855670103,5.939862542955327,0.13477035013841612,0.7357441548225302,0.00785520387596512,3.738562091503268,0.7325553963561986,0.0738831615120274,0.9914089347079038,0.9916666666666668,0.980516416952014,30,False,2930.0
3,sparse_er,sparse_er_9,9,12,543866169,3253895258,"[0, 23, 85, 140, 167, 168, 225, 282, 305, 356, 385, 404, 413, 469, 489, 529, 532, 578]","[19, 29, 108, 356, 357, 581, 241, 530, 283, 375, 337, 250, 557, 330, 560, 82, 529, 472]",600,18,0.8,0.01,,,,,,,,6.126666666666667,0.39915518175878095,0.995,0.08666666666666667,6.777777777777778,0.0018041801439535935,0.00517981664004509,0.1872852233676976,0.018900343642611683,0.0,0.0,2.0379965457685665,4.0,0.005154639175257732,0.20103092783505155,7.017182130584192,0.16721477675466118,0.6617397424750548,0.005476041076720977,3.542483660130719,0.6103220332633049,0.0687285223367697,0.993127147766323,0.9933333333333332,0.9573212919058278,29,True,2930.0
3,sparse_er,sparse_er_9,9,13,543866169,2313921181,"[11, 75, 76, 85, 94, 246, 338, 355, 363, 433, 455, 456, 500, 511, 530, 560, 561, 570]","[528, 390, 175, 108, 140, 489, 442, 527, 391, 7, 10, 65, 66, 180, 103, 297, 590, 427]",600,18,0.8,0.01,,,,,,,,6.126666666666667,0.39915518175878095,0.995,0.08666666666666667,6.611111111111111,0.0017920572466681483,0.006025423968323925,0.1872852233676976,0.013745704467353952,0.0,0.0,2.0604490500863557,4.0,0.005154639175257732,0.14261168384879724,6.457044673539519,0.16445941477835335,0.6618876093475522,0.0038563288563288555,3.712418300653595,0.7212220960570371,0.0721649484536082,0.9965635738831616,0.9966666666666668,0.9740224169800058,30,False,2928.0
3,sparse_er,sparse_er_9,9,14,543866169,1025032784,"[46, 153, 180, 238, 267, 332, 338, 340, 342, 383, 403, 408, 420, 465, 512, 562, 568, 582]","[60, 94, 388, 119, 339, 480, 442, 377, 0, 524, 139, 191, 542, 164, 170, 402, 155, 457]",600,18,0.8,0.01,,,,,,,,6.126666666666667,0.39915518175878095,0.995,0.08666666666666667,6.277777777777778,0.001702533859201548,0.004011694008580331,0.17869415807560138,0.012027491408934709,0.0,0.0,2.1070811744386875,4.0,0.005154639175257732,0.14604810996563575,6.419243986254296,0.15849085608768773,0.6757279486133044,0.0037095737787779313,3.718954248366013,0.8339680814644665,0.0927835051546391,0.993127147766323,0.9933333333333332,0.949945000000298,30,False,2930.0
3,sparse_er,sparse_er_9,9,15,543866169,3563271117,"[17, 31, 41, 233, 240, 249, 289, 315, 317, 328, 330, 344, 359, 412, 512, 532, 544, 571]","[361, 30, 202, 515, 24, 115, 483, 11, 284, 104, 68, 443, 451, 205, 170, 529, 46, 235]",600,18,0.8,0.01,,,,,,,,6.126666666666667,0.39915518175878095,0.995,0.08666666666666667,6.0,0.0016393504799467806,0.004260663974617975,0.15979381443298968,0.022336769759450172,0.0,0.0,2.164075993091537,4.0,0.005154639175257732,0.15120274914089346,6.281786941580756,0.14913562205372397,0.7066794423644505,0.007204777793013088,3.69281045751634,0.8339680814644665,0.0721649484536082,0.9896907216494846,0.99,0.9873607920017092,30,False,2930.0
3,sparse_er,sparse_er_9,9,16,543866169,1878094543,"[53, 63, 70, 117, 120, 145, 184, 197, 198, 277, 299, 309, 408, 441, 459, 477, 498, 521]","[571, 418, 129, 522, 169, 240, 152, 323, 558, 39, 584, 556, 191, 287, 128, 351, 59, 550]",600,18,0.8,0.01,,,,,,,,6.126666666666667,0.39915518175878095,0.995,0.08666666666666667,6.166666666666667,0.0016930354354019214,0.0034529079663562306,0.17353951890034364,0.010309278350515464,0.0,0.0,2.1295336787564767,4.0,0.005154639175257732,0.13573883161512026,6.1632302405498285,0.15464932894633912,0.6841090429464545,0.003146121254541093,3.718954248366013,0.8113014808661437,0.0721649484536082,0.1597938144329896,0.185,0.7241307910298929,21,True,1506.0
3,sparse_er,sparse_er_9,9,17,543866169,3552982098,"[18, 27, 41, 49, 50, 115, 121, 122, 154, 188, 242, 303, 333, 356, 428, 463, 533, 570]","[462, 83, 202, 136, 425, 488, 225, 13, 352, 150, 4, 272, 433, 375, 189, 424, 92, 427]",600,18,0.8,0.01,,,,,,,,6.126666666666667,0.39915518175878095,0.995,0.08666666666666667,6.222222222222222,0.0016693385015636075,0.0042367698853764965,0.17525773195876287,0.013745704467353952,0.0,0.0,2.1293103448275863,4.0,0.003436426116838488,0.14432989690721648,6.350515463917525,0.1545619403164327,0.6814296952168024,0.0038106195871933746,3.6029411764705883,0.8152749201605924,0.0670103092783505,0.9948453608247424,0.995,0.9826276670210063,30,False,2930.0
3,sparse_er,sparse_er_9,9,18,543866169,4558693,"[6, 26, 75, 135, 156, 182, 212, 213, 217, 326, 331, 516, 524, 527, 546, 567, 580, 582]","[237, 45, 390, 154, 544, 381, 91, 190, 228, 197, 291, 296, 36, 405, 100, 395, 504, 457]",600,18,0.8,0.01,,,,,,,,6.126666666666667,0.39915518175878095,0.995,0.08666666666666667,6.5,0.0017705806231820167,0.004714703337215309,0.18384879725085912,0.012027491408934709,0.001718213058419244,0.0,2.1139896373056994,4.0,0.005154639175257732,0.1563573883161512,6.585910652920962,0.16180382068177027,0.6674119157040533,0.00888309221642555,3.6666666666666665,0.7739151582583955,0.056701030927835,0.1030927835051546,0.13,1.0421108750160784,30,False,1478.0
3,sparse_er,sparse_er_9,9,19,543866169,1156297983,"[68, 94, 134, 159, 168, 183, 314, 320, 357, 387, 388, 484, 491, 526, 539, 548, 573, 585]","[441, 140, 304, 509, 581, 582, 15, 567, 562, 314, 538, 64, 78, 127, 326, 124, 591, 286]",600,18,0.8,0.01,,,,,,,,6.126666666666667,0.39915518175878095,0.995,0.08666666666666667,5.722222222222222,0.001565961650669402,0.0034266355081036593,0.1563573883161512,0.013745704467353952,0.0,0.0,2.151986183074266,4.0,0.005154639175257732,0.11512027491408934,5.969072164948454,0.14108806597107137,0.7126946667376428,0.004312121195050837,3.973856209150327,0.702528934753163,0.0584192439862542,0.190721649484536,0.215,1.01733887498267,30,False,1556.0
3,sparse_er,sparse_er_9,9,20,543866169,3271917872,"[15, 31, 60, 73, 84, 118, 168, 258, 271, 307, 319, 336, 372, 411, 498, 544, 567, 591]","[473, 30, 21, 481, 526, 325, 581, 514, 145, 1, 512, 34, 301, 568, 59, 46, 395, 532]",600,18,0.8,0.01,,,,,,,,6.126666666666667,0.39915518175878095,0.995,0.08666666666666667,6.777777777777778,0.0017967246277001891,0.004987916078982254,0.17869415807560138,0.020618556701030927,0.0,0.0,2.0898100172711573,4.0,0.005154639175257732,0.17697594501718214,6.929553264604811,0.1622696162975189,0.6755623377161074,0.005848236730589671,3.5294117647058822,0.7083894924060141,0.0721649484536082,0.4690721649484536,0.485,1.041993124992587,30,False,1830.0
3,sparse_er,sparse_er_9,9,21,543866169,2795909072,"[46, 140, 168, 187, 194, 222, 279, 296, 302, 310, 320, 380, 382, 384, 492, 552, 560, 588]","[60, 356, 581, 3, 525, 40, 543, 343, 67, 460, 567, 466, 539, 32, 499, 261, 297, 313]",600,18,0.8,0.01,,,,,,,,6.126666666666667,0.39915518175878095,0.995,0.08666666666666667,6.388888888888889,0.001706351073318767,0.005202749868755286,0.17697594501718214,0.012027491408934709,0.001718213058419244,0.0,2.1174438687392056,4.0,0.005154639175257732,0.1718213058419244,6.670103092783505,0.15572266840397228,0.6786852860632515,0.005135224252871311,3.6470588235294117,0.6838357734492889,0.0738831615120274,0.9948453608247424,0.995,1.023289042059332,30,False,2930.0
3,sparse_er,sparse_er_9,9,22,543866169,344021108,"[6, 29, 31, 41, 82, 120, 149, 153, 161, 257, 283, 350, 399, 407, 409, 493, 527, 533]","[237, 588, 30, 202, 221, 169, 493, 94, 401, 213, 12, 206, 399, 72, 208, 491, 405, 92]",600,18,0.8,0.01,,,,,,,,6.126666666666667,0.39915518175878095,0.995,0.08666666666666667,5.111111111111111,0.0014264110194976744,0.0038728326680565455,0.14604810996563575,0.00859106529209622,0.0,0.0,2.253012048192771,4.0,0.001718213058419244,0.11855670103092783,5.3728522336769755,0.13076811481575942,0.7301607017170301,0.0027445321562968622,3.6666666666666665,0.886661143665825,0.0515463917525773,0.2268041237113402,0.25,1.0597745409468189,30,False,1594.0
3,sparse_er,sparse_er_9,9,23,543866169,1540916040,"[1, 3, 85, 92, 109, 176, 231, 382, 404, 412, 431, 470, 478, 487, 509, 521, 550, 564]","[373, 469, 108, 201, 236, 259, 576, 539, 250, 205, 223, 47, 597, 353, 295, 550, 44, 565]",600,18,0.8,0.01,,,,,,,,6.126666666666667,0.39915518175878095,0.995,0.08666666666666667,4.777777777777778,0.0013686376123502675,0.0035394793218683396,0.13745704467353953,0.006872852233676976,0.0,0.0,2.2521588946459414,5.0,0.005154639175257732,0.07388316151202749,5.202749140893471,0.1264082478984527,0.7446457405468708,0.002904865649963689,3.9607843137254903,0.7197227927051756,0.0481099656357388,0.2061855670103092,0.23,1.0286821249173954,30,True,1516.0
3,sparse_er,sparse_er_9,9,24,543866169,1967470344,"[13, 17, 19, 101, 111, 157, 169, 194, 218, 227, 266, 287, 338, 347, 423, 456, 515, 539]","[485, 361, 102, 269, 468, 511, 519, 525, 20, 69, 55, 114, 442, 546, 348, 65, 404, 326]",600,18,0.8,0.01,,,,,,,,6.126666666666667,0.39915518175878095,0.995,0.08666666666666667,5.777777777777778,0.001604239970472464,0.004456090104763517,0.1718213058419244,0.003436426116838488,0.0,0.0,2.158894645941278,4.0,0.005154639175257732,0.10824742268041238,5.458762886597938,0.14829876662772962,0.6872911380425974,0.0011930698205208008,4.0588235294117645,0.791109016210408,0.0584192439862542,0.3659793814432989,0.385,1.0107142919441685,30,False,1696.0
3,sparse_er,sparse_er_9,9,25,543866169,1750798375,"[26, 41, 67, 72, 89, 130, 228, 239, 244, 257, 288, 299, 334, 379, 387, 469, 563, 588]","[45, 202, 293, 248, 336, 521, 257, 494, 110, 213, 370, 584, 160, 587, 314, 330, 540, 313]",600,18,0.8,0.01,,,,,,,,6.126666666666667,0.39915518175878095,0.995,0.08666666666666667,4.888888888888889,0.00138262413197844,0.002179044562036486,0.14432989690721648,0.006872852233676976,0.0,0.0,2.246551724137931,5.0,0.003436426116838488,0.0979381443298969,5.383161512027492,0.13040762471770076,0.7329879163191795,0.0021084579908109318,3.8529411764705883,0.7423893933034984,0.0549828178694158,0.0876288659793814,0.115,1.005996917025186,30,False,1486.0
3,sparse_er,sparse_er_9,9,26,543866169,4052833385,"[34, 39, 89, 96, 119, 120, 172, 223, 318, 354, 392, 477, 516, 543, 549, 557, 560, 561]","[71, 266, 336, 516, 88, 169, 417, 585, 434, 364, 147, 351, 296, 182, 285, 27, 297, 590]",600,18,0.8,0.01,,,,,,,,6.126666666666667,0.39915518175878095,0.995,0.08666666666666667,6.277777777777778,0.0016969958561439398,0.004428793309108405,0.17353951890034364,0.013745704467353952,0.0,0.0,2.1174438687392056,4.0,0.005154639175257732,0.13917525773195877,6.357388316151202,0.15477057113901083,0.6841445309958538,0.004571320964054528,3.712418300653595,0.7138622350523245,0.0670103092783505,0.2268041237113402,0.25,1.0257647919934243,30,False,1572.0
3,sparse_er,sparse_er_9,9,27,543866169,3549756829,"[10, 43, 124, 147, 172, 214, 222, 238, 245, 304, 329, 350, 360, 422, 461, 496, 540, 542]","[317, 569, 77, 50, 417, 216, 40, 119, 548, 341, 452, 206, 9, 454, 447, 474, 444, 307]",600,18,0.8,0.01,,,,,,,,6.126666666666667,0.39915518175878095,0.995,0.08666666666666667,5.444444444444445,0.0015204069251289441,0.003953045990310784,0.15292096219931273,0.012027491408934709,0.0,0.0,2.214162348877375,4.0,0.005154639175257732,0.10481099656357389,5.601374570446735,0.13688873074098604,0.718597512287737,0.004349354349354349,4.084967320261438,0.7010296314013015,0.0481099656357388,0.1890034364261168,0.2133333333333333,1.020742084016092,30,False,1558.0
3,sparse_er,sparse_er_9,9,28,543866169,721053807,"[43, 73, 75, 83, 123, 147, 173, 217, 236, 317, 333, 337, 437, 443, 491, 508, 512, 564]","[569, 481, 390, 570, 536, 50, 455, 228, 232, 284, 433, 467, 226, 48, 78, 168, 170, 565]",600,18,0.8,0.01,,,,,,,,6.126666666666667,0.39915518175878095,0.995,0.08666666666666667,5.833333333333333,0.0015949168923993114,0.004731249812703072,0.16494845360824742,0.012027491408934709,0.0,0.0,2.1482758620689655,4.0,0.003436426116838488,0.14604810996563575,6.333333333333333,0.14671102415108744,0.6984284708790981,0.0042378282574361,3.661764705882353,0.8039416198614312,0.0670103092783505,0.3865979381443299,0.405,1.0227342910366133,30,False,1720.0
3,sparse_er,sparse_er_9,9,29,543866169,3503163112,"[27, 28, 29, 47, 57, 112, 123, 154, 158, 162, 173, 239, 295, 378, 379, 510, 511, 599]","[83, 138, 588, 561, 135, 340, 536, 352, 209, 63, 455, 494, 559, 393, 587, 552, 180, 141]",600,18,0.8,0.01,,,,,,,,6.126666666666667,0.39915518175878095,0.995,0.08666666666666667,5.444444444444445,0.001509199189243149,0.002641124643217795,0.14776632302405499,0.012027491408934709,0.001718213058419244,0.0,2.2107081174438687,4.0,0.005154639175257732,0.09965635738831616,5.689003436426117,0.135843346326616,0.7270614120694856,0.005570718315816355,3.915032679738562,0.8152749201605924,0.0773195876288659,0.993127147766323,0.9933333333333332,0.9624055840540676,30,False,2930.0
3,sparse_er,sparse_er_9,9,30,543866169,1540897554,"[89, 95, 135, 189, 193, 302, 343, 348, 387, 396, 416, 425, 451, 491, 518, 532, 545, 548]","[336, 421, 154, 172, 230, 67, 316, 407, 314, 503, 85, 445, 234, 78, 99, 529, 465, 124]",600,18,0.8,0.01,,,,,,,,6.126666666666667,0.39915518175878095,0.995,0.08666666666666667,6.055555555555555,0.001656803036312166,0.0044415483623822406,0.16666666666666666,0.01718213058419244,0.0,0.0,2.153713298791019,4.0,0.005154639175257732,0.14432989690721648,6.189003436426117,0.1514247512685803,0.6953942426554525,0.005330381310773467,3.6862745098039214,0.7739151582583955,0.0584192439862542,0.7628865979381443,0.77,1.0392479170113802,30,False,2284.0
3,sparse_er,sparse_er_9,9,31,543866169,2646303639,"[47, 89, 129, 212, 224, 270, 304, 317, 371, 379, 425, 465, 471, 498, 518, 520, 559, 596]","[561, 336, 461, 91, 14, 520, 341, 284, 580, 587, 445, 164, 572, 59, 99, 217, 431, 143]",600,18,0.8,0.01,,,,,,,,6.126666666666667,0.39915518175878095,0.995,0.08666666666666667,5.666666666666667,0.001575047017535302,0.0045697094162371376,0.15979381443298968,0.00859106529209622,0.0,0.0,2.1658031088082903,4.0,0.005154639175257732,0.12371134020618557,5.702749140893471,0.14160580065997805,0.7070698109078435,0.0035848682907506433,3.8627450980392157,0.803941619861431,0.0652920962199312,0.993127147766323,0.9933333333333332,0.997821083990857,30,False,2930.0
3,sparse_er,sparse_er_9,9,32,543866169,572481273,"[14, 71, 86, 139, 141, 160, 266, 279, 334, 340, 343, 372, 384, 419, 423, 459, 582, 593]","[505, 510, 101, 435, 416, 242, 55, 543, 160, 377, 316, 301, 32, 578, 348, 128, 457, 486]",600,18,0.8,0.01,,,,,,,,6.126666666666667,0.39915518175878095,0.995,0.08666666666666667,6.388888888888889,0.0017132582219283943,0.004821051484086813,0.17697594501718214,0.010309278350515464,0.0,0.0,2.127806563039724,4.0,0.005154639175257732,0.15979381443298968,6.530927835051546,0.1562388040916404,0.6785788219150535,0.0033427901074959895,3.673202614379085,0.7724158549065339,0.0738831615120274,0.9914089347079038,0.9916666666666668,0.9741611659992486,30,False,2930.0
3,sparse_er,sparse_er_9,9,33,543866169,3456319615,"[46, 49, 63, 91, 142, 150, 172, 177, 200, 211, 275, 337, 512, 529, 535, 550, 565, 591]","[60, 136, 418, 534, 387, 156, 417, 577, 199, 43, 97, 467, 170, 82, 545, 44, 430, 532]",600,18,0.8,0.01,,,,,,,,6.126666666666667,0.39915518175878095,0.995,0.08666666666666667,6.111111111111111,0.0016672666958737496,0.0035537452662268193,0.1718213058419244,0.015463917525773196,0.001718213058419244,0.0,2.1260794473229705,4.0,0.005154639175257732,0.13917525773195877,6.3006872852233675,0.15442267819012098,0.6869480868984036,0.006606894323157299,3.679738562091503,0.803941619861431,0.0652920962199312,0.9914089347079038,0.9916666666666668,0.977633957983926,30,False,2930.0
3,sparse_er,sparse_er_9,9,34,543866169,1001609873,"[6, 9, 17, 48, 95, 282, 295, 318, 364, 412, 418, 475, 486, 522, 546, 547, 567, 589]","[237, 159, 361, 264, 421, 530, 559, 434, 81, 205, 362, 371, 62, 392, 100, 194, 395, 255]",600,18,0.8,0.01,,,,,,,,6.126666666666667,0.39915518175878095,0.995,0.08666666666666667,6.166666666666667,0.0016778514683706818,0.004375710822012285,0.16666666666666666,0.015463917525773196,0.001718213058419244,0.0,2.1485319516407597,4.0,0.005154639175257732,0.15120274914089346,6.106529209621993,0.14907738382742622,0.6956190003016485,0.005531048758602938,3.823529411764706,0.7010296314013015,0.0584192439862542,0.9914089347079038,0.9916666666666668,0.9856595830060542,30,False,2930.0
3,sparse_er,sparse_er_9,9,35,543866169,3018226010,"[28, 43, 56, 141, 162, 164, 182, 204, 227, 256, 272, 304, 317, 397, 408, 425, 504, 514]","[138, 569, 487, 416, 63, 98, 381, 470, 69, 415, 73, 341, 284, 244, 191, 445, 384, 254]",600,18,0.8,0.01,,,,,,,,6.126666666666667,0.39915518175878095,0.995,0.08666666666666667,6.222222222222222,0.0016576457619427607,0.004818642207899843,0.15979381443298968,0.013745704467353952,0.001718213058419244,0.0,2.160621761658031,4.0,0.005154639175257732,0.15463917525773196,6.486254295532646,0.14442387724965033,0.7069160293604462,0.005733666244046867,3.607843137254902,0.6523100084943918,0.0549828178694158,0.993127147766323,0.9933333333333332,1.1000231250654906,30,False,2930.0
3,sparse_er,sparse_er_9,9,36,543866169,3854439447,"[22, 40, 45, 66, 89, 90, 199, 211, 306, 314, 392, 397, 431, 449, 505, 532, 554, 588]","[74, 324, 258, 458, 336, 563, 598, 43, 380, 15, 147, 244, 223, 288, 132, 529, 178, 313]",600,18,0.8,0.01,,,,,,,,6.126666666666667,0.39915518175878095,0.995,0.08666666666666667,6.666666666666667,0.0017891546041806099,0.005435392513543548,0.18384879725085912,0.013745704467353952,0.001718213058419244,0.0,2.058721934369603,4.0,0.005154639175257732,0.13402061855670103,6.426116838487973,0.1597742786621581,0.6677313081486476,0.005126306049028078,3.8300653594771243,0.7325553963561986,0.0412371134020618,0.1288659793814432,0.155,1.0128203339409083,30,False,1510.0
3,sparse_er,sparse_er_9,9,37,543866169,1524899701,"[13, 26, 40, 48, 62, 151, 238, 239, 260, 316, 367, 372, 377, 387, 427, 490, 543, 567]","[485, 45, 324, 264, 302, 111, 119, 494, 385, 120, 322, 301, 203, 314, 123, 306, 182, 395]",600,18,0.8,0.01,,,,,,,,6.126666666666667,0.39915518175878095,0.995,0.08666666666666667,5.888888888888889,0.0015969447276278212,0.004437414812196668,0.16323024054982818,0.012027491408934709,0.0,0.0,2.132987910189983,4.0,0.005154639175257732,0.14261168384879724,6.472508591065292,0.14680569052121592,0.7012142827569483,0.004380852391233013,3.69281045751634,0.7797757159112467,0.0618556701030927,0.9896907216494846,0.99,1.0011628330685198,30,False,2930.0
3,sparse_er,sparse_er_9,9,38,543866169,2822203901,"[5, 43, 154, 159, 165, 182, 219, 237, 272, 350, 461, 497, 527, 539, 540, 559, 567, 595]","[389, 569, 352, 509, 583, 381, 439, 327, 73, 206, 447, 342, 405, 326, 444, 431, 395, 218]",600,18,0.8,0.01,,,,,,,,6.126666666666667,0.39915518175878095,0.995,0.08666666666666667,6.555555555555555,0.0017626813407237414,0.0046885528536233425,0.18384879725085912,0.018900343642611683,0.0,0.0,2.082901554404145,4.0,0.005154639175257732,0.17697594501718214,6.623711340206185,0.16287347581332257,0.6674592331032525,0.005064509692537374,3.784313725490196,0.8152749201605924,0.0584192439862542,0.1924398625429553,0.2166666666666666,1.0011742080096155,30,False,1538.0
3,sparse_er,sparse_er_9,9,39,543866169,3997156450,"[67, 105, 109, 182, 243, 253, 327, 337, 339, 345, 346, 372, 403, 440, 471, 486, 546, 593]","[293, 107, 236, 381, 432, 531, 308, 467, 106, 513, 320, 301, 139, 507, 572, 62, 100, 486]",600,18,0.8,0.01,,,,,,,,6.126666666666667,0.39915518175878095,0.995,0.08666666666666667,5.777777777777778,0.0015843129111549616,0.0038769702389834845,0.15807560137457044,0.010309278350515464,0.0,0.0,2.157167530224525,4.0,0.005154639175257732,0.11683848797250859,5.986254295532646,0.14184109283729238,0.7098201347362942,0.003356099524830175,3.764705882352941,0.803941619861431,0.056701030927835,0.3951890034364261,0.4133333333333333,1.0049904589541256,30,False,1718.0
3,sparse_er,sparse_er_9,9,40,543866169,4054285122,"[27, 58, 82, 233, 239, 291, 311, 312, 391, 410, 465, 471, 494, 506, 525, 534, 572, 581]","[83, 423, 221, 515, 494, 265, 247, 192, 153, 303, 164, 572, 328, 497, 179, 482, 22, 2]",600,18,0.8,0.01,,,,,,,,6.126666666666667,0.39915518175878095,0.995,0.08666666666666667,5.555555555555555,0.0015456379876354208,0.004064791055224109,0.15463917525773196,0.012027491408934709,0.001718213058419244,0.0,2.1848013816925733,4.0,0.005154639175257732,0.10481099656357389,5.61340206185567,0.1388249738378342,0.7155810280887911,0.005625819351309547,3.895424836601307,0.7497492543082112,0.056701030927835,0.9896907216494846,0.99,1.026748124975711,30,False,2930.0
3,sparse_er,sparse_er_9,9,41,543866169,3514866081,"[16, 37, 39, 61, 77, 106, 128, 151, 235, 262, 284, 296, 307, 342, 405, 410, 505, 589]","[116, 429, 266, 188, 329, 379, 411, 111, 151, 87, 215, 343, 1, 0, 502, 303, 132, 255]",600,18,0.8,0.01,,,,,,,,6.126666666666667,0.39915518175878095,0.995,0.08666666666666667,6.666666666666667,0.0017703455496779093,0.004540462597709811,0.18384879725085912,0.01718213058419244,0.001718213058419244,0.0,2.09153713298791,4.0,0.005154639175257732,0.17353951890034364,6.6924398625429555,0.16272662735650095,0.6674119157040533,0.005906613930349741,3.764705882352941,0.8152749201605924,0.056701030927835,0.3316151202749141,0.3516666666666667,1.035783166997135,30,False,1714.0
3,sparse_er,sparse_er_9,9,42,543866169,896229432,"[11, 15, 53, 59, 163, 198, 228, 242, 253, 277, 282, 297, 320, 327, 378, 417, 469, 530]","[528, 473, 571, 448, 6, 558, 257, 4, 531, 39, 530, 537, 567, 308, 393, 262, 330, 103]",600,18,0.8,0.01,,,,,,,,6.126666666666667,0.39915518175878095,0.995,0.08666666666666667,6.666666666666667,0.0017786776541855705,0.004389792481392829,0.19072164948453607,0.015463917525773196,0.0,0.0,2.0552677029360966,4.0,0.005154639175257732,0.17697594501718214,6.831615120274914,0.1671054121114236,0.6563337296165517,0.004941711285425241,3.6405228758169934,0.7010296314013015,0.0670103092783505,0.9914089347079038,0.9916666666666668,0.975091416039504,30,False,2930.0
3,sparse_er,sparse_er_9,9,43,543866169,87997907,"[8, 34, 66, 91, 119, 231, 278, 283, 352, 363, 396, 397, 489, 504, 508, 541, 557, 577]","[446, 71, 458, 534, 88, 576, 354, 12, 17, 391, 503, 244, 560, 384, 168, 350, 27, 187]",600,18,0.8,0.01,,,,,,,,6.126666666666667,0.39915518175878095,0.995,0.08666666666666667,6.666666666666667,0.0017758521723269865,0.005352815971066541,0.18041237113402062,0.01718213058419244,0.001718213058419244,0.0,2.146551724137931,4.0,0.003436426116838488,0.19072164948453607,6.6116838487972505,0.15998188653722245,0.6729835394597536,0.005529005255072153,3.551470588235294,0.7497492543082112,0.0652920962199312,0.993127147766323,0.9933333333333332,0.9988142079673707,30,False,2930.0
3,sparse_er,sparse_er_9,9,44,543866169,3094084178,"[6, 29, 35, 63, 124, 140, 157, 178, 227, 250, 261, 266, 364, 376, 431, 452, 543, 579]","[237, 588, 142, 418, 77, 356, 511, 394, 69, 374, 268, 55, 81, 42, 223, 533, 182, 212]",600,18,0.8,0.01,,,,,,,,6.126666666666667,0.39915518175878095,0.995,0.08666666666666667,6.166666666666667,0.001670269324120144,0.004369570528550057,0.16666666666666666,0.020618556701030927,0.0,0.0,2.157167530224525,4.0,0.005154639175257732,0.15463917525773196,6.2646048109965635,0.15183403847049254,0.6953291812315536,0.006669193188801033,3.6666666666666665,0.7010296314013015,0.0549828178694158,0.7405498281786942,0.7483333333333333,1.203852834063582,30,False,2216.0
3,sparse_er,sparse_er_9,9,45,543866169,1519595208,"[45, 75, 80, 145, 197, 199, 232, 242, 251, 307, 309, 415, 441, 469, 472, 510, 523, 541]","[258, 390, 398, 240, 323, 598, 298, 4, 5, 1, 556, 403, 287, 330, 276, 552, 506, 350]",600,18,0.8,0.01,,,,,,,,6.126666666666667,0.39915518175878095,0.995,0.08666666666666667,6.166666666666667,0.001703238221050685,0.0043629081229726455,0.17010309278350516,0.010309278350515464,0.0,0.0,2.145077720207254,5.0,0.005154639175257732,0.13058419243986255,5.962199312714777,0.1504649249999108,0.6899349977228502,0.003353290914755129,3.823529411764706,0.7497492543082112,0.0446735395189003,0.1254295532646048,0.1516666666666666,1.0219042910030112,30,False,1520.0
3,sparse_er,sparse_er_9,9,46,543866169,1814115620,"[45, 72, 88, 103, 125, 126, 149, 192, 197, 247, 311, 319, 343, 355, 418, 446, 492, 562]","[258, 248, 219, 289, 176, 23, 493, 134, 323, 252, 247, 512, 316, 527, 362, 492, 499, 402]",600,18,0.8,0.01,,,,,,,,6.126666666666667,0.39915518175878095,0.995,0.08666666666666667,6.222222222222222,0.0016825475021021007,0.003185664397619409,0.17353951890034364,0.005154639175257732,0.0,0.0,2.1174438687392056,4.0,0.005154639175257732,0.15463917525773196,6.542955326460481,0.15185508352276614,0.6842805685185513,0.001846900376312141,3.6666666666666665,0.5937563886401823,0.0532646048109965,0.120274914089347,0.1466666666666666,1.0167430409928784,30,False,1474.0
3,sparse_er,sparse_er_9,9,47,543866169,1264230910,"[17, 41, 126, 143, 157, 167, 183, 223, 237, 265, 352, 360, 383, 394, 418, 457, 490, 568]","[361, 202, 23, 422, 511, 357, 582, 585, 327, 238, 17, 9, 524, 593, 362, 79, 306, 155]",600,18,0.8,0.01,,,,,,,,6.126666666666667,0.39915518175878095,0.995,0.08666666666666667,6.833333333333333,0.0018308305527538313,0.005080807474112789,0.19243986254295534,0.015463917525773196,0.0,0.0,2.0673575129533677,4.0,0.005154639175257732,0.15292096219931273,6.793814432989691,0.16907299344129842,0.6535360883889018,0.005075945243188611,3.5163398692810457,0.7739151582583955,0.0773195876288659,0.9914089347079038,0.9916666666666668,1.005973165971227,30,False,2930.0
3,sparse_er,sparse_er_9,9,48,543866169,738599104,"[39, 144, 188, 218, 263, 272, 349, 377, 386, 391, 403, 424, 428, 438, 468, 475, 584, 599]","[266, 479, 150, 20, 596, 73, 334, 203, 231, 153, 139, 158, 189, 239, 501, 371, 277, 141]",600,18,0.8,0.01,,,,,,,,6.126666666666667,0.39915518175878095,0.995,0.08666666666666667,5.833333333333333,0.001600602978982293,0.0035926698553931232,0.15979381443298968,0.013745704467353952,0.0,0.0,2.1882556131260795,4.0,0.005154639175257732,0.12027491408934708,5.802405498281787,0.14356572312442883,0.706987005459245,0.004306036139946175,3.8627450980392157,0.785248458557557,0.063573883161512,0.2955326460481099,0.3166666666666666,1.0166953329462558,30,False,1662.0
3,sparse_er,sparse_er_9,9,49,543866169,432238889,"[38, 63, 106, 145, 196, 337, 346, 364, 396, 410, 446, 472, 479, 507, 515, 518, 557, 576]","[438, 418, 379, 240, 16, 467, 320, 81, 503, 303, 492, 276, 267, 253, 404, 99, 27, 409]",600,18,0.8,0.01,,,,,,,,6.126666666666667,0.39915518175878095,0.995,0.08666666666666667,4.833333333333333,0.0013853709618706954,0.0031337441309476177,0.12886597938144329,0.012027491408934709,0.001718213058419244,0.0,2.324697754749568,5.0,0.005154639175257732,0.08762886597938144,5.092783505154639,0.12169214249339982,0.7593614516978074,0.006006520712403066,3.973856209150327,0.6911956344540017,0.0412371134020618,0.0927835051546391,0.12,1.019288667012006,30,False,1494.0
3,sparse_er,sparse_er_10,10,0,4192889773,1623581952,"[9, 119, 149, 192, 234, 248, 250, 281, 295, 394, 403, 415, 419, 513, 554, 555, 556, 598]","[14, 563, 508, 328, 48, 542, 558, 387, 106, 26, 130, 271, 523, 505, 200, 547, 361, 588]",600,18,0.8,0.01,,,,,,,,5.921666666666667,0.40744604128824025,0.9933333333333333,0.10666666666666667,5.666666666666667,0.0015850699996607564,0.0036612618877249134,0.15807560137457044,0.012027491408934709,0.001718213058419244,0.0,2.1643598615916955,4.0,0.006872852233676976,0.11855670103092783,5.668384879725086,0.1429812594470472,0.7097905613617947,0.004370266625168586,3.849673202614379,0.754488181095578,0.0549828178694158,0.9776632302405498,0.9783333333333334,1.060328249935992,30,False,2816.0
3,sparse_er,sparse_er_10,10,1,4192889773,578982688,"[75, 106, 133, 142, 246, 278, 280, 303, 305, 310, 321, 377, 384, 429, 473, 489, 492, 557]","[564, 510, 477, 570, 371, 47, 77, 488, 221, 31, 181, 158, 244, 203, 41, 139, 151, 49]",600,18,0.8,0.01,,,,,,,,5.921666666666667,0.40744604128824025,0.9933333333333333,0.10666666666666667,6.055555555555555,0.001710396146157991,0.004917168386666658,0.16151202749140894,0.013745704467353952,0.001718213058419244,0.0,2.1955017301038064,4.0,0.006872852233676976,0.14261168384879724,5.742268041237113,0.14376650615861225,0.7042189376060944,0.0061204583878049544,3.823529411764706,0.7600390507138474,0.049828178694158,0.1134020618556701,0.14,0.8186102919280529,24,True,1464.0
3,sparse_er,sparse_er_10,10,2,4192889773,542901824,"[93, 160, 213, 218, 300, 358, 370, 379, 404, 413, 427, 444, 486, 491, 531, 543, 545, 561]","[58, 436, 7, 69, 366, 296, 492, 589, 385, 128, 127, 171, 249, 220, 94, 245, 540, 489]",600,18,0.8,0.01,,,,,,,,5.921666666666667,0.40744604128824025,0.9933333333333333,0.10666666666666667,6.444444444444445,0.0018015584041362028,0.005509520697649809,0.18041237113402062,0.018900343642611683,0.0,0.0,2.112456747404844,4.0,0.006872852233676976,0.14261168384879724,6.206185567010309,0.1624821349599054,0.6728415872621561,0.005373997718288376,3.65359477124183,0.6761397851370214,0.0652920962199312,0.979381443298969,0.98,0.976361000095494,30,False,2816.0
3,sparse_er,sparse_er_10,10,3,4192889773,3751836334,"[18, 26, 38, 70, 78, 85, 260, 291, 319, 324, 366, 392, 440, 454, 481, 495, 508, 584]","[97, 269, 144, 282, 84, 273, 466, 425, 380, 93, 351, 428, 125, 345, 582, 258, 293, 99]",600,18,0.8,0.01,,,,,,,,5.921666666666667,0.40744604128824025,0.9933333333333333,0.10666666666666667,5.666666666666667,0.0016149139549364612,0.004875123799182701,0.15807560137457044,0.015463917525773196,0.001718213058419244,0.0,2.14878892733564,4.0,0.006872852233676976,0.10309278350515463,5.475945017182131,0.1443623423683853,0.7097077559131962,0.0060045890928243865,3.9281045751633985,0.7031594896449995,0.0532646048109965,0.1941580756013745,0.2183333333333333,1.0271388329565525,30,False,1476.0
3,sparse_er,sparse_er_10,10,4,4192889773,2250319049,"[71, 73, 78, 104, 161, 192, 365, 374, 376, 408, 467, 472, 492, 529, 540, 549, 573, 588]","[543, 54, 84, 177, 444, 328, 561, 530, 274, 146, 545, 82, 151, 154, 442, 326, 502, 493]",600,18,0.8,0.01,,,,,,,,5.921666666666667,0.40744604128824025,0.9933333333333333,0.10666666666666667,5.388888888888889,0.001515087986077632,0.0030374932509341637,0.15463917525773196,0.012027491408934709,0.0,0.0,2.2197231833910034,4.0,0.006872852233676976,0.12371134020618557,5.649484536082475,0.14100410172795919,0.7154686492656931,0.004341809243770028,3.869281045751634,0.7721935441851475,0.0429553264604811,0.1237113402061855,0.15,1.013097875053063,30,False,1438.0
3,sparse_er,sparse_er_10,10,5,4192889773,550854034,"[8, 47, 53, 56, 70, 156, 196, 241, 251, 276, 390, 426, 448, 452, 458, 512, 559, 561]","[499, 230, 398, 206, 282, 431, 178, 456, 454, 241, 474, 224, 397, 98, 410, 415, 417, 489]",600,18,0.8,0.01,,,,,,,,5.921666666666667,0.40744604128824025,0.9933333333333333,0.10666666666666667,4.5,0.0013329670991361038,0.0029348310677328824,0.12714776632302405,0.006872852233676976,0.001718213058419244,0.0,2.28719723183391,4.0,0.006872852233676976,0.07216494845360824,5.005154639175258,0.11813590198956059,0.7624252532959526,0.00363846393258158,4.026143790849673,0.8290731052539956,0.049828178694158,0.3075601374570447,0.3283333333333333,0.9957503749756142,30,False,1634.0
3,sparse_er,sparse_er_10,10,6,4192889773,4170695006,"[25, 46, 63, 86, 100, 114, 205, 216, 232, 268, 269, 299, 307, 322, 422, 505, 546, 548]","[332, 92, 155, 372, 141, 22, 159, 122, 75, 402, 61, 232, 581, 471, 70, 280, 448, 322]",600,18,0.8,0.01,,,,,,,,5.921666666666667,0.40744604128824025,0.9933333333333333,0.10666666666666667,6.277777777777778,0.0017469252431312715,0.005079267832580368,0.1718213058419244,0.022336769759450172,0.0,0.0,2.1539792387543253,4.0,0.006872852233676976,0.15979381443298968,6.118556701030927,0.1572275814175541,0.6868061347008062,0.006831832783389878,3.65359477124183,0.7045795656714454,0.0618556701030927,0.1357388316151202,0.1616666666666666,0.8639759999932721,26,True,1502.0
3,sparse_er,sparse_er_10,10,7,4192889773,3068199128,"[0, 1, 2, 98, 102, 139, 153, 229, 267, 314, 350, 410, 421, 442, 481, 482, 485, 570]","[481, 553, 344, 166, 110, 381, 429, 412, 555, 95, 38, 309, 74, 225, 582, 390, 451, 511]",600,18,0.8,0.01,,,,,,,,5.921666666666667,0.40744604128824025,0.9933333333333333,0.10666666666666667,6.222222222222222,0.00172508442886772,0.004654393339652837,0.15979381443298968,0.020618556701030927,0.001718213058419244,0.0,2.1782006920415227,4.0,0.006872852233676976,0.15292096219931273,6.2714776632302405,0.14724572863618346,0.7067740771628488,0.007769454583180073,3.633986928104575,0.7101304352897149,0.063573883161512,0.9810996563573884,0.9816666666666668,1.0201673329574987,30,False,2816.0
3,sparse_er,sparse_er_10,10,8,4192889773,1128449930,"[23, 27, 58, 112, 165, 168, 174, 207, 223, 238, 254, 355, 413, 443, 493, 526, 585, 598]","[432, 393, 30, 251, 250, 118, 197, 285, 131, 0, 71, 134, 128, 341, 83, 105, 150, 588]",600,18,0.8,0.01,,,,,,,,5.921666666666667,0.40744604128824025,0.9933333333333333,0.10666666666666667,5.555555555555555,0.0015917607930184773,0.003736552247789283,0.14776632302405499,0.015463917525773196,0.001718213058419244,0.0,2.217993079584775,4.0,0.006872852233676976,0.12371134020618557,5.549828178694158,0.1362404867915389,0.7270791560941853,0.00801219477690066,3.7712418300653594,0.6993960178448606,0.063573883161512,0.9810996563573884,0.9816666666666668,0.9776783750858158,30,False,2816.0
3,sparse_er,sparse_er_10,10,9,4192889773,3296843283,"[4, 17, 19, 74, 128, 135, 184, 193, 270, 280, 322, 373, 396, 413, 440, 455, 517, 527]","[66, 297, 512, 373, 323, 383, 168, 27, 60, 77, 471, 233, 254, 128, 125, 350, 37, 455]",600,18,0.8,0.01,,,,,,,,5.921666666666667,0.40744604128824025,0.9933333333333333,0.10666666666666667,6.722222222222222,0.0018313734768463479,0.005507914517021189,0.17353951890034364,0.02577319587628866,0.001718213058419244,0.0,2.0951557093425603,4.0,0.006872852233676976,0.18041237113402062,6.690721649484536,0.15973772641955067,0.6839552613990572,0.008483173066885808,3.6143790849673203,0.7829279616300019,0.0756013745704467,0.979381443298969,0.98,0.9788911249488592,30,False,2816.0
3,sparse_er,sparse_er_10,10,10,4192889773,3345681477,"[27, 37, 87, 132, 142, 144, 150, 187, 213, 218, 332, 383, 436, 452, 456, 483, 487, 586]","[393, 100, 473, 209, 570, 208, 149, 147, 7, 69, 479, 571, 327, 98, 108, 226, 305, 191]",600,18,0.8,0.01,,,,,,,,5.921666666666667,0.40744604128824025,0.9933333333333333,0.10666666666666667,6.111111111111111,0.001693421880562997,0.00456977983773194,0.16666666666666666,0.018900343642611683,0.0,0.0,2.134948096885813,4.0,0.006872852233676976,0.14776632302405499,6.134020618556701,0.15116583203676182,0.695477048104051,0.005805390090280517,3.7058823529411766,0.7385702158241387,0.0446735395189003,0.1237113402061855,0.15,1.0339997499249876,30,False,1468.0
3,sparse_er,sparse_er_10,10,11,4192889773,510606606,"[55, 68, 72, 112, 133, 162, 203, 213, 251, 256, 289, 292, 356, 379, 403, 472, 536, 575]","[211, 307, 503, 251, 477, 167, 527, 7, 454, 4, 435, 247, 469, 589, 130, 82, 91, 596]",600,18,0.8,0.01,,,,,,,,5.921666666666667,0.40744604128824025,0.9933333333333333,0.10666666666666667,6.166666666666667,0.0017215848255916792,0.004082589502349729,0.17010309278350516,0.020618556701030927,0.0,0.0,2.1868512110726646,4.0,0.006872852233676976,0.14432989690721648,5.81786941580756,0.15436370705773694,0.6897989602001526,0.006296248179177821,3.7450980392156863,0.8183386878091413,0.0429553264604811,0.1288659793814432,0.155,0.8503323750337586,25,True,1476.0
3,sparse_er,sparse_er_10,10,12,4192889773,4134846352,"[33, 61, 136, 139, 184, 187, 201, 207, 230, 307, 316, 358, 359, 379, 471, 534, 547, 590]","[500, 475, 300, 381, 168, 147, 480, 285, 438, 581, 598, 296, 457, 589, 330, 592, 407, 3]",600,18,0.8,0.01,,,,,,,,5.921666666666667,0.40744604128824025,0.9933333333333333,0.10666666666666667,6.611111111111111,0.0018310943191747074,0.0067354060524638625,0.18556701030927836,0.018900343642611683,0.0,0.0,2.07439446366782,4.0,0.006872852233676976,0.1563573883161512,6.524054982817869,0.16480188642009982,0.6645728717521041,0.004991273770488243,3.69281045751634,0.7330193462058694,0.070446735395189,0.9810996563573884,0.9816666666666668,0.9556194579927252,30,False,2816.0
3,sparse_er,sparse_er_10,10,13,4192889773,455086316,"[113, 152, 162, 191, 220, 260, 285, 297, 323, 329, 335, 353, 435, 439, 482, 509, 559, 594]","[257, 583, 167, 447, 565, 466, 20, 590, 476, 463, 169, 194, 126, 137, 390, 113, 417, 288]",600,18,0.8,0.01,,,,,,,,5.921666666666667,0.40744604128824025,0.9933333333333333,0.10666666666666667,4.833333333333333,0.0014264072439981218,0.003217699623341374,0.12714776632302405,0.013745704467353952,0.001718213058419244,0.0,2.3166089965397925,4.0,0.006872852233676976,0.08762886597938144,4.757731958762887,0.12067270380958049,0.762348362522254,0.007114163976909074,4.045751633986928,0.7153139831162997,0.0446735395189003,0.0824742268041237,0.11,1.02191333391238,30,False,1458.0
3,sparse_er,sparse_er_10,10,14,4192889773,431128847,"[45, 46, 48, 106, 112, 119, 127, 131, 155, 320, 327, 360, 446, 475, 493, 527, 563, 583]","[379, 92, 494, 510, 251, 563, 170, 367, 16, 40, 535, 109, 338, 252, 83, 455, 78, 115]",600,18,0.8,0.01,,,,,,,,5.921666666666667,0.40744604128824025,0.9933333333333333,0.10666666666666667,6.055555555555555,0.001702842499963015,0.004763888244572692,0.16666666666666666,0.01718213058419244,0.0,0.0,2.1868512110726646,4.0,0.006872852233676976,0.11855670103092783,5.814432989690721,0.15152863519294157,0.6953942426554525,0.006229736131696916,3.7712418300653594,0.7493046332689931,0.0601374570446735,0.979381443298969,0.98,0.991277709021233,30,False,2816.0
3,sparse_er,sparse_er_10,10,15,4192889773,2452963023,"[8, 59, 136, 147, 186, 211, 232, 295, 298, 329, 331, 354, 390, 393, 395, 443, 519, 545]","[499, 145, 300, 401, 260, 176, 75, 106, 119, 463, 318, 347, 474, 237, 468, 341, 188, 540]",600,18,0.8,0.01,,,,,,,,5.921666666666667,0.40744604128824025,0.9933333333333333,0.10666666666666667,6.388888888888889,0.0017486871579305528,0.005946130387148018,0.16666666666666666,0.01718213058419244,0.0,0.0,2.141868512110727,4.0,0.006872852233676976,0.1872852233676976,6.5326460481099655,0.1503440149190937,0.6955125361534503,0.005454403983815748,3.6666666666666665,0.7101304352897149,0.056701030927835,0.2250859106529209,0.2483333333333333,1.0090296659618616,30,False,1576.0
3,sparse_er,sparse_er_10,10,16,4192889773,3208468168,"[1, 2, 119, 121, 161, 215, 282, 304, 310, 371, 382, 417, 430, 432, 479, 521, 546, 574]","[553, 344, 563, 289, 444, 325, 246, 551, 31, 306, 414, 239, 163, 316, 378, 79, 448, 497]",600,18,0.8,0.01,,,,,,,,5.921666666666667,0.40744604128824025,0.9933333333333333,0.10666666666666667,5.5,0.0015616772070256096,0.003188061345211809,0.14948453608247422,0.012027491408934709,0.001718213058419244,0.0,2.2249134948096887,4.0,0.006872852233676976,0.11683848797250859,5.632302405498282,0.13755641933428048,0.7240922452697387,0.006290024427279329,3.7777777777777777,0.6639852916657212,0.0601374570446735,0.2061855670103092,0.23,1.015495750005357,30,False,1522.0
3,sparse_er,sparse_er_10,10,17,4192889773,2051192315,"[14, 18, 34, 60, 88, 114, 200, 210, 273, 295, 317, 319, 401, 403, 532, 543, 548, 583]","[348, 97, 552, 576, 524, 22, 580, 59, 557, 106, 434, 380, 426, 130, 595, 245, 322, 115]",600,18,0.8,0.01,,,,,,,,5.921666666666667,0.40744604128824025,0.9933333333333333,0.10666666666666667,7.111111111111111,0.0019582921249521813,0.006687030322389603,0.18384879725085912,0.010309278350515464,0.001718213058419244,0.0,2.1262975778546713,4.0,0.006872852233676976,0.17869415807560138,6.381443298969073,0.15997861069507163,0.6675242945271513,0.005270328799740565,3.457516339869281,0.7721935441851475,0.063573883161512,0.979381443298969,0.98,0.9947779999347404,30,False,2816.0
3,sparse_er,sparse_er_10,10,18,4192889773,2778862245,"[3, 14, 41, 59, 112, 140, 191, 241, 334, 341, 374, 384, 414, 424, 447, 483, 492, 591]","[346, 348, 528, 145, 251, 184, 447, 456, 291, 186, 530, 244, 223, 24, 308, 226, 151, 229]",600,18,0.8,0.01,,,,,,,,5.921666666666667,0.40744604128824025,0.9933333333333333,0.10666666666666667,5.888888888888889,0.0016926768598841515,0.004074590445719494,0.17010309278350516,0.012027491408934709,0.0,0.0,2.1643598615916955,4.0,0.006872852233676976,0.10309278350515463,5.558419243986254,0.15160653910204572,0.6898403629244518,0.003878474466709761,3.9281045751633985,0.7614591267402933,0.0584192439862542,0.1666666666666666,0.1916666666666666,0.8563620840432122,25,True,1474.0
3,sparse_er,sparse_er_10,10,19,4192889773,1027683725,"[32, 50, 65, 68, 73, 138, 181, 189, 213, 297, 421, 432, 434, 443, 486, 499, 575, 595]","[72, 68, 324, 307, 54, 219, 52, 358, 7, 590, 74, 316, 90, 341, 249, 89, 596, 19]",600,18,0.8,0.01,,,,,,,,5.921666666666667,0.40744604128824025,0.9933333333333333,0.10666666666666667,6.777777777777778,0.0018586356486046006,0.005961282246844689,0.1872852233676976,0.018900343642611683,0.0,0.0,2.1003460207612457,4.0,0.006872852233676976,0.15979381443298968,6.398625429553265,0.16587537645694486,0.661840291948353,0.005194689969776475,3.6143790849673203,0.8467784683435653,0.049828178694158,0.9759450171821306,0.9766666666666668,0.9739615420112386,30,False,2816.0
3,sparse_er,sparse_er_10,10,20,4192889773,1539246475,"[61, 66, 70, 99, 129, 146, 155, 260, 296, 305, 313, 371, 423, 448, 535, 545, 562, 566]","[475, 419, 282, 593, 157, 180, 16, 466, 560, 221, 514, 306, 279, 397, 464, 540, 266, 56]",600,18,0.8,0.01,,,,,,,,5.921666666666667,0.40744604128824025,0.9933333333333333,0.10666666666666667,6.333333333333333,0.001752354251381454,0.006235548483239507,0.17010309278350516,0.018900343642611683,0.003436426116838488,0.0,2.162629757785467,4.0,0.006872852233676976,0.1563573883161512,6.422680412371134,0.15410649060188736,0.6897398134511536,0.006649289918123767,3.5686274509803924,0.7898989072747172,0.0584192439862542,0.9776632302405498,0.9783333333333334,0.9777024999493732,30,False,2816.0
3,sparse_er,sparse_er_10,10,21,4192889773,3694154019,"[20, 75, 78, 127, 154, 207, 209, 213, 220, 230, 291, 319, 364, 391, 479, 507, 542, 598]","[10, 564, 84, 170, 575, 285, 234, 7, 565, 438, 425, 380, 450, 215, 378, 304, 556, 588]",600,18,0.8,0.01,,,,,,,,5.921666666666667,0.40744604128824025,0.9933333333333333,0.10666666666666667,7.111111111111111,0.0019554303762228057,0.006507246443823343,0.20103092783505155,0.018900343642611683,0.0,0.0,2.0605536332179932,4.0,0.006872852233676976,0.16323024054982818,6.587628865979381,0.1760745233282516,0.6399205067693454,0.005285917785917786,3.522875816993464,0.7222849287610151,0.0584192439862542,0.9536082474226804,0.955,1.010418958030641,30,False,2762.0
3,sparse_er,sparse_er_10,10,22,4192889773,3267731559,"[29, 64, 82, 84, 90, 244, 250, 255, 283, 384, 432, 446, 454, 469, 474, 504, 511, 543]","[572, 336, 172, 430, 263, 559, 558, 386, 185, 244, 316, 338, 345, 452, 498, 597, 354, 245]",600,18,0.8,0.01,,,,,,,,5.921666666666667,0.40744604128824025,0.9933333333333333,0.10666666666666667,6.277777777777778,0.0017648378857731658,0.00477377178350833,0.16323024054982818,0.024054982817869417,0.003436426116838488,0.0,2.185121107266436,4.0,0.006872852233676976,0.13917525773195877,5.783505154639175,0.15094826038906375,0.7010131838103518,0.009556062929765352,3.718954248366013,0.750724709295439,0.0738831615120274,0.9759450171821306,0.9766666666666668,0.9867886250140144,30,False,2816.0
3,sparse_er,sparse_er_10,10,23,4192889773,2914655549,"[7, 16, 86, 138, 166, 263, 271, 286, 322, 399, 404, 418, 436, 449, 506, 508, 551, 598]","[389, 568, 372, 219, 406, 193, 554, 302, 471, 399, 385, 107, 327, 132, 189, 293, 190, 588]",600,18,0.8,0.01,,,,,,,,5.921666666666667,0.40744604128824025,0.9933333333333333,0.10666666666666667,6.666666666666667,0.0018585344936045104,0.00513682809786303,0.18041237113402062,0.020618556701030927,0.001718213058419244,0.0,2.169550173010381,4.0,0.006872852233676976,0.14948453608247422,6.168384879725086,0.16290197930920713,0.6728297579123563,0.006225117041400076,3.6470588235294117,0.7898989072747171,0.056701030927835,0.1580756013745704,0.1833333333333333,1.0199736249633131,30,False,1514.0
3,sparse_er,sparse_er_10,10,24,4192889773,1255051051,"[14, 54, 60, 97, 121, 165, 180, 208, 216, 233, 238, 258, 278, 313, 317, 405, 565, 578]","[348, 205, 576, 63, 289, 250, 343, 85, 122, 96, 0, 227, 47, 514, 434, 212, 314, 394]",600,18,0.8,0.01,,,,,,,,5.921666666666667,0.40744604128824025,0.9933333333333333,0.10666666666666667,5.888888888888889,0.0016612698398801766,0.0043103983573838265,0.16323024054982818,0.010309278350515464,0.001718213058419244,0.0,2.185121107266436,4.0,0.006872852233676976,0.13402061855670103,5.774914089347079,0.14486252269494188,0.7013030028804467,0.0037989051829882283,3.810457516339869,0.777744413803417,0.0515463917525773,0.6872852233676976,0.6966666666666667,1.0240350000094622,30,False,2124.0
3,sparse_er,sparse_er_10,10,25,4192889773,284705638,"[10, 54, 59, 77, 79, 102, 120, 148, 159, 161, 290, 315, 375, 431, 475, 485, 508, 519]","[526, 205, 145, 313, 65, 110, 35, 312, 445, 444, 487, 382, 467, 482, 252, 451, 293, 188]",600,18,0.8,0.01,,,,,,,,5.921666666666667,0.40744604128824025,0.9933333333333333,0.10666666666666667,6.166666666666667,0.0017389822287218856,0.0043137481450313065,0.16494845360824742,0.015463917525773196,0.0,0.0,2.1778929188255614,4.0,0.005154639175257732,0.12199312714776632,5.666666666666667,0.14782480514255877,0.6983988975045987,0.004728659140423846,3.5955882352941178,0.8006333247195716,0.070446735395189,0.1786941580756013,0.2033333333333333,1.012282583047636,30,False,1496.0
3,sparse_er,sparse_er_10,10,26,4192889773,4052116859,"[67, 78, 111, 120, 130, 143, 154, 214, 239, 258, 324, 355, 375, 406, 443, 468, 469, 471]","[287, 84, 143, 35, 51, 396, 575, 370, 569, 227, 93, 134, 467, 23, 341, 485, 452, 330]",600,18,0.8,0.01,,,,,,,,5.921666666666667,0.40744604128824025,0.9933333333333333,0.10666666666666667,5.944444444444445,0.001693910107430171,0.004247201493521526,0.17010309278350516,0.010309278350515464,0.0,0.0,2.1658031088082903,5.0,0.005154639175257732,0.11683848797250859,5.4673539518900345,0.14951989687209352,0.6899823151220493,0.002992722600565738,3.7573529411764706,0.779164489829863,0.049828178694158,0.1254295532646048,0.1516666666666666,1.0255273339571431,30,False,1476.0
3,sparse_er,sparse_er_10,10,27,4192889773,3788390901,"[24, 75, 101, 136, 165, 173, 232, 255, 287, 299, 300, 319, 323, 390, 464, 517, 558, 573]","[462, 564, 423, 300, 250, 333, 75, 386, 1, 232, 366, 380, 476, 474, 33, 37, 541, 502]",600,18,0.8,0.01,,,,,,,,5.921666666666667,0.40744604128824025,0.9933333333333333,0.10666666666666667,6.888888888888889,0.0018716049362613467,0.006768988031537179,0.16838487972508592,0.02577319587628866,0.001718213058419244,0.0,2.1089965397923875,4.0,0.006872852233676976,0.19931271477663232,6.953608247422681,0.1562756298428297,0.6923836731314064,0.008841757371169136,3.3790849673202614,0.738570215824139,0.0824742268041237,0.9776632302405498,0.9783333333333334,0.9503988329088316,30,False,2816.0
3,sparse_er,sparse_er_10,10,28,4192889773,3180412411,"[2, 11, 15, 25, 26, 33, 92, 109, 199, 240, 267, 341, 361, 388, 415, 521, 572, 574]","[344, 420, 161, 332, 269, 500, 2, 196, 123, 520, 555, 186, 135, 478, 271, 79, 213, 497]",600,18,0.8,0.01,,,,,,,,5.921666666666667,0.40744604128824025,0.9933333333333333,0.10666666666666667,5.555555555555555,0.0016120103709032101,0.003662413913523662,0.14948453608247422,0.015463917525773196,0.0,0.0,2.2404844290657437,4.0,0.006872852233676976,0.11683848797250859,5.24914089347079,0.13934623450565334,0.7240153544960402,0.005511137373882472,3.7973856209150325,0.6924250722001452,0.0738831615120274,0.9845360824742267,0.985,0.9705956670222804,30,False,2816.0
3,sparse_er,sparse_er_10,10,29,4192889773,4131769573,"[6, 20, 46, 60, 64, 70, 76, 117, 120, 125, 147, 152, 227, 255, 258, 380, 398, 409]","[446, 10, 92, 576, 336, 282, 102, 262, 35, 409, 401, 583, 441, 386, 227, 80, 365, 534]",600,18,0.8,0.01,,,,,,,,5.921666666666667,0.40744604128824025,0.9933333333333333,0.10666666666666667,7.333333333333333,0.0019861678523568935,0.007050470241232666,0.20618556701030927,0.018900343642611683,0.001718213058419244,0.0,2.0294117647058822,4.0,0.006872852233676976,0.19759450171821305,6.879725085910653,0.17888423492512304,0.6318765489054894,0.006492015502972826,3.549019607843137,0.750724709295439,0.0618556701030927,0.979381443298969,0.98,1.0137594159459695,30,False,2816.0
3,sparse_er,sparse_er_10,10,30,4192889773,1719493730,"[79, 81, 109, 149, 266, 295, 319, 333, 368, 371, 406, 449, 455, 482, 544, 574, 578, 594]","[65, 187, 196, 508, 422, 106, 380, 368, 275, 306, 23, 132, 350, 390, 574, 497, 394, 288]",600,18,0.8,0.01,,,,,,,,5.921666666666667,0.40744604128824025,0.9933333333333333,0.10666666666666667,5.666666666666667,0.0015843094070444722,0.004289174793316604,0.15292096219931273,0.012027491408934709,0.0,0.0,2.1934369602763386,4.0,0.005154639175257732,0.13917525773195877,5.896907216494846,0.13910326420435662,0.7183490959419415,0.0037962763452959528,3.6470588235294117,0.779164489829863,0.056701030927835,0.979381443298969,0.98,1.0653988750418648,30,False,2816.0
3,sparse_er,sparse_er_10,10,31,4192889773,3337231854,"[17, 22, 77, 128, 211, 231, 237, 262, 263, 315, 383, 392, 400, 427, 437, 475, 567, 572]","[297, 440, 313, 323, 176, 116, 495, 183, 193, 382, 571, 428, 39, 127, 516, 252, 111, 213]",600,18,0.8,0.01,,,,,,,,5.921666666666667,0.40744604128824025,0.9933333333333333,0.10666666666666667,6.5,0.0017883342404056623,0.005085165092752559,0.17353951890034364,0.01718213058419244,0.003436426116838488,0.0,2.1485319516407597,4.0,0.005154639175257732,0.1718213058419244,6.493127147766323,0.15548451314567321,0.6841504456707537,0.007256737346126043,3.5588235294117645,0.8006333247195716,0.056701030927835,0.979381443298969,0.98,1.011619042023085,30,False,2816.0
3,sparse_er,sparse_er_10,10,32,4192889773,3921825204,"[12, 16, 18, 58, 62, 144, 230, 239, 272, 293, 299, 305, 412, 423, 523, 553, 592, 596]","[599, 568, 97, 30, 518, 208, 438, 569, 566, 509, 232, 221, 533, 279, 337, 537, 242, 136]",600,18,0.8,0.01,,,,,,,,5.921666666666667,0.40744604128824025,0.9933333333333333,0.10666666666666667,6.333333333333333,0.0017663301690043587,0.004677751396810317,0.17010309278350516,0.022336769759450172,0.0,0.0,2.14878892733564,4.0,0.006872852233676976,0.140893470790378,6.015463917525773,0.1549689637179274,0.6896984107268544,0.007340655841232543,3.69281045751634,0.7153139831162997,0.0549828178694158,0.1580756013745704,0.1833333333333333,1.0385260420152918,30,False,1462.0
3,sparse_er,sparse_er_10,10,33,4192889773,521803714,"[1, 13, 27, 46, 48, 106, 120, 209, 247, 262, 281, 285, 299, 309, 327, 558, 576, 598]","[553, 264, 393, 92, 494, 510, 35, 234, 360, 183, 387, 20, 232, 363, 535, 541, 536, 588]",600,18,0.8,0.01,,,,,,,,5.921666666666667,0.40744604128824025,0.9933333333333333,0.10666666666666667,5.555555555555555,0.0015943120245228988,0.0032740736463006087,0.14432989690721648,0.01718213058419244,0.003436426116838488,0.0,2.2335640138408306,4.0,0.006872852233676976,0.0979381443298969,5.3951890034364265,0.13448447377153702,0.7328104760721826,0.009439425860994487,3.823529411764706,0.7898989072747171,0.0601374570446735,0.2457044673539518,0.2683333333333333,0.8743497499963269,26,True,1566.0
3,sparse_er,sparse_er_10,10,34,4192889773,2440253789,"[52, 67, 73, 94, 145, 165, 207, 267, 279, 314, 348, 413, 430, 485, 497, 540, 542, 586]","[532, 287, 54, 142, 238, 250, 285, 555, 461, 95, 17, 128, 163, 451, 355, 442, 556, 191]",600,18,0.8,0.01,,,,,,,,5.921666666666667,0.40744604128824025,0.9933333333333333,0.10666666666666667,6.555555555555555,0.0018149557205087287,0.004907889972364368,0.16666666666666666,0.027491408934707903,0.001718213058419244,0.0,2.160899653979239,4.0,0.006872852233676976,0.15463917525773196,6.34020618556701,0.15585132256185183,0.6952463757829551,0.009951407471592016,3.522875816993464,0.7330193462058694,0.0652920962199312,0.9776632302405498,0.9783333333333334,0.9848999580135568,30,False,2816.0
3,sparse_er,sparse_er_10,10,35,4192889773,4266820788,"[3, 55, 69, 107, 135, 161, 166, 244, 270, 292, 319, 339, 393, 404, 421, 451, 460, 470]","[346, 211, 286, 384, 383, 444, 406, 559, 60, 247, 380, 531, 237, 385, 74, 222, 310, 277]",600,18,0.8,0.01,,,,,,,,5.921666666666667,0.40744604128824025,0.9933333333333333,0.10666666666666667,5.611111111111111,0.0015893463791019555,0.004432496678056787,0.16323024054982818,0.006872852233676976,0.0,0.0,2.133217993079585,4.0,0.006872852233676976,0.07903780068728522,5.75085910652921,0.14494205138265903,0.701232026781648,0.0023135179997925094,3.954248366013072,0.7777444138034171,0.0395189003436426,0.1082474226804123,0.135,1.0355317499488592,30,False,1446.0
3,sparse_er,sparse_er_10,10,36,4192889773,2912620748,"[7, 26, 60, 80, 102, 166, 173, 181, 278, 349, 357, 374, 378, 413, 432, 447, 467, 487]","[389, 269, 576, 364, 110, 406, 333, 52, 47, 32, 270, 530, 298, 128, 316, 308, 545, 305]",600,18,0.8,0.01,,,,,,,,5.921666666666667,0.40744604128824025,0.9933333333333333,0.10666666666666667,6.277777777777778,0.0017534771193862607,0.0044885414160803945,0.1718213058419244,0.018900343642611683,0.0,0.0,2.121107266435986,4.0,0.006872852233676976,0.140893470790378,5.979381443298969,0.155272973687839,0.6869244281988041,0.00573654740321407,3.758169934640523,0.8113677421644256,0.056701030927835,0.2903780068728522,0.3116666666666666,1.029753917013295,30,False,1600.0
3,sparse_er,sparse_er_10,10,37,4192889773,1778388087,"[25, 69, 139, 202, 207, 244, 274, 303, 329, 334, 398, 428, 474, 511, 539, 566, 579, 580]","[332, 286, 381, 357, 285, 559, 299, 488, 463, 291, 365, 374, 498, 354, 228, 56, 353, 55]",600,18,0.8,0.01,,,,,,,,5.921666666666667,0.40744604128824025,0.9933333333333333,0.10666666666666667,7.333333333333333,0.0020053249539348397,0.006484575914232845,0.19415807560137457,0.030927835051546393,0.001718213058419244,0.0,2.0622837370242215,4.0,0.006872852233676976,0.1872852233676976,6.802405498281787,0.1771449024897592,0.650501860165256,0.009127750066050948,3.457516339869281,0.7330193462058694,0.0859106529209622,0.9759450171821306,0.9766666666666668,0.9699827500153332,30,False,2816.0
3,sparse_er,sparse_er_10,10,38,4192889773,1350807903,"[20, 47, 88, 93, 104, 182, 226, 263, 439, 461, 477, 485, 493, 536, 557, 558, 565, 590]","[10, 230, 524, 58, 177, 292, 303, 193, 137, 236, 42, 451, 83, 91, 49, 541, 314, 3]",600,18,0.8,0.01,,,,,,,,5.921666666666667,0.40744604128824025,0.9933333333333333,0.10666666666666667,7.0,0.0019216100871053783,0.005845052852153748,0.19759450171821305,0.00859106529209622,0.0,0.0,2.046712802768166,4.0,0.006872852233676976,0.16151202749140894,6.458762886597938,0.16886451335161695,0.6455985946732438,0.0029359892104990144,3.633986928104575,0.7829279616300019,0.0515463917525773,0.3075601374570447,0.3283333333333333,1.020312709035352,30,False,1646.0
3,sparse_er,sparse_er_10,10,39,4192889773,1752577010,"[84, 121, 161, 175, 202, 244, 247, 269, 319, 334, 412, 425, 432, 443, 492, 502, 563, 593]","[430, 289, 444, 427, 357, 559, 360, 61, 380, 291, 533, 321, 316, 341, 151, 562, 78, 44]",600,18,0.8,0.01,,,,,,,,5.921666666666667,0.40744604128824025,0.9933333333333333,0.10666666666666667,6.222222222222222,0.0017279084071384636,0.005415603446754233,0.17525773195876287,0.013745704467353952,0.0,0.0,2.134948096885813,4.0,0.006872852233676976,0.14261168384879724,6.018900343642612,0.1569358482014919,0.6812699989945052,0.004263601322424851,3.764705882352941,0.7330193462058694,0.0670103092783505,0.9810996563573884,0.9816666666666668,0.9671881669200956,30,False,2816.0
3,sparse_er,sparse_er_10,10,40,4192889773,3283357157,"[10, 56, 70, 73, 85, 133, 152, 155, 156, 172, 280, 299, 327, 349, 387, 447, 495, 593]","[526, 206, 282, 54, 273, 477, 583, 16, 431, 283, 77, 232, 535, 32, 101, 308, 258, 44]",600,18,0.8,0.01,,,,,,,,5.921666666666667,0.40744604128824025,0.9933333333333333,0.10666666666666667,5.833333333333333,0.0016570780201982313,0.004369937674538146,0.16323024054982818,0.01718213058419244,0.0,0.0,2.1937716262975777,4.0,0.006872852233676976,0.11168384879725086,5.63745704467354,0.14864176533606518,0.70111964795855,0.005420499019114937,3.7516339869281046,0.7614591267402933,0.0481099656357388,0.1323024054982818,0.1583333333333333,1.0257178330793977,30,False,1484.0
3,sparse_er,sparse_er_10,10,41,4192889773,4246997153,"[28, 58, 77, 81, 86, 90, 95, 115, 118, 127, 207, 223, 232, 337, 380, 451, 503, 535]","[356, 30, 313, 187, 372, 263, 129, 579, 218, 170, 285, 131, 75, 388, 80, 222, 216, 464]",600,18,0.8,0.01,,,,,,,,5.921666666666667,0.40744604128824025,0.9933333333333333,0.10666666666666667,6.222222222222222,0.0017607707591815692,0.004843056066234466,0.16666666666666666,0.012027491408934709,0.0,0.0,2.1660899653979238,4.0,0.006872852233676976,0.14948453608247422,6.1563573883161515,0.1503023322954719,0.6953883279805525,0.003840603840603841,3.673202614379085,0.738570215824139,0.0738831615120274,0.9742268041237112,0.975,0.9896025420166552,30,False,2816.0
3,sparse_er,sparse_er_10,10,42,4192889773,1711623689,"[27, 48, 91, 93, 111, 138, 226, 235, 259, 288, 327, 357, 378, 468, 516, 552, 581, 587]","[393, 494, 411, 58, 143, 219, 303, 352, 418, 202, 535, 270, 298, 485, 165, 449, 248, 43]",600,18,0.8,0.01,,,,,,,,5.921666666666667,0.40744604128824025,0.9933333333333333,0.10666666666666667,6.166666666666667,0.0017555862358465447,0.004818821518191231,0.17525773195876287,0.012027491408934709,0.0,0.0,2.169550173010381,4.0,0.006872852233676976,0.12886597938144329,5.718213058419244,0.15431867657695578,0.6815243300152007,0.004182065211476976,3.6993464052287583,0.7153139831162997,0.0652920962199312,0.986254295532646,0.9866666666666668,0.9431635410292074,30,False,2816.0
3,sparse_er,sparse_er_10,10,43,4192889773,2536972639,"[76, 146, 152, 210, 224, 241, 274, 279, 297, 300, 317, 318, 373, 384, 420, 459, 524, 544]","[102, 180, 583, 59, 6, 456, 299, 461, 590, 366, 434, 335, 233, 244, 45, 13, 117, 574]",600,18,0.8,0.01,,,,,,,,5.921666666666667,0.40744604128824025,0.9933333333333333,0.10666666666666667,6.722222222222222,0.0018659326028240735,0.006391093198597064,0.19243986254295534,0.006872852233676976,0.001718213058419244,0.0,2.0795847750865053,4.0,0.006872852233676976,0.16666666666666666,6.407216494845361,0.16573521064594038,0.6536780405864991,0.0032879248565523076,3.6993464052287583,0.807604270364287,0.0687285223367697,0.9759450171821306,0.9766666666666668,0.9792753750225528,30,False,2816.0
3,sparse_er,sparse_er_10,10,44,4192889773,34315974,"[41, 122, 127, 129, 166, 168, 219, 249, 272, 395, 421, 440, 448, 457, 467, 525, 541, 552]","[528, 517, 170, 157, 406, 118, 453, 400, 566, 468, 74, 125, 397, 311, 545, 87, 179, 449]",600,18,0.8,0.01,,,,,,,,5.921666666666667,0.40744604128824025,0.9933333333333333,0.10666666666666667,6.388888888888889,0.0017844607679698208,0.004902043447371903,0.17525773195876287,0.018900343642611683,0.0,0.0,2.121107266435986,4.0,0.006872852233676976,0.14432989690721648,6.259450171821306,0.15816263353025375,0.6812699989945052,0.005453765445114926,3.7254901960784315,0.777744413803417,0.056701030927835,0.1821305841924398,0.2066666666666666,1.007810333976522,30,False,1530.0
3,sparse_er,sparse_er_10,10,45,4192889773,2211019181,"[1, 24, 138, 176, 190, 207, 214, 247, 253, 318, 345, 350, 409, 453, 458, 512, 515, 561]","[553, 462, 219, 261, 104, 285, 370, 360, 329, 335, 521, 38, 534, 272, 410, 415, 437, 489]",600,18,0.8,0.01,,,,,,,,5.921666666666667,0.40744604128824025,0.9933333333333333,0.10666666666666667,6.0,0.0017094866049268485,0.005018158174375964,0.16323024054982818,0.018900343642611683,0.0,0.0,2.2006920415224913,4.0,0.006872852233676976,0.1323024054982818,5.79553264604811,0.14983067371939887,0.7010486718597513,0.0062289108857736305,3.65359477124183,0.7721935441851475,0.0670103092783505,0.9759450171821306,0.9766666666666668,0.9723209999501704,30,False,2816.0
3,sparse_er,sparse_er_10,10,46,4192889773,2035994633,"[20, 42, 105, 174, 232, 266, 288, 294, 332, 336, 367, 375, 376, 405, 497, 561, 567, 590]","[10, 182, 465, 197, 75, 422, 202, 369, 479, 62, 103, 467, 274, 212, 355, 489, 111, 3]",600,18,0.8,0.01,,,,,,,,5.921666666666667,0.40744604128824025,0.9933333333333333,0.10666666666666667,5.444444444444445,0.0015558831501503057,0.0036689523993713616,0.14604810996563575,0.00859106529209622,0.0,0.0,2.226643598615917,4.0,0.006872852233676976,0.11855670103092783,5.470790378006873,0.13219947670310375,0.7301429576923304,0.003867102396514161,3.8562091503267975,0.779164489829863,0.0584192439862542,0.2061855670103092,0.23,1.0059627919690683,30,False,1516.0
3,sparse_er,sparse_er_10,10,47,4192889773,703525889,"[18, 66, 115, 234, 255, 271, 289, 318, 340, 351, 371, 396, 436, 483, 517, 547, 557, 574]","[97, 419, 579, 48, 386, 554, 435, 335, 192, 67, 306, 254, 327, 226, 37, 407, 49, 497]",600,18,0.8,0.01,,,,,,,,5.921666666666667,0.40744604128824025,0.9933333333333333,0.10666666666666667,7.222222222222222,0.001989722949418001,0.005276773869539104,0.19415807560137457,0.027491408934707903,0.001718213058419244,0.0,2.069204152249135,4.0,0.006872852233676976,0.17697594501718214,6.6048109965635735,0.1742821478337378,0.6506615563875532,0.008548654256122867,3.549019607843137,0.7153139831162997,0.0670103092783505,0.9810996563573884,0.9816666666666668,0.98205320793204,30,False,2816.0
3,sparse_er,sparse_er_10,10,48,4192889773,2918715152,"[4, 51, 63, 110, 142, 153, 158, 200, 220, 400, 434, 449, 470, 474, 518, 552, 562, 598]","[66, 413, 155, 408, 570, 429, 207, 580, 565, 39, 90, 132, 277, 498, 28, 449, 266, 588]",600,18,0.8,0.01,,,,,,,,5.921666666666667,0.40744604128824025,0.9933333333333333,0.10666666666666667,6.111111111111111,0.0017395253542091824,0.003819765563361304,0.17525773195876287,0.010309278350515464,0.0,0.0,2.13840830449827,4.0,0.006872852233676976,0.12371134020618557,5.762886597938144,0.15492873465925688,0.6813764631427034,0.0030257052315875842,3.7908496732026142,0.7898989072747171,0.0515463917525773,0.1615120274914089,0.1866666666666666,0.8807750410633162,26,True,1484.0
3,sparse_er,sparse_er_10,10,49,4192889773,393712882,"[2, 7, 97, 110, 112, 117, 125, 287, 324, 327, 335, 339, 440, 481, 484, 494, 502, 561]","[344, 389, 63, 408, 251, 262, 409, 1, 93, 535, 169, 531, 125, 582, 9, 421, 562, 489]",600,18,0.8,0.01,,,,,,,,5.921666666666667,0.40744604128824025,0.9933333333333333,0.10666666666666667,5.944444444444445,0.0016741822983716444,0.004065725511628937,0.15463917525773196,0.020618556701030927,0.001718213058419244,0.0,2.207612456747405,4.0,0.006872852233676976,0.13402061855670103,5.876288659793815,0.14433569779044989,0.7153444410927954,0.008317708072610033,3.627450980392157,0.7614591267402933,0.049828178694158,0.1649484536082474,0.19,0.9938997089629992,30,False,1504.0
3,sparse_er,sparse_er_11,11,0,1170932061,3408435825,"[11, 40, 42, 96, 110, 248, 370, 396, 436, 439, 495, 501, 529, 571, 575, 579, 597, 599]","[577, 28, 145, 343, 591, 536, 379, 357, 29, 64, 321, 239, 596, 487, 395, 393, 554, 368]",600,18,0.8,0.01,,,,,,,,6.048333333333334,0.39703563242965884,0.9933333333333333,0.13666666666666666,5.666666666666667,0.0015761815310939384,0.0032158194352185717,0.16323024054982818,0.012027491408934709,0.0,0.0,2.143103448275862,4.0,0.003436426116838488,0.1254295532646048,5.883161512027492,0.1474306354996449,0.70111964795855,0.003232273301477454,3.9084967320261437,0.7885191385207933,0.0463917525773195,0.1151202749140893,0.1416666666666666,1.0355772089678794,30,False,1512.0
3,sparse_er,sparse_er_11,11,1,1170932061,289009674,"[6, 24, 31, 54, 78, 98, 144, 165, 202, 353, 378, 386, 395, 409, 465, 498, 549, 567]","[128, 555, 62, 186, 49, 41, 210, 288, 1, 255, 556, 183, 106, 403, 219, 378, 193, 337]",600,18,0.8,0.01,,,,,,,,6.048333333333334,0.39703563242965884,0.9933333333333333,0.13666666666666666,6.055555555555555,0.0016574836259268348,0.005696995567754053,0.17697594501718214,0.010309278350515464,0.0,0.0,2.1155172413793104,4.0,0.003436426116838488,0.13402061855670103,6.11340206185567,0.1552383959074174,0.6787207741126509,0.003379336712670046,3.679738562091503,0.7340144354164994,0.0532646048109965,0.1460481099656357,0.1716666666666666,1.1209839589428157,30,False,1474.0
3,sparse_er,sparse_er_11,11,2,1170932061,4224591189,"[15, 39, 73, 79, 117, 127, 163, 196, 217, 314, 332, 344, 349, 354, 406, 434, 521, 540]","[472, 118, 384, 171, 262, 234, 7, 390, 435, 410, 552, 488, 382, 60, 221, 532, 593, 506]",600,18,0.8,0.01,,,,,,,,6.048333333333334,0.39703563242965884,0.9933333333333333,0.13666666666666666,6.0,0.0016403054596344044,0.005129020975304605,0.1718213058419244,0.010309278350515464,0.0,0.0,2.1379310344827585,4.0,0.003436426116838488,0.13058419243986255,5.979381443298969,0.15172364782793948,0.6871255271454004,0.0032904667420238353,3.7516339869281046,0.7521826697845974,0.0378006872852233,0.1323024054982818,0.1583333333333333,0.9345422079786658,27,True,1490.0
3,sparse_er,sparse_er_11,11,3,1170932061,624918166,"[19, 23, 78, 130, 164, 185, 219, 224, 246, 279, 325, 340, 359, 385, 536, 543, 545, 589]","[53, 22, 49, 322, 172, 191, 160, 423, 354, 391, 367, 482, 148, 479, 217, 355, 528, 287]",600,18,0.8,0.01,,,,,,,,6.048333333333334,0.39703563242965884,0.9933333333333333,0.13666666666666666,5.833333333333333,0.0016048910056457018,0.003126350136425451,0.16494845360824742,0.012027491408934709,0.0,0.0,2.1620689655172414,4.0,0.003436426116838488,0.11168384879725086,5.9553264604811,0.14826140138458985,0.6983456654304996,0.00392302494378619,3.7254901960784315,0.8617626094023978,0.0481099656357388,0.1632302405498281,0.1883333333333333,1.22457433398813,30,False,1504.0
3,sparse_er,sparse_er_11,11,4,1170932061,2050890219,"[62, 111, 121, 162, 163, 172, 181, 183, 264, 302, 349, 415, 423, 430, 445, 515, 535, 589]","[400, 336, 420, 468, 7, 320, 283, 541, 589, 104, 382, 90, 565, 471, 328, 180, 527, 287]",600,18,0.8,0.01,,,,,,,,6.048333333333334,0.39703563242965884,0.9933333333333333,0.13666666666666666,6.166666666666667,0.0017101636570307091,0.005515441756238563,0.16666666666666666,0.013745704467353952,0.0,0.0,2.160344827586207,4.0,0.003436426116838488,0.11855670103092783,5.926116838487973,0.14921856962192526,0.6955480242028497,0.005014783691254279,3.738562091503268,0.7521826697845974,0.0584192439862542,0.1718213058419244,0.1966666666666666,1.2716674159746617,30,False,1530.0
3,sparse_er,sparse_er_11,11,5,1170932061,2852363627,"[3, 100, 104, 131, 163, 168, 191, 202, 211, 254, 260, 282, 311, 333, 347, 462, 471, 583]","[238, 46, 103, 580, 7, 407, 300, 1, 525, 86, 514, 232, 518, 220, 149, 179, 399, 4]",600,18,0.8,0.01,,,,,,,,6.048333333333334,0.39703563242965884,0.9933333333333333,0.13666666666666666,5.833333333333333,0.0015979122533631837,0.004006604511804945,0.16494845360824742,0.00859106529209622,0.003436426116838488,0.0,2.127586206896552,4.0,0.003436426116838488,0.11683848797250859,6.0395189003436425,0.1463517606315927,0.6984225562041982,0.0053355685708626885,3.8366013071895426,0.8397325147969953,0.0532646048109965,0.1632302405498281,0.1883333333333333,1.2665413749637082,30,False,1538.0
3,sparse_er,sparse_er_11,11,6,1170932061,467176256,"[6, 46, 66, 111, 131, 153, 181, 249, 277, 345, 428, 448, 455, 471, 479, 506, 521, 575]","[128, 372, 121, 336, 580, 113, 283, 431, 503, 432, 256, 316, 454, 399, 109, 511, 593, 395]",600,18,0.8,0.01,,,,,,,,6.048333333333334,0.39703563242965884,0.9933333333333333,0.13666666666666666,6.944444444444445,0.001871603346848715,0.005800568914981945,0.19072164948453607,0.015463917525773196,0.001718213058419244,0.0,2.053448275862069,4.0,0.003436426116838488,0.16494845360824742,6.876288659793815,0.16730998867000613,0.6563751323408509,0.005311913832675079,3.607843137254902,0.7688937030809938,0.0670103092783505,0.5962199312714777,0.6083333333333333,1.2594643330667168,30,False,1954.0
3,sparse_er,sparse_er_11,11,7,1170932061,614025399,"[34, 88, 109, 128, 180, 218, 254, 311, 353, 402, 414, 452, 469, 510, 531, 542, 548, 588]","[440, 543, 474, 14, 277, 199, 86, 518, 255, 453, 485, 548, 353, 61, 254, 278, 307, 247]",600,18,0.8,0.01,,,,,,,,6.048333333333334,0.39703563242965884,0.9933333333333333,0.13666666666666666,5.777777777777778,0.0015966409774792322,0.003756601469057926,0.16323024054982818,0.015463917525773196,0.0,0.0,2.179310344827586,4.0,0.003436426116838488,0.12027491408934708,5.883161512027492,0.1487177852684301,0.7010841599091506,0.004711664515586084,3.8366013071895426,0.7631977170872987,0.0429553264604811,0.0807560137457044,0.1083333333333333,0.98710808402393,23,True,1434.0
3,sparse_er,sparse_er_11,11,8,1170932061,4076932040,"[15, 90, 91, 128, 143, 153, 154, 198, 217, 250, 259, 424, 496, 558, 559, 579, 585, 593]","[472, 319, 265, 14, 75, 113, 448, 473, 435, 190, 365, 248, 273, 263, 597, 393, 370, 419]",600,18,0.8,0.01,,,,,,,,6.048333333333334,0.39703563242965884,0.9933333333333333,0.13666666666666666,5.555555555555555,0.00153207689227303,0.004528618185001115,0.1563573883161512,0.015463917525773196,0.0,0.0,2.1824440619621344,4.0,0.001718213058419244,0.10996563573883161,5.680412371134021,0.141560416132893,0.712682837387843,0.004751952733498294,3.8161764705882355,0.9382974071120943,0.049828178694158,0.1890034364261168,0.2133333333333333,1.0923260420095176,30,False,1526.0
3,sparse_er,sparse_er_11,11,9,1170932061,4144101470,"[15, 24, 36, 37, 52, 66, 69, 81, 88, 119, 168, 181, 258, 316, 367, 435, 480, 553]","[472, 555, 426, 114, 574, 121, 174, 539, 543, 388, 407, 283, 237, 209, 531, 299, 306, 83]",600,18,0.8,0.01,,,,,,,,6.048333333333334,0.39703563242965884,0.9933333333333333,0.13666666666666666,6.111111111111111,0.0016635152000105426,0.0038261705349815858,0.16494845360824742,0.015463917525773196,0.001718213058419244,0.0,2.1310344827586207,4.0,0.003436426116838488,0.14604810996563575,6.367697594501718,0.1497680146080854,0.6982273719325017,0.0057651310716933255,3.7973856209150325,0.8617626094023978,0.0618556701030927,0.2216494845360824,0.245,1.2210082920501009,30,False,1566.0
3,sparse_er,sparse_er_11,11,10,1170932061,598424718,"[102, 127, 139, 163, 298, 320, 366, 390, 392, 406, 441, 516, 526, 531, 542, 566, 568, 583]","[494, 234, 496, 7, 107, 308, 80, 196, 449, 221, 112, 163, 380, 254, 278, 486, 462, 4]",600,18,0.8,0.01,,,,,,,,6.048333333333334,0.39703563242965884,0.9933333333333333,0.13666666666666666,6.777777777777778,0.0018420009539810284,0.005973240595123042,0.18384879725085912,0.020618556701030927,0.001718213058419244,0.0,2.1120689655172415,4.0,0.003436426116838488,0.14776632302405499,6.3883161512027495,0.16580716281467672,0.667204902082557,0.006987786125617729,3.581699346405229,0.8215642804288972,0.0652920962199312,0.1683848797250859,0.1933333333333333,1.0605565420119092,30,False,1508.0
3,sparse_er,sparse_er_11,11,11,1170932061,3871225784,"[25, 35, 37, 42, 203, 222, 228, 285, 311, 349, 380, 409, 421, 445, 510, 555, 562, 587]","[166, 140, 114, 145, 108, 117, 439, 350, 518, 382, 330, 403, 157, 328, 61, 228, 176, 244]",600,18,0.8,0.01,,,,,,,,6.048333333333334,0.39703563242965884,0.9933333333333333,0.13666666666666666,6.611111111111111,0.0017696029432316387,0.004788467309002672,0.17869415807560138,0.022336769759450172,0.0,0.0,2.106896551724138,4.0,0.003436426116838488,0.17525773195876287,6.585910652920962,0.16204673715041237,0.6756273991400062,0.005699086859166991,3.6143790849673203,0.6646328247721994,0.063573883161512,0.993127147766323,0.9933333333333332,0.9918139580404386,30,False,2870.0
3,sparse_er,sparse_er_11,11,12,1170932061,1124082403,"[18, 33, 38, 55, 63, 105, 176, 194, 290, 338, 432, 445, 467, 480, 495, 521, 570, 591]","[138, 272, 275, 530, 362, 56, 326, 222, 168, 534, 464, 328, 54, 306, 321, 593, 27, 575]",600,18,0.8,0.01,,,,,,,,6.048333333333334,0.39703563242965884,0.9933333333333333,0.13666666666666666,6.833333333333333,0.0018147568319393783,0.005868708746070675,0.18556701030927836,0.020618556701030927,0.001718213058419244,0.0,2.0741379310344827,4.0,0.003436426116838488,0.20790378006872853,7.1271477663230245,0.1649872678496558,0.6646201891513033,0.006729614172854627,3.5555555555555554,0.909114125441295,0.070446735395189,0.993127147766323,0.9933333333333332,0.9832476249430327,30,False,2870.0
3,sparse_er,sparse_er_11,11,13,1170932061,3434679355,"[63, 130, 157, 218, 223, 250, 299, 324, 365, 376, 403, 431, 494, 510, 514, 537, 574, 592]","[362, 322, 187, 199, 317, 190, 154, 397, 416, 459, 227, 269, 325, 61, 50, 185, 478, 182]",600,18,0.8,0.01,,,,,,,,6.048333333333334,0.39703563242965884,0.9933333333333333,0.13666666666666666,5.888888888888889,0.0016302584253366878,0.003971728716470828,0.16838487972508592,0.013745704467353952,0.0,0.0,2.156896551724138,4.0,0.003436426116838488,0.12886597938144329,5.8006872852233675,0.15098162918578584,0.6926734922015011,0.004295262599760869,3.764705882352941,0.8507475620996966,0.056701030927835,0.5343642611683849,0.5483333333333333,1.014810875058174,30,False,1882.0
3,sparse_er,sparse_er_11,11,14,1170932061,1843554950,"[44, 70, 89, 108, 153, 173, 228, 255, 353, 358, 375, 377, 408, 416, 434, 462, 496, 595]","[73, 105, 213, 364, 113, 208, 439, 499, 255, 476, 81, 206, 428, 361, 532, 179, 273, 156]",600,18,0.8,0.01,,,,,,,,6.048333333333334,0.39703563242965884,0.9933333333333333,0.13666666666666666,6.166666666666667,0.0016819950870041503,0.0036310146730916637,0.16838487972508592,0.013745704467353952,0.001718213058419244,0.0,2.174137931034483,4.0,0.003436426116838488,0.15120274914089346,6.171821305841925,0.1513979647797353,0.6926143454525022,0.005433727492551022,3.65359477124183,0.6593137634631933,0.0515463917525773,0.0893470790378006,0.1166666666666666,1.0257647910621015,30,False,1434.0
3,sparse_er,sparse_er_11,11,15,1170932061,814395890,"[26, 52, 56, 77, 146, 177, 178, 191, 230, 264, 288, 299, 326, 328, 342, 493, 502, 562]","[162, 574, 437, 286, 331, 89, 585, 300, 594, 589, 461, 154, 557, 144, 38, 573, 581, 176]",600,18,0.8,0.01,,,,,,,,6.048333333333334,0.39703563242965884,0.9933333333333333,0.13666666666666666,6.055555555555555,0.0016643159607269535,0.004205609584772067,0.17869415807560138,0.00859106529209622,0.0,0.0,2.1187607573149743,4.0,0.001718213058419244,0.1134020618556701,5.666666666666667,0.15524964278314504,0.6759231328850009,0.00237340727536806,3.7941176470588234,0.8799308437704959,0.049828178694158,0.1065292096219931,0.1333333333333333,1.2663492090068758,30,False,1496.0
3,sparse_er,sparse_er_11,11,16,1170932061,2169207203,"[5, 40, 58, 73, 84, 238, 273, 284, 314, 315, 336, 353, 359, 418, 432, 475, 481, 555]","[566, 28, 415, 384, 465, 215, 21, 203, 410, 445, 134, 255, 148, 131, 464, 249, 296, 228]",600,18,0.8,0.01,,,,,,,,6.048333333333334,0.39703563242965884,0.9933333333333333,0.13666666666666666,6.277777777777778,0.0017050322891806067,0.00432665161918601,0.17697594501718214,0.015463917525773196,0.001718213058419244,0.0,2.110344827586207,4.0,0.003436426116838488,0.14948453608247422,6.20446735395189,0.15727608271945456,0.678602480614653,0.005132173849924107,3.7320261437908497,0.8105492331261959,0.0601374570446735,0.1546391752577319,0.18,0.9999168750364332,30,False,1516.0
3,sparse_er,sparse_er_11,11,17,1170932061,280380774,"[56, 95, 129, 142, 159, 223, 233, 245, 268, 300, 347, 382, 472, 477, 489, 519, 571, 599]","[437, 545, 512, 211, 572, 317, 309, 36, 231, 455, 149, 164, 373, 26, 550, 491, 487, 368]",600,18,0.8,0.01,,,,,,,,6.048333333333334,0.39703563242965884,0.9933333333333333,0.13666666666666666,5.166666666666667,0.0014285475127103924,0.003958761360076956,0.13573883161512026,0.022336769759450172,0.001718213058419244,0.0,2.2685025817555937,4.0,0.001718213058419244,0.12714776632302405,5.768041237113402,0.12890295040110505,0.7475202725482194,0.008832208096913978,3.7058823529411766,0.8105492331261958,0.056701030927835,0.2697594501718213,0.2916666666666667,1.0505291249137372,30,False,1584.0
3,sparse_er,sparse_er_11,11,18,1170932061,1755192410,"[96, 128, 180, 221, 283, 295, 307, 342, 362, 365, 380, 411, 424, 455, 471, 481, 576, 598]","[343, 14, 277, 480, 250, 304, 25, 38, 579, 416, 330, 188, 248, 454, 399, 296, 522, 351]",600,18,0.8,0.01,,,,,,,,6.048333333333334,0.39703563242965884,0.9933333333333333,0.13666666666666666,6.277777777777778,0.0017066404586919882,0.005262206959259568,0.16666666666666666,0.020618556701030927,0.0,0.0,2.1258620689655174,4.0,0.003436426116838488,0.14948453608247422,6.3075601374570445,0.1526402000958191,0.6953173518817538,0.006926899300025021,3.6666666666666665,0.8287174674942939,0.0756013745704467,0.993127147766323,0.9933333333333332,1.0016978749772534,30,False,2870.0
3,sparse_er,sparse_er_11,11,19,1170932061,1899229092,"[140, 192, 240, 293, 318, 379, 418, 446, 466, 496, 504, 516, 520, 550, 555, 582, 587, 588]","[147, 421, 78, 425, 5, 533, 131, 413, 139, 273, 133, 163, 34, 137, 228, 523, 244, 247]",600,18,0.8,0.01,,,,,,,,6.048333333333334,0.39703563242965884,0.9933333333333333,0.13666666666666666,5.222222222222222,0.0014740822955607547,0.00270618114166274,0.13917525773195877,0.00859106529209622,0.0,0.0,2.236206896551724,5.0,0.003436426116838488,0.0859106529209622,5.328178694158075,0.12635691382712866,0.7418480993192209,0.002489884842826019,4.098039215686274,0.6807332857418023,0.0395189003436426,0.1185567010309278,0.145,1.0663703340105712,30,False,1484.0
3,sparse_er,sparse_er_11,11,20,1170932061,3472037477,"[2, 4, 49, 97, 99, 100, 164, 196, 230, 258, 292, 330, 340, 393, 395, 488, 545, 568]","[9, 567, 189, 314, 447, 46, 172, 390, 594, 237, 184, 549, 482, 414, 106, 99, 528, 462]",600,18,0.8,0.01,,,,,,,,6.048333333333334,0.39703563242965884,0.9933333333333333,0.13666666666666666,6.888888888888889,0.0018553070605100861,0.005886822661379212,0.1958762886597938,0.01718213058419244,0.0,0.0,2.0689655172413794,4.0,0.003436426116838488,0.14948453608247422,6.4106529209622,0.17131184265643526,0.648212880978997,0.0051792914249661655,3.7254901960784315,0.8105492331261959,0.0721649484536082,0.5652920962199313,0.5783333333333334,1.0331509590614587,30,False,1838.0
3,sparse_er,sparse_er_11,11,21,1170932061,1686747535,"[17, 79, 158, 221, 312, 348, 357, 361, 393, 432, 483, 497, 500, 508, 565, 578, 585, 593]","[335, 171, 178, 480, 195, 294, 202, 274, 414, 464, 17, 508, 66, 352, 132, 39, 370, 419]",600,18,0.8,0.01,,,,,,,,6.048333333333334,0.39703563242965884,0.9933333333333333,0.13666666666666666,5.277777777777778,0.0014791811350557196,0.0027917804221724665,0.14432989690721648,0.012027491408934709,0.0,0.0,2.220689655172414,4.0,0.003436426116838488,0.10824742268041238,5.393470790378007,0.13179682155013114,0.7330056603438792,0.0048681858408380595,3.8758169934640523,0.7340144354164994,0.0429553264604811,0.0996563573883161,0.1266666666666666,1.0274259999860078,30,False,1444.0
3,sparse_er,sparse_er_11,11,22,1170932061,2258337847,"[183, 187, 222, 233, 234, 261, 264, 268, 269, 292, 338, 344, 361, 462, 474, 501, 571, 573]","[541, 537, 117, 309, 129, 181, 589, 231, 477, 184, 534, 488, 274, 179, 40, 239, 487, 15]",600,18,0.8,0.01,,,,,,,,6.048333333333334,0.39703563242965884,0.9933333333333333,0.13666666666666666,6.888888888888889,0.00182025970139434,0.006764349746739902,0.19243986254295534,0.015463917525773196,0.001718213058419244,0.0,2.093103448275862,4.0,0.003436426116838488,0.18900343642611683,6.833333333333333,0.16815263801533745,0.6536484672119997,0.005060273965452136,3.6143790849673203,0.8325793277315986,0.0584192439862542,0.993127147766323,0.9933333333333332,1.019279083004221,30,False,2870.0
3,sparse_er,sparse_er_11,11,23,1170932061,1575391429,"[19, 20, 156, 162, 186, 191, 228, 279, 305, 308, 334, 365, 437, 480, 521, 531, 564, 565]","[53, 463, 344, 468, 540, 300, 439, 391, 12, 402, 290, 416, 141, 306, 593, 254, 123, 132]",600,18,0.8,0.01,,,,,,,,6.048333333333334,0.39703563242965884,0.9933333333333333,0.13666666666666666,6.277777777777778,0.0016919407194654658,0.004678673036128648,0.16838487972508592,0.024054982817869417,0.001718213058419244,0.0,2.1551724137931036,4.0,0.003436426116838488,0.15292096219931273,6.324742268041237,0.15397655242679154,0.6925315400039037,0.008695664304084144,3.6601307189542482,0.7995341858234946,0.0687285223367697,0.993127147766323,0.9933333333333332,1.0026066669961438,30,False,2870.0
3,sparse_er,sparse_er_11,11,24,1170932061,50918625,"[11, 30, 31, 66, 75, 154, 210, 212, 223, 236, 291, 298, 315, 322, 331, 372, 517, 531]","[577, 297, 62, 121, 470, 448, 152, 599, 317, 241, 358, 107, 445, 110, 111, 409, 443, 254]",600,18,0.8,0.01,,,,,,,,6.048333333333334,0.39703563242965884,0.9933333333333333,0.13666666666666666,6.666666666666667,0.0018157101573408182,0.005077297830814998,0.17525773195876287,0.020618556701030927,0.003436426116838488,0.0,2.1206896551724137,4.0,0.003436426116838488,0.15463917525773196,6.38659793814433,0.15934058463994202,0.6812108522455064,0.008826171052237949,3.6143790849673203,0.7158462010484014,0.0584192439862542,0.1426116838487972,0.1683333333333333,1.0325132079888135,30,False,1518.0
3,sparse_er,sparse_er_11,11,25,1170932061,1403262834,"[21, 22, 42, 54, 98, 193, 194, 247, 297, 302, 307, 390, 408, 426, 510, 518, 545, 594]","[192, 450, 145, 186, 41, 583, 222, 502, 587, 104, 25, 196, 428, 122, 61, 259, 528, 446]",600,18,0.8,0.01,,,,,,,,6.048333333333334,0.39703563242965884,0.9933333333333333,0.13666666666666666,7.888888888888889,0.0020570402175837154,0.0065840536340550215,0.21477663230240548,0.013745704467353952,0.005154639175257732,0.0,2.036206896551724,4.0,0.003436426116838488,0.23367697594501718,7.4965635738831615,0.18231866908382807,0.6185330423313282,0.006662239538005943,3.372549019607843,0.8799308437704958,0.0481099656357388,0.3041237113402061,0.325,1.1298097079852596,30,False,1648.0
3,sparse_er,sparse_er_11,11,26,1170932061,1191439779,"[30, 67, 125, 170, 189, 252, 258, 261, 316, 364, 376, 384, 390, 413, 416, 456, 545, 590]","[297, 497, 429, 233, 558, 376, 237, 181, 209, 235, 459, 23, 196, 298, 361, 590, 528, 289]",600,18,0.8,0.01,,,,,,,,6.048333333333334,0.39703563242965884,0.9933333333333333,0.13666666666666666,6.611111111111111,0.0017823844607329766,0.004659383248511875,0.19072164948453607,0.012027491408934709,0.001718213058419244,0.0,2.0482758620689654,4.0,0.003436426116838488,0.16666666666666666,6.542955326460481,0.16564451433744684,0.6564520231145495,0.004544650104050334,3.7777777777777777,0.7340144354164994,0.0584192439862542,0.9965635738831616,0.9966666666666668,1.0780657079303635,30,False,2870.0
3,sparse_er,sparse_er_11,11,27,1170932061,3102325641,"[28, 49, 122, 128, 164, 246, 273, 320, 325, 358, 429, 434, 468, 518, 522, 548, 596, 597]","[13, 189, 363, 14, 172, 354, 21, 308, 367, 476, 258, 532, 392, 259, 119, 307, 521, 554]",600,18,0.8,0.01,,,,,,,,6.048333333333334,0.39703563242965884,0.9933333333333333,0.13666666666666666,6.0,0.0016397964760642,0.004358833538968221,0.1718213058419244,0.010309278350515464,0.0,0.0,2.106896551724138,4.0,0.003436426116838488,0.12886597938144329,6.077319587628866,0.15251360976696685,0.6870368070219021,0.003511376060395668,3.8823529411764706,0.8909458910731971,0.0670103092783505,0.986254295532646,0.9866666666666668,0.99567787500564,30,False,2868.0
3,sparse_er,sparse_er_11,11,28,1170932061,1280551224,"[13, 27, 148, 153, 165, 178, 347, 350, 355, 412, 426, 435, 476, 532, 545, 554, 569, 586]","[295, 456, 253, 113, 288, 585, 149, 77, 460, 489, 122, 299, 130, 333, 528, 595, 216, 422]",600,18,0.8,0.01,,,,,,,,6.048333333333334,0.39703563242965884,0.9933333333333333,0.13666666666666666,7.055555555555555,0.0018884217886159006,0.005324795997422458,0.18556701030927836,0.01718213058419244,0.001718213058419244,0.0,2.081034482758621,4.0,0.003436426116838488,0.18041237113402062,6.8436426116838485,0.16506512464273684,0.6645078103282053,0.0064226495022342775,3.4640522875816995,0.7119843408110967,0.0618556701030927,0.9965635738831616,0.9966666666666668,1.0874746250919998,30,False,2870.0
3,sparse_er,sparse_er_11,11,29,1170932061,1395015794,"[30, 63, 94, 107, 221, 225, 240, 279, 285, 331, 353, 354, 367, 376, 400, 439, 554, 561]","[297, 362, 475, 412, 480, 42, 78, 391, 350, 111, 255, 60, 531, 459, 436, 64, 595, 20]",600,18,0.8,0.01,,,,,,,,6.048333333333334,0.39703563242965884,0.9933333333333333,0.13666666666666666,7.055555555555555,0.001895599834894558,0.0048927701667305454,0.18041237113402062,0.022336769759450172,0.001718213058419244,0.0,2.1293103448275863,4.0,0.003436426116838488,0.17869415807560138,6.61340206185567,0.16395140467401062,0.6727587818135576,0.007436619085984714,3.5555555555555554,0.6870398440622908,0.0584192439862542,0.9914089347079038,0.9916666666666668,1.2510384999914097,30,False,2870.0
3,sparse_er,sparse_er_11,11,30,1170932061,3029689753,"[5, 24, 72, 98, 135, 144, 151, 162, 188, 267, 323, 369, 380, 395, 504, 515, 528, 556]","[566, 555, 11, 41, 398, 210, 285, 468, 383, 385, 30, 513, 330, 106, 133, 180, 201, 44]",600,18,0.8,0.01,,,,,,,,6.048333333333334,0.39703563242965884,0.9933333333333333,0.13666666666666666,6.5,0.001759079214421978,0.005892526455333474,0.17869415807560138,0.013745704467353952,0.001718213058419244,0.0,2.089655172413793,4.0,0.003436426116838488,0.14948453608247422,6.494845360824742,0.15808459520983553,0.6757989247121032,0.0060465976844292875,3.6405228758169934,0.8090920320544942,0.0618556701030927,0.9587628865979382,0.96,1.2448259589727968,30,False,2786.0
3,sparse_er,sparse_er_11,11,31,1170932061,2552988865,"[25, 29, 34, 38, 72, 143, 163, 170, 194, 252, 318, 319, 333, 371, 397, 463, 495, 585]","[166, 8, 440, 275, 11, 75, 7, 233, 222, 376, 5, 492, 220, 264, 302, 161, 321, 370]",600,18,0.8,0.01,,,,,,,,6.048333333333334,0.39703563242965884,0.9933333333333333,0.13666666666666666,6.5,0.0017406206635409334,0.005106856788092483,0.16666666666666666,0.02577319587628866,0.001718213058419244,0.0,2.143103448275862,5.0,0.003436426116838488,0.18556701030927836,6.7353951890034365,0.15368176683311907,0.6953173518817538,0.009141731442617741,3.627450980392157,0.728695374107493,0.063573883161512,0.1460481099656357,0.1716666666666666,1.0446455409983173,30,False,1492.0
3,sparse_er,sparse_er_11,11,32,1170932061,211453072,"[68, 83, 84, 231, 266, 291, 293, 317, 335, 390, 424, 438, 448, 473, 474, 531, 533, 549]","[37, 562, 465, 270, 155, 358, 425, 315, 418, 196, 248, 293, 316, 582, 40, 254, 45, 193]",600,18,0.8,0.01,,,,,,,,6.048333333333334,0.39703563242965884,0.9933333333333333,0.13666666666666666,5.555555555555555,0.0015383923647307493,0.003181746289082528,0.15292096219931273,0.01718213058419244,0.001718213058419244,0.0,2.193103448275862,4.0,0.003436426116838488,0.1323024054982818,5.740549828178694,0.14050811652912853,0.7183550106168415,0.006936337083395907,3.895424836601307,0.7507254687128957,0.0549828178694158,0.0738831615120274,0.1016666666666666,1.096106082899496,30,False,1464.0
3,sparse_er,sparse_er_11,11,33,1170932061,821733000,"[8, 52, 68, 75, 142, 148, 216, 244, 274, 278, 284, 307, 315, 333, 351, 373, 416, 564]","[18, 574, 37, 470, 211, 253, 47, 349, 115, 347, 203, 25, 445, 220, 58, 332, 361, 123]",600,18,0.8,0.01,,,,,,,,6.048333333333334,0.39703563242965884,0.9933333333333333,0.13666666666666666,5.388888888888889,0.001510544731762582,0.0038726303599329296,0.15292096219931273,0.010309278350515464,0.0,0.0,2.193103448275862,4.0,0.003436426116838488,0.09965635738831616,5.541237113402062,0.13680891588834734,0.718550194888538,0.006194060115628742,3.843137254901961,0.7923809987580979,0.0618556701030927,0.2646048109965636,0.2866666666666667,1.0757495829602703,30,False,1604.0
3,sparse_er,sparse_er_11,11,34,1170932061,1076413036,"[65, 99, 124, 128, 162, 286, 298, 315, 332, 337, 385, 457, 459, 461, 516, 527, 583, 598]","[87, 447, 3, 14, 468, 469, 107, 445, 552, 570, 479, 561, 150, 223, 163, 394, 4, 351]",600,18,0.8,0.01,,,,,,,,6.048333333333334,0.39703563242965884,0.9933333333333333,0.13666666666666666,6.166666666666667,0.001689578035031167,0.00384178283838163,0.17353951890034364,0.013745704467353952,0.0,0.0,2.1482758620689655,4.0,0.003436426116838488,0.13917525773195877,6.027491408934708,0.15464401421160345,0.6841563603456536,0.005127842382744343,3.6862745098039214,0.7397104214101944,0.0549828178694158,0.9914089347079038,0.9916666666666668,1.0795599999837575,30,False,2870.0
3,sparse_er,sparse_er_11,11,35,1170932061,1827663009,"[3, 5, 6, 7, 14, 42, 219, 330, 347, 362, 432, 461, 464, 469, 484, 489, 528, 532]","[238, 566, 128, 120, 151, 145, 160, 549, 149, 579, 464, 223, 229, 353, 501, 550, 201, 333]",600,18,0.8,0.01,,,,,,,,6.048333333333334,0.39703563242965884,0.9933333333333333,0.13666666666666666,6.055555555555555,0.0016531265551142282,0.004676665285042179,0.16838487972508592,0.018900343642611683,0.0,0.0,2.1551724137931036,4.0,0.003436426116838488,0.1134020618556701,5.951890034364261,0.15245219156664952,0.6926380041521017,0.006314292098605823,3.7058823529411766,0.8799308437704956,0.063573883161512,0.993127147766323,0.9933333333333332,1.036358084063977,30,False,2870.0
3,sparse_er,sparse_er_11,11,36,1170932061,244822221,"[6, 26, 30, 100, 117, 145, 151, 212, 261, 321, 402, 471, 488, 537, 558, 568, 569, 586]","[128, 162, 297, 46, 262, 257, 285, 599, 181, 526, 453, 399, 99, 185, 263, 462, 216, 422]",600,18,0.8,0.01,,,,,,,,6.048333333333334,0.39703563242965884,0.9933333333333333,0.13666666666666666,6.722222222222222,0.0018140963971256625,0.006398753587769223,0.1872852233676976,0.013745704467353952,0.0,0.0,2.06551724137931,4.0,0.003436426116838488,0.14432989690721648,6.493127147766323,0.1628663175380595,0.662065049594549,0.004685177695558318,3.69281045751634,0.7411676224818959,0.0515463917525773,0.0979381443298969,0.125,1.0755089999875054,30,False,1484.0
3,sparse_er,sparse_er_11,11,37,1170932061,2923773410,"[15, 77, 96, 100, 102, 163, 201, 207, 297, 322, 381, 395, 407, 455, 461, 470, 540, 553]","[472, 286, 343, 46, 494, 7, 245, 369, 587, 110, 136, 106, 417, 454, 223, 57, 506, 83]",600,18,0.8,0.01,,,,,,,,6.048333333333334,0.39703563242965884,0.9933333333333333,0.13666666666666666,5.444444444444445,0.001534195909297007,0.0025000094433780427,0.15807560137457044,0.010309278350515464,0.0,0.0,2.1913793103448276,4.0,0.003436426116838488,0.10309278350515463,5.4243986254295535,0.1433346251440435,0.7096959265633964,0.003597437420966833,3.895424836601307,0.7286953741074931,0.0601374570446735,0.2714776632302405,0.2933333333333333,1.0660314579727128,30,False,1604.0
3,sparse_er,sparse_er_11,11,38,1170932061,2724459897,"[22, 39, 43, 155, 213, 227, 241, 250, 258, 331, 373, 413, 506, 516, 524, 527, 530, 550]","[450, 118, 374, 98, 515, 517, 212, 190, 237, 111, 332, 298, 511, 163, 252, 394, 578, 137]",600,18,0.8,0.01,,,,,,,,6.048333333333334,0.39703563242965884,0.9933333333333333,0.13666666666666666,5.944444444444445,0.0016309348253333085,0.00408153696854312,0.16666666666666666,0.013745704467353952,0.003436426116838488,0.0,2.1551724137931036,4.0,0.003436426116838488,0.1323024054982818,6.149484536082475,0.15061610751315133,0.695417901355052,0.006752751605692782,3.7254901960784315,0.8105492331261959,0.0549828178694158,0.2336769759450171,0.2566666666666666,1.0540554999606684,30,False,1566.0
3,sparse_er,sparse_er_11,11,39,1170932061,4006953340,"[59, 65, 115, 129, 178, 201, 205, 243, 280, 281, 302, 309, 363, 398, 490, 542, 546, 547]","[389, 87, 467, 512, 585, 245, 126, 226, 356, 516, 104, 284, 281, 505, 546, 278, 243, 538]",600,18,0.8,0.01,,,,,,,,6.048333333333334,0.39703563242965884,0.9933333333333333,0.13666666666666666,5.833333333333333,0.0015976169767323363,0.00384891705358246,0.16666666666666666,0.010309278350515464,0.0,0.0,2.139655172413793,4.0,0.003436426116838488,0.1254295532646048,5.984536082474227,0.14865802190941665,0.69553028017815,0.0033639861782883695,3.849673202614379,0.7813659514553967,0.0532646048109965,0.9914089347079038,0.9916666666666668,1.052038999972865,30,False,2870.0
3,sparse_er,sparse_er_11,11,40,1170932061,157713804,"[7, 15, 71, 121, 191, 237, 256, 267, 278, 346, 375, 391, 443, 455, 475, 501, 551, 585]","[120, 472, 529, 420, 300, 55, 563, 385, 347, 324, 81, 173, 32, 454, 249, 239, 406, 370]",600,18,0.8,0.01,,,,,,,,6.048333333333334,0.39703563242965884,0.9933333333333333,0.13666666666666666,6.5,0.0017489921958598123,0.005389457470767378,0.18556701030927836,0.012027491408934709,0.0,0.0,2.081034482758621,4.0,0.003436426116838488,0.16151202749140894,6.546391752577319,0.16363675819811985,0.6645492130525046,0.0035381829499476557,3.718954248366013,0.741167622481896,0.0532646048109965,0.9398625429553265,0.9416666666666668,1.049603374907747,30,False,2762.0
3,sparse_er,sparse_er_11,11,41,1170932061,3523089940,"[9, 23, 48, 49, 64, 81, 98, 101, 121, 150, 158, 272, 294, 319, 330, 401, 443, 507]","[559, 22, 0, 189, 576, 539, 41, 345, 420, 292, 178, 535, 427, 492, 549, 569, 32, 31]",600,18,0.8,0.01,,,,,,,,6.048333333333334,0.39703563242965884,0.9933333333333333,0.13666666666666666,6.833333333333333,0.0018303664788214115,0.006414144082553994,0.18041237113402062,0.01718213058419244,0.0,0.0,2.1017241379310345,4.0,0.003436426116838488,0.17010309278350516,6.548109965635739,0.16038256663883033,0.6729835394597536,0.005748402497628503,3.627450980392157,0.6756478720749006,0.070446735395189,0.2920962199312715,0.3133333333333333,1.137259625014849,30,False,1632.0
3,sparse_er,sparse_er_11,11,42,1170932061,2468956073,"[29, 40, 91, 142, 148, 152, 195, 228, 243, 283, 300, 334, 374, 449, 462, 485, 502, 579]","[8, 28, 265, 211, 253, 276, 386, 439, 226, 250, 455, 290, 175, 251, 179, 500, 581, 393]",600,18,0.8,0.01,,,,,,,,6.048333333333334,0.39703563242965884,0.9933333333333333,0.13666666666666666,5.722222222222222,0.0015835640739022322,0.004570613985808068,0.16151202749140894,0.012027491408934709,0.0,0.0,2.1620689655172414,4.0,0.003436426116838488,0.10652920962199312,5.690721649484536,0.14439580100919253,0.7041361321574959,0.0038040924430774482,3.9281045751633985,0.77421276439,0.0532646048109965,0.1323024054982818,0.1583333333333333,1.0294118339661509,30,False,1486.0
3,sparse_er,sparse_er_11,11,43,1170932061,1551437699,"[6, 25, 32, 119, 183, 199, 212, 248, 290, 363, 370, 415, 474, 489, 522, 538, 559, 577]","[128, 166, 200, 388, 541, 153, 599, 536, 168, 281, 379, 90, 40, 550, 119, 266, 597, 116]",600,18,0.8,0.01,,,,,,,,6.048333333333334,0.39703563242965884,0.9933333333333333,0.13666666666666666,6.055555555555555,0.0016627349623324053,0.0045103826606904904,0.16838487972508592,0.010309278350515464,0.001718213058419244,0.0,2.1017241379310345,4.0,0.003436426116838488,0.1134020618556701,6.073883161512027,0.14873730455219403,0.6927562976500997,0.005135224252871311,3.7058823529411766,0.6995120924366938,0.0395189003436426,0.0945017182130584,0.1216666666666666,1.038748958031647,30,False,1468.0
3,sparse_er,sparse_er_11,11,44,1170932061,3200178140,"[32, 91, 192, 230, 242, 248, 369, 412, 427, 450, 462, 472, 564, 575, 576, 586, 589, 596]","[200, 265, 421, 594, 371, 536, 513, 489, 102, 301, 179, 373, 123, 395, 522, 422, 287, 521]",600,18,0.8,0.01,,,,,,,,6.048333333333334,0.39703563242965884,0.9933333333333333,0.13666666666666666,5.833333333333333,0.0016029557957754305,0.004963368176819468,0.17010309278350516,0.006872852233676976,0.0,0.0,2.146551724137931,4.0,0.003436426116838488,0.12886597938144329,5.984536082474227,0.150003101104146,0.6898995096734508,0.0020230314347961407,3.8562091503267975,0.77421276439,0.0395189003436426,0.0876288659793814,0.115,0.7004387499764562,20,True,1448.0
3,sparse_er,sparse_er_11,11,45,1170932061,1711738549,"[134, 144, 159, 213, 220, 221, 319, 326, 374, 405, 431, 434, 448, 470, 490, 509, 512, 592]","[553, 210, 572, 515, 405, 480, 492, 557, 175, 205, 269, 532, 316, 57, 546, 375, 430, 182]",600,18,0.8,0.01,,,,,,,,6.048333333333334,0.39703563242965884,0.9933333333333333,0.13666666666666666,6.222222222222222,0.0017043683232030261,0.004063280065003943,0.16494845360824742,0.01718213058419244,0.003436426116838488,0.0,2.1534482758620688,4.0,0.003436426116838488,0.1323024054982818,6.134020618556701,0.14894097520117636,0.6983870681547989,0.009510678138129119,3.679738562091503,0.7885191385207933,0.0463917525773195,0.0945017182130584,0.1216666666666666,0.8863242500228807,26,True,1478.0
3,sparse_er,sparse_er_11,11,46,1170932061,2229359570,"[11, 35, 43, 111, 153, 162, 230, 245, 279, 283, 306, 346, 356, 360, 436, 493, 528, 571]","[577, 140, 374, 336, 113, 468, 594, 36, 391, 250, 366, 324, 598, 68, 29, 573, 201, 487]",600,18,0.8,0.01,,,,,,,,6.048333333333334,0.39703563242965884,0.9933333333333333,0.13666666666666666,5.611111111111111,0.0015741118779711216,0.00318996735460674,0.15807560137457044,0.013745704467353952,0.001718213058419244,0.0,2.236206896551724,4.0,0.003436426116838488,0.10652920962199312,5.587628865979381,0.14343065044090123,0.7097195852629961,0.006239049621402562,3.888888888888889,0.7813659514553966,0.0463917525773195,0.1065292096219931,0.1333333333333333,1.0761222920846194,30,False,1456.0
3,sparse_er,sparse_er_11,11,47,1170932061,3802055065,"[4, 99, 137, 185, 187, 262, 283, 284, 307, 317, 349, 442, 447, 448, 481, 492, 502, 557]","[567, 447, 19, 191, 537, 204, 250, 203, 25, 315, 382, 481, 236, 316, 296, 170, 581, 520]",600,18,0.8,0.01,,,,,,,,6.048333333333334,0.39703563242965884,0.9933333333333333,0.13666666666666666,6.944444444444445,0.0018794155759315938,0.004756657871124597,0.19415807560137457,0.01718213058419244,0.0,0.0,2.0844827586206898,4.0,0.003436426116838488,0.14776632302405499,6.338487972508591,0.17091215075527416,0.6508035085851506,0.00444439632732597,3.679738562091503,0.8397325147969953,0.0549828178694158,0.3711340206185567,0.39,1.0629812079714611,30,False,1700.0
3,sparse_er,sparse_er_11,11,48,1170932061,1553676980,"[19, 80, 86, 122, 134, 148, 176, 179, 232, 235, 250, 262, 385, 440, 449, 481, 531, 533]","[53, 70, 74, 363, 553, 253, 326, 261, 458, 63, 190, 204, 479, 466, 251, 296, 254, 45]",600,18,0.8,0.01,,,,,,,,6.048333333333334,0.39703563242965884,0.9933333333333333,0.13666666666666666,6.777777777777778,0.0018177785167315355,0.0049763598615958,0.18900343642611683,0.00859106529209622,0.001718213058419244,0.0,2.081034482758621,4.0,0.003436426116838488,0.16151202749140894,6.56701030927835,0.1648290218952942,0.6590603947454028,0.0036052183111006646,3.581699346405229,0.7411676224818959,0.0601374570446735,0.3694158075601375,0.3883333333333333,1.0984680829569695,30,False,1694.0
3,sparse_er,sparse_er_11,11,49,1170932061,3305860272,"[28, 31, 43, 76, 143, 153, 237, 254, 266, 276, 306, 312, 349, 412, 415, 518, 556, 594]","[13, 62, 374, 408, 75, 113, 55, 86, 155, 338, 366, 195, 382, 489, 90, 259, 44, 446]",600,18,0.8,0.01,,,,,,,,6.048333333333334,0.39703563242965884,0.9933333333333333,0.13666666666666666,7.444444444444445,0.0019681731055804248,0.007121258548365543,0.19072164948453607,0.02577319587628866,0.003436426116838488,0.0,2.070689655172414,4.0,0.003436426116838488,0.211340206185567,7.171821305841925,0.1725836047346795,0.6560439105464568,0.00823769442569904,3.503267973856209,0.7340144354164994,0.0824742268041237,0.9914089347079038,0.9916666666666668,1.0020157920662314,30,False,2870.0
3,sparse_er,sparse_er_12,12,0,2284066885,950632789,"[61, 91, 105, 110, 168, 185, 256, 270, 287, 375, 380, 398, 434, 458, 498, 532, 552, 572]","[574, 491, 384, 159, 55, 31, 361, 175, 223, 356, 571, 35, 504, 149, 128, 19, 372, 561]",600,18,0.8,0.01,,,,,,,,6.035,0.4035718297515164,0.9983333333333333,0.12333333333333334,6.0,0.0016497760238803054,0.004002129853947519,0.16838487972508592,0.01718213058419244,0.0,0.0,2.1583476764199654,4.0,0.001718213058419244,0.140893470790378,6.108247422680412,0.15283847796134162,0.6925374546788036,0.005059821207456732,3.784313725490196,0.8608314903411804,0.070446735395189,1.0,1.0,0.9789856250863522,30,False,2918.0
3,sparse_er,sparse_er_12,12,1,2284066885,2325029667,"[26, 114, 128, 167, 201, 233, 237, 248, 287, 300, 368, 377, 395, 464, 474, 549, 559, 583]","[394, 300, 57, 280, 414, 580, 389, 54, 223, 348, 406, 339, 142, 76, 37, 24, 97, 526]",600,18,0.8,0.01,,,,,,,,6.035,0.4035718297515164,0.9983333333333333,0.12333333333333334,6.111111111111111,0.0016729981490547293,0.004424804270668628,0.18041237113402062,0.00859106529209622,0.0,0.0,2.1049913941480205,4.0,0.001718213058419244,0.12027491408934708,6.384879725085911,0.15856270226820016,0.672959880760154,0.0027455931867696576,3.7320261437908497,0.8165918679416112,0.0652920962199312,0.9965635738831616,0.9966666666666668,0.9506124159088358,30,False,2918.0
3,sparse_er,sparse_er_12,12,2,2284066885,3915961138,"[64, 148, 152, 174, 187, 205, 216, 299, 325, 372, 383, 400, 468, 510, 513, 550, 578, 580]","[48, 455, 584, 270, 549, 207, 324, 60, 542, 238, 351, 306, 145, 560, 240, 357, 32, 120]",600,18,0.8,0.01,,,,,,,,6.035,0.4035718297515164,0.9983333333333333,0.12333333333333334,5.555555555555555,0.0015489867246870949,0.0042202968958833026,0.14776632302405499,0.01718213058419244,0.0,0.0,2.2013769363166955,4.0,0.001718213058419244,0.12714776632302405,5.941580756013746,0.13708179596107495,0.7270200093451863,0.006388346584425015,3.7908496732026142,0.829837829713277,0.0584192439862542,1.0,1.0,0.9197224170202388,28,True,2918.0
3,sparse_er,sparse_er_12,12,3,2284066885,1959926006,"[28, 61, 131, 154, 189, 227, 231, 255, 314, 340, 379, 413, 443, 459, 468, 549, 555, 572]","[451, 574, 148, 509, 346, 80, 528, 596, 96, 537, 88, 278, 107, 379, 145, 24, 20, 561]",600,18,0.8,0.01,,,,,,,,6.035,0.4035718297515164,0.9983333333333333,0.12333333333333334,5.722222222222222,0.0015999172276695986,0.003910390305504476,0.15120274914089346,0.013745704467353952,0.001718213058419244,0.0,2.2203098106712567,4.0,0.001718213058419244,0.13745704467353953,6.006872852233677,0.1385597033319627,0.7212532013177896,0.00694314762942214,3.5947712418300655,0.7119125225307513,0.0532646048109965,0.3745704467353952,0.3933333333333333,1.0380832080263644,30,False,1674.0
3,sparse_er,sparse_er_12,12,4,2284066885,1968057290,"[23, 60, 172, 188, 195, 223, 286, 324, 334, 335, 398, 409, 455, 523, 538, 549, 551, 562]","[442, 470, 410, 476, 156, 289, 425, 224, 486, 191, 35, 157, 14, 554, 155, 24, 588, 101]",600,18,0.8,0.01,,,,,,,,6.035,0.4035718297515164,0.9983333333333333,0.12333333333333334,5.055555555555555,0.0014494586197614312,0.003744767736652149,0.1323024054982818,0.020618556701030927,0.0,0.0,2.3304647160068845,4.0,0.001718213058419244,0.08075601374570447,4.88659793814433,0.12691381035822286,0.7533698860242147,0.007444851807596906,3.8823529411764706,0.773899843786558,0.0601374570446735,0.2199312714776632,0.2433333333333333,1.0464230829384178,30,False,1556.0
3,sparse_er,sparse_er_12,12,5,2284066885,3773560761,"[47, 49, 70, 81, 91, 113, 178, 182, 195, 208, 231, 280, 333, 457, 461, 489, 530, 580]","[17, 90, 22, 151, 491, 340, 117, 36, 156, 331, 528, 196, 61, 74, 269, 597, 181, 120]",600,18,0.8,0.01,,,,,,,,6.035,0.4035718297515164,0.9983333333333333,0.12333333333333334,5.388888888888889,0.0015043453706656388,0.0029616742779492345,0.15807560137457044,0.005154639175257732,0.0,0.0,2.1669535283993113,4.0,0.001718213058419244,0.1134020618556701,5.731958762886598,0.14010426590973166,0.7098911108350929,0.0018155410312273058,3.9084967320261437,0.9228188115969871,0.0549828178694158,0.2164948453608247,0.24,1.0713054579682648,30,False,1546.0
3,sparse_er,sparse_er_12,12,6,2284066885,3939629565,"[3, 19, 36, 80, 127, 161, 180, 214, 238, 241, 280, 296, 327, 370, 438, 459, 483, 568]","[171, 49, 287, 502, 2, 478, 458, 428, 530, 517, 196, 165, 475, 264, 583, 379, 510, 121]",600,18,0.8,0.01,,,,,,,,6.035,0.4035718297515164,0.9983333333333333,0.12333333333333334,6.611111111111111,0.001776478294944726,0.0048905916711594645,0.18384879725085912,0.013745704467353952,0.0,0.0,2.0860585197934594,4.0,0.001718213058419244,0.15979381443298968,6.529209621993127,0.16211736875174623,0.667429659728753,0.004233145499915366,3.6601307189542482,0.7175615507288139,0.0549828178694158,1.0,1.0,0.7632592910667881,23,True,2918.0
3,sparse_er,sparse_er_12,12,7,2284066885,2148180017,"[34, 79, 127, 139, 153, 186, 213, 259, 277, 287, 296, 321, 344, 364, 380, 439, 444, 550]","[67, 274, 2, 71, 193, 524, 85, 45, 448, 223, 165, 511, 273, 34, 571, 215, 409, 357]",600,18,0.8,0.01,,,,,,,,6.035,0.4035718297515164,0.9983333333333333,0.12333333333333334,5.111111111111111,0.0014567313929359962,0.0031161997708202497,0.14432989690721648,0.00859106529209622,0.001718213058419244,0.0,2.2237521514629948,4.0,0.001718213058419244,0.08934707903780069,5.338487972508591,0.13154086687970726,0.7329524282697801,0.004940466214976019,3.9934640522875817,0.7871458055582237,0.0532646048109965,0.2611683848797251,0.2833333333333333,0.982705582980998,30,False,1570.0
3,sparse_er,sparse_er_12,12,8,2284066885,913824041,"[95, 104, 157, 160, 179, 231, 238, 259, 322, 391, 414, 435, 440, 448, 475, 478, 498, 524]","[23, 467, 256, 291, 592, 528, 530, 45, 285, 400, 344, 492, 4, 174, 540, 135, 128, 433]",600,18,0.8,0.01,,,,,,,,6.035,0.4035718297515164,0.9983333333333333,0.12333333333333334,7.055555555555555,0.0018628680722102943,0.005095766285539007,0.19759450171821305,0.01718213058419244,0.0,0.0,2.0499139414802063,4.0,0.001718213058419244,0.19243986254295534,6.938144329896907,0.17276503982466448,0.6454034104015473,0.00479855684964044,3.627450980392157,0.8592838920966646,0.0807560137457044,0.9948453608247424,0.995,0.4723392500309273,14,True,2918.0
3,sparse_er,sparse_er_12,12,9,2284066885,3164635447,"[70, 101, 107, 177, 208, 262, 330, 339, 366, 389, 399, 422, 471, 472, 523, 562, 594, 596]","[22, 226, 411, 276, 331, 369, 367, 209, 217, 208, 431, 113, 307, 358, 554, 101, 21, 111]",600,18,0.8,0.01,,,,,,,,6.035,0.4035718297515164,0.9983333333333333,0.12333333333333334,6.555555555555555,0.0017696624062593068,0.00546832838071014,0.18213058419243985,0.01718213058419244,0.0,0.0,2.1135972461273664,4.0,0.001718213058419244,0.14604810996563575,6.252577319587629,0.15973794421121396,0.6703396797795009,0.006209555261132413,3.7777777777777777,0.7678505084574704,0.0652920962199312,0.9965635738831616,0.9966666666666668,0.9927171668969096,30,False,2918.0
3,sparse_er,sparse_er_12,12,10,2284066885,1001723793,"[38, 70, 89, 215, 290, 300, 311, 317, 336, 345, 364, 455, 498, 541, 547, 552, 574, 577]","[429, 22, 432, 26, 507, 348, 333, 434, 534, 112, 34, 14, 128, 397, 134, 372, 563, 375]",600,18,0.8,0.01,,,,,,,,6.035,0.4035718297515164,0.9983333333333333,0.12333333333333334,4.666666666666667,0.0013605302421098031,0.0022925639981148226,0.14261168384879724,0.001718213058419244,0.0,0.0,2.2271944922547333,5.0,0.001718213058419244,0.058419243986254296,4.915807560137457,0.12836046558767616,0.7358920216950275,0.0005941770647653001,4.2026143790849675,0.8048935044144612,0.0532646048109965,0.3711340206185567,0.39,1.002372583025135,30,False,1674.0
3,sparse_er,sparse_er_12,12,11,2284066885,1825591624,"[6, 12, 15, 90, 102, 114, 169, 213, 218, 271, 289, 326, 345, 483, 505, 520, 525, 562]","[233, 86, 349, 68, 114, 300, 122, 85, 427, 298, 170, 44, 112, 510, 595, 471, 543, 101]",600,18,0.8,0.01,,,,,,,,6.035,0.4035718297515164,0.9983333333333333,0.12333333333333334,7.333333333333333,0.00195187515914113,0.0064549846803014285,0.1958762886597938,0.024054982817869417,0.0,0.0,2.0654044750430294,4.0,0.001718213058419244,0.19931271477663232,7.0756013745704465,0.17295966179784275,0.6481773929295976,0.0059866449283981,3.4836601307189543,0.7236108860579015,0.0807560137457044,0.9965635738831616,0.9966666666666668,0.448551999987103,13,True,2918.0
3,sparse_er,sparse_er_12,12,12,2284066885,2722099640,"[52, 127, 179, 188, 207, 221, 227, 246, 259, 270, 373, 384, 399, 427, 522, 552, 569, 573]","[51, 2, 592, 476, 505, 91, 80, 576, 45, 175, 514, 241, 431, 518, 227, 372, 447, 216]",600,18,0.8,0.01,,,,,,,,6.035,0.4035718297515164,0.9983333333333333,0.12333333333333334,5.888888888888889,0.0016372825798035592,0.003286570030347557,0.16838487972508592,0.013745704467353952,0.0,0.0,2.1394148020654047,4.0,0.001718213058419244,0.12371134020618557,5.670103092783505,0.15056934654114626,0.6926794068764011,0.004668135060291923,3.7908496732026142,0.8374347632868802,0.0532646048109965,0.5137457044673539,0.5283333333333333,1.0227868339279669,30,False,1824.0
3,sparse_er,sparse_er_12,12,13,2284066885,2673297555,"[3, 25, 41, 42, 51, 66, 162, 175, 179, 218, 223, 262, 276, 331, 364, 439, 451, 493]","[171, 129, 82, 127, 382, 125, 182, 144, 592, 427, 289, 369, 116, 450, 34, 215, 388, 25]",600,18,0.8,0.01,,,,,,,,6.035,0.4035718297515164,0.9983333333333333,0.12333333333333334,6.0,0.0016414801836074121,0.0056160036389669675,0.16323024054982818,0.01718213058419244,0.001718213058419244,0.0,2.1497418244406195,4.0,0.001718213058419244,0.13917525773195877,5.975945017182131,0.14592859929600402,0.7012616001561475,0.006997984607557848,3.9084967320261437,0.7795488719846205,0.0549828178694158,0.9965635738831616,0.9966666666666668,0.6065720840124413,18,True,2918.0
3,sparse_er,sparse_er_12,12,14,2284066885,4253927278,"[57, 60, 140, 172, 218, 219, 240, 249, 265, 280, 281, 298, 374, 407, 431, 545, 561, 580]","[92, 470, 166, 410, 427, 198, 192, 490, 94, 196, 421, 365, 513, 438, 500, 254, 587, 120]",600,18,0.8,0.01,,,,,,,,6.035,0.4035718297515164,0.9983333333333333,0.12333333333333334,4.944444444444445,0.0014218781951903978,0.0041551196269839705,0.1323024054982818,0.015463917525773196,0.001718213058419244,0.0,2.280550774526678,4.0,0.001718213058419244,0.09278350515463918,4.974226804123711,0.12397803121256384,0.7535177528967121,0.00692440275773609,4.032679738562091,0.7988441690853737,0.0584192439862542,1.0,1.0,0.9746470840182156,30,False,2918.0
3,sparse_er,sparse_er_12,12,15,2284066885,928359830,"[81, 115, 123, 148, 157, 171, 182, 267, 280, 291, 313, 334, 418, 420, 431, 435, 493, 498]","[151, 5, 589, 455, 256, 69, 36, 546, 196, 40, 304, 486, 288, 529, 500, 492, 25, 128]",600,18,0.8,0.01,,,,,,,,6.035,0.4035718297515164,0.9983333333333333,0.12333333333333334,6.0,0.0016298731957189554,0.0031315610488657363,0.16494845360824742,0.015463917525773196,0.001718213058419244,0.0,2.163511187607573,4.0,0.001718213058419244,0.12886597938144329,6.27319587628866,0.14981936183859407,0.6982569453070012,0.005606309373079239,3.6601307189542482,0.8725298538683307,0.0584192439862542,0.4845360824742268,0.5,1.0430671670474112,30,False,1832.0
3,sparse_er,sparse_er_12,12,16,2284066885,76443940,"[7, 88, 150, 216, 227, 268, 282, 300, 321, 378, 413, 471, 510, 555, 567, 584, 595, 597]","[401, 168, 387, 324, 80, 237, 551, 348, 511, 46, 278, 307, 560, 20, 441, 30, 81, 9]",600,18,0.8,0.01,,,,,,,,6.035,0.4035718297515164,0.9983333333333333,0.12333333333333334,5.111111111111111,0.0014624567494715044,0.00455837046047355,0.14261168384879724,0.015463917525773196,0.0,0.0,2.2237521514629948,4.0,0.001718213058419244,0.09621993127147767,5.288659793814433,0.13372827008849117,0.735696837423331,0.00536322791224752,3.9673202614379086,0.829837829713277,0.0738831615120274,0.9965635738831616,0.9966666666666668,0.9062691249419004,29,True,2918.0
3,sparse_er,sparse_er_12,12,17,2284066885,397897972,"[58, 66, 69, 95, 171, 189, 195, 259, 282, 358, 378, 452, 456, 458, 478, 496, 556, 570]","[180, 125, 430, 23, 69, 346, 156, 45, 551, 150, 46, 446, 325, 149, 135, 479, 65, 7]",600,18,0.8,0.01,,,,,,,,6.035,0.4035718297515164,0.9983333333333333,0.12333333333333334,6.0,0.0016488454617414265,0.00539798831288019,0.15979381443298968,0.01718213058419244,0.001718213058419244,0.0,2.189328743545611,5.0,0.001718213058419244,0.1563573883161512,6.1924398625429555,0.14538340228779797,0.7069101146855463,0.007434740277877532,3.6601307189542482,0.8608314903411804,0.0601374570446735,1.0,1.0,0.5674498329171911,17,True,2918.0
3,sparse_er,sparse_er_12,12,18,2284066885,48191148,"[62, 84, 86, 214, 252, 266, 272, 273, 278, 285, 410, 437, 462, 502, 522, 537, 542, 544]","[532, 420, 249, 428, 271, 593, 190, 366, 332, 263, 527, 415, 132, 70, 227, 473, 327, 84]",600,18,0.8,0.01,,,,,,,,6.035,0.4035718297515164,0.9983333333333333,0.12333333333333334,6.722222222222222,0.0018071330914697678,0.005837241794206378,0.19415807560137457,0.010309278350515464,0.0,0.0,2.0567986230636834,4.0,0.001718213058419244,0.16666666666666666,6.513745704467354,0.16593849127665472,0.6512175358281432,0.0038871316735093826,3.7450980392156863,0.8725298538683306,0.070446735395189,0.9948453608247424,0.995,0.958497708896175,30,False,2918.0
3,sparse_er,sparse_er_12,12,19,2284066885,2900117373,"[34, 62, 67, 115, 145, 154, 200, 258, 263, 315, 373, 416, 417, 419, 463, 504, 562, 587]","[67, 532, 498, 5, 219, 509, 321, 405, 250, 452, 514, 232, 312, 255, 578, 585, 101, 18]",600,18,0.8,0.01,,,,,,,,6.035,0.4035718297515164,0.9983333333333333,0.12333333333333334,5.666666666666667,0.0015687838954555745,0.0038571368021191508,0.15979381443298968,0.00859106529209622,0.0,0.0,2.1669535283993113,4.0,0.001718213058419244,0.10996563573883161,5.871134020618556,0.14246630495854062,0.7070047494839447,0.00371042356336474,3.8627450980392157,0.9228188115969871,0.0756013745704467,0.9965635738831616,0.9966666666666668,0.6256481249583885,19,True,2918.0
3,sparse_er,sparse_er_12,12,20,2284066885,2819873156,"[47, 62, 66, 109, 160, 194, 224, 226, 245, 254, 388, 437, 498, 506, 533, 535, 543, 550]","[17, 532, 125, 494, 291, 335, 242, 152, 550, 488, 115, 415, 128, 292, 294, 154, 39, 357]",600,18,0.8,0.01,,,,,,,,6.035,0.4035718297515164,0.9983333333333333,0.12333333333333334,6.277777777777778,0.0017235033362853868,0.003870979116398658,0.17869415807560138,0.013745704467353952,0.001718213058419244,0.0,2.1222030981067124,4.0,0.001718213058419244,0.1323024054982818,6.132302405498282,0.1591052331608074,0.6757161192635047,0.005645443880737999,3.7973856209150325,0.9345171751241372,0.070446735395189,0.9965635738831616,0.9966666666666668,0.7489718330325559,23,True,2918.0
3,sparse_er,sparse_er_12,12,21,2284066885,4018115600,"[27, 31, 35, 73, 111, 118, 127, 150, 195, 242, 302, 365, 384, 388, 450, 460, 523, 591]","[573, 12, 483, 460, 211, 465, 2, 387, 156, 468, 466, 201, 241, 115, 582, 160, 554, 440]",600,18,0.8,0.01,,,,,,,,6.035,0.4035718297515164,0.9983333333333333,0.12333333333333334,4.611111111111111,0.001329719190789628,0.002835179291510252,0.1323024054982818,0.003436426116838488,0.0,0.0,2.2908777969018934,4.0,0.001718213058419244,0.08419243986254296,4.776632302405498,0.11965009067307991,0.7536183023700103,0.0020230314347961407,4.1568627450980395,0.6941648236745137,0.049828178694158,0.0876288659793814,0.115,0.9879849159624428,30,False,1482.0
3,sparse_er,sparse_er_12,12,22,2284066885,1516860680,"[7, 28, 29, 78, 100, 124, 278, 285, 349, 396, 402, 414, 432, 449, 504, 505, 538, 580]","[401, 451, 252, 424, 454, 108, 332, 263, 275, 105, 50, 344, 245, 28, 585, 595, 155, 120]",600,18,0.8,0.01,,,,,,,,6.035,0.4035718297515164,0.9983333333333333,0.12333333333333334,6.444444444444445,0.0017807246882349725,0.004805561363884999,0.18041237113402062,0.013745704467353952,0.001718213058419244,0.0,2.1204819277108435,4.0,0.001718213058419244,0.14432989690721648,6.008591065292096,0.15828245412379763,0.6731195769824512,0.005335630984419912,3.7516339869281046,0.829837829713277,0.056701030927835,0.2250859106529209,0.2483333333333333,1.000112917041406,30,False,1566.0
3,sparse_er,sparse_er_12,12,23,2284066885,974654778,"[31, 37, 99, 172, 210, 267, 285, 310, 373, 381, 432, 466, 493, 542, 553, 559, 585, 588]","[12, 261, 220, 410, 277, 546, 263, 408, 514, 474, 245, 443, 25, 327, 416, 97, 562, 161]",600,18,0.8,0.01,,,,,,,,6.035,0.4035718297515164,0.9983333333333333,0.12333333333333334,5.666666666666667,0.0015823044796683195,0.005178578371113328,0.1563573883161512,0.015463917525773196,0.0,0.0,2.225473321858864,4.0,0.001718213058419244,0.08762886597938144,5.3436426116838485,0.14168375046986958,0.7127183254372423,0.005436749341927512,3.954248366013072,0.8725298538683306,0.0790378006872852,0.9965635738831616,0.9966666666666668,0.7041602499084547,22,True,2918.0
3,sparse_er,sparse_er_12,12,24,2284066885,2841937658,"[130, 136, 234, 261, 306, 369, 384, 422, 429, 436, 443, 444, 459, 499, 551, 562, 570, 587]","[512, 437, 501, 305, 558, 579, 241, 113, 6, 363, 107, 409, 379, 78, 588, 101, 7, 18]",600,18,0.8,0.01,,,,,,,,6.035,0.4035718297515164,0.9983333333333333,0.12333333333333334,6.777777777777778,0.0018016009685412684,0.006619657637095667,0.17353951890034364,0.020618556701030927,0.001718213058419244,0.0,2.1032702237521517,4.0,0.001718213058419244,0.2027491408934708,6.9312714776632305,0.15708792026224028,0.684191848395053,0.006973527561762857,3.4640522875816995,0.8608314903411804,0.0738831615120274,0.9965635738831616,0.9966666666666668,0.5237385409418494,16,True,2918.0
3,sparse_er,sparse_er_12,12,25,2284066885,190572034,"[35, 55, 73, 83, 114, 126, 272, 371, 374, 385, 435, 436, 437, 445, 468, 522, 555, 587]","[483, 392, 460, 43, 300, 95, 190, 393, 513, 109, 492, 363, 415, 334, 145, 227, 20, 18]",600,18,0.8,0.01,,,,,,,,6.035,0.4035718297515164,0.9983333333333333,0.12333333333333334,4.944444444444445,0.0014052592364613024,0.002582396005565324,0.14261168384879724,0.003436426116838488,0.0,0.0,2.23407917383821,4.0,0.001718213058419244,0.08419243986254296,5.257731958762887,0.12781506005488422,0.7360044005181255,0.0012289816211384838,4.104575163398692,0.8181394661861271,0.0618556701030927,0.9948453608247424,0.995,0.8407067089574412,26,True,2918.0
3,sparse_er,sparse_er_12,12,26,2284066885,976784531,"[87, 113, 117, 133, 153, 155, 183, 213, 217, 272, 305, 536, 540, 550, 551, 559, 595, 597]","[118, 340, 251, 318, 193, 185, 459, 85, 383, 190, 354, 338, 423, 357, 588, 97, 81, 9]",600,18,0.8,0.01,,,,,,,,6.035,0.4035718297515164,0.9983333333333333,0.12333333333333334,5.833333333333333,0.0016105948171414256,0.003721759884426877,0.16666666666666666,0.010309278350515464,0.0,0.0,2.1222030981067124,4.0,0.001718213058419244,0.12027491408934708,6.170103092783505,0.1468000145518497,0.6956840617255473,0.0046785095804703644,3.843137254901961,0.806441102658977,0.0687285223367697,0.9965635738831616,0.9966666666666668,0.8073025830090046,25,True,2918.0
3,sparse_er,sparse_er_12,12,27,2284066885,3970336392,"[1, 52, 115, 151, 153, 154, 203, 228, 277, 279, 309, 365, 377, 449, 450, 451, 527, 584]","[548, 51, 5, 8, 193, 509, 301, 100, 448, 131, 531, 201, 339, 28, 582, 388, 13, 30]",600,18,0.8,0.01,,,,,,,,6.035,0.4035718297515164,0.9983333333333333,0.12333333333333334,5.166666666666667,0.0014846867339035378,0.0028149271955607053,0.14948453608247422,0.010309278350515464,0.0,0.0,2.244406196213425,4.0,0.001718213058419244,0.07731958762886598,5.115120274914089,0.13623412202128585,0.7241632213685375,0.003852012185345518,3.9934640522875817,0.7561521449303203,0.0601374570446735,0.2250859106529209,0.2483333333333333,0.9000912079354748,27,True,1572.0
3,sparse_er,sparse_er_12,12,28,2284066885,3685249219,"[23, 77, 146, 176, 192, 202, 307, 318, 356, 441, 470, 474, 506, 527, 550, 558, 583, 590]","[442, 11, 463, 290, 497, 284, 559, 362, 137, 143, 436, 37, 292, 13, 357, 265, 526, 309]",600,18,0.8,0.01,,,,,,,,6.035,0.4035718297515164,0.9983333333333333,0.12333333333333334,6.055555555555555,0.0016829877428163706,0.003991633468798215,0.17010309278350516,0.013745704467353952,0.0,0.0,2.1394148020654047,4.0,0.001718213058419244,0.12714776632302405,5.97766323024055,0.15237649567658024,0.6898226188997522,0.00508342420107126,3.764705882352941,0.8415361932404272,0.0601374570446735,0.9948453608247424,0.995,0.8893565000034869,25,True,2918.0
3,sparse_er,sparse_er_12,12,29,2284066885,1351641870,"[16, 81, 95, 136, 141, 155, 167, 168, 175, 221, 243, 258, 267, 295, 301, 499, 531, 582]","[364, 151, 23, 437, 42, 185, 280, 55, 144, 91, 413, 405, 546, 391, 456, 78, 373, 342]",600,18,0.8,0.01,,,,,,,,6.035,0.4035718297515164,0.9983333333333333,0.12333333333333334,6.277777777777778,0.0016901490761564507,0.003987934383611591,0.18384879725085912,0.00859106529209622,0.001718213058419244,0.0,2.1204819277108435,4.0,0.001718213058419244,0.16666666666666666,6.3951890034364265,0.15976304598151106,0.6675006358275517,0.0037824104000574585,3.7058823529411766,0.8491331268140303,0.0652920962199312,0.9948453608247424,0.995,0.7020287089981139,20,True,2918.0
3,sparse_er,sparse_er_12,12,30,2284066885,2558949763,"[9, 42, 77, 108, 111, 120, 143, 167, 181, 196, 215, 276, 277, 402, 453, 467, 549, 573]","[126, 127, 11, 228, 211, 557, 64, 280, 262, 222, 26, 116, 448, 50, 15, 189, 24, 216]",600,18,0.8,0.01,,,,,,,,6.035,0.4035718297515164,0.9983333333333333,0.12333333333333334,5.611111111111111,0.0015649842594147182,0.003301967540706124,0.15979381443298968,0.013745704467353952,0.0,0.0,2.208261617900172,4.0,0.001718213058419244,0.11855670103092783,5.594501718213058,0.14562363970321485,0.7067977358624483,0.004505394643802949,3.934640522875817,0.785598207313708,0.070446735395189,0.9965635738831616,0.9966666666666668,0.7088272080291063,19,True,2918.0
3,sparse_er,sparse_er_12,12,31,2284066885,3960462949,"[26, 29, 38, 44, 85, 112, 202, 203, 221, 246, 275, 296, 471, 489, 562, 572, 577, 583]","[394, 252, 429, 536, 598, 544, 284, 301, 91, 576, 317, 165, 307, 597, 101, 561, 375, 526]",600,18,0.8,0.01,,,,,,,,6.035,0.4035718297515164,0.9983333333333333,0.12333333333333334,6.166666666666667,0.0016906166103898947,0.005338768954996146,0.15463917525773196,0.018900343642611683,0.0,0.0,2.2306368330464714,4.0,0.001718213058419244,0.13402061855670103,6.080756013745704,0.1439893912434107,0.7153326117429956,0.005861546147923857,3.65359477124183,0.7988441690853738,0.0601374570446735,0.1357388316151202,0.1616666666666666,0.801041999948211,22,True,1458.0
3,sparse_er,sparse_er_12,12,32,2284066885,3399612256,"[83, 167, 195, 227, 274, 295, 306, 323, 377, 389, 391, 435, 473, 480, 528, 534, 565, 571]","[43, 280, 156, 80, 176, 391, 558, 360, 339, 208, 400, 492, 311, 552, 77, 140, 139, 404]",600,18,0.8,0.01,,,,,,,,6.035,0.4035718297515164,0.9983333333333333,0.12333333333333334,5.611111111111111,0.0015487714363723929,0.0031914487171767255,0.16323024054982818,0.010309278350515464,0.0,0.0,2.17039586919105,4.0,0.001718213058419244,0.11683848797250859,5.824742268041237,0.14632087657615075,0.7011965387322486,0.0033751587384805376,3.888888888888889,0.8532345567675773,0.056701030927835,0.9965635738831616,0.9966666666666668,0.9960754999192432,30,False,2918.0
3,sparse_er,sparse_er_12,12,33,2284066885,1125859429,"[24, 62, 87, 109, 132, 157, 160, 168, 179, 194, 303, 324, 391, 503, 505, 506, 510, 514]","[581, 532, 118, 494, 56, 256, 291, 55, 592, 335, 508, 224, 400, 577, 595, 292, 560, 462]",600,18,0.8,0.01,,,,,,,,6.035,0.4035718297515164,0.9983333333333333,0.12333333333333334,6.222222222222222,0.0016970603552812272,0.005512021122848618,0.16838487972508592,0.01718213058419244,0.0,0.0,2.1308089500860583,4.0,0.001718213058419244,0.13745704467353953,6.231958762886598,0.15041074071567134,0.6927385536253999,0.005848073495132319,3.8562091503267975,0.8608314903411804,0.0618556701030927,0.9965635738831616,0.9966666666666668,1.0282889580121264,30,False,2918.0
3,sparse_er,sparse_er_12,12,34,2284066885,1442516082,"[82, 86, 93, 139, 175, 190, 193, 196, 278, 280, 318, 339, 368, 462, 476, 489, 560, 596]","[186, 249, 594, 71, 144, 213, 197, 222, 332, 196, 362, 209, 406, 132, 533, 597, 523, 111]",600,18,0.8,0.01,,,,,,,,6.035,0.4035718297515164,0.9983333333333333,0.12333333333333334,7.111111111111111,0.0019220382520557834,0.005814130968095268,0.18900343642611683,0.018900343642611683,0.001718213058419244,0.0,2.1032702237521517,4.0,0.001718213058419244,0.17353951890034364,6.768041237113402,0.16832361509616017,0.6589716746219044,0.006193001752401983,3.496732026143791,0.829837829713277,0.0618556701030927,0.3402061855670103,0.36,1.0994343330385163,30,False,1676.0
3,sparse_er,sparse_er_12,12,35,2284066885,661536663,"[10, 18, 64, 124, 186, 189, 234, 235, 278, 281, 367, 383, 396, 408, 425, 428, 454, 549]","[172, 566, 48, 108, 524, 346, 501, 519, 332, 421, 0, 351, 105, 341, 506, 541, 104, 24]",600,18,0.8,0.01,,,,,,,,6.035,0.4035718297515164,0.9983333333333333,0.12333333333333334,6.833333333333333,0.0018337730028850096,0.005680509303815761,0.1872852233676976,0.018900343642611683,0.001718213058419244,0.0,2.0654044750430294,4.0,0.001718213058419244,0.18041237113402062,6.912371134020619,0.1677349653916392,0.661674681051156,0.005985348113375795,3.522875816993464,0.8298378297132772,0.0721649484536082,1.0,1.0,0.7206075829453766,22,True,2918.0
3,sparse_er,sparse_er_12,12,36,2284066885,450702431,"[47, 73, 79, 84, 96, 103, 135, 168, 183, 192, 201, 222, 292, 415, 512, 530, 531, 589]","[17, 460, 274, 420, 194, 87, 259, 55, 459, 497, 414, 177, 235, 353, 482, 181, 373, 539]",600,18,0.8,0.01,,,,,,,,6.035,0.4035718297515164,0.9983333333333333,0.12333333333333334,6.611111111111111,0.0017681518868287807,0.004808369149341022,0.17010309278350516,0.01718213058419244,0.0,0.0,2.1549053356282273,4.0,0.001718213058419244,0.1872852233676976,6.797250859106529,0.15453748594426123,0.6896865813770546,0.005417267917267917,3.588235294117647,0.8592838920966648,0.0773195876288659,0.9948453608247424,0.995,0.7455594580387697,22,True,2918.0
3,sparse_er,sparse_er_12,12,37,2284066885,4179402591,"[17, 19, 26, 43, 74, 116, 124, 135, 157, 236, 392, 400, 459, 467, 509, 529, 558, 588]","[33, 49, 394, 565, 538, 567, 108, 259, 256, 556, 586, 306, 379, 189, 106, 343, 265, 161]",600,18,0.8,0.01,,,,,,,,6.035,0.4035718297515164,0.9983333333333333,0.12333333333333334,6.0,0.0016402097435996616,0.004512366470109672,0.16838487972508592,0.010309278350515464,0.0,0.0,2.1600688468158347,4.0,0.001718213058419244,0.13058419243986255,6.152920962199313,0.15039457191070485,0.6926439188270017,0.0035441954559601615,3.7973856209150325,0.7678505084574705,0.0824742268041237,0.9965635738831616,0.9966666666666668,0.6051366660976782,18,True,2918.0
3,sparse_er,sparse_er_12,12,38,2284066885,3758228251,"[12, 210, 217, 221, 229, 259, 328, 329, 332, 350, 389, 406, 410, 499, 525, 526, 570, 588]","[86, 277, 383, 91, 281, 45, 93, 503, 266, 164, 208, 477, 527, 78, 543, 398, 7, 161]",600,18,0.8,0.01,,,,,,,,6.035,0.4035718297515164,0.9983333333333333,0.12333333333333334,6.277777777777778,0.0017169950242823789,0.004360458706514515,0.18041237113402062,0.010309278350515464,0.003436426116838488,0.0,2.099827882960413,4.0,0.001718213058419244,0.13402061855670103,6.197594501718213,0.15842448103509574,0.6730012834844533,0.00493628824078651,3.7450980392156863,0.7444537814031703,0.0652920962199312,0.9948453608247424,0.995,0.9874997079605236,30,False,2918.0
3,sparse_er,sparse_er_12,12,39,2284066885,1408946743,"[55, 65, 68, 98, 135, 179, 181, 299, 334, 436, 528, 540, 541, 549, 567, 572, 595, 597]","[392, 399, 422, 72, 259, 592, 262, 60, 486, 363, 77, 423, 397, 24, 441, 561, 81, 9]",600,18,0.8,0.01,,,,,,,,6.035,0.4035718297515164,0.9983333333333333,0.12333333333333334,5.666666666666667,0.0015732762731873455,0.004775762636766685,0.14604810996563575,0.013745704467353952,0.001718213058419244,0.0,2.242685025817556,4.0,0.001718213058419244,0.14776632302405499,6.065292096219931,0.1333557505536631,0.730054237568832,0.007636190969524302,3.7254901960784315,0.797296570840858,0.0738831615120274,1.0,1.0,0.6601049170130864,17,True,2918.0
3,sparse_er,sparse_er_12,12,40,2284066885,3929749133,"[5, 35, 42, 147, 182, 193, 218, 228, 280, 285, 291, 394, 409, 428, 519, 535, 545, 548]","[282, 483, 127, 162, 36, 197, 427, 100, 196, 263, 40, 79, 157, 541, 146, 154, 254, 225]",600,18,0.8,0.01,,,,,,,,6.035,0.4035718297515164,0.9983333333333333,0.12333333333333334,6.277777777777778,0.0017328416998803968,0.0045711918252930505,0.17869415807560138,0.00859106529209622,0.0,0.0,2.1015490533562824,4.0,0.001718213058419244,0.12199312714776632,5.761168384879725,0.15410374057152434,0.6761715492307965,0.0029304029304029304,3.9019607843137254,0.8801267874419337,0.0515463917525773,0.2336769759450171,0.2566666666666666,1.046778375050053,30,False,1596.0
3,sparse_er,sparse_er_12,12,41,2284066885,104537578,"[31, 45, 57, 173, 179, 208, 322, 358, 376, 400, 425, 429, 451, 480, 513, 537, 557, 595]","[12, 336, 92, 515, 592, 331, 285, 150, 412, 306, 506, 6, 388, 552, 240, 473, 418, 81]",600,18,0.8,0.01,,,,,,,,6.035,0.4035718297515164,0.9983333333333333,0.12333333333333334,6.388888888888889,0.0017366373228876538,0.006277734749183496,0.1718213058419244,0.00859106529209622,0.0,0.0,2.1204819277108435,4.0,0.001718213058419244,0.1563573883161512,6.347079037800687,0.14992385100342553,0.687373943491196,0.003051329464247573,3.7058823529411766,0.8725298538683306,0.0532646048109965,0.9810996563573884,0.9816666666666668,1.0319947499083355,30,False,2880.0
3,sparse_er,sparse_er_12,12,42,2284066885,1667328472,"[4, 14, 26, 93, 148, 200, 206, 313, 336, 344, 401, 451, 478, 515, 552, 555, 575, 576]","[296, 599, 394, 594, 455, 321, 417, 304, 534, 273, 326, 388, 135, 3, 372, 20, 206, 253]",600,18,0.8,0.01,,,,,,,,6.035,0.4035718297515164,0.9983333333333333,0.12333333333333334,4.944444444444445,0.001430740257166388,0.003900995882017395,0.140893470790378,0.005154639175257732,0.0,0.0,2.2375215146299485,4.0,0.001718213058419244,0.0859106529209622,5.121993127147766,0.12805752348330457,0.738831615120275,0.0021786492374727667,4.111111111111111,0.797296570840858,0.0429553264604811,0.0807560137457044,0.1083333333333333,0.8883271249942482,27,True,1450.0
3,sparse_er,sparse_er_12,12,43,2284066885,880426173,"[80, 170, 198, 200, 205, 216, 236, 238, 239, 265, 274, 295, 335, 339, 367, 461, 515, 578]","[502, 205, 199, 321, 207, 324, 556, 530, 297, 94, 176, 391, 191, 209, 0, 269, 3, 32]",600,18,0.8,0.01,,,,,,,,6.035,0.4035718297515164,0.9983333333333333,0.12333333333333334,6.111111111111111,0.0016504232946130068,0.003813547469182747,0.17010309278350516,0.012027491408934709,0.0,0.0,2.1480206540447506,4.0,0.001718213058419244,0.18213058419243985,6.541237113402062,0.15273025074191254,0.6897516428009535,0.0038992832533778325,3.6470588235294117,0.7546045466858047,0.0601374570446735,0.9948453608247424,0.995,0.9393193749710916,30,False,2918.0
3,sparse_er,sparse_er_12,12,44,2284066885,683981499,"[102, 120, 124, 127, 135, 152, 182, 185, 194, 229, 325, 327, 382, 389, 447, 465, 526, 578]","[114, 557, 108, 2, 259, 584, 36, 31, 335, 281, 542, 475, 184, 208, 337, 445, 398, 32]",600,18,0.8,0.01,,,,,,,,6.035,0.4035718297515164,0.9983333333333333,0.12333333333333334,6.055555555555555,0.001658588211950299,0.00306719276768096,0.17525773195876287,0.00859106529209622,0.0,0.0,2.142857142857143,4.0,0.001718213058419244,0.15120274914089346,5.979381443298969,0.15365727126414597,0.6814888419658014,0.002618269530034236,3.9084967320261437,0.7754474420310736,0.063573883161512,0.9948453608247424,0.995,0.9186427500098944,29,True,2918.0
3,sparse_er,sparse_er_12,12,45,2284066885,228572105,"[23, 34, 132, 145, 166, 259, 266, 317, 323, 395, 401, 405, 413, 431, 434, 466, 500, 586]","[442, 67, 56, 219, 138, 45, 593, 434, 360, 142, 326, 403, 278, 500, 504, 443, 320, 575]",600,18,0.8,0.01,,,,,,,,6.035,0.4035718297515164,0.9983333333333333,0.12333333333333334,6.166666666666667,0.0016853131062192373,0.0029850696269078172,0.16151202749140894,0.018900343642611683,0.0,0.0,2.1944922547332184,4.0,0.001718213058419244,0.14948453608247422,6.037800687285223,0.14867603715826733,0.7038818011368005,0.006705005234416999,3.7450980392156863,0.7795488719846205,0.0687285223367697,0.9965635738831616,0.9966666666666668,0.941323040984571,30,False,2918.0
3,sparse_er,sparse_er_12,12,46,2284066885,1089664605,"[28, 77, 86, 90, 114, 131, 207, 213, 214, 224, 230, 251, 336, 376, 456, 525, 556, 566]","[451, 11, 249, 68, 300, 148, 505, 85, 428, 242, 449, 472, 534, 412, 325, 543, 65, 203]",600,18,0.8,0.01,,,,,,,,6.035,0.4035718297515164,0.9983333333333333,0.12333333333333334,6.777777777777778,0.0018321603159179261,0.006453571527447908,0.1872852233676976,0.015463917525773196,0.0,0.0,2.0585197934595527,4.0,0.001718213058419244,0.17010309278350516,6.812714776632302,0.16538144209895048,0.661840291948353,0.004230022828638745,3.6862745098039214,0.713460120775267,0.070446735395189,0.9948453608247424,0.995,0.7532997080124915,23,True,2918.0
3,sparse_er,sparse_er_12,12,47,2284066885,3165920762,"[6, 60, 131, 165, 168, 229, 249, 251, 275, 303, 329, 442, 459, 475, 487, 560, 574, 598]","[233, 470, 148, 83, 55, 281, 490, 472, 317, 508, 503, 267, 379, 540, 58, 523, 563, 130]",600,18,0.8,0.01,,,,,,,,6.035,0.4035718297515164,0.9983333333333333,0.12333333333333334,5.722222222222222,0.0016001687466616632,0.003744242523038786,0.16323024054982818,0.006872852233676976,0.0,0.0,2.1755593803786577,4.0,0.001718213058419244,0.09621993127147767,5.683848797250859,0.1445262291013345,0.7012793441808471,0.002386611210140622,3.980392156862745,0.9152218780233841,0.063573883161512,0.9948453608247424,0.995,0.9121644579572604,28,True,2918.0
3,sparse_er,sparse_er_12,12,48,2284066885,1865653695,"[15, 20, 24, 136, 155, 185, 201, 283, 355, 358, 397, 431, 488, 496, 497, 550, 590, 598]","[349, 376, 581, 437, 185, 31, 414, 555, 371, 150, 268, 500, 385, 479, 319, 357, 309, 130]",600,18,0.8,0.01,,,,,,,,6.035,0.4035718297515164,0.9983333333333333,0.12333333333333334,6.055555555555555,0.0016598706422834603,0.00407357717541439,0.1718213058419244,0.012027491408934709,0.001718213058419244,0.0,2.135972461273666,4.0,0.001718213058419244,0.1254295532646048,6.060137457044673,0.15217380741800723,0.6870841244211012,0.006650566209389738,3.7254901960784315,0.7795488719846205,0.0756013745704467,0.9965635738831616,0.9966666666666668,0.9677162920124828,30,True,2918.0
3,sparse_er,sparse_er_12,12,49,2284066885,3719461047,"[83, 113, 153, 166, 200, 245, 269, 273, 283, 326, 394, 424, 470, 485, 501, 509, 513, 555]","[43, 340, 193, 138, 321, 550, 53, 366, 555, 44, 79, 374, 436, 234, 212, 106, 240, 20]",600,18,0.8,0.01,,,,,,,,6.035,0.4035718297515164,0.9983333333333333,0.12333333333333334,5.444444444444445,0.001520321018958202,0.004451572035896619,0.15292096219931273,0.00859106529209622,0.0,0.0,2.189328743545611,4.0,0.001718213058419244,0.09965635738831616,5.65979381443299,0.1379308215488308,0.7184259867156402,0.003665697048049989,3.849673202614379,0.6483776030304288,0.0429553264604811,0.1082474226804123,0.135,1.0363913329783827,30,False,1500.0
3,sparse_er,sparse_er_13,13,0,1365452135,164444524,"[7, 25, 94, 118, 151, 157, 165, 170, 174, 184, 217, 331, 346, 356, 357, 389, 400, 455]","[172, 231, 569, 588, 126, 130, 87, 112, 205, 99, 462, 268, 501, 296, 449, 318, 56, 425]",600,18,0.8,0.01,,,,,,,,6.125,0.38412268612544875,0.9983333333333333,0.12333333333333334,5.5,0.0015073432667376434,0.003029153463900479,0.15807560137457044,0.00859106529209622,0.0,0.0,2.1876075731497417,4.0,0.001718213058419244,0.13058419243986255,5.84020618556701,0.14208967131150496,0.7097846466868949,0.002899279369867605,3.764705882352941,0.9035235144962338,0.0549828178694158,0.9965635738831616,0.9966666666666668,0.9557968330336736,24,True,2970.0
3,sparse_er,sparse_er_13,13,1,1365452135,2810790205,"[35, 45, 133, 161, 164, 257, 271, 274, 284, 310, 314, 323, 345, 426, 484, 507, 525, 530]","[403, 406, 364, 220, 505, 564, 338, 151, 117, 226, 469, 560, 458, 532, 459, 65, 409, 232]",600,18,0.8,0.01,,,,,,,,6.125,0.38412268612544875,0.9983333333333333,0.12333333333333334,7.222222222222222,0.0019154336075012672,0.007375206711483812,0.1872852233676976,0.027491408934707903,0.001718213058419244,0.0,2.0860585197934594,4.0,0.001718213058419244,0.17697594501718214,7.024054982817869,0.16969907276216123,0.6616983397507556,0.008376916526616035,3.477124183006536,0.6707680966202134,0.0790378006872852,0.9965635738831616,0.9966666666666668,0.5958041249541566,17,True,2970.0
3,sparse_er,sparse_er_13,13,2,1365452135,3719202904,"[19, 46, 48, 93, 155, 206, 216, 309, 316, 350, 361, 394, 411, 452, 471, 521, 541, 556]","[594, 204, 367, 81, 66, 121, 167, 35, 545, 202, 44, 225, 316, 229, 524, 496, 22, 251]",600,18,0.8,0.01,,,,,,,,6.125,0.38412268612544875,0.9983333333333333,0.12333333333333334,5.888888888888889,0.0016147633130860458,0.004139787555963581,0.16494845360824742,0.013745704467353952,0.0,0.0,2.1462994836488813,4.0,0.001718213058419244,0.13917525773195877,6.060137457044673,0.1486956193173945,0.6983397507555997,0.004837591602297485,3.69281045751634,0.7663029102129547,0.0652920962199312,0.9965635738831616,0.9966666666666668,0.5992504159221426,17,True,2970.0
3,sparse_er,sparse_er_13,13,3,1365452135,2904752913,"[48, 227, 262, 273, 287, 317, 332, 349, 447, 454, 479, 490, 497, 513, 552, 568, 591, 598]","[367, 75, 248, 361, 570, 222, 574, 76, 437, 429, 51, 89, 272, 376, 101, 575, 236, 481]",600,18,0.8,0.01,,,,,,,,6.125,0.38412268612544875,0.9983333333333333,0.12333333333333334,6.055555555555555,0.0016531846567227333,0.004811067441076519,0.17869415807560138,0.00859106529209622,0.0,0.0,2.1049913941480205,4.0,0.001718213058419244,0.12714776632302405,6.063573883161512,0.15622330349917232,0.6758817301607017,0.0022854868443103736,3.973856209150327,0.8374347632868802,0.0670103092783505,0.3900343642611684,0.4083333333333333,0.9994046249194072,30,False,1748.0
3,sparse_er,sparse_er_13,13,4,1365452135,2459687072,"[102, 159, 178, 183, 195, 259, 260, 294, 377, 391, 400, 489, 497, 507, 544, 570, 576, 599]","[280, 70, 423, 120, 585, 444, 249, 38, 283, 136, 56, 237, 272, 65, 223, 358, 183, 384]",600,18,0.8,0.01,,,,,,,,6.125,0.38412268612544875,0.9983333333333333,0.12333333333333334,6.722222222222222,0.0017777093611226697,0.00573825451458029,0.1872852233676976,0.013745704467353952,0.0,0.0,2.0757314974182446,4.0,0.001718213058419244,0.17353951890034364,6.730240549828179,0.1648741425392282,0.6618816946726523,0.004426764230685799,3.607843137254902,0.8491331268140303,0.056701030927835,0.9948453608247424,0.995,0.95452708308585,30,False,2970.0
3,sparse_er,sparse_er_13,13,5,1365452135,1861870390,"[70, 96, 111, 139, 201, 245, 353, 365, 374, 407, 416, 419, 464, 505, 543, 564, 591, 597]","[546, 451, 497, 413, 214, 195, 453, 491, 189, 253, 80, 551, 438, 187, 540, 507, 236, 36]",600,18,0.8,0.01,,,,,,,,6.125,0.38412268612544875,0.9983333333333333,0.12333333333333334,6.388888888888889,0.0017245142594897428,0.005271915585168661,0.17353951890034364,0.01718213058419244,0.0,0.0,2.1118760757314976,3.0,0.001718213058419244,0.14432989690721648,6.2714776632302405,0.15597542117960753,0.6841800190452532,0.005951026384462917,3.6993464052287583,0.7236108860579014,0.0601374570446735,0.9965635738831616,0.9966666666666668,0.9313664579531178,29,True,2970.0
3,sparse_er,sparse_er_13,13,6,1365452135,541922185,"[5, 51, 80, 97, 183, 210, 271, 272, 280, 302, 304, 311, 433, 475, 555, 560, 589, 597]","[97, 477, 53, 8, 120, 276, 338, 377, 394, 25, 300, 34, 349, 100, 224, 411, 165, 36]",600,18,0.8,0.01,,,,,,,,6.125,0.38412268612544875,0.9983333333333333,0.12333333333333334,6.388888888888889,0.0017202775484595507,0.00489569797998089,0.17869415807560138,0.012027491408934709,0.0,0.0,2.134251290877797,4.0,0.001718213058419244,0.16151202749140894,6.4604810996563575,0.15881065307215456,0.6756806312141053,0.003261090761090761,3.679738562091503,0.785598207313708,0.063573883161512,0.9948453608247424,0.995,0.9145431250799448,26,True,2970.0
3,sparse_er,sparse_er_13,13,7,1365452135,1605953235,"[45, 95, 107, 132, 170, 210, 214, 231, 293, 304, 314, 386, 395, 489, 494, 518, 546, 590]","[406, 541, 348, 246, 112, 276, 213, 170, 198, 300, 469, 589, 455, 237, 94, 244, 346, 576]",600,18,0.8,0.01,,,,,,,,6.125,0.38412268612544875,0.9983333333333333,0.12333333333333334,6.0,0.001630669466951948,0.003855428742580028,0.15807560137457044,0.01718213058419244,0.003436426116838488,0.0,2.180722891566265,4.0,0.001718213058419244,0.16151202749140894,6.139175257731959,0.14592223000061444,0.709607206439898,0.0077650290885585005,3.65359477124183,0.713460120775267,0.0463917525773195,0.2250859106529209,0.2483333333333333,0.998379125026986,30,False,1572.0
3,sparse_er,sparse_er_13,13,8,1365452135,2361913544,"[77, 140, 153, 192, 219, 226, 229, 240, 253, 332, 369, 371, 379, 403, 425, 501, 509, 586]","[9, 571, 40, 18, 479, 355, 431, 533, 206, 574, 78, 10, 512, 363, 209, 230, 399, 306]",600,18,0.8,0.01,,,,,,,,6.125,0.38412268612544875,0.9983333333333333,0.12333333333333334,5.666666666666667,0.0015456475523650257,0.0042122184714872245,0.15807560137457044,0.00859106529209622,0.001718213058419244,0.0,2.1583476764199654,4.0,0.001718213058419244,0.12886597938144329,6.077319587628866,0.14163597208475223,0.7098201347362942,0.0043357513945749245,3.803921568627451,0.8165918679416112,0.0515463917525773,0.3127147766323024,0.3333333333333333,0.9927811670349912,30,False,1654.0
3,sparse_er,sparse_er_13,13,9,1365452135,1928096478,"[21, 25, 71, 141, 217, 244, 247, 276, 288, 349, 374, 386, 415, 432, 515, 516, 523, 563]","[360, 231, 330, 260, 462, 227, 456, 539, 93, 76, 189, 589, 554, 489, 470, 98, 311, 332]",600,18,0.8,0.01,,,,,,,,6.125,0.38412268612544875,0.9983333333333333,0.12333333333333334,4.611111111111111,0.0013243175925446169,0.0021976867231241204,0.13402061855670103,0.006872852233676976,0.001718213058419244,0.0,2.2857142857142856,4.0,0.001718213058419244,0.07903780068728522,4.934707903780069,0.12359153077202602,0.750554500771865,0.004565260447613389,4.006535947712418,0.7988441690853737,0.0463917525773195,0.0756013745704467,0.1033333333333333,0.999853124958463,30,False,1460.0
3,sparse_er,sparse_er_13,13,10,1365452135,3489789181,"[12, 22, 26, 87, 113, 116, 127, 173, 196, 198, 210, 234, 267, 299, 336, 511, 516, 585]","[434, 528, 443, 60, 132, 290, 529, 102, 175, 475, 276, 11, 445, 82, 69, 184, 98, 21]",600,18,0.8,0.01,,,,,,,,6.125,0.38412268612544875,0.9983333333333333,0.12333333333333334,6.0,0.001638050100128261,0.00555885819837016,0.16151202749140894,0.022336769759450172,0.001718213058419244,0.0,2.1962134251290877,4.0,0.001718213058419244,0.14776632302405499,6.268041237113402,0.15041334651712024,0.7037694223137025,0.008554009534401693,3.627450980392157,0.7368568478295672,0.0618556701030927,0.9965635738831616,0.9966666666666668,0.8163640419952571,25,True,2970.0
3,sparse_er,sparse_er_13,13,11,1365452135,2548990436,"[59, 63, 81, 164, 173, 194, 210, 250, 259, 285, 322, 389, 483, 489, 545, 548, 553, 570]","[447, 354, 319, 505, 102, 265, 276, 252, 444, 556, 457, 318, 169, 237, 599, 113, 561, 358]",600,18,0.8,0.01,,,,,,,,6.125,0.38412268612544875,0.9983333333333333,0.12333333333333334,6.5,0.0017518904536887433,0.005298652699189047,0.18384879725085912,0.006872852233676976,0.0,0.0,2.0757314974182446,4.0,0.001718213058419244,0.13058419243986255,6.319587628865979,0.15910960249961933,0.6675597825765507,0.0018938090919515067,3.764705882352941,0.7988441690853738,0.0670103092783505,0.3814432989690721,0.4,1.02004733402282,30,False,1704.0
3,sparse_er,sparse_er_13,13,12,1365452135,625319468,"[1, 31, 211, 222, 232, 253, 270, 342, 357, 358, 411, 445, 475, 493, 519, 525, 553, 586]","[405, 27, 179, 304, 190, 206, 137, 43, 449, 118, 316, 295, 100, 368, 555, 409, 561, 306]",600,18,0.8,0.01,,,,,,,,6.125,0.38412268612544875,0.9983333333333333,0.12333333333333334,6.222222222222222,0.001684187425575494,0.004815266148191909,0.17010309278350516,0.01718213058419244,0.001718213058419244,0.0,2.1187607573149743,4.0,0.001718213058419244,0.140893470790378,6.4673539518900345,0.15296620004784364,0.6898403629244518,0.006676287529805407,3.7058823529411766,0.7561521449303203,0.0601374570446735,0.1855670103092783,0.21,0.976564791984856,30,False,1566.0
3,sparse_er,sparse_er_13,13,13,1365452135,3478645705,"[1, 56, 74, 79, 167, 179, 270, 310, 348, 349, 353, 357, 366, 487, 489, 554, 581, 592]","[405, 422, 286, 389, 531, 587, 137, 226, 219, 76, 453, 449, 292, 424, 237, 163, 534, 388]",600,18,0.8,0.01,,,,,,,,6.125,0.38412268612544875,0.9983333333333333,0.12333333333333334,6.277777777777778,0.0016990676229013308,0.004291264339731764,0.17525773195876287,0.015463917525773196,0.0,0.0,2.1067125645438898,4.0,0.001718213058419244,0.16323024054982818,6.472508591065292,0.15677163071844,0.6813232310686043,0.005093490387608034,3.7450980392156863,0.7429061831586545,0.0807560137457044,0.9965635738831616,0.9966666666666668,0.4368767910636961,13,True,2970.0
3,sparse_er,sparse_er_13,13,14,1365452135,2071519550,"[114, 139, 164, 167, 241, 249, 258, 290, 294, 302, 353, 403, 453, 455, 516, 518, 554, 581]","[50, 413, 505, 531, 128, 153, 578, 494, 38, 25, 453, 363, 446, 425, 98, 244, 163, 534]",600,18,0.8,0.01,,,,,,,,6.125,0.38412268612544875,0.9983333333333333,0.12333333333333334,5.166666666666667,0.0014457999603142825,0.0030857619151248585,0.14261168384879724,0.00859106529209622,0.001718213058419244,0.0,2.2185886402753874,4.0,0.001718213058419244,0.10824742268041238,5.689003436426117,0.1304840613412212,0.7358683629954279,0.004824387667524922,3.895424836601307,0.829837829713277,0.0584192439862542,0.9106529209621992,0.9133333333333332,0.9744046250125392,30,False,2702.0
3,sparse_er,sparse_er_13,13,15,1365452135,2575676784,"[0, 6, 61, 116, 166, 191, 213, 257, 278, 282, 284, 311, 359, 373, 386, 426, 434, 494]","[54, 511, 68, 290, 96, 509, 20, 564, 250, 590, 117, 34, 312, 259, 589, 532, 401, 94]",600,18,0.8,0.01,,,,,,,,6.125,0.38412268612544875,0.9983333333333333,0.12333333333333334,5.722222222222222,0.0015654986265861406,0.003986159261518573,0.1563573883161512,0.01718213058419244,0.0,0.0,2.1686746987951806,4.0,0.001718213058419244,0.1134020618556701,5.929553264604811,0.14458136650517892,0.7124521650667471,0.005714147871010617,3.7777777777777777,0.7988441690853738,0.0584192439862542,0.1580756013745704,0.1833333333333333,0.978637583903037,30,False,1544.0
3,sparse_er,sparse_er_13,13,16,1365452135,2209987512,"[5, 49, 53, 64, 68, 84, 148, 205, 252, 285, 302, 322, 401, 439, 449, 469, 479, 542]","[97, 39, 518, 62, 256, 548, 284, 334, 591, 556, 25, 457, 152, 324, 417, 146, 51, 514]",600,18,0.8,0.01,,,,,,,,6.125,0.38412268612544875,0.9983333333333333,0.12333333333333334,6.0,0.0016209322553853618,0.004732000785445115,0.16666666666666666,0.018900343642611683,0.0,0.0,2.1512027491408934,4.0,0.0,0.13573883161512026,6.164948453608248,0.15044055352857638,0.6955361948530498,0.006385118149824032,3.676470588235294,0.915221878023384,0.0721649484536082,0.9965635738831616,0.9966666666666668,0.3972185419406742,12,True,2970.0
3,sparse_er,sparse_er_13,13,17,1365452135,632250664,"[18, 51, 114, 167, 170, 218, 238, 240, 291, 293, 341, 409, 421, 457, 474, 497, 521, 530]","[297, 477, 50, 531, 112, 568, 72, 533, 145, 198, 12, 23, 166, 278, 392, 272, 496, 232]",600,18,0.8,0.01,,,,,,,,6.125,0.38412268612544875,0.9983333333333333,0.12333333333333334,6.333333333333333,0.0016892744763026774,0.006016484656479192,0.17525773195876287,0.01718213058419244,0.0,0.0,2.0705679862306368,4.0,0.001718213058419244,0.16838487972508592,6.821305841924398,0.15642529329006805,0.6814119511921027,0.00622301225712869,3.5555555555555554,0.6982662536280607,0.0841924398625429,0.9965635738831616,0.9966666666666668,0.4082301659509539,12,True,2970.0
3,sparse_er,sparse_er_13,13,18,1365452135,2095898834,"[46, 65, 88, 111, 132, 134, 178, 200, 203, 228, 288, 325, 389, 406, 440, 482, 548, 590]","[204, 508, 71, 497, 246, 315, 423, 188, 149, 185, 93, 158, 318, 95, 486, 194, 113, 576]",600,18,0.8,0.01,,,,,,,,6.125,0.38412268612544875,0.9983333333333333,0.12333333333333334,5.444444444444445,0.0015009884751357868,0.0031681814396604265,0.16323024054982818,0.005154639175257732,0.0,0.0,2.1376936316695354,4.0,0.001718213058419244,0.07903780068728522,5.72680412371134,0.14499507050780386,0.7011965387322486,0.0017736439305066755,4.006535947712418,0.7738998437865579,0.056701030927835,0.9965635738831616,0.9966666666666668,0.8614696670556441,27,True,2970.0
3,sparse_er,sparse_er_13,13,19,1365452135,2562318414,"[3, 41, 51, 69, 130, 140, 144, 168, 234, 314, 316, 338, 388, 402, 416, 425, 504, 573]","[416, 593, 477, 86, 506, 571, 414, 90, 11, 469, 545, 15, 159, 498, 80, 209, 452, 110]",600,18,0.8,0.01,,,,,,,,6.125,0.38412268612544875,0.9983333333333333,0.12333333333333334,6.555555555555555,0.0017494962605697783,0.0059809754413357305,0.18556701030927836,0.010309278350515464,0.0,0.0,2.0774526678141134,4.0,0.001718213058419244,0.16323024054982818,6.805841924398625,0.16132121505427383,0.6647858000485003,0.0032338059010492692,3.5751633986928106,0.7561521449303203,0.049828178694158,0.3058419243986254,0.3266666666666666,0.969270124915056,30,False,1670.0
3,sparse_er,sparse_er_13,13,20,1365452135,1557885695,"[8, 18, 30, 68, 114, 165, 215, 245, 260, 387, 468, 470, 501, 509, 511, 528, 540, 575]","[180, 297, 155, 256, 50, 87, 467, 195, 249, 203, 262, 255, 230, 399, 184, 432, 266, 492]",600,18,0.8,0.01,,,,,,,,6.125,0.38412268612544875,0.9983333333333333,0.12333333333333334,6.777777777777778,0.0017752245696017832,0.004079341740071376,0.18213058419243985,0.022336769759450172,0.001718213058419244,0.0,2.061962134251291,4.0,0.001718213058419244,0.19759450171821305,7.109965635738831,0.1651880484402175,0.6699552259110078,0.007223283146005176,3.503267973856209,0.8181394661861269,0.0721649484536082,0.9965635738831616,0.9966666666666668,0.5662202090024948,17,True,2970.0
3,sparse_er,sparse_er_13,13,21,1365452135,1688369373,"[73, 82, 127, 133, 205, 238, 302, 362, 373, 380, 384, 392, 398, 440, 485, 534, 583, 594]","[55, 320, 529, 364, 334, 72, 25, 383, 259, 267, 261, 16, 515, 486, 547, 373, 139, 412]",600,18,0.8,0.01,,,,,,,,6.125,0.38412268612544875,0.9983333333333333,0.12333333333333334,6.944444444444445,0.001847734614759728,0.005404807743974111,0.18213058419243985,0.018900343642611683,0.0,0.0,2.089500860585198,4.0,0.001718213058419244,0.17010309278350516,6.848797250859106,0.16256607539357068,0.6701977275819034,0.006232565546291036,3.542483660130719,0.8608314903411802,0.0515463917525773,0.3951890034364261,0.4133333333333333,0.9774936659960076,30,False,1760.0
3,sparse_er,sparse_er_13,13,22,1365452135,1647246668,"[13, 23, 26, 36, 89, 93, 132, 138, 334, 337, 354, 372, 426, 437, 448, 452, 536, 563]","[177, 430, 443, 57, 502, 81, 246, 32, 135, 466, 134, 0, 532, 49, 435, 229, 519, 332]",600,18,0.8,0.01,,,,,,,,6.125,0.38412268612544875,0.9983333333333333,0.12333333333333334,6.888888888888889,0.0018258406871869619,0.00539358943053734,0.18384879725085912,0.013745704467353952,0.001718213058419244,0.0,2.0705679862306368,4.0,0.001718213058419244,0.19072164948453607,7.207903780068729,0.1632390191286409,0.6672877075311555,0.005273160881580721,3.588235294117647,0.829837829713277,0.0652920962199312,0.190721649484536,0.215,0.9754574589896948,30,False,1538.0
3,sparse_er,sparse_er_13,13,23,1365452135,327392105,"[4, 7, 158, 183, 185, 193, 213, 294, 303, 310, 320, 381, 391, 482, 539, 550, 568, 572]","[273, 172, 323, 120, 595, 91, 20, 38, 415, 226, 270, 483, 136, 194, 328, 289, 575, 379]",600,18,0.8,0.01,,,,,,,,6.125,0.38412268612544875,0.9983333333333333,0.12333333333333334,5.611111111111111,0.0015617388208708004,0.003543514734269374,0.15292096219931273,0.012027491408934709,0.001718213058419244,0.0,2.2030981067125643,4.0,0.001718213058419244,0.12027491408934708,5.419243986254296,0.1391944571977709,0.7184023280160406,0.0053640985013534035,3.888888888888889,0.7236108860579014,0.0618556701030927,0.5910652920962199,0.6033333333333334,0.9655620839912444,30,False,1948.0
3,sparse_er,sparse_er_13,13,24,1365452135,3686570276,"[105, 143, 164, 188, 227, 242, 328, 331, 404, 408, 410, 431, 447, 484, 490, 556, 567, 581]","[398, 196, 505, 2, 75, 504, 103, 268, 573, 277, 530, 274, 437, 459, 89, 251, 313, 534]",600,18,0.8,0.01,,,,,,,,6.125,0.38412268612544875,0.9983333333333333,0.12333333333333334,5.777777777777778,0.0015775312351510847,0.0038524732454620608,0.14948453608247422,0.018900343642611683,0.0,0.0,2.1910499139414803,4.0,0.001718213058419244,0.140893470790378,5.9604810996563575,0.13902082586360953,0.7241395626689379,0.00715023901298411,3.738562091503268,0.7368568478295671,0.0532646048109965,0.9776632302405498,0.9783333333333334,0.9866405829088762,30,False,2942.0
3,sparse_er,sparse_er_13,13,25,1365452135,3855315252,"[17, 22, 47, 61, 90, 97, 134, 135, 188, 195, 215, 257, 296, 347, 482, 505, 598, 599]","[7, 528, 331, 68, 287, 8, 315, 114, 2, 585, 467, 564, 3, 359, 194, 187, 481, 384]",600,18,0.8,0.01,,,,,,,,6.125,0.38412268612544875,0.9983333333333333,0.12333333333333334,5.444444444444445,0.001529506619872426,0.003796866945679119,0.14948453608247422,0.010309278350515464,0.001718213058419244,0.0,2.225473321858864,4.0,0.001718213058419244,0.0979381443298969,5.341924398625429,0.13641702132073935,0.7241750507183373,0.005021340315457963,3.9084967320261437,0.7912472355117707,0.0549828178694158,0.2285223367697594,0.2516666666666666,0.9728586251148954,30,False,1584.0
3,sparse_er,sparse_er_13,13,26,1365452135,426170253,"[9, 36, 61, 65, 151, 177, 191, 225, 262, 300, 389, 398, 491, 520, 527, 529, 542, 545]","[327, 57, 68, 508, 126, 263, 509, 345, 248, 6, 318, 515, 309, 61, 243, 107, 514, 599]",600,18,0.8,0.01,,,,,,,,6.125,0.38412268612544875,0.9983333333333333,0.12333333333333334,5.5,0.0015126429491523741,0.003827082768900855,0.15463917525773196,0.015463917525773196,0.0,0.0,2.1944922547332184,4.0,0.001718213058419244,0.11855670103092783,5.615120274914089,0.14054910983444802,0.7155751134138912,0.004979980931538025,3.8758169934640523,0.7561521449303205,0.063573883161512,1.0,1.0,0.6290284999413416,19,True,2970.0
3,sparse_er,sparse_er_13,13,27,1365452135,2205120225,"[70, 89, 105, 143, 261, 269, 314, 371, 376, 393, 430, 441, 443, 499, 515, 522, 554, 555]","[546, 502, 398, 196, 125, 269, 469, 10, 565, 473, 307, 566, 193, 482, 470, 13, 163, 224]",600,18,0.8,0.01,,,,,,,,6.125,0.38412268612544875,0.9983333333333333,0.12333333333333334,7.222222222222222,0.0019007712768131682,0.005555954067644481,0.1958762886597938,0.015463917525773196,0.001718213058419244,0.0,2.044750430292599,4.0,0.001718213058419244,0.19415807560137457,7.2285223367697595,0.17174856284275525,0.6480531847566998,0.004832774808644413,3.4640522875816995,0.7546045466858047,0.0790378006872852,0.9965635738831616,0.9966666666666668,0.5856592920608819,18,True,2970.0
3,sparse_er,sparse_er_13,13,28,1365452135,2433586558,"[2, 134, 147, 151, 198, 211, 222, 232, 233, 266, 331, 343, 434, 506, 523, 566, 579, 599]","[510, 315, 516, 126, 475, 179, 304, 190, 221, 321, 268, 464, 401, 210, 311, 161, 562, 384]",600,18,0.8,0.01,,,,,,,,6.125,0.38412268612544875,0.9983333333333333,0.12333333333333334,5.722222222222222,0.0015632386953750603,0.004293382707960027,0.15979381443298968,0.013745704467353952,0.0,0.0,2.189328743545611,4.0,0.001718213058419244,0.12886597938144329,5.855670103092783,0.1457540023088158,0.7067918211875485,0.004150654121819059,3.7712418300653594,0.7485552113567171,0.0515463917525773,0.6460481099656358,0.6566666666666666,0.9704824999207632,30,False,2018.0
3,sparse_er,sparse_er_13,13,29,1365452135,3232367056,"[34, 66, 79, 101, 109, 114, 129, 151, 210, 223, 234, 272, 273, 355, 423, 428, 496, 557]","[157, 216, 389, 577, 538, 50, 351, 126, 276, 487, 11, 377, 361, 208, 105, 468, 378, 439]",600,18,0.8,0.01,,,,,,,,6.125,0.38412268612544875,0.9983333333333333,0.12333333333333334,6.0,0.0016170762360690147,0.004560454087067096,0.17010309278350516,0.012027491408934709,0.0,0.0,2.135972461273666,4.0,0.001718213058419244,0.16838487972508592,6.40893470790378,0.15156002417498052,0.6898521922742517,0.004245844932119442,3.6862745098039214,0.7738998437865577,0.0584192439862542,0.9965635738831616,0.9966666666666668,0.6839176249923185,21,True,2970.0
3,sparse_er,sparse_er_13,13,30,1365452135,2627066872,"[30, 70, 128, 194, 205, 226, 229, 302, 304, 345, 373, 415, 426, 429, 504, 516, 545, 589]","[155, 546, 245, 265, 334, 355, 431, 25, 300, 458, 259, 554, 532, 217, 452, 98, 599, 165]",600,18,0.8,0.01,,,,,,,,6.125,0.38412268612544875,0.9983333333333333,0.12333333333333334,5.388888888888889,0.0015024353239597673,0.002822974048199489,0.15292096219931273,0.010309278350515464,0.0,0.0,2.17039586919105,4.0,0.001718213058419244,0.0979381443298969,5.556701030927835,0.13898072934492645,0.7183845839913409,0.003379336712670046,3.9869281045751634,0.785598207313708,0.0773195876288659,0.9965635738831616,0.9966666666666668,0.8710624589584768,26,True,2970.0
3,sparse_er,sparse_er_13,13,31,1365452135,4277184787,"[77, 82, 90, 92, 176, 210, 226, 235, 332, 343, 349, 444, 530, 550, 556, 563, 566, 598]","[9, 320, 287, 58, 264, 276, 355, 442, 574, 464, 76, 421, 232, 289, 251, 332, 161, 481]",600,18,0.8,0.01,,,,,,,,6.125,0.38412268612544875,0.9983333333333333,0.12333333333333334,5.944444444444445,0.001637461038492136,0.004585283562870084,0.17869415807560138,0.005154639175257732,0.0,0.0,2.1135972461273664,4.0,0.001718213058419244,0.1134020618556701,5.625429553264605,0.15306596875449813,0.6761597198809968,0.0015728216420257941,4.104575163398692,0.8222408961396739,0.0429553264604811,0.2268041237113402,0.25,1.0181422499008477,30,False,1576.0
3,sparse_er,sparse_er_13,13,32,1365452135,243504383,"[43, 112, 137, 177, 231, 248, 263, 268, 363, 369, 426, 453, 455, 476, 533, 537, 539, 559]","[303, 242, 140, 263, 170, 41, 28, 557, 238, 78, 532, 446, 425, 326, 5, 436, 328, 520]",600,18,0.8,0.01,,,,,,,,6.125,0.38412268612544875,0.9983333333333333,0.12333333333333334,5.555555555555555,0.0015562107406142866,0.0034737178148494994,0.15120274914089346,0.006872852233676976,0.0,0.0,2.1910499139414803,4.0,0.001718213058419244,0.10481099656357389,5.525773195876289,0.13414308281049964,0.7214838736388854,0.0024226862462156584,3.8562091503267975,0.829837829713277,0.0549828178694158,0.2027491408934708,0.2266666666666666,0.9830915000056848,30,False,1574.0
3,sparse_er,sparse_er_13,13,33,1365452135,3596543439,"[20, 36, 41, 77, 130, 154, 176, 197, 277, 305, 378, 384, 393, 425, 490, 497, 500, 534]","[426, 57, 593, 9, 506, 143, 264, 472, 291, 525, 336, 261, 473, 209, 89, 272, 393, 373]",600,18,0.8,0.01,,,,,,,,6.125,0.38412268612544875,0.9983333333333333,0.12333333333333334,6.166666666666667,0.0016712347790227974,0.004175544819119014,0.16838487972508592,0.022336769759450172,0.0,0.0,2.1394148020654047,4.0,0.001718213058419244,0.13058419243986255,6.128865979381444,0.1529361751528355,0.6926498335019016,0.00697455498493561,3.7320261437908497,0.810542532612524,0.070446735395189,0.9965635738831616,0.9966666666666668,0.7643991659861058,24,True,2970.0
3,sparse_er,sparse_er_13,13,34,1365452135,2179431282,"[100, 129, 143, 173, 179, 180, 188, 191, 197, 291, 327, 412, 415, 424, 481, 551, 561, 568]","[14, 351, 196, 102, 587, 293, 2, 509, 472, 145, 108, 598, 554, 199, 26, 339, 390, 575]",600,18,0.8,0.01,,,,,,,,6.125,0.38412268612544875,0.9983333333333333,0.12333333333333334,5.388888888888889,0.001491958934758216,0.0038370895270221934,0.14776632302405499,0.013745704467353952,0.001718213058419244,0.0,2.2185886402753874,4.0,0.001718213058419244,0.12371134020618557,5.661512027491409,0.13626699635411132,0.7270436680447859,0.005708714690836951,3.849673202614379,0.8532345567675773,0.056701030927835,0.9965635738831616,0.9966666666666668,0.7355960420100018,23,True,2970.0
3,sparse_er,sparse_er_13,13,35,1365452135,1999133243,"[40, 86, 136, 180, 211, 215, 222, 226, 254, 294, 307, 407, 409, 420, 509, 519, 528, 555]","[201, 299, 493, 293, 179, 467, 304, 355, 353, 38, 369, 253, 23, 191, 399, 555, 432, 224]",600,18,0.8,0.01,,,,,,,,6.125,0.38412268612544875,0.9983333333333333,0.12333333333333334,6.666666666666667,0.0017676391297509807,0.0040352377526367035,0.17525773195876287,0.024054982817869417,0.0,0.0,2.125645438898451,4.0,0.001718213058419244,0.18900343642611683,6.745704467353952,0.1609131632031181,0.6811398761467076,0.0076697747978024785,3.633986928104575,0.7871458055582237,0.0841924398625429,0.9965635738831616,0.9966666666666668,0.3981069580186158,12,True,2970.0
3,sparse_er,sparse_er_13,13,36,1365452135,2623938239,"[12, 111, 119, 125, 136, 147, 255, 346, 370, 405, 420, 446, 447, 450, 467, 532, 556, 590]","[434, 497, 476, 147, 493, 516, 386, 501, 279, 24, 191, 160, 437, 83, 119, 84, 251, 576]",600,18,0.8,0.01,,,,,,,,6.125,0.38412268612544875,0.9983333333333333,0.12333333333333334,5.833333333333333,0.001591032981361227,0.003541166114866119,0.15807560137457044,0.01718213058419244,0.001718213058419244,0.0,2.1394148020654047,4.0,0.001718213058419244,0.11512027491408934,6.15979381443299,0.1447207956524138,0.7096959265633964,0.008249276141433004,3.6993464052287583,0.7871458055582237,0.0532646048109965,0.3762886597938144,0.395,1.0308371669379994,30,False,1728.0
3,sparse_er,sparse_er_13,13,37,1365452135,1576380698,"[58, 73, 75, 84, 99, 109, 111, 112, 188, 223, 279, 313, 328, 374, 385, 467, 523, 545]","[123, 55, 52, 548, 45, 538, 497, 242, 2, 487, 465, 400, 103, 189, 235, 119, 311, 599]",600,18,0.8,0.01,,,,,,,,6.125,0.38412268612544875,0.9983333333333333,0.12333333333333334,5.944444444444445,0.0016296105406665186,0.0046872680786775155,0.17353951890034364,0.006872852233676976,0.0,0.0,2.1135972461273664,4.0,0.001718213058419244,0.1134020618556701,5.883161512027492,0.15163298372979325,0.68435745929225,0.001964674758792406,3.803921568627451,0.785598207313708,0.049828178694158,0.5584192439862543,0.5716666666666667,1.0453553340630606,30,False,1878.0
3,sparse_er,sparse_er_13,13,38,1365452135,2515528734,"[2, 22, 37, 101, 142, 148, 157, 161, 179, 219, 234, 248, 257, 271, 335, 394, 571, 597]","[510, 528, 527, 577, 233, 284, 130, 220, 587, 479, 11, 41, 564, 338, 1, 225, 164, 36]",600,18,0.8,0.01,,,,,,,,6.125,0.38412268612544875,0.9983333333333333,0.12333333333333334,5.944444444444445,0.0016065489175892138,0.004959084644484423,0.15463917525773196,0.022336769759450172,0.0,0.0,2.225473321858864,4.0,0.001718213058419244,0.16323024054982818,6.154639175257732,0.14483852815911752,0.7153030383684961,0.007633361554930182,3.5555555555555554,0.7103649242862355,0.0670103092783505,0.9965635738831616,0.9966666666666668,0.9030194580554962,19,True,2970.0
3,sparse_er,sparse_er_13,13,39,1365452135,244580064,"[68, 130, 134, 144, 199, 231, 235, 331, 339, 361, 428, 435, 436, 459, 468, 506, 533, 595]","[256, 506, 315, 414, 583, 170, 442, 268, 366, 44, 468, 391, 298, 115, 262, 210, 5, 67]",600,18,0.8,0.01,,,,,,,,6.125,0.38412268612544875,0.9983333333333333,0.12333333333333334,6.111111111111111,0.001646670816051346,0.003797656576617676,0.17010309278350516,0.012027491408934709,0.0,0.0,2.1032702237521517,4.0,0.001718213058419244,0.14261168384879724,6.360824742268041,0.15220223435876373,0.6897871308503528,0.0042669684538196645,3.6143790849673203,0.7561521449303203,0.0378006872852233,0.218213058419244,0.2416666666666666,1.0855996659956872,30,False,1546.0
3,sparse_er,sparse_er_13,13,40,1365452135,3136245246,"[1, 12, 27, 32, 35, 51, 75, 112, 166, 216, 238, 288, 297, 376, 439, 505, 509, 520]","[405, 434, 92, 63, 403, 477, 52, 242, 96, 167, 72, 93, 480, 565, 324, 187, 399, 61]",600,18,0.8,0.01,,,,,,,,6.125,0.38412268612544875,0.9983333333333333,0.12333333333333334,6.666666666666667,0.0017817178093774253,0.005390404790834673,0.17353951890034364,0.02577319587628866,0.0,0.0,2.1290877796901895,4.0,0.001718213058419244,0.18900343642611683,6.426116838487973,0.1589743049244285,0.684026237497856,0.007718926807738804,3.6862745098039214,0.8181394661861269,0.0721649484536082,0.9948453608247424,0.995,1.0954235419631004,30,False,2970.0
3,sparse_er,sparse_er_13,13,41,1365452135,635927640,"[11, 13, 188, 203, 268, 284, 301, 323, 344, 388, 440, 464, 466, 506, 507, 554, 558, 565]","[572, 177, 2, 149, 557, 117, 325, 560, 282, 159, 486, 438, 144, 210, 65, 163, 463, 404]",600,18,0.8,0.01,,,,,,,,6.125,0.38412268612544875,0.9983333333333333,0.12333333333333334,6.388888888888889,0.0017375654028535421,0.00535020700159467,0.17353951890034364,0.015463917525773196,0.005154639175257732,0.0,2.1394148020654047,4.0,0.001718213058419244,0.13573883161512026,6.194158075601375,0.15485873780836507,0.6841800190452532,0.008673593910041428,3.6601307189542482,0.7795488719846205,0.0652920962199312,0.9948453608247424,0.995,0.7350214580073953,21,True,2970.0
3,sparse_er,sparse_er_13,13,42,1365452135,3513156763,"[11, 33, 44, 55, 92, 120, 186, 199, 266, 276, 291, 323, 324, 344, 364, 410, 438, 466]","[572, 387, 371, 450, 58, 357, 584, 583, 321, 539, 145, 560, 317, 282, 550, 530, 74, 144]",600,18,0.8,0.01,,,,,,,,6.125,0.38412268612544875,0.9983333333333333,0.12333333333333334,6.055555555555555,0.0016430293080301876,0.0034922816806248597,0.18041237113402062,0.006872852233676976,0.0,0.0,2.091222030981067,4.0,0.001718213058419244,0.1254295532646048,5.993127147766323,0.15648075825694413,0.6731373210071508,0.002458761282290694,3.869281045751634,0.773899843786558,0.049828178694158,0.9965635738831616,0.9966666666666668,0.9696350829908624,29,True,2970.0
3,sparse_er,sparse_er_13,13,43,1365452135,1111623971,"[43, 79, 95, 131, 181, 242, 251, 252, 272, 294, 306, 327, 400, 416, 430, 444, 463, 527]","[303, 389, 541, 46, 335, 504, 370, 591, 377, 38, 592, 108, 56, 80, 307, 421, 420, 243]",600,18,0.8,0.01,,,,,,,,6.125,0.38412268612544875,0.9983333333333333,0.12333333333333334,6.055555555555555,0.0016372828917274812,0.003812212137667229,0.15979381443298968,0.018900343642611683,0.001718213058419244,0.0,2.17039586919105,4.0,0.001718213058419244,0.14776632302405499,6.225085910652921,0.14727707050219932,0.7067799918377486,0.007372230166347814,3.627450980392157,0.7871458055582237,0.0773195876288659,0.9965635738831616,0.9966666666666668,0.5146922500571236,15,True,2970.0
3,sparse_er,sparse_er_13,13,44,1365452135,357758273,"[12, 96, 101, 254, 266, 268, 337, 348, 386, 398, 406, 437, 441, 477, 496, 530, 569, 597]","[434, 451, 577, 353, 321, 557, 466, 219, 589, 515, 95, 49, 566, 122, 378, 232, 171, 36]",600,18,0.8,0.01,,,,,,,,6.125,0.38412268612544875,0.9983333333333333,0.12333333333333334,6.611111111111111,0.0017504453951793948,0.006527977703468964,0.17697594501718214,0.01718213058419244,0.0,0.0,2.099827882960413,4.0,0.001718213058419244,0.17869415807560138,6.8075601374570445,0.15901989627638707,0.6784782724417553,0.004879914928934537,3.607843137254902,0.8181394661861271,0.070446735395189,0.9965635738831616,0.9966666666666668,0.5336376250488684,16,True,2970.0
3,sparse_er,sparse_er_13,13,45,1365452135,1029120724,"[1, 5, 26, 50, 155, 199, 213, 240, 244, 246, 251, 258, 297, 357, 492, 514, 541, 592]","[405, 97, 443, 342, 66, 583, 20, 533, 227, 503, 370, 578, 480, 449, 380, 29, 22, 388]",600,18,0.8,0.01,,,,,,,,6.125,0.38412268612544875,0.9983333333333333,0.12333333333333334,5.0,0.0014059436303773501,0.002884174078711916,0.13573883161512026,0.018900343642611683,0.0,0.0,2.287435456110155,4.0,0.001718213058419244,0.10824742268041238,5.580756013745704,0.12765500112583916,0.7475853339721182,0.008139119413629216,3.7908496732026142,0.7871458055582237,0.0549828178694158,0.1769759450171821,0.2016666666666666,0.8120813749264926,23,True,1542.0
3,sparse_er,sparse_er_13,13,46,1365452135,2945718758,"[4, 37, 49, 82, 113, 125, 228, 234, 349, 414, 435, 449, 459, 478, 497, 530, 539, 584]","[273, 527, 39, 320, 132, 147, 185, 11, 76, 192, 391, 417, 115, 234, 272, 232, 328, 301]",600,18,0.8,0.01,,,,,,,,6.125,0.38412268612544875,0.9983333333333333,0.12333333333333334,6.611111111111111,0.0017936853807983325,0.006290184419193309,0.18556701030927836,0.015463917525773196,0.0,0.0,2.055077452667814,4.0,0.001718213058419244,0.16666666666666666,6.3075601374570445,0.16355367911579782,0.6646675065505024,0.004851164010090738,3.803921568627451,0.7036671398999482,0.0481099656357388,0.1065292096219931,0.1333333333333333,1.0549849169328809,30,True,1506.0
3,sparse_er,sparse_er_13,13,47,1365452135,2312084748,"[5, 40, 113, 123, 210, 249, 264, 278, 283, 285, 361, 366, 402, 427, 435, 498, 572, 580]","[97, 201, 132, 127, 276, 153, 427, 250, 17, 556, 44, 292, 498, 302, 391, 419, 379, 64]",600,18,0.8,0.01,,,,,,,,6.125,0.38412268612544875,0.9983333333333333,0.12333333333333334,6.444444444444445,0.0017495578222626572,0.003877369764592991,0.18556701030927836,0.006872852233676976,0.0,0.0,2.1032702237521517,4.0,0.001718213058419244,0.13573883161512026,6.22680412371134,0.16115848395740717,0.6646793359003023,0.0020854898017527773,3.803921568627451,0.773899843786558,0.0618556701030927,0.9948453608247424,0.995,1.0407718339702114,30,False,2970.0
3,sparse_er,sparse_er_13,13,48,1365452135,197314676,"[61, 119, 219, 228, 241, 247, 249, 257, 274, 280, 282, 348, 395, 473, 477, 488, 526, 554]","[68, 476, 479, 185, 128, 456, 153, 564, 151, 394, 590, 219, 455, 522, 122, 33, 247, 163]",600,18,0.8,0.01,,,,,,,,6.125,0.38412268612544875,0.9983333333333333,0.12333333333333334,5.222222222222222,0.0014480977533837128,0.0036761512827762333,0.14604810996563575,0.015463917525773196,0.0,0.0,2.206540447504303,4.0,0.001718213058419244,0.08419243986254296,5.414089347079038,0.13501571643205992,0.7300069201696329,0.005130359729552348,3.9869281045751634,0.7429061831586545,0.070446735395189,0.9965635738831616,0.9966666666666668,0.7402367090107873,22,True,2970.0
3,sparse_er,sparse_er_13,13,49,1365452135,1243311669,"[1, 3, 8, 54, 106, 117, 148, 213, 227, 236, 349, 377, 406, 452, 456, 467, 502, 562]","[405, 416, 180, 395, 77, 454, 284, 20, 75, 129, 76, 283, 95, 229, 521, 119, 241, 517]",600,18,0.8,0.01,,,,,,,,6.125,0.38412268612544875,0.9983333333333333,0.12333333333333334,6.333333333333333,0.001697763067581455,0.005242751482193358,0.17697594501718214,0.013745704467353952,0.001718213058419244,0.0,2.1101549053356283,4.0,0.001718213058419244,0.1563573883161512,6.481099656357388,0.15634490410459542,0.678661627363652,0.004720402947046545,3.764705882352941,0.7236108860579012,0.0756013745704467,0.9965635738831616,0.9966666666666668,0.6111910420004278,18,True,2970.0
3,sparse_er,sparse_er_14,14,0,1760802715,1895366478,"[0, 6, 103, 126, 128, 188, 200, 265, 279, 307, 309, 361, 402, 427, 469, 507, 542, 584]","[36, 188, 373, 100, 479, 387, 587, 544, 12, 249, 321, 92, 429, 162, 139, 580, 260, 536]",600,18,0.8,0.01,,,,,,,,5.855,0.40527441001475395,0.9966666666666667,0.06666666666666667,6.388888888888889,0.0017982646229570969,0.004041257884967837,0.18041237113402062,0.01718213058419244,0.0,0.0,2.136206896551724,4.0,0.003436426116838488,0.12199312714776632,5.927835051546392,0.1609360659593017,0.6729717101099538,0.005861277429904881,3.758169934640523,0.7229993881137979,0.0738831615120274,0.9896907216494846,0.99,0.9914099999004976,30,False,2836.0
3,sparse_er,sparse_er_14,14,1,1760802715,1712707458,"[26, 121, 178, 235, 250, 280, 290, 305, 322, 346, 376, 431, 447, 459, 484, 515, 537, 558]","[65, 347, 356, 204, 1, 74, 273, 67, 365, 51, 514, 158, 385, 508, 323, 345, 89, 126]",600,18,0.8,0.01,,,,,,,,5.855,0.40527441001475395,0.9966666666666667,0.06666666666666667,5.888888888888889,0.0016733789078616135,0.00573091209382143,0.15979381443298968,0.00859106529209622,0.0,0.0,2.1982758620689653,4.0,0.003436426116838488,0.11168384879725086,5.429553264604811,0.14296297947567355,0.7069515174098455,0.0038874524168641808,3.895424836601307,0.7923809987580979,0.063573883161512,0.9828178694158076,0.9833333333333332,0.9937175000086428,30,True,2836.0
3,sparse_er,sparse_er_14,14,2,1760802715,215114892,"[25, 29, 57, 101, 111, 137, 195, 207, 236, 261, 315, 367, 376, 385, 416, 439, 444, 512]","[108, 94, 520, 444, 37, 72, 452, 106, 5, 598, 244, 362, 514, 219, 133, 334, 290, 382]",600,18,0.8,0.01,,,,,,,,5.855,0.40527441001475395,0.9966666666666667,0.06666666666666667,5.777777777777778,0.0016296732489669067,0.0049745760354608015,0.15463917525773196,0.01718213058419244,0.0,0.0,2.220689655172414,4.0,0.003436426116838488,0.12714776632302405,5.652920962199313,0.14232861512954764,0.7154213318664939,0.0062040628217098805,3.7712418300653594,0.7507254687128956,0.070446735395189,0.9896907216494846,0.99,0.7281694579869509,22,True,2836.0
3,sparse_er,sparse_er_14,14,3,1760802715,2757838747,"[7, 47, 48, 187, 262, 294, 298, 342, 439, 447, 462, 470, 497, 519, 547, 558, 571, 580]","[357, 392, 331, 33, 504, 558, 243, 238, 334, 385, 486, 528, 328, 595, 4, 126, 388, 364]",600,18,0.8,0.01,,,,,,,,5.855,0.40527441001475395,0.9966666666666667,0.06666666666666667,5.111111111111111,0.0015007082272967905,0.0028581094908631415,0.14776632302405499,0.00859106529209622,0.001718213058419244,0.0,2.2431034482758623,4.0,0.003436426116838488,0.09621993127147767,5.154639175257732,0.13385143672676306,0.7271205588184846,0.0048825085589791475,4.032679738562091,0.8397325147969953,0.0463917525773195,0.4054982817869416,0.4233333333333333,1.0009177500614896,30,False,1692.0
3,sparse_er,sparse_er_14,14,4,1760802715,3169421840,"[45, 97, 98, 109, 156, 168, 234, 352, 368, 399, 430, 438, 464, 470, 522, 526, 569, 590]","[529, 268, 591, 327, 344, 115, 336, 213, 369, 156, 221, 559, 561, 528, 159, 319, 8, 416]",600,18,0.8,0.01,,,,,,,,5.855,0.40527441001475395,0.9966666666666667,0.06666666666666667,5.444444444444445,0.0015667024514228094,0.003871560706854693,0.15807560137457044,0.005154639175257732,0.001718213058419244,0.0,2.1724137931034484,4.0,0.003436426116838488,0.08762886597938144,5.319587628865979,0.14056789578487985,0.7098556227856936,0.0027979645626704454,3.947712418300654,0.7215421870420964,0.0429553264604811,0.0979381443298969,0.125,0.8927417499944568,26,True,1458.0
3,sparse_er,sparse_er_14,14,5,1760802715,2498997456,"[26, 35, 97, 106, 108, 254, 262, 298, 299, 316, 322, 333, 377, 378, 419, 489, 552, 589]","[65, 295, 268, 24, 301, 480, 504, 243, 263, 534, 365, 183, 20, 407, 493, 403, 95, 443]",600,18,0.8,0.01,,,,,,,,5.855,0.40527441001475395,0.9966666666666667,0.06666666666666667,4.777777777777778,0.0014049013200089216,0.00281012862851432,0.13402061855670103,0.013745704467353952,0.0,0.0,2.225862068965517,4.0,0.003436426116838488,0.061855670103092786,4.936426116838488,0.12677237963654528,0.7504184632491675,0.005906167180676984,4.026143790849673,0.7119843408110966,0.0532646048109965,0.1460481099656357,0.1716666666666666,1.0924924169667063,30,False,1484.0
3,sparse_er,sparse_er_14,14,6,1760802715,1345131793,"[3, 23, 61, 86, 90, 105, 204, 224, 273, 300, 336, 344, 422, 442, 474, 480, 509, 592]","[210, 554, 497, 516, 308, 360, 19, 267, 46, 527, 422, 201, 389, 29, 279, 42, 297, 329]",600,18,0.8,0.01,,,,,,,,5.855,0.40527441001475395,0.9966666666666667,0.06666666666666667,5.722222222222222,0.0016114446129000006,0.005266625227096578,0.15463917525773196,0.010309278350515464,0.001718213058419244,0.0,2.1413793103448278,4.0,0.003436426116838488,0.13573883161512026,6.012027491408935,0.13756102302257792,0.7157525536608881,0.006284837167190109,3.764705882352941,0.7048311537457,0.0618556701030927,0.9896907216494846,0.99,0.8267669579945505,22,True,2836.0
3,sparse_er,sparse_er_14,14,7,1760802715,4245310725,"[6, 17, 24, 54, 56, 75, 91, 95, 152, 186, 235, 287, 334, 360, 378, 411, 473, 581]","[188, 447, 305, 310, 478, 116, 383, 55, 523, 250, 204, 322, 245, 80, 407, 196, 488, 372]",600,18,0.8,0.01,,,,,,,,5.855,0.40527441001475395,0.9966666666666667,0.06666666666666667,6.0,0.0016779338728524378,0.0041807506340058006,0.16323024054982818,0.015463917525773196,0.0,0.0,2.174137931034483,4.0,0.003436426116838488,0.15120274914089346,6.194158075601375,0.14783182891387775,0.7011314773083498,0.005924697072332597,3.5555555555555554,0.5529851117559037,0.0601374570446735,0.9845360824742267,0.985,0.8393139580730349,25,True,2834.0
3,sparse_er,sparse_er_14,14,8,1760802715,1505615662,"[4, 20, 33, 66, 71, 159, 178, 217, 249, 287, 301, 323, 342, 378, 398, 429, 489, 520]","[563, 468, 481, 161, 477, 495, 356, 277, 272, 322, 592, 220, 238, 407, 237, 262, 403, 449]",600,18,0.8,0.01,,,,,,,,5.855,0.40527441001475395,0.9966666666666667,0.06666666666666667,5.333333333333333,0.001543462186608618,0.004094828866163062,0.14261168384879724,0.010309278350515464,0.001718213058419244,0.0,2.2650602409638556,4.0,0.001718213058419244,0.10652920962199312,5.34020618556701,0.13078166775393413,0.7358269602711287,0.005418093163191202,3.661764705882353,0.8579007491650931,0.056701030927835,0.2611683848797251,0.2833333333333333,1.319005166995339,30,False,1548.0
3,sparse_er,sparse_er_14,14,9,1760802715,2647067559,"[6, 33, 66, 78, 133, 167, 170, 216, 224, 226, 283, 297, 309, 315, 345, 379, 419, 518]","[188, 481, 161, 314, 425, 330, 242, 3, 267, 380, 501, 458, 321, 244, 556, 6, 493, 543]",600,18,0.8,0.01,,,,,,,,5.855,0.40527441001475395,0.9966666666666667,0.06666666666666667,5.333333333333333,0.0015485047899043182,0.003334068385111967,0.15292096219931273,0.012027491408934709,0.0,0.0,2.2275862068965515,4.0,0.003436426116838488,0.0979381443298969,5.221649484536083,0.1404399243429344,0.7182781198431428,0.004398470084744595,3.8562091503267975,0.6884970451339925,0.0412371134020618,0.1151202749140893,0.1416666666666666,1.0838429580908269,30,False,1486.0
3,sparse_er,sparse_er_14,14,10,1760802715,2237070157,"[45, 50, 55, 67, 137, 139, 172, 175, 235, 258, 347, 355, 358, 361, 494, 517, 585, 593]","[529, 405, 96, 470, 72, 32, 180, 88, 204, 434, 333, 530, 79, 92, 562, 396, 445, 76]",600,18,0.8,0.01,,,,,,,,5.855,0.40527441001475395,0.9966666666666667,0.06666666666666667,5.944444444444445,0.0016713179993147185,0.005027539507499474,0.15463917525773196,0.022336769759450172,0.0,0.0,2.18448275862069,4.0,0.003436426116838488,0.1254295532646048,6.025773195876289,0.14499056802384738,0.7152912090186963,0.007485950868303809,3.738562091503268,0.7215421870420963,0.0841924398625429,0.986254295532646,0.9866666666666668,0.970638082944788,30,False,2836.0
3,sparse_er,sparse_er_14,14,11,1760802715,2181434014,"[30, 55, 128, 147, 186, 218, 240, 257, 271, 280, 320, 337, 351, 373, 376, 474, 560, 568]","[518, 96, 479, 28, 250, 48, 412, 397, 84, 74, 184, 14, 413, 235, 514, 279, 484, 384]",600,18,0.8,0.01,,,,,,,,5.855,0.40527441001475395,0.9966666666666667,0.06666666666666667,5.833333333333333,0.0016534333013567036,0.005625477302136066,0.1563573883161512,0.022336769759450172,0.001718213058419244,0.0,2.1862068965517243,4.0,0.003436426116838488,0.12199312714776632,5.678694158075602,0.14475288766385683,0.7125645438898451,0.008576768470989317,3.8758169934640523,0.8033960460607992,0.0841924398625429,0.9879725085910652,0.9883333333333332,0.7986920410767198,24,True,2836.0
3,sparse_er,sparse_er_14,14,12,1760802715,771812579,"[17, 71, 86, 93, 107, 125, 145, 172, 193, 271, 385, 402, 406, 433, 442, 484, 565, 590]","[447, 477, 516, 103, 200, 542, 56, 180, 320, 84, 219, 429, 124, 241, 29, 323, 43, 416]",600,18,0.8,0.01,,,,,,,,5.855,0.40527441001475395,0.9966666666666667,0.06666666666666667,5.388888888888889,0.001545026953737874,0.003523585235562604,0.15292096219931273,0.010309278350515464,0.0,0.0,2.1810344827586206,4.0,0.003436426116838488,0.09965635738831616,5.487972508591065,0.13890116977587652,0.7183904986662408,0.0032794819559525444,3.9084967320261437,0.759335856849994,0.0601374570446735,0.986254295532646,0.9866666666666668,0.9931550419423728,30,False,2836.0
3,sparse_er,sparse_er_14,14,13,1760802715,776373600,"[15, 30, 43, 65, 127, 142, 153, 195, 266, 279, 297, 326, 360, 368, 421, 489, 511, 556]","[377, 518, 265, 205, 332, 275, 208, 452, 577, 12, 458, 411, 80, 369, 393, 403, 342, 189]",600,18,0.8,0.01,,,,,,,,5.855,0.40527441001475395,0.9966666666666667,0.06666666666666667,5.888888888888889,0.00167690080499496,0.004702664832546377,0.17010309278350516,0.010309278350515464,0.001718213058419244,0.0,2.1517241379310343,4.0,0.003436426116838488,0.10481099656357389,5.498281786941581,0.15093781935569003,0.6898817656487511,0.004055986625190778,3.915032679738562,0.7048311537457002,0.070446735395189,0.9914089347079038,0.9916666666666668,0.9372769999317824,30,False,2836.0
3,sparse_er,sparse_er_14,14,14,1760802715,3997671701,"[16, 31, 61, 132, 140, 163, 165, 251, 262, 338, 390, 417, 460, 489, 523, 541, 565, 578]","[386, 557, 497, 596, 140, 118, 59, 207, 504, 457, 307, 599, 499, 403, 257, 179, 43, 131]",600,18,0.8,0.01,,,,,,,,5.855,0.40527441001475395,0.9966666666666667,0.06666666666666667,5.888888888888889,0.0016500928003576176,0.0040181016837341635,0.16494845360824742,0.013745704467353952,0.0,0.0,2.1586206896551725,4.0,0.003436426116838488,0.12886597938144329,5.781786941580756,0.14823279967771252,0.6983220067309001,0.004759546916409662,3.7320261437908497,0.7631977170872987,0.0876288659793814,0.993127147766323,0.9933333333333332,0.9433180000633,30,False,2836.0
3,sparse_er,sparse_er_14,14,15,1760802715,3771805107,"[15, 105, 131, 156, 216, 237, 273, 342, 350, 362, 364, 398, 408, 440, 471, 481, 545, 566]","[377, 360, 402, 344, 3, 517, 46, 238, 524, 359, 193, 237, 312, 553, 410, 232, 531, 585]",600,18,0.8,0.01,,,,,,,,5.855,0.40527441001475395,0.9966666666666667,0.06666666666666667,5.611111111111111,0.001613184746462064,0.004782179899857137,0.1563573883161512,0.006872852233676976,0.0,0.0,2.206896551724138,4.0,0.003436426116838488,0.11512027491408934,5.419243986254296,0.13874797132421057,0.7127833868611412,0.0021604938271604936,3.8758169934640523,0.7885191385207933,0.0429553264604811,0.0773195876288659,0.105,1.018026249948889,30,False,1410.0
3,sparse_er,sparse_er_14,14,16,1760802715,2439460145,"[35, 118, 123, 145, 228, 247, 310, 350, 388, 398, 494, 505, 512, 516, 531, 532, 533, 584]","[295, 375, 135, 56, 313, 589, 503, 524, 41, 237, 562, 316, 382, 230, 274, 119, 569, 536]",600,18,0.8,0.01,,,,,,,,5.855,0.40527441001475395,0.9966666666666667,0.06666666666666667,6.444444444444445,0.00181753164251434,0.00580418384081842,0.17697594501718214,0.012027491408934709,0.0,0.0,2.1534482758620688,4.0,0.003436426116838488,0.13745704467353953,5.981099656357388,0.15645011387594396,0.6786675420385518,0.004538852578068265,3.6993464052287583,0.7703509041526954,0.0601374570446735,0.2371134020618556,0.26,0.9831658749608324,30,False,1544.0
3,sparse_er,sparse_er_14,14,17,1760802715,2003560559,"[5, 42, 55, 90, 109, 133, 198, 230, 303, 316, 332, 396, 444, 448, 496, 544, 584, 593]","[246, 203, 96, 308, 327, 425, 476, 448, 346, 534, 455, 233, 290, 532, 181, 341, 536, 76]",600,18,0.8,0.01,,,,,,,,5.855,0.40527441001475395,0.9966666666666667,0.06666666666666667,6.277777777777778,0.0017500566200936906,0.007435557009130206,0.18041237113402062,0.010309278350515464,0.0,0.0,2.093103448275862,4.0,0.003436426116838488,0.15807560137457044,6.144329896907217,0.15646719490890748,0.6731609797067504,0.005572755417956657,3.816993464052288,0.77421276439,0.0601374570446735,0.986254295532646,0.9866666666666668,0.7750995000824332,23,True,2834.0
3,sparse_er,sparse_er_14,14,18,1760802715,3898875870,"[9, 22, 29, 60, 71, 204, 218, 229, 263, 290, 354, 361, 377, 507, 569, 579, 586, 595]","[10, 259, 94, 276, 477, 19, 48, 202, 483, 273, 292, 92, 20, 580, 8, 2, 546, 414]",600,18,0.8,0.01,,,,,,,,5.855,0.40527441001475395,0.9966666666666667,0.06666666666666667,5.055555555555555,0.0014653739078632514,0.003193687969172551,0.14432989690721648,0.00859106529209622,0.0,0.0,2.253448275862069,4.0,0.003436426116838488,0.08247422680412371,5.190721649484536,0.13089814338329908,0.7329820016442796,0.003501400560224089,3.888888888888889,0.7923809987580979,0.0549828178694158,0.2199312714776632,0.2433333333333333,1.080490458989516,30,False,1532.0
3,sparse_er,sparse_er_14,14,19,1760802715,584073158,"[33, 56, 75, 90, 107, 114, 134, 211, 239, 290, 296, 302, 310, 319, 474, 503, 525, 565]","[481, 478, 116, 308, 200, 439, 104, 491, 171, 273, 496, 146, 503, 266, 279, 409, 224, 43]",600,18,0.8,0.01,,,,,,,,5.855,0.40527441001475395,0.9966666666666667,0.06666666666666667,6.666666666666667,0.0018551902250588319,0.006709177002795237,0.19415807560137457,0.010309278350515464,0.001718213058419244,0.0,2.029310344827586,4.0,0.003436426116838488,0.15120274914089346,6.281786941580756,0.16736724770706923,0.6510460102560462,0.0038102205671865117,3.758169934640523,0.7521826697845974,0.0738831615120274,0.9914089347079038,0.9916666666666668,0.9542499999515712,30,False,2836.0
3,sparse_er,sparse_er_14,14,20,1760802715,450697235,"[30, 34, 63, 191, 206, 291, 315, 323, 368, 377, 379, 412, 449, 480, 522, 545, 547, 588]","[518, 459, 379, 418, 522, 99, 244, 220, 369, 20, 6, 324, 406, 42, 159, 531, 4, 27]",600,18,0.8,0.01,,,,,,,,5.855,0.40527441001475395,0.9966666666666667,0.06666666666666667,4.944444444444445,0.0014658762615100723,0.0030994953018747837,0.13573883161512026,0.010309278350515464,0.0,0.0,2.306896551724138,4.0,0.003436426116838488,0.09450171821305842,4.982817869415808,0.1262731496082874,0.7475557605976187,0.004461279461279461,3.8823529411764706,0.728695374107493,0.0463917525773195,0.1254295532646048,0.1516666666666666,0.9901087919715792,29,True,1466.0
3,sparse_er,sparse_er_14,14,21,1760802715,2799191194,"[15, 104, 111, 118, 134, 137, 154, 176, 182, 214, 227, 248, 349, 387, 425, 544, 564, 592]","[377, 253, 37, 375, 104, 72, 75, 463, 300, 143, 421, 395, 122, 282, 549, 341, 255, 329]",600,18,0.8,0.01,,,,,,,,5.855,0.40527441001475395,0.9966666666666667,0.06666666666666667,7.666666666666667,0.0020784944179699227,0.006651817678959738,0.20962199312714777,0.020618556701030927,0.0,0.0,2.0448275862068965,4.0,0.003436426116838488,0.22336769759450173,7.121993127147766,0.18332014477131023,0.6262694371003897,0.0056093896491820365,3.4313725490196076,0.6995120924366938,0.0790378006872852,0.9914089347079038,0.9916666666666668,0.946790250018239,30,False,2836.0
3,sparse_er,sparse_er_14,14,22,1760802715,2661724827,"[23, 40, 41, 45, 101, 146, 148, 156, 207, 263, 273, 319, 345, 467, 500, 557, 558, 570]","[554, 533, 73, 529, 444, 152, 107, 344, 106, 483, 46, 266, 556, 502, 136, 165, 126, 399]",600,18,0.8,0.01,,,,,,,,5.855,0.40527441001475395,0.9966666666666667,0.06666666666666667,5.055555555555555,0.0014757524778800455,0.0038768976517168474,0.13745704467353953,0.00859106529209622,0.0,0.0,2.293103448275862,4.0,0.003436426116838488,0.08075601374570447,4.936426116838488,0.1270231382841973,0.7446220818472713,0.003194055399937753,3.973856209150327,0.8215642804288972,0.0601374570446735,0.1786941580756013,0.2033333333333333,0.9065269590355456,27,True,1496.0
3,sparse_er,sparse_er_14,14,23,1760802715,3403396048,"[24, 35, 53, 106, 130, 131, 174, 236, 267, 275, 277, 296, 390, 398, 457, 459, 499, 543]","[305, 295, 101, 24, 7, 402, 212, 5, 117, 226, 348, 496, 307, 237, 535, 508, 176, 440]",600,18,0.8,0.01,,,,,,,,5.855,0.40527441001475395,0.9966666666666667,0.06666666666666667,6.055555555555555,0.0017206885698089515,0.005998155813154943,0.16323024054982818,0.013745704467353952,0.0,0.0,2.193103448275862,4.0,0.003436426116838488,0.1254295532646048,5.63745704467354,0.14869610800930116,0.7010309278350515,0.004205217440511559,3.7320261437908497,0.8105492331261959,0.0773195876288659,0.9896907216494846,0.99,0.921400124905631,29,True,2836.0
3,sparse_er,sparse_er_14,14,24,1760802715,1487313027,"[8, 71, 72, 211, 240, 250, 275, 302, 333, 345, 387, 392, 446, 456, 480, 492, 515, 558]","[538, 477, 467, 491, 412, 1, 226, 146, 183, 556, 282, 66, 91, 438, 42, 381, 345, 126]",600,18,0.8,0.01,,,,,,,,5.855,0.40527441001475395,0.9966666666666667,0.06666666666666667,5.5,0.0015902904741616698,0.0035547419636065827,0.16151202749140894,0.00859106529209622,0.0,0.0,2.168965517241379,4.0,0.003436426116838488,0.08762886597938144,5.051546391752577,0.14349138724049454,0.7041775348817952,0.0025452488687782806,4.0,0.7105271397393951,0.0549828178694158,0.1237113402061855,0.15,1.0258427090011537,30,False,1476.0
3,sparse_er,sparse_er_14,14,25,1760802715,3839505630,"[3, 7, 34, 91, 140, 149, 155, 179, 228, 267, 277, 296, 307, 353, 394, 405, 530, 553]","[210, 357, 459, 383, 140, 192, 197, 35, 313, 117, 348, 496, 249, 498, 228, 473, 436, 506]",600,18,0.8,0.01,,,,,,,,5.855,0.40527441001475395,0.9966666666666667,0.06666666666666667,6.611111111111111,0.0018476754679240205,0.00607198439217931,0.17697594501718214,0.012027491408934709,0.001718213058419244,0.0,2.1206896551724137,4.0,0.003436426116838488,0.15292096219931273,6.285223367697594,0.15629484954084522,0.6786438833389523,0.0053892367617857815,3.5620915032679736,0.7286953741074931,0.070446735395189,0.9845360824742267,0.985,0.9012715000426396,27,True,2834.0
3,sparse_er,sparse_er_14,14,26,1760802715,542071471,"[29, 35, 49, 119, 125, 140, 145, 165, 192, 248, 282, 321, 339, 361, 384, 571, 574, 595]","[94, 295, 515, 44, 542, 140, 56, 59, 464, 395, 218, 339, 240, 92, 26, 388, 576, 414]",600,18,0.8,0.01,,,,,,,,5.855,0.40527441001475395,0.9966666666666667,0.06666666666666667,6.388888888888889,0.0017856927652706192,0.005933546475942585,0.16323024054982818,0.024054982817869417,0.003436426116838488,0.0,2.2189655172413794,4.0,0.003436426116838488,0.15979381443298968,6.001718213058419,0.14937435827779647,0.7010782452342507,0.009607829767333197,3.69281045751634,0.7923809987580981,0.0549828178694158,0.2302405498281786,0.2533333333333333,1.0029964169953018,30,False,1526.0
3,sparse_er,sparse_er_14,14,27,1760802715,36803751,"[10, 30, 73, 75, 90, 176, 197, 291, 316, 329, 374, 429, 434, 446, 448, 513, 547, 584]","[579, 518, 138, 116, 308, 463, 16, 99, 534, 353, 513, 262, 361, 91, 532, 573, 4, 536]",600,18,0.8,0.01,,,,,,,,5.855,0.40527441001475395,0.9966666666666667,0.06666666666666667,5.666666666666667,0.001613675523818847,0.0049917587894068435,0.15979381443298968,0.015463917525773196,0.0,0.0,2.196551724137931,4.0,0.003436426116838488,0.11683848797250859,5.70446735395189,0.14592526818390494,0.706815479887148,0.004818801387428839,3.7973856209150325,0.7105271397393951,0.049828178694158,0.1254295532646048,0.1516666666666666,0.9915513329906388,30,False,1442.0
3,sparse_er,sparse_er_14,14,28,1760802715,1872962119,"[12, 80, 123, 165, 179, 213, 265, 334, 381, 389, 410, 420, 493, 535, 540, 541, 561, 575]","[423, 209, 135, 59, 35, 391, 544, 245, 145, 69, 366, 415, 541, 110, 510, 179, 378, 0]",600,18,0.8,0.01,,,,,,,,5.855,0.40527441001475395,0.9966666666666667,0.06666666666666667,6.0,0.0017073570614792302,0.004626309372841653,0.15807560137457044,0.01718213058419244,0.0,0.0,2.225862068965517,4.0,0.003436426116838488,0.13917525773195877,5.484536082474227,0.1426320505202369,0.7098319640860941,0.00540573126395381,3.7254901960784315,0.6223667224002036,0.0687285223367697,0.9845360824742267,0.985,0.8768089580116794,27,True,2836.0
3,sparse_er,sparse_er_14,14,29,1760802715,591420286,"[4, 5, 14, 141, 168, 175, 189, 212, 246, 263, 294, 377, 381, 519, 531, 551, 560, 577]","[563, 246, 125, 68, 115, 88, 525, 129, 430, 483, 558, 20, 145, 595, 274, 462, 484, 149]",600,18,0.8,0.01,,,,,,,,5.855,0.40527441001475395,0.9966666666666667,0.06666666666666667,6.111111111111111,0.001718668303417453,0.006004892645955878,0.17525773195876287,0.006872852233676976,0.0,0.0,2.1241379310344826,4.0,0.003436426116838488,0.13573883161512026,5.883161512027492,0.1525879022975151,0.6815834767641996,0.0018449687567334626,3.810457516339869,0.8397325147969953,0.049828178694158,0.2164948453608247,0.24,0.9972720830701292,30,False,1536.0
3,sparse_er,sparse_er_14,14,30,1760802715,896191213,"[12, 61, 119, 138, 154, 169, 177, 181, 204, 260, 265, 344, 348, 410, 457, 482, 507, 579]","[423, 497, 44, 225, 75, 537, 325, 302, 19, 109, 544, 201, 170, 366, 535, 199, 580, 2]",600,18,0.8,0.01,,,,,,,,5.855,0.40527441001475395,0.9966666666666667,0.06666666666666667,5.666666666666667,0.0016051794019501043,0.004378253933548906,0.16494845360824742,0.010309278350515464,0.0,0.0,2.136206896551724,4.0,0.003436426116838488,0.12371134020618557,5.823024054982818,0.14692748140515063,0.6984107268543984,0.0034878701545368214,3.895424836601307,0.7813659514553966,0.0601374570446735,0.9879725085910652,0.9883333333333332,0.980993999983184,30,False,2836.0
3,sparse_er,sparse_er_14,14,31,1760802715,3953304212,"[51, 65, 114, 201, 229, 273, 331, 364, 369, 378, 415, 428, 512, 516, 520, 572, 574, 580]","[490, 205, 439, 215, 202, 46, 489, 193, 105, 407, 485, 78, 382, 230, 449, 77, 576, 364]",600,18,0.8,0.01,,,,,,,,5.855,0.40527441001475395,0.9966666666666667,0.06666666666666667,5.5,0.001581736990717722,0.0038566898684204115,0.1563573883161512,0.010309278350515464,0.0,0.0,2.225862068965517,4.0,0.003436426116838488,0.1013745704467354,5.252577319587629,0.14086164718727995,0.712682837387843,0.0037707390648567115,3.9215686274509802,0.6464645904041014,0.049828178694158,0.2800687285223368,0.3016666666666667,1.0413057080004364,30,False,1632.0
3,sparse_er,sparse_er_14,14,32,1760802715,20305838,"[4, 9, 77, 117, 121, 142, 252, 269, 270, 316, 317, 377, 519, 529, 534, 573, 579, 591]","[563, 10, 60, 120, 347, 275, 303, 432, 11, 534, 285, 20, 595, 102, 394, 82, 2, 83]",600,18,0.8,0.01,,,,,,,,5.855,0.40527441001475395,0.9966666666666667,0.06666666666666667,6.611111111111111,0.0018440839613766626,0.005466179368488259,0.18213058419243985,0.018900343642611683,0.0,0.0,2.1,4.0,0.003436426116838488,0.13745704467353953,6.190721649484536,0.16205670994549076,0.6701740688823039,0.00560189561434022,3.7450980392156863,0.7995341858234946,0.0687285223367697,0.1993127147766323,0.2233333333333333,0.9163122500758618,23,True,1528.0
3,sparse_er,sparse_er_14,14,33,1760802715,1567021194,"[12, 66, 82, 90, 169, 201, 291, 331, 366, 412, 413, 426, 452, 473, 490, 500, 520, 582]","[423, 161, 248, 308, 537, 215, 99, 489, 337, 324, 222, 49, 590, 488, 564, 136, 449, 174]",600,18,0.8,0.01,,,,,,,,5.855,0.40527441001475395,0.9966666666666667,0.06666666666666667,5.777777777777778,0.0016599911750598056,0.0052901104274647994,0.15979381443298968,0.015463917525773196,0.0,0.0,2.193103448275862,4.0,0.003436426116838488,0.10824742268041238,5.484536082474227,0.14590958181023064,0.7068332239118477,0.0046259504304486995,3.843137254901961,0.6938161064429986,0.0652920962199312,0.9879725085910652,0.9883333333333332,1.1917050000047311,30,False,2836.0
3,sparse_er,sparse_er_14,14,34,1760802715,322471074,"[46, 63, 91, 97, 99, 117, 261, 267, 283, 301, 310, 332, 352, 451, 452, 489, 584, 589]","[252, 379, 383, 268, 371, 120, 598, 117, 501, 592, 503, 455, 213, 270, 590, 403, 536, 443]",600,18,0.8,0.01,,,,,,,,5.855,0.40527441001475395,0.9966666666666667,0.06666666666666667,5.111111111111111,0.001514737855315737,0.0032723037718780253,0.14432989690721648,0.006872852233676976,0.0,0.0,2.253448275862069,4.0,0.003436426116838488,0.08247422680412371,4.738831615120275,0.13034545429829397,0.7330234043685789,0.002457013702688443,4.117647058823529,0.7411676224818959,0.0670103092783505,0.1563573883161512,0.1816666666666666,0.9984014999354258,30,False,1466.0
3,sparse_er,sparse_er_14,14,35,1760802715,3226941187,"[58, 66, 114, 166, 172, 222, 243, 267, 270, 283, 342, 422, 425, 479, 487, 542, 588, 589]","[151, 161, 439, 134, 180, 584, 54, 117, 11, 501, 238, 389, 549, 247, 512, 260, 27, 443]",600,18,0.8,0.01,,,,,,,,5.855,0.40527441001475395,0.9966666666666667,0.06666666666666667,6.388888888888889,0.001805869928524872,0.005478164538164718,0.16666666666666666,0.013745704467353952,0.0,0.0,2.174137931034483,4.0,0.003436426116838488,0.14261168384879724,6.077319587628866,0.1505491047903011,0.6954119866801521,0.00430955210366975,3.712418300653595,0.6813438580685958,0.0618556701030927,0.2920962199312715,0.3133333333333333,0.989635374979116,30,False,1604.0
3,sparse_er,sparse_er_14,14,36,1760802715,2392487945,"[15, 57, 72, 113, 169, 171, 231, 274, 278, 280, 334, 385, 423, 464, 467, 490, 533, 542]","[377, 520, 467, 581, 537, 424, 519, 318, 87, 74, 245, 219, 132, 561, 502, 564, 569, 260]",600,18,0.8,0.01,,,,,,,,5.855,0.40527441001475395,0.9966666666666667,0.06666666666666667,6.444444444444445,0.0018037168384867253,0.004937778009889305,0.18384879725085912,0.013745704467353952,0.001718213058419244,0.0,2.089655172413793,4.0,0.003436426116838488,0.12199312714776632,5.831615120274914,0.16166678829454828,0.6675006358275517,0.004621071223238407,3.758169934640523,0.6813438580685958,0.0652920962199312,0.993127147766323,0.9933333333333332,0.943205542047508,30,False,2836.0
3,sparse_er,sparse_er_14,14,37,1760802715,1910357081,"[35, 45, 86, 89, 102, 114, 122, 143, 307, 424, 439, 449, 490, 504, 514, 515, 545, 578]","[295, 529, 516, 281, 374, 439, 190, 426, 249, 352, 334, 406, 564, 198, 570, 345, 531, 131]",600,18,0.8,0.01,,,,,,,,5.855,0.40527441001475395,0.9966666666666667,0.06666666666666667,5.722222222222222,0.0016501705989261366,0.003749248703095267,0.1563573883161512,0.013745704467353952,0.003436426116838488,0.0,2.2431034482758623,4.0,0.003436426116838488,0.11168384879725086,5.438144329896907,0.14264417880643965,0.712570458564745,0.0071846390185490525,3.738562091503268,0.7813659514553967,0.0515463917525773,0.1752577319587628,0.2,0.9975733750034124,30,False,1516.0
3,sparse_er,sparse_er_14,14,38,1760802715,2580605045,"[3, 67, 77, 113, 148, 152, 176, 235, 292, 337, 338, 361, 450, 528, 569, 571, 573, 593]","[210, 470, 60, 581, 107, 523, 463, 204, 186, 14, 457, 92, 419, 298, 8, 388, 82, 76]",600,18,0.8,0.01,,,,,,,,5.855,0.40527441001475395,0.9966666666666667,0.06666666666666667,5.555555555555555,0.001604682627311482,0.004913500710267666,0.14948453608247422,0.013745704467353952,0.001718213058419244,0.0,2.2413793103448274,4.0,0.003436426116838488,0.10652920962199312,5.357388316151202,0.13723832512578257,0.7241632213685375,0.005660938839473411,3.8627450980392157,0.6938161064429987,0.0738831615120274,0.9810996563573884,0.9816666666666668,0.6442711249692366,19,True,2832.0
3,sparse_er,sparse_er_14,14,39,1760802715,3868304503,"[33, 93, 98, 99, 125, 141, 193, 250, 332, 342, 353, 354, 391, 397, 465, 467, 548, 569]","[481, 103, 591, 371, 542, 68, 320, 1, 455, 238, 498, 292, 401, 157, 474, 502, 340, 8]",600,18,0.8,0.01,,,,,,,,5.855,0.40527441001475395,0.9966666666666667,0.06666666666666667,5.277777777777778,0.0015513581790336242,0.004085376778854046,0.1563573883161512,0.005154639175257732,0.001718213058419244,0.0,2.231034482758621,4.0,0.003436426116838488,0.0859106529209622,5.0034364261168385,0.13944896711633725,0.712682837387843,0.0028534646181705,4.084967320261438,0.6813438580685958,0.0687285223367697,0.993127147766323,0.9933333333333332,0.9689660830190404,30,False,2836.0
3,sparse_er,sparse_er_14,14,40,1760802715,1207177541,"[14, 21, 154, 171, 181, 188, 206, 275, 286, 288, 315, 404, 431, 457, 464, 500, 539, 583]","[125, 185, 75, 424, 302, 387, 522, 226, 451, 239, 244, 31, 158, 535, 561, 136, 93, 9]",600,18,0.8,0.01,,,,,,,,5.855,0.40527441001475395,0.9966666666666667,0.06666666666666667,6.222222222222222,0.0017452626552901178,0.004624070471283871,0.17353951890034364,0.015463917525773196,0.0,0.0,2.1586206896551725,4.0,0.003436426116838488,0.15463917525773196,5.780068728522337,0.1554950211682552,0.6842095924197527,0.004947285829638771,3.7254901960784315,0.7340144354164994,0.0687285223367697,0.9845360824742267,0.985,0.7580477909650654,23,True,2836.0
3,sparse_er,sparse_er_14,14,41,1760802715,641829468,"[72, 73, 144, 152, 175, 179, 205, 239, 244, 368, 379, 446, 462, 493, 509, 528, 533, 569]","[467, 138, 509, 523, 88, 35, 111, 171, 53, 369, 6, 91, 486, 541, 297, 298, 569, 8]",600,18,0.8,0.01,,,,,,,,5.855,0.40527441001475395,0.9966666666666667,0.06666666666666667,5.888888888888889,0.001678612676578795,0.004946327689939027,0.15807560137457044,0.013745704467353952,0.0,0.0,2.1913793103448276,4.0,0.003436426116838488,0.15120274914089346,5.701030927835052,0.14147607359251885,0.7098437934358938,0.0077394646022097,3.7516339869281046,0.6244344957986989,0.0549828178694158,0.1872852233676976,0.2116666666666666,1.0268028338905424,30,False,1512.0
3,sparse_er,sparse_er_14,14,42,1760802715,1162597837,"[32, 40, 73, 76, 77, 120, 128, 134, 153, 254, 324, 335, 346, 352, 371, 390, 392, 535]","[568, 533, 138, 343, 60, 62, 479, 104, 208, 480, 500, 47, 51, 213, 191, 307, 66, 110]",600,18,0.8,0.01,,,,,,,,5.855,0.40527441001475395,0.9966666666666667,0.06666666666666667,5.5,0.0016066764034662505,0.005095113767847638,0.14432989690721648,0.015463917525773196,0.003436426116838488,0.0,2.239655172413793,4.0,0.003436426116838488,0.13745704467353953,5.481099656357388,0.13497148368178305,0.732792732047483,0.00738908876163778,3.7908496732026142,0.7923809987580979,0.0773195876288659,0.9896907216494846,0.99,0.9599931249395012,30,False,2836.0
3,sparse_er,sparse_er_14,14,43,1760802715,1712187186,"[16, 109, 186, 205, 210, 241, 263, 278, 306, 336, 377, 383, 402, 474, 524, 528, 556, 565]","[386, 327, 250, 111, 428, 234, 483, 87, 163, 422, 20, 540, 429, 279, 420, 298, 189, 43]",600,18,0.8,0.01,,,,,,,,5.855,0.40527441001475395,0.9966666666666667,0.06666666666666667,5.611111111111111,0.0016019234225490675,0.004770270697214416,0.14432989690721648,0.020618556701030927,0.001718213058419244,0.0,2.261617900172117,4.0,0.001718213058419244,0.12199312714776632,5.369415807560137,0.13468814703169707,0.7329110255454809,0.008939961636040068,3.6838235294117645,0.741167622481896,0.063573883161512,0.986254295532646,0.9866666666666668,0.9589686249382794,30,False,2836.0
3,sparse_er,sparse_er_14,14,44,1760802715,1782605504,"[34, 89, 116, 175, 250, 264, 271, 328, 371, 430, 440, 442, 446, 514, 522, 526, 563, 590]","[459, 281, 61, 88, 1, 567, 84, 217, 191, 221, 553, 29, 91, 570, 159, 319, 168, 416]",600,18,0.8,0.01,,,,,,,,5.855,0.40527441001475395,0.9966666666666667,0.06666666666666667,5.944444444444445,0.001668494969552227,0.004760827143250603,0.16323024054982818,0.015463917525773196,0.001718213058419244,0.0,2.160344827586207,4.0,0.003436426116838488,0.10824742268041238,5.890034364261169,0.14586772154335573,0.701285258855747,0.007594360016505346,3.8300653594771243,0.7631977170872987,0.0446735395189003,0.211340206185567,0.235,1.0221212920732796,30,False,1538.0
3,sparse_er,sparse_er_14,14,45,1760802715,1598640225,"[28, 74, 79, 83, 116, 142, 185, 192, 305, 345, 348, 385, 406, 411, 498, 520, 564, 582]","[211, 155, 112, 545, 61, 275, 123, 464, 67, 556, 170, 219, 124, 196, 309, 449, 255, 174]",600,18,0.8,0.01,,,,,,,,5.855,0.40527441001475395,0.9966666666666667,0.06666666666666667,6.444444444444445,0.0018001166186988366,0.005310693720556425,0.17525773195876287,0.010309278350515464,0.0,0.0,2.1293103448275863,4.0,0.003436426116838488,0.16838487972508592,6.29553264604811,0.15420567223966525,0.6814592685913019,0.003910075323904014,3.607843137254902,0.7631977170872986,0.0756013745704467,0.9879725085910652,0.9883333333333332,0.947538417065516,30,False,2836.0
3,sparse_er,sparse_er_14,14,46,1760802715,3367959300,"[12, 34, 124, 128, 130, 136, 153, 159, 174, 183, 199, 225, 241, 284, 415, 431, 439, 529]","[423, 459, 90, 479, 7, 358, 208, 495, 212, 511, 63, 326, 234, 593, 485, 158, 334, 102]",600,18,0.8,0.01,,,,,,,,5.855,0.40527441001475395,0.9966666666666667,0.06666666666666667,5.833333333333333,0.0016497557375306626,0.003987744037748758,0.16838487972508592,0.00859106529209622,0.0,0.0,2.1551724137931036,4.0,0.003436426116838488,0.13573883161512026,5.661512027491409,0.1486781295755146,0.6927562976500997,0.0032986983967376125,3.869281045751634,0.7923809987580979,0.0429553264604811,0.1890034364261168,0.2133333333333333,1.0114736249670386,30,False,1520.0
3,sparse_er,sparse_er_14,14,47,1760802715,2161412339,"[20, 87, 160, 188, 269, 321, 353, 359, 381, 439, 448, 454, 468, 499, 534, 549, 580, 594]","[468, 153, 97, 387, 432, 339, 498, 144, 145, 334, 532, 38, 547, 176, 394, 548, 364, 294]",600,18,0.8,0.01,,,,,,,,5.855,0.40527441001475395,0.9966666666666667,0.06666666666666667,5.5,0.001567557184234755,0.004244960628333426,0.15807560137457044,0.012027491408934709,0.0,0.0,2.220689655172414,4.0,0.003436426116838488,0.11855670103092783,5.628865979381444,0.14285792511007064,0.7098260494111941,0.0044826387675291944,3.8562091503267975,0.7995341858234946,0.0601374570446735,0.986254295532646,0.9866666666666668,0.9823103749658912,30,False,2836.0
3,sparse_er,sparse_er_14,14,48,1760802715,3595811586,"[30, 41, 75, 97, 98, 99, 113, 160, 240, 259, 267, 286, 395, 396, 450, 458, 498, 588]","[518, 73, 116, 268, 591, 371, 581, 97, 412, 164, 117, 451, 58, 233, 419, 147, 309, 27]",600,18,0.8,0.01,,,,,,,,5.855,0.40527441001475395,0.9966666666666667,0.06666666666666667,5.333333333333333,0.0015539016403662326,0.0035683965146799676,0.15120274914089346,0.005154639175257732,0.001718213058419244,0.0,2.220689655172414,4.0,0.003436426116838488,0.10309278350515463,5.132302405498282,0.13559309563291283,0.7213714948157874,0.002730929201517437,3.980392156862745,0.7813659514553966,0.070446735395189,0.9914089347079038,0.9916666666666668,0.9601934580132364,30,False,2836.0
3,sparse_er,sparse_er_14,14,49,1760802715,1500416959,"[8, 88, 108, 123, 153, 172, 186, 266, 306, 311, 331, 348, 438, 468, 518, 541, 547, 567]","[538, 284, 301, 135, 208, 180, 250, 577, 163, 469, 489, 170, 559, 547, 543, 179, 4, 293]",600,18,0.8,0.01,,,,,,,,5.855,0.40527441001475395,0.9966666666666667,0.06666666666666667,6.277777777777778,0.0017651662977385828,0.004532335754400526,0.16323024054982818,0.013745704467353952,0.0,0.0,2.1982758620689653,4.0,0.003436426116838488,0.140893470790378,5.84020618556701,0.14724502692238553,0.7012142827569483,0.005475763290065481,3.6405228758169934,0.6536177774694981,0.0515463917525773,0.1615120274914089,0.1866666666666666,0.9754810000304132,29,True,1518.0
3,sparse_er,sparse_er_15,15,0,3143225821,3984538222,"[27, 55, 63, 83, 163, 184, 214, 243, 249, 308, 437, 492, 500, 530, 538, 566, 577, 580]","[481, 431, 541, 328, 485, 438, 409, 527, 425, 290, 416, 324, 216, 466, 276, 317, 105, 341]",600,18,0.8,0.01,,,,,,,,5.958333333333333,0.4075830026940729,0.9966666666666667,0.20666666666666667,6.333333333333333,0.0018008164920516173,0.006742006725976502,0.1718213058419244,0.01718213058419244,0.0,0.0,2.1724137931034484,4.0,0.003436426116838488,0.14432989690721648,5.986254295532646,0.1544027037069609,0.6869658309231033,0.0054335642570936685,3.7908496732026142,0.7885191385207933,0.0670103092783505,0.9965635738831616,0.9966666666666668,1.059614208061248,30,False,2878.0
3,sparse_er,sparse_er_15,15,1,3143225821,1832221373,"[163, 181, 202, 281, 293, 295, 308, 325, 425, 426, 437, 456, 458, 521, 530, 578, 589, 590]","[485, 493, 63, 78, 103, 100, 290, 139, 221, 3, 416, 148, 573, 337, 466, 455, 386, 496]",600,18,0.8,0.01,,,,,,,,5.958333333333333,0.4075830026940729,0.9966666666666667,0.20666666666666667,6.888888888888889,0.0019160746285400501,0.005640721144124654,0.1872852233676976,0.018900343642611683,0.0,0.0,2.103448275862069,4.0,0.003436426116838488,0.16323024054982818,6.15979381443299,0.16457060237834062,0.6620177321953499,0.0048715697618447575,3.6993464052287583,0.7286953741074931,0.0670103092783505,0.2663230240549828,0.2883333333333333,1.2556399169843644,30,False,1594.0
3,sparse_er,sparse_er_15,15,2,3143225821,103464748,"[15, 33, 49, 52, 53, 66, 77, 89, 90, 105, 151, 180, 221, 349, 377, 403, 409, 417]","[135, 92, 88, 72, 357, 234, 8, 29, 20, 562, 488, 56, 16, 233, 206, 517, 500, 298]",600,18,0.8,0.01,,,,,,,,5.958333333333333,0.4075830026940729,0.9966666666666667,0.20666666666666667,5.388888888888889,0.0015800994311649119,0.0035523905846207354,0.15120274914089346,0.00859106529209622,0.0,0.0,2.225862068965517,4.0,0.003436426116838488,0.09106529209621993,4.948453608247423,0.13660944547439885,0.7213360067663881,0.0032874260815437283,3.9869281045751634,0.8397325147969953,0.0618556701030927,0.2457044673539518,0.2683333333333333,1.222042709006928,30,False,1562.0
3,sparse_er,sparse_er_15,15,3,3143225821,2209432967,"[120, 144, 161, 220, 288, 315, 317, 353, 383, 390, 461, 475, 497, 508, 517, 542, 585, 592]","[65, 168, 449, 379, 143, 501, 239, 208, 130, 598, 553, 116, 401, 507, 27, 540, 388, 305]",600,18,0.8,0.01,,,,,,,,5.958333333333333,0.4075830026940729,0.9966666666666667,0.20666666666666667,5.666666666666667,0.0016101160986139668,0.004090864545904101,0.15463917525773196,0.010309278350515464,0.0,0.0,2.2051724137931035,4.0,0.003436426116838488,0.12027491408934708,5.721649484536083,0.1394502049811847,0.7155691987389913,0.0031260315574041064,3.823529411764706,0.6938161064429987,0.063573883161512,0.9828178694158076,0.9833333333333332,1.0156105830101296,30,False,2878.0
3,sparse_er,sparse_er_15,15,4,3143225821,1318579163,"[20, 78, 194, 210, 242, 243, 263, 274, 306, 354, 389, 421, 473, 484, 489, 495, 514, 562]","[1, 569, 331, 263, 199, 527, 189, 387, 550, 597, 327, 423, 359, 141, 363, 412, 434, 334]",600,18,0.8,0.01,,,,,,,,5.958333333333333,0.4075830026940729,0.9966666666666667,0.20666666666666667,6.277777777777778,0.0017511754864936392,0.0049413932428095456,0.16838487972508592,0.012027491408934709,0.0,0.0,2.15,4.0,0.003436426116838488,0.14432989690721648,6.125429553264605,0.15058658086516782,0.6926675775266012,0.0037292409841429446,3.673202614379085,0.7521826697845974,0.0601374570446735,0.1357388316151202,0.1616666666666666,1.016859459108673,30,False,1500.0
3,sparse_er,sparse_er_15,15,5,3143225821,1211940934,"[24, 71, 84, 86, 116, 144, 153, 219, 335, 350, 423, 452, 465, 484, 494, 510, 518, 590]","[578, 420, 592, 75, 32, 168, 393, 80, 287, 411, 59, 175, 484, 141, 528, 249, 81, 496]",600,18,0.8,0.01,,,,,,,,5.958333333333333,0.4075830026940729,0.9966666666666667,0.20666666666666667,5.722222222222222,0.0016389970609521137,0.0051701778876902665,0.15463917525773196,0.012027491408934709,0.0,0.0,2.2086206896551723,4.0,0.003436426116838488,0.12199312714776632,5.689003436426117,0.1391025748860543,0.7155632840640914,0.0038748832866479926,3.7777777777777777,0.7631977170872987,0.0721649484536082,0.9810996563573884,0.9816666666666668,0.9725234160432592,30,False,2878.0
3,sparse_er,sparse_er_15,15,6,3143225821,2111524373,"[63, 88, 101, 105, 122, 148, 167, 204, 223, 298, 338, 365, 387, 395, 430, 457, 539, 596]","[541, 307, 185, 562, 320, 212, 349, 581, 489, 315, 312, 447, 329, 24, 272, 34, 193, 373]",600,18,0.8,0.01,,,,,,,,5.958333333333333,0.4075830026940729,0.9966666666666667,0.20666666666666667,5.611111111111111,0.0016078975451366698,0.004131605986494546,0.16323024054982818,0.00859106529209622,0.001718213058419244,0.0,2.179310344827586,4.0,0.003436426116838488,0.08419243986254296,5.293814432989691,0.14656114487290034,0.7011255626334498,0.004878219093905368,3.8562091503267975,0.7923809987580979,0.0584192439862542,0.993127147766323,0.9933333333333332,0.966875582933426,30,False,2878.0
3,sparse_er,sparse_er_15,15,7,3143225821,3642472567,"[21, 53, 88, 227, 240, 250, 285, 293, 346, 376, 394, 436, 443, 455, 477, 533, 539, 572]","[440, 357, 307, 530, 508, 405, 235, 103, 178, 200, 490, 218, 381, 257, 520, 502, 193, 512]",600,18,0.8,0.01,,,,,,,,5.958333333333333,0.4075830026940729,0.9966666666666667,0.20666666666666667,5.333333333333333,0.001541431558759399,0.003379515821270147,0.14432989690721648,0.01718213058419244,0.0,0.0,2.2448275862068967,4.0,0.003436426116838488,0.0979381443298969,5.108247422680412,0.13311215277612487,0.7329760869693798,0.007405285346461817,3.9934640522875817,0.8105492331261959,0.063573883161512,0.2353951890034364,0.2583333333333333,1.0131594999693334,30,False,1542.0
3,sparse_er,sparse_er_15,15,8,3143225821,501471692,"[18, 21, 107, 136, 148, 163, 211, 223, 268, 313, 322, 456, 466, 479, 492, 504, 590, 592]","[114, 440, 55, 121, 212, 485, 482, 489, 196, 258, 419, 148, 172, 339, 324, 270, 496, 305]",600,18,0.8,0.01,,,,,,,,5.958333333333333,0.4075830026940729,0.9966666666666667,0.20666666666666667,5.555555555555555,0.0015935298008238436,0.004003934276742802,0.15463917525773196,0.010309278350515464,0.0,0.0,2.220689655172414,4.0,0.003436426116838488,0.10996563573883161,5.352233676975945,0.13894476853812582,0.7156579188624898,0.003959412047647342,3.915032679738562,0.8799308437704956,0.056701030927835,0.4295532646048109,0.4466666666666666,1.0119301669765264,30,False,1738.0
3,sparse_er,sparse_er_15,15,9,3143225821,2718683736,"[9, 19, 26, 64, 72, 106, 141, 161, 191, 202, 207, 391, 414, 472, 475, 488, 496, 582]","[17, 404, 542, 556, 182, 123, 278, 449, 332, 63, 217, 144, 467, 255, 116, 515, 91, 354]",600,18,0.8,0.01,,,,,,,,5.958333333333333,0.4075830026940729,0.9966666666666667,0.20666666666666667,6.277777777777778,0.001767810185873988,0.005307089605086958,0.17697594501718214,0.010309278350515464,0.0,0.0,2.136206896551724,4.0,0.003436426116838488,0.15292096219931273,6.134020618556701,0.1555574242956705,0.6786675420385518,0.0034506615388968324,3.7777777777777777,0.7995341858234946,0.0601374570446735,0.2491408934707903,0.2716666666666666,1.012868707999587,30,False,1574.0
3,sparse_er,sparse_er_15,15,10,3143225821,3444520297,"[10, 14, 20, 54, 157, 166, 174, 175, 194, 227, 294, 394, 406, 445, 481, 499, 524, 564]","[372, 436, 1, 30, 151, 71, 476, 275, 331, 530, 437, 490, 261, 273, 415, 559, 360, 310]",600,18,0.8,0.01,,,,,,,,5.958333333333333,0.4075830026940729,0.9966666666666667,0.20666666666666667,5.611111111111111,0.0015883439702150414,0.004315489620846695,0.15463917525773196,0.015463917525773196,0.0,0.0,2.203448275862069,4.0,0.003436426116838488,0.12371134020618557,5.585910652920962,0.14206486359428572,0.7154390758911936,0.004949144900125292,3.849673202614379,0.7340144354164994,0.0687285223367697,0.986254295532646,0.9866666666666668,1.0202965839998797,30,False,2878.0
3,sparse_er,sparse_er_15,15,11,3143225821,1557472245,"[13, 56, 62, 109, 170, 188, 255, 282, 290, 307, 327, 328, 363, 408, 483, 519, 565, 566]","[77, 219, 248, 586, 191, 445, 536, 170, 60, 289, 98, 313, 215, 450, 51, 271, 145, 317]",600,18,0.8,0.01,,,,,,,,5.958333333333333,0.4075830026940729,0.9966666666666667,0.20666666666666667,5.5,0.001595027953669879,0.0037895711877816637,0.14948453608247422,0.010309278350515464,0.0,0.0,2.2392426850258174,4.0,0.001718213058419244,0.10652920962199312,5.348797250859106,0.13631929324791275,0.7241277333191382,0.003875354855747013,3.7794117647058822,0.7105271397393951,0.0721649484536082,0.8333333333333334,0.8383333333333334,1.0506406669737771,30,False,2386.0
3,sparse_er,sparse_er_15,15,12,3143225821,3807843137,"[56, 80, 100, 109, 137, 163, 169, 190, 204, 215, 285, 331, 400, 459, 473, 535, 571, 581]","[219, 548, 244, 586, 265, 485, 11, 461, 581, 439, 235, 442, 96, 274, 359, 190, 595, 417]",600,18,0.8,0.01,,,,,,,,5.958333333333333,0.4075830026940729,0.9966666666666667,0.20666666666666667,5.5,0.001587226961785146,0.0028316661584964916,0.15292096219931273,0.010309278350515464,0.0,0.0,2.2155172413793105,4.0,0.003436426116838488,0.08934707903780069,5.276632302405498,0.13875212535387396,0.7183904986662408,0.004015837104072399,3.9869281045751634,0.77421276439,0.0378006872852233,0.0910652920962199,0.1183333333333333,1.0211090829689056,30,False,1476.0
3,sparse_er,sparse_er_15,15,13,3143225821,1743882687,"[7, 31, 55, 131, 149, 150, 153, 185, 188, 200, 253, 300, 306, 323, 458, 467, 481, 537]","[480, 226, 431, 367, 225, 260, 393, 138, 445, 430, 125, 52, 550, 262, 573, 204, 415, 108]",600,18,0.8,0.01,,,,,,,,5.958333333333333,0.4075830026940729,0.9966666666666667,0.20666666666666667,6.277777777777778,0.0017774488324124459,0.005696160127013856,0.17697594501718214,0.013745704467353952,0.0,0.0,2.110344827586207,4.0,0.003436426116838488,0.13917525773195877,5.957044673539519,0.15784143185407382,0.678490101791555,0.004192439731655418,3.7712418300653594,0.7521826697845974,0.0721649484536082,0.986254295532646,0.9866666666666668,0.958585000014864,30,False,2878.0
3,sparse_er,sparse_er_15,15,14,3143225821,2300687089,"[4, 5, 15, 49, 96, 107, 109, 125, 132, 254, 274, 309, 343, 348, 378, 424, 521, 530]","[306, 33, 135, 88, 418, 55, 586, 362, 451, 167, 387, 321, 195, 157, 66, 472, 337, 466]",600,18,0.8,0.01,,,,,,,,5.958333333333333,0.4075830026940729,0.9966666666666667,0.20666666666666667,6.5,0.0018300094488248606,0.004204354559563966,0.15807560137457044,0.018900343642611683,0.003436426116838488,0.0,2.2155172413793105,4.0,0.003436426116838488,0.13745704467353953,6.036082474226804,0.14559814490666184,0.7096426944892974,0.00912039055440379,3.5098039215686274,0.8105492331261959,0.0652920962199312,0.9896907216494846,0.99,0.9993103329325096,30,False,2878.0
3,sparse_er,sparse_er_15,15,15,3143225821,1752317039,"[25, 90, 152, 172, 193, 225, 265, 274, 322, 343, 359, 364, 367, 432, 462, 489, 528, 552]","[537, 20, 551, 229, 47, 456, 519, 387, 419, 195, 49, 376, 483, 137, 5, 363, 547, 12]",600,18,0.8,0.01,,,,,,,,5.958333333333333,0.4075830026940729,0.9966666666666667,0.20666666666666667,5.611111111111111,0.0016099520365972183,0.003601322818410941,0.15979381443298968,0.013745704467353952,0.0,0.0,2.179310344827586,4.0,0.003436426116838488,0.0979381443298969,5.536082474226804,0.14479930957411158,0.7069101146855463,0.005498967263673145,3.810457516339869,0.8325793277315986,0.070446735395189,0.9914089347079038,0.9916666666666668,0.963224875042215,30,False,2878.0
3,sparse_er,sparse_er_15,15,16,3143225821,1376717870,"[12, 33, 41, 65, 69, 70, 156, 173, 190, 226, 282, 306, 332, 391, 406, 417, 494, 523]","[164, 92, 242, 463, 497, 575, 457, 572, 461, 503, 170, 550, 37, 144, 261, 298, 528, 131]",600,18,0.8,0.01,,,,,,,,5.958333333333333,0.4075830026940729,0.9966666666666667,0.20666666666666667,5.722222222222222,0.0016287625405305346,0.004446672880119278,0.15979381443298968,0.010309278350515464,0.0,0.0,2.1982758620689653,4.0,0.003436426116838488,0.11683848797250859,5.630584192439863,0.14340228499551047,0.7069574320847455,0.0041801335918982985,3.7973856209150325,0.8325793277315986,0.0601374570446735,0.9707903780068728,0.9716666666666668,1.138569707982242,30,False,2842.0
3,sparse_er,sparse_er_15,15,17,3143225821,3708565135,"[41, 51, 61, 65, 116, 153, 205, 224, 268, 377, 426, 428, 524, 533, 565, 574, 594, 598]","[242, 427, 413, 463, 32, 393, 15, 407, 196, 206, 3, 590, 360, 502, 145, 240, 558, 356]",600,18,0.8,0.01,,,,,,,,5.958333333333333,0.4075830026940729,0.9966666666666667,0.20666666666666667,7.0,0.0019315658458270396,0.004739216519555966,0.18213058419243985,0.024054982817869417,0.0,0.0,2.089655172413793,4.0,0.003436426116838488,0.14432989690721648,6.482817869415808,0.1648174484191997,0.6700498607094061,0.007456552342122669,3.5359477124183005,0.7119843408110967,0.0618556701030927,0.9759450171821306,0.9766666666666668,1.2347802500007674,30,False,2872.0
3,sparse_er,sparse_er_15,15,18,3143225821,376033337,"[0, 5, 8, 25, 82, 194, 277, 370, 372, 396, 398, 429, 435, 451, 455, 508, 565, 584]","[89, 33, 236, 537, 205, 331, 568, 521, 292, 486, 201, 459, 326, 589, 257, 507, 145, 122]",600,18,0.8,0.01,,,,,,,,5.958333333333333,0.4075830026940729,0.9966666666666667,0.20666666666666667,5.555555555555555,0.0016076480014033453,0.005170996717547368,0.16151202749140894,0.010309278350515464,0.0,0.0,2.139655172413793,4.0,0.003436426116838488,0.1013745704467354,5.3883161512027495,0.14466657005515893,0.7040710707335971,0.003101183493340356,4.052287581699346,0.7813659514553966,0.063573883161512,0.9914089347079038,0.9916666666666668,1.213435500045307,30,False,2878.0
3,sparse_er,sparse_er_15,15,19,3143225821,2899122717,"[65, 157, 160, 196, 223, 248, 257, 286, 291, 309, 317, 329, 330, 358, 437, 445, 465, 495]","[463, 151, 209, 95, 489, 35, 399, 525, 186, 321, 239, 319, 471, 383, 416, 273, 484, 412]",600,18,0.8,0.01,,,,,,,,5.958333333333333,0.4075830026940729,0.9966666666666667,0.20666666666666667,6.555555555555555,0.0018597687265133288,0.005056142360514095,0.18900343642611683,0.010309278350515464,0.0,0.0,2.1206896551724137,4.0,0.003436426116838488,0.14261168384879724,5.922680412371134,0.16354444670210605,0.6592910670664986,0.003155885508826686,3.764705882352941,0.8215642804288972,0.056701030927835,0.2663230240549828,0.2883333333333333,1.2578177920076996,30,False,1586.0
3,sparse_er,sparse_er_15,15,20,3143225821,3327189459,"[16, 118, 124, 145, 148, 176, 231, 283, 328, 336, 344, 351, 377, 425, 429, 431, 503, 505]","[424, 281, 94, 422, 212, 6, 346, 566, 313, 505, 474, 524, 206, 221, 459, 230, 9, 446]",600,18,0.8,0.01,,,,,,,,5.958333333333333,0.4075830026940729,0.9966666666666667,0.20666666666666667,5.444444444444445,0.001551804264548312,0.005540341936480573,0.1563573883161512,0.00859106529209622,0.0,0.0,2.1879310344827587,4.0,0.003436426116838488,0.11512027491408934,5.592783505154639,0.13835186824245735,0.712901680359139,0.0030237736120089062,3.9607843137254903,0.7229993881137979,0.0670103092783505,0.9896907216494846,0.99,1.2419142500730231,30,False,2878.0
3,sparse_er,sparse_er_15,15,21,3143225821,3385541186,"[32, 65, 70, 92, 126, 150, 164, 165, 171, 210, 333, 348, 382, 392, 398, 488, 528, 542]","[462, 463, 575, 561, 4, 260, 368, 227, 532, 263, 18, 157, 380, 171, 201, 515, 547, 540]",600,18,0.8,0.01,,,,,,,,5.958333333333333,0.4075830026940729,0.9966666666666667,0.20666666666666667,5.777777777777778,0.0016549225665785261,0.00409608134022913,0.15292096219931273,0.010309278350515464,0.003436426116838488,0.0,2.225862068965517,4.0,0.003436426116838488,0.10652920962199312,5.549828178694158,0.13897718970824147,0.7184023280160406,0.007963577816518994,3.7320261437908497,0.7631977170872987,0.0652920962199312,0.3934707903780068,0.4116666666666667,1.2522903749486431,30,False,1716.0
3,sparse_er,sparse_er_15,15,22,3143225821,3820883753,"[0, 64, 65, 185, 203, 230, 237, 258, 297, 393, 415, 423, 434, 443, 476, 488, 546, 562]","[89, 556, 463, 138, 129, 155, 479, 48, 543, 0, 571, 59, 534, 381, 210, 515, 433, 334]",600,18,0.8,0.01,,,,,,,,5.958333333333333,0.4075830026940729,0.9966666666666667,0.20666666666666667,5.111111111111111,0.0014914906436909801,0.004896781040284022,0.14261168384879724,0.012027491408934709,0.0,0.0,2.246551724137931,4.0,0.003436426116838488,0.09621993127147767,5.161512027491409,0.13188108591982234,0.7357973868966292,0.005525565574585182,3.8562091503267975,0.7521826697845972,0.0446735395189003,0.0962199312714776,0.1233333333333333,0.8794672079384327,21,True,1438.0
3,sparse_er,sparse_er_15,15,23,3143225821,857223577,"[29, 46, 134, 177, 185, 213, 214, 242, 250, 255, 318, 345, 377, 471, 476, 479, 531, 571]","[286, 161, 198, 369, 138, 428, 409, 199, 405, 536, 13, 162, 206, 358, 210, 339, 237, 595]",600,18,0.8,0.01,,,,,,,,5.958333333333333,0.4075830026940729,0.9966666666666667,0.20666666666666667,5.333333333333333,0.0015432284738025309,0.002925161475609733,0.14948453608247422,0.005154639175257732,0.0,0.0,2.212068965517241,4.0,0.003436426116838488,0.08934707903780069,5.147766323024055,0.1345584697692147,0.7242282827924363,0.0021060275962236745,3.947712418300654,0.6938161064429987,0.0601374570446735,0.1872852233676976,0.2116666666666666,1.240949375089258,30,False,1482.0
3,sparse_er,sparse_er_15,15,24,3143225821,1196262435,"[62, 64, 78, 97, 149, 176, 180, 225, 260, 264, 279, 332, 508, 530, 549, 566, 586, 595]","[248, 556, 569, 389, 225, 6, 56, 456, 464, 93, 583, 37, 507, 466, 477, 317, 506, 366]",600,18,0.8,0.01,,,,,,,,5.958333333333333,0.4075830026940729,0.9966666666666667,0.20666666666666667,5.833333333333333,0.0016604787457239016,0.004890962910183349,0.16151202749140894,0.013745704467353952,0.001718213058419244,0.0,2.156896551724138,4.0,0.003436426116838488,0.10652920962199312,5.517182130584192,0.14475827636119817,0.7040888147582968,0.005263608940079528,3.843137254901961,0.798076984751793,0.0670103092783505,0.986254295532646,0.9866666666666668,1.217120832996443,30,False,2878.0
3,sparse_er,sparse_er_15,15,25,3143225821,2914051142,"[3, 51, 53, 85, 178, 271, 288, 306, 333, 349, 357, 390, 407, 416, 426, 433, 447, 534]","[241, 427, 357, 188, 544, 166, 143, 550, 18, 233, 279, 598, 340, 285, 3, 469, 7, 134]",600,18,0.8,0.01,,,,,,,,5.958333333333333,0.4075830026940729,0.9966666666666667,0.20666666666666667,5.888888888888889,0.001686957234848562,0.0044502366000917955,0.15807560137457044,0.012027491408934709,0.003436426116838488,0.0,2.213793103448276,4.0,0.003436426116838488,0.1254295532646048,5.510309278350515,0.14249814827795096,0.7098201347362942,0.008705986798926762,3.758169934640523,0.6813438580685958,0.0601374570446735,0.2285223367697594,0.2516666666666666,1.2627785420045257,30,False,1584.0
3,sparse_er,sparse_er_15,15,26,3143225821,55124470,"[13, 53, 92, 94, 127, 157, 195, 225, 286, 324, 358, 366, 390, 481, 490, 512, 547, 559]","[77, 357, 561, 574, 84, 151, 149, 456, 525, 250, 383, 163, 598, 415, 564, 510, 330, 150]",600,18,0.8,0.01,,,,,,,,5.958333333333333,0.4075830026940729,0.9966666666666667,0.20666666666666667,5.333333333333333,0.0015443236208396726,0.003477203726052874,0.15807560137457044,0.003436426116838488,0.0,0.0,2.1655172413793102,4.0,0.003436426116838488,0.09278350515463918,5.290378006872852,0.1396884436284071,0.7098911108350929,0.001002673796791444,4.026143790849673,0.7119843408110967,0.0721649484536082,0.9896907216494846,0.99,1.3659389169188216,30,False,2878.0
3,sparse_er,sparse_er_15,15,27,3143225821,2690883584,"[40, 47, 54, 70, 149, 159, 182, 223, 279, 288, 333, 422, 429, 445, 488, 518, 541, 546]","[153, 136, 30, 575, 225, 112, 460, 489, 583, 143, 18, 277, 459, 273, 515, 81, 2, 433]",600,18,0.8,0.01,,,,,,,,5.958333333333333,0.4075830026940729,0.9966666666666667,0.20666666666666667,5.888888888888889,0.001690105927018948,0.00556404980001814,0.16494845360824742,0.015463917525773196,0.001718213058419244,0.0,2.18448275862069,4.0,0.003436426116838488,0.10481099656357389,5.512027491408935,0.14817974967123504,0.6983870681547989,0.0061480367852916875,3.934640522875817,0.6113516750975023,0.0412371134020618,0.1013745704467354,0.1283333333333333,1.6834210410015658,30,False,1444.0
3,sparse_er,sparse_er_15,15,28,3143225821,2090233228,"[74, 119, 168, 180, 195, 219, 261, 298, 306, 346, 382, 407, 432, 472, 518, 531, 557, 574]","[580, 429, 28, 56, 149, 80, 67, 315, 550, 178, 380, 340, 137, 255, 81, 237, 254, 240]",600,18,0.8,0.01,,,,,,,,5.958333333333333,0.4075830026940729,0.9966666666666667,0.20666666666666667,6.0,0.0017073294473178271,0.004863337217721749,0.16666666666666666,0.00859106529209622,0.0,0.0,2.1413793103448278,4.0,0.003436426116838488,0.13573883161512026,5.989690721649485,0.1481123503351161,0.6955361948530498,0.0036751737732129888,3.65359477124183,0.741167622481896,0.0670103092783505,0.9879725085910652,0.9883333333333332,1.442847292055376,26,True,2878.0
3,sparse_er,sparse_er_15,15,29,3143225821,3805343977,"[19, 26, 35, 42, 49, 115, 222, 233, 283, 317, 323, 351, 413, 417, 423, 441, 460, 559]","[404, 542, 576, 299, 88, 142, 146, 107, 566, 239, 262, 524, 538, 298, 59, 353, 228, 150]",600,18,0.8,0.01,,,,,,,,5.958333333333333,0.4075830026940729,0.9966666666666667,0.20666666666666667,5.555555555555555,0.0015726221542222013,0.004348892232662775,0.16151202749140894,0.006872852233676976,0.0,0.0,2.18448275862069,4.0,0.003436426116838488,0.13573883161512026,5.902061855670103,0.14400516474234917,0.7040710707335971,0.0024272387017485056,3.712418300653595,0.7688937030809936,0.0618556701030927,0.9845360824742267,0.985,2.7709119169740006,30,False,2878.0
3,sparse_er,sparse_er_15,15,30,3143225821,2226543374,"[17, 18, 28, 84, 98, 111, 168, 239, 333, 354, 365, 373, 519, 548, 555, 584, 588, 590]","[19, 114, 169, 592, 465, 53, 28, 587, 18, 597, 447, 127, 271, 176, 74, 122, 39, 496]",600,18,0.8,0.01,,,,,,,,5.958333333333333,0.4075830026940729,0.9966666666666667,0.20666666666666667,5.833333333333333,0.0016515135191140068,0.004541056485283637,0.16151202749140894,0.018900343642611683,0.0,0.0,2.189655172413793,4.0,0.003436426116838488,0.11683848797250859,5.776632302405498,0.14814853408774345,0.7039291185359997,0.007209466278093728,3.718954248366013,0.741167622481896,0.063573883161512,0.9845360824742267,0.985,1.7313617090694606,30,False,2878.0
3,sparse_er,sparse_er_15,15,31,3143225821,1505892247,"[48, 73, 118, 135, 174, 227, 255, 296, 303, 346, 360, 382, 390, 395, 430, 461, 522, 571]","[31, 546, 281, 120, 476, 530, 536, 304, 246, 178, 280, 380, 598, 24, 272, 553, 43, 595]",600,18,0.8,0.01,,,,,,,,5.958333333333333,0.4075830026940729,0.9966666666666667,0.20666666666666667,5.944444444444445,0.0016930611818440791,0.005333896995598819,0.16323024054982818,0.01718213058419244,0.0,0.0,2.196551724137931,4.0,0.003436426116838488,0.10824742268041238,5.453608247422681,0.14805960442598917,0.7012142827569483,0.005335151413582786,3.7973856209150325,0.7813659514553966,0.063573883161512,0.2302405498281786,0.2533333333333333,1.6664480000035835,30,False,1534.0
3,sparse_er,sparse_er_15,15,32,3143225821,1908495792,"[35, 48, 71, 128, 134, 153, 250, 265, 286, 310, 377, 387, 457, 505, 511, 532, 558, 566]","[576, 31, 420, 370, 198, 393, 405, 519, 525, 563, 206, 329, 34, 446, 345, 322, 468, 317]",600,18,0.8,0.01,,,,,,,,5.958333333333333,0.4075830026940729,0.9966666666666667,0.20666666666666667,6.222222222222222,0.00175407620094059,0.0048286243171780895,0.17353951890034364,0.013745704467353952,0.001718213058419244,0.0,2.1586206896551725,4.0,0.003436426116838488,0.13058419243986255,5.890034364261169,0.15439942692403535,0.684245080469152,0.00529594435683187,3.738562091503268,0.7995341858234946,0.0584192439862542,0.2577319587628865,0.28,1.619079584022984,30,False,1616.0
3,sparse_er,sparse_er_15,15,33,3143225821,2303434862,"[20, 24, 44, 67, 73, 87, 163, 168, 199, 215, 238, 328, 384, 392, 485, 500, 522, 577]","[1, 578, 596, 364, 546, 50, 485, 28, 128, 439, 301, 313, 106, 171, 392, 216, 43, 105]",600,18,0.8,0.01,,,,,,,,5.958333333333333,0.4075830026940729,0.9966666666666667,0.20666666666666667,6.0,0.001719370501915917,0.005409618515457496,0.17353951890034364,0.00859106529209622,0.0,0.0,2.146551724137931,4.0,0.003436426116838488,0.10481099656357389,5.549828178694158,0.15270995604033882,0.684245080469152,0.002416864181570064,3.8758169934640523,0.7688937030809936,0.0601374570446735,0.9914089347079038,0.9916666666666668,1.6131009999662638,30,False,2878.0
3,sparse_er,sparse_er_15,15,34,3143225821,1566823429,"[24, 41, 77, 107, 170, 260, 288, 289, 371, 386, 393, 397, 421, 425, 436, 490, 536, 578]","[578, 242, 8, 55, 191, 464, 143, 323, 350, 124, 0, 375, 423, 221, 218, 564, 73, 455]",600,18,0.8,0.01,,,,,,,,5.958333333333333,0.4075830026940729,0.9966666666666667,0.20666666666666667,4.722222222222222,0.001405977718794022,0.004128221587170678,0.140893470790378,0.005154639175257732,0.0,0.0,2.2655172413793103,4.0,0.003436426116838488,0.06701030927835051,4.72680412371134,0.1279345061925822,0.738825700445375,0.002095653076045233,4.052287581699346,0.8033960460607992,0.0584192439862542,0.2508591065292096,0.2733333333333333,1.5298380829626694,30,False,1552.0
3,sparse_er,sparse_er_15,15,35,3143225821,493930102,"[52, 70, 83, 119, 185, 251, 277, 294, 303, 328, 359, 360, 387, 396, 410, 464, 468, 521]","[72, 575, 328, 429, 138, 102, 568, 437, 246, 313, 49, 280, 329, 486, 147, 371, 565, 337]",600,18,0.8,0.01,,,,,,,,5.958333333333333,0.4075830026940729,0.9966666666666667,0.20666666666666667,6.0,0.0016982352493582634,0.005263861548078432,0.17010309278350516,0.012027491408934709,0.0,0.0,2.146551724137931,4.0,0.003436426116838488,0.12886597938144329,5.848797250859106,0.15210923538596605,0.6898048748750525,0.0038551045903987085,3.758169934640523,0.7688937030809936,0.0824742268041237,0.9845360824742267,0.985,1.3179847080027685,30,False,2878.0
3,sparse_er,sparse_er_15,15,36,3143225821,3049579880,"[46, 58, 62, 65, 85, 111, 143, 154, 162, 222, 234, 266, 336, 357, 369, 420, 425, 526]","[161, 555, 248, 463, 188, 53, 140, 296, 174, 146, 444, 403, 505, 279, 264, 21, 221, 593]",600,18,0.8,0.01,,,,,,,,5.958333333333333,0.4075830026940729,0.9966666666666667,0.20666666666666667,6.333333333333333,0.0017722549077345906,0.005043522750954512,0.17353951890034364,0.018900343642611683,0.0,0.0,2.15,4.0,0.003436426116838488,0.13917525773195877,6.223367697594502,0.15730648041852816,0.6840617255472553,0.005905743622006597,3.607843137254902,0.7411676224818959,0.0601374570446735,0.2731958762886597,0.295,1.0000837090192365,30,False,1554.0
3,sparse_er,sparse_er_15,15,37,3143225821,2340470456,"[4, 11, 40, 107, 145, 159, 236, 257, 260, 270, 297, 316, 397, 403, 457, 480, 485, 549]","[306, 214, 153, 55, 422, 112, 531, 399, 464, 22, 543, 594, 375, 517, 34, 535, 392, 477]",600,18,0.8,0.01,,,,,,,,5.958333333333333,0.4075830026940729,0.9966666666666667,0.20666666666666667,5.277777777777778,0.001555070957076239,0.004858501531497757,0.15292096219931273,0.006872852233676976,0.0,0.0,2.231034482758621,4.0,0.003436426116838488,0.08419243986254296,4.874570446735395,0.1346649355424319,0.7187217204606349,0.0018362900715841893,4.196078431372549,0.8799308437704958,0.0532646048109965,0.2628865979381443,0.285,0.985929915914312,30,False,1596.0
3,sparse_er,sparse_er_15,15,38,3143225821,1130409845,"[56, 66, 82, 107, 108, 265, 268, 303, 320, 388, 390, 397, 430, 456, 471, 488, 516, 530]","[219, 234, 205, 55, 256, 519, 196, 246, 245, 109, 598, 375, 272, 148, 358, 515, 309, 466]",600,18,0.8,0.01,,,,,,,,5.958333333333333,0.4075830026940729,0.9966666666666667,0.20666666666666667,5.5,0.0015996145915058413,0.004307534334445241,0.14948453608247422,0.012027491408934709,0.001718213058419244,0.0,2.2275862068965515,4.0,0.003436426116838488,0.09621993127147767,5.106529209621993,0.13610154332709112,0.7242637708418357,0.005934062306611325,3.888888888888889,0.7411676224818959,0.0618556701030927,0.2714776632302405,0.2933333333333333,0.9916614160174504,30,False,1596.0
3,sparse_er,sparse_er_15,15,39,3143225821,2319019113,"[76, 92, 190, 207, 241, 250, 316, 335, 353, 361, 374, 430, 437, 439, 483, 493, 516, 588]","[70, 561, 461, 217, 567, 405, 594, 287, 208, 224, 351, 272, 416, 101, 51, 526, 309, 39]",600,18,0.8,0.01,,,,,,,,5.958333333333333,0.4075830026940729,0.9966666666666667,0.20666666666666667,6.055555555555555,0.0017170504060760989,0.00474668337827081,0.15979381443298968,0.01718213058419244,0.0,0.0,2.1758620689655173,4.0,0.003436426116838488,0.10481099656357389,5.6116838487972505,0.14617465689358378,0.7067740771628488,0.0057962008942401095,3.816993464052288,0.8799308437704959,0.0584192439862542,0.9828178694158076,0.9833333333333332,0.9623910840600728,30,False,2878.0
3,sparse_er,sparse_er_15,15,40,3143225821,635358936,"[75, 88, 156, 180, 185, 210, 226, 235, 240, 260, 279, 321, 429, 442, 520, 549, 553, 563]","[173, 307, 457, 56, 138, 263, 503, 133, 508, 464, 583, 181, 459, 470, 308, 477, 511, 338]",600,18,0.8,0.01,,,,,,,,5.958333333333333,0.4075830026940729,0.9966666666666667,0.20666666666666667,5.333333333333333,0.0015443402858680878,0.005088596517305053,0.15807560137457044,0.003436426116838488,0.0,0.0,2.182758620689655,4.0,0.003436426116838488,0.10824742268041238,5.378006872852234,0.13797490367298798,0.7100803804318896,0.0011563599798893917,4.045751633986928,0.7578786557782925,0.0429553264604811,0.0979381443298969,0.125,1.0294333340134472,30,False,1484.0
3,sparse_er,sparse_er_15,15,41,3143225821,2992367035,"[22, 107, 140, 144, 203, 205, 214, 219, 242, 354, 361, 365, 372, 469, 471, 516, 537, 561]","[495, 55, 498, 168, 129, 15, 409, 80, 199, 597, 224, 447, 292, 385, 358, 309, 108, 443]",600,18,0.8,0.01,,,,,,,,5.958333333333333,0.4075830026940729,0.9966666666666667,0.20666666666666667,6.222222222222222,0.0017571150946839803,0.005017510858803596,0.16151202749140894,0.01718213058419244,0.0,0.0,2.2086206896551723,4.0,0.003436426116838488,0.1323024054982818,5.723367697594502,0.14697660474484253,0.7039705212602989,0.005856915415738945,3.6143790849673203,0.6134194484959975,0.0532646048109965,0.2474226804123711,0.27,1.0021508330246434,30,False,1570.0
3,sparse_er,sparse_er_15,15,42,3143225821,187798656,"[15, 28, 36, 65, 157, 224, 230, 244, 251, 268, 321, 329, 362, 424, 439, 440, 465, 466]","[135, 169, 36, 463, 151, 407, 155, 113, 102, 196, 181, 319, 342, 472, 101, 314, 484, 172]",600,18,0.8,0.01,,,,,,,,5.958333333333333,0.4075830026940729,0.9966666666666667,0.20666666666666667,5.777777777777778,0.0016639602683140688,0.0041744909703340756,0.16323024054982818,0.012027491408934709,0.0,0.0,2.1775862068965517,4.0,0.003436426116838488,0.11168384879725086,5.5,0.14660514678853045,0.701226112106748,0.0040094255780530295,3.849673202614379,0.8215642804288972,0.0756013745704467,0.9845360824742267,0.985,0.956896209041588,30,False,2878.0
3,sparse_er,sparse_er_15,15,43,3143225821,58685722,"[53, 146, 165, 172, 209, 254, 266, 269, 275, 303, 304, 324, 351, 378, 406, 430, 460, 463]","[357, 177, 227, 229, 126, 167, 403, 487, 452, 246, 61, 250, 524, 66, 261, 272, 228, 325]",600,18,0.8,0.01,,,,,,,,5.958333333333333,0.4075830026940729,0.9966666666666667,0.20666666666666667,5.611111111111111,0.0015899932231168623,0.003959921014343639,0.16323024054982818,0.010309278350515464,0.0,0.0,2.146551724137931,4.0,0.003436426116838488,0.1323024054982818,5.723367697594502,0.14658765443547275,0.7011610506828492,0.0034222948438634715,3.758169934640523,0.7286953741074931,0.0549828178694158,0.9879725085910652,0.9883333333333332,0.9692611671052872,30,False,2878.0
3,sparse_er,sparse_er_15,15,44,3143225821,2271239813,"[32, 89, 239, 257, 258, 299, 355, 363, 364, 370, 441, 461, 485, 499, 544, 557, 575, 592]","[462, 29, 587, 399, 48, 499, 473, 215, 376, 521, 353, 553, 392, 559, 557, 254, 197, 305]",600,18,0.8,0.01,,,,,,,,5.958333333333333,0.4075830026940729,0.9966666666666667,0.20666666666666667,6.611111111111111,0.001844691929382502,0.005849089111067436,0.17869415807560138,0.020618556701030927,0.001718213058419244,0.0,2.1017241379310345,4.0,0.003436426116838488,0.15463917525773196,6.486254295532646,0.16019981902325217,0.6757634366627039,0.0073428957944528875,3.6209150326797386,0.7631977170872987,0.0670103092783505,0.9828178694158076,0.9833333333333332,0.9757416249485686,30,False,2878.0
3,sparse_er,sparse_er_15,15,45,3143225821,1306381453,"[10, 68, 75, 124, 159, 211, 228, 258, 309, 313, 315, 318, 362, 403, 424, 431, 446, 518]","[372, 231, 173, 94, 112, 482, 266, 48, 321, 258, 501, 13, 342, 517, 472, 230, 406, 81]",600,18,0.8,0.01,,,,,,,,5.958333333333333,0.4075830026940729,0.9966666666666667,0.20666666666666667,5.333333333333333,0.0015409719305677606,0.0038959051639071837,0.14432989690721648,0.010309278350515464,0.001718213058419244,0.0,2.2344827586206897,4.0,0.003436426116838488,0.10652920962199312,5.554982817869416,0.13274848796077526,0.7328814521709814,0.006469123597151279,3.7973856209150325,0.7286953741074931,0.063573883161512,0.2491408934707903,0.2716666666666666,0.994206374976784,30,False,1574.0
3,sparse_er,sparse_er_15,15,46,3143225821,2332130081,"[15, 21, 23, 47, 49, 194, 244, 383, 399, 409, 425, 447, 452, 453, 477, 511, 521, 532]","[135, 440, 283, 136, 88, 331, 113, 130, 355, 500, 221, 7, 175, 361, 520, 345, 337, 322]",600,18,0.8,0.01,,,,,,,,5.958333333333333,0.4075830026940729,0.9966666666666667,0.20666666666666667,5.277777777777778,0.0015285255353863598,0.00445282856704587,0.15120274914089346,0.00859106529209622,0.0,0.0,2.231034482758621,4.0,0.003436426116838488,0.0859106529209622,5.0034364261168385,0.1343283014019615,0.7215311910380846,0.0037793905440964264,4.065359477124183,0.7995341858234946,0.0652920962199312,0.8178694158075601,0.8233333333333334,1.0003403750015425,30,False,2416.0
3,sparse_er,sparse_er_15,15,47,3143225821,2411203824,"[21, 51, 225, 251, 291, 321, 348, 349, 367, 368, 426, 498, 527, 547, 554, 569, 578, 589]","[440, 427, 456, 102, 186, 181, 157, 233, 483, 223, 3, 584, 454, 330, 252, 384, 455, 386]",600,18,0.8,0.01,,,,,,,,5.958333333333333,0.4075830026940729,0.9966666666666667,0.20666666666666667,5.944444444444445,0.0017003327656306523,0.004141879902250001,0.16323024054982818,0.012027491408934709,0.001718213058419244,0.0,2.189655172413793,4.0,0.003436426116838488,0.12199312714776632,5.439862542955327,0.14617234546677316,0.7012793441808471,0.004675353694961537,3.888888888888889,0.7813659514553966,0.0618556701030927,0.972508591065292,0.9733333333333334,0.9985177090857178,30,False,2854.0
3,sparse_er,sparse_er_15,15,48,3143225821,3338487908,"[9, 22, 64, 67, 150, 283, 305, 343, 374, 385, 409, 418, 434, 459, 488, 500, 519, 520]","[17, 495, 556, 364, 260, 566, 180, 195, 351, 232, 500, 475, 534, 274, 515, 216, 271, 308]",600,18,0.8,0.01,,,,,,,,5.958333333333333,0.4075830026940729,0.9966666666666667,0.20666666666666667,5.833333333333333,0.0016742607979717355,0.004479750053250403,0.16494845360824742,0.012027491408934709,0.0,0.0,2.1672413793103447,4.0,0.003436426116838488,0.12027491408934708,5.757731958762887,0.14804768428966522,0.6983220067309001,0.004391015665525469,3.823529411764706,0.7688937030809936,0.063573883161512,0.6529209621993127,0.6633333333333333,1.0057713340502232,30,False,2030.0
3,sparse_er,sparse_er_15,15,49,3143225821,2945070840,"[4, 28, 40, 48, 184, 199, 212, 303, 322, 351, 359, 377, 393, 395, 426, 427, 490, 593]","[306, 169, 153, 31, 438, 128, 539, 246, 419, 524, 49, 206, 0, 24, 3, 64, 564, 504]",600,18,0.8,0.01,,,,,,,,5.958333333333333,0.4075830026940729,0.9966666666666667,0.20666666666666667,6.888888888888889,0.0019401320743520707,0.006334388786503081,0.19243986254295534,0.013745704467353952,0.0,0.0,2.110344827586207,4.0,0.003436426116838488,0.16838487972508592,6.140893470790378,0.1668703514313284,0.6538140781091968,0.0038102537814187175,3.6601307189542482,0.7105271397393951,0.070446735395189,0.9845360824742267,0.985,0.9686585000017658,30,False,2878.0
3,sparse_er,sparse_er_16,16,0,1750240151,1082024514,"[40, 61, 77, 113, 148, 151, 160, 161, 293, 314, 364, 365, 422, 437, 509, 575, 578, 581]","[445, 286, 583, 294, 190, 29, 425, 319, 222, 359, 79, 179, 77, 267, 158, 549, 373, 519]",600,18,0.8,0.01,,,,,,,,5.983333333333333,0.4119944676078434,0.995,0.21666666666666667,5.777777777777778,0.0016091238167070337,0.004767113301351203,0.16494845360824742,0.010309278350515464,0.0,0.0,2.1735395189003435,4.0,0.0,0.12027491408934708,5.922680412371134,0.14585640966255095,0.6984935323029969,0.0033462543266464836,3.8300653594771243,0.895545423087431,0.049828178694158,0.1494845360824742,0.175,0.9807161249918864,27,True,1492.0
3,sparse_er,sparse_er_16,16,1,1750240151,2686389538,"[59, 113, 137, 175, 176, 202, 207, 265, 325, 392, 463, 476, 513, 519, 531, 546, 579, 585]","[322, 294, 465, 296, 581, 212, 342, 311, 480, 202, 215, 323, 355, 597, 41, 442, 186, 346]",600,18,0.8,0.01,,,,,,,,5.983333333333333,0.4119944676078434,0.995,0.21666666666666667,5.944444444444445,0.0016321452747492967,0.005153029147844878,0.17525773195876287,0.005154639175257732,0.0,0.0,2.1219931271477663,4.0,0.0,0.13058419243986255,6.099656357388316,0.15106560270034528,0.6816721968876981,0.0013110799875505758,3.9281045751633985,0.8494729912634852,0.0446735395189003,0.190721649484536,0.215,1.0388298750622198,30,False,1506.0
3,sparse_er,sparse_er_16,16,2,1750240151,3428129503,"[61, 68, 95, 107, 115, 125, 200, 231, 248, 297, 304, 318, 327, 330, 347, 424, 457, 563]","[286, 550, 561, 102, 486, 357, 1, 592, 439, 275, 180, 6, 238, 136, 404, 368, 189, 530]",600,18,0.8,0.01,,,,,,,,5.983333333333333,0.4119944676078434,0.995,0.21666666666666667,6.222222222222222,0.0017021868657644047,0.004679376698327974,0.17697594501718214,0.012027491408934709,0.0,0.0,2.1323024054982818,4.0,0.0,0.12199312714776632,6.053264604810996,0.15660591548071884,0.678602480614653,0.004621685504038446,3.7254901960784315,0.8286498684954352,0.0601374570446735,0.3883161512027491,0.4066666666666667,1.1755989999510348,30,False,1678.0
3,sparse_er,sparse_er_16,16,3,1750240151,570065217,"[65, 94, 99, 134, 150, 223, 262, 330, 340, 432, 453, 461, 492, 496, 497, 519, 577, 596]","[250, 268, 558, 556, 475, 86, 84, 136, 335, 584, 203, 504, 376, 403, 543, 597, 198, 490]",600,18,0.8,0.01,,,,,,,,5.983333333333333,0.4119944676078434,0.995,0.21666666666666667,5.0,0.001404179780061004,0.0024982840065670346,0.14948453608247422,0.005154639175257732,0.0,0.0,2.2199312714776633,5.0,0.0,0.10824742268041238,5.658075601374571,0.13431469271711288,0.7242519414920359,0.0019139357374651491,3.947712418300654,0.9289932003834289,0.0584192439862542,0.9845360824742267,0.985,0.9926126659847796,30,False,2854.0
3,sparse_er,sparse_er_16,16,4,1750240151,2751338351,"[17, 26, 62, 92, 93, 94, 103, 135, 159, 168, 215, 227, 230, 240, 263, 382, 436, 565]","[572, 253, 38, 316, 394, 268, 262, 101, 130, 502, 45, 197, 462, 557, 500, 138, 43, 392]",600,18,0.8,0.01,,,,,,,,5.983333333333333,0.4119944676078434,0.995,0.21666666666666667,5.555555555555555,0.0015381755723467146,0.003584916901966257,0.15120274914089346,0.013745704467353952,0.003436426116838488,0.0,2.2130584192439864,4.0,0.0,0.14432989690721648,6.010309278350515,0.13891999347670736,0.7212236279432901,0.006967623879388584,3.7973856209150325,0.8620976457914331,0.0601374570446735,0.6426116838487973,0.6533333333333333,1.0255542079685256,30,False,1978.0
3,sparse_er,sparse_er_16,16,5,1750240151,2108113779,"[16, 34, 115, 184, 208, 226, 241, 250, 252, 254, 321, 336, 367, 385, 400, 439, 472, 504]","[481, 125, 486, 580, 298, 569, 472, 92, 196, 18, 61, 395, 241, 259, 129, 375, 113, 8]",600,18,0.8,0.01,,,,,,,,5.983333333333333,0.4119944676078434,0.995,0.21666666666666667,5.888888888888889,0.0016042815336675114,0.004772007748635131,0.15292096219931273,0.02577319587628866,0.0,0.0,2.223367697594502,4.0,0.0,0.15292096219931273,6.144329896907217,0.14379452121264524,0.7182012290694442,0.008681221026422265,3.803921568627451,0.7491296593754914,0.0481099656357388,0.4140893470790378,0.4316666666666666,1.0404524999903515,30,False,1732.0
3,sparse_er,sparse_er_16,16,6,1750240151,3413089538,"[58, 67, 75, 88, 94, 132, 133, 163, 283, 315, 336, 341, 383, 416, 436, 455, 486, 513]","[118, 192, 10, 284, 268, 560, 384, 266, 257, 226, 395, 434, 591, 356, 43, 352, 51, 355]",600,18,0.8,0.01,,,,,,,,5.983333333333333,0.4119944676078434,0.995,0.21666666666666667,5.777777777777778,0.0015845356435920473,0.0038149446094513572,0.15807560137457044,0.010309278350515464,0.003436426116838488,0.0,2.2061855670103094,4.0,0.0,0.1563573883161512,5.926116838487973,0.1415616240470234,0.7098733668103933,0.0056117901706136996,3.784313725490196,0.7874356269077962,0.0601374570446735,0.9845360824742267,0.985,1.0093387920642272,30,False,2854.0
3,sparse_er,sparse_er_16,16,7,1750240151,1631593377,"[29, 50, 79, 84, 117, 120, 151, 169, 250, 276, 368, 394, 428, 452, 496, 548, 575, 597]","[596, 363, 50, 531, 62, 171, 29, 587, 92, 350, 418, 337, 424, 389, 403, 524, 549, 87]",600,18,0.8,0.01,,,,,,,,5.983333333333333,0.4119944676078434,0.995,0.21666666666666667,6.833333333333333,0.0018469453630982266,0.005982419053357004,0.18213058419243985,0.022336769759450172,0.0,0.0,2.1305841924398625,4.0,0.0,0.19072164948453607,6.546391752577319,0.1641838453357208,0.6700498607094061,0.006270072360037757,3.6209150326797386,0.8873469548473291,0.0893470790378006,0.9828178694158076,0.9833333333333332,0.9760197079740464,30,False,2854.0
3,sparse_er,sparse_er_16,16,8,1750240151,1120472366,"[28, 31, 63, 82, 116, 191, 241, 305, 308, 310, 331, 342, 358, 359, 410, 420, 421, 498]","[459, 539, 466, 487, 544, 516, 472, 162, 95, 547, 358, 78, 339, 258, 533, 251, 498, 131]",600,18,0.8,0.01,,,,,,,,5.983333333333333,0.4119944676078434,0.995,0.21666666666666667,6.722222222222222,0.001786356459377071,0.006056838291369212,0.18384879725085912,0.012027491408934709,0.001718213058419244,0.0,2.1030927835051547,4.0,0.0,0.218213058419244,7.128865979381444,0.16151053325987585,0.6674474037534527,0.0043992681247583204,3.4836601307189543,0.7809072976695918,0.0687285223367697,0.9810996563573884,0.9816666666666668,1.0029462500242516,30,False,2854.0
3,sparse_er,sparse_er_16,16,9,1750240151,60419329,"[0, 14, 80, 113, 177, 188, 202, 239, 264, 289, 379, 443, 487, 520, 528, 539, 555, 590]","[400, 98, 71, 294, 482, 537, 212, 147, 534, 397, 124, 63, 554, 199, 96, 270, 426, 88]",600,18,0.8,0.01,,,,,,,,5.983333333333333,0.4119944676078434,0.995,0.21666666666666667,7.055555555555555,0.0018784647836222483,0.006207888599631337,0.1958762886597938,0.018900343642611683,0.0,0.0,2.0670103092783507,4.0,0.0,0.18384879725085912,7.0326460481099655,0.1734293134397784,0.6479703793081013,0.0054931932094561845,3.477124183006536,0.8812506295575855,0.056701030927835,0.979381443298969,0.98,1.009133083978668,30,False,2854.0
3,sparse_er,sparse_er_16,16,10,1750240151,415996969,"[104, 141, 151, 208, 248, 284, 330, 332, 339, 415, 454, 467, 516, 524, 531, 548, 579, 585]","[193, 249, 29, 298, 439, 318, 136, 221, 145, 208, 393, 576, 406, 269, 41, 524, 186, 346]",600,18,0.8,0.01,,,,,,,,5.983333333333333,0.4119944676078434,0.995,0.21666666666666667,7.333333333333333,0.001956414661768338,0.008240647822727654,0.20103092783505155,0.018900343642611683,0.003436426116838488,0.0,2.036082474226804,4.0,0.0,0.20446735395189003,7.180412371134021,0.174919859190705,0.6399914828681441,0.007092891622880088,3.4901960784313726,0.7802075036080443,0.070446735395189,0.9810996563573884,0.9816666666666668,1.0247494999784976,30,False,2854.0
3,sparse_er,sparse_er_16,16,11,1750240151,1841676196,"[12, 95, 106, 153, 189, 232, 265, 279, 311, 401, 407, 419, 428, 444, 446, 482, 583, 584]","[105, 561, 513, 217, 94, 461, 311, 586, 143, 54, 154, 112, 424, 563, 40, 517, 273, 478]",600,18,0.8,0.01,,,,,,,,5.983333333333333,0.4119944676078434,0.995,0.21666666666666667,6.0,0.00165233481957592,0.004099705141076006,0.17353951890034364,0.012027491408934709,0.0,0.0,2.147766323024055,4.0,0.0,0.09965635738831616,5.671821305841925,0.1531092817125228,0.6843160565679507,0.004424968640654916,3.8823529411764706,0.8078267457273852,0.0618556701030927,0.2542955326460481,0.2766666666666666,1.170104333083145,30,False,1568.0
3,sparse_er,sparse_er_16,16,12,1750240151,7799650,"[6, 12, 34, 81, 114, 116, 166, 187, 251, 258, 296, 339, 392, 419, 435, 459, 462, 475]","[166, 105, 125, 85, 353, 544, 247, 473, 546, 230, 146, 145, 202, 112, 523, 73, 595, 396]",600,18,0.8,0.01,,,,,,,,5.983333333333333,0.4119944676078434,0.995,0.21666666666666667,5.888888888888889,0.001632561243968698,0.005295883816578107,0.16323024054982818,0.015463917525773196,0.003436426116838488,0.0,2.163230240549828,4.0,0.0,0.13058419243986255,6.130584192439863,0.14864959308223596,0.7010900745840505,0.006914926032573092,3.7712418300653594,0.8143550749655897,0.0807560137457044,0.9845360824742267,0.985,1.2137192089576274,30,False,2854.0
3,sparse_er,sparse_er_16,16,13,1750240151,131716147,"[1, 13, 62, 64, 65, 106, 130, 206, 215, 264, 322, 329, 332, 365, 367, 489, 490, 521]","[148, 491, 38, 470, 250, 513, 385, 365, 45, 534, 204, 278, 221, 179, 241, 133, 427, 492]",600,18,0.8,0.01,,,,,,,,5.983333333333333,0.4119944676078434,0.995,0.21666666666666667,5.666666666666667,0.0015626246943751822,0.003929898072227626,0.15463917525773196,0.01718213058419244,0.0,0.0,2.223367697594502,4.0,0.0,0.13402061855670103,5.939862542955327,0.14144775711994734,0.7154982226401926,0.006347458769604098,3.7516339869281046,0.7809072976695918,0.0549828178694158,0.5893470790378007,0.6016666666666667,1.0227427079807967,30,False,1914.0
3,sparse_er,sparse_er_16,16,14,1750240151,2052389325,"[71, 76, 89, 115, 134, 144, 146, 252, 299, 311, 332, 353, 361, 406, 475, 516, 539, 556]","[348, 388, 506, 486, 556, 483, 182, 196, 99, 143, 221, 156, 464, 468, 396, 406, 270, 390]",600,18,0.8,0.01,,,,,,,,5.983333333333333,0.4119944676078434,0.995,0.21666666666666667,5.722222222222222,0.001566245391408678,0.004357354553309243,0.16323024054982818,0.00859106529209622,0.001718213058419244,0.0,2.1666666666666665,4.0,0.0,0.1254295532646048,5.982817869415808,0.14431811290606703,0.7013503202796458,0.003559300463325231,3.8758169934640523,0.895545423087431,0.0652920962199312,0.986254295532646,0.9866666666666668,0.9931302919285372,30,False,2854.0
3,sparse_er,sparse_er_16,16,15,1750240151,3232038292,"[54, 57, 80, 88, 146, 170, 189, 201, 207, 405, 426, 432, 436, 463, 506, 511, 528, 549]","[367, 4, 71, 284, 182, 243, 94, 409, 342, 413, 194, 584, 43, 215, 74, 121, 96, 289]",600,18,0.8,0.01,,,,,,,,5.983333333333333,0.4119944676078434,0.995,0.21666666666666667,6.444444444444445,0.0017389179212751326,0.005222164474504392,0.17010309278350516,0.015463917525773196,0.003436426116838488,0.0,2.1718213058419242,5.0,0.0,0.15463917525773196,6.450171821305842,0.15304572873556083,0.6898167042248523,0.006731310007883795,3.6209150326797386,0.6655693781902051,0.063573883161512,0.7164948453608248,0.725,1.0447842919966206,30,False,2180.0
3,sparse_er,sparse_er_16,16,16,1750240151,3793630104,"[2, 10, 15, 49, 86, 89, 214, 259, 295, 341, 438, 446, 448, 460, 474, 495, 554, 574]","[114, 185, 371, 315, 408, 506, 280, 444, 21, 434, 443, 40, 227, 447, 228, 306, 505, 469]",600,18,0.8,0.01,,,,,,,,5.983333333333333,0.4119944676078434,0.995,0.21666666666666667,6.888888888888889,0.0018578950568215338,0.00685383721522723,0.18556701030927836,0.013745704467353952,0.0,0.0,2.147766323024055,5.0,0.0,0.1872852233676976,6.608247422680412,0.16297235744258273,0.6646675065505024,0.004267020198392748,3.6209150326797386,0.8078267457273852,0.0515463917525773,0.9810996563573884,0.9816666666666668,1.0268953749909997,30,False,2854.0
3,sparse_er,sparse_er_16,16,17,1750240151,3334226734,"[65, 74, 92, 95, 141, 146, 262, 329, 398, 422, 469, 482, 514, 549, 552, 584, 589, 590]","[250, 327, 316, 561, 249, 182, 84, 278, 320, 77, 532, 517, 455, 289, 308, 478, 467, 88]",600,18,0.8,0.01,,,,,,,,5.983333333333333,0.4119944676078434,0.995,0.21666666666666667,5.833333333333333,0.0016174375967643378,0.004647437464021786,0.16666666666666666,0.013745704467353952,0.0,0.0,2.161512027491409,4.0,0.0,0.13917525773195877,5.943298969072165,0.14991434312481097,0.6955007068036505,0.004709206915089268,3.8366013071895426,0.916368545855481,0.0687285223367697,0.9810996563573884,0.9816666666666668,0.999563500052318,30,False,2854.0
3,sparse_er,sparse_er_16,16,18,1750240151,2582063359,"[30, 59, 144, 170, 262, 269, 295, 304, 306, 307, 362, 382, 475, 522, 534, 557, 571, 589]","[144, 322, 483, 243, 84, 525, 21, 180, 301, 573, 142, 138, 396, 132, 140, 46, 414, 467]",600,18,0.8,0.01,,,,,,,,5.983333333333333,0.4119944676078434,0.995,0.21666666666666667,5.333333333333333,0.0014923203795854756,0.003747227571435414,0.15807560137457044,0.006872852233676976,0.0,0.0,2.1821305841924397,5.0,0.0,0.09965635738831616,5.649484536082475,0.1416751725782716,0.7097550733123954,0.002518650557866244,3.915032679738562,0.882920768559483,0.0549828178694158,0.9879725085910652,0.9883333333333332,1.0190474999835717,30,False,2854.0
3,sparse_er,sparse_er_16,16,19,1750240151,341360053,"[33, 40, 100, 155, 191, 199, 200, 230, 263, 268, 318, 346, 356, 420, 424, 453, 531, 586]","[303, 445, 571, 59, 516, 151, 1, 462, 500, 33, 6, 349, 562, 251, 368, 203, 41, 542]",600,18,0.8,0.01,,,,,,,,5.983333333333333,0.4119944676078434,0.995,0.21666666666666667,6.666666666666667,0.0018021786800061282,0.0066177894521556035,0.17525773195876287,0.013745704467353952,0.0,0.0,2.111683848797251,5.0,0.0,0.16494845360824742,6.714776632302406,0.15653084910906545,0.6813232310686043,0.0037013213195450797,3.5947712418300655,0.7935319521975397,0.0738831615120274,0.9810996563573884,0.9816666666666668,0.9862289580050856,30,False,2854.0
3,sparse_er,sparse_er_16,16,20,1750240151,438723585,"[6, 44, 52, 58, 91, 98, 102, 140, 222, 296, 313, 320, 328, 350, 366, 431, 457, 536]","[166, 381, 477, 118, 218, 429, 338, 457, 528, 146, 453, 42, 575, 361, 313, 60, 189, 518]",600,18,0.8,0.01,,,,,,,,5.983333333333333,0.4119944676078434,0.995,0.21666666666666667,5.666666666666667,0.0015961141136832146,0.0032233937905422443,0.16494845360824742,0.010309278350515464,0.0,0.0,2.1288659793814433,4.0,0.0,0.11168384879725086,5.838487972508591,0.1472745981876561,0.6983574947802994,0.003778991524089563,4.0,0.9624409776794269,0.0601374570446735,0.9810996563573884,0.9816666666666668,1.052989416057244,30,False,2854.0
3,sparse_er,sparse_er_16,16,21,1750240151,2350060163,"[15, 32, 81, 92, 98, 105, 115, 126, 128, 141, 193, 270, 373, 375, 401, 512, 552, 589]","[371, 512, 85, 316, 429, 324, 486, 540, 97, 249, 374, 527, 325, 463, 54, 295, 308, 467]",600,18,0.8,0.01,,,,,,,,5.983333333333333,0.4119944676078434,0.995,0.21666666666666667,5.444444444444445,0.001546586517904487,0.0036982506824325334,0.15292096219931273,0.013745704467353952,0.001718213058419244,0.0,2.240549828178694,4.0,0.0,0.10652920962199312,5.558419243986254,0.1402099968037907,0.7183372665921418,0.00629308962642296,3.8758169934640523,0.9416178549113767,0.0670103092783505,0.2388316151202749,0.2616666666666666,1.0261559169739485,30,False,1570.0
3,sparse_er,sparse_er_16,16,22,1750240151,1344093221,"[52, 62, 81, 84, 106, 116, 236, 254, 266, 294, 347, 360, 369, 467, 525, 544, 579, 592]","[477, 38, 85, 531, 513, 544, 106, 18, 231, 370, 404, 448, 293, 576, 292, 150, 186, 578]",600,18,0.8,0.01,,,,,,,,5.983333333333333,0.4119944676078434,0.995,0.21666666666666667,6.944444444444445,0.0018806994530917883,0.00811474227685658,0.19072164948453607,0.020618556701030927,0.0,0.0,2.0652920962199315,4.0,0.0,0.17353951890034364,6.766323024054983,0.16813480123040153,0.6563396442914515,0.005846754134861947,3.65359477124183,0.7825774366714895,0.056701030927835,0.8539518900343642,0.8583333333333333,1.026985083008185,30,False,2434.0
3,sparse_er,sparse_er_16,16,23,1750240151,155895346,"[15, 16, 39, 100, 136, 184, 217, 221, 224, 231, 259, 294, 296, 371, 405, 447, 522, 565]","[371, 481, 11, 571, 285, 580, 366, 454, 239, 592, 444, 370, 146, 115, 413, 341, 132, 392]",600,18,0.8,0.01,,,,,,,,5.983333333333333,0.4119944676078434,0.995,0.21666666666666667,5.555555555555555,0.0015574235336202613,0.003188528242454407,0.15120274914089346,0.012027491408934709,0.001718213058419244,0.0,2.252577319587629,5.0,0.0,0.13058419243986255,5.587628865979381,0.13814520459872937,0.7212591159926894,0.005316615120536689,3.7516339869281046,0.7259366035439965,0.0773195876288659,0.9828178694158076,0.9833333333333332,0.9743006660137326,30,False,2854.0
3,sparse_er,sparse_er_16,16,24,1750240151,2863941520,"[12, 23, 44, 132, 137, 140, 208, 242, 291, 309, 343, 426, 441, 444, 475, 513, 533, 592]","[105, 494, 381, 560, 465, 457, 298, 205, 69, 89, 234, 194, 242, 563, 396, 355, 28, 578]",600,18,0.8,0.01,,,,,,,,5.983333333333333,0.4119944676078434,0.995,0.21666666666666667,6.388888888888889,0.0017475627740775046,0.005653548892175211,0.17353951890034364,0.01718213058419244,0.0,0.0,2.134020618556701,5.0,0.0,0.15979381443298968,6.420962199312715,0.15511820123414122,0.6841504456707537,0.004711507007688638,3.718954248366013,0.8143550749655897,0.0549828178694158,0.140893470790378,0.1666666666666666,1.057050000061281,30,False,1470.0
3,sparse_er,sparse_er_16,16,25,1750240151,3278226934,"[20, 35, 120, 123, 153, 164, 178, 262, 290, 302, 352, 378, 410, 479, 487, 563, 569, 585]","[164, 165, 171, 347, 217, 599, 421, 84, 328, 137, 510, 451, 533, 331, 554, 530, 24, 346]",600,18,0.8,0.01,,,,,,,,5.983333333333333,0.4119944676078434,0.995,0.21666666666666667,6.777777777777778,0.001809678700204151,0.005201981001941885,0.18900343642611683,0.013745704467353952,0.0,0.0,2.0738831615120277,4.0,0.0,0.15979381443298968,6.824742268041237,0.16592380590404773,0.6591372855191014,0.004632295808766397,3.5163398692810457,0.8412745230233831,0.0601374570446735,0.3436426116838488,0.3633333333333333,1.0141034169355407,30,False,1684.0
3,sparse_er,sparse_er_16,16,26,1750240151,2801767950,"[38, 68, 173, 188, 201, 257, 268, 298, 318, 319, 332, 389, 439, 488, 531, 536, 551, 595]","[372, 550, 23, 537, 409, 377, 33, 582, 6, 214, 221, 291, 375, 511, 41, 518, 282, 135]",600,18,0.8,0.01,,,,,,,,5.983333333333333,0.4119944676078434,0.995,0.21666666666666667,6.388888888888889,0.0017509703120472736,0.0058128297951914485,0.17697594501718214,0.013745704467353952,0.0,0.0,2.104810996563574,4.0,0.0,0.1563573883161512,6.3436426116838485,0.15660994830661587,0.6786202246393527,0.004646959794018618,3.7254901960784315,0.7074834138393914,0.0481099656357388,0.1048109965635738,0.1316666666666666,0.8328014170983806,24,True,1466.0
3,sparse_er,sparse_er_16,16,27,1750240151,3330066218,"[29, 52, 118, 129, 175, 233, 235, 236, 260, 309, 314, 405, 431, 480, 506, 524, 526, 583]","[596, 477, 435, 48, 296, 175, 13, 106, 163, 89, 359, 413, 60, 593, 74, 269, 15, 273]",600,18,0.8,0.01,,,,,,,,5.983333333333333,0.4119944676078434,0.995,0.21666666666666667,6.555555555555555,0.00177078964540535,0.004853182781325006,0.1718213058419244,0.018900343642611683,0.001718213058419244,0.0,2.154639175257732,5.0,0.0,0.17525773195876287,6.493127147766323,0.15605565207465322,0.6868830254745047,0.007603725250784074,3.633986928104575,0.7682826431416439,0.063573883161512,0.9845360824742267,0.985,1.0169422080507502,30,False,2854.0
3,sparse_er,sparse_er_16,16,28,1750240151,1957531386,"[33, 47, 84, 96, 118, 172, 175, 316, 320, 340, 366, 380, 435, 489, 490, 549, 563, 588]","[303, 360, 531, 127, 435, 116, 296, 495, 42, 335, 313, 501, 523, 133, 427, 289, 530, 283]",600,18,0.8,0.01,,,,,,,,5.983333333333333,0.4119944676078434,0.995,0.21666666666666667,6.611111111111111,0.0017867077608377444,0.004849537796635169,0.18900343642611683,0.015463917525773196,0.0,0.0,2.104810996563574,5.0,0.0,0.15463917525773196,6.510309278350515,0.16590060695051884,0.6591313708442016,0.004964207905384376,3.6601307189542482,0.9289932003834288,0.0670103092783505,0.274914089347079,0.2966666666666667,1.0367157500004396,30,False,1576.0
3,sparse_er,sparse_er_16,16,29,1750240151,3316554780,"[35, 38, 114, 178, 217, 301, 322, 327, 359, 363, 369, 380, 423, 460, 532, 547, 563, 589]","[165, 372, 353, 421, 366, 152, 204, 238, 258, 209, 293, 501, 246, 447, 568, 184, 530, 467]",600,18,0.8,0.01,,,,,,,,5.983333333333333,0.4119944676078434,0.995,0.21666666666666667,6.611111111111111,0.001794852555771043,0.005871299713759263,0.19931271477663232,0.005154639175257732,0.0,0.0,2.0738831615120277,4.0,0.0,0.16666666666666666,6.549828178694158,0.16966395516742744,0.6428186974702935,0.001313615864699456,3.69281045751634,0.9750656322073749,0.0738831615120274,0.9828178694158076,0.9833333333333332,0.9769174579996616,30,False,2854.0
3,sparse_er,sparse_er_16,16,30,1750240151,1141130360,"[7, 47, 56, 68, 81, 104, 105, 143, 192, 201, 203, 242, 359, 368, 393, 447, 549, 563]","[181, 360, 302, 550, 85, 193, 324, 224, 139, 409, 590, 205, 258, 418, 433, 341, 289, 530]",600,18,0.8,0.01,,,,,,,,5.983333333333333,0.4119944676078434,0.995,0.21666666666666667,6.111111111111111,0.0016860442907527067,0.003801594399966251,0.1718213058419244,0.013745704467353952,0.0,0.0,2.147766323024055,4.0,0.0,0.11683848797250859,5.920962199312715,0.15362740151635798,0.6869540015733036,0.0036130861534552426,3.7973856209150325,0.6805639657815981,0.070446735395189,0.9845360824742267,0.985,1.000235000043176,30,False,2854.0
3,sparse_er,sparse_er_16,16,31,1750240151,2638723762,"[0, 64, 104, 121, 132, 136, 150, 160, 161, 182, 257, 258, 297, 321, 473, 476, 573, 576]","[400, 470, 193, 111, 560, 285, 475, 425, 319, 287, 377, 230, 275, 61, 474, 323, 351, 261]",600,18,0.8,0.01,,,,,,,,5.983333333333333,0.4119944676078434,0.995,0.21666666666666667,6.555555555555555,0.0018210780760169781,0.004502270709932064,0.18213058419243985,0.012027491408934709,0.001718213058419244,0.0,2.140893470790378,4.0,0.0,0.12027491408934708,6.006872852233677,0.15948778690532142,0.6702687036807022,0.004637781266962351,3.816993464052288,0.9081700776153789,0.0773195876288659,0.986254295532646,0.9866666666666668,1.0055465420009568,30,False,2854.0
3,sparse_er,sparse_er_16,16,32,1750240151,1405222842,"[19, 40, 52, 93, 124, 162, 197, 210, 303, 343, 365, 433, 456, 480, 530, 536, 560, 592]","[416, 445, 477, 394, 76, 256, 272, 64, 128, 234, 179, 161, 485, 593, 488, 518, 344, 578]",600,18,0.8,0.01,,,,,,,,5.983333333333333,0.4119944676078434,0.995,0.21666666666666667,6.833333333333333,0.0018721115777212347,0.006043287720568312,0.19243986254295534,0.012027491408934709,0.0,0.0,2.0807560137457046,4.0,0.0,0.14948453608247422,6.582474226804123,0.16709315805784952,0.6536839552613991,0.0031409339944518722,3.7320261437908497,0.8143550749655897,0.0463917525773195,0.1512027491408934,0.1766666666666666,1.057986916974187,30,False,1496.0
3,sparse_er,sparse_er_16,16,33,1750240151,2940715536,"[17, 31, 59, 84, 145, 177, 194, 223, 296, 346, 350, 355, 374, 457, 514, 527, 528, 555]","[572, 539, 322, 531, 402, 482, 248, 86, 146, 349, 361, 538, 446, 189, 455, 541, 96, 426]",600,18,0.8,0.01,,,,,,,,5.983333333333333,0.4119944676078434,0.995,0.21666666666666667,6.944444444444445,0.0018793990781693563,0.005566684099483776,0.19072164948453607,0.018900343642611683,0.001718213058419244,0.0,2.077319587628866,4.0,0.0,0.15292096219931273,6.668384879725086,0.16872479176658645,0.6563219002667519,0.0072290239859899305,3.5686274509803924,0.8812506295575855,0.0618556701030927,0.211340206185567,0.235,1.0352322090184316,30,False,1534.0
3,sparse_er,sparse_er_16,16,34,1750240151,2726750210,"[25, 51, 111, 119, 204, 212, 249, 256, 258, 288, 416, 431, 460, 463, 487, 488, 555, 598]","[401, 428, 240, 314, 245, 304, 255, 220, 230, 91, 356, 60, 447, 215, 554, 511, 426, 594]",600,18,0.8,0.01,,,,,,,,5.983333333333333,0.4119944676078434,0.995,0.21666666666666667,7.111111111111111,0.001924961763556802,0.006611946221305029,0.19759450171821305,0.01718213058419244,0.001718213058419244,0.0,2.0618556701030926,4.0,0.0,0.18556701030927836,6.93298969072165,0.17362448661664445,0.6452614582039499,0.005028016825351859,3.633986928104575,0.9542425094393249,0.0738831615120274,0.9828178694158076,0.9833333333333332,1.089112124987878,30,False,2854.0
3,sparse_er,sparse_er_16,16,35,1750240151,2451362049,"[20, 97, 109, 151, 159, 260, 308, 312, 345, 364, 390, 396, 407, 414, 493, 530, 532, 599]","[164, 172, 104, 29, 130, 163, 95, 201, 299, 79, 279, 109, 154, 515, 460, 488, 568, 244]",600,18,0.8,0.01,,,,,,,,5.983333333333333,0.4119944676078434,0.995,0.21666666666666667,5.555555555555555,0.0015381795305827897,0.0027100146105131576,0.14776632302405499,0.012027491408934709,0.001718213058419244,0.0,2.2285223367697595,5.0,0.0,0.12886597938144329,5.831615120274914,0.1344971556658986,0.7271383028431843,0.006247256737452816,3.849673202614379,0.7952020911994373,0.049828178694158,0.3848797250859107,0.4033333333333333,1.428209749981761,30,False,1730.0
3,sparse_er,sparse_er_16,16,36,1750240151,3010924869,"[8, 117, 141, 151, 172, 183, 187, 326, 444, 468, 477, 494, 516, 518, 521, 555, 559, 571]","[47, 62, 249, 29, 116, 188, 473, 432, 563, 405, 53, 82, 406, 391, 492, 426, 330, 414]",600,18,0.8,0.01,,,,,,,,5.983333333333333,0.4119944676078434,0.995,0.21666666666666667,7.111111111111111,0.0018859535914388372,0.006076083662225542,0.19243986254295534,0.01718213058419244,0.0,0.0,2.082474226804124,5.0,0.0,0.18384879725085912,6.900343642611684,0.168509901836022,0.6536957846111988,0.004338235527150722,3.6601307189542482,0.8938752840855334,0.0859106529209622,0.9828178694158076,0.9833333333333332,1.0904167919652537,30,False,2854.0
3,sparse_er,sparse_er_16,16,37,1750240151,2393413639,"[2, 7, 14, 49, 73, 144, 176, 193, 198, 231, 307, 359, 448, 485, 495, 524, 533, 593]","[114, 181, 98, 315, 153, 483, 581, 374, 307, 592, 573, 258, 227, 276, 306, 269, 28, 452]",600,18,0.8,0.01,,,,,,,,5.983333333333333,0.4119944676078434,0.995,0.21666666666666667,6.111111111111111,0.0016651265784903824,0.005024404174907795,0.16151202749140894,0.01718213058419244,0.0,0.0,2.147766323024055,5.0,0.0,0.14261168384879724,6.242268041237113,0.14656326459362037,0.7040178386594981,0.005602712465457562,3.738562091503268,0.8494729912634852,0.0515463917525773,0.0979381443298969,0.125,0.788698208052665,22,True,1456.0
3,sparse_er,sparse_er_16,16,38,1750240151,925632271,"[8, 34, 116, 178, 217, 275, 285, 290, 306, 330, 342, 360, 406, 429, 477, 523, 527, 554]","[47, 125, 544, 421, 366, 149, 5, 328, 301, 136, 78, 448, 468, 57, 53, 49, 541, 505]",600,18,0.8,0.01,,,,,,,,5.983333333333333,0.4119944676078434,0.995,0.21666666666666667,5.388888888888889,0.0014872305306797519,0.004819749421550432,0.14776632302405499,0.013745704467353952,0.001718213058419244,0.0,2.2285223367697595,5.0,0.0,0.13573883161512026,5.929553264604811,0.13549272078875826,0.7270909854439851,0.0057309029771544185,3.843137254901961,0.8143550749655897,0.0481099656357388,0.2663230240549828,0.2883333333333333,1.0864158330950886,30,False,1600.0
3,sparse_er,sparse_er_16,16,39,1750240151,1575297819,"[32, 107, 137, 156, 168, 199, 228, 313, 328, 351, 402, 444, 449, 472, 505, 518, 535, 556]","[512, 102, 465, 167, 502, 151, 290, 453, 575, 333, 107, 563, 65, 113, 326, 391, 119, 390]",600,18,0.8,0.01,,,,,,,,5.983333333333333,0.4119944676078434,0.995,0.21666666666666667,6.388888888888889,0.001742386232585458,0.005398770298908122,0.17353951890034364,0.020618556701030927,0.0,0.0,2.118556701030928,5.0,0.0,0.17010309278350516,6.537800687285223,0.1574233727390486,0.6840735548970551,0.006341177264809875,3.627450980392157,0.9037438913275331,0.0652920962199312,0.2147766323024054,0.2383333333333333,1.1877152499509975,30,False,1540.0
3,sparse_er,sparse_er_16,16,40,1750240151,1433883605,"[8, 127, 131, 138, 162, 173, 210, 232, 346, 349, 360, 404, 411, 461, 500, 552, 557, 581]","[47, 458, 263, 183, 256, 23, 64, 461, 349, 410, 448, 52, 134, 504, 438, 308, 46, 519]",600,18,0.8,0.01,,,,,,,,5.983333333333333,0.4119944676078434,0.995,0.21666666666666667,5.611111111111111,0.0015525139418507234,0.00431445229942869,0.1563573883161512,0.012027491408934709,0.001718213058419244,0.0,2.231958762886598,4.0,0.0,0.13402061855670103,5.934707903780069,0.14105800601389415,0.7126946667376428,0.005741734663303291,3.65359477124183,0.7666125041397462,0.0618556701030927,0.9845360824742267,0.985,1.093648249981925,30,False,2854.0
3,sparse_er,sparse_er_16,16,41,1750240151,3807457170,"[56, 83, 270, 307, 324, 359, 363, 373, 399, 425, 432, 496, 521, 541, 545, 568, 577, 580]","[302, 264, 527, 573, 103, 258, 209, 325, 499, 411, 584, 403, 492, 449, 503, 68, 198, 567]",600,18,0.8,0.01,,,,,,,,5.983333333333333,0.4119944676078434,0.995,0.21666666666666667,5.444444444444445,0.0015396568616468436,0.0030506578972963063,0.15463917525773196,0.006872852233676976,0.0,0.0,2.195876288659794,5.0,0.0,0.09278350515463918,5.487972508591065,0.1392251097454845,0.7155041373150924,0.0026094276094276096,3.9673202614379086,0.9081700776153789,0.063573883161512,0.9828178694158076,0.9833333333333332,1.0535839169751853,30,False,2854.0
3,sparse_er,sparse_er_16,16,42,1750240151,2602964394,"[47, 133, 139, 153, 173, 175, 250, 264, 286, 318, 337, 341, 414, 426, 528, 541, 546, 561]","[360, 384, 3, 217, 23, 296, 92, 534, 22, 6, 191, 434, 515, 194, 96, 449, 442, 72]",600,18,0.8,0.01,,,,,,,,5.983333333333333,0.4119944676078434,0.995,0.21666666666666667,6.388888888888889,0.0017161389523607095,0.003754732318949332,0.17010309278350516,0.022336769759450172,0.001718213058419244,0.0,2.156357388316151,5.0,0.0,0.14776632302405499,6.63745704467354,0.15725729026714924,0.6895387145045573,0.007437354712441217,3.6666666666666665,0.8269797294935376,0.0481099656357388,0.2285223367697594,0.2516666666666666,1.0645329589024186,30,True,1530.0
3,sparse_er,sparse_er_16,16,43,1750240151,2397883854,"[119, 127, 148, 154, 238, 262, 290, 293, 321, 338, 341, 348, 378, 424, 448, 455, 494, 545]","[314, 458, 190, 211, 17, 84, 328, 222, 61, 81, 434, 436, 451, 368, 227, 352, 82, 503]",600,18,0.8,0.01,,,,,,,,5.983333333333333,0.4119944676078434,0.995,0.21666666666666667,6.0,0.0016274954198007003,0.0035201625527860733,0.15979381443298968,0.018900343642611683,0.001718213058419244,0.0,2.183848797250859,5.0,0.0,0.13058419243986255,6.201030927835052,0.14665786112563622,0.7068213945620478,0.009864257874638498,3.7450980392156863,0.8812506295575857,0.0532646048109965,0.1563573883161512,0.1816666666666666,1.0553355410229417,29,True,1500.0
3,sparse_er,sparse_er_16,16,44,1750240151,3226362497,"[6, 14, 40, 108, 133, 134, 156, 175, 226, 283, 325, 404, 425, 474, 497, 528, 541, 582]","[166, 98, 445, 123, 384, 556, 167, 296, 569, 257, 480, 52, 411, 228, 543, 96, 449, 508]",600,18,0.8,0.01,,,,,,,,5.983333333333333,0.4119944676078434,0.995,0.21666666666666667,7.222222222222222,0.0019203524621051664,0.005507056289721534,0.19759450171821305,0.01718213058419244,0.001718213058419244,0.0,2.0652920962199315,4.0,0.0,0.18556701030927836,7.130584192439863,0.17333199867229657,0.6453087756031489,0.0060213049764133355,3.496732026143791,0.8034005594395394,0.0515463917525773,0.4810996563573883,0.4966666666666666,1.0723643329693004,30,False,1780.0
3,sparse_er,sparse_er_16,16,45,1750240151,2981613128,"[1, 66, 80, 90, 166, 167, 172, 177, 223, 286, 348, 372, 409, 419, 442, 447, 543, 557]","[148, 100, 71, 398, 247, 159, 116, 482, 86, 22, 436, 210, 415, 112, 489, 341, 585, 46]",600,18,0.8,0.01,,,,,,,,5.983333333333333,0.4119944676078434,0.995,0.21666666666666667,5.833333333333333,0.0016038638666812978,0.00398073567174231,0.15979381443298968,0.006872852233676976,0.0,0.0,2.1718213058419242,4.0,0.0,0.12886597938144329,5.950171821305842,0.1425519894977925,0.7069692614345453,0.0018812278327849262,3.7516339869281046,0.895545423087431,0.056701030927835,0.4707903780068728,0.4866666666666667,1.0380918750306591,30,False,1780.0
3,sparse_er,sparse_er_16,16,46,1750240151,888999472,"[7, 45, 104, 129, 148, 163, 190, 270, 349, 361, 382, 432, 474, 486, 552, 566, 579, 589]","[181, 281, 193, 48, 190, 266, 399, 527, 410, 464, 138, 584, 228, 51, 308, 383, 186, 467]",600,18,0.8,0.01,,,,,,,,5.983333333333333,0.4119944676078434,0.995,0.21666666666666667,6.666666666666667,0.0017998040582051346,0.005454348892052753,0.18041237113402062,0.018900343642611683,0.0,0.0,2.104810996563574,5.0,0.0,0.17525773195876287,6.790378006872852,0.16183692933339483,0.6728593312868558,0.00587075415506788,3.607843137254902,0.8286498684954352,0.070446735395189,0.3384879725085911,0.3583333333333333,1.0581709169782698,30,False,1706.0
3,sparse_er,sparse_er_16,16,47,1750240151,596211344,"[37, 40, 45, 117, 221, 280, 345, 358, 389, 430, 434, 448, 456, 461, 549, 570, 579, 596]","[354, 445, 281, 62, 454, 297, 299, 339, 291, 225, 26, 227, 485, 504, 289, 187, 186, 490]",600,18,0.8,0.01,,,,,,,,5.983333333333333,0.4119944676078434,0.995,0.21666666666666667,7.444444444444445,0.0019922713961399636,0.005883395131236565,0.19415807560137457,0.022336769759450172,0.003436426116838488,0.0,2.075601374570447,4.0,0.0,0.20446735395189003,7.355670103092783,0.173720276573138,0.6506378976879535,0.008512381151700037,3.4052287581699345,0.8620976457914331,0.0670103092783505,0.9828178694158076,0.9833333333333332,1.0413456249516455,30,False,2854.0
3,sparse_er,sparse_er_16,16,48,1750240151,1894836493,"[17, 39, 47, 69, 108, 132, 190, 287, 333, 340, 361, 414, 430, 435, 509, 515, 525, 594]","[572, 11, 360, 526, 123, 560, 399, 552, 430, 335, 464, 515, 225, 523, 158, 565, 292, 56]",600,18,0.8,0.01,,,,,,,,5.983333333333333,0.4119944676078434,0.995,0.21666666666666667,5.722222222222222,0.0015874920408359288,0.0034753864254673844,0.15292096219931273,0.013745704467353952,0.0,0.0,2.2268041237113403,5.0,0.0,0.12027491408934708,5.786941580756014,0.13872129680048306,0.7184437307403398,0.004560898433447453,3.843137254901961,0.7341350717840985,0.0515463917525773,0.1649484536082474,0.19,1.083803458022885,30,False,1506.0
3,sparse_er,sparse_er_16,16,49,1750240151,3402497429,"[18, 70, 90, 130, 145, 195, 276, 325, 348, 378, 389, 399, 458, 465, 471, 486, 546, 585]","[16, 176, 398, 385, 402, 514, 350, 480, 436, 451, 291, 499, 126, 55, 520, 51, 442, 346]",600,18,0.8,0.01,,,,,,,,5.983333333333333,0.4119944676078434,0.995,0.21666666666666667,6.277777777777778,0.001702274063932333,0.0047729153189513575,0.16494845360824742,0.02577319587628866,0.0,0.0,2.163230240549828,4.0,0.0,0.17353951890034364,6.554982817869416,0.15341770487907405,0.6981268224592035,0.007670615513752768,3.6143790849673203,0.7870036229593352,0.0618556701030927,0.1426116838487972,0.1683333333333333,1.0557184170465916,30,False,1490.0
3,sparse_er,sparse_er_17,17,0,3129482623,662016895,"[13, 45, 98, 112, 127, 189, 197, 266, 275, 302, 426, 462, 464, 494, 515, 522, 557, 594]","[209, 523, 405, 73, 424, 62, 338, 555, 276, 264, 499, 181, 444, 134, 120, 179, 464, 440]",600,18,0.8,0.01,,,,,,,,6.106666666666667,0.4092499065223365,0.9983333333333333,0.12333333333333334,7.222222222222222,0.001925826251373092,0.005401114744527736,0.19243986254295534,0.020618556701030927,0.003436426116838488,0.0,2.0927835051546393,4.0,0.0,0.19759450171821305,6.951890034364261,0.17149689412744237,0.6534414535905034,0.007319005271715768,3.4640522875816995,0.8157086211282729,0.0790378006872852,0.9948453608247424,0.995,0.6988595830043778,20,True,2920.0
3,sparse_er,sparse_er_17,17,1,3129482623,1770823775,"[13, 26, 127, 180, 195, 241, 264, 276, 292, 318, 319, 320, 365, 425, 428, 455, 479, 509]","[209, 500, 424, 67, 431, 518, 231, 320, 470, 235, 353, 423, 15, 238, 414, 225, 110, 117]",600,18,0.8,0.01,,,,,,,,6.106666666666667,0.4092499065223365,0.9983333333333333,0.12333333333333334,6.5,0.0017657290042063134,0.00487367147755467,0.1872852233676976,0.013745704467353952,0.0,0.0,2.0996563573883162,4.0,0.0,0.17353951890034364,6.615120274914089,0.1653464286394883,0.6617988892240538,0.0035209545339758416,3.607843137254902,0.7613191156758822,0.070446735395189,0.993127147766323,0.9933333333333332,0.979273208999075,30,False,2920.0
3,sparse_er,sparse_er_17,17,2,3129482623,3305171420,"[32, 97, 146, 218, 245, 334, 345, 346, 348, 380, 387, 420, 481, 488, 526, 544, 560, 567]","[188, 144, 26, 383, 541, 123, 552, 392, 31, 344, 543, 227, 108, 517, 50, 507, 35, 458]",600,18,0.8,0.01,,,,,,,,6.106666666666667,0.4092499065223365,0.9983333333333333,0.12333333333333334,5.944444444444445,0.0016596200826820187,0.005065077744586416,0.17353951890034364,0.00859106529209622,0.001718213058419244,0.0,2.142611683848797,4.0,0.0,0.10996563573883161,5.678694158075602,0.15226356048921214,0.684304227218151,0.004305897443152345,3.895424836601307,0.8599497920915062,0.0618556701030927,1.0,1.0,0.9411212500417604,27,True,2920.0
3,sparse_er,sparse_er_17,17,3,3129482623,2566427249,"[46, 52, 63, 94, 108, 122, 138, 191, 194, 286, 293, 439, 447, 462, 479, 546, 551, 593]","[289, 309, 381, 404, 87, 297, 278, 435, 551, 109, 206, 443, 91, 181, 110, 450, 69, 11]",600,18,0.8,0.01,,,,,,,,6.106666666666667,0.4092499065223365,0.9983333333333333,0.12333333333333334,5.833333333333333,0.0015970200795380103,0.004174836518840835,0.16666666666666666,0.012027491408934709,0.001718213058419244,0.0,2.147766323024055,4.0,0.0,0.1323024054982818,6.027491408934708,0.1486410428689839,0.6955716829024493,0.004403475298272845,3.8562091503267975,0.8720726490194188,0.063573883161512,0.9965635738831616,0.9966666666666668,0.9378711249446496,25,True,2920.0
3,sparse_er,sparse_er_17,17,4,3129482623,2770694393,"[59, 75, 129, 130, 174, 177, 224, 282, 294, 350, 352, 370, 378, 389, 433, 442, 530, 599]","[389, 64, 155, 426, 204, 358, 447, 239, 494, 47, 219, 385, 244, 14, 584, 78, 261, 254]",600,18,0.8,0.01,,,,,,,,6.106666666666667,0.4092499065223365,0.9983333333333333,0.12333333333333334,6.611111111111111,0.001806498762408455,0.006521516858610663,0.18384879725085912,0.013745704467353952,0.001718213058419244,0.0,2.1151202749140894,4.0,0.0,0.15807560137457044,6.427835051546392,0.16167645351889665,0.6674651477781524,0.007003084915426323,3.6862745098039214,0.8920681061268272,0.063573883161512,0.993127147766323,0.9933333333333332,0.6605729169677943,19,True,2920.0
3,sparse_er,sparse_er_17,17,5,3129482623,4165057434,"[16, 109, 133, 146, 147, 151, 196, 242, 243, 306, 312, 316, 322, 336, 417, 453, 490, 533]","[140, 77, 203, 26, 316, 453, 44, 475, 465, 277, 374, 242, 166, 419, 13, 148, 361, 40]",600,18,0.8,0.01,,,,,,,,6.106666666666667,0.4092499065223365,0.9983333333333333,0.12333333333333334,7.055555555555555,0.0018838241915521388,0.006006731460797445,0.20446735395189003,0.010309278350515464,0.0,0.0,2.0412371134020617,4.0,0.0,0.20618556701030927,7.006872852233677,0.17476637522027288,0.6346623607833396,0.002593553761373831,3.5686274509803924,0.8278314780561854,0.049828178694158,1.0,1.0,1.1021485419478267,30,False,2920.0
3,sparse_er,sparse_er_17,17,6,3129482623,458054862,"[31, 34, 79, 91, 95, 125, 171, 190, 192, 253, 297, 339, 425, 450, 452, 522, 547, 556]","[327, 349, 33, 582, 310, 577, 139, 476, 191, 323, 312, 417, 238, 182, 150, 179, 402, 222]",600,18,0.8,0.01,,,,,,,,6.106666666666667,0.4092499065223365,0.9983333333333333,0.12333333333333334,5.111111111111111,0.0014768472649650825,0.002712161021406875,0.14261168384879724,0.012027491408934709,0.0,0.0,2.261168384879725,4.0,0.0,0.09106529209621993,5.096219931271477,0.13214354478832582,0.7357796428719295,0.005391757842738235,4.0,0.8399543349840981,0.0515463917525773,0.2010309278350515,0.225,1.1348294999916106,30,False,1548.0
3,sparse_er,sparse_er_17,17,7,3129482623,3509412592,"[52, 55, 80, 123, 139, 189, 255, 321, 345, 354, 358, 375, 405, 416, 456, 472, 565, 567]","[309, 407, 213, 296, 105, 62, 145, 199, 552, 534, 248, 281, 29, 537, 81, 544, 498, 458]",600,18,0.8,0.01,,,,,,,,6.106666666666667,0.4092499065223365,0.9983333333333333,0.12333333333333334,5.777777777777778,0.0015980008590274054,0.0037948283406778077,0.1563573883161512,0.013745704467353952,0.001718213058419244,0.0,2.2079037800687287,4.0,0.0,0.13402061855670103,5.865979381443299,0.1426303292934815,0.7125941172643445,0.006382203776424623,3.7777777777777777,0.8462231798984566,0.0601374570446735,0.9192439862542956,0.9216666666666666,1.1148307089461014,30,False,2776.0
3,sparse_er,sparse_er_17,17,8,3129482623,1137228599,"[50, 73, 99, 108, 129, 130, 146, 188, 223, 236, 329, 373, 435, 479, 496, 502, 533, 581]","[4, 83, 492, 87, 155, 426, 26, 512, 560, 272, 42, 575, 102, 110, 52, 439, 40, 427]",600,18,0.8,0.01,,,,,,,,6.106666666666667,0.4092499065223365,0.9983333333333333,0.12333333333333334,6.666666666666667,0.001788097096235693,0.0050768225925613445,0.1718213058419244,0.020618556701030927,0.0,0.0,2.140893470790378,4.0,0.0,0.2027491408934708,6.599656357388316,0.1557066984314316,0.6869540015733036,0.005778335006465887,3.581699346405229,0.7298727806850858,0.0549828178694158,0.197594501718213,0.2216666666666666,1.048229124979116,30,False,1528.0
3,sparse_er,sparse_er_17,17,9,3129482623,508309511,"[23, 35, 151, 153, 254, 263, 265, 295, 307, 320, 442, 472, 480, 510, 517, 547, 578, 580]","[379, 216, 453, 308, 411, 549, 342, 513, 299, 423, 78, 544, 159, 48, 12, 402, 318, 256]",600,18,0.8,0.01,,,,,,,,6.106666666666667,0.4092499065223365,0.9983333333333333,0.12333333333333334,5.055555555555555,0.0014230492221450153,0.003532550209596688,0.14261168384879724,0.010309278350515464,0.0,0.0,2.2199312714776633,4.0,0.0,0.1013745704467354,5.465635738831615,0.13089205587637498,0.7358742776703279,0.003311614802387582,3.9934640522875817,0.9363092770900607,0.0429553264604811,0.2027491408934708,0.2266666666666666,1.0261939590563998,30,False,1558.0
3,sparse_er,sparse_er_17,17,10,3129482623,76910964,"[29, 36, 62, 65, 76, 92, 96, 176, 230, 314, 332, 388, 457, 489, 503, 526, 577, 598]","[341, 300, 185, 107, 418, 457, 298, 538, 106, 252, 352, 564, 350, 422, 531, 50, 27, 547]",600,18,0.8,0.01,,,,,,,,6.106666666666667,0.4092499065223365,0.9983333333333333,0.12333333333333334,6.444444444444445,0.0017480273831339196,0.00559868879390074,0.17697594501718214,0.01718213058419244,0.001718213058419244,0.0,2.1151202749140894,4.0,0.0,0.16494845360824742,6.445017182130584,0.15791696935514662,0.678602480614653,0.005605333301411732,3.712418300653595,0.8262277227910485,0.056701030927835,0.218213058419244,0.2416666666666666,0.8205710829934105,23,True,1574.0
3,sparse_er,sparse_er_17,17,11,3129482623,1005416998,"[41, 51, 60, 94, 100, 143, 176, 182, 234, 299, 315, 328, 416, 454, 457, 468, 472, 532]","[479, 377, 524, 404, 193, 6, 538, 340, 336, 291, 288, 92, 537, 436, 350, 420, 544, 286]",600,18,0.8,0.01,,,,,,,,6.106666666666667,0.4092499065223365,0.9983333333333333,0.12333333333333334,7.277777777777778,0.0019188114622109861,0.00701358308321549,0.19415807560137457,0.02577319587628866,0.001718213058419244,0.0,2.0807560137457046,5.0,0.0,0.22164948453608246,7.326460481099656,0.17483538111270056,0.6506260683381538,0.007526030226813327,3.3790849673202614,0.7193536790223101,0.0756013745704467,0.9965635738831616,0.9966666666666668,0.8163929169531912,24,True,2920.0
3,sparse_er,sparse_er_17,17,12,3129482623,4098374473,"[0, 20, 67, 82, 107, 130, 140, 142, 154, 281, 360, 368, 457, 503, 513, 560, 565, 589]","[154, 556, 249, 75, 25, 426, 306, 211, 189, 37, 236, 325, 350, 531, 488, 35, 498, 84]",600,18,0.8,0.01,,,,,,,,6.106666666666667,0.4092499065223365,0.9983333333333333,0.12333333333333334,7.5,0.001985837195102712,0.005913518303431576,0.2027491408934708,0.029209621993127148,0.0,0.0,2.070446735395189,4.0,0.0,0.2027491408934708,7.357388316151202,0.1826531708920911,0.6368862785456998,0.007761914138257244,3.3790849673202614,0.8478269351635935,0.0687285223367697,0.993127147766323,0.9933333333333332,0.9894975409843028,30,False,2920.0
3,sparse_er,sparse_er_17,17,13,3129482623,1514343510,"[1, 2, 76, 96, 109, 141, 179, 192, 238, 279, 292, 319, 344, 363, 482, 558, 563, 568]","[137, 3, 418, 298, 77, 364, 164, 191, 303, 126, 470, 353, 143, 247, 482, 285, 262, 591]",600,18,0.8,0.01,,,,,,,,6.106666666666667,0.4092499065223365,0.9983333333333333,0.12333333333333334,6.611111111111111,0.0017902035564947225,0.004649088517835307,0.18900343642611683,0.013745704467353952,0.001718213058419244,0.0,2.0876288659793816,4.0,0.0,0.14604810996563575,6.36254295532646,0.1658380156639818,0.6591136268195019,0.005089115963728967,3.6470588235294117,0.834100322970544,0.0618556701030927,1.0,1.0,0.9849677919410168,30,False,2920.0
3,sparse_er,sparse_er_17,17,14,3129482623,21871618,"[21, 76, 160, 165, 183, 218, 241, 314, 399, 403, 431, 439, 455, 479, 506, 525, 529, 583]","[190, 418, 223, 233, 354, 383, 518, 252, 525, 467, 446, 443, 225, 110, 398, 115, 305, 99]",600,18,0.8,0.01,,,,,,,,6.106666666666667,0.4092499065223365,0.9983333333333333,0.12333333333333334,7.055555555555555,0.00189327256998081,0.005232153859705769,0.19759450171821305,0.013745704467353952,0.0,0.0,2.09106529209622,4.0,0.0,0.2027491408934708,6.828178694158075,0.17142558238966824,0.6454803011752459,0.00429347341112047,3.5620915032679736,0.7393491361297184,0.0515463917525773,0.9140893470790378,0.9166666666666666,0.9963881250005217,30,False,2700.0
3,sparse_er,sparse_er_17,17,15,3129482623,719590609,"[18, 26, 41, 112, 140, 206, 207, 239, 249, 277, 351, 419, 464, 494, 500, 540, 565, 587]","[483, 500, 479, 73, 306, 118, 406, 229, 98, 585, 593, 570, 444, 134, 96, 521, 498, 331]",600,18,0.8,0.01,,,,,,,,6.106666666666667,0.4092499065223365,0.9983333333333333,0.12333333333333334,6.111111111111111,0.0016806790615786096,0.003502675440261597,0.17697594501718214,0.010309278350515464,0.001718213058419244,0.0,2.1512027491408934,4.0,0.0,0.13402061855670103,6.213058419243986,0.15685672080144503,0.6785255898409543,0.004422048539695599,3.6405228758169934,0.8262277227910485,0.0618556701030927,0.9965635738831616,0.9966666666666668,0.9908854169771076,30,False,2920.0
3,sparse_er,sparse_er_17,17,16,3129482623,2031310607,"[4, 20, 47, 81, 93, 149, 158, 161, 205, 220, 257, 278, 334, 397, 483, 489, 561, 581]","[568, 556, 501, 529, 324, 462, 505, 202, 94, 130, 95, 472, 123, 122, 271, 422, 530, 427]",600,18,0.8,0.01,,,,,,,,6.106666666666667,0.4092499065223365,0.9983333333333333,0.12333333333333334,7.055555555555555,0.0018793532114182309,0.005761819519571172,0.19243986254295534,0.018900343642611683,0.003436426116838488,0.0,2.097938144329897,4.0,0.0,0.18900343642611683,6.975945017182131,0.1697221902544535,0.6535952351379006,0.007489889323799358,3.496732026143791,0.8999407063063226,0.063573883161512,0.993127147766323,0.9933333333333332,0.6785363339586183,19,True,2920.0
3,sparse_er,sparse_er_17,17,17,3129482623,2198809376,"[2, 14, 68, 77, 84, 85, 167, 207, 314, 358, 366, 414, 445, 463, 473, 484, 588, 597]","[3, 111, 293, 580, 561, 563, 304, 406, 252, 248, 410, 18, 545, 311, 365, 21, 387, 41]",600,18,0.8,0.01,,,,,,,,6.106666666666667,0.4092499065223365,0.9983333333333333,0.12333333333333334,6.5,0.0017745240174427334,0.005266455526154464,0.18213058419243985,0.018900343642611683,0.0,0.0,2.118556701030928,4.0,0.0,0.1323024054982818,5.946735395189004,0.16159491693105868,0.6701918129070036,0.00587475008269642,3.8627450980392157,0.8357040782356809,0.049828178694158,0.3144329896907216,0.335,1.251665125018917,30,False,1676.0
3,sparse_er,sparse_er_17,17,18,3129482623,1905112827,"[3, 24, 174, 199, 229, 295, 310, 320, 342, 358, 363, 383, 390, 404, 443, 571, 585, 597]","[557, 367, 204, 454, 275, 513, 119, 423, 151, 248, 247, 266, 246, 412, 461, 280, 234, 41]",600,18,0.8,0.01,,,,,,,,6.106666666666667,0.4092499065223365,0.9983333333333333,0.12333333333333334,5.0,0.0014565440832356473,0.0032680524886939608,0.13402061855670103,0.013745704467353952,0.0,0.0,2.310996563573883,4.0,0.0,0.07388316151202749,4.936426116838488,0.1255504266112269,0.7504835246730663,0.005809731299927378,4.0130718954248366,0.8019820089352232,0.0601374570446735,0.9914089347079038,0.9916666666666668,1.090455583995208,26,True,2920.0
3,sparse_er,sparse_er_17,17,19,3129482623,2731187002,"[82, 114, 159, 167, 242, 260, 285, 301, 318, 330, 341, 357, 478, 521, 533, 569, 582, 595]","[75, 51, 326, 304, 475, 220, 329, 313, 235, 528, 335, 79, 317, 187, 40, 558, 245, 400]",600,18,0.8,0.01,,,,,,,,6.106666666666667,0.4092499065223365,0.9983333333333333,0.12333333333333334,6.111111111111111,0.0016776753460123303,0.004276177066878905,0.18213058419243985,0.006872852233676976,0.0,0.0,2.127147766323024,4.0,0.0,0.14948453608247422,6.237113402061856,0.1586634567762182,0.6702627890058023,0.002122060945590357,3.7712418300653594,0.8462231798984566,0.0670103092783505,0.9914089347079038,0.9916666666666668,1.0122357500949877,25,True,2920.0
3,sparse_er,sparse_er_17,17,20,3129482623,1006003508,"[36, 43, 53, 124, 142, 145, 209, 274, 277, 300, 310, 355, 434, 445, 459, 470, 510, 579]","[300, 449, 346, 125, 211, 162, 347, 390, 585, 265, 119, 101, 17, 545, 208, 460, 48, 5]",600,18,0.8,0.01,,,,,,,,6.106666666666667,0.4092499065223365,0.9983333333333333,0.12333333333333334,5.277777777777778,0.0015114244717102058,0.003753180048165202,0.15120274914089346,0.012027491408934709,0.0,0.0,2.231958762886598,4.0,0.0,0.10309278350515463,5.252577319587629,0.1385567078892354,0.7212177132683902,0.004196729196729196,4.071895424836601,0.8157086211282728,0.0395189003436426,0.0670103092783505,0.095,1.2975302910199389,30,False,1484.0
3,sparse_er,sparse_er_17,17,21,3129482623,3780765582,"[7, 71, 107, 127, 149, 162, 172, 181, 232, 257, 264, 345, 366, 370, 381, 423, 497, 542]","[355, 132, 25, 424, 462, 263, 452, 481, 487, 95, 231, 552, 410, 385, 201, 504, 576, 502]",600,18,0.8,0.01,,,,,,,,6.106666666666667,0.4092499065223365,0.9983333333333333,0.12333333333333334,6.277777777777778,0.0016809409381033829,0.004099168111086478,0.17010309278350516,0.015463917525773196,0.001718213058419244,0.0,2.140893470790378,5.0,0.0,0.18041237113402062,6.683848797250859,0.15347672407793472,0.6897161547515541,0.0054666194372076735,3.6470588235294117,0.7170779447126487,0.0773195876288659,0.993127147766323,0.9933333333333332,0.7048845839453861,17,True,2920.0
3,sparse_er,sparse_er_17,17,22,3129482623,39305014,"[20, 37, 57, 139, 144, 151, 165, 186, 230, 245, 307, 332, 345, 386, 401, 548, 564, 587]","[556, 466, 274, 105, 567, 453, 233, 375, 106, 541, 299, 352, 552, 230, 491, 86, 255, 331]",600,18,0.8,0.01,,,,,,,,6.106666666666667,0.4092499065223365,0.9983333333333333,0.12333333333333334,6.111111111111111,0.0016706181851661708,0.004310441578453017,0.17010309278350516,0.015463917525773196,0.0,0.0,2.134020618556701,5.0,0.0,0.13573883161512026,6.281786941580756,0.15374401524988168,0.6897161547515541,0.0047390608665118465,3.69281045751634,0.7498682377924941,0.0618556701030927,0.9914089347079038,0.9916666666666668,1.193828666000627,30,False,2920.0
3,sparse_er,sparse_er_17,17,23,3129482623,1335660878,"[56, 79, 139, 207, 218, 260, 316, 355, 362, 393, 395, 416, 443, 460, 465, 510, 535, 597]","[587, 33, 105, 406, 383, 220, 242, 101, 588, 351, 168, 537, 461, 138, 594, 48, 273, 41]",600,18,0.8,0.01,,,,,,,,6.106666666666667,0.4092499065223365,0.9983333333333333,0.12333333333333334,6.0,0.0016475722768879843,0.004361440038406587,0.1563573883161512,0.022336769759450172,0.0,0.0,2.1821305841924397,4.0,0.0,0.13917525773195877,5.903780068728523,0.14624565137439424,0.712398932992648,0.007718715561852816,3.718954248366013,0.8078360209487772,0.0446735395189003,0.0876288659793814,0.115,1.220540374983102,29,True,1470.0
3,sparse_er,sparse_er_17,17,24,3129482623,418965159,"[64, 66, 118, 157, 160, 164, 203, 212, 220, 252, 334, 359, 390, 408, 423, 506, 514, 547]","[380, 49, 173, 345, 223, 540, 348, 569, 130, 536, 123, 583, 246, 490, 504, 398, 146, 402]",600,18,0.8,0.01,,,,,,,,6.106666666666667,0.4092499065223365,0.9983333333333333,0.12333333333333334,5.888888888888889,0.0016353432822618823,0.0035181099100260213,0.16323024054982818,0.012027491408934709,0.0,0.0,2.1666666666666665,4.0,0.0,0.10652920962199312,5.683848797250859,0.14717303981591762,0.70111373328365,0.0038992832533778325,3.803921568627451,0.9684275911253816,0.0463917525773195,0.2010309278350515,0.225,1.0052007080521437,24,True,1534.0
3,sparse_er,sparse_er_17,17,25,3129482623,96491587,"[125, 148, 194, 209, 233, 251, 324, 334, 340, 359, 371, 404, 411, 483, 488, 505, 518, 538]","[577, 226, 551, 347, 23, 147, 391, 123, 85, 583, 357, 412, 268, 271, 517, 432, 257, 510]",600,18,0.8,0.01,,,,,,,,6.106666666666667,0.4092499065223365,0.9983333333333333,0.12333333333333334,7.055555555555555,0.0018929995960302816,0.005575772536610946,0.18213058419243985,0.027491408934707903,0.001718213058419244,0.0,2.0876288659793816,4.0,0.0,0.17525773195876287,7.0326460481099655,0.1667823351438553,0.6699079085118087,0.012264662480925455,3.4052287581699345,0.8078360209487772,0.0807560137457044,0.9948453608247424,0.995,0.6334410839481279,15,True,2920.0
3,sparse_er,sparse_er_17,17,26,3129482623,2147257020,"[64, 120, 122, 129, 214, 269, 323, 350, 362, 377, 436, 466, 505, 559, 566, 571, 583, 592]","[380, 539, 297, 155, 395, 484, 343, 47, 588, 509, 157, 495, 432, 516, 363, 280, 99, 574]",600,18,0.8,0.01,,,,,,,,6.106666666666667,0.4092499065223365,0.9983333333333333,0.12333333333333334,6.166666666666667,0.001676257457728427,0.005002765401202263,0.17869415807560138,0.010309278350515464,0.001718213058419244,0.0,2.1219931271477663,4.0,0.0,0.13745704467353953,6.283505154639175,0.15745791657410496,0.6758166687368029,0.003528575922796769,3.718954248366013,0.8783414939337775,0.0687285223367697,0.3865979381443299,0.405,1.2390085000079123,30,False,1740.0
3,sparse_er,sparse_er_17,17,27,3129482623,3378448272,"[35, 44, 112, 142, 160, 188, 205, 226, 258, 336, 431, 435, 439, 496, 499, 542, 547, 588]","[216, 180, 73, 211, 223, 512, 94, 197, 16, 419, 446, 102, 443, 52, 294, 502, 402, 387]",600,18,0.8,0.01,,,,,,,,6.106666666666667,0.4092499065223365,0.9983333333333333,0.12333333333333334,6.611111111111111,0.0017660820845950631,0.00462276772780618,0.18384879725085912,0.013745704467353952,0.0,0.0,2.0807560137457046,4.0,0.0,0.16838487972508592,6.609965635738831,0.1623543245595143,0.6674119157040533,0.004238701513788019,3.6993464052287583,0.6935042099013479,0.0773195876288659,0.9965635738831616,0.9966666666666668,1.0424253329401836,25,True,2920.0
3,sparse_er,sparse_er_17,17,28,3129482623,3591061215,"[6, 54, 145, 202, 224, 308, 309, 324, 330, 344, 392, 418, 451, 496, 512, 549, 551, 590]","[267, 403, 162, 177, 447, 97, 508, 391, 528, 143, 269, 415, 74, 52, 218, 477, 69, 88]",600,18,0.8,0.01,,,,,,,,6.106666666666667,0.4092499065223365,0.9983333333333333,0.12333333333333334,5.166666666666667,0.0014755848277690849,0.002896665274545566,0.14432989690721648,0.012027491408934709,0.0,0.0,2.283505154639175,4.0,0.0,0.08075601374570447,4.981099656357388,0.1321474162066561,0.7329346842450805,0.005415971102245612,4.052287581699346,0.8262277227910485,0.0670103092783505,0.9948453608247424,0.995,1.2776002089958638,30,False,2920.0
3,sparse_er,sparse_er_17,17,29,3129482623,2585214355,"[63, 109, 118, 149, 155, 177, 193, 221, 269, 308, 398, 420, 446, 461, 501, 513, 556, 573]","[381, 77, 173, 462, 572, 358, 356, 198, 484, 97, 167, 227, 217, 332, 322, 488, 222, 596]",600,18,0.8,0.01,,,,,,,,6.106666666666667,0.4092499065223365,0.9983333333333333,0.12333333333333334,7.111111111111111,0.0018941119679486372,0.005852836192927768,0.18213058419243985,0.018900343642611683,0.001718213058419244,0.0,2.1151202749140894,5.0,0.0,0.20103092783505155,6.8367697594501715,0.16229746067353254,0.6701563248576042,0.0056905592805246786,3.607843137254902,0.5423889951693761,0.063573883161512,0.9965635738831616,0.9966666666666668,1.544944041990675,30,False,2920.0
3,sparse_er,sparse_er_17,17,30,3129482623,391792034,"[0, 11, 12, 23, 28, 59, 75, 156, 157, 232, 240, 285, 303, 321, 352, 402, 492, 525]","[154, 371, 112, 379, 186, 389, 64, 384, 345, 487, 369, 329, 258, 199, 219, 20, 526, 115]",600,18,0.8,0.01,,,,,,,,6.106666666666667,0.4092499065223365,0.9983333333333333,0.12333333333333334,6.0,0.0016468511015522561,0.004415789860367001,0.17353951890034364,0.012027491408934709,0.0,0.0,2.1082474226804124,4.0,0.0,0.1254295532646048,6.049828178694158,0.15391792546795174,0.6842687391687516,0.0036159918512859686,3.7712418300653594,0.8799452491989145,0.070446735395189,0.9965635738831616,0.9966666666666668,2.058416834101081,21,True,2920.0
3,sparse_er,sparse_er_17,17,31,3129482623,1419747076,"[18, 33, 34, 44, 72, 95, 97, 254, 270, 272, 294, 316, 330, 444, 504, 510, 524, 566]","[483, 232, 349, 180, 142, 310, 144, 411, 330, 581, 494, 242, 528, 442, 459, 48, 176, 363]",600,18,0.8,0.01,,,,,,,,6.106666666666667,0.4092499065223365,0.9983333333333333,0.12333333333333334,5.944444444444445,0.0016465970116658914,0.005756629990734865,0.15979381443298968,0.010309278350515464,0.0,0.0,2.2336769759450172,5.0,0.0,0.14261168384879724,5.8883161512027495,0.14282176279984182,0.7069337733851458,0.0028963219274637957,3.6993464052287583,0.9041909630547398,0.0670103092783505,1.0,1.0,1.7370759580517188,29,True,2920.0
3,sparse_er,sparse_er_17,17,32,3129482623,3631471722,"[17, 23, 61, 64, 82, 202, 281, 282, 294, 345, 387, 392, 394, 420, 469, 507, 525, 547]","[399, 379, 429, 380, 75, 177, 37, 239, 494, 552, 543, 269, 469, 227, 114, 373, 115, 402]",600,18,0.8,0.01,,,,,,,,6.106666666666667,0.4092499065223365,0.9983333333333333,0.12333333333333334,5.5,0.0015415070202121637,0.004091827673959653,0.15463917525773196,0.015463917525773196,0.0,0.0,2.2268041237113403,4.0,0.0,0.10824742268041238,5.448453608247423,0.14113749065762018,0.7155632840640914,0.004802885443274591,4.032679738562091,0.7619910947204067,0.0532646048109965,0.950171821305842,0.9516666666666668,1.8298475000774488,30,False,2854.0
3,sparse_er,sparse_er_17,17,33,3129482623,2053888139,"[5, 150, 210, 264, 270, 279, 296, 338, 341, 357, 395, 410, 427, 467, 496, 515, 522, 579]","[192, 586, 394, 231, 330, 126, 421, 546, 335, 79, 168, 592, 224, 535, 52, 120, 179, 5]",600,18,0.8,0.01,,,,,,,,6.106666666666667,0.4092499065223365,0.9983333333333333,0.12333333333333334,6.222222222222222,0.0017168890490537989,0.0037877301328414015,0.17697594501718214,0.015463917525773196,0.0,0.0,2.134020618556701,4.0,0.0,0.13573883161512026,5.998281786941581,0.15878778352998232,0.6784486990672558,0.0049220232755411535,3.784313725490196,0.8341003229705442,0.063573883161512,0.9914089347079038,0.9916666666666668,1.2354226659517735,21,True,2920.0
3,sparse_er,sparse_er_17,17,34,3129482623,4217549712,"[3, 70, 71, 89, 164, 200, 204, 213, 232, 250, 281, 284, 392, 411, 483, 489, 518, 559]","[557, 522, 132, 60, 540, 10, 307, 515, 487, 127, 37, 283, 269, 268, 271, 422, 257, 516]",600,18,0.8,0.01,,,,,,,,6.106666666666667,0.4092499065223365,0.9983333333333333,0.12333333333333334,5.944444444444445,0.0016363062402793601,0.00439894913962779,0.16494845360824742,0.013745704467353952,0.001718213058419244,0.0,2.178694158075601,4.0,0.0,0.14948453608247422,6.092783505154639,0.14950426307282347,0.6982451159572014,0.0049115372644784406,3.712418300653595,0.8019820089352232,0.0618556701030927,0.20446735395189,0.2283333333333333,1.3047057499643415,30,False,1548.0
3,sparse_er,sparse_er_17,17,35,3129482623,737962315,"[16, 110, 123, 223, 308, 309, 372, 391, 414, 424, 442, 476, 482, 535, 541, 580, 583, 589]","[140, 259, 296, 560, 97, 508, 386, 207, 18, 376, 78, 165, 482, 273, 221, 256, 99, 84]",600,18,0.8,0.01,,,,,,,,6.106666666666667,0.4092499065223365,0.9983333333333333,0.12333333333333334,6.166666666666667,0.0017065680672863676,0.005156277013176212,0.17353951890034364,0.013745704467353952,0.0,0.0,2.1666666666666665,5.0,0.0,0.1323024054982818,5.941580756013746,0.15366461789371028,0.6843338005926505,0.004596667522364117,3.718954248366013,0.8019820089352232,0.0756013745704467,0.993127147766323,0.9933333333333332,0.7010278749512509,21,True,2920.0
3,sparse_er,sparse_er_17,17,36,3129482623,555638415,"[2, 30, 40, 44, 46, 124, 147, 148, 181, 200, 261, 343, 381, 453, 496, 511, 557, 558]","[3, 566, 38, 180, 289, 125, 316, 226, 481, 10, 1, 149, 201, 148, 52, 514, 464, 285]",600,18,0.8,0.01,,,,,,,,6.106666666666667,0.4092499065223365,0.9983333333333333,0.12333333333333334,6.277777777777778,0.0016924554900829684,0.004497795707483271,0.16838487972508592,0.012027491408934709,0.0,0.0,2.1305841924398625,4.0,0.0,0.15292096219931273,6.256013745704467,0.1509586283785657,0.692626174802302,0.0034826828944476006,3.69281045751634,0.661385895866027,0.0584192439862542,0.993127147766323,0.9933333333333332,0.9873999579576777,30,False,2920.0
3,sparse_er,sparse_er_17,17,37,3129482623,379698540,"[10, 84, 138, 227, 228, 231, 248, 273, 288, 298, 300, 356, 437, 442, 443, 562, 566, 595]","[478, 561, 278, 36, 156, 595, 511, 195, 8, 175, 265, 133, 68, 78, 461, 599, 363, 400]",600,18,0.8,0.01,,,,,,,,6.106666666666667,0.4092499065223365,0.9983333333333333,0.12333333333333334,5.222222222222222,0.0014675135144249887,0.003050999761913425,0.14948453608247422,0.00859106529209622,0.0,0.0,2.209621993127148,4.0,0.0,0.09450171821305842,5.465635738831615,0.1351968742748044,0.7242756001916355,0.002679455620632091,3.934640522875817,0.8841955059473315,0.0652920962199312,0.6185567010309279,0.63,0.9932234999723732,30,False,2012.0
3,sparse_er,sparse_er_17,17,38,3129482623,3778591224,"[1, 62, 80, 104, 107, 129, 199, 221, 245, 286, 334, 339, 396, 407, 465, 466, 504, 565]","[137, 185, 213, 163, 25, 155, 454, 198, 541, 109, 123, 417, 70, 65, 594, 495, 459, 498]",600,18,0.8,0.01,,,,,,,,6.106666666666667,0.4092499065223365,0.9983333333333333,0.12333333333333334,6.611111111111111,0.0017871903417569267,0.005399899473751874,0.17869415807560138,0.015463917525773196,0.0,0.0,2.1219931271477663,4.0,0.0,0.16323024054982818,6.446735395189004,0.15971583543706616,0.6756806312141053,0.004312656150611012,3.673202614379085,0.9241864201621479,0.0807560137457044,1.0,1.0,0.6366533749969676,19,True,2920.0
3,sparse_er,sparse_er_17,17,39,3129482623,3960656013,"[12, 20, 35, 39, 42, 58, 75, 78, 193, 280, 385, 409, 411, 422, 468, 486, 559, 580]","[112, 556, 216, 19, 128, 196, 64, 397, 356, 54, 486, 433, 268, 174, 420, 519, 516, 256]",600,18,0.8,0.01,,,,,,,,6.106666666666667,0.4092499065223365,0.9983333333333333,0.12333333333333334,6.333333333333333,0.0017301409409871023,0.00590336855491971,0.16323024054982818,0.01718213058419244,0.001718213058419244,0.0,2.149484536082474,4.0,0.0,0.17010309278350516,6.714776632302406,0.14940923978049733,0.7010545865346511,0.00593017186154441,3.581699346405229,0.8783414939337776,0.0773195876288659,0.9948453608247424,0.995,0.5358233749866486,16,True,2920.0
3,sparse_er,sparse_er_17,17,40,3129482623,3313850809,"[26, 46, 53, 54, 73, 122, 142, 146, 167, 217, 271, 314, 316, 335, 350, 379, 381, 593]","[500, 289, 346, 403, 83, 297, 211, 26, 304, 53, 302, 252, 242, 39, 47, 171, 201, 11]",600,18,0.8,0.01,,,,,,,,6.106666666666667,0.4092499065223365,0.9983333333333333,0.12333333333333334,7.0,0.0018695250325476385,0.006179576581454174,0.19072164948453607,0.015463917525773196,0.0,0.0,2.0738831615120277,4.0,0.0,0.19415807560137457,6.706185567010309,0.1666425615904089,0.6565111698635484,0.004460568373486482,3.673202614379085,0.7314765359502229,0.0481099656357388,0.1168384879725085,0.1433333333333333,1.1009614169597626,30,False,1520.0
3,sparse_er,sparse_er_17,17,41,3129482623,1032065850,"[8, 136, 196, 220, 221, 223, 228, 253, 254, 321, 365, 436, 486, 488, 538, 552, 578, 591]","[333, 434, 44, 130, 198, 560, 156, 323, 411, 199, 15, 157, 519, 517, 510, 372, 318, 359]",600,18,0.8,0.01,,,,,,,,6.106666666666667,0.4092499065223365,0.9983333333333333,0.12333333333333334,5.944444444444445,0.0016434746324846146,0.0041244973440098765,0.16838487972508592,0.012027491408934709,0.0,0.0,2.202749140893471,4.0,0.0,0.14261168384879724,5.987972508591065,0.151361114459557,0.6925906867529026,0.00402408956330525,3.6993464052287583,0.8520771919120107,0.0584192439862542,0.274914089347079,0.2966666666666667,1.1287444999907166,30,False,1616.0
3,sparse_er,sparse_er_17,17,42,3129482623,2850335821,"[3, 11, 92, 191, 195, 197, 263, 281, 298, 331, 386, 426, 453, 484, 533, 537, 580, 582]","[557, 371, 457, 435, 431, 338, 549, 37, 175, 194, 230, 499, 148, 21, 40, 279, 256, 245]",600,18,0.8,0.01,,,,,,,,6.106666666666667,0.4092499065223365,0.9983333333333333,0.12333333333333334,5.555555555555555,0.001534009313856135,0.003076964900705802,0.15979381443298968,0.00859106529209622,0.0,0.0,2.1924398625429555,5.0,0.0,0.12371134020618557,5.8951890034364265,0.14412405474834364,0.7068273092369478,0.0031128276226315443,3.8627450980392157,0.8720726490194188,0.0601374570446735,0.1116838487972508,0.1383333333333333,1.1213955000275746,29,True,1494.0
3,sparse_er,sparse_er_17,17,43,3129482623,1689361222,"[34, 50, 83, 153, 164, 170, 219, 221, 256, 275, 435, 443, 452, 537, 553, 570, 576, 592]","[349, 4, 61, 308, 540, 455, 237, 198, 301, 276, 102, 461, 150, 279, 93, 441, 295, 574]",600,18,0.8,0.01,,,,,,,,6.106666666666667,0.4092499065223365,0.9983333333333333,0.12333333333333334,5.722222222222222,0.0016073807107262056,0.0043233052943099865,0.15807560137457044,0.018900343642611683,0.0,0.0,2.2079037800687287,5.0,0.0,0.10996563573883161,5.707903780068729,0.14558729083643104,0.7096781825386967,0.006820847997318586,3.823529411764706,0.8019820089352231,0.063573883161512,0.9965635738831616,0.9966666666666668,0.6979026669869199,20,True,2920.0
3,sparse_er,sparse_er_17,17,44,3129482623,3221511784,"[1, 12, 15, 21, 28, 62, 99, 118, 132, 201, 337, 371, 413, 442, 448, 521, 548, 577]","[137, 112, 493, 190, 186, 185, 492, 173, 136, 7, 260, 357, 250, 78, 506, 187, 86, 27]",600,18,0.8,0.01,,,,,,,,6.106666666666667,0.4092499065223365,0.9983333333333333,0.12333333333333334,5.944444444444445,0.0016073989588584678,0.005308051298624285,0.16151202749140894,0.012027491408934709,0.0,0.0,2.1460481099656357,4.0,0.0,0.16323024054982818,6.278350515463917,0.1439661932764713,0.7042544256554939,0.003980377967455636,3.7712418300653594,0.8520771919120106,0.0515463917525773,0.1494845360824742,0.175,1.0333939999109134,30,False,1492.0
3,sparse_er,sparse_er_17,17,45,3129482623,1778072606,"[2, 53, 73, 74, 117, 189, 222, 243, 305, 341, 403, 414, 468, 475, 509, 513, 536, 597]","[3, 346, 83, 321, 474, 62, 124, 465, 292, 335, 467, 18, 420, 30, 117, 488, 382, 41]",600,18,0.8,0.01,,,,,,,,6.106666666666667,0.4092499065223365,0.9983333333333333,0.12333333333333334,6.444444444444445,0.0017585438066692524,0.0047358600201344615,0.17525773195876287,0.020618556701030927,0.0,0.0,2.1237113402061856,4.0,0.0,0.15979381443298968,6.079037800687285,0.1580352663673801,0.6812759136694052,0.005432094071079077,3.7908496732026142,0.7835903070929519,0.0670103092783505,0.9914089347079038,0.9916666666666668,0.791048749932088,22,True,2920.0
3,sparse_er,sparse_er_17,17,46,3129482623,3684302370,"[14, 32, 86, 142, 163, 179, 255, 279, 289, 331, 345, 346, 352, 358, 441, 495, 517, 571]","[111, 188, 328, 211, 408, 164, 145, 126, 532, 194, 552, 392, 219, 248, 104, 241, 12, 280]",600,18,0.8,0.01,,,,,,,,6.106666666666667,0.4092499065223365,0.9983333333333333,0.12333333333333334,4.944444444444445,0.0014079565562300452,0.0028043839071533847,0.14261168384879724,0.010309278350515464,0.0,0.0,2.2371134020618557,4.0,0.0,0.08934707903780069,5.180412371134021,0.13123234065662676,0.7357973868966292,0.004226818932701285,4.065359477124183,0.8199588778766898,0.0532646048109965,0.2199312714776632,0.2433333333333333,1.060976582928561,30,False,1538.0
3,sparse_er,sparse_er_17,17,47,3129482623,537408564,"[1, 26, 56, 60, 63, 113, 150, 166, 216, 291, 302, 353, 410, 424, 454, 541, 559, 599]","[137, 500, 587, 524, 381, 468, 586, 520, 413, 240, 264, 368, 592, 376, 436, 221, 516, 254]",600,18,0.8,0.01,,,,,,,,6.106666666666667,0.4092499065223365,0.9983333333333333,0.12333333333333334,8.333333333333334,0.0021830798990375797,0.008874612406255717,0.21477663230240548,0.029209621993127148,0.0,0.0,2.0257731958762886,4.0,0.0,0.23539518900343642,7.491408934707904,0.1906674441092762,0.618101271063636,0.0071587255160374804,3.3856209150326797,0.7635948499855435,0.0910652920962199,0.9965635738831616,0.9966666666666668,0.6620375829515979,20,True,2920.0
3,sparse_er,sparse_er_17,17,48,3129482623,2868652393,"[38, 40, 51, 54, 61, 89, 95, 153, 180, 185, 239, 248, 254, 297, 406, 537, 572, 590]","[360, 38, 377, 403, 429, 60, 310, 308, 67, 2, 229, 511, 411, 312, 314, 279, 153, 88]",600,18,0.8,0.01,,,,,,,,6.106666666666667,0.4092499065223365,0.9983333333333333,0.12333333333333334,4.888888888888889,0.001382950836992133,0.002862378991032079,0.13573883161512026,0.012027491408934709,0.0,0.0,2.2783505154639174,5.0,0.0,0.10481099656357389,5.357388316151202,0.12691587310469557,0.7475261872231193,0.0051925198984022515,3.9215686274509802,0.7256225239366688,0.0601374570446735,0.993127147766323,0.9933333333333332,0.9955211250344292,30,False,2920.0
3,sparse_er,sparse_er_17,17,49,3129482623,2195099934,"[14, 130, 151, 162, 167, 182, 222, 246, 305, 307, 394, 425, 433, 468, 543, 554, 558, 562]","[111, 426, 453, 263, 304, 340, 124, 184, 292, 299, 469, 238, 584, 420, 251, 473, 285, 599]",600,18,0.8,0.01,,,,,,,,6.106666666666667,0.4092499065223365,0.9983333333333333,0.12333333333333334,5.333333333333333,0.001508226667195468,0.0031435576126762196,0.13917525773195877,0.012027491408934709,0.0,0.0,2.259450171821306,4.0,0.0,0.12886597938144329,5.457044673539519,0.128520899537537,0.7417475498459227,0.005146233577606127,3.8823529411764706,0.781986551827815,0.063573883161512,0.9965635738831616,0.9966666666666668,0.9934590419288724,30,False,2920.0
3,sparse_er,sparse_er_18,18,0,3410778056,2757450933,"[2, 89, 96, 117, 131, 138, 158, 184, 201, 204, 228, 321, 460, 482, 491, 495, 500, 512]","[82, 583, 502, 85, 291, 264, 541, 78, 302, 194, 500, 247, 472, 445, 186, 21, 213, 290]",600,18,0.8,0.01,,,,,,,,5.9383333333333335,0.4261095945578471,0.9983333333333333,0.08666666666666667,5.277777777777778,0.0015069210310473871,0.0035030629945565516,0.140893470790378,0.010309278350515464,0.001718213058419244,0.0,2.2736660929432015,4.0,0.001718213058419244,0.10996563573883161,5.353951890034364,0.12918899054726038,0.7388020417457755,0.0048683161428259465,3.7908496732026142,0.779164489829863,0.0601374570446735,1.0,1.0,0.6726535420166329,19,True,2872.0
3,sparse_er,sparse_er_18,18,1,3410778056,2917770954,"[39, 93, 108, 110, 153, 208, 291, 339, 394, 414, 441, 472, 476, 491, 492, 592, 595, 598]","[594, 138, 14, 505, 305, 315, 43, 109, 527, 547, 284, 384, 77, 186, 372, 338, 122, 225]",600,18,0.8,0.01,,,,,,,,5.9383333333333335,0.4261095945578471,0.9983333333333333,0.08666666666666667,6.555555555555555,0.0017900805971897342,0.006555529512754591,0.17869415807560138,0.024054982817869417,0.0,0.0,2.125645438898451,4.0,0.001718213058419244,0.16151202749140894,6.491408934707904,0.16148264980121887,0.6756628871894056,0.006850722753260238,3.627450980392157,0.7385702158241387,0.070446735395189,1.0,1.0,0.7768532079644501,23,True,2872.0
3,sparse_er,sparse_er_18,18,2,3410778056,1762100829,"[1, 9, 26, 28, 55, 60, 72, 123, 251, 282, 353, 368, 371, 398, 432, 460, 485, 543]","[28, 586, 339, 425, 580, 296, 183, 293, 430, 322, 228, 460, 353, 96, 233, 472, 227, 222]",600,18,0.8,0.01,,,,,,,,5.9383333333333335,0.4261095945578471,0.9983333333333333,0.08666666666666667,5.777777777777778,0.001627860091183884,0.0044451851845835715,0.15807560137457044,0.010309278350515464,0.0,0.0,2.2048192771084336,4.0,0.001718213058419244,0.12886597938144329,5.835051546391752,0.1425863458286379,0.7097550733123954,0.0028645881010356212,3.7320261437908497,0.7614591267402933,0.0687285223367697,1.0,1.0,0.6541363330325112,19,True,2872.0
3,sparse_er,sparse_er_18,18,3,3410778056,1982360294,"[1, 40, 76, 118, 155, 166, 173, 185, 225, 262, 266, 278, 337, 363, 487, 491, 498, 511]","[28, 426, 114, 410, 332, 6, 593, 412, 195, 170, 0, 199, 145, 304, 441, 186, 107, 319]",600,18,0.8,0.01,,,,,,,,5.9383333333333335,0.4261095945578471,0.9983333333333333,0.08666666666666667,6.333333333333333,0.0017546455041568844,0.0050092188361002266,0.1718213058419244,0.015463917525773196,0.001718213058419244,0.0,2.17039586919105,4.0,0.001718213058419244,0.16666666666666666,6.441580756013746,0.15567848609289034,0.6868238787255059,0.005928711811064752,3.6143790849673203,0.7493046332689931,0.0652920962199312,0.9965635738831616,0.9966666666666668,0.8231057910015807,25,True,2872.0
3,sparse_er,sparse_er_18,18,4,3410778056,2979616083,"[12, 32, 124, 129, 163, 170, 185, 202, 262, 318, 322, 344, 394, 395, 432, 455, 538, 551]","[477, 598, 325, 91, 553, 38, 412, 221, 170, 450, 392, 316, 527, 269, 233, 45, 273, 17]",600,18,0.8,0.01,,,,,,,,5.9383333333333335,0.4261095945578471,0.9983333333333333,0.08666666666666667,5.722222222222222,0.0016110875143904005,0.004491329814676878,0.16151202749140894,0.00859106529209622,0.0,0.0,2.197934595524957,5.0,0.001718213058419244,0.11683848797250859,5.596219931271477,0.14352679281374017,0.7041597908570956,0.0037870411322423704,3.9281045751633985,0.8183386878091413,0.0584192439862542,1.0,1.0,0.990825041080825,29,True,2872.0
3,sparse_er,sparse_er_18,18,5,3410778056,483135017,"[43, 177, 179, 227, 306, 316, 336, 357, 386, 389, 401, 423, 511, 517, 526, 548, 570, 577]","[27, 101, 546, 520, 3, 72, 407, 534, 452, 94, 181, 192, 319, 348, 172, 468, 198, 120]",600,18,0.8,0.01,,,,,,,,5.9383333333333335,0.4261095945578471,0.9983333333333333,0.08666666666666667,7.444444444444445,0.0019817954522667897,0.00671897737449045,0.19931271477663232,0.022336769759450172,0.001718213058419244,0.0,2.0740103270223753,4.0,0.001718213058419244,0.21993127147766323,7.096219931271477,0.17565425339790183,0.6425584517746982,0.006368847275178848,3.477124183006536,0.777744413803417,0.0721649484536082,0.9965635738831616,0.9966666666666668,0.6298109591007233,18,True,2872.0
3,sparse_er,sparse_er_18,18,6,3410778056,3406342848,"[4, 97, 150, 200, 273, 275, 276, 305, 311, 325, 376, 453, 474, 498, 500, 531, 563, 586]","[533, 115, 39, 494, 401, 330, 251, 267, 570, 415, 560, 451, 512, 107, 213, 108, 571, 223]",600,18,0.8,0.01,,,,,,,,5.9383333333333335,0.4261095945578471,0.9983333333333333,0.08666666666666667,6.111111111111111,0.0016995653897320323,0.004390564369431924,0.1718213058419244,0.010309278350515464,0.0,0.0,2.1686746987951806,4.0,0.001718213058419244,0.140893470790378,5.879725085910653,0.1511587811246124,0.6871491858450001,0.003714924274324505,3.869281045751634,0.754488181095578,0.049828178694158,0.20446735395189,0.2283333333333333,1.019373125047423,30,False,1538.0
3,sparse_er,sparse_er_18,18,7,3410778056,2686112684,"[26, 33, 65, 78, 96, 100, 106, 107, 130, 215, 253, 266, 327, 330, 433, 445, 472, 536]","[339, 393, 493, 111, 502, 159, 164, 397, 313, 433, 93, 0, 375, 95, 382, 286, 384, 591]",600,18,0.8,0.01,,,,,,,,5.9383333333333335,0.4261095945578471,0.9983333333333333,0.08666666666666667,6.388888888888889,0.0017754854342727916,0.00547508599746054,0.18213058419243985,0.012027491408934709,0.0,0.0,2.125645438898451,4.0,0.001718213058419244,0.14604810996563575,6.135738831615121,0.16012998633118486,0.6702332156313028,0.0034650319867038128,3.7450980392156863,0.7829279616300019,0.070446735395189,1.0,1.0,0.4867750840494409,14,True,2872.0
3,sparse_er,sparse_er_18,18,8,3410778056,1186964842,"[54, 62, 105, 167, 204, 217, 232, 273, 276, 279, 299, 330, 421, 458, 462, 474, 545, 593]","[539, 297, 24, 411, 194, 9, 89, 401, 251, 359, 554, 95, 312, 281, 458, 512, 73, 31]",600,18,0.8,0.01,,,,,,,,5.9383333333333335,0.4261095945578471,0.9983333333333333,0.08666666666666667,5.555555555555555,0.0015826826341361273,0.003357456265437647,0.14432989690721648,0.022336769759450172,0.001718213058419244,0.0,2.280550774526678,5.0,0.001718213058419244,0.09278350515463918,5.1632302405498285,0.13507234128208429,0.7328814521709814,0.010055714928840649,3.7777777777777777,0.8113677421644259,0.0601374570446735,0.1683848797250859,0.1933333333333333,1.0441973749548197,30,False,1520.0
3,sparse_er,sparse_er_18,18,9,3410778056,1296582688,"[14, 80, 100, 104, 150, 153, 170, 225, 255, 257, 269, 329, 357, 434, 442, 528, 549, 567]","[388, 142, 159, 306, 39, 305, 38, 195, 549, 113, 252, 343, 534, 369, 492, 270, 259, 266]",600,18,0.8,0.01,,,,,,,,5.9383333333333335,0.4261095945578471,0.9983333333333333,0.08666666666666667,5.888888888888889,0.001672800079255022,0.005273879134744054,0.17353951890034364,0.00859106529209622,0.0,0.0,2.161790017211704,4.0,0.001718213058419244,0.13058419243986255,5.958762886597938,0.15244317818101683,0.6842805685185513,0.0032520130559346248,3.7516339869281046,0.8752182488779892,0.063573883161512,0.2577319587628865,0.28,1.019482166972011,30,False,1580.0
3,sparse_er,sparse_er_18,18,10,3410778056,3295929567,"[34, 52, 63, 91, 92, 104, 141, 242, 263, 303, 476, 523, 562, 571, 573, 576, 582, 593]","[18, 272, 555, 351, 481, 306, 363, 203, 26, 576, 77, 211, 354, 60, 376, 341, 387, 31]",600,18,0.8,0.01,,,,,,,,5.9383333333333335,0.4261095945578471,0.9983333333333333,0.08666666666666667,6.0,0.001692861426941613,0.0062935577216925685,0.16838487972508592,0.01718213058419244,0.0,0.0,2.1683848797250858,4.0,0.0,0.15463917525773196,5.979381443298969,0.1521927590222061,0.6925670280533031,0.005149201688994076,3.6470588235294117,0.7684300723850087,0.0790378006872852,1.0,1.0,0.7082731670234352,20,True,2872.0
3,sparse_er,sparse_er_18,18,11,3410778056,3414080230,"[0, 86, 102, 104, 153, 156, 181, 184, 188, 192, 211, 231, 296, 321, 338, 385, 397, 555]","[128, 212, 562, 306, 305, 275, 98, 78, 158, 588, 81, 13, 185, 247, 258, 226, 246, 308]",600,18,0.8,0.01,,,,,,,,5.9383333333333335,0.4261095945578471,0.9983333333333333,0.08666666666666667,5.277777777777778,0.0014828994539610864,0.005155145952477825,0.140893470790378,0.012027491408934709,0.0,0.0,2.2203098106712567,4.0,0.001718213058419244,0.13058419243986255,6.005154639175258,0.13002111754120166,0.7387488096716764,0.004500891265597148,3.764705882352941,0.8183386878091413,0.0652920962199312,1.0,1.0,0.6524066249839962,18,True,2872.0
3,sparse_er,sparse_er_18,18,12,3410778056,914540828,"[3, 4, 52, 67, 79, 136, 157, 221, 222, 223, 262, 317, 398, 422, 457, 534, 567, 587]","[71, 533, 272, 117, 220, 324, 335, 271, 135, 50, 170, 435, 96, 137, 448, 454, 266, 501]",600,18,0.8,0.01,,,,,,,,5.9383333333333335,0.4261095945578471,0.9983333333333333,0.08666666666666667,6.444444444444445,0.0017950531760458994,0.0051422893440763295,0.1872852233676976,0.00859106529209622,0.0,0.0,2.0826161790017212,4.0,0.001718213058419244,0.13745704467353953,6.190721649484536,0.16027085405398506,0.6621655990678472,0.003205381453120177,3.7973856209150325,0.8467784683435652,0.0481099656357388,0.1666666666666666,0.1916666666666666,1.0424034589668736,30,False,1502.0
3,sparse_er,sparse_er_18,18,13,3410778056,2633085448,"[21, 60, 87, 129, 138, 186, 198, 335, 368, 423, 467, 470, 491, 520, 542, 554, 570, 590]","[464, 296, 461, 91, 264, 449, 205, 245, 460, 192, 508, 153, 186, 484, 337, 566, 198, 578]",600,18,0.8,0.01,,,,,,,,5.9383333333333335,0.4261095945578471,0.9983333333333333,0.08666666666666667,6.166666666666667,0.001722279026529351,0.0047166975488177176,0.16494845360824742,0.015463917525773196,0.0,0.0,2.189328743545611,4.0,0.001718213058419244,0.13745704467353953,5.896907216494846,0.14904756840334343,0.6982924333564006,0.004385084103411063,3.764705882352941,0.8360440508987108,0.0549828178694158,0.197594501718213,0.2216666666666666,1.0393014169530943,30,False,1518.0
3,sparse_er,sparse_er_18,18,14,3410778056,542860551,"[8, 44, 153, 154, 157, 162, 181, 203, 208, 271, 278, 296, 363, 451, 467, 474, 531, 550]","[239, 310, 305, 561, 335, 437, 98, 320, 315, 255, 199, 185, 304, 201, 508, 512, 108, 399]",600,18,0.8,0.01,,,,,,,,5.9383333333333335,0.4261095945578471,0.9983333333333333,0.08666666666666667,5.111111111111111,0.001456688069174369,0.003718768084037377,0.15120274914089346,0.006872852233676976,0.0,0.0,2.2048192771084336,4.0,0.001718213058419244,0.08762886597938144,5.309278350515464,0.13592987165781234,0.7213892388404871,0.002218163954034773,4.006535947712418,0.8290731052539955,0.0618556701030927,1.0,1.0,0.762499334057793,22,True,2872.0
3,sparse_er,sparse_er_18,18,15,3410778056,1330383432,"[28, 76, 126, 128, 153, 189, 216, 280, 360, 384, 393, 408, 420, 435, 439, 451, 484, 540]","[425, 114, 418, 154, 305, 474, 331, 86, 540, 165, 405, 49, 345, 232, 364, 201, 489, 565]",600,18,0.8,0.01,,,,,,,,5.9383333333333335,0.4261095945578471,0.9983333333333333,0.08666666666666667,5.833333333333333,0.0016307063682080955,0.003377637496519342,0.15807560137457044,0.022336769759450172,0.0,0.0,2.179001721170396,4.0,0.001718213058419244,0.13058419243986255,5.769759450171821,0.14433476454131047,0.7098497081107937,0.007505725830408644,3.816993464052288,0.807604270364287,0.0670103092783505,1.0,1.0,0.8646411669906229,25,True,2872.0
3,sparse_er,sparse_er_18,18,16,3410778056,1634006532,"[24, 58, 69, 84, 93, 141, 172, 173, 193, 221, 271, 365, 389, 401, 450, 463, 478, 552]","[30, 301, 146, 556, 138, 363, 179, 593, 166, 271, 255, 23, 94, 181, 378, 160, 597, 202]",600,18,0.8,0.01,,,,,,,,5.9383333333333335,0.4261095945578471,0.9983333333333333,0.08666666666666667,6.111111111111111,0.0016788181675633086,0.003932326090083226,0.16838487972508592,0.013745704467353952,0.0,0.0,2.1738382099827884,4.0,0.001718213058419244,0.15292096219931273,6.20446735395189,0.1510554531529699,0.6926616628517014,0.004785247432306255,3.679738562091503,0.7721935441851475,0.063573883161512,0.9965635738831616,0.9966666666666668,0.7486600830452517,22,True,2872.0
3,sparse_er,sparse_er_18,18,17,3410778056,4256737035,"[4, 80, 119, 175, 203, 261, 310, 345, 347, 352, 414, 453, 476, 515, 530, 568, 572, 573]","[533, 142, 263, 467, 320, 403, 110, 131, 346, 200, 547, 451, 77, 577, 148, 358, 123, 376]",600,18,0.8,0.01,,,,,,,,5.9383333333333335,0.4261095945578471,0.9983333333333333,0.08666666666666667,6.666666666666667,0.0018216532830266894,0.0062583515472752205,0.18041237113402062,0.018900343642611683,0.0,0.0,2.125645438898451,4.0,0.001718213058419244,0.18041237113402062,6.584192439862543,0.16208199905225515,0.6728356725872563,0.005942689247187516,3.542483660130719,0.6242160768829772,0.0532646048109965,0.2439862542955326,0.2666666666666666,1.0364194160792977,30,False,1568.0
3,sparse_er,sparse_er_18,18,18,3410778056,4235868209,"[62, 139, 151, 198, 209, 219, 239, 260, 298, 344, 359, 371, 424, 458, 488, 564, 567, 597]","[297, 400, 386, 205, 406, 368, 189, 440, 7, 316, 171, 353, 61, 281, 57, 70, 266, 33]",600,18,0.8,0.01,,,,,,,,5.9383333333333335,0.4261095945578471,0.9983333333333333,0.08666666666666667,5.166666666666667,0.0014850583193434237,0.00278808815867804,0.14604810996563575,0.006872852233676976,0.0,0.0,2.280550774526678,4.0,0.001718213058419244,0.10309278350515463,5.3075601374570445,0.1315664178135825,0.730113384317831,0.002863603353799432,3.915032679738562,0.8290731052539956,0.0652920962199312,1.0,1.0,0.6646626250585541,19,True,2872.0
3,sparse_er,sparse_er_18,18,19,3410778056,3174249848,"[76, 96, 99, 102, 128, 160, 167, 189, 204, 305, 313, 343, 348, 482, 539, 545, 569, 595]","[114, 502, 139, 562, 154, 282, 411, 474, 194, 267, 569, 240, 503, 445, 156, 73, 58, 122]",600,18,0.8,0.01,,,,,,,,5.9383333333333335,0.4261095945578471,0.9983333333333333,0.08666666666666667,6.111111111111111,0.0016976826410150126,0.004753150054792958,0.1718213058419244,0.012027491408934709,0.001718213058419244,0.0,2.1118760757314976,4.0,0.001718213058419244,0.1563573883161512,6.350515463917525,0.1535288632080651,0.6869599162482034,0.004818139376962906,3.6862745098039214,0.7614591267402934,0.070446735395189,0.9965635738831616,0.9966666666666668,0.7369882080238312,22,True,2872.0
3,sparse_er,sparse_er_18,18,20,3410778056,3990763114,"[14, 31, 87, 138, 154, 242, 259, 287, 303, 327, 377, 391, 407, 447, 463, 472, 503, 554]","[388, 288, 461, 264, 561, 203, 36, 173, 576, 375, 420, 584, 136, 20, 160, 384, 230, 566]",600,18,0.8,0.01,,,,,,,,5.9383333333333335,0.4261095945578471,0.9983333333333333,0.08666666666666667,5.666666666666667,0.0016225835608519406,0.004450775763133981,0.15292096219931273,0.01718213058419244,0.001718213058419244,0.0,2.2353951890034365,4.0,0.0,0.10824742268041238,5.298969072164948,0.1377400945032065,0.718550194888538,0.006774452179053648,3.8455882352941178,0.7437537636507235,0.0652920962199312,0.9896907216494846,0.99,1.0630932500353083,30,False,2864.0
3,sparse_er,sparse_er_18,18,21,3410778056,4018329388,"[28, 99, 169, 253, 286, 290, 313, 327, 377, 393, 414, 417, 429, 444, 505, 517, 555, 573]","[425, 139, 249, 93, 515, 280, 569, 375, 420, 405, 547, 44, 575, 237, 161, 348, 308, 376]",600,18,0.8,0.01,,,,,,,,5.9383333333333335,0.4261095945578471,0.9983333333333333,0.08666666666666667,6.888888888888889,0.0018706559355485051,0.004906281265248697,0.17869415807560138,0.018900343642611683,0.001718213058419244,0.0,2.142857142857143,4.0,0.001718213058419244,0.18041237113402062,6.6632302405498285,0.1616281854678692,0.6755800817408071,0.006813876209250458,3.4313725490196076,0.7614591267402934,0.0601374570446735,1.0,1.0,0.7229245000053197,21,True,2872.0
3,sparse_er,sparse_er_18,18,22,3410778056,1448508021,"[2, 23, 56, 79, 86, 96, 208, 220, 232, 233, 266, 331, 335, 356, 390, 426, 493, 579]","[82, 459, 59, 220, 212, 502, 315, 402, 89, 340, 0, 204, 245, 309, 69, 568, 169, 585]",600,18,0.8,0.01,,,,,,,,5.9383333333333335,0.4261095945578471,0.9983333333333333,0.08666666666666667,5.666666666666667,0.001602170483629212,0.003941169909759811,0.15292096219931273,0.015463917525773196,0.0,0.0,2.2237521514629948,4.0,0.001718213058419244,0.13058419243986255,5.8951890034364265,0.14080140395102295,0.718319522567442,0.005365416120894783,3.7516339869281046,0.8752182488779892,0.0738831615120274,0.9965635738831616,0.9966666666666668,0.5659907499793917,16,True,2872.0
3,sparse_er,sparse_er_18,18,23,3410778056,161535448,"[90, 122, 137, 142, 276, 302, 313, 350, 384, 405, 420, 464, 495, 500, 506, 536, 539, 542]","[471, 303, 463, 193, 251, 371, 569, 244, 165, 285, 345, 2, 21, 213, 116, 591, 156, 337]",600,18,0.8,0.01,,,,,,,,5.9383333333333335,0.4261095945578471,0.9983333333333333,0.08666666666666667,6.388888888888889,0.0017738938265343023,0.005976800943997219,0.17697594501718214,0.012027491408934709,0.001718213058419244,0.0,2.1187607573149743,4.0,0.001718213058419244,0.1323024054982818,6.053264604810996,0.15546832344656109,0.6787326034624507,0.004255415010893673,3.679738562091503,0.8752182488779892,0.0687285223367697,1.0,1.0,0.6787320839939639,20,True,2872.0
3,sparse_er,sparse_er_18,18,24,3410778056,2927328807,"[57, 99, 107, 115, 191, 217, 225, 260, 293, 297, 305, 313, 346, 371, 464, 527, 544, 599]","[187, 139, 397, 289, 125, 9, 195, 440, 248, 421, 267, 569, 256, 353, 2, 373, 381, 174]",600,18,0.8,0.01,,,,,,,,5.9383333333333335,0.4261095945578471,0.9983333333333333,0.08666666666666667,6.388888888888889,0.0018033655810525257,0.005529129726252719,0.17869415807560138,0.012027491408934709,0.0,0.0,2.117039586919105,4.0,0.001718213058419244,0.140893470790378,6.042955326460481,0.15723884310519215,0.6758639861360021,0.0035819293786877103,3.823529411764706,0.8398075226988498,0.0756013745704467,1.0,1.0,0.596785792033188,15,True,2872.0
3,sparse_er,sparse_er_18,18,25,3410778056,4043843318,"[62, 128, 144, 165, 178, 210, 219, 232, 237, 282, 371, 394, 397, 401, 408, 428, 488, 526]","[297, 154, 229, 278, 208, 242, 368, 89, 29, 322, 353, 527, 246, 181, 49, 317, 57, 172]",600,18,0.8,0.01,,,,,,,,5.9383333333333335,0.4261095945578471,0.9983333333333333,0.08666666666666667,7.111111111111111,0.00195379179948647,0.005599096189630183,0.19072164948453607,0.022336769759450172,0.0,0.0,2.0791738382099827,4.0,0.001718213058419244,0.1872852233676976,6.718213058419244,0.1685514229892725,0.6563514736412513,0.006136053382304824,3.5620915032679736,0.8183386878091411,0.070446735395189,0.9965635738831616,0.9966666666666668,1.2915965410647914,30,False,2870.0
3,sparse_er,sparse_er_18,18,26,3410778056,189338813,"[10, 28, 50, 96, 210, 222, 231, 250, 321, 393, 400, 419, 438, 487, 491, 500, 546, 582]","[581, 425, 22, 502, 242, 135, 13, 495, 247, 405, 443, 209, 563, 441, 186, 213, 490, 387]",600,18,0.8,0.01,,,,,,,,5.9383333333333335,0.4261095945578471,0.9983333333333333,0.08666666666666667,5.611111111111111,0.0015901607380300604,0.003564061664625131,0.15120274914089346,0.00859106529209622,0.0,0.0,2.225473321858864,4.0,0.001718213058419244,0.1254295532646048,5.673539518900344,0.1362545009457226,0.7213714948157874,0.0037895292797253577,3.7712418300653594,0.7721935441851475,0.0618556701030927,1.0,1.0,1.1367888330714775,30,True,2872.0
3,sparse_er,sparse_er_18,18,27,3410778056,1816330889,"[86, 126, 139, 162, 195, 211, 272, 280, 287, 296, 326, 458, 473, 487, 572, 576, 594, 597]","[212, 418, 400, 437, 550, 81, 132, 86, 173, 185, 507, 281, 127, 441, 123, 341, 55, 33]",600,18,0.8,0.01,,,,,,,,5.9383333333333335,0.4261095945578471,0.9983333333333333,0.08666666666666667,6.222222222222222,0.0017173664763779496,0.005304664684996964,0.16666666666666666,0.020618556701030927,0.001718213058419244,0.0,2.1549053356282273,4.0,0.001718213058419244,0.16494845360824742,6.128865979381444,0.15244464074675132,0.6953883279805525,0.007873032815362689,3.6601307189542482,0.7968698529194326,0.0618556701030927,1.0,1.0,0.7542104580206797,21,True,2872.0
3,sparse_er,sparse_er_18,18,28,3410778056,155557535,"[1, 24, 36, 47, 77, 105, 133, 135, 185, 189, 206, 258, 267, 297, 337, 347, 365, 540]","[28, 30, 347, 118, 182, 24, 323, 365, 412, 474, 102, 217, 63, 421, 145, 346, 23, 565]",600,18,0.8,0.01,,,,,,,,5.9383333333333335,0.4261095945578471,0.9983333333333333,0.08666666666666667,6.222222222222222,0.0017231627998227424,0.004593589849785026,0.18384879725085912,0.00859106529209622,0.0,0.0,2.1135972461273664,5.0,0.001718213058419244,0.13402061855670103,5.941580756013746,0.15764518521237045,0.6678732603462451,0.002976190476190476,3.823529411764706,0.807604270364287,0.063573883161512,1.0,1.0,0.9888627079781144,29,True,2872.0
3,sparse_er,sparse_er_18,18,29,3410778056,2407039980,"[4, 32, 38, 122, 132, 173, 177, 183, 187, 190, 210, 217, 251, 298, 400, 454, 579, 583]","[533, 598, 531, 303, 374, 593, 101, 54, 523, 416, 242, 9, 430, 7, 443, 327, 585, 525]",600,18,0.8,0.01,,,,,,,,5.9383333333333335,0.4261095945578471,0.9983333333333333,0.08666666666666667,6.166666666666667,0.0017008394418464678,0.005023338636811447,0.16151202749140894,0.013745704467353952,0.001718213058419244,0.0,2.1910499139414803,4.0,0.001718213058419244,0.15292096219931273,6.094501718213058,0.14546317027701314,0.7040592413837974,0.005778806294802167,3.588235294117647,0.7721935441851475,0.0756013745704467,1.0,1.0,0.5572427090955898,16,True,2872.0
3,sparse_er,sparse_er_18,18,30,3410778056,147717464,"[2, 100, 141, 216, 327, 359, 363, 373, 375, 392, 412, 437, 449, 485, 548, 550, 565, 582]","[82, 159, 363, 331, 375, 171, 304, 121, 543, 190, 447, 42, 422, 227, 468, 399, 557, 387]",600,18,0.8,0.01,,,,,,,,5.9383333333333335,0.4261095945578471,0.9983333333333333,0.08666666666666667,5.722222222222222,0.00161767423239285,0.004553385737397988,0.15120274914089346,0.02577319587628866,0.0,0.0,2.1962134251290877,4.0,0.001718213058419244,0.12027491408934708,5.640893470790378,0.1427325776826567,0.7210757610707927,0.00847989889603439,3.8300653594771243,0.7721935441851475,0.0773195876288659,0.9965635738831616,0.9966666666666668,0.788317458005622,21,True,2872.0
3,sparse_er,sparse_er_18,18,31,3410778056,874937563,"[32, 38, 48, 69, 84, 92, 214, 231, 272, 353, 389, 433, 443, 521, 543, 565, 588, 592]","[598, 531, 518, 146, 556, 481, 329, 13, 132, 228, 94, 382, 510, 52, 222, 557, 268, 338]",600,18,0.8,0.01,,,,,,,,5.9383333333333335,0.4261095945578471,0.9983333333333333,0.08666666666666667,6.055555555555555,0.0016624140975977806,0.00495996331931574,0.16666666666666666,0.013745704467353952,0.0,0.0,2.163511187607573,4.0,0.001718213058419244,0.14604810996563575,6.1271477663230245,0.14805289107345326,0.6956899764004472,0.004475939712387233,3.758169934640523,0.8575128857884194,0.0824742268041237,1.0,1.0,0.5398332910845056,15,True,2872.0
3,sparse_er,sparse_er_18,18,32,3410778056,2543109346,"[1, 38, 83, 124, 219, 231, 235, 236, 260, 272, 276, 294, 369, 438, 563, 567, 582, 592]","[28, 531, 434, 325, 368, 13, 147, 473, 440, 132, 251, 5, 417, 563, 571, 266, 387, 338]",600,18,0.8,0.01,,,,,,,,5.9383333333333335,0.4261095945578471,0.9983333333333333,0.08666666666666667,5.833333333333333,0.0016324999598899073,0.005014081951621189,0.15292096219931273,0.020618556701030927,0.0,0.0,2.2237521514629948,4.0,0.001718213058419244,0.15120274914089346,6.041237113402062,0.14312709413304808,0.7181834850447445,0.006886631886631886,3.6405228758169934,0.8467784683435652,0.0738831615120274,1.0,1.0,0.5698591250693426,16,True,2872.0
3,sparse_er,sparse_er_18,18,33,3410778056,2613806351,"[13, 109, 149, 203, 212, 241, 270, 313, 321, 340, 390, 411, 423, 464, 500, 511, 553, 590]","[175, 488, 207, 320, 538, 596, 404, 569, 247, 466, 69, 551, 192, 2, 213, 319, 79, 578]",600,18,0.8,0.01,,,,,,,,5.9383333333333335,0.4261095945578471,0.9983333333333333,0.08666666666666667,6.0,0.0016951802683000212,0.003814261193552856,0.16666666666666666,0.015463917525773196,0.0,0.0,2.1669535283993113,4.0,0.001718213058419244,0.14261168384879724,5.941580756013746,0.15064213464443152,0.6954474747295515,0.005625184546753175,3.758169934640523,0.7315992701794234,0.0687285223367697,1.0,1.0,1.0059092920273542,26,True,2872.0
3,sparse_er,sparse_er_18,18,34,3410778056,407084767,"[118, 170, 186, 194, 203, 213, 283, 289, 327, 356, 413, 414, 416, 436, 457, 461, 491, 522]","[410, 38, 449, 542, 320, 151, 196, 176, 375, 309, 8, 547, 62, 462, 448, 67, 186, 261]",600,18,0.8,0.01,,,,,,,,5.9383333333333335,0.4261095945578471,0.9983333333333333,0.08666666666666667,6.222222222222222,0.0017272694383987227,0.005572440335686967,0.17010309278350516,0.012027491408934709,0.0,0.0,2.1290877796901895,4.0,0.001718213058419244,0.14432989690721648,6.080756013745704,0.15099297226439232,0.6899054243483507,0.004031398884340061,3.823529411764706,0.6747197091105757,0.049828178694158,0.1683848797250859,0.1933333333333333,1.0486710839904845,30,False,1508.0
3,sparse_er,sparse_er_18,18,35,3410778056,1643389148,"[18, 72, 126, 198, 263, 307, 343, 352, 415, 418, 438, 449, 463, 472, 513, 523, 538, 578]","[105, 183, 418, 205, 26, 197, 240, 200, 265, 357, 563, 422, 160, 384, 528, 211, 273, 535]",600,18,0.8,0.01,,,,,,,,5.9383333333333335,0.4261095945578471,0.9983333333333333,0.08666666666666667,6.333333333333333,0.0017335894501198884,0.004334791886111046,0.17010309278350516,0.00859106529209622,0.0,0.0,2.1583476764199654,4.0,0.001718213058419244,0.16151202749140894,6.508591065292096,0.1506591916822201,0.6898521922742517,0.002758325552443199,3.496732026143791,0.779164489829863,0.056701030927835,1.0,1.0,0.7412774170516059,22,True,2872.0
3,sparse_er,sparse_er_18,18,36,3410778056,1025501636,"[32, 83, 86, 194, 276, 285, 298, 342, 356, 399, 414, 436, 466, 498, 504, 524, 579, 593]","[598, 434, 212, 542, 251, 480, 7, 362, 309, 567, 547, 462, 587, 107, 395, 157, 585, 31]",600,18,0.8,0.01,,,,,,,,5.9383333333333335,0.4261095945578471,0.9983333333333333,0.08666666666666667,5.888888888888889,0.0016447791433264168,0.004691517528742787,0.15979381443298968,0.012027491408934709,0.0,0.0,2.2013769363166955,4.0,0.001718213058419244,0.14776632302405499,5.9243986254295535,0.14408839389150926,0.7069219440353461,0.00419569537216596,3.69281045751634,0.8398075226988497,0.0532646048109965,0.5481099656357389,0.5616666666666666,1.2029190830653531,30,False,1880.0
3,sparse_er,sparse_er_18,18,37,3410778056,4243425935,"[11, 13, 14, 26, 43, 62, 73, 131, 188, 222, 225, 310, 341, 369, 370, 439, 507, 559]","[236, 175, 388, 339, 27, 297, 582, 291, 158, 135, 195, 110, 46, 417, 97, 364, 511, 516]",600,18,0.8,0.01,,,,,,,,5.9383333333333335,0.4261095945578471,0.9983333333333333,0.08666666666666667,7.333333333333333,0.001996306214169287,0.007558274279201037,0.18900343642611683,0.018900343642611683,0.001718213058419244,0.0,2.0843373493975905,4.0,0.001718213058419244,0.19931271477663232,7.034364261168385,0.16781479384203793,0.6589539305972048,0.00610775923636362,3.5098039215686274,0.8290731052539956,0.0756013745704467,1.0,1.0,0.5385828749276698,15,True,2872.0
3,sparse_er,sparse_er_18,18,38,3410778056,2503108576,"[4, 19, 22, 27, 45, 88, 114, 142, 148, 222, 225, 238, 295, 324, 337, 354, 513, 598]","[533, 574, 283, 572, 544, 152, 409, 193, 80, 135, 195, 262, 336, 41, 145, 191, 528, 225]",600,18,0.8,0.01,,,,,,,,5.9383333333333335,0.4261095945578471,0.9983333333333333,0.08666666666666667,7.0,0.0020006053231201057,0.00620939908299008,0.1872852233676976,0.022336769759450172,0.0,0.0,2.1669535283993113,5.0,0.001718213058419244,0.14432989690721648,5.97766323024055,0.16879872270069302,0.6616569370264563,0.0069294811941870765,3.5751633986928106,0.7684300723850087,0.070446735395189,0.9896907216494846,0.99,1.0551832499913871,30,False,2858.0
3,sparse_er,sparse_er_18,18,39,3410778056,3328081671,"[1, 71, 76, 79, 156, 199, 200, 237, 305, 415, 422, 428, 466, 475, 489, 503, 568, 571]","[28, 370, 114, 220, 275, 1, 494, 29, 267, 265, 137, 317, 587, 385, 432, 230, 358, 60]",600,18,0.8,0.01,,,,,,,,5.9383333333333335,0.4261095945578471,0.9983333333333333,0.08666666666666667,6.5,0.0018402841590640486,0.005034522612054575,0.18900343642611683,0.012027491408934709,0.0,0.0,2.1032702237521517,4.0,0.001718213058419244,0.10996563573883161,5.93298969072165,0.16387993006024712,0.6592969817413986,0.0031706549766405286,3.8823529411764706,0.7315992701794234,0.0670103092783505,0.20446735395189,0.2283333333333333,1.0297710839658976,30,False,1514.0
3,sparse_er,sparse_er_18,18,40,3410778056,2777673682,"[26, 62, 76, 86, 99, 212, 239, 264, 356, 367, 371, 390, 405, 420, 474, 487, 495, 546]","[339, 297, 114, 212, 139, 538, 189, 487, 309, 349, 353, 69, 285, 345, 512, 441, 21, 490]",600,18,0.8,0.01,,,,,,,,5.9383333333333335,0.4261095945578471,0.9983333333333333,0.08666666666666667,6.611111111111111,0.0018331190638459847,0.005664958230706222,0.18213058419243985,0.015463917525773196,0.003436426116838488,0.0,2.108433734939759,4.0,0.001718213058419244,0.16323024054982818,6.364261168384879,0.1606088823303386,0.6702450449811026,0.005955844104633032,3.7777777777777777,0.8575128857884194,0.0807560137457044,1.0,1.0,0.7951577079948038,22,True,2872.0
3,sparse_er,sparse_er_18,18,41,3410778056,152675099,"[53, 142, 174, 208, 228, 259, 295, 327, 385, 438, 469, 479, 506, 523, 532, 562, 572, 579]","[295, 193, 590, 315, 500, 36, 336, 375, 226, 563, 414, 356, 116, 211, 234, 354, 123, 585]",600,18,0.8,0.01,,,,,,,,5.9383333333333335,0.4261095945578471,0.9983333333333333,0.08666666666666667,5.555555555555555,0.0015979985058014487,0.0034434522467770515,0.1563573883161512,0.010309278350515464,0.001718213058419244,0.0,2.244406196213425,5.0,0.001718213058419244,0.1254295532646048,5.3728522336769755,0.1409533534933192,0.712676922712943,0.005355846042120552,3.7712418300653594,0.779164489829863,0.070446735395189,0.9965635738831616,0.9966666666666668,0.6732254999224097,17,True,2872.0
3,sparse_er,sparse_er_18,18,42,3410778056,4080758424,"[46, 87, 113, 159, 207, 249, 270, 355, 358, 390, 400, 402, 448, 453, 477, 482, 567, 594]","[314, 461, 514, 491, 396, 276, 404, 530, 210, 69, 443, 522, 10, 451, 35, 445, 266, 55]",600,18,0.8,0.01,,,,,,,,5.9383333333333335,0.4261095945578471,0.9983333333333333,0.08666666666666667,6.055555555555555,0.0016805022612870557,0.004958192915266546,0.16666666666666666,0.015463917525773196,0.001718213058419244,0.0,2.2117039586919107,4.0,0.001718213058419244,0.17010309278350516,5.958762886597938,0.14882745092378968,0.695583512252249,0.006266820453671665,3.718954248366013,0.7721935441851475,0.0652920962199312,1.0,1.0,0.8895497090416029,24,True,2872.0
3,sparse_er,sparse_er_18,18,43,3410778056,2018599770,"[43, 67, 90, 136, 192, 209, 256, 356, 371, 427, 438, 441, 447, 480, 501, 511, 525, 597]","[27, 117, 471, 324, 588, 406, 469, 309, 353, 129, 563, 284, 20, 83, 333, 319, 496, 33]",600,18,0.8,0.01,,,,,,,,5.9383333333333335,0.4261095945578471,0.9983333333333333,0.08666666666666667,6.777777777777778,0.0018657356058631859,0.006030819251167256,0.18041237113402062,0.010309278350515464,0.001718213058419244,0.0,2.12736660929432,4.0,0.001718213058419244,0.19072164948453607,6.548109965635739,0.1582666746871672,0.6730604302334522,0.0038908588831189452,3.627450980392157,0.7614591267402933,0.0738831615120274,0.9965635738831616,0.9966666666666668,0.706298541976139,18,True,2872.0
3,sparse_er,sparse_er_18,18,44,3410778056,1455817907,"[49, 107, 131, 242, 292, 300, 315, 333, 391, 406, 423, 431, 467, 469, 503, 512, 585, 586]","[206, 397, 291, 203, 235, 311, 513, 68, 584, 76, 192, 564, 508, 414, 230, 290, 215, 223]",600,18,0.8,0.01,,,,,,,,5.9383333333333335,0.4261095945578471,0.9983333333333333,0.08666666666666667,5.944444444444445,0.0016739102612539055,0.004752129355169155,0.16323024054982818,0.012027491408934709,0.001718213058419244,0.0,2.1755593803786577,4.0,0.001718213058419244,0.12886597938144329,5.969072164948454,0.1473854441206709,0.7011255626334498,0.005040719991700383,3.6143790849673203,0.8398075226988497,0.0773195876288659,1.0,1.0,0.6947927499422804,19,True,2872.0
3,sparse_er,sparse_er_18,18,45,3410778056,2969236966,"[25, 51, 82, 132, 151, 163, 164, 205, 249, 255, 316, 347, 417, 432, 472, 500, 525, 574]","[218, 168, 75, 374, 386, 553, 573, 391, 276, 549, 72, 346, 44, 233, 384, 213, 496, 65]",600,18,0.8,0.01,,,,,,,,5.9383333333333335,0.4261095945578471,0.9983333333333333,0.08666666666666667,5.611111111111111,0.0015891245462341167,0.0036202513062182223,0.15807560137457044,0.013745704467353952,0.001718213058419244,0.0,2.2013769363166955,4.0,0.001718213058419244,0.12371134020618557,5.702749140893471,0.1436370638601999,0.7097314146127958,0.006356588219333317,3.8300653594771243,0.7829279616300019,0.056701030927835,0.3367697594501718,0.3566666666666667,1.0107469579670578,30,False,1660.0
3,sparse_er,sparse_er_18,18,46,3410778056,1939559603,"[41, 120, 133, 152, 236, 277, 279, 301, 330, 339, 400, 403, 407, 443, 485, 497, 543, 549]","[90, 352, 323, 11, 473, 521, 359, 431, 95, 109, 443, 87, 136, 510, 227, 48, 222, 259]",600,18,0.8,0.01,,,,,,,,5.9383333333333335,0.4261095945578471,0.9983333333333333,0.08666666666666667,5.555555555555555,0.0015672869145630275,0.005284826786180316,0.16323024054982818,0.00859106529209622,0.0,0.0,2.1738382099827884,4.0,0.001718213058419244,0.12371134020618557,5.740549828178694,0.1451694659103676,0.7012734295059472,0.002779573367808662,3.895424836601307,0.8859526663228433,0.0652920962199312,0.9965635738831616,0.9966666666666668,0.8329882499529049,25,True,2872.0
3,sparse_er,sparse_er_18,18,47,3410778056,1300840458,"[49, 75, 87, 109, 118, 128, 207, 241, 243, 248, 292, 347, 348, 458, 484, 515, 567, 575]","[206, 219, 461, 488, 410, 154, 396, 596, 419, 360, 235, 346, 503, 281, 489, 577, 266, 394]",600,18,0.8,0.01,,,,,,,,5.9383333333333335,0.4261095945578471,0.9983333333333333,0.08666666666666667,5.055555555555555,0.0014998879783452252,0.0035795397774285812,0.140893470790378,0.015463917525773196,0.0,0.0,2.2753872633390704,4.0,0.001718213058419244,0.09278350515463918,5.020618556701031,0.1317584269000546,0.7386837482477776,0.005647701971231383,4.03921568627451,0.8113677421644259,0.0670103092783505,0.2920962199312715,0.3133333333333333,1.0108278749976307,30,False,1588.0
3,sparse_er,sparse_er_18,18,48,3410778056,3558941442,"[91, 97, 113, 122, 207, 221, 302, 338, 356, 365, 366, 443, 445, 447, 483, 502, 513, 529]","[351, 115, 514, 303, 396, 271, 371, 258, 309, 23, 216, 510, 286, 20, 486, 133, 528, 287]",600,18,0.8,0.01,,,,,,,,5.9383333333333335,0.4261095945578471,0.9983333333333333,0.08666666666666667,7.055555555555555,0.0019290303454069944,0.00604867290581146,0.2027491408934708,0.015463917525773196,0.0,0.0,2.0395869191049916,4.0,0.001718213058419244,0.17353951890034364,6.8006872852233675,0.17564614359225303,0.6372943911137924,0.004355943907027498,3.6013071895424837,0.8859526663228434,0.0721649484536082,0.9965635738831616,0.9966666666666668,0.6164695420302451,15,True,2872.0
3,sparse_er,sparse_er_18,18,49,3410778056,1379581871,"[45, 126, 170, 208, 211, 214, 215, 217, 218, 290, 365, 377, 398, 415, 447, 494, 511, 532]","[544, 418, 38, 315, 81, 329, 433, 9, 429, 280, 23, 420, 96, 265, 20, 100, 319, 234]",600,18,0.8,0.01,,,,,,,,5.9383333333333335,0.4261095945578471,0.9983333333333333,0.08666666666666667,6.055555555555555,0.0016982965424281041,0.00450475674677937,0.15979381443298968,0.022336769759450172,0.001718213058419244,0.0,2.1755593803786577,4.0,0.001718213058419244,0.13573883161512026,5.855670103092783,0.1468069055476388,0.7068450532616475,0.007945993730307455,3.738562091503268,0.7721935441851475,0.0549828178694158,0.3573883161512027,0.3766666666666666,1.1817489999812096,30,False,1662.0
3,sparse_er,sparse_er_19,19,0,1926502006,3476389626,"[2, 37, 43, 84, 125, 179, 203, 232, 297, 322, 347, 406, 413, 422, 566, 579, 596, 599]","[211, 484, 527, 27, 334, 309, 182, 353, 134, 43, 193, 156, 590, 402, 241, 56, 200, 153]",600,18,0.8,0.01,,,,,,,,6.0216666666666665,0.41457784072857917,0.9983333333333333,0.08,6.944444444444445,0.001876391255813426,0.005416749026825907,0.19072164948453607,0.01718213058419244,0.0,0.0,2.0688468158347675,4.0,0.001718213058419244,0.1718213058419244,6.867697594501718,0.16889641674614034,0.6562095214436539,0.004863954128660011,3.588235294117647,0.8520771919120107,0.0773195876288659,0.993127147766323,0.9933333333333332,0.8302304999670014,20,True,2872.0
3,sparse_er,sparse_er_19,19,1,1926502006,3284249588,"[36, 44, 45, 72, 108, 232, 274, 277, 281, 294, 306, 398, 414, 418, 435, 461, 502, 586]","[160, 375, 304, 475, 483, 353, 512, 254, 350, 152, 116, 506, 133, 294, 257, 37, 533, 460]",600,18,0.8,0.01,,,,,,,,6.0216666666666665,0.41457784072857917,0.9983333333333333,0.08,6.222222222222222,0.0017256996080421186,0.0045128670968385435,0.17353951890034364,0.012027491408934709,0.003436426116838488,0.0,2.1480206540447506,4.0,0.001718213058419244,0.1323024054982818,6.027491408934708,0.15510251486046692,0.6841090429464545,0.005237327357615101,3.673202614379085,0.7114810788428145,0.0859106529209622,0.9965635738831616,0.9966666666666668,0.5575848339358345,15,True,2874.0
3,sparse_er,sparse_er_19,19,2,1926502006,1311972495,"[31, 74, 84, 103, 220, 281, 292, 317, 328, 352, 359, 368, 389, 403, 431, 436, 487, 590]","[457, 306, 27, 558, 351, 350, 481, 155, 166, 300, 187, 549, 587, 110, 565, 357, 393, 425]",600,18,0.8,0.01,,,,,,,,6.0216666666666665,0.41457784072857917,0.9983333333333333,0.08,6.666666666666667,0.0017995780995291183,0.004630930470785618,0.18900343642611683,0.013745704467353952,0.0,0.0,2.099827882960413,4.0,0.001718213058419244,0.17869415807560138,6.603092783505154,0.16572205752321653,0.6590958827948021,0.004143323996265173,3.679738562091503,0.7635948499855436,0.0773195876288659,0.9965635738831616,0.9966666666666668,0.7444207919761539,22,True,2874.0
3,sparse_er,sparse_er_19,19,3,1926502006,4153316886,"[25, 42, 46, 78, 81, 140, 167, 192, 205, 251, 263, 301, 322, 437, 484, 503, 507, 560]","[2, 597, 66, 171, 592, 25, 129, 564, 540, 455, 250, 492, 43, 556, 128, 83, 243, 323]",600,18,0.8,0.01,,,,,,,,6.0216666666666665,0.41457784072857917,0.9983333333333333,0.08,6.388888888888889,0.001739486030644136,0.0045343989049763085,0.17697594501718214,0.01718213058419244,0.003436426116838488,0.0,2.1394148020654047,5.0,0.001718213058419244,0.16666666666666666,6.512027491408935,0.15846366755469704,0.6785374191907542,0.006787647719020268,3.5947712418300655,0.835704078235681,0.0601374570446735,1.0,1.0,0.7925892079947516,22,True,2874.0
3,sparse_er,sparse_er_19,19,4,1926502006,667915340,"[23, 50, 112, 120, 129, 165, 169, 241, 266, 382, 402, 432, 455, 489, 504, 508, 582, 596]","[269, 141, 178, 573, 404, 432, 179, 53, 238, 521, 317, 113, 217, 478, 246, 557, 70, 200]",600,18,0.8,0.01,,,,,,,,6.0216666666666665,0.41457784072857917,0.9983333333333333,0.08,5.833333333333333,0.0016213803904527317,0.003962032347249049,0.15979381443298968,0.018900343642611683,0.001718213058419244,0.0,2.161790017211704,4.0,0.001718213058419244,0.1134020618556701,5.958762886597938,0.146387574510962,0.7068332239118477,0.0075180259618431175,3.816993464052288,0.8520771919120107,0.0601374570446735,0.1649484536082474,0.19,1.058664874988608,30,False,1498.0
3,sparse_er,sparse_er_19,19,5,1926502006,2194479717,"[9, 74, 108, 215, 243, 284, 334, 439, 447, 463, 520, 524, 556, 557, 561, 573, 575, 591]","[322, 306, 483, 36, 279, 395, 292, 195, 546, 130, 348, 278, 167, 577, 61, 107, 387, 325]",600,18,0.8,0.01,,,,,,,,6.0216666666666665,0.41457784072857917,0.9983333333333333,0.08,5.944444444444445,0.0016430611911703215,0.004981979894235781,0.16494845360824742,0.015463917525773196,0.0,0.0,2.108433734939759,4.0,0.001718213058419244,0.14432989690721648,6.171821305841925,0.14758837340533554,0.6984935323029969,0.004934335816688758,3.784313725490196,0.892068106126827,0.063573883161512,0.2869415807560137,0.3083333333333333,1.0147404170129448,30,False,1586.0
3,sparse_er,sparse_er_19,19,6,1926502006,3158085950,"[49, 74, 81, 85, 133, 154, 203, 245, 247, 262, 264, 297, 312, 351, 479, 480, 545, 556]","[136, 306, 592, 490, 86, 517, 182, 230, 390, 93, 316, 134, 436, 208, 84, 444, 159, 167]",600,18,0.8,0.01,,,,,,,,6.0216666666666665,0.41457784072857917,0.9983333333333333,0.08,6.444444444444445,0.0017864995171349661,0.004823222275156368,0.16838487972508592,0.022336769759450172,0.001718213058419244,0.0,2.1514629948364887,5.0,0.001718213058419244,0.14604810996563575,6.109965635738831,0.15299705290548382,0.6925788574031029,0.00803159792490819,3.712418300653595,0.7272262792018057,0.063573883161512,0.1666666666666666,0.1916666666666666,0.7561914171092212,22,True,1528.0
3,sparse_er,sparse_er_19,19,7,1926502006,1784843905,"[53, 79, 84, 130, 131, 169, 259, 316, 320, 406, 429, 459, 483, 492, 519, 522, 531, 598]","[471, 168, 27, 538, 79, 179, 349, 158, 202, 156, 579, 437, 463, 296, 68, 290, 235, 531]",600,18,0.8,0.01,,,,,,,,6.0216666666666665,0.41457784072857917,0.9983333333333333,0.08,6.277777777777778,0.0017106461458645443,0.0052964858457320895,0.1718213058419244,0.012027491408934709,0.0,0.0,2.1204819277108435,4.0,0.001718213058419244,0.14948453608247422,6.288659793814433,0.15250549585587458,0.6870782097462013,0.004027456694700063,3.712418300653595,0.8520771919120107,0.0687285223367697,0.9965635738831616,0.9966666666666668,0.8298961670370772,25,True,2874.0
3,sparse_er,sparse_er_19,19,8,1926502006,3292284993,"[19, 29, 37, 101, 165, 185, 197, 231, 247, 258, 265, 293, 297, 317, 360, 372, 440, 522]","[362, 57, 484, 17, 432, 439, 581, 210, 390, 90, 327, 450, 134, 155, 105, 280, 301, 290]",600,18,0.8,0.01,,,,,,,,6.0216666666666665,0.41457784072857917,0.9983333333333333,0.08,4.944444444444445,0.0014120745256538379,0.0032789588159480403,0.13745704467353953,0.00859106529209622,0.0,0.0,2.2822719449225475,5.0,0.001718213058419244,0.09106529209621993,5.223367697594502,0.12644612484388087,0.74469305794607,0.003615756066736459,3.980392156862745,0.7835903070929519,0.049828178694158,0.1065292096219931,0.1333333333333333,1.010543707991019,30,False,1464.0
3,sparse_er,sparse_er_19,19,9,1926502006,1096353698,"[9, 37, 128, 130, 188, 261, 263, 283, 330, 398, 409, 413, 496, 521, 531, 535, 539, 543]","[322, 484, 361, 538, 169, 293, 250, 405, 331, 506, 157, 590, 452, 465, 235, 236, 518, 328]",600,18,0.8,0.01,,,,,,,,6.0216666666666665,0.41457784072857917,0.9983333333333333,0.08,5.166666666666667,0.0014653259223589366,0.0037545232607563792,0.14948453608247422,0.00859106529209622,0.001718213058419244,0.0,2.2547332185886404,5.0,0.001718213058419244,0.09450171821305842,5.419243986254296,0.13611287982861411,0.7241750507183373,0.0052231718898385565,3.843137254901961,0.8799452491989145,0.056701030927835,0.1718213058419244,0.1966666666666666,1.0019292089855298,30,False,1486.0
3,sparse_er,sparse_er_19,19,10,1926502006,1987978767,"[7, 9, 95, 176, 215, 273, 298, 311, 320, 343, 363, 381, 383, 387, 411, 470, 497, 539]","[100, 322, 22, 185, 36, 359, 408, 430, 202, 108, 248, 282, 75, 302, 214, 10, 123, 518]",600,18,0.8,0.01,,,,,,,,6.0216666666666665,0.41457784072857917,0.9983333333333333,0.08,5.722222222222222,0.0015931758429426853,0.004371225980036041,0.15292096219931273,0.01718213058419244,0.0,0.0,2.1927710843373496,4.0,0.001718213058419244,0.13745704467353953,6.082474226804123,0.1414827837469928,0.7183136078925422,0.006367597544068133,3.7516339869281046,0.7635948499855437,0.0721649484536082,0.9948453608247424,0.995,0.8793940839823335,24,True,2874.0
3,sparse_er,sparse_er_19,19,11,1926502006,2512725167,"[32, 62, 79, 162, 201, 214, 224, 246, 250, 275, 295, 371, 389, 443, 483, 552, 575, 599]","[163, 213, 168, 102, 151, 528, 218, 515, 367, 466, 594, 470, 587, 414, 463, 99, 387, 153]",600,18,0.8,0.01,,,,,,,,6.0216666666666665,0.41457784072857917,0.9983333333333333,0.08,6.888888888888889,0.0018463065973011268,0.006239881828364716,0.18213058419243985,0.024054982817869417,0.0,0.0,2.1049913941480205,4.0,0.001718213058419244,0.17525773195876287,6.766323024054983,0.1636033231400521,0.6701326661580046,0.0067301848231247855,3.679738562091503,0.8478269351635935,0.0670103092783505,0.9965635738831616,0.9966666666666668,1.1646538749337196,28,True,2874.0
3,sparse_er,sparse_er_19,19,12,1926502006,1127542128,"[27, 57, 105, 143, 173, 205, 235, 269, 270, 273, 275, 322, 381, 469, 512, 563, 568, 577]","[219, 461, 507, 215, 15, 540, 119, 150, 434, 359, 466, 43, 282, 247, 132, 580, 207, 176]",600,18,0.8,0.01,,,,,,,,6.0216666666666665,0.41457784072857917,0.9983333333333333,0.08,6.666666666666667,0.0018010422351135984,0.004400051353145717,0.18556701030927836,0.015463917525773196,0.001718213058419244,0.0,2.108433734939759,4.0,0.001718213058419244,0.1563573883161512,6.520618556701031,0.1628311098854182,0.6647148239497016,0.005337194243282994,3.6013071895424837,0.8278314780561854,0.0618556701030927,0.9948453608247424,0.995,1.204733708058484,30,False,2874.0
3,sparse_er,sparse_er_19,19,13,1926502006,3291228920,"[3, 23, 60, 86, 100, 116, 121, 132, 162, 209, 260, 328, 436, 456, 464, 509, 521, 532]","[222, 269, 364, 245, 576, 346, 383, 537, 102, 422, 337, 166, 357, 321, 502, 165, 465, 147]",600,18,0.8,0.01,,,,,,,,6.0216666666666665,0.41457784072857917,0.9983333333333333,0.08,5.611111111111111,0.0015644498618577224,0.0032212603315740526,0.14948453608247422,0.01718213058419244,0.0,0.0,2.2134251290877796,4.0,0.001718213058419244,0.12714776632302405,5.876288659793815,0.13874703049358303,0.7240685865701392,0.006226344461638579,3.810457516339869,0.7941094087557276,0.0652920962199312,0.9948453608247424,0.995,1.0722614580299703,26,True,2874.0
3,sparse_er,sparse_er_19,19,14,1926502006,2587984215,"[10, 17, 37, 42, 46, 63, 92, 100, 225, 263, 293, 344, 387, 459, 467, 515, 522, 580]","[379, 543, 484, 597, 66, 369, 570, 576, 563, 250, 450, 516, 302, 437, 174, 330, 290, 137]",600,18,0.8,0.01,,,,,,,,6.0216666666666665,0.41457784072857917,0.9983333333333333,0.08,6.222222222222222,0.001725867112506031,0.005284786285543234,0.17525773195876287,0.01718213058419244,0.0,0.0,2.1480206540447506,5.0,0.001718213058419244,0.11168384879725086,6.017182130584192,0.1578845191694087,0.6811931082208067,0.0053401210263955366,3.7254901960784315,0.781986551827815,0.056701030927835,0.1374570446735395,0.1633333333333333,1.2477994590299204,30,False,1480.0
3,sparse_er,sparse_er_19,19,15,1926502006,1258866619,"[37, 45, 63, 79, 123, 225, 247, 296, 310, 354, 428, 465, 481, 488, 516, 552, 555, 571]","[484, 304, 369, 168, 343, 563, 390, 568, 226, 299, 240, 225, 190, 389, 363, 99, 489, 139]",600,18,0.8,0.01,,,,,,,,6.0216666666666665,0.41457784072857917,0.9983333333333333,0.08,6.055555555555555,0.001670695775068187,0.0032483778786211235,0.1718213058419244,0.00859106529209622,0.0,0.0,2.142857142857143,5.0,0.001718213058419244,0.12714776632302405,6.183848797250859,0.15232038046782723,0.6870072336474026,0.003067439096850862,3.6666666666666665,0.691900454636211,0.0584192439862542,0.2388316151202749,0.2616666666666666,1.2284267499344423,30,False,1562.0
3,sparse_er,sparse_er_19,19,16,1926502006,3061992772,"[0, 69, 86, 97, 131, 163, 164, 179, 209, 236, 268, 316, 346, 401, 411, 458, 557, 576]","[237, 372, 245, 46, 79, 303, 227, 309, 422, 19, 499, 158, 567, 177, 214, 445, 577, 181]",600,18,0.8,0.01,,,,,,,,6.0216666666666665,0.41457784072857917,0.9983333333333333,0.08,5.333333333333333,0.001510659862802456,0.0036406203963363962,0.13402061855670103,0.020618556701030927,0.001718213058419244,0.0,2.2719449225473323,4.0,0.001718213058419244,0.11168384879725086,5.506872852233677,0.12689059550515694,0.7505190127224657,0.012177401393087667,3.758169934640523,0.7491962587479696,0.0360824742268041,0.1099656357388316,0.1366666666666666,1.249935958068818,30,False,1462.0
3,sparse_er,sparse_er_19,19,17,1926502006,1250671333,"[49, 67, 96, 154, 161, 191, 218, 224, 260, 279, 345, 369, 379, 380, 421, 476, 498, 579]","[136, 468, 39, 517, 424, 480, 120, 218, 337, 550, 412, 28, 419, 451, 259, 474, 446, 56]",600,18,0.8,0.01,,,,,,,,6.0216666666666665,0.41457784072857917,0.9983333333333333,0.08,7.5,0.001999279265933816,0.005803563288264781,0.21993127147766323,0.00859106529209622,0.0,0.0,1.9827882960413081,4.0,0.001718213058419244,0.19759450171821305,7.231958762886598,0.18560245524859537,0.6104772551176725,0.001952240591225597,3.5163398692810457,0.8035857642003601,0.063573883161512,0.9948453608247424,0.995,0.7378426250070333,18,True,2874.0
3,sparse_er,sparse_er_19,19,18,1926502006,222948795,"[2, 12, 52, 98, 126, 134, 189, 212, 311, 320, 327, 454, 463, 472, 474, 495, 545, 570]","[211, 355, 485, 234, 315, 122, 55, 103, 430, 202, 212, 143, 130, 203, 242, 530, 159, 508]",600,18,0.8,0.01,,,,,,,,6.0216666666666665,0.41457784072857917,0.9983333333333333,0.08,5.611111111111111,0.0015789816154317998,0.004142074926063468,0.1563573883161512,0.01718213058419244,0.0,0.0,2.189328743545611,4.0,0.001718213058419244,0.11683848797250859,5.621993127147766,0.14137999896354184,0.7126946667376428,0.006712387104543967,3.869281045751634,0.8157086211282727,0.070446735395189,0.1580756013745704,0.1833333333333333,1.2277938339393586,30,False,1532.0
3,sparse_er,sparse_er_19,19,19,1926502006,2365605272,"[29, 121, 141, 212, 294, 307, 335, 336, 343, 358, 370, 376, 506, 508, 523, 524, 548, 551]","[57, 383, 149, 103, 152, 368, 418, 380, 108, 553, 272, 496, 376, 557, 138, 278, 541, 232]",600,18,0.8,0.01,,,,,,,,6.0216666666666665,0.41457784072857917,0.9983333333333333,0.08,5.5,0.0015379520820183639,0.003593018264098249,0.14261168384879724,0.01718213058419244,0.0,0.0,2.2099827882960414,4.0,0.001718213058419244,0.13917525773195877,5.943298969072165,0.13334681599724257,0.73575598417233,0.006539248696111441,3.7973856209150325,0.7635948499855435,0.0652920962199312,1.0,1.0,0.6785502919228747,16,True,2874.0
3,sparse_er,sparse_er_19,19,20,1926502006,1135973015,"[13, 27, 81, 116, 180, 199, 244, 264, 282, 333, 356, 372, 446, 477, 491, 531, 566, 585]","[20, 219, 592, 346, 340, 186, 114, 316, 229, 92, 569, 280, 142, 548, 500, 235, 241, 146]",600,18,0.8,0.01,,,,,,,,6.0216666666666665,0.41457784072857917,0.9983333333333333,0.08,5.722222222222222,0.0016031086294498254,0.0033108859119822557,0.16666666666666666,0.006872852233676976,0.0,0.0,2.1462994836488813,4.0,0.001718213058419244,0.12199312714776632,5.855670103092783,0.1463845714984028,0.6956544883510478,0.0022037874979051447,3.9084967320261437,0.7635948499855437,0.056701030927835,0.3281786941580756,0.3483333333333333,1.2555514590349048,30,False,1658.0
3,sparse_er,sparse_er_19,19,21,1926502006,3696380657,"[37, 77, 92, 142, 163, 168, 187, 191, 275, 345, 400, 404, 408, 440, 514, 545, 553, 559]","[484, 307, 570, 560, 303, 38, 398, 480, 466, 412, 341, 479, 276, 301, 95, 159, 438, 552]",600,18,0.8,0.01,,,,,,,,6.0216666666666665,0.41457784072857917,0.9983333333333333,0.08,6.0,0.001630928518439877,0.0042866051881212735,0.16494845360824742,0.013745704467353952,0.0,0.0,2.142857142857143,4.0,0.001718213058419244,0.13745704467353953,6.231958762886598,0.14742898822572706,0.6983870681547989,0.004134982844082582,3.915032679738562,0.8599497920915062,0.056701030927835,0.9896907216494846,0.99,1.3136008750880137,30,False,2866.0
3,sparse_er,sparse_er_19,19,22,1926502006,3731459246,"[41, 61, 129, 146, 159, 186, 192, 198, 231, 232, 282, 296, 414, 421, 480, 494, 570, 577]","[196, 42, 404, 339, 456, 409, 564, 338, 210, 353, 229, 568, 133, 259, 444, 392, 508, 176]",600,18,0.8,0.01,,,,,,,,6.0216666666666665,0.41457784072857917,0.9983333333333333,0.08,6.777777777777778,0.0018207929500224955,0.006165295772699136,0.18384879725085912,0.01718213058419244,0.001718213058419244,0.0,2.135972461273666,5.0,0.001718213058419244,0.19759450171821305,6.747422680412371,0.16306394757535816,0.6674237450538532,0.005928639261972595,3.477124183006536,0.8520771919120107,0.0773195876288659,0.9965635738831616,0.9966666666666668,0.8350335420109332,18,True,2874.0
3,sparse_er,sparse_er_19,19,23,1926502006,3171649137,"[12, 20, 196, 218, 224, 231, 246, 278, 281, 332, 354, 390, 435, 459, 485, 520, 524, 579]","[355, 284, 32, 120, 218, 210, 515, 0, 350, 228, 299, 201, 257, 437, 112, 348, 278, 56]",600,18,0.8,0.01,,,,,,,,6.0216666666666665,0.41457784072857917,0.9983333333333333,0.08,6.944444444444445,0.001864885726308785,0.006167436493731433,0.19072164948453607,0.020618556701030927,0.0,0.0,2.036144578313253,4.0,0.001718213058419244,0.18900343642611683,7.123711340206185,0.17053902435622673,0.6561503746946549,0.005355658267999675,3.5620915032679736,0.8141048658631358,0.0910652920962199,0.9948453608247424,0.995,0.8408157919766381,19,True,2874.0
3,sparse_er,sparse_er_19,19,24,1926502006,2497247087,"[42, 68, 113, 136, 216, 221, 223, 264, 272, 297, 304, 359, 368, 435, 470, 494, 500, 503]","[597, 52, 429, 473, 525, 329, 96, 316, 394, 134, 74, 187, 549, 257, 10, 392, 131, 83]",600,18,0.8,0.01,,,,,,,,6.0216666666666665,0.41457784072857917,0.9983333333333333,0.08,5.888888888888889,0.001645974953450196,0.003928792274809683,0.16838487972508592,0.010309278350515464,0.0,0.0,2.1480206540447506,5.0,0.001718213058419244,0.12371134020618557,5.912371134020619,0.15023035442765295,0.692626174802302,0.00351962851962852,3.8366013071895426,0.7941094087557276,0.0515463917525773,0.1769759450171821,0.2016666666666666,2.855747333029285,30,True,1530.0
3,sparse_er,sparse_er_19,19,25,1926502006,1826549157,"[56, 87, 99, 106, 111, 181, 287, 337, 370, 372, 391, 397, 419, 426, 444, 446, 468, 520]","[523, 360, 285, 204, 585, 544, 239, 154, 272, 280, 449, 97, 575, 265, 287, 142, 189, 348]",600,18,0.8,0.01,,,,,,,,6.0216666666666665,0.41457784072857917,0.9983333333333333,0.08,5.944444444444445,0.0016337878018274031,0.0040034081688614135,0.17697594501718214,0.006872852233676976,0.0,0.0,2.1187607573149743,4.0,0.001718213058419244,0.13402061855670103,6.324742268041237,0.1543380767272819,0.6787089447628512,0.002404131815896522,3.7712418300653594,0.8399543349840981,0.0412371134020618,0.0876288659793814,0.115,1.844430207973346,30,False,1464.0
3,sparse_er,sparse_er_19,19,26,1926502006,3814789122,"[0, 65, 96, 134, 171, 192, 261, 311, 314, 321, 356, 367, 393, 428, 437, 466, 503, 523]","[237, 571, 39, 122, 87, 564, 293, 430, 192, 253, 569, 595, 140, 240, 556, 599, 83, 138]",600,18,0.8,0.01,,,,,,,,6.0216666666666665,0.41457784072857917,0.9983333333333333,0.08,5.888888888888889,0.0016074212451006305,0.004792198658913881,0.16666666666666666,0.013745704467353952,0.001718213058419244,0.0,2.1204819277108435,4.0,0.001718213058419244,0.14261168384879724,6.378006872852234,0.14901218708395939,0.6955775975773492,0.0060511501399621356,3.738562091503268,0.781986551827815,0.0584192439862542,0.2508591065292096,0.2733333333333333,1.7391359579050911,30,False,1594.0
3,sparse_er,sparse_er_19,19,27,1926502006,24188932,"[20, 34, 80, 116, 133, 199, 201, 207, 238, 252, 253, 277, 444, 508, 523, 524, 544, 546]","[284, 377, 34, 346, 86, 186, 151, 260, 44, 35, 536, 254, 287, 557, 138, 278, 88, 23]",600,18,0.8,0.01,,,,,,,,6.0216666666666665,0.41457784072857917,0.9983333333333333,0.08,6.555555555555555,0.0017602001356466096,0.004437056974659983,0.18213058419243985,0.013745704467353952,0.0,0.0,2.1204819277108435,4.0,0.001718213058419244,0.19415807560137457,6.810996563573883,0.16175430211066708,0.6701090074584051,0.004549039324125829,3.5620915032679736,0.8720726490194188,0.0721649484536082,1.0,1.0,1.1444605409633368,19,True,2874.0
3,sparse_er,sparse_er_19,19,28,1926502006,2737204020,"[128, 155, 165, 198, 202, 203, 253, 306, 321, 347, 376, 377, 394, 430, 459, 464, 535, 536]","[361, 554, 432, 338, 534, 182, 536, 116, 253, 193, 496, 109, 180, 308, 437, 502, 236, 326]",600,18,0.8,0.01,,,,,,,,6.0216666666666665,0.41457784072857917,0.9983333333333333,0.08,4.833333333333333,0.0013838983977142606,0.0027826105190080306,0.140893470790378,0.006872852233676976,0.001718213058419244,0.0,2.2409638554216866,4.0,0.001718213058419244,0.0859106529209622,5.257731958762887,0.12854024528406482,0.7388138710955753,0.004526192761486879,4.045751633986928,0.7835903070929519,0.0584192439862542,0.9192439862542956,0.9216666666666666,1.5685968750622123,30,False,2678.0
3,sparse_er,sparse_er_19,19,29,1926502006,3901111902,"[87, 89, 103, 110, 240, 257, 275, 321, 349, 378, 384, 420, 471, 474, 528, 553, 566, 575]","[360, 89, 558, 115, 335, 14, 466, 253, 69, 184, 324, 551, 8, 242, 413, 438, 241, 387]",600,18,0.8,0.01,,,,,,,,6.0216666666666665,0.41457784072857917,0.9983333333333333,0.08,6.444444444444445,0.0017429780390283373,0.004973580734578214,0.17010309278350516,0.015463917525773196,0.0,0.0,2.1118760757314976,4.0,0.001718213058419244,0.1563573883161512,6.383161512027492,0.15213574494853846,0.6898640216240515,0.0054987069404601125,3.65359477124183,0.7498682377924941,0.0738831615120274,0.9965635738831616,0.9966666666666668,0.8522124999435619,26,True,2874.0
3,sparse_er,sparse_er_19,19,30,1926502006,3151830189,"[48, 55, 78, 79, 112, 129, 136, 251, 359, 396, 435, 452, 458, 490, 493, 494, 521, 598]","[252, 354, 171, 168, 178, 404, 473, 455, 187, 397, 257, 41, 445, 572, 374, 392, 465, 531]",600,18,0.8,0.01,,,,,,,,6.0216666666666665,0.41457784072857917,0.9983333333333333,0.08,6.611111111111111,0.0017945701550554321,0.00519770005855331,0.19243986254295534,0.00859106529209622,0.0,0.0,2.091222030981067,4.0,0.001718213058419244,0.16838487972508592,6.646048109965636,0.16672427157072042,0.6536188938375003,0.0025843373594238647,3.69281045751634,0.8520771919120107,0.0429553264604811,0.993127147766323,0.9933333333333332,0.9879178330302238,30,False,2872.0
3,sparse_er,sparse_er_19,19,31,1926502006,489469580,"[56, 75, 101, 112, 146, 156, 287, 325, 338, 360, 394, 396, 419, 490, 544, 548, 551, 571]","[523, 144, 17, 178, 339, 365, 239, 586, 173, 105, 180, 397, 575, 572, 88, 541, 232, 139]",600,18,0.8,0.01,,,,,,,,6.0216666666666665,0.41457784072857917,0.9983333333333333,0.08,5.833333333333333,0.0016042448462549673,0.0037039143996127344,0.15807560137457044,0.012027491408934709,0.0,0.0,2.2099827882960414,5.0,0.001718213058419244,0.14604810996563575,6.194158075601375,0.1437769569879404,0.7096722678637969,0.003900493116179391,3.718954248366013,0.7698636948999024,0.0515463917525773,0.6872852233676976,0.6966666666666667,0.9946380419423804,30,False,2070.0
3,sparse_er,sparse_er_19,19,32,1926502006,2476941070,"[19, 47, 138, 240, 259, 319, 322, 382, 385, 413, 441, 452, 460, 474, 508, 523, 533, 576]","[362, 251, 529, 335, 349, 358, 43, 521, 6, 590, 81, 41, 121, 242, 557, 138, 504, 181]",600,18,0.8,0.01,,,,,,,,6.0216666666666665,0.41457784072857917,0.9983333333333333,0.08,6.333333333333333,0.0017135859609262371,0.006028999196828323,0.16838487972508592,0.020618556701030927,0.0,0.0,2.1222030981067124,4.0,0.001718213058419244,0.17010309278350516,6.603092783505154,0.15352026786652193,0.6925433693537034,0.00654816583305626,3.7058823529411766,0.7698636948999024,0.0738831615120274,1.0,1.0,0.7657660000259057,23,True,2874.0
3,sparse_er,sparse_er_19,19,33,1926502006,3068522218,"[9, 23, 31, 65, 138, 199, 227, 237, 244, 247, 286, 350, 395, 411, 419, 439, 538, 545]","[322, 269, 457, 571, 529, 186, 582, 514, 114, 390, 427, 47, 416, 214, 575, 195, 172, 159]",600,18,0.8,0.01,,,,,,,,6.0216666666666665,0.41457784072857917,0.9983333333333333,0.08,6.166666666666667,0.0017170075586936593,0.0053683309735926485,0.17697594501718214,0.013745704467353952,0.0,0.0,2.134251290877797,5.0,0.001718213058419244,0.1323024054982818,6.231958762886598,0.1570522801505128,0.6786083952895529,0.004867844573726927,3.849673202614379,0.7240187686715317,0.0618556701030927,0.9965635738831616,0.9966666666666668,0.9922911670291796,30,False,2874.0
3,sparse_er,sparse_er_19,19,34,1926502006,455821058,"[1, 5, 18, 91, 97, 98, 133, 211, 246, 270, 368, 393, 475, 497, 515, 522, 579, 598]","[281, 101, 384, 428, 46, 234, 86, 513, 515, 434, 549, 140, 258, 123, 330, 290, 56, 531]",600,18,0.8,0.01,,,,,,,,6.0216666666666665,0.41457784072857917,0.9983333333333333,0.08,8.222222222222221,0.002179172562817947,0.00858020384245664,0.22336769759450173,0.013745704467353952,0.003436426116838488,0.0,2.0,4.0,0.001718213058419244,0.25601374570446733,7.701030927835052,0.1891882822843244,0.6052013651069669,0.005208452145106064,3.3529411764705883,0.7757177069134562,0.0790378006872852,0.9965635738831616,0.9966666666666668,0.9632407920435072,30,False,2874.0
3,sparse_er,sparse_er_19,19,35,1926502006,3056101185,"[34, 55, 73, 78, 80, 151, 177, 189, 195, 244, 293, 308, 367, 402, 404, 479, 482, 499]","[377, 354, 453, 171, 34, 596, 342, 55, 161, 114, 450, 574, 595, 317, 479, 84, 72, 352]",600,18,0.8,0.01,,,,,,,,6.0216666666666665,0.41457784072857917,0.9983333333333333,0.08,5.277777777777778,0.0014760704530348747,0.0028082738245331284,0.14948453608247422,0.010309278350515464,0.0,0.0,2.2117039586919107,5.0,0.001718213058419244,0.11168384879725086,5.850515463917525,0.13716227431208491,0.7241099892944385,0.003893510266059286,3.7973856209150325,0.8157086211282727,0.0532646048109965,0.2697594501718213,0.2916666666666667,1.006242624949664,30,False,1600.0
3,sparse_er,sparse_er_19,19,36,1926502006,4126821899,"[5, 18, 108, 128, 148, 150, 152, 167, 170, 212, 254, 257, 324, 346, 354, 407, 510, 599]","[101, 384, 483, 361, 561, 49, 311, 129, 60, 103, 29, 14, 588, 567, 299, 270, 467, 153]",600,18,0.8,0.01,,,,,,,,6.0216666666666665,0.41457784072857917,0.9983333333333333,0.08,5.666666666666667,0.001586248144131563,0.0034327252734631677,0.1563573883161512,0.013745704467353952,0.001718213058419244,0.0,2.1962134251290877,4.0,0.001718213058419244,0.11855670103092783,6.027491408934708,0.14321085148915016,0.7125467998651455,0.006521283727166078,3.7254901960784315,0.7635948499855436,0.0601374570446735,0.9948453608247424,0.995,1.078671625000425,30,False,2874.0
3,sparse_er,sparse_er_19,19,37,1926502006,3763838004,"[114, 122, 132, 136, 144, 145, 146, 165, 240, 321, 353, 367, 375, 392, 400, 431, 560, 583]","[584, 559, 537, 473, 77, 399, 339, 432, 335, 253, 388, 595, 458, 313, 341, 565, 323, 356]",600,18,0.8,0.01,,,,,,,,6.0216666666666665,0.41457784072857917,0.9983333333333333,0.08,6.0,0.001632970256079118,0.003825215350556322,0.16494845360824742,0.015463917525773196,0.001718213058419244,0.0,2.17039586919105,4.0,0.001718213058419244,0.15979381443298968,6.364261168384879,0.14917231935136738,0.6983042627062004,0.006082633778712211,3.627450980392157,0.6856316097218522,0.0721649484536082,0.9948453608247424,0.995,0.966364459018223,30,False,2874.0
3,sparse_er,sparse_er_19,19,38,1926502006,1142452070,"[74, 107, 130, 137, 159, 165, 241, 258, 297, 322, 326, 345, 389, 454, 466, 569, 594, 596]","[306, 386, 538, 11, 456, 432, 53, 90, 134, 43, 267, 412, 587, 143, 599, 277, 220, 200]",600,18,0.8,0.01,,,,,,,,6.0216666666666665,0.41457784072857917,0.9983333333333333,0.08,5.277777777777778,0.0015020940890336692,0.003274783775057565,0.14776632302405499,0.012027491408934709,0.001718213058419244,0.0,2.2099827882960414,4.0,0.001718213058419244,0.0979381443298969,5.551546391752577,0.13467090367109014,0.7271619615427838,0.007750920957380012,3.869281045751634,0.8799452491989145,0.0549828178694158,0.2525773195876288,0.275,0.991669000010006,30,False,1554.0
3,sparse_er,sparse_er_19,19,39,1926502006,1056605247,"[40, 73, 149, 153, 174, 213, 235, 288, 299, 358, 370, 372, 408, 461, 530, 537, 575, 581]","[262, 453, 94, 440, 589, 145, 119, 51, 45, 553, 272, 280, 276, 37, 106, 433, 387, 275]",600,18,0.8,0.01,,,,,,,,6.0216666666666665,0.41457784072857917,0.9983333333333333,0.08,5.222222222222222,0.0014896012989532633,0.004136978762680911,0.1563573883161512,0.001718213058419244,0.0,0.0,2.208261617900172,4.0,0.001718213058419244,0.09965635738831616,5.484536082474227,0.13762478375488854,0.7127833868611412,0.0005446623093681917,3.9281045751633985,0.7698636948999023,0.0584192439862542,1.0,1.0,0.9839415840106084,30,False,2874.0
3,sparse_er,sparse_er_19,19,40,1926502006,480818296,"[85, 97, 150, 183, 193, 224, 230, 268, 341, 345, 401, 414, 442, 464, 478, 556, 584, 586]","[490, 46, 49, 21, 50, 218, 255, 499, 366, 412, 177, 133, 345, 502, 78, 167, 1, 460]",600,18,0.8,0.01,,,,,,,,6.0216666666666665,0.41457784072857917,0.9983333333333333,0.08,7.111111111111111,0.0019177538070450897,0.006363303535885272,0.1872852233676976,0.018900343642611683,0.0,0.0,2.1049913941480205,5.0,0.001718213058419244,0.19072164948453607,6.936426116838488,0.1664213060602816,0.6617811451993542,0.005737012570922605,3.4901960784313726,0.8841955059473315,0.0618556701030927,0.9948453608247424,0.995,0.7014740830054507,21,True,2874.0
3,sparse_er,sparse_er_19,19,41,1926502006,4044514382,"[4, 9, 35, 86, 91, 135, 143, 150, 235, 250, 252, 287, 291, 293, 352, 386, 399, 423]","[435, 322, 403, 245, 428, 125, 215, 49, 119, 367, 35, 239, 320, 450, 300, 497, 382, 7]",600,18,0.8,0.01,,,,,,,,6.0216666666666665,0.41457784072857917,0.9983333333333333,0.08,5.944444444444445,0.0016416108946120617,0.0038895635833872937,0.16838487972508592,0.012027491408934709,0.0,0.0,2.1583476764199654,4.0,0.001718213058419244,0.1323024054982818,6.080756013745704,0.14864508493352988,0.6927977003743989,0.004145231077180328,3.8300653594771243,0.7835903070929519,0.0670103092783505,0.9965635738831616,0.9966666666666668,0.7705863339360803,23,True,2874.0
3,sparse_er,sparse_er_19,19,42,1926502006,1842925515,"[69, 88, 95, 105, 125, 146, 288, 292, 295, 298, 317, 336, 382, 387, 484, 572, 591, 593]","[372, 501, 22, 507, 334, 339, 51, 481, 594, 408, 155, 380, 521, 302, 128, 482, 325, 426]",600,18,0.8,0.01,,,,,,,,6.0216666666666665,0.41457784072857917,0.9983333333333333,0.08,6.5,0.0017660458319686788,0.005007325044746339,0.18556701030927836,0.013745704467353952,0.001718213058419244,0.0,2.098106712564544,4.0,0.001718213058419244,0.14604810996563575,6.328178694158075,0.16195730026785515,0.6648567761472991,0.005001639408798423,3.738562091503268,0.7957131640208647,0.0687285223367697,1.0,1.0,0.5495749169494957,16,True,2874.0
3,sparse_er,sparse_er_19,19,43,1926502006,3959159929,"[70, 83, 131, 147, 152, 203, 216, 290, 330, 331, 342, 365, 383, 415, 425, 454, 512, 515]","[491, 264, 79, 191, 311, 182, 525, 547, 331, 396, 162, 205, 75, 198, 31, 143, 132, 330]",600,18,0.8,0.01,,,,,,,,6.0216666666666665,0.41457784072857917,0.9983333333333333,0.08,5.833333333333333,0.0016437303325552894,0.00466789301530337,0.15463917525773196,0.015463917525773196,0.0,0.0,2.2030981067125643,5.0,0.001718213058419244,0.12886597938144329,5.986254295532646,0.14299733487590327,0.7153562704425951,0.0052750444907307655,3.718954248366013,0.8478269351635938,0.0721649484536082,0.2783505154639175,0.3,1.0081965420395136,30,False,1620.0
3,sparse_er,sparse_er_19,19,44,1926502006,2072725824,"[15, 26, 29, 61, 126, 142, 155, 163, 189, 205, 266, 297, 359, 414, 477, 486, 531, 582]","[415, 417, 57, 42, 315, 560, 554, 303, 55, 540, 238, 134, 187, 133, 548, 9, 235, 70]",600,18,0.8,0.01,,,,,,,,6.0216666666666665,0.41457784072857917,0.9983333333333333,0.08,5.555555555555555,0.0015344599784728483,0.0031805515158764837,0.1563573883161512,0.00859106529209622,0.0,0.0,2.179001721170396,4.0,0.001718213058419244,0.14261168384879724,5.8883161512027495,0.14064441057908322,0.7126650933631433,0.0027215639672387077,3.9607843137254903,0.8599497920915062,0.0756013745704467,0.9965635738831616,0.9966666666666668,0.8008486670441926,24,True,2874.0
3,sparse_er,sparse_er_19,19,45,1926502006,721690491,"[81, 117, 134, 186, 261, 278, 279, 287, 292, 328, 352, 380, 392, 461, 514, 544, 549, 595]","[592, 332, 122, 409, 293, 0, 550, 239, 481, 166, 300, 451, 313, 37, 95, 88, 194, 67]",600,18,0.8,0.01,,,,,,,,6.0216666666666665,0.41457784072857917,0.9983333333333333,0.08,5.722222222222222,0.0015885703599107836,0.003740060906241114,0.15807560137457044,0.012027491408934709,0.0,0.0,2.1824440619621344,4.0,0.001718213058419244,0.13745704467353953,5.905498281786942,0.14158997047031197,0.7098437934358938,0.004474011826953003,3.784313725490196,0.7049550877847359,0.0618556701030927,0.2611683848797251,0.2833333333333333,1.003147832932882,30,False,1608.0
3,sparse_er,sparse_er_19,19,46,1926502006,3712648870,"[6, 11, 15, 21, 94, 111, 123, 127, 133, 155, 159, 166, 196, 396, 436, 461, 528, 592]","[448, 135, 415, 286, 183, 585, 343, 385, 86, 554, 456, 249, 32, 397, 357, 37, 413, 71]",600,18,0.8,0.01,,,,,,,,6.0216666666666665,0.41457784072857917,0.9983333333333333,0.08,6.388888888888889,0.0017341748554086849,0.004749596220424325,0.17353951890034364,0.018900343642611683,0.001718213058419244,0.0,2.1204819277108435,4.0,0.001718213058419244,0.15463917525773196,6.864261168384879,0.1572256281827198,0.6840439815225556,0.0071463485679171945,3.5620915032679736,0.8599497920915062,0.0841924398625429,0.9965635738831616,0.9966666666666668,0.6392322089523077,19,True,2874.0
3,sparse_er,sparse_er_19,19,47,1926502006,1917016748,"[26, 62, 73, 74, 82, 119, 135, 166, 230, 237, 247, 258, 326, 390, 404, 454, 460, 553]","[417, 213, 453, 306, 562, 344, 125, 249, 255, 514, 390, 90, 267, 201, 479, 143, 121, 438]",600,18,0.8,0.01,,,,,,,,6.0216666666666665,0.41457784072857917,0.9983333333333333,0.08,5.833333333333333,0.0016216970264450723,0.004969848426105021,0.15463917525773196,0.01718213058419244,0.001718213058419244,0.0,2.1824440619621344,4.0,0.001718213058419244,0.15463917525773196,6.207903780068729,0.14317291974181098,0.715362185117495,0.006206393461295422,3.6862745098039214,0.8278314780561854,0.063573883161512,0.9948453608247424,0.995,0.7349446250591427,22,True,2874.0
3,sparse_er,sparse_er_19,19,48,1926502006,1594938011,"[38, 39, 43, 53, 63, 71, 102, 155, 163, 191, 216, 259, 300, 328, 331, 378, 384, 560]","[63, 443, 527, 471, 369, 82, 336, 554, 303, 480, 525, 349, 378, 166, 396, 184, 324, 323]",600,18,0.8,0.01,,,,,,,,6.0216666666666665,0.41457784072857917,0.9983333333333333,0.08,5.722222222222222,0.0015813363731802517,0.0028213499110080775,0.16838487972508592,0.005154639175257732,0.0,0.0,2.161790017211704,4.0,0.001718213058419244,0.12027491408934708,5.816151202749141,0.1467928024199089,0.6928686764731976,0.0017010222892575831,3.9084967320261437,0.7714674501650394,0.063573883161512,0.2319587628865979,0.255,0.936509000021033,28,True,1580.0
3,sparse_er,sparse_er_19,19,49,1926502006,1483357975,"[4, 18, 69, 121, 183, 233, 337, 351, 380, 391, 424, 460, 477, 510, 536, 559, 586, 599]","[435, 384, 372, 383, 21, 13, 154, 208, 451, 449, 524, 121, 548, 467, 326, 552, 460, 153]",600,18,0.8,0.01,,,,,,,,6.0216666666666665,0.41457784072857917,0.9983333333333333,0.08,5.277777777777778,0.0014801833688239112,0.0032161491520232774,0.14776632302405499,0.012027491408934709,0.0,0.0,2.2306368330464714,4.0,0.001718213058419244,0.1134020618556701,5.706185567010309,0.13615660823167047,0.7270081799953866,0.004177775746403197,3.9019607843137254,0.8799452491989145,0.0515463917525773,0.8075601374570447,0.8133333333333334,1.003204375039786,30,False,2382.0
