feature_schema_version,graph_model,graph_pair_key,graph_pair_id,candidate_id,graph_pair_seed,sgm_seed,seed_vertices_graph1,seed_vertices_graph2,n_vertices,n_seeds,rho,er_probability,sbm_n_blocks,sbm_n_per_block,sbm_block_probabilities,paper_alpha,paper_probability,ier_alpha,ier_beta,pair_degree_mean_average,pair_degree_cv_average,pair_largest_component_fraction_min,pair_sorted_degree_mean_absolute_difference,seed_degree_mean,seed_pagerank_mean,seed_betweenness_mean,nonseed_covered_fraction,nonseed_covered_by_two_fraction,nonseed_covered_by_three_fraction,nonseed_seed_neighbor_q10,nonseed_nearest_seed_distance_mean,nonseed_nearest_seed_distance_max,nonseed_nearest_seed_distance_disconnected_fraction,nonseed_within_two_hops_of_three_seeds_fraction,nonseed_three_hop_seed_count_mean,nonseed_seed_signature_normalized_entropy,nonseed_seed_signature_collision_pair_fraction,seed_nonseed_neighborhood_jaccard_mean,seed_pair_shortest_path_mean,seed_community_normalized_entropy,h0_accuracy,final_unseeded_accuracy,final_all_accuracy,sgm_runtime_seconds,sgm_n_iter,sgm_converged,sgm_objective_score
3,sparse_sbm,sparse_sbm_0,0,0,4206279609,1929550545,"[61, 70, 82, 100, 144, 154, 189, 191, 223, 318, 470, 475, 544, 572, 579]","[358, 570, 404, 326, 368, 208, 79, 489, 508, 304, 514, 311, 281, 129, 80]",600,15,0.8,,3,200,"[[0.02, 0.005, 0.01], [0.005, 0.02, 0.005], [0.01, 0.005, 0.02]]",,,,,6.55,0.38997249152864233,1.0,0.08,6.133333333333334,0.0015769970218348641,0.005291134741312756,0.14188034188034188,0.010256410256410256,0.0017094017094017094,0.0,2.2256410256410257,4.0,0.0,0.10598290598290598,5.541880341880342,0.12554217410122268,0.7374253600280998,0.006723699580842437,3.742857142857143,0.8648307589022237,0.0478632478632478,0.1418803418803418,0.1633333333333333,1.0394959170371294,29,True,1532.0
3,sparse_sbm,sparse_sbm_0,0,1,4206279609,1346294107,"[24, 27, 35, 97, 102, 131, 287, 387, 409, 433, 435, 468, 513, 517, 559]","[441, 535, 297, 133, 127, 331, 557, 290, 191, 15, 494, 271, 22, 235, 207]",600,15,0.8,,3,200,"[[0.02, 0.005, 0.01], [0.005, 0.02, 0.005], [0.01, 0.005, 0.02]]",,,,,6.55,0.38997249152864233,1.0,0.08,8.066666666666666,0.00197101978838941,0.005232142551985194,0.18632478632478633,0.020512820512820513,0.0,0.0,2.056410256410256,4.0,0.0,0.20170940170940171,7.164102564102564,0.16211379217943497,0.6635815478281232,0.007756633917624629,3.2476190476190476,0.7292691752030938,0.0649572649572649,0.9931623931623932,0.9933333333333332,0.6175439159851521,17,True,3184.0
3,sparse_sbm,sparse_sbm_0,0,2,4206279609,902898176,"[91, 104, 109, 147, 214, 250, 253, 386, 414, 435, 461, 479, 504, 547, 593]","[2, 554, 540, 259, 287, 6, 11, 520, 179, 494, 510, 436, 83, 211, 360]",600,15,0.8,,3,200,"[[0.02, 0.005, 0.01], [0.005, 0.02, 0.005], [0.01, 0.005, 0.02]]",,,,,6.55,0.38997249152864233,1.0,0.08,6.266666666666667,0.0016131512047310647,0.0046880351270521,0.14017094017094017,0.011965811965811967,0.0017094017094017094,0.0,2.230769230769231,4.0,0.0,0.15897435897435896,5.9452991452991455,0.12597534891581375,0.740200210748156,0.00881708238851096,3.380952380952381,0.7674023411560141,0.0598290598290598,0.9948717948717948,0.995,0.8647654160158709,25,True,3184.0
3,sparse_sbm,sparse_sbm_0,0,3,4206279609,2550339232,"[4, 54, 102, 135, 193, 218, 250, 264, 286, 321, 445, 446, 455, 494, 588]","[254, 382, 127, 58, 437, 350, 6, 92, 212, 298, 84, 276, 461, 90, 569]",600,15,0.8,,3,200,"[[0.02, 0.005, 0.01], [0.005, 0.02, 0.005], [0.01, 0.005, 0.02]]",,,,,6.55,0.38997249152864233,1.0,0.08,6.6,0.001687472527783941,0.005713635356019253,0.15213675213675212,0.013675213675213675,0.0,0.0,2.2,4.0,0.0,0.13675213675213677,5.9914529914529915,0.13564427778258212,0.719898138391289,0.005821757607471893,3.580952380952381,0.8648307589022237,0.0683760683760683,0.9931623931623932,0.9933333333333332,0.5260407089954242,15,True,3184.0
3,sparse_sbm,sparse_sbm_0,0,4,4206279609,2660518384,"[14, 147, 173, 184, 250, 299, 306, 307, 434, 437, 461, 480, 502, 528, 596]","[219, 259, 105, 28, 6, 459, 301, 102, 69, 113, 510, 227, 529, 262, 157]",600,15,0.8,,3,200,"[[0.02, 0.005, 0.01], [0.005, 0.02, 0.005], [0.01, 0.005, 0.02]]",,,,,6.55,0.38997249152864233,1.0,0.08,6.4,0.0016580909371872838,0.004294871450102907,0.14017094017094017,0.022222222222222223,0.0017094017094017094,0.0,2.2683760683760683,4.0,0.0,0.12307692307692308,5.671794871794872,0.12874873019169275,0.740200210748156,0.012624967624967625,3.5142857142857142,0.8549925970141012,0.0649572649572649,0.9965811965811966,0.9966666666666668,0.6621534170117229,19,True,3184.0
3,sparse_sbm,sparse_sbm_0,0,5,4206279609,48754855,"[16, 31, 70, 118, 150, 193, 200, 246, 250, 325, 381, 442, 446, 495, 582]","[340, 104, 570, 274, 167, 437, 599, 265, 6, 71, 525, 423, 276, 530, 443]",600,15,0.8,,3,200,"[[0.02, 0.005, 0.01], [0.005, 0.02, 0.005], [0.01, 0.005, 0.02]]",,,,,6.55,0.38997249152864233,1.0,0.08,6.666666666666667,0.0017286133781760737,0.003965083641289052,0.1658119658119658,0.005128205128205128,0.0,0.0,2.14017094017094,4.0,0.0,0.09914529914529914,5.823931623931624,0.14174950652748217,0.6972836904343753,0.0021541950113378684,3.742857142857143,0.6699739234098046,0.0683760683760683,0.2666666666666666,0.285,0.9886970000807196,30,False,1690.0
3,sparse_sbm,sparse_sbm_0,0,6,4206279609,2307555013,"[20, 45, 113, 138, 179, 224, 233, 276, 292, 311, 443, 528, 542, 570, 584]","[426, 488, 357, 236, 299, 233, 110, 98, 545, 146, 162, 262, 500, 390, 184]",600,15,0.8,,3,200,"[[0.02, 0.005, 0.01], [0.005, 0.02, 0.005], [0.01, 0.005, 0.02]]",,,,,6.55,0.38997249152864233,1.0,0.08,5.933333333333334,0.0015331475388186406,0.00370289258831722,0.147008547008547,0.0017094017094017094,0.0,0.0,2.1880341880341883,4.0,0.0,0.09743589743589744,5.596581196581196,0.1273029558218264,0.7287144362486828,0.0007936507936507937,3.7714285714285714,0.742414593834354,0.0529914529914529,0.1709401709401709,0.1916666666666666,1.0167658330174163,30,False,1598.0
3,sparse_sbm,sparse_sbm_0,0,7,4206279609,1977551788,"[102, 115, 148, 177, 191, 237, 265, 270, 285, 292, 318, 372, 408, 416, 451]","[127, 273, 425, 430, 489, 534, 553, 576, 193, 545, 304, 513, 424, 522, 139]",600,15,0.8,,3,200,"[[0.02, 0.005, 0.01], [0.005, 0.02, 0.005], [0.01, 0.005, 0.02]]",,,,,6.55,0.38997249152864233,1.0,0.08,7.066666666666666,0.0017759454811357056,0.0044457159212186684,0.1641025641025641,0.017094017094017096,0.0,0.0,2.1555555555555554,4.0,0.0,0.15726495726495726,6.333333333333333,0.14581155592862105,0.6998653553448074,0.007098576027147456,3.466666666666667,0.8148552642589038,0.0581196581196581,0.9931623931623932,0.9933333333333332,0.9911306659923866,30,False,3184.0
3,sparse_sbm,sparse_sbm_0,0,8,4206279609,3975857144,"[55, 75, 104, 106, 188, 222, 225, 358, 414, 432, 475, 541, 560, 563, 575]","[225, 14, 554, 438, 242, 277, 68, 375, 179, 216, 311, 50, 355, 588, 31]",600,15,0.8,,3,200,"[[0.02, 0.005, 0.01], [0.005, 0.02, 0.005], [0.01, 0.005, 0.02]]",,,,,6.55,0.38997249152864233,1.0,0.08,6.133333333333334,0.0015869375300248524,0.0030547924099779368,0.1452991452991453,0.010256410256410256,0.0017094017094017094,0.0,2.2,4.0,0.0,0.09230769230769231,5.557264957264957,0.13048040901766958,0.7313604964289896,0.005783621140763998,3.676190476190476,0.6641440951262364,0.0529914529914529,0.2666666666666666,0.285,1.029765791958198,30,False,1660.0
3,sparse_sbm,sparse_sbm_0,0,9,4206279609,2826215651,"[9, 58, 77, 84, 127, 260, 317, 347, 454, 475, 478, 500, 517, 560, 574]","[413, 46, 521, 177, 428, 275, 339, 595, 555, 311, 220, 421, 235, 355, 256]",600,15,0.8,,3,200,"[[0.02, 0.005, 0.01], [0.005, 0.02, 0.005], [0.01, 0.005, 0.02]]",,,,,6.55,0.38997249152864233,1.0,0.08,6.2,0.0016036807945694228,0.002953161642122291,0.14188034188034188,0.013675213675213675,0.0,0.0,2.2393162393162394,4.0,0.0,0.12478632478632479,5.632478632478633,0.12906995868096824,0.7371560707177146,0.006099297527868956,3.723809523809524,0.8398430115805637,0.0632478632478632,0.9948717948717948,0.995,1.0004788750084117,30,False,3184.0
3,sparse_sbm,sparse_sbm_0,0,10,4206279609,1388904078,"[18, 33, 36, 101, 141, 169, 240, 307, 360, 382, 392, 395, 519, 592, 593]","[39, 65, 77, 477, 190, 78, 548, 102, 312, 590, 447, 121, 134, 234, 360]",600,15,0.8,,3,200,"[[0.02, 0.005, 0.01], [0.005, 0.02, 0.005], [0.01, 0.005, 0.02]]",,,,,6.55,0.38997249152864233,1.0,0.08,4.8,0.0013119502861440812,0.001990195085369253,0.1111111111111111,0.008547008547008548,0.003418803418803419,0.0,2.3623931623931624,4.0,0.0,0.05299145299145299,4.555555555555555,0.10327559539648597,0.7906275611755064,0.009353160067445783,4.0095238095238095,0.8095438407134888,0.041025641025641,0.0666666666666666,0.09,0.9632594169816002,28,True,1536.0
3,sparse_sbm,sparse_sbm_0,0,11,4206279609,947872608,"[16, 71, 98, 108, 185, 193, 240, 312, 430, 488, 492, 497, 525, 539, 589]","[340, 516, 372, 446, 175, 437, 548, 238, 419, 302, 453, 412, 218, 252, 20]",600,15,0.8,,3,200,"[[0.02, 0.005, 0.01], [0.005, 0.02, 0.005], [0.01, 0.005, 0.02]]",,,,,6.55,0.38997249152864233,1.0,0.08,6.6,0.0017129519503137707,0.005028792055013582,0.15555555555555556,0.013675213675213675,0.0,0.0,2.194871794871795,4.0,0.0,0.09401709401709402,5.35042735042735,0.13586284634187556,0.7143191663739609,0.0054556554556554554,3.9238095238095236,0.7444187606366313,0.0564102564102564,0.1726495726495726,0.1933333333333333,1.03772875003051,30,False,1596.0
3,sparse_sbm,sparse_sbm_0,0,12,4206279609,3211458171,"[4, 8, 72, 244, 285, 298, 374, 398, 421, 432, 466, 513, 546, 565, 566]","[254, 398, 374, 70, 193, 99, 138, 445, 204, 216, 8, 22, 584, 322, 583]",600,15,0.8,,3,200,"[[0.02, 0.005, 0.01], [0.005, 0.02, 0.005], [0.01, 0.005, 0.02]]",,,,,6.55,0.38997249152864233,1.0,0.08,5.733333333333333,0.00150246434590273,0.00336645992823681,0.13675213675213677,0.010256410256410256,0.0,0.0,2.2273504273504274,4.0,0.0,0.10427350427350428,5.3709401709401705,0.1230766440136407,0.7460543261913125,0.005045695045695046,3.780952380952381,0.8398430115805638,0.0666666666666666,0.9931623931623932,0.9933333333333332,0.6161796660162508,18,True,3184.0
3,sparse_sbm,sparse_sbm_0,0,13,4206279609,2868879595,"[5, 81, 129, 132, 148, 149, 202, 258, 360, 374, 379, 389, 474, 495, 502]","[284, 354, 1, 52, 425, 54, 349, 0, 312, 138, 229, 509, 564, 530, 529]",600,15,0.8,,3,200,"[[0.02, 0.005, 0.01], [0.005, 0.02, 0.005], [0.01, 0.005, 0.02]]",,,,,6.55,0.38997249152864233,1.0,0.08,5.266666666666667,0.0014224067278373813,0.003031117552871909,0.1264957264957265,0.003418803418803419,0.0017094017094017094,0.0,2.3025641025641024,4.0,0.0,0.08547008547008547,4.950427350427351,0.11395646482253836,0.7637044842524294,0.003961038961038961,3.914285714285714,0.8648307589022237,0.041025641025641,0.0735042735042735,0.0966666666666666,1.0364999159937724,30,False,1532.0
3,sparse_sbm,sparse_sbm_0,0,14,4206279609,3425658505,"[32, 58, 97, 270, 327, 328, 407, 408, 435, 453, 457, 459, 472, 508, 545]","[60, 46, 133, 576, 106, 266, 550, 424, 494, 515, 173, 161, 109, 507, 153]",600,15,0.8,,3,200,"[[0.02, 0.005, 0.01], [0.005, 0.02, 0.005], [0.01, 0.005, 0.02]]",,,,,6.55,0.38997249152864233,1.0,0.08,7.333333333333333,0.0018270052364338602,0.004485730847929159,0.1675213675213675,0.013675213675213675,0.0,0.0,2.124786324786325,5.0,0.0,0.17435897435897435,6.617094017094017,0.1451767305059162,0.6944561526753308,0.00621584666255166,3.466666666666667,0.7022772610791568,0.0632478632478632,0.9948717948717948,0.995,1.004732667002827,30,False,3184.0
3,sparse_sbm,sparse_sbm_0,0,15,4206279609,2900824416,"[0, 27, 104, 118, 160, 161, 220, 247, 293, 384, 385, 391, 399, 463, 575]","[228, 535, 554, 274, 112, 165, 283, 253, 496, 495, 21, 591, 158, 407, 31]",600,15,0.8,,3,200,"[[0.02, 0.005, 0.01], [0.005, 0.02, 0.005], [0.01, 0.005, 0.02]]",,,,,6.55,0.38997249152864233,1.0,0.08,5.933333333333334,0.0015936207170307141,0.003926443765506697,0.15042735042735042,0.0017094017094017094,0.0,0.0,2.1931623931623934,4.0,0.0,0.07692307692307693,5.348717948717948,0.12966622056330768,0.7229481325371736,0.0011904761904761906,3.9047619047619047,0.7444187606366314,0.07008547008547,0.9948717948717948,0.995,1.293436249950901,29,True,3184.0
3,sparse_sbm,sparse_sbm_0,0,16,4206279609,218537599,"[84, 158, 185, 189, 220, 274, 277, 291, 307, 353, 418, 501, 531, 540, 552]","[177, 94, 175, 79, 283, 497, 5, 295, 102, 485, 308, 263, 338, 244, 267]",600,15,0.8,,3,200,"[[0.02, 0.005, 0.01], [0.005, 0.02, 0.005], [0.01, 0.005, 0.02]]",,,,,6.55,0.38997249152864233,1.0,0.08,6.2,0.0016032403895175973,0.0048528705725523315,0.13675213675213677,0.018803418803418803,0.0,0.0,2.235897435897436,4.0,0.0,0.09230769230769231,5.579487179487179,0.1269085614935129,0.7458787027280178,0.0073603987049365195,3.7142857142857144,0.7194310133149713,0.0649572649572649,0.9931623931623932,0.9933333333333332,0.8951477910159156,27,True,3184.0
3,sparse_sbm,sparse_sbm_0,0,17,4206279609,4257498807,"[37, 71, 132, 187, 222, 223, 236, 275, 315, 318, 409, 438, 449, 517, 569]","[169, 516, 52, 291, 277, 508, 318, 414, 491, 304, 191, 10, 537, 235, 38]",600,15,0.8,,3,200,"[[0.02, 0.005, 0.01], [0.005, 0.02, 0.005], [0.01, 0.005, 0.02]]",,,,,6.55,0.38997249152864233,1.0,0.08,7.0,0.0017885239077647989,0.004835500920071438,0.1675213675213675,0.008547008547008548,0.0,0.0,2.1367521367521367,4.0,0.0,0.12136752136752137,6.138461538461539,0.1443487334188541,0.6943741950591266,0.0032118146403860687,3.657142857142857,0.7825519265895515,0.041025641025641,0.1316239316239316,0.1533333333333333,1.0899308749940246,30,False,1522.0
3,sparse_sbm,sparse_sbm_0,0,18,4206279609,1116330374,"[2, 62, 105, 113, 121, 145, 213, 233, 261, 287, 296, 303, 383, 436, 505]","[7, 200, 532, 357, 439, 292, 63, 110, 359, 557, 373, 377, 130, 154, 296]",600,15,0.8,,3,200,"[[0.02, 0.005, 0.01], [0.005, 0.02, 0.005], [0.01, 0.005, 0.02]]",,,,,6.55,0.38997249152864233,1.0,0.08,6.333333333333333,0.0016154443320697154,0.005280482249526743,0.14871794871794872,0.013675213675213675,0.0,0.0,2.1965811965811968,4.0,0.0,0.1094017094017094,5.630769230769231,0.13181908867694986,0.7258049408734341,0.006823185169049831,3.6476190476190475,0.8799803443357613,0.0444444444444444,0.1538461538461538,0.175,1.1639993749558926,30,False,1580.0
3,sparse_sbm,sparse_sbm_0,0,19,4206279609,1062932154,"[74, 142, 151, 156, 261, 317, 330, 347, 372, 481, 504, 506, 517, 548, 554]","[93, 565, 543, 319, 359, 339, 43, 595, 513, 455, 83, 197, 235, 468, 365]",600,15,0.8,,3,200,"[[0.02, 0.005, 0.01], [0.005, 0.02, 0.005], [0.01, 0.005, 0.02]]",,,,,6.55,0.38997249152864233,1.0,0.08,6.6,0.0016703508796763087,0.005640889859999411,0.15213675213675212,0.011965811965811967,0.0017094017094017094,0.0,2.1435897435897435,4.0,0.0,0.12307692307692308,6.181196581196581,0.13545894461390212,0.7198805760449596,0.006116165764551434,3.580952380952381,0.8398430115805638,0.0478632478632478,0.1401709401709401,0.1616666666666666,1.0691372499568388,30,False,1564.0
3,sparse_sbm,sparse_sbm_0,0,20,4206279609,3189701427,"[1, 7, 20, 147, 150, 180, 208, 215, 217, 257, 272, 315, 333, 460, 467]","[45, 593, 426, 259, 167, 471, 483, 261, 159, 278, 89, 491, 268, 482, 309]",600,15,0.8,,3,200,"[[0.02, 0.005, 0.01], [0.005, 0.02, 0.005], [0.01, 0.005, 0.02]]",,,,,6.55,0.38997249152864233,1.0,0.08,7.066666666666666,0.0017815714320850737,0.004236575149296738,0.17435897435897435,0.0017094017094017094,0.0017094017094017094,0.0,2.112820512820513,4.0,0.0,0.14871794871794872,6.292307692307692,0.14633911135982705,0.6832982086406744,0.0017592592592592595,3.6,0.7292691752030938,0.0564102564102564,0.9965811965811966,0.9966666666666668,0.8259112080559134,20,True,3184.0
3,sparse_sbm,sparse_sbm_0,0,21,4206279609,2012485519,"[66, 97, 135, 163, 250, 258, 318, 383, 408, 462, 502, 542, 559, 568, 584]","[143, 133, 58, 542, 6, 0, 304, 130, 424, 55, 529, 500, 207, 328, 184]",600,15,0.8,,3,200,"[[0.02, 0.005, 0.01], [0.005, 0.02, 0.005], [0.01, 0.005, 0.02]]",,,,,6.55,0.38997249152864233,1.0,0.08,7.266666666666667,0.001842148586244833,0.004997335809222976,0.1675213675213675,0.015384615384615385,0.0,0.0,2.147008547008547,4.0,0.0,0.14358974358974358,6.001709401709402,0.1447909092056393,0.6945966514459665,0.005817530275513469,3.638095238095238,0.6699739234098046,0.0512820512820512,0.9948717948717948,0.995,0.8027325839502737,23,True,3184.0
3,sparse_sbm,sparse_sbm_0,0,22,4206279609,2758619591,"[2, 105, 118, 210, 294, 345, 367, 393, 411, 424, 491, 538, 547, 553, 575]","[7, 532, 274, 572, 209, 82, 523, 62, 48, 422, 427, 399, 211, 578, 31]",600,15,0.8,,3,200,"[[0.02, 0.005, 0.01], [0.005, 0.02, 0.005], [0.01, 0.005, 0.02]]",,,,,6.55,0.38997249152864233,1.0,0.08,6.6,0.0016621993290244497,0.004502051576876419,0.14358974358974358,0.015384615384615385,0.0,0.0,2.235897435897436,4.0,0.0,0.15384615384615385,6.176068376068376,0.12943827116680345,0.7343578035358858,0.008587338587338587,3.4,0.7997056788253664,0.0461538461538461,0.1264957264957265,0.1483333333333333,1.1175954579375684,30,False,1586.0
3,sparse_sbm,sparse_sbm_0,0,23,4206279609,3060535198,"[12, 32, 45, 61, 106, 170, 175, 191, 259, 266, 278, 427, 490, 494, 546]","[97, 60, 488, 358, 438, 323, 47, 489, 334, 74, 386, 255, 141, 90, 584]",600,15,0.8,,3,200,"[[0.02, 0.005, 0.01], [0.005, 0.02, 0.005], [0.01, 0.005, 0.02]]",,,,,6.55,0.38997249152864233,1.0,0.08,6.2,0.0015806480357980965,0.004295116982991011,0.15555555555555556,0.003418803418803419,0.0,0.0,2.147008547008547,4.0,0.0,0.09914529914529914,5.760683760683761,0.13362236947256023,0.7143777075283925,0.0010614772224679346,3.780952380952381,0.8648307589022237,0.0427350427350427,0.1299145299145299,0.1516666666666666,0.7541604170110077,20,True,1546.0
3,sparse_sbm,sparse_sbm_0,0,24,4206279609,2883560873,"[8, 79, 114, 140, 142, 148, 217, 235, 345, 420, 501, 505, 512, 516, 552]","[398, 429, 433, 585, 565, 425, 159, 512, 82, 369, 263, 296, 310, 364, 267]",600,15,0.8,,3,200,"[[0.02, 0.005, 0.01], [0.005, 0.02, 0.005], [0.01, 0.005, 0.02]]",,,,,6.55,0.38997249152864233,1.0,0.08,6.466666666666667,0.0016411322613981364,0.004147132397673951,0.14871794871794872,0.013675213675213675,0.0,0.0,2.1931623931623934,4.0,0.0,0.14017094017094017,6.116239316239316,0.13350335366301133,0.725617609179253,0.0057221521087067306,3.6,0.8226892593447491,0.0615384615384615,0.9948717948717948,0.995,1.0664374580373988,30,False,3184.0
3,sparse_sbm,sparse_sbm_0,0,25,4206279609,3324838021,"[94, 179, 186, 194, 210, 330, 348, 407, 467, 476, 480, 525, 526, 536, 581]","[37, 299, 61, 42, 572, 43, 330, 550, 309, 487, 227, 218, 544, 444, 363]",600,15,0.8,,3,200,"[[0.02, 0.005, 0.01], [0.005, 0.02, 0.005], [0.01, 0.005, 0.02]]",,,,,6.55,0.38997249152864233,1.0,0.08,6.266666666666667,0.0016174093093835934,0.00430089381907103,0.15042735042735042,0.006837606837606838,0.0,0.0,2.186324786324786,4.0,0.0,0.10256410256410256,5.683760683760684,0.13188810641382573,0.7228603208055263,0.003148148148148148,3.742857142857143,0.6240067623710388,0.0598290598290598,0.9931623931623932,0.9933333333333332,0.9478612500242888,27,True,3184.0
3,sparse_sbm,sparse_sbm_0,0,26,4206279609,1816781518,"[12, 49, 55, 114, 221, 253, 257, 268, 305, 399, 435, 485, 493, 523, 597]","[97, 452, 225, 433, 289, 11, 278, 168, 26, 158, 494, 466, 160, 324, 240]",600,15,0.8,,3,200,"[[0.02, 0.005, 0.01], [0.005, 0.02, 0.005], [0.01, 0.005, 0.02]]",,,,,6.55,0.38997249152864233,1.0,0.08,7.533333333333333,0.0018729207248837974,0.005046831311745278,0.1811965811965812,0.005128205128205128,0.0,0.0,2.0803418803418805,4.0,0.0,0.15042735042735042,6.326495726495726,0.1515762043367241,0.672251492799438,0.002069160997732426,3.5714285714285716,0.6469903428904217,0.0547008547008547,0.9931623931623932,0.9933333333333332,0.8605498749529943,24,True,3184.0
3,sparse_sbm,sparse_sbm_0,0,27,4206279609,4097316778,"[61, 72, 93, 101, 124, 232, 261, 328, 374, 398, 409, 486, 499, 520, 594]","[358, 374, 279, 477, 527, 270, 359, 266, 138, 445, 191, 402, 170, 335, 563]",600,15,0.8,,3,200,"[[0.02, 0.005, 0.01], [0.005, 0.02, 0.005], [0.01, 0.005, 0.02]]",,,,,6.55,0.38997249152864233,1.0,0.08,6.8,0.001708762896852372,0.0046180716249517905,0.15726495726495726,0.013675213675213675,0.0,0.0,2.141880341880342,4.0,0.0,0.15213675213675212,6.266666666666667,0.13965633973300337,0.7112750263435195,0.005025687042493765,3.580952380952381,0.6543059332381138,0.0564102564102564,0.9948717948717948,0.995,0.9047754170605912,24,True,3184.0
3,sparse_sbm,sparse_sbm_0,0,28,4206279609,209553106,"[79, 97, 179, 235, 286, 312, 330, 390, 406, 466, 473, 480, 493, 573, 585]","[429, 133, 299, 512, 212, 238, 43, 486, 306, 8, 126, 227, 160, 473, 17]",600,15,0.8,,3,200,"[[0.02, 0.005, 0.01], [0.005, 0.02, 0.005], [0.01, 0.005, 0.02]]",,,,,6.55,0.38997249152864233,1.0,0.08,5.866666666666666,0.0015423686413725747,0.004428550394970639,0.12991452991452992,0.010256410256410256,0.003418803418803419,0.0,2.275213675213675,4.0,0.0,0.10085470085470086,5.396581196581197,0.11889349414770475,0.7577157241540803,0.009100978386692674,3.6857142857142855,0.7997056788253664,0.0564102564102564,0.9931623931623932,0.9933333333333332,1.0669971669558436,30,False,3184.0
3,sparse_sbm,sparse_sbm_0,0,29,4206279609,2230037667,"[32, 78, 93, 110, 112, 153, 248, 257, 258, 265, 276, 306, 357, 368, 369]","[60, 122, 279, 397, 140, 258, 231, 278, 0, 553, 98, 301, 463, 75, 136]",600,15,0.8,,3,200,"[[0.02, 0.005, 0.01], [0.005, 0.02, 0.005], [0.01, 0.005, 0.02]]",,,,,6.55,0.38997249152864233,1.0,0.08,5.333333333333333,0.001425634966515306,0.002742078509093607,0.1282051282051282,0.008547008547008548,0.0,0.0,2.3008547008547007,4.0,0.0,0.07692307692307693,4.81025641025641,0.11557973497110588,0.7608184053389533,0.004540234897377754,4.0476190476190474,0.9201176770909587,0.0581196581196581,0.9965811965811966,0.9966666666666668,1.088738541002385,30,False,3184.0
3,sparse_sbm,sparse_sbm_0,0,30,4206279609,977927255,"[17, 29, 67, 133, 175, 188, 245, 348, 427, 431, 471, 479, 515, 545, 588]","[16, 501, 32, 598, 47, 242, 215, 330, 255, 592, 294, 436, 250, 153, 569]",600,15,0.8,,3,200,"[[0.02, 0.005, 0.01], [0.005, 0.02, 0.005], [0.01, 0.005, 0.02]]",,,,,6.55,0.38997249152864233,1.0,0.08,6.0,0.0015365648817161754,0.0027943727882549178,0.14358974358974358,0.008547008547008548,0.0017094017094017094,0.0,2.1914529914529917,4.0,0.0,0.12307692307692308,5.757264957264957,0.12698129445697026,0.734480739960192,0.005539275539275539,3.7333333333333334,0.7747179315037063,0.0581196581196581,0.9948717948717948,0.995,0.7378195830387995,20,True,3184.0
3,sparse_sbm,sparse_sbm_0,0,31,4206279609,410582725,"[20, 57, 99, 121, 214, 220, 236, 329, 353, 363, 406, 431, 452, 519, 539]","[426, 342, 393, 439, 287, 283, 318, 150, 485, 12, 306, 592, 431, 134, 252]",600,15,0.8,,3,200,"[[0.02, 0.005, 0.01], [0.005, 0.02, 0.005], [0.01, 0.005, 0.02]]",,,,,6.55,0.38997249152864233,1.0,0.08,5.733333333333333,0.001475524413820243,0.003903840793360049,0.14017094017094017,0.005128205128205128,0.0017094017094017094,0.0,2.2341880341880342,4.0,0.0,0.10598290598290598,5.704273504273504,0.12337322013991092,0.7403290012879054,0.004917199202913489,3.580952380952381,0.7194310133149713,0.0495726495726495,0.2358974358974359,0.255,1.1168897079769522,30,False,1662.0
3,sparse_sbm,sparse_sbm_0,0,32,4206279609,2040841330,"[8, 67, 223, 224, 235, 249, 298, 402, 425, 485, 495, 506, 547, 556, 563]","[398, 32, 508, 233, 512, 469, 99, 388, 381, 466, 530, 197, 211, 51, 588]",600,15,0.8,,3,200,"[[0.02, 0.005, 0.01], [0.005, 0.02, 0.005], [0.01, 0.005, 0.02]]",,,,,6.55,0.38997249152864233,1.0,0.08,6.266666666666667,0.0016135260784373414,0.004357703811121756,0.15384615384615385,0.003418803418803419,0.0,0.0,2.181196581196581,4.0,0.0,0.09230769230769231,5.67008547008547,0.1330884959568847,0.7171584123638918,0.0015873015873015875,3.704761904761905,0.8075396739112116,0.0615384615384615,0.1982905982905982,0.2183333333333333,1.017248791991733,30,False,1634.0
3,sparse_sbm,sparse_sbm_0,0,33,4206279609,1941395897,"[4, 14, 22, 24, 41, 247, 250, 278, 295, 338, 376, 426, 444, 497, 546]","[254, 219, 183, 441, 577, 253, 6, 386, 101, 186, 249, 100, 336, 412, 584]",600,15,0.8,,3,200,"[[0.02, 0.005, 0.01], [0.005, 0.02, 0.005], [0.01, 0.005, 0.02]]",,,,,6.55,0.38997249152864233,1.0,0.08,5.866666666666666,0.0015833338411237346,0.0037629733058812424,0.14017094017094017,0.003418803418803419,0.0,0.0,2.223931623931624,4.0,0.0,0.07521367521367521,4.960683760683761,0.12311830396407067,0.7402821683643601,0.0020105820105820104,3.857142857142857,0.8095438407134887,0.0581196581196581,0.9931623931623932,0.9933333333333332,0.9800768749555572,29,True,3184.0
3,sparse_sbm,sparse_sbm_0,0,34,4206279609,1740665202,"[75, 80, 118, 131, 160, 196, 249, 314, 325, 357, 366, 450, 504, 559, 586]","[14, 597, 274, 331, 112, 195, 469, 56, 71, 463, 44, 27, 83, 207, 503]",600,15,0.8,,3,200,"[[0.02, 0.005, 0.01], [0.005, 0.02, 0.005], [0.01, 0.005, 0.02]]",,,,,6.55,0.38997249152864233,1.0,0.08,7.533333333333333,0.0018874543365378894,0.005146359440482775,0.17264957264957265,0.010256410256410256,0.0,0.0,2.1162393162393163,4.0,0.0,0.14017094017094017,6.3760683760683765,0.14952558335725002,0.6858506029738907,0.003979935408506837,3.4761904761904763,0.7997056788253663,0.0598290598290598,0.1606837606837607,0.1816666666666666,0.9259487920207904,26,True,1618.0
3,sparse_sbm,sparse_sbm_0,0,35,4206279609,1765532986,"[12, 33, 40, 47, 288, 294, 297, 351, 396, 468, 528, 554, 560, 595, 597]","[97, 65, 498, 41, 155, 209, 313, 114, 189, 271, 262, 365, 355, 185, 240]",600,15,0.8,,3,200,"[[0.02, 0.005, 0.01], [0.005, 0.02, 0.005], [0.01, 0.005, 0.02]]",,,,,6.55,0.38997249152864233,1.0,0.08,7.133333333333334,0.0018006358882739443,0.004503819361186407,0.16923076923076924,0.006837606837606838,0.0,0.0,2.124786324786325,4.0,0.0,0.12136752136752137,6.076923076923077,0.1439515748174232,0.6917222807633766,0.002570806100217865,3.6476190476190475,0.7845560933918289,0.0564102564102564,0.9931623931623932,0.9933333333333332,0.977503833011724,29,True,3184.0
3,sparse_sbm,sparse_sbm_0,0,36,4206279609,3649893797,"[5, 13, 77, 92, 129, 131, 169, 253, 338, 368, 393, 415, 424, 473, 558]","[284, 528, 521, 286, 1, 331, 78, 11, 186, 75, 62, 201, 422, 126, 76]",600,15,0.8,,3,200,"[[0.02, 0.005, 0.01], [0.005, 0.02, 0.005], [0.01, 0.005, 0.02]]",,,,,6.55,0.38997249152864233,1.0,0.08,6.866666666666666,0.001727557832327975,0.004980335690142333,0.1606837606837607,0.015384615384615385,0.0,0.0,2.1435897435897435,4.0,0.0,0.15897435897435896,6.415384615384616,0.1417791813859289,0.7056433672872029,0.007601221529792959,3.533333333333333,0.9201176770909587,0.0598290598290598,0.9948717948717948,0.995,1.0066660409793258,30,False,3184.0
3,sparse_sbm,sparse_sbm_0,0,37,4206279609,2686360564,"[4, 53, 55, 157, 198, 229, 273, 283, 314, 401, 466, 493, 495, 515, 586]","[254, 379, 225, 432, 251, 353, 560, 574, 56, 325, 8, 160, 530, 250, 503]",600,15,0.8,,3,200,"[[0.02, 0.005, 0.01], [0.005, 0.02, 0.005], [0.01, 0.005, 0.02]]",,,,,6.55,0.38997249152864233,1.0,0.08,6.933333333333334,0.0017644418841132497,0.004364717201015814,0.17094017094017094,0.006837606837606838,0.0,0.0,2.1435897435897435,4.0,0.0,0.12307692307692308,5.700854700854701,0.1455839232819283,0.6888947430043321,0.002806131067000632,3.6666666666666665,0.8549925970141012,0.0512820512820512,0.1555555555555555,0.1766666666666666,1.0120448750676587,30,False,1598.0
3,sparse_sbm,sparse_sbm_0,0,38,4206279609,3665543660,"[48, 130, 145, 256, 307, 311, 324, 325, 359, 368, 492, 517, 549, 569, 584]","[85, 475, 292, 315, 102, 146, 187, 71, 517, 75, 453, 235, 559, 38, 184]",600,15,0.8,,3,200,"[[0.02, 0.005, 0.01], [0.005, 0.02, 0.005], [0.01, 0.005, 0.02]]",,,,,6.55,0.38997249152864233,1.0,0.08,6.6,0.0016923065958810819,0.0042238045484442426,0.15384615384615385,0.011965811965811967,0.0,0.0,2.164102564102564,4.0,0.0,0.1094017094017094,5.7555555555555555,0.13477227067883446,0.7172286617492097,0.006335569192712049,3.676190476190476,0.8246934261470263,0.0461538461538461,0.3299145299145299,0.3466666666666667,1.016316374996677,30,False,1742.0
3,sparse_sbm,sparse_sbm_0,0,39,4206279609,2809802450,"[31, 44, 103, 226, 229, 335, 371, 412, 415, 429, 432, 460, 535, 558, 595]","[104, 458, 33, 226, 353, 23, 376, 505, 201, 257, 216, 482, 260, 76, 185]",600,15,0.8,,3,200,"[[0.02, 0.005, 0.01], [0.005, 0.02, 0.005], [0.01, 0.005, 0.02]]",,,,,6.55,0.38997249152864233,1.0,0.08,6.266666666666667,0.0016283038662872995,0.003418134077581583,0.147008547008547,0.010256410256410256,0.0,0.0,2.194871794871795,4.0,0.0,0.1094017094017094,5.6581196581196584,0.12980796684729723,0.7286617492096944,0.005539235896378753,3.7523809523809524,0.8398430115805638,0.0649572649572649,0.9931623931623932,0.9933333333333332,0.6466953339986503,19,True,3184.0
3,sparse_sbm,sparse_sbm_0,0,40,4206279609,4093055713,"[37, 53, 141, 151, 161, 184, 200, 203, 205, 253, 276, 304, 364, 396, 454]","[169, 379, 190, 543, 165, 28, 599, 111, 25, 11, 98, 202, 392, 189, 555]",600,15,0.8,,3,200,"[[0.02, 0.005, 0.01], [0.005, 0.02, 0.005], [0.01, 0.005, 0.02]]",,,,,6.55,0.38997249152864233,1.0,0.08,6.6,0.0017063592196840719,0.0036943870205580665,0.1606837606837607,0.003418803418803419,0.0017094017094017094,0.0,2.152136752136752,4.0,0.0,0.10598290598290598,5.735042735042735,0.13752834018173057,0.7058072825196113,0.0026176552492341966,3.638095238095238,0.8095438407134887,0.0632478632478632,0.3418803418803419,0.3583333333333333,1.0436736249830574,30,False,1766.0
3,sparse_sbm,sparse_sbm_0,0,41,4206279609,3861776232,"[195, 310, 311, 314, 328, 352, 465, 496, 500, 539, 566, 577, 578, 583, 588]","[580, 125, 146, 56, 266, 378, 239, 385, 421, 252, 583, 164, 329, 395, 569]",600,15,0.8,,3,200,"[[0.02, 0.005, 0.01], [0.005, 0.02, 0.005], [0.01, 0.005, 0.02]]",,,,,6.55,0.38997249152864233,1.0,0.08,6.8,0.00171427861270491,0.004554430346882437,0.15726495726495726,0.011965811965811967,0.0017094017094017094,0.0,2.1829059829059827,4.0,0.0,0.15042735042735042,6.203418803418804,0.13779382254208444,0.7114565039222573,0.007035455207724116,3.5142857142857142,0.7997056788253664,0.0564102564102564,0.8735042735042735,0.8766666666666667,1.008621665998362,30,False,2786.0
3,sparse_sbm,sparse_sbm_0,0,42,4206279609,4247420190,"[2, 7, 16, 17, 64, 66, 165, 225, 287, 302, 320, 332, 427, 504, 514]","[7, 593, 340, 16, 86, 143, 269, 68, 557, 504, 409, 264, 255, 83, 182]",600,15,0.8,,3,200,"[[0.02, 0.005, 0.01], [0.005, 0.02, 0.005], [0.01, 0.005, 0.02]]",,,,,6.55,0.38997249152864233,1.0,0.08,6.4,0.001636910174678363,0.004142907933916961,0.147008547008547,0.015384615384615385,0.0017094017094017094,0.0,2.201709401709402,4.0,0.0,0.09572649572649573,5.382905982905983,0.13156862632629698,0.7285856457089334,0.008238999357973262,3.7714285714285714,0.7424145938343542,0.0598290598290598,0.6034188034188034,0.6133333333333333,1.0883863749913871,30,False,2034.0
3,sparse_sbm,sparse_sbm_0,0,43,4206279609,3167747837,"[15, 118, 194, 216, 251, 320, 361, 377, 400, 519, 549, 571, 576, 581, 587]","[66, 274, 42, 549, 123, 409, 348, 321, 552, 134, 559, 571, 288, 363, 132]",600,15,0.8,,3,200,"[[0.02, 0.005, 0.01], [0.005, 0.02, 0.005], [0.01, 0.005, 0.02]]",,,,,6.55,0.38997249152864233,1.0,0.08,6.466666666666667,0.0016544217245552148,0.0050905718798655315,0.147008547008547,0.018803418803418803,0.0,0.0,2.1846153846153844,4.0,0.0,0.1264957264957265,5.892307692307693,0.13254698679938562,0.7285973539398197,0.009903971689685974,3.6095238095238096,0.9201176770909587,0.0615384615384615,0.9931623931623932,0.9933333333333332,1.054147541988641,27,True,3184.0
3,sparse_sbm,sparse_sbm_0,0,44,4206279609,3810170692,"[28, 60, 61, 69, 73, 170, 198, 207, 278, 284, 368, 413, 423, 429, 501]","[280, 566, 358, 511, 586, 323, 251, 476, 386, 293, 75, 205, 117, 257, 263]",600,15,0.8,,3,200,"[[0.02, 0.005, 0.01], [0.005, 0.02, 0.005], [0.01, 0.005, 0.02]]",,,,,6.55,0.38997249152864233,1.0,0.08,6.6,0.0016754766857520027,0.004027499360803165,0.15213675213675212,0.017094017094017096,0.0,0.0,2.1829059829059827,4.0,0.0,0.15384615384615385,5.9452991452991455,0.13664677695118438,0.7199157007376186,0.006512710347296814,3.5428571428571427,0.7845560933918287,0.0529914529914529,0.9965811965811966,0.9966666666666668,0.8436177499825135,24,True,3184.0
3,sparse_sbm,sparse_sbm_0,0,45,4206279609,3265977960,"[5, 10, 11, 73, 85, 180, 183, 248, 255, 403, 409, 439, 463, 516, 552]","[284, 333, 596, 586, 36, 471, 174, 231, 217, 411, 191, 137, 407, 364, 267]",600,15,0.8,,3,200,"[[0.02, 0.005, 0.01], [0.005, 0.02, 0.005], [0.01, 0.005, 0.02]]",,,,,6.55,0.38997249152864233,1.0,0.08,6.6,0.0016529168080220574,0.004270673139594937,0.15555555555555556,0.010256410256410256,0.0,0.0,2.1487179487179486,4.0,0.0,0.15042735042735042,6.536752136752137,0.1374962326250049,0.714137688795223,0.004413047270190128,3.552380952380952,0.8226892593447491,0.0666666666666666,0.9931623931623932,0.9933333333333332,0.6629605419002473,18,True,3184.0
3,sparse_sbm,sparse_sbm_0,0,46,4206279609,2754293352,"[2, 61, 177, 179, 203, 242, 265, 275, 291, 302, 352, 371, 382, 559, 561]","[7, 358, 430, 299, 111, 474, 553, 414, 295, 504, 378, 376, 590, 207, 135]",600,15,0.8,,3,200,"[[0.02, 0.005, 0.01], [0.005, 0.02, 0.005], [0.01, 0.005, 0.02]]",,,,,6.55,0.38997249152864233,1.0,0.08,6.8,0.0017241970414179368,0.005018876277792212,0.1641025641025641,0.010256410256410256,0.0,0.0,2.1076923076923078,4.0,0.0,0.12136752136752137,5.900854700854701,0.14117216951686362,0.7000936658470905,0.005597360156183685,3.7714285714285714,0.7674023411560141,0.0512820512820512,0.1487179487179487,0.17,0.9657704998971894,27,True,1568.0
3,sparse_sbm,sparse_sbm_0,0,47,4206279609,3871031897,"[25, 30, 44, 108, 132, 311, 360, 363, 441, 453, 522, 529, 539, 560, 576]","[454, 518, 458, 446, 52, 146, 312, 12, 456, 515, 341, 13, 252, 355, 288]",600,15,0.8,,3,200,"[[0.02, 0.005, 0.01], [0.005, 0.02, 0.005], [0.01, 0.005, 0.02]]",,,,,6.55,0.38997249152864233,1.0,0.08,7.333333333333333,0.0018521351421883052,0.004707203275285811,0.17094017094017094,0.010256410256410256,0.0,0.0,2.124786324786325,4.0,0.0,0.13846153846153847,6.2,0.1475760828866414,0.6887600983491394,0.003923761423761424,3.4857142857142858,0.8226892593447491,0.0649572649572649,0.9931623931623932,0.9933333333333332,0.6255900419782847,17,True,3184.0
3,sparse_sbm,sparse_sbm_0,0,48,4206279609,2025698790,"[98, 165, 168, 218, 219, 240, 241, 335, 336, 363, 485, 529, 557, 591, 599]","[372, 269, 87, 350, 493, 548, 418, 23, 526, 12, 466, 13, 573, 575, 232]",600,15,0.8,,3,200,"[[0.02, 0.005, 0.01], [0.005, 0.02, 0.005], [0.01, 0.005, 0.02]]",,,,,6.55,0.38997249152864233,1.0,0.08,7.066666666666666,0.0017664367186160045,0.005285899808641529,0.1641025641025641,0.010256410256410256,0.0,0.0,2.141880341880342,4.0,0.0,0.16923076923076924,6.297435897435897,0.143226936238818,0.6999648753073411,0.00405131418289313,3.4952380952380953,0.8398430115805638,0.0598290598290598,0.1811965811965812,0.2016666666666666,1.069642584072426,30,False,1642.0
3,sparse_sbm,sparse_sbm_0,0,49,4206279609,3028503965,"[89, 108, 180, 195, 200, 230, 256, 258, 323, 419, 468, 515, 529, 536, 563]","[305, 446, 471, 580, 599, 248, 315, 0, 172, 57, 271, 250, 13, 444, 588]",600,15,0.8,,3,200,"[[0.02, 0.005, 0.01], [0.005, 0.02, 0.005], [0.01, 0.005, 0.02]]",,,,,6.55,0.38997249152864233,1.0,0.08,7.133333333333334,0.001822782969743032,0.004168146591415395,0.1623931623931624,0.013675213675213675,0.0,0.0,2.152136752136752,4.0,0.0,0.11965811965811966,5.953846153846154,0.1426129597947666,0.702728017796511,0.0054302033249401666,3.6285714285714286,0.7747179315037063,0.0512820512820512,0.2991452991452991,0.3166666666666666,1.144847958930768,30,False,1694.0
3,sparse_sbm,sparse_sbm_1,1,0,820947695,3999458005,"[20, 45, 50, 184, 264, 316, 337, 344, 365, 383, 384, 395, 450, 488, 527]","[71, 120, 213, 408, 551, 540, 562, 385, 132, 581, 172, 102, 18, 573, 522]",600,15,0.8,,3,200,"[[0.02, 0.005, 0.01], [0.005, 0.02, 0.005], [0.01, 0.005, 0.02]]",,,,,6.6,0.39570030859153366,1.0,0.13666666666666666,6.666666666666667,0.0016653293126094335,0.004608239406088902,0.15726495726495726,0.010256410256410256,0.0,0.0,2.1487179487179486,4.0,0.0,0.1264957264957265,6.116239316239316,0.13765231781068984,0.7113804004214963,0.003971328031478407,3.657142857142857,0.7129055200935607,0.0529914529914529,1.0,1.0,0.7982464999658987,21,True,3190.0
3,sparse_sbm,sparse_sbm_1,1,1,820947695,3140993309,"[9, 25, 48, 53, 56, 111, 143, 149, 258, 317, 329, 371, 519, 521, 576]","[329, 12, 432, 9, 260, 206, 181, 5, 398, 595, 358, 6, 152, 460, 484]",600,15,0.8,,3,200,"[[0.02, 0.005, 0.01], [0.005, 0.02, 0.005], [0.01, 0.005, 0.02]]",,,,,6.6,0.39570030859153366,1.0,0.13666666666666666,7.066666666666666,0.001752083879688481,0.004744677456425404,0.1641025641025641,0.013675213675213675,0.0,0.0,2.083760683760684,4.0,0.0,0.15555555555555556,6.572649572649572,0.14405390482458375,0.6999473129610115,0.004807316866140395,3.4857142857142858,0.8064614084099904,0.0598290598290598,1.0,1.0,0.6785819169599563,19,True,3190.0
3,sparse_sbm,sparse_sbm_1,1,2,820947695,2092581698,"[4, 39, 53, 98, 116, 145, 159, 300, 322, 328, 381, 432, 444, 521, 555]","[51, 421, 9, 409, 192, 539, 344, 419, 46, 96, 360, 246, 293, 460, 300]",600,15,0.8,,3,200,"[[0.02, 0.005, 0.01], [0.005, 0.02, 0.005], [0.01, 0.005, 0.02]]",,,,,6.6,0.39570030859153366,1.0,0.13666666666666666,6.266666666666667,0.0015764696599374272,0.0028224801354931398,0.15384615384615385,0.006837606837606838,0.0,0.0,2.135042735042735,4.0,0.0,0.1076923076923077,6.044444444444444,0.13379820358067315,0.7171759747102213,0.002906617192331478,3.742857142857143,0.7773665517830001,0.0615384615384615,1.0,1.0,0.561428708024323,16,True,3190.0
3,sparse_sbm,sparse_sbm_1,1,3,820947695,4211593089,"[44, 63, 67, 79, 94, 107, 123, 135, 157, 326, 408, 480, 494, 533, 560]","[511, 527, 262, 250, 90, 251, 548, 390, 26, 561, 507, 67, 221, 145, 103]",600,15,0.8,,3,200,"[[0.02, 0.005, 0.01], [0.005, 0.02, 0.005], [0.01, 0.005, 0.02]]",,,,,6.6,0.39570030859153366,1.0,0.13666666666666666,7.4,0.001829041345716619,0.004195241112227588,0.1658119658119658,0.013675213675213675,0.0,0.0,2.1452991452991452,4.0,0.0,0.15213675213675212,6.579487179487179,0.1456185767309413,0.6970553799320922,0.0048733879516718965,3.3904761904761904,0.7824668598811004,0.0478632478632478,0.1094017094017094,0.1316666666666666,1.0897458749823272,30,False,1552.0
3,sparse_sbm,sparse_sbm_1,1,4,820947695,3264973644,"[25, 108, 149, 170, 177, 250, 256, 259, 316, 324, 331, 377, 523, 540, 562]","[12, 205, 5, 199, 574, 112, 357, 431, 540, 521, 219, 463, 220, 136, 186]",600,15,0.8,,3,200,"[[0.02, 0.005, 0.01], [0.005, 0.02, 0.005], [0.01, 0.005, 0.02]]",,,,,6.6,0.39570030859153366,1.0,0.13666666666666666,7.0,0.0017497040961637267,0.004850093426496449,0.1641025641025641,0.011965811965811967,0.0,0.0,2.0974358974358975,4.0,0.0,0.1264957264957265,6.408547008547009,0.14337785128530806,0.6999648753073411,0.005566311994883424,3.552380952380952,0.7002825980982299,0.0666666666666666,1.0,1.0,0.6141228749183938,17,True,3190.0
3,sparse_sbm,sparse_sbm_1,1,5,820947695,2076974703,"[124, 170, 178, 219, 267, 337, 356, 416, 453, 483, 508, 516, 561, 571, 580]","[4, 199, 336, 275, 232, 562, 444, 381, 550, 523, 427, 180, 294, 243, 473]",600,15,0.8,,3,200,"[[0.02, 0.005, 0.01], [0.005, 0.02, 0.005], [0.01, 0.005, 0.02]]",,,,,6.6,0.39570030859153366,1.0,0.13666666666666666,6.933333333333334,0.0017063856150324975,0.005420925251232706,0.1623931623931624,0.011965811965811967,0.0,0.0,2.1145299145299146,4.0,0.0,0.1623931623931624,6.64957264957265,0.14189492988474262,0.7028509542208172,0.004798067429646377,3.5142857142857142,0.8210088367234855,0.0461538461538461,1.0,1.0,1.0935068749822676,29,True,3190.0
3,sparse_sbm,sparse_sbm_1,1,6,820947695,785821800,"[74, 92, 129, 167, 202, 221, 226, 240, 359, 378, 402, 464, 515, 524, 565]","[456, 175, 70, 122, 317, 482, 353, 150, 466, 267, 342, 223, 446, 173, 106]",600,15,0.8,,3,200,"[[0.02, 0.005, 0.01], [0.005, 0.02, 0.005], [0.01, 0.005, 0.02]]",,,,,6.6,0.39570030859153366,1.0,0.13666666666666666,6.666666666666667,0.0016670200454697254,0.004944144775865123,0.15897435897435896,0.011965811965811967,0.0,0.0,2.1145299145299146,4.0,0.0,0.1264957264957265,6.136752136752137,0.13897960096376527,0.7085587167778948,0.005222321251733016,3.7714285714285714,0.7679194315676053,0.0461538461538461,0.1111111111111111,0.1333333333333333,0.7319773340132087,20,True,1552.0
3,sparse_sbm,sparse_sbm_1,1,7,820947695,2972855359,"[65, 66, 82, 177, 218, 246, 250, 254, 304, 379, 415, 543, 580, 593, 598]","[397, 35, 128, 574, 253, 272, 112, 23, 429, 288, 127, 165, 473, 569, 375]",600,15,0.8,,3,200,"[[0.02, 0.005, 0.01], [0.005, 0.02, 0.005], [0.01, 0.005, 0.02]]",,,,,6.6,0.39570030859153366,1.0,0.13666666666666666,6.666666666666667,0.0016569748414132694,0.0034953541919202527,0.14871794871794872,0.011965811965811967,0.0,0.0,2.1726495726495725,4.0,0.0,0.15726495726495726,6.415384615384616,0.13211413525316362,0.7257054209109004,0.005309901738473167,3.552380952380952,0.8595508135658706,0.0444444444444444,0.7401709401709402,0.7466666666666667,1.1000003339722753,30,False,2326.0
3,sparse_sbm,sparse_sbm_1,1,8,820947695,601724243,"[76, 78, 105, 121, 159, 163, 170, 221, 236, 299, 318, 365, 410, 523, 558]","[146, 158, 234, 188, 344, 428, 199, 482, 553, 423, 141, 132, 469, 220, 303]",600,15,0.8,,3,200,"[[0.02, 0.005, 0.01], [0.005, 0.02, 0.005], [0.01, 0.005, 0.02]]",,,,,6.6,0.39570030859153366,1.0,0.13666666666666666,7.4,0.0018402282284172855,0.005523648899587472,0.1658119658119658,0.020512820512820513,0.0,0.0,2.0991452991452992,4.0,0.0,0.17264957264957265,6.613675213675213,0.14776671948886377,0.6970319634703196,0.008183934392470438,3.447619047619048,0.8450033852523753,0.0683760683760683,0.3675213675213675,0.3833333333333333,1.0314493749756366,30,False,1800.0
3,sparse_sbm,sparse_sbm_1,1,9,820947695,2562152702,"[14, 67, 69, 199, 216, 231, 275, 295, 446, 448, 468, 497, 509, 513, 517]","[47, 262, 197, 488, 305, 58, 200, 580, 63, 433, 386, 462, 160, 277, 387]",600,15,0.8,,3,200,"[[0.02, 0.005, 0.01], [0.005, 0.02, 0.005], [0.01, 0.005, 0.02]]",,,,,6.6,0.39570030859153366,1.0,0.13666666666666666,7.2,0.0017754938811048026,0.004661177532086368,0.17606837606837608,0.008547008547008548,0.0,0.0,2.0700854700854703,4.0,0.0,0.14188034188034188,6.521367521367521,0.14983214127879443,0.6804882332279593,0.003754067283479048,3.619047619047619,0.7439248830387154,0.0615384615384615,1.0,1.0,0.665195083944127,19,True,3190.0
3,sparse_sbm,sparse_sbm_1,1,10,820947695,3072012322,"[3, 14, 42, 112, 310, 364, 366, 407, 448, 472, 487, 522, 530, 569, 584]","[113, 47, 176, 455, 201, 505, 249, 75, 433, 1, 477, 151, 298, 549, 490]",600,15,0.8,,3,200,"[[0.02, 0.005, 0.01], [0.005, 0.02, 0.005], [0.01, 0.005, 0.02]]",,,,,6.6,0.39570030859153366,1.0,0.13666666666666666,5.733333333333333,0.0014790019322317622,0.0028755698534695456,0.13504273504273503,0.008547008547008548,0.0,0.0,2.2512820512820513,4.0,0.0,0.10598290598290598,5.447863247863248,0.12172121008061502,0.7489462592202318,0.005521885521885522,3.761904761904762,0.7533720032541101,0.0444444444444444,0.176068376068376,0.1966666666666666,1.0963174579665065,30,False,1578.0
3,sparse_sbm,sparse_sbm_1,1,11,820947695,1301292820,"[159, 184, 190, 246, 257, 324, 378, 380, 411, 423, 429, 446, 449, 565, 596]","[344, 408, 556, 272, 308, 521, 267, 276, 373, 315, 83, 63, 263, 106, 114]",600,15,0.8,,3,200,"[[0.02, 0.005, 0.01], [0.005, 0.02, 0.005], [0.01, 0.005, 0.02]]",,,,,6.6,0.39570030859153366,1.0,0.13666666666666666,6.466666666666667,0.0016320827039316812,0.004928752733808561,0.15213675213675212,0.011965811965811967,0.0017094017094017094,0.0,2.174358974358974,4.0,0.0,0.1282051282051282,6.013675213675214,0.13533412813253062,0.7198864301604028,0.006874871160585446,3.5714285714285716,0.8835453620947604,0.0444444444444444,1.0,1.0,0.9648784169694408,28,True,3190.0
3,sparse_sbm,sparse_sbm_1,1,12,820947695,3955454945,"[44, 233, 242, 272, 287, 314, 334, 403, 467, 482, 522, 534, 542, 557, 569]","[511, 135, 426, 110, 499, 159, 532, 182, 289, 282, 151, 591, 330, 32, 549]",600,15,0.8,,3,200,"[[0.02, 0.005, 0.01], [0.005, 0.02, 0.005], [0.01, 0.005, 0.02]]",,,,,6.6,0.39570030859153366,1.0,0.13666666666666666,7.133333333333334,0.001766082852307676,0.004632379351035152,0.1658119658119658,0.006837606837606838,0.0,0.0,2.128205128205128,4.0,0.0,0.13504273504273503,6.4393162393162395,0.1423554360932488,0.6972661280880459,0.003444240944240944,3.4952380952380953,0.7148300264117252,0.0512820512820512,0.2974358974358974,0.315,1.0800860000308603,30,False,1696.0
3,sparse_sbm,sparse_sbm_1,1,13,820947695,2709975592,"[21, 92, 146, 218, 238, 245, 255, 259, 264, 288, 370, 453, 517, 518, 563]","[529, 175, 88, 253, 196, 194, 256, 431, 551, 537, 171, 550, 387, 231, 435]",600,15,0.8,,3,200,"[[0.02, 0.005, 0.01], [0.005, 0.02, 0.005], [0.01, 0.005, 0.02]]",,,,,6.6,0.39570030859153366,1.0,0.13666666666666666,7.0,0.001744001557330334,0.00431566998979647,0.1623931623931624,0.017094017094017096,0.0,0.0,2.1145299145299146,4.0,0.0,0.15042735042735042,6.576068376068376,0.1442686588070959,0.7026987472192952,0.0075178393035535895,3.4952380952380953,0.8210088367234855,0.0529914529914529,0.1982905982905982,0.2183333333333333,1.0697278749430552,30,False,1630.0
3,sparse_sbm,sparse_sbm_1,1,14,820947695,118034077,"[79, 83, 118, 138, 190, 193, 198, 216, 267, 308, 424, 513, 541, 583, 585]","[250, 396, 464, 424, 556, 412, 268, 305, 232, 535, 445, 277, 333, 422, 115]",600,15,0.8,,3,200,"[[0.02, 0.005, 0.01], [0.005, 0.02, 0.005], [0.01, 0.005, 0.02]]",,,,,6.6,0.39570030859153366,1.0,0.13666666666666666,6.2,0.001575613403758944,0.003585409745738808,0.13846153846153847,0.015384615384615385,0.0017094017094017094,0.0,2.229059829059829,4.0,0.0,0.13504273504273503,6.128205128205129,0.1274421971689878,0.7429340826601101,0.008743531600674459,3.4952380952380953,0.8689979337812651,0.0598290598290598,1.0,1.0,0.957160457968712,27,True,3190.0
3,sparse_sbm,sparse_sbm_1,1,15,820947695,2931113204,"[58, 85, 155, 156, 242, 254, 270, 291, 341, 427, 451, 506, 546, 555, 567]","[287, 264, 331, 233, 426, 23, 493, 44, 101, 235, 530, 286, 436, 300, 345]",600,15,0.8,,3,200,"[[0.02, 0.005, 0.01], [0.005, 0.02, 0.005], [0.01, 0.005, 0.02]]",,,,,6.6,0.39570030859153366,1.0,0.13666666666666666,7.2,0.0017724679769627251,0.004303365652384145,0.1658119658119658,0.017094017094017096,0.0017094017094017094,0.0,2.1213675213675214,4.0,0.0,0.15384615384615385,6.482051282051282,0.1446336785456401,0.6972953986652617,0.009267433469114142,3.4,0.8064614084099904,0.0632478632478632,1.0,1.0,0.5700920410454273,15,True,3190.0
3,sparse_sbm,sparse_sbm_1,1,16,820947695,3631443800,"[1, 90, 139, 177, 190, 203, 211, 213, 266, 269, 301, 369, 493, 552, 563]","[78, 279, 134, 574, 556, 338, 501, 515, 31, 458, 55, 61, 73, 183, 435]",600,15,0.8,,3,200,"[[0.02, 0.005, 0.01], [0.005, 0.02, 0.005], [0.01, 0.005, 0.02]]",,,,,6.6,0.39570030859153366,1.0,0.13666666666666666,7.0,0.0017388185232979664,0.00414615264165817,0.1641025641025641,0.015384615384615385,0.0,0.0,2.1452991452991452,4.0,0.0,0.13675213675213677,6.417094017094017,0.14466812597841017,0.6999238964992389,0.006177900064454686,3.6285714285714286,0.7679194315676053,0.0649572649572649,1.0,1.0,0.960994999972172,27,True,3190.0
3,sparse_sbm,sparse_sbm_1,1,17,820947695,3712059063,"[10, 70, 95, 119, 228, 287, 292, 353, 369, 375, 410, 507, 523, 528, 553]","[80, 348, 517, 108, 193, 499, 324, 327, 61, 190, 469, 34, 220, 285, 554]",600,15,0.8,,3,200,"[[0.02, 0.005, 0.01], [0.005, 0.02, 0.005], [0.01, 0.005, 0.02]]",,,,,6.6,0.39570030859153366,1.0,0.13666666666666666,5.6,0.0014665336770410264,0.00423507952759329,0.13162393162393163,0.0017094017094017094,0.0,0.0,2.2324786324786325,4.0,0.0,0.07521367521367521,5.304273504273504,0.11620079324093326,0.7549408734340242,0.0007326007326007326,3.8,0.7439248830387154,0.0444444444444444,0.1042735042735042,0.1266666666666666,1.028427041019313,28,True,1540.0
3,sparse_sbm,sparse_sbm_1,1,18,820947695,1111998849,"[12, 28, 30, 62, 97, 99, 185, 197, 285, 295, 337, 339, 403, 418, 539]","[167, 76, 59, 597, 491, 155, 350, 179, 99, 580, 562, 576, 182, 161, 301]",600,15,0.8,,3,200,"[[0.02, 0.005, 0.01], [0.005, 0.02, 0.005], [0.01, 0.005, 0.02]]",,,,,6.6,0.39570030859153366,1.0,0.13666666666666666,6.866666666666666,0.001715664429648639,0.005383359481665285,0.15384615384615385,0.018803418803418803,0.0,0.0,2.1709401709401708,4.0,0.0,0.14871794871794872,6.473504273504274,0.1390435195581973,0.716906685399836,0.008076525666087808,3.4761904761904763,0.7369000686224506,0.0564102564102564,1.0,1.0,0.7029775419505313,19,True,3190.0
3,sparse_sbm,sparse_sbm_1,1,19,820947695,2976994926,"[12, 15, 69, 94, 130, 184, 219, 266, 296, 369, 375, 453, 486, 499, 570]","[167, 461, 197, 90, 589, 408, 275, 31, 404, 61, 190, 550, 280, 257, 541]",600,15,0.8,,3,200,"[[0.02, 0.005, 0.01], [0.005, 0.02, 0.005], [0.01, 0.005, 0.02]]",,,,,6.6,0.39570030859153366,1.0,0.13666666666666666,6.866666666666666,0.0017025760602713904,0.004605494914382812,0.1606837606837607,0.015384615384615385,0.0,0.0,2.12991452991453,4.0,0.0,0.13504273504273503,6.499145299145299,0.14186387816104162,0.7056375131717597,0.006938299795442651,3.5619047619047617,0.8595508135658706,0.0564102564102564,1.0,1.0,1.0727130830055105,29,True,3190.0
3,sparse_sbm,sparse_sbm_1,1,20,820947695,3830437891,"[3, 52, 88, 101, 280, 285, 294, 303, 317, 404, 406, 478, 507, 531, 569]","[113, 11, 545, 202, 389, 99, 39, 168, 595, 208, 405, 210, 34, 374, 549]",600,15,0.8,,3,200,"[[0.02, 0.005, 0.01], [0.005, 0.02, 0.005], [0.01, 0.005, 0.02]]",,,,,6.6,0.39570030859153366,1.0,0.13666666666666666,5.4,0.001412324527232227,0.0029734344969899683,0.12991452991452992,0.005128205128205128,0.0,0.0,2.2615384615384615,4.0,0.0,0.08888888888888889,5.423931623931624,0.11601707275125775,0.7578796393864887,0.0032010582010582015,3.8190476190476192,0.8835453620947604,0.0461538461538461,0.0854700854700854,0.1083333333333333,1.054603041964583,30,False,1530.0
3,sparse_sbm,sparse_sbm_1,1,21,820947695,1802616577,"[39, 58, 77, 108, 145, 153, 159, 193, 206, 208, 296, 341, 357, 372, 511]","[421, 287, 224, 205, 539, 198, 344, 412, 555, 313, 404, 101, 448, 189, 367]",600,15,0.8,,3,200,"[[0.02, 0.005, 0.01], [0.005, 0.02, 0.005], [0.01, 0.005, 0.02]]",,,,,6.6,0.39570030859153366,1.0,0.13666666666666666,7.0,0.001734008563724206,0.00471723235519283,0.15897435897435896,0.008547008547008548,0.0017094017094017094,0.0,2.135042735042735,4.0,0.0,0.14188034188034188,6.579487179487179,0.13768928487837254,0.7086348202786559,0.005752078609221466,3.466666666666667,0.8064614084099904,0.0615384615384615,1.0,1.0,0.8297940419288352,23,True,3190.0
3,sparse_sbm,sparse_sbm_1,1,22,820947695,4000478022,"[29, 38, 111, 169, 196, 209, 211, 240, 288, 309, 321, 369, 374, 375, 595]","[320, 534, 206, 215, 526, 575, 501, 150, 537, 79, 316, 61, 143, 190, 307]",600,15,0.8,,3,200,"[[0.02, 0.005, 0.01], [0.005, 0.02, 0.005], [0.01, 0.005, 0.02]]",,,,,6.6,0.39570030859153366,1.0,0.13666666666666666,7.0,0.0017412789756347145,0.00441239686708618,0.1658119658119658,0.006837606837606838,0.0,0.0,2.1162393162393163,4.0,0.0,0.13162393162393163,6.45982905982906,0.1427079909818087,0.6972192951645007,0.002848583877995643,3.5904761904761906,0.9366347672506407,0.0581196581196581,0.9948717948717948,0.995,1.0917014579754325,30,False,3172.0
3,sparse_sbm,sparse_sbm_1,1,23,820947695,3133792402,"[122, 138, 213, 279, 311, 375, 376, 400, 410, 418, 487, 489, 499, 525, 584]","[207, 424, 515, 547, 430, 190, 226, 222, 469, 161, 477, 438, 257, 66, 490]",600,15,0.8,,3,200,"[[0.02, 0.005, 0.01], [0.005, 0.02, 0.005], [0.01, 0.005, 0.02]]",,,,,6.6,0.39570030859153366,1.0,0.13666666666666666,5.933333333333334,0.0015347578606826672,0.00388012452435187,0.14017094017094017,0.010256410256410256,0.0017094017094017094,0.0,2.1846153846153844,4.0,0.0,0.09401709401709402,5.663247863247864,0.12586612577239176,0.7401885025172696,0.005508658008658008,3.761904761904762,0.8689979337812651,0.0666666666666666,1.0,1.0,0.8060282500227913,18,True,3190.0
3,sparse_sbm,sparse_sbm_1,1,24,820947695,2972083127,"[8, 96, 112, 126, 147, 157, 191, 227, 254, 295, 297, 305, 373, 481, 536]","[371, 368, 455, 131, 68, 26, 178, 361, 23, 580, 281, 388, 509, 346, 291]",600,15,0.8,,3,200,"[[0.02, 0.005, 0.01], [0.005, 0.02, 0.005], [0.01, 0.005, 0.02]]",,,,,6.6,0.39570030859153366,1.0,0.13666666666666666,4.8,0.001290331416952431,0.001902949875038032,0.11794871794871795,0.005128205128205128,0.0,0.0,2.3230769230769233,4.0,0.0,0.06153846153846154,4.81025641025641,0.10721347286045538,0.7786910197869102,0.003503401360544218,4.0095238095238095,0.8835453620947604,0.041025641025641,0.0666666666666666,0.09,0.8913503749063239,25,True,1508.0
3,sparse_sbm,sparse_sbm_1,1,25,820947695,69914713,"[16, 60, 142, 235, 269, 305, 308, 350, 442, 471, 479, 480, 524, 570, 586]","[585, 339, 544, 489, 458, 388, 535, 13, 45, 395, 319, 67, 173, 541, 498]",600,15,0.8,,3,200,"[[0.02, 0.005, 0.01], [0.005, 0.02, 0.005], [0.01, 0.005, 0.02]]",,,,,6.6,0.39570030859153366,1.0,0.13666666666666666,5.866666666666666,0.001501047302851944,0.0036351112694514754,0.14188034188034188,0.005128205128205128,0.0,0.0,2.1965811965811968,4.0,0.0,0.09572649572649573,5.7846153846153845,0.12411747564054855,0.7374136517972134,0.001950113378684807,3.8190476190476192,0.8689979337812653,0.0547008547008547,0.3623931623931624,0.3783333333333333,1.0398047500057146,30,False,1778.0
3,sparse_sbm,sparse_sbm_1,1,26,820947695,2695875278,"[12, 31, 86, 127, 194, 197, 254, 341, 370, 460, 485, 492, 498, 539, 591]","[167, 157, 341, 588, 33, 179, 23, 101, 171, 209, 566, 524, 125, 301, 89]",600,15,0.8,,3,200,"[[0.02, 0.005, 0.01], [0.005, 0.02, 0.005], [0.01, 0.005, 0.02]]",,,,,6.6,0.39570030859153366,1.0,0.13666666666666666,7.4,0.0018139638786727626,0.004640704464840981,0.1606837606837607,0.018803418803418803,0.0,0.0,2.105982905982906,4.0,0.0,0.1641025641025641,6.905982905982906,0.14332191554037235,0.705573117901885,0.008546968904111761,3.4285714285714284,0.7369000686224506,0.0529914529914529,0.2222222222222222,0.2416666666666666,1.0116146669024602,30,False,1624.0
3,sparse_sbm,sparse_sbm_1,1,27,820947695,1658065348,"[63, 77, 120, 146, 249, 251, 274, 312, 313, 351, 392, 462, 474, 477, 534]","[527, 224, 126, 88, 97, 138, 510, 586, 230, 30, 153, 383, 354, 520, 591]",600,15,0.8,,3,200,"[[0.02, 0.005, 0.01], [0.005, 0.02, 0.005], [0.01, 0.005, 0.02]]",,,,,6.6,0.39570030859153366,1.0,0.13666666666666666,6.333333333333333,0.001608749616302032,0.0031389702236094223,0.147008547008547,0.008547008547008548,0.0,0.0,2.2256410256410257,4.0,0.0,0.11623931623931624,5.892307692307693,0.12976730617468965,0.7286558950942512,0.004595959595959596,3.4761904761904763,0.8304559569388802,0.0598290598290598,0.1692307692307692,0.19,0.9905553749995306,30,False,1592.0
3,sparse_sbm,sparse_sbm_1,1,28,820947695,3815972125,"[71, 154, 171, 186, 227, 238, 247, 341, 467, 510, 511, 523, 564, 585, 593]","[148, 494, 187, 27, 361, 196, 525, 101, 289, 393, 367, 220, 64, 115, 569]",600,15,0.8,,3,200,"[[0.02, 0.005, 0.01], [0.005, 0.02, 0.005], [0.01, 0.005, 0.02]]",,,,,6.6,0.39570030859153366,1.0,0.13666666666666666,6.733333333333333,0.0016913209448613266,0.003323237302427147,0.15897435897435896,0.013675213675213675,0.0,0.0,2.147008547008547,4.0,0.0,0.14017094017094017,6.28034188034188,0.14006522743983513,0.708523592085236,0.00583028083028083,3.533333333333333,0.9220873389371456,0.0444444444444444,0.1008547008547008,0.1233333333333333,1.0065617080545053,30,False,1556.0
3,sparse_sbm,sparse_sbm_1,1,29,820947695,49898762,"[22, 33, 40, 78, 210, 211, 283, 325, 343, 374, 407, 409, 452, 531, 566]","[85, 572, 376, 158, 363, 501, 56, 229, 60, 143, 75, 583, 332, 374, 19]",600,15,0.8,,3,200,"[[0.02, 0.005, 0.01], [0.005, 0.02, 0.005], [0.01, 0.005, 0.02]]",,,,,6.6,0.39570030859153366,1.0,0.13666666666666666,6.6,0.0016744008410614342,0.004936038801468099,0.15213675213675212,0.011965811965811967,0.0017094017094017094,0.0,2.1829059829059827,4.0,0.0,0.13333333333333333,5.947008547008547,0.1342987696152688,0.7199859501229364,0.00787085929943073,3.638095238095238,0.8304559569388802,0.0581196581196581,0.2307692307692307,0.25,1.0012829579645768,30,False,1670.0
3,sparse_sbm,sparse_sbm_1,1,30,820947695,300260197,"[38, 99, 206, 209, 249, 339, 362, 374, 405, 409, 443, 468, 514, 533, 578]","[534, 155, 555, 575, 97, 576, 420, 143, 528, 583, 204, 386, 479, 145, 217]",600,15,0.8,,3,200,"[[0.02, 0.005, 0.01], [0.005, 0.02, 0.005], [0.01, 0.005, 0.02]]",,,,,6.6,0.39570030859153366,1.0,0.13666666666666666,7.466666666666667,0.0018393371251511491,0.004994393171424785,0.1829059829059829,0.008547008547008548,0.0,0.0,2.088888888888889,4.0,0.0,0.15555555555555556,6.536752136752137,0.15478299117551908,0.6693537056550756,0.003232133363712311,3.5047619047619047,0.762819123469505,0.0752136752136752,1.0,1.0,0.613902333076112,18,True,3190.0
3,sparse_sbm,sparse_sbm_1,1,31,820947695,345991985,"[14, 37, 48, 115, 172, 214, 278, 446, 507, 518, 536, 563, 569, 579, 596]","[47, 105, 432, 470, 94, 578, 154, 63, 34, 231, 291, 435, 549, 326, 114]",600,15,0.8,,3,200,"[[0.02, 0.005, 0.01], [0.005, 0.02, 0.005], [0.01, 0.005, 0.02]]",,,,,6.6,0.39570030859153366,1.0,0.13666666666666666,6.066666666666666,0.0015467411064682547,0.0037085732897857568,0.1452991452991453,0.010256410256410256,0.0,0.0,2.201709401709402,4.0,0.0,0.10085470085470086,5.63931623931624,0.1296099559898621,0.7314600163915232,0.0040181115181115185,3.761904761904762,0.7533720032541101,0.0444444444444444,0.1076923076923077,0.13,1.037097999942489,30,False,1554.0
3,sparse_sbm,sparse_sbm_1,1,32,820947695,1967947985,"[95, 125, 158, 172, 192, 205, 238, 247, 289, 371, 386, 526, 529, 556, 581]","[517, 365, 417, 94, 25, 20, 196, 525, 77, 6, 349, 369, 418, 392, 502]",600,15,0.8,,3,200,"[[0.02, 0.005, 0.01], [0.005, 0.02, 0.005], [0.01, 0.005, 0.02]]",,,,,6.6,0.39570030859153366,1.0,0.13666666666666666,6.133333333333334,0.0015729507335220075,0.0036761692480677998,0.15213675213675212,0.005128205128205128,0.0,0.0,2.1914529914529917,4.0,0.0,0.10598290598290598,5.72991452991453,0.13283564412515758,0.7199625336611638,0.0022333222333222333,3.723809523809524,0.7148300264117252,0.0444444444444444,0.1675213675213675,0.1883333333333333,1.072520292014815,30,False,1592.0
3,sparse_sbm,sparse_sbm_1,1,33,820947695,1506263651,"[20, 29, 44, 93, 138, 152, 237, 265, 275, 305, 342, 422, 474, 501, 519]","[71, 320, 511, 98, 424, 450, 497, 117, 200, 388, 177, 129, 354, 343, 152]",600,15,0.8,,3,200,"[[0.02, 0.005, 0.01], [0.005, 0.02, 0.005], [0.01, 0.005, 0.02]]",,,,,6.6,0.39570030859153366,1.0,0.13666666666666666,6.466666666666667,0.0016354295568072137,0.0039717587968792776,0.15555555555555556,0.006837606837606838,0.0,0.0,2.128205128205128,4.0,0.0,0.13162393162393163,6.155555555555556,0.13480242048995572,0.714360145182063,0.0033333333333333335,3.6857142857142855,0.7533720032541101,0.0598290598290598,1.0,1.0,1.2145915840519592,29,True,3190.0
3,sparse_sbm,sparse_sbm_1,1,34,820947695,3456042939,"[7, 44, 150, 160, 202, 269, 374, 388, 400, 405, 414, 457, 553, 558, 594]","[170, 511, 259, 434, 317, 458, 143, 594, 222, 528, 538, 306, 554, 303, 302]",600,15,0.8,,3,200,"[[0.02, 0.005, 0.01], [0.005, 0.02, 0.005], [0.01, 0.005, 0.02]]",,,,,6.6,0.39570030859153366,1.0,0.13666666666666666,7.6,0.001867728779114646,0.005202161491261842,0.1675213675213675,0.017094017094017096,0.0,0.0,2.1196581196581197,4.0,0.0,0.19316239316239317,6.8478632478632475,0.14695544003736444,0.6943566327127971,0.007989144375698998,3.3714285714285714,0.8304559569388802,0.0615384615384615,0.2,0.22,1.030222125002183,28,True,1630.0
3,sparse_sbm,sparse_sbm_1,1,35,820947695,2459627837,"[15, 92, 156, 159, 176, 180, 204, 216, 248, 277, 433, 445, 449, 546, 584]","[461, 175, 233, 344, 42, 265, 311, 305, 442, 314, 119, 312, 263, 436, 490]",600,15,0.8,,3,200,"[[0.02, 0.005, 0.01], [0.005, 0.02, 0.005], [0.01, 0.005, 0.02]]",,,,,6.6,0.39570030859153366,1.0,0.13666666666666666,6.866666666666666,0.0017198022343687192,0.004656403222651258,0.1606837606837607,0.011965811965811967,0.003418803418803419,0.0,2.1777777777777776,4.0,0.0,0.14188034188034188,6.150427350427351,0.14071988114425849,0.7057194707879639,0.007667940525083383,3.5238095238095237,0.8064614084099904,0.07008547008547,1.0,1.0,1.081415458000265,25,True,3190.0
3,sparse_sbm,sparse_sbm_1,1,36,820947695,1611524510,"[9, 90, 95, 142, 199, 217, 270, 332, 337, 338, 361, 478, 508, 522, 575]","[329, 279, 517, 544, 488, 563, 493, 492, 562, 453, 147, 210, 427, 151, 28]",600,15,0.8,,3,200,"[[0.02, 0.005, 0.01], [0.005, 0.02, 0.005], [0.01, 0.005, 0.02]]",,,,,6.6,0.39570030859153366,1.0,0.13666666666666666,6.066666666666666,0.0015544351026421453,0.003719032749872904,0.1452991452991453,0.006837606837606838,0.0,0.0,2.169230769230769,4.0,0.0,0.09230769230769231,5.505982905982906,0.12635161899526995,0.7317000351246926,0.0037414965986394557,3.7904761904761903,0.8210088367234855,0.0598290598290598,0.5487179487179488,0.56,1.0378828749526292,30,False,1928.0
3,sparse_sbm,sparse_sbm_1,1,37,820947695,3391311932,"[52, 84, 86, 112, 131, 141, 155, 165, 191, 261, 266, 272, 380, 404, 412]","[11, 590, 341, 455, 278, 137, 331, 587, 178, 65, 31, 110, 276, 208, 599]",600,15,0.8,,3,200,"[[0.02, 0.005, 0.01], [0.005, 0.02, 0.005], [0.01, 0.005, 0.02]]",,,,,6.6,0.39570030859153366,1.0,0.13666666666666666,6.133333333333334,0.0015599124532338269,0.0034455521903427795,0.147008547008547,0.006837606837606838,0.0,0.0,2.2085470085470087,4.0,0.0,0.11623931623931624,5.811965811965812,0.1294360462081481,0.7286324786324786,0.0039947089947089945,3.6,0.8304559569388802,0.0495726495726495,0.147008547008547,0.1683333333333333,1.0497716669924555,30,False,1582.0
3,sparse_sbm,sparse_sbm_1,1,38,820947695,3539787935,"[40, 87, 114, 127, 144, 186, 355, 363, 370, 428, 435, 492, 505, 562, 569]","[376, 290, 54, 588, 384, 27, 185, 565, 171, 269, 53, 524, 255, 186, 549]",600,15,0.8,,3,200,"[[0.02, 0.005, 0.01], [0.005, 0.02, 0.005], [0.01, 0.005, 0.02]]",,,,,6.6,0.39570030859153366,1.0,0.13666666666666666,6.733333333333333,0.0016907030673573033,0.005505571822247152,0.1623931623931624,0.006837606837606838,0.0,0.0,2.1264957264957265,4.0,0.0,0.13162393162393163,6.1863247863247866,0.13996507154136115,0.7029212036061351,0.0030001744287458574,3.5904761904761906,0.7293774547252203,0.0444444444444444,0.1333333333333333,0.155,1.029053165926598,30,False,1552.0
3,sparse_sbm,sparse_sbm_1,1,39,820947695,3128111587,"[3, 9, 60, 62, 131, 175, 224, 245, 292, 316, 340, 371, 421, 546, 576]","[113, 329, 339, 597, 278, 140, 218, 194, 324, 540, 22, 6, 592, 436, 484]",600,15,0.8,,3,200,"[[0.02, 0.005, 0.01], [0.005, 0.02, 0.005], [0.01, 0.005, 0.02]]",,,,,6.6,0.39570030859153366,1.0,0.13666666666666666,7.133333333333334,0.001760802925311141,0.004400254870311592,0.1623931623931624,0.017094017094017096,0.0,0.0,2.1264957264957265,4.0,0.0,0.1606837606837607,6.593162393162393,0.14450071059327274,0.7026753307575225,0.007010232997627955,3.4571428571428573,0.7293774547252202,0.0529914529914529,0.958974358974359,0.96,1.0216496250359342,30,False,3082.0
3,sparse_sbm,sparse_sbm_1,1,40,820947695,2653249525,"[74, 86, 125, 213, 215, 225, 277, 309, 314, 325, 429, 482, 537, 542, 575]","[456, 341, 365, 515, 552, 166, 314, 79, 159, 229, 83, 282, 174, 330, 28]",600,15,0.8,,3,200,"[[0.02, 0.005, 0.01], [0.005, 0.02, 0.005], [0.01, 0.005, 0.02]]",,,,,6.6,0.39570030859153366,1.0,0.13666666666666666,5.266666666666667,0.0013943821628916674,0.0027812958083884096,0.12991452991452992,0.0017094017094017094,0.0,0.0,2.246153846153846,4.0,0.0,0.06495726495726496,5.017094017094017,0.11471171498837904,0.757926472310034,0.0007326007326007326,3.933333333333333,0.8210088367234855,0.0581196581196581,0.2376068376068376,0.2566666666666666,1.0238137500127775,30,False,1618.0
3,sparse_sbm,sparse_sbm_1,1,41,820947695,1417367384,"[16, 18, 21, 81, 124, 165, 178, 257, 300, 308, 466, 475, 486, 568, 581]","[585, 238, 529, 359, 4, 587, 336, 308, 419, 535, 425, 116, 280, 57, 502]",600,15,0.8,,3,200,"[[0.02, 0.005, 0.01], [0.005, 0.02, 0.005], [0.01, 0.005, 0.02]]",,,,,6.6,0.39570030859153366,1.0,0.13666666666666666,6.0,0.001522218212954504,0.003720374629253335,0.13675213675213677,0.017094017094017096,0.0,0.0,2.2273504273504274,4.0,0.0,0.11282051282051282,5.895726495726496,0.12547838724926272,0.7459899309214377,0.006865073514786031,3.5904761904761906,0.7148300264117252,0.0461538461538461,0.1094017094017094,0.1316666666666666,1.035090124933049,30,False,1564.0
3,sparse_sbm,sparse_sbm_1,1,42,820947695,4018355850,"[31, 33, 131, 186, 224, 230, 272, 330, 344, 381, 438, 455, 480, 494, 565]","[157, 572, 278, 27, 218, 49, 110, 483, 385, 360, 415, 261, 67, 221, 106]",600,15,0.8,,3,200,"[[0.02, 0.005, 0.01], [0.005, 0.02, 0.005], [0.01, 0.005, 0.02]]",,,,,6.6,0.39570030859153366,1.0,0.13666666666666666,5.933333333333334,0.0015085048572292146,0.0033929603256882676,0.15042735042735042,0.0017094017094017094,0.0,0.0,2.1623931623931623,4.0,0.0,0.10085470085470086,5.777777777777778,0.12924105428856397,0.7229949654607188,0.0009523809523809524,3.780952380952381,0.7129055200935607,0.0512820512820512,0.582905982905983,0.5933333333333334,1.0081274580443278,30,False,1988.0
3,sparse_sbm,sparse_sbm_1,1,43,820947695,425136369,"[43, 94, 110, 145, 197, 257, 265, 302, 326, 333, 417, 419, 424, 494, 569]","[36, 90, 504, 539, 179, 308, 117, 62, 561, 508, 454, 476, 445, 221, 549]",600,15,0.8,,3,200,"[[0.02, 0.005, 0.01], [0.005, 0.02, 0.005], [0.01, 0.005, 0.02]]",,,,,6.6,0.39570030859153366,1.0,0.13666666666666666,6.733333333333333,0.001664206295747712,0.00358833089412614,0.14017094017094017,0.022222222222222223,0.003418803418803419,0.0,2.241025641025641,4.0,0.0,0.15213675213675212,6.524786324786325,0.12938443635542882,0.7401475237091676,0.014605438134849899,3.3142857142857145,0.7824668598811004,0.0529914529914529,1.0,1.0,1.035774042014964,30,True,3190.0
3,sparse_sbm,sparse_sbm_1,1,44,820947695,1561694344,"[23, 25, 56, 69, 198, 205, 217, 278, 314, 315, 363, 387, 438, 452, 493]","[10, 12, 260, 197, 268, 20, 563, 154, 159, 0, 565, 48, 415, 332, 73]",600,15,0.8,,3,200,"[[0.02, 0.005, 0.01], [0.005, 0.02, 0.005], [0.01, 0.005, 0.02]]",,,,,6.6,0.39570030859153366,1.0,0.13666666666666666,6.4,0.001635176081080141,0.003717563920318608,0.147008547008547,0.010256410256410256,0.0,0.0,2.18974358974359,4.0,0.0,0.11282051282051282,5.905982905982906,0.13056817619533687,0.7285973539398197,0.004969527826670683,3.657142857142857,0.8304559569388802,0.0615384615384615,1.0,1.0,1.0074054170399904,30,False,3190.0
3,sparse_sbm,sparse_sbm_1,1,45,820947695,1507984472,"[39, 59, 129, 163, 201, 238, 274, 323, 427, 428, 440, 459, 507, 509, 519]","[421, 416, 70, 428, 228, 196, 510, 211, 235, 269, 124, 258, 34, 160, 152]",600,15,0.8,,3,200,"[[0.02, 0.005, 0.01], [0.005, 0.02, 0.005], [0.01, 0.005, 0.02]]",,,,,6.6,0.39570030859153366,1.0,0.13666666666666666,6.066666666666666,0.0015359259335617518,0.0029022633112214323,0.13846153846153847,0.010256410256410256,0.0,0.0,2.213675213675214,4.0,0.0,0.12478632478632479,6.170940170940171,0.12434204627259954,0.7431097061234048,0.0058157451014593875,3.6476190476190475,0.8159085286253851,0.0564102564102564,0.9794871794871794,0.98,1.0283900829963386,30,False,3156.0
3,sparse_sbm,sparse_sbm_1,1,46,820947695,1451794171,"[15, 53, 67, 133, 139, 170, 283, 340, 369, 446, 473, 501, 515, 550, 562]","[461, 9, 262, 568, 134, 199, 56, 22, 61, 63, 50, 343, 446, 391, 186]",600,15,0.8,,3,200,"[[0.02, 0.005, 0.01], [0.005, 0.02, 0.005], [0.01, 0.005, 0.02]]",,,,,6.6,0.39570030859153366,1.0,0.13666666666666666,7.133333333333334,0.0017761170055063586,0.0056055379373857695,0.16923076923076924,0.011965811965811967,0.0017094017094017094,0.0,2.0974358974358975,4.0,0.0,0.13846153846153847,6.328205128205128,0.14665185257421848,0.6915232408383093,0.005370756489730395,3.5904761904761906,0.8835453620947604,0.0666666666666666,0.4991452991452991,0.5116666666666667,1.083080374985002,30,False,1892.0
3,sparse_sbm,sparse_sbm_1,1,47,820947695,1489506456,"[59, 79, 101, 159, 215, 224, 232, 246, 254, 302, 332, 408, 540, 544, 547]","[416, 250, 202, 344, 552, 218, 212, 272, 23, 62, 492, 507, 136, 441, 84]",600,15,0.8,,3,200,"[[0.02, 0.005, 0.01], [0.005, 0.02, 0.005], [0.01, 0.005, 0.02]]",,,,,6.6,0.39570030859153366,1.0,0.13666666666666666,5.066666666666666,0.001333584375676526,0.002303939790692211,0.12307692307692308,0.006837606837606838,0.0,0.0,2.2905982905982905,4.0,0.0,0.0905982905982906,5.294017094017094,0.11241038065116311,0.7696229949654607,0.004497354497354497,3.7904761904761903,0.7679194315676052,0.0478632478632478,0.2324786324786324,0.2516666666666666,1.17377899994608,30,False,1628.0
3,sparse_sbm,sparse_sbm_1,1,48,820947695,70562657,"[1, 4, 39, 46, 59, 70, 94, 105, 219, 313, 391, 397, 424, 567, 597]","[78, 51, 421, 480, 416, 348, 90, 234, 275, 230, 195, 337, 445, 345, 43]",600,15,0.8,,3,200,"[[0.02, 0.005, 0.01], [0.005, 0.02, 0.005], [0.01, 0.005, 0.02]]",,,,,6.6,0.39570030859153366,1.0,0.13666666666666666,6.066666666666666,0.001541473030426586,0.003075094510437644,0.14358974358974358,0.008547008547008548,0.003418803418803419,0.0,2.2256410256410257,4.0,0.0,0.11965811965811966,5.87008547008547,0.1262560241934082,0.7344865940756352,0.00856517820803535,3.580952380952381,0.8595508135658706,0.0512820512820512,0.305982905982906,0.3233333333333333,1.161992458044551,30,False,1756.0
3,sparse_sbm,sparse_sbm_1,1,49,820947695,2901245609,"[27, 134, 215, 249, 260, 310, 368, 415, 421, 441, 473, 474, 510, 532, 592]","[240, 485, 552, 97, 41, 201, 557, 127, 592, 570, 50, 354, 393, 144, 413]",600,15,0.8,,3,200,"[[0.02, 0.005, 0.01], [0.005, 0.02, 0.005], [0.01, 0.005, 0.02]]",,,,,6.6,0.39570030859153366,1.0,0.13666666666666666,6.133333333333334,0.0015526061063449925,0.003149612496022463,0.14188034188034188,0.011965811965811967,0.0,0.0,2.176068376068376,4.0,0.0,0.12307692307692308,5.900854700854701,0.12736152430121728,0.7372731530265777,0.004872345003923952,3.704761904761905,0.7369000686224506,0.0461538461538461,0.1863247863247863,0.2066666666666666,1.09747308306396,30,False,1626.0
3,sparse_sbm,sparse_sbm_2,2,0,294905112,1137228710,"[5, 8, 38, 52, 69, 85, 94, 116, 126, 177, 203, 210, 460, 524, 559]","[576, 526, 470, 311, 457, 371, 554, 148, 196, 24, 482, 476, 430, 495, 489]",600,15,0.8,,3,200,"[[0.02, 0.005, 0.01], [0.005, 0.02, 0.005], [0.01, 0.005, 0.02]]",,,,,6.6866666666666665,0.37771671583851035,0.9966666666666667,0.14333333333333334,6.066666666666666,0.001547722647860618,0.0038896039429722213,0.13504273504273503,0.011965811965811967,0.0017094017094017094,0.0,2.2435677530017153,4.0,0.003418803418803419,0.11965811965811966,5.603418803418803,0.12071108517094037,0.7491277367989697,0.008447227375798805,3.552380952380952,0.6908354778828353,0.0529914529914529,0.1316239316239316,0.1533333333333333,1.0046368750045076,30,False,1548.0
3,sparse_sbm,sparse_sbm_2,2,1,294905112,3687790935,"[95, 97, 177, 195, 209, 270, 274, 339, 389, 401, 442, 484, 496, 517, 520]","[136, 204, 24, 381, 503, 149, 478, 340, 75, 231, 541, 496, 68, 421, 264]",600,15,0.8,,3,200,"[[0.02, 0.005, 0.01], [0.005, 0.02, 0.005], [0.01, 0.005, 0.02]]",,,,,6.6866666666666665,0.37771671583851035,0.9966666666666667,0.14333333333333334,6.066666666666666,0.0015343671887037363,0.004257325176318522,0.13675213675213677,0.015384615384615385,0.003418803418803419,0.0,2.2109777015437393,4.0,0.003418803418803419,0.1111111111111111,6.0085470085470085,0.12529128951062074,0.7459313897670062,0.011194017622589052,3.580952380952381,0.7533720032541101,0.0529914529914529,0.1709401709401709,0.1916666666666666,1.014368082978763,30,False,1602.0
3,sparse_sbm,sparse_sbm_2,2,2,294905112,722715005,"[43, 52, 95, 151, 214, 304, 358, 436, 459, 476, 478, 482, 483, 500, 519]","[531, 311, 136, 283, 193, 388, 320, 535, 591, 155, 223, 296, 59, 364, 271]",600,15,0.8,,3,200,"[[0.02, 0.005, 0.01], [0.005, 0.02, 0.005], [0.01, 0.005, 0.02]]",,,,,6.6866666666666665,0.37771671583851035,0.9966666666666667,0.14333333333333334,6.933333333333334,0.0017167180602322683,0.0045103976166434205,0.15897435897435896,0.015384615384615385,0.0,0.0,2.1578044596912522,4.0,0.003418803418803419,0.15042735042735042,6.386324786324787,0.14153302328355458,0.7084065097763728,0.006045205961172348,3.4571428571428573,0.6231986444134598,0.0512820512820512,0.1948717948717948,0.215,1.0356646250002086,30,False,1632.0
3,sparse_sbm,sparse_sbm_2,2,3,294905112,776122143,"[15, 32, 135, 142, 242, 272, 293, 297, 367, 426, 439, 495, 510, 523, 557]","[378, 337, 12, 246, 57, 540, 79, 423, 179, 383, 424, 411, 245, 132, 396]",600,15,0.8,,3,200,"[[0.02, 0.005, 0.01], [0.005, 0.02, 0.005], [0.01, 0.005, 0.02]]",,,,,6.6866666666666665,0.37771671583851035,0.9966666666666667,0.14333333333333334,5.666666666666667,0.0014577068614295583,0.0030653757387905426,0.13504273504273503,0.010256410256410256,0.0,0.0,2.2435677530017153,4.0,0.003418803418803419,0.08888888888888889,5.328205128205128,0.12145472947813349,0.7489813839128907,0.005600907029478458,3.8095238095238093,0.7148300264117252,0.0547008547008547,0.1709401709401709,0.1916666666666666,1.0082990829832852,30,False,1590.0
3,sparse_sbm,sparse_sbm_2,2,4,294905112,3565901692,"[27, 35, 39, 57, 67, 84, 125, 187, 220, 284, 352, 478, 531, 563, 571]","[299, 40, 269, 176, 488, 64, 90, 140, 586, 343, 274, 223, 110, 563, 582]",600,15,0.8,,3,200,"[[0.02, 0.005, 0.01], [0.005, 0.02, 0.005], [0.01, 0.005, 0.02]]",,,,,6.6866666666666665,0.37771671583851035,0.9966666666666667,0.14333333333333334,7.2,0.0017804789631309058,0.004617307999838758,0.15897435897435896,0.015384615384615385,0.0,0.0,2.1801029159519727,4.0,0.003418803418803419,0.1829059829059829,6.4683760683760685,0.14162630680852198,0.7083889474300433,0.005867416896828662,3.466666666666667,0.7824668598811005,0.0461538461538461,0.2273504273504273,0.2466666666666666,1.0302023330004886,30,False,1686.0
3,sparse_sbm,sparse_sbm_2,2,5,294905112,2412998708,"[19, 60, 71, 84, 110, 134, 146, 213, 271, 295, 301, 318, 517, 522, 594]","[184, 186, 232, 64, 257, 469, 28, 363, 384, 356, 417, 259, 421, 537, 415]",600,15,0.8,,3,200,"[[0.02, 0.005, 0.01], [0.005, 0.02, 0.005], [0.01, 0.005, 0.02]]",,,,,6.6866666666666665,0.37771671583851035,0.9966666666666667,0.14333333333333334,6.266666666666667,0.0015784836617377903,0.00469552594057431,0.13846153846153847,0.013675213675213675,0.0017094017094017094,0.0,2.1938250428816466,4.0,0.003418803418803419,0.11965811965811966,5.977777777777778,0.12628800822210345,0.7430218943917574,0.007551020408163264,3.5904761904761906,0.7679194315676052,0.0615384615384615,0.1829059829059829,0.2033333333333333,1.035830416949466,30,False,1622.0
3,sparse_sbm,sparse_sbm_2,2,6,294905112,2731802513,"[42, 48, 70, 71, 151, 169, 238, 280, 331, 384, 392, 503, 526, 553, 586]","[2, 60, 484, 232, 283, 279, 51, 18, 92, 359, 81, 504, 471, 165, 447]",600,15,0.8,,3,200,"[[0.02, 0.005, 0.01], [0.005, 0.02, 0.005], [0.01, 0.005, 0.02]]",,,,,6.6866666666666665,0.37771671583851035,0.9966666666666667,0.14333333333333334,7.0,0.001730300943251812,0.004531180352077275,0.1623931623931624,0.013675213675213675,0.003418803418803419,0.0,2.1663807890222984,4.0,0.003418803418803419,0.15384615384615385,6.343589743589743,0.14307382919166517,0.7027807048354994,0.007769786031617079,3.580952380952381,0.7053829061963304,0.0547008547008547,0.2102564102564102,0.23,1.001015582936816,30,False,1700.0
3,sparse_sbm,sparse_sbm_2,2,7,294905112,1432917501,"[185, 252, 269, 329, 367, 381, 388, 401, 407, 425, 459, 517, 522, 589, 591]","[339, 414, 568, 146, 179, 207, 335, 231, 147, 579, 591, 421, 537, 362, 506]",600,15,0.8,,3,200,"[[0.02, 0.005, 0.01], [0.005, 0.02, 0.005], [0.01, 0.005, 0.02]]",,,,,6.6866666666666665,0.37771671583851035,0.9966666666666667,0.14333333333333334,6.8,0.0017006415120444489,0.006910241444117838,0.1623931623931624,0.008547008547008548,0.0,0.0,2.144082332761578,4.0,0.003418803418803419,0.14358974358974358,6.25982905982906,0.139708870365556,0.7029914529914529,0.003833507762079191,3.657142857142857,0.8450033852523753,0.041025641025641,0.1145299145299145,0.1366666666666666,1.0160850840620697,30,False,1570.0
3,sparse_sbm,sparse_sbm_2,2,8,294905112,1842444317,"[109, 147, 151, 178, 274, 290, 342, 369, 385, 401, 520, 523, 535, 546, 583]","[285, 440, 283, 518, 478, 200, 93, 509, 130, 231, 264, 132, 348, 115, 305]",600,15,0.8,,3,200,"[[0.02, 0.005, 0.01], [0.005, 0.02, 0.005], [0.01, 0.005, 0.02]]",,,,,6.6866666666666665,0.37771671583851035,0.9966666666666667,0.14333333333333334,6.666666666666667,0.0016668169389604257,0.004362336497850899,0.15213675213675212,0.008547008547008548,0.0,0.0,2.144082332761578,4.0,0.003418803418803419,0.12307692307692308,6.239316239316239,0.13335002362126985,0.720009366584709,0.004026832955404384,3.4952380952380953,0.6743635432511756,0.0581196581196581,0.1897435897435897,0.21,1.0350224589928985,30,False,1638.0
3,sparse_sbm,sparse_sbm_2,2,9,294905112,2378848394,"[13, 36, 128, 138, 146, 172, 200, 312, 334, 358, 361, 379, 397, 541, 563]","[446, 564, 552, 131, 28, 347, 544, 156, 56, 320, 465, 123, 178, 398, 563]",600,15,0.8,,3,200,"[[0.02, 0.005, 0.01], [0.005, 0.02, 0.005], [0.01, 0.005, 0.02]]",,,,,6.6866666666666665,0.37771671583851035,0.9966666666666667,0.14333333333333334,7.0,0.0017256715165409398,0.004130383932643906,0.1606837606837607,0.017094017094017096,0.0017094017094017094,0.0,2.109777015437393,4.0,0.003418803418803419,0.14871794871794872,6.570940170940171,0.14337192700051185,0.7055497014401124,0.008311911972902685,3.4857142857142858,0.7129055200935607,0.0529914529914529,0.9965811965811966,0.9966666666666668,0.9954527500085532,30,False,3222.0
3,sparse_sbm,sparse_sbm_2,2,10,294905112,664992023,"[18, 84, 92, 155, 186, 218, 219, 226, 386, 417, 431, 495, 507, 550, 564]","[96, 64, 162, 569, 558, 45, 280, 543, 585, 224, 406, 411, 298, 331, 329]",600,15,0.8,,3,200,"[[0.02, 0.005, 0.01], [0.005, 0.02, 0.005], [0.01, 0.005, 0.02]]",,,,,6.6866666666666665,0.37771671583851035,0.9966666666666667,0.14333333333333334,6.933333333333334,0.0017535304831299346,0.00406539112847575,0.1623931623931624,0.011965811965811967,0.003418803418803419,0.0,2.13893653516295,4.0,0.003418803418803419,0.12991452991452992,6.0376068376068375,0.14133901177911543,0.7029270577215783,0.008810250595964882,3.6285714285714286,0.8210088367234855,0.0529914529914529,0.9948717948717948,0.995,1.0197511250153184,30,False,3222.0
3,sparse_sbm,sparse_sbm_2,2,11,294905112,1816251378,"[23, 49, 86, 189, 191, 204, 282, 379, 409, 419, 444, 511, 551, 565, 584]","[345, 405, 26, 589, 587, 6, 14, 123, 293, 294, 180, 289, 397, 595, 62]",600,15,0.8,,3,200,"[[0.02, 0.005, 0.01], [0.005, 0.02, 0.005], [0.01, 0.005, 0.02]]",,,,,6.6866666666666665,0.37771671583851035,0.9966666666666667,0.14333333333333334,6.8,0.001695297031855625,0.004430177837984303,0.1606837606837607,0.005128205128205128,0.0017094017094017094,0.0,2.142367066895369,4.0,0.003418803418803419,0.14188034188034188,6.287179487179487,0.13791531319248038,0.7057780119423955,0.003754142682714111,3.7523809523809524,0.7439248830387154,0.0598290598290598,0.9965811965811966,0.9966666666666668,0.9141020419774576,27,True,3222.0
3,sparse_sbm,sparse_sbm_2,2,12,294905112,273900354,"[148, 244, 251, 261, 312, 314, 332, 347, 353, 422, 453, 513, 541, 574, 598]","[538, 316, 273, 448, 156, 288, 4, 214, 304, 125, 499, 379, 398, 392, 352]",600,15,0.8,,3,200,"[[0.02, 0.005, 0.01], [0.005, 0.02, 0.005], [0.01, 0.005, 0.02]]",,,,,6.6866666666666665,0.37771671583851035,0.9966666666666667,0.14333333333333334,7.666666666666667,0.001901312875372255,0.004724333631216993,0.18461538461538463,0.008547008547008548,0.0,0.0,2.077186963979417,4.0,0.003418803418803419,0.14871794871794872,6.579487179487179,0.1549694865289359,0.666719353705655,0.004641654641654642,3.5238095238095237,0.8159085286253851,0.0444444444444444,0.1179487179487179,0.14,0.9974474590271712,30,False,1572.0
3,sparse_sbm,sparse_sbm_2,2,13,294905112,3630952349,"[8, 94, 103, 140, 146, 150, 240, 294, 336, 368, 369, 458, 476, 487, 525]","[526, 554, 468, 334, 28, 119, 314, 493, 505, 353, 509, 243, 155, 173, 154]",600,15,0.8,,3,200,"[[0.02, 0.005, 0.01], [0.005, 0.02, 0.005], [0.01, 0.005, 0.02]]",,,,,6.6866666666666665,0.37771671583851035,0.9966666666666667,0.14333333333333334,5.6,0.0014321785594801374,0.003299440690956964,0.1282051282051282,0.006837606837606838,0.0017094017094017094,0.0,2.2435677530017153,4.0,0.003418803418803419,0.12478632478632479,6.0547008547008545,0.11642549764293623,0.7607013230300902,0.0049430728002156565,3.6285714285714286,0.7533720032541101,0.0393162393162393,0.0803418803418803,0.1033333333333333,0.8089080830104649,23,True,1550.0
3,sparse_sbm,sparse_sbm_2,2,14,294905112,2109938631,"[5, 82, 95, 190, 246, 304, 339, 340, 402, 436, 442, 482, 501, 570, 580]","[576, 412, 136, 418, 441, 388, 340, 464, 308, 535, 541, 296, 107, 42, 313]",600,15,0.8,,3,200,"[[0.02, 0.005, 0.01], [0.005, 0.02, 0.005], [0.01, 0.005, 0.02]]",,,,,6.6866666666666665,0.37771671583851035,0.9966666666666667,0.14333333333333334,6.4,0.001623076732023441,0.003075376000126495,0.14358974358974358,0.011965811965811967,0.0017094017094017094,0.0,2.236706689536878,4.0,0.003418803418803419,0.1094017094017094,5.955555555555556,0.12863570846933461,0.7343812199976584,0.007462858492270257,3.533333333333333,0.7533720032541101,0.0478632478632478,0.1435897435897435,0.165,0.962579624960199,28,True,1580.0
3,sparse_sbm,sparse_sbm_2,2,15,294905112,3762171490,"[27, 80, 122, 167, 204, 213, 283, 296, 303, 310, 367, 369, 536, 549, 559]","[299, 118, 367, 455, 6, 363, 208, 254, 134, 203, 179, 509, 206, 492, 489]",600,15,0.8,,3,200,"[[0.02, 0.005, 0.01], [0.005, 0.02, 0.005], [0.01, 0.005, 0.02]]",,,,,6.6866666666666665,0.37771671583851035,0.9966666666666667,0.14333333333333334,6.266666666666667,0.0016031886311306557,0.003390650829484101,0.15213675213675212,0.008547008547008548,0.0,0.0,2.195540308747856,4.0,0.003418803418803419,0.09572649572649573,5.6290598290598295,0.13370609715296505,0.7199449713148344,0.0039918189498021435,3.761904761904762,0.7679194315676053,0.0598290598290598,0.252991452991453,0.2716666666666666,1.0213300000177696,30,False,1694.0
3,sparse_sbm,sparse_sbm_2,2,16,294905112,3360856584,"[10, 72, 159, 164, 329, 340, 389, 407, 429, 432, 457, 570, 582, 586, 592]","[213, 103, 72, 395, 146, 464, 75, 147, 368, 23, 454, 42, 449, 447, 407]",600,15,0.8,,3,200,"[[0.02, 0.005, 0.01], [0.005, 0.02, 0.005], [0.01, 0.005, 0.02]]",,,,,6.6866666666666665,0.37771671583851035,0.9966666666666667,0.14333333333333334,7.066666666666666,0.0017645511555691021,0.0037971463896181636,0.1606837606837607,0.013675213675213675,0.0,0.0,2.1406518010291595,4.0,0.003418803418803419,0.15555555555555556,6.391452991452992,0.14130806326052986,0.7056550755180893,0.006360544217687074,3.447619047619048,0.7148300264117252,0.0632478632478632,0.9931623931623932,0.9933333333333332,1.0041804170468822,30,False,3222.0
3,sparse_sbm,sparse_sbm_2,2,17,294905112,1539882276,"[10, 20, 183, 252, 316, 357, 375, 406, 454, 472, 475, 524, 538, 561, 574]","[213, 386, 380, 414, 235, 122, 365, 265, 328, 443, 272, 495, 594, 216, 392]",600,15,0.8,,3,200,"[[0.02, 0.005, 0.01], [0.005, 0.02, 0.005], [0.01, 0.005, 0.02]]",,,,,6.6866666666666665,0.37771671583851035,0.9966666666666667,0.14333333333333334,7.0,0.0017430600946564468,0.0054341448590898974,0.15555555555555556,0.010256410256410256,0.0,0.0,2.142367066895369,4.0,0.003418803418803419,0.13504273504273503,6.3760683760683765,0.13727548080185026,0.7141611052569957,0.004639337270916218,3.4857142857142858,0.7679194315676053,0.0478632478632478,0.1384615384615384,0.16,1.0218621670501309,30,False,1576.0
3,sparse_sbm,sparse_sbm_2,2,18,294905112,84179332,"[12, 21, 27, 76, 118, 158, 202, 243, 244, 254, 285, 430, 437, 490, 586]","[121, 422, 299, 530, 151, 74, 17, 69, 316, 330, 290, 275, 413, 310, 447]",600,15,0.8,,3,200,"[[0.02, 0.005, 0.01], [0.005, 0.02, 0.005], [0.01, 0.005, 0.02]]",,,,,6.6866666666666665,0.37771671583851035,0.9966666666666667,0.14333333333333334,6.733333333333333,0.0016853214068510557,0.003783456911983598,0.15897435897435896,0.010256410256410256,0.0,0.0,2.13893653516295,4.0,0.003418803418803419,0.13504273504273503,6.2905982905982905,0.13867623210131588,0.7085762791242244,0.005107128321414036,3.4857142857142858,0.7053829061963304,0.0444444444444444,0.0905982905982906,0.1133333333333333,1.0344802920008078,30,False,1532.0
3,sparse_sbm,sparse_sbm_2,2,19,294905112,404356020,"[42, 52, 118, 168, 202, 259, 286, 327, 342, 376, 445, 524, 542, 544, 585]","[2, 311, 151, 43, 17, 551, 192, 87, 93, 519, 128, 495, 199, 502, 521]",600,15,0.8,,3,200,"[[0.02, 0.005, 0.01], [0.005, 0.02, 0.005], [0.01, 0.005, 0.02]]",,,,,6.6866666666666665,0.37771671583851035,0.9966666666666667,0.14333333333333334,6.0,0.001528708412139909,0.0029658910937574124,0.14017094017094017,0.010256410256410256,0.0,0.0,2.2178387650085765,4.0,0.003418803418803419,0.1076923076923077,5.697435897435898,0.12544928178388365,0.740200210748156,0.006115577544148973,3.657142857142857,0.6212741380952955,0.0307692307692307,0.0615384615384615,0.085,1.0159184159711003,30,False,1552.0
3,sparse_sbm,sparse_sbm_2,2,20,294905112,3202458693,"[11, 26, 41, 181, 201, 224, 255, 295, 367, 379, 388, 392, 438, 569, 575]","[458, 233, 597, 590, 416, 85, 376, 356, 179, 123, 335, 81, 534, 3, 474]",600,15,0.8,,3,200,"[[0.02, 0.005, 0.01], [0.005, 0.02, 0.005], [0.01, 0.005, 0.02]]",,,,,6.6866666666666665,0.37771671583851035,0.9966666666666667,0.14333333333333334,6.266666666666667,0.0015809657355620327,0.0038203279988557634,0.147008547008547,0.008547008547008548,0.0017094017094017094,0.0,2.176672384219554,4.0,0.003418803418803419,0.12136752136752137,5.921367521367522,0.1297612175316245,0.7286032080552628,0.005658627087198515,3.6952380952380954,0.7628191234695049,0.0478632478632478,0.9965811965811966,0.9966666666666668,0.741425457992591,21,True,3222.0
3,sparse_sbm,sparse_sbm_2,2,21,294905112,21788935,"[24, 70, 135, 159, 166, 214, 228, 240, 266, 270, 418, 423, 442, 476, 570]","[116, 484, 12, 72, 211, 193, 332, 314, 129, 149, 309, 230, 541, 155, 42]",600,15,0.8,,3,200,"[[0.02, 0.005, 0.01], [0.005, 0.02, 0.005], [0.01, 0.005, 0.02]]",,,,,6.6866666666666665,0.37771671583851035,0.9966666666666667,0.14333333333333334,5.6,0.0014552859583116045,0.003044233139830126,0.13846153846153847,0.005128205128205128,0.0,0.0,2.2435677530017153,4.0,0.003418803418803419,0.10598290598290598,5.415384615384616,0.12326771975955185,0.7430979978925184,0.0028231292517006804,3.638095238095238,0.6086512160999646,0.0376068376068376,0.0974358974358974,0.12,1.201028374955058,30,False,1522.0
3,sparse_sbm,sparse_sbm_2,2,22,294905112,2615783338,"[17, 63, 148, 180, 253, 274, 296, 320, 358, 385, 469, 512, 524, 560, 592]","[27, 220, 538, 513, 577, 478, 254, 126, 320, 130, 241, 318, 495, 301, 407]",600,15,0.8,,3,200,"[[0.02, 0.005, 0.01], [0.005, 0.02, 0.005], [0.01, 0.005, 0.02]]",,,,,6.6866666666666665,0.37771671583851035,0.9966666666666667,0.14333333333333334,5.933333333333334,0.0015146986308872549,0.0027877426540424896,0.13846153846153847,0.010256410256410256,0.0,0.0,2.2243150684931505,4.0,0.0017094017094017094,0.13504273504273503,5.654700854700855,0.12306941395508912,0.7431858096241658,0.005473098330241188,3.4945054945054945,0.7824668598811004,0.0427350427350427,0.1247863247863247,0.1466666666666666,0.7315466250292957,20,True,1552.0
3,sparse_sbm,sparse_sbm_2,2,23,294905112,2908230366,"[11, 28, 29, 44, 159, 218, 225, 254, 256, 325, 364, 422, 499, 556, 572]","[458, 472, 382, 514, 72, 45, 38, 330, 523, 256, 524, 125, 198, 29, 170]",600,15,0.8,,3,200,"[[0.02, 0.005, 0.01], [0.005, 0.02, 0.005], [0.01, 0.005, 0.02]]",,,,,6.6866666666666665,0.37771671583851035,0.9966666666666667,0.14333333333333334,6.2,0.0015575375221180512,0.0036959482905399217,0.14358974358974358,0.008547008547008548,0.0,0.0,2.1663807890222984,4.0,0.003418803418803419,0.12478632478632479,6.044444444444444,0.12782359988201697,0.7343578035358858,0.00401996151996152,3.619047619047619,0.7919139800964952,0.0512820512820512,0.9948717948717948,0.995,1.017998417024501,30,False,3222.0
3,sparse_sbm,sparse_sbm_2,2,24,294905112,2388157928,"[17, 23, 26, 54, 65, 94, 191, 243, 343, 362, 403, 481, 560, 561, 598]","[27, 345, 233, 150, 157, 554, 587, 69, 517, 500, 277, 164, 301, 216, 352]",600,15,0.8,,3,200,"[[0.02, 0.005, 0.01], [0.005, 0.02, 0.005], [0.01, 0.005, 0.02]]",,,,,6.6866666666666665,0.37771671583851035,0.9966666666666667,0.14333333333333334,6.533333333333333,0.0016287571128871616,0.0036399505235305183,0.15384615384615385,0.010256410256410256,0.0017094017094017094,0.0,2.1526586620926245,4.0,0.003418803418803419,0.13333333333333333,6.343589743589743,0.13527029279931996,0.7171115794403465,0.00824288980304018,3.466666666666667,0.6838106634665705,0.0444444444444444,0.1282051282051282,0.15,1.035692915902473,30,False,1588.0
3,sparse_sbm,sparse_sbm_2,2,25,294905112,2726703427,"[120, 253, 258, 272, 301, 323, 334, 336, 344, 348, 377, 392, 431, 461, 469]","[35, 577, 142, 540, 417, 453, 56, 505, 262, 515, 48, 81, 406, 456, 241]",600,15,0.8,,3,200,"[[0.02, 0.005, 0.01], [0.005, 0.02, 0.005], [0.01, 0.005, 0.02]]",,,,,6.6866666666666665,0.37771671583851035,0.9966666666666667,0.14333333333333334,6.533333333333333,0.001648575875188243,0.0051272469858954514,0.15384615384615385,0.010256410256410256,0.0,0.0,2.1578044596912522,4.0,0.003418803418803419,0.12478632478632479,6.1008547008547005,0.1345571279287479,0.7172286617492097,0.004668902526045383,3.6666666666666665,0.8450033852523753,0.0427350427350427,0.1863247863247863,0.2066666666666666,1.0988013750175014,30,False,1632.0
3,sparse_sbm,sparse_sbm_2,2,26,294905112,1066220820,"[19, 37, 64, 70, 88, 89, 138, 173, 205, 235, 416, 568, 573, 577, 593]","[184, 263, 561, 484, 7, 183, 131, 374, 366, 385, 462, 268, 109, 10, 190]",600,15,0.8,,3,200,"[[0.02, 0.005, 0.01], [0.005, 0.02, 0.005], [0.01, 0.005, 0.02]]",,,,,6.6866666666666665,0.37771671583851035,0.9966666666666667,0.14333333333333334,7.066666666666666,0.0017571601321194057,0.0041764046412395735,0.1675213675213675,0.013675213675213675,0.0,0.0,2.1166380789022297,4.0,0.003418803418803419,0.12136752136752137,6.256410256410256,0.14659831800031176,0.6942629668657065,0.005607697624504347,3.6,0.7773665517830001,0.0683760683760683,0.9965811965811966,0.9966666666666668,1.106219541048631,30,False,3222.0
3,sparse_sbm,sparse_sbm_2,2,27,294905112,2635821064,"[25, 63, 94, 219, 265, 342, 360, 402, 466, 483, 491, 530, 544, 562, 564]","[491, 220, 554, 280, 389, 93, 583, 308, 255, 59, 592, 113, 502, 315, 329]",600,15,0.8,,3,200,"[[0.02, 0.005, 0.01], [0.005, 0.02, 0.005], [0.01, 0.005, 0.02]]",,,,,6.6866666666666665,0.37771671583851035,0.9966666666666667,0.14333333333333334,6.333333333333333,0.0015903566321389029,0.004372358772936405,0.1452991452991453,0.010256410256410256,0.003418803418803419,0.0,2.2157534246575343,4.0,0.0017094017094017094,0.12307692307692308,5.863247863247863,0.12750203552951456,0.7316473480857042,0.007523564981548176,3.4395604395604398,0.7533720032541101,0.0564102564102564,0.1794871794871795,0.2,0.9996897079981863,30,False,1620.0
3,sparse_sbm,sparse_sbm_2,2,28,294905112,4241467281,"[2, 21, 65, 170, 231, 236, 253, 257, 278, 323, 408, 427, 491, 537, 563]","[512, 422, 157, 572, 336, 467, 577, 182, 522, 453, 302, 63, 592, 267, 563]",600,15,0.8,,3,200,"[[0.02, 0.005, 0.01], [0.005, 0.02, 0.005], [0.01, 0.005, 0.02]]",,,,,6.6866666666666665,0.37771671583851035,0.9966666666666667,0.14333333333333334,7.0,0.0017391324265215021,0.005412531053199161,0.15897435897435896,0.018803418803418803,0.0017094017094017094,0.0,2.1149228130360207,3.0,0.003418803418803419,0.15726495726495726,6.319658119658119,0.14260386185164278,0.7083479686219413,0.009074527246796154,3.5428571428571427,0.7773665517830001,0.0649572649572649,0.9948717948717948,0.995,0.9450292499968782,30,False,3222.0
3,sparse_sbm,sparse_sbm_2,2,29,294905112,3191281033,"[45, 142, 143, 147, 215, 268, 363, 375, 379, 382, 399, 406, 557, 583, 591]","[451, 246, 95, 440, 494, 350, 536, 365, 123, 307, 153, 265, 396, 305, 506]",600,15,0.8,,3,200,"[[0.02, 0.005, 0.01], [0.005, 0.02, 0.005], [0.01, 0.005, 0.02]]",,,,,6.6866666666666665,0.37771671583851035,0.9966666666666667,0.14333333333333334,6.133333333333334,0.0015582158156352487,0.0036189999064523584,0.13675213675213677,0.015384615384615385,0.0017094017094017094,0.0,2.228130360205832,4.0,0.003418803418803419,0.1094017094017094,5.705982905982906,0.1253945266022937,0.7459021191897904,0.009567416710273852,3.619047619047619,0.7533720032541101,0.0512820512820512,0.229059829059829,0.2483333333333333,1.0523980829166248,30,False,1648.0
3,sparse_sbm,sparse_sbm_2,2,30,294905112,3021950149,"[14, 38, 52, 136, 163, 212, 249, 287, 337, 351, 357, 439, 485, 499, 529]","[427, 470, 311, 391, 490, 516, 575, 195, 403, 429, 122, 424, 80, 198, 327]",600,15,0.8,,3,200,"[[0.02, 0.005, 0.01], [0.005, 0.02, 0.005], [0.01, 0.005, 0.02]]",,,,,6.6866666666666665,0.37771671583851035,0.9966666666666667,0.14333333333333334,6.666666666666667,0.00166795268668082,0.0049603090041548835,0.15555555555555556,0.011965811965811967,0.003418803418803419,0.0,2.1663807890222984,4.0,0.003418803418803419,0.13333333333333333,6.1350427350427355,0.13712651493085043,0.7142020840650978,0.006768707482993196,3.5714285714285716,0.6735571683977463,0.0581196581196581,0.9965811965811966,0.9966666666666668,0.9849624169291928,30,False,3222.0
3,sparse_sbm,sparse_sbm_2,2,31,294905112,2431190387,"[121, 229, 279, 283, 288, 326, 344, 357, 360, 365, 429, 465, 489, 546, 579]","[98, 426, 351, 208, 188, 201, 262, 122, 583, 65, 368, 212, 479, 115, 342]",600,15,0.8,,3,200,"[[0.02, 0.005, 0.01], [0.005, 0.02, 0.005], [0.01, 0.005, 0.02]]",,,,,6.6866666666666665,0.37771671583851035,0.9966666666666667,0.14333333333333334,6.133333333333334,0.0015576043064228465,0.0037137802364382694,0.14017094017094017,0.011965811965811967,0.0017094017094017094,0.0,2.236706689536878,4.0,0.003418803418803419,0.1282051282051282,5.683760683760684,0.1265075353889848,0.7401416695937244,0.008153235653235653,3.5238095238095237,0.7120991452401313,0.0547008547008547,0.2974358974358974,0.315,0.9791048329789191,30,False,1752.0
3,sparse_sbm,sparse_sbm_2,2,32,294905112,2716724741,"[40, 187, 194, 251, 255, 267, 299, 346, 353, 381, 403, 422, 429, 523, 558]","[217, 140, 44, 273, 376, 175, 46, 152, 304, 207, 277, 125, 368, 132, 584]",600,15,0.8,,3,200,"[[0.02, 0.005, 0.01], [0.005, 0.02, 0.005], [0.01, 0.005, 0.02]]",,,,,6.6866666666666665,0.37771671583851035,0.9966666666666667,0.14333333333333334,6.466666666666667,0.0016273324454459711,0.00471493889071479,0.14871794871794872,0.008547008547008548,0.0017094017094017094,0.0,2.1801029159519727,4.0,0.003418803418803419,0.1282051282051282,6.1863247863247866,0.13087656522930732,0.7257463997190025,0.005645677074248503,3.5047619047619047,0.7773665517830001,0.0461538461538461,0.2752136752136752,0.2933333333333333,0.96353349997662,30,False,1704.0
3,sparse_sbm,sparse_sbm_2,2,33,294905112,2547152569,"[116, 134, 209, 218, 264, 284, 430, 433, 447, 462, 467, 468, 532, 582, 596]","[148, 469, 503, 45, 260, 343, 275, 209, 431, 498, 222, 168, 104, 449, 553]",600,15,0.8,,3,200,"[[0.02, 0.005, 0.01], [0.005, 0.02, 0.005], [0.01, 0.005, 0.02]]",,,,,6.6866666666666665,0.37771671583851035,0.9966666666666667,0.14333333333333334,6.333333333333333,0.001601351090937878,0.004455488175908468,0.14871794871794872,0.010256410256410256,0.0,0.0,2.1612349914236706,4.0,0.003418803418803419,0.1076923076923077,5.866666666666666,0.13109382910750253,0.7258517737969793,0.004522263450834879,3.6857142857142855,0.6983580917800656,0.0461538461538461,0.1213675213675213,0.1433333333333333,0.9711680829059331,30,False,1586.0
3,sparse_sbm,sparse_sbm_2,2,34,294905112,3340559442,"[106, 143, 154, 188, 199, 222, 275, 301, 304, 436, 440, 466, 499, 584, 599]","[532, 95, 598, 91, 238, 210, 15, 417, 388, 535, 133, 255, 198, 62, 55]",600,15,0.8,,3,200,"[[0.02, 0.005, 0.01], [0.005, 0.02, 0.005], [0.01, 0.005, 0.02]]",,,,,6.6866666666666665,0.37771671583851035,0.9966666666666667,0.14333333333333334,5.8,0.0014863892257313447,0.0035183582916581226,0.14017094017094017,0.008547008547008548,0.0,0.0,2.224699828473413,4.0,0.003418803418803419,0.10598290598290598,5.5606837606837605,0.12510672185431992,0.7402119189790423,0.003571498529481723,3.704761904761905,0.7773665517830002,0.0581196581196581,0.1829059829059829,0.2033333333333333,0.966467957943678,30,False,1634.0
3,sparse_sbm,sparse_sbm_2,2,35,294905112,2249347293,"[30, 64, 99, 181, 193, 253, 272, 344, 378, 463, 506, 514, 566, 569, 598]","[100, 561, 221, 590, 372, 577, 540, 262, 319, 527, 452, 169, 185, 3, 352]",600,15,0.8,,3,200,"[[0.02, 0.005, 0.01], [0.005, 0.02, 0.005], [0.01, 0.005, 0.02]]",,,,,6.6866666666666665,0.37771671583851035,0.9966666666666667,0.14333333333333334,6.8,0.0016990389885803644,0.004500106871005226,0.147008547008547,0.010256410256410256,0.0,0.0,2.159519725557461,4.0,0.003418803418803419,0.1452991452991453,6.512820512820513,0.13135694082299404,0.7285212504390587,0.004046226677805625,3.4095238095238094,0.637746072726955,0.07008547008547,0.9948717948717948,0.995,0.9200388330500572,30,False,3222.0
3,sparse_sbm,sparse_sbm_2,2,36,294905112,2589854906,"[34, 82, 93, 96, 135, 153, 173, 211, 242, 257, 317, 326, 451, 554, 598]","[261, 412, 54, 303, 12, 5, 374, 145, 57, 182, 349, 201, 25, 571, 352]",600,15,0.8,,3,200,"[[0.02, 0.005, 0.01], [0.005, 0.02, 0.005], [0.01, 0.005, 0.02]]",,,,,6.6866666666666665,0.37771671583851035,0.9966666666666667,0.14333333333333334,7.066666666666666,0.0017734530580854975,0.004235478914459824,0.16923076923076924,0.008547008547008548,0.0,0.0,2.142367066895369,4.0,0.003418803418803419,0.14188034188034188,6.1179487179487175,0.14517626471649744,0.6916403231471725,0.003773307302719067,3.5714285714285716,0.7773665517830002,0.0461538461538461,0.1692307692307692,0.19,0.9820664580911398,30,False,1636.0
3,sparse_sbm,sparse_sbm_2,2,37,294905112,263149802,"[30, 88, 99, 105, 169, 183, 192, 227, 229, 279, 285, 304, 308, 356, 562]","[100, 7, 221, 226, 279, 380, 333, 559, 426, 351, 290, 388, 410, 32, 315]",600,15,0.8,,3,200,"[[0.02, 0.005, 0.01], [0.005, 0.02, 0.005], [0.01, 0.005, 0.02]]",,,,,6.6866666666666665,0.37771671583851035,0.9966666666666667,0.14333333333333334,8.733333333333333,0.002115974226617782,0.0075437770055331406,0.19829059829059828,0.018803418803418803,0.003418803418803419,0.0,2.0360205831903944,4.0,0.003418803418803419,0.21196581196581196,7.492307692307692,0.1692351396817234,0.6446083596768528,0.008669623317047504,3.276190476190476,0.6212741380952955,0.0683760683760683,0.9948717948717948,0.995,0.5870354999788105,18,True,3222.0
3,sparse_sbm,sparse_sbm_2,2,38,294905112,3513525522,"[54, 82, 121, 209, 245, 246, 259, 287, 313, 364, 412, 416, 461, 520, 594]","[150, 412, 98, 503, 78, 441, 551, 195, 375, 524, 97, 462, 456, 264, 415]",600,15,0.8,,3,200,"[[0.02, 0.005, 0.01], [0.005, 0.02, 0.005], [0.01, 0.005, 0.02]]",,,,,6.6866666666666665,0.37771671583851035,0.9966666666666667,0.14333333333333334,6.533333333333333,0.00165796498239824,0.0036639606569199763,0.14871794871794872,0.015384615384615385,0.0,0.0,2.204116638078902,4.0,0.003418803418803419,0.13162393162393163,6.066666666666666,0.13359480052755035,0.7256702962182414,0.006516490045901811,3.5238095238095237,0.7824668598811004,0.0598290598290598,0.4735042735042735,0.4866666666666667,0.9711677921004592,30,False,1898.0
3,sparse_sbm,sparse_sbm_2,2,39,294905112,2643749114,"[86, 197, 229, 237, 238, 253, 270, 300, 310, 359, 371, 395, 432, 447, 509]","[26, 444, 426, 30, 51, 577, 149, 419, 203, 250, 281, 189, 23, 431, 483]",600,15,0.8,,3,200,"[[0.02, 0.005, 0.01], [0.005, 0.02, 0.005], [0.01, 0.005, 0.02]]",,,,,6.6866666666666665,0.37771671583851035,0.9966666666666667,0.14333333333333334,6.6,0.0016533655852128133,0.003672031273002538,0.14358974358974358,0.015384615384615385,0.003418803418803419,0.0,2.216123499142367,4.0,0.003418803418803419,0.1264957264957265,6.006837606837607,0.13007366403347165,0.7342641376887952,0.010498628355771212,3.447619047619048,0.7773665517830001,0.0547008547008547,0.1863247863247863,0.2066666666666666,0.9695040420629084,30,False,1656.0
3,sparse_sbm,sparse_sbm_2,2,40,294905112,186926153,"[4, 16, 23, 71, 83, 88, 97, 202, 248, 304, 362, 404, 439, 458, 591]","[357, 401, 345, 232, 297, 7, 204, 17, 580, 388, 500, 84, 424, 243, 506]",600,15,0.8,,3,200,"[[0.02, 0.005, 0.01], [0.005, 0.02, 0.005], [0.01, 0.005, 0.02]]",,,,,6.6866666666666665,0.37771671583851035,0.9966666666666667,0.14333333333333334,7.466666666666667,0.0018253051555373037,0.00568064862700674,0.1829059829059829,0.008547008547008548,0.0,0.0,2.077186963979417,4.0,0.003418803418803419,0.17264957264957265,6.788034188034188,0.15430213186062827,0.6693946844631776,0.0036709983138554564,3.4952380952380953,0.8595508135658704,0.0529914529914529,1.0,1.0,0.9680000829976052,30,False,3222.0
3,sparse_sbm,sparse_sbm_2,2,41,294905112,1650163169,"[2, 15, 70, 72, 80, 114, 141, 208, 231, 270, 318, 338, 444, 453, 560]","[512, 378, 484, 103, 118, 432, 161, 442, 336, 149, 259, 187, 180, 499, 301]",600,15,0.8,,3,200,"[[0.02, 0.005, 0.01], [0.005, 0.02, 0.005], [0.01, 0.005, 0.02]]",,,,,6.6866666666666665,0.37771671583851035,0.9966666666666667,0.14333333333333334,7.133333333333334,0.0018053534038404814,0.004150099975992196,0.1623931623931624,0.010256410256410256,0.0,0.0,2.1406518010291595,4.0,0.003418803418803419,0.15897435897435896,6.1982905982905985,0.14101253545161302,0.7028977871443625,0.004567614924757782,3.4761904761904763,0.7439248830387154,0.0632478632478632,0.9931623931623932,0.9933333333333332,0.9736621249467134,30,False,3222.0
3,sparse_sbm,sparse_sbm_2,2,42,294905112,1262131675,"[21, 78, 99, 111, 142, 182, 211, 212, 316, 318, 410, 413, 503, 516, 556]","[422, 13, 221, 497, 246, 566, 145, 516, 235, 259, 599, 219, 504, 239, 29]",600,15,0.8,,3,200,"[[0.02, 0.005, 0.01], [0.005, 0.02, 0.005], [0.01, 0.005, 0.02]]",,,,,6.6866666666666665,0.37771671583851035,0.9966666666666667,0.14333333333333334,7.2,0.0018038985982592078,0.005321660288914896,0.1675213675213675,0.010256410256410256,0.0,0.0,2.1355060034305318,4.0,0.003418803418803419,0.14358974358974358,6.023931623931624,0.14319905797929766,0.694725441985716,0.0041512928588674225,3.6,0.7148300264117252,0.0427350427350427,0.1777777777777777,0.1983333333333333,1.0041126660071311,30,False,1638.0
3,sparse_sbm,sparse_sbm_2,2,43,294905112,763476026,"[59, 64, 169, 216, 223, 322, 391, 426, 452, 535, 543, 548, 559, 581, 585]","[529, 561, 279, 291, 501, 338, 61, 383, 292, 348, 41, 139, 489, 450, 521]",600,15,0.8,,3,200,"[[0.02, 0.005, 0.01], [0.005, 0.02, 0.005], [0.01, 0.005, 0.02]]",,,,,6.6866666666666665,0.37771671583851035,0.9966666666666667,0.14333333333333334,6.466666666666667,0.0016328387301721456,0.0029646381264636086,0.15384615384615385,0.008547008547008548,0.0,0.0,2.174957118353345,4.0,0.003418803418803419,0.11452991452991453,5.803418803418803,0.13459126158325768,0.7171408500175623,0.0038146113146113143,3.619047619047619,0.8064614084099904,0.0461538461538461,0.1452991452991453,0.1666666666666666,0.9880482499720528,30,False,1584.0
3,sparse_sbm,sparse_sbm_2,2,44,294905112,2435552398,"[72, 109, 157, 205, 207, 225, 336, 374, 442, 500, 514, 529, 569, 572, 582]","[103, 285, 172, 366, 570, 38, 505, 428, 541, 364, 169, 327, 3, 170, 449]",600,15,0.8,,3,200,"[[0.02, 0.005, 0.01], [0.005, 0.02, 0.005], [0.01, 0.005, 0.02]]",,,,,6.6866666666666665,0.37771671583851035,0.9966666666666667,0.14333333333333334,7.0,0.0017557261846073053,0.004810287448371153,0.1658119658119658,0.013675213675213675,0.0,0.0,2.109777015437393,4.0,0.003418803418803419,0.13162393162393163,6.45982905982906,0.14587995852852761,0.6970670881629786,0.005404110362093557,3.5619047619047617,0.7679194315676053,0.0632478632478632,0.9965811965811966,0.9966666666666668,0.9553214160259812,30,False,3222.0
3,sparse_sbm,sparse_sbm_2,2,45,294905112,2713037000,"[25, 31, 35, 178, 202, 207, 255, 321, 335, 417, 419, 430, 455, 502, 550]","[491, 487, 40, 518, 17, 570, 376, 31, 251, 224, 294, 275, 225, 346, 331]",600,15,0.8,,3,200,"[[0.02, 0.005, 0.01], [0.005, 0.02, 0.005], [0.01, 0.005, 0.02]]",,,,,6.6866666666666665,0.37771671583851035,0.9966666666666667,0.14333333333333334,6.466666666666667,0.001619448059027994,0.004169271193023887,0.15213675213675212,0.011965811965811967,0.0017094017094017094,0.0,2.183533447684391,4.0,0.003418803418803419,0.12991452991452992,6.051282051282051,0.13573192153630556,0.7198395972368575,0.006738037095179951,3.6476190476190475,0.7899894737783308,0.0581196581196581,0.9931623931623932,0.9933333333333332,0.965278249932453,30,False,3222.0
3,sparse_sbm,sparse_sbm_2,2,46,294905112,1941424872,"[3, 14, 25, 74, 158, 189, 225, 235, 237, 315, 353, 433, 461, 474, 570]","[321, 427, 491, 433, 74, 589, 38, 385, 30, 22, 304, 209, 456, 555, 42]",600,15,0.8,,3,200,"[[0.02, 0.005, 0.01], [0.005, 0.02, 0.005], [0.01, 0.005, 0.02]]",,,,,6.6866666666666665,0.37771671583851035,0.9966666666666667,0.14333333333333334,7.2,0.001764721489885196,0.005310876416924774,0.17264957264957265,0.011965811965811967,0.0,0.0,2.1080617495711835,4.0,0.003418803418803419,0.19829059829059828,6.774358974358974,0.14869535262701747,0.6860086640908559,0.005133004823407301,3.466666666666667,0.7679194315676053,0.0649572649572649,0.9931623931623932,0.9933333333333332,0.9695788340177388,30,False,3222.0
3,sparse_sbm,sparse_sbm_2,2,47,294905112,2854394141,"[5, 198, 202, 256, 326, 338, 341, 356, 360, 422, 486, 497, 560, 578, 584]","[576, 218, 17, 523, 201, 187, 435, 32, 583, 125, 578, 16, 301, 542, 62]",600,15,0.8,,3,200,"[[0.02, 0.005, 0.01], [0.005, 0.02, 0.005], [0.01, 0.005, 0.02]]",,,,,6.6866666666666665,0.37771671583851035,0.9966666666666667,0.14333333333333334,7.4,0.001841184574960545,0.005263149485209498,0.17435897435897435,0.013675213675213675,0.0017094017094017094,0.0,2.1080617495711835,4.0,0.003418803418803419,0.14871794871794872,6.487179487179487,0.15143277895135976,0.6830757522538344,0.006771239759961565,3.447619047619048,0.7148300264117251,0.0615384615384615,0.9931623931623932,0.9933333333333332,0.9386092920321972,30,False,3222.0
3,sparse_sbm,sparse_sbm_2,2,48,294905112,3287501163,"[8, 59, 124, 154, 166, 169, 220, 264, 280, 347, 438, 506, 508, 553, 560]","[526, 529, 360, 598, 211, 279, 586, 260, 18, 214, 534, 452, 11, 165, 301]",600,15,0.8,,3,200,"[[0.02, 0.005, 0.01], [0.005, 0.02, 0.005], [0.01, 0.005, 0.02]]",,,,,6.6866666666666665,0.37771671583851035,0.9966666666666667,0.14333333333333334,6.2,0.0015697053701659532,0.0028439433861206873,0.1452991452991453,0.010256410256410256,0.0,0.0,2.202401372212693,4.0,0.003418803418803419,0.12478632478632479,5.724786324786325,0.1294708925668578,0.7314248916988643,0.00488992488992489,3.638095238095238,0.7773665517830001,0.0529914529914529,0.135042735042735,0.1566666666666666,0.9797781670931728,30,False,1570.0
3,sparse_sbm,sparse_sbm_2,2,49,294905112,240766958,"[77, 161, 209, 212, 344, 349, 366, 373, 435, 438, 467, 471, 485, 507, 556]","[400, 9, 503, 516, 262, 341, 539, 355, 284, 534, 222, 171, 80, 298, 29]",600,15,0.8,,3,200,"[[0.02, 0.005, 0.01], [0.005, 0.02, 0.005], [0.01, 0.005, 0.02]]",,,,,6.6866666666666665,0.37771671583851035,0.9966666666666667,0.14333333333333334,5.266666666666667,0.0013636468668766688,0.0025096257622566893,0.12478632478632479,0.006837606837606838,0.0,0.0,2.234991423670669,4.0,0.003418803418803419,0.10598290598290598,5.584615384615384,0.11223206396057145,0.7667427701674278,0.004629629629629629,3.723809523809524,0.7439248830387154,0.0581196581196581,0.9931623931623932,0.9933333333333332,0.8527450419496745,26,True,3222.0
3,sparse_sbm,sparse_sbm_3,3,0,1654974803,3235622411,"[12, 82, 183, 245, 263, 283, 286, 363, 372, 380, 385, 411, 435, 473, 543]","[7, 313, 347, 71, 308, 404, 587, 501, 260, 167, 330, 557, 574, 62, 46]",600,15,0.8,,3,200,"[[0.02, 0.005, 0.01], [0.005, 0.02, 0.005], [0.01, 0.005, 0.02]]",,,,,6.661666666666667,0.3892477963246671,0.9983333333333333,0.21,5.933333333333334,0.0015006078028766729,0.0032973021473606885,0.1264957264957265,0.015384615384615385,0.0,0.0,2.25982905982906,4.0,0.0,0.13846153846153847,5.770940170940171,0.11830199776084557,0.7635581313663505,0.008322682608396895,3.5428571428571427,0.8595508135658706,0.0376068376068376,0.1179487179487179,0.14,1.0347374170087278,30,False,1584.0
3,sparse_sbm,sparse_sbm_3,3,1,1654974803,2736969852,"[80, 118, 127, 131, 164, 226, 309, 313, 369, 387, 392, 438, 463, 474, 571]","[529, 519, 17, 453, 282, 588, 447, 242, 217, 564, 64, 264, 524, 210, 94]",600,15,0.8,,3,200,"[[0.02, 0.005, 0.01], [0.005, 0.02, 0.005], [0.01, 0.005, 0.02]]",,,,,6.661666666666667,0.3892477963246671,0.9983333333333333,0.21,6.866666666666666,0.001682819501385026,0.00479350662932387,0.1606837606837607,0.013675213675213675,0.0017094017094017094,0.0,2.128205128205128,4.0,0.0,0.15384615384615385,6.54017094017094,0.1406363030961815,0.7057253249034071,0.007428425915820873,3.5142857142857142,0.8159085286253851,0.0444444444444444,0.9863247863247864,0.9866666666666668,0.985748582985252,30,False,3188.0
3,sparse_sbm,sparse_sbm_3,3,2,1654974803,3985979052,"[16, 65, 83, 107, 171, 209, 233, 238, 312, 366, 375, 396, 506, 542, 596]","[299, 220, 173, 384, 410, 131, 374, 391, 273, 293, 143, 505, 365, 570, 495]",600,15,0.8,,3,200,"[[0.02, 0.005, 0.01], [0.005, 0.02, 0.005], [0.01, 0.005, 0.02]]",,,,,6.661666666666667,0.3892477963246671,0.9983333333333333,0.21,8.133333333333333,0.001931235991631035,0.005166950226024291,0.1794871794871795,0.011965811965811967,0.003418803418803419,0.0,2.0632478632478635,4.0,0.0,0.20854700854700856,7.37948717948718,0.15280578923537325,0.6749502400187332,0.00800261643118786,3.3047619047619046,0.8595508135658706,0.0529914529914529,0.3418803418803419,0.3583333333333333,1.013570624985732,30,False,1762.0
3,sparse_sbm,sparse_sbm_3,3,3,1654974803,3662053666,"[19, 24, 45, 85, 130, 150, 187, 193, 224, 286, 306, 445, 505, 584, 590]","[114, 326, 585, 269, 215, 582, 20, 491, 307, 587, 583, 30, 12, 135, 589]",600,15,0.8,,3,200,"[[0.02, 0.005, 0.01], [0.005, 0.02, 0.005], [0.01, 0.005, 0.02]]",,,,,6.661666666666667,0.3892477963246671,0.9983333333333333,0.21,6.2,0.0015608949997270131,0.003499097552294886,0.15042735042735042,0.008547008547008548,0.0,0.0,2.164102564102564,4.0,0.0,0.08717948717948718,5.878632478632479,0.13195420147602652,0.7228895913827421,0.0031343063541205956,3.780952380952381,0.6818861571484061,0.0512820512820512,0.0905982905982906,0.1133333333333333,1.014803583966568,30,False,1558.0
3,sparse_sbm,sparse_sbm_3,3,4,1654974803,1318530729,"[32, 40, 184, 207, 215, 240, 250, 252, 261, 290, 296, 299, 304, 349, 441]","[479, 346, 402, 2, 207, 451, 396, 533, 438, 142, 525, 516, 325, 548, 285]",600,15,0.8,,3,200,"[[0.02, 0.005, 0.01], [0.005, 0.02, 0.005], [0.01, 0.005, 0.02]]",,,,,6.661666666666667,0.3892477963246671,0.9983333333333333,0.21,6.4,0.0016074067947963652,0.005405613770097264,0.147008547008547,0.013675213675213675,0.0,0.0,2.2051282051282053,4.0,0.0,0.13162393162393163,6.205128205128205,0.13052711776961826,0.7286676033251376,0.008113553113553114,3.4952380952380953,0.6350151915553612,0.0478632478632478,0.3829059829059829,0.3983333333333333,1.007924334029667,30,False,1798.0
3,sparse_sbm,sparse_sbm_3,3,5,1654974803,13288504,"[26, 93, 184, 288, 401, 404, 426, 437, 442, 476, 493, 519, 535, 573, 596]","[251, 205, 402, 89, 318, 571, 490, 380, 192, 129, 113, 454, 244, 369, 495]",600,15,0.8,,3,200,"[[0.02, 0.005, 0.01], [0.005, 0.02, 0.005], [0.01, 0.005, 0.02]]",,,,,6.661666666666667,0.3892477963246671,0.9983333333333333,0.21,8.466666666666667,0.002002251620383997,0.006898553338080018,0.18461538461538463,0.023931623931623933,0.0017094017094017094,0.0,2.0683760683760686,4.0,0.0,0.22393162393162394,7.632478632478633,0.1631493763867173,0.6662158997775436,0.010282092866270702,3.238095238095238,0.6350151915553612,0.0598290598290598,1.0,1.0,0.5218573750462383,15,True,3214.0
3,sparse_sbm,sparse_sbm_3,3,6,1654974803,2459609026,"[3, 119, 132, 237, 239, 254, 312, 326, 342, 385, 414, 447, 477, 487, 529]","[149, 11, 283, 394, 231, 444, 273, 224, 460, 330, 214, 145, 61, 52, 569]",600,15,0.8,,3,200,"[[0.02, 0.005, 0.01], [0.005, 0.02, 0.005], [0.01, 0.005, 0.02]]",,,,,6.661666666666667,0.3892477963246671,0.9983333333333333,0.21,7.866666666666666,0.0018895300389634188,0.006131055555004906,0.17264957264957265,0.022222222222222223,0.003418803418803419,0.0,2.0974358974358975,4.0,0.0,0.18632478632478633,7.094017094017094,0.1538617348098494,0.6856808336260392,0.009554535264398156,3.323809523809524,0.5315672624151946,0.0683760683760683,1.0,1.0,0.5366902078967541,16,True,3214.0
3,sparse_sbm,sparse_sbm_3,3,7,1654974803,1712279012,"[5, 9, 111, 179, 184, 218, 308, 337, 369, 464, 490, 553, 563, 593, 598]","[492, 125, 435, 161, 402, 507, 565, 153, 217, 95, 177, 568, 578, 232, 400]",600,15,0.8,,3,200,"[[0.02, 0.005, 0.01], [0.005, 0.02, 0.005], [0.01, 0.005, 0.02]]",,,,,6.661666666666667,0.3892477963246671,0.9983333333333333,0.21,6.666666666666667,0.0016312798510490162,0.00479649848923771,0.15042735042735042,0.010256410256410256,0.0,0.0,2.181196581196581,4.0,0.0,0.14017094017094017,6.124786324786324,0.12985098206746307,0.7232818171174336,0.004446505875077303,3.5619047619047617,0.8304559569388802,0.0495726495726495,0.1299145299145299,0.1516666666666666,1.0311314999125898,30,False,1566.0
3,sparse_sbm,sparse_sbm_3,3,8,1654974803,1623015180,"[35, 51, 108, 162, 266, 351, 380, 388, 409, 410, 473, 492, 493, 522, 554]","[345, 175, 397, 245, 36, 203, 167, 446, 342, 259, 62, 310, 113, 440, 336]",600,15,0.8,,3,200,"[[0.02, 0.005, 0.01], [0.005, 0.02, 0.005], [0.01, 0.005, 0.02]]",,,,,6.661666666666667,0.3892477963246671,0.9983333333333333,0.21,6.266666666666667,0.0015701244372722664,0.004125392067728406,0.1452991452991453,0.011965811965811967,0.0,0.0,2.206837606837607,4.0,0.0,0.10085470085470086,5.8017094017094015,0.12847613332585175,0.7316473480857042,0.006887517244660103,3.6952380952380954,0.8210088367234855,0.041025641025641,0.1111111111111111,0.1333333333333333,1.0119357079965994,30,False,1566.0
3,sparse_sbm,sparse_sbm_3,3,9,1654974803,2097238359,"[117, 118, 124, 189, 234, 236, 254, 266, 275, 288, 379, 402, 411, 418, 488]","[105, 519, 592, 280, 190, 294, 444, 36, 466, 89, 101, 58, 557, 311, 580]",600,15,0.8,,3,200,"[[0.02, 0.005, 0.01], [0.005, 0.02, 0.005], [0.01, 0.005, 0.02]]",,,,,6.661666666666667,0.3892477963246671,0.9983333333333333,0.21,6.666666666666667,0.0016526467959207046,0.004012840412269471,0.15897435897435896,0.011965811965811967,0.0,0.0,2.12991452991453,4.0,0.0,0.1264957264957265,6.476923076923077,0.1400323787852903,0.7084826132771338,0.005407925407925408,3.580952380952381,0.8064614084099904,0.0649572649572649,0.9965811965811966,0.9966666666666668,0.6163970829220489,18,True,3210.0
3,sparse_sbm,sparse_sbm_3,3,10,1654974803,188080721,"[73, 126, 129, 139, 214, 373, 387, 413, 451, 464, 496, 527, 538, 584, 592]","[488, 598, 373, 181, 452, 432, 564, 298, 74, 95, 219, 195, 42, 135, 257]",600,15,0.8,,3,200,"[[0.02, 0.005, 0.01], [0.005, 0.02, 0.005], [0.01, 0.005, 0.02]]",,,,,6.661666666666667,0.3892477963246671,0.9983333333333333,0.21,5.8,0.00146315648298645,0.002209377782158943,0.13333333333333333,0.011965811965811967,0.0,0.0,2.2854700854700853,5.0,0.0,0.11282051282051282,5.7384615384615385,0.12157399622226937,0.7518381922491512,0.005974237402808832,3.7142857142857144,0.7514474969359458,0.0478632478632478,0.252991452991453,0.2716666666666666,1.0764573330525309,30,False,1654.0
3,sparse_sbm,sparse_sbm_3,3,11,1654974803,895875375,"[60, 71, 98, 134, 161, 175, 230, 236, 401, 416, 464, 483, 502, 534, 587]","[290, 552, 559, 112, 212, 85, 258, 294, 318, 289, 95, 287, 187, 406, 93]",600,15,0.8,,3,200,"[[0.02, 0.005, 0.01], [0.005, 0.02, 0.005], [0.01, 0.005, 0.02]]",,,,,6.661666666666667,0.3892477963246671,0.9983333333333333,0.21,6.0,0.0014922909497867315,0.00391527565600051,0.12991452991452992,0.013675213675213675,0.0,0.0,2.229059829059829,4.0,0.0,0.13846153846153847,6.027350427350427,0.11948485091186772,0.7577391406158529,0.006080057508628938,3.657142857142857,0.7533720032541101,0.0444444444444444,0.1162393162393162,0.1383333333333333,1.0105894579319283,30,False,1586.0
3,sparse_sbm,sparse_sbm_3,3,12,1654974803,3266701956,"[15, 34, 49, 53, 82, 193, 266, 338, 350, 361, 387, 439, 452, 466, 599]","[41, 420, 457, 408, 313, 491, 36, 319, 33, 539, 564, 528, 363, 57, 292]",600,15,0.8,,3,200,"[[0.02, 0.005, 0.01], [0.005, 0.02, 0.005], [0.01, 0.005, 0.02]]",,,,,6.661666666666667,0.3892477963246671,0.9983333333333333,0.21,8.133333333333333,0.001983532564288866,0.006335386780066104,0.18803418803418803,0.013675213675213675,0.0,0.0,2.083760683760684,4.0,0.0,0.1811965811965812,6.781196581196581,0.15922133672588604,0.6611637981500995,0.004442883766192037,3.5428571428571427,0.8595508135658704,0.0564102564102564,1.0,1.0,1.007547082961537,30,False,3214.0
3,sparse_sbm,sparse_sbm_3,3,13,1654974803,530700118,"[82, 111, 158, 175, 272, 273, 312, 331, 365, 395, 407, 446, 474, 512, 527]","[313, 435, 223, 85, 494, 137, 273, 34, 464, 66, 21, 159, 210, 556, 195]",600,15,0.8,,3,200,"[[0.02, 0.005, 0.01], [0.005, 0.02, 0.005], [0.01, 0.005, 0.02]]",,,,,6.661666666666667,0.3892477963246671,0.9983333333333333,0.21,8.6,0.002041816742536845,0.007228967308869896,0.2,0.017094017094017096,0.003418803418803419,0.0,2.023931623931624,4.0,0.0,0.22735042735042735,7.456410256410257,0.16989361701132502,0.6419271748038872,0.00837471882599087,3.2666666666666666,0.5902547751501408,0.0444444444444444,0.9931623931623932,0.9933333333333332,0.98464641708415,30,False,3208.0
3,sparse_sbm,sparse_sbm_3,3,14,1654974803,3980711681,"[64, 140, 167, 198, 221, 288, 300, 311, 319, 374, 438, 446, 522, 556, 585]","[281, 127, 110, 372, 535, 89, 322, 47, 6, 295, 264, 159, 440, 3, 597]",600,15,0.8,,3,200,"[[0.02, 0.005, 0.01], [0.005, 0.02, 0.005], [0.01, 0.005, 0.02]]",,,,,6.661666666666667,0.3892477963246671,0.9983333333333333,0.21,6.333333333333333,0.001583575913868359,0.003722266331591358,0.15384615384615385,0.006837606837606838,0.0017094017094017094,0.0,2.1538461538461537,4.0,0.0,0.09743589743589744,5.993162393162393,0.13385090824991897,0.7171993911719939,0.005110488639900404,3.6095238095238096,0.9220873389371456,0.0495726495726495,0.2512820512820513,0.27,1.032481958041899,30,False,1632.0
3,sparse_sbm,sparse_sbm_3,3,15,1654974803,1568974895,"[9, 24, 42, 117, 147, 150, 183, 239, 337, 338, 381, 387, 508, 527, 564]","[125, 326, 246, 105, 218, 582, 347, 231, 153, 319, 193, 564, 124, 195, 35]",600,15,0.8,,3,200,"[[0.02, 0.005, 0.01], [0.005, 0.02, 0.005], [0.01, 0.005, 0.02]]",,,,,6.661666666666667,0.3892477963246671,0.9983333333333333,0.21,6.533333333333333,0.0016449942105155031,0.00382037539735939,0.15213675213675212,0.008547008547008548,0.0,0.0,2.1914529914529917,4.0,0.0,0.1094017094017094,5.982905982905983,0.13325027447455634,0.7200386371619248,0.004375835804407233,3.6952380952380954,0.7628191234695049,0.0444444444444444,0.0923076923076923,0.115,0.8430252500111237,25,True,1544.0
3,sparse_sbm,sparse_sbm_3,3,16,1654974803,1044763717,"[26, 65, 121, 125, 156, 192, 243, 281, 322, 336, 362, 417, 444, 515, 518]","[251, 220, 229, 188, 426, 50, 434, 579, 386, 537, 236, 249, 90, 178, 78]",600,15,0.8,,3,200,"[[0.02, 0.005, 0.01], [0.005, 0.02, 0.005], [0.01, 0.005, 0.02]]",,,,,6.661666666666667,0.3892477963246671,0.9983333333333333,0.21,6.333333333333333,0.001589899655505776,0.0037328879316246293,0.15384615384615385,0.008547008547008548,0.0,0.0,2.14017094017094,4.0,0.0,0.1282051282051282,6.08034188034188,0.1344387770691225,0.717164266479335,0.004101761916887967,3.704761904761905,0.8304559569388802,0.0529914529914529,0.3487179487179487,0.365,1.0109397920314225,30,False,1784.0
3,sparse_sbm,sparse_sbm_3,3,17,1654974803,2553474484,"[43, 50, 57, 98, 138, 152, 235, 303, 378, 389, 411, 448, 513, 524, 588]","[468, 73, 536, 559, 349, 267, 43, 522, 487, 304, 557, 332, 277, 476, 484]",600,15,0.8,,3,200,"[[0.02, 0.005, 0.01], [0.005, 0.02, 0.005], [0.01, 0.005, 0.02]]",,,,,6.661666666666667,0.3892477963246671,0.9983333333333333,0.21,6.333333333333333,0.001589698870943118,0.003786665982870529,0.14188034188034188,0.010256410256410256,0.0,0.0,2.1846153846153844,4.0,0.0,0.1264957264957265,6.193162393162393,0.12690324490830965,0.7373024236037935,0.005372175860897665,3.619047619047619,0.8159085286253851,0.0529914529914529,0.1504273504273504,0.1716666666666666,1.0136482920497656,30,False,1572.0
3,sparse_sbm,sparse_sbm_3,3,18,1654974803,3235237721,"[42, 93, 103, 116, 124, 138, 172, 238, 287, 333, 351, 374, 439, 527, 541]","[246, 205, 53, 194, 592, 349, 23, 391, 422, 152, 203, 295, 528, 195, 359]",600,15,0.8,,3,200,"[[0.02, 0.005, 0.01], [0.005, 0.02, 0.005], [0.01, 0.005, 0.02]]",,,,,6.661666666666667,0.3892477963246671,0.9983333333333333,0.21,7.8,0.0018820358604217334,0.005598622200235076,0.1829059829059829,0.015384615384615385,0.0017094017094017094,0.0,2.0495726495726494,4.0,0.0,0.1623931623931624,6.941880341880342,0.15783901345840146,0.6692190609998829,0.006361710553439877,3.4380952380952383,0.7293774547252202,0.0581196581196581,1.0,1.0,0.9031331250444056,27,True,3214.0
3,sparse_sbm,sparse_sbm_3,3,19,1654974803,584722500,"[22, 97, 173, 198, 204, 238, 252, 271, 342, 345, 380, 420, 437, 477, 560]","[198, 591, 211, 372, 297, 391, 533, 412, 460, 554, 167, 200, 380, 61, 48]",600,15,0.8,,3,200,"[[0.02, 0.005, 0.01], [0.005, 0.02, 0.005], [0.01, 0.005, 0.02]]",,,,,6.661666666666667,0.3892477963246671,0.9983333333333333,0.21,6.866666666666666,0.0016735688005016893,0.0047132072137052545,0.15726495726495726,0.015384615384615385,0.0,0.0,2.1384615384615384,4.0,0.0,0.1606837606837607,6.72991452991453,0.13973059309377187,0.7112808804589626,0.007237682951968666,3.5714285714285716,0.7002825980982299,0.0547008547008547,0.2478632478632478,0.2666666666666666,1.0134468750329688,30,False,1670.0
3,sparse_sbm,sparse_sbm_3,3,20,1654974803,1260998500,"[133, 138, 151, 211, 258, 264, 266, 299, 327, 473, 496, 504, 520, 563, 579]","[523, 349, 411, 575, 370, 156, 36, 516, 56, 62, 219, 317, 32, 578, 51]",600,15,0.8,,3,200,"[[0.02, 0.005, 0.01], [0.005, 0.02, 0.005], [0.01, 0.005, 0.02]]",,,,,6.661666666666667,0.3892477963246671,0.9983333333333333,0.21,7.066666666666666,0.0017406119610606813,0.00419615524853378,0.1658119658119658,0.010256410256410256,0.0017094017094017094,0.0,2.1384615384615384,4.0,0.0,0.12991452991452992,6.27008547008547,0.14337626320119756,0.6972427116262733,0.005519995877138735,3.5428571428571427,0.8304559569388802,0.0393162393162393,0.0957264957264957,0.1183333333333333,0.945695749949664,27,True,1566.0
3,sparse_sbm,sparse_sbm_3,3,21,1654974803,3136854121,"[75, 81, 196, 218, 289, 353, 400, 405, 408, 456, 473, 489, 539, 566, 574]","[595, 545, 133, 507, 448, 170, 108, 532, 353, 115, 62, 567, 302, 84, 15]",600,15,0.8,,3,200,"[[0.02, 0.005, 0.01], [0.005, 0.02, 0.005], [0.01, 0.005, 0.02]]",,,,,6.661666666666667,0.3892477963246671,0.9983333333333333,0.21,8.0,0.0019124044136565959,0.005922470861820035,0.1829059829059829,0.011965811965811967,0.0,0.0,2.0803418803418805,4.0,0.0,0.2205128205128205,7.230769230769231,0.15554191552359387,0.6693595597705186,0.00513088276246171,3.3333333333333335,0.6838106634665705,0.0581196581196581,1.0,1.0,0.7972985829692334,24,True,3214.0
3,sparse_sbm,sparse_sbm_3,3,22,1654974803,2766056285,"[16, 42, 93, 131, 139, 216, 266, 344, 351, 385, 405, 427, 459, 467, 586]","[299, 246, 205, 453, 181, 550, 36, 425, 203, 330, 532, 563, 296, 76, 546]",600,15,0.8,,3,200,"[[0.02, 0.005, 0.01], [0.005, 0.02, 0.005], [0.01, 0.005, 0.02]]",,,,,6.661666666666667,0.3892477963246671,0.9983333333333333,0.21,7.2,0.0017574742690104233,0.004726032293571977,0.17094017094017094,0.008547008547008548,0.0017094017094017094,0.0,2.071794871794872,4.0,0.0,0.1452991452991453,6.6,0.1464823906230045,0.6888479100807868,0.00497608600549777,3.4857142857142858,0.6048022034636359,0.0564102564102564,0.9965811965811966,0.9966666666666668,0.9855306670069696,30,False,3212.0
3,sparse_sbm,sparse_sbm_3,3,23,1654974803,22553479,"[13, 37, 76, 95, 132, 153, 210, 296, 396, 434, 447, 533, 559, 584, 585]","[272, 286, 584, 132, 283, 483, 594, 525, 505, 172, 145, 238, 104, 135, 597]",600,15,0.8,,3,200,"[[0.02, 0.005, 0.01], [0.005, 0.02, 0.005], [0.01, 0.005, 0.02]]",,,,,6.661666666666667,0.3892477963246671,0.9983333333333333,0.21,6.533333333333333,0.0016021559101152155,0.00331007547163759,0.15213675213675212,0.015384615384615385,0.0,0.0,2.1914529914529917,4.0,0.0,0.1658119658119658,6.62051282051282,0.13670003328089372,0.7197986184287554,0.00655590441304727,3.4857142857142858,0.7533720032541101,0.0529914529914529,1.0,1.0,0.550162292085588,16,True,3214.0
3,sparse_sbm,sparse_sbm_3,3,24,1654974803,1234546133,"[47, 58, 105, 166, 188, 265, 274, 306, 316, 453, 498, 505, 539, 545, 565]","[100, 206, 389, 168, 351, 377, 309, 583, 254, 202, 437, 12, 302, 471, 227]",600,15,0.8,,3,200,"[[0.02, 0.005, 0.01], [0.005, 0.02, 0.005], [0.01, 0.005, 0.02]]",,,,,6.661666666666667,0.3892477963246671,0.9983333333333333,0.21,6.6,0.0016464506259846088,0.004581677953758836,0.15384615384615385,0.015384615384615385,0.0,0.0,2.141880341880342,4.0,0.0,0.11623931623931624,6.061538461538461,0.13609479124730783,0.7171174335557897,0.007175165121870119,3.7523809523809524,0.7824668598811005,0.0632478632478632,1.0,1.0,0.6057248750003055,18,True,3214.0
3,sparse_sbm,sparse_sbm_3,3,25,1654974803,1321081814,"[3, 49, 51, 142, 148, 155, 156, 186, 237, 256, 267, 447, 521, 553, 592]","[149, 457, 175, 371, 417, 344, 426, 240, 394, 531, 237, 145, 413, 568, 257]",600,15,0.8,,3,200,"[[0.02, 0.005, 0.01], [0.005, 0.02, 0.005], [0.01, 0.005, 0.02]]",,,,,6.661666666666667,0.3892477963246671,0.9983333333333333,0.21,6.933333333333334,0.0016885882569018706,0.004942742448288414,0.16923076923076924,0.008547008547008548,0.0,0.0,2.1076923076923078,5.0,0.0,0.17094017094017094,6.65982905982906,0.1447360153719772,0.6916930101861609,0.00447155085810548,3.5428571428571427,0.6762880495693401,0.0376068376068376,0.2888888888888888,0.3066666666666666,1.010301791015081,30,False,1696.0
3,sparse_sbm,sparse_sbm_3,3,26,1654974803,1797280746,"[73, 103, 105, 152, 201, 227, 263, 402, 407, 472, 550, 563, 575, 584, 590]","[488, 53, 389, 267, 253, 398, 308, 58, 21, 275, 201, 578, 97, 135, 589]",600,15,0.8,,3,200,"[[0.02, 0.005, 0.01], [0.005, 0.02, 0.005], [0.01, 0.005, 0.02]]",,,,,6.661666666666667,0.3892477963246671,0.9983333333333333,0.21,7.533333333333333,0.0018405097314505043,0.004375531092795828,0.1658119658119658,0.018803418803418803,0.0017094017094017094,0.0,2.1675213675213674,4.0,0.0,0.17094017094017094,6.798290598290598,0.1466375671784616,0.6970787963938649,0.00850593654220368,3.3904761904761904,0.7533720032541101,0.0444444444444444,0.0974358974358974,0.12,0.9933475001016632,30,False,1550.0
3,sparse_sbm,sparse_sbm_3,3,27,1654974803,4048438648,"[0, 7, 15, 58, 111, 120, 126, 144, 150, 205, 228, 340, 392, 406, 471]","[343, 419, 41, 206, 435, 482, 598, 174, 582, 67, 481, 474, 64, 185, 329]",600,15,0.8,,3,200,"[[0.02, 0.005, 0.01], [0.005, 0.02, 0.005], [0.01, 0.005, 0.02]]",,,,,6.661666666666667,0.3892477963246671,0.9983333333333333,0.21,5.933333333333334,0.0014899472404681588,0.004684741648177964,0.13846153846153847,0.006837606837606838,0.0,0.0,2.1931623931623934,4.0,0.0,0.11623931623931624,5.947008547008547,0.12202896732704682,0.74326776724037,0.0036432350718065003,3.7142857142857144,0.8689979337812651,0.0495726495726495,1.0,1.0,0.996529083000496,30,False,3214.0
3,sparse_sbm,sparse_sbm_3,3,28,1654974803,928115001,"[111, 154, 176, 180, 186, 257, 292, 341, 459, 466, 506, 526, 557, 564, 565]","[435, 314, 91, 247, 240, 509, 69, 456, 296, 57, 365, 496, 593, 35, 227]",600,15,0.8,,3,200,"[[0.02, 0.005, 0.01], [0.005, 0.02, 0.005], [0.01, 0.005, 0.02]]",,,,,6.661666666666667,0.3892477963246671,0.9983333333333333,0.21,7.466666666666667,0.001805533804159303,0.004592620747604257,0.17777777777777778,0.010256410256410256,0.0,0.0,2.1145299145299146,4.0,0.0,0.16923076923076924,6.753846153846154,0.15006952246646704,0.6779475471256293,0.004006936107776444,3.5238095238095237,0.8450033852523755,0.0393162393162393,0.1316239316239316,0.1533333333333333,1.0096208750037476,30,False,1592.0
3,sparse_sbm,sparse_sbm_3,3,29,1654974803,4138771730,"[94, 146, 166, 181, 211, 219, 242, 278, 286, 294, 430, 476, 509, 525, 572]","[493, 99, 168, 305, 575, 581, 39, 430, 587, 508, 157, 129, 338, 123, 230]",600,15,0.8,,3,200,"[[0.02, 0.005, 0.01], [0.005, 0.02, 0.005], [0.01, 0.005, 0.02]]",,,,,6.661666666666667,0.3892477963246671,0.9983333333333333,0.21,6.0,0.0015122027909986154,0.0031266562955072903,0.14017094017094017,0.010256410256410256,0.0,0.0,2.2034188034188036,4.0,0.0,0.09401709401709402,5.538461538461538,0.12475193332258963,0.7402880224798033,0.003964734096313044,3.7714285714285714,0.7369000686224506,0.0427350427350427,0.1452991452991453,0.1666666666666666,1.0070597910089418,30,False,1620.0
3,sparse_sbm,sparse_sbm_3,3,30,1654974803,2723559119,"[3, 75, 121, 142, 147, 358, 367, 398, 452, 455, 476, 513, 516, 521, 543]","[149, 595, 229, 371, 218, 148, 68, 38, 363, 517, 129, 277, 596, 413, 46]",600,15,0.8,,3,200,"[[0.02, 0.005, 0.01], [0.005, 0.02, 0.005], [0.01, 0.005, 0.02]]",,,,,6.661666666666667,0.3892477963246671,0.9983333333333333,0.21,7.333333333333333,0.0017771841545970828,0.006240036416686841,0.1606837606837607,0.010256410256410256,0.0,0.0,2.123076923076923,4.0,0.0,0.17777777777777778,6.863247863247863,0.1396363632333943,0.705760449596066,0.004208498268648644,3.342857142857143,0.6908354778828353,0.0615384615384615,1.0,1.0,0.6600678339600563,19,True,3214.0
3,sparse_sbm,sparse_sbm_3,3,31,1654974803,4201454718,"[1, 40, 65, 67, 89, 122, 156, 177, 241, 270, 319, 354, 412, 508, 556]","[189, 346, 220, 354, 45, 96, 426, 543, 98, 9, 6, 358, 24, 124, 3]",600,15,0.8,,3,200,"[[0.02, 0.005, 0.01], [0.005, 0.02, 0.005], [0.01, 0.005, 0.02]]",,,,,6.661666666666667,0.3892477963246671,0.9983333333333333,0.21,5.4,0.001399263928534643,0.00234741480741241,0.12307692307692308,0.011965811965811967,0.0,0.0,2.2564102564102564,4.0,0.0,0.08717948717948718,5.398290598290599,0.11392870891730968,0.7695937243882449,0.006076238576238576,3.7714285714285714,0.8450033852523753,0.0444444444444444,0.0974358974358974,0.12,1.006547125056386,30,False,1556.0
3,sparse_sbm,sparse_sbm_3,3,32,1654974803,513769746,"[39, 50, 53, 94, 109, 140, 141, 185, 321, 353, 386, 393, 483, 514, 524]","[418, 73, 408, 493, 70, 127, 271, 337, 10, 170, 381, 331, 287, 40, 476]",600,15,0.8,,3,200,"[[0.02, 0.005, 0.01], [0.005, 0.02, 0.005], [0.01, 0.005, 0.02]]",,,,,6.661666666666667,0.3892477963246671,0.9983333333333333,0.21,7.266666666666667,0.0017630549854804058,0.004711316752337836,0.1675213675213675,0.005128205128205128,0.003418803418803419,0.0,2.1042735042735043,4.0,0.0,0.15726495726495726,6.834188034188034,0.1430371331055578,0.694467860906217,0.004235037449323163,3.447619047619048,0.7679194315676053,0.0615384615384615,1.0,1.0,0.8774573750561103,26,True,3214.0
3,sparse_sbm,sparse_sbm_3,3,33,1654974803,1243750046,"[19, 85, 114, 222, 267, 286, 299, 315, 362, 442, 479, 505, 514, 587, 595]","[114, 269, 526, 416, 237, 587, 516, 151, 236, 192, 88, 12, 40, 93, 424]",600,15,0.8,,3,200,"[[0.02, 0.005, 0.01], [0.005, 0.02, 0.005], [0.01, 0.005, 0.02]]",,,,,6.661666666666667,0.3892477963246671,0.9983333333333333,0.21,5.4,0.001392702616163304,0.002943153401879327,0.13333333333333333,0.0017094017094017094,0.0,0.0,2.218803418803419,4.0,0.0,0.07692307692307693,5.357264957264957,0.1183057981719723,0.7519201498653554,0.0007936507936507937,3.780952380952381,0.6617406212558449,0.0341880341880341,0.0871794871794871,0.11,0.6897302080178633,20,True,1512.0
3,sparse_sbm,sparse_sbm_3,3,34,1654974803,1522087863,"[45, 97, 106, 129, 147, 167, 214, 237, 244, 368, 379, 473, 523, 531, 580]","[585, 591, 409, 373, 218, 110, 452, 394, 506, 63, 101, 62, 102, 4, 573]",600,15,0.8,,3,200,"[[0.02, 0.005, 0.01], [0.005, 0.02, 0.005], [0.01, 0.005, 0.02]]",,,,,6.661666666666667,0.3892477963246671,0.9983333333333333,0.21,6.4,0.0016091807164948936,0.0036088577532648594,0.15555555555555556,0.008547008547008548,0.0,0.0,2.147008547008547,4.0,0.0,0.11965811965811966,6.034188034188034,0.136827480835619,0.7141552511415525,0.0038076341647770217,3.6857142857142855,0.7293774547252202,0.0615384615384615,1.0,1.0,0.8751340000890195,26,True,3214.0
3,sparse_sbm,sparse_sbm_3,3,35,1654974803,2580083415,"[12, 48, 88, 116, 150, 177, 189, 207, 231, 354, 367, 414, 448, 513, 589]","[7, 335, 22, 194, 582, 543, 280, 2, 28, 358, 68, 214, 332, 277, 213]",600,15,0.8,,3,200,"[[0.02, 0.005, 0.01], [0.005, 0.02, 0.005], [0.01, 0.005, 0.02]]",,,,,6.661666666666667,0.3892477963246671,0.9983333333333333,0.21,6.733333333333333,0.0016619541088979176,0.005177189760943601,0.15384615384615385,0.011965811965811967,0.0,0.0,2.14017094017094,4.0,0.0,0.1452991452991453,6.343589743589743,0.1330373500611693,0.717351598173516,0.00959881388452817,3.6476190476190475,0.738824574940615,0.0564102564102564,1.0,1.0,0.7554545419989154,22,True,3214.0
3,sparse_sbm,sparse_sbm_3,3,36,1654974803,3905242249,"[2, 50, 78, 107, 114, 174, 183, 223, 228, 256, 320, 336, 355, 577, 595]","[119, 73, 239, 384, 526, 512, 347, 55, 481, 531, 414, 537, 367, 136, 424]",600,15,0.8,,3,200,"[[0.02, 0.005, 0.01], [0.005, 0.02, 0.005], [0.01, 0.005, 0.02]]",,,,,6.661666666666667,0.3892477963246671,0.9983333333333333,0.21,6.266666666666667,0.0015636610549499678,0.0034024836232744134,0.14017094017094017,0.010256410256410256,0.0,0.0,2.2102564102564104,4.0,0.0,0.1282051282051282,5.852991452991453,0.12468206584774914,0.7402704601334739,0.004727309727309727,3.638095238095238,0.8304559569388802,0.0444444444444444,0.1641025641025641,0.185,1.076294832979329,30,False,1622.0
3,sparse_sbm,sparse_sbm_3,3,37,1654974803,3372922470,"[71, 134, 160, 168, 282, 302, 361, 363, 418, 420, 421, 431, 565, 572, 578]","[552, 112, 65, 500, 140, 388, 539, 501, 311, 200, 441, 475, 227, 230, 130]",600,15,0.8,,3,200,"[[0.02, 0.005, 0.01], [0.005, 0.02, 0.005], [0.01, 0.005, 0.02]]",,,,,6.661666666666667,0.3892477963246671,0.9983333333333333,0.21,7.466666666666667,0.001819344285593051,0.005223863897253767,0.17606837606837608,0.010256410256410256,0.0017094017094017094,0.0,2.0905982905982907,4.0,0.0,0.17094017094017094,6.856410256410256,0.14903831923853267,0.6805760449596066,0.006232042524612184,3.5142857142857142,0.7533720032541101,0.0547008547008547,0.2649572649572649,0.2833333333333333,0.9959694580174984,30,False,1710.0
3,sparse_sbm,sparse_sbm_3,3,38,1654974803,1640910529,"[74, 117, 186, 198, 200, 213, 286, 304, 399, 411, 479, 481, 540, 548, 563]","[364, 105, 240, 372, 165, 527, 587, 325, 138, 557, 88, 423, 117, 243, 578]",600,15,0.8,,3,200,"[[0.02, 0.005, 0.01], [0.005, 0.02, 0.005], [0.01, 0.005, 0.02]]",,,,,6.661666666666667,0.3892477963246671,0.9983333333333333,0.21,6.0,0.0015165514718204509,0.0030308062761597973,0.14358974358974358,0.010256410256410256,0.0,0.0,2.1846153846153844,4.0,0.0,0.10427350427350428,5.842735042735042,0.1284461126239031,0.7343636576513289,0.004522263450834879,3.704761904761905,0.6908354778828353,0.041025641025641,0.176068376068376,0.1966666666666666,1.003393166931346,30,False,1614.0
3,sparse_sbm,sparse_sbm_3,3,39,1654974803,3019137565,"[26, 29, 64, 82, 150, 175, 184, 237, 340, 459, 476, 494, 518, 530, 595]","[251, 111, 281, 313, 582, 85, 402, 394, 474, 296, 129, 521, 78, 341, 424]",600,15,0.8,,3,200,"[[0.02, 0.005, 0.01], [0.005, 0.02, 0.005], [0.01, 0.005, 0.02]]",,,,,6.661666666666667,0.3892477963246671,0.9983333333333333,0.21,7.133333333333334,0.0017393435185795272,0.004502307990179335,0.1641025641025641,0.013675213675213675,0.0017094017094017094,0.0,2.1606837606837606,4.0,0.0,0.17264957264957265,6.634188034188035,0.14390273600858933,0.6999765835382273,0.007246773407764119,3.380952380952381,0.6067267097818003,0.041025641025641,0.1076923076923077,0.13,1.0119184580398723,30,False,1560.0
3,sparse_sbm,sparse_sbm_3,3,40,1654974803,1719059828,"[48, 61, 145, 200, 245, 250, 306, 359, 373, 394, 450, 490, 501, 516, 580]","[335, 357, 459, 165, 71, 396, 583, 333, 432, 180, 160, 177, 439, 596, 573]",600,15,0.8,,3,200,"[[0.02, 0.005, 0.01], [0.005, 0.02, 0.005], [0.01, 0.005, 0.02]]",,,,,6.661666666666667,0.3892477963246671,0.9983333333333333,0.21,6.333333333333333,0.0015855514711356677,0.0036818954818331534,0.15384615384615385,0.005128205128205128,0.0,0.0,2.1367521367521367,4.0,0.0,0.09743589743589744,6.049572649572649,0.13265957727356248,0.7172520782109824,0.0028763828763828762,3.7714285714285714,0.7293774547252202,0.0444444444444444,0.0923076923076923,0.115,0.8758468329906464,26,True,1610.0
3,sparse_sbm,sparse_sbm_3,3,41,1654974803,433933752,"[9, 61, 133, 239, 317, 318, 335, 354, 362, 382, 393, 412, 420, 454, 468]","[125, 357, 523, 231, 421, 155, 399, 358, 236, 382, 331, 24, 200, 376, 169]",600,15,0.8,,3,200,"[[0.02, 0.005, 0.01], [0.005, 0.02, 0.005], [0.01, 0.005, 0.02]]",,,,,6.661666666666667,0.3892477963246671,0.9983333333333333,0.21,5.666666666666667,0.0014606891491875979,0.00235037053771914,0.13504273504273503,0.003418803418803419,0.0,0.0,2.213675213675214,4.0,0.0,0.07692307692307693,5.417094017094017,0.11928632302865325,0.7490574874136517,0.0015984015984015984,3.8095238095238093,0.7679194315676053,0.0393162393162393,0.1059829059829059,0.1283333333333333,0.9865228750277312,29,True,1560.0
3,sparse_sbm,sparse_sbm_3,3,42,1654974803,751209220,"[8, 92, 122, 157, 165, 172, 188, 228, 267, 284, 322, 366, 425, 479, 591]","[366, 462, 96, 542, 106, 23, 351, 481, 237, 489, 386, 293, 128, 88, 306]",600,15,0.8,,3,200,"[[0.02, 0.005, 0.01], [0.005, 0.02, 0.005], [0.01, 0.005, 0.02]]",,,,,6.661666666666667,0.3892477963246671,0.9983333333333333,0.21,6.6,0.0016283872910424694,0.004616574938726663,0.15213675213675212,0.017094017094017096,0.0,0.0,2.141880341880342,4.0,0.0,0.15384615384615385,6.579487179487179,0.13704208294228457,0.7198454513523007,0.007828590643716694,3.552380952380952,0.8835453620947604,0.0581196581196581,0.1282051282051282,0.15,1.0403922500554472,30,False,1596.0
3,sparse_sbm,sparse_sbm_3,3,43,1654974803,1783378485,"[25, 26, 41, 47, 173, 232, 297, 301, 317, 383, 406, 449, 504, 591, 595]","[235, 251, 467, 100, 211, 197, 233, 182, 421, 401, 185, 162, 317, 306, 424]",600,15,0.8,,3,200,"[[0.02, 0.005, 0.01], [0.005, 0.02, 0.005], [0.01, 0.005, 0.02]]",,,,,6.661666666666667,0.3892477963246671,0.9983333333333333,0.21,6.933333333333334,0.0016857702209547958,0.005226057231650974,0.1641025641025641,0.010256410256410256,0.0,0.0,2.111111111111111,4.0,0.0,0.17435897435897435,6.958974358974359,0.14292254956918699,0.6999590211918979,0.004037170423725045,3.5238095238095237,0.7919139800964952,0.0803418803418803,1.0,1.0,0.531846083002165,15,True,3214.0
3,sparse_sbm,sparse_sbm_3,3,44,1654974803,3722296684,"[2, 30, 49, 53, 156, 159, 188, 207, 240, 282, 429, 482, 501, 514, 590]","[119, 415, 457, 408, 426, 324, 351, 2, 451, 140, 555, 485, 439, 40, 589]",600,15,0.8,,3,200,"[[0.02, 0.005, 0.01], [0.005, 0.02, 0.005], [0.01, 0.005, 0.02]]",,,,,6.661666666666667,0.3892477963246671,0.9983333333333333,0.21,5.6,0.001421415995769529,0.003619252894692634,0.13162393162393163,0.008547008547008548,0.0,0.0,2.2341880341880342,4.0,0.0,0.08888888888888889,5.611965811965812,0.11680774334304575,0.7550403933965578,0.005665498522641379,3.8285714285714287,0.8304559569388802,0.0461538461538461,0.1675213675213675,0.1883333333333333,1.011094625107944,30,False,1592.0
3,sparse_sbm,sparse_sbm_3,3,45,1654974803,739909745,"[30, 148, 212, 231, 234, 299, 302, 352, 361, 417, 423, 478, 481, 586, 596]","[415, 417, 458, 28, 190, 516, 388, 510, 539, 249, 590, 256, 423, 546, 495]",600,15,0.8,,3,200,"[[0.02, 0.005, 0.01], [0.005, 0.02, 0.005], [0.01, 0.005, 0.02]]",,,,,6.661666666666667,0.3892477963246671,0.9983333333333333,0.21,7.733333333333333,0.0018584634473628543,0.004511137111459262,0.17435897435897435,0.015384615384615385,0.0017094017094017094,0.0,2.0615384615384613,4.0,0.0,0.1606837606837607,6.9743589743589745,0.15158326220359936,0.6831577098700387,0.006800509432088379,3.4285714285714284,0.6522935010404503,0.0564102564102564,1.0,1.0,0.5231205830350518,15,True,3214.0
3,sparse_sbm,sparse_sbm_3,3,46,1654974803,2190670425,"[51, 183, 210, 226, 261, 315, 333, 369, 380, 396, 410, 442, 570, 574, 586]","[175, 347, 594, 588, 438, 151, 152, 217, 167, 505, 259, 192, 433, 15, 546]",600,15,0.8,,3,200,"[[0.02, 0.005, 0.01], [0.005, 0.02, 0.005], [0.01, 0.005, 0.02]]",,,,,6.661666666666667,0.3892477963246671,0.9983333333333333,0.21,6.333333333333333,0.0015806948803475003,0.003373492356875965,0.147008547008547,0.015384615384615385,0.0,0.0,2.1846153846153844,4.0,0.0,0.1094017094017094,5.871794871794871,0.13152238727879723,0.7286324786324786,0.006333926023367017,3.7904761904761903,0.7919139800964952,0.0341880341880341,0.1094017094017094,0.1316666666666666,1.0163219169480726,30,False,1566.0
3,sparse_sbm,sparse_sbm_3,3,47,1654974803,3468033197,"[31, 64, 92, 150, 192, 234, 245, 280, 359, 362, 401, 436, 496, 498, 580]","[139, 281, 462, 582, 50, 190, 71, 284, 333, 236, 318, 26, 219, 437, 573]",600,15,0.8,,3,200,"[[0.02, 0.005, 0.01], [0.005, 0.02, 0.005], [0.01, 0.005, 0.02]]",,,,,6.661666666666667,0.3892477963246671,0.9983333333333333,0.21,6.733333333333333,0.0017030121599586328,0.004512804541220118,0.15213675213675212,0.008547008547008548,0.0017094017094017094,0.0,2.194871794871795,4.0,0.0,0.12136752136752137,6.07008547008547,0.13364426476751576,0.7199742418920501,0.0059111523397237685,3.5238095238095237,0.637746072726955,0.0495726495726495,0.1128205128205128,0.135,1.008996417047456,30,False,1584.0
3,sparse_sbm,sparse_sbm_3,3,48,1654974803,2146422270,"[5, 49, 119, 151, 172, 191, 192, 332, 334, 350, 360, 366, 428, 446, 581]","[492, 457, 11, 411, 23, 77, 50, 538, 355, 33, 59, 293, 553, 159, 270]",600,15,0.8,,3,200,"[[0.02, 0.005, 0.01], [0.005, 0.02, 0.005], [0.01, 0.005, 0.02]]",,,,,6.661666666666667,0.3892477963246671,0.9983333333333333,0.21,6.866666666666666,0.0017295666585101421,0.004530249077271661,0.15897435897435896,0.013675213675213675,0.0,0.0,2.1658119658119657,4.0,0.0,0.13162393162393163,6.157264957264958,0.1407329893910511,0.7084299262381454,0.0058874674476178225,3.5238095238095237,0.7773665517830001,0.0444444444444444,0.1042735042735042,0.1266666666666666,1.0170457920758054,30,False,1558.0
3,sparse_sbm,sparse_sbm_3,3,49,1654974803,496938524,"[29, 63, 65, 111, 121, 152, 215, 238, 369, 385, 387, 392, 409, 421, 471]","[111, 403, 220, 435, 229, 267, 207, 391, 217, 330, 564, 64, 342, 441, 329]",600,15,0.8,,3,200,"[[0.02, 0.005, 0.01], [0.005, 0.02, 0.005], [0.01, 0.005, 0.02]]",,,,,6.661666666666667,0.3892477963246671,0.9983333333333333,0.21,7.2,0.0017698721617910736,0.00517140281373182,0.17264957264957265,0.008547008547008548,0.0,0.0,2.0854700854700856,4.0,0.0,0.17606837606837608,6.935042735042735,0.14798643973908218,0.6860028099754127,0.0037484737484737487,3.5238095238095237,0.8595508135658706,0.0735042735042735,0.3247863247863248,0.3416666666666667,0.9898796250345184,30,False,1726.0
3,sparse_sbm,sparse_sbm_4,4,0,3892717702,2611157214,"[0, 216, 247, 274, 280, 290, 312, 317, 342, 415, 419, 452, 509, 540, 582]","[80, 450, 26, 505, 449, 3, 172, 488, 447, 379, 519, 586, 513, 374, 527]",600,15,0.8,,3,200,"[[0.02, 0.005, 0.01], [0.005, 0.02, 0.005], [0.01, 0.005, 0.02]]",,,,,6.653333333333333,0.3947338409759603,0.9966666666666667,0.11666666666666667,6.4,0.0016395364711125268,0.0034530145547386733,0.15213675213675212,0.010256410256410256,0.0017094017094017094,0.0,2.1852487135506005,5.0,0.003418803418803419,0.09572649572649573,5.776068376068376,0.13421061559337244,0.7199391171993912,0.006405895691609978,3.6952380952380954,0.8294528218013495,0.0666666666666666,0.9931623931623932,0.9933333333333332,0.965784416999668,30,False,3210.0
3,sparse_sbm,sparse_sbm_4,4,1,3892717702,344943715,"[16, 48, 110, 250, 284, 285, 291, 303, 357, 417, 428, 441, 454, 520, 553]","[192, 495, 229, 266, 522, 179, 533, 429, 135, 52, 503, 370, 149, 204, 182]",600,15,0.8,,3,200,"[[0.02, 0.005, 0.01], [0.005, 0.02, 0.005], [0.01, 0.005, 0.02]]",,,,,6.653333333333333,0.3947338409759603,0.9966666666666667,0.11666666666666667,6.533333333333333,0.0016628840909218387,0.004174424524446935,0.15726495726495726,0.010256410256410256,0.0,0.0,2.1217838765008574,4.0,0.003418803418803419,0.08888888888888889,5.9162393162393165,0.13867185991867367,0.7112867345744058,0.0042363456649170935,3.7714285714285714,0.7269919638292214,0.0615384615384615,0.2051282051282051,0.225,0.985858542029746,30,False,1608.0
3,sparse_sbm,sparse_sbm_4,4,2,3892717702,2833141813,"[31, 107, 113, 198, 207, 237, 280, 334, 337, 357, 393, 395, 437, 541, 577]","[168, 506, 392, 162, 400, 369, 449, 35, 565, 135, 583, 38, 325, 209, 238]",600,15,0.8,,3,200,"[[0.02, 0.005, 0.01], [0.005, 0.02, 0.005], [0.01, 0.005, 0.02]]",,,,,6.653333333333333,0.3947338409759603,0.9966666666666667,0.11666666666666667,7.0,0.0017246162309846552,0.005298400892776967,0.15897435897435896,0.013675213675213675,0.0,0.0,2.1406518010291595,4.0,0.003418803418803419,0.15897435897435896,6.582905982905983,0.14080743972292464,0.7084767591616906,0.005697384625956054,3.4285714285714284,0.7410300000618014,0.0547008547008547,0.9948717948717948,0.995,0.9637984589207916,30,False,3210.0
3,sparse_sbm,sparse_sbm_4,4,3,3892717702,3945260470,"[45, 49, 105, 176, 229, 320, 395, 437, 463, 464, 468, 478, 510, 544, 549]","[367, 256, 291, 58, 23, 321, 38, 325, 44, 375, 576, 245, 409, 363, 483]",600,15,0.8,,3,200,"[[0.02, 0.005, 0.01], [0.005, 0.02, 0.005], [0.01, 0.005, 0.02]]",,,,,6.653333333333333,0.3947338409759603,0.9966666666666667,0.11666666666666667,5.933333333333334,0.001487306508134163,0.0029607363739107425,0.14017094017094017,0.008547008547008548,0.0,0.0,2.1903945111492282,4.0,0.003418803418803419,0.1076923076923077,6.099145299145299,0.12628857883396793,0.7400831284392928,0.003907203907203907,3.5714285714285716,0.7922604290478654,0.0529914529914529,0.9931623931623932,0.9933333333333332,0.8906288750004023,28,True,3210.0
3,sparse_sbm,sparse_sbm_4,4,4,3892717702,2446591614,"[67, 114, 133, 172, 195, 282, 359, 362, 482, 492, 532, 539, 580, 582, 592]","[82, 269, 408, 141, 112, 36, 434, 288, 553, 132, 66, 297, 480, 527, 155]",600,15,0.8,,3,200,"[[0.02, 0.005, 0.01], [0.005, 0.02, 0.005], [0.01, 0.005, 0.02]]",,,,,6.653333333333333,0.3947338409759603,0.9966666666666667,0.11666666666666667,6.333333333333333,0.0015926877812331432,0.003541882999247145,0.15384615384615385,0.005128205128205128,0.0,0.0,2.1286449399656946,4.0,0.003418803418803419,0.1094017094017094,5.960683760683761,0.13257622689476636,0.7172579323264254,0.002095959595959596,3.7142857142857144,0.7782223928152854,0.041025641025641,0.0769230769230769,0.1,0.97992324992083,30,False,1544.0
3,sparse_sbm,sparse_sbm_4,4,5,3892717702,844566846,"[58, 110, 207, 215, 225, 228, 229, 242, 340, 380, 393, 462, 534, 578, 586]","[414, 229, 400, 443, 528, 158, 23, 96, 153, 247, 583, 562, 361, 351, 309]",600,15,0.8,,3,200,"[[0.02, 0.005, 0.01], [0.005, 0.02, 0.005], [0.01, 0.005, 0.02]]",,,,,6.653333333333333,0.3947338409759603,0.9966666666666667,0.11666666666666667,6.866666666666666,0.0017090342997069282,0.004174949446155098,0.15384615384615385,0.013675213675213675,0.0017094017094017094,0.0,2.2006861063464838,5.0,0.003418803418803419,0.14871794871794872,6.194871794871795,0.13733079180351898,0.7169827889005971,0.006925225985376361,3.4285714285714284,0.6507500604288344,0.0683760683760683,0.9931623931623932,0.9933333333333332,0.5368006660137326,16,True,3210.0
3,sparse_sbm,sparse_sbm_4,4,6,3892717702,3971454304,"[81, 129, 231, 260, 263, 323, 370, 373, 396, 421, 459, 527, 551, 561, 575]","[196, 123, 237, 263, 77, 67, 354, 241, 579, 544, 469, 108, 329, 406, 468]",600,15,0.8,,3,200,"[[0.02, 0.005, 0.01], [0.005, 0.02, 0.005], [0.01, 0.005, 0.02]]",,,,,6.653333333333333,0.3947338409759603,0.9966666666666667,0.11666666666666667,6.533333333333333,0.001635452937451747,0.004432419543793257,0.15384615384615385,0.010256410256410256,0.0,0.0,2.159519725557461,4.0,0.003418803418803419,0.13846153846153847,6.051282051282051,0.13496318222240675,0.7171349959021192,0.004731776160347589,3.723809523809524,0.7501463203501253,0.0581196581196581,0.9914529914529916,0.9916666666666668,0.992718374938704,30,False,3210.0
3,sparse_sbm,sparse_sbm_4,4,7,3892717702,1091148910,"[1, 7, 78, 86, 104, 154, 211, 320, 330, 360, 397, 427, 452, 549, 561]","[340, 106, 273, 64, 203, 319, 213, 321, 517, 411, 471, 205, 586, 483, 406]",600,15,0.8,,3,200,"[[0.02, 0.005, 0.01], [0.005, 0.02, 0.005], [0.01, 0.005, 0.02]]",,,,,6.653333333333333,0.3947338409759603,0.9966666666666667,0.11666666666666667,6.533333333333333,0.0016242577632963244,0.003648114023916668,0.14358974358974358,0.015384615384615385,0.0017094017094017094,0.0,2.1903945111492282,5.0,0.003418803418803419,0.15384615384615385,6.355555555555555,0.13097347777086446,0.7342173047652499,0.008023193737479452,3.5238095238095237,0.7501463203501252,0.0615384615384615,0.9965811965811966,0.9966666666666668,0.9731203339761124,30,False,3210.0
3,sparse_sbm,sparse_sbm_4,4,8,3892717702,3857030142,"[46, 55, 68, 69, 92, 191, 201, 303, 329, 359, 366, 386, 437, 492, 498]","[234, 560, 554, 368, 121, 306, 98, 429, 81, 434, 420, 199, 325, 132, 296]",600,15,0.8,,3,200,"[[0.02, 0.005, 0.01], [0.005, 0.02, 0.005], [0.01, 0.005, 0.02]]",,,,,6.653333333333333,0.3947338409759603,0.9966666666666667,0.11666666666666667,7.333333333333333,0.0018053709888441094,0.004701475875663355,0.1675213675213675,0.013675213675213675,0.003418803418803419,0.0,2.1252144082332762,4.0,0.003418803418803419,0.1675213675213675,6.365811965811965,0.14570500058284086,0.6944210279826718,0.007513613632587538,3.533333333333333,0.7922604290478654,0.0529914529914529,0.9965811965811966,0.9966666666666668,0.9804452089592814,30,True,3210.0
3,sparse_sbm,sparse_sbm_4,4,9,3892717702,3498490220,"[10, 45, 69, 123, 151, 181, 209, 254, 276, 283, 339, 408, 415, 477, 584]","[539, 367, 368, 164, 180, 373, 432, 308, 327, 371, 104, 276, 379, 460, 342]",600,15,0.8,,3,200,"[[0.02, 0.005, 0.01], [0.005, 0.02, 0.005], [0.01, 0.005, 0.02]]",,,,,6.653333333333333,0.3947338409759603,0.9966666666666667,0.11666666666666667,8.0,0.0019279788948777458,0.005574970247619645,0.18803418803418803,0.010256410256410256,0.0,0.0,2.0428816466552315,4.0,0.003418803418803419,0.19487179487179487,7.201709401709402,0.15854303884932516,0.6611345275728837,0.004127789217351358,3.380952380952381,0.5995196314427703,0.0735042735042735,0.9965811965811966,0.9966666666666668,0.5312118750298396,16,True,3210.0
3,sparse_sbm,sparse_sbm_4,4,10,3892717702,4082201440,"[24, 68, 79, 113, 260, 326, 330, 353, 392, 427, 442, 472, 559, 573, 597]","[567, 554, 6, 392, 263, 548, 517, 591, 124, 205, 310, 479, 540, 454, 314]",600,15,0.8,,3,200,"[[0.02, 0.005, 0.01], [0.005, 0.02, 0.005], [0.01, 0.005, 0.02]]",,,,,6.653333333333333,0.3947338409759603,0.9966666666666667,0.11666666666666667,5.6,0.0014399290448537997,0.003666896871813903,0.12991452991452992,0.010256410256410256,0.0,0.0,2.2384219554030875,5.0,0.003418803418803419,0.09230769230769231,5.509401709401709,0.11804042972598464,0.7578093900011709,0.005437578294721152,3.676190476190476,0.8013767493361893,0.0444444444444444,0.2341880341880342,0.2533333333333333,0.9988916249712928,30,False,1672.0
3,sparse_sbm,sparse_sbm_4,4,11,3892717702,4284562758,"[9, 27, 102, 164, 187, 212, 272, 287, 295, 383, 454, 488, 541, 549, 581]","[444, 356, 477, 541, 476, 265, 404, 88, 62, 492, 149, 349, 209, 483, 534]",600,15,0.8,,3,200,"[[0.02, 0.005, 0.01], [0.005, 0.02, 0.005], [0.01, 0.005, 0.02]]",,,,,6.653333333333333,0.3947338409759603,0.9966666666666667,0.11666666666666667,6.4,0.0016066467996622314,0.0035700347461679774,0.15042735042735042,0.006837606837606838,0.0,0.0,2.1732418524871355,4.0,0.003418803418803419,0.10427350427350428,5.777777777777778,0.13144839803565425,0.7228954454981852,0.0026190476190476194,3.7714285714285714,0.7251348459358025,0.0376068376068376,0.1059829059829059,0.1283333333333333,0.9669495830312372,29,True,1558.0
3,sparse_sbm,sparse_sbm_4,4,12,3892717702,850699835,"[41, 61, 65, 72, 108, 114, 159, 177, 216, 222, 248, 293, 366, 372, 454]","[7, 457, 43, 573, 260, 269, 22, 585, 450, 402, 94, 267, 420, 271, 149]",600,15,0.8,,3,200,"[[0.02, 0.005, 0.01], [0.005, 0.02, 0.005], [0.01, 0.005, 0.02]]",,,,,6.653333333333333,0.3947338409759603,0.9966666666666667,0.11666666666666667,8.266666666666667,0.0019879354190103543,0.004749978442201754,0.18803418803418803,0.020512820512820513,0.0,0.0,2.0514579759862777,4.0,0.003418803418803419,0.20854700854700856,7.206837606837607,0.16309684185291534,0.6609062170706006,0.007522172611734752,3.276190476190476,0.6367120241962543,0.0752136752136752,0.9948717948717948,0.995,0.4698799999896437,14,True,3210.0
3,sparse_sbm,sparse_sbm_4,4,13,3892717702,3174659024,"[6, 38, 47, 116, 130, 242, 315, 329, 420, 447, 448, 449, 463, 540, 551]","[525, 76, 536, 352, 223, 96, 313, 81, 191, 73, 20, 287, 44, 374, 329]",600,15,0.8,,3,200,"[[0.02, 0.005, 0.01], [0.005, 0.02, 0.005], [0.01, 0.005, 0.02]]",,,,,6.653333333333333,0.3947338409759603,0.9966666666666667,0.11666666666666667,5.466666666666667,0.001402731526894348,0.0032102713394909885,0.12991452991452992,0.010256410256410256,0.0,0.0,2.23972602739726,4.0,0.0017094017094017094,0.08205128205128205,5.475213675213675,0.11748317591815552,0.7578210982320571,0.0051027676027676026,3.7032967032967035,0.8385691420896731,0.0564102564102564,0.9931623931623932,0.9933333333333332,0.7390812090598047,22,True,3210.0
3,sparse_sbm,sparse_sbm_4,4,14,3892717702,728245786,"[5, 161, 186, 191, 192, 344, 368, 381, 406, 420, 465, 496, 560, 565, 587]","[216, 516, 383, 306, 417, 564, 545, 493, 248, 191, 303, 227, 589, 299, 458]",600,15,0.8,,3,200,"[[0.02, 0.005, 0.01], [0.005, 0.02, 0.005], [0.01, 0.005, 0.02]]",,,,,6.653333333333333,0.3947338409759603,0.9966666666666667,0.11666666666666667,7.8,0.0019008772574122589,0.0061212540444211625,0.16923076923076924,0.02564102564102564,0.0017094017094017094,0.0,2.1406518010291595,4.0,0.003418803418803419,0.19829059829059828,6.724786324786325,0.1509105057964795,0.6913944502985598,0.01041052986851306,3.3333333333333335,0.6757615348431572,0.0666666666666666,0.9914529914529916,0.9916666666666668,0.9690461660502478,30,False,3210.0
3,sparse_sbm,sparse_sbm_4,4,15,3892717702,1123352883,"[3, 83, 131, 222, 234, 293, 306, 323, 358, 425, 445, 478, 514, 515, 523]","[462, 239, 18, 402, 418, 267, 193, 67, 302, 55, 530, 245, 474, 30, 467]",600,15,0.8,,3,200,"[[0.02, 0.005, 0.01], [0.005, 0.02, 0.005], [0.01, 0.005, 0.02]]",,,,,6.653333333333333,0.3947338409759603,0.9966666666666667,0.11666666666666667,5.866666666666666,0.001511988807881662,0.00408605660112254,0.13675213675213677,0.011965811965811967,0.0017094017094017094,0.0,2.2264150943396226,4.0,0.003418803418803419,0.09230769230769231,5.576068376068376,0.12381747691697643,0.7460250556140967,0.007669552669552671,3.7523809523809524,0.6507500604288345,0.0564102564102564,0.9811965811965812,0.9816666666666668,1.0098256670171395,30,False,3184.0
3,sparse_sbm,sparse_sbm_4,4,16,3892717702,1236698724,"[22, 33, 55, 89, 123, 157, 164, 175, 187, 318, 338, 355, 457, 470, 590]","[543, 212, 560, 326, 164, 574, 541, 445, 476, 561, 243, 285, 103, 4, 353]",600,15,0.8,,3,200,"[[0.02, 0.005, 0.01], [0.005, 0.02, 0.005], [0.01, 0.005, 0.02]]",,,,,6.653333333333333,0.3947338409759603,0.9966666666666667,0.11666666666666667,7.866666666666666,0.0019046222633075825,0.005878873208105203,0.17435897435897435,0.023931623931623933,0.003418803418803419,0.0,2.106346483704974,4.0,0.003418803418803419,0.18974358974358974,6.880341880341881,0.15340807091227318,0.6830933146001639,0.010232658720053679,3.380952380952381,0.6507500604288344,0.0649572649572649,0.9914529914529916,0.9916666666666668,0.6883222080068663,21,True,3210.0
3,sparse_sbm,sparse_sbm_4,4,17,3892717702,3390826840,"[38, 100, 117, 120, 136, 185, 237, 307, 360, 407, 525, 533, 552, 587, 591]","[76, 482, 317, 593, 278, 184, 369, 335, 411, 590, 496, 37, 577, 458, 451]",600,15,0.8,,3,200,"[[0.02, 0.005, 0.01], [0.005, 0.02, 0.005], [0.01, 0.005, 0.02]]",,,,,6.653333333333333,0.3947338409759603,0.9966666666666667,0.11666666666666667,7.066666666666666,0.001717777293378239,0.005171310112656801,0.1658119658119658,0.011965811965811967,0.0,0.0,2.1029159519725558,4.0,0.003418803418803419,0.15726495726495726,6.634188034188035,0.14492795039006187,0.6971139210865238,0.005357450672576723,3.4857142857142858,0.8385691420896733,0.0598290598290598,0.9914529914529916,0.9916666666666668,0.6555577079998329,20,True,3210.0
3,sparse_sbm,sparse_sbm_4,4,18,3892717702,2452014722,"[14, 53, 106, 109, 181, 190, 262, 303, 325, 388, 514, 536, 556, 564, 574]","[151, 51, 264, 283, 373, 259, 360, 429, 217, 441, 474, 53, 339, 127, 107]",600,15,0.8,,3,200,"[[0.02, 0.005, 0.01], [0.005, 0.02, 0.005], [0.01, 0.005, 0.02]]",,,,,6.653333333333333,0.3947338409759603,0.9966666666666667,0.11666666666666667,7.4,0.0018174719817221781,0.005784301824455442,0.1623931623931624,0.013675213675213675,0.003418803418803419,0.0,2.1663807890222984,4.0,0.003418803418803419,0.1606837606837607,6.294017094017094,0.1415713480329725,0.7029504741833509,0.008591301895149749,3.3142857142857145,0.6385691420896732,0.0615384615384615,0.9914529914529916,0.9916666666666668,0.959102249937132,30,False,3210.0
3,sparse_sbm,sparse_sbm_4,4,19,3892717702,1644606907,"[2, 16, 45, 60, 63, 144, 325, 366, 413, 501, 535, 551, 569, 581, 587]","[5, 192, 367, 72, 478, 183, 217, 420, 207, 115, 86, 329, 116, 534, 458]",600,15,0.8,,3,200,"[[0.02, 0.005, 0.01], [0.005, 0.02, 0.005], [0.01, 0.005, 0.02]]",,,,,6.653333333333333,0.3947338409759603,0.9966666666666667,0.11666666666666667,7.066666666666666,0.0017349988467650322,0.0048944804023939355,0.1623931623931624,0.015384615384615385,0.0,0.0,2.13893653516295,4.0,0.003418803418803419,0.1606837606837607,6.495726495726496,0.14345094114671014,0.702768996604613,0.006422504674384374,3.5619047619047617,0.7410300000618014,0.0717948717948717,0.9931623931623932,0.9933333333333332,0.62490162497852,19,True,3210.0
3,sparse_sbm,sparse_sbm_4,4,20,3892717702,7240440,"[8, 40, 66, 74, 111, 122, 132, 154, 165, 208, 244, 315, 372, 459, 586]","[46, 261, 70, 570, 401, 128, 262, 319, 556, 515, 463, 313, 271, 469, 309]",600,15,0.8,,3,200,"[[0.02, 0.005, 0.01], [0.005, 0.02, 0.005], [0.01, 0.005, 0.02]]",,,,,6.653333333333333,0.3947338409759603,0.9966666666666667,0.11666666666666667,6.6,0.0016606450115914787,0.003907429080952437,0.1606837606837607,0.008547008547008548,0.0,0.0,2.156089193825043,4.0,0.003418803418803419,0.13162393162393163,6.027350427350427,0.13868255982679079,0.7058424072122702,0.003564539053260858,3.638095238095238,0.6897995710757374,0.0598290598290598,0.2358974358974359,0.255,0.9974549999460578,30,False,1682.0
3,sparse_sbm,sparse_sbm_4,4,21,3892717702,141746719,"[82, 231, 269, 288, 289, 315, 343, 360, 364, 365, 436, 475, 485, 527, 580]","[71, 237, 226, 42, 47, 313, 397, 411, 428, 33, 242, 280, 39, 108, 480]",600,15,0.8,,3,200,"[[0.02, 0.005, 0.01], [0.005, 0.02, 0.005], [0.01, 0.005, 0.02]]",,,,,6.653333333333333,0.3947338409759603,0.9966666666666667,0.11666666666666667,6.6,0.0016730131493055314,0.004218091499174784,0.1452991452991453,0.013675213675213675,0.0,0.0,2.236706689536878,4.0,0.003418803418803419,0.12307692307692308,5.748717948717949,0.13049468665747835,0.7314541622760801,0.0058115468409586065,3.5047619047619047,0.8013767493361893,0.0598290598290598,0.9658119658119658,0.9666666666666668,0.9624302920419724,30,False,3138.0
3,sparse_sbm,sparse_sbm_4,4,22,3892717702,1452296383,"[138, 153, 182, 188, 205, 207, 235, 248, 275, 292, 302, 366, 389, 536, 558]","[131, 425, 134, 101, 357, 400, 61, 94, 13, 41, 465, 420, 90, 53, 210]",600,15,0.8,,3,200,"[[0.02, 0.005, 0.01], [0.005, 0.02, 0.005], [0.01, 0.005, 0.02]]",,,,,6.653333333333333,0.3947338409759603,0.9966666666666667,0.11666666666666667,7.0,0.0017325752977906026,0.004111878855163917,0.15213675213675212,0.018803418803418803,0.0017094017094017094,0.0,2.174957118353345,5.0,0.003418803418803419,0.14871794871794872,6.441025641025641,0.13703596360104353,0.7198220348905281,0.010367431927582303,3.4380952380952383,0.7501463203501252,0.0683760683760683,0.9948717948717948,0.995,0.9457830829778686,30,True,3210.0
3,sparse_sbm,sparse_sbm_4,4,23,3892717702,2578370629,"[16, 51, 96, 154, 157, 203, 208, 261, 318, 382, 405, 409, 414, 534, 566]","[192, 312, 195, 319, 574, 500, 515, 252, 561, 120, 423, 146, 366, 361, 254]",600,15,0.8,,3,200,"[[0.02, 0.005, 0.01], [0.005, 0.02, 0.005], [0.01, 0.005, 0.02]]",,,,,6.653333333333333,0.3947338409759603,0.9966666666666667,0.11666666666666667,6.666666666666667,0.0016638012724057355,0.004636685852470615,0.15384615384615385,0.010256410256410256,0.0,0.0,2.136986301369863,4.0,0.0017094017094017094,0.13504273504273503,6.220512820512821,0.13486904214876136,0.7170823088631307,0.003757810816634346,3.3516483516483517,0.7110968097032223,0.0547008547008547,0.558974358974359,0.57,0.9984094579704106,30,False,2004.0
3,sparse_sbm,sparse_sbm_4,4,24,3892717702,343012793,"[10, 63, 121, 136, 185, 214, 281, 305, 313, 348, 357, 520, 536, 538, 568]","[539, 478, 21, 278, 184, 89, 305, 176, 582, 336, 135, 204, 53, 16, 220]",600,15,0.8,,3,200,"[[0.02, 0.005, 0.01], [0.005, 0.02, 0.005], [0.01, 0.005, 0.02]]",,,,,6.653333333333333,0.3947338409759603,0.9966666666666667,0.11666666666666667,6.666666666666667,0.001679484119562789,0.002688320964983389,0.15213675213675212,0.015384615384615385,0.0,0.0,2.1663807890222984,4.0,0.003418803418803419,0.12136752136752137,6.0837606837606835,0.13719206934963019,0.7197342231588807,0.006687598116169544,3.552380952380952,0.6897995710757374,0.0581196581196581,0.9914529914529916,0.9916666666666668,0.967603416997008,30,False,3210.0
3,sparse_sbm,sparse_sbm_4,4,25,3892717702,4134005780,"[37, 94, 145, 226, 236, 288, 371, 419, 426, 437, 493, 520, 581, 589, 597]","[328, 491, 318, 550, 372, 42, 568, 519, 118, 325, 452, 204, 534, 138, 314]",600,15,0.8,,3,200,"[[0.02, 0.005, 0.01], [0.005, 0.02, 0.005], [0.01, 0.005, 0.02]]",,,,,6.653333333333333,0.3947338409759603,0.9966666666666667,0.11666666666666667,6.866666666666666,0.0017035406313713995,0.004718550551628398,0.15726495726495726,0.011965811965811967,0.0,0.0,2.169811320754717,4.0,0.003418803418803419,0.14871794871794872,6.3760683760683765,0.13923689504638959,0.7112691722280763,0.0045851674002934505,3.4857142857142858,0.7550680362943816,0.0632478632478632,0.9948717948717948,0.995,0.6268518749857321,19,True,3210.0
3,sparse_sbm,sparse_sbm_4,4,26,3892717702,2191483373,"[101, 103, 105, 177, 202, 234, 250, 369, 383, 401, 407, 409, 426, 503, 546]","[334, 391, 291, 585, 347, 418, 266, 343, 492, 277, 590, 146, 118, 253, 56]",600,15,0.8,,3,200,"[[0.02, 0.005, 0.01], [0.005, 0.02, 0.005], [0.01, 0.005, 0.02]]",,,,,6.653333333333333,0.3947338409759603,0.9966666666666667,0.11666666666666667,7.866666666666666,0.00187939370796801,0.006432705530199183,0.17264957264957265,0.018803418803418803,0.003418803418803419,0.0,2.077186963979417,4.0,0.003418803418803419,0.20683760683760682,7.24957264957265,0.15208548199290012,0.6858213323966749,0.010087107676669817,3.2476190476190476,0.5995196314427703,0.0683760683760683,0.9931623931623932,0.9933333333333332,0.5954763330519199,17,True,3210.0
3,sparse_sbm,sparse_sbm_4,4,27,3892717702,2023392741,"[3, 18, 41, 74, 127, 167, 200, 287, 303, 309, 310, 456, 463, 504, 546]","[462, 233, 7, 570, 578, 300, 376, 88, 429, 415, 395, 584, 44, 159, 56]",600,15,0.8,,3,200,"[[0.02, 0.005, 0.01], [0.005, 0.02, 0.005], [0.01, 0.005, 0.02]]",,,,,6.653333333333333,0.3947338409759603,0.9966666666666667,0.11666666666666667,5.6,0.0014570975932405364,0.002308991790051657,0.12991452991452992,0.010256410256410256,0.0,0.0,2.2658662092624358,4.0,0.003418803418803419,0.0905982905982906,5.345299145299145,0.11770213247317236,0.7577859735393982,0.0058956916099773245,3.780952380952381,0.7782223928152854,0.0427350427350427,0.0598290598290598,0.0833333333333333,1.0302742919884622,30,False,1546.0
3,sparse_sbm,sparse_sbm_4,4,28,3892717702,3435796922,"[23, 67, 74, 104, 119, 153, 203, 332, 348, 362, 459, 496, 540, 560, 563]","[79, 82, 570, 203, 320, 425, 500, 170, 336, 288, 469, 227, 374, 589, 595]",600,15,0.8,,3,200,"[[0.02, 0.005, 0.01], [0.005, 0.02, 0.005], [0.01, 0.005, 0.02]]",,,,,6.653333333333333,0.3947338409759603,0.9966666666666667,0.11666666666666667,7.0,0.0017193503447744702,0.004876572567921391,0.1675213675213675,0.006837606837606838,0.0017094017094017094,0.0,2.0943396226415096,4.0,0.003418803418803419,0.1675213675213675,6.71965811965812,0.14355138204134227,0.6944502985598876,0.0031962785114045622,3.580952380952381,0.6507500604288344,0.0564102564102564,0.9914529914529916,0.9916666666666668,0.9673145830165596,30,False,3210.0
3,sparse_sbm,sparse_sbm_4,4,29,3892717702,2422805535,"[72, 126, 128, 136, 214, 226, 284, 318, 346, 402, 472, 482, 521, 555, 560]","[573, 78, 257, 278, 89, 550, 522, 561, 599, 393, 479, 553, 105, 250, 589]",600,15,0.8,,3,200,"[[0.02, 0.005, 0.01], [0.005, 0.02, 0.005], [0.01, 0.005, 0.02]]",,,,,6.653333333333333,0.3947338409759603,0.9966666666666667,0.11666666666666667,6.133333333333334,0.0015569968701420113,0.004187702447001065,0.15213675213675212,0.005128205128205128,0.0,0.0,2.1680960548885078,4.0,0.003418803418803419,0.09230769230769231,5.630769230769231,0.131670665483424,0.7200854700854701,0.002069160997732426,3.8285714285714287,0.8013767493361893,0.0376068376068376,0.0991452991452991,0.1216666666666666,0.9616296669701114,30,False,1546.0
3,sparse_sbm,sparse_sbm_4,4,30,3892717702,872706124,"[25, 40, 133, 241, 296, 308, 336, 343, 364, 429, 437, 572, 573, 593, 595]","[551, 261, 408, 142, 167, 99, 65, 397, 428, 63, 325, 161, 454, 598, 190]",600,15,0.8,,3,200,"[[0.02, 0.005, 0.01], [0.005, 0.02, 0.005], [0.01, 0.005, 0.02]]",,,,,6.653333333333333,0.3947338409759603,0.9966666666666667,0.11666666666666667,6.666666666666667,0.001689637789782351,0.004301494456182377,0.1606837606837607,0.005128205128205128,0.0017094017094017094,0.0,2.123499142367067,4.0,0.003418803418803419,0.1264957264957265,6.064957264957265,0.13742420514908907,0.7058599695585996,0.0033699633699633695,3.619047619047619,0.6739044169497383,0.0478632478632478,0.147008547008547,0.1683333333333333,0.8104464589850977,24,True,1602.0
3,sparse_sbm,sparse_sbm_4,4,31,3892717702,3284116100,"[32, 123, 140, 160, 180, 186, 200, 237, 253, 267, 344, 426, 434, 483, 539]","[186, 164, 102, 511, 359, 383, 376, 369, 143, 555, 564, 118, 117, 154, 297]",600,15,0.8,,3,200,"[[0.02, 0.005, 0.01], [0.005, 0.02, 0.005], [0.01, 0.005, 0.02]]",,,,,6.653333333333333,0.3947338409759603,0.9966666666666667,0.11666666666666667,7.533333333333333,0.0018584717162641346,0.004315086587591189,0.17264957264957265,0.013675213675213675,0.0,0.0,2.137221269296741,4.0,0.003418803418803419,0.15042735042735042,6.4512820512820515,0.14964306739055586,0.6859091441283222,0.005627705627705628,3.5238095238095237,0.8013767493361893,0.0598290598290598,0.9914529914529916,0.9916666666666668,0.6846779170446098,20,True,3210.0
3,sparse_sbm,sparse_sbm_4,4,32,3892717702,4082157971,"[42, 68, 73, 109, 121, 127, 190, 211, 277, 349, 409, 433, 464, 480, 504]","[206, 554, 388, 283, 21, 578, 259, 213, 437, 461, 146, 504, 375, 304, 159]",600,15,0.8,,3,200,"[[0.02, 0.005, 0.01], [0.005, 0.02, 0.005], [0.01, 0.005, 0.02]]",,,,,6.653333333333333,0.3947338409759603,0.9966666666666667,0.11666666666666667,5.866666666666666,0.0014938071278508631,0.002866999295038996,0.13504273504273503,0.008547008547008548,0.0,0.0,2.2264150943396226,4.0,0.003418803418803419,0.11282051282051282,5.688888888888889,0.12112555994152471,0.7489872380283339,0.0055332233903662474,3.6285714285714286,0.6897995710757373,0.0581196581196581,0.2974358974358974,0.315,1.0053275410318747,30,False,1730.0
3,sparse_sbm,sparse_sbm_4,4,33,3892717702,4099550122,"[35, 74, 90, 123, 134, 143, 285, 316, 345, 398, 415, 426, 450, 535, 591]","[24, 570, 316, 164, 174, 330, 179, 332, 48, 122, 379, 118, 34, 86, 451]",600,15,0.8,,3,200,"[[0.02, 0.005, 0.01], [0.005, 0.02, 0.005], [0.01, 0.005, 0.02]]",,,,,6.653333333333333,0.3947338409759603,0.9966666666666667,0.11666666666666667,6.866666666666666,0.0017218160830456,0.0037744405772658332,0.14358974358974358,0.013675213675213675,0.0017094017094017094,0.0,2.202401372212693,4.0,0.003418803418803419,0.15897435897435896,6.170940170940171,0.12807745412922084,0.7344397611520899,0.008976499690785403,3.4857142857142858,0.6666452145548335,0.0581196581196581,0.9914529914529916,0.9916666666666668,0.980507000000216,30,False,3210.0
3,sparse_sbm,sparse_sbm_4,4,34,3892717702,2311651811,"[24, 81, 105, 119, 150, 165, 227, 236, 305, 320, 356, 384, 392, 449, 501]","[567, 196, 291, 320, 473, 556, 137, 372, 176, 321, 524, 9, 124, 287, 115]",600,15,0.8,,3,200,"[[0.02, 0.005, 0.01], [0.005, 0.02, 0.005], [0.01, 0.005, 0.02]]",,,,,6.653333333333333,0.3947338409759603,0.9966666666666667,0.11666666666666667,6.466666666666667,0.0016271024473921364,0.004495599574812234,0.15213675213675212,0.010256410256410256,0.0,0.0,2.2058319039451115,4.0,0.003418803418803419,0.14017094017094017,6.066666666666666,0.13436383344700903,0.7199742418920501,0.00508290651147794,3.580952380952381,0.8013767493361893,0.0666666666666666,0.3521367521367521,0.3683333333333333,0.987548916018568,30,False,1764.0
3,sparse_sbm,sparse_sbm_4,4,35,3892717702,2903882190,"[1, 26, 54, 59, 76, 267, 315, 386, 421, 427, 455, 506, 537, 569, 575]","[340, 421, 119, 187, 268, 555, 313, 199, 544, 205, 130, 427, 508, 116, 468]",600,15,0.8,,3,200,"[[0.02, 0.005, 0.01], [0.005, 0.02, 0.005], [0.01, 0.005, 0.02]]",,,,,6.653333333333333,0.3947338409759603,0.9966666666666667,0.11666666666666667,6.666666666666667,0.0016447282669495285,0.00411110273577524,0.15555555555555556,0.008547008547008548,0.0,0.0,2.142367066895369,4.0,0.003418803418803419,0.13162393162393163,6.126495726495727,0.13508407667321456,0.7143835616438357,0.003954915299453114,3.6095238095238096,0.7038376073083176,0.0615384615384615,0.9948717948717948,0.995,0.9510384170571342,30,True,3210.0
3,sparse_sbm,sparse_sbm_4,4,36,3892717702,899651589,"[7, 56, 116, 145, 171, 192, 210, 232, 240, 242, 274, 365, 375, 538, 562]","[106, 580, 352, 318, 249, 417, 431, 236, 144, 96, 505, 33, 345, 16, 147]",600,15,0.8,,3,200,"[[0.02, 0.005, 0.01], [0.005, 0.02, 0.005], [0.01, 0.005, 0.02]]",,,,,6.653333333333333,0.3947338409759603,0.9966666666666667,0.11666666666666667,6.333333333333333,0.001602482674154937,0.003836184138741135,0.14358974358974358,0.008547008547008548,0.0,0.0,2.202401372212693,4.0,0.003418803418803419,0.1076923076923077,6.022222222222222,0.1274689345594632,0.7344104905748742,0.004931972789115646,3.6,0.8154147855687695,0.0393162393162393,0.0888888888888888,0.1116666666666666,0.9836116660153492,30,False,1536.0
3,sparse_sbm,sparse_sbm_4,4,37,3892717702,3538392837,"[43, 92, 97, 188, 363, 386, 434, 436, 482, 489, 492, 498, 505, 584, 586]","[169, 121, 509, 101, 399, 199, 117, 242, 553, 1, 132, 296, 472, 342, 309]",600,15,0.8,,3,200,"[[0.02, 0.005, 0.01], [0.005, 0.02, 0.005], [0.01, 0.005, 0.02]]",,,,,6.653333333333333,0.3947338409759603,0.9966666666666667,0.11666666666666667,8.266666666666667,0.00198107543307173,0.005936986749693516,0.18974358974358974,0.015384615384615385,0.0,0.0,2.0600343053173242,4.0,0.003418803418803419,0.19658119658119658,7.268376068376068,0.16301841060146088,0.6581255122351013,0.0055086222523197306,3.3047619047619046,0.6666452145548335,0.0427350427350427,0.1521367521367521,0.1733333333333333,0.8292545829899609,25,True,1582.0
3,sparse_sbm,sparse_sbm_4,4,38,3892717702,550290104,"[16, 43, 48, 211, 215, 256, 266, 287, 308, 310, 334, 364, 526, 584, 594]","[192, 169, 495, 213, 443, 521, 279, 88, 99, 395, 35, 428, 188, 342, 133]",600,15,0.8,,3,200,"[[0.02, 0.005, 0.01], [0.005, 0.02, 0.005], [0.01, 0.005, 0.02]]",,,,,6.653333333333333,0.3947338409759603,0.9966666666666667,0.11666666666666667,6.866666666666666,0.001742768293880838,0.004413357584855264,0.15213675213675212,0.013675213675213675,0.0,0.0,2.1972555746140654,4.0,0.003418803418803419,0.14871794871794872,5.888888888888889,0.135382570125025,0.719933263083948,0.006421158206872493,3.5428571428571427,0.8013767493361893,0.0495726495726495,0.1709401709401709,0.1916666666666666,0.981558041065,30,False,1602.0
3,sparse_sbm,sparse_sbm_4,4,39,3892717702,566857888,"[14, 40, 126, 132, 214, 300, 303, 367, 392, 420, 485, 507, 528, 575, 584]","[151, 261, 78, 262, 89, 344, 429, 378, 124, 191, 39, 377, 587, 468, 342]",600,15,0.8,,3,200,"[[0.02, 0.005, 0.01], [0.005, 0.02, 0.005], [0.01, 0.005, 0.02]]",,,,,6.653333333333333,0.3947338409759603,0.9966666666666667,0.11666666666666667,6.6,0.001655450535102443,0.004860050289146486,0.15384615384615385,0.011965811965811967,0.0,0.0,2.1680960548885078,4.0,0.003418803418803419,0.1282051282051282,6.109401709401709,0.13494889388848325,0.7171876829411076,0.006103896103896104,3.580952380952381,0.7410300000618014,0.0564102564102564,0.9931623931623932,0.9933333333333332,0.79216712503694,24,True,3210.0
3,sparse_sbm,sparse_sbm_4,4,40,3892717702,3814810345,"[19, 54, 101, 115, 187, 214, 227, 295, 448, 465, 489, 507, 508, 525, 581]","[292, 119, 334, 145, 476, 89, 137, 62, 20, 303, 1, 377, 111, 496, 534]",600,15,0.8,,3,200,"[[0.02, 0.005, 0.01], [0.005, 0.02, 0.005], [0.01, 0.005, 0.02]]",,,,,6.653333333333333,0.3947338409759603,0.9966666666666667,0.11666666666666667,6.266666666666667,0.0015887372991333663,0.0034053809629537007,0.14017094017094017,0.015384615384615385,0.0017094017094017094,0.0,2.216123499142367,4.0,0.003418803418803419,0.12478632478632479,5.728205128205128,0.12643974764996233,0.7401943566327128,0.008811175596889882,3.6476190476190475,0.6897995710757374,0.0529914529914529,0.27008547008547,0.2883333333333333,1.0023437089985237,30,False,1706.0
3,sparse_sbm,sparse_sbm_4,4,41,3892717702,118831010,"[73, 116, 155, 183, 187, 229, 249, 267, 270, 285, 301, 537, 545, 561, 569]","[388, 352, 433, 139, 476, 23, 235, 555, 225, 179, 389, 508, 289, 406, 116]",600,15,0.8,,3,200,"[[0.02, 0.005, 0.01], [0.005, 0.02, 0.005], [0.01, 0.005, 0.02]]",,,,,6.653333333333333,0.3947338409759603,0.9966666666666667,0.11666666666666667,5.866666666666666,0.0014770989589120214,0.0028881503106308122,0.1452991452991453,0.0017094017094017094,0.0,0.0,2.207547169811321,4.0,0.003418803418803419,0.09914529914529914,5.652991452991453,0.1257758248708806,0.7316532022011474,0.001058201058201058,3.7333333333333334,0.7410300000618014,0.0529914529914529,0.2239316239316239,0.2433333333333333,0.9879882920067756,30,False,1640.0
3,sparse_sbm,sparse_sbm_4,4,42,3892717702,3688090585,"[12, 114, 202, 218, 219, 311, 322, 377, 390, 491, 511, 541, 553, 564, 591]","[384, 269, 347, 484, 501, 84, 202, 197, 405, 282, 45, 209, 182, 127, 451]",600,15,0.8,,3,200,"[[0.02, 0.005, 0.01], [0.005, 0.02, 0.005], [0.01, 0.005, 0.02]]",,,,,6.653333333333333,0.3947338409759603,0.9966666666666667,0.11666666666666667,6.533333333333333,0.0016275635519495376,0.004380156042057849,0.1606837606837607,0.006837606837606838,0.0,0.0,2.13893653516295,4.0,0.003418803418803419,0.1264957264957265,6.170940170940171,0.13945755708281207,0.7056726378644187,0.002780394208965637,3.552380952380952,0.8013767493361893,0.0529914529914529,0.1931623931623931,0.2133333333333333,0.9898877500090748,30,False,1650.0
3,sparse_sbm,sparse_sbm_4,4,43,3892717702,3259367888,"[14, 57, 65, 105, 124, 179, 190, 250, 257, 274, 305, 317, 362, 387, 499]","[151, 588, 43, 291, 597, 552, 259, 266, 17, 505, 176, 488, 288, 0, 224]",600,15,0.8,,3,200,"[[0.02, 0.005, 0.01], [0.005, 0.02, 0.005], [0.01, 0.005, 0.02]]",,,,,6.653333333333333,0.3947338409759603,0.9966666666666667,0.11666666666666667,7.466666666666667,0.001838147352280848,0.005021383188222479,0.16923076923076924,0.015384615384615385,0.0,0.0,2.1149228130360207,4.0,0.003418803418803419,0.15726495726495726,6.552136752136752,0.14673872159614992,0.691698864301604,0.006422209909604868,3.466666666666667,0.8013767493361893,0.0632478632478632,0.9965811965811966,0.9966666666666668,0.969884708058089,30,False,3210.0
3,sparse_sbm,sparse_sbm_4,4,44,3892717702,887483215,"[182, 257, 289, 295, 300, 340, 357, 361, 383, 387, 417, 418, 461, 506, 511]","[134, 17, 47, 62, 344, 153, 135, 558, 492, 0, 52, 12, 110, 427, 45]",600,15,0.8,,3,200,"[[0.02, 0.005, 0.01], [0.005, 0.02, 0.005], [0.01, 0.005, 0.02]]",,,,,6.653333333333333,0.3947338409759603,0.9966666666666667,0.11666666666666667,5.466666666666667,0.0014433669877635504,0.002978882813563016,0.1282051282051282,0.008547008547008548,0.0,0.0,2.30188679245283,5.0,0.003418803418803419,0.06495726495726496,5.005128205128205,0.11642549764293623,0.7607481559536354,0.005169830169830169,3.8095238095238093,0.6367120241962544,0.0547008547008547,0.1641025641025641,0.185,0.989679791033268,30,False,1580.0
3,sparse_sbm,sparse_sbm_4,4,45,3892717702,65096829,"[50, 118, 143, 186, 214, 256, 269, 285, 298, 352, 359, 360, 461, 486, 548]","[512, 448, 330, 383, 89, 521, 226, 179, 185, 28, 434, 411, 110, 446, 364]",600,15,0.8,,3,200,"[[0.02, 0.005, 0.01], [0.005, 0.02, 0.005], [0.01, 0.005, 0.02]]",,,,,6.653333333333333,0.3947338409759603,0.9966666666666667,0.11666666666666667,6.0,0.0015273258615592226,0.003225899004499754,0.14358974358974358,0.010256410256410256,0.0,0.0,2.2195540308747854,4.0,0.003418803418803419,0.09401709401709402,5.509401709401709,0.12777085382048056,0.7344397611520899,0.004730621647914881,3.6857142857142855,0.6879424531823184,0.0427350427350427,0.1675213675213675,0.1883333333333333,0.9954082500189544,30,True,1622.0
3,sparse_sbm,sparse_sbm_4,4,46,3892717702,1128561827,"[0, 16, 33, 61, 63, 121, 124, 128, 162, 163, 186, 311, 375, 425, 440]","[80, 192, 212, 457, 478, 21, 597, 257, 87, 386, 383, 84, 345, 55, 592]",600,15,0.8,,3,200,"[[0.02, 0.005, 0.01], [0.005, 0.02, 0.005], [0.01, 0.005, 0.02]]",,,,,6.653333333333333,0.3947338409759603,0.9966666666666667,0.11666666666666667,6.666666666666667,0.0016981816541195725,0.0035897007622528562,0.147008547008547,0.017094017094017096,0.0,0.0,2.1938250428816466,4.0,0.003418803418803419,0.11623931623931624,6.217094017094017,0.13348522756621553,0.7284100222456387,0.007451899951899952,3.5904761904761906,0.8013767493361893,0.0598290598290598,0.7247863247863248,0.7316666666666667,1.0128313329769298,30,False,2378.0
3,sparse_sbm,sparse_sbm_4,4,47,3892717702,1721655420,"[34, 114, 171, 178, 190, 200, 303, 329, 345, 390, 454, 502, 533, 569, 596]","[362, 269, 249, 74, 259, 376, 429, 81, 48, 405, 149, 440, 37, 116, 535]",600,15,0.8,,3,200,"[[0.02, 0.005, 0.01], [0.005, 0.02, 0.005], [0.01, 0.005, 0.02]]",,,,,6.653333333333333,0.3947338409759603,0.9966666666666667,0.11666666666666667,6.466666666666667,0.0016261135681587802,0.003522030454699578,0.14358974358974358,0.015384615384615385,0.0,0.0,2.2058319039451115,4.0,0.003418803418803419,0.13504273504273503,5.9282051282051285,0.13063091784130074,0.7342173047652499,0.006796470725042153,3.6476190476190475,0.6367120241962543,0.0564102564102564,0.9931623931623932,0.9933333333333332,0.9945603749947622,30,False,3210.0
3,sparse_sbm,sparse_sbm_4,4,48,3892717702,4100719806,"[71, 114, 185, 237, 247, 265, 304, 346, 404, 421, 449, 520, 522, 545, 591]","[54, 269, 184, 369, 26, 109, 68, 599, 499, 544, 287, 204, 177, 289, 451]",600,15,0.8,,3,200,"[[0.02, 0.005, 0.01], [0.005, 0.02, 0.005], [0.01, 0.005, 0.02]]",,,,,6.653333333333333,0.3947338409759603,0.9966666666666667,0.11666666666666667,6.933333333333334,0.001700995961464422,0.004038102860434144,0.1606837606837607,0.013675213675213675,0.0,0.0,2.130360205831904,4.0,0.003418803418803419,0.15384615384615385,6.3247863247863245,0.14035282094660897,0.7057311790188503,0.006507936507936507,3.4857142857142858,0.6507500604288344,0.0632478632478632,0.9965811965811966,0.9966666666666668,0.579855874995701,17,True,3210.0
3,sparse_sbm,sparse_sbm_4,4,49,3892717702,4144080686,"[45, 76, 78, 128, 204, 275, 297, 343, 389, 443, 462, 498, 530, 544, 576]","[367, 268, 273, 257, 324, 13, 93, 397, 90, 275, 562, 296, 165, 363, 2]",600,15,0.8,,3,200,"[[0.02, 0.005, 0.01], [0.005, 0.02, 0.005], [0.01, 0.005, 0.02]]",,,,,6.653333333333333,0.3947338409759603,0.9966666666666667,0.11666666666666667,7.0,0.0017281192742285884,0.004468561227349175,0.15213675213675212,0.022222222222222223,0.0017094017094017094,0.0,2.195540308747856,5.0,0.003418803418803419,0.1641025641025641,6.3931623931623935,0.13846793311343156,0.7198278890059712,0.009653213528489954,3.5142857142857142,0.7410300000618014,0.07008547008547,0.9948717948717948,0.995,0.9600343339843675,30,False,3210.0
3,sparse_sbm,sparse_sbm_5,5,0,2722615484,1039801632,"[13, 147, 236, 245, 249, 363, 421, 422, 434, 508, 549, 581, 583, 584, 597]","[367, 282, 405, 390, 21, 348, 594, 129, 210, 180, 568, 241, 131, 270, 457]",600,15,0.8,,3,200,"[[0.02, 0.005, 0.01], [0.005, 0.02, 0.005], [0.01, 0.005, 0.02]]",,,,,6.605,0.4042534036911119,0.9983333333333333,0.09,6.933333333333334,0.0017145059281234664,0.005586042296370627,0.15726495726495726,0.013675213675213675,0.0,0.0,2.1301369863013697,4.0,0.0017094017094017094,0.15726495726495726,6.678632478632479,0.13750309817018566,0.7114857744994731,0.006480167824705641,3.4857142857142858,0.6377460727269549,0.0615384615384615,0.9948717948717948,0.995,0.9831226250389592,30,False,3164.0
3,sparse_sbm,sparse_sbm_5,5,1,2722615484,3711428971,"[11, 75, 108, 127, 202, 239, 240, 272, 280, 328, 400, 510, 533, 542, 574]","[598, 363, 520, 295, 262, 495, 428, 61, 33, 20, 63, 82, 35, 195, 14]",600,15,0.8,,3,200,"[[0.02, 0.005, 0.01], [0.005, 0.02, 0.005], [0.01, 0.005, 0.02]]",,,,,6.605,0.4042534036911119,0.9983333333333333,0.09,6.533333333333333,0.0016341577066484416,0.0044339745161362885,0.14871794871794872,0.010256410256410256,0.0017094017094017094,0.0,2.1883561643835616,4.0,0.0017094017094017094,0.15726495726495726,6.418803418803419,0.1323954037636268,0.7256468797564688,0.005868417296988726,3.5428571428571427,0.6983580917800656,0.0393162393162393,0.1128205128205128,0.135,1.0160349160432816,30,False,1556.0
3,sparse_sbm,sparse_sbm_5,5,2,2722615484,4159984556,"[4, 10, 28, 71, 81, 119, 147, 156, 162, 176, 236, 368, 388, 485, 518]","[562, 291, 294, 408, 497, 527, 282, 549, 439, 121, 405, 187, 221, 311, 271]",600,15,0.8,,3,200,"[[0.02, 0.005, 0.01], [0.005, 0.02, 0.005], [0.01, 0.005, 0.02]]",,,,,6.605,0.4042534036911119,0.9983333333333333,0.09,6.866666666666666,0.001704816705429458,0.004056850035706793,0.15726495726495726,0.018803418803418803,0.0,0.0,2.1678082191780823,4.0,0.0017094017094017094,0.1606837606837607,6.2905982905982905,0.1414779954693087,0.7111696522655426,0.007139575128296933,3.4857142857142858,0.8064614084099904,0.0649572649572649,0.9931623931623932,0.9933333333333332,0.7937428329605609,24,True,3164.0
3,sparse_sbm,sparse_sbm_5,5,3,2722615484,2187879055,"[17, 117, 208, 237, 242, 250, 271, 327, 350, 378, 515, 519, 526, 591, 596]","[530, 191, 450, 143, 500, 453, 528, 422, 512, 203, 29, 481, 477, 45, 499]",600,15,0.8,,3,200,"[[0.02, 0.005, 0.01], [0.005, 0.02, 0.005], [0.01, 0.005, 0.02]]",,,,,6.605,0.4042534036911119,0.9983333333333333,0.09,6.466666666666667,0.0016574093750718161,0.004448177547897295,0.1452991452991453,0.011965811965811967,0.0017094017094017094,0.0,2.184931506849315,4.0,0.0017094017094017094,0.12478632478632479,5.984615384615385,0.13011924737519392,0.7314541622760801,0.00723297866155009,3.6476190476190475,0.8064614084099903,0.0529914529914529,0.7863247863247863,0.7916666666666666,0.9890644589904696,30,False,2528.0
3,sparse_sbm,sparse_sbm_5,5,4,2722615484,2125582140,"[50, 96, 113, 123, 148, 175, 197, 215, 346, 363, 380, 398, 429, 436, 580]","[358, 15, 98, 287, 589, 332, 442, 151, 28, 348, 81, 508, 293, 274, 431]",600,15,0.8,,3,200,"[[0.02, 0.005, 0.01], [0.005, 0.02, 0.005], [0.01, 0.005, 0.02]]",,,,,6.605,0.4042534036911119,0.9983333333333333,0.09,5.8,0.0014964635406966424,0.002245820822779945,0.1282051282051282,0.013675213675213675,0.0017094017094017094,0.0,2.2739726027397262,4.0,0.0017094017094017094,0.07008547008547009,5.345299145299145,0.11824315516610918,0.7606427818756586,0.010091773306059022,3.857142857142857,0.7628191234695049,0.0547008547008547,0.9948717948717948,0.995,1.0160165829584002,30,False,3164.0
3,sparse_sbm,sparse_sbm_5,5,5,2722615484,1234635326,"[73, 76, 99, 113, 127, 288, 322, 361, 408, 451, 462, 468, 484, 546, 591]","[545, 532, 53, 98, 295, 318, 108, 421, 4, 79, 234, 19, 300, 1, 45]",600,15,0.8,,3,200,"[[0.02, 0.005, 0.01], [0.005, 0.02, 0.005], [0.01, 0.005, 0.02]]",,,,,6.605,0.4042534036911119,0.9983333333333333,0.09,7.8,0.0018817649163562324,0.004827122563769964,0.17264957264957265,0.013675213675213675,0.0,0.0,2.0993150684931505,4.0,0.0017094017094017094,0.2222222222222222,7.271794871794872,0.15056145214268477,0.6858447488584475,0.005384249270803893,3.276190476190476,0.7369000686224506,0.0683760683760683,0.9965811965811966,0.9966666666666668,0.9702086249599232,30,False,3164.0
3,sparse_sbm,sparse_sbm_5,5,6,2722615484,3346038396,"[57, 65, 115, 143, 205, 227, 406, 422, 472, 492, 496, 510, 511, 570, 599]","[385, 435, 174, 571, 506, 339, 515, 129, 50, 582, 7, 82, 261, 52, 561]",600,15,0.8,,3,200,"[[0.02, 0.005, 0.01], [0.005, 0.02, 0.005], [0.01, 0.005, 0.02]]",,,,,6.605,0.4042534036911119,0.9983333333333333,0.09,6.733333333333333,0.0016659129664004606,0.005657262049061575,0.15897435897435896,0.013675213675213675,0.0,0.0,2.131849315068493,4.0,0.0017094017094017094,0.15042735042735042,6.420512820512821,0.14029625868966614,0.7085001756234633,0.006086042604176173,3.552380952380952,0.7679194315676052,0.0512820512820512,0.1829059829059829,0.2033333333333333,1.0217170839896426,30,False,1644.0
3,sparse_sbm,sparse_sbm_5,5,7,2722615484,3652625420,"[37, 47, 128, 141, 242, 272, 288, 297, 343, 386, 413, 433, 495, 527, 576]","[591, 541, 403, 88, 500, 61, 318, 455, 392, 66, 75, 86, 167, 146, 304]",600,15,0.8,,3,200,"[[0.02, 0.005, 0.01], [0.005, 0.02, 0.005], [0.01, 0.005, 0.02]]",,,,,6.605,0.4042534036911119,0.9983333333333333,0.09,5.666666666666667,0.0014764263812478806,0.0027222157660426434,0.13675213675213677,0.008547008547008548,0.0,0.0,2.2448630136986303,4.0,0.0017094017094017094,0.09572649572649573,5.442735042735043,0.12173580619993563,0.7461304296920735,0.004607297464440321,3.8095238095238093,0.8450033852523753,0.0444444444444444,0.3675213675213675,0.3833333333333333,1.0263025410240516,30,False,1808.0
3,sparse_sbm,sparse_sbm_5,5,8,2722615484,886209853,"[18, 42, 79, 144, 153, 173, 221, 258, 294, 302, 337, 404, 421, 492, 572]","[85, 426, 69, 307, 490, 470, 130, 317, 111, 76, 3, 353, 594, 582, 26]",600,15,0.8,,3,200,"[[0.02, 0.005, 0.01], [0.005, 0.02, 0.005], [0.01, 0.005, 0.02]]",,,,,6.605,0.4042534036911119,0.9983333333333333,0.09,6.066666666666666,0.0015505494446290213,0.003380438068035738,0.14188034188034188,0.013675213675213675,0.0,0.0,2.2003424657534247,4.0,0.0017094017094017094,0.11282051282051282,5.851282051282051,0.12852180189116671,0.7372146118721461,0.006076929606341371,3.676190476190476,0.7679194315676052,0.0598290598290598,0.9965811965811966,0.9966666666666668,0.9860118340002372,30,False,3164.0
3,sparse_sbm,sparse_sbm_5,5,9,2722615484,1193805499,"[82, 103, 105, 265, 278, 331, 417, 420, 464, 501, 544, 545, 565, 566, 569]","[264, 511, 156, 199, 303, 296, 569, 330, 514, 524, 59, 458, 433, 310, 41]",600,15,0.8,,3,200,"[[0.02, 0.005, 0.01], [0.005, 0.02, 0.005], [0.01, 0.005, 0.02]]",,,,,6.605,0.4042534036911119,0.9983333333333333,0.09,6.4,0.0016025887746688788,0.0035701877891927665,0.15042735042735042,0.010256410256410256,0.0,0.0,2.190068493150685,4.0,0.0017094017094017094,0.13504273504273503,5.745299145299145,0.131175902552036,0.7230710689614799,0.0032867228762850165,3.7904761904761903,0.8304559569388802,0.0427350427350427,0.2222222222222222,0.2416666666666666,1.005713208927773,30,False,1636.0
3,sparse_sbm,sparse_sbm_5,5,10,2722615484,1118569335,"[119, 153, 175, 222, 276, 321, 329, 347, 385, 526, 533, 535, 563, 574, 599]","[527, 490, 332, 590, 243, 502, 185, 272, 344, 477, 35, 148, 244, 14, 561]",600,15,0.8,,3,200,"[[0.02, 0.005, 0.01], [0.005, 0.02, 0.005], [0.01, 0.005, 0.02]]",,,,,6.605,0.4042534036911119,0.9983333333333333,0.09,6.333333333333333,0.0016372860491614286,0.004303682214056084,0.14188034188034188,0.015384615384615385,0.0017094017094017094,0.0,2.2174657534246576,4.0,0.0017094017094017094,0.1076923076923077,5.622222222222222,0.12906346236104632,0.7372087577567029,0.009293580680135303,3.6285714285714286,0.6212741380952955,0.0581196581196581,0.2444444444444444,0.2633333333333333,1.0597509579965845,30,False,1682.0
3,sparse_sbm,sparse_sbm_5,5,11,2722615484,3211905945,"[24, 42, 58, 73, 144, 147, 171, 274, 319, 390, 449, 517, 535, 544, 565]","[176, 426, 13, 545, 307, 282, 463, 184, 354, 112, 179, 546, 148, 59, 433]",600,15,0.8,,3,200,"[[0.02, 0.005, 0.01], [0.005, 0.02, 0.005], [0.01, 0.005, 0.02]]",,,,,6.605,0.4042534036911119,0.9983333333333333,0.09,7.933333333333334,0.0019085998437592918,0.004555124886673427,0.1829059829059829,0.013675213675213675,0.0,0.0,2.0993150684931505,4.0,0.0017094017094017094,0.21367521367521367,7.287179487179487,0.15767798358670215,0.6691488116145651,0.005163006723157099,3.3047619047619046,0.7293774547252203,0.07008547008547,0.9948717948717948,0.995,0.7823825420346111,24,True,3164.0
3,sparse_sbm,sparse_sbm_5,5,12,2722615484,3436313194,"[63, 72, 160, 186, 215, 224, 228, 277, 353, 455, 468, 522, 529, 547, 557]","[54, 491, 226, 18, 151, 299, 83, 73, 252, 343, 19, 554, 158, 257, 229]",600,15,0.8,,3,200,"[[0.02, 0.005, 0.01], [0.005, 0.02, 0.005], [0.01, 0.005, 0.02]]",,,,,6.605,0.4042534036911119,0.9983333333333333,0.09,7.066666666666666,0.0017725160995478602,0.004601335212417448,0.15726495726495726,0.013675213675213675,0.0,0.0,2.1267123287671232,4.0,0.0017094017094017094,0.13846153846153847,6.3418803418803416,0.13988307760790702,0.7112457557663037,0.0053231292517006805,3.4952380952380953,0.8450033852523753,0.0495726495726495,0.1162393162393162,0.1383333333333333,1.0433907080441711,30,False,1588.0
3,sparse_sbm,sparse_sbm_5,5,13,2722615484,2833203362,"[5, 43, 54, 172, 252, 284, 297, 338, 343, 345, 367, 395, 491, 544, 557]","[389, 314, 116, 550, 341, 285, 455, 316, 392, 181, 557, 565, 396, 59, 229]",600,15,0.8,,3,200,"[[0.02, 0.005, 0.01], [0.005, 0.02, 0.005], [0.01, 0.005, 0.02]]",,,,,6.605,0.4042534036911119,0.9983333333333333,0.09,5.6,0.0014703653708086075,0.003524216813629933,0.13162393162393163,0.008547008547008548,0.0,0.0,2.2414383561643834,4.0,0.0017094017094017094,0.07692307692307693,5.123076923076923,0.11704956428772607,0.7550286851656715,0.005759637188208618,3.857142857142857,0.8835453620947604,0.0512820512820512,0.9931623931623932,0.9933333333333332,0.9908595000160858,30,False,3164.0
3,sparse_sbm,sparse_sbm_5,5,14,2722615484,41930491,"[2, 8, 114, 163, 234, 266, 340, 344, 346, 422, 447, 462, 496, 565, 574]","[17, 225, 364, 240, 473, 355, 71, 398, 28, 129, 409, 234, 7, 433, 14]",600,15,0.8,,3,200,"[[0.02, 0.005, 0.01], [0.005, 0.02, 0.005], [0.01, 0.005, 0.02]]",,,,,6.605,0.4042534036911119,0.9983333333333333,0.09,7.066666666666666,0.0017467470291021717,0.005025911690142277,0.15384615384615385,0.015384615384615385,0.0017094017094017094,0.0,2.1763698630136985,4.0,0.0017094017094017094,0.17264957264957265,6.499145299145299,0.13724311735161968,0.7170003512469266,0.00832931033616571,3.4095238095238094,0.8835453620947604,0.0581196581196581,0.7452991452991453,0.7516666666666667,1.0240423750365153,30,False,2500.0
3,sparse_sbm,sparse_sbm_5,5,15,2722615484,300459271,"[18, 19, 21, 65, 141, 192, 211, 238, 286, 287, 293, 372, 376, 513, 591]","[85, 265, 516, 435, 88, 312, 558, 592, 34, 567, 194, 277, 245, 539, 45]",600,15,0.8,,3,200,"[[0.02, 0.005, 0.01], [0.005, 0.02, 0.005], [0.01, 0.005, 0.02]]",,,,,6.605,0.4042534036911119,0.9983333333333333,0.09,7.0,0.0017353322241116058,0.004953672480136013,0.1641025641025641,0.013675213675213675,0.0017094017094017094,0.0,2.1027397260273974,4.0,0.0017094017094017094,0.15213675213675212,6.52991452991453,0.1431051588305848,0.7000526870389884,0.007863035452597592,3.5047619047619047,0.6743635432511758,0.0649572649572649,1.0,1.0,0.8052894999273121,24,True,3164.0
3,sparse_sbm,sparse_sbm_5,5,16,2722615484,436412403,"[33, 66, 93, 106, 139, 188, 193, 224, 266, 303, 342, 367, 377, 483, 557]","[328, 387, 538, 548, 215, 62, 233, 299, 355, 283, 368, 557, 415, 77, 229]",600,15,0.8,,3,200,"[[0.02, 0.005, 0.01], [0.005, 0.02, 0.005], [0.01, 0.005, 0.02]]",,,,,6.605,0.4042534036911119,0.9983333333333333,0.09,5.8,0.0015226677060585596,0.0038510704809803223,0.14358974358974358,0.005128205128205128,0.0,0.0,2.2226027397260273,4.0,0.0017094017094017094,0.08717948717948718,5.345299145299145,0.1253592188309778,0.7345509893455099,0.0028499278499278503,3.8857142857142857,0.8689979337812653,0.0495726495726495,0.1931623931623931,0.2133333333333333,1.0314106659498066,30,False,1622.0
3,sparse_sbm,sparse_sbm_5,5,17,2722615484,2991895934,"[2, 13, 39, 63, 81, 100, 124, 242, 312, 347, 474, 479, 531, 562, 594]","[17, 367, 337, 54, 497, 281, 483, 500, 268, 272, 110, 279, 109, 518, 253]",600,15,0.8,,3,200,"[[0.02, 0.005, 0.01], [0.005, 0.02, 0.005], [0.01, 0.005, 0.02]]",,,,,6.605,0.4042534036911119,0.9983333333333333,0.09,6.0,0.001530255294391482,0.003933772933861908,0.14358974358974358,0.010256410256410256,0.0,0.0,2.190068493150685,4.0,0.0017094017094017094,0.10256410256410256,5.806837606837607,0.1268874388510051,0.7344397611520899,0.0060722694181340785,3.6857142857142855,0.7148300264117251,0.0564102564102564,0.1333333333333333,0.155,1.012660750071518,30,False,1576.0
3,sparse_sbm,sparse_sbm_5,5,18,2722615484,256917934,"[83, 102, 230, 253, 257, 295, 315, 317, 341, 348, 416, 512, 523, 554, 575]","[533, 555, 356, 298, 67, 173, 220, 544, 434, 583, 164, 599, 178, 128, 189]",600,15,0.8,,3,200,"[[0.02, 0.005, 0.01], [0.005, 0.02, 0.005], [0.01, 0.005, 0.02]]",,,,,6.605,0.4042534036911119,0.9983333333333333,0.09,6.933333333333334,0.001720060479092845,0.00423616465421858,0.15555555555555556,0.006837606837606838,0.0017094017094017094,0.0,2.155821917808219,4.0,0.0017094017094017094,0.12991452991452992,6.38974358974359,0.1349065555225972,0.7143308746048472,0.004389063317634746,3.4857142857142858,0.70028259809823,0.0564102564102564,0.9948717948717948,0.995,0.9839024590328336,30,False,3164.0
3,sparse_sbm,sparse_sbm_5,5,19,2722615484,2962672660,"[60, 116, 119, 214, 236, 254, 338, 417, 424, 439, 510, 514, 545, 552, 557]","[258, 572, 527, 55, 405, 171, 316, 569, 89, 70, 82, 410, 458, 365, 229]",600,15,0.8,,3,200,"[[0.02, 0.005, 0.01], [0.005, 0.02, 0.005], [0.01, 0.005, 0.02]]",,,,,6.605,0.4042534036911119,0.9983333333333333,0.09,6.2,0.0015878510872354805,0.004431295600207777,0.14188034188034188,0.013675213675213675,0.0,0.0,2.1780821917808217,4.0,0.0017094017094017094,0.09572649572649573,5.579487179487179,0.1278907023994259,0.7372555906802483,0.005429600744726795,3.8190476190476192,0.7514474969359458,0.0581196581196581,0.4102564102564102,0.425,1.018797125085257,30,False,1768.0
3,sparse_sbm,sparse_sbm_5,5,20,2722615484,41121411,"[16, 38, 59, 165, 223, 281, 290, 384, 404, 484, 488, 500, 510, 522, 555]","[386, 575, 101, 165, 286, 193, 236, 484, 353, 300, 347, 115, 82, 554, 138]",600,15,0.8,,3,200,"[[0.02, 0.005, 0.01], [0.005, 0.02, 0.005], [0.01, 0.005, 0.02]]",,,,,6.605,0.4042534036911119,0.9983333333333333,0.09,6.6,0.0016449453720317688,0.004542749809024223,0.15897435897435896,0.006837606837606838,0.0017094017094017094,0.0,2.160958904109589,4.0,0.0017094017094017094,0.14871794871794872,6.367521367521367,0.13798992983353967,0.708564570893338,0.006407511722637774,3.5238095238095237,0.8304559569388802,0.0615384615384615,1.0,1.0,1.0138849170180038,30,False,3164.0
3,sparse_sbm,sparse_sbm_5,5,21,2722615484,300531526,"[16, 126, 180, 290, 313, 373, 412, 423, 429, 460, 488, 502, 555, 564, 595]","[386, 388, 510, 236, 204, 540, 342, 91, 293, 206, 347, 581, 138, 325, 188]",600,15,0.8,,3,200,"[[0.02, 0.005, 0.01], [0.005, 0.02, 0.005], [0.01, 0.005, 0.02]]",,,,,6.605,0.4042534036911119,0.9983333333333333,0.09,5.666666666666667,0.0014756248443466105,0.0035263716462480355,0.13333333333333333,0.008547008547008548,0.0,0.0,2.285958904109589,4.0,0.0017094017094017094,0.10427350427350428,5.326495726495726,0.12057277135951726,0.7518733169418101,0.004024705453276882,3.742857142857143,0.8450033852523755,0.0547008547008547,0.9931623931623932,0.9933333333333332,1.0038450830616057,30,False,3164.0
3,sparse_sbm,sparse_sbm_5,5,22,2722615484,2220114251,"[103, 157, 234, 270, 319, 329, 343, 348, 354, 391, 412, 417, 441, 463, 559]","[511, 478, 473, 505, 354, 185, 392, 583, 382, 207, 342, 569, 551, 10, 397]",600,15,0.8,,3,200,"[[0.02, 0.005, 0.01], [0.005, 0.02, 0.005], [0.01, 0.005, 0.02]]",,,,,6.605,0.4042534036911119,0.9983333333333333,0.09,6.666666666666667,0.001697521557889215,0.006161260602659418,0.15555555555555556,0.011965811965811967,0.0,0.0,2.154109589041096,4.0,0.0017094017094017094,0.11794871794871795,5.972649572649573,0.13665344762996112,0.7142664793349724,0.004731089016803303,3.6095238095238096,0.5972795895664056,0.0393162393162393,0.1606837606837607,0.1816666666666666,1.03109033301007,30,False,1602.0
3,sparse_sbm,sparse_sbm_5,5,23,2722615484,2921828238,"[33, 56, 123, 157, 160, 228, 271, 283, 298, 336, 403, 430, 434, 544, 553]","[328, 135, 287, 478, 226, 83, 528, 212, 523, 564, 273, 464, 210, 59, 462]",600,15,0.8,,3,200,"[[0.02, 0.005, 0.01], [0.005, 0.02, 0.005], [0.01, 0.005, 0.02]]",,,,,6.605,0.4042534036911119,0.9983333333333333,0.09,7.266666666666667,0.0018152036590540932,0.005268835675690188,0.17094017094017094,0.015384615384615385,0.0,0.0,2.1027397260273974,4.0,0.0017094017094017094,0.15042735042735042,6.5025641025641026,0.14854667273395797,0.6887600983491394,0.0061568061568061565,3.638095238095238,0.8450033852523755,0.0547008547008547,0.8444444444444444,0.8483333333333334,1.0287204580381513,30,False,2732.0
3,sparse_sbm,sparse_sbm_5,5,24,2722615484,4141660084,"[11, 28, 106, 147, 183, 264, 268, 314, 320, 349, 467, 486, 533, 554, 571]","[598, 294, 548, 282, 25, 529, 334, 517, 12, 90, 593, 16, 35, 128, 362]",600,15,0.8,,3,200,"[[0.02, 0.005, 0.01], [0.005, 0.02, 0.005], [0.01, 0.005, 0.02]]",,,,,6.605,0.4042534036911119,0.9983333333333333,0.09,6.333333333333333,0.0015981017440649817,0.0030797740852175743,0.1452991452991453,0.015384615384615385,0.0017094017094017094,0.0,2.2003424657534247,4.0,0.0017094017094017094,0.15384615384615385,6.196581196581197,0.1311908499809594,0.7314483081606369,0.007540363832933492,3.580952380952381,0.7679194315676053,0.0461538461538461,0.976068376068376,0.9766666666666668,1.0141864590113985,30,False,3128.0
3,sparse_sbm,sparse_sbm_5,5,25,2722615484,537949,"[14, 91, 136, 150, 214, 306, 310, 329, 346, 349, 442, 508, 513, 580, 590]","[489, 522, 269, 476, 55, 154, 472, 185, 28, 90, 371, 180, 539, 431, 340]",600,15,0.8,,3,200,"[[0.02, 0.005, 0.01], [0.005, 0.02, 0.005], [0.01, 0.005, 0.02]]",,,,,6.605,0.4042534036911119,0.9983333333333333,0.09,6.666666666666667,0.0016975951252770328,0.004352464102771093,0.15384615384615385,0.013675213675213675,0.0,0.0,2.1678082191780823,4.0,0.0017094017094017094,0.12136752136752137,5.982905982905983,0.13690965444008352,0.7170120594778129,0.005567544811242291,3.7142857142857144,0.661740621255845,0.0581196581196581,0.2205128205128205,0.24,1.0184884580085054,30,False,1650.0
3,sparse_sbm,sparse_sbm_5,5,26,2722615484,2195322001,"[23, 59, 89, 96, 109, 136, 252, 264, 296, 376, 414, 432, 458, 471, 494]","[587, 101, 412, 15, 446, 269, 341, 529, 399, 245, 49, 372, 256, 224, 526]",600,15,0.8,,3,200,"[[0.02, 0.005, 0.01], [0.005, 0.02, 0.005], [0.01, 0.005, 0.02]]",,,,,6.605,0.4042534036911119,0.9983333333333333,0.09,6.333333333333333,0.001597630274133795,0.0032176293875972096,0.15726495726495726,0.005128205128205128,0.0,0.0,2.1695205479452055,4.0,0.0017094017094017094,0.11965811965811966,6.133333333333334,0.13632838903307504,0.7114096709987121,0.002180993609565038,3.7333333333333334,0.8304559569388802,0.0547008547008547,0.9931623931623932,0.9933333333333332,0.9860123340040444,30,False,3164.0
3,sparse_sbm,sparse_sbm_5,5,27,2722615484,4245709567,"[15, 52, 86, 183, 192, 271, 283, 300, 327, 373, 395, 397, 459, 523, 569]","[466, 162, 0, 25, 312, 528, 212, 133, 422, 540, 565, 250, 352, 178, 41]",600,15,0.8,,3,200,"[[0.02, 0.005, 0.01], [0.005, 0.02, 0.005], [0.01, 0.005, 0.02]]",,,,,6.605,0.4042534036911119,0.9983333333333333,0.09,6.8,0.0017182742132114395,0.0043666907383119,0.1606837606837607,0.006837606837606838,0.0,0.0,2.131849315068493,4.0,0.0017094017094017094,0.11965811965811966,5.866666666666666,0.1381913903870477,0.7058424072122702,0.0026505901505901506,3.657142857142857,0.7223526403089555,0.0427350427350427,0.1384615384615384,0.16,1.0127402080688626,30,False,1580.0
3,sparse_sbm,sparse_sbm_5,5,28,2722615484,3654388268,"[14, 74, 95, 120, 144, 162, 172, 192, 225, 271, 426, 447, 451, 503, 504]","[489, 284, 425, 543, 307, 439, 550, 312, 308, 528, 475, 409, 79, 451, 37]",600,15,0.8,,3,200,"[[0.02, 0.005, 0.01], [0.005, 0.02, 0.005], [0.01, 0.005, 0.02]]",,,,,6.605,0.4042534036911119,0.9983333333333333,0.09,6.666666666666667,0.001677453399470648,0.004038146085537749,0.15555555555555556,0.015384615384615385,0.0,0.0,2.1797945205479454,4.0,0.0017094017094017094,0.13504273504273503,6.1179487179487175,0.1383005905906116,0.714172813487882,0.0062560264771675655,3.5428571428571427,0.7773665517830001,0.0547008547008547,0.9948717948717948,0.995,0.9862229590071364,30,False,3164.0
3,sparse_sbm,sparse_sbm_5,5,29,2722615484,545298233,"[7, 53, 88, 148, 185, 301, 320, 348, 358, 399, 423, 445, 517, 547, 553]","[80, 536, 105, 589, 369, 438, 12, 583, 320, 145, 91, 123, 546, 257, 462]",600,15,0.8,,3,200,"[[0.02, 0.005, 0.01], [0.005, 0.02, 0.005], [0.01, 0.005, 0.02]]",,,,,6.605,0.4042534036911119,0.9983333333333333,0.09,7.4,0.0018416311942928544,0.005431417985301387,0.17435897435897435,0.015384615384615385,0.0,0.0,2.0924657534246576,4.0,0.0017094017094017094,0.14358974358974358,6.317948717948718,0.15001956673069813,0.6833333333333333,0.006497250026661792,3.5428571428571427,0.738824574940615,0.0632478632478632,0.9948717948717948,0.995,1.0152745840605348,30,False,3164.0
3,sparse_sbm,sparse_sbm_5,5,30,2722615484,2340634044,"[3, 16, 50, 61, 171, 184, 193, 227, 272, 316, 379, 399, 459, 473, 570]","[383, 386, 358, 216, 463, 579, 233, 339, 61, 58, 560, 145, 352, 248, 52]",600,15,0.8,,3,200,"[[0.02, 0.005, 0.01], [0.005, 0.02, 0.005], [0.01, 0.005, 0.02]]",,,,,6.605,0.4042534036911119,0.9983333333333333,0.09,7.4,0.0018324624082207456,0.004791907496031834,0.1675213675213675,0.010256410256410256,0.0017094017094017094,0.0,2.107876712328767,4.0,0.0017094017094017094,0.15213675213675212,6.466666666666667,0.1446245848129287,0.6944502985598876,0.006094134623546388,3.4952380952380953,0.7773665517830001,0.0564102564102564,0.2153846153846154,0.235,1.0250142919830978,30,True,1660.0
3,sparse_sbm,sparse_sbm_5,5,31,2722615484,1962240439,"[26, 37, 138, 148, 178, 183, 204, 212, 213, 225, 347, 407, 423, 440, 554]","[9, 591, 444, 589, 469, 25, 423, 134, 487, 308, 272, 147, 91, 441, 128]",600,15,0.8,,3,200,"[[0.02, 0.005, 0.01], [0.005, 0.02, 0.005], [0.01, 0.005, 0.02]]",,,,,6.605,0.4042534036911119,0.9983333333333333,0.09,5.933333333333334,0.0015423692004349237,0.003215232979023201,0.13504273504273503,0.010256410256410256,0.0,0.0,2.2003424657534247,4.0,0.0017094017094017094,0.10085470085470086,5.442735042735043,0.12205169531536461,0.7489462592202318,0.004276181907760855,3.7142857142857144,0.8595508135658704,0.0393162393162393,0.0752136752136752,0.0983333333333333,1.0257755420170724,30,False,1572.0
3,sparse_sbm,sparse_sbm_5,5,32,2722615484,2977008816,"[30, 44, 65, 76, 92, 268, 311, 326, 337, 344, 401, 441, 463, 496, 563]","[192, 87, 435, 532, 411, 334, 485, 297, 3, 398, 452, 551, 10, 7, 244]",600,15,0.8,,3,200,"[[0.02, 0.005, 0.01], [0.005, 0.02, 0.005], [0.01, 0.005, 0.02]]",,,,,6.605,0.4042534036911119,0.9983333333333333,0.09,5.866666666666666,0.0015001061216636069,0.0035311982260873443,0.13675213675213677,0.006837606837606838,0.0,0.0,2.2243150684931505,4.0,0.0017094017094017094,0.11452991452991453,5.711111111111111,0.12114495970394555,0.7461655543847324,0.0037087912087912086,3.6857142857142855,0.7533720032541101,0.0564102564102564,0.9965811965811966,0.9966666666666668,0.9927612090250476,30,False,3164.0
3,sparse_sbm,sparse_sbm_5,5,33,2722615484,4033344943,"[9, 14, 16, 122, 146, 160, 206, 273, 412, 413, 443, 465, 517, 529, 571]","[537, 489, 386, 222, 376, 226, 406, 480, 342, 75, 419, 447, 546, 158, 362]",600,15,0.8,,3,200,"[[0.02, 0.005, 0.01], [0.005, 0.02, 0.005], [0.01, 0.005, 0.02]]",,,,,6.605,0.4042534036911119,0.9983333333333333,0.09,8.2,0.002018107171240266,0.006607333285092429,0.19487179487179487,0.015384615384615385,0.0,0.0,2.0547945205479454,4.0,0.0017094017094017094,0.1794871794871795,6.798290598290598,0.16602978126590406,0.6500175623463295,0.0052893123061190294,3.466666666666667,0.8304559569388802,0.0598290598290598,0.2239316239316239,0.2433333333333333,1.0383953329874205,30,False,1640.0
3,sparse_sbm,sparse_sbm_5,5,34,2722615484,821325796,"[9, 48, 74, 117, 123, 130, 174, 180, 241, 258, 445, 461, 522, 585, 592]","[537, 504, 284, 191, 287, 578, 47, 510, 305, 317, 123, 280, 554, 430, 65]",600,15,0.8,,3,200,"[[0.02, 0.005, 0.01], [0.005, 0.02, 0.005], [0.01, 0.005, 0.02]]",,,,,6.605,0.4042534036911119,0.9983333333333333,0.09,6.933333333333334,0.0017092619421695129,0.004872751077008638,0.1623931623931624,0.011965811965811967,0.0,0.0,2.118150684931507,4.0,0.0017094017094017094,0.17094017094017094,6.8478632478632475,0.1422544295485725,0.7027982671818288,0.0053182928182928186,3.342857142857143,0.8689979337812651,0.0598290598290598,0.9965811965811966,0.9966666666666668,0.9974795409943908,30,False,3164.0
3,sparse_sbm,sparse_sbm_5,5,35,2722615484,3334912344,"[25, 33, 34, 41, 49, 102, 136, 166, 180, 194, 270, 357, 387, 440, 482]","[95, 328, 39, 566, 552, 555, 269, 190, 510, 496, 505, 149, 394, 441, 492]",600,15,0.8,,3,200,"[[0.02, 0.005, 0.01], [0.005, 0.02, 0.005], [0.01, 0.005, 0.02]]",,,,,6.605,0.4042534036911119,0.9983333333333333,0.09,6.733333333333333,0.001676040212043739,0.0033608341212747702,0.15555555555555556,0.010256410256410256,0.0,0.0,2.1678082191780823,4.0,0.0017094017094017094,0.15384615384615385,6.328205128205128,0.13687423015129166,0.714213792295984,0.0048252937538651825,3.4761904761904763,0.7002825980982299,0.0495726495726495,0.988034188034188,0.9883333333333332,1.0086314160143957,30,False,3158.0
3,sparse_sbm,sparse_sbm_5,5,36,2722615484,2052672585,"[1, 30, 58, 65, 99, 108, 166, 167, 233, 245, 253, 342, 350, 437, 480]","[574, 192, 13, 435, 53, 520, 190, 266, 519, 390, 298, 368, 512, 424, 288]",600,15,0.8,,3,200,"[[0.02, 0.005, 0.01], [0.005, 0.02, 0.005], [0.01, 0.005, 0.02]]",,,,,6.605,0.4042534036911119,0.9983333333333333,0.09,6.866666666666666,0.0016993112860362559,0.005671327830110534,0.15897435897435896,0.017094017094017096,0.0,0.0,2.142123287671233,4.0,0.0017094017094017094,0.1623931623931624,6.3538461538461535,0.14127032578782747,0.7084709050462475,0.006144467888165367,3.5904761904761906,0.8210088367234856,0.0564102564102564,0.9931623931623932,0.9933333333333332,0.9755499999737368,30,False,3164.0
3,sparse_sbm,sparse_sbm_5,5,37,2722615484,676856834,"[0, 2, 29, 117, 194, 205, 236, 291, 310, 430, 476, 503, 522, 571, 578]","[8, 17, 247, 191, 496, 506, 405, 443, 472, 464, 239, 451, 554, 362, 586]",600,15,0.8,,3,200,"[[0.02, 0.005, 0.01], [0.005, 0.02, 0.005], [0.01, 0.005, 0.02]]",,,,,6.605,0.4042534036911119,0.9983333333333333,0.09,6.666666666666667,0.001670533046091506,0.003645845116545164,0.15555555555555556,0.011965811965811967,0.0,0.0,2.171232876712329,4.0,0.0017094017094017094,0.15213675213675212,6.181196581196581,0.1376006521253266,0.7141669593724388,0.004219962838936745,3.6952380952380954,0.7533720032541101,0.0564102564102564,0.9948717948717948,0.995,1.0194736249977725,30,False,3164.0
3,sparse_sbm,sparse_sbm_5,5,38,2722615484,3680400869,"[115, 154, 155, 169, 208, 224, 270, 303, 318, 371, 410, 473, 502, 552, 559]","[174, 64, 139, 122, 450, 299, 505, 283, 585, 60, 211, 248, 581, 365, 397]",600,15,0.8,,3,200,"[[0.02, 0.005, 0.01], [0.005, 0.02, 0.005], [0.01, 0.005, 0.02]]",,,,,6.605,0.4042534036911119,0.9983333333333333,0.09,6.2,0.0015556878970488875,0.004231858564940307,0.14871794871794872,0.010256410256410256,0.0,0.0,2.160958904109589,4.0,0.0017094017094017094,0.14188034188034188,6.283760683760684,0.13225800231926824,0.7256644421027982,0.00472009472009472,3.619047619047619,0.8304559569388802,0.0427350427350427,0.1538461538461538,0.175,1.036342500010505,30,False,1576.0
3,sparse_sbm,sparse_sbm_5,5,39,2722615484,2833825996,"[51, 53, 77, 169, 246, 270, 358, 365, 399, 403, 405, 491, 509, 519, 526]","[584, 536, 196, 122, 263, 505, 320, 289, 145, 273, 142, 396, 94, 481, 477]",600,15,0.8,,3,200,"[[0.02, 0.005, 0.01], [0.005, 0.02, 0.005], [0.01, 0.005, 0.02]]",,,,,6.605,0.4042534036911119,0.9983333333333333,0.09,7.333333333333333,0.00183342141337003,0.008826801493767491,0.17264957264957265,0.011965811965811967,0.0,0.0,2.0821917808219177,4.0,0.0017094017094017094,0.14871794871794872,6.6461538461538465,0.1477437628595232,0.6861433087460485,0.0049405659699777345,3.5619047619047617,0.7148300264117252,0.0529914529914529,0.1829059829059829,0.2033333333333333,1.0238370419247076,30,False,1618.0
3,sparse_sbm,sparse_sbm_5,5,40,2722615484,1126624157,"[11, 23, 73, 84, 98, 124, 157, 229, 320, 337, 373, 398, 433, 542, 570]","[598, 587, 545, 43, 159, 483, 478, 507, 12, 3, 540, 508, 86, 195, 52]",600,15,0.8,,3,200,"[[0.02, 0.005, 0.01], [0.005, 0.02, 0.005], [0.01, 0.005, 0.02]]",,,,,6.605,0.4042534036911119,0.9983333333333333,0.09,5.8,0.0014821682489146578,0.004090395234816692,0.13675213675213677,0.011965811965811967,0.0,0.0,2.2482876712328768,4.0,0.0017094017094017094,0.1094017094017094,5.786324786324786,0.1229349491943548,0.7460543261913125,0.006531299388442246,3.6857142857142855,0.8304559569388802,0.0427350427350427,0.1179487179487179,0.14,1.0238180420128629,30,True,1594.0
3,sparse_sbm,sparse_sbm_5,5,41,2722615484,3108209750,"[27, 80, 142, 143, 170, 184, 193, 290, 341, 346, 403, 457, 483, 556, 558]","[468, 31, 96, 571, 51, 579, 233, 236, 434, 28, 273, 78, 77, 161, 563]",600,15,0.8,,3,200,"[[0.02, 0.005, 0.01], [0.005, 0.02, 0.005], [0.01, 0.005, 0.02]]",,,,,6.605,0.4042534036911119,0.9983333333333333,0.09,6.466666666666667,0.0016187636837827987,0.0035788866817164627,0.147008547008547,0.013675213675213675,0.0017094017094017094,0.0,2.210616438356164,4.0,0.0017094017094017094,0.14188034188034188,6.237606837606838,0.13179715946933848,0.7285563751317176,0.008434792720507006,3.4095238095238094,0.8064614084099904,0.0529914529914529,0.2735042735042735,0.2916666666666667,1.0134470410412175,30,False,1684.0
3,sparse_sbm,sparse_sbm_5,5,42,2722615484,1119060089,"[19, 34, 91, 116, 133, 139, 203, 338, 374, 410, 422, 452, 467, 515, 558]","[265, 39, 522, 572, 127, 215, 407, 316, 467, 211, 129, 255, 593, 29, 563]",600,15,0.8,,3,200,"[[0.02, 0.005, 0.01], [0.005, 0.02, 0.005], [0.01, 0.005, 0.02]]",,,,,6.605,0.4042534036911119,0.9983333333333333,0.09,7.533333333333333,0.001832130548748263,0.005444800389435905,0.17264957264957265,0.020512820512820513,0.0,0.0,2.1010273972602738,4.0,0.0017094017094017094,0.2,7.042735042735043,0.1536046049948998,0.6857101042032548,0.00768286237326485,3.3333333333333335,0.6617406212558449,0.0666666666666666,0.9931623931623932,0.9933333333333332,0.8116456660209224,25,True,3164.0
3,sparse_sbm,sparse_sbm_5,5,43,2722615484,2104181196,"[87, 116, 157, 219, 241, 271, 338, 349, 417, 449, 492, 513, 545, 563, 584]","[559, 572, 478, 445, 305, 528, 316, 90, 569, 179, 582, 539, 458, 244, 270]",600,15,0.8,,3,200,"[[0.02, 0.005, 0.01], [0.005, 0.02, 0.005], [0.01, 0.005, 0.02]]",,,,,6.605,0.4042534036911119,0.9983333333333333,0.09,7.0,0.0017189477969622694,0.004254620827296427,0.15384615384615385,0.022222222222222223,0.0,0.0,2.162671232876712,4.0,0.0017094017094017094,0.18803418803418803,6.75042735042735,0.140271992564026,0.7168539983608476,0.009282929955198862,3.4380952380952383,0.7773665517830001,0.0478632478632478,0.9965811965811966,0.9966666666666668,0.9810475420672446,30,False,3164.0
3,sparse_sbm,sparse_sbm_5,5,44,2722615484,4291290660,"[42, 157, 173, 248, 251, 301, 317, 345, 362, 390, 437, 507, 529, 563, 567]","[426, 478, 470, 597, 260, 438, 544, 181, 175, 112, 424, 573, 158, 244, 319]",600,15,0.8,,3,200,"[[0.02, 0.005, 0.01], [0.005, 0.02, 0.005], [0.01, 0.005, 0.02]]",,,,,6.605,0.4042534036911119,0.9983333333333333,0.09,7.933333333333334,0.0019357487406631887,0.007100020126620531,0.17435897435897435,0.020512820512820513,0.0017094017094017094,0.0,2.1010273972602738,4.0,0.0017094017094017094,0.2,7.064957264957265,0.15452863647282064,0.6828942746750966,0.009508994740087175,3.2476190476190476,0.6908354778828353,0.0666666666666666,0.9948717948717948,0.995,0.6283299999777228,19,True,3164.0
3,sparse_sbm,sparse_sbm_5,5,45,2722615484,1990407447,"[74, 135, 194, 202, 245, 248, 277, 315, 372, 401, 465, 522, 523, 544, 598]","[284, 482, 496, 262, 390, 597, 73, 220, 277, 452, 447, 554, 178, 59, 120]",600,15,0.8,,3,200,"[[0.02, 0.005, 0.01], [0.005, 0.02, 0.005], [0.01, 0.005, 0.02]]",,,,,6.605,0.4042534036911119,0.9983333333333333,0.09,6.666666666666667,0.0016872283422882067,0.003967727431613783,0.15384615384615385,0.017094017094017096,0.0,0.0,2.1797945205479454,4.0,0.0017094017094017094,0.13333333333333333,6.049572649572649,0.13718820973737925,0.7170706006322445,0.008422498826225535,3.5904761904761906,0.7293774547252203,0.0615384615384615,0.9948717948717948,0.995,0.9756703750463204,30,False,3164.0
3,sparse_sbm,sparse_sbm_5,5,46,2722615484,3388814785,"[62, 81, 109, 328, 357, 383, 415, 436, 450, 529, 536, 544, 558, 565, 572]","[494, 497, 446, 20, 149, 333, 416, 274, 275, 158, 152, 59, 563, 433, 26]",600,15,0.8,,3,200,"[[0.02, 0.005, 0.01], [0.005, 0.02, 0.005], [0.01, 0.005, 0.02]]",,,,,6.605,0.4042534036911119,0.9983333333333333,0.09,7.133333333333334,0.0017588246082079137,0.003919049709891707,0.1641025641025641,0.011965811965811967,0.0,0.0,2.154109589041096,4.0,0.0017094017094017094,0.17264957264957265,6.671794871794872,0.14389739139914032,0.6999180423837958,0.00463390619405657,3.4761904761904763,0.7679194315676052,0.0666666666666666,0.9931623931623932,0.9933333333333332,0.9312182500725612,28,True,3164.0
3,sparse_sbm,sparse_sbm_5,5,47,2722615484,2417266950,"[2, 54, 56, 195, 270, 279, 291, 297, 298, 344, 380, 401, 402, 482, 498]","[17, 116, 135, 498, 505, 414, 443, 455, 523, 398, 81, 452, 113, 492, 198]",600,15,0.8,,3,200,"[[0.02, 0.005, 0.01], [0.005, 0.02, 0.005], [0.01, 0.005, 0.02]]",,,,,6.605,0.4042534036911119,0.9983333333333333,0.09,6.333333333333333,0.0016133068690503043,0.0036154601545355857,0.1452991452991453,0.015384615384615385,0.0017094017094017094,0.0,2.208904109589041,4.0,0.0017094017094017094,0.12136752136752137,5.806837606837607,0.13118098892525454,0.7314424540451938,0.0072948338129673815,3.6666666666666665,0.8835453620947604,0.0495726495726495,0.9965811965811966,0.9966666666666668,1.0097641659667715,30,False,3164.0
3,sparse_sbm,sparse_sbm_5,5,48,2722615484,4213549993,"[43, 99, 134, 135, 136, 158, 269, 304, 381, 441, 467, 507, 513, 517, 583]","[314, 53, 205, 482, 269, 27, 350, 580, 346, 551, 593, 573, 539, 546, 131]",600,15,0.8,,3,200,"[[0.02, 0.005, 0.01], [0.005, 0.02, 0.005], [0.01, 0.005, 0.02]]",,,,,6.605,0.4042534036911119,0.9983333333333333,0.09,6.6,0.0016279853321494093,0.004773300803408845,0.15555555555555556,0.010256410256410256,0.0,0.0,2.143835616438356,4.0,0.0017094017094017094,0.15213675213675212,6.420512820512821,0.13639154487008717,0.7142606252195294,0.004566108494679923,3.580952380952381,0.6471931929423497,0.0512820512820512,0.988034188034188,0.9883333333333332,0.9770088749937712,30,False,3160.0
3,sparse_sbm,sparse_sbm_5,5,49,2722615484,3321172815,"[21, 34, 71, 150, 164, 173, 208, 249, 282, 328, 410, 441, 471, 564, 569]","[516, 39, 408, 476, 460, 470, 450, 21, 251, 20, 211, 551, 224, 325, 41]",600,15,0.8,,3,200,"[[0.02, 0.005, 0.01], [0.005, 0.02, 0.005], [0.01, 0.005, 0.02]]",,,,,6.605,0.4042534036911119,0.9983333333333333,0.09,6.066666666666666,0.0015561384993488818,0.00357345556928689,0.14017094017094017,0.015384615384615385,0.0,0.0,2.243150684931507,4.0,0.0017094017094017094,0.10256410256410256,5.747008547008547,0.1274067974659141,0.7401767942863833,0.008393326250469109,3.723809523809524,0.7439248830387154,0.0547008547008547,0.3504273504273504,0.3666666666666666,1.0187933330889791,30,False,1768.0
3,sparse_sbm,sparse_sbm_6,6,0,2664693414,747151214,"[33, 54, 67, 128, 146, 148, 188, 289, 296, 325, 337, 426, 427, 544, 581]","[372, 246, 518, 123, 96, 45, 171, 88, 491, 232, 286, 330, 314, 185, 450]",600,15,0.8,,3,200,"[[0.02, 0.005, 0.01], [0.005, 0.02, 0.005], [0.01, 0.005, 0.02]]",,,,,6.59,0.4069545089360802,0.9983333333333333,0.16333333333333333,5.6,0.001463278617519735,0.0038083403407733127,0.13162393162393163,0.008547008547008548,0.003418803418803419,0.0,2.23972602739726,4.0,0.0017094017094017094,0.10085470085470086,5.266666666666667,0.11870100062330385,0.7548823322795926,0.0077819431866313765,3.857142857142857,0.8246934261470263,0.0529914529914529,0.9948717948717948,0.995,0.996255708974786,30,False,3202.0
3,sparse_sbm,sparse_sbm_6,6,1,2664693414,395923879,"[10, 142, 166, 193, 195, 272, 275, 279, 340, 403, 420, 432, 435, 486, 564]","[437, 238, 186, 373, 177, 474, 438, 413, 165, 265, 408, 349, 578, 169, 70]",600,15,0.8,,3,200,"[[0.02, 0.005, 0.01], [0.005, 0.02, 0.005], [0.01, 0.005, 0.02]]",,,,,6.59,0.4069545089360802,0.9983333333333333,0.16333333333333333,6.933333333333334,0.001731583865850108,0.0053711837597736605,0.1606837606837607,0.013675213675213675,0.003418803418803419,0.0,2.190068493150685,4.0,0.0017094017094017094,0.17606837606837608,6.328205128205128,0.14146051707648916,0.705684346095305,0.008578132107543872,3.4571428571428573,0.7121154229672791,0.0529914529914529,0.9931623931623932,0.9933333333333332,0.9852797919884324,30,False,3202.0
3,sparse_sbm,sparse_sbm_6,6,2,2664693414,3606442030,"[57, 106, 111, 123, 170, 304, 315, 346, 379, 398, 411, 412, 517, 528, 545]","[416, 592, 443, 107, 222, 394, 589, 201, 12, 277, 13, 515, 420, 529, 257]",600,15,0.8,,3,200,"[[0.02, 0.005, 0.01], [0.005, 0.02, 0.005], [0.01, 0.005, 0.02]]",,,,,6.59,0.4069545089360802,0.9983333333333333,0.16333333333333333,7.0,0.001780708014643502,0.004837040130924823,0.15897435897435896,0.010256410256410256,0.0,0.0,2.162671232876712,4.0,0.0017094017094017094,0.147008547008547,6.345299145299145,0.13885830312552913,0.7085353003161222,0.003713878713878714,3.533333333333333,0.7194310133149713,0.0564102564102564,0.9931623931623932,0.9933333333333332,0.9983769579557702,30,False,3202.0
3,sparse_sbm,sparse_sbm_6,6,3,2664693414,3326374153,"[42, 109, 259, 284, 292, 299, 304, 305, 320, 328, 351, 407, 417, 438, 599]","[29, 393, 331, 229, 312, 83, 394, 11, 513, 390, 517, 384, 374, 412, 63]",600,15,0.8,,3,200,"[[0.02, 0.005, 0.01], [0.005, 0.02, 0.005], [0.01, 0.005, 0.02]]",,,,,6.59,0.4069545089360802,0.9983333333333333,0.16333333333333333,6.666666666666667,0.0017033903195965234,0.0050417691180988525,0.15555555555555556,0.008547008547008548,0.0,0.0,2.1678082191780823,4.0,0.0017094017094017094,0.12478632478632479,5.875213675213676,0.13504395696695576,0.7143835616438357,0.0034357177214320075,3.6857142857142855,0.7121154229672791,0.041025641025641,0.3094017094017094,0.3266666666666666,0.998042207909748,30,False,1718.0
3,sparse_sbm,sparse_sbm_6,6,4,2664693414,29401332,"[51, 223, 286, 298, 324, 336, 360, 391, 393, 465, 469, 474, 478, 519, 555]","[268, 168, 281, 260, 276, 254, 414, 490, 435, 207, 208, 145, 79, 497, 259]",600,15,0.8,,3,200,"[[0.02, 0.005, 0.01], [0.005, 0.02, 0.005], [0.01, 0.005, 0.02]]",,,,,6.59,0.4069545089360802,0.9983333333333333,0.16333333333333333,6.866666666666666,0.0017601799949683034,0.003557515547204488,0.14871794871794872,0.017094017094017096,0.0,0.0,2.238013698630137,4.0,0.0017094017094017094,0.12307692307692308,5.776068376068376,0.1347218731021345,0.7255766303711509,0.007885831100116814,3.533333333333333,0.8246934261470263,0.0581196581196581,0.9897435897435898,0.99,1.009547790978104,30,False,3202.0
3,sparse_sbm,sparse_sbm_6,6,5,2664693414,3216290558,"[25, 195, 210, 281, 290, 298, 309, 314, 441, 465, 537, 549, 550, 559, 584]","[25, 177, 21, 278, 272, 260, 172, 503, 133, 207, 43, 261, 86, 446, 9]",600,15,0.8,,3,200,"[[0.02, 0.005, 0.01], [0.005, 0.02, 0.005], [0.01, 0.005, 0.02]]",,,,,6.59,0.4069545089360802,0.9983333333333333,0.16333333333333333,6.466666666666667,0.0016605423672535584,0.003450563998422948,0.15726495726495726,0.005128205128205128,0.0,0.0,2.184931506849315,5.0,0.0017094017094017094,0.10598290598290598,5.911111111111111,0.13639890067937968,0.7113862545369395,0.001984126984126984,3.657142857142857,0.7674023411560141,0.0598290598290598,0.9948717948717948,0.995,0.9784093340858816,30,False,3202.0
3,sparse_sbm,sparse_sbm_6,6,6,2664693414,4273837381,"[46, 106, 151, 221, 250, 309, 348, 417, 426, 445, 498, 560, 565, 579, 598]","[427, 592, 340, 164, 128, 172, 323, 374, 330, 146, 464, 449, 190, 267, 176]",600,15,0.8,,3,200,"[[0.02, 0.005, 0.01], [0.005, 0.02, 0.005], [0.01, 0.005, 0.02]]",,,,,6.59,0.4069545089360802,0.9983333333333333,0.16333333333333333,7.266666666666667,0.0018017247744666585,0.005439918935063565,0.17435897435897435,0.006837606837606838,0.0017094017094017094,0.0,2.1113013698630136,4.0,0.0017094017094017094,0.17435897435897435,6.454700854700855,0.1478596425709682,0.6833040627561175,0.0032974300831443686,3.5142857142857142,0.8075396739112116,0.0581196581196581,0.9931623931623932,0.9933333333333332,0.9992498749634252,30,False,3202.0
3,sparse_sbm,sparse_sbm_6,6,7,2664693414,3466020509,"[30, 31, 58, 108, 145, 195, 201, 223, 228, 363, 400, 502, 510, 564, 583]","[424, 106, 14, 594, 159, 177, 250, 168, 193, 436, 49, 561, 335, 70, 417]",600,15,0.8,,3,200,"[[0.02, 0.005, 0.01], [0.005, 0.02, 0.005], [0.01, 0.005, 0.02]]",,,,,6.59,0.4069545089360802,0.9983333333333333,0.16333333333333333,6.666666666666667,0.001704648192344498,0.004660557574565099,0.15897435897435896,0.008547008547008548,0.0,0.0,2.166095890410959,4.0,0.0017094017094017094,0.11965811965811966,5.917948717948718,0.13727894790390113,0.7087167778948601,0.004166666666666667,3.6285714285714286,0.7194310133149713,0.0683760683760683,0.9931623931623932,0.9933333333333332,0.9643072090111672,30,False,3202.0
3,sparse_sbm,sparse_sbm_6,6,8,2664693414,3557917160,"[19, 23, 59, 287, 327, 363, 421, 437, 460, 473, 487, 522, 559, 573, 587]","[553, 46, 87, 404, 181, 436, 567, 454, 530, 97, 353, 4, 446, 2, 342]",600,15,0.8,,3,200,"[[0.02, 0.005, 0.01], [0.005, 0.02, 0.005], [0.01, 0.005, 0.02]]",,,,,6.59,0.4069545089360802,0.9983333333333333,0.16333333333333333,5.6,0.0014942179527052911,0.003097941253902162,0.13162393162393163,0.011965811965811967,0.0,0.0,2.3013698630136985,4.0,0.0017094017094017094,0.09230769230769231,5.2615384615384615,0.12049579375681335,0.7547652499707295,0.006589918018489447,3.742857142857143,0.7674023411560141,0.0632478632478632,0.9914529914529916,0.9916666666666668,1.0000702920369804,30,False,3202.0
3,sparse_sbm,sparse_sbm_6,6,9,2664693414,246686482,"[5, 38, 68, 72, 114, 143, 168, 173, 186, 280, 369, 387, 395, 445, 525]","[326, 421, 587, 371, 554, 264, 300, 200, 313, 184, 471, 476, 522, 146, 576]",600,15,0.8,,3,200,"[[0.02, 0.005, 0.01], [0.005, 0.02, 0.005], [0.01, 0.005, 0.02]]",,,,,6.59,0.4069545089360802,0.9983333333333333,0.16333333333333333,7.333333333333333,0.0018913884579180578,0.005207776733713975,0.17435897435897435,0.010256410256410256,0.0,0.0,2.1301369863013697,4.0,0.0017094017094017094,0.11794871794871795,6.001709401709402,0.14994598364161724,0.6831401475237092,0.004533565562977328,3.6095238095238096,0.8095438407134887,0.07008547008547,0.9914529914529916,0.9916666666666668,0.9689426249824464,30,False,3202.0
3,sparse_sbm,sparse_sbm_6,6,10,2664693414,624296743,"[5, 49, 50, 112, 212, 274, 307, 312, 332, 402, 404, 430, 469, 505, 594]","[326, 485, 131, 234, 103, 546, 489, 381, 22, 387, 135, 59, 208, 284, 336]",600,15,0.8,,3,200,"[[0.02, 0.005, 0.01], [0.005, 0.02, 0.005], [0.01, 0.005, 0.02]]",,,,,6.59,0.4069545089360802,0.9983333333333333,0.16333333333333333,5.933333333333334,0.0015558056813123394,0.003375305028819861,0.147008547008547,0.0017094017094017094,0.0,0.0,2.2054794520547945,4.0,0.0017094017094017094,0.08205128205128205,5.3709401709401705,0.12697778449834998,0.7287319985950123,0.0008658008658008658,3.780952380952381,0.8951299297692988,0.0427350427350427,0.1538461538461538,0.175,1.0282877499703318,30,False,1576.0
3,sparse_sbm,sparse_sbm_6,6,11,2664693414,1105832582,"[8, 14, 15, 52, 92, 166, 214, 269, 283, 312, 361, 365, 395, 404, 436]","[275, 411, 377, 122, 343, 186, 361, 346, 584, 381, 580, 271, 522, 135, 320]",600,15,0.8,,3,200,"[[0.02, 0.005, 0.01], [0.005, 0.02, 0.005], [0.01, 0.005, 0.02]]",,,,,6.59,0.4069545089360802,0.9983333333333333,0.16333333333333333,5.266666666666667,0.00142581251846034,0.0030427698974649386,0.13333333333333333,0.0017094017094017094,0.0,0.0,2.2825342465753424,4.0,0.0017094017094017094,0.06666666666666667,4.741880341880342,0.11708808416281703,0.7520489404051048,0.0008658008658008658,3.961904761904762,0.8398430115805638,0.0529914529914529,0.1487179487179487,0.17,1.0192469169851393,30,False,1556.0
3,sparse_sbm,sparse_sbm_6,6,12,2664693414,915185416,"[20, 68, 111, 140, 144, 171, 304, 308, 330, 386, 441, 520, 528, 565, 574]","[562, 587, 443, 299, 318, 383, 394, 439, 338, 100, 133, 486, 529, 190, 40]",600,15,0.8,,3,200,"[[0.02, 0.005, 0.01], [0.005, 0.02, 0.005], [0.01, 0.005, 0.02]]",,,,,6.59,0.4069545089360802,0.9983333333333333,0.16333333333333333,6.666666666666667,0.0017248557042412324,0.0040322594174949985,0.14871794871794872,0.011965811965811967,0.0,0.0,2.1952054794520546,4.0,0.0017094017094017094,0.1264957264957265,5.806837606837607,0.131649869808507,0.7257522538344456,0.005885969772524395,3.657142857142857,0.7845560933918289,0.0529914529914529,0.3863247863247863,0.4016666666666666,1.0088386250426993,30,False,1836.0
3,sparse_sbm,sparse_sbm_6,6,13,2664693414,1673727839,"[108, 195, 279, 285, 295, 334, 388, 396, 404, 407, 417, 434, 436, 444, 502]","[594, 177, 413, 379, 445, 344, 175, 182, 135, 384, 374, 577, 320, 364, 561]",600,15,0.8,,3,200,"[[0.02, 0.005, 0.01], [0.005, 0.02, 0.005], [0.01, 0.005, 0.02]]",,,,,6.59,0.4069545089360802,0.9983333333333333,0.16333333333333333,7.066666666666666,0.0017906010613591582,0.005724184542072492,0.15897435897435896,0.018803418803418803,0.0,0.0,2.125,4.0,0.0017094017094017094,0.13846153846153847,6.283760683760684,0.1407814006853696,0.7085177379697928,0.008184618631323628,3.6,0.8095438407134888,0.07008547008547,0.9897435897435898,0.99,0.9651271670591086,30,False,3202.0
3,sparse_sbm,sparse_sbm_6,6,14,2664693414,2750751785,"[20, 220, 238, 249, 262, 290, 291, 294, 305, 324, 389, 478, 527, 528, 562]","[562, 279, 36, 366, 292, 272, 224, 488, 11, 276, 444, 79, 535, 529, 405]",600,15,0.8,,3,200,"[[0.02, 0.005, 0.01], [0.005, 0.02, 0.005], [0.01, 0.005, 0.02]]",,,,,6.59,0.4069545089360802,0.9983333333333333,0.16333333333333333,6.2,0.001628240434651468,0.004472657541335164,0.15042735042735042,0.008547008547008548,0.0,0.0,2.2226027397260273,4.0,0.0017094017094017094,0.10085470085470086,5.545299145299145,0.13211747568501098,0.7228778831518557,0.0044224558510272795,3.6666666666666665,0.7845560933918289,0.0581196581196581,0.9829059829059827,0.9833333333333332,1.0178029589587825,30,False,3186.0
3,sparse_sbm,sparse_sbm_6,6,15,2664693414,3504161324,"[15, 78, 98, 107, 158, 260, 284, 286, 303, 344, 346, 414, 451, 476, 497]","[377, 308, 149, 6, 35, 386, 229, 281, 304, 78, 201, 116, 213, 41, 432]",600,15,0.8,,3,200,"[[0.02, 0.005, 0.01], [0.005, 0.02, 0.005], [0.01, 0.005, 0.02]]",,,,,6.59,0.4069545089360802,0.9983333333333333,0.16333333333333333,6.533333333333333,0.001669012596104719,0.0036236173138100036,0.1452991452991453,0.015384615384615385,0.0,0.0,2.1866438356164384,4.0,0.0017094017094017094,0.12478632478632479,6.094017094017094,0.13219182107420713,0.731337079967217,0.006530250590400966,3.533333333333333,0.8648307589022237,0.0598290598290598,0.2512820512820513,0.27,0.9981288330163808,30,False,1664.0
3,sparse_sbm,sparse_sbm_6,6,16,2664693414,274847794,"[5, 58, 136, 156, 170, 221, 253, 334, 407, 426, 428, 472, 502, 510, 564]","[326, 14, 153, 460, 222, 164, 66, 344, 384, 330, 492, 428, 561, 335, 70]",600,15,0.8,,3,200,"[[0.02, 0.005, 0.01], [0.005, 0.02, 0.005], [0.01, 0.005, 0.02]]",,,,,6.59,0.4069545089360802,0.9983333333333333,0.16333333333333333,7.333333333333333,0.001816936319070066,0.005967721597909685,0.1606837606837607,0.017094017094017096,0.0,0.0,2.1455479452054793,4.0,0.0017094017094017094,0.1675213675213675,6.644444444444445,0.14330154925749844,0.7055555555555556,0.006347932335327294,3.380952380952381,0.8075396739112116,0.0632478632478632,0.9914529914529916,0.9916666666666668,0.8010329579701647,25,True,3202.0
3,sparse_sbm,sparse_sbm_6,6,17,2664693414,2240025895,"[3, 35, 92, 182, 239, 240, 261, 277, 292, 326, 340, 407, 498, 512, 569]","[94, 37, 343, 92, 347, 479, 258, 473, 312, 211, 165, 384, 464, 80, 590]",600,15,0.8,,3,200,"[[0.02, 0.005, 0.01], [0.005, 0.02, 0.005], [0.01, 0.005, 0.02]]",,,,,6.59,0.4069545089360802,0.9983333333333333,0.16333333333333333,7.4,0.0018524869857814625,0.00568343906956267,0.17435897435897435,0.011965811965811967,0.0,0.0,2.1267123287671232,4.0,0.0017094017094017094,0.15213675213675212,6.4051282051282055,0.15073555369924227,0.6830933146001639,0.004168053186186755,3.6,0.7194310133149713,0.0461538461538461,0.1179487179487179,0.14,1.0349488750798628,30,False,1564.0
3,sparse_sbm,sparse_sbm_6,6,18,2664693414,268524016,"[9, 36, 63, 77, 120, 250, 279, 304, 344, 392, 399, 460, 523, 537, 588]","[251, 72, 395, 483, 156, 128, 413, 394, 78, 345, 303, 530, 539, 43, 228]",600,15,0.8,,3,200,"[[0.02, 0.005, 0.01], [0.005, 0.02, 0.005], [0.01, 0.005, 0.02]]",,,,,6.59,0.4069545089360802,0.9983333333333333,0.16333333333333333,5.933333333333334,0.0015374527845218417,0.0032911024456755353,0.14188034188034188,0.010256410256410256,0.0,0.0,2.2260273972602738,5.0,0.0017094017094017094,0.12307692307692308,5.690598290598291,0.1271900917936651,0.7372497365648051,0.004678284678284679,3.638095238095238,0.6891318424478963,0.0649572649572649,0.9897435897435898,0.99,0.8431151249678805,26,True,3202.0
3,sparse_sbm,sparse_sbm_6,6,19,2664693414,3118437427,"[20, 40, 44, 56, 70, 133, 167, 274, 286, 355, 420, 454, 477, 499, 593]","[562, 470, 110, 269, 549, 98, 8, 546, 281, 129, 408, 321, 398, 434, 194]",600,15,0.8,,3,200,"[[0.02, 0.005, 0.01], [0.005, 0.02, 0.005], [0.01, 0.005, 0.02]]",,,,,6.59,0.4069545089360802,0.9983333333333333,0.16333333333333333,6.066666666666666,0.0015473820457889672,0.0032358596771061517,0.14871794871794872,0.006837606837606838,0.0,0.0,2.1780821917808217,4.0,0.0017094017094017094,0.11623931623931624,6.029059829059829,0.13150817498922107,0.7256468797564688,0.0029659229659229664,3.552380952380952,0.7997056788253664,0.0461538461538461,0.3435897435897436,0.36,1.0216251669917256,30,False,1764.0
3,sparse_sbm,sparse_sbm_6,6,20,2664693414,241538413,"[11, 93, 111, 137, 138, 220, 281, 398, 407, 431, 437, 506, 529, 551, 597]","[457, 252, 443, 266, 352, 279, 278, 277, 384, 7, 454, 579, 410, 233, 302]",600,15,0.8,,3,200,"[[0.02, 0.005, 0.01], [0.005, 0.02, 0.005], [0.01, 0.005, 0.02]]",,,,,6.59,0.4069545089360802,0.9983333333333333,0.16333333333333333,6.8,0.001714665163454393,0.005715713455948411,0.15897435897435896,0.015384615384615385,0.0,0.0,2.136986301369863,4.0,0.0017094017094017094,0.13846153846153847,6.251282051282051,0.13996625302491364,0.7085177379697928,0.005911803726929777,3.4857142857142858,0.8095438407134887,0.0598290598290598,0.9931623931623932,0.9933333333333332,1.008202750002965,30,False,3202.0
3,sparse_sbm,sparse_sbm_6,6,21,2664693414,493018385,"[62, 93, 139, 188, 253, 299, 317, 318, 334, 355, 433, 501, 540, 554, 580]","[124, 252, 370, 171, 66, 83, 586, 56, 344, 129, 136, 585, 77, 221, 467]",600,15,0.8,,3,200,"[[0.02, 0.005, 0.01], [0.005, 0.02, 0.005], [0.01, 0.005, 0.02]]",,,,,6.59,0.4069545089360802,0.9983333333333333,0.16333333333333333,5.133333333333334,0.0013901815239277646,0.003145844839936948,0.11794871794871795,0.006837606837606838,0.0,0.0,2.2756849315068495,4.0,0.0017094017094017094,0.06153846153846154,4.965811965811966,0.10908217307422834,0.778532958669945,0.0036700336700336697,3.8380952380952382,0.7997056788253663,0.0444444444444444,0.1025641025641025,0.125,1.009582708007656,30,False,1538.0
3,sparse_sbm,sparse_sbm_6,6,22,2664693414,423602570,"[1, 2, 5, 92, 113, 148, 315, 338, 339, 381, 393, 470, 497, 512, 592]","[61, 327, 326, 343, 74, 45, 589, 375, 173, 559, 435, 125, 432, 80, 180]",600,15,0.8,,3,200,"[[0.02, 0.005, 0.01], [0.005, 0.02, 0.005], [0.01, 0.005, 0.02]]",,,,,6.59,0.4069545089360802,0.9983333333333333,0.16333333333333333,6.8,0.00174956892527496,0.003474203359570775,0.1675213675213675,0.006837606837606838,0.0,0.0,2.1472602739726026,4.0,0.0017094017094017094,0.13333333333333333,6.369230769230769,0.1443288774041531,0.6943449244819108,0.002608017566000759,3.6476190476190475,0.8799803443357612,0.0598290598290598,0.9914529914529916,0.9916666666666668,0.9873108749743552,30,False,3202.0
3,sparse_sbm,sparse_sbm_6,6,23,2664693414,3796602758,"[9, 53, 55, 62, 78, 123, 258, 267, 321, 358, 377, 433, 477, 481, 542]","[251, 356, 174, 124, 308, 107, 84, 263, 536, 196, 508, 136, 398, 329, 104]",600,15,0.8,,3,200,"[[0.02, 0.005, 0.01], [0.005, 0.02, 0.005], [0.01, 0.005, 0.02]]",,,,,6.59,0.4069545089360802,0.9983333333333333,0.16333333333333333,6.333333333333333,0.0016253866011449345,0.004163751860767587,0.15213675213675212,0.006837606837606838,0.0,0.0,2.166095890410959,4.0,0.0017094017094017094,0.11794871794871795,5.547008547008547,0.1311242013704442,0.7202376770869922,0.0027234753550543023,3.7333333333333334,0.7845560933918287,0.0461538461538461,0.0974358974358974,0.12,0.8832849588943645,25,True,1538.0
3,sparse_sbm,sparse_sbm_6,6,24,2664693414,2429011222,"[78, 230, 257, 266, 267, 269, 271, 368, 377, 455, 464, 465, 468, 567, 578]","[308, 10, 407, 23, 263, 346, 68, 183, 508, 28, 388, 207, 226, 188, 85]",600,15,0.8,,3,200,"[[0.02, 0.005, 0.01], [0.005, 0.02, 0.005], [0.01, 0.005, 0.02]]",,,,,6.59,0.4069545089360802,0.9983333333333333,0.16333333333333333,6.933333333333334,0.0017417908764180506,0.005478927150229995,0.1658119658119658,0.005128205128205128,0.0,0.0,2.142123287671233,4.0,0.0017094017094017094,0.1452991452991453,6.225641025641026,0.13979874781809168,0.6975881044374195,0.002226890756302521,3.5142857142857142,0.7674023411560141,0.0512820512820512,0.9965811965811966,0.9966666666666668,0.9806967499898748,30,False,3202.0
3,sparse_sbm,sparse_sbm_6,6,25,2664693414,3128085392,"[2, 6, 11, 37, 76, 114, 197, 221, 252, 327, 421, 467, 518, 570, 593]","[327, 505, 457, 359, 563, 554, 462, 164, 502, 181, 567, 591, 204, 32, 194]",600,15,0.8,,3,200,"[[0.02, 0.005, 0.01], [0.005, 0.02, 0.005], [0.01, 0.005, 0.02]]",,,,,6.59,0.4069545089360802,0.9983333333333333,0.16333333333333333,6.8,0.0017156472068666504,0.003831457951316407,0.1641025641025641,0.010256410256410256,0.0,0.0,2.1523972602739727,4.0,0.0017094017094017094,0.13846153846153847,6.063247863247863,0.1417282102178681,0.7001346446551926,0.0046185995765827695,3.638095238095238,0.7674023411560141,0.0649572649572649,0.9914529914529916,0.9916666666666668,0.9729019579244778,30,False,3202.0
3,sparse_sbm,sparse_sbm_6,6,26,2664693414,1991416323,"[11, 25, 59, 67, 100, 147, 173, 196, 262, 266, 318, 370, 451, 537, 550]","[457, 25, 87, 518, 73, 311, 200, 217, 292, 23, 56, 141, 213, 43, 86]",600,15,0.8,,3,200,"[[0.02, 0.005, 0.01], [0.005, 0.02, 0.005], [0.01, 0.005, 0.02]]",,,,,6.59,0.4069545089360802,0.9983333333333333,0.16333333333333333,7.133333333333334,0.0018375231488417451,0.005760537962679943,0.1658119658119658,0.010256410256410256,0.0,0.0,2.136986301369863,4.0,0.0017094017094017094,0.11452991452991453,5.724786324786325,0.14215316778825504,0.6974066268586816,0.0033567309883099357,3.704761904761905,0.7674023411560141,0.0666666666666666,0.9914529914529916,0.9916666666666668,0.9943468329729512,30,False,3202.0
3,sparse_sbm,sparse_sbm_6,6,27,2664693414,2911057933,"[55, 127, 166, 208, 246, 279, 283, 295, 346, 350, 368, 395, 475, 499, 571]","[174, 481, 186, 195, 598, 413, 584, 445, 201, 262, 183, 522, 93, 434, 564]",600,15,0.8,,3,200,"[[0.02, 0.005, 0.01], [0.005, 0.02, 0.005], [0.01, 0.005, 0.02]]",,,,,6.59,0.4069545089360802,0.9983333333333333,0.16333333333333333,6.733333333333333,0.0017474349491574384,0.004088902046879197,0.1658119658119658,0.006837606837606838,0.0,0.0,2.1695205479452055,5.0,0.0017094017094017094,0.1111111111111111,5.745299145299145,0.14233180766590814,0.6972836904343753,0.003038856568268333,3.552380952380952,0.8549925970141012,0.0478632478632478,0.1247863247863247,0.1466666666666666,1.0509557499317452,30,False,1552.0
3,sparse_sbm,sparse_sbm_6,6,28,2664693414,2956528260,"[10, 34, 42, 52, 54, 86, 171, 205, 384, 421, 423, 431, 468, 527, 567]","[437, 114, 29, 122, 246, 573, 383, 189, 16, 567, 385, 7, 226, 535, 188]",600,15,0.8,,3,200,"[[0.02, 0.005, 0.01], [0.005, 0.02, 0.005], [0.01, 0.005, 0.02]]",,,,,6.59,0.4069545089360802,0.9983333333333333,0.16333333333333333,7.533333333333333,0.0018669092809798986,0.005646817413883795,0.17435897435897435,0.011965811965811967,0.003418803418803419,0.0,2.1232876712328768,4.0,0.0017094017094017094,0.17435897435897435,6.704273504273504,0.15144574089302773,0.6830113569839598,0.006368986190967616,3.3142857142857145,0.6568285047785442,0.0717948717948717,0.988034188034188,0.9883333333333332,0.9727209160337223,30,False,3202.0
3,sparse_sbm,sparse_sbm_6,6,29,2664693414,144413707,"[13, 32, 54, 98, 106, 132, 156, 183, 235, 380, 427, 470, 488, 544, 553]","[426, 248, 246, 149, 592, 109, 460, 67, 178, 48, 314, 125, 230, 185, 288]",600,15,0.8,,3,200,"[[0.02, 0.005, 0.01], [0.005, 0.02, 0.005], [0.01, 0.005, 0.02]]",,,,,6.59,0.4069545089360802,0.9983333333333333,0.16333333333333333,5.733333333333333,0.0014836630967759252,0.003062215671761651,0.13333333333333333,0.011965811965811967,0.0017094017094017094,0.0,2.231164383561644,4.0,0.0017094017094017094,0.11965811965811966,5.6752136752136755,0.12193864580970452,0.7518264840182648,0.006972629562191703,3.7333333333333334,0.8095438407134887,0.0598290598290598,0.2974358974358974,0.315,1.014865207951516,30,False,1746.0
3,sparse_sbm,sparse_sbm_6,6,30,2664693414,3515859900,"[27, 155, 163, 176, 187, 216, 262, 355, 375, 383, 388, 399, 482, 533, 597]","[223, 469, 142, 482, 551, 158, 292, 129, 319, 583, 175, 303, 82, 1, 302]",600,15,0.8,,3,200,"[[0.02, 0.005, 0.01], [0.005, 0.02, 0.005], [0.01, 0.005, 0.02]]",,,,,6.59,0.4069545089360802,0.9983333333333333,0.16333333333333333,5.933333333333334,0.0015500860292177098,0.004081964941012147,0.13846153846153847,0.011965811965811967,0.0017094017094017094,0.0,2.261986301369863,5.0,0.0017094017094017094,0.10427350427350428,5.391452991452992,0.12451307110329497,0.7431331225851774,0.007119599976742834,3.676190476190476,0.6469903428904217,0.0564102564102564,0.1247863247863247,0.1466666666666666,1.0266517500858754,30,False,1570.0
3,sparse_sbm,sparse_sbm_6,6,31,2664693414,1018197216,"[33, 36, 50, 144, 158, 219, 247, 269, 306, 318, 328, 331, 363, 506, 507]","[372, 72, 131, 318, 35, 575, 362, 346, 358, 56, 390, 134, 436, 579, 461]",600,15,0.8,,3,200,"[[0.02, 0.005, 0.01], [0.005, 0.02, 0.005], [0.01, 0.005, 0.02]]",,,,,6.59,0.4069545089360802,0.9983333333333333,0.16333333333333333,5.333333333333333,0.0014446866890550519,0.0039018080822440363,0.1264957264957265,0.003418803418803419,0.0,0.0,2.2928082191780823,4.0,0.0017094017094017094,0.06666666666666667,4.5316239316239315,0.11221088841331522,0.7639152324083831,0.0020931449502878076,4.0476190476190474,0.8398430115805638,0.0512820512820512,0.1623931623931624,0.1833333333333333,1.0202219999628142,30,False,1586.0
3,sparse_sbm,sparse_sbm_6,6,32,2664693414,3002902762,"[21, 68, 98, 166, 288, 303, 329, 401, 431, 451, 495, 550, 556, 558, 599]","[132, 587, 149, 186, 253, 304, 357, 140, 7, 213, 339, 86, 468, 60, 63]",600,15,0.8,,3,200,"[[0.02, 0.005, 0.01], [0.005, 0.02, 0.005], [0.01, 0.005, 0.02]]",,,,,6.59,0.4069545089360802,0.9983333333333333,0.16333333333333333,6.2,0.0016200389181417558,0.004359357071844225,0.14358974358974358,0.011965811965811967,0.0,0.0,2.203767123287671,4.0,0.0017094017094017094,0.12136752136752137,5.5487179487179485,0.12855533576732509,0.7343987823439878,0.004701122873391781,3.8095238095238093,0.8496811734686863,0.0598290598290598,0.2376068376068376,0.2566666666666666,1.021017999970354,30,False,1622.0
3,sparse_sbm,sparse_sbm_6,6,33,2664693414,1232180039,"[3, 36, 46, 66, 90, 203, 228, 289, 308, 348, 365, 391, 475, 594, 599]","[94, 72, 427, 285, 325, 533, 193, 88, 439, 323, 271, 490, 93, 336, 63]",600,15,0.8,,3,200,"[[0.02, 0.005, 0.01], [0.005, 0.02, 0.005], [0.01, 0.005, 0.02]]",,,,,6.59,0.4069545089360802,0.9983333333333333,0.16333333333333333,6.866666666666666,0.0017501549782941786,0.005300924971601665,0.1641025641025641,0.011965811965811967,0.0,0.0,2.1746575342465753,4.0,0.0017094017094017094,0.12478632478632479,5.854700854700854,0.14336056527053687,0.6999941458845569,0.004010239273397168,3.676190476190476,0.8095438407134887,0.0478632478632478,0.9931623931623932,0.9933333333333332,1.0112212089588866,30,False,3202.0
3,sparse_sbm,sparse_sbm_6,6,34,2664693414,2670624347,"[25, 37, 56, 127, 138, 216, 231, 418, 421, 436, 442, 558, 580, 582, 588]","[25, 359, 269, 481, 352, 158, 274, 39, 567, 320, 255, 60, 467, 130, 228]",600,15,0.8,,3,200,"[[0.02, 0.005, 0.01], [0.005, 0.02, 0.005], [0.01, 0.005, 0.02]]",,,,,6.59,0.4069545089360802,0.9983333333333333,0.16333333333333333,7.4,0.0018502914313629586,0.0049548270105543805,0.15042735042735042,0.020512820512820513,0.0017094017094017094,0.0,2.1815068493150687,4.0,0.0017094017094017094,0.1641025641025641,6.579487179487179,0.1368833098586099,0.7226905514576747,0.009945538023821967,3.2285714285714286,0.6060132572613672,0.07008547008547,0.9965811965811966,0.9966666666666668,0.9719495839672164,30,False,3202.0
3,sparse_sbm,sparse_sbm_6,6,35,2664693414,2940350917,"[95, 126, 141, 175, 183, 257, 290, 319, 334, 350, 363, 372, 463, 516, 525]","[90, 495, 572, 247, 67, 407, 272, 212, 344, 262, 436, 466, 538, 477, 576]",600,15,0.8,,3,200,"[[0.02, 0.005, 0.01], [0.005, 0.02, 0.005], [0.01, 0.005, 0.02]]",,,,,6.59,0.4069545089360802,0.9983333333333333,0.16333333333333333,6.6,0.001670602925162625,0.004045929036204678,0.15726495726495726,0.011965811965811967,0.0,0.0,2.1763698630136985,4.0,0.0017094017094017094,0.12307692307692308,6.121367521367521,0.13812542650386972,0.7113394216133943,0.005042461429016051,3.638095238095238,0.8095438407134887,0.0478632478632478,0.9897435897435898,0.99,1.003739082952961,30,False,3202.0
3,sparse_sbm,sparse_sbm_6,6,36,2664693414,2225600686,"[36, 46, 55, 169, 216, 231, 246, 247, 251, 328, 357, 384, 390, 459, 497]","[72, 427, 174, 310, 158, 274, 598, 362, 160, 390, 360, 16, 527, 256, 432]",600,15,0.8,,3,200,"[[0.02, 0.005, 0.01], [0.005, 0.02, 0.005], [0.01, 0.005, 0.02]]",,,,,6.59,0.4069545089360802,0.9983333333333333,0.16333333333333333,7.8,0.0019335998164565322,0.0060808548929235035,0.17435897435897435,0.020512820512820513,0.0017094017094017094,0.0,2.0907534246575343,4.0,0.0017094017094017094,0.17264957264957265,6.651282051282052,0.15298772828469087,0.6830523357920618,0.008703698262521792,3.4857142857142858,0.8648307589022237,0.0717948717948717,0.9914529914529916,0.9916666666666668,0.9747849579434842,30,False,3202.0
3,sparse_sbm,sparse_sbm_6,6,37,2664693414,2044046412,"[19, 44, 81, 106, 246, 257, 258, 260, 306, 357, 398, 439, 479, 520, 544]","[553, 110, 155, 592, 598, 407, 84, 386, 358, 360, 277, 402, 548, 486, 185]",600,15,0.8,,3,200,"[[0.02, 0.005, 0.01], [0.005, 0.02, 0.005], [0.01, 0.005, 0.02]]",,,,,6.59,0.4069545089360802,0.9983333333333333,0.16333333333333333,6.266666666666667,0.0016120469107234329,0.004105403659299222,0.147008547008547,0.010256410256410256,0.0,0.0,2.191780821917808,5.0,0.0017094017094017094,0.1094017094017094,5.682051282051282,0.1300191113842514,0.7286383327479218,0.0034929527366502158,3.761904761904762,0.8148552642589039,0.0581196581196581,0.9948717948717948,0.995,0.9994348749751224,30,False,3202.0
3,sparse_sbm,sparse_sbm_6,6,38,2664693414,2498203471,"[10, 11, 54, 90, 117, 127, 224, 232, 250, 365, 387, 533, 573, 596, 598]","[437, 457, 246, 325, 58, 481, 294, 531, 128, 271, 476, 1, 2, 301, 176]",600,15,0.8,,3,200,"[[0.02, 0.005, 0.01], [0.005, 0.02, 0.005], [0.01, 0.005, 0.02]]",,,,,6.59,0.4069545089360802,0.9983333333333333,0.16333333333333333,6.266666666666667,0.0016284721435340542,0.0039031076947666516,0.14017094017094017,0.015384615384615385,0.0017094017094017094,0.0,2.238013698630137,4.0,0.0017094017094017094,0.10598290598290598,5.333333333333333,0.1260479402979364,0.7402470436717012,0.007117634932760983,3.876190476190476,0.7674023411560141,0.0547008547008547,0.1213675213675213,0.1433333333333333,1.0078702080063522,30,False,1520.0
3,sparse_sbm,sparse_sbm_6,6,39,2664693414,1810248821,"[1, 50, 82, 166, 185, 245, 249, 272, 287, 334, 443, 444, 551, 552, 590]","[61, 131, 105, 186, 198, 297, 366, 474, 404, 344, 139, 364, 233, 108, 418]",600,15,0.8,,3,200,"[[0.02, 0.005, 0.01], [0.005, 0.02, 0.005], [0.01, 0.005, 0.02]]",,,,,6.59,0.4069545089360802,0.9983333333333333,0.16333333333333333,5.866666666666666,0.0015416741335997951,0.003478366137918312,0.13162393162393163,0.010256410256410256,0.0017094017094017094,0.0,2.26027397260274,4.0,0.0017094017094017094,0.11965811965811966,5.499145299145299,0.1180015724261918,0.7549233110876946,0.007465404965404965,3.7523809523809524,0.7845560933918287,0.0444444444444444,0.1059829059829059,0.1283333333333333,0.9492811249801888,28,True,1550.0
3,sparse_sbm,sparse_sbm_6,6,40,2664693414,437138993,"[84, 147, 148, 163, 174, 189, 279, 312, 331, 376, 472, 481, 492, 516, 544]","[95, 311, 45, 142, 354, 245, 413, 381, 134, 273, 428, 329, 44, 477, 185]",600,15,0.8,,3,200,"[[0.02, 0.005, 0.01], [0.005, 0.02, 0.005], [0.01, 0.005, 0.02]]",,,,,6.59,0.4069545089360802,0.9983333333333333,0.16333333333333333,6.2,0.0016008547608523974,0.004001836474307611,0.14871794871794872,0.010256410256410256,0.0,0.0,2.191780821917808,4.0,0.0017094017094017094,0.09401709401709402,5.582905982905983,0.1316913052129065,0.7257112750263435,0.004937557569136517,3.761904761904762,0.7997056788253664,0.0495726495726495,0.176068376068376,0.1966666666666666,1.0429790840717033,30,False,1622.0
3,sparse_sbm,sparse_sbm_6,6,41,2664693414,1806551934,"[10, 49, 164, 190, 203, 232, 290, 316, 348, 380, 427, 471, 539, 548, 591]","[437, 485, 197, 55, 533, 531, 272, 498, 323, 48, 314, 20, 401, 560, 397]",600,15,0.8,,3,200,"[[0.02, 0.005, 0.01], [0.005, 0.02, 0.005], [0.01, 0.005, 0.02]]",,,,,6.59,0.4069545089360802,0.9983333333333333,0.16333333333333333,6.266666666666667,0.0015865028773657595,0.00359066135966514,0.13504273504273503,0.018803418803418803,0.0,0.0,2.2448630136986303,4.0,0.0017094017094017094,0.1264957264957265,5.888888888888889,0.12402583556580508,0.7488525933731414,0.009388785817357246,3.6095238095238096,0.5908636718278297,0.041025641025641,0.0888888888888888,0.1116666666666666,0.8046689589973539,23,True,1522.0
3,sparse_sbm,sparse_sbm_6,6,42,2664693414,2756773373,"[79, 100, 124, 127, 168, 222, 261, 287, 301, 317, 407, 438, 457, 493, 498]","[463, 73, 203, 481, 300, 206, 258, 404, 244, 586, 384, 412, 504, 225, 464]",600,15,0.8,,3,200,"[[0.02, 0.005, 0.01], [0.005, 0.02, 0.005], [0.01, 0.005, 0.02]]",,,,,6.59,0.4069545089360802,0.9983333333333333,0.16333333333333333,7.133333333333334,0.0018017561371990022,0.0073290467073629795,0.15726495726495726,0.018803418803418803,0.0,0.0,2.1592465753424657,4.0,0.0017094017094017094,0.17094017094017094,6.235897435897436,0.1383833203564966,0.7114330874604847,0.006617535903250189,3.638095238095238,0.7595683460701688,0.0512820512820512,0.9948717948717948,0.995,1.0013359579024836,30,False,3202.0
3,sparse_sbm,sparse_sbm_6,6,43,2664693414,3128275806,"[52, 76, 214, 317, 349, 356, 382, 407, 430, 447, 470, 484, 554, 562, 579]","[122, 563, 361, 586, 544, 419, 120, 384, 59, 472, 125, 399, 221, 405, 267]",600,15,0.8,,3,200,"[[0.02, 0.005, 0.01], [0.005, 0.02, 0.005], [0.01, 0.005, 0.02]]",,,,,6.59,0.4069545089360802,0.9983333333333333,0.16333333333333333,6.466666666666667,0.001652981232216195,0.004755230459954448,0.15213675213675212,0.006837606837606838,0.0,0.0,2.1763698630136985,4.0,0.0017094017094017094,0.1282051282051282,5.75042735042735,0.13162968081963386,0.7202084065097764,0.003132449561020989,3.723809523809524,0.7424145938343542,0.0735042735042735,0.988034188034188,0.9883333333333332,0.963068624958396,30,False,3202.0
3,sparse_sbm,sparse_sbm_6,6,44,2664693414,810518268,"[3, 50, 57, 181, 183, 219, 331, 381, 386, 411, 456, 461, 525, 556, 580]","[94, 131, 416, 179, 67, 575, 134, 559, 100, 13, 332, 161, 576, 468, 467]",600,15,0.8,,3,200,"[[0.02, 0.005, 0.01], [0.005, 0.02, 0.005], [0.01, 0.005, 0.02]]",,,,,6.59,0.4069545089360802,0.9983333333333333,0.16333333333333333,6.6,0.0016913376070850404,0.003796795032701236,0.15384615384615385,0.008547008547008548,0.0,0.0,2.191780821917808,4.0,0.0017094017094017094,0.10085470085470086,5.652991452991453,0.13418516589730825,0.7171993911719939,0.004023550940844174,3.580952380952381,0.8246934261470263,0.0581196581196581,0.9914529914529916,0.9916666666666668,1.0447441249853,30,False,3202.0
3,sparse_sbm,sparse_sbm_6,6,45,2664693414,1017906986,"[27, 33, 163, 180, 181, 210, 296, 328, 339, 353, 367, 445, 457, 487, 500]","[223, 372, 142, 199, 179, 21, 491, 390, 173, 30, 52, 146, 504, 353, 101]",600,15,0.8,,3,200,"[[0.02, 0.005, 0.01], [0.005, 0.02, 0.005], [0.01, 0.005, 0.02]]",,,,,6.59,0.4069545089360802,0.9983333333333333,0.16333333333333333,5.8,0.0015116806563787236,0.0035329228608210563,0.14017094017094017,0.005128205128205128,0.0,0.0,2.219178082191781,4.0,0.0017094017094017094,0.10598290598290598,5.381196581196582,0.12270065454559471,0.7403816883268938,0.0019277454571572218,3.914285714285714,0.8799803443357612,0.0598290598290598,0.9965811965811966,0.9966666666666668,0.953799374983646,30,False,3202.0
3,sparse_sbm,sparse_sbm_6,6,46,2664693414,1667800013,"[30, 81, 82, 83, 123, 158, 167, 256, 335, 378, 413, 492, 498, 565, 575]","[424, 155, 105, 162, 107, 35, 8, 191, 112, 429, 571, 44, 464, 190, 509]",600,15,0.8,,3,200,"[[0.02, 0.005, 0.01], [0.005, 0.02, 0.005], [0.01, 0.005, 0.02]]",,,,,6.59,0.4069545089360802,0.9983333333333333,0.16333333333333333,7.266666666666667,0.0018369564192058227,0.005291355368473091,0.16923076923076924,0.015384615384615385,0.0017094017094017094,0.0,2.1267123287671232,4.0,0.0017094017094017094,0.15897435897435896,6.523076923076923,0.14947127592649226,0.6913417632595715,0.006944438594151111,3.4857142857142858,0.8095438407134887,0.0717948717948717,0.9931623931623932,0.9933333333333332,0.9551732500549406,30,False,3202.0
3,sparse_sbm,sparse_sbm_6,6,47,2664693414,4097617376,"[20, 90, 170, 217, 323, 348, 422, 426, 428, 432, 445, 496, 580, 593, 597]","[562, 325, 222, 501, 367, 323, 243, 330, 492, 349, 146, 137, 467, 194, 302]",600,15,0.8,,3,200,"[[0.02, 0.005, 0.01], [0.005, 0.02, 0.005], [0.01, 0.005, 0.02]]",,,,,6.59,0.4069545089360802,0.9983333333333333,0.16333333333333333,5.933333333333334,0.0015205142994784678,0.003772744680415672,0.14358974358974358,0.008547008547008548,0.0,0.0,2.1797945205479454,4.0,0.0017094017094017094,0.10085470085470086,5.7094017094017095,0.12763476807426272,0.734404636459431,0.003524531024531025,3.619047619047619,0.8398430115805638,0.0547008547008547,0.92991452991453,0.9316666666666666,1.0506174169713631,30,False,3008.0
3,sparse_sbm,sparse_sbm_6,6,48,2664693414,1832976906,"[29, 81, 129, 142, 159, 162, 238, 266, 340, 368, 392, 520, 532, 533, 593]","[187, 155, 537, 238, 423, 596, 36, 23, 165, 183, 345, 486, 306, 1, 194]",600,15,0.8,,3,200,"[[0.02, 0.005, 0.01], [0.005, 0.02, 0.005], [0.01, 0.005, 0.02]]",,,,,6.59,0.4069545089360802,0.9983333333333333,0.16333333333333333,7.4,0.0018395725548494717,0.005488715126218678,0.17606837606837608,0.011965811965811967,0.0017094017094017094,0.0,2.1198630136986303,4.0,0.0017094017094017094,0.16923076923076924,6.5487179487179485,0.15171290549326685,0.6803711509190962,0.005100273577717187,3.4,0.7997056788253664,0.0632478632478632,0.9914529914529916,0.9916666666666668,0.9801117919851094,30,False,3202.0
3,sparse_sbm,sparse_sbm_6,6,49,2664693414,3366596938,"[27, 44, 107, 170, 177, 219, 259, 291, 376, 412, 427, 452, 472, 521, 556]","[223, 110, 6, 222, 167, 575, 331, 224, 273, 515, 314, 540, 428, 523, 468]",600,15,0.8,,3,200,"[[0.02, 0.005, 0.01], [0.005, 0.02, 0.005], [0.01, 0.005, 0.02]]",,,,,6.59,0.4069545089360802,0.9983333333333333,0.16333333333333333,6.8,0.0017116070729055694,0.005015302044661538,0.15384615384615385,0.013675213675213675,0.0,0.0,2.2003424657534247,4.0,0.0017094017094017094,0.15384615384615385,6.365811965811965,0.13660632696992478,0.7170296218241424,0.005747395878974827,3.4,0.7845560933918289,0.0632478632478632,0.9931623931623932,0.9933333333333332,0.9662265420192852,30,False,3202.0
3,sparse_sbm,sparse_sbm_7,7,0,2023366226,3162953396,"[53, 57, 85, 103, 121, 188, 220, 322, 329, 433, 440, 451, 523, 537, 590]","[59, 369, 221, 305, 138, 58, 240, 61, 60, 311, 378, 325, 225, 531, 184]",600,15,0.8,,3,200,"[[0.02, 0.005, 0.01], [0.005, 0.02, 0.005], [0.01, 0.005, 0.02]]",,,,,6.701666666666666,0.40052933210070923,0.9983333333333333,0.14333333333333334,7.2,0.0017538900351947559,0.005114610077525926,0.1675213675213675,0.013675213675213675,0.0,0.0,2.1267123287671232,4.0,0.0017094017094017094,0.18461538461538463,6.7846153846153845,0.14577189038089478,0.694426882098115,0.005931237092227804,3.5142857142857142,0.8246934261470263,0.0581196581196581,0.9965811965811966,0.9966666666666668,0.98194470803719,30,False,3184.0
3,sparse_sbm,sparse_sbm_7,7,1,2023366226,80800585,"[49, 55, 60, 80, 98, 107, 187, 250, 260, 275, 347, 376, 451, 457, 511]","[568, 570, 467, 321, 371, 573, 284, 198, 591, 248, 182, 290, 325, 464, 151]",600,15,0.8,,3,200,"[[0.02, 0.005, 0.01], [0.005, 0.02, 0.005], [0.01, 0.005, 0.02]]",,,,,6.701666666666666,0.40052933210070923,0.9983333333333333,0.14333333333333334,6.333333333333333,0.0015849678634203932,0.003945383390133391,0.147008547008547,0.013675213675213675,0.0017094017094017094,0.0,2.155821917808219,4.0,0.0017094017094017094,0.12136752136752137,6.1008547008547005,0.13196209565696873,0.7285271045545019,0.007869313226456084,3.6285714285714286,0.8246934261470263,0.0547008547008547,0.9897435897435898,0.99,1.004854292026721,30,False,3184.0
3,sparse_sbm,sparse_sbm_7,7,2,2023366226,509173964,"[125, 133, 144, 191, 290, 324, 392, 409, 477, 482, 498, 503, 552, 562, 573]","[534, 388, 64, 37, 208, 526, 598, 201, 449, 592, 316, 241, 359, 223, 426]",600,15,0.8,,3,200,"[[0.02, 0.005, 0.01], [0.005, 0.02, 0.005], [0.01, 0.005, 0.02]]",,,,,6.701666666666666,0.40052933210070923,0.9983333333333333,0.14333333333333334,7.0,0.0017075464676644067,0.00464356930274721,0.16923076923076924,0.010256410256410256,0.0,0.0,2.0924657534246576,4.0,0.0017094017094017094,0.1623931623931624,6.75042735042735,0.14614464092470475,0.6915759278772977,0.0043758358044072325,3.552380952380952,0.6891318424478963,0.0564102564102564,0.9897435897435898,0.99,0.9663847089977936,30,False,3184.0
3,sparse_sbm,sparse_sbm_7,7,3,2023366226,1384712651,"[10, 12, 55, 60, 75, 76, 104, 148, 177, 218, 288, 304, 309, 449, 561]","[575, 283, 570, 467, 83, 173, 13, 424, 129, 571, 461, 556, 95, 251, 543]",600,15,0.8,,3,200,"[[0.02, 0.005, 0.01], [0.005, 0.02, 0.005], [0.01, 0.005, 0.02]]",,,,,6.701666666666666,0.40052933210070923,0.9983333333333333,0.14333333333333334,7.133333333333334,0.0017404015774435309,0.004548437730195054,0.1675213675213675,0.015384615384615385,0.0,0.0,2.125,4.0,0.0017094017094017094,0.15555555555555556,6.724786324786325,0.14678841341980142,0.6943449244819108,0.0057176169613144395,3.5238095238095237,0.7542569225247537,0.0461538461538461,0.1811965811965812,0.2016666666666666,1.0096119169611484,30,False,1622.0
3,sparse_sbm,sparse_sbm_7,7,4,2023366226,1946806588,"[46, 89, 163, 197, 208, 284, 287, 309, 325, 328, 370, 437, 459, 462, 520]","[590, 128, 8, 53, 97, 259, 220, 95, 395, 110, 353, 562, 203, 532, 339]",600,15,0.8,,3,200,"[[0.02, 0.005, 0.01], [0.005, 0.02, 0.005], [0.01, 0.005, 0.02]]",,,,,6.701666666666666,0.40052933210070923,0.9983333333333333,0.14333333333333334,6.333333333333333,0.001606512933193956,0.00441936560749691,0.15555555555555556,0.006837606837606838,0.0,0.0,2.1335616438356166,4.0,0.0017094017094017094,0.1111111111111111,5.969230769230769,0.1343398584162355,0.7143777075283925,0.002280801209372638,3.780952380952381,0.7997056788253664,0.0598290598290598,0.1589743589743589,0.18,1.0062462500063702,30,True,1598.0
3,sparse_sbm,sparse_sbm_7,7,5,2023366226,4071549469,"[8, 34, 67, 82, 90, 143, 280, 307, 313, 361, 399, 454, 483, 505, 511]","[512, 559, 72, 183, 298, 451, 175, 86, 40, 170, 469, 229, 36, 0, 151]",600,15,0.8,,3,200,"[[0.02, 0.005, 0.01], [0.005, 0.02, 0.005], [0.01, 0.005, 0.02]]",,,,,6.701666666666666,0.40052933210070923,0.9983333333333333,0.14333333333333334,6.733333333333333,0.001675159028780352,0.003886946594119796,0.15213675213675212,0.011965811965811967,0.0017094017094017094,0.0,2.1386986301369864,4.0,0.0017094017094017094,0.13333333333333333,6.295726495726496,0.13454913591751316,0.7199976583538228,0.006236135479832959,3.619047619047619,0.8648307589022237,0.0478632478632478,0.1435897435897435,0.165,1.0150717080105096,30,False,1592.0
3,sparse_sbm,sparse_sbm_7,7,6,2023366226,2021919780,"[12, 42, 94, 159, 237, 262, 264, 458, 461, 465, 473, 494, 518, 552, 573]","[283, 71, 491, 497, 96, 52, 124, 193, 131, 7, 315, 190, 471, 359, 426]",600,15,0.8,,3,200,"[[0.02, 0.005, 0.01], [0.005, 0.02, 0.005], [0.01, 0.005, 0.02]]",,,,,6.701666666666666,0.40052933210070923,0.9983333333333333,0.14333333333333334,6.933333333333334,0.0017143157816698665,0.00416030711322589,0.1675213675213675,0.010256410256410256,0.0,0.0,2.13527397260274,4.0,0.0017094017094017094,0.11794871794871795,6.251282051282051,0.1441077815857547,0.6945205479452055,0.003992831582393723,3.638095238095238,0.7121154229672791,0.0529914529914529,0.6273504273504273,0.6366666666666667,1.0054226659704,30,False,2136.0
3,sparse_sbm,sparse_sbm_7,7,7,2023366226,2913505330,"[103, 114, 117, 189, 193, 194, 206, 212, 263, 325, 415, 513, 518, 539, 578]","[305, 337, 374, 279, 333, 470, 455, 415, 481, 395, 26, 277, 471, 69, 322]",600,15,0.8,,3,200,"[[0.02, 0.005, 0.01], [0.005, 0.02, 0.005], [0.01, 0.005, 0.02]]",,,,,6.701666666666666,0.40052933210070923,0.9983333333333333,0.14333333333333334,6.2,0.00156858012968698,0.0036676285951968745,0.147008547008547,0.008547008547008548,0.0,0.0,2.1592465753424657,4.0,0.0017094017094017094,0.10598290598290598,5.9452991452991455,0.12951968105462447,0.7286617492096944,0.0032525758841548316,3.7714285714285714,0.6739822570143588,0.041025641025641,0.0735042735042735,0.0966666666666666,0.7175405420130119,21,True,1548.0
3,sparse_sbm,sparse_sbm_7,7,8,2023366226,1572506933,"[54, 109, 118, 149, 221, 222, 288, 294, 390, 408, 426, 522, 526, 587, 589]","[517, 186, 219, 88, 78, 282, 461, 538, 564, 156, 274, 222, 480, 578, 399]",600,15,0.8,,3,200,"[[0.02, 0.005, 0.01], [0.005, 0.02, 0.005], [0.01, 0.005, 0.02]]",,,,,6.701666666666666,0.40052933210070923,0.9983333333333333,0.14333333333333334,6.2,0.0015790429059056794,0.0037264307011584613,0.14358974358974358,0.008547008547008548,0.0,0.0,2.2071917808219177,4.0,0.0017094017094017094,0.12478632478632479,5.863247863247863,0.12639214063780185,0.7344690317293057,0.0032698121983836268,3.7523809523809524,0.8246934261470263,0.0598290598290598,0.2393162393162393,0.2583333333333333,1.008300375076942,30,False,1656.0
3,sparse_sbm,sparse_sbm_7,7,9,2023366226,1535492302,"[11, 13, 44, 136, 172, 226, 273, 284, 419, 463, 504, 514, 528, 544, 579]","[10, 342, 68, 537, 16, 457, 414, 259, 375, 377, 233, 306, 340, 595, 410]",600,15,0.8,,3,200,"[[0.02, 0.005, 0.01], [0.005, 0.02, 0.005], [0.01, 0.005, 0.02]]",,,,,6.701666666666666,0.40052933210070923,0.9983333333333333,0.14333333333333334,7.866666666666666,0.001917181727187098,0.005501273349569269,0.18461538461538463,0.010256410256410256,0.0,0.0,2.0684931506849313,4.0,0.0017094017094017094,0.17435897435897435,6.834188034188034,0.15716630777396012,0.6664910432033719,0.003773210916068059,3.4571428571428573,0.8148552642589038,0.0461538461538461,0.1333333333333333,0.155,1.0117285420419648,30,False,1578.0
3,sparse_sbm,sparse_sbm_7,7,10,2023366226,3852002652,"[56, 157, 193, 234, 275, 300, 328, 333, 338, 356, 395, 474, 495, 552, 563]","[109, 443, 333, 199, 248, 1, 110, 523, 24, 542, 586, 12, 360, 359, 479]",600,15,0.8,,3,200,"[[0.02, 0.005, 0.01], [0.005, 0.02, 0.005], [0.01, 0.005, 0.02]]",,,,,6.701666666666666,0.40052933210070923,0.9983333333333333,0.14333333333333334,6.0,0.0015341793336721607,0.002914671940954383,0.13675213675213677,0.006837606837606838,0.0,0.0,2.268835616438356,4.0,0.0017094017094017094,0.1094017094017094,5.461538461538462,0.12095353789220036,0.7461772626156188,0.0037862666434095005,3.742857142857143,0.7542569225247537,0.0478632478632478,0.1675213675213675,0.1883333333333333,0.9284429170656948,28,True,1616.0
3,sparse_sbm,sparse_sbm_7,7,11,2023366226,2993037313,"[31, 57, 138, 180, 238, 256, 290, 292, 338, 385, 445, 518, 543, 548, 572]","[295, 369, 492, 122, 425, 307, 208, 152, 24, 49, 343, 471, 348, 344, 20]",600,15,0.8,,3,200,"[[0.02, 0.005, 0.01], [0.005, 0.02, 0.005], [0.01, 0.005, 0.02]]",,,,,6.701666666666666,0.40052933210070923,0.9983333333333333,0.14333333333333334,6.333333333333333,0.0015761432224911844,0.004046548262037901,0.14871794871794872,0.010256410256410256,0.0,0.0,2.169230769230769,4.0,0.0,0.13162393162393163,5.779487179487179,0.12742194598147039,0.7260859384147056,0.0046611721611721614,3.7252747252747254,0.7694065079582912,0.0444444444444444,0.1059829059829059,0.1283333333333333,1.0226296660257503,30,False,1552.0
3,sparse_sbm,sparse_sbm_7,7,12,2023366226,1676879992,"[58, 104, 114, 138, 196, 249, 301, 348, 362, 378, 384, 427, 463, 511, 575]","[43, 13, 337, 492, 50, 522, 212, 87, 420, 376, 195, 27, 377, 151, 363]",600,15,0.8,,3,200,"[[0.02, 0.005, 0.01], [0.005, 0.02, 0.005], [0.01, 0.005, 0.02]]",,,,,6.701666666666666,0.40052933210070923,0.9983333333333333,0.14333333333333334,6.2,0.0015668739278651607,0.0032029433423473004,0.13846153846153847,0.015384615384615385,0.0017094017094017094,0.0,2.191780821917808,4.0,0.0017094017094017094,0.11623931623931624,5.87008547008547,0.12518134332268385,0.7430394567380869,0.007936312626715103,3.6666666666666665,0.7292691752030938,0.0341880341880341,0.0991452991452991,0.1216666666666666,1.0080177909694612,30,False,1562.0
3,sparse_sbm,sparse_sbm_7,7,13,2023366226,1687374963,"[5, 7, 52, 154, 157, 216, 224, 228, 244, 293, 296, 299, 325, 388, 501]","[433, 484, 11, 383, 443, 454, 94, 549, 550, 332, 130, 334, 395, 30, 514]",600,15,0.8,,3,200,"[[0.02, 0.005, 0.01], [0.005, 0.02, 0.005], [0.01, 0.005, 0.02]]",,,,,6.701666666666666,0.40052933210070923,0.9983333333333333,0.14333333333333334,5.733333333333333,0.0014773594638507737,0.0031290361536796293,0.12991452991452992,0.008547008547008548,0.0017094017094017094,0.0,2.243150684931507,4.0,0.0017094017094017094,0.10256410256410256,5.62051282051282,0.1172498391320138,0.7578328064629435,0.007437403865975294,3.580952380952381,0.7747179315037063,0.0478632478632478,0.1299145299145299,0.1516666666666666,1.017111333087087,30,False,1572.0
3,sparse_sbm,sparse_sbm_7,7,14,2023366226,4178823340,"[184, 199, 247, 354, 374, 375, 412, 430, 443, 461, 478, 504, 517, 518, 526]","[372, 548, 507, 254, 105, 411, 453, 118, 355, 131, 313, 233, 498, 471, 480]",600,15,0.8,,3,200,"[[0.02, 0.005, 0.01], [0.005, 0.02, 0.005], [0.01, 0.005, 0.02]]",,,,,6.701666666666666,0.40052933210070923,0.9983333333333333,0.14333333333333334,7.333333333333333,0.0018009490161502186,0.004876661134636072,0.1606837606837607,0.020512820512820513,0.0,0.0,2.1232876712328768,4.0,0.0017094017094017094,0.1623931623931624,6.760683760683761,0.1444773175940813,0.7054443273621356,0.007836845693988551,3.447619047619048,0.7997056788253663,0.0461538461538461,0.1452991452991453,0.1666666666666666,1.0002539589768276,30,False,1606.0
3,sparse_sbm,sparse_sbm_7,7,15,2023366226,3499847445,"[36, 53, 103, 155, 158, 208, 265, 315, 339, 351, 383, 410, 545, 563, 598]","[91, 59, 305, 257, 210, 97, 478, 63, 192, 352, 584, 524, 167, 479, 475]",600,15,0.8,,3,200,"[[0.02, 0.005, 0.01], [0.005, 0.02, 0.005], [0.01, 0.005, 0.02]]",,,,,6.701666666666666,0.40052933210070923,0.9983333333333333,0.14333333333333334,6.733333333333333,0.0016950312582497675,0.004232971820087349,0.1606837606837607,0.008547008547008548,0.0,0.0,2.1523972602739727,4.0,0.0017094017094017094,0.13504273504273503,6.1521367521367525,0.1395411919292884,0.7057253249034071,0.0029683005578626984,3.7333333333333334,0.8398430115805638,0.0512820512820512,0.1692307692307692,0.19,0.8845319580286741,26,True,1624.0
3,sparse_sbm,sparse_sbm_7,7,16,2023366226,529226347,"[6, 24, 40, 122, 144, 221, 285, 310, 350, 364, 413, 444, 507, 531, 579]","[413, 386, 246, 380, 64, 78, 107, 302, 565, 379, 242, 364, 505, 390, 410]",600,15,0.8,,3,200,"[[0.02, 0.005, 0.01], [0.005, 0.02, 0.005], [0.01, 0.005, 0.02]]",,,,,6.701666666666666,0.40052933210070923,0.9983333333333333,0.14333333333333334,7.866666666666666,0.0019206590669842794,0.0070692178857593565,0.1794871794871795,0.011965811965811967,0.0,0.0,2.0821917808219177,4.0,0.0017094017094017094,0.1641025641025641,6.75042735042735,0.15350118852117706,0.6748565741716427,0.0045913336094671785,3.447619047619048,0.7997056788253664,0.0564102564102564,0.1538461538461538,0.175,1.0149649580707774,30,False,1652.0
3,sparse_sbm,sparse_sbm_7,7,17,2023366226,2625313942,"[131, 145, 176, 257, 268, 270, 379, 397, 418, 460, 479, 525, 535, 571, 599]","[409, 366, 285, 412, 292, 504, 327, 99, 596, 252, 188, 566, 309, 482, 528]",600,15,0.8,,3,200,"[[0.02, 0.005, 0.01], [0.005, 0.02, 0.005], [0.01, 0.005, 0.02]]",,,,,6.701666666666666,0.40052933210070923,0.9983333333333333,0.14333333333333334,5.866666666666666,0.0014901901195969365,0.00378227977484524,0.13675213675213677,0.006837606837606838,0.0,0.0,2.190068493150685,4.0,0.0017094017094017094,0.11623931623931624,5.895726495726496,0.12207839682767518,0.7460660344221988,0.0034165834165834166,3.657142857142857,0.8398430115805637,0.0581196581196581,0.4017094017094017,0.4166666666666667,0.9871564999921248,30,False,1822.0
3,sparse_sbm,sparse_sbm_7,7,18,2023366226,2573316716,"[34, 97, 119, 140, 179, 299, 312, 329, 441, 473, 507, 562, 569, 595, 599]","[559, 14, 207, 516, 234, 334, 79, 60, 9, 315, 505, 223, 465, 116, 528]",600,15,0.8,,3,200,"[[0.02, 0.005, 0.01], [0.005, 0.02, 0.005], [0.01, 0.005, 0.02]]",,,,,6.701666666666666,0.40052933210070923,0.9983333333333333,0.14333333333333334,6.666666666666667,0.0016588011293783914,0.003895920559594428,0.15897435897435896,0.006837606837606838,0.0017094017094017094,0.0,2.1267123287671232,4.0,0.0017094017094017094,0.12136752136752137,6.12991452991453,0.13697535597012325,0.7086406743940991,0.0054292929292929296,3.657142857142857,0.8226892593447491,0.0529914529914529,0.9931623931623932,0.9933333333333332,0.9962824169779196,30,False,3184.0
3,sparse_sbm,sparse_sbm_7,7,19,2023366226,4268934497,"[23, 97, 147, 182, 194, 224, 286, 344, 364, 406, 410, 423, 496, 546, 589]","[405, 14, 540, 18, 470, 94, 281, 508, 379, 397, 524, 511, 490, 92, 399]",600,15,0.8,,3,200,"[[0.02, 0.005, 0.01], [0.005, 0.02, 0.005], [0.01, 0.005, 0.02]]",,,,,6.701666666666666,0.40052933210070923,0.9983333333333333,0.14333333333333334,7.866666666666666,0.001900142180884371,0.007106590023429226,0.17094017094017094,0.020512820512820513,0.0,0.0,2.0616438356164384,4.0,0.0017094017094017094,0.1675213675213675,7.049572649572649,0.15016157168802538,0.688783514810912,0.008341965175224795,3.466666666666667,0.8496811734686863,0.0649572649572649,0.9863247863247864,0.9866666666666668,0.9847001249436288,30,False,3184.0
3,sparse_sbm,sparse_sbm_7,7,20,2023366226,120374944,"[46, 101, 149, 180, 189, 204, 227, 251, 324, 360, 363, 368, 479, 498, 537]","[590, 417, 88, 122, 279, 456, 341, 239, 526, 260, 525, 536, 188, 316, 531]",600,15,0.8,,3,200,"[[0.02, 0.005, 0.01], [0.005, 0.02, 0.005], [0.01, 0.005, 0.02]]",,,,,6.701666666666666,0.40052933210070923,0.9983333333333333,0.14333333333333334,7.133333333333334,0.0017901034289612948,0.00563894295453758,0.1641025641025641,0.011965811965811967,0.0,0.0,2.1044520547945207,4.0,0.0017094017094017094,0.147008547008547,6.423931623931624,0.14224829129804914,0.700152207001522,0.0058487099088602845,3.6095238095238096,0.8095438407134887,0.0717948717948717,0.9897435897435898,0.99,1.0325241670943797,30,False,3184.0
3,sparse_sbm,sparse_sbm_7,7,21,2023366226,1901505839,"[1, 35, 60, 82, 121, 131, 191, 259, 269, 340, 378, 380, 411, 462, 475]","[206, 381, 467, 183, 138, 409, 37, 140, 496, 432, 376, 104, 445, 532, 574]",600,15,0.8,,3,200,"[[0.02, 0.005, 0.01], [0.005, 0.02, 0.005], [0.01, 0.005, 0.02]]",,,,,6.701666666666666,0.40052933210070923,0.9983333333333333,0.14333333333333334,5.666666666666667,0.0014612974362250744,0.0026018294218805253,0.12478632478632479,0.010256410256410256,0.0017094017094017094,0.0,2.2465753424657535,4.0,0.0017094017094017094,0.07008547008547009,5.456410256410257,0.1145733212070608,0.7666373960894509,0.0108289726146869,3.5904761904761906,0.8496811734686862,0.0444444444444444,0.0666666666666666,0.09,0.9417754160240293,28,True,1540.0
3,sparse_sbm,sparse_sbm_7,7,22,2023366226,1812630673,"[32, 38, 60, 135, 214, 257, 277, 308, 325, 327, 344, 354, 405, 441, 587]","[427, 577, 467, 19, 93, 412, 166, 85, 395, 261, 508, 254, 583, 9, 578]",600,15,0.8,,3,200,"[[0.02, 0.005, 0.01], [0.005, 0.02, 0.005], [0.01, 0.005, 0.02]]",,,,,6.701666666666666,0.40052933210070923,0.9983333333333333,0.14333333333333334,6.533333333333333,0.001630760560694364,0.003974871774859072,0.1452991452991453,0.018803418803418803,0.0,0.0,2.203767123287671,4.0,0.0017094017094017094,0.12136752136752137,6.128205128205129,0.13269451354830084,0.7313487881981032,0.008645468288325431,3.6095238095238096,0.7747179315037063,0.0615384615384615,0.1538461538461538,0.175,0.9746757909888402,29,True,1596.0
3,sparse_sbm,sparse_sbm_7,7,23,2023366226,3223715717,"[130, 170, 222, 331, 335, 427, 462, 463, 470, 473, 474, 507, 514, 564, 571]","[330, 289, 282, 555, 597, 27, 532, 377, 4, 315, 12, 505, 306, 57, 482]",600,15,0.8,,3,200,"[[0.02, 0.005, 0.01], [0.005, 0.02, 0.005], [0.01, 0.005, 0.02]]",,,,,6.701666666666666,0.40052933210070923,0.9983333333333333,0.14333333333333334,7.133333333333334,0.001747842832041067,0.0032361814956474748,0.15726495726495726,0.018803418803418803,0.003418803418803419,0.0,2.1506849315068495,4.0,0.0017094017094017094,0.1658119658119658,6.772649572649573,0.14128609408756648,0.7112340475354174,0.011243257986955467,3.342857142857143,0.6318407574568842,0.0444444444444444,0.1589743589743589,0.18,0.8981032089795917,27,True,1608.0
3,sparse_sbm,sparse_sbm_7,7,24,2023366226,1952021189,"[31, 34, 111, 139, 183, 209, 213, 216, 232, 372, 418, 477, 504, 515, 585]","[295, 559, 287, 442, 84, 589, 473, 454, 288, 158, 596, 449, 233, 558, 389]",600,15,0.8,,3,200,"[[0.02, 0.005, 0.01], [0.005, 0.02, 0.005], [0.01, 0.005, 0.02]]",,,,,6.701666666666666,0.40052933210070923,0.9983333333333333,0.14333333333333334,5.733333333333333,0.001452586729881861,0.0026582401398432096,0.13162393162393163,0.008547008547008548,0.0,0.0,2.1883561643835616,4.0,0.0017094017094017094,0.09743589743589744,5.829059829059829,0.1183368613040416,0.7549057487413652,0.005147392290249434,3.723809523809524,0.8648307589022237,0.0529914529914529,0.1264957264957265,0.1483333333333333,1.0111780419247225,30,False,1578.0
3,sparse_sbm,sparse_sbm_7,7,25,2023366226,1021458472,"[22, 67, 128, 138, 159, 242, 304, 404, 425, 448, 490, 510, 514, 551, 577]","[135, 72, 356, 492, 497, 141, 556, 202, 157, 238, 143, 350, 306, 178, 545]",600,15,0.8,,3,200,"[[0.02, 0.005, 0.01], [0.005, 0.02, 0.005], [0.01, 0.005, 0.02]]",,,,,6.701666666666666,0.40052933210070923,0.9983333333333333,0.14333333333333334,7.2,0.001756134271439692,0.00381416581906326,0.1641025641025641,0.013675213675213675,0.0,0.0,2.1404109589041096,4.0,0.0017094017094017094,0.15213675213675212,6.617094017094017,0.14396325269589788,0.6999531670764547,0.005066378191245988,3.4095238095238094,0.7121154229672791,0.0461538461538461,0.1487179487179487,0.17,0.94060441700276,28,True,1584.0
3,sparse_sbm,sparse_sbm_7,7,26,2023366226,3902622064,"[4, 32, 38, 40, 61, 88, 186, 264, 300, 316, 359, 362, 377, 406, 520]","[541, 427, 577, 246, 539, 245, 117, 124, 1, 459, 553, 420, 74, 397, 339]",600,15,0.8,,3,200,"[[0.02, 0.005, 0.01], [0.005, 0.02, 0.005], [0.01, 0.005, 0.02]]",,,,,6.701666666666666,0.40052933210070923,0.9983333333333333,0.14333333333333334,6.733333333333333,0.0016531363248966477,0.005674441306055641,0.15726495726495726,0.008547008547008548,0.0,0.0,2.1592465753424657,4.0,0.0017094017094017094,0.15042735042735042,6.160683760683761,0.13490122316378725,0.7116906685399836,0.0026268526734365243,3.676190476190476,0.7825519265895516,0.0512820512820512,0.988034188034188,0.9883333333333332,0.9951116249430924,30,False,3184.0
3,sparse_sbm,sparse_sbm_7,7,27,2023366226,708543846,"[48, 66, 98, 137, 143, 188, 190, 208, 329, 358, 402, 498, 514, 522, 571]","[529, 404, 371, 391, 451, 58, 6, 97, 60, 17, 276, 316, 306, 222, 482]",600,15,0.8,,3,200,"[[0.02, 0.005, 0.01], [0.005, 0.02, 0.005], [0.01, 0.005, 0.02]]",,,,,6.701666666666666,0.40052933210070923,0.9983333333333333,0.14333333333333334,7.933333333333334,0.0019002760484566927,0.0048920994617321625,0.17777777777777778,0.017094017094017096,0.0017094017094017094,0.0,2.0924657534246576,4.0,0.0017094017094017094,0.19829059829059828,7.225641025641026,0.15582938254157055,0.6773738438122,0.007726444112998735,3.295238095238095,0.8226892593447491,0.0683760683760683,0.9897435897435898,0.99,1.077767291921191,30,False,3184.0
3,sparse_sbm,sparse_sbm_7,7,28,2023366226,194666561,"[9, 70, 159, 179, 234, 258, 277, 298, 395, 448, 515, 518, 587, 590, 593]","[267, 119, 497, 234, 199, 136, 166, 579, 586, 238, 558, 471, 578, 184, 218]",600,15,0.8,,3,200,"[[0.02, 0.005, 0.01], [0.005, 0.02, 0.005], [0.01, 0.005, 0.02]]",,,,,6.701666666666666,0.40052933210070923,0.9983333333333333,0.14333333333333334,6.4,0.0016073890655247417,0.004089508902947621,0.147008547008547,0.010256410256410256,0.0,0.0,2.190068493150685,4.0,0.0017094017094017094,0.1282051282051282,6.114529914529914,0.13097890084260394,0.7285622292471607,0.004018692947264376,3.580952380952381,0.8246934261470263,0.0478632478632478,0.0854700854700854,0.1083333333333333,0.9117293340386824,27,True,1558.0
3,sparse_sbm,sparse_sbm_7,7,29,2023366226,1607508382,"[13, 78, 105, 121, 178, 210, 211, 224, 227, 351, 397, 489, 516, 573, 581]","[342, 146, 137, 138, 585, 3, 485, 94, 341, 352, 99, 563, 82, 426, 81]",600,15,0.8,,3,200,"[[0.02, 0.005, 0.01], [0.005, 0.02, 0.005], [0.01, 0.005, 0.02]]",,,,,6.701666666666666,0.40052933210070923,0.9983333333333333,0.14333333333333334,6.866666666666666,0.0017168284016596106,0.0049013001743310304,0.1606837606837607,0.013675213675213675,0.0017094017094017094,0.0,2.136986301369863,3.0,0.0017094017094017094,0.13675213675213677,6.25982905982906,0.1421317669726646,0.7055672637864419,0.006312064841476606,3.580952380952381,0.8226892593447491,0.0615384615384615,0.3384615384615385,0.355,1.0011055839713665,30,False,1780.0
3,sparse_sbm,sparse_sbm_7,7,30,2023366226,2379444817,"[38, 46, 102, 254, 283, 293, 296, 311, 344, 387, 401, 405, 508, 519, 566]","[577, 590, 361, 102, 33, 332, 130, 120, 508, 294, 429, 583, 213, 22, 142]",600,15,0.8,,3,200,"[[0.02, 0.005, 0.01], [0.005, 0.02, 0.005], [0.01, 0.005, 0.02]]",,,,,6.701666666666666,0.40052933210070923,0.9983333333333333,0.14333333333333334,6.866666666666666,0.0017442391491253224,0.004098572195191707,0.1658119658119658,0.003418803418803419,0.0,0.0,2.1335616438356166,4.0,0.0017094017094017094,0.12307692307692308,5.993162393162393,0.13983094541795862,0.6974827303594426,0.0016594516594516597,3.6476190476190475,0.8398430115805638,0.0598290598290598,0.1948717948717948,0.215,1.0241004170384258,30,False,1648.0
3,sparse_sbm,sparse_sbm_7,7,31,2023366226,4075591040,"[4, 29, 79, 83, 121, 123, 157, 262, 334, 341, 417, 418, 496, 545, 569]","[541, 168, 38, 393, 138, 299, 443, 52, 76, 367, 177, 596, 490, 167, 465]",600,15,0.8,,3,200,"[[0.02, 0.005, 0.01], [0.005, 0.02, 0.005], [0.01, 0.005, 0.02]]",,,,,6.701666666666666,0.40052933210070923,0.9983333333333333,0.14333333333333334,5.466666666666667,0.001387367588053207,0.00357257378208109,0.13162393162393163,0.008547008547008548,0.0,0.0,2.243150684931507,4.0,0.0017094017094017094,0.11623931623931624,5.777777777777778,0.11903577923298075,0.7548530617023768,0.004078196935339793,3.7142857142857144,0.9201176770909587,0.0461538461538461,0.5743589743589743,0.585,1.04360416601412,30,False,2042.0
3,sparse_sbm,sparse_sbm_7,7,32,2023366226,1186987918,"[23, 24, 87, 90, 98, 146, 167, 192, 195, 402, 425, 442, 443, 476, 536]","[405, 386, 236, 298, 371, 314, 576, 365, 66, 276, 157, 530, 355, 155, 354]",600,15,0.8,,3,200,"[[0.02, 0.005, 0.01], [0.005, 0.02, 0.005], [0.01, 0.005, 0.02]]",,,,,6.701666666666666,0.40052933210070923,0.9983333333333333,0.14333333333333334,6.266666666666667,0.0015610331017006957,0.004745561182526807,0.14188034188034188,0.011965811965811967,0.0,0.0,2.220890410958904,4.0,0.0017094017094017094,0.147008547008547,6.227350427350427,0.1276968131790671,0.7372555906802483,0.005264773925764638,3.4857142857142858,0.7674023411560141,0.041025641025641,0.1743589743589743,0.195,1.0059226660523564,30,False,1620.0
3,sparse_sbm,sparse_sbm_7,7,33,2023366226,2741170884,"[36, 74, 139, 181, 192, 223, 253, 303, 329, 375, 391, 408, 529, 533, 555]","[91, 446, 442, 272, 365, 408, 108, 231, 60, 411, 28, 156, 253, 196, 247]",600,15,0.8,,3,200,"[[0.02, 0.005, 0.01], [0.005, 0.02, 0.005], [0.01, 0.005, 0.02]]",,,,,6.701666666666666,0.40052933210070923,0.9983333333333333,0.14333333333333334,6.133333333333334,0.0015455303045458833,0.0034587337410879448,0.14358974358974358,0.010256410256410256,0.0,0.0,2.202054794520548,4.0,0.0017094017094017094,0.11623931623931624,5.8,0.12759631034664978,0.7344573234984194,0.004981992797118848,3.723809523809524,0.7292691752030939,0.0581196581196581,0.1863247863247863,0.2066666666666666,1.0154283749870956,30,False,1616.0
3,sparse_sbm,sparse_sbm_7,7,34,2023366226,440783886,"[6, 16, 116, 177, 178, 182, 183, 211, 248, 295, 424, 426, 434, 522, 557]","[413, 476, 521, 129, 585, 18, 84, 485, 2, 297, 489, 274, 495, 222, 419]",600,15,0.8,,3,200,"[[0.02, 0.005, 0.01], [0.005, 0.02, 0.005], [0.01, 0.005, 0.02]]",,,,,6.701666666666666,0.40052933210070923,0.9983333333333333,0.14333333333333334,6.733333333333333,0.001688770782621328,0.004324152298792465,0.15897435897435896,0.013675213675213675,0.0,0.0,2.1746575342465753,4.0,0.0017094017094017094,0.13675213675213677,5.917948717948718,0.13808887355028532,0.7087284861257463,0.006094945155095532,3.676190476190476,0.8148552642589039,0.0358974358974358,0.094017094017094,0.1166666666666666,1.0107835000380874,30,False,1532.0
3,sparse_sbm,sparse_sbm_7,7,35,2023366226,296266471,"[18, 53, 83, 90, 103, 150, 169, 173, 375, 402, 414, 473, 511, 562, 572]","[416, 59, 393, 298, 305, 387, 98, 278, 411, 276, 25, 315, 151, 223, 20]",600,15,0.8,,3,200,"[[0.02, 0.005, 0.01], [0.005, 0.02, 0.005], [0.01, 0.005, 0.02]]",,,,,6.701666666666666,0.40052933210070923,0.9983333333333333,0.14333333333333334,8.2,0.0019561649237470305,0.005542495263378915,0.18632478632478633,0.013675213675213675,0.0,0.0,2.0633561643835616,4.0,0.0017094017094017094,0.22735042735042735,7.406837606837607,0.15880339468706117,0.6638040042149631,0.005299932715899102,3.2476190476190476,0.7595683460701688,0.0735042735042735,0.9948717948717948,0.995,0.9657231249148026,30,False,3184.0
3,sparse_sbm,sparse_sbm_7,7,36,2023366226,1535718766,"[4, 14, 36, 58, 69, 116, 149, 223, 269, 303, 398, 441, 481, 559, 581]","[541, 318, 91, 43, 487, 521, 88, 408, 496, 231, 460, 9, 243, 519, 81]",600,15,0.8,,3,200,"[[0.02, 0.005, 0.01], [0.005, 0.02, 0.005], [0.01, 0.005, 0.02]]",,,,,6.701666666666666,0.40052933210070923,0.9983333333333333,0.14333333333333334,5.933333333333334,0.001489755962409466,0.003489745422844445,0.147008547008547,0.005128205128205128,0.0,0.0,2.190068493150685,4.0,0.0017094017094017094,0.10598290598290598,5.760683760683761,0.12774045056088862,0.7287671232876712,0.00195578231292517,3.8285714285714287,0.7444187606366314,0.0393162393162393,0.1623931623931624,0.1833333333333333,1.011496250052005,30,False,1618.0
3,sparse_sbm,sparse_sbm_7,7,37,2023366226,428529672,"[45, 51, 119, 131, 191, 210, 254, 267, 305, 325, 330, 526, 571, 596, 598]","[75, 187, 207, 409, 37, 3, 102, 5, 527, 395, 400, 480, 482, 434, 475]",600,15,0.8,,3,200,"[[0.02, 0.005, 0.01], [0.005, 0.02, 0.005], [0.01, 0.005, 0.02]]",,,,,6.701666666666666,0.40052933210070923,0.9983333333333333,0.14333333333333334,7.133333333333334,0.0017657529518252898,0.004053419590436463,0.1606837606837607,0.015384615384615385,0.0,0.0,2.155821917808219,4.0,0.0017094017094017094,0.1606837606837607,6.538461538461538,0.142932606295136,0.705537993209226,0.005565844625995003,3.4761904761904763,0.7345805987485089,0.0444444444444444,0.1367521367521367,0.1583333333333333,0.8781432920368388,26,True,1584.0
3,sparse_sbm,sparse_sbm_7,7,38,2023366226,176615335,"[9, 53, 121, 144, 194, 207, 210, 298, 302, 304, 433, 434, 495, 503, 568]","[267, 59, 138, 64, 470, 477, 3, 579, 180, 556, 311, 495, 360, 241, 44]",600,15,0.8,,3,200,"[[0.02, 0.005, 0.01], [0.005, 0.02, 0.005], [0.01, 0.005, 0.02]]",,,,,6.701666666666666,0.40052933210070923,0.9983333333333333,0.14333333333333334,6.666666666666667,0.001675525990105862,0.00448598258889932,0.15555555555555556,0.011965811965811967,0.0,0.0,2.1866438356164384,4.0,0.0017094017094017094,0.13162393162393163,6.196581196581197,0.1371122372910417,0.714248916988643,0.005571743071743071,3.4857142857142858,0.8549925970141014,0.0529914529914529,0.1623931623931624,0.1833333333333333,0.9505065419944004,28,True,1598.0
3,sparse_sbm,sparse_sbm_7,7,39,2023366226,2742302934,"[45, 58, 68, 151, 196, 222, 270, 286, 342, 394, 457, 495, 542, 556, 569]","[75, 43, 114, 139, 50, 282, 504, 281, 47, 150, 464, 360, 501, 181, 465]",600,15,0.8,,3,200,"[[0.02, 0.005, 0.01], [0.005, 0.02, 0.005], [0.01, 0.005, 0.02]]",,,,,6.701666666666666,0.40052933210070923,0.9983333333333333,0.14333333333333334,7.2,0.0017642975557406195,0.005289896806003633,0.17264957264957265,0.011965811965811967,0.0,0.0,2.0804794520547945,4.0,0.0017094017094017094,0.15555555555555556,6.622222222222222,0.14908808861818784,0.6859267064746517,0.0038260274870181993,3.5428571428571427,0.8496811734686862,0.0632478632478632,0.9863247863247864,0.9866666666666668,0.9752050000242888,30,False,3184.0
3,sparse_sbm,sparse_sbm_7,7,40,2023366226,2648988211,"[19, 36, 84, 202, 219, 248, 273, 333, 360, 361, 386, 438, 486, 508, 557]","[506, 91, 80, 338, 204, 2, 414, 523, 260, 170, 533, 581, 398, 213, 419]",600,15,0.8,,3,200,"[[0.02, 0.005, 0.01], [0.005, 0.02, 0.005], [0.01, 0.005, 0.02]]",,,,,6.701666666666666,0.40052933210070923,0.9983333333333333,0.14333333333333334,6.333333333333333,0.001596359706650901,0.0040294137486966706,0.15384615384615385,0.008547008547008548,0.0,0.0,2.162671232876712,4.0,0.0017094017094017094,0.10085470085470086,5.762393162393162,0.13369676175713802,0.717240369980096,0.002626103072808071,3.780952380952381,0.7292691752030938,0.0495726495726495,0.9931623931623932,0.9933333333333332,0.99374170799274,30,False,3184.0
3,sparse_sbm,sparse_sbm_7,7,41,2023366226,2966389042,"[36, 107, 179, 204, 216, 309, 311, 313, 335, 365, 371, 373, 468, 512, 518]","[91, 573, 234, 456, 454, 95, 120, 40, 597, 336, 232, 418, 430, 421, 471]",600,15,0.8,,3,200,"[[0.02, 0.005, 0.01], [0.005, 0.02, 0.005], [0.01, 0.005, 0.02]]",,,,,6.701666666666666,0.40052933210070923,0.9983333333333333,0.14333333333333334,6.533333333333333,0.001632109045276403,0.004483510711199746,0.15042735042735042,0.008547008547008548,0.0017094017094017094,0.0,2.1763698630136985,4.0,0.0017094017094017094,0.1264957264957265,6.205128205128205,0.13247431325438344,0.7228427584591968,0.004558712373838424,3.6857142857142855,0.7121154229672793,0.0512820512820512,0.2256410256410256,0.245,1.00708370807115,30,False,1674.0
3,sparse_sbm,sparse_sbm_7,7,42,2023366226,2488704877,"[26, 53, 81, 164, 167, 171, 262, 405, 422, 435, 453, 461, 533, 555, 563]","[106, 59, 90, 588, 576, 263, 52, 583, 452, 255, 273, 131, 196, 247, 479]",600,15,0.8,,3,200,"[[0.02, 0.005, 0.01], [0.005, 0.02, 0.005], [0.01, 0.005, 0.02]]",,,,,6.701666666666666,0.40052933210070923,0.9983333333333333,0.14333333333333334,7.0,0.0017155114250631221,0.004836544413205248,0.15726495726495726,0.017094017094017096,0.0017094017094017094,0.0,2.1866438356164384,4.0,0.0017094017094017094,0.16923076923076924,6.589743589743589,0.1409603817977413,0.7112340475354174,0.008315941761319912,3.5238095238095237,0.8648307589022237,0.0529914529914529,0.2,0.22,1.010368333896622,30,False,1642.0
3,sparse_sbm,sparse_sbm_7,7,43,2023366226,1829223888,"[19, 28, 93, 123, 208, 276, 279, 301, 326, 340, 343, 398, 435, 529, 561]","[506, 382, 335, 299, 97, 115, 258, 212, 237, 432, 227, 460, 255, 253, 543]",600,15,0.8,,3,200,"[[0.02, 0.005, 0.01], [0.005, 0.02, 0.005], [0.01, 0.005, 0.02]]",,,,,6.701666666666666,0.40052933210070923,0.9983333333333333,0.14333333333333334,6.333333333333333,0.0015995803331145635,0.0042632050894696695,0.147008547008547,0.008547008547008548,0.0,0.0,2.1934931506849313,4.0,0.0017094017094017094,0.11282051282051282,5.7555555555555555,0.12879972470233556,0.7287437068258986,0.003052084081495846,3.6952380952380954,0.6461505900165647,0.0393162393162393,0.1316239316239316,0.1533333333333333,0.9327135409694164,28,True,1572.0
3,sparse_sbm,sparse_sbm_7,7,44,2023366226,1538156248,"[40, 74, 190, 191, 268, 307, 325, 327, 343, 356, 366, 426, 450, 487, 535]","[246, 446, 6, 37, 292, 86, 395, 261, 227, 542, 275, 274, 296, 303, 309]",600,15,0.8,,3,200,"[[0.02, 0.005, 0.01], [0.005, 0.02, 0.005], [0.01, 0.005, 0.02]]",,,,,6.701666666666666,0.40052933210070923,0.9983333333333333,0.14333333333333334,6.666666666666667,0.001647453584987047,0.0046412745853323415,0.1623931623931624,0.008547008547008548,0.0,0.0,2.1232876712328768,4.0,0.0017094017094017094,0.1264957264957265,6.107692307692307,0.13872829625335797,0.7031260976466456,0.0046125116713352,3.7714285714285714,0.8799803443357612,0.0495726495726495,0.2547008547008547,0.2733333333333333,0.992705041076988,30,False,1714.0
3,sparse_sbm,sparse_sbm_7,7,45,2023366226,2985824855,"[1, 48, 71, 91, 141, 224, 280, 310, 335, 379, 380, 388, 412, 434, 447]","[206, 529, 147, 160, 48, 94, 175, 302, 597, 327, 104, 30, 453, 495, 215]",600,15,0.8,,3,200,"[[0.02, 0.005, 0.01], [0.005, 0.02, 0.005], [0.01, 0.005, 0.02]]",,,,,6.701666666666666,0.40052933210070923,0.9983333333333333,0.14333333333333334,7.333333333333333,0.0018072921686023708,0.005788250416708633,0.1675213675213675,0.018803418803418803,0.0017094017094017094,0.0,2.1164383561643834,4.0,0.0017094017094017094,0.16923076923076924,6.7213675213675215,0.14823896464104025,0.6942336962884909,0.008858851232800813,3.466666666666667,0.7121154229672791,0.0581196581196581,0.9931623931623932,0.9933333333333332,0.975058582960628,30,False,3184.0
3,sparse_sbm,sparse_sbm_7,7,46,2023366226,2940836423,"[11, 27, 124, 154, 166, 200, 219, 258, 318, 351, 364, 388, 393, 556, 558]","[10, 270, 436, 383, 441, 346, 204, 136, 502, 352, 379, 30, 304, 181, 440]",600,15,0.8,,3,200,"[[0.02, 0.005, 0.01], [0.005, 0.02, 0.005], [0.01, 0.005, 0.02]]",,,,,6.701666666666666,0.40052933210070923,0.9983333333333333,0.14333333333333334,6.866666666666666,0.0017427673424198614,0.0054804235830693115,0.15897435897435896,0.017094017094017096,0.0,0.0,2.1404109589041096,4.0,0.0017094017094017094,0.1264957264957265,6.3247863247863245,0.14168550779768974,0.7084182180072591,0.007148520635915594,3.723809523809524,0.8246934261470263,0.0581196581196581,0.2170940170940171,0.2366666666666666,1.0270095829619097,30,False,1664.0
3,sparse_sbm,sparse_sbm_7,7,47,2023366226,4189726150,"[7, 13, 53, 81, 122, 185, 222, 227, 279, 355, 381, 422, 468, 497, 569]","[484, 342, 59, 90, 380, 402, 282, 341, 258, 560, 176, 452, 430, 56, 465]",600,15,0.8,,3,200,"[[0.02, 0.005, 0.01], [0.005, 0.02, 0.005], [0.01, 0.005, 0.02]]",,,,,6.701666666666666,0.40052933210070923,0.9983333333333333,0.14333333333333334,6.733333333333333,0.0016831390135970043,0.004005520212558626,0.14358974358974358,0.013675213675213675,0.0017094017094017094,0.0,2.1934931506849313,4.0,0.0017094017094017094,0.11452991452991453,6.140170940170941,0.12907842522246857,0.7343636576513289,0.007824190282173476,3.533333333333333,0.9049680916574211,0.0529914529914529,0.123076923076923,0.145,0.9972629160620272,30,False,1606.0
3,sparse_sbm,sparse_sbm_7,7,48,2023366226,2341077599,"[28, 29, 39, 40, 51, 155, 187, 231, 299, 352, 391, 497, 516, 534, 565]","[382, 168, 39, 246, 187, 257, 284, 373, 334, 483, 28, 56, 82, 293, 149]",600,15,0.8,,3,200,"[[0.02, 0.005, 0.01], [0.005, 0.02, 0.005], [0.01, 0.005, 0.02]]",,,,,6.701666666666666,0.40052933210070923,0.9983333333333333,0.14333333333333334,6.333333333333333,0.0015774934548879278,0.004512251537486294,0.14188034188034188,0.008547008547008548,0.0017094017094017094,0.0,2.219178082191781,4.0,0.0017094017094017094,0.13333333333333333,6.0547008547008545,0.1256917139220084,0.7374195059126566,0.006526832955404384,3.6095238095238096,0.6871276756456192,0.0512820512820512,0.0991452991452991,0.1216666666666666,1.0020287910010666,30,False,1570.0
3,sparse_sbm,sparse_sbm_7,7,49,2023366226,2419344585,"[5, 83, 112, 175, 180, 198, 201, 242, 248, 330, 389, 483, 492, 517, 582]","[433, 393, 45, 55, 122, 200, 472, 141, 2, 400, 159, 36, 362, 498, 144]",600,15,0.8,,3,200,"[[0.02, 0.005, 0.01], [0.005, 0.02, 0.005], [0.01, 0.005, 0.02]]",,,,,6.701666666666666,0.40052933210070923,0.9983333333333333,0.14333333333333334,6.733333333333333,0.0017013223559389542,0.004592249719980457,0.15897435897435896,0.010256410256410256,0.0,0.0,2.155821917808219,4.0,0.0017094017094017094,0.14017094017094017,6.34017094017094,0.13949592963536775,0.7084709050462475,0.004396621896621897,3.657142857142857,0.9352672625244962,0.0478632478632478,0.1794871794871795,0.2,0.8343987090047449,25,True,1622.0
3,sparse_sbm,sparse_sbm_8,8,0,2655680253,3127455072,"[25, 50, 90, 126, 136, 176, 195, 330, 385, 400, 415, 430, 489, 490, 535]","[205, 155, 392, 384, 404, 269, 417, 36, 183, 574, 271, 545, 363, 531, 357]",600,15,0.8,,3,200,"[[0.02, 0.005, 0.01], [0.005, 0.02, 0.005], [0.01, 0.005, 0.02]]",,,,,6.723333333333333,0.38431339628624794,0.995,0.12666666666666668,7.0,0.0017136091149407898,0.004685258408092339,0.15897435897435896,0.010256410256410256,0.0,0.0,2.1866438356164384,4.0,0.0017094017094017094,0.17606837606837608,6.454700854700855,0.1362868200591766,0.7087636108184053,0.004356128416278792,3.32967032967033,0.6806832507874137,0.0393162393162393,0.1589743589743589,0.18,1.0086874580010772,30,False,1594.0
3,sparse_sbm,sparse_sbm_8,8,1,2655680253,2457500564,"[11, 86, 104, 192, 201, 325, 336, 353, 364, 376, 378, 426, 462, 483, 496]","[248, 89, 538, 232, 542, 189, 240, 533, 91, 507, 552, 202, 418, 548, 506]",600,15,0.8,,3,200,"[[0.02, 0.005, 0.01], [0.005, 0.02, 0.005], [0.01, 0.005, 0.02]]",,,,,6.723333333333333,0.38431339628624794,0.995,0.12666666666666668,6.866666666666666,0.001691161387064956,0.004227785255075449,0.15555555555555556,0.011965811965811967,0.0017094017094017094,0.0,2.130360205831904,4.0,0.003418803418803419,0.14188034188034188,6.4,0.13655930755631576,0.7142606252195294,0.008112007040578469,3.4952380952380953,0.6879424531823184,0.0598290598290598,0.9931623931623932,0.9933333333333332,0.96092433296144,30,False,3230.0
3,sparse_sbm,sparse_sbm_8,8,2,2655680253,501931268,"[25, 38, 44, 47, 125, 166, 196, 217, 236, 274, 277, 314, 552, 567, 591]","[205, 412, 134, 477, 530, 591, 493, 156, 504, 388, 326, 456, 22, 198, 180]",600,15,0.8,,3,200,"[[0.02, 0.005, 0.01], [0.005, 0.02, 0.005], [0.01, 0.005, 0.02]]",,,,,6.723333333333333,0.38431339628624794,0.995,0.12666666666666668,7.066666666666666,0.0017309847314210664,0.0046482840302420015,0.1675213675213675,0.008547008547008548,0.0017094017094017094,0.0,2.1252144082332762,4.0,0.003418803418803419,0.15897435897435896,6.664957264957265,0.14455987795580827,0.6943976115208992,0.004582560296846011,3.4857142857142858,0.7873387131036091,0.0564102564102564,0.3162393162393162,0.3333333333333333,1.0169509591069072,30,False,1776.0
3,sparse_sbm,sparse_sbm_8,8,3,2655680253,1352991055,"[5, 57, 65, 92, 99, 142, 243, 336, 412, 430, 435, 446, 471, 555, 573]","[179, 483, 522, 346, 409, 375, 272, 240, 549, 545, 414, 119, 210, 11, 555]",600,15,0.8,,3,200,"[[0.02, 0.005, 0.01], [0.005, 0.02, 0.005], [0.01, 0.005, 0.02]]",,,,,6.723333333333333,0.38431339628624794,0.995,0.12666666666666668,7.866666666666666,0.0018813132017449624,0.006177744356026327,0.17606837606837608,0.011965811965811967,0.003418803418803419,0.0,2.0806174957118353,4.0,0.003418803418803419,0.20170940170940171,7.5145299145299145,0.15175137391499452,0.6803477344573235,0.01107896362650896,3.1809523809523808,0.6897995710757373,0.0547008547008547,0.9948717948717948,0.995,0.981872915988788,30,False,3230.0
3,sparse_sbm,sparse_sbm_8,8,4,2655680253,861040916,"[2, 8, 56, 146, 206, 216, 283, 356, 358, 409, 425, 557, 562, 569, 584]","[165, 149, 174, 76, 509, 116, 51, 382, 407, 281, 450, 87, 288, 598, 314]",600,15,0.8,,3,200,"[[0.02, 0.005, 0.01], [0.005, 0.02, 0.005], [0.01, 0.005, 0.02]]",,,,,6.723333333333333,0.38431339628624794,0.995,0.12666666666666668,6.466666666666667,0.001608706216718842,0.004631491569824311,0.15213675213675212,0.013675213675213675,0.0,0.0,2.1732418524871355,5.0,0.003418803418803419,0.11965811965811966,6.042735042735043,0.1345074467436093,0.720044491277368,0.005620388383546278,3.6476190476190475,0.7269919638292214,0.0495726495726495,0.1367521367521367,0.1583333333333333,1.013345833052881,30,False,1592.0
3,sparse_sbm,sparse_sbm_8,8,5,2655680253,3140636051,"[41, 75, 77, 116, 117, 151, 161, 376, 403, 464, 465, 522, 525, 557, 559]","[486, 297, 42, 85, 14, 194, 231, 507, 567, 351, 118, 334, 475, 87, 512]",600,15,0.8,,3,200,"[[0.02, 0.005, 0.01], [0.005, 0.02, 0.005], [0.01, 0.005, 0.02]]",,,,,6.723333333333333,0.38431339628624794,0.995,0.12666666666666668,7.133333333333334,0.0017349098766291696,0.005131872117701794,0.1606837606837607,0.018803418803418803,0.0,0.0,2.1355060034305318,4.0,0.003418803418803419,0.18632478632478633,7.023931623931624,0.14401823277120585,0.7055262849783398,0.007524978502422112,3.4095238095238094,0.6897995710757373,0.0683760683760683,0.9897435897435898,0.99,0.8430439170915633,24,True,3228.0
3,sparse_sbm,sparse_sbm_8,8,6,2655680253,3353927422,"[11, 17, 73, 114, 236, 253, 273, 278, 321, 330, 337, 399, 410, 462, 578]","[248, 539, 343, 410, 504, 23, 308, 446, 320, 36, 20, 114, 517, 418, 44]",600,15,0.8,,3,200,"[[0.02, 0.005, 0.01], [0.005, 0.02, 0.005], [0.01, 0.005, 0.02]]",,,,,6.723333333333333,0.38431339628624794,0.995,0.12666666666666668,6.4,0.0016027704587079667,0.002882880102648285,0.14871794871794872,0.011965811965811967,0.0,0.0,2.171526586620926,4.0,0.003418803418803419,0.13333333333333333,6.109401709401709,0.1325591575426083,0.7256644421027982,0.005303329363479739,3.6285714285714286,0.8013767493361893,0.0461538461538461,0.1726495726495726,0.1933333333333333,1.0575076249660924,30,False,1626.0
3,sparse_sbm,sparse_sbm_8,8,7,2655680253,4122222405,"[13, 31, 69, 96, 139, 200, 249, 257, 282, 318, 358, 385, 417, 420, 442]","[300, 373, 408, 436, 21, 197, 370, 18, 203, 50, 407, 183, 215, 338, 84]",600,15,0.8,,3,200,"[[0.02, 0.005, 0.01], [0.005, 0.02, 0.005], [0.01, 0.005, 0.02]]",,,,,6.723333333333333,0.38431339628624794,0.995,0.12666666666666668,6.266666666666667,0.0015769218551327337,0.005094319354822777,0.14871794871794872,0.011965811965811967,0.0,0.0,2.2054794520547945,4.0,0.0017094017094017094,0.1282051282051282,5.914529914529915,0.1318424740289009,0.7256468797564688,0.004621875740849646,3.5274725274725274,0.8294528218013495,0.0444444444444444,0.2854700854700854,0.3033333333333333,1.020034124958329,30,False,1698.0
3,sparse_sbm,sparse_sbm_8,8,8,2655680253,1084843364,"[30, 51, 107, 192, 245, 306, 322, 323, 350, 384, 429, 514, 529, 539, 557]","[544, 402, 537, 232, 65, 72, 233, 64, 479, 315, 230, 518, 157, 596, 87]",600,15,0.8,,3,200,"[[0.02, 0.005, 0.01], [0.005, 0.02, 0.005], [0.01, 0.005, 0.02]]",,,,,6.723333333333333,0.38431339628624794,0.995,0.12666666666666668,6.333333333333333,0.0016106758318062636,0.004830740144034424,0.15042735042735042,0.008547008547008548,0.0,0.0,2.174957118353345,4.0,0.003418803418803419,0.10256410256410256,5.700854700854701,0.13108665361806612,0.7230183819224915,0.004250154607297464,3.704761904761905,0.7038376073083176,0.0495726495726495,0.1179487179487179,0.14,0.8985161250457168,26,True,1572.0
3,sparse_sbm,sparse_sbm_8,8,9,2655680253,2245372325,"[3, 7, 58, 71, 110, 124, 165, 177, 207, 285, 386, 470, 490, 563, 595]","[515, 161, 496, 258, 59, 398, 141, 570, 292, 2, 243, 478, 531, 52, 562]",600,15,0.8,,3,200,"[[0.02, 0.005, 0.01], [0.005, 0.02, 0.005], [0.01, 0.005, 0.02]]",,,,,6.723333333333333,0.38431339628624794,0.995,0.12666666666666668,6.733333333333333,0.001685182916266569,0.00368790933972992,0.15897435897435896,0.006837606837606838,0.0,0.0,2.1406518010291595,4.0,0.003418803418803419,0.13675213675213677,6.429059829059829,0.13720737705812425,0.7086699449713149,0.003365800865800866,3.5428571428571427,0.8013767493361893,0.0615384615384615,0.1726495726495726,0.1933333333333333,1.0231670419452712,30,False,1646.0
3,sparse_sbm,sparse_sbm_8,8,10,2655680253,4173024438,"[28, 52, 65, 129, 130, 135, 137, 161, 167, 231, 323, 416, 433, 502, 583]","[376, 386, 522, 224, 66, 186, 400, 231, 568, 529, 64, 172, 9, 582, 241]",600,15,0.8,,3,200,"[[0.02, 0.005, 0.01], [0.005, 0.02, 0.005], [0.01, 0.005, 0.02]]",,,,,6.723333333333333,0.38431339628624794,0.995,0.12666666666666668,6.933333333333334,0.001699973557089116,0.004039301716342028,0.1641025641025641,0.010256410256410256,0.0,0.0,2.142367066895369,4.0,0.003418803418803419,0.15897435897435896,6.475213675213675,0.1423630821222486,0.7000819576162042,0.003638701857554616,3.6095238095238096,0.7251348459358024,0.0564102564102564,0.9931623931623932,0.9933333333333332,0.982803250080906,30,False,3230.0
3,sparse_sbm,sparse_sbm_8,8,11,2655680253,3334648010,"[122, 131, 161, 246, 252, 322, 400, 404, 429, 436, 453, 481, 534, 541, 575]","[70, 431, 231, 422, 482, 233, 574, 553, 230, 554, 261, 107, 451, 359, 354]",600,15,0.8,,3,200,"[[0.02, 0.005, 0.01], [0.005, 0.02, 0.005], [0.01, 0.005, 0.02]]",,,,,6.723333333333333,0.38431339628624794,0.995,0.12666666666666668,7.0,0.0017055653122411668,0.004813503193411472,0.15726495726495726,0.015384615384615385,0.0,0.0,2.1337907375643224,4.0,0.003418803418803419,0.15726495726495726,6.711111111111111,0.13982684360141112,0.7113160051516216,0.0073051287337001615,3.4,0.7269919638292214,0.0683760683760683,0.9948717948717948,0.995,1.0095544579671696,30,False,3230.0
3,sparse_sbm,sparse_sbm_8,8,12,2655680253,2613488261,"[24, 107, 150, 178, 179, 187, 253, 259, 389, 397, 398, 505, 517, 531, 550]","[252, 537, 160, 309, 170, 534, 23, 576, 115, 327, 324, 219, 284, 298, 282]",600,15,0.8,,3,200,"[[0.02, 0.005, 0.01], [0.005, 0.02, 0.005], [0.01, 0.005, 0.02]]",,,,,6.723333333333333,0.38431339628624794,0.995,0.12666666666666668,6.4,0.0015914313097680785,0.0033460908934558557,0.13846153846153847,0.011965811965811967,0.0,0.0,2.2384219554030875,5.0,0.003418803418803419,0.14017094017094017,6.042735042735043,0.12579390249786443,0.7429984779299847,0.005233496662068091,3.5904761904761906,0.7782223928152854,0.0529914529914529,0.3282051282051282,0.345,1.0187829160131514,30,False,1744.0
3,sparse_sbm,sparse_sbm_8,8,13,2655680253,1178680250,"[31, 186, 187, 193, 227, 238, 242, 261, 280, 455, 484, 503, 508, 514, 547]","[373, 575, 534, 430, 452, 395, 169, 130, 442, 557, 340, 330, 145, 518, 291]",600,15,0.8,,3,200,"[[0.02, 0.005, 0.01], [0.005, 0.02, 0.005], [0.01, 0.005, 0.02]]",,,,,6.723333333333333,0.38431339628624794,0.995,0.12666666666666668,6.266666666666667,0.0015819973569682728,0.00315727766916904,0.15042735042735042,0.010256410256410256,0.0,0.0,2.183533447684391,4.0,0.003418803418803419,0.1076923076923077,5.803418803418803,0.13329240789345012,0.7228017796510947,0.004292999250982444,3.638095238095238,0.7782223928152854,0.0427350427350427,0.1572649572649572,0.1783333333333333,1.0023887500865385,30,False,1610.0
3,sparse_sbm,sparse_sbm_8,8,14,2655680253,1950216574,"[4, 116, 140, 152, 202, 238, 239, 246, 286, 382, 421, 507, 508, 545, 580]","[263, 85, 40, 480, 459, 395, 188, 422, 29, 571, 321, 57, 145, 62, 98]",600,15,0.8,,3,200,"[[0.02, 0.005, 0.01], [0.005, 0.02, 0.005], [0.01, 0.005, 0.02]]",,,,,6.723333333333333,0.38431339628624794,0.995,0.12666666666666668,5.933333333333334,0.0014963711214678282,0.0032175544799270856,0.1282051282051282,0.017094017094017096,0.0,0.0,2.2641509433962264,4.0,0.003418803418803419,0.13846153846153847,5.844444444444444,0.11841340526501258,0.7607481559536354,0.00828042328042328,3.552380952380952,0.8013767493361893,0.0512820512820512,0.8136752136752137,0.8183333333333334,1.0269858749816194,30,False,2650.0
3,sparse_sbm,sparse_sbm_8,8,15,2655680253,749985234,"[0, 21, 59, 62, 151, 203, 212, 225, 345, 362, 388, 419, 422, 572, 584]","[403, 383, 527, 580, 194, 325, 259, 369, 455, 465, 275, 586, 405, 559, 314]",600,15,0.8,,3,200,"[[0.02, 0.005, 0.01], [0.005, 0.02, 0.005], [0.01, 0.005, 0.02]]",,,,,6.723333333333333,0.38431339628624794,0.995,0.12666666666666668,6.866666666666666,0.0017309636142114374,0.004451657708510779,0.16923076923076924,0.006837606837606838,0.0,0.0,2.0994854202401374,4.0,0.003418803418803419,0.13675213675213677,6.425641025641026,0.144085777798928,0.6917398431097062,0.003264724693296122,3.704761904761905,0.7269919638292214,0.0632478632478632,0.9965811965811966,0.9966666666666668,1.0006060829618946,30,False,3230.0
3,sparse_sbm,sparse_sbm_8,8,16,2655680253,1292214789,"[59, 81, 124, 168, 189, 313, 360, 411, 450, 483, 508, 514, 528, 536, 538]","[527, 339, 398, 318, 502, 551, 78, 47, 524, 548, 145, 518, 302, 457, 328]",600,15,0.8,,3,200,"[[0.02, 0.005, 0.01], [0.005, 0.02, 0.005], [0.01, 0.005, 0.02]]",,,,,6.723333333333333,0.38431339628624794,0.995,0.12666666666666668,6.866666666666666,0.0017018862284120134,0.004844430760462226,0.1641025641025641,0.011965811965811967,0.0,0.0,2.1200686106346485,4.0,0.003418803418803419,0.14871794871794872,6.446153846153846,0.14210960485372565,0.7001346446551926,0.005725385725385725,3.533333333333333,0.7501463203501252,0.0444444444444444,0.1863247863247863,0.2066666666666666,0.9352915000636132,27,True,1646.0
3,sparse_sbm,sparse_sbm_8,8,17,2655680253,3664064004,"[21, 35, 41, 109, 212, 311, 315, 347, 386, 501, 512, 530, 535, 536, 595]","[383, 380, 486, 423, 259, 581, 260, 33, 243, 135, 441, 592, 357, 457, 562]",600,15,0.8,,3,200,"[[0.02, 0.005, 0.01], [0.005, 0.02, 0.005], [0.01, 0.005, 0.02]]",,,,,6.723333333333333,0.38431339628624794,0.995,0.12666666666666668,7.0,0.0017411297756420216,0.0051990402732987615,0.15726495726495726,0.011965811965811967,0.0,0.0,2.1200686106346485,4.0,0.003418803418803419,0.15897435897435896,6.664957264957265,0.13851774412406856,0.7113335674979511,0.005671550671550672,3.466666666666667,0.6245311058570931,0.0529914529914529,0.9948717948717948,0.995,0.9969215840101242,30,False,3230.0
3,sparse_sbm,sparse_sbm_8,8,18,2655680253,39436570,"[31, 62, 75, 156, 179, 201, 216, 227, 287, 295, 304, 357, 360, 487, 593]","[373, 580, 297, 329, 170, 542, 116, 452, 185, 142, 319, 209, 78, 255, 519]",600,15,0.8,,3,200,"[[0.02, 0.005, 0.01], [0.005, 0.02, 0.005], [0.01, 0.005, 0.02]]",,,,,6.723333333333333,0.38431339628624794,0.995,0.12666666666666668,6.066666666666666,0.0015505963085305516,0.0032596528759121185,0.14017094017094017,0.013675213675213675,0.0017094017094017094,0.0,2.2195540308747854,4.0,0.003418803418803419,0.10598290598290598,5.707692307692308,0.12595380022429103,0.7401943566327128,0.007516784491574408,3.7714285714285714,0.7269919638292214,0.041025641025641,0.1692307692307692,0.19,1.0187431669328362,30,False,1612.0
3,sparse_sbm,sparse_sbm_8,8,19,2655680253,3981812991,"[0, 68, 156, 261, 318, 350, 384, 445, 487, 499, 568, 574, 584, 589, 592]","[403, 374, 329, 130, 50, 479, 315, 345, 255, 366, 424, 191, 314, 355, 88]",600,15,0.8,,3,200,"[[0.02, 0.005, 0.01], [0.005, 0.02, 0.005], [0.01, 0.005, 0.02]]",,,,,6.723333333333333,0.38431339628624794,0.995,0.12666666666666668,6.266666666666667,0.0015656748375724601,0.003167895989045365,0.13846153846153847,0.015384615384615385,0.0,0.0,2.228130360205832,5.0,0.003418803418803419,0.12307692307692308,5.986324786324786,0.12540026917952485,0.7430921437770753,0.00876933814461457,3.5619047619047617,0.7269919638292214,0.0598290598290598,0.9863247863247864,0.9866666666666668,0.9777796249836684,30,False,3228.0
3,sparse_sbm,sparse_sbm_8,8,20,2655680253,2782816055,"[33, 52, 110, 228, 298, 322, 323, 339, 380, 391, 398, 448, 450, 476, 535]","[213, 386, 59, 461, 432, 233, 64, 164, 335, 421, 324, 599, 524, 365, 357]",600,15,0.8,,3,200,"[[0.02, 0.005, 0.01], [0.005, 0.02, 0.005], [0.01, 0.005, 0.02]]",,,,,6.723333333333333,0.38431339628624794,0.995,0.12666666666666668,7.133333333333334,0.0017709560325625156,0.004455964194551844,0.1675213675213675,0.008547008547008548,0.0,0.0,2.1217838765008574,4.0,0.003418803418803419,0.1452991452991453,6.27008547008547,0.14440444646306239,0.694391757405456,0.0036554621848739494,3.5714285714285716,0.7269919638292214,0.0598290598290598,0.2615384615384615,0.28,1.0371787920594215,30,False,1684.0
3,sparse_sbm,sparse_sbm_8,8,21,2655680253,2457456048,"[29, 67, 84, 91, 153, 199, 251, 305, 418, 436, 461, 575, 577, 584, 591]","[163, 443, 80, 48, 43, 32, 196, 597, 212, 554, 467, 354, 470, 314, 180]",600,15,0.8,,3,200,"[[0.02, 0.005, 0.01], [0.005, 0.02, 0.005], [0.01, 0.005, 0.02]]",,,,,6.723333333333333,0.38431339628624794,0.995,0.12666666666666668,6.2,0.0015246941105420038,0.0031268159223808547,0.1452991452991453,0.013675213675213675,0.0,0.0,2.188679245283019,4.0,0.003418803418803419,0.15042735042735042,6.358974358974359,0.1308324429439418,0.7313897670062054,0.005852718709861568,3.5047619047619047,0.6970587734706422,0.0478632478632478,0.2854700854700854,0.3033333333333333,1.02498700004071,30,False,1706.0
3,sparse_sbm,sparse_sbm_8,8,22,2655680253,1088428105,"[13, 48, 53, 97, 104, 152, 203, 228, 311, 342, 345, 385, 441, 500, 578]","[300, 312, 406, 520, 538, 480, 325, 461, 581, 108, 455, 183, 16, 206, 44]",600,15,0.8,,3,200,"[[0.02, 0.005, 0.01], [0.005, 0.02, 0.005], [0.01, 0.005, 0.02]]",,,,,6.723333333333333,0.38431339628624794,0.995,0.12666666666666668,5.333333333333333,0.001395367573545993,0.0031221176140261795,0.12991452991452992,0.003418803418803419,0.0,0.0,2.2551369863013697,4.0,0.0017094017094017094,0.07692307692307693,5.128205128205129,0.11492766316843345,0.7578972017328182,0.0013605442176870747,3.8351648351648353,0.7178756435408975,0.0461538461538461,0.1333333333333333,0.155,1.0453340000240132,30,False,1594.0
3,sparse_sbm,sparse_sbm_8,8,23,2655680253,2895776502,"[21, 87, 104, 170, 174, 180, 255, 285, 290, 359, 405, 406, 462, 483, 556]","[383, 503, 538, 565, 222, 420, 454, 2, 508, 578, 307, 589, 418, 548, 491]",600,15,0.8,,3,200,"[[0.02, 0.005, 0.01], [0.005, 0.02, 0.005], [0.01, 0.005, 0.02]]",,,,,6.723333333333333,0.38431339628624794,0.995,0.12666666666666668,7.133333333333334,0.0017434689409245,0.0040544665142967645,0.1675213675213675,0.015384615384615385,0.0,0.0,2.0960548885077186,4.0,0.003418803418803419,0.14358974358974358,6.627350427350428,0.14717241944787937,0.6942980915583655,0.006953998382569811,3.419047619047619,0.7269919638292214,0.0615384615384615,0.9897435897435898,0.99,1.022632374893874,30,False,3228.0
3,sparse_sbm,sparse_sbm_8,8,24,2655680253,1251694265,"[2, 77, 128, 138, 190, 191, 203, 209, 241, 353, 363, 384, 427, 434, 492]","[165, 42, 24, 360, 594, 61, 325, 579, 102, 533, 267, 315, 558, 113, 8]",600,15,0.8,,3,200,"[[0.02, 0.005, 0.01], [0.005, 0.02, 0.005], [0.01, 0.005, 0.02]]",,,,,6.723333333333333,0.38431339628624794,0.995,0.12666666666666668,6.266666666666667,0.0015663189512833014,0.0035435746540462107,0.147008547008547,0.008547008547008548,0.0017094017094017094,0.0,2.1646655231560894,4.0,0.003418803418803419,0.11452991452991453,6.087179487179487,0.13061181454473098,0.7285446669008313,0.004706523635095063,3.6285714285714286,0.6367120241962543,0.0581196581196581,0.9931623931623932,0.9933333333333332,1.119909208966419,29,True,3230.0
3,sparse_sbm,sparse_sbm_8,8,25,2655680253,1248020106,"[90, 185, 233, 245, 290, 293, 299, 313, 335, 396, 406, 457, 485, 517, 589]","[392, 25, 60, 65, 508, 110, 140, 551, 218, 464, 589, 6, 349, 284, 355]",600,15,0.8,,3,200,"[[0.02, 0.005, 0.01], [0.005, 0.02, 0.005], [0.01, 0.005, 0.02]]",,,,,6.723333333333333,0.38431339628624794,0.995,0.12666666666666668,7.533333333333333,0.0018523014477698104,0.004083424117223178,0.17094017094017094,0.018803418803418803,0.0,0.0,2.1132075471698113,4.0,0.003418803418803419,0.15726495726495726,6.581196581196581,0.15110986421225073,0.6885493501931859,0.00684340537834567,3.5142857142857142,0.7623272386892864,0.0666666666666666,0.9931623931623932,0.9933333333333332,1.027421500068158,30,False,3230.0
3,sparse_sbm,sparse_sbm_8,8,26,2655680253,1178082459,"[97, 111, 127, 209, 232, 243, 276, 328, 340, 389, 393, 441, 484, 503, 544]","[520, 126, 239, 579, 413, 272, 178, 498, 127, 115, 75, 16, 340, 330, 19]",600,15,0.8,,3,200,"[[0.02, 0.005, 0.01], [0.005, 0.02, 0.005], [0.01, 0.005, 0.02]]",,,,,6.723333333333333,0.38431339628624794,0.995,0.12666666666666668,5.6,0.001458138613993061,0.002682141516952198,0.1282051282051282,0.013675213675213675,0.0017094017094017094,0.0,2.319039451114923,4.0,0.003418803418803419,0.09230769230769231,5.116239316239316,0.1182125094565589,0.7606720524528744,0.008965363923347116,3.761904761904762,0.6385691420896732,0.0461538461538461,0.1059829059829059,0.1283333333333333,1.0550446250708774,30,False,1564.0
3,sparse_sbm,sparse_sbm_8,8,27,2655680253,858229602,"[15, 19, 107, 127, 185, 225, 259, 366, 371, 406, 419, 425, 456, 463, 535]","[90, 536, 537, 239, 25, 369, 576, 103, 182, 589, 586, 450, 397, 79, 357]",600,15,0.8,,3,200,"[[0.02, 0.005, 0.01], [0.005, 0.02, 0.005], [0.01, 0.005, 0.02]]",,,,,6.723333333333333,0.38431339628624794,0.995,0.12666666666666668,6.666666666666667,0.0016899930841119573,0.003907287264961545,0.15726495726495726,0.010256410256410256,0.0,0.0,2.1732418524871355,4.0,0.003418803418803419,0.11452991452991453,6.052991452991453,0.13604894648892552,0.7115091909612458,0.004473440502852268,3.638095238095238,0.7782223928152854,0.0512820512820512,0.2495726495726495,0.2683333333333333,1.1422332499641925,30,False,1690.0
3,sparse_sbm,sparse_sbm_8,8,28,2655680253,3985232590,"[96, 104, 133, 159, 235, 250, 309, 321, 403, 479, 481, 520, 526, 544, 573]","[436, 538, 556, 331, 427, 468, 101, 320, 567, 426, 107, 497, 350, 19, 555]",600,15,0.8,,3,200,"[[0.02, 0.005, 0.01], [0.005, 0.02, 0.005], [0.01, 0.005, 0.02]]",,,,,6.723333333333333,0.38431339628624794,0.995,0.12666666666666668,6.933333333333334,0.0016927333746106184,0.004701528367961533,0.1623931623931624,0.011965811965811967,0.0,0.0,2.118353344768439,4.0,0.003418803418803419,0.14871794871794872,6.753846153846154,0.14131912506623856,0.7029270577215783,0.004711381628674861,3.552380952380952,0.6013767493361892,0.029059829059829,0.07008547008547,0.0933333333333333,0.8649907499784604,22,True,1540.0
3,sparse_sbm,sparse_sbm_8,8,29,2655680253,4250100296,"[64, 66, 74, 250, 303, 323, 335, 380, 488, 498, 513, 529, 546, 570, 593]","[401, 391, 35, 468, 437, 64, 218, 335, 250, 280, 97, 157, 254, 511, 519]",600,15,0.8,,3,200,"[[0.02, 0.005, 0.01], [0.005, 0.02, 0.005], [0.01, 0.005, 0.02]]",,,,,6.723333333333333,0.38431339628624794,0.995,0.12666666666666668,6.2,0.001568599616841792,0.005556943035801125,0.14871794871794872,0.006837606837606838,0.0,0.0,2.1972555746140654,4.0,0.003418803418803419,0.1264957264957265,5.97948717948718,0.13045840554265847,0.7257639620653319,0.003029100529100529,3.6666666666666665,0.6385691420896732,0.0529914529914529,0.9931623931623932,0.9933333333333332,1.113193625002168,30,False,3230.0
3,sparse_sbm,sparse_sbm_8,8,30,2655680253,851257533,"[64, 68, 79, 176, 190, 293, 323, 355, 372, 420, 492, 504, 517, 553, 571]","[401, 374, 278, 269, 594, 110, 64, 428, 301, 338, 8, 151, 284, 569, 58]",600,15,0.8,,3,200,"[[0.02, 0.005, 0.01], [0.005, 0.02, 0.005], [0.01, 0.005, 0.02]]",,,,,6.723333333333333,0.38431339628624794,0.995,0.12666666666666668,6.8,0.001674484680555933,0.00477230021963099,0.15555555555555556,0.010256410256410256,0.0017094017094017094,0.0,2.1355060034305318,4.0,0.003418803418803419,0.15897435897435896,6.603418803418803,0.13705472897869558,0.7141845217187683,0.005366277824261017,3.533333333333333,0.7110968097032223,0.0598290598290598,0.3709401709401709,0.3866666666666666,1.131075375014916,30,False,1776.0
3,sparse_sbm,sparse_sbm_8,8,31,2655680253,3626295722,"[73, 84, 96, 138, 195, 205, 295, 351, 376, 507, 510, 528, 566, 568, 590]","[343, 80, 436, 360, 417, 313, 142, 394, 507, 57, 166, 302, 159, 424, 45]",600,15,0.8,,3,200,"[[0.02, 0.005, 0.01], [0.005, 0.02, 0.005], [0.01, 0.005, 0.02]]",,,,,6.723333333333333,0.38431339628624794,0.995,0.12666666666666668,7.4,0.0018031544339699955,0.004108294829310951,0.17094017094017094,0.013675213675213675,0.0017094017094017094,0.0,2.1217838765008574,4.0,0.003418803418803419,0.17264957264957265,6.6239316239316235,0.1486550904474121,0.6886957030792648,0.005755767894202215,3.533333333333333,0.6385691420896732,0.0598290598290598,0.9965811965811966,0.9966666666666668,0.6973524170462042,20,True,3230.0
3,sparse_sbm,sparse_sbm_8,8,32,2655680253,2930060114,"[8, 12, 148, 167, 176, 200, 219, 232, 241, 251, 381, 390, 410, 543, 545]","[149, 561, 12, 568, 269, 197, 347, 413, 102, 196, 83, 136, 517, 460, 62]",600,15,0.8,,3,200,"[[0.02, 0.005, 0.01], [0.005, 0.02, 0.005], [0.01, 0.005, 0.02]]",,,,,6.723333333333333,0.38431339628624794,0.995,0.12666666666666668,5.333333333333333,0.0014193356400721987,0.0026061472551120236,0.13162393162393163,0.0017094017094017094,0.0,0.0,2.2641509433962264,4.0,0.003418803418803419,0.05982905982905983,5.030769230769231,0.11676582836864918,0.7548881863950357,0.0008658008658008658,4.0285714285714285,0.7269919638292214,0.0512820512820512,0.1059829059829059,0.1283333333333333,1.11835125007201,30,True,1552.0
3,sparse_sbm,sparse_sbm_8,8,33,2655680253,2988337018,"[121, 129, 156, 225, 279, 338, 341, 363, 435, 498, 510, 529, 545, 568, 590]","[500, 224, 329, 369, 481, 27, 238, 267, 414, 280, 166, 157, 62, 424, 45]",600,15,0.8,,3,200,"[[0.02, 0.005, 0.01], [0.005, 0.02, 0.005], [0.01, 0.005, 0.02]]",,,,,6.723333333333333,0.38431339628624794,0.995,0.12666666666666668,7.466666666666667,0.0018621250449020617,0.00625013370839467,0.17264957264957265,0.008547008547008548,0.0,0.0,2.0943396226415096,4.0,0.003418803418803419,0.12307692307692308,6.456410256410257,0.14815035811953078,0.6859501229364243,0.002999755457738651,3.5619047619047617,0.7873387131036093,0.0512820512820512,0.9811965811965812,0.9816666666666668,1.1252285840455445,30,False,3218.0
3,sparse_sbm,sparse_sbm_8,8,34,2655680253,1282885772,"[5, 39, 48, 61, 104, 165, 240, 241, 324, 372, 414, 484, 486, 497, 538]","[179, 125, 312, 466, 538, 141, 305, 102, 387, 301, 577, 340, 187, 377, 328]",600,15,0.8,,3,200,"[[0.02, 0.005, 0.01], [0.005, 0.02, 0.005], [0.01, 0.005, 0.02]]",,,,,6.723333333333333,0.38431339628624794,0.995,0.12666666666666668,5.866666666666666,0.0014823516770569101,0.003634009843414694,0.14188034188034188,0.008547008547008548,0.0,0.0,2.1801029159519727,4.0,0.003418803418803419,0.1111111111111111,5.823931623931624,0.12580256606063905,0.7373492565273387,0.0045411598983027554,3.7523809523809524,0.7410300000618014,0.0358974358974358,0.0512820512820512,0.075,1.0593646250199529,30,False,1532.0
3,sparse_sbm,sparse_sbm_8,8,35,2655680253,2901554139,"[35, 49, 60, 67, 73, 75, 111, 138, 287, 296, 362, 430, 455, 578, 582]","[380, 563, 176, 443, 343, 297, 126, 360, 185, 299, 465, 545, 557, 44, 214]",600,15,0.8,,3,200,"[[0.02, 0.005, 0.01], [0.005, 0.02, 0.005], [0.01, 0.005, 0.02]]",,,,,6.723333333333333,0.38431339628624794,0.995,0.12666666666666668,7.0,0.0017092436229899758,0.0031380296040945037,0.1658119658119658,0.006837606837606838,0.0,0.0,2.1286449399656946,4.0,0.003418803418803419,0.17606837606837608,6.793162393162393,0.14248825969499984,0.6972427116262733,0.0028801264095381744,3.4095238095238094,0.6989158913640611,0.0358974358974358,0.1145299145299145,0.1366666666666666,1.1572548750555145,30,False,1570.0
3,sparse_sbm,sparse_sbm_8,8,36,2655680253,25338176,"[17, 32, 50, 105, 159, 188, 212, 257, 260, 400, 413, 451, 457, 501, 510]","[539, 152, 155, 336, 331, 516, 259, 18, 535, 574, 211, 253, 6, 135, 166]",600,15,0.8,,3,200,"[[0.02, 0.005, 0.01], [0.005, 0.02, 0.005], [0.01, 0.005, 0.02]]",,,,,6.723333333333333,0.38431339628624794,0.995,0.12666666666666668,8.133333333333333,0.001946896497075817,0.005208804326858105,0.1794871794871795,0.023931623931623933,0.0017094017094017094,0.0,2.1029159519725558,4.0,0.003418803418803419,0.19829059829059828,7.347008547008547,0.15932181905309342,0.6744994731296101,0.009895684769634348,3.2095238095238097,0.5178756435408974,0.0666666666666666,0.3247863247863248,0.3416666666666667,1.1443064999766648,30,False,1780.0
3,sparse_sbm,sparse_sbm_8,8,37,2655680253,3670027423,"[5, 108, 200, 243, 285, 294, 321, 344, 390, 404, 419, 461, 468, 479, 569]","[179, 453, 197, 272, 2, 362, 320, 77, 136, 553, 586, 467, 225, 426, 598]",600,15,0.8,,3,200,"[[0.02, 0.005, 0.01], [0.005, 0.02, 0.005], [0.01, 0.005, 0.02]]",,,,,6.723333333333333,0.38431339628624794,0.995,0.12666666666666668,6.133333333333334,0.0015676574847043273,0.004542789209303048,0.14188034188034188,0.008547008547008548,0.0,0.0,2.1972555746140654,5.0,0.003418803418803419,0.11623931623931624,5.905982905982906,0.12601601613390392,0.7373492565273387,0.003905895691609977,3.6095238095238096,0.5695864410841912,0.0393162393162393,0.0615384615384615,0.085,0.8571642080787569,24,True,1526.0
3,sparse_sbm,sparse_sbm_8,8,38,2655680253,1412422237,"[6, 34, 87, 113, 120, 124, 212, 232, 256, 285, 359, 456, 487, 525, 569]","[122, 283, 503, 488, 364, 398, 259, 413, 348, 2, 578, 397, 255, 475, 598]",600,15,0.8,,3,200,"[[0.02, 0.005, 0.01], [0.005, 0.02, 0.005], [0.01, 0.005, 0.02]]",,,,,6.723333333333333,0.38431339628624794,0.995,0.12666666666666668,5.666666666666667,0.001451520459997702,0.003295687849767915,0.13504273504273503,0.006837606837606838,0.0,0.0,2.2144082332761577,4.0,0.003418803418803419,0.10598290598290598,5.552136752136752,0.11938398174543396,0.7491277367989697,0.0033781033781033775,3.8666666666666667,0.7269919638292213,0.0427350427350427,0.1487179487179487,0.17,1.2983114579692483,30,False,1600.0
3,sparse_sbm,sparse_sbm_8,8,39,2655680253,90651458,"[62, 181, 203, 210, 223, 278, 305, 323, 336, 388, 426, 463, 507, 512, 517]","[580, 109, 325, 390, 368, 446, 597, 64, 240, 275, 202, 79, 57, 441, 284]",600,15,0.8,,3,200,"[[0.02, 0.005, 0.01], [0.005, 0.02, 0.005], [0.01, 0.005, 0.02]]",,,,,6.723333333333333,0.38431339628624794,0.995,0.12666666666666668,6.266666666666667,0.0015749858782286754,0.004338572648514314,0.14358974358974358,0.013675213675213675,0.0,0.0,2.176672384219554,4.0,0.003418803418803419,0.13675213675213677,6.300854700854701,0.12909699623720464,0.734369511766772,0.007773998488284203,3.619047619047619,0.6208168700702553,0.0461538461538461,0.2358974358974359,0.255,1.3386997919296846,30,False,1666.0
3,sparse_sbm,sparse_sbm_8,8,40,2655680253,2324438850,"[39, 117, 145, 185, 198, 199, 260, 336, 380, 392, 407, 458, 518, 550, 551]","[125, 14, 262, 25, 146, 32, 535, 240, 335, 4, 216, 184, 181, 282, 15]",600,15,0.8,,3,200,"[[0.02, 0.005, 0.01], [0.005, 0.02, 0.005], [0.01, 0.005, 0.02]]",,,,,6.723333333333333,0.38431339628624794,0.995,0.12666666666666668,5.466666666666667,0.0014063373372228828,0.0024127765163363796,0.12136752136752137,0.008547008547008548,0.0,0.0,2.272727272727273,4.0,0.003418803418803419,0.09572649572649573,5.536752136752137,0.1107699758810815,0.7726905514576747,0.0052418745275888134,3.7142857142857144,0.6385691420896732,0.0461538461538461,0.9948717948717948,0.995,1.3397637499729171,30,False,3230.0
3,sparse_sbm,sparse_sbm_8,8,41,2655680253,3168778108,"[0, 5, 19, 96, 165, 186, 245, 275, 311, 354, 406, 408, 454, 478, 486]","[403, 179, 536, 436, 141, 575, 65, 485, 581, 242, 589, 499, 3, 573, 187]",600,15,0.8,,3,200,"[[0.02, 0.005, 0.01], [0.005, 0.02, 0.005], [0.01, 0.005, 0.02]]",,,,,6.723333333333333,0.38431339628624794,0.995,0.12666666666666668,7.6,0.0018603490292161185,0.004595127731669961,0.17606837606837608,0.015384615384615385,0.0,0.0,2.0840480274442537,4.0,0.003418803418803419,0.1675213675213675,6.892307692307693,0.1528685440415832,0.6803067556492214,0.006200030128601558,3.4095238095238094,0.6385691420896732,0.0581196581196581,0.241025641025641,0.26,1.333882000064477,30,False,1652.0
3,sparse_sbm,sparse_sbm_8,8,42,2655680253,3076610237,"[0, 3, 33, 95, 114, 127, 154, 232, 268, 296, 336, 396, 435, 516, 540]","[403, 515, 213, 379, 410, 239, 265, 413, 378, 299, 240, 464, 414, 175, 356]",600,15,0.8,,3,200,"[[0.02, 0.005, 0.01], [0.005, 0.02, 0.005], [0.01, 0.005, 0.02]]",,,,,6.723333333333333,0.38431339628624794,0.995,0.12666666666666668,6.6,0.0016253517457370708,0.004447712924824636,0.15213675213675212,0.010256410256410256,0.0,0.0,2.16295025728988,4.0,0.003418803418803419,0.1794871794871795,6.75042735042735,0.1354325922792792,0.7198220348905281,0.004328013256584685,3.5047619047619047,0.6757615348431572,0.0581196581196581,0.1538461538461538,0.175,1.3506294580874965,30,False,1636.0
3,sparse_sbm,sparse_sbm_8,8,43,2655680253,2078424829,"[18, 65, 104, 116, 120, 127, 149, 155, 186, 221, 299, 358, 376, 412, 471]","[228, 522, 538, 85, 364, 239, 434, 220, 575, 158, 140, 407, 507, 549, 210]",600,15,0.8,,3,200,"[[0.02, 0.005, 0.01], [0.005, 0.02, 0.005], [0.01, 0.005, 0.02]]",,,,,6.723333333333333,0.38431339628624794,0.995,0.12666666666666668,5.666666666666667,0.0014374254681228129,0.0023127868235770627,0.12991452991452992,0.011965811965811967,0.0,0.0,2.248713550600343,5.0,0.003418803418803419,0.1264957264957265,5.868376068376068,0.1193799211433731,0.7577215782695235,0.0063559456416599274,3.6666666666666665,0.7269919638292213,0.0495726495726495,0.5162393162393163,0.5283333333333333,1.3007125420263037,30,False,2006.0
3,sparse_sbm,sparse_sbm_8,8,44,2655680253,1751210109,"[19, 65, 211, 258, 346, 364, 433, 452, 461, 470, 472, 517, 551, 553, 566]","[536, 522, 547, 358, 5, 91, 9, 143, 467, 478, 86, 284, 15, 569, 159]",600,15,0.8,,3,200,"[[0.02, 0.005, 0.01], [0.005, 0.02, 0.005], [0.01, 0.005, 0.02]]",,,,,6.723333333333333,0.38431339628624794,0.995,0.12666666666666668,6.6,0.001630789094587322,0.003624194145745208,0.13675213675213677,0.018803418803418803,0.0,0.0,2.1801029159519727,4.0,0.003418803418803419,0.15384615384615385,6.222222222222222,0.12461703123948285,0.7460426179604261,0.008605093163916692,3.466666666666667,0.6739044169497383,0.0495726495726495,0.1897435897435897,0.21,1.339791958918795,30,False,1668.0
3,sparse_sbm,sparse_sbm_8,8,45,2655680253,2526735878,"[17, 54, 57, 82, 91, 111, 240, 296, 331, 395, 396, 410, 433, 549, 558]","[539, 111, 483, 28, 48, 126, 305, 299, 587, 0, 464, 517, 9, 217, 30]",600,15,0.8,,3,200,"[[0.02, 0.005, 0.01], [0.005, 0.02, 0.005], [0.01, 0.005, 0.02]]",,,,,6.723333333333333,0.38431339628624794,0.995,0.12666666666666668,6.933333333333334,0.0016986847496169894,0.004934024137970194,0.1658119658119658,0.006837606837606838,0.0017094017094017094,0.0,2.1252144082332762,4.0,0.003418803418803419,0.147008547008547,6.196581196581197,0.14031030964093208,0.697529563282988,0.0038569367140795716,3.657142857142857,0.7782223928152854,0.0461538461538461,0.1162393162393162,0.1383333333333333,1.2950428340118378,30,False,1564.0
3,sparse_sbm,sparse_sbm_8,8,46,2655680253,2557935141,"[0, 82, 117, 195, 228, 260, 305, 309, 314, 411, 433, 434, 482, 539, 593]","[403, 28, 14, 417, 461, 535, 597, 101, 456, 47, 9, 113, 256, 596, 519]",600,15,0.8,,3,200,"[[0.02, 0.005, 0.01], [0.005, 0.02, 0.005], [0.01, 0.005, 0.02]]",,,,,6.723333333333333,0.38431339628624794,0.995,0.12666666666666668,7.6,0.0018269232325922998,0.005062705162387685,0.1794871794871795,0.011965811965811967,0.0,0.0,2.0548885077186965,4.0,0.003418803418803419,0.19487179487179487,7.2153846153846155,0.15281274699001926,0.6749385317878469,0.003755282017113065,3.447619047619048,0.8013767493361893,0.0752136752136752,1.0,1.0,0.766189584042877,18,True,3230.0
3,sparse_sbm,sparse_sbm_8,8,47,2655680253,1043333147,"[31, 48, 50, 131, 158, 163, 243, 344, 363, 413, 441, 474, 544, 546, 558]","[373, 312, 155, 431, 440, 593, 272, 77, 267, 211, 16, 279, 19, 254, 30]",600,15,0.8,,3,200,"[[0.02, 0.005, 0.01], [0.005, 0.02, 0.005], [0.01, 0.005, 0.02]]",,,,,6.723333333333333,0.38431339628624794,0.995,0.12666666666666668,6.733333333333333,0.001674765932984136,0.005070748398126231,0.15555555555555556,0.010256410256410256,0.0,0.0,2.171526586620926,4.0,0.003418803418803419,0.14017094017094017,6.218803418803419,0.13698342259653776,0.7141962299496546,0.004428745857317286,3.5142857142857142,0.8013767493361893,0.0717948717948717,0.9948717948717948,0.995,1.15941408299841,28,True,3230.0
3,sparse_sbm,sparse_sbm_8,8,48,2655680253,302959230,"[14, 81, 88, 222, 232, 253, 280, 292, 293, 382, 481, 483, 558, 565, 595]","[200, 339, 53, 492, 413, 23, 442, 138, 110, 571, 107, 548, 30, 303, 562]",600,15,0.8,,3,200,"[[0.02, 0.005, 0.01], [0.005, 0.02, 0.005], [0.01, 0.005, 0.02]]",,,,,6.723333333333333,0.38431339628624794,0.995,0.12666666666666668,6.4,0.001624111430596408,0.003970187431037411,0.15042735042735042,0.013675213675213675,0.0,0.0,2.1578044596912522,4.0,0.003418803418803419,0.11452991452991453,6.09059829059829,0.13391626703165285,0.7228076337665379,0.005873323688449739,3.7523809523809524,0.7410300000618014,0.0632478632478632,0.9931623931623932,0.9933333333333332,1.2937686670338735,30,False,3230.0
3,sparse_sbm,sparse_sbm_8,8,49,2655680253,313515873,"[48, 50, 198, 320, 333, 353, 362, 448, 471, 478, 482, 484, 545, 547, 596]","[312, 155, 146, 381, 448, 533, 465, 599, 210, 573, 256, 340, 62, 291, 510]",600,15,0.8,,3,200,"[[0.02, 0.005, 0.01], [0.005, 0.02, 0.005], [0.01, 0.005, 0.02]]",,,,,6.723333333333333,0.38431339628624794,0.995,0.12666666666666668,6.8,0.0016647662683639587,0.0033520877695333074,0.15555555555555556,0.011965811965811967,0.0,0.0,2.1526586620926245,5.0,0.003418803418803419,0.1452991452991453,6.297435897435897,0.13757910343380395,0.7141845217187683,0.004163574520717378,3.5904761904761906,0.7251348459358025,0.0564102564102564,0.1811965811965812,0.2016666666666666,1.2605137079954147,30,False,1644.0
3,sparse_sbm,sparse_sbm_9,9,0,2940604413,304292218,"[12, 48, 49, 62, 67, 70, 117, 155, 214, 324, 329, 425, 430, 512, 597]","[536, 472, 484, 457, 495, 176, 400, 569, 270, 46, 327, 238, 127, 584, 524]",600,15,0.8,,3,200,"[[0.02, 0.005, 0.01], [0.005, 0.02, 0.005], [0.01, 0.005, 0.02]]",,,,,6.788333333333334,0.3907203346000753,1.0,0.16,7.066666666666666,0.0017369014569149253,0.004038146577496787,0.17094017094017094,0.010256410256410256,0.0,0.0,2.1076923076923078,4.0,0.0,0.17435897435897435,6.5025641025641026,0.14745857884927444,0.6887249736564806,0.0039270253555967844,3.6,0.7533720032541101,0.0717948717948717,0.9965811965811966,0.9966666666666668,0.7662187090609223,21,True,3262.0
3,sparse_sbm,sparse_sbm_9,9,1,2940604413,2122075351,"[38, 159, 219, 237, 338, 362, 407, 481, 484, 498, 506, 531, 534, 549, 564]","[227, 306, 467, 321, 257, 35, 366, 521, 131, 508, 22, 8, 285, 63, 289]",600,15,0.8,,3,200,"[[0.02, 0.005, 0.01], [0.005, 0.02, 0.005], [0.01, 0.005, 0.02]]",,,,,6.788333333333334,0.3907203346000753,1.0,0.16,6.066666666666666,0.0015427705873456614,0.004535383336956697,0.13504273504273503,0.018803418803418803,0.0017094017094017094,0.0,2.276923076923077,4.0,0.0,0.1111111111111111,5.769230769230769,0.12516224823380645,0.748876009834914,0.010339660339660339,3.619047619047619,0.536667570513295,0.0598290598290598,0.2034188034188034,0.2233333333333333,1.0700310840038585,30,False,1646.0
3,sparse_sbm,sparse_sbm_9,9,2,2940604413,3173759621,"[26, 39, 98, 101, 227, 297, 410, 450, 459, 460, 461, 495, 505, 517, 572]","[78, 477, 199, 216, 69, 466, 57, 409, 523, 53, 262, 87, 595, 538, 344]",600,15,0.8,,3,200,"[[0.02, 0.005, 0.01], [0.005, 0.02, 0.005], [0.01, 0.005, 0.02]]",,,,,6.788333333333334,0.3907203346000753,1.0,0.16,6.6,0.0016325942689823121,0.0044154732429030445,0.15726495726495726,0.010256410256410256,0.0017094017094017094,0.0,2.1367521367521367,4.0,0.0,0.13504273504273503,6.543589743589743,0.13828617190788875,0.7113394216133943,0.005737269266681032,3.5238095238095237,0.7679194315676053,0.0512820512820512,0.9965811965811966,0.9966666666666668,0.8164594159461558,22,True,3262.0
3,sparse_sbm,sparse_sbm_9,9,3,2940604413,3075761450,"[11, 26, 172, 175, 253, 287, 296, 325, 356, 403, 412, 437, 467, 494, 562]","[229, 78, 51, 355, 210, 454, 593, 80, 370, 149, 264, 273, 101, 581, 111]",600,15,0.8,,3,200,"[[0.02, 0.005, 0.01], [0.005, 0.02, 0.005], [0.01, 0.005, 0.02]]",,,,,6.788333333333334,0.3907203346000753,1.0,0.16,6.466666666666667,0.0016153081092768653,0.0033424148046499952,0.147008547008547,0.010256410256410256,0.0017094017094017094,0.0,2.176068376068376,4.0,0.0,0.13162393162393163,6.102564102564102,0.13010079978440167,0.7286266245170355,0.007146980004122862,3.6285714285714286,0.7369000686224506,0.0752136752136752,0.9965811965811966,0.9966666666666668,0.5948363749776036,17,True,3262.0
3,sparse_sbm,sparse_sbm_9,9,4,2940604413,176696114,"[64, 77, 78, 90, 124, 167, 178, 216, 237, 307, 334, 362, 425, 524, 569]","[346, 446, 315, 473, 191, 30, 154, 506, 321, 547, 211, 35, 238, 483, 113]",600,15,0.8,,3,200,"[[0.02, 0.005, 0.01], [0.005, 0.02, 0.005], [0.01, 0.005, 0.02]]",,,,,6.788333333333334,0.3907203346000753,1.0,0.16,5.333333333333333,0.0013953315141899145,0.0018603828452851928,0.1264957264957265,0.006837606837606838,0.0,0.0,2.275213675213675,4.0,0.0,0.06837606837606838,5.150427350427351,0.11455512333659114,0.763727900714202,0.003178726035868893,3.9047619047619047,0.7514474969359458,0.0478632478632478,0.1367521367521367,0.1583333333333333,1.04068179090973,30,False,1612.0
3,sparse_sbm,sparse_sbm_9,9,5,2940604413,3647327566,"[1, 60, 148, 169, 187, 232, 286, 309, 400, 416, 425, 461, 463, 518, 580]","[206, 408, 404, 164, 382, 460, 398, 331, 438, 314, 238, 262, 447, 182, 282]",600,15,0.8,,3,200,"[[0.02, 0.005, 0.01], [0.005, 0.02, 0.005], [0.01, 0.005, 0.02]]",,,,,6.788333333333334,0.3907203346000753,1.0,0.16,6.466666666666667,0.001622153289972523,0.003750657554815248,0.147008547008547,0.011965811965811967,0.003418803418803419,0.0,2.1914529914529917,4.0,0.0,0.14358974358974358,6.136752136752137,0.1313599184997806,0.7285680833626039,0.008163639193050957,3.533333333333333,0.8304559569388802,0.0683760683760683,1.0,1.0,0.4555367499124259,13,True,3262.0
3,sparse_sbm,sparse_sbm_9,9,6,2940604413,563199332,"[35, 155, 221, 237, 265, 268, 329, 390, 418, 423, 490, 520, 521, 527, 535]","[558, 569, 312, 321, 21, 70, 327, 248, 109, 378, 541, 43, 340, 358, 77]",600,15,0.8,,3,200,"[[0.02, 0.005, 0.01], [0.005, 0.02, 0.005], [0.01, 0.005, 0.02]]",,,,,6.788333333333334,0.3907203346000753,1.0,0.16,7.066666666666666,0.001755108752313441,0.0053029631907262195,0.15726495726495726,0.022222222222222223,0.0017094017094017094,0.0,2.141880341880342,4.0,0.0,0.12991452991452992,6.21025641025641,0.14195616157509316,0.7112106310736448,0.011292339779734737,3.5904761904761906,0.8689979337812651,0.0735042735042735,1.0,1.0,0.587720875046216,17,True,3262.0
3,sparse_sbm,sparse_sbm_9,9,7,2940604413,2347924136,"[13, 42, 89, 130, 215, 234, 255, 300, 350, 388, 468, 477, 522, 530, 572]","[94, 142, 324, 474, 348, 333, 575, 40, 403, 510, 114, 313, 236, 275, 344]",600,15,0.8,,3,200,"[[0.02, 0.005, 0.01], [0.005, 0.02, 0.005], [0.01, 0.005, 0.02]]",,,,,6.788333333333334,0.3907203346000753,1.0,0.16,5.666666666666667,0.001449309193869763,0.003415029201560341,0.12991452991452992,0.008547008547008548,0.0,0.0,2.258119658119658,4.0,0.0,0.11965811965811966,5.832478632478632,0.11827494892077514,0.7577274323849666,0.003999175427746856,3.580952380952381,0.8304559569388802,0.0495726495726495,0.3179487179487179,0.335,1.00892712501809,30,False,1744.0
3,sparse_sbm,sparse_sbm_9,9,8,2940604413,3189035200,"[26, 106, 138, 169, 177, 179, 217, 230, 236, 244, 262, 266, 315, 318, 352]","[78, 567, 50, 164, 337, 356, 501, 509, 288, 139, 448, 274, 10, 52, 42]",600,15,0.8,,3,200,"[[0.02, 0.005, 0.01], [0.005, 0.02, 0.005], [0.01, 0.005, 0.02]]",,,,,6.788333333333334,0.3907203346000753,1.0,0.16,6.933333333333334,0.0017121509190560667,0.0041122105904459584,0.15726495726495726,0.013675213675213675,0.0,0.0,2.157264957264957,4.0,0.0,0.1282051282051282,6.2444444444444445,0.13950388591704405,0.7112691722280763,0.00549022307978522,3.5904761904761906,0.8980927904082555,0.0495726495726495,0.27008547008547,0.2883333333333333,0.99232162500266,30,False,1704.0
3,sparse_sbm,sparse_sbm_9,9,9,2940604413,3294032828,"[70, 91, 145, 195, 225, 233, 234, 237, 337, 357, 368, 407, 493, 519, 585]","[176, 222, 515, 152, 96, 326, 333, 321, 433, 177, 97, 366, 296, 322, 167]",600,15,0.8,,3,200,"[[0.02, 0.005, 0.01], [0.005, 0.02, 0.005], [0.01, 0.005, 0.02]]",,,,,6.788333333333334,0.3907203346000753,1.0,0.16,6.933333333333334,0.0017102944795823307,0.0038259453771439414,0.1641025641025641,0.013675213675213675,0.0,0.0,2.141880341880342,4.0,0.0,0.15042735042735042,6.517948717948718,0.14358678218315288,0.7000175623463295,0.006875558304129732,3.4380952380952383,0.8159085286253851,0.0547008547008547,0.9965811965811966,0.9966666666666668,0.8161591670941561,25,True,3262.0
3,sparse_sbm,sparse_sbm_9,9,10,2940604413,4076049257,"[13, 47, 63, 156, 188, 256, 358, 439, 446, 456, 493, 497, 504, 518, 548]","[94, 517, 281, 325, 104, 16, 33, 207, 129, 158, 296, 380, 192, 182, 144]",600,15,0.8,,3,200,"[[0.02, 0.005, 0.01], [0.005, 0.02, 0.005], [0.01, 0.005, 0.02]]",,,,,6.788333333333334,0.3907203346000753,1.0,0.16,7.0,0.0017215372446645995,0.00466005162804581,0.1641025641025641,0.010256410256410256,0.0017094017094017094,0.0,2.1196581196581197,4.0,0.0,0.13846153846153847,6.454700854700855,0.14229270437923522,0.7000878117316474,0.00581890331890332,3.4952380952380953,0.7773665517830002,0.0564102564102564,0.9965811965811966,0.9966666666666668,0.6875309169990942,20,True,3262.0
3,sparse_sbm,sparse_sbm_9,9,11,2940604413,2127894484,"[16, 27, 84, 99, 162, 195, 211, 220, 260, 348, 399, 416, 434, 514, 522]","[6, 14, 157, 429, 254, 152, 418, 98, 576, 532, 11, 314, 44, 266, 236]",600,15,0.8,,3,200,"[[0.02, 0.005, 0.01], [0.005, 0.02, 0.005], [0.01, 0.005, 0.02]]",,,,,6.788333333333334,0.3907203346000753,1.0,0.16,6.066666666666666,0.0015489076424812366,0.004164275801810255,0.15042735042735042,0.005128205128205128,0.0,0.0,2.1794871794871793,4.0,0.0,0.08717948717948718,5.589743589743589,0.13026616407732536,0.7230183819224915,0.0022065236350950635,3.8857142857142857,0.8450033852523755,0.0564102564102564,0.9965811965811966,0.9966666666666668,0.8100872910581529,22,True,3262.0
3,sparse_sbm,sparse_sbm_9,9,12,2940604413,3671460139,"[20, 73, 80, 106, 173, 226, 306, 325, 339, 371, 446, 459, 498, 507, 518]","[479, 505, 574, 567, 379, 271, 533, 80, 244, 552, 129, 523, 508, 372, 182]",600,15,0.8,,3,200,"[[0.02, 0.005, 0.01], [0.005, 0.02, 0.005], [0.01, 0.005, 0.02]]",,,,,6.788333333333334,0.3907203346000753,1.0,0.16,6.533333333333333,0.0016400111778335734,0.003295260167158309,0.1452991452991453,0.013675213675213675,0.0017094017094017094,0.0,2.1777777777777776,4.0,0.0,0.11794871794871795,5.982905982905983,0.13127644469704067,0.7313722046598758,0.007169619984746035,3.5619047619047617,0.7773665517830001,0.0649572649572649,1.0,1.0,0.6863016249844804,20,True,3262.0
3,sparse_sbm,sparse_sbm_9,9,13,2940604413,620357927,"[97, 129, 142, 169, 244, 302, 328, 337, 376, 412, 430, 477, 501, 518, 542]","[335, 1, 407, 164, 139, 522, 452, 433, 439, 264, 127, 313, 4, 182, 578]",600,15,0.8,,3,200,"[[0.02, 0.005, 0.01], [0.005, 0.02, 0.005], [0.01, 0.005, 0.02]]",,,,,6.788333333333334,0.3907203346000753,1.0,0.16,7.333333333333333,0.0018073228670604457,0.005357234639821912,0.1623931623931624,0.020512820512820513,0.0017094017094017094,0.0,2.105982905982906,4.0,0.0,0.1452991452991453,6.4222222222222225,0.14642810152804056,0.7025582484486594,0.008757282817433192,3.5142857142857142,0.9220873389371456,0.0632478632478632,0.9965811965811966,0.9966666666666668,0.6865307920379564,19,True,3262.0
3,sparse_sbm,sparse_sbm_9,9,14,2940604413,905378089,"[11, 21, 30, 42, 43, 72, 79, 160, 253, 323, 324, 394, 492, 506, 590]","[229, 256, 449, 142, 220, 385, 489, 529, 210, 362, 46, 442, 59, 22, 291]",600,15,0.8,,3,200,"[[0.02, 0.005, 0.01], [0.005, 0.02, 0.005], [0.01, 0.005, 0.02]]",,,,,6.788333333333334,0.3907203346000753,1.0,0.16,7.066666666666666,0.001716473710363102,0.004128808633999182,0.1606837606837607,0.020512820512820513,0.0,0.0,2.135042735042735,4.0,0.0,0.1641025641025641,6.680341880341881,0.14457196793589958,0.7054735979393514,0.008302785760768955,3.533333333333333,0.7148300264117251,0.0564102564102564,0.9965811965811966,0.9966666666666668,0.7511481660185382,22,True,3262.0
3,sparse_sbm,sparse_sbm_9,9,15,2940604413,1146563204,"[23, 48, 103, 141, 170, 282, 315, 323, 330, 349, 379, 395, 424, 555, 565]","[401, 472, 287, 300, 171, 121, 10, 362, 389, 463, 519, 163, 436, 310, 548]",600,15,0.8,,3,200,"[[0.02, 0.005, 0.01], [0.005, 0.02, 0.005], [0.01, 0.005, 0.02]]",,,,,6.788333333333334,0.3907203346000753,1.0,0.16,7.0,0.0017210486670505545,0.005141413188347863,0.1658119658119658,0.011965811965811967,0.0017094017094017094,0.0,2.128205128205128,4.0,0.0,0.13162393162393163,6.3709401709401705,0.14438228101293515,0.697195878702728,0.006628132789123501,3.580952380952381,0.8450033852523755,0.0581196581196581,0.9965811965811966,0.9966666666666668,0.6575535420561209,16,True,3262.0
3,sparse_sbm,sparse_sbm_9,9,16,2940604413,1251090856,"[88, 92, 103, 117, 149, 168, 240, 284, 299, 375, 405, 450, 471, 537, 552]","[502, 170, 287, 400, 564, 544, 391, 261, 72, 465, 430, 409, 539, 214, 350]",600,15,0.8,,3,200,"[[0.02, 0.005, 0.01], [0.005, 0.02, 0.005], [0.01, 0.005, 0.02]]",,,,,6.788333333333334,0.3907203346000753,1.0,0.16,7.066666666666666,0.0017528991044923935,0.005020004446645256,0.15897435897435896,0.015384615384615385,0.0,0.0,2.174358974358974,4.0,0.0,0.14188034188034188,6.263247863247863,0.14078569406029695,0.7084650509308044,0.006200232229643994,3.533333333333333,0.6598161149376806,0.0649572649572649,1.0,1.0,0.919551583006978,19,True,3262.0
3,sparse_sbm,sparse_sbm_9,9,17,2940604413,410460182,"[7, 27, 52, 113, 114, 118, 137, 205, 318, 339, 357, 399, 400, 477, 564]","[504, 14, 491, 110, 226, 305, 500, 202, 52, 244, 177, 11, 438, 313, 289]",600,15,0.8,,3,200,"[[0.02, 0.005, 0.01], [0.005, 0.02, 0.005], [0.01, 0.005, 0.02]]",,,,,6.788333333333334,0.3907203346000753,1.0,0.16,7.133333333333334,0.0017498978178529967,0.005258624095186283,0.1641025641025641,0.015384615384615385,0.0,0.0,2.1333333333333333,4.0,0.0,0.15897435897435896,6.434188034188034,0.14392857807503937,0.7000234164617726,0.005474271759986045,3.552380952380952,0.7899894737783308,0.0683760683760683,1.0,1.0,1.6567909580189737,17,True,3262.0
3,sparse_sbm,sparse_sbm_9,9,18,2940604413,928397396,"[4, 100, 123, 134, 226, 299, 300, 343, 389, 424, 425, 476, 478, 490, 533]","[245, 589, 134, 475, 271, 72, 40, 151, 406, 436, 238, 571, 36, 541, 183]",600,15,0.8,,3,200,"[[0.02, 0.005, 0.01], [0.005, 0.02, 0.005], [0.01, 0.005, 0.02]]",,,,,6.788333333333334,0.3907203346000753,1.0,0.16,6.533333333333333,0.0016203355354054386,0.0042468784490941975,0.1452991452991453,0.020512820512820513,0.0017094017094017094,0.0,2.1914529914529917,4.0,0.0,0.14358974358974358,6.063247863247863,0.1319589945562383,0.7314307458143074,0.008377070126296134,3.6666666666666665,0.7628191234695049,0.0461538461538461,0.147008547008547,0.1683333333333333,2.916801582905464,30,False,1606.0
3,sparse_sbm,sparse_sbm_9,9,19,2940604413,2582078186,"[28, 67, 138, 158, 178, 184, 225, 284, 293, 335, 373, 468, 485, 497, 576]","[126, 495, 50, 68, 154, 561, 96, 261, 242, 239, 48, 114, 196, 380, 2]",600,15,0.8,,3,200,"[[0.02, 0.005, 0.01], [0.005, 0.02, 0.005], [0.01, 0.005, 0.02]]",,,,,6.788333333333334,0.3907203346000753,1.0,0.16,6.866666666666666,0.0016906620817249514,0.003113800339704523,0.1606837606837607,0.011965811965811967,0.0,0.0,2.1384615384615384,4.0,0.0,0.13846153846153847,6.406837606837607,0.14147259177130334,0.7056023884791008,0.004850061236615858,3.619047619047619,0.8980927904082555,0.0581196581196581,1.0,1.0,2.0164407499833032,22,True,3262.0
3,sparse_sbm,sparse_sbm_9,9,20,2940604413,2550335296,"[21, 82, 117, 243, 304, 325, 360, 385, 390, 398, 472, 477, 483, 514, 589]","[256, 203, 400, 265, 12, 80, 387, 596, 248, 563, 91, 313, 19, 266, 86]",600,15,0.8,,3,200,"[[0.02, 0.005, 0.01], [0.005, 0.02, 0.005], [0.01, 0.005, 0.02]]",,,,,6.788333333333334,0.3907203346000753,1.0,0.16,6.333333333333333,0.0016009467729060068,0.0031392840403693103,0.13846153846153847,0.023931623931623933,0.0,0.0,2.2324786324786325,4.0,0.0,0.11452991452991453,5.858119658119658,0.12997436595904938,0.7428287085821332,0.009608347612549292,3.657142857142857,0.9751767440930257,0.0666666666666666,1.0,1.0,1.8084816249320284,19,True,3262.0
3,sparse_sbm,sparse_sbm_9,9,21,2940604413,1486009739,"[1, 62, 257, 303, 313, 327, 357, 378, 404, 405, 449, 465, 472, 506, 515]","[206, 457, 27, 61, 286, 499, 177, 562, 343, 430, 260, 219, 91, 22, 292]",600,15,0.8,,3,200,"[[0.02, 0.005, 0.01], [0.005, 0.02, 0.005], [0.01, 0.005, 0.02]]",,,,,6.788333333333334,0.3907203346000753,1.0,0.16,6.733333333333333,0.0016710588953781367,0.004656020799548707,0.1606837606837607,0.005128205128205128,0.0,0.0,2.100854700854701,4.0,0.0,0.14017094017094017,6.317948717948718,0.1379284391218162,0.7058189907504976,0.002075173503744932,3.619047619047619,0.7919139800964952,0.0547008547008547,1.0,1.0,1.400794166023843,23,True,3262.0
3,sparse_sbm,sparse_sbm_9,9,22,2940604413,2234068778,"[61, 181, 217, 220, 244, 255, 261, 285, 326, 434, 452, 485, 496, 567, 589]","[204, 417, 501, 98, 139, 575, 47, 546, 415, 44, 197, 196, 279, 166, 86]",600,15,0.8,,3,200,"[[0.02, 0.005, 0.01], [0.005, 0.02, 0.005], [0.01, 0.005, 0.02]]",,,,,6.788333333333334,0.3907203346000753,1.0,0.16,6.8,0.0016978743566824675,0.005162012902459894,0.1623931623931624,0.011965811965811967,0.0,0.0,2.174358974358974,4.0,0.0,0.11623931623931624,5.743589743589744,0.14105319612422054,0.7029270577215783,0.00424214130096483,3.704761904761905,0.8689979337812651,0.0427350427350427,0.1384615384615384,0.16,1.0072622910374776,30,False,1622.0
3,sparse_sbm,sparse_sbm_9,9,23,2940604413,940395292,"[31, 45, 85, 118, 122, 153, 177, 259, 281, 343, 381, 436, 506, 567, 584]","[54, 487, 528, 305, 440, 443, 337, 295, 470, 151, 311, 23, 22, 166, 141]",600,15,0.8,,3,200,"[[0.02, 0.005, 0.01], [0.005, 0.02, 0.005], [0.01, 0.005, 0.02]]",,,,,6.788333333333334,0.3907203346000753,1.0,0.16,7.466666666666667,0.0018172168546891556,0.005267118168840937,0.17094017094017094,0.010256410256410256,0.0,0.0,2.111111111111111,4.0,0.0,0.15897435897435896,6.605128205128205,0.146793019843053,0.6888420559653436,0.004676213919911399,3.5047619047619047,0.6282989525115603,0.0461538461538461,0.1162393162393162,0.1383333333333333,1.0063852499006316,30,False,1578.0
3,sparse_sbm,sparse_sbm_9,9,24,2940604413,1428622626,"[24, 52, 150, 208, 217, 224, 230, 343, 345, 416, 428, 432, 494, 536, 590]","[118, 491, 559, 3, 501, 162, 509, 151, 148, 314, 381, 591, 581, 132, 291]",600,15,0.8,,3,200,"[[0.02, 0.005, 0.01], [0.005, 0.02, 0.005], [0.01, 0.005, 0.02]]",,,,,6.788333333333334,0.3907203346000753,1.0,0.16,6.866666666666666,0.0016927595280296314,0.004384183933953349,0.1641025641025641,0.011965811965811967,0.0,0.0,2.1504273504273503,4.0,0.0,0.147008547008547,6.283760683760684,0.142782139749866,0.7000526870389884,0.0061350950636664915,3.533333333333333,0.8595508135658706,0.0598290598290598,1.0,1.0,0.703150957939215,21,True,3262.0
3,sparse_sbm,sparse_sbm_9,9,25,2940604413,3410631167,"[16, 18, 73, 100, 204, 229, 237, 296, 313, 413, 425, 433, 527, 554, 595]","[6, 280, 505, 589, 302, 83, 321, 593, 286, 420, 238, 212, 358, 251, 530]",600,15,0.8,,3,200,"[[0.02, 0.005, 0.01], [0.005, 0.02, 0.005], [0.01, 0.005, 0.02]]",,,,,6.788333333333334,0.3907203346000753,1.0,0.16,6.466666666666667,0.0016463758610676066,0.0031166627441234574,0.15384615384615385,0.005128205128205128,0.0,0.0,2.157264957264957,4.0,0.0,0.1076923076923077,5.900854700854701,0.13361287041199313,0.7171584123638918,0.002738095238095238,3.723809523809524,0.8304559569388802,0.0581196581196581,0.1538461538461538,0.175,0.7525661669205874,22,True,1606.0
3,sparse_sbm,sparse_sbm_9,9,26,2940604413,1720285574,"[27, 46, 84, 130, 133, 236, 291, 329, 334, 366, 444, 452, 504, 550, 593]","[14, 73, 157, 474, 24, 288, 550, 327, 211, 186, 560, 197, 192, 594, 17]",600,15,0.8,,3,200,"[[0.02, 0.005, 0.01], [0.005, 0.02, 0.005], [0.01, 0.005, 0.02]]",,,,,6.788333333333334,0.3907203346000753,1.0,0.16,6.733333333333333,0.0016751042526346916,0.005337585391914759,0.15897435897435896,0.013675213675213675,0.0,0.0,2.1555555555555554,4.0,0.0,0.12136752136752137,5.988034188034188,0.13972173887112702,0.7085411544315654,0.005875138506717455,3.6476190476190475,0.5972795895664056,0.0615384615384615,0.3777777777777777,0.3933333333333333,0.981469750055112,30,False,1818.0
3,sparse_sbm,sparse_sbm_9,9,27,2940604413,237180184,"[8, 18, 33, 55, 103, 128, 187, 300, 430, 439, 471, 513, 551, 552, 595]","[146, 280, 330, 498, 287, 416, 382, 40, 127, 207, 539, 102, 66, 350, 530]",600,15,0.8,,3,200,"[[0.02, 0.005, 0.01], [0.005, 0.02, 0.005], [0.01, 0.005, 0.02]]",,,,,6.788333333333334,0.3907203346000753,1.0,0.16,6.4,0.001603490317141449,0.00357401210438344,0.1452991452991453,0.015384615384615385,0.0,0.0,2.2376068376068377,4.0,0.0,0.12991452991452992,5.777777777777778,0.13078322621965546,0.7314483081606369,0.0072986488587992344,3.533333333333333,0.7919139800964953,0.0615384615384615,0.9965811965811966,0.9966666666666668,0.6959066661074758,21,True,3262.0
3,sparse_sbm,sparse_sbm_9,9,28,2940604413,2056791762,"[2, 54, 58, 138, 140, 293, 402, 449, 452, 454, 508, 518, 536, 543, 576]","[492, 318, 399, 50, 92, 242, 125, 260, 197, 173, 537, 182, 132, 278, 2]",600,15,0.8,,3,200,"[[0.02, 0.005, 0.01], [0.005, 0.02, 0.005], [0.01, 0.005, 0.02]]",,,,,6.788333333333334,0.3907203346000753,1.0,0.16,6.733333333333333,0.0016506463218262182,0.004322737756662522,0.15726495726495726,0.015384615384615385,0.0,0.0,2.1487179487179486,4.0,0.0,0.15555555555555556,6.707692307692308,0.14000110260756166,0.7112984428052921,0.007541096469667899,3.4761904761904763,0.7679194315676053,0.0547008547008547,1.0,1.0,0.8855108749121428,27,True,3262.0
3,sparse_sbm,sparse_sbm_9,9,29,2940604413,1616956810,"[66, 85, 116, 143, 171, 354, 396, 404, 427, 462, 468, 485, 536, 571, 596]","[26, 528, 276, 124, 507, 371, 49, 343, 169, 181, 114, 196, 132, 194, 215]",600,15,0.8,,3,200,"[[0.02, 0.005, 0.01], [0.005, 0.02, 0.005], [0.01, 0.005, 0.02]]",,,,,6.788333333333334,0.3907203346000753,1.0,0.16,7.0,0.0017133371610234065,0.004328762741299091,0.15213675213675212,0.017094017094017096,0.003418803418803419,0.0,2.1846153846153844,4.0,0.0,0.1794871794871795,6.654700854700855,0.13663871116361737,0.719933263083948,0.010372941717479532,3.380952380952381,0.6358215664087906,0.0547008547008547,0.2666666666666666,0.285,0.9922167910262942,30,False,1722.0
3,sparse_sbm,sparse_sbm_9,9,30,2940604413,1380978453,"[45, 170, 209, 270, 297, 330, 346, 363, 374, 389, 399, 472, 493, 499, 560]","[487, 171, 184, 580, 466, 389, 342, 60, 32, 406, 11, 91, 296, 75, 316]",600,15,0.8,,3,200,"[[0.02, 0.005, 0.01], [0.005, 0.02, 0.005], [0.01, 0.005, 0.02]]",,,,,6.788333333333334,0.3907203346000753,1.0,0.16,6.133333333333334,0.0015396668578743446,0.0033483605521568154,0.14871794871794872,0.008547008547008548,0.0,0.0,2.201709401709402,4.0,0.0,0.10598290598290598,5.8649572649572645,0.1307176150934261,0.7257581079498888,0.004210472067614925,3.6952380952380954,0.7773665517830001,0.0632478632478632,0.3213675213675214,0.3383333333333333,1.0179282499011606,30,False,1788.0
3,sparse_sbm,sparse_sbm_9,9,31,2940604413,6740606,"[16, 22, 80, 81, 195, 212, 251, 283, 349, 482, 489, 496, 505, 545, 561]","[6, 377, 574, 230, 152, 461, 45, 130, 463, 425, 37, 279, 595, 488, 189]",600,15,0.8,,3,200,"[[0.02, 0.005, 0.01], [0.005, 0.02, 0.005], [0.01, 0.005, 0.02]]",,,,,6.788333333333334,0.3907203346000753,1.0,0.16,6.333333333333333,0.0015794835190953765,0.0033118049619888083,0.15042735042735042,0.011965811965811967,0.0,0.0,2.1487179487179486,4.0,0.0,0.11794871794871795,6.116239316239316,0.13421159807554686,0.7227432384966631,0.004910137898859704,3.704761904761905,0.7679194315676052,0.0529914529914529,1.0,1.0,0.7519953749142587,23,True,3262.0
3,sparse_sbm,sparse_sbm_9,9,32,2940604413,2672357629,"[95, 96, 115, 218, 224, 229, 286, 289, 312, 339, 355, 429, 481, 573, 582]","[456, 205, 374, 128, 162, 83, 398, 388, 307, 244, 150, 116, 521, 431, 597]",600,15,0.8,,3,200,"[[0.02, 0.005, 0.01], [0.005, 0.02, 0.005], [0.01, 0.005, 0.02]]",,,,,6.788333333333334,0.3907203346000753,1.0,0.16,8.533333333333333,0.0020309634885090086,0.006162616785982936,0.19658119658119658,0.008547008547008548,0.0,0.0,2.0427350427350426,4.0,0.0,0.2170940170940171,7.4051282051282055,0.16313581847899397,0.6475588338602037,0.003377684407096172,3.342857142857143,0.7679194315676053,0.0444444444444444,0.347008547008547,0.3633333333333333,0.9881325419992208,30,False,1822.0
3,sparse_sbm,sparse_sbm_9,9,33,2940604413,2651548379,"[9, 31, 94, 240, 245, 336, 401, 411, 417, 421, 452, 493, 528, 537, 567]","[386, 54, 357, 391, 361, 393, 582, 367, 67, 155, 197, 296, 269, 214, 166]",600,15,0.8,,3,200,"[[0.02, 0.005, 0.01], [0.005, 0.02, 0.005], [0.01, 0.005, 0.02]]",,,,,6.788333333333334,0.3907203346000753,1.0,0.16,5.666666666666667,0.0014459149994824484,0.0033323255956303616,0.1282051282051282,0.013675213675213675,0.0,0.0,2.2666666666666666,4.0,0.0,0.0905982905982906,5.586324786324786,0.11876025856950363,0.7606252195293292,0.006119118976261833,3.723809523809524,0.7679194315676053,0.041025641025641,0.0923076923076923,0.115,1.115256250021048,30,False,1582.0
3,sparse_sbm,sparse_sbm_9,9,34,2940604413,455715061,"[5, 65, 87, 89, 289, 307, 328, 407, 415, 435, 452, 466, 555, 569, 576]","[115, 208, 255, 324, 388, 547, 452, 366, 88, 482, 197, 71, 310, 113, 2]",600,15,0.8,,3,200,"[[0.02, 0.005, 0.01], [0.005, 0.02, 0.005], [0.01, 0.005, 0.02]]",,,,,6.788333333333334,0.3907203346000753,1.0,0.16,7.6,0.0018513484374744697,0.006021497888578707,0.17264957264957265,0.015384615384615385,0.003418803418803419,0.0,2.095726495726496,4.0,0.0,0.14871794871794872,6.6923076923076925,0.14974723312137322,0.6859442688209811,0.00980756405126153,3.4857142857142858,0.8139840223072207,0.0598290598290598,0.9965811965811966,0.9966666666666668,0.6014697919599712,18,True,3262.0
3,sparse_sbm,sparse_sbm_9,9,35,2940604413,78662569,"[30, 69, 173, 177, 361, 365, 368, 377, 384, 440, 462, 475, 478, 484, 571]","[449, 18, 379, 337, 103, 410, 97, 557, 172, 468, 181, 518, 36, 131, 194]",600,15,0.8,,3,200,"[[0.02, 0.005, 0.01], [0.005, 0.02, 0.005], [0.01, 0.005, 0.02]]",,,,,6.788333333333334,0.3907203346000753,1.0,0.16,5.666666666666667,0.001431622439193695,0.0036720899578331716,0.13846153846153847,0.006837606837606838,0.0,0.0,2.181196581196581,4.0,0.0,0.09572649572649573,5.593162393162393,0.12211481581263244,0.7432560590094837,0.00343568196509373,3.8666666666666667,0.8595508135658706,0.0598290598290598,0.6324786324786325,0.6416666666666667,1.0022468330571428,30,False,2192.0
3,sparse_sbm,sparse_sbm_9,9,36,2940604413,353609504,"[30, 184, 306, 361, 377, 402, 447, 460, 464, 523, 530, 548, 560, 561, 597]","[449, 561, 533, 103, 557, 125, 551, 53, 549, 338, 275, 144, 316, 189, 524]",600,15,0.8,,3,200,"[[0.02, 0.005, 0.01], [0.005, 0.02, 0.005], [0.01, 0.005, 0.02]]",,,,,6.788333333333334,0.3907203346000753,1.0,0.16,6.2,0.0015500821018746766,0.0037769853364499387,0.14358974358974358,0.013675213675213675,0.0017094017094017094,0.0,2.176068376068376,4.0,0.0,0.12478632478632479,6.105982905982906,0.13015704511044363,0.7342290129961363,0.007442072400055594,3.6666666666666665,0.8689979337812651,0.0683760683760683,0.9965811965811966,0.9966666666666668,0.6711540418909863,16,True,3262.0
3,sparse_sbm,sparse_sbm_9,9,37,2940604413,1370887412,"[65, 183, 228, 233, 297, 338, 342, 371, 393, 415, 437, 460, 513, 541, 554]","[208, 543, 268, 326, 466, 257, 497, 552, 168, 88, 273, 53, 102, 390, 251]",600,15,0.8,,3,200,"[[0.02, 0.005, 0.01], [0.005, 0.02, 0.005], [0.01, 0.005, 0.02]]",,,,,6.788333333333334,0.3907203346000753,1.0,0.16,5.866666666666666,0.001512983156548108,0.00304748426744292,0.1452991452991453,0.005128205128205128,0.0,0.0,2.2051282051282053,4.0,0.0,0.08034188034188035,5.632478632478633,0.12786434888246312,0.7315009951996253,0.0022065236350950635,3.742857142857143,0.661740621255845,0.0666666666666666,0.2683760683760683,0.2866666666666667,1.0712162920972332,30,False,1716.0
3,sparse_sbm,sparse_sbm_9,9,38,2940604413,506262084,"[14, 35, 61, 146, 201, 232, 289, 300, 393, 429, 457, 501, 509, 532, 560]","[232, 558, 204, 39, 402, 460, 388, 40, 168, 116, 353, 4, 193, 7, 316]",600,15,0.8,,3,200,"[[0.02, 0.005, 0.01], [0.005, 0.02, 0.005], [0.01, 0.005, 0.02]]",,,,,6.788333333333334,0.3907203346000753,1.0,0.16,7.133333333333334,0.0017525758464198933,0.0054257279821704535,0.1623931623931624,0.013675213675213675,0.003418803418803419,0.0,2.1145299145299146,4.0,0.0,0.14188034188034188,6.495726495726496,0.14278228125452563,0.7028158295281582,0.007571140917005579,3.419047619047619,0.8304559569388802,0.0632478632478632,0.9965811965811966,0.9966666666666668,0.586031874991022,17,True,3262.0
3,sparse_sbm,sparse_sbm_9,9,39,2940604413,2680994640,"[154, 162, 220, 233, 253, 276, 302, 306, 323, 327, 397, 411, 426, 560, 598]","[428, 254, 98, 326, 210, 462, 522, 533, 362, 499, 234, 367, 228, 316, 395]",600,15,0.8,,3,200,"[[0.02, 0.005, 0.01], [0.005, 0.02, 0.005], [0.01, 0.005, 0.02]]",,,,,6.788333333333334,0.3907203346000753,1.0,0.16,6.8,0.0017176781910011633,0.0048129122767621305,0.15897435897435896,0.008547008547008548,0.0,0.0,2.147008547008547,4.0,0.0,0.1111111111111111,6.172649572649573,0.13787943238426756,0.7085821332396675,0.004859165888577653,3.6666666666666665,0.8304559569388802,0.0632478632478632,0.9965811965811966,0.9966666666666668,1.1052991659380496,23,True,3262.0
3,sparse_sbm,sparse_sbm_9,9,40,2940604413,1375553263,"[43, 44, 56, 74, 77, 95, 123, 173, 178, 183, 252, 292, 309, 376, 415]","[220, 365, 423, 412, 446, 456, 134, 379, 154, 543, 336, 38, 331, 439, 88]",600,15,0.8,,3,200,"[[0.02, 0.005, 0.01], [0.005, 0.02, 0.005], [0.01, 0.005, 0.02]]",,,,,6.788333333333334,0.3907203346000753,1.0,0.16,8.0,0.0019303985031080054,0.0051103392958035615,0.1794871794871795,0.022222222222222223,0.0,0.0,2.094017094017094,4.0,0.0,0.2,7.153846153846154,0.1583007074774645,0.6745814307458143,0.007965696222142965,3.4,0.7754420454648356,0.0769230769230769,1.0,1.0,1.4314699170645326,15,True,3262.0
3,sparse_sbm,sparse_sbm_9,9,41,2940604413,3467534454,"[33, 48, 60, 158, 221, 238, 292, 333, 345, 348, 419, 438, 507, 555, 568]","[330, 472, 408, 68, 312, 95, 38, 450, 148, 532, 445, 303, 372, 310, 299]",600,15,0.8,,3,200,"[[0.02, 0.005, 0.01], [0.005, 0.02, 0.005], [0.01, 0.005, 0.02]]",,,,,6.788333333333334,0.3907203346000753,1.0,0.16,7.266666666666667,0.0017674760764967254,0.005353042574065247,0.17094017094017094,0.008547008547008548,0.0,0.0,2.0803418803418805,4.0,0.0,0.15897435897435896,6.735042735042735,0.14578299312406828,0.6889649923896499,0.003503744932316361,3.5047619047619047,0.9075399106236505,0.0683760683760683,1.0,1.0,0.5628656250191852,16,True,3262.0
3,sparse_sbm,sparse_sbm_9,9,42,2940604413,396128597,"[12, 22, 105, 213, 284, 298, 321, 388, 429, 455, 525, 550, 568, 579, 586]","[536, 377, 223, 231, 261, 573, 107, 510, 116, 587, 453, 594, 299, 159, 592]",600,15,0.8,,3,200,"[[0.02, 0.005, 0.01], [0.005, 0.02, 0.005], [0.01, 0.005, 0.02]]",,,,,6.788333333333334,0.3907203346000753,1.0,0.16,7.333333333333333,0.001782081047528888,0.004879375673450192,0.16923076923076924,0.013675213675213675,0.0017094017094017094,0.0,2.105982905982906,4.0,0.0,0.1658119658119658,6.8,0.14763504738858324,0.6914646996838778,0.006165359285660037,3.4761904761904763,0.8304559569388802,0.0649572649572649,1.0,1.0,0.7426717089256272,21,True,3262.0
3,sparse_sbm,sparse_sbm_9,9,43,2940604413,986047628,"[7, 25, 72, 74, 193, 229, 255, 263, 309, 440, 446, 450, 457, 475, 481]","[504, 213, 385, 412, 413, 83, 575, 145, 331, 468, 129, 409, 353, 518, 521]",600,15,0.8,,3,200,"[[0.02, 0.005, 0.01], [0.005, 0.02, 0.005], [0.01, 0.005, 0.02]]",,,,,6.788333333333334,0.3907203346000753,1.0,0.16,7.066666666666666,0.001750421016845615,0.004228903816864724,0.17094017094017094,0.010256410256410256,0.0,0.0,2.0923076923076924,4.0,0.0,0.12136752136752137,6.170940170940171,0.14568026630056824,0.6889591382742067,0.003889232460661032,3.6285714285714286,0.7824668598811004,0.0547008547008547,0.770940170940171,0.7766666666666666,0.9907991249347106,30,False,2498.0
3,sparse_sbm,sparse_sbm_9,9,44,2940604413,3909787276,"[12, 35, 66, 81, 84, 109, 164, 201, 206, 271, 311, 351, 498, 582, 590]","[536, 558, 26, 230, 157, 185, 165, 402, 297, 414, 360, 503, 508, 597, 291]",600,15,0.8,,3,200,"[[0.02, 0.005, 0.01], [0.005, 0.02, 0.005], [0.01, 0.005, 0.02]]",,,,,6.788333333333334,0.3907203346000753,1.0,0.16,7.466666666666667,0.0018092994268008118,0.004417137346828496,0.16923076923076924,0.011965811965811967,0.0,0.0,2.078632478632479,4.0,0.0,0.16923076923076924,7.042735042735043,0.1473693415178937,0.6914881161456504,0.0044612133897848185,3.4285714285714284,0.7148300264117252,0.0564102564102564,1.0,1.0,0.9613309999695048,30,False,3262.0
3,sparse_sbm,sparse_sbm_9,9,45,2940604413,3926806947,"[66, 95, 113, 129, 275, 328, 352, 364, 416, 420, 468, 486, 538, 545, 551]","[26, 456, 110, 1, 56, 452, 42, 136, 314, 225, 114, 347, 480, 488, 66]",600,15,0.8,,3,200,"[[0.02, 0.005, 0.01], [0.005, 0.02, 0.005], [0.01, 0.005, 0.02]]",,,,,6.788333333333334,0.3907203346000753,1.0,0.16,5.866666666666666,0.0014781330511619557,0.0036055170901620817,0.1282051282051282,0.011965811965811967,0.0,0.0,2.2222222222222223,4.0,0.0,0.1094017094017094,5.912820512820513,0.11741894118580151,0.7607188853764196,0.006572871572871573,3.4761904761904763,0.7919139800964952,0.0512820512820512,0.3418803418803419,0.3583333333333333,0.9904708749381824,30,False,1776.0
3,sparse_sbm,sparse_sbm_9,9,46,2940604413,301206132,"[0, 32, 58, 142, 159, 200, 259, 269, 308, 320, 457, 478, 516, 523, 539]","[201, 175, 399, 407, 306, 55, 295, 9, 284, 99, 353, 36, 320, 338, 451]",600,15,0.8,,3,200,"[[0.02, 0.005, 0.01], [0.005, 0.02, 0.005], [0.01, 0.005, 0.02]]",,,,,6.788333333333334,0.3907203346000753,1.0,0.16,6.8,0.001665103997862651,0.004528248502795362,0.1658119658119658,0.008547008547008548,0.0,0.0,2.1145299145299146,4.0,0.0,0.15042735042735042,6.500854700854701,0.14156858994290603,0.6973305233579207,0.0038104130541105332,3.657142857142857,0.6983580917800655,0.0547008547008547,0.8888888888888888,0.8916666666666667,0.9574081249302252,30,False,2934.0
3,sparse_sbm,sparse_sbm_9,9,47,2940604413,428571667,"[29, 98, 102, 112, 115, 147, 226, 248, 262, 277, 292, 337, 369, 487, 545]","[89, 199, 572, 308, 374, 317, 271, 283, 448, 535, 38, 433, 76, 394, 488]",600,15,0.8,,3,200,"[[0.02, 0.005, 0.01], [0.005, 0.02, 0.005], [0.01, 0.005, 0.02]]",,,,,6.788333333333334,0.3907203346000753,1.0,0.16,6.733333333333333,0.0016614192970828541,0.004384235058184286,0.1606837606837607,0.011965811965811967,0.0,0.0,2.1316239316239316,4.0,0.0,0.13504273504273503,6.45982905982906,0.14064888805916856,0.7056667837489755,0.0057498757078589,3.552380952380952,0.7533720032541101,0.0683760683760683,0.9965811965811966,0.9966666666666668,0.5167392499279231,15,True,3262.0
3,sparse_sbm,sparse_sbm_9,9,48,2940604413,2824644057,"[76, 279, 294, 299, 328, 349, 370, 423, 428, 502, 504, 562, 567, 570, 592]","[586, 585, 511, 72, 452, 463, 494, 378, 381, 383, 192, 111, 166, 437, 112]",600,15,0.8,,3,200,"[[0.02, 0.005, 0.01], [0.005, 0.02, 0.005], [0.01, 0.005, 0.02]]",,,,,6.788333333333334,0.3907203346000753,1.0,0.16,6.466666666666667,0.0016202430159639673,0.004946463302798128,0.15213675213675212,0.010256410256410256,0.0,0.0,2.1658119658119657,4.0,0.0,0.14017094017094017,6.087179487179487,0.1335116976644333,0.7200503453928111,0.004064625850340136,3.6952380952380954,0.7679194315676053,0.0649572649572649,0.2427350427350427,0.2616666666666666,0.9592026669997722,29,True,1686.0
3,sparse_sbm,sparse_sbm_9,9,49,2940604413,932887795,"[30, 64, 83, 93, 206, 289, 342, 363, 422, 478, 501, 524, 565, 573, 580]","[449, 346, 540, 583, 297, 388, 497, 60, 84, 36, 4, 483, 548, 431, 282]",600,15,0.8,,3,200,"[[0.02, 0.005, 0.01], [0.005, 0.02, 0.005], [0.01, 0.005, 0.02]]",,,,,6.788333333333334,0.3907203346000753,1.0,0.16,6.2,0.001559942964104468,0.0033797996269341957,0.147008547008547,0.010256410256410256,0.0017094017094017094,0.0,2.147008547008547,4.0,0.0,0.1111111111111111,5.981196581196581,0.13015181177682583,0.7286149162861492,0.005497627955611149,3.7904761904761903,0.8835453620947604,0.0444444444444444,0.1641025641025641,0.185,0.9937841249629856,30,False,1620.0
3,sparse_sbm,sparse_sbm_10,10,0,1329910783,342929505,"[121, 136, 154, 233, 256, 282, 285, 328, 336, 356, 370, 380, 392, 438, 444]","[378, 130, 50, 264, 459, 153, 234, 285, 455, 332, 275, 586, 353, 567, 535]",600,15,0.8,,3,200,"[[0.02, 0.005, 0.01], [0.005, 0.02, 0.005], [0.01, 0.005, 0.02]]",,,,,6.711666666666667,0.36681400304748213,0.9983333333333333,0.12333333333333334,6.533333333333333,0.0016401588820155353,0.004349569400651337,0.15555555555555556,0.008547008547008548,0.0,0.0,2.136986301369863,4.0,0.0017094017094017094,0.11623931623931624,5.846153846153846,0.1363498249980074,0.7142196464114272,0.004188342003468053,3.619047619047619,0.742414593834354,0.0461538461538461,0.9965811965811966,0.9966666666666668,0.9142736670328304,27,True,3244.0
3,sparse_sbm,sparse_sbm_10,10,1,1329910783,3609310359,"[34, 187, 217, 224, 232, 321, 375, 401, 402, 409, 441, 448, 489, 535, 561]","[135, 29, 579, 160, 440, 115, 151, 186, 510, 281, 437, 106, 279, 386, 326]",600,15,0.8,,3,200,"[[0.02, 0.005, 0.01], [0.005, 0.02, 0.005], [0.01, 0.005, 0.02]]",,,,,6.711666666666667,0.36681400304748213,0.9983333333333333,0.12333333333333334,7.4,0.001790453635368669,0.004621314673583113,0.17094017094017094,0.015384615384615385,0.0,0.0,2.11472602739726,4.0,0.0017094017094017094,0.17264957264957265,6.654700854700855,0.14890782368231892,0.6887191195410374,0.00559629912571089,3.580952380952381,0.5917034247016867,0.0564102564102564,0.9948717948717948,0.995,0.7897213749820367,24,True,3244.0
3,sparse_sbm,sparse_sbm_10,10,2,1329910783,1476952879,"[8, 71, 102, 131, 163, 193, 288, 372, 423, 426, 442, 468, 471, 524, 543]","[148, 15, 125, 44, 527, 361, 54, 61, 3, 345, 507, 30, 84, 544, 444]",600,15,0.8,,3,200,"[[0.02, 0.005, 0.01], [0.005, 0.02, 0.005], [0.01, 0.005, 0.02]]",,,,,6.711666666666667,0.36681400304748213,0.9983333333333333,0.12333333333333334,7.533333333333333,0.0018354949195562144,0.005314959362753766,0.17264957264957265,0.013675213675213675,0.0,0.0,2.1113013698630136,4.0,0.0017094017094017094,0.17264957264957265,6.576068376068376,0.14978645488666342,0.6858974358974359,0.005749532136086758,3.3904761904761904,0.7194310133149713,0.07008547008547,0.9965811965811966,0.9966666666666668,0.5416386250872165,16,True,3244.0
3,sparse_sbm,sparse_sbm_10,10,3,1329910783,1257200675,"[73, 94, 143, 147, 167, 223, 238, 324, 364, 369, 379, 380, 444, 449, 550]","[48, 236, 341, 111, 318, 414, 99, 562, 228, 280, 11, 586, 535, 243, 566]",600,15,0.8,,3,200,"[[0.02, 0.005, 0.01], [0.005, 0.02, 0.005], [0.01, 0.005, 0.02]]",,,,,6.711666666666667,0.36681400304748213,0.9983333333333333,0.12333333333333334,6.333333333333333,0.0015833574654546833,0.0034223747661779893,0.15042735042735042,0.008547008547008548,0.0,0.0,2.176068376068376,4.0,0.0,0.11282051282051282,6.006837606837607,0.13198836582871212,0.7228193419974241,0.003415314843886272,3.5164835164835164,0.7674023411560141,0.0581196581196581,0.2051282051282051,0.225,1.0045776669867337,30,False,1656.0
3,sparse_sbm,sparse_sbm_10,10,4,1329910783,3019608117,"[126, 144, 185, 215, 255, 287, 292, 298, 317, 392, 409, 501, 511, 533, 537]","[422, 549, 229, 6, 27, 100, 235, 259, 168, 353, 281, 327, 372, 150, 35]",600,15,0.8,,3,200,"[[0.02, 0.005, 0.01], [0.005, 0.02, 0.005], [0.01, 0.005, 0.02]]",,,,,6.711666666666667,0.36681400304748213,0.9983333333333333,0.12333333333333334,7.333333333333333,0.0017989381575420744,0.004662659036488034,0.1641025641025641,0.017094017094017096,0.0,0.0,2.125,4.0,0.0017094017094017094,0.15897435897435896,6.574358974358974,0.14645693306017069,0.6998009600749326,0.006671480558035179,3.466666666666667,0.7022772610791567,0.0581196581196581,0.2598290598290598,0.2783333333333333,0.9839746670331806,30,False,1684.0
3,sparse_sbm,sparse_sbm_10,10,5,1329910783,1132689121,"[73, 77, 201, 213, 243, 293, 361, 377, 422, 429, 430, 447, 572, 596, 599]","[48, 427, 175, 1, 508, 83, 252, 65, 340, 465, 8, 200, 460, 344, 397]",600,15,0.8,,3,200,"[[0.02, 0.005, 0.01], [0.005, 0.02, 0.005], [0.01, 0.005, 0.02]]",,,,,6.711666666666667,0.36681400304748213,0.9983333333333333,0.12333333333333334,6.6,0.001637083251135276,0.0035336287807342655,0.15897435897435896,0.008547008547008548,0.0017094017094017094,0.0,2.143835616438356,4.0,0.0017094017094017094,0.1111111111111111,6.049572649572649,0.13851401982096787,0.7085528626624517,0.005106471493026115,3.676190476190476,0.9201176770909587,0.0564102564102564,0.2188034188034188,0.2383333333333333,0.9830467079300432,30,False,1654.0
3,sparse_sbm,sparse_sbm_10,10,6,1329910783,198017301,"[81, 134, 245, 271, 276, 304, 330, 365, 387, 431, 436, 439, 455, 493, 558]","[431, 575, 413, 266, 436, 479, 509, 273, 31, 211, 286, 503, 73, 39, 418]",600,15,0.8,,3,200,"[[0.02, 0.005, 0.01], [0.005, 0.02, 0.005], [0.01, 0.005, 0.02]]",,,,,6.711666666666667,0.36681400304748213,0.9983333333333333,0.12333333333333334,5.266666666666667,0.001354785083568327,0.003352639752208186,0.12478632478632479,0.003418803418803419,0.0,0.0,2.2465753424657535,4.0,0.0017094017094017094,0.08205128205128205,5.326495726495726,0.11219363693113439,0.766719353705655,0.001526251526251526,3.9047619047619047,0.7997056788253664,0.0495726495726495,0.0769230769230769,0.1,0.874358500004746,26,True,1544.0
3,sparse_sbm,sparse_sbm_10,10,7,1329910783,2279959501,"[47, 69, 70, 115, 143, 174, 196, 219, 225, 259, 280, 417, 498, 505, 560]","[164, 494, 302, 568, 341, 367, 179, 454, 480, 599, 462, 119, 154, 392, 203]",600,15,0.8,,3,200,"[[0.02, 0.005, 0.01], [0.005, 0.02, 0.005], [0.01, 0.005, 0.02]]",,,,,6.711666666666667,0.36681400304748213,0.9983333333333333,0.12333333333333334,6.066666666666666,0.0015232422370366565,0.0032813643726842473,0.14358974358974358,0.011965811965811967,0.0,0.0,2.190068493150685,4.0,0.0017094017094017094,0.11282051282051282,5.8649572649572645,0.12992550359243968,0.7342407212270226,0.005763178620321477,3.6285714285714286,0.7747179315037063,0.0461538461538461,0.1179487179487179,0.14,0.7538030829746276,23,True,1574.0
3,sparse_sbm,sparse_sbm_10,10,8,1329910783,1750348986,"[42, 112, 139, 172, 191, 319, 326, 336, 338, 362, 421, 463, 466, 476, 593]","[402, 139, 335, 314, 19, 110, 158, 455, 598, 528, 573, 59, 282, 391, 298]",600,15,0.8,,3,200,"[[0.02, 0.005, 0.01], [0.005, 0.02, 0.005], [0.01, 0.005, 0.02]]",,,,,6.711666666666667,0.36681400304748213,0.9983333333333333,0.12333333333333334,7.2,0.0017655271053536403,0.004596527913348451,0.17264957264957265,0.011965811965811967,0.0,0.0,2.0993150684931505,4.0,0.0017094017094017094,0.13675213675213677,6.268376068376068,0.14904963089057485,0.6859559770518675,0.004795807211773598,3.5714285714285716,0.9201176770909587,0.0598290598290598,0.1743589743589743,0.195,0.9953875410137698,30,False,1614.0
3,sparse_sbm,sparse_sbm_10,10,9,1329910783,4102212885,"[9, 31, 69, 152, 170, 208, 218, 244, 397, 411, 423, 468, 469, 500, 527]","[481, 297, 494, 596, 193, 425, 68, 408, 75, 195, 3, 30, 511, 472, 255]",600,15,0.8,,3,200,"[[0.02, 0.005, 0.01], [0.005, 0.02, 0.005], [0.01, 0.005, 0.02]]",,,,,6.711666666666667,0.36681400304748213,0.9983333333333333,0.12333333333333334,6.133333333333334,0.0015287773358733604,0.0029522219673225525,0.14017094017094017,0.010256410256410256,0.0,0.0,2.2054794520547945,4.0,0.0017094017094017094,0.12307692307692308,6.136752136752137,0.124669991152935,0.7403407095187917,0.005706145706145706,3.5714285714285716,0.7121154229672791,0.041025641025641,0.1008547008547008,0.1233333333333333,0.9995886670658364,30,False,1596.0
3,sparse_sbm,sparse_sbm_10,10,10,1329910783,1280579313,"[8, 78, 160, 218, 232, 276, 297, 401, 477, 540, 544, 566, 570, 573, 582]","[148, 441, 108, 68, 440, 436, 24, 186, 495, 20, 580, 70, 550, 545, 169]",600,15,0.8,,3,200,"[[0.02, 0.005, 0.01], [0.005, 0.02, 0.005], [0.01, 0.005, 0.02]]",,,,,6.711666666666667,0.36681400304748213,0.9983333333333333,0.12333333333333334,6.866666666666666,0.0016885165987379686,0.004954819341140853,0.1658119658119658,0.010256410256410256,0.0,0.0,2.1164383561643834,4.0,0.0017094017094017094,0.14358974358974358,6.488888888888889,0.1443210002879494,0.6971431916637396,0.004398324986560281,3.533333333333333,0.7272650084008166,0.0581196581196581,0.9965811965811966,0.9966666666666668,0.6914639169117436,20,True,3244.0
3,sparse_sbm,sparse_sbm_10,10,11,1329910783,3793295542,"[88, 149, 218, 303, 350, 355, 379, 405, 412, 522, 541, 548, 577, 583, 588]","[34, 338, 68, 210, 129, 572, 11, 410, 303, 467, 346, 382, 595, 138, 201]",600,15,0.8,,3,200,"[[0.02, 0.005, 0.01], [0.005, 0.02, 0.005], [0.01, 0.005, 0.02]]",,,,,6.711666666666667,0.36681400304748213,0.9983333333333333,0.12333333333333334,6.266666666666667,0.0015711858625539832,0.003763993925626018,0.147008547008547,0.013675213675213675,0.0,0.0,2.190068493150685,4.0,0.0017094017094017094,0.11623931623931624,5.81025641025641,0.13005756911186434,0.728796393864887,0.006229699979291349,3.6666666666666665,0.8095438407134887,0.0547008547008547,0.9931623931623932,0.9933333333333332,1.007890083012171,30,False,3240.0
3,sparse_sbm,sparse_sbm_10,10,12,1329910783,3617463777,"[86, 120, 167, 192, 202, 218, 228, 255, 279, 321, 462, 464, 467, 480, 587]","[443, 132, 318, 384, 476, 68, 539, 27, 232, 115, 222, 187, 191, 103, 157]",600,15,0.8,,3,200,"[[0.02, 0.005, 0.01], [0.005, 0.02, 0.005], [0.01, 0.005, 0.02]]",,,,,6.711666666666667,0.36681400304748213,0.9983333333333333,0.12333333333333334,6.866666666666666,0.0016865764603504608,0.003534424635997119,0.1675213675213675,0.005128205128205128,0.0,0.0,2.1215753424657535,4.0,0.0017094017094017094,0.1282051282051282,6.2615384615384615,0.14266094978965727,0.6945088397143192,0.0022675736961451248,3.657142857142857,0.6871276756456192,0.0478632478632478,0.2786324786324786,0.2966666666666667,0.986104542040266,30,False,1718.0
3,sparse_sbm,sparse_sbm_10,10,13,1329910783,3145893340,"[3, 18, 25, 52, 86, 95, 139, 211, 237, 292, 343, 349, 366, 432, 592]","[2, 233, 147, 176, 443, 167, 335, 592, 156, 235, 563, 304, 226, 331, 238]",600,15,0.8,,3,200,"[[0.02, 0.005, 0.01], [0.005, 0.02, 0.005], [0.01, 0.005, 0.02]]",,,,,6.711666666666667,0.36681400304748213,0.9983333333333333,0.12333333333333334,7.266666666666667,0.0017773322244615563,0.0041218446820566945,0.17264957264957265,0.013675213675213675,0.0,0.0,2.11472602739726,4.0,0.0017094017094017094,0.1658119658119658,6.473504273504274,0.15038485963121184,0.6858564570893338,0.005242833730228689,3.447619047619048,0.8648307589022237,0.0427350427350427,0.1042735042735042,0.1266666666666666,0.7690669159637764,23,True,1570.0
3,sparse_sbm,sparse_sbm_10,10,14,1329910783,3156145534,"[20, 43, 144, 206, 208, 210, 260, 325, 418, 423, 437, 443, 461, 488, 566]","[163, 589, 549, 552, 425, 140, 374, 216, 305, 3, 537, 289, 166, 22, 70]",600,15,0.8,,3,200,"[[0.02, 0.005, 0.01], [0.005, 0.02, 0.005], [0.01, 0.005, 0.02]]",,,,,6.711666666666667,0.36681400304748213,0.9983333333333333,0.12333333333333334,6.933333333333334,0.0016995316321547363,0.0056406700540704785,0.15213675213675212,0.015384615384615385,0.0,0.0,2.1866438356164384,4.0,0.0017094017094017094,0.19316239316239317,6.582905982905983,0.13615056079295146,0.7199098466221754,0.007284610814022579,3.361904761904762,0.8095438407134887,0.07008547008547,0.9965811965811966,0.9966666666666668,0.6896190420957282,21,True,3244.0
3,sparse_sbm,sparse_sbm_10,10,15,1329910783,402977036,"[35, 93, 98, 161, 165, 209, 264, 265, 304, 340, 411, 433, 472, 490, 595]","[385, 478, 114, 468, 542, 212, 97, 269, 479, 519, 195, 401, 26, 520, 28]",600,15,0.8,,3,200,"[[0.02, 0.005, 0.01], [0.005, 0.02, 0.005], [0.01, 0.005, 0.02]]",,,,,6.711666666666667,0.36681400304748213,0.9983333333333333,0.12333333333333334,6.133333333333334,0.0015517570368922746,0.0036991850916464064,0.15213675213675212,0.005128205128205128,0.0,0.0,2.1506849315068495,4.0,0.0017094017094017094,0.09743589743589744,5.685470085470086,0.1315980741013013,0.7200854700854701,0.0026373626373626374,3.742857142857143,0.8246934261470263,0.0547008547008547,0.2495726495726495,0.2683333333333333,1.0074470000108704,30,False,1670.0
3,sparse_sbm,sparse_sbm_10,10,16,1329910783,254284174,"[40, 50, 68, 94, 167, 241, 244, 247, 270, 334, 356, 490, 523, 585, 599]","[16, 218, 364, 236, 318, 325, 408, 380, 581, 521, 332, 520, 60, 276, 397]",600,15,0.8,,3,200,"[[0.02, 0.005, 0.01], [0.005, 0.02, 0.005], [0.01, 0.005, 0.02]]",,,,,6.711666666666667,0.36681400304748213,0.9983333333333333,0.12333333333333334,6.266666666666667,0.00155602244674968,0.003754393237373565,0.147008547008547,0.006837606837606838,0.0,0.0,2.203767123287671,4.0,0.0017094017094017094,0.09914529914529914,5.856410256410256,0.1279639262913255,0.7287846856340007,0.0030723245008959293,3.7523809523809524,0.742414593834354,0.0495726495726495,0.9948717948717948,0.995,0.9259634170448408,28,True,3244.0
3,sparse_sbm,sparse_sbm_10,10,17,1329910783,2278461927,"[4, 25, 42, 75, 113, 181, 227, 240, 310, 319, 373, 385, 442, 523, 561]","[483, 147, 402, 359, 262, 155, 86, 531, 574, 110, 299, 21, 507, 60, 326]",600,15,0.8,,3,200,"[[0.02, 0.005, 0.01], [0.005, 0.02, 0.005], [0.01, 0.005, 0.02]]",,,,,6.711666666666667,0.36681400304748213,0.9983333333333333,0.12333333333333334,6.933333333333334,0.001695866748561699,0.003852465029792784,0.1641025641025641,0.010256410256410256,0.0,0.0,2.1010273972602738,4.0,0.0017094017094017094,0.14871794871794872,6.294017094017094,0.14136812777892577,0.7001697693478516,0.005136054421768707,3.6666666666666665,0.6792936805597739,0.0495726495726495,0.9965811965811966,0.9966666666666668,0.9410114999627694,28,True,3244.0
3,sparse_sbm,sparse_sbm_10,10,18,1329910783,2604521011,"[20, 25, 112, 127, 243, 249, 312, 321, 416, 489, 491, 524, 568, 575, 595]","[163, 147, 139, 197, 508, 105, 583, 115, 183, 279, 442, 544, 241, 237, 28]",600,15,0.8,,3,200,"[[0.02, 0.005, 0.01], [0.005, 0.02, 0.005], [0.01, 0.005, 0.02]]",,,,,6.711666666666667,0.36681400304748213,0.9983333333333333,0.12333333333333334,6.333333333333333,0.0015876112887254178,0.003143430813467243,0.1606837606837607,0.0017094017094017094,0.0,0.0,2.1267123287671232,4.0,0.0017094017094017094,0.10085470085470086,5.900854700854701,0.13648295600729674,0.7058775319049292,0.0008658008658008658,3.8095238095238093,0.8075396739112116,0.0547008547008547,0.9948717948717948,0.995,0.9477766250493004,27,True,3244.0
3,sparse_sbm,sparse_sbm_10,10,19,1329910783,4053028314,"[36, 51, 100, 194, 199, 201, 227, 232, 288, 300, 469, 471, 544, 594, 596]","[64, 102, 569, 95, 62, 175, 86, 440, 54, 104, 511, 84, 580, 230, 344]",600,15,0.8,,3,200,"[[0.02, 0.005, 0.01], [0.005, 0.02, 0.005], [0.01, 0.005, 0.02]]",,,,,6.711666666666667,0.36681400304748213,0.9983333333333333,0.12333333333333334,7.666666666666667,0.001840659111008361,0.006001478069691748,0.17264957264957265,0.020512820512820513,0.0,0.0,2.0821917808219177,4.0,0.0017094017094017094,0.17777777777777778,6.981196581196581,0.15331773810548327,0.685715958318698,0.00764819153032333,3.4571428571428573,0.8075396739112116,0.0478632478632478,0.135042735042735,0.1566666666666666,1.0816241659922523,30,False,1592.0
3,sparse_sbm,sparse_sbm_10,10,20,1329910783,3515504258,"[15, 42, 98, 115, 128, 180, 204, 233, 325, 345, 365, 445, 456, 509, 520]","[224, 402, 114, 568, 500, 37, 142, 264, 216, 82, 273, 128, 512, 530, 184]",600,15,0.8,,3,200,"[[0.02, 0.005, 0.01], [0.005, 0.02, 0.005], [0.01, 0.005, 0.02]]",,,,,6.711666666666667,0.36681400304748213,0.9983333333333333,0.12333333333333334,7.2,0.0017626409382366516,0.0051743599448069175,0.15726495726495726,0.020512820512820513,0.0,0.0,2.154109589041096,4.0,0.0017094017094017094,0.16923076923076924,6.521367521367521,0.14265677218085399,0.7111345275728838,0.00786820711190459,3.361904761904762,0.7825519265895516,0.0478632478632478,0.9965811965811966,0.9966666666666668,1.0867316670482978,30,False,3244.0
3,sparse_sbm,sparse_sbm_10,10,21,1329910783,4174134580,"[19, 81, 133, 144, 145, 178, 328, 364, 392, 415, 431, 489, 500, 543, 591]","[448, 431, 94, 549, 247, 178, 285, 228, 353, 43, 211, 279, 472, 444, 260]",600,15,0.8,,3,200,"[[0.02, 0.005, 0.01], [0.005, 0.02, 0.005], [0.01, 0.005, 0.02]]",,,,,6.711666666666667,0.36681400304748213,0.9983333333333333,0.12333333333333334,6.866666666666666,0.0017070592567944738,0.005292312228240245,0.15726495726495726,0.015384615384615385,0.0,0.0,2.1404109589041096,4.0,0.0017094017094017094,0.14017094017094017,6.150427350427351,0.13876378635320974,0.7113921086523827,0.006664195592767021,3.5619047619047617,0.7272650084008166,0.0512820512820512,0.1658119658119658,0.1866666666666666,0.9987594169797376,30,False,1592.0
3,sparse_sbm,sparse_sbm_10,10,22,1329910783,2306628240,"[18, 124, 153, 162, 163, 208, 291, 317, 351, 356, 395, 434, 470, 567, 570]","[233, 312, 40, 98, 527, 425, 449, 168, 458, 332, 403, 424, 225, 499, 550]",600,15,0.8,,3,200,"[[0.02, 0.005, 0.01], [0.005, 0.02, 0.005], [0.01, 0.005, 0.02]]",,,,,6.711666666666667,0.36681400304748213,0.9983333333333333,0.12333333333333334,7.333333333333333,0.0017875456621446596,0.004629896918232298,0.1606837606837607,0.020512820512820513,0.003418803418803419,0.0,2.1592465753424657,4.0,0.0017094017094017094,0.15213675213675212,6.4051282051282055,0.14483364489528086,0.7054794520547946,0.010771166275367956,3.447619047619048,0.7845560933918287,0.0358974358974358,0.1794871794871795,0.2,1.3784579169005156,30,False,1620.0
3,sparse_sbm,sparse_sbm_10,10,23,1329910783,2479086,"[70, 130, 175, 216, 218, 260, 325, 398, 399, 444, 485, 498, 501, 516, 552]","[302, 433, 360, 474, 68, 374, 216, 576, 177, 535, 265, 154, 327, 349, 588]",600,15,0.8,,3,200,"[[0.02, 0.005, 0.01], [0.005, 0.02, 0.005], [0.01, 0.005, 0.02]]",,,,,6.711666666666667,0.36681400304748213,0.9983333333333333,0.12333333333333334,6.933333333333334,0.0017101770030720919,0.004465805329608301,0.16923076923076924,0.008547008547008548,0.0,0.0,2.113013698630137,4.0,0.0017094017094017094,0.1264957264957265,6.381196581196582,0.1458851469062569,0.6915583655309683,0.0033619858199690133,3.533333333333333,0.8148552642589038,0.0615384615384615,0.9948717948717948,0.995,2.9794731669826433,20,True,3244.0
3,sparse_sbm,sparse_sbm_10,10,24,1329910783,2492843423,"[87, 94, 105, 111, 133, 171, 208, 255, 287, 326, 354, 418, 460, 462, 508]","[570, 236, 240, 434, 94, 548, 425, 27, 100, 158, 116, 305, 429, 222, 77]",600,15,0.8,,3,200,"[[0.02, 0.005, 0.01], [0.005, 0.02, 0.005], [0.01, 0.005, 0.02]]",,,,,6.711666666666667,0.36681400304748213,0.9983333333333333,0.12333333333333334,6.8,0.0016714605026106547,0.004227691917622691,0.1675213675213675,0.006837606837606838,0.0,0.0,2.1232876712328768,4.0,0.0017094017094017094,0.13333333333333333,6.3931623931623935,0.1438660481376496,0.6944093197517855,0.0028285603285603286,3.638095238095238,0.7997056788253664,0.0461538461538461,0.1572649572649572,0.1783333333333333,11.318994874949569,30,False,1610.0
3,sparse_sbm,sparse_sbm_10,10,25,1329910783,3048097089,"[23, 26, 64, 142, 151, 247, 265, 284, 343, 414, 443, 456, 540, 561, 581]","[56, 121, 369, 123, 452, 380, 269, 560, 563, 91, 289, 512, 20, 326, 5]",600,15,0.8,,3,200,"[[0.02, 0.005, 0.01], [0.005, 0.02, 0.005], [0.01, 0.005, 0.02]]",,,,,6.711666666666667,0.36681400304748213,0.9983333333333333,0.12333333333333334,6.4,0.0016039024335982653,0.004731083891314667,0.15384615384615385,0.008547008547008548,0.0017094017094017094,0.0,2.1575342465753424,4.0,0.0017094017094017094,0.10427350427350428,5.888888888888889,0.13485344881081185,0.7171349959021192,0.005077475434618292,3.676190476190476,0.8496811734686862,0.0598290598290598,0.5145299145299145,0.5266666666666666,0.9982191250892356,30,False,1928.0
3,sparse_sbm,sparse_sbm_10,10,26,1329910783,3819564458,"[19, 103, 128, 182, 215, 233, 254, 293, 396, 405, 452, 491, 495, 555, 575]","[448, 38, 500, 192, 6, 264, 486, 83, 271, 410, 53, 442, 308, 182, 237]",600,15,0.8,,3,200,"[[0.02, 0.005, 0.01], [0.005, 0.02, 0.005], [0.01, 0.005, 0.02]]",,,,,6.711666666666667,0.36681400304748213,0.9983333333333333,0.12333333333333334,6.466666666666667,0.0016315255508332432,0.0038627506077481425,0.14871794871794872,0.013675213675213675,0.0,0.0,2.210616438356164,4.0,0.0017094017094017094,0.10598290598290598,5.570940170940171,0.13337376423671546,0.7256351715255824,0.006203963121256355,3.676190476190476,0.7042814278814337,0.0666666666666666,0.9965811965811966,0.9966666666666668,0.8428874580422416,25,True,3244.0
3,sparse_sbm,sparse_sbm_10,10,27,1329910783,3010233470,"[10, 57, 90, 101, 118, 133, 207, 281, 346, 391, 464, 481, 497, 522, 562]","[267, 117, 417, 320, 120, 94, 283, 291, 546, 584, 187, 406, 334, 467, 301]",600,15,0.8,,3,200,"[[0.02, 0.005, 0.01], [0.005, 0.02, 0.005], [0.01, 0.005, 0.02]]",,,,,6.711666666666667,0.36681400304748213,0.9983333333333333,0.12333333333333334,6.2,0.0015571839290651939,0.0031187396395361043,0.14871794871794872,0.010256410256410256,0.0,0.0,2.1780821917808217,4.0,0.0017094017094017094,0.10427350427350428,5.859829059829059,0.13226578363915506,0.7256585879873552,0.0043109668109668105,3.704761904761905,0.7845560933918289,0.0495726495726495,0.2427350427350427,0.2616666666666666,0.9822072080569342,30,False,1688.0
3,sparse_sbm,sparse_sbm_10,10,28,1329910783,150318084,"[62, 85, 116, 130, 173, 217, 243, 289, 307, 345, 355, 391, 416, 485, 549]","[180, 515, 294, 433, 419, 579, 508, 336, 268, 82, 572, 584, 183, 265, 87]",600,15,0.8,,3,200,"[[0.02, 0.005, 0.01], [0.005, 0.02, 0.005], [0.01, 0.005, 0.02]]",,,,,6.711666666666667,0.36681400304748213,0.9983333333333333,0.12333333333333334,5.8,0.0014902511089201508,0.003228519024984855,0.13162393162393163,0.011965811965811967,0.0017094017094017094,0.0,2.2534246575342465,4.0,0.0017094017094017094,0.08034188034188035,5.1863247863247866,0.11985339430205035,0.7548062287788315,0.0082057267351385,3.6,0.8549925970141012,0.0512820512820512,0.2034188034188034,0.2233333333333333,1.001658666995354,30,False,1640.0
3,sparse_sbm,sparse_sbm_10,10,29,1329910783,4249272584,"[14, 56, 162, 170, 250, 290, 318, 349, 402, 410, 414, 434, 483, 534, 592]","[196, 506, 98, 193, 514, 136, 63, 304, 510, 456, 91, 424, 165, 540, 238]",600,15,0.8,,3,200,"[[0.02, 0.005, 0.01], [0.005, 0.02, 0.005], [0.01, 0.005, 0.02]]",,,,,6.711666666666667,0.36681400304748213,0.9983333333333333,0.12333333333333334,7.866666666666666,0.001885612595179792,0.005368821118202868,0.18632478632478633,0.010256410256410256,0.0017094017094017094,0.0,2.0428082191780823,4.0,0.0017094017094017094,0.15726495726495726,6.970940170940171,0.1578099818423718,0.6637571712914179,0.004886461761738188,3.419047619047619,0.7845560933918289,0.0478632478632478,0.1589743589743589,0.18,0.9881959590129554,30,False,1640.0
3,sparse_sbm,sparse_sbm_10,10,30,1329910783,1199508171,"[90, 114, 115, 144, 247, 252, 306, 321, 329, 341, 407, 408, 472, 508, 520]","[417, 561, 568, 549, 380, 388, 523, 115, 89, 383, 185, 124, 26, 77, 184]",600,15,0.8,,3,200,"[[0.02, 0.005, 0.01], [0.005, 0.02, 0.005], [0.01, 0.005, 0.02]]",,,,,6.711666666666667,0.36681400304748213,0.9983333333333333,0.12333333333333334,6.266666666666667,0.0015727529913928016,0.0036602998988686125,0.13846153846153847,0.010256410256410256,0.0017094017094017094,0.0,2.2345890410958904,4.0,0.0017094017094017094,0.11282051282051282,5.811965811965812,0.12461982683810326,0.7430628731998595,0.006028693528693528,3.4761904761904763,0.8095438407134888,0.0564102564102564,0.9965811965811966,0.9966666666666668,0.585392624954693,17,True,3244.0
3,sparse_sbm,sparse_sbm_10,10,31,1329910783,1570163581,"[1, 84, 98, 114, 145, 155, 181, 238, 271, 297, 386, 388, 418, 459, 475]","[159, 559, 114, 561, 247, 395, 155, 99, 266, 24, 469, 491, 305, 49, 47]",600,15,0.8,,3,200,"[[0.02, 0.005, 0.01], [0.005, 0.02, 0.005], [0.01, 0.005, 0.02]]",,,,,6.711666666666667,0.36681400304748213,0.9983333333333333,0.12333333333333334,6.266666666666667,0.0016043557454730858,0.0036564292974313813,0.14871794871794872,0.008547008547008548,0.0,0.0,2.220890410958904,4.0,0.0017094017094017094,0.10256410256410256,5.483760683760684,0.13110939174727618,0.7257112750263435,0.0045660688517831375,3.619047619047619,0.7272650084008165,0.0581196581196581,0.2,0.22,1.0422819589730352,30,False,1646.0
3,sparse_sbm,sparse_sbm_10,10,32,1329910783,3306198673,"[0, 4, 19, 100, 135, 156, 196, 208, 309, 345, 347, 377, 395, 528, 584]","[74, 483, 448, 569, 245, 411, 179, 425, 587, 82, 7, 65, 403, 112, 578]",600,15,0.8,,3,200,"[[0.02, 0.005, 0.01], [0.005, 0.02, 0.005], [0.01, 0.005, 0.02]]",,,,,6.711666666666667,0.36681400304748213,0.9983333333333333,0.12333333333333334,6.666666666666667,0.001651429279665766,0.004985582755236142,0.15726495726495726,0.008547008547008548,0.0017094017094017094,0.0,2.1506849315068495,4.0,0.0017094017094017094,0.1452991452991453,6.061538461538461,0.13639460730445238,0.711520899192132,0.0048306191163334025,3.6285714285714286,0.8398430115805638,0.0495726495726495,0.8769230769230769,0.88,1.0908765000058338,30,False,2866.0
3,sparse_sbm,sparse_sbm_10,10,33,1329910783,4203524365,"[16, 19, 118, 155, 169, 214, 255, 302, 330, 391, 436, 473, 482, 579, 591]","[272, 448, 120, 395, 79, 23, 27, 194, 509, 584, 286, 248, 355, 242, 260]",600,15,0.8,,3,200,"[[0.02, 0.005, 0.01], [0.005, 0.02, 0.005], [0.01, 0.005, 0.02]]",,,,,6.711666666666667,0.36681400304748213,0.9983333333333333,0.12333333333333334,6.066666666666666,0.0015473797418333525,0.003951682284406822,0.14871794871794872,0.006837606837606838,0.0,0.0,2.171232876712329,4.0,0.0017094017094017094,0.07692307692307693,5.475213675213675,0.1310860477876157,0.7256820044491278,0.0026603461897579546,3.9047619047619047,0.7845560933918289,0.0495726495726495,0.2239316239316239,0.2433333333333333,1.1139540419680998,30,False,1666.0
3,sparse_sbm,sparse_sbm_10,10,34,1329910783,2923967545,"[33, 173, 222, 224, 228, 320, 326, 460, 463, 485, 489, 507, 521, 570, 577]","[92, 419, 555, 160, 539, 526, 158, 429, 59, 265, 279, 525, 415, 550, 595]",600,15,0.8,,3,200,"[[0.02, 0.005, 0.01], [0.005, 0.02, 0.005], [0.01, 0.005, 0.02]]",,,,,6.711666666666667,0.36681400304748213,0.9983333333333333,0.12333333333333334,7.066666666666666,0.0017358901189769528,0.004597518833003964,0.15897435897435896,0.018803418803418803,0.0,0.0,2.1232876712328768,4.0,0.0017094017094017094,0.14358974358974358,6.605128205128205,0.14270530367517795,0.7083304062756117,0.006340735001725715,3.466666666666667,0.7997056788253663,0.0495726495726495,0.1487179487179487,0.17,1.0561458339216188,30,False,1606.0
3,sparse_sbm,sparse_sbm_10,10,35,1329910783,2771785194,"[16, 22, 69, 113, 148, 156, 199, 209, 218, 223, 233, 295, 326, 427, 524]","[272, 205, 494, 262, 172, 411, 62, 212, 68, 414, 264, 517, 158, 547, 544]",600,15,0.8,,3,200,"[[0.02, 0.005, 0.01], [0.005, 0.02, 0.005], [0.01, 0.005, 0.02]]",,,,,6.711666666666667,0.36681400304748213,0.9983333333333333,0.12333333333333334,7.333333333333333,0.0017958132663822698,0.0048774470189793025,0.1675213675213675,0.010256410256410256,0.0,0.0,2.1267123287671232,4.0,0.0017094017094017094,0.17777777777777778,6.748717948717949,0.14557852212282357,0.694315653904695,0.004440427297570155,3.466666666666667,0.7272650084008166,0.0666666666666666,0.9965811965811966,0.9966666666666668,0.8505387500626966,25,True,3244.0
3,sparse_sbm,sparse_sbm_10,10,36,1329910783,4234170812,"[26, 44, 92, 110, 126, 137, 143, 162, 210, 214, 313, 464, 468, 499, 542]","[121, 190, 311, 493, 422, 328, 341, 98, 140, 23, 420, 187, 30, 244, 497]",600,15,0.8,,3,200,"[[0.02, 0.005, 0.01], [0.005, 0.02, 0.005], [0.01, 0.005, 0.02]]",,,,,6.711666666666667,0.36681400304748213,0.9983333333333333,0.12333333333333334,6.333333333333333,0.0015684466673947333,0.0038235696883054046,0.13675213675213677,0.017094017094017096,0.0017094017094017094,0.0,2.2739726027397262,4.0,0.0017094017094017094,0.13504273504273503,5.817094017094017,0.12556903937794858,0.7459138274206767,0.008713786213786214,3.5142857142857142,0.6469903428904218,0.0478632478632478,0.147008547008547,0.1683333333333333,1.0253909999737516,30,False,1600.0
3,sparse_sbm,sparse_sbm_10,10,37,1329910783,4241512486,"[6, 22, 33, 74, 81, 157, 165, 182, 224, 360, 369, 446, 494, 495, 550]","[451, 205, 92, 450, 431, 122, 542, 192, 160, 213, 280, 231, 14, 308, 566]",600,15,0.8,,3,200,"[[0.02, 0.005, 0.01], [0.005, 0.02, 0.005], [0.01, 0.005, 0.02]]",,,,,6.711666666666667,0.36681400304748213,0.9983333333333333,0.12333333333333334,7.866666666666666,0.0019024366802478099,0.006432429962322406,0.1811965811965812,0.018803418803418803,0.0017094017094017094,0.0,2.071794871794872,4.0,0.0,0.17435897435897435,6.849572649572649,0.1562984722513954,0.672029036412598,0.00808701683756969,3.318681318681319,0.7674023411560141,0.07008547008547,1.0,1.0,0.4637545419391244,13,True,3244.0
3,sparse_sbm,sparse_sbm_10,10,38,1329910783,996839592,"[138, 153, 185, 213, 222, 235, 285, 301, 397, 504, 506, 522, 530, 534, 575]","[593, 40, 229, 1, 555, 404, 234, 375, 75, 219, 358, 467, 296, 540, 237]",600,15,0.8,,3,200,"[[0.02, 0.005, 0.01], [0.005, 0.02, 0.005], [0.01, 0.005, 0.02]]",,,,,6.711666666666667,0.36681400304748213,0.9983333333333333,0.12333333333333334,7.333333333333333,0.0017952782783064202,0.004485575488113618,0.15726495726495726,0.022222222222222223,0.0017094017094017094,0.0,2.1746575342465753,4.0,0.0017094017094017094,0.1641025641025641,6.087179487179487,0.14107440858426354,0.7112750263435195,0.01138036022489804,3.4095238095238094,0.6469903428904217,0.0717948717948717,0.9948717948717948,0.995,0.6918504589702934,20,True,3244.0
3,sparse_sbm,sparse_sbm_10,10,39,1329910783,342360083,"[11, 37, 169, 228, 257, 259, 291, 297, 315, 329, 353, 405, 494, 514, 552]","[239, 370, 79, 539, 209, 599, 449, 24, 220, 89, 485, 410, 14, 430, 588]",600,15,0.8,,3,200,"[[0.02, 0.005, 0.01], [0.005, 0.02, 0.005], [0.01, 0.005, 0.02]]",,,,,6.711666666666667,0.36681400304748213,0.9983333333333333,0.12333333333333334,7.0,0.001716451328596002,0.005428389487043225,0.1641025641025641,0.008547008547008548,0.0,0.0,2.1267123287671232,4.0,0.0017094017094017094,0.14358974358974358,6.283760683760684,0.14205638991630687,0.7000292705772158,0.003066311994883423,3.5904761904761906,0.8549925970141014,0.041025641025641,0.1487179487179487,0.17,1.010884499992244,30,False,1632.0
3,sparse_sbm,sparse_sbm_10,10,40,1329910783,3744953694,"[41, 64, 67, 89, 92, 171, 174, 181, 335, 336, 357, 393, 411, 421, 575]","[309, 369, 473, 329, 311, 548, 367, 155, 134, 455, 373, 348, 195, 573, 237]",600,15,0.8,,3,200,"[[0.02, 0.005, 0.01], [0.005, 0.02, 0.005], [0.01, 0.005, 0.02]]",,,,,6.711666666666667,0.36681400304748213,0.9983333333333333,0.12333333333333334,6.733333333333333,0.0016610122489206746,0.004681843117878392,0.15384615384615385,0.015384615384615385,0.0,0.0,2.171232876712329,4.0,0.0017094017094017094,0.12136752136752137,5.9623931623931625,0.13788280359321517,0.7169827889005971,0.006286191244174437,3.638095238095238,0.7121154229672791,0.0615384615384615,0.1863247863247863,0.2066666666666666,1.070459667011164,30,False,1598.0
3,sparse_sbm,sparse_sbm_10,10,41,1329910783,1196547735,"[27, 61, 67, 74, 75, 126, 175, 191, 256, 262, 280, 390, 465, 470, 498]","[25, 477, 473, 450, 359, 422, 360, 19, 459, 428, 462, 504, 390, 225, 154]",600,15,0.8,,3,200,"[[0.02, 0.005, 0.01], [0.005, 0.02, 0.005], [0.01, 0.005, 0.02]]",,,,,6.711666666666667,0.36681400304748213,0.9983333333333333,0.12333333333333334,7.4,0.0017839397036479388,0.004969408419320065,0.1794871794871795,0.006837606837606838,0.0,0.0,2.085616438356164,4.0,0.0017094017094017094,0.1794871794871795,6.774358974358974,0.15160664624095405,0.6749209694415174,0.0024743500639122042,3.4952380952380953,0.7542569225247538,0.0358974358974358,0.1094017094017094,0.1316666666666666,1.0330067500472069,30,False,1602.0
3,sparse_sbm,sparse_sbm_10,10,42,1329910783,3723559246,"[5, 15, 38, 63, 86, 129, 158, 172, 178, 248, 414, 444, 486, 502, 529]","[306, 224, 541, 254, 443, 32, 137, 314, 178, 464, 91, 535, 107, 274, 461]",600,15,0.8,,3,200,"[[0.02, 0.005, 0.01], [0.005, 0.02, 0.005], [0.01, 0.005, 0.02]]",,,,,6.711666666666667,0.36681400304748213,0.9983333333333333,0.12333333333333334,6.0,0.001495269966211288,0.003004759109961966,0.13504273504273503,0.013675213675213675,0.0017094017094017094,0.0,2.280821917808219,4.0,0.0017094017094017094,0.11452991452991453,5.690598290598291,0.12214013380494115,0.7490399250673223,0.007336441753734988,3.657142857142857,0.7272650084008166,0.0444444444444444,0.1504273504273504,0.1716666666666666,1.1475878750206905,30,False,1602.0
3,sparse_sbm,sparse_sbm_10,10,43,1329910783,4002107869,"[47, 79, 85, 96, 101, 145, 320, 351, 397, 427, 450, 467, 523, 551, 586]","[164, 76, 515, 405, 320, 247, 526, 458, 75, 547, 51, 191, 60, 347, 466]",600,15,0.8,,3,200,"[[0.02, 0.005, 0.01], [0.005, 0.02, 0.005], [0.01, 0.005, 0.02]]",,,,,6.711666666666667,0.36681400304748213,0.9983333333333333,0.12333333333333334,6.8,0.0016762896499032528,0.004557013196263567,0.1452991452991453,0.011965811965811967,0.003418803418803419,0.0,2.1866438356164384,4.0,0.0017094017094017094,0.11965811965811966,6.018803418803419,0.13106827783687308,0.7313487881981032,0.008227658584801442,3.4952380952380953,0.8398430115805638,0.0444444444444444,0.1658119658119658,0.1866666666666666,1.0987020418979228,30,False,1616.0
3,sparse_sbm,sparse_sbm_10,10,44,1329910783,1102455459,"[7, 42, 96, 146, 153, 179, 204, 228, 278, 283, 310, 327, 357, 380, 498]","[389, 402, 405, 55, 40, 258, 142, 539, 57, 18, 574, 516, 373, 586, 154]",600,15,0.8,,3,200,"[[0.02, 0.005, 0.01], [0.005, 0.02, 0.005], [0.01, 0.005, 0.02]]",,,,,6.711666666666667,0.36681400304748213,0.9983333333333333,0.12333333333333334,7.066666666666666,0.00173368901420343,0.004127672399120632,0.1658119658119658,0.011965811965811967,0.0,0.0,2.1044520547945207,4.0,0.0017094017094017094,0.15042735042735042,6.4222222222222225,0.14429630993197226,0.697160754010069,0.0045351473922902496,3.6,0.8095438407134887,0.0495726495726495,0.9965811965811966,0.9966666666666668,0.9744930829619988,28,True,3244.0
3,sparse_sbm,sparse_sbm_10,10,45,1329910783,3662368335,"[23, 78, 128, 149, 175, 197, 204, 223, 229, 252, 399, 441, 466, 506, 595]","[56, 441, 500, 338, 360, 144, 142, 414, 365, 388, 177, 437, 282, 358, 28]",600,15,0.8,,3,200,"[[0.02, 0.005, 0.01], [0.005, 0.02, 0.005], [0.01, 0.005, 0.02]]",,,,,6.711666666666667,0.36681400304748213,0.9983333333333333,0.12333333333333334,7.466666666666667,0.0018081525552666262,0.005323293971988547,0.17606837606837608,0.011965811965811967,0.0,0.0,2.1113013698630136,4.0,0.0017094017094017094,0.1658119658119658,6.8307692307692305,0.1524533927298968,0.6802482144947898,0.004582585170820465,3.3904761904761904,0.8095438407134888,0.0564102564102564,0.1675213675213675,0.1883333333333333,1.0213037499925122,29,True,1628.0
3,sparse_sbm,sparse_sbm_10,10,46,1329910783,4036421778,"[12, 14, 16, 38, 50, 65, 86, 251, 295, 308, 386, 450, 503, 529, 551]","[202, 196, 272, 541, 218, 356, 443, 484, 517, 284, 469, 51, 597, 461, 347]",600,15,0.8,,3,200,"[[0.02, 0.005, 0.01], [0.005, 0.02, 0.005], [0.01, 0.005, 0.02]]",,,,,6.711666666666667,0.36681400304748213,0.9983333333333333,0.12333333333333334,6.933333333333334,0.0016871514642009934,0.004360143582015804,0.1675213675213675,0.010256410256410256,0.0,0.0,2.113013698630137,4.0,0.0017094017094017094,0.14358974358974358,6.432478632478633,0.14411017461864062,0.6944444444444444,0.004400163328734758,3.5904761904761906,0.7747179315037063,0.0478632478632478,0.2632478632478632,0.2816666666666667,1.0503325420431793,30,False,1740.0
3,sparse_sbm,sparse_sbm_10,10,47,1329910783,4008831601,"[27, 59, 98, 151, 226, 236, 285, 351, 357, 394, 427, 491, 521, 538, 598]","[25, 585, 114, 452, 330, 322, 234, 458, 373, 81, 547, 442, 415, 80, 432]",600,15,0.8,,3,200,"[[0.02, 0.005, 0.01], [0.005, 0.02, 0.005], [0.01, 0.005, 0.02]]",,,,,6.711666666666667,0.36681400304748213,0.9983333333333333,0.12333333333333334,6.933333333333334,0.0017011167674975494,0.003920644949725662,0.1623931623931624,0.015384615384615385,0.0,0.0,2.13527397260274,4.0,0.0017094017094017094,0.13504273504273503,6.264957264957265,0.1441162049911366,0.702692893103852,0.00654468060483098,3.6285714285714286,0.7997056788253663,0.0495726495726495,0.1316239316239316,0.1533333333333333,0.9342494999291376,26,True,1578.0
3,sparse_sbm,sparse_sbm_10,10,48,1329910783,1247233797,"[11, 15, 152, 153, 158, 241, 250, 316, 387, 388, 406, 431, 464, 496, 507]","[239, 224, 596, 40, 137, 325, 514, 174, 31, 491, 198, 211, 187, 0, 525]",600,15,0.8,,3,200,"[[0.02, 0.005, 0.01], [0.005, 0.02, 0.005], [0.01, 0.005, 0.02]]",,,,,6.711666666666667,0.36681400304748213,0.9983333333333333,0.12333333333333334,6.266666666666667,0.0015770554142263181,0.0034820403473919503,0.14871794871794872,0.011965811965811967,0.0,0.0,2.2157534246575343,4.0,0.0017094017094017094,0.1111111111111111,5.538461538461538,0.1317128539044292,0.7257405456035593,0.004575173503744932,3.8,0.7444187606366313,0.041025641025641,0.1247863247863247,0.1466666666666666,1.0244239589665085,30,False,1574.0
3,sparse_sbm,sparse_sbm_10,10,49,1329910783,3436102414,"[13, 36, 63, 85, 130, 235, 273, 274, 343, 373, 392, 454, 498, 539, 560]","[207, 64, 254, 515, 433, 404, 412, 67, 563, 299, 353, 394, 154, 577, 203]",600,15,0.8,,3,200,"[[0.02, 0.005, 0.01], [0.005, 0.02, 0.005], [0.01, 0.005, 0.02]]",,,,,6.711666666666667,0.36681400304748213,0.9983333333333333,0.12333333333333334,6.8,0.001683680366322909,0.004023622319223891,0.15384615384615385,0.010256410256410256,0.0,0.0,2.183219178082192,4.0,0.0017094017094017094,0.12307692307692308,6.018803418803419,0.13600286481277177,0.7169886430160403,0.003913216413216413,3.6,0.8095438407134887,0.0478632478632478,0.1384615384615384,0.16,1.0749838330084458,30,False,1600.0
3,sparse_sbm,sparse_sbm_11,11,0,1006012814,168845639,"[86, 112, 134, 261, 338, 374, 382, 389, 400, 463, 506, 520, 522, 571, 582]","[165, 362, 238, 126, 174, 206, 239, 201, 574, 7, 562, 249, 509, 210, 178]",600,15,0.8,,3,200,"[[0.02, 0.005, 0.01], [0.005, 0.02, 0.005], [0.01, 0.005, 0.02]]",,,,,6.515000000000001,0.3870804963528057,1.0,0.15666666666666668,6.933333333333334,0.001761798186032423,0.005148010598612443,0.1606837606837607,0.013675213675213675,0.0,0.0,2.141880341880342,4.0,0.0,0.12478632478632479,6.063247863247863,0.14138924139250722,0.7056550755180893,0.0058018607598439515,3.4285714285714284,0.6838106634665705,0.0649572649572649,1.0,1.0,0.7544733750401065,22,True,3096.0
3,sparse_sbm,sparse_sbm_11,11,1,1006012814,3135756233,"[18, 20, 60, 69, 112, 175, 256, 271, 290, 347, 439, 487, 520, 545, 584]","[416, 359, 171, 214, 362, 397, 114, 582, 592, 317, 316, 0, 249, 21, 68]",600,15,0.8,,3,200,"[[0.02, 0.005, 0.01], [0.005, 0.02, 0.005], [0.01, 0.005, 0.02]]",,,,,6.515000000000001,0.3870804963528057,1.0,0.15666666666666668,6.4,0.0016779361944264752,0.0050507067230525764,0.14017094017094017,0.013675213675213675,0.0,0.0,2.2153846153846155,4.0,0.0,0.1111111111111111,5.557264957264957,0.126666485524866,0.7401533778246107,0.00598132861290756,3.704761904761905,0.6743635432511756,0.0564102564102564,0.9965811965811966,0.9966666666666668,1.0624137088889256,30,False,3096.0
3,sparse_sbm,sparse_sbm_11,11,2,1006012814,362830931,"[9, 41, 51, 128, 179, 198, 208, 297, 333, 362, 416, 477, 517, 547, 567]","[488, 343, 40, 596, 155, 406, 504, 67, 217, 344, 428, 228, 198, 2, 591]",600,15,0.8,,3,200,"[[0.02, 0.005, 0.01], [0.005, 0.02, 0.005], [0.01, 0.005, 0.02]]",,,,,6.515000000000001,0.3870804963528057,1.0,0.15666666666666668,7.133333333333334,0.0017910061551657365,0.005053904265073627,0.17094017094017094,0.008547008547008548,0.0,0.0,2.0974358974358975,4.0,0.0,0.15555555555555556,6.437606837606838,0.14636490658969864,0.6888479100807868,0.004051398337112623,3.4761904761904763,0.7369000686224506,0.0495726495726495,0.1196581196581196,0.1416666666666666,1.127702874946408,30,False,1550.0
3,sparse_sbm,sparse_sbm_11,11,3,1006012814,668566794,"[4, 39, 48, 66, 105, 195, 225, 267, 304, 338, 440, 446, 500, 514, 537]","[289, 179, 99, 581, 470, 98, 82, 356, 32, 174, 325, 48, 363, 66, 152]",600,15,0.8,,3,200,"[[0.02, 0.005, 0.01], [0.005, 0.02, 0.005], [0.01, 0.005, 0.02]]",,,,,6.515000000000001,0.3870804963528057,1.0,0.15666666666666668,6.266666666666667,0.0015915326665677648,0.0034082165615548794,0.15213675213675212,0.005128205128205128,0.0,0.0,2.1435897435897435,4.0,0.0,0.11965811965811966,6.01025641025641,0.13230308067330562,0.7200386371619248,0.002069160997732426,3.6285714285714286,0.8595508135658704,0.0307692307692307,0.1487179487179487,0.17,1.0576437499839813,30,False,1552.0
3,sparse_sbm,sparse_sbm_11,11,4,1006012814,624173716,"[0, 86, 169, 227, 271, 307, 359, 389, 416, 473, 493, 534, 558, 582, 591]","[231, 165, 43, 458, 582, 88, 208, 201, 428, 275, 247, 74, 417, 178, 164]",600,15,0.8,,3,200,"[[0.02, 0.005, 0.01], [0.005, 0.02, 0.005], [0.01, 0.005, 0.02]]",,,,,6.515000000000001,0.3870804963528057,1.0,0.15666666666666668,6.466666666666667,0.0016681508660012763,0.004784805052713375,0.15384615384615385,0.011965811965811967,0.0,0.0,2.1880341880341883,4.0,0.0,0.12991452991452992,5.858119658119658,0.1364124070513901,0.7170003512469266,0.0050281068138211,3.6095238095238096,0.8450033852523755,0.0564102564102564,0.2034188034188034,0.2233333333333333,1.0597194579895586,30,False,1634.0
3,sparse_sbm,sparse_sbm_11,11,5,1006012814,2046366087,"[11, 55, 77, 123, 134, 323, 370, 434, 463, 465, 502, 570, 578, 581, 598]","[270, 299, 547, 440, 238, 319, 447, 200, 7, 452, 415, 578, 426, 118, 13]",600,15,0.8,,3,200,"[[0.02, 0.005, 0.01], [0.005, 0.02, 0.005], [0.01, 0.005, 0.02]]",,,,,6.515000000000001,0.3870804963528057,1.0,0.15666666666666668,6.0,0.001564550468929155,0.003546137673498639,0.1282051282051282,0.022222222222222223,0.0,0.0,2.3008547008547007,4.0,0.0,0.12136752136752137,5.507692307692308,0.12144228047741887,0.7605900948366702,0.010667933840202749,3.4761904761904763,0.6743635432511756,0.0615384615384615,0.2119658119658119,0.2316666666666666,1.051497417036444,30,False,1610.0
3,sparse_sbm,sparse_sbm_11,11,6,1006012814,2097562797,"[48, 55, 59, 128, 198, 280, 329, 344, 349, 374, 395, 398, 404, 485, 552]","[99, 299, 517, 596, 406, 390, 489, 291, 588, 206, 167, 566, 128, 260, 292]",600,15,0.8,,3,200,"[[0.02, 0.005, 0.01], [0.005, 0.02, 0.005], [0.01, 0.005, 0.02]]",,,,,6.515000000000001,0.3870804963528057,1.0,0.15666666666666668,5.6,0.0014634182974771588,0.0033026895545926046,0.13333333333333333,0.010256410256410256,0.0,0.0,2.2615384615384615,4.0,0.0,0.1076923076923077,5.482051282051282,0.1206591301132758,0.7518733169418101,0.004383394383394384,3.7523809523809524,0.7533720032541101,0.0512820512820512,0.1418803418803418,0.1633333333333333,1.017986917053349,30,False,1590.0
3,sparse_sbm,sparse_sbm_11,11,7,1006012814,29092369,"[12, 43, 45, 140, 194, 262, 282, 323, 325, 327, 352, 391, 418, 550, 551]","[280, 119, 57, 31, 425, 559, 151, 319, 188, 202, 175, 407, 297, 199, 254]",600,15,0.8,,3,200,"[[0.02, 0.005, 0.01], [0.005, 0.02, 0.005], [0.01, 0.005, 0.02]]",,,,,6.515000000000001,0.3870804963528057,1.0,0.15666666666666668,7.466666666666667,0.00188470938618297,0.006890191963255994,0.1794871794871795,0.008547008547008548,0.0,0.0,2.082051282051282,4.0,0.0,0.14188034188034188,6.4393162393162395,0.15103062631607203,0.6750848846739258,0.0032426390035085687,3.580952380952381,0.7773665517830001,0.0564102564102564,0.9948717948717948,0.995,1.0797147910343483,30,True,3096.0
3,sparse_sbm,sparse_sbm_11,11,8,1006012814,220030714,"[17, 41, 107, 151, 246, 252, 263, 268, 286, 312, 340, 355, 360, 507, 527]","[472, 343, 253, 476, 158, 196, 431, 456, 139, 246, 192, 107, 573, 268, 405]",600,15,0.8,,3,200,"[[0.02, 0.005, 0.01], [0.005, 0.02, 0.005], [0.01, 0.005, 0.02]]",,,,,6.515000000000001,0.3870804963528057,1.0,0.15666666666666668,7.4,0.0018352209932463253,0.004460479353613825,0.15897435897435896,0.015384615384615385,0.0017094017094017094,0.0,2.128205128205128,4.0,0.0,0.1794871794871795,6.7094017094017095,0.14202624176093978,0.7083421145064981,0.007421858982009358,3.3714285714285714,0.7679194315676052,0.0512820512820512,0.1487179487179487,0.17,1.073337749927305,30,False,1558.0
3,sparse_sbm,sparse_sbm_11,11,9,1006012814,3040002835,"[63, 70, 117, 120, 145, 184, 198, 277, 299, 309, 408, 459, 477, 498, 521]","[360, 389, 293, 598, 123, 256, 406, 288, 450, 265, 347, 266, 228, 545, 539]",600,15,0.8,,3,200,"[[0.02, 0.005, 0.01], [0.005, 0.02, 0.005], [0.01, 0.005, 0.02]]",,,,,6.515000000000001,0.3870804963528057,1.0,0.15666666666666668,6.133333333333334,0.0015847568418502099,0.003035727209668592,0.14871794871794872,0.008547008547008548,0.0,0.0,2.164102564102564,4.0,0.0,0.10256410256410256,5.702564102564103,0.13118277786525198,0.7257346914881161,0.004421768707482993,3.704761904761905,0.7679194315676052,0.0598290598290598,0.9965811965811966,0.9966666666666668,0.9743942499626428,30,False,3096.0
3,sparse_sbm,sparse_sbm_11,11,10,1006012814,3253895258,"[0, 18, 27, 41, 51, 69, 117, 122, 123, 156, 190, 245, 433, 467, 597]","[231, 416, 111, 343, 40, 214, 293, 63, 440, 484, 308, 370, 248, 435, 546]",600,15,0.8,,3,200,"[[0.02, 0.005, 0.01], [0.005, 0.02, 0.005], [0.01, 0.005, 0.02]]",,,,,6.515000000000001,0.3870804963528057,1.0,0.15666666666666668,6.066666666666666,0.0015760601241653013,0.003714624596522183,0.12991452991452992,0.008547008547008548,0.0,0.0,2.2547008547008547,4.0,0.0,0.12307692307692308,5.545299145299145,0.11785381155733972,0.7577918276548413,0.004489795918367346,3.5619047619047617,0.7679194315676053,0.0615384615384615,0.9948717948717948,0.995,1.1103144160006195,30,False,3096.0
3,sparse_sbm,sparse_sbm_11,11,11,1006012814,2313921181,"[28, 77, 138, 185, 212, 216, 236, 293, 347, 403, 518, 526, 548, 557, 594]","[250, 547, 461, 33, 294, 477, 125, 335, 317, 166, 110, 143, 47, 446, 341]",600,15,0.8,,3,200,"[[0.02, 0.005, 0.01], [0.005, 0.02, 0.005], [0.01, 0.005, 0.02]]",,,,,6.515000000000001,0.3870804963528057,1.0,0.15666666666666668,6.2,0.0016075296371273373,0.004320022513322274,0.15384615384615385,0.0017094017094017094,0.0,0.0,2.186324786324786,4.0,0.0,0.11282051282051282,5.705982905982906,0.13103606274025273,0.717351598173516,0.0008658008658008658,3.7904761904761903,0.8159085286253851,0.0495726495726495,0.1418803418803418,0.1633333333333333,1.1138419170165434,30,False,1578.0
3,sparse_sbm,sparse_sbm_11,11,12,1006012814,1025032784,"[12, 21, 35, 190, 247, 255, 331, 335, 356, 376, 464, 496, 517, 547, 597]","[280, 499, 394, 308, 236, 267, 95, 548, 225, 385, 386, 71, 198, 2, 546]",600,15,0.8,,3,200,"[[0.02, 0.005, 0.01], [0.005, 0.02, 0.005], [0.01, 0.005, 0.02]]",,,,,6.515000000000001,0.3870804963528057,1.0,0.15666666666666668,7.2,0.0018193861685737568,0.005062994804139507,0.1641025641025641,0.013675213675213675,0.0,0.0,2.128205128205128,4.0,0.0,0.12136752136752137,6.2786324786324785,0.14493031320596436,0.6998595012293642,0.005030928250742492,3.4857142857142858,0.7919139800964952,0.0564102564102564,0.9965811965811966,0.9966666666666668,1.0652577080763876,30,False,3096.0
3,sparse_sbm,sparse_sbm_11,11,13,1006012814,3563271117,"[29, 32, 40, 67, 119, 125, 132, 208, 219, 308, 316, 323, 465, 500, 516]","[567, 242, 544, 422, 161, 127, 207, 504, 575, 45, 304, 319, 452, 363, 100]",600,15,0.8,,3,200,"[[0.02, 0.005, 0.01], [0.005, 0.02, 0.005], [0.01, 0.005, 0.02]]",,,,,6.515000000000001,0.3870804963528057,1.0,0.15666666666666668,6.533333333333333,0.001672985889098348,0.0036935940849014,0.15384615384615385,0.013675213675213675,0.0,0.0,2.1606837606837606,4.0,0.0,0.13675213675213677,6.017094017094017,0.1372132463738614,0.7169944971314834,0.005546141533536491,3.580952380952381,0.8064614084099904,0.041025641025641,0.1487179487179487,0.17,0.9908556250156836,28,True,1596.0
3,sparse_sbm,sparse_sbm_11,11,14,1006012814,1878094543,"[36, 55, 60, 73, 117, 167, 196, 256, 316, 369, 376, 418, 540, 562, 586]","[365, 299, 171, 503, 293, 387, 251, 114, 304, 41, 385, 297, 35, 350, 157]",600,15,0.8,,3,200,"[[0.02, 0.005, 0.01], [0.005, 0.02, 0.005], [0.01, 0.005, 0.02]]",,,,,6.515000000000001,0.3870804963528057,1.0,0.15666666666666668,6.333333333333333,0.00162908283376964,0.0032764939426926367,0.15384615384615385,0.008547008547008548,0.0,0.0,2.1777777777777776,4.0,0.0,0.12478632478632479,5.736752136752137,0.13388961974703628,0.7171993911719939,0.0037484737484737487,3.723809523809524,0.9220873389371456,0.041025641025641,0.2222222222222222,0.2416666666666666,1.0028977079782635,30,False,1618.0
3,sparse_sbm,sparse_sbm_11,11,15,1006012814,3552982098,"[46, 140, 188, 222, 296, 303, 311, 321, 381, 382, 385, 493, 553, 561, 589]","[449, 31, 571, 183, 373, 279, 46, 227, 26, 239, 70, 247, 295, 532, 487]",600,15,0.8,,3,200,"[[0.02, 0.005, 0.01], [0.005, 0.02, 0.005], [0.01, 0.005, 0.02]]",,,,,6.515000000000001,0.3870804963528057,1.0,0.15666666666666668,5.266666666666667,0.0013889301572933665,0.0028184705808402518,0.12478632478632479,0.010256410256410256,0.0,0.0,2.299145299145299,4.0,0.0,0.0905982905982906,5.177777777777778,0.11461475661146033,0.766643250204894,0.005137085137085137,3.7333333333333334,0.7679194315676052,0.0358974358974358,0.0752136752136752,0.0983333333333333,0.6300833750283346,18,True,1512.0
3,sparse_sbm,sparse_sbm_11,11,16,1006012814,4558693,"[30, 41, 42, 83, 151, 155, 275, 286, 338, 404, 412, 499, 528, 534, 539]","[284, 343, 60, 132, 476, 169, 579, 139, 174, 128, 194, 423, 162, 74, 28]",600,15,0.8,,3,200,"[[0.02, 0.005, 0.01], [0.005, 0.02, 0.005], [0.01, 0.005, 0.02]]",,,,,6.515000000000001,0.3870804963528057,1.0,0.15666666666666668,7.066666666666666,0.0017855848140245158,0.004455960275139943,0.1658119658119658,0.013675213675213675,0.0017094017094017094,0.0,2.1435897435897435,4.0,0.0,0.13846153846153847,6.08034188034188,0.14507431556295605,0.6971490457791828,0.007401045888440846,3.5619047619047617,0.7679194315676053,0.0615384615384615,0.9965811965811966,0.9966666666666668,0.976984875043854,30,False,3096.0
3,sparse_sbm,sparse_sbm_11,11,17,1006012814,1156297983,"[46, 87, 94, 111, 112, 119, 140, 160, 180, 238, 251, 377, 481, 517, 533]","[449, 224, 97, 17, 362, 161, 31, 212, 129, 8, 122, 137, 150, 198, 378]",600,15,0.8,,3,200,"[[0.02, 0.005, 0.01], [0.005, 0.02, 0.005], [0.01, 0.005, 0.02]]",,,,,6.515000000000001,0.3870804963528057,1.0,0.15666666666666668,6.2,0.0016113858871621412,0.0026691486259280634,0.14017094017094017,0.011965811965811967,0.0,0.0,2.2564102564102564,4.0,0.0,0.09914529914529914,5.382905982905983,0.12567601965878736,0.7402528977871443,0.005625388256967205,3.761904761904762,0.6838106634665705,0.0376068376068376,0.1572649572649572,0.1783333333333333,0.9883260420756416,30,False,1592.0
3,sparse_sbm,sparse_sbm_11,11,18,1006012814,3271917872,"[105, 114, 123, 126, 143, 196, 218, 241, 247, 264, 297, 325, 394, 526, 536]","[470, 328, 440, 381, 310, 251, 58, 508, 236, 393, 67, 188, 233, 143, 96]",600,15,0.8,,3,200,"[[0.02, 0.005, 0.01], [0.005, 0.02, 0.005], [0.01, 0.005, 0.02]]",,,,,6.515000000000001,0.3870804963528057,1.0,0.15666666666666668,4.8,0.0013043212491037092,0.0024877335604806343,0.11794871794871795,0.005128205128205128,0.0,0.0,2.2957264957264956,4.0,0.0,0.0735042735042735,4.71965811965812,0.10701440301831537,0.7786441868633649,0.0030687830687830685,3.961904761904762,0.8595508135658704,0.0307692307692307,0.0717948717948717,0.095,0.9827708750963212,30,False,1514.0
3,sparse_sbm,sparse_sbm_11,11,19,1006012814,2795909072,"[13, 21, 91, 99, 153, 227, 243, 268, 282, 329, 333, 406, 416, 530, 569]","[62, 499, 379, 234, 444, 458, 439, 456, 151, 489, 217, 213, 428, 523, 30]",600,15,0.8,,3,200,"[[0.02, 0.005, 0.01], [0.005, 0.02, 0.005], [0.01, 0.005, 0.02]]",,,,,6.515000000000001,0.3870804963528057,1.0,0.15666666666666668,7.066666666666666,0.0017790682245652219,0.005791132767176977,0.1675213675213675,0.013675213675213675,0.0,0.0,2.1042735042735043,4.0,0.0,0.15213675213675212,6.3931623931623935,0.1467397176578027,0.6942805292120361,0.005123128873681726,3.4571428571428573,0.8689979337812651,0.0444444444444444,0.1247863247863247,0.1466666666666666,0.9888249579817056,30,False,1564.0
3,sparse_sbm,sparse_sbm_11,11,20,1006012814,344021108,"[25, 66, 72, 88, 105, 127, 131, 237, 242, 255, 286, 297, 376, 463, 584]","[569, 581, 205, 276, 470, 204, 220, 564, 400, 267, 139, 67, 385, 7, 68]",600,15,0.8,,3,200,"[[0.02, 0.005, 0.01], [0.005, 0.02, 0.005], [0.01, 0.005, 0.02]]",,,,,6.515000000000001,0.3870804963528057,1.0,0.15666666666666668,7.2,0.0018471555341101733,0.005232149906022064,0.16923076923076924,0.011965811965811967,0.0,0.0,2.141880341880342,4.0,0.0,0.13846153846153847,5.988034188034188,0.14574909185821494,0.6917164266479335,0.005220850577993434,3.6476190476190475,0.7679194315676053,0.0615384615384615,0.358974358974359,0.375,0.978562833974138,30,False,1772.0
3,sparse_sbm,sparse_sbm_11,11,21,1006012814,1540916040,"[35, 89, 97, 120, 173, 224, 319, 355, 393, 479, 545, 551, 559, 562, 563]","[394, 513, 187, 598, 273, 349, 269, 107, 59, 490, 21, 254, 334, 350, 312]",600,15,0.8,,3,200,"[[0.02, 0.005, 0.01], [0.005, 0.02, 0.005], [0.01, 0.005, 0.02]]",,,,,6.515000000000001,0.3870804963528057,1.0,0.15666666666666668,7.066666666666666,0.001784077006479521,0.006285663593563297,0.1675213675213675,0.011965811965811967,0.0017094017094017094,0.0,2.124786324786325,4.0,0.0,0.13846153846153847,6.323076923076923,0.14589069011234138,0.694350778597354,0.00561880307678627,3.4285714285714284,0.8159085286253851,0.0564102564102564,0.3418803418803419,0.3583333333333333,1.0674243330722677,30,False,1728.0
3,sparse_sbm,sparse_sbm_11,11,22,1006012814,1967470344,"[11, 44, 92, 106, 174, 217, 248, 266, 268, 309, 316, 334, 365, 468, 548]","[270, 366, 518, 541, 50, 542, 551, 15, 456, 265, 304, 235, 505, 438, 47]",600,15,0.8,,3,200,"[[0.02, 0.005, 0.01], [0.005, 0.02, 0.005], [0.01, 0.005, 0.02]]",,,,,6.515000000000001,0.3870804963528057,1.0,0.15666666666666668,6.066666666666666,0.0015955769085519965,0.0032592843965486935,0.14188034188034188,0.013675213675213675,0.0,0.0,2.217094017094017,4.0,0.0,0.10085470085470086,5.4393162393162395,0.12872868375136942,0.7371911954103735,0.0058487583067415,3.7714285714285714,0.6983580917800656,0.0547008547008547,0.1367521367521367,0.1583333333333333,1.0095783340511844,30,False,1556.0
3,sparse_sbm,sparse_sbm_11,11,23,1006012814,1750798375,"[45, 47, 74, 77, 126, 136, 158, 286, 294, 297, 342, 363, 378, 525, 553]","[57, 433, 218, 547, 381, 146, 369, 139, 281, 67, 109, 512, 141, 330, 295]",600,15,0.8,,3,200,"[[0.02, 0.005, 0.01], [0.005, 0.02, 0.005], [0.01, 0.005, 0.02]]",,,,,6.515000000000001,0.3870804963528057,1.0,0.15666666666666668,6.533333333333333,0.001678954979572642,0.00314549509217798,0.15897435897435896,0.005128205128205128,0.0,0.0,2.169230769230769,4.0,0.0,0.10598290598290598,5.664957264957265,0.13562254605292012,0.7087519025875191,0.0020024420024420024,3.742857142857143,0.8064614084099904,0.0341880341880341,0.0837606837606837,0.1066666666666666,0.999455999932252,30,False,1530.0
3,sparse_sbm,sparse_sbm_11,11,24,1006012814,4052833385,"[108, 145, 206, 285, 301, 311, 360, 384, 412, 448, 474, 499, 501, 546, 587]","[229, 123, 185, 531, 510, 46, 573, 482, 194, 75, 44, 423, 336, 323, 117]",600,15,0.8,,3,200,"[[0.02, 0.005, 0.01], [0.005, 0.02, 0.005], [0.01, 0.005, 0.02]]",,,,,6.515000000000001,0.3870804963528057,1.0,0.15666666666666668,7.4,0.0018826964417643338,0.006279996196750052,0.17094017094017094,0.015384615384615385,0.0,0.0,2.123076923076923,4.0,0.0,0.12991452991452992,5.986324786324786,0.1496797206661764,0.6886781407329352,0.006234281591424449,3.419047619047619,0.7148300264117251,0.0495726495726495,0.2034188034188034,0.2233333333333333,0.9826743330340832,30,False,1628.0
3,sparse_sbm,sparse_sbm_11,11,25,1006012814,3549756829,"[28, 95, 121, 145, 152, 156, 262, 327, 372, 373, 406, 426, 516, 529, 551]","[250, 190, 403, 123, 85, 484, 559, 202, 560, 259, 213, 186, 100, 272, 254]",600,15,0.8,,3,200,"[[0.02, 0.005, 0.01], [0.005, 0.02, 0.005], [0.01, 0.005, 0.02]]",,,,,6.515000000000001,0.3870804963528057,1.0,0.15666666666666668,7.333333333333333,0.0018525956883043873,0.007593680536211109,0.1811965811965812,0.006837606837606838,0.0,0.0,2.0803418803418805,4.0,0.0,0.13846153846153847,6.432478632478633,0.15223554079658908,0.6722280763376653,0.002898961516973939,3.533333333333333,0.7533720032541101,0.0512820512820512,0.7965811965811965,0.8016666666666666,0.99661362497136,30,False,2464.0
3,sparse_sbm,sparse_sbm_11,11,26,1006012814,721053807,"[57, 88, 94, 188, 192, 229, 300, 342, 347, 385, 423, 449, 489, 515, 599]","[327, 276, 97, 571, 303, 454, 570, 109, 317, 70, 176, 474, 318, 460, 286]",600,15,0.8,,3,200,"[[0.02, 0.005, 0.01], [0.005, 0.02, 0.005], [0.01, 0.005, 0.02]]",,,,,6.515000000000001,0.3870804963528057,1.0,0.15666666666666668,6.533333333333333,0.001697173552670655,0.004182480487255374,0.1606837606837607,0.006837606837606838,0.0,0.0,2.157264957264957,4.0,0.0,0.08717948717948718,5.538461538461538,0.13695811373811878,0.7059009483667018,0.002926746456158221,3.8095238095238093,0.8835453620947604,0.0512820512820512,0.1145299145299145,0.1366666666666666,0.8883398330071941,27,True,1526.0
3,sparse_sbm,sparse_sbm_11,11,27,1006012814,3503163112,"[48, 89, 130, 213, 225, 271, 319, 373, 381, 427, 468, 500, 521, 523, 599]","[99, 513, 382, 594, 82, 582, 269, 259, 26, 398, 438, 363, 539, 78, 286]",600,15,0.8,,3,200,"[[0.02, 0.005, 0.01], [0.005, 0.02, 0.005], [0.01, 0.005, 0.02]]",,,,,6.515000000000001,0.3870804963528057,1.0,0.15666666666666668,5.933333333333334,0.0015462942557795208,0.005270158667680507,0.14188034188034188,0.006837606837606838,0.0,0.0,2.230769230769231,4.0,0.0,0.11282051282051282,5.572649572649572,0.12436589549646689,0.7374897552979744,0.004144831776410724,3.6476190476190475,0.8159085286253851,0.0444444444444444,0.1641025641025641,0.185,0.9961430409457536,30,False,1570.0
3,sparse_sbm,sparse_sbm_11,11,28,1006012814,1540897554,"[4, 15, 72, 163, 284, 303, 307, 345, 348, 378, 390, 430, 457, 493, 556]","[289, 313, 205, 170, 219, 279, 88, 10, 410, 141, 203, 4, 16, 247, 565]",600,15,0.8,,3,200,"[[0.02, 0.005, 0.01], [0.005, 0.02, 0.005], [0.01, 0.005, 0.02]]",,,,,6.515000000000001,0.3870804963528057,1.0,0.15666666666666668,6.533333333333333,0.0016691827544120404,0.0038700165262161926,0.15213675213675212,0.011965811965811967,0.0,0.0,2.2,4.0,0.0,0.12307692307692308,5.852991452991453,0.13501494286080323,0.7199566795457206,0.005192505906791621,3.4857142857142858,0.7369000686224507,0.0529914529914529,0.1606837606837607,0.1816666666666666,0.9713884169468656,29,True,1624.0
3,sparse_sbm,sparse_sbm_11,11,29,1006012814,2646303639,"[4, 17, 102, 120, 138, 182, 204, 218, 282, 287, 341, 417, 435, 505, 543]","[289, 472, 351, 598, 461, 290, 131, 58, 151, 65, 215, 83, 597, 550, 364]",600,15,0.8,,3,200,"[[0.02, 0.005, 0.01], [0.005, 0.02, 0.005], [0.01, 0.005, 0.02]]",,,,,6.515000000000001,0.3870804963528057,1.0,0.15666666666666668,8.0,0.002002341560887411,0.007035060660046411,0.19145299145299147,0.010256410256410256,0.0,0.0,2.0683760683760686,4.0,0.0,0.17264957264957265,6.555555555555555,0.1606353900297057,0.655649221402646,0.0035533372143279262,3.447619047619048,0.8450033852523753,0.0547008547008547,0.9914529914529916,0.9916666666666668,0.992099167080596,30,False,3082.0
3,sparse_sbm,sparse_sbm_11,11,30,1006012814,572481273,"[37, 60, 178, 206, 253, 302, 328, 337, 366, 395, 453, 524, 555, 585, 590]","[576, 171, 51, 185, 53, 355, 193, 5, 195, 167, 116, 442, 420, 135, 1]",600,15,0.8,,3,200,"[[0.02, 0.005, 0.01], [0.005, 0.02, 0.005], [0.01, 0.005, 0.02]]",,,,,6.515000000000001,0.3870804963528057,1.0,0.15666666666666668,5.533333333333333,0.0014589375405939453,0.0034472580289473627,0.13333333333333333,0.006837606837606838,0.0017094017094017094,0.0,2.2803418803418802,4.0,0.0,0.08034188034188035,5.001709401709402,0.1180094465917325,0.7521250439058659,0.006194017622589052,3.8380952380952382,0.7053829061963304,0.0444444444444444,0.1487179487179487,0.17,1.0050852090353146,30,True,1594.0
3,sparse_sbm,sparse_sbm_11,11,31,1006012814,3456319615,"[16, 29, 32, 33, 48, 291, 314, 340, 399, 406, 469, 471, 491, 540, 573]","[14, 567, 242, 354, 99, 120, 309, 192, 534, 213, 20, 144, 104, 35, 320]",600,15,0.8,,3,200,"[[0.02, 0.005, 0.01], [0.005, 0.02, 0.005], [0.01, 0.005, 0.02]]",,,,,6.515000000000001,0.3870804963528057,1.0,0.15666666666666668,6.8,0.0017246266695103664,0.004761156413046376,0.15384615384615385,0.008547008547008548,0.0017094017094017094,0.0,2.1606837606837606,4.0,0.0,0.1282051282051282,6.08034188034188,0.13411258520930025,0.7171701205947781,0.007815914244485673,3.5428571428571427,0.8450033852523753,0.0495726495726495,0.2153846153846154,0.235,0.9832960000494496,30,False,1628.0
3,sparse_sbm,sparse_sbm_11,11,32,1006012814,1001609873,"[28, 43, 140, 161, 203, 227, 271, 303, 316, 406, 424, 502, 512, 516, 540]","[250, 119, 31, 540, 300, 458, 582, 279, 304, 213, 558, 415, 105, 100, 35]",600,15,0.8,,3,200,"[[0.02, 0.005, 0.01], [0.005, 0.02, 0.005], [0.01, 0.005, 0.02]]",,,,,6.515000000000001,0.3870804963528057,1.0,0.15666666666666668,7.733333333333333,0.0019345257894552127,0.006051117334887962,0.1829059829059829,0.008547008547008548,0.0,0.0,2.078632478632479,4.0,0.0,0.15726495726495726,6.611965811965812,0.1549120903377032,0.6693244350778598,0.0032670846116224267,3.4285714285714284,0.7148300264117251,0.0358974358974358,0.1299145299145299,0.1516666666666666,0.8062186249298975,24,True,1592.0
3,sparse_sbm,sparse_sbm_11,11,33,1006012814,3018226010,"[45, 66, 90, 91, 200, 212, 297, 308, 394, 400, 433, 452, 509, 536, 592]","[57, 581, 384, 379, 395, 294, 67, 45, 233, 574, 248, 357, 445, 96, 298]",600,15,0.8,,3,200,"[[0.02, 0.005, 0.01], [0.005, 0.02, 0.005], [0.01, 0.005, 0.02]]",,,,,6.515000000000001,0.3870804963528057,1.0,0.15666666666666668,6.0,0.0015704556594710037,0.003920515843034449,0.14871794871794872,0.005128205128205128,0.0,0.0,2.1846153846153844,4.0,0.0,0.08034188034188035,5.3538461538461535,0.12993233841072843,0.7257639620653319,0.002197802197802198,3.9047619047619047,0.7439248830387154,0.0461538461538461,0.0854700854700854,0.1083333333333333,0.9746283339336514,30,False,1524.0
3,sparse_sbm,sparse_sbm_11,11,34,1006012814,3854439447,"[20, 27, 40, 49, 179, 195, 197, 243, 247, 265, 393, 434, 553, 576, 587]","[359, 111, 544, 352, 155, 98, 262, 439, 236, 93, 59, 200, 295, 37, 117]",600,15,0.8,,3,200,"[[0.02, 0.005, 0.01], [0.005, 0.02, 0.005], [0.01, 0.005, 0.02]]",,,,,6.515000000000001,0.3870804963528057,1.0,0.15666666666666668,5.866666666666666,0.0015494249378389577,0.002607741452431807,0.13846153846153847,0.005128205128205128,0.0,0.0,2.2512820512820513,4.0,0.0,0.09914529914529914,5.423931623931624,0.12300982590692501,0.743121414354291,0.0028763828763828762,3.6,0.8159085286253851,0.0632478632478632,0.6854700854700855,0.6933333333333334,0.9848278330173345,30,False,2162.0
3,sparse_sbm,sparse_sbm_11,11,35,1006012814,1524899701,"[86, 99, 107, 108, 214, 220, 242, 312, 390, 414, 420, 473, 511, 553, 577]","[165, 234, 253, 229, 467, 451, 400, 246, 203, 590, 367, 275, 159, 295, 375]",600,15,0.8,,3,200,"[[0.02, 0.005, 0.01], [0.005, 0.02, 0.005], [0.01, 0.005, 0.02]]",,,,,6.515000000000001,0.3870804963528057,1.0,0.15666666666666668,7.0,0.001765132151102767,0.00469563410917199,0.1658119658119658,0.010256410256410256,0.003418803418803419,0.0,2.1555555555555554,4.0,0.0,0.14871794871794872,6.2,0.14365702144348788,0.6972192951645007,0.006692459014440439,3.5428571428571427,0.7679194315676053,0.0495726495726495,0.2307692307692307,0.25,0.9974835000466556,30,False,1662.0
3,sparse_sbm,sparse_sbm_11,11,36,1006012814,2822203901,"[77, 88, 96, 125, 151, 169, 172, 188, 259, 279, 338, 343, 419, 517, 529]","[547, 276, 173, 127, 476, 43, 388, 571, 524, 81, 174, 413, 296, 198, 272]",600,15,0.8,,3,200,"[[0.02, 0.005, 0.01], [0.005, 0.02, 0.005], [0.01, 0.005, 0.02]]",,,,,6.515000000000001,0.3870804963528057,1.0,0.15666666666666668,6.466666666666667,0.0016374807254764465,0.004550270747697526,0.1452991452991453,0.017094017094017096,0.0,0.0,2.1846153846153844,4.0,0.0,0.13675213675213677,6.109401709401709,0.13262425840066475,0.7312961011591148,0.007450287807430665,3.4857142857142858,0.8064614084099904,0.0632478632478632,1.0,1.0,0.9978820830583572,30,False,3096.0
3,sparse_sbm,sparse_sbm_11,11,37,1006012814,3997156450,"[81, 102, 108, 142, 235, 323, 327, 335, 341, 343, 368, 435, 465, 540, 566]","[243, 351, 229, 108, 371, 319, 202, 548, 215, 413, 332, 597, 452, 35, 345]",600,15,0.8,,3,200,"[[0.02, 0.005, 0.01], [0.005, 0.02, 0.005], [0.01, 0.005, 0.02]]",,,,,6.515000000000001,0.3870804963528057,1.0,0.15666666666666668,7.333333333333333,0.0018499885907326534,0.005683125289340136,0.1623931623931624,0.010256410256410256,0.0017094017094017094,0.0,2.157264957264957,4.0,0.0,0.15213675213675212,6.273504273504273,0.1405203654795853,0.7029680365296803,0.0066304501598619245,3.380952380952381,0.7533720032541101,0.0461538461538461,0.1042735042735042,0.1266666666666666,1.007413125014864,30,False,1566.0
3,sparse_sbm,sparse_sbm_11,11,38,1006012814,4054285122,"[27, 58, 238, 291, 311, 384, 409, 465, 470, 493, 524, 533, 571, 580, 594]","[111, 479, 8, 120, 46, 482, 49, 452, 459, 247, 442, 378, 210, 486, 341]",600,15,0.8,,3,200,"[[0.02, 0.005, 0.01], [0.005, 0.02, 0.005], [0.01, 0.005, 0.02]]",,,,,6.515000000000001,0.3870804963528057,1.0,0.15666666666666668,5.933333333333334,0.0015357901382985315,0.002987151241775227,0.14188034188034188,0.006837606837606838,0.0,0.0,2.211965811965812,4.0,0.0,0.0905982905982906,5.413675213675214,0.12462977540084279,0.7374487764898724,0.0026033490319204607,3.8380952380952382,0.8304559569388802,0.041025641025641,0.1128205128205128,0.135,1.0050083749229088,30,False,1510.0
3,sparse_sbm,sparse_sbm_11,11,39,1006012814,3514866081,"[16, 30, 37, 40, 107, 129, 152, 264, 286, 299, 345, 409, 414, 502, 594]","[14, 284, 576, 544, 253, 599, 85, 393, 139, 450, 10, 49, 590, 415, 341]",600,15,0.8,,3,200,"[[0.02, 0.005, 0.01], [0.005, 0.02, 0.005], [0.01, 0.005, 0.02]]",,,,,6.515000000000001,0.3870804963528057,1.0,0.15666666666666668,6.133333333333334,0.0015746463546125015,0.00392178441622778,0.14358974358974358,0.013675213675213675,0.0,0.0,2.2034188034188036,4.0,0.0,0.12991452991452992,5.717948717948718,0.1287245653298827,0.7343987823439878,0.005105471092866051,3.6952380952380954,0.8304559569388802,0.0427350427350427,0.1538461538461538,0.175,1.0047684999881312,30,False,1594.0
3,sparse_sbm,sparse_sbm_11,11,40,1006012814,896229432,"[11, 15, 48, 54, 60, 152, 166, 176, 202, 216, 318, 326, 343, 507, 533]","[270, 313, 99, 538, 171, 85, 282, 418, 587, 477, 184, 12, 413, 268, 378]",600,15,0.8,,3,200,"[[0.02, 0.005, 0.01], [0.005, 0.02, 0.005], [0.01, 0.005, 0.02]]",,,,,6.515000000000001,0.3870804963528057,1.0,0.15666666666666668,5.2,0.001385890380793324,0.00285464909367635,0.13162393162393163,0.0017094017094017094,0.0,0.0,2.2427350427350428,4.0,0.0,0.07008547008547009,5.023931623931624,0.11579418728681094,0.7550228310502283,0.0005602240896358543,4.019047619047619,0.8064614084099904,0.0324786324786324,0.0666666666666666,0.09,1.0036039589904249,30,True,1506.0
3,sparse_sbm,sparse_sbm_11,11,41,1006012814,87997907,"[23, 145, 282, 315, 316, 323, 409, 424, 434, 499, 516, 537, 569, 579, 592]","[411, 123, 151, 483, 304, 319, 49, 558, 200, 423, 100, 152, 30, 396, 298]",600,15,0.8,,3,200,"[[0.02, 0.005, 0.01], [0.005, 0.02, 0.005], [0.01, 0.005, 0.02]]",,,,,6.515000000000001,0.3870804963528057,1.0,0.15666666666666668,6.666666666666667,0.0017214547696197439,0.004407901698433634,0.15384615384615385,0.013675213675213675,0.0,0.0,2.169230769230769,4.0,0.0,0.12307692307692308,5.796581196581196,0.13694327782642038,0.7170062053623697,0.005360684289255718,3.6476190476190475,0.7919139800964953,0.0598290598290598,0.1794871794871795,0.2,0.9973069579573348,30,False,1604.0
3,sparse_sbm,sparse_sbm_11,11,42,1006012814,3094084178,"[61, 91, 119, 139, 196, 277, 341, 405, 436, 448, 451, 471, 479, 492, 494]","[92, 379, 161, 468, 251, 288, 215, 91, 340, 75, 480, 144, 490, 257, 160]",600,15,0.8,,3,200,"[[0.02, 0.005, 0.01], [0.005, 0.02, 0.005], [0.01, 0.005, 0.02]]",,,,,6.515000000000001,0.3870804963528057,1.0,0.15666666666666668,7.266666666666667,0.0018320806920600471,0.00476211983873582,0.1606837606837607,0.011965811965811967,0.0,0.0,2.2,4.0,0.0,0.15897435897435896,6.321367521367521,0.14153256749226312,0.7055848261327713,0.0052659641945356234,3.3523809523809525,0.8595508135658704,0.0444444444444444,0.3521367521367521,0.3683333333333333,0.9926668329862878,30,False,1796.0
3,sparse_sbm,sparse_sbm_11,11,43,1006012814,1519595208,"[1, 6, 34, 122, 139, 155, 162, 176, 184, 225, 242, 287, 360, 447, 589]","[255, 429, 346, 63, 468, 169, 222, 418, 256, 82, 400, 65, 573, 537, 487]",600,15,0.8,,3,200,"[[0.02, 0.005, 0.01], [0.005, 0.02, 0.005], [0.01, 0.005, 0.02]]",,,,,6.515000000000001,0.3870804963528057,1.0,0.15666666666666668,7.466666666666667,0.0018516561614848634,0.005652748581366646,0.1829059829059829,0.008547008547008548,0.0,0.0,2.0803418803418805,4.0,0.0,0.16923076923076924,6.678632478632479,0.15443824830502195,0.6694005385786208,0.003211347271497647,3.4380952380952383,0.8304559569388802,0.0581196581196581,0.9965811965811966,0.9966666666666668,0.8176829169970006,25,True,3096.0
3,sparse_sbm,sparse_sbm_11,11,44,1006012814,1814115620,"[45, 75, 80, 145, 197, 199, 232, 242, 415, 441, 469, 472, 510, 523, 541]","[57, 412, 471, 123, 262, 197, 19, 400, 180, 86, 20, 244, 124, 78, 283]",600,15,0.8,,3,200,"[[0.02, 0.005, 0.01], [0.005, 0.02, 0.005], [0.01, 0.005, 0.02]]",,,,,6.515000000000001,0.3870804963528057,1.0,0.15666666666666668,6.333333333333333,0.0016405398195339558,0.005692478067936833,0.1452991452991453,0.017094017094017096,0.0,0.0,2.18974358974359,4.0,0.0,0.11623931623931624,5.5487179487179485,0.13087166470923203,0.7314717246224095,0.007191406477120763,3.6095238095238096,0.7679194315676052,0.0547008547008547,0.1863247863247863,0.2066666666666666,1.003911708947271,30,False,1580.0
3,sparse_sbm,sparse_sbm_11,11,45,1006012814,1264230910,"[49, 57, 88, 104, 126, 127, 150, 194, 199, 250, 346, 422, 451, 558, 568]","[352, 327, 276, 133, 381, 204, 392, 425, 197, 353, 337, 516, 480, 417, 554]",600,15,0.8,,3,200,"[[0.02, 0.005, 0.01], [0.005, 0.02, 0.005], [0.01, 0.005, 0.02]]",,,,,6.515000000000001,0.3870804963528057,1.0,0.15666666666666668,6.4,0.0016739050028822353,0.005453239692108028,0.15213675213675212,0.008547008547008548,0.0,0.0,2.2034188034188036,4.0,0.0,0.1094017094017094,5.588034188034188,0.1335070909924381,0.7200269289310385,0.003250686239408044,3.704761904761905,0.7533720032541101,0.0512820512820512,0.1452991452991453,0.1666666666666666,1.0211632499704135,30,False,1574.0
3,sparse_sbm,sparse_sbm_11,11,46,1006012814,738599104,"[5, 17, 21, 42, 170, 171, 197, 219, 228, 242, 289, 426, 446, 507, 540]","[216, 472, 499, 60, 549, 181, 262, 575, 443, 400, 465, 186, 48, 268, 35]",600,15,0.8,,3,200,"[[0.02, 0.005, 0.01], [0.005, 0.02, 0.005], [0.01, 0.005, 0.02]]",,,,,6.515000000000001,0.3870804963528057,1.0,0.15666666666666668,5.933333333333334,0.0015406058172464654,0.003290557186060099,0.13846153846153847,0.013675213675213675,0.0,0.0,2.2495726495726496,4.0,0.0,0.10427350427350428,5.495726495726496,0.12405648438720902,0.7432092260859384,0.008427656017218158,3.6666666666666665,0.8064614084099904,0.0478632478632478,0.1572649572649572,0.1783333333333333,1.0035863340599462,30,False,1572.0
3,sparse_sbm,sparse_sbm_11,11,47,1006012814,432238889,"[39, 91, 96, 130, 161, 190, 294, 356, 423, 439, 517, 573, 580, 582, 596]","[179, 379, 173, 382, 540, 308, 281, 225, 176, 316, 198, 320, 486, 178, 511]",600,15,0.8,,3,200,"[[0.02, 0.005, 0.01], [0.005, 0.02, 0.005], [0.01, 0.005, 0.02]]",,,,,6.515000000000001,0.3870804963528057,1.0,0.15666666666666668,5.866666666666666,0.0015323859279372657,0.003035069655249143,0.13675213675213677,0.010256410256410256,0.0,0.0,2.2717948717948717,4.0,0.0,0.08376068376068375,5.352136752136752,0.12394824875192108,0.745960660344222,0.004992784992784992,3.6476190476190475,0.7533720032541101,0.0547008547008547,0.1418803418803418,0.1633333333333333,0.9024182920111344,27,True,1562.0
3,sparse_sbm,sparse_sbm_11,11,48,1006012814,4192889773,"[30, 38, 42, 44, 85, 125, 136, 141, 267, 329, 342, 364, 390, 421, 454]","[284, 271, 60, 366, 226, 127, 146, 134, 356, 489, 109, 24, 203, 527, 80]",600,15,0.8,,3,200,"[[0.02, 0.005, 0.01], [0.005, 0.02, 0.005], [0.01, 0.005, 0.02]]",,,,,6.515000000000001,0.3870804963528057,1.0,0.15666666666666668,6.666666666666667,0.001688728808932697,0.003798454578657575,0.1452991452991453,0.010256410256410256,0.0017094017094017094,0.0,2.176068376068376,4.0,0.0,0.13504273504273503,6.1008547008547005,0.12888897910122743,0.7315068493150685,0.005910808767951625,3.4571428571428573,0.6735571683977463,0.0529914529914529,0.2068376068376068,0.2266666666666666,0.9916039580712096,30,True,1614.0
3,sparse_sbm,sparse_sbm_11,11,49,1006012814,2076609231,"[12, 34, 38, 107, 130, 195, 334, 361, 392, 398, 442, 475, 511, 552, 571]","[280, 346, 271, 253, 382, 98, 235, 535, 462, 566, 3, 577, 159, 292, 210]",600,15,0.8,,3,200,"[[0.02, 0.005, 0.01], [0.005, 0.02, 0.005], [0.01, 0.005, 0.02]]",,,,,6.515000000000001,0.3870804963528057,1.0,0.15666666666666668,6.4,0.0016290489803528346,0.004484987850058888,0.14017094017094017,0.013675213675213675,0.0,0.0,2.2051282051282053,4.0,0.0,0.13162393162393163,6.030769230769231,0.12584755475765563,0.7402763142489169,0.0070232280946566665,3.580952380952381,0.8064614084099903,0.0666666666666666,0.9948717948717948,0.995,0.9126687919488176,28,True,3096.0
3,sparse_sbm,sparse_sbm_12,12,0,1417263040,1602984750,"[9, 120, 149, 235, 248, 250, 394, 403, 415, 419, 513, 555, 556, 557, 599]","[193, 131, 304, 370, 321, 526, 170, 388, 362, 217, 569, 296, 75, 23, 351]",600,15,0.8,,3,200,"[[0.02, 0.005, 0.01], [0.005, 0.02, 0.005], [0.01, 0.005, 0.02]]",,,,,6.613333333333333,0.38677359615550216,0.9983333333333333,0.17,6.666666666666667,0.0016958778681961935,0.004453815275508481,0.15213675213675212,0.013675213675213675,0.0017094017094017094,0.0,2.2222222222222223,4.0,0.0,0.13333333333333333,5.87008547008547,0.1367457620602206,0.7197752019669827,0.007241607598750456,3.4857142857142858,0.8801148589303806,0.0735042735042735,0.9931623931623932,0.9933333333333332,0.9694649160373956,30,True,3182.0
3,sparse_sbm,sparse_sbm_12,12,1,1417263040,2096299,"[102, 134, 282, 283, 308, 314, 325, 382, 434, 437, 479, 495, 498, 571, 599]","[434, 594, 8, 412, 398, 245, 155, 253, 416, 164, 166, 501, 106, 465, 351]",600,15,0.8,,3,200,"[[0.02, 0.005, 0.01], [0.005, 0.02, 0.005], [0.01, 0.005, 0.02]]",,,,,6.613333333333333,0.38677359615550216,0.9983333333333333,0.17,7.4,0.0018517095433511217,0.004658658354258759,0.1641025641025641,0.015384615384615385,0.003418803418803419,0.0,2.124786324786325,4.0,0.0,0.13504273504273503,6.367521367521367,0.1451799154705315,0.6998770635756937,0.008036547952514338,3.5047619047619047,0.8642388260732417,0.0564102564102564,0.9965811965811966,0.9966666666666668,0.993268124992028,30,False,3182.0
3,sparse_sbm,sparse_sbm_12,12,2,1417263040,3475564392,"[31, 72, 140, 223, 249, 278, 303, 307, 392, 413, 417, 543, 556, 570, 574]","[521, 528, 548, 149, 151, 328, 277, 359, 499, 458, 77, 470, 75, 73, 115]",600,15,0.8,,3,200,"[[0.02, 0.005, 0.01], [0.005, 0.02, 0.005], [0.01, 0.005, 0.02]]",,,,,6.613333333333333,0.38677359615550216,0.9983333333333333,0.17,6.733333333333333,0.001728136975299739,0.004499215125758189,0.1641025641025641,0.005128205128205128,0.0,0.0,2.1384615384615384,4.0,0.0,0.11965811965811966,5.952136752136752,0.1403633842730383,0.700152207001522,0.0024984539270253552,3.7333333333333334,0.8042005397631147,0.0512820512820512,0.9914529914529916,0.9916666666666668,0.8579103749943897,26,True,3182.0
3,sparse_sbm,sparse_sbm_12,12,3,1417263040,3834557743,"[8, 36, 214, 246, 356, 362, 368, 375, 395, 504, 539, 560, 569, 595, 597]","[228, 367, 519, 496, 43, 573, 348, 242, 192, 419, 259, 86, 90, 579, 347]",600,15,0.8,,3,200,"[[0.02, 0.005, 0.01], [0.005, 0.02, 0.005], [0.01, 0.005, 0.02]]",,,,,6.613333333333333,0.38677359615550216,0.9983333333333333,0.17,7.2,0.001771386273051308,0.005300150064598788,0.15384615384615385,0.018803418803418803,0.0017094017094017094,0.0,2.1367521367521367,4.0,0.0,0.15555555555555556,6.803418803418803,0.13815449551565376,0.7169301018616087,0.009038786454752841,3.295238095238095,0.8801148589303807,0.0529914529914529,0.3264957264957265,0.3433333333333333,0.9809813330648468,30,False,1778.0
3,sparse_sbm,sparse_sbm_12,12,4,1417263040,182898318,"[18, 38, 53, 77, 164, 239, 315, 360, 387, 426, 433, 468, 488, 561, 595]","[309, 381, 411, 474, 284, 492, 135, 124, 586, 72, 104, 514, 14, 85, 579]",600,15,0.8,,3,200,"[[0.02, 0.005, 0.01], [0.005, 0.02, 0.005], [0.01, 0.005, 0.02]]",,,,,6.613333333333333,0.38677359615550216,0.9983333333333333,0.17,7.333333333333333,0.0018319627521962744,0.007046838253945409,0.1641025641025641,0.010256410256410256,0.0,0.0,2.1162393162393163,4.0,0.0,0.15555555555555556,6.213675213675214,0.14000144789877064,0.7003395386957031,0.0038786576689389986,3.4857142857142858,0.8042005397631147,0.0683760683760683,0.9965811965811966,0.9966666666666668,0.9091849999967964,28,True,3182.0
3,sparse_sbm,sparse_sbm_12,12,5,1417263040,1133061557,"[103, 160, 191, 194, 218, 372, 374, 405, 469, 489, 525, 546, 550, 558, 584]","[9, 66, 256, 356, 236, 375, 346, 561, 99, 248, 78, 50, 255, 374, 53]",600,15,0.8,,3,200,"[[0.02, 0.005, 0.01], [0.005, 0.02, 0.005], [0.01, 0.005, 0.02]]",,,,,6.613333333333333,0.38677359615550216,0.9983333333333333,0.17,6.466666666666667,0.0016341376792589277,0.004932394264830946,0.15213675213675212,0.013675213675213675,0.0,0.0,2.152136752136752,4.0,0.0,0.11623931623931624,6.078632478632478,0.13524895178742088,0.7199098466221754,0.005358758888170653,3.6476190476190475,0.8380528753589501,0.0512820512820512,0.9965811965811966,0.9966666666666668,0.9827798750484362,30,False,3182.0
3,sparse_sbm,sparse_sbm_12,12,6,1417263040,134487434,"[8, 47, 54, 56, 70, 156, 196, 242, 252, 277, 449, 453, 459, 514, 563]","[228, 249, 530, 475, 481, 162, 150, 413, 494, 97, 555, 438, 24, 69, 310]",600,15,0.8,,3,200,"[[0.02, 0.005, 0.01], [0.005, 0.02, 0.005], [0.01, 0.005, 0.02]]",,,,,6.613333333333333,0.38677359615550216,0.9983333333333333,0.17,7.266666666666667,0.0018115735274602267,0.0046928819278105926,0.1658119658119658,0.017094017094017096,0.0,0.0,2.1025641025641026,4.0,0.0,0.1452991452991453,6.331623931623931,0.1458011552941632,0.6971314834328532,0.006559180577314146,3.533333333333333,0.7221768425018111,0.0547008547008547,0.9965811965811966,0.9966666666666668,0.9944485840387642,30,False,3182.0
3,sparse_sbm,sparse_sbm_12,12,7,1417263040,3794294209,"[25, 47, 70, 87, 115, 121, 200, 219, 235, 273, 298, 326, 445, 511, 553]","[522, 249, 481, 495, 469, 156, 536, 169, 370, 161, 47, 232, 502, 70, 80]",600,15,0.8,,3,200,"[[0.02, 0.005, 0.01], [0.005, 0.02, 0.005], [0.01, 0.005, 0.02]]",,,,,6.613333333333333,0.38677359615550216,0.9983333333333333,0.17,7.066666666666666,0.001777387921584867,0.005402136203275297,0.15897435897435896,0.008547008547008548,0.0,0.0,2.1452991452991452,4.0,0.0,0.1606837606837607,6.464957264957265,0.13856703965606978,0.7085353003161222,0.0036350950636664927,3.4380952380952383,0.8801148589303807,0.0547008547008547,0.9948717948717948,0.995,0.9775547499302776,30,False,3182.0
3,sparse_sbm,sparse_sbm_12,12,8,1417263040,3966123269,"[0, 1, 2, 104, 136, 156, 223, 266, 311, 316, 322, 372, 396, 399, 477]","[134, 252, 507, 562, 342, 162, 149, 87, 58, 312, 219, 375, 399, 353, 175]",600,15,0.8,,3,200,"[[0.02, 0.005, 0.01], [0.005, 0.02, 0.005], [0.01, 0.005, 0.02]]",,,,,6.613333333333333,0.38677359615550216,0.9983333333333333,0.17,6.533333333333333,0.0016825320762679846,0.0065576820656250805,0.15726495726495726,0.005128205128205128,0.0017094017094017094,0.0,2.157264957264957,4.0,0.0,0.1094017094017094,5.770940170940171,0.13445463140669744,0.7116145650392226,0.0035954125239839527,3.7904761904761903,0.8380528753589501,0.0529914529914529,0.2051282051282051,0.225,0.9916546660242602,30,False,1600.0
3,sparse_sbm,sparse_sbm_12,12,9,1417263040,275887803,"[56, 66, 99, 119, 165, 171, 207, 221, 328, 389, 404, 424, 451, 480, 541]","[475, 302, 185, 482, 596, 127, 119, 152, 38, 211, 30, 111, 184, 531, 121]",600,15,0.8,,3,200,"[[0.02, 0.005, 0.01], [0.005, 0.02, 0.005], [0.01, 0.005, 0.02]]",,,,,6.613333333333333,0.38677359615550216,0.9983333333333333,0.17,5.466666666666667,0.0014363729782991574,0.0035755519867321202,0.13162393162393163,0.006837606837606838,0.0017094017094017094,0.0,2.241025641025641,4.0,0.0,0.09572649572649573,5.4,0.1185684028220455,0.7548589158178199,0.00572029822029822,3.8285714285714287,0.9324867603589635,0.0495726495726495,0.2017094017094017,0.2216666666666666,1.0000287919538096,30,False,1634.0
3,sparse_sbm,sparse_sbm_12,12,10,1417263040,2652206282,"[22, 118, 162, 165, 217, 230, 234, 252, 284, 345, 436, 486, 564, 584, 588]","[385, 268, 380, 596, 384, 549, 303, 494, 544, 187, 103, 533, 195, 53, 366]",600,15,0.8,,3,200,"[[0.02, 0.005, 0.01], [0.005, 0.02, 0.005], [0.01, 0.005, 0.02]]",,,,,6.613333333333333,0.38677359615550216,0.9983333333333333,0.17,6.533333333333333,0.0016779848261308746,0.004156687763336408,0.15042735042735042,0.017094017094017096,0.0,0.0,2.1709401709401708,4.0,0.0,0.11452991452991453,5.970940170940171,0.13581326602637478,0.7227490926121063,0.008320708809430614,3.6666666666666665,0.7801148589303806,0.0581196581196581,0.2324786324786324,0.2516666666666666,1.00486845895648,30,False,1650.0
3,sparse_sbm,sparse_sbm_12,12,11,1417263040,3225269717,"[17, 19, 73, 128, 134, 183, 321, 343, 371, 394, 443, 452, 514, 524, 536]","[391, 584, 206, 319, 594, 108, 198, 201, 257, 170, 547, 140, 69, 130, 214]",600,15,0.8,,3,200,"[[0.02, 0.005, 0.01], [0.005, 0.02, 0.005], [0.01, 0.005, 0.02]]",,,,,6.613333333333333,0.38677359615550216,0.9983333333333333,0.17,7.0,0.0017863472441885793,0.005878496879205293,0.15897435897435896,0.013675213675213675,0.0,0.0,2.1777777777777776,4.0,0.0,0.1264957264957265,6.242735042735043,0.14010182850295858,0.7084357803535886,0.005724460724460724,3.4857142857142858,0.8380528753589501,0.0615384615384615,0.2068376068376068,0.2266666666666666,0.994784207898192,30,False,1624.0
3,sparse_sbm,sparse_sbm_12,12,12,1417263040,4034696173,"[27, 37, 88, 143, 144, 150, 214, 219, 334, 385, 438, 458, 485, 489, 589]","[550, 116, 60, 67, 194, 441, 519, 169, 360, 420, 95, 239, 400, 248, 376]",600,15,0.8,,3,200,"[[0.02, 0.005, 0.01], [0.005, 0.02, 0.005], [0.01, 0.005, 0.02]]",,,,,6.613333333333333,0.38677359615550216,0.9983333333333333,0.17,6.2,0.001596644947905,0.0039557304194240556,0.13504273504273503,0.018803418803418803,0.0017094017094017094,0.0,2.241025641025641,4.0,0.0,0.13504273504273503,6.003418803418803,0.12446554394397662,0.748876009834914,0.01210925706724026,3.5142857142857142,0.9063008096446721,0.0478632478632478,0.1316239316239316,0.1533333333333333,0.998128957930021,30,False,1572.0
3,sparse_sbm,sparse_sbm_12,12,13,1417263040,1978395524,"[56, 69, 124, 135, 206, 217, 260, 293, 297, 411, 443, 451, 481, 499, 584]","[475, 488, 177, 361, 572, 384, 295, 339, 570, 138, 547, 184, 479, 7, 53]",600,15,0.8,,3,200,"[[0.02, 0.005, 0.01], [0.005, 0.02, 0.005], [0.01, 0.005, 0.02]]",,,,,6.613333333333333,0.38677359615550216,0.9983333333333333,0.17,6.133333333333334,0.0015832966661784654,0.004221954887500461,0.13675213675213677,0.010256410256410256,0.0,0.0,2.2222222222222223,4.0,0.0,0.11623931623931624,5.805128205128205,0.12347062361248536,0.7459957850368809,0.005090702947845805,3.6476190476190475,0.9483627932161026,0.0495726495726495,0.347008547008547,0.3633333333333333,0.9865116670262069,30,False,1768.0
3,sparse_sbm,sparse_sbm_12,12,14,1417263040,3300876922,"[52, 56, 63, 93, 114, 117, 139, 179, 183, 193, 196, 275, 315, 369, 534]","[511, 475, 396, 500, 283, 0, 139, 542, 108, 33, 150, 132, 135, 516, 599]",600,15,0.8,,3,200,"[[0.02, 0.005, 0.01], [0.005, 0.02, 0.005], [0.01, 0.005, 0.02]]",,,,,6.613333333333333,0.38677359615550216,0.9983333333333333,0.17,6.466666666666667,0.001666000500426818,0.0038544184418188064,0.14358974358974358,0.015384615384615385,0.003418803418803419,0.0,2.2376068376068377,4.0,0.0,0.1282051282051282,5.852991452991453,0.1310412655098869,0.7342114506498069,0.008961184318327176,3.5047619047619047,0.7801148589303806,0.0547008547008547,0.1606837606837607,0.1816666666666666,1.0012074999976903,30,False,1590.0
3,sparse_sbm,sparse_sbm_12,12,15,1417263040,3329615038,"[32, 42, 45, 78, 95, 158, 187, 253, 347, 361, 417, 509, 520, 532, 546]","[93, 563, 487, 377, 453, 534, 451, 26, 263, 148, 77, 128, 383, 585, 50]",600,15,0.8,,3,200,"[[0.02, 0.005, 0.01], [0.005, 0.02, 0.005], [0.01, 0.005, 0.02]]",,,,,6.613333333333333,0.38677359615550216,0.9983333333333333,0.17,6.933333333333334,0.00173834851887637,0.004258285227440336,0.1623931623931624,0.011965811965811967,0.0,0.0,2.1709401709401708,4.0,0.0,0.15384615384615385,6.28034188034188,0.14185999080026507,0.7028158295281582,0.005102348631760396,3.419047619047619,0.8118669246446586,0.0341880341880341,0.1658119658119658,0.1866666666666666,0.9904113749507816,30,False,1608.0
3,sparse_sbm,sparse_sbm_12,12,16,1417263040,1571235577,"[24, 37, 79, 108, 150, 160, 189, 281, 304, 349, 382, 429, 466, 545, 586]","[373, 116, 191, 280, 441, 66, 323, 452, 468, 463, 253, 343, 461, 196, 508]",600,15,0.8,,3,200,"[[0.02, 0.005, 0.01], [0.005, 0.02, 0.005], [0.01, 0.005, 0.02]]",,,,,6.613333333333333,0.38677359615550216,0.9983333333333333,0.17,6.266666666666667,0.0015890799650093768,0.004765442765785493,0.14358974358974358,0.006837606837606838,0.0,0.0,2.1726495726495725,4.0,0.0,0.1282051282051282,6.18974358974359,0.12594462024156763,0.7345392811146236,0.0037758537758537758,3.676190476190476,0.8042005397631148,0.0598290598290598,0.9965811965811966,0.9966666666666668,0.6070799159351736,18,True,3182.0
3,sparse_sbm,sparse_sbm_12,12,17,1417263040,4179730902,"[44, 46, 48, 112, 119, 126, 130, 228, 319, 325, 359, 367, 444, 525, 561]","[529, 235, 545, 281, 482, 551, 13, 273, 27, 155, 126, 415, 314, 78, 85]",600,15,0.8,,3,200,"[[0.02, 0.005, 0.01], [0.005, 0.02, 0.005], [0.01, 0.005, 0.02]]",,,,,6.613333333333333,0.38677359615550216,0.9983333333333333,0.17,8.066666666666666,0.0019890837299584617,0.007062756910675741,0.1794871794871795,0.017094017094017096,0.0,0.0,2.078632478632479,4.0,0.0,0.18632478632478633,6.986324786324786,0.1561262123849191,0.6746985130546774,0.0066319604764982915,3.342857142857143,0.7359526054773927,0.0683760683760683,0.9931623931623932,0.9933333333333332,0.6679184579988942,20,True,3182.0
3,sparse_sbm,sparse_sbm_12,12,18,1417263040,2124959685,"[60, 148, 187, 212, 233, 297, 300, 331, 333, 335, 357, 392, 396, 446, 548]","[523, 431, 451, 282, 79, 570, 386, 15, 20, 331, 234, 499, 399, 88, 503]",600,15,0.8,,3,200,"[[0.02, 0.005, 0.01], [0.005, 0.02, 0.005], [0.01, 0.005, 0.02]]",,,,,6.613333333333333,0.38677359615550216,0.9983333333333333,0.17,6.4,0.0016448593540000361,0.0031098837565690087,0.15042735042735042,0.010256410256410256,0.0,0.0,2.1982905982905985,4.0,0.0,0.10085470085470086,5.776068376068376,0.13194693042431263,0.7228720290364126,0.004899267399267399,3.6666666666666665,0.8200765726202537,0.0427350427350427,0.147008547008547,0.1683333333333333,1.016827541985549,30,False,1582.0
3,sparse_sbm,sparse_sbm_12,12,19,1417263040,687577998,"[1, 3, 66, 203, 219, 258, 337, 385, 388, 437, 439, 486, 488, 553, 555]","[252, 213, 302, 84, 169, 422, 418, 420, 204, 164, 357, 533, 14, 80, 296]",600,15,0.8,,3,200,"[[0.02, 0.005, 0.01], [0.005, 0.02, 0.005], [0.01, 0.005, 0.02]]",,,,,6.613333333333333,0.38677359615550216,0.9983333333333333,0.17,6.333333333333333,0.0016054457546167164,0.00454313620242642,0.1452991452991453,0.015384615384615385,0.0017094017094017094,0.0,2.206837606837607,4.0,0.0,0.14017094017094017,6.056410256410256,0.1317139394361029,0.7314014752370916,0.008278877207448635,3.5714285714285716,0.922176842501811,0.0564102564102564,0.9931623931623932,0.9933333333333332,0.9288977909600362,28,True,3182.0
3,sparse_sbm,sparse_sbm_12,12,20,1417263040,822181029,"[62, 77, 178, 183, 186, 215, 226, 264, 330, 354, 399, 456, 520, 547, 598]","[210, 474, 42, 108, 436, 318, 250, 354, 483, 41, 353, 289, 383, 445, 65]",600,15,0.8,,3,200,"[[0.02, 0.005, 0.01], [0.005, 0.02, 0.005], [0.01, 0.005, 0.02]]",,,,,6.613333333333333,0.38677359615550216,0.9983333333333333,0.17,6.8,0.0017257658427987201,0.004706342350117202,0.15555555555555556,0.011965811965811967,0.0,0.0,2.169230769230769,4.0,0.0,0.12991452991452992,6.230769230769231,0.13742316167288518,0.7141669593724388,0.005172446601018029,3.6666666666666665,0.8904247767875331,0.0478632478632478,0.1435897435897435,0.165,1.0070076669799164,30,False,1610.0
3,sparse_sbm,sparse_sbm_12,12,21,1417263040,1727865748,"[17, 58, 86, 196, 198, 204, 245, 265, 351, 381, 399, 414, 488, 503, 530]","[391, 293, 389, 150, 593, 34, 382, 358, 577, 489, 353, 435, 14, 583, 61]",600,15,0.8,,3,200,"[[0.02, 0.005, 0.01], [0.005, 0.02, 0.005], [0.01, 0.005, 0.02]]",,,,,6.613333333333333,0.38677359615550216,0.9983333333333333,0.17,7.133333333333334,0.0017965787536193267,0.004197207752312207,0.1623931623931624,0.013675213675213675,0.0,0.0,2.1367521367521367,4.0,0.0,0.13846153846153847,6.092307692307692,0.1415270381569018,0.7028275377590446,0.005885040885040885,3.619047619047619,0.7539289082160892,0.0632478632478632,0.9965811965811966,0.9966666666666668,0.8889962499961257,27,True,3182.0
3,sparse_sbm,sparse_sbm_12,12,22,1417263040,1898430430,"[3, 49, 58, 117, 138, 271, 286, 307, 320, 370, 394, 442, 478, 486, 585]","[213, 153, 293, 0, 68, 29, 243, 359, 325, 448, 170, 298, 355, 533, 178]",600,15,0.8,,3,200,"[[0.02, 0.005, 0.01], [0.005, 0.02, 0.005], [0.01, 0.005, 0.02]]",,,,,6.613333333333333,0.38677359615550216,0.9983333333333333,0.17,7.933333333333334,0.0019693942761627907,0.0066705966328809065,0.17606837606837608,0.013675213675213675,0.003418803418803419,0.0,2.1025641025641026,4.0,0.0,0.16923076923076924,6.829059829059829,0.15229171868673333,0.6803009015337782,0.00840301233158376,3.3333333333333335,0.8642388260732417,0.0666666666666666,0.176068376068376,0.1966666666666666,0.8987514580367133,28,True,1614.0
3,sparse_sbm,sparse_sbm_12,12,23,1417263040,3424047295,"[31, 50, 65, 68, 180, 189, 212, 250, 296, 420, 431, 433, 485, 498, 574]","[521, 457, 188, 565, 532, 323, 282, 526, 340, 180, 207, 104, 400, 106, 115]",600,15,0.8,,3,200,"[[0.02, 0.005, 0.01], [0.005, 0.02, 0.005], [0.01, 0.005, 0.02]]",,,,,6.613333333333333,0.38677359615550216,0.9983333333333333,0.17,7.133333333333334,0.0017939862384829708,0.004558424563675682,0.1658119658119658,0.013675213675213675,0.0,0.0,2.164102564102564,4.0,0.0,0.15384615384615385,6.311111111111111,0.14452266013408033,0.6972485657417165,0.005994260952244145,3.4857142857142858,0.8642388260732417,0.0444444444444444,0.9897435897435898,0.99,0.9294875420164316,28,True,3182.0
3,sparse_sbm,sparse_sbm_12,12,24,1417263040,3764528424,"[67, 130, 148, 156, 299, 308, 365, 374, 426, 452, 456, 540, 550, 567, 571]","[490, 13, 431, 162, 190, 398, 576, 346, 72, 140, 289, 143, 255, 308, 465]",600,15,0.8,,3,200,"[[0.02, 0.005, 0.01], [0.005, 0.02, 0.005], [0.01, 0.005, 0.02]]",,,,,6.613333333333333,0.38677359615550216,0.9983333333333333,0.17,7.133333333333334,0.0018078902754736952,0.006396309620929945,0.1623931623931624,0.017094017094017096,0.0,0.0,2.1675213675213674,4.0,0.0,0.1282051282051282,5.873504273504273,0.14317226264023789,0.7028743706825898,0.006535540196530908,3.6,0.7642388260732416,0.0444444444444444,0.1316239316239316,0.1533333333333333,1.025763125042431,30,False,1548.0
3,sparse_sbm,sparse_sbm_12,12,25,1417263040,1649115729,"[76, 80, 85, 129, 133, 165, 205, 210, 213, 220, 224, 309, 324, 407, 447]","[590, 497, 349, 129, 288, 596, 275, 96, 427, 141, 137, 157, 291, 229, 341]",600,15,0.8,,3,200,"[[0.02, 0.005, 0.01], [0.005, 0.02, 0.005], [0.01, 0.005, 0.02]]",,,,,6.613333333333333,0.38677359615550216,0.9983333333333333,0.17,6.533333333333333,0.001689771842853248,0.004305840034269911,0.15555555555555556,0.006837606837606838,0.0017094017094017094,0.0,2.1931623931623934,4.0,0.0,0.1076923076923077,5.6239316239316235,0.13488897621481927,0.7143894157592787,0.004777127634270492,3.6476190476190475,0.8042005397631147,0.0461538461538461,0.123076923076923,0.145,0.999627250013873,30,False,1534.0
3,sparse_sbm,sparse_sbm_12,12,26,1417263040,663633326,"[7, 72, 92, 108, 196, 251, 268, 270, 320, 360, 389, 402, 445, 522, 539]","[322, 528, 4, 280, 150, 498, 82, 71, 325, 124, 211, 559, 502, 294, 259]",600,15,0.8,,3,200,"[[0.02, 0.005, 0.01], [0.005, 0.02, 0.005], [0.01, 0.005, 0.02]]",,,,,6.613333333333333,0.38677359615550216,0.9983333333333333,0.17,6.466666666666667,0.001655511512208936,0.004790760073386703,0.15042735042735042,0.011965811965811967,0.0,0.0,2.1623931623931623,4.0,0.0,0.11452991452991453,5.852991452991453,0.13397326507582608,0.7227666549584357,0.00438667054766126,3.580952380952381,0.7780145890488231,0.0564102564102564,0.9931623931623932,0.9933333333333332,0.745185500010848,22,True,3182.0
3,sparse_sbm,sparse_sbm_12,12,27,1417263040,4260103140,"[148, 149, 163, 193, 278, 281, 360, 394, 399, 436, 459, 460, 477, 501, 538]","[431, 304, 390, 33, 328, 452, 124, 170, 353, 103, 24, 397, 175, 176, 45]",600,15,0.8,,3,200,"[[0.02, 0.005, 0.01], [0.005, 0.02, 0.005], [0.01, 0.005, 0.02]]",,,,,6.613333333333333,0.38677359615550216,0.9983333333333333,0.17,5.933333333333334,0.0015223985251858183,0.004187748625699668,0.14017094017094017,0.011965811965811967,0.0,0.0,2.2205128205128206,4.0,0.0,0.10256410256410256,5.507692307692308,0.12440002260549396,0.740352417749678,0.006319077747649176,3.742857142857143,0.8380528753589501,0.0461538461538461,0.1367521367521367,0.1583333333333333,1.0046171660069376,30,False,1572.0
3,sparse_sbm,sparse_sbm_12,12,28,1417263040,4210420076,"[84, 85, 118, 137, 269, 283, 395, 444, 503, 525, 526, 546, 575, 584, 592]","[113, 349, 268, 456, 133, 412, 192, 314, 583, 78, 2, 50, 449, 53, 405]",600,15,0.8,,3,200,"[[0.02, 0.005, 0.01], [0.005, 0.02, 0.005], [0.01, 0.005, 0.02]]",,,,,6.613333333333333,0.38677359615550216,0.9983333333333333,0.17,6.133333333333334,0.0015710384654275809,0.0034634431913978937,0.13504273504273503,0.010256410256410256,0.0017094017094017094,0.0,2.2153846153846155,4.0,0.0,0.11623931623931624,5.793162393162393,0.12138825743725185,0.7489696756820045,0.0070024420024420025,3.5714285714285716,0.8221768425018111,0.0564102564102564,0.9965811965811966,0.9966666666666668,0.9987097920384258,30,False,3182.0
3,sparse_sbm,sparse_sbm_12,12,29,1417263040,1000032251,"[60, 97, 165, 180, 208, 216, 233, 238, 258, 278, 313, 317, 405, 565, 578]","[523, 486, 596, 532, 338, 575, 79, 540, 422, 328, 403, 63, 561, 19, 432]",600,15,0.8,,3,200,"[[0.02, 0.005, 0.01], [0.005, 0.02, 0.005], [0.01, 0.005, 0.02]]",,,,,6.613333333333333,0.38677359615550216,0.9983333333333333,0.17,6.4,0.0016341964116779468,0.005842497248706941,0.15726495726495726,0.006837606837606838,0.0,0.0,2.152136752136752,4.0,0.0,0.14017094017094017,6.030769230769231,0.13623245369129183,0.7114623580377005,0.002976190476190476,3.6666666666666665,0.7200765726202538,0.0427350427350427,0.852991452991453,0.8566666666666667,0.9976181249367072,30,False,2676.0
3,sparse_sbm,sparse_sbm_12,12,30,1417263040,2731356131,"[11, 80, 103, 121, 161, 163, 276, 293, 318, 435, 471, 480, 482, 514, 524]","[200, 497, 9, 156, 246, 390, 538, 339, 336, 313, 105, 531, 454, 69, 130]",600,15,0.8,,3,200,"[[0.02, 0.005, 0.01], [0.005, 0.02, 0.005], [0.01, 0.005, 0.02]]",,,,,6.613333333333333,0.38677359615550216,0.9983333333333333,0.17,6.133333333333334,0.0015712795438084506,0.003583854079580035,0.15384615384615385,0.003418803418803419,0.0,0.0,2.1555555555555554,4.0,0.0,0.09914529914529914,5.769230769230769,0.13220584502508656,0.7172462240955392,0.0013605442176870747,3.742857142857143,0.8801148589303806,0.0393162393162393,0.135042735042735,0.1566666666666666,1.0350022499915212,30,False,1564.0
3,sparse_sbm,sparse_sbm_12,12,31,1417263040,2357790472,"[68, 105, 148, 205, 210, 218, 230, 253, 264, 281, 296, 362, 478, 481, 503]","[565, 51, 431, 275, 96, 236, 549, 26, 354, 452, 340, 573, 355, 479, 583]",600,15,0.8,,3,200,"[[0.02, 0.005, 0.01], [0.005, 0.02, 0.005], [0.01, 0.005, 0.02]]",,,,,6.613333333333333,0.38677359615550216,0.9983333333333333,0.17,7.066666666666666,0.0017794135870000361,0.004697928856007322,0.15897435897435896,0.015384615384615385,0.0,0.0,2.1606837606837606,4.0,0.0,0.14017094017094017,6.343589743589743,0.14084996315618403,0.7084767591616906,0.007543567543567543,3.5142857142857142,0.822176842501811,0.0461538461538461,0.4188034188034188,0.4333333333333333,1.008123749983497,30,False,1880.0
3,sparse_sbm,sparse_sbm_12,12,32,1417263040,3975186781,"[69, 84, 124, 138, 145, 189, 222, 242, 248, 260, 283, 438, 457, 478, 559]","[488, 113, 177, 68, 233, 323, 524, 413, 321, 295, 412, 95, 145, 355, 476]",600,15,0.8,,3,200,"[[0.02, 0.005, 0.01], [0.005, 0.02, 0.005], [0.01, 0.005, 0.02]]",,,,,6.613333333333333,0.38677359615550216,0.9983333333333333,0.17,5.733333333333333,0.001473715298790789,0.003391628778710697,0.1282051282051282,0.013675213675213675,0.0017094017094017094,0.0,2.275213675213675,4.0,0.0,0.10256410256410256,5.7094017094017095,0.11795941924703231,0.7607130312609764,0.007942373530608823,3.552380952380952,0.7801148589303806,0.0529914529914529,0.0905982905982906,0.1133333333333333,1.0440557919209823,30,False,1548.0
3,sparse_sbm,sparse_sbm_12,12,33,1417263040,347924379,"[24, 99, 165, 184, 216, 227, 237, 271, 294, 346, 436, 458, 524, 531, 584]","[373, 185, 596, 352, 575, 520, 464, 29, 142, 379, 103, 239, 130, 297, 53]",600,15,0.8,,3,200,"[[0.02, 0.005, 0.01], [0.005, 0.02, 0.005], [0.01, 0.005, 0.02]]",,,,,6.613333333333333,0.38677359615550216,0.9983333333333333,0.17,6.866666666666666,0.0017282354613997277,0.004929674038204221,0.15555555555555556,0.015384615384615385,0.0017094017094017094,0.0,2.1504273504273503,4.0,0.0,0.14188034188034188,6.348717948717948,0.1394309253096625,0.7140674394099051,0.00742325135182278,3.4095238095238094,0.9063008096446721,0.0666666666666666,0.9965811965811966,0.9966666666666668,0.8458474170183763,26,True,3182.0
3,sparse_sbm,sparse_sbm_12,12,34,1417263040,200312699,"[2, 15, 32, 91, 95, 108, 197, 233, 264, 358, 374, 517, 556, 570, 576]","[507, 401, 93, 216, 453, 280, 165, 79, 354, 450, 346, 179, 75, 73, 203]",600,15,0.8,,3,200,"[[0.02, 0.005, 0.01], [0.005, 0.02, 0.005], [0.01, 0.005, 0.02]]",,,,,6.613333333333333,0.38677359615550216,0.9983333333333333,0.17,5.8,0.0015195647512452899,0.004310676453047081,0.13675213675213677,0.011965811965811967,0.0,0.0,2.263247863247863,4.0,0.0,0.09401709401709402,5.138461538461539,0.12433925067397915,0.745960660344222,0.004890316450466826,3.780952380952381,0.8642388260732417,0.0495726495726495,0.1282051282051282,0.15,1.0045307079562915,30,False,1568.0
3,sparse_sbm,sparse_sbm_12,12,35,1417263040,2557143381,"[6, 20, 47, 60, 64, 70, 76, 118, 120, 152, 255, 258, 380, 399, 410]","[292, 94, 249, 523, 107, 481, 590, 268, 131, 117, 261, 422, 300, 353, 3]",600,15,0.8,,3,200,"[[0.02, 0.005, 0.01], [0.005, 0.02, 0.005], [0.01, 0.005, 0.02]]",,,,,6.613333333333333,0.38677359615550216,0.9983333333333333,0.17,5.666666666666667,0.0014668826256960382,0.004052992398561025,0.12478632478632479,0.013675213675213675,0.003418803418803419,0.0,2.264957264957265,4.0,0.0,0.1076923076923077,5.6068376068376065,0.11469890172610953,0.766719353705655,0.008976948976948979,3.8285714285714287,0.7959908917875196,0.0529914529914529,0.1948717948717948,0.215,1.008777583949268,30,False,1624.0
3,sparse_sbm,sparse_sbm_12,12,36,1417263040,3436721212,"[82, 90, 151, 298, 323, 337, 349, 372, 375, 411, 461, 488, 550, 584, 585]","[574, 564, 560, 47, 226, 418, 463, 375, 242, 138, 387, 14, 255, 53, 178]",600,15,0.8,,3,200,"[[0.02, 0.005, 0.01], [0.005, 0.02, 0.005], [0.01, 0.005, 0.02]]",,,,,6.613333333333333,0.38677359615550216,0.9983333333333333,0.17,7.066666666666666,0.001760132368456956,0.005279368385309425,0.15384615384615385,0.017094017094017096,0.003418803418803419,0.0,2.1487179487179486,4.0,0.0,0.14358974358974358,6.482051282051282,0.13828411564012547,0.7169652265542676,0.011427529830891176,3.295238095238095,0.922176842501811,0.0478632478632478,0.9931623931623932,0.9933333333333332,0.8261693329550326,25,True,3182.0
3,sparse_sbm,sparse_sbm_12,12,37,1417263040,1497198495,"[13, 23, 81, 116, 131, 215, 269, 312, 322, 327, 357, 373, 414, 460, 599]","[98, 267, 37, 459, 305, 318, 133, 49, 219, 424, 234, 48, 435, 397, 351]",600,15,0.8,,3,200,"[[0.02, 0.005, 0.01], [0.005, 0.02, 0.005], [0.01, 0.005, 0.02]]",,,,,6.613333333333333,0.38677359615550216,0.9983333333333333,0.17,7.0,0.0017677413142547292,0.003821391554148288,0.15213675213675212,0.013675213675213675,0.0,0.0,2.1914529914529917,4.0,0.0,0.1282051282051282,6.09059829059829,0.13575049255104166,0.7198454513523007,0.006339758125472411,3.361904761904762,0.9642388260732415,0.0444444444444444,0.2752136752136752,0.2933333333333333,0.9974553750362248,30,False,1674.0
3,sparse_sbm,sparse_sbm_12,12,38,1417263040,2853920244,"[68, 147, 153, 182, 214, 232, 297, 317, 325, 348, 424, 466, 484, 510, 573]","[565, 101, 326, 146, 519, 408, 570, 63, 155, 350, 111, 461, 517, 334, 208]",600,15,0.8,,3,200,"[[0.02, 0.005, 0.01], [0.005, 0.02, 0.005], [0.01, 0.005, 0.02]]",,,,,6.613333333333333,0.38677359615550216,0.9983333333333333,0.17,6.666666666666667,0.0016889084537345003,0.0041508876220472226,0.15042735042735042,0.010256410256410256,0.0,0.0,2.1931623931623934,4.0,0.0,0.1282051282051282,6.066666666666666,0.13194043410439069,0.7229012996136284,0.005086155674390969,3.533333333333333,0.8042005397631147,0.0564102564102564,0.2632478632478632,0.2816666666666667,1.023547250078991,30,False,1688.0
3,sparse_sbm,sparse_sbm_12,12,39,1417263040,314486487,"[35, 158, 235, 238, 260, 275, 353, 405, 408, 500, 514, 544, 553, 586, 594]","[330, 534, 370, 540, 295, 132, 251, 561, 181, 410, 69, 518, 80, 508, 324]",600,15,0.8,,3,200,"[[0.02, 0.005, 0.01], [0.005, 0.02, 0.005], [0.01, 0.005, 0.02]]",,,,,6.613333333333333,0.38677359615550216,0.9983333333333333,0.17,7.266666666666667,0.0018278334455293754,0.006405824920877936,0.1658119658119658,0.015384615384615385,0.0017094017094017094,0.0,2.1333333333333333,4.0,0.0,0.13504273504273503,6.3418803418803416,0.14455173637598548,0.6972075869336143,0.007633270091253285,3.5047619047619047,0.9063008096446721,0.0666666666666666,0.9965811965811966,0.9966666666666668,0.9627398749580608,30,False,3182.0
3,sparse_sbm,sparse_sbm_12,12,40,1417263040,3794784857,"[1, 46, 47, 105, 243, 279, 284, 297, 307, 324, 492, 516, 554, 577, 594]","[252, 235, 249, 51, 306, 11, 544, 570, 359, 291, 44, 368, 136, 597, 324]",600,15,0.8,,3,200,"[[0.02, 0.005, 0.01], [0.005, 0.02, 0.005], [0.01, 0.005, 0.02]]",,,,,6.613333333333333,0.38677359615550216,0.9983333333333333,0.17,6.4,0.00162309459121598,0.004677739587928169,0.147008547008547,0.010256410256410256,0.0,0.0,2.1504273504273503,4.0,0.0,0.12136752136752137,6.046153846153846,0.13067361623200444,0.7285680833626039,0.004574592074592074,3.552380952380952,0.922176842501811,0.0529914529914529,0.2427350427350427,0.2616666666666666,0.9880764168919997,30,False,1668.0
3,sparse_sbm,sparse_sbm_12,12,41,1417263040,2662778760,"[52, 67, 95, 145, 207, 279, 315, 350, 414, 431, 486, 498, 542, 544, 588]","[511, 490, 453, 233, 119, 11, 135, 582, 435, 207, 533, 106, 109, 518, 366]",600,15,0.8,,3,200,"[[0.02, 0.005, 0.01], [0.005, 0.02, 0.005], [0.01, 0.005, 0.02]]",,,,,6.613333333333333,0.38677359615550216,0.9983333333333333,0.17,6.4,0.0016168147148535466,0.004595926371501223,0.14871794871794872,0.011965811965811967,0.0,0.0,2.1931623931623934,4.0,0.0,0.13162393162393163,6.003418803418803,0.1296222194588528,0.7259337314131835,0.007953201482613246,3.6,0.9063008096446721,0.0393162393162393,0.1008547008547008,0.1233333333333333,1.017459333059378,30,False,1570.0
3,sparse_sbm,sparse_sbm_12,12,42,1417263040,2419873456,"[53, 70, 108, 128, 137, 220, 247, 324, 344, 398, 427, 458, 476, 554, 585]","[411, 481, 280, 319, 456, 141, 122, 291, 262, 258, 222, 239, 578, 136, 178]",600,15,0.8,,3,200,"[[0.02, 0.005, 0.01], [0.005, 0.02, 0.005], [0.01, 0.005, 0.02]]",,,,,6.613333333333333,0.38677359615550216,0.9983333333333333,0.17,6.466666666666667,0.0016443059807480704,0.003966984620562155,0.14871794871794872,0.011965811965811967,0.0017094017094017094,0.0,2.201709401709402,4.0,0.0,0.14871794871794872,5.921367521367522,0.13236632752172167,0.7257112750263435,0.006818181818181817,3.533333333333333,0.9221768425018112,0.0444444444444444,0.1555555555555555,0.1766666666666666,1.0073295829351991,30,False,1626.0
3,sparse_sbm,sparse_sbm_12,12,43,1417263040,2925741096,"[7, 46, 61, 90, 170, 287, 297, 372, 402, 458, 499, 503, 506, 518, 539]","[322, 235, 189, 564, 57, 54, 570, 375, 559, 239, 7, 583, 333, 112, 259]",600,15,0.8,,3,200,"[[0.02, 0.005, 0.01], [0.005, 0.02, 0.005], [0.01, 0.005, 0.02]]",,,,,6.613333333333333,0.38677359615550216,0.9983333333333333,0.17,7.466666666666667,0.0018729369111061267,0.0041730471394431454,0.1675213675213675,0.010256410256410256,0.0,0.0,2.112820512820513,4.0,0.0,0.15555555555555556,6.492307692307692,0.1442799144493711,0.694502985598876,0.003877964141122036,3.4380952380952383,0.8904247767875331,0.0478632478632478,0.3264957264957265,0.3433333333333333,1.0268300420138985,30,False,1754.0
3,sparse_sbm,sparse_sbm_12,12,44,1417263040,3009132131,"[78, 83, 262, 290, 304, 330, 334, 395, 452, 458, 531, 547, 576, 588, 589]","[377, 588, 160, 182, 468, 483, 360, 192, 140, 239, 297, 445, 203, 366, 376]",600,15,0.8,,3,200,"[[0.02, 0.005, 0.01], [0.005, 0.02, 0.005], [0.01, 0.005, 0.02]]",,,,,6.613333333333333,0.38677359615550216,0.9983333333333333,0.17,7.2,0.0017980428589745529,0.005637196052113921,0.1658119658119658,0.018803418803418803,0.0,0.0,2.1504273504273503,4.0,0.0,0.15042735042735042,6.417094017094017,0.1457800861726376,0.6971900245872849,0.007991223479945284,3.447619047619048,0.7801148589303806,0.0478632478632478,0.0854700854700854,0.1083333333333333,1.0185827080858871,30,False,1544.0
3,sparse_sbm,sparse_sbm_12,12,45,1417263040,4144302967,"[24, 68, 137, 149, 179, 227, 240, 335, 355, 392, 397, 434, 443, 570, 572]","[373, 565, 456, 304, 542, 520, 244, 331, 327, 499, 199, 416, 547, 73, 285]",600,15,0.8,,3,200,"[[0.02, 0.005, 0.01], [0.005, 0.02, 0.005], [0.01, 0.005, 0.02]]",,,,,6.613333333333333,0.38677359615550216,0.9983333333333333,0.17,6.533333333333333,0.001677781796051725,0.003704936857437517,0.1606837606837607,0.006837606837606838,0.0,0.0,2.128205128205128,4.0,0.0,0.10256410256410256,5.967521367521368,0.13884448763945856,0.7057253249034071,0.0033317872603586887,3.7142857142857144,0.8642388260732417,0.0495726495726495,0.1487179487179487,0.17,1.0042229159735143,30,False,1584.0
3,sparse_sbm,sparse_sbm_12,12,46,1417263040,707052599,"[47, 92, 103, 181, 261, 365, 374, 459, 475, 482, 533, 553, 555, 562, 587]","[249, 4, 9, 254, 442, 576, 346, 24, 552, 454, 186, 80, 296, 581, 525]",600,15,0.8,,3,200,"[[0.02, 0.005, 0.01], [0.005, 0.02, 0.005], [0.01, 0.005, 0.02]]",,,,,6.613333333333333,0.38677359615550216,0.9983333333333333,0.17,6.266666666666667,0.0016209750322381611,0.004076970229518182,0.14188034188034188,0.015384615384615385,0.0,0.0,2.2273504273504274,4.0,0.0,0.11623931623931624,5.63931623931624,0.12850924762635552,0.7372555906802483,0.0069077219077219075,3.638095238095238,0.8042005397631147,0.0752136752136752,0.9931623931623932,0.9933333333333332,0.7620543340453878,23,True,3182.0
3,sparse_sbm,sparse_sbm_12,12,47,1417263040,2146461568,"[122, 162, 176, 203, 245, 248, 270, 336, 414, 427, 434, 445, 505, 565, 596]","[591, 380, 491, 84, 382, 321, 71, 428, 435, 222, 416, 502, 237, 19, 455]",600,15,0.8,,3,200,"[[0.02, 0.005, 0.01], [0.005, 0.02, 0.005], [0.01, 0.005, 0.02]]",,,,,6.613333333333333,0.38677359615550216,0.9983333333333333,0.17,6.266666666666667,0.0015997421085504457,0.004583322162487048,0.15042735042735042,0.008547008547008548,0.0017094017094017094,0.0,2.174358974358974,4.0,0.0,0.1282051282051282,6.029059829059829,0.13306269234175983,0.7227725090738789,0.005464376892948321,3.657142857142857,0.9483627932161024,0.0581196581196581,0.9965811965811966,0.9966666666666668,0.9726607920601964,30,False,3182.0
3,sparse_sbm,sparse_sbm_12,12,48,1417263040,2073701183,"[10, 51, 57, 74, 77, 104, 124, 154, 157, 159, 291, 393, 454, 502, 584]","[467, 272, 209, 215, 474, 562, 177, 247, 543, 16, 580, 46, 537, 91, 53]",600,15,0.8,,3,200,"[[0.02, 0.005, 0.01], [0.005, 0.02, 0.005], [0.01, 0.005, 0.02]]",,,,,6.613333333333333,0.38677359615550216,0.9983333333333333,0.17,6.266666666666667,0.001601390321830823,0.003209117976469583,0.15555555555555556,0.005128205128205128,0.0,0.0,2.181196581196581,4.0,0.0,0.10085470085470086,5.687179487179487,0.1335549894103946,0.7144303945673809,0.002278673707245136,3.8190476190476192,0.8483627932161025,0.0444444444444444,0.1145299145299145,0.1366666666666666,0.9925263749901204,30,False,1570.0
3,sparse_sbm,sparse_sbm_12,12,49,1417263040,1404926650,"[1, 41, 80, 83, 95, 117, 118, 347, 358, 440, 471, 477, 498, 501, 516]","[252, 553, 497, 588, 453, 0, 268, 263, 450, 337, 105, 175, 106, 176, 368]",600,15,0.8,,3,200,"[[0.02, 0.005, 0.01], [0.005, 0.02, 0.005], [0.01, 0.005, 0.02]]",,,,,6.613333333333333,0.38677359615550216,0.9983333333333333,0.17,7.066666666666666,0.0017793278100016038,0.004452922995089808,0.15897435897435896,0.015384615384615385,0.0,0.0,2.14017094017094,4.0,0.0,0.1658119658119658,6.410256410256411,0.14128371618078242,0.7084299262381454,0.006101425029996458,3.4857142857142858,0.8642388260732417,0.0632478632478632,0.9965811965811966,0.9966666666666668,0.6218225000193343,18,True,3182.0
3,sparse_sbm,sparse_sbm_13,13,0,1774349722,1559590098,"[147, 154, 211, 229, 243, 277, 299, 302, 319, 388, 424, 463, 525, 529, 549]","[2, 515, 478, 97, 127, 116, 14, 201, 63, 460, 405, 329, 235, 481, 284]",600,15,0.8,,3,200,"[[0.02, 0.005, 0.01], [0.005, 0.02, 0.005], [0.01, 0.005, 0.02]]",,,,,6.745,0.40935665911251373,0.9983333333333333,0.18,7.266666666666667,0.0017894352262368448,0.0051170325314305555,0.17264957264957265,0.011965811965811967,0.0017094017094017094,0.0,2.083904109589041,4.0,0.0017094017094017094,0.15384615384615385,6.499145299145299,0.1488543027628987,0.6859969558599696,0.00621727478870336,3.5142857142857142,0.8124004598468548,0.0598290598290598,0.9897435897435898,0.99,0.9858775000320747,30,False,3222.0
3,sparse_sbm,sparse_sbm_13,13,1,1774349722,2870779648,"[54, 169, 172, 188, 192, 222, 253, 327, 354, 398, 466, 476, 526, 535, 562]","[107, 147, 386, 190, 503, 532, 61, 558, 569, 200, 131, 111, 576, 485, 336]",600,15,0.8,,3,200,"[[0.02, 0.005, 0.01], [0.005, 0.02, 0.005], [0.01, 0.005, 0.02]]",,,,,6.745,0.40935665911251373,0.9983333333333333,0.18,6.6,0.0016465311020017975,0.004046051207340798,0.15897435897435896,0.010256410256410256,0.0,0.0,2.1506849315068495,4.0,0.0017094017094017094,0.13162393162393163,6.2153846153846155,0.13833898608302533,0.7086289661632127,0.004168318454032739,3.723809523809524,0.8035686266411997,0.0529914529914529,0.094017094017094,0.1166666666666666,1.0226113330572844,30,False,1578.0
3,sparse_sbm,sparse_sbm_13,13,2,1774349722,1325153572,"[55, 100, 171, 178, 205, 222, 254, 353, 381, 431, 508, 548, 563, 566, 569]","[505, 451, 130, 536, 577, 532, 310, 585, 96, 112, 454, 261, 526, 304, 244]",600,15,0.8,,3,200,"[[0.02, 0.005, 0.01], [0.005, 0.02, 0.005], [0.01, 0.005, 0.02]]",,,,,6.745,0.40935665911251373,0.9983333333333333,0.18,7.533333333333333,0.00183728210392883,0.005252471662748019,0.17094017094017094,0.015384615384615385,0.003418803418803419,0.0,2.107876712328767,4.0,0.0017094017094017094,0.15555555555555556,6.642735042735043,0.14900844007182507,0.6887542442336962,0.007833963994954707,3.419047619047619,0.7179051584349208,0.0581196581196581,0.9931623931623932,0.9933333333333332,0.969327500090003,30,False,3222.0
3,sparse_sbm,sparse_sbm_13,13,3,1774349722,1800684519,"[27, 57, 73, 103, 136, 155, 227, 254, 273, 312, 433, 459, 496, 504, 523]","[365, 572, 5, 409, 562, 141, 523, 310, 187, 68, 106, 203, 487, 559, 469]",600,15,0.8,,3,200,"[[0.02, 0.005, 0.01], [0.005, 0.02, 0.005], [0.01, 0.005, 0.02]]",,,,,6.745,0.40935665911251373,0.9983333333333333,0.18,6.933333333333334,0.0017294318555290658,0.004897921789753298,0.15726495726495726,0.011965811965811967,0.0017094017094017094,0.0,2.1523972602739727,4.0,0.0017094017094017094,0.15555555555555556,6.488888888888889,0.13911934961673206,0.711292588689849,0.006429222815777437,3.4,0.7539369123585633,0.0358974358974358,0.0341880341880341,0.0583333333333333,1.0079124589683488,30,False,1532.0
3,sparse_sbm,sparse_sbm_13,13,4,1774349722,3062348332,"[1, 19, 42, 64, 104, 207, 263, 333, 372, 401, 534, 551, 556, 577, 584]","[512, 205, 41, 157, 29, 238, 9, 126, 392, 94, 519, 73, 291, 419, 318]",600,15,0.8,,3,200,"[[0.02, 0.005, 0.01], [0.005, 0.02, 0.005], [0.01, 0.005, 0.02]]",,,,,6.745,0.40935665911251373,0.9983333333333333,0.18,5.933333333333334,0.0015278857344942335,0.0028524715525315393,0.1452991452991453,0.003418803418803419,0.0,0.0,2.1952054794520546,4.0,0.0017094017094017094,0.10256410256410256,5.74017094017094,0.1272842920813223,0.7315127034305117,0.0015460729746444033,3.7714285714285714,0.8260004202058486,0.0495726495726495,0.0974358974358974,0.12,1.0062740829307586,30,False,1570.0
3,sparse_sbm,sparse_sbm_13,13,5,1774349722,2741685931,"[18, 66, 115, 271, 289, 318, 340, 351, 396, 436, 483, 517, 547, 557, 574]","[328, 413, 548, 426, 228, 517, 570, 229, 596, 272, 406, 387, 551, 571, 239]",600,15,0.8,,3,200,"[[0.02, 0.005, 0.01], [0.005, 0.02, 0.005], [0.01, 0.005, 0.02]]",,,,,6.745,0.40935665911251373,0.9983333333333333,0.18,7.266666666666667,0.0017940567362342123,0.005976747421947354,0.16923076923076924,0.006837606837606838,0.0,0.0,2.0993150684931505,4.0,0.0017094017094017094,0.15555555555555556,6.403418803418804,0.143073820039726,0.691845217187683,0.0033170533170533167,3.580952380952381,0.6528743197710568,0.0444444444444444,0.3025641025641025,0.32,0.9957568750251083,30,False,1728.0
3,sparse_sbm,sparse_sbm_13,13,6,1774349722,2083887810,"[5, 63, 111, 144, 155, 160, 202, 207, 222, 263, 381, 404, 475, 523, 558]","[153, 225, 25, 214, 141, 163, 552, 238, 532, 9, 96, 335, 42, 469, 123]",600,15,0.8,,3,200,"[[0.02, 0.005, 0.01], [0.005, 0.02, 0.005], [0.01, 0.005, 0.02]]",,,,,6.745,0.40935665911251373,0.9983333333333333,0.18,8.266666666666667,0.002030091181930772,0.005314459541302888,0.19829059829059828,0.013675213675213675,0.0,0.0,2.037671232876712,3.0,0.0017094017094017094,0.2,7.023931623931624,0.16657761804189394,0.6447839831401475,0.004911029369012563,3.447619047619048,0.7899686662822059,0.0615384615384615,0.9931623931623932,0.9933333333333332,0.8366565830074251,26,True,3222.0
3,sparse_sbm,sparse_sbm_13,13,7,1774349722,1586802550,"[8, 22, 89, 94, 114, 151, 283, 330, 342, 435, 442, 449, 491, 563, 572]","[155, 566, 524, 437, 434, 197, 74, 584, 54, 105, 274, 447, 101, 526, 542]",600,15,0.8,,3,200,"[[0.02, 0.005, 0.01], [0.005, 0.02, 0.005], [0.01, 0.005, 0.02]]",,,,,6.745,0.40935665911251373,0.9983333333333333,0.18,7.4,0.0018160175733246294,0.003570782286580717,0.17606837606837608,0.013675213675213675,0.0,0.0,2.1010273972602738,4.0,0.0017094017094017094,0.1658119658119658,6.7384615384615385,0.15267546025119225,0.6803009015337782,0.004885536760813187,3.4952380952380953,0.704305198075927,0.0444444444444444,0.1675213675213675,0.1883333333333333,1.0089480419410393,30,False,1604.0
3,sparse_sbm,sparse_sbm_13,13,8,1774349722,2030632631,"[0, 58, 88, 121, 134, 165, 193, 227, 242, 322, 449, 513, 537, 582, 591]","[226, 587, 588, 166, 560, 140, 539, 523, 496, 143, 447, 347, 35, 87, 189]",600,15,0.8,,3,200,"[[0.02, 0.005, 0.01], [0.005, 0.02, 0.005], [0.01, 0.005, 0.02]]",,,,,6.745,0.40935665911251373,0.9983333333333333,0.18,6.0,0.0015202726959575026,0.004033431627726759,0.13846153846153847,0.015384615384615385,0.0,0.0,2.232876712328767,4.0,0.0017094017094017094,0.1452991452991453,5.8649572649572645,0.12590232021131856,0.7430979978925184,0.00712504801749653,3.580952380952381,0.8124004598468548,0.0752136752136752,1.0,1.0,0.6285197080578655,18,True,3222.0
3,sparse_sbm,sparse_sbm_13,13,9,1774349722,58816988,"[39, 58, 141, 174, 212, 281, 335, 381, 403, 439, 444, 451, 510, 528, 564]","[71, 587, 135, 367, 527, 82, 240, 96, 66, 264, 504, 52, 462, 498, 344]",600,15,0.8,,3,200,"[[0.02, 0.005, 0.01], [0.005, 0.02, 0.005], [0.01, 0.005, 0.02]]",,,,,6.745,0.40935665911251373,0.9983333333333333,0.18,6.866666666666666,0.0017176687442620364,0.004986088040478833,0.1641025641025641,0.006837606837606838,0.0017094017094017094,0.0,2.1489726027397262,4.0,0.0017094017094017094,0.1794871794871795,6.521367521367521,0.14007644989110768,0.7002927057721579,0.006000348857491715,3.4952380952380953,0.8756321344884849,0.0478632478632478,0.1452991452991453,0.1666666666666666,0.9187808749265968,27,True,1602.0
3,sparse_sbm,sparse_sbm_13,13,10,1774349722,2236381313,"[4, 11, 40, 54, 96, 98, 161, 279, 302, 346, 401, 444, 510, 539, 590]","[513, 188, 270, 107, 356, 457, 549, 59, 201, 541, 94, 504, 462, 103, 484]",600,15,0.8,,3,200,"[[0.02, 0.005, 0.01], [0.005, 0.02, 0.005], [0.01, 0.005, 0.02]]",,,,,6.745,0.40935665911251373,0.9983333333333333,0.18,7.0,0.0017586014388266417,0.004623974184718117,0.1675213675213675,0.008547008547008548,0.0,0.0,2.1164383561643834,4.0,0.0017094017094017094,0.13675213675213677,6.052991452991453,0.14399589406261404,0.6944444444444444,0.0033776844070961716,3.6857142857142855,0.8260004202058486,0.0376068376068376,0.1145299145299145,0.1366666666666666,1.0280536250211298,30,False,1548.0
3,sparse_sbm,sparse_sbm_13,13,11,1774349722,2552289327,"[13, 54, 120, 126, 152, 183, 218, 247, 462, 479, 505, 537, 556, 566, 568]","[149, 107, 255, 171, 480, 158, 466, 597, 325, 528, 196, 35, 291, 304, 24]",600,15,0.8,,3,200,"[[0.02, 0.005, 0.01], [0.005, 0.02, 0.005], [0.01, 0.005, 0.02]]",,,,,6.745,0.40935665911251373,0.9983333333333333,0.18,6.266666666666667,0.0015627685778255534,0.003636235624465071,0.14188034188034188,0.006837606837606838,0.0017094017094017094,0.0,2.2243150684931505,4.0,0.0017094017094017094,0.1658119658119658,6.1863247863247866,0.1264630262619652,0.7372321742184755,0.004031920460491888,3.5142857142857142,0.6168425658474141,0.0444444444444444,0.0957264957264957,0.1183333333333333,1.0182057080091909,30,False,1578.0
3,sparse_sbm,sparse_sbm_13,13,12,1774349722,495712266,"[65, 86, 136, 141, 151, 198, 293, 297, 379, 475, 520, 534, 556, 566, 582]","[489, 345, 562, 135, 197, 474, 444, 48, 308, 42, 550, 519, 291, 304, 87]",600,15,0.8,,3,200,"[[0.02, 0.005, 0.01], [0.005, 0.02, 0.005], [0.01, 0.005, 0.02]]",,,,,6.745,0.40935665911251373,0.9983333333333333,0.18,7.266666666666667,0.001773051911273087,0.004520530677390614,0.17094017094017094,0.011965811965811967,0.0,0.0,2.1164383561643834,4.0,0.0017094017094017094,0.17264957264957265,6.488888888888889,0.14684092273798682,0.6888947430043321,0.004122701712263852,3.5714285714285716,0.7385377879773357,0.0512820512820512,0.1521367521367521,0.1733333333333333,1.0461249999934807,30,False,1610.0
3,sparse_sbm,sparse_sbm_13,13,13,1774349722,2283128527,"[15, 81, 116, 161, 194, 208, 209, 311, 346, 350, 359, 433, 516, 535, 577]","[400, 287, 366, 549, 488, 55, 215, 579, 541, 341, 314, 106, 582, 485, 419]",600,15,0.8,,3,200,"[[0.02, 0.005, 0.01], [0.005, 0.02, 0.005], [0.01, 0.005, 0.02]]",,,,,6.745,0.40935665911251373,0.9983333333333333,0.18,5.2,0.001371172873582441,0.0025038586353773773,0.12478632478632479,0.006837606837606838,0.0017094017094017094,0.0,2.2786324786324785,4.0,0.0,0.08376068376068375,5.128205128205129,0.11083774674582855,0.7668774148226203,0.006605616605616605,3.868131868131868,0.7403369519995696,0.0393162393162393,0.1641025641025641,0.185,1.028911207919009,30,False,1612.0
3,sparse_sbm,sparse_sbm_13,13,14,1774349722,1027491926,"[19, 23, 78, 130, 164, 185, 219, 224, 246, 279, 325, 340, 359, 385, 545]","[205, 213, 459, 506, 321, 442, 467, 470, 218, 59, 64, 570, 314, 301, 33]",600,15,0.8,,3,200,"[[0.02, 0.005, 0.01], [0.005, 0.02, 0.005], [0.01, 0.005, 0.02]]",,,,,6.745,0.40935665911251373,0.9983333333333333,0.18,7.0,0.0017725457530319455,0.004581123885873609,0.15897435897435896,0.013675213675213675,0.0,0.0,2.1934931506849313,4.0,0.0017094017094017094,0.13333333333333333,6.049572649572649,0.140125997896648,0.7085060297389064,0.0049266116703091485,3.5904761904761906,0.7988004994878614,0.0547008547008547,0.9965811965811966,0.9966666666666668,1.0010563749819994,30,False,3222.0
3,sparse_sbm,sparse_sbm_13,13,15,1774349722,379004962,"[63, 112, 122, 165, 174, 183, 185, 267, 305, 352, 383, 427, 503, 580, 595]","[225, 181, 104, 140, 367, 158, 442, 493, 477, 233, 161, 432, 586, 379, 326]",600,15,0.8,,3,200,"[[0.02, 0.005, 0.01], [0.005, 0.02, 0.005], [0.01, 0.005, 0.02]]",,,,,6.745,0.40935665911251373,0.9983333333333333,0.18,5.866666666666666,0.0014938364022553552,0.0033897355117610993,0.14017094017094017,0.008547008547008548,0.0017094017094017094,0.0,2.2071917808219177,4.0,0.0017094017094017094,0.11282051282051282,5.726495726495727,0.12442897563822256,0.7402997307106897,0.005798738298738298,3.6857142857142855,0.8124004598468548,0.0632478632478632,1.0,1.0,0.6554427499650046,19,True,3222.0
3,sparse_sbm,sparse_sbm_13,13,16,1774349722,1071967131,"[50, 81, 95, 102, 137, 152, 172, 206, 217, 222, 259, 310, 317, 501, 595]","[191, 287, 253, 363, 508, 480, 386, 516, 260, 532, 193, 102, 222, 151, 326]",600,15,0.8,,3,200,"[[0.02, 0.005, 0.01], [0.005, 0.02, 0.005], [0.01, 0.005, 0.02]]",,,,,6.745,0.40935665911251373,0.9983333333333333,0.18,6.8,0.0017292814399158675,0.004321815561347117,0.15555555555555556,0.015384615384615385,0.0,0.0,2.1986301369863015,4.0,0.0017094017094017094,0.11282051282051282,5.914529914529915,0.139434413254622,0.7140674394099051,0.006364974894386659,3.6952380952380954,0.7763687059232123,0.0478632478632478,0.0957264957264957,0.1183333333333333,0.7679700839798898,22,True,1530.0
3,sparse_sbm,sparse_sbm_13,13,17,1774349722,4062601520,"[45, 107, 124, 189, 218, 236, 357, 390, 393, 496, 504, 505, 525, 552, 570]","[6, 402, 72, 259, 466, 377, 192, 43, 295, 487, 559, 196, 235, 245, 589]",600,15,0.8,,3,200,"[[0.02, 0.005, 0.01], [0.005, 0.02, 0.005], [0.01, 0.005, 0.02]]",,,,,6.745,0.40935665911251373,0.9983333333333333,0.18,6.6,0.0016575824741857834,0.004676417409488402,0.1452991452991453,0.017094017094017096,0.0,0.0,2.1592465753424657,4.0,0.0017094017094017094,0.14188034188034188,6.0,0.1314299190493458,0.731413183467978,0.00666966921721455,3.6857142857142855,0.8260004202058486,0.0547008547008547,0.094017094017094,0.1166666666666666,0.982824541046284,29,True,1598.0
3,sparse_sbm,sparse_sbm_13,13,18,1774349722,538688617,"[10, 45, 170, 191, 253, 294, 347, 370, 372, 404, 409, 455, 470, 496, 565]","[411, 6, 280, 258, 61, 331, 351, 384, 392, 335, 204, 421, 267, 487, 359]",600,15,0.8,,3,200,"[[0.02, 0.005, 0.01], [0.005, 0.02, 0.005], [0.01, 0.005, 0.02]]",,,,,6.745,0.40935665911251373,0.9983333333333333,0.18,6.2,0.0015830451500275739,0.003853591459142729,0.15213675213675212,0.006837606837606838,0.0,0.0,2.1592465753424657,4.0,0.0017094017094017094,0.10085470085470086,5.747008547008547,0.13270602400068585,0.7200327830464817,0.0025160064025610243,3.7523809523809524,0.7539369123585634,0.0495726495726495,0.9931623931623932,0.9933333333333332,0.9813546249642968,30,False,3222.0
3,sparse_sbm,sparse_sbm_13,13,19,1774349722,1968202505,"[33, 108, 127, 178, 184, 346, 350, 371, 399, 411, 438, 466, 526, 543, 568]","[40, 501, 70, 536, 445, 541, 341, 10, 16, 573, 186, 131, 576, 92, 24]",600,15,0.8,,3,200,"[[0.02, 0.005, 0.01], [0.005, 0.02, 0.005], [0.01, 0.005, 0.02]]",,,,,6.745,0.40935665911251373,0.9983333333333333,0.18,7.0,0.0017128885339427096,0.0043152086183146105,0.15897435897435896,0.017094017094017096,0.0,0.0,2.1472602739726026,4.0,0.0017094017094017094,0.16923076923076924,6.589743589743589,0.14275333799081552,0.7083186980447255,0.00618085073967427,3.4,0.724937827618342,0.0461538461538461,0.1658119658119658,0.1866666666666666,1.0226806659484282,30,False,1632.0
3,sparse_sbm,sparse_sbm_13,13,20,1774349722,2389844541,"[15, 90, 91, 128, 144, 154, 198, 424, 496, 559, 560, 580, 586, 588, 594]","[400, 119, 129, 100, 214, 515, 474, 405, 487, 372, 361, 379, 236, 99, 395]",600,15,0.8,,3,200,"[[0.02, 0.005, 0.01], [0.005, 0.02, 0.005], [0.01, 0.005, 0.02]]",,,,,6.745,0.40935665911251373,0.9983333333333333,0.18,6.666666666666667,0.0016441886845644771,0.004226893510188635,0.1606837606837607,0.010256410256410256,0.0,0.0,2.136986301369863,4.0,0.0017094017094017094,0.15384615384615385,6.435897435897436,0.13925612030800963,0.7057897201732818,0.003789970533668013,3.5428571428571427,0.7403369519995697,0.0615384615384615,0.958974358974359,0.96,1.0105050000129268,30,False,3146.0
3,sparse_sbm,sparse_sbm_13,13,21,1774349722,2098393941,"[9, 24, 36, 66, 89, 121, 170, 261, 319, 371, 395, 435, 440, 486, 560]","[410, 271, 146, 413, 524, 166, 280, 252, 63, 10, 282, 105, 273, 495, 361]",600,15,0.8,,3,200,"[[0.02, 0.005, 0.01], [0.005, 0.02, 0.005], [0.01, 0.005, 0.02]]",,,,,6.745,0.40935665911251373,0.9983333333333333,0.18,7.266666666666667,0.0017761161771429458,0.005302489653321505,0.1623931623931624,0.018803418803418803,0.0017094017094017094,0.0,2.143835616438356,4.0,0.0017094017094017094,0.17435897435897435,6.758974358974359,0.14552649252250996,0.7026402060648635,0.008329482122051781,3.4285714285714284,0.5936569162880974,0.0512820512820512,0.2256410256410256,0.245,1.016359583940357,30,False,1650.0
3,sparse_sbm,sparse_sbm_13,13,22,1774349722,2651839665,"[100, 130, 146, 158, 161, 268, 304, 313, 401, 415, 433, 451, 554, 594, 596]","[451, 506, 346, 317, 549, 256, 568, 28, 94, 224, 106, 52, 407, 395, 599]",600,15,0.8,,3,200,"[[0.02, 0.005, 0.01], [0.005, 0.02, 0.005], [0.01, 0.005, 0.02]]",,,,,6.745,0.40935665911251373,0.9983333333333333,0.18,6.466666666666667,0.0016440903053212654,0.004033370063712451,0.15213675213675212,0.006837606837606838,0.0,0.0,2.1986301369863015,4.0,0.0017094017094017094,0.12307692307692308,6.07008547008547,0.1320594644604875,0.7200620536236975,0.0034391534391534392,3.676190476190476,0.7627687455642186,0.0615384615384615,0.2188034188034188,0.2383333333333333,1.02271595899947,30,False,1676.0
3,sparse_sbm,sparse_sbm_13,13,23,1774349722,817514052,"[0, 58, 129, 150, 234, 293, 302, 316, 324, 378, 404, 411, 488, 492, 590]","[226, 587, 450, 159, 53, 444, 201, 381, 211, 12, 335, 573, 412, 546, 484]",600,15,0.8,,3,200,"[[0.02, 0.005, 0.01], [0.005, 0.02, 0.005], [0.01, 0.005, 0.02]]",,,,,6.745,0.40935665911251373,0.9983333333333333,0.18,6.0,0.00152732212569023,0.0031172322364244947,0.14188034188034188,0.005128205128205128,0.0,0.0,2.2174657534246576,4.0,0.0017094017094017094,0.1076923076923077,5.762393162393162,0.12463758741890546,0.7373668188736682,0.0019730969310801246,3.8,0.724937827618342,0.041025641025641,0.0717948717948717,0.095,1.036644499981776,30,False,1520.0
3,sparse_sbm,sparse_sbm_13,13,24,1774349722,2964295395,"[34, 36, 200, 218, 224, 235, 248, 290, 305, 324, 393, 437, 480, 502, 533]","[86, 146, 194, 466, 470, 598, 133, 455, 477, 211, 295, 594, 269, 545, 306]",600,15,0.8,,3,200,"[[0.02, 0.005, 0.01], [0.005, 0.02, 0.005], [0.01, 0.005, 0.02]]",,,,,6.745,0.40935665911251373,0.9983333333333333,0.18,6.6,0.0016882903729159625,0.004079361336878648,0.1606837606837607,0.005128205128205128,0.0,0.0,2.1386986301369864,4.0,0.0017094017094017094,0.1111111111111111,5.895726495726496,0.1381873814798006,0.7057897201732818,0.0025507825507825508,3.6857142857142855,0.7763687059232123,0.0632478632478632,0.9965811965811966,0.9966666666666668,1.01561283308547,30,False,3222.0
3,sparse_sbm,sparse_sbm_13,13,25,1774349722,3773076434,"[33, 38, 62, 69, 78, 100, 105, 130, 192, 288, 429, 464, 477, 518, 566]","[40, 279, 458, 564, 459, 451, 257, 506, 503, 241, 433, 375, 268, 479, 304]",600,15,0.8,,3,200,"[[0.02, 0.005, 0.01], [0.005, 0.02, 0.005], [0.01, 0.005, 0.02]]",,,,,6.745,0.40935665911251373,0.9983333333333333,0.18,8.2,0.001975180035579978,0.005784078418057028,0.18461538461538463,0.020512820512820513,0.0017094017094017094,0.0,2.0993150684931505,4.0,0.0017094017094017094,0.21025641025641026,7.374358974358974,0.1609540659421506,0.6663856691253952,0.008291275969438768,3.238095238095238,0.5304252416464673,0.0564102564102564,0.9914529914529916,0.9916666666666668,0.980783374980092,30,False,3222.0
3,sparse_sbm,sparse_sbm_13,13,26,1774349722,4172098235,"[63, 130, 158, 223, 251, 300, 325, 366, 377, 432, 496, 511, 512, 516, 576]","[225, 506, 317, 170, 199, 58, 64, 216, 428, 27, 487, 202, 91, 582, 303]",600,15,0.8,,3,200,"[[0.02, 0.005, 0.01], [0.005, 0.02, 0.005], [0.01, 0.005, 0.02]]",,,,,6.745,0.40935665911251373,0.9983333333333333,0.18,6.333333333333333,0.0015955052572261222,0.004557790858844784,0.14871794871794872,0.006837606837606838,0.0,0.0,2.1695205479452055,4.0,0.0017094017094017094,0.11452991452991453,5.998290598290598,0.12974220159894814,0.7258576279124225,0.0037749287749287747,3.676190476190476,0.8035686266411997,0.0461538461538461,0.1025641025641025,0.125,0.9939553749281912,30,False,1550.0
3,sparse_sbm,sparse_sbm_13,13,27,1774349722,3818593844,"[3, 90, 97, 110, 132, 231, 258, 297, 358, 363, 380, 413, 421, 503, 504]","[465, 119, 128, 319, 89, 518, 337, 48, 152, 393, 154, 360, 76, 586, 559]",600,15,0.8,,3,200,"[[0.02, 0.005, 0.01], [0.005, 0.02, 0.005], [0.01, 0.005, 0.02]]",,,,,6.745,0.40935665911251373,0.9983333333333333,0.18,6.066666666666666,0.001561078127749929,0.0042554041596703385,0.15042735042735042,0.005128205128205128,0.0,0.0,2.143835616438356,4.0,0.0017094017094017094,0.10598290598290598,5.731623931623932,0.13012225561893012,0.7230125278070484,0.003284546141688999,3.761904761904762,0.7627687455642187,0.0666666666666666,0.3504273504273504,0.3666666666666666,1.153352624969557,30,False,1760.0
3,sparse_sbm,sparse_sbm_13,13,28,1774349722,1070016157,"[26, 38, 58, 104, 243, 257, 270, 293, 316, 379, 435, 482, 575, 581, 596]","[389, 279, 587, 29, 127, 370, 219, 444, 381, 308, 105, 124, 118, 581, 599]",600,15,0.8,,3,200,"[[0.02, 0.005, 0.01], [0.005, 0.02, 0.005], [0.01, 0.005, 0.02]]",,,,,6.745,0.40935665911251373,0.9983333333333333,0.18,5.8,0.0014676687397260268,0.0034346132633928782,0.12478632478632479,0.005128205128205128,0.0017094017094017094,0.0,2.2534246575342465,4.0,0.0017094017094017094,0.13333333333333333,5.71965811965812,0.11047037325111116,0.7669886430160403,0.004603174603174603,3.6857142857142855,0.7315051187939143,0.0512820512820512,0.3401709401709402,0.3566666666666667,1.0147331249900162,30,False,1764.0
3,sparse_sbm,sparse_sbm_13,13,29,1774349722,1379696510,"[0, 10, 35, 96, 107, 149, 151, 232, 245, 307, 465, 482, 559, 570, 592]","[226, 411, 537, 356, 402, 31, 197, 156, 137, 45, 265, 124, 372, 589, 277]",600,15,0.8,,3,200,"[[0.02, 0.005, 0.01], [0.005, 0.02, 0.005], [0.01, 0.005, 0.02]]",,,,,6.745,0.40935665911251373,0.9983333333333333,0.18,7.266666666666667,0.0017821824848196276,0.003818325162916166,0.1675213675213675,0.011965811965811967,0.0,0.0,2.113013698630137,4.0,0.0017094017094017094,0.18803418803418803,6.788034188034188,0.14637587350033543,0.6942746750965929,0.00470347113204256,3.419047619047619,0.7179051584349208,0.0632478632478632,0.2717948717948718,0.29,1.0172087079845369,30,False,1714.0
3,sparse_sbm,sparse_sbm_13,13,30,1774349722,428591027,"[83, 146, 209, 234, 242, 269, 280, 283, 333, 337, 348, 468, 482, 536, 597]","[15, 346, 215, 53, 496, 439, 424, 74, 126, 4, 168, 125, 124, 408, 83]",600,15,0.8,,3,200,"[[0.02, 0.005, 0.01], [0.005, 0.02, 0.005], [0.01, 0.005, 0.02]]",,,,,6.745,0.40935665911251373,0.9983333333333333,0.18,5.8,0.0014922029911426963,0.0035795166091833115,0.12991452991452992,0.011965811965811967,0.003418803418803419,0.0,2.287671232876712,4.0,0.0017094017094017094,0.13504273504273503,5.630769230769231,0.11896957347478697,0.7577508488467393,0.0095859299430728,3.580952380952381,0.7403369519995697,0.0461538461538461,0.1418803418803418,0.1633333333333333,1.0411702919518575,30,False,1592.0
3,sparse_sbm,sparse_sbm_13,13,31,1774349722,2773295748,"[55, 56, 95, 128, 221, 232, 244, 266, 299, 428, 469, 474, 516, 545, 568]","[505, 533, 253, 100, 316, 156, 36, 315, 14, 167, 177, 349, 582, 33, 24]",600,15,0.8,,3,200,"[[0.02, 0.005, 0.01], [0.005, 0.02, 0.005], [0.01, 0.005, 0.02]]",,,,,6.745,0.40935665911251373,0.9983333333333333,0.18,7.533333333333333,0.0018468740063049965,0.004599824228459662,0.17606837606837608,0.010256410256410256,0.0,0.0,2.065068493150685,4.0,0.0017094017094017094,0.1794871794871795,6.972649572649573,0.1517452852719294,0.6802833391874488,0.0037655588551209957,3.447619047619048,0.8620321741294913,0.0735042735042735,0.9914529914529916,0.9916666666666668,0.9461403749883176,30,False,3222.0
3,sparse_sbm,sparse_sbm_13,13,32,1774349722,4041539664,"[97, 129, 181, 284, 308, 344, 364, 367, 382, 413, 426, 457, 473, 483, 579]","[128, 450, 145, 583, 23, 47, 580, 134, 150, 360, 438, 561, 90, 406, 248]",600,15,0.8,,3,200,"[[0.02, 0.005, 0.01], [0.005, 0.02, 0.005], [0.01, 0.005, 0.02]]",,,,,6.745,0.40935665911251373,0.9983333333333333,0.18,6.8,0.0017137469016233905,0.004131940177288518,0.1606837606837607,0.011965811965811967,0.0017094017094017094,0.0,2.166095890410959,4.0,0.0017094017094017094,0.1264957264957265,6.1692307692307695,0.14038827029925952,0.7057311790188503,0.00688277331134474,3.4952380952380953,0.6954733648702718,0.0512820512820512,0.9948717948717948,0.995,0.9361171249765904,28,True,3222.0
3,sparse_sbm,sparse_sbm_13,13,33,1774349722,438588734,"[62, 95, 142, 192, 195, 244, 323, 441, 453, 476, 504, 559, 563, 591, 594]","[458, 253, 525, 503, 30, 36, 399, 81, 249, 111, 559, 372, 526, 189, 395]",600,15,0.8,,3,200,"[[0.02, 0.005, 0.01], [0.005, 0.02, 0.005], [0.01, 0.005, 0.02]]",,,,,6.745,0.40935665911251373,0.9983333333333333,0.18,7.666666666666667,0.0018730526861197676,0.005877938929654902,0.1658119658119658,0.018803418803418803,0.0017094017094017094,0.0,2.1215753424657535,4.0,0.0017094017094017094,0.18974358974358974,6.849572649572649,0.14693650876269235,0.6970963587401944,0.008816922835056404,3.257142857142857,0.724937827618342,0.0512820512820512,0.2017094017094017,0.2216666666666666,1.0143634580308571,30,False,1670.0
3,sparse_sbm,sparse_sbm_13,13,34,1774349722,2807740247,"[3, 4, 28, 44, 112, 125, 263, 265, 295, 316, 414, 478, 526, 563, 570]","[465, 513, 574, 327, 181, 355, 9, 38, 449, 381, 49, 51, 576, 526, 589]",600,15,0.8,,3,200,"[[0.02, 0.005, 0.01], [0.005, 0.02, 0.005], [0.01, 0.005, 0.02]]",,,,,6.745,0.40935665911251373,0.9983333333333333,0.18,6.4,0.0016049648647229174,0.004393539565202037,0.15384615384615385,0.006837606837606838,0.0,0.0,2.143835616438356,4.0,0.0017094017094017094,0.11794871794871795,5.8,0.13191729476879474,0.7173867228661749,0.0031567012770020286,3.8095238095238093,0.767536872717557,0.0376068376068376,0.0803418803418803,0.1033333333333333,0.9998251660726964,30,False,1540.0
3,sparse_sbm,sparse_sbm_13,13,35,1774349722,1879883015,"[33, 90, 95, 156, 178, 186, 216, 247, 323, 325, 356, 429, 463, 495, 579]","[40, 119, 253, 281, 536, 289, 207, 597, 399, 64, 180, 433, 329, 475, 248]",600,15,0.8,,3,200,"[[0.02, 0.005, 0.01], [0.005, 0.02, 0.005], [0.01, 0.005, 0.02]]",,,,,6.745,0.40935665911251373,0.9983333333333333,0.18,6.933333333333334,0.0017215977062671579,0.0053029188291158595,0.15555555555555556,0.018803418803418803,0.0,0.0,2.1883561643835616,4.0,0.0017094017094017094,0.15213675213675212,6.276923076923077,0.1400642277463979,0.7141084182180073,0.006879693397826967,3.4857142857142858,0.7899686662822059,0.0529914529914529,0.1435897435897435,0.165,1.017331583076157,30,False,1598.0
3,sparse_sbm,sparse_sbm_13,13,36,1774349722,140778703,"[17, 70, 125, 155, 236, 251, 285, 308, 388, 456, 491, 537, 570, 585, 599]","[117, 67, 355, 141, 377, 199, 162, 23, 460, 590, 101, 35, 589, 290, 554]",600,15,0.8,,3,200,"[[0.02, 0.005, 0.01], [0.005, 0.02, 0.005], [0.01, 0.005, 0.02]]",,,,,6.745,0.40935665911251373,0.9983333333333333,0.18,6.266666666666667,0.0015856756996545734,0.003923611724617902,0.1452991452991453,0.013675213675213675,0.0017094017094017094,0.0,2.1763698630136985,4.0,0.0017094017094017094,0.13846153846153847,6.434188034188034,0.13173523435812118,0.7313312258517738,0.007917479346050775,3.5142857142857142,0.8260004202058486,0.0786324786324786,0.9965811965811966,0.9966666666666668,0.7393077920423821,22,True,3222.0
3,sparse_sbm,sparse_sbm_13,13,37,1774349722,88858258,"[183, 221, 232, 236, 260, 263, 267, 291, 343, 360, 406, 472, 499, 569, 571]","[158, 316, 156, 377, 510, 9, 493, 34, 32, 75, 390, 77, 440, 244, 492]",600,15,0.8,,3,200,"[[0.02, 0.005, 0.01], [0.005, 0.02, 0.005], [0.01, 0.005, 0.02]]",,,,,6.745,0.40935665911251373,0.9983333333333333,0.18,5.4,0.0014422119246790064,0.003019002507134615,0.13504273504273503,0.003418803418803419,0.0,0.0,2.2517123287671232,4.0,0.0017094017094017094,0.06837606837606838,4.6581196581196584,0.11829585716257454,0.749215548530617,0.0017384731670445955,4.0476190476190474,0.8620321741294913,0.0512820512820512,0.0735042735042735,0.0966666666666666,0.8248690000036731,24,True,1510.0
3,sparse_sbm,sparse_sbm_13,13,38,1774349722,2198714822,"[19, 20, 157, 163, 187, 192, 229, 328, 336, 440, 483, 525, 534, 568, 569]","[205, 383, 507, 529, 502, 503, 97, 172, 565, 273, 406, 235, 519, 24, 244]",600,15,0.8,,3,200,"[[0.02, 0.005, 0.01], [0.005, 0.02, 0.005], [0.01, 0.005, 0.02]]",,,,,6.745,0.40935665911251373,0.9983333333333333,0.18,7.733333333333333,0.0018806307053941737,0.00629443220674268,0.17435897435897435,0.018803418803418803,0.0017094017094017094,0.0,2.095890410958904,4.0,0.0017094017094017094,0.19145299145299147,6.911111111111111,0.15357559710389437,0.6829937946376302,0.007955244830521256,3.295238095238095,0.6889060736946994,0.0717948717948717,0.9931623931623932,0.9933333333333332,0.9291492499178275,29,True,3222.0
3,sparse_sbm,sparse_sbm_13,13,39,1774349722,478320489,"[11, 30, 191, 216, 227, 295, 303, 320, 327, 359, 375, 428, 463, 525, 571]","[188, 385, 258, 207, 523, 449, 220, 415, 558, 314, 65, 167, 329, 235, 492]",600,15,0.8,,3,200,"[[0.02, 0.005, 0.01], [0.005, 0.02, 0.005], [0.01, 0.005, 0.02]]",,,,,6.745,0.40935665911251373,0.9983333333333333,0.18,6.6,0.0016717699845572936,0.00416988120379555,0.1452991452991453,0.015384615384615385,0.005128205128205128,0.0,2.1866438356164384,4.0,0.0017094017094017094,0.1094017094017094,5.762393162393162,0.12840081803644682,0.7316180775084885,0.013374956983979539,3.638095238095238,0.8260004202058486,0.041025641025641,0.0735042735042735,0.0966666666666666,0.8756695420015603,26,True,1570.0
3,sparse_sbm,sparse_sbm_13,13,40,1774349722,3370900930,"[4, 12, 21, 132, 140, 164, 196, 202, 229, 272, 305, 307, 311, 411, 494]","[513, 85, 456, 89, 275, 321, 209, 552, 97, 427, 477, 45, 579, 573, 208]",600,15,0.8,,3,200,"[[0.02, 0.005, 0.01], [0.005, 0.02, 0.005], [0.01, 0.005, 0.02]]",,,,,6.745,0.40935665911251373,0.9983333333333333,0.18,5.666666666666667,0.0014704428642306278,0.003535091039667304,0.13333333333333333,0.008547008547008548,0.0,0.0,2.23972602739726,4.0,0.0017094017094017094,0.10085470085470086,5.553846153846154,0.11963770524057898,0.7520079615970027,0.0040654666970456445,3.8190476190476192,0.7043051980759271,0.0564102564102564,0.1367521367521367,0.1583333333333333,1.0069758750032634,30,False,1564.0
3,sparse_sbm,sparse_sbm_13,13,41,1774349722,4273926677,"[3, 11, 74, 76, 81, 136, 163, 189, 241, 326, 339, 347, 477, 498, 548]","[465, 188, 472, 266, 287, 562, 529, 259, 476, 595, 420, 351, 268, 443, 261]",600,15,0.8,,3,200,"[[0.02, 0.005, 0.01], [0.005, 0.02, 0.005], [0.01, 0.005, 0.02]]",,,,,6.745,0.40935665911251373,0.9983333333333333,0.18,7.533333333333333,0.0018665420947519308,0.0054203517445706876,0.1641025641025641,0.018803418803418803,0.0,0.0,2.155821917808219,4.0,0.0017094017094017094,0.17264957264957265,6.476923076923077,0.14456098257080624,0.7000409788081021,0.0077050678366467834,3.323809523809524,0.618641729869648,0.0529914529914529,0.2957264957264957,0.3133333333333333,1.0205014999955893,30,False,1760.0
3,sparse_sbm,sparse_sbm_13,13,42,1774349722,1189963992,"[13, 28, 53, 168, 186, 191, 245, 249, 320, 359, 372, 380, 386, 451, 564]","[149, 574, 22, 234, 289, 258, 137, 422, 415, 314, 392, 154, 418, 52, 344]",600,15,0.8,,3,200,"[[0.02, 0.005, 0.01], [0.005, 0.02, 0.005], [0.01, 0.005, 0.02]]",,,,,6.745,0.40935665911251373,0.9983333333333333,0.18,6.8,0.0017187679960710997,0.004065968670526883,0.15897435897435896,0.008547008547008548,0.0,0.0,2.1763698630136985,4.0,0.0017094017094017094,0.12136752136752137,6.087179487179487,0.13791836968187754,0.7086172579323264,0.00392602495543672,3.580952380952381,0.704305198075927,0.041025641025641,0.0905982905982906,0.1133333333333333,1.0056957909837363,30,False,1526.0
3,sparse_sbm,sparse_sbm_13,13,43,1774349722,3855972529,"[28, 47, 121, 128, 164, 273, 319, 325, 357, 433, 467, 521, 547, 595, 596]","[574, 165, 166, 100, 321, 187, 63, 64, 192, 106, 262, 305, 551, 326, 599]",600,15,0.8,,3,200,"[[0.02, 0.005, 0.01], [0.005, 0.02, 0.005], [0.01, 0.005, 0.02]]",,,,,6.745,0.40935665911251373,0.9983333333333333,0.18,6.0,0.001533716630706973,0.003984509264321036,0.14017094017094017,0.013675213675213675,0.0,0.0,2.2756849315068495,4.0,0.0017094017094017094,0.12136752136752137,5.536752136752137,0.12677452625963923,0.740165086055497,0.007329847818569621,3.6666666666666665,0.7988004994878612,0.0529914529914529,0.1264957264957265,0.1483333333333333,0.9142764169955626,26,True,1586.0
3,sparse_sbm,sparse_sbm_13,13,44,1774349722,2812841549,"[13, 27, 48, 149, 154, 187, 350, 353, 358, 415, 439, 537, 550, 558, 591]","[149, 365, 446, 31, 515, 502, 341, 585, 152, 224, 264, 35, 110, 123, 189]",600,15,0.8,,3,200,"[[0.02, 0.005, 0.01], [0.005, 0.02, 0.005], [0.01, 0.005, 0.02]]",,,,,6.745,0.40935665911251373,0.9983333333333333,0.18,7.133333333333334,0.001766271450365504,0.005476535291610392,0.17094017094017094,0.010256410256410256,0.0017094017094017094,0.0,2.1267123287671232,4.0,0.0017094017094017094,0.17606837606837608,6.842735042735042,0.1478749018754949,0.6887191195410374,0.005592299652450028,3.4095238095238094,0.8035686266411997,0.0632478632478632,0.9931623931623932,0.9933333333333332,0.9910123329609632,30,False,3222.0
3,sparse_sbm,sparse_sbm_13,13,45,1774349722,3762702658,"[30, 39, 46, 88, 138, 225, 236, 245, 284, 291, 360, 407, 454, 536, 595]","[385, 71, 567, 588, 323, 320, 377, 137, 583, 34, 75, 136, 247, 408, 326]",600,15,0.8,,3,200,"[[0.02, 0.005, 0.01], [0.005, 0.02, 0.005], [0.01, 0.005, 0.02]]",,,,,6.745,0.40935665911251373,0.9983333333333333,0.18,6.666666666666667,0.0017083817617002176,0.004054601168763714,0.15897435897435896,0.008547008547008548,0.0,0.0,2.1506849315068495,4.0,0.0017094017094017094,0.09743589743589744,5.835897435897436,0.13811446184723095,0.7086055497014401,0.0038249487829319757,3.6476190476190475,0.8035686266411997,0.0683760683760683,0.1435897435897435,0.165,0.9737342500593512,29,True,1602.0
3,sparse_sbm,sparse_sbm_13,13,46,1774349722,933181872,"[30, 80, 221, 231, 240, 264, 343, 443, 460, 534, 544, 553, 556, 560, 583]","[385, 80, 316, 518, 250, 521, 32, 448, 593, 519, 114, 376, 291, 361, 278]",600,15,0.8,,3,200,"[[0.02, 0.005, 0.01], [0.005, 0.02, 0.005], [0.01, 0.005, 0.02]]",,,,,6.745,0.40935665911251373,0.9983333333333333,0.18,7.266666666666667,0.0018049260469975759,0.005200389125356419,0.15897435897435896,0.011965811965811967,0.0017094017094017094,0.0,2.160958904109589,4.0,0.0017094017094017094,0.15555555555555556,6.372649572649572,0.1388873505380466,0.7086172579323264,0.006714959351105342,3.419047619047619,0.7675368727175571,0.0529914529914529,0.2102564102564102,0.23,0.9938384589040652,30,False,1632.0
3,sparse_sbm,sparse_sbm_13,13,47,1774349722,3317697844,"[96, 104, 134, 159, 248, 282, 288, 317, 319, 327, 393, 420, 518, 523, 582]","[356, 29, 560, 283, 133, 353, 241, 222, 63, 558, 295, 93, 479, 469, 87]",600,15,0.8,,3,200,"[[0.02, 0.005, 0.01], [0.005, 0.02, 0.005], [0.01, 0.005, 0.02]]",,,,,6.745,0.40935665911251373,0.9983333333333333,0.18,5.466666666666667,0.0014217512938660833,0.0029345096549259412,0.13162393162393163,0.008547008547008548,0.0,0.0,2.2345890410958904,4.0,0.0017094017094017094,0.10085470085470086,5.446153846153846,0.11846724546619061,0.7549116028568084,0.005004122861265719,3.761904761904762,0.8620321741294912,0.0564102564102564,0.9897435897435898,0.99,0.9964037499157712,30,False,3222.0
3,sparse_sbm,sparse_sbm_13,13,48,1774349722,2074425589,"[34, 38, 71, 169, 192, 213, 277, 316, 367, 394, 405, 461, 515, 556, 579]","[86, 279, 553, 147, 503, 388, 116, 381, 134, 490, 7, 302, 464, 291, 248]",600,15,0.8,,3,200,"[[0.02, 0.005, 0.01], [0.005, 0.02, 0.005], [0.01, 0.005, 0.02]]",,,,,6.745,0.40935665911251373,0.9983333333333333,0.18,7.6,0.0018451903288944037,0.005023794757660971,0.17435897435897435,0.011965811965811967,0.0017094017094017094,0.0,2.1010273972602738,4.0,0.0017094017094017094,0.21367521367521367,7.088888888888889,0.14993948732169535,0.6831577098700387,0.005721694067558728,3.4095238095238094,0.7627687455642186,0.0615384615384615,0.9965811965811966,0.9966666666666668,0.99532054096926,30,False,3222.0
3,sparse_sbm,sparse_sbm_13,13,49,1774349722,2281852102,"[68, 83, 84, 231, 266, 291, 293, 335, 390, 424, 448, 473, 474, 533, 549]","[132, 15, 547, 518, 315, 34, 444, 240, 43, 405, 120, 90, 349, 306, 284]",600,15,0.8,,3,200,"[[0.02, 0.005, 0.01], [0.005, 0.02, 0.005], [0.01, 0.005, 0.02]]",,,,,6.745,0.40935665911251373,0.9983333333333333,0.18,5.866666666666666,0.0015023075653302883,0.003079908480647208,0.13675213675213677,0.010256410256410256,0.0,0.0,2.2157534246575343,4.0,0.0017094017094017094,0.11965811965811966,5.492307692307692,0.12110599170815971,0.7462767825781524,0.005201878731290496,3.895238095238095,0.812400459846855,0.0666666666666666,0.2068376068376068,0.2266666666666666,0.9075246250722556,27,True,1618.0
3,sparse_sbm,sparse_sbm_14,14,0,3328884137,2772811427,"[4, 19, 43, 97, 115, 122, 140, 157, 204, 265, 326, 332, 379, 437, 474]","[355, 237, 421, 310, 60, 365, 515, 580, 377, 273, 426, 275, 245, 535, 296]",600,15,0.8,,3,200,"[[0.02, 0.005, 0.01], [0.005, 0.02, 0.005], [0.01, 0.005, 0.02]]",,,,,6.716666666666667,0.3909692369378285,0.9966666666666667,0.12333333333333334,6.533333333333333,0.0016253653437022886,0.003480091260563229,0.1606837606837607,0.006837606837606838,0.0,0.0,2.1269296740994856,4.0,0.003418803418803419,0.12478632478632479,6.220512820512821,0.1398337710968885,0.7056258049408735,0.002728065585208442,3.6095238095238096,0.7539369123585634,0.0444444444444444,0.4273504273504273,0.4416666666666666,1.026475333957933,30,False,1804.0
3,sparse_sbm,sparse_sbm_14,14,1,3328884137,3147459916,"[5, 6, 7, 42, 65, 90, 95, 217, 261, 344, 359, 429, 480, 486, 525]","[75, 331, 207, 529, 56, 445, 143, 336, 319, 170, 324, 178, 558, 281, 309]",600,15,0.8,,3,200,"[[0.02, 0.005, 0.01], [0.005, 0.02, 0.005], [0.01, 0.005, 0.02]]",,,,,6.716666666666667,0.3909692369378285,0.9966666666666667,0.12333333333333334,5.933333333333334,0.0014982688731058898,0.00278661977354318,0.147008547008547,0.005128205128205128,0.0,0.0,2.20926243567753,4.0,0.003418803418803419,0.11452991452991453,5.6923076923076925,0.12715476468261858,0.7287905397494439,0.002525252525252525,3.8476190476190477,0.7763687059232123,0.0529914529914529,0.1606837606837607,0.1816666666666666,1.017826542025432,30,False,1610.0
3,sparse_sbm,sparse_sbm_14,14,2,3328884137,3194715004,"[6, 26, 30, 100, 118, 145, 151, 213, 262, 403, 472, 489, 538, 560, 571]","[331, 118, 131, 127, 490, 194, 195, 83, 147, 88, 271, 305, 144, 181, 330]",600,15,0.8,,3,200,"[[0.02, 0.005, 0.01], [0.005, 0.02, 0.005], [0.01, 0.005, 0.02]]",,,,,6.716666666666667,0.3909692369378285,0.9966666666666667,0.12333333333333334,6.8,0.0016746464807104685,0.003887150815007752,0.1675213675213675,0.006837606837606838,0.0,0.0,2.111492281303602,4.0,0.003418803418803419,0.11965811965811966,5.9452991452991455,0.14272067174111266,0.6946142137922959,0.0028601028601028602,3.761904761904762,0.7539369123585634,0.0495726495726495,0.241025641025641,0.26,1.0290407910943031,30,False,1656.0
3,sparse_sbm,sparse_sbm_14,14,3,3328884137,4040755322,"[3, 14, 78, 102, 136, 165, 203, 233, 284, 327, 386, 400, 412, 461, 476]","[448, 15, 125, 63, 556, 546, 450, 456, 407, 439, 2, 16, 417, 59, 549]",600,15,0.8,,3,200,"[[0.02, 0.005, 0.01], [0.005, 0.02, 0.005], [0.01, 0.005, 0.02]]",,,,,6.716666666666667,0.3909692369378285,0.9966666666666667,0.12333333333333334,7.333333333333333,0.001772006056116315,0.0052319181738018534,0.16923076923076924,0.015384615384615385,0.0,0.0,2.130360205831904,4.0,0.003418803418803419,0.1675213675213675,6.661538461538462,0.14786114109202275,0.6915232408383093,0.00546170397983755,3.5238095238095237,0.6682734441522844,0.0444444444444444,0.1333333333333333,0.155,1.0379048750037327,30,False,1584.0
3,sparse_sbm,sparse_sbm_14,14,4,3328884137,3292137965,"[23, 50, 64, 90, 92, 176, 177, 178, 187, 232, 247, 261, 282, 364, 536]","[337, 252, 115, 445, 148, 594, 228, 95, 527, 459, 466, 319, 343, 569, 561]",600,15,0.8,,3,200,"[[0.02, 0.005, 0.01], [0.005, 0.02, 0.005], [0.01, 0.005, 0.02]]",,,,,6.716666666666667,0.3909692369378285,0.9966666666666667,0.12333333333333334,5.533333333333333,0.0014121836397629818,0.0030817282602747112,0.13504273504273503,0.006837606837606838,0.0,0.0,2.212328767123288,4.0,0.0017094017094017094,0.08547008547008547,5.5316239316239315,0.11913335894452104,0.7491101744526402,0.0034920634920634916,3.802197802197802,0.8620321741294913,0.0393162393162393,0.0547008547008547,0.0783333333333333,0.7925902080023661,23,True,1528.0
3,sparse_sbm,sparse_sbm_14,14,5,3328884137,4208635581,"[27, 58, 111, 126, 156, 157, 221, 308, 323, 435, 442, 470, 476, 481, 548]","[199, 471, 112, 46, 250, 580, 89, 37, 356, 334, 335, 338, 549, 48, 134]",600,15,0.8,,3,200,"[[0.02, 0.005, 0.01], [0.005, 0.02, 0.005], [0.01, 0.005, 0.02]]",,,,,6.716666666666667,0.3909692369378285,0.9966666666666667,0.12333333333333334,6.466666666666667,0.0015934128979501394,0.004186766756347743,0.1452991452991453,0.017094017094017096,0.0,0.0,2.2006861063464838,5.0,0.003418803418803419,0.1606837606837607,6.394871794871795,0.1313364511161763,0.7313956211216485,0.008625065410779698,3.5142857142857142,0.8124004598468548,0.0564102564102564,0.9145299145299144,0.9166666666666666,1.0036775409244,30,False,3016.0
3,sparse_sbm,sparse_sbm_14,14,6,3328884137,2112831323,"[0, 25, 47, 113, 202, 239, 261, 276, 358, 400, 446, 483, 500, 541, 594]","[533, 65, 598, 396, 280, 393, 319, 488, 161, 16, 581, 595, 218, 126, 517]",600,15,0.8,,3,200,"[[0.02, 0.005, 0.01], [0.005, 0.02, 0.005], [0.01, 0.005, 0.02]]",,,,,6.716666666666667,0.3909692369378285,0.9966666666666667,0.12333333333333334,6.8,0.0016686806141745115,0.0036996789230544563,0.15897435897435896,0.011965811965811967,0.0,0.0,2.1355060034305318,4.0,0.003418803418803419,0.13675213675213677,6.512820512820513,0.13984447561668048,0.7084416344690317,0.005477498691784406,3.5904761904761906,0.6664742801300504,0.0632478632478632,0.9863247863247864,0.9866666666666668,1.0088904579170048,30,False,3228.0
3,sparse_sbm,sparse_sbm_14,14,7,3328884137,982312078,"[7, 23, 120, 162, 235, 266, 277, 344, 373, 389, 440, 473, 498, 548, 556]","[207, 337, 422, 423, 90, 460, 176, 170, 205, 85, 453, 136, 172, 134, 179]",600,15,0.8,,3,200,"[[0.02, 0.005, 0.01], [0.005, 0.02, 0.005], [0.01, 0.005, 0.02]]",,,,,6.716666666666667,0.3909692369378285,0.9966666666666667,0.12333333333333334,5.533333333333333,0.0013982873365304897,0.0024712449314336785,0.13333333333333333,0.008547008547008548,0.0,0.0,2.202401372212693,4.0,0.003418803418803419,0.1094017094017094,5.65982905982906,0.12048458663944504,0.7518791710572532,0.003179271708683473,3.8285714285714287,0.7179051584349208,0.0478632478632478,0.1196581196581196,0.1416666666666666,1.0115337499883026,30,False,1550.0
3,sparse_sbm,sparse_sbm_14,14,8,3328884137,1872695237,"[9, 23, 50, 81, 98, 102, 121, 151, 159, 274, 320, 332, 403, 446, 509]","[113, 337, 252, 106, 401, 63, 298, 195, 277, 480, 403, 275, 88, 581, 26]",600,15,0.8,,3,200,"[[0.02, 0.005, 0.01], [0.005, 0.02, 0.005], [0.01, 0.005, 0.02]]",,,,,6.716666666666667,0.3909692369378285,0.9966666666666667,0.12333333333333334,6.8,0.0016538985178741242,0.005290180034090785,0.15726495726495726,0.013675213675213675,0.0,0.0,2.1680960548885078,4.0,0.003418803418803419,0.15726495726495726,6.420512820512821,0.1391919716970306,0.7112984428052921,0.005538310895453752,3.5619047619047617,0.6954733648702718,0.0444444444444444,0.1709401709401709,0.1916666666666666,1.036581875057891,30,False,1620.0
3,sparse_sbm,sparse_sbm_14,14,9,3328884137,736329682,"[21, 29, 93, 144, 154, 198, 232, 318, 456, 469, 472, 489, 493, 504, 541]","[467, 464, 513, 300, 3, 11, 459, 516, 312, 251, 271, 305, 129, 139, 126]",600,15,0.8,,3,200,"[[0.02, 0.005, 0.01], [0.005, 0.02, 0.005], [0.01, 0.005, 0.02]]",,,,,6.716666666666667,0.3909692369378285,0.9966666666666667,0.12333333333333334,6.933333333333334,0.0016967883306660955,0.004007697783207789,0.15726495726495726,0.017094017094017096,0.0,0.0,2.1732418524871355,4.0,0.003418803418803419,0.1658119658119658,6.478632478632479,0.14105285989274086,0.711222339304531,0.007234175721570679,3.5904761904761906,0.7539369123585634,0.0615384615384615,0.9948717948717948,0.995,0.9737959579797462,30,False,3248.0
3,sparse_sbm,sparse_sbm_14,14,10,3328884137,2734096216,"[23, 81, 146, 170, 187, 208, 247, 338, 356, 372, 420, 483, 551, 573, 593]","[337, 106, 290, 385, 527, 17, 466, 244, 374, 361, 329, 595, 571, 486, 379]",600,15,0.8,,3,200,"[[0.02, 0.005, 0.01], [0.005, 0.02, 0.005], [0.01, 0.005, 0.02]]",,,,,6.716666666666667,0.3909692369378285,0.9966666666666667,0.12333333333333334,6.533333333333333,0.0016396714111419684,0.0042260760425769294,0.15213675213675212,0.011965811965811967,0.0,0.0,2.1406518010291595,4.0,0.003418803418803419,0.1282051282051282,6.121367521367521,0.13393901805072275,0.720044491277368,0.005598435955578812,3.723809523809524,0.6753061133357057,0.0598290598290598,0.9931623931623932,0.9933333333333332,1.0003424159949643,30,False,3248.0
3,sparse_sbm,sparse_sbm_14,14,11,3328884137,326497066,"[57, 83, 124, 132, 162, 335, 346, 359, 409, 438, 460, 465, 477, 544, 569]","[476, 534, 71, 31, 423, 434, 198, 324, 182, 33, 482, 135, 311, 77, 572]",600,15,0.8,,3,200,"[[0.02, 0.005, 0.01], [0.005, 0.02, 0.005], [0.01, 0.005, 0.02]]",,,,,6.716666666666667,0.3909692369378285,0.9966666666666667,0.12333333333333334,6.333333333333333,0.0015959761324154805,0.002988417715234742,0.15213675213675212,0.006837606837606838,0.0,0.0,2.1801029159519727,4.0,0.003418803418803419,0.11452991452991453,5.811965811965812,0.13290224945553128,0.7200035124692659,0.002915140415140415,3.638095238095238,0.6954733648702718,0.0478632478632478,0.4957264957264957,0.5083333333333333,1.0205382080748675,30,False,1906.0
3,sparse_sbm,sparse_sbm_14,14,12,3328884137,1137571621,"[38, 80, 90, 103, 203, 227, 364, 407, 415, 444, 470, 502, 521, 567, 588]","[32, 264, 445, 102, 450, 123, 569, 428, 391, 307, 338, 80, 303, 436, 347]",600,15,0.8,,3,200,"[[0.02, 0.005, 0.01], [0.005, 0.02, 0.005], [0.01, 0.005, 0.02]]",,,,,6.716666666666667,0.3909692369378285,0.9966666666666667,0.12333333333333334,6.266666666666667,0.001588758088269508,0.004478901713138193,0.15897435897435896,0.0017094017094017094,0.0,0.0,2.1506849315068495,4.0,0.0017094017094017094,0.10085470085470086,5.878632478632479,0.13395686277570945,0.708787027280178,0.000529100529100529,3.7362637362637363,0.8396003805648424,0.0547008547008547,0.1675213675213675,0.1883333333333333,1.0072003749664873,30,False,1614.0
3,sparse_sbm,sparse_sbm_14,14,13,3328884137,3593414234,"[133, 144, 159, 212, 219, 290, 318, 353, 373, 404, 433, 446, 469, 489, 590]","[10, 300, 277, 384, 427, 532, 516, 91, 205, 189, 109, 581, 251, 305, 306]",600,15,0.8,,3,200,"[[0.02, 0.005, 0.01], [0.005, 0.02, 0.005], [0.01, 0.005, 0.02]]",,,,,6.716666666666667,0.3909692369378285,0.9966666666666667,0.12333333333333334,6.733333333333333,0.0016692251893739376,0.0038217828820695378,0.14188034188034188,0.023931623931623933,0.0,0.0,2.229845626072041,4.0,0.003418803418803419,0.13504273504273503,6.023931623931624,0.13292785151678246,0.7369980096007493,0.010191343048485905,3.5428571428571427,0.7627687455642186,0.0632478632478632,0.9948717948717948,0.995,0.9872299160342664,30,False,3248.0
3,sparse_sbm,sparse_sbm_14,14,14,3328884137,4175983575,"[11, 88, 154, 231, 246, 281, 285, 308, 348, 358, 362, 439, 496, 532, 575]","[231, 400, 3, 152, 473, 142, 225, 37, 150, 161, 54, 145, 578, 87, 419]",600,15,0.8,,3,200,"[[0.02, 0.005, 0.01], [0.005, 0.02, 0.005], [0.01, 0.005, 0.02]]",,,,,6.716666666666667,0.3909692369378285,0.9966666666666667,0.12333333333333334,6.666666666666667,0.0016516767336306635,0.004360479062028451,0.14188034188034188,0.015384615384615385,0.0,0.0,2.1783876500857633,4.0,0.003418803418803419,0.11282051282051282,6.094017094017094,0.12818250410606982,0.7372731530265777,0.005860589126025735,3.552380952380952,0.7403369519995697,0.0564102564102564,0.1111111111111111,0.1333333333333333,1.0031495000002906,30,False,1594.0
3,sparse_sbm,sparse_sbm_14,14,15,3328884137,1553347982,"[4, 42, 139, 189, 267, 289, 298, 313, 408, 455, 456, 503, 511, 566, 579]","[355, 529, 151, 120, 110, 70, 35, 203, 418, 248, 312, 505, 498, 79, 103]",600,15,0.8,,3,200,"[[0.02, 0.005, 0.01], [0.005, 0.02, 0.005], [0.01, 0.005, 0.02]]",,,,,6.716666666666667,0.3909692369378285,0.9966666666666667,0.12333333333333334,7.0,0.0017185724611074578,0.004879584255290675,0.15897435897435896,0.015384615384615385,0.0017094017094017094,0.0,2.1132075471698113,4.0,0.003418803418803419,0.14188034188034188,6.338461538461538,0.14072998101608863,0.7084943215080202,0.007491031377585999,3.5238095238095237,0.6818734045112781,0.0717948717948717,0.2752136752136752,0.2933333333333333,0.99610783404205,30,False,1694.0
3,sparse_sbm,sparse_sbm_14,14,16,3328884137,3554789275,"[44, 83, 90, 94, 157, 160, 221, 331, 363, 396, 442, 461, 468, 470, 476]","[166, 534, 445, 567, 580, 345, 89, 157, 457, 68, 335, 59, 285, 338, 549]",600,15,0.8,,3,200,"[[0.02, 0.005, 0.01], [0.005, 0.02, 0.005], [0.01, 0.005, 0.02]]",,,,,6.716666666666667,0.3909692369378285,0.9966666666666667,0.12333333333333334,5.466666666666667,0.0014183215082143575,0.002737438828925881,0.1282051282051282,0.008547008547008548,0.0,0.0,2.269296740994854,5.0,0.003418803418803419,0.09401709401709402,5.507692307692308,0.11686949939603508,0.7607071771455333,0.004693639693639694,3.723809523809524,0.702506034053693,0.0444444444444444,0.0769230769230769,0.1,1.0165925829205662,30,False,1568.0
3,sparse_sbm,sparse_sbm_14,14,17,3328884137,1761975885,"[7, 10, 21, 23, 92, 144, 145, 186, 306, 381, 416, 464, 522, 542, 581]","[207, 477, 467, 337, 148, 300, 194, 267, 451, 154, 53, 12, 316, 573, 73]",600,15,0.8,,3,200,"[[0.02, 0.005, 0.01], [0.005, 0.02, 0.005], [0.01, 0.005, 0.02]]",,,,,6.716666666666667,0.3909692369378285,0.9966666666666667,0.12333333333333334,7.866666666666666,0.0018794578826811076,0.0046127096613235805,0.1658119658119658,0.03247863247863248,0.0,0.0,2.159519725557461,4.0,0.003418803418803419,0.21025641025641026,7.2905982905982905,0.15331786104333622,0.6967509659290482,0.012548348583288876,3.2095238095238097,0.7315051187939143,0.0649572649572649,0.9948717948717948,0.995,0.9631311660632492,30,False,3248.0
3,sparse_sbm,sparse_sbm_14,14,18,3328884137,3357541576,"[27, 31, 75, 83, 130, 141, 178, 273, 308, 310, 327, 345, 423, 506, 549]","[199, 242, 370, 534, 363, 219, 95, 395, 37, 518, 439, 261, 357, 101, 430]",600,15,0.8,,3,200,"[[0.02, 0.005, 0.01], [0.005, 0.02, 0.005], [0.01, 0.005, 0.02]]",,,,,6.716666666666667,0.3909692369378285,0.9966666666666667,0.12333333333333334,5.733333333333333,0.0014467720600611,0.0032504642742795125,0.14017094017094017,0.003418803418803419,0.0,0.0,2.2264150943396226,4.0,0.003418803418803419,0.1076923076923077,5.87008547008547,0.12279962896051619,0.7403172930570191,0.0020931449502878076,3.6952380952380954,0.7385377879773357,0.0478632478632478,0.9931623931623932,0.9933333333333332,0.7480924159754068,21,True,3248.0
3,sparse_sbm,sparse_sbm_14,14,19,3328884137,698069657,"[39, 63, 82, 84, 113, 155, 245, 255, 279, 302, 389, 475, 534, 560, 570]","[7, 425, 173, 593, 396, 461, 105, 221, 302, 100, 85, 495, 284, 181, 389]",600,15,0.8,,3,200,"[[0.02, 0.005, 0.01], [0.005, 0.02, 0.005], [0.01, 0.005, 0.02]]",,,,,6.716666666666667,0.3909692369378285,0.9966666666666667,0.12333333333333334,5.333333333333333,0.001377234707432982,0.0024720152753402234,0.11794871794871795,0.018803418803418803,0.0,0.0,2.30188679245283,4.0,0.003418803418803419,0.10598290598290598,5.3931623931623935,0.11073181414166831,0.7785505210162744,0.012732188446474162,3.6285714285714286,0.6594416109466291,0.0461538461538461,0.1025641025641025,0.125,1.01929199998267,30,True,1568.0
3,sparse_sbm,sparse_sbm_14,14,20,3328884137,83511993,"[21, 33, 112, 147, 215, 238, 250, 310, 342, 374, 401, 444, 487, 531, 552]","[467, 61, 114, 562, 536, 262, 367, 518, 404, 13, 478, 307, 177, 475, 500]",600,15,0.8,,3,200,"[[0.02, 0.005, 0.01], [0.005, 0.02, 0.005], [0.01, 0.005, 0.02]]",,,,,6.716666666666667,0.3909692369378285,0.9966666666666667,0.12333333333333334,8.266666666666667,0.0019859216341670846,0.005844888005374726,0.18803418803418803,0.020512820512820513,0.003418803418803419,0.0,2.0686106346483704,4.0,0.003418803418803419,0.17777777777777778,7.254700854700855,0.16279885899220561,0.6608769464933848,0.008670056171161877,3.323809523809524,0.6168425658474141,0.0683760683760683,0.9948717948717948,0.995,1.0107269999571145,30,False,3248.0
3,sparse_sbm,sparse_sbm_14,14,21,3328884137,3752482019,"[9, 16, 60, 89, 182, 193, 199, 253, 278, 283, 370, 393, 416, 460, 540]","[113, 289, 381, 325, 247, 539, 446, 568, 201, 570, 443, 387, 53, 482, 119]",600,15,0.8,,3,200,"[[0.02, 0.005, 0.01], [0.005, 0.02, 0.005], [0.01, 0.005, 0.02]]",,,,,6.716666666666667,0.3909692369378285,0.9966666666666667,0.12333333333333334,6.666666666666667,0.0016685031995001237,0.0041392232920273875,0.15384615384615385,0.006837606837606838,0.0,0.0,2.159519725557461,4.0,0.003418803418803419,0.12991452991452992,6.075213675213675,0.1342763696864576,0.7171115794403465,0.0028215831787260356,3.580952380952381,0.6594416109466291,0.0461538461538461,0.0974358974358974,0.12,0.9750868340488524,29,True,1574.0
3,sparse_sbm,sparse_sbm_14,14,22,3328884137,1262895021,"[114, 127, 201, 232, 236, 248, 255, 299, 367, 375, 394, 463, 547, 557, 581]","[141, 5, 493, 459, 592, 216, 221, 470, 149, 454, 496, 392, 339, 236, 73]",600,15,0.8,,3,200,"[[0.02, 0.005, 0.01], [0.005, 0.02, 0.005], [0.01, 0.005, 0.02]]",,,,,6.716666666666667,0.3909692369378285,0.9966666666666667,0.12333333333333334,6.533333333333333,0.001642626817394414,0.003875234688014492,0.14871794871794872,0.011965811965811967,0.0,0.0,2.183533447684391,4.0,0.003418803418803419,0.12136752136752137,5.972649572649573,0.13200491210974166,0.7257405456035593,0.005996873496873497,3.6095238095238096,0.8124004598468548,0.0581196581196581,0.1162393162393162,0.1383333333333333,0.9384633749723434,28,True,1580.0
3,sparse_sbm,sparse_sbm_14,14,23,3328884137,3847288402,"[64, 149, 176, 189, 206, 218, 277, 301, 327, 375, 402, 513, 517, 554, 582]","[115, 328, 594, 120, 265, 447, 176, 540, 439, 454, 128, 576, 462, 255, 590]",600,15,0.8,,3,200,"[[0.02, 0.005, 0.01], [0.005, 0.02, 0.005], [0.01, 0.005, 0.02]]",,,,,6.716666666666667,0.3909692369378285,0.9966666666666667,0.12333333333333334,7.933333333333334,0.0019018291703884547,0.005198341979524786,0.18461538461538463,0.010256410256410256,0.0017094017094017094,0.0,2.0343053173241854,4.0,0.003418803418803419,0.19145299145299147,7.027350427350427,0.1550638235736863,0.6667896030909729,0.006041691530413335,3.380952380952381,0.6014434414661866,0.0444444444444444,0.147008547008547,0.1683333333333333,0.9072571250144392,26,True,1580.0
3,sparse_sbm,sparse_sbm_14,14,24,3328884137,538269273,"[15, 28, 63, 84, 92, 139, 149, 170, 231, 235, 320, 467, 476, 520, 582]","[563, 270, 425, 593, 148, 151, 328, 385, 152, 90, 403, 469, 549, 288, 590]",600,15,0.8,,3,200,"[[0.02, 0.005, 0.01], [0.005, 0.02, 0.005], [0.01, 0.005, 0.02]]",,,,,6.716666666666667,0.3909692369378285,0.9966666666666667,0.12333333333333334,6.666666666666667,0.0016357091863359392,0.0034489062772789843,0.15384615384615385,0.006837606837606838,0.0,0.0,2.171526586620926,4.0,0.003418803418803419,0.14017094017094017,6.398290598290599,0.13456139060549938,0.7170998712094603,0.0023784059078176723,3.5904761904761906,0.7899686662822059,0.0444444444444444,0.9931623931623932,0.9933333333333332,0.9847780830459668,30,False,3248.0
3,sparse_sbm,sparse_sbm_14,14,25,3328884137,259266206,"[13, 20, 24, 67, 79, 89, 126, 236, 247, 338, 344, 368, 460, 572, 582]","[69, 232, 239, 521, 78, 325, 46, 592, 466, 244, 170, 235, 482, 286, 590]",600,15,0.8,,3,200,"[[0.02, 0.005, 0.01], [0.005, 0.02, 0.005], [0.01, 0.005, 0.02]]",,,,,6.716666666666667,0.3909692369378285,0.9966666666666667,0.12333333333333334,6.666666666666667,0.0016475307186334888,0.003905346601526102,0.15384615384615385,0.013675213675213675,0.0,0.0,2.1612349914236706,4.0,0.003418803418803419,0.14017094017094017,6.251282051282051,0.13608211878774554,0.7171467041330055,0.006854190782762212,3.5047619047619047,0.726736991640576,0.0529914529914529,0.9948717948717948,0.995,1.0028684159042314,30,False,3248.0
3,sparse_sbm,sparse_sbm_14,14,26,3328884137,403180012,"[55, 115, 125, 134, 275, 383, 384, 389, 429, 480, 505, 512, 559, 564, 592]","[441, 60, 320, 190, 98, 188, 22, 85, 178, 558, 57, 62, 299, 39, 455]",600,15,0.8,,3,200,"[[0.02, 0.005, 0.01], [0.005, 0.02, 0.005], [0.01, 0.005, 0.02]]",,,,,6.716666666666667,0.3909692369378285,0.9966666666666667,0.12333333333333334,7.0,0.0017148139538958058,0.0044999694148512015,0.15555555555555556,0.022222222222222223,0.0017094017094017094,0.0,2.1475128644939967,4.0,0.003418803418803419,0.14188034188034188,6.2905982905982905,0.1412262287113449,0.7140440229481325,0.009789189042982092,3.6285714285714286,0.8124004598468548,0.0547008547008547,0.9931623931623932,0.9933333333333332,0.9935011669294908,30,False,3248.0
3,sparse_sbm,sparse_sbm_14,14,27,3328884137,3431396768,"[27, 36, 46, 72, 90, 112, 180, 205, 228, 233, 277, 325, 337, 503, 573]","[199, 146, 44, 341, 445, 114, 223, 332, 55, 456, 176, 276, 24, 505, 486]",600,15,0.8,,3,200,"[[0.02, 0.005, 0.01], [0.005, 0.02, 0.005], [0.01, 0.005, 0.02]]",,,,,6.716666666666667,0.3909692369378285,0.9966666666666667,0.12333333333333334,6.933333333333334,0.0017084378671727897,0.0058315508766475,0.15384615384615385,0.015384615384615385,0.003418803418803419,0.0,2.1337907375643224,4.0,0.003418803418803419,0.1282051282051282,6.538461538461538,0.137228329443638,0.7170120594778129,0.014973452473452473,3.3333333333333335,0.7745695419009783,0.0632478632478632,0.1982905982905982,0.2183333333333333,0.997636874904856,30,False,1662.0
3,sparse_sbm,sparse_sbm_14,14,28,3328884137,3422692272,"[3, 19, 36, 79, 127, 237, 241, 295, 326, 369, 438, 458, 482, 498, 567]","[448, 237, 146, 78, 5, 30, 429, 380, 426, 209, 33, 506, 0, 172, 436]",600,15,0.8,,3,200,"[[0.02, 0.005, 0.01], [0.005, 0.02, 0.005], [0.01, 0.005, 0.02]]",,,,,6.716666666666667,0.3909692369378285,0.9966666666666667,0.12333333333333334,6.266666666666667,0.001572482129566777,0.0033925750950451663,0.15213675213675212,0.006837606837606838,0.0017094017094017094,0.0,2.1663807890222984,4.0,0.003418803418803419,0.13162393162393163,6.17948717948718,0.1335764770284933,0.719933263083948,0.004441897971309736,3.6285714285714286,0.6753061133357057,0.0512820512820512,0.1435897435897435,0.165,1.0025653330376372,30,False,1608.0
3,sparse_sbm,sparse_sbm_14,14,29,3328884137,2730482724,"[35, 80, 128, 140, 154, 155, 188, 248, 261, 279, 289, 299, 347, 383, 554]","[215, 264, 111, 515, 3, 461, 326, 216, 319, 302, 70, 470, 314, 188, 255]",600,15,0.8,,3,200,"[[0.02, 0.005, 0.01], [0.005, 0.02, 0.005], [0.01, 0.005, 0.02]]",,,,,6.716666666666667,0.3909692369378285,0.9966666666666667,0.12333333333333334,6.066666666666666,0.0015227740409402867,0.0028379503424908865,0.14188034188034188,0.013675213675213675,0.0,0.0,2.20926243567753,4.0,0.003418803418803419,0.1076923076923077,5.72991452991453,0.1280413609472474,0.7372497365648051,0.006040718540718541,3.761904761904762,0.7539369123585634,0.0478632478632478,0.9948717948717948,0.995,0.9731038749450818,30,False,3248.0
3,sparse_sbm,sparse_sbm_14,14,30,3328884137,4043290752,"[6, 69, 125, 162, 209, 243, 333, 397, 399, 421, 443, 448, 474, 484, 487]","[331, 185, 320, 423, 186, 383, 354, 256, 468, 28, 398, 543, 296, 206, 177]",600,15,0.8,,3,200,"[[0.02, 0.005, 0.01], [0.005, 0.02, 0.005], [0.01, 0.005, 0.02]]",,,,,6.716666666666667,0.3909692369378285,0.9966666666666667,0.12333333333333334,7.133333333333334,0.0017483672689173892,0.005435494053326426,0.1606837606837607,0.013675213675213675,0.0017094017094017094,0.0,2.1355060034305318,4.0,0.003418803418803419,0.14188034188034188,6.133333333333334,0.13858755479561402,0.7059711977520197,0.007406204906204906,3.552380952380952,0.726736991640576,0.041025641025641,0.1162393162393162,0.1383333333333333,1.014410458970815,30,False,1588.0
3,sparse_sbm,sparse_sbm_14,14,31,3328884137,831683288,"[136, 217, 223, 269, 271, 322, 359, 360, 371, 376, 386, 387, 490, 512, 528]","[556, 336, 583, 222, 308, 268, 324, 9, 43, 508, 2, 313, 287, 62, 472]",600,15,0.8,,3,200,"[[0.02, 0.005, 0.01], [0.005, 0.02, 0.005], [0.01, 0.005, 0.02]]",,,,,6.716666666666667,0.3909692369378285,0.9966666666666667,0.12333333333333334,5.866666666666666,0.0015125112810075786,0.003305722161435641,0.13675213675213677,0.010256410256410256,0.0,0.0,2.2795883361921097,4.0,0.003418803418803419,0.1111111111111111,5.319658119658119,0.12305246392583653,0.7460367638449831,0.004261294261294261,3.857142857142857,0.7403369519995697,0.0478632478632478,0.2444444444444444,0.2633333333333333,1.0326057090424,30,False,1678.0
3,sparse_sbm,sparse_sbm_14,14,32,3328884137,605000444,"[31, 48, 97, 105, 161, 204, 241, 312, 335, 429, 463, 513, 536, 588, 599]","[242, 263, 310, 107, 138, 377, 429, 525, 434, 178, 392, 576, 561, 347, 559]",600,15,0.8,,3,200,"[[0.02, 0.005, 0.01], [0.005, 0.02, 0.005], [0.01, 0.005, 0.02]]",,,,,6.716666666666667,0.3909692369378285,0.9966666666666667,0.12333333333333334,6.466666666666667,0.0016160236488060248,0.0038148484606907846,0.14871794871794872,0.013675213675213675,0.0,0.0,2.174957118353345,5.0,0.003418803418803419,0.11965811965811966,5.875213675213676,0.13291419984384295,0.725652733871912,0.0063869992441421015,3.6666666666666665,0.6954733648702718,0.0495726495726495,0.8273504273504273,0.8316666666666667,1.020041333977133,30,False,2694.0
3,sparse_sbm,sparse_sbm_14,14,33,3328884137,915444440,"[32, 184, 213, 297, 308, 321, 322, 332, 342, 498, 542, 546, 568, 571, 579]","[323, 437, 83, 158, 37, 511, 268, 275, 404, 172, 573, 249, 315, 330, 103]",600,15,0.8,,3,200,"[[0.02, 0.005, 0.01], [0.005, 0.02, 0.005], [0.01, 0.005, 0.02]]",,,,,6.716666666666667,0.3909692369378285,0.9966666666666667,0.12333333333333334,6.533333333333333,0.001639102353301965,0.0047347866902023176,0.15213675213675212,0.013675213675213675,0.0017094017094017094,0.0,2.1475128644939967,4.0,0.003418803418803419,0.1076923076923077,5.969230769230769,0.13415656452780997,0.7200679077391406,0.0068444953739071395,3.723809523809524,0.7539369123585634,0.0478632478632478,0.9948717948717948,0.995,0.9888760830508544,30,False,3248.0
3,sparse_sbm,sparse_sbm_14,14,34,3328884137,1971669142,"[12, 15, 90, 102, 114, 213, 218, 271, 326, 345, 483, 505, 520, 525, 562]","[99, 563, 445, 63, 141, 83, 447, 308, 426, 261, 595, 57, 288, 309, 458]",600,15,0.8,,3,200,"[[0.02, 0.005, 0.01], [0.005, 0.02, 0.005], [0.01, 0.005, 0.02]]",,,,,6.716666666666667,0.3909692369378285,0.9966666666666667,0.12333333333333334,6.266666666666667,0.0015694700517122505,0.00324036619837279,0.147008547008547,0.010256410256410256,0.0,0.0,2.1869639794168094,4.0,0.003418803418803419,0.11794871794871795,6.076923076923077,0.1307486750227408,0.7285680833626039,0.004291383219954648,3.638095238095238,0.7627687455642186,0.0632478632478632,0.9948717948717948,0.995,0.9708906670566648,30,False,3248.0
3,sparse_sbm,sparse_sbm_14,14,35,3328884137,2681833100,"[53, 117, 147, 181, 190, 223, 229, 248, 262, 280, 377, 403, 432, 575, 579]","[211, 96, 562, 214, 520, 583, 29, 216, 147, 351, 42, 88, 431, 419, 103]",600,15,0.8,,3,200,"[[0.02, 0.005, 0.01], [0.005, 0.02, 0.005], [0.01, 0.005, 0.02]]",,,,,6.716666666666667,0.3909692369378285,0.9966666666666667,0.12333333333333334,6.8,0.001666709818744889,0.004517840545856916,0.15897435897435896,0.011965811965811967,0.0,0.0,2.1320754716981134,4.0,0.003418803418803419,0.15726495726495726,6.36068376068376,0.13900697383473398,0.7085938414705538,0.006305431263414455,3.5619047619047617,0.6664742801300504,0.0547008547008547,0.9948717948717948,0.995,0.9891739999875426,30,False,3248.0
3,sparse_sbm,sparse_sbm_14,14,36,3328884137,3148182085,"[3, 25, 97, 123, 143, 222, 227, 229, 261, 268, 337, 350, 379, 500, 581]","[448, 65, 310, 155, 8, 399, 123, 29, 319, 386, 24, 372, 245, 218, 73]",600,15,0.8,,3,200,"[[0.02, 0.005, 0.01], [0.005, 0.02, 0.005], [0.01, 0.005, 0.02]]",,,,,6.716666666666667,0.3909692369378285,0.9966666666666667,0.12333333333333334,7.266666666666667,0.0017899268508804237,0.004837787638371036,0.17264957264957265,0.010256410256410256,0.0,0.0,2.0891938250428814,4.0,0.003418803418803419,0.12991452991452992,6.406837606837607,0.14875027093537263,0.6859442688209811,0.003933517462929228,3.5142857142857142,0.6322416902286417,0.0581196581196581,0.9931623931623932,0.9933333333333332,0.9943287909263744,30,False,3248.0
3,sparse_sbm,sparse_sbm_14,14,37,3328884137,3147246757,"[16, 53, 85, 118, 131, 265, 303, 344, 399, 470, 492, 510, 520, 562, 573]","[289, 211, 597, 490, 160, 273, 74, 170, 468, 338, 163, 371, 288, 458, 486]",600,15,0.8,,3,200,"[[0.02, 0.005, 0.01], [0.005, 0.02, 0.005], [0.01, 0.005, 0.02]]",,,,,6.716666666666667,0.3909692369378285,0.9966666666666667,0.12333333333333334,6.533333333333333,0.00162366066427114,0.0035149808951397935,0.15213675213675212,0.011965811965811967,0.0,0.0,2.1492281303602057,4.0,0.003418803418803419,0.11965811965811966,6.052991452991453,0.13433110800164072,0.7199800960074932,0.005933792320346942,3.704761904761905,0.6889060736946994,0.0495726495726495,0.0905982905982906,0.1133333333333333,1.0253806250402704,30,False,1544.0
3,sparse_sbm,sparse_sbm_14,14,38,3328884137,3198120968,"[6, 59, 92, 137, 140, 183, 208, 214, 307, 336, 400, 448, 453, 495, 589]","[331, 553, 148, 552, 515, 304, 17, 246, 174, 47, 16, 543, 257, 82, 359]",600,15,0.8,,3,200,"[[0.02, 0.005, 0.01], [0.005, 0.02, 0.005], [0.01, 0.005, 0.02]]",,,,,6.716666666666667,0.3909692369378285,0.9966666666666667,0.12333333333333334,6.0,0.0015059640252079907,0.003289325236342563,0.13846153846153847,0.010256410256410256,0.0017094017094017094,0.0,2.221269296740995,4.0,0.003418803418803419,0.10256410256410256,5.844444444444444,0.12460426419832961,0.7430979978925184,0.005511780469763663,3.704761904761905,0.7179051584349208,0.0495726495726495,0.3794871794871794,0.395,1.0260493330424652,30,False,1846.0
3,sparse_sbm,sparse_sbm_14,14,39,3328884137,2763361606,"[33, 74, 94, 96, 122, 131, 146, 278, 288, 331, 415, 417, 432, 489, 494]","[61, 279, 567, 366, 365, 160, 290, 201, 293, 157, 391, 582, 431, 305, 36]",600,15,0.8,,3,200,"[[0.02, 0.005, 0.01], [0.005, 0.02, 0.005], [0.01, 0.005, 0.02]]",,,,,6.716666666666667,0.3909692369378285,0.9966666666666667,0.12333333333333334,6.4,0.001590102179464548,0.0044547688256282815,0.15042735042735042,0.006837606837606838,0.0,0.0,2.150943396226415,4.0,0.003418803418803419,0.13846153846153847,6.391452991452992,0.13195772011916188,0.7228369043437537,0.0032117392411510058,3.657142857142857,0.8260004202058486,0.0461538461538461,0.9931623931623932,0.9933333333333332,1.0190257920185104,30,False,3248.0
3,sparse_sbm,sparse_sbm_14,14,40,3328884137,3117554599,"[7, 88, 150, 228, 268, 269, 283, 301, 321, 379, 414, 471, 556, 568, 598]","[207, 400, 346, 55, 386, 222, 570, 540, 511, 245, 318, 132, 179, 315, 402]",600,15,0.8,,3,200,"[[0.02, 0.005, 0.01], [0.005, 0.02, 0.005], [0.01, 0.005, 0.02]]",,,,,6.716666666666667,0.3909692369378285,0.9966666666666667,0.12333333333333334,6.733333333333333,0.0016985679536258788,0.0033522892222659284,0.15726495726495726,0.013675213675213675,0.0017094017094017094,0.0,2.144082332761578,4.0,0.003418803418803419,0.12991452991452992,6.181196581196581,0.13956687001296625,0.7112808804589626,0.00765656690026438,3.5047619047619047,0.5936569162880974,0.0615384615384615,0.9965811965811966,0.9966666666666668,0.994292709045112,30,False,3248.0
3,sparse_sbm,sparse_sbm_14,14,41,3328884137,1934834559,"[67, 70, 96, 165, 173, 217, 262, 285, 344, 362, 382, 458, 463, 472, 563]","[521, 187, 366, 546, 76, 336, 147, 225, 170, 54, 406, 506, 392, 271, 52]",600,15,0.8,,3,200,"[[0.02, 0.005, 0.01], [0.005, 0.02, 0.005], [0.01, 0.005, 0.02]]",,,,,6.716666666666667,0.3909692369378285,0.9966666666666667,0.12333333333333334,5.466666666666667,0.001405440276231848,0.0026837174009744598,0.13162393162393163,0.006837606837606838,0.0017094017094017094,0.0,2.2795883361921097,4.0,0.003418803418803419,0.07692307692307693,4.91965811965812,0.11654046987349931,0.7550755180892167,0.004459667316810174,4.0476190476190474,0.7745695419009783,0.0461538461538461,0.2188034188034188,0.2383333333333333,1.0199403750011695,30,False,1656.0
3,sparse_sbm,sparse_sbm_14,14,42,3328884137,2633056580,"[93, 99, 107, 177, 195, 257, 272, 279, 320, 345, 446, 448, 481, 513, 568]","[513, 25, 596, 228, 435, 192, 241, 302, 403, 261, 581, 543, 48, 576, 315]",600,15,0.8,,3,200,"[[0.02, 0.005, 0.01], [0.005, 0.02, 0.005], [0.01, 0.005, 0.02]]",,,,,6.716666666666667,0.3909692369378285,0.9966666666666667,0.12333333333333334,5.333333333333333,0.0013578494150276196,0.0027279139443642055,0.12991452991452992,0.005128205128205128,0.0017094017094017094,0.0,2.2315608919382504,5.0,0.003418803418803419,0.08717948717948718,5.541880341880342,0.1166727293094837,0.7578152441166139,0.003843607373019138,3.8095238095238093,0.8260004202058486,0.0427350427350427,0.2068376068376068,0.2266666666666666,1.0277593340724709,30,False,1666.0
3,sparse_sbm,sparse_sbm_14,14,43,3328884137,143227921,"[1, 240, 305, 349, 375, 416, 422, 429, 450, 468, 478, 484, 562, 563, 594]","[544, 213, 588, 376, 454, 53, 420, 178, 93, 285, 108, 206, 458, 52, 517]",600,15,0.8,,3,200,"[[0.02, 0.005, 0.01], [0.005, 0.02, 0.005], [0.01, 0.005, 0.02]]",,,,,6.716666666666667,0.3909692369378285,0.9966666666666667,0.12333333333333334,6.533333333333333,0.001615401284965485,0.003558889114231031,0.15384615384615385,0.010256410256410256,0.0,0.0,2.171526586620926,4.0,0.003418803418803419,0.11623931623931624,5.967521367521368,0.13490935882612512,0.7172052452874371,0.004721981721981722,3.6,0.7627687455642186,0.0615384615384615,0.9931623931623932,0.9933333333333332,0.968106499989517,30,True,3248.0
3,sparse_sbm,sparse_sbm_14,14,44,3328884137,20847347,"[83, 87, 124, 197, 258, 311, 409, 412, 413, 417, 455, 509, 530, 540, 564]","[534, 164, 71, 238, 294, 350, 182, 417, 410, 582, 248, 26, 557, 119, 39]",600,15,0.8,,3,200,"[[0.02, 0.005, 0.01], [0.005, 0.02, 0.005], [0.01, 0.005, 0.02]]",,,,,6.716666666666667,0.3909692369378285,0.9966666666666667,0.12333333333333334,8.0,0.0019280844091733164,0.00694591544341898,0.1829059829059829,0.018803418803418803,0.0,0.0,2.073756432246998,4.0,0.003418803418803419,0.17777777777777778,7.044444444444444,0.1596637189619598,0.669072708113804,0.006639720747416457,3.4095238095238094,0.767536872717557,0.0427350427350427,0.0905982905982906,0.1133333333333333,1.0161292080301791,30,False,1556.0
3,sparse_sbm,sparse_sbm_14,14,45,3328884137,2234002071,"[47, 65, 108, 159, 193, 222, 253, 322, 386, 402, 494, 517, 539, 546, 585]","[598, 56, 116, 277, 539, 399, 568, 268, 2, 128, 36, 462, 175, 249, 260]",600,15,0.8,,3,200,"[[0.02, 0.005, 0.01], [0.005, 0.02, 0.005], [0.01, 0.005, 0.02]]",,,,,6.716666666666667,0.3909692369378285,0.9966666666666667,0.12333333333333334,7.0,0.0017126085073322615,0.0032859266457652917,0.15726495726495726,0.015384615384615385,0.003418803418803419,0.0,2.169811320754717,4.0,0.003418803418803419,0.15042735042735042,6.545299145299145,0.1402200591625785,0.7112633181126332,0.008157974145369102,3.4857142857142858,0.726736991640576,0.0547008547008547,0.9897435897435898,0.99,1.006803167052567,30,False,3234.0
3,sparse_sbm,sparse_sbm_14,14,46,3328884137,3352436400,"[27, 31, 73, 112, 118, 128, 151, 196, 242, 367, 385, 451, 462, 525, 593]","[199, 242, 291, 114, 490, 111, 195, 220, 463, 149, 283, 23, 424, 309, 379]",600,15,0.8,,3,200,"[[0.02, 0.005, 0.01], [0.005, 0.02, 0.005], [0.01, 0.005, 0.02]]",,,,,6.716666666666667,0.3909692369378285,0.9966666666666667,0.12333333333333334,6.666666666666667,0.001641331783775529,0.004506659562344802,0.15555555555555556,0.015384615384615385,0.0,0.0,2.144082332761578,4.0,0.003418803418803419,0.147008547008547,6.444444444444445,0.13822751963849184,0.7141552511415525,0.006643753072324501,3.638095238095238,0.7539369123585634,0.0615384615384615,0.9948717948717948,0.995,1.0255972909508273,30,False,3248.0
3,sparse_sbm,sparse_sbm_14,14,47,3328884137,2109564087,"[8, 19, 28, 40, 79, 126, 172, 281, 353, 408, 511, 512, 545, 583, 594]","[282, 237, 270, 522, 78, 46, 483, 142, 91, 418, 498, 62, 574, 197, 517]",600,15,0.8,,3,200,"[[0.02, 0.005, 0.01], [0.005, 0.02, 0.005], [0.01, 0.005, 0.02]]",,,,,6.716666666666667,0.3909692369378285,0.9966666666666667,0.12333333333333334,6.866666666666666,0.0016716595886460957,0.004550114992147844,0.1623931623931624,0.008547008547008548,0.0017094017094017094,0.0,2.0926243567753002,4.0,0.003418803418803419,0.1452991452991453,6.582905982905983,0.14064711113238587,0.7028860789134762,0.005291005291005292,3.619047619047619,0.7763687059232123,0.0478632478632478,0.2119658119658119,0.2316666666666666,1.055016209022142,30,False,1676.0
3,sparse_sbm,sparse_sbm_14,14,48,3328884137,3616942649,"[32, 101, 106, 121, 148, 160, 215, 292, 313, 364, 392, 422, 426, 515, 580]","[323, 210, 278, 298, 548, 345, 536, 156, 203, 569, 171, 420, 565, 358, 27]",600,15,0.8,,3,200,"[[0.02, 0.005, 0.01], [0.005, 0.02, 0.005], [0.01, 0.005, 0.02]]",,,,,6.716666666666667,0.3909692369378285,0.9966666666666667,0.12333333333333334,6.333333333333333,0.0015778243868274078,0.0045900357902119,0.15555555555555556,0.005128205128205128,0.0017094017094017094,0.0,2.13527397260274,4.0,0.0017094017094017094,0.10598290598290598,5.837606837606837,0.13098616002964603,0.7147055379932092,0.003119737405451691,3.7032967032967035,0.7403369519995696,0.0461538461538461,1.0,1.0,0.99049599992577,29,True,3248.0
3,sparse_sbm,sparse_sbm_14,14,49,3328884137,1228389378,"[77, 98, 188, 203, 229, 245, 286, 330, 341, 372, 376, 394, 428, 495, 535]","[18, 401, 326, 450, 29, 105, 491, 21, 234, 361, 508, 496, 492, 82, 432]",600,15,0.8,,3,200,"[[0.02, 0.005, 0.01], [0.005, 0.02, 0.005], [0.01, 0.005, 0.02]]",,,,,6.716666666666667,0.3909692369378285,0.9966666666666667,0.12333333333333334,6.8,0.0017012951729096332,0.006894598226957952,0.14871794871794872,0.011965811965811967,0.0,0.0,2.1903945111492282,4.0,0.003418803418803419,0.14188034188034188,6.034188034188034,0.1320463168159653,0.7257522538344456,0.005703131864122577,3.6095238095238096,0.7179051584349208,0.0547008547008547,0.2957264957264957,0.3133333333333333,1.0090077909408135,30,False,1716.0
3,sparse_sbm,sparse_sbm_15,15,0,60208194,1776207504,"[11, 92, 115, 156, 172, 186, 302, 310, 437, 469, 507, 549, 560, 569, 596]","[330, 146, 293, 125, 265, 264, 473, 63, 417, 491, 522, 469, 249, 127, 419]",600,15,0.8,,3,200,"[[0.02, 0.005, 0.01], [0.005, 0.02, 0.005], [0.01, 0.005, 0.02]]",,,,,6.683333333333334,0.3836466666339901,1.0,0.1,6.466666666666667,0.0015940443867564125,0.003997915418955209,0.1452991452991453,0.013675213675213675,0.0,0.0,2.217094017094017,4.0,0.0,0.147008547008547,6.394871794871795,0.13183847144979416,0.7313136635054444,0.005418500733626784,3.5142857142857142,0.7129539275966412,0.0512820512820512,0.1435897435897435,0.165,0.7843605000525713,23,True,1598.0
3,sparse_sbm,sparse_sbm_15,15,1,60208194,1087867193,"[11, 53, 86, 97, 108, 160, 190, 271, 324, 358, 388, 436, 454, 584, 589]","[330, 503, 585, 355, 459, 68, 321, 430, 495, 525, 239, 93, 303, 489, 97]",600,15,0.8,,3,200,"[[0.02, 0.005, 0.01], [0.005, 0.02, 0.005], [0.01, 0.005, 0.02]]",,,,,6.683333333333334,0.3836466666339901,1.0,0.1,5.733333333333333,0.0014910274992504826,0.002263134035158923,0.13846153846153847,0.005128205128205128,0.0,0.0,2.235897435897436,4.0,0.0,0.09230769230769231,5.411965811965812,0.12239179094816827,0.7432033719704952,0.002915140415140415,3.723809523809524,0.8385691420896731,0.0495726495726495,0.094017094017094,0.1166666666666666,0.7030213329708204,20,True,1522.0
3,sparse_sbm,sparse_sbm_15,15,2,60208194,3937606816,"[58, 99, 150, 161, 180, 241, 265, 266, 273, 294, 340, 493, 562, 590, 593]","[283, 324, 527, 392, 360, 559, 75, 374, 531, 147, 241, 344, 235, 551, 536]",600,15,0.8,,3,200,"[[0.02, 0.005, 0.01], [0.005, 0.02, 0.005], [0.01, 0.005, 0.02]]",,,,,6.683333333333334,0.3836466666339901,1.0,0.1,7.0,0.0017261643975692354,0.004235100996193116,0.1623931623931624,0.011965811965811967,0.0017094017094017094,0.0,2.1452991452991452,4.0,0.0,0.13846153846153847,6.581196581196581,0.14251100770305858,0.7027807048354994,0.0061637475503021726,3.5238095238095237,0.8154147855687693,0.041025641025641,0.1658119658119658,0.1866666666666666,0.8492935829563066,25,True,1602.0
3,sparse_sbm,sparse_sbm_15,15,3,60208194,820128194,"[22, 88, 122, 144, 174, 246, 301, 303, 309, 314, 376, 465, 492, 500, 521]","[167, 37, 114, 230, 426, 79, 99, 318, 294, 414, 248, 194, 243, 12, 406]",600,15,0.8,,3,200,"[[0.02, 0.005, 0.01], [0.005, 0.02, 0.005], [0.01, 0.005, 0.02]]",,,,,6.683333333333334,0.3836466666339901,1.0,0.1,6.4,0.0016003596264675445,0.0034322491657071776,0.147008547008547,0.010256410256410256,0.0,0.0,2.217094017094017,5.0,0.0,0.1282051282051282,5.948717948717949,0.1305561015005227,0.7285856457089334,0.004189104546247403,3.6285714285714286,0.7501463203501252,0.0512820512820512,0.1982905982905982,0.2183333333333333,1.11262970790267,30,False,1624.0
3,sparse_sbm,sparse_sbm_15,15,4,60208194,1578887172,"[80, 95, 136, 155, 167, 168, 175, 220, 257, 266, 287, 295, 301, 530, 581]","[120, 438, 590, 90, 161, 537, 71, 72, 437, 374, 223, 240, 99, 89, 488]",600,15,0.8,,3,200,"[[0.02, 0.005, 0.01], [0.005, 0.02, 0.005], [0.01, 0.005, 0.02]]",,,,,6.683333333333334,0.3836466666339901,1.0,0.1,7.266666666666667,0.0017818180585982759,0.005285300484592409,0.1675213675213675,0.011965811965811967,0.0,0.0,2.1145299145299146,4.0,0.0,0.15213675213675212,6.564102564102564,0.14586305277775355,0.6943390703664676,0.004784496344646721,3.4761904761904763,0.7110968097032223,0.0512820512820512,1.0,1.0,0.7383378330850974,22,True,3212.0
3,sparse_sbm,sparse_sbm_15,15,5,60208194,1799416919,"[9, 20, 42, 78, 108, 112, 121, 144, 169, 217, 351, 406, 457, 554, 578]","[329, 431, 13, 30, 459, 284, 566, 230, 74, 442, 119, 109, 369, 281, 463]",600,15,0.8,,3,200,"[[0.02, 0.005, 0.01], [0.005, 0.02, 0.005], [0.01, 0.005, 0.02]]",,,,,6.683333333333334,0.3836466666339901,1.0,0.1,6.2,0.0015569539032699031,0.0036070535662988995,0.13675213675213677,0.017094017094017096,0.0017094017094017094,0.0,2.229059829059829,5.0,0.0,0.14017094017094017,6.1008547008547005,0.1260178447741477,0.7458787027280178,0.01002913752913753,3.419047619047619,0.7178756435408975,0.041025641025641,0.2239316239316239,0.2433333333333333,1.005637124995701,30,False,1678.0
3,sparse_sbm,sparse_sbm_15,15,6,60208194,963725627,"[17, 19, 30, 38, 44, 198, 281, 315, 414, 480, 553, 572, 579, 583, 588]","[433, 535, 268, 391, 76, 346, 159, 107, 83, 400, 558, 14, 65, 547, 25]",600,15,0.8,,3,200,"[[0.02, 0.005, 0.01], [0.005, 0.02, 0.005], [0.01, 0.005, 0.02]]",,,,,6.683333333333334,0.3836466666339901,1.0,0.1,6.0,0.0015029469511331957,0.0031529920154289635,0.147008547008547,0.006837606837606838,0.0,0.0,2.1794871794871793,4.0,0.0,0.09743589743589744,5.941880341880342,0.12866233395209173,0.728720290364126,0.0033465608465608463,3.6476190476190475,0.7782223928152854,0.0341880341880341,0.0666666666666666,0.09,1.0041341250762343,30,False,1514.0
3,sparse_sbm,sparse_sbm_15,15,7,60208194,856572107,"[17, 86, 143, 175, 200, 208, 212, 229, 303, 332, 401, 410, 491, 540, 592]","[433, 585, 446, 71, 372, 524, 481, 66, 318, 543, 177, 195, 155, 210, 418]",600,15,0.8,,3,200,"[[0.02, 0.005, 0.01], [0.005, 0.02, 0.005], [0.01, 0.005, 0.02]]",,,,,6.683333333333334,0.3836466666339901,1.0,0.1,6.466666666666667,0.0016524657576316994,0.0036792477904850542,0.14871794871794872,0.013675213675213675,0.0,0.0,2.230769230769231,4.0,0.0,0.1264957264957265,5.827350427350427,0.1328939361522852,0.7256820044491278,0.006306977336389101,3.5904761904761906,0.7873387131036093,0.0529914529914529,0.3282051282051282,0.345,1.0193301669787616,30,False,1762.0
3,sparse_sbm,sparse_sbm_15,15,8,60208194,3456560158,"[10, 92, 131, 156, 160, 173, 268, 300, 322, 345, 444, 456, 492, 502, 559]","[48, 146, 574, 125, 68, 105, 312, 435, 260, 61, 280, 129, 243, 403, 375]",600,15,0.8,,3,200,"[[0.02, 0.005, 0.01], [0.005, 0.02, 0.005], [0.01, 0.005, 0.02]]",,,,,6.683333333333334,0.3836466666339901,1.0,0.1,7.066666666666666,0.0017493796884056072,0.004633509105561312,0.1641025641025641,0.010256410256410256,0.003418803418803419,0.0,2.1555555555555554,4.0,0.0,0.15384615384615385,6.423931623931624,0.14205686948630394,0.7000936658470905,0.005629748975613637,3.5238095238095237,0.6970587734706422,0.0376068376068376,0.0581196581196581,0.0816666666666666,1.0084684999892488,30,False,1508.0
3,sparse_sbm,sparse_sbm_15,15,9,60208194,1091011085,"[108, 155, 166, 168, 177, 192, 212, 321, 398, 423, 498, 500, 509, 532, 548]","[459, 90, 96, 537, 40, 436, 481, 351, 568, 366, 38, 12, 553, 453, 62]",600,15,0.8,,3,200,"[[0.02, 0.005, 0.01], [0.005, 0.02, 0.005], [0.01, 0.005, 0.02]]",,,,,6.683333333333334,0.3836466666339901,1.0,0.1,6.4,0.0016157794739922958,0.0042898198829229095,0.15042735042735042,0.003418803418803419,0.0,0.0,2.157264957264957,4.0,0.0,0.10256410256410256,6.068376068376068,0.13095598498823688,0.7228603208055263,0.001327838827838828,3.638095238095238,0.8385691420896733,0.0478632478632478,0.1794871794871795,0.2,1.0095464590704069,30,False,1634.0
3,sparse_sbm,sparse_sbm_15,15,10,60208194,2367946876,"[82, 86, 93, 139, 175, 190, 196, 278, 280, 318, 368, 462, 476, 560, 596]","[341, 585, 236, 510, 71, 321, 326, 352, 304, 474, 572, 497, 212, 249, 419]",600,15,0.8,,3,200,"[[0.02, 0.005, 0.01], [0.005, 0.02, 0.005], [0.01, 0.005, 0.02]]",,,,,6.683333333333334,0.3836466666339901,1.0,0.1,7.533333333333333,0.0018449866771676452,0.00649613003455489,0.17264957264957265,0.015384615384615385,0.0017094017094017094,0.0,2.1264957264957265,4.0,0.0,0.1829059829059829,6.890598290598291,0.15050573909847645,0.6859091441283222,0.007956712599569742,3.3904761904761904,0.8385691420896731,0.0666666666666666,1.0,1.0,0.5609154580160975,16,True,3212.0
3,sparse_sbm,sparse_sbm_15,15,11,60208194,500662365,"[10, 18, 64, 125, 141, 191, 269, 281, 284, 371, 387, 412, 432, 458, 482]","[48, 276, 526, 231, 595, 57, 113, 159, 441, 327, 596, 1, 153, 154, 381]",600,15,0.8,,3,200,"[[0.02, 0.005, 0.01], [0.005, 0.02, 0.005], [0.01, 0.005, 0.02]]",,,,,6.683333333333334,0.3836466666339901,1.0,0.1,6.466666666666667,0.001626877024583153,0.0036497691389137396,0.15555555555555556,0.010256410256410256,0.0,0.0,2.174358974358974,4.0,0.0,0.09743589743589744,5.5606837606837605,0.13581715895483928,0.7142957499121882,0.005306011293406252,3.7904761904761903,0.7550680362943815,0.0376068376068376,0.1008547008547008,0.1233333333333333,1.011054415954277,29,True,1550.0
3,sparse_sbm,sparse_sbm_15,15,12,60208194,358548972,"[80, 98, 138, 146, 187, 219, 221, 248, 298, 389, 423, 429, 445, 522, 523]","[120, 584, 320, 100, 7, 530, 108, 35, 518, 267, 366, 122, 485, 487, 420]",600,15,0.8,,3,200,"[[0.02, 0.005, 0.01], [0.005, 0.02, 0.005], [0.01, 0.005, 0.02]]",,,,,6.683333333333334,0.3836466666339901,1.0,0.1,7.666666666666667,0.0018782948458906648,0.005929378225671302,0.1794871794871795,0.013675213675213675,0.0,0.0,2.083760683760684,4.0,0.0,0.17094017094017094,6.776068376068376,0.15561442289279778,0.6746516801311322,0.004898688874805637,3.580952380952381,0.8897995710757374,0.0632478632478632,1.0,1.0,0.5955959999701008,17,True,3212.0
3,sparse_sbm,sparse_sbm_15,15,13,60208194,1502105061,"[6, 100, 158, 177, 180, 228, 237, 366, 468, 470, 487, 511, 555, 567, 590]","[490, 455, 102, 40, 360, 332, 393, 339, 509, 550, 443, 163, 18, 561, 551]",600,15,0.8,,3,200,"[[0.02, 0.005, 0.01], [0.005, 0.02, 0.005], [0.01, 0.005, 0.02]]",,,,,6.683333333333334,0.3836466666339901,1.0,0.1,6.933333333333334,0.0017155095877325677,0.004951155844089141,0.16923076923076924,0.008547008547008548,0.0,0.0,2.1076923076923078,4.0,0.0,0.13333333333333333,6.4,0.14592789800879719,0.6915466573000819,0.0040293739873571805,3.6095238095238096,0.7550680362943815,0.0427350427350427,0.4752136752136752,0.4883333333333333,1.0057047499576584,30,False,1838.0
3,sparse_sbm,sparse_sbm_15,15,14,60208194,619032629,"[16, 114, 142, 154, 207, 262, 325, 369, 385, 447, 449, 458, 505, 506, 529]","[448, 478, 380, 20, 335, 593, 471, 173, 496, 46, 42, 154, 36, 534, 361]",600,15,0.8,,3,200,"[[0.02, 0.005, 0.01], [0.005, 0.02, 0.005], [0.01, 0.005, 0.02]]",,,,,6.683333333333334,0.3836466666339901,1.0,0.1,7.133333333333334,0.0017505332428728027,0.006103605888830563,0.1675213675213675,0.011965811965811967,0.0,0.0,2.1145299145299146,4.0,0.0,0.14358974358974358,6.622222222222222,0.14580605473358038,0.6943566327127971,0.004281580132973322,3.4761904761904763,0.7922604290478654,0.0427350427350427,0.1589743589743589,0.18,1.001295332913287,30,False,1610.0
3,sparse_sbm,sparse_sbm_15,15,15,60208194,471551505,"[12, 26, 79, 127, 156, 208, 219, 227, 326, 347, 402, 406, 520, 560, 584]","[263, 16, 180, 94, 125, 524, 530, 82, 59, 9, 421, 109, 528, 249, 489]",600,15,0.8,,3,200,"[[0.02, 0.005, 0.01], [0.005, 0.02, 0.005], [0.01, 0.005, 0.02]]",,,,,6.683333333333334,0.3836466666339901,1.0,0.1,6.066666666666666,0.0015340431678673636,0.0028290002447226474,0.14358974358974358,0.008547008547008548,0.0,0.0,2.213675213675214,4.0,0.0,0.14017094017094017,6.017094017094017,0.12809837207255823,0.7343519494204426,0.004396621896621897,3.5619047619047617,0.7782223928152854,0.0495726495726495,0.2615384615384615,0.28,1.012491749948822,30,False,1684.0
3,sparse_sbm,sparse_sbm_15,15,16,60208194,3482495585,"[55, 68, 99, 180, 299, 335, 436, 437, 528, 541, 542, 549, 568, 573, 598]","[395, 135, 324, 360, 207, 412, 93, 417, 295, 217, 254, 469, 138, 60, 376]",600,15,0.8,,3,200,"[[0.02, 0.005, 0.01], [0.005, 0.02, 0.005], [0.01, 0.005, 0.02]]",,,,,6.683333333333334,0.3836466666339901,1.0,0.1,7.866666666666666,0.001927237268339863,0.005492923870650337,0.18461538461538463,0.010256410256410256,0.0,0.0,2.083760683760684,4.0,0.0,0.15555555555555556,6.504273504273504,0.1565559334085012,0.6665788549350193,0.003717066536759631,3.5142857142857142,0.8526071783222533,0.0495726495726495,0.4393162393162393,0.4533333333333333,1.0169248749734834,30,False,1834.0
3,sparse_sbm,sparse_sbm_15,15,17,60208194,3258970965,"[6, 84, 149, 184, 220, 263, 284, 295, 408, 413, 477, 525, 541, 551, 554]","[490, 197, 24, 501, 72, 26, 441, 240, 410, 203, 296, 397, 217, 15, 281]",600,15,0.8,,3,200,"[[0.02, 0.005, 0.01], [0.005, 0.02, 0.005], [0.01, 0.005, 0.02]]",,,,,6.683333333333334,0.3836466666339901,1.0,0.1,6.2,0.0015607451203695623,0.002814398923391688,0.13333333333333333,0.010256410256410256,0.0017094017094017094,0.0,2.2273504273504274,4.0,0.0,0.1264957264957265,6.032478632478632,0.12082586156904386,0.7518908792881396,0.006214182642754071,3.657142857142857,0.7110968097032223,0.0495726495726495,0.2017094017094017,0.2216666666666666,1.033827458973974,30,False,1618.0
3,sparse_sbm,sparse_sbm_15,15,18,60208194,1828109378,"[32, 53, 64, 127, 195, 309, 314, 400, 409, 429, 431, 491, 524, 569, 570]","[246, 503, 526, 94, 298, 294, 414, 385, 389, 122, 552, 155, 575, 127, 219]",600,15,0.8,,3,200,"[[0.02, 0.005, 0.01], [0.005, 0.02, 0.005], [0.01, 0.005, 0.02]]",,,,,6.683333333333334,0.3836466666339901,1.0,0.1,8.8,0.002086855044578962,0.006375655778333959,0.19829059829059828,0.022222222222222223,0.0017094017094017094,0.0,2.039316239316239,4.0,0.0,0.2153846153846154,7.608547008547008,0.17106160975524368,0.644502985598876,0.008294965391382905,3.2,0.7641843565827053,0.0683760683760683,1.0,1.0,0.5220495000248775,15,True,3212.0
3,sparse_sbm,sparse_sbm_15,15,19,60208194,2061567014,"[0, 10, 24, 131, 143, 160, 282, 294, 334, 378, 418, 462, 496, 542, 563]","[569, 48, 73, 574, 446, 68, 287, 147, 571, 302, 140, 497, 402, 254, 564]",600,15,0.8,,3,200,"[[0.02, 0.005, 0.01], [0.005, 0.02, 0.005], [0.01, 0.005, 0.02]]",,,,,6.683333333333334,0.3836466666339901,1.0,0.1,6.666666666666667,0.0016529873716508356,0.004877849411395743,0.15555555555555556,0.011965811965811967,0.0,0.0,2.1384615384615384,4.0,0.0,0.15213675213675212,6.388034188034188,0.13582974391782635,0.7143191663739609,0.005342712842712843,3.638095238095238,0.7623272386892864,0.041025641025641,0.1504273504273504,0.1716666666666666,1.0177850420586765,30,False,1594.0
3,sparse_sbm,sparse_sbm_15,15,20,60208194,2897294060,"[14, 25, 57, 63, 127, 128, 308, 354, 374, 394, 396, 470, 519, 546, 582]","[409, 134, 505, 204, 94, 227, 411, 222, 124, 2, 41, 550, 545, 150, 424]",600,15,0.8,,3,200,"[[0.02, 0.005, 0.01], [0.005, 0.02, 0.005], [0.01, 0.005, 0.02]]",,,,,6.683333333333334,0.3836466666339901,1.0,0.1,7.133333333333334,0.0017451243316144685,0.004621904223609996,0.1675213675213675,0.010256410256410256,0.0017094017094017094,0.0,2.1384615384615384,4.0,0.0,0.1675213675213675,6.632478632478633,0.14536852929634228,0.6943566327127971,0.005934668923390727,3.4761904761904763,0.8526071783222533,0.0581196581196581,0.2358974358974359,0.255,1.014921833993867,30,False,1668.0
3,sparse_sbm,sparse_sbm_15,15,21,60208194,3168223185,"[62, 63, 125, 169, 197, 199, 204, 234, 236, 238, 272, 337, 365, 511, 527]","[408, 204, 231, 74, 23, 238, 237, 502, 51, 266, 386, 151, 477, 163, 58]",600,15,0.8,,3,200,"[[0.02, 0.005, 0.01], [0.005, 0.02, 0.005], [0.01, 0.005, 0.02]]",,,,,6.683333333333334,0.3836466666339901,1.0,0.1,5.8,0.0014885191118422197,0.0034171259483337805,0.13675213675213677,0.008547008547008548,0.0,0.0,2.2273504273504274,4.0,0.0,0.06837606837606838,5.494017094017094,0.12303818628602776,0.7459899309214377,0.0037868480725623587,3.857142857142857,0.7922604290478654,0.0547008547008547,1.0,1.0,0.7601814999943599,22,True,3212.0
3,sparse_sbm,sparse_sbm_15,15,22,60208194,2176495652,"[103, 120, 125, 128, 135, 185, 230, 326, 328, 384, 390, 449, 466, 527, 580]","[118, 578, 231, 227, 368, 591, 184, 59, 286, 202, 152, 42, 252, 58, 336]",600,15,0.8,,3,200,"[[0.02, 0.005, 0.01], [0.005, 0.02, 0.005], [0.01, 0.005, 0.02]]",,,,,6.683333333333334,0.3836466666339901,1.0,0.1,6.533333333333333,0.001639176853004074,0.0031428907649145785,0.14871794871794872,0.011965811965811967,0.0,0.0,2.1965811965811968,4.0,0.0,0.12307692307692308,5.811965811965812,0.13247305255835412,0.725693712680014,0.004639557454683505,3.723809523809524,0.6666452145548335,0.0632478632478632,1.0,1.0,0.9066867920337244,27,True,3212.0
3,sparse_sbm,sparse_sbm_15,15,23,60208194,36334736,"[24, 106, 134, 141, 147, 263, 327, 405, 406, 418, 462, 472, 481, 506, 594]","[73, 221, 86, 595, 507, 26, 182, 589, 109, 140, 497, 456, 43, 534, 514]",600,15,0.8,,3,200,"[[0.02, 0.005, 0.01], [0.005, 0.02, 0.005], [0.01, 0.005, 0.02]]",,,,,6.683333333333334,0.3836466666339901,1.0,0.1,6.933333333333334,0.0016834077990612972,0.005318133967524428,0.15384615384615385,0.020512820512820513,0.0,0.0,2.1606837606837606,4.0,0.0,0.17606837606837608,6.64957264957265,0.13870495784176595,0.7170003512469266,0.00936780985653166,3.4,0.7782223928152854,0.0649572649572649,1.0,1.0,0.5312270419672132,15,True,3212.0
3,sparse_sbm,sparse_sbm_15,15,24,60208194,380539202,"[60, 69, 76, 88, 92, 158, 169, 178, 200, 210, 236, 285, 413, 420, 570]","[253, 148, 337, 37, 146, 102, 74, 307, 372, 196, 51, 53, 203, 364, 219]",600,15,0.8,,3,200,"[[0.02, 0.005, 0.01], [0.005, 0.02, 0.005], [0.01, 0.005, 0.02]]",,,,,6.683333333333334,0.3836466666339901,1.0,0.1,6.2,0.0015582292807927306,0.003428230042789183,0.14871794871794872,0.010256410256410256,0.0,0.0,2.1606837606837606,4.0,0.0,0.1111111111111111,6.041025641025641,0.13210683350327385,0.725693712680014,0.004599235760226472,3.742857142857143,0.8245311058570932,0.0478632478632478,0.2239316239316239,0.2433333333333333,1.0124408330302683,30,False,1642.0
3,sparse_sbm,sparse_sbm_15,15,25,60208194,3880437261,"[78, 118, 147, 202, 211, 276, 338, 380, 390, 490, 519, 526, 549, 556, 558]","[30, 588, 507, 143, 128, 158, 22, 500, 152, 328, 545, 92, 469, 353, 449]",600,15,0.8,,3,200,"[[0.02, 0.005, 0.01], [0.005, 0.02, 0.005], [0.01, 0.005, 0.02]]",,,,,6.683333333333334,0.3836466666339901,1.0,0.1,6.666666666666667,0.0016643706309925526,0.004262208919354503,0.147008547008547,0.017094017094017096,0.003418803418803419,0.0,2.1931623931623934,4.0,0.0,0.13333333333333333,6.119658119658119,0.1332152590187745,0.7284802716309565,0.010143978132699938,3.4761904761904763,0.8526071783222533,0.0564102564102564,1.0,1.0,0.6888573339674622,20,True,3212.0
3,sparse_sbm,sparse_sbm_15,15,26,60208194,8354509,"[21, 28, 29, 59, 163, 166, 169, 179, 267, 324, 420, 435, 480, 539, 567]","[258, 390, 371, 98, 84, 96, 74, 91, 338, 495, 364, 137, 400, 162, 561]",600,15,0.8,,3,200,"[[0.02, 0.005, 0.01], [0.005, 0.02, 0.005], [0.01, 0.005, 0.02]]",,,,,6.683333333333334,0.3836466666339901,1.0,0.1,6.866666666666666,0.001666428561588668,0.004377733571962423,0.14871794871794872,0.017094017094017096,0.0,0.0,2.18974358974359,5.0,0.0,0.17777777777777778,6.482051282051282,0.13267453301070847,0.7258459196815361,0.0073388951540212044,3.419047619047619,0.7410300000618014,0.0376068376068376,0.1418803418803418,0.1633333333333333,1.0364708330016583,30,False,1622.0
3,sparse_sbm,sparse_sbm_15,15,27,60208194,1058574385,"[15, 24, 136, 184, 245, 353, 390, 395, 420, 429, 486, 494, 548, 587, 595]","[461, 73, 590, 501, 139, 506, 152, 277, 364, 122, 515, 186, 62, 55, 532]",600,15,0.8,,3,200,"[[0.02, 0.005, 0.01], [0.005, 0.02, 0.005], [0.01, 0.005, 0.02]]",,,,,6.683333333333334,0.3836466666339901,1.0,0.1,6.533333333333333,0.0016217447072474213,0.003588835438841856,0.14871794871794872,0.010256410256410256,0.0017094017094017094,0.0,2.1623931623931623,4.0,0.0,0.11452991452991453,6.1982905982905985,0.13152024968403528,0.7257522538344456,0.006254067283479047,3.552380952380952,0.8526071783222533,0.0564102564102564,0.2239316239316239,0.2433333333333333,1.0009050000226123,30,False,1658.0
3,sparse_sbm,sparse_sbm_15,15,28,60208194,179877293,"[84, 114, 167, 201, 246, 271, 274, 284, 396, 426, 472, 487, 512, 515, 558]","[197, 478, 161, 242, 79, 430, 103, 441, 41, 27, 456, 443, 301, 370, 449]",600,15,0.8,,3,200,"[[0.02, 0.005, 0.01], [0.005, 0.02, 0.005], [0.01, 0.005, 0.02]]",,,,,6.683333333333334,0.3836466666339901,1.0,0.1,6.4,0.0016012321478644797,0.0046218737478693536,0.15384615384615385,0.003418803418803419,0.0,0.0,2.1880341880341883,4.0,0.0,0.11794871794871795,5.794871794871795,0.132039747046668,0.717275494672755,0.0011815252416756176,3.7142857142857144,0.7782223928152854,0.0393162393162393,0.0803418803418803,0.1033333333333333,0.7322432500077412,21,True,1570.0
3,sparse_sbm,sparse_sbm_15,15,29,60208194,1752804755,"[83, 121, 127, 131, 259, 271, 273, 299, 321, 465, 524, 532, 541, 548, 586]","[555, 566, 94, 574, 308, 430, 531, 207, 351, 194, 575, 453, 217, 62, 310]",600,15,0.8,,3,200,"[[0.02, 0.005, 0.01], [0.005, 0.02, 0.005], [0.01, 0.005, 0.02]]",,,,,6.683333333333334,0.3836466666339901,1.0,0.1,6.8,0.001684520401530842,0.004538878178045466,0.15384615384615385,0.011965811965811967,0.0017094017094017094,0.0,2.1435897435897435,4.0,0.0,0.14358974358974358,6.312820512820513,0.13586776890472393,0.7171115794403465,0.00626551045723978,3.5428571428571427,0.7251348459358025,0.0461538461538461,0.2222222222222222,0.2416666666666666,0.994522458058782,30,False,1658.0
3,sparse_sbm,sparse_sbm_15,15,30,60208194,3899543993,"[26, 62, 92, 132, 133, 156, 186, 200, 353, 388, 470, 507, 545, 547, 583]","[16, 408, 146, 444, 544, 125, 264, 372, 506, 239, 550, 522, 0, 365, 547]",600,15,0.8,,3,200,"[[0.02, 0.005, 0.01], [0.005, 0.02, 0.005], [0.01, 0.005, 0.02]]",,,,,6.683333333333334,0.3836466666339901,1.0,0.1,6.466666666666667,0.0016195952080503796,0.003322914819348615,0.147008547008547,0.015384615384615385,0.0,0.0,2.2153846153846155,4.0,0.0,0.14188034188034188,6.1350427350427355,0.1319746806199558,0.728609062170706,0.006575271134094663,3.5142857142857142,0.8526071783222533,0.0529914529914529,1.0,1.0,1.1329606249928474,30,True,3212.0
3,sparse_sbm,sparse_sbm_15,15,31,60208194,2964336677,"[7, 26, 94, 119, 152, 157, 165, 170, 175, 184, 218, 347, 357, 358, 402]","[297, 16, 383, 299, 464, 174, 141, 422, 71, 501, 539, 9, 594, 525, 421]",600,15,0.8,,3,200,"[[0.02, 0.005, 0.01], [0.005, 0.02, 0.005], [0.01, 0.005, 0.02]]",,,,,6.683333333333334,0.3836466666339901,1.0,0.1,7.466666666666667,0.0018207299966238088,0.005703788888073986,0.17777777777777778,0.006837606837606838,0.0,0.0,2.0700854700854703,4.0,0.0,0.1829059829059829,6.7846153846153845,0.14996577510662115,0.6777660695468914,0.0022972265829408686,3.4952380952380953,0.7995196314427703,0.0564102564102564,0.2358974358974359,0.255,0.9968169579515234,30,False,1700.0
3,sparse_sbm,sparse_sbm_15,15,32,60208194,2526878091,"[36, 46, 135, 154, 166, 260, 261, 277, 314, 319, 328, 505, 514, 553, 597]","[342, 87, 368, 20, 96, 306, 77, 565, 414, 282, 286, 36, 357, 558, 262]",600,15,0.8,,3,200,"[[0.02, 0.005, 0.01], [0.005, 0.02, 0.005], [0.01, 0.005, 0.02]]",,,,,6.683333333333334,0.3836466666339901,1.0,0.1,6.133333333333334,0.0015822564012243025,0.003633307862557266,0.1452991452991453,0.011965811965811967,0.0,0.0,2.176068376068376,4.0,0.0,0.09401709401709402,5.637606837606838,0.13085530733360526,0.7313663505444328,0.005597779127190891,3.876190476190476,0.9038376073083174,0.0564102564102564,0.1538461538461538,0.175,1.0143265830120072,30,True,1582.0
3,sparse_sbm,sparse_sbm_15,15,33,60208194,505065265,"[12, 15, 17, 117, 161, 310, 319, 323, 390, 413, 421, 482, 493, 554, 580]","[263, 461, 433, 388, 392, 63, 282, 363, 152, 203, 69, 381, 344, 281, 336]",600,15,0.8,,3,200,"[[0.02, 0.005, 0.01], [0.005, 0.02, 0.005], [0.01, 0.005, 0.02]]",,,,,6.683333333333334,0.3836466666339901,1.0,0.1,6.6,0.0016589888937545711,0.003411973181801016,0.147008547008547,0.011965811965811967,0.0,0.0,2.194871794871795,4.0,0.0,0.11965811965811966,5.907692307692308,0.13090813542679494,0.7286149162861492,0.005138978668390434,3.580952380952381,0.6879424531823185,0.0478632478632478,0.1111111111111111,0.1333333333333333,1.0202972500119358,30,False,1538.0
3,sparse_sbm,sparse_sbm_15,15,34,60208194,1628895355,"[7, 18, 54, 248, 251, 298, 383, 455, 468, 486, 526, 533, 541, 561, 597]","[297, 276, 290, 35, 81, 518, 45, 323, 509, 515, 92, 190, 217, 50, 262]",600,15,0.8,,3,200,"[[0.02, 0.005, 0.01], [0.005, 0.02, 0.005], [0.01, 0.005, 0.02]]",,,,,6.683333333333334,0.3836466666339901,1.0,0.1,6.466666666666667,0.001629456600819615,0.0043285649924731575,0.14871794871794872,0.006837606837606838,0.0,0.0,2.1846153846153844,4.0,0.0,0.14188034188034188,6.035897435897436,0.12892490169573462,0.7258868984896382,0.003412698412698413,3.6857142857142855,0.7501463203501253,0.0427350427350427,0.2205128205128205,0.24,1.112052083015442,30,False,1640.0
3,sparse_sbm,sparse_sbm_15,15,35,60208194,1683250396,"[12, 126, 171, 211, 269, 282, 283, 343, 391, 459, 472, 474, 506, 582, 590]","[263, 347, 482, 128, 113, 287, 279, 67, 378, 85, 456, 343, 534, 424, 551]",600,15,0.8,,3,200,"[[0.02, 0.005, 0.01], [0.005, 0.02, 0.005], [0.01, 0.005, 0.02]]",,,,,6.683333333333334,0.3836466666339901,1.0,0.1,5.733333333333333,0.0014717441799854058,0.0039013071893261595,0.1264957264957265,0.008547008547008548,0.0017094017094017094,0.0,2.2837606837606836,4.0,0.0,0.09572649572649573,5.452991452991453,0.11553960315092082,0.7636693595597706,0.005650927037481659,3.6,0.7641843565827053,0.0461538461538461,0.1145299145299145,0.1366666666666666,0.8847915000515059,23,True,1546.0
3,sparse_sbm,sparse_sbm_15,15,36,60208194,593223988,"[56, 158, 177, 226, 257, 258, 292, 389, 398, 486, 487, 494, 504, 541, 567]","[404, 102, 40, 170, 437, 216, 519, 267, 568, 515, 443, 186, 64, 217, 561]",600,15,0.8,,3,200,"[[0.02, 0.005, 0.01], [0.005, 0.02, 0.005], [0.01, 0.005, 0.02]]",,,,,6.683333333333334,0.3836466666339901,1.0,0.1,6.2,0.0015909249149208664,0.004179210391695635,0.1452991452991453,0.010256410256410256,0.0,0.0,2.201709401709402,4.0,0.0,0.1094017094017094,5.712820512820513,0.1296609679822863,0.7314600163915232,0.004817078346490111,3.742857142857143,0.7410300000618014,0.041025641025641,0.1094017094017094,0.1316666666666666,1.1627664580009878,30,False,1574.0
3,sparse_sbm,sparse_sbm_15,15,37,60208194,2385336234,"[71, 96, 111, 202, 246, 355, 367, 376, 409, 418, 466, 507, 546, 567, 594]","[226, 136, 111, 143, 79, 520, 538, 248, 389, 140, 252, 522, 150, 561, 514]",600,15,0.8,,3,200,"[[0.02, 0.005, 0.01], [0.005, 0.02, 0.005], [0.01, 0.005, 0.02]]",,,,,6.683333333333334,0.3836466666339901,1.0,0.1,6.533333333333333,0.0016199948726796259,0.004023396868875456,0.147008547008547,0.018803418803418803,0.0017094017094017094,0.0,2.1675213675213674,4.0,0.0,0.147008547008547,6.191452991452992,0.13443374775972178,0.7284100222456387,0.00874797062324705,3.6285714285714286,0.8294528218013493,0.0495726495726495,0.1948717948717948,0.215,1.0100635839626193,30,False,1638.0
3,sparse_sbm,sparse_sbm_15,15,38,60208194,3617354828,"[5, 52, 67, 114, 134, 213, 276, 285, 305, 315, 482, 487, 492, 569, 596]","[445, 521, 356, 478, 86, 34, 158, 53, 583, 107, 381, 443, 243, 127, 419]",600,15,0.8,,3,200,"[[0.02, 0.005, 0.01], [0.005, 0.02, 0.005], [0.01, 0.005, 0.02]]",,,,,6.683333333333334,0.3836466666339901,1.0,0.1,6.2,0.0015678029694458976,0.004041000397015858,0.15042735042735042,0.005128205128205128,0.0,0.0,2.1606837606837606,4.0,0.0,0.09401709401709402,5.687179487179487,0.12999616483170845,0.723035944268821,0.0023784059078176723,3.876190476190476,0.7782223928152854,0.041025641025641,0.2034188034188034,0.2233333333333333,0.990775541984476,30,False,1662.0
3,sparse_sbm,sparse_sbm_15,15,39,60208194,3793610251,"[53, 54, 80, 110, 135, 190, 220, 238, 355, 363, 416, 421, 507, 525, 544]","[503, 290, 120, 49, 368, 321, 72, 266, 520, 229, 189, 69, 522, 397, 394]",600,15,0.8,,3,200,"[[0.02, 0.005, 0.01], [0.005, 0.02, 0.005], [0.01, 0.005, 0.02]]",,,,,6.683333333333334,0.3836466666339901,1.0,0.1,5.666666666666667,0.0014560126230509565,0.0032149336445157846,0.12991452991452992,0.005128205128205128,0.0,0.0,2.2512820512820513,4.0,0.0,0.10085470085470086,5.4051282051282055,0.11551556268581283,0.7579030558482613,0.002206523635095064,4.019047619047619,0.7269919638292214,0.0547008547008547,0.2068376068376068,0.2266666666666666,0.9981184169882908,30,False,1638.0
3,sparse_sbm,sparse_sbm_15,15,40,60208194,4094720666,"[11, 164, 185, 216, 229, 238, 386, 405, 420, 435, 437, 462, 573, 577, 578]","[330, 224, 591, 582, 66, 266, 31, 589, 364, 137, 417, 497, 60, 29, 463]",600,15,0.8,,3,200,"[[0.02, 0.005, 0.01], [0.005, 0.02, 0.005], [0.01, 0.005, 0.02]]",,,,,6.683333333333334,0.3836466666339901,1.0,0.1,7.0,0.0017072079528385985,0.005083917120826635,0.15555555555555556,0.008547008547008548,0.0017094017094017094,0.0,2.2,4.0,0.0,0.15726495726495726,6.374358974358974,0.13496707220990573,0.7143542910666199,0.0046910928113935635,3.5047619047619047,0.8154147855687695,0.041025641025641,0.2769230769230769,0.295,0.9889541249722242,30,False,1708.0
3,sparse_sbm,sparse_sbm_15,15,41,60208194,1230184324,"[15, 138, 151, 161, 211, 226, 250, 333, 463, 494, 502, 503, 546, 578, 597]","[461, 320, 557, 392, 128, 170, 598, 3, 233, 186, 403, 168, 150, 463, 262]",600,15,0.8,,3,200,"[[0.02, 0.005, 0.01], [0.005, 0.02, 0.005], [0.01, 0.005, 0.02]]",,,,,6.683333333333334,0.3836466666339901,1.0,0.1,7.8,0.0018858060178077133,0.005363986248349337,0.17264957264957265,0.018803418803418803,0.0017094017094017094,0.0,2.1264957264957265,4.0,0.0,0.19145299145299147,6.907692307692308,0.1519714552063779,0.6858037700503454,0.008184310815889764,3.295238095238095,0.8897995710757372,0.0615384615384615,1.0,1.0,0.9223547920119016,28,True,3212.0
3,sparse_sbm,sparse_sbm_15,15,42,60208194,2178554175,"[21, 141, 216, 237, 243, 247, 287, 348, 365, 373, 384, 513, 515, 521, 561]","[258, 595, 582, 393, 358, 427, 223, 178, 477, 384, 202, 405, 370, 406, 50]",600,15,0.8,,3,200,"[[0.02, 0.005, 0.01], [0.005, 0.02, 0.005], [0.01, 0.005, 0.02]]",,,,,6.683333333333334,0.3836466666339901,1.0,0.1,5.866666666666666,0.0015026537269303873,0.004315486757325896,0.13675213675213677,0.010256410256410256,0.0,0.0,2.201709401709402,4.0,0.0,0.1076923076923077,5.51965811965812,0.12182527591997273,0.7461714085001756,0.00598993598993599,3.961904761904762,0.7269919638292214,0.0444444444444444,0.1213675213675213,0.1433333333333333,1.0170525839785114,30,False,1560.0
3,sparse_sbm,sparse_sbm_15,15,43,60208194,138130158,"[12, 26, 88, 116, 128, 175, 198, 211, 236, 269, 301, 339, 514, 519, 528]","[263, 16, 37, 362, 227, 71, 346, 128, 51, 113, 99, 234, 357, 545, 295]",600,15,0.8,,3,200,"[[0.02, 0.005, 0.01], [0.005, 0.02, 0.005], [0.01, 0.005, 0.02]]",,,,,6.683333333333334,0.3836466666339901,1.0,0.1,6.466666666666667,0.0016032892847514203,0.0031602165706727118,0.1452991452991453,0.011965811965811967,0.0017094017094017094,0.0,2.1965811965811968,4.0,0.0,0.14358974358974358,6.148717948717949,0.12955773089061334,0.7315127034305117,0.00674562210276496,3.5904761904761906,0.8897995710757374,0.0581196581196581,1.0,1.0,0.8319681669818237,24,True,3212.0
3,sparse_sbm,sparse_sbm_15,15,44,60208194,2158531982,"[60, 82, 197, 214, 254, 290, 301, 328, 356, 363, 396, 453, 494, 526, 554]","[253, 341, 23, 164, 599, 259, 99, 286, 175, 229, 41, 179, 186, 92, 281]",600,15,0.8,,3,200,"[[0.02, 0.005, 0.01], [0.005, 0.02, 0.005], [0.01, 0.005, 0.02]]",,,,,6.683333333333334,0.3836466666339901,1.0,0.1,6.133333333333334,0.0015771531959477532,0.004180639347179412,0.15555555555555556,0.0017094017094017094,0.0,0.0,2.157264957264957,4.0,0.0,0.08717948717948718,5.4393162393162395,0.13167329655677776,0.7145533309916872,0.0007326007326007326,3.9714285714285715,0.8666452145548333,0.0512820512820512,0.2188034188034188,0.2383333333333333,1.0129260000539944,30,False,1632.0
3,sparse_sbm,sparse_sbm_15,15,45,60208194,1767296761,"[55, 92, 114, 116, 133, 150, 228, 273, 301, 353, 439, 441, 465, 540, 568]","[395, 146, 478, 362, 544, 527, 332, 531, 99, 506, 187, 198, 194, 210, 138]",600,15,0.8,,3,200,"[[0.02, 0.005, 0.01], [0.005, 0.02, 0.005], [0.01, 0.005, 0.02]]",,,,,6.683333333333334,0.3836466666339901,1.0,0.1,8.466666666666667,0.00202641435526169,0.0056202054198072355,0.19658119658119658,0.013675213675213675,0.0,0.0,2.0547008547008545,4.0,0.0,0.18974358974358974,7.165811965811966,0.1653201008653158,0.6474885844748859,0.004766819771386815,3.3333333333333335,0.7782223928152854,0.0376068376068376,1.0,1.0,0.9874437920516356,30,False,3212.0
3,sparse_sbm,sparse_sbm_15,15,46,60208194,3350501537,"[1, 53, 90, 149, 223, 384, 389, 454, 483, 508, 511, 514, 541, 561, 569]","[592, 503, 401, 24, 479, 202, 267, 303, 548, 245, 163, 357, 217, 50, 127]",600,15,0.8,,3,200,"[[0.02, 0.005, 0.01], [0.005, 0.02, 0.005], [0.01, 0.005, 0.02]]",,,,,6.683333333333334,0.3836466666339901,1.0,0.1,5.8,0.0014878876230788294,0.0019011294256149446,0.14188034188034188,0.006837606837606838,0.0,0.0,2.2,4.0,0.0,0.10256410256410256,5.533333333333333,0.1255308741382005,0.7373434024118956,0.0030158730158730157,3.7714285714285714,0.8385691420896733,0.0564102564102564,0.1589743589743589,0.18,0.9951003330061212,30,False,1596.0
3,sparse_sbm,sparse_sbm_15,15,47,60208194,3880111894,"[1, 55, 73, 75, 78, 148, 267, 308, 309, 344, 345, 349, 416, 534, 577]","[592, 395, 407, 429, 30, 28, 338, 411, 294, 176, 61, 117, 189, 131, 29]",600,15,0.8,,3,200,"[[0.02, 0.005, 0.01], [0.005, 0.02, 0.005], [0.01, 0.005, 0.02]]",,,,,6.683333333333334,0.3836466666339901,1.0,0.1,6.6,0.0016328690990696265,0.0033037499855240937,0.15726495726495726,0.008547008547008548,0.0,0.0,2.1658119658119657,4.0,0.0,0.12991452991452992,6.177777777777778,0.1366352458404839,0.7114974827303594,0.003414253103694097,3.6095238095238096,0.8013767493361893,0.0461538461538461,0.1042735042735042,0.1266666666666666,0.994535999954678,30,False,1568.0
3,sparse_sbm,sparse_sbm_15,15,48,60208194,838868702,"[22, 114, 139, 163, 166, 240, 248, 257, 293, 301, 353, 452, 454, 517, 580]","[167, 478, 510, 84, 96, 451, 35, 437, 106, 99, 506, 305, 303, 70, 336]",600,15,0.8,,3,200,"[[0.02, 0.005, 0.01], [0.005, 0.02, 0.005], [0.01, 0.005, 0.02]]",,,,,6.683333333333334,0.3836466666339901,1.0,0.1,7.066666666666666,0.0017600716343336065,0.0043982324221168816,0.17094017094017094,0.006837606837606838,0.0,0.0,2.1264957264957265,4.0,0.0,0.12991452991452992,6.058119658119658,0.14569285126355533,0.6888654724271163,0.0019580902189597843,3.580952380952381,0.8013767493361893,0.0461538461538461,0.2393162393162393,0.2583333333333333,0.990882582962513,30,False,1680.0
3,sparse_sbm,sparse_sbm_15,15,49,60208194,1221286520,"[0, 62, 193, 215, 259, 280, 285, 287, 313, 362, 377, 429, 435, 437, 504]","[569, 408, 185, 19, 308, 304, 53, 223, 492, 123, 313, 122, 137, 417, 64]",600,15,0.8,,3,200,"[[0.02, 0.005, 0.01], [0.005, 0.02, 0.005], [0.01, 0.005, 0.02]]",,,,,6.683333333333334,0.3836466666339901,1.0,0.1,7.333333333333333,0.0018104439068750144,0.006658720091984364,0.16923076923076924,0.008547008547008548,0.0,0.0,2.12991452991453,4.0,0.0,0.15555555555555556,6.357264957264957,0.14483745719551233,0.691698864301604,0.0036281179138321993,3.5142857142857142,0.7269919638292214,0.0461538461538461,0.1282051282051282,0.15,1.0226500839926302,30,False,1586.0
3,sparse_sbm,sparse_sbm_16,16,0,2978175542,2625352361,"[50, 126, 168, 216, 220, 236, 289, 304, 321, 338, 360, 418, 470, 493, 517]","[202, 369, 40, 381, 0, 166, 259, 431, 570, 488, 161, 295, 572, 117, 69]",600,15,0.8,,3,200,"[[0.02, 0.005, 0.01], [0.005, 0.02, 0.005], [0.01, 0.005, 0.02]]",,,,,6.665,0.3870267999107353,0.9983333333333333,0.17666666666666667,5.866666666666666,0.0015036762499228806,0.0042424219897481035,0.14017094017094017,0.008547008547008548,0.0017094017094017094,0.0,2.201709401709402,4.0,0.0,0.10085470085470086,5.611965811965812,0.12462285416446665,0.7402821683643601,0.00658270301127444,3.7333333333333334,0.7194310133149713,0.0529914529914529,0.2376068376068376,0.2566666666666666,1.0194951249286532,30,False,1664.0
3,sparse_sbm,sparse_sbm_16,16,1,2978175542,124332115,"[46, 65, 88, 112, 134, 178, 203, 228, 288, 326, 407, 441, 483, 549, 591]","[193, 370, 41, 203, 165, 147, 434, 47, 399, 445, 485, 547, 77, 20, 122]",600,15,0.8,,3,200,"[[0.02, 0.005, 0.01], [0.005, 0.02, 0.005], [0.01, 0.005, 0.02]]",,,,,6.665,0.3870267999107353,0.9983333333333333,0.17666666666666667,7.2,0.0017706114385621168,0.0036403768704145467,0.1641025641025641,0.011965811965811967,0.0017094017094017094,0.0,2.1435897435897435,4.0,0.0,0.14017094017094017,6.5487179487179485,0.14361742789270318,0.6999648753073411,0.005468644129634842,3.5428571428571427,0.7595683460701689,0.0615384615384615,0.1641025641025641,0.185,1.0153687499696389,30,False,1548.0
3,sparse_sbm,sparse_sbm_16,16,2,2978175542,45489673,"[41, 52, 141, 170, 237, 248, 296, 318, 320, 393, 421, 430, 510, 554, 592]","[291, 559, 287, 382, 450, 440, 502, 329, 467, 185, 250, 114, 206, 88, 528]",600,15,0.8,,3,200,"[[0.02, 0.005, 0.01], [0.005, 0.02, 0.005], [0.01, 0.005, 0.02]]",,,,,6.665,0.3870267999107353,0.9983333333333333,0.17666666666666667,6.8,0.0016782552296605282,0.004505440724332311,0.1641025641025641,0.006837606837606838,0.0,0.0,2.1333333333333333,4.0,0.0,0.15384615384615385,6.2153846153846155,0.13986158973991314,0.7002107481559536,0.002707776767927144,3.6857142857142855,0.7747179315037063,0.0564102564102564,0.9965811965811966,0.9966666666666668,0.9470759589457884,29,True,3202.0
3,sparse_sbm,sparse_sbm_16,16,3,2978175542,1348231867,"[30, 104, 125, 145, 214, 260, 343, 369, 420, 428, 468, 479, 480, 540, 552]","[551, 153, 297, 441, 439, 256, 484, 567, 553, 393, 105, 244, 593, 218, 81]",600,15,0.8,,3,200,"[[0.02, 0.005, 0.01], [0.005, 0.02, 0.005], [0.01, 0.005, 0.02]]",,,,,6.665,0.3870267999107353,0.9983333333333333,0.17666666666666667,7.2,0.0017527777460733098,0.005434341486807462,0.15384615384615385,0.017094017094017096,0.0,0.0,2.1675213675213674,4.0,0.0,0.17435897435897435,6.517948717948718,0.13752765870066438,0.7170062053623697,0.006124426256005203,3.5238095238095237,0.7674023411560141,0.0683760683760683,0.9948717948717948,0.995,0.5413225840311497,16,True,3202.0
3,sparse_sbm,sparse_sbm_16,16,4,2978175542,405361712,"[24, 27, 45, 211, 262, 288, 324, 346, 358, 406, 459, 497, 502, 506, 560]","[148, 136, 405, 292, 503, 399, 196, 243, 68, 542, 71, 258, 473, 173, 436]",600,15,0.8,,3,200,"[[0.02, 0.005, 0.01], [0.005, 0.02, 0.005], [0.01, 0.005, 0.02]]",,,,,6.665,0.3870267999107353,0.9983333333333333,0.17666666666666667,6.133333333333334,0.0015403248824587437,0.003022350999517463,0.147008547008547,0.005128205128205128,0.0017094017094017094,0.0,2.2051282051282053,4.0,0.0,0.12136752136752137,6.126495726495727,0.12952368996187158,0.7285622292471607,0.00414918414918415,3.6285714285714286,0.8549925970141012,0.0529914529914529,0.9914529914529916,0.9916666666666668,1.0042995000258088,30,False,3198.0
3,sparse_sbm,sparse_sbm_16,16,5,2978175542,2970210737,"[31, 41, 133, 149, 297, 321, 348, 383, 385, 401, 432, 518, 525, 574, 584]","[557, 291, 497, 4, 404, 570, 516, 150, 157, 581, 50, 277, 204, 269, 299]",600,15,0.8,,3,200,"[[0.02, 0.005, 0.01], [0.005, 0.02, 0.005], [0.01, 0.005, 0.02]]",,,,,6.665,0.3870267999107353,0.9983333333333333,0.17666666666666667,6.4,0.001583141228310473,0.0034046081121366753,0.15042735042735042,0.010256410256410256,0.0,0.0,2.157264957264957,4.0,0.0,0.12478632478632479,6.150427350427351,0.13272919873204786,0.7228720290364126,0.004116954474097331,3.638095238095238,0.8398430115805638,0.0324786324786324,0.0495726495726495,0.0733333333333333,1.017825165996328,30,False,1518.0
3,sparse_sbm,sparse_sbm_16,16,6,2978175542,2726397517,"[13, 23, 75, 89, 92, 131, 137, 162, 335, 369, 424, 437, 445, 449, 475]","[94, 46, 129, 127, 236, 187, 527, 10, 54, 567, 254, 52, 345, 535, 90]",600,15,0.8,,3,200,"[[0.02, 0.005, 0.01], [0.005, 0.02, 0.005], [0.01, 0.005, 0.02]]",,,,,6.665,0.3870267999107353,0.9983333333333333,0.17666666666666667,7.466666666666667,0.0018121734460267982,0.005132960241512092,0.15897435897435896,0.017094017094017096,0.0017094017094017094,0.0,2.135042735042735,4.0,0.0,0.17777777777777778,6.994871794871795,0.14237181006546595,0.7083479686219413,0.008231048809332755,3.3142857142857145,0.7845560933918289,0.0461538461538461,0.1196581196581196,0.1416666666666666,0.9881079159677028,30,False,1572.0
3,sparse_sbm,sparse_sbm_16,16,7,2978175542,690295007,"[7, 184, 194, 213, 295, 304, 311, 321, 382, 393, 483, 540, 552, 570, 574]","[594, 507, 28, 465, 167, 431, 184, 570, 199, 185, 77, 218, 81, 75, 269]",600,15,0.8,,3,200,"[[0.02, 0.005, 0.01], [0.005, 0.02, 0.005], [0.01, 0.005, 0.02]]",,,,,6.665,0.3870267999107353,0.9983333333333333,0.17666666666666667,6.4,0.001624407930214377,0.004800168884932152,0.14871794871794872,0.013675213675213675,0.0017094017094017094,0.0,2.2153846153846155,4.0,0.0,0.1076923076923077,5.892307692307693,0.13114243737292602,0.7258986067205245,0.008813303099017384,3.676190476190476,0.7845560933918289,0.0529914529914529,0.9965811965811966,0.9966666666666668,0.7842633749824017,24,True,3202.0
3,sparse_sbm,sparse_sbm_16,16,8,2978175542,4174987269,"[56, 93, 106, 145, 230, 332, 336, 374, 410, 416, 453, 528, 569, 575, 589]","[355, 598, 124, 441, 265, 481, 552, 84, 162, 216, 427, 462, 496, 437, 27]",600,15,0.8,,3,200,"[[0.02, 0.005, 0.01], [0.005, 0.02, 0.005], [0.01, 0.005, 0.02]]",,,,,6.665,0.3870267999107353,0.9983333333333333,0.17666666666666667,6.333333333333333,0.0015633687200861484,0.0029899265389189485,0.15042735042735042,0.011965811965811967,0.0,0.0,2.1829059829059827,5.0,0.0,0.13675213675213677,6.34017094017094,0.13367342555062678,0.7228310502283105,0.005637042695866226,3.5904761904761906,0.7444187606366314,0.07008547008547,0.9948717948717948,0.995,0.585888999979943,17,True,3202.0
3,sparse_sbm,sparse_sbm_16,16,9,2978175542,178149155,"[17, 48, 74, 76, 92, 142, 200, 220, 221, 243, 251, 260, 306, 310, 511]","[455, 181, 213, 82, 236, 494, 301, 0, 42, 239, 146, 256, 104, 281, 374]",600,15,0.8,,3,200,"[[0.02, 0.005, 0.01], [0.005, 0.02, 0.005], [0.01, 0.005, 0.02]]",,,,,6.665,0.3870267999107353,0.9983333333333333,0.17666666666666667,6.333333333333333,0.001560154085832595,0.0038587768900670586,0.14017094017094017,0.018803418803418803,0.0,0.0,2.201709401709402,4.0,0.0,0.13675213675213677,6.372649572649572,0.12898917175661925,0.7400421496311907,0.008361174879308448,3.4761904761904763,0.7595683460701689,0.0358974358974358,0.1264957264957265,0.1483333333333333,1.0131746659753844,30,False,1576.0
3,sparse_sbm,sparse_sbm_16,16,10,2978175542,1682955945,"[11, 38, 123, 159, 182, 207, 236, 269, 309, 348, 428, 477, 532, 539, 556]","[109, 37, 190, 480, 592, 544, 166, 585, 55, 516, 393, 435, 518, 561, 388]",600,15,0.8,,3,200,"[[0.02, 0.005, 0.01], [0.005, 0.02, 0.005], [0.01, 0.005, 0.02]]",,,,,6.665,0.3870267999107353,0.9983333333333333,0.17666666666666667,6.733333333333333,0.0016793905941443162,0.005188192745461532,0.1641025641025641,0.005128205128205128,0.0,0.0,2.141880341880342,4.0,0.0,0.13675213675213677,6.258119658119658,0.13932053391799534,0.7003044140030441,0.002804232804232804,3.6857142857142855,0.8898185062238839,0.0666666666666666,0.9965811965811966,0.9966666666666668,0.5976045420393348,17,True,3202.0
3,sparse_sbm,sparse_sbm_16,16,11,2978175542,4168188812,"[9, 28, 120, 149, 175, 190, 291, 305, 372, 383, 408, 460, 484, 534, 585]","[108, 531, 194, 4, 17, 221, 130, 263, 470, 150, 208, 418, 338, 65, 419]",600,15,0.8,,3,200,"[[0.02, 0.005, 0.01], [0.005, 0.02, 0.005], [0.01, 0.005, 0.02]]",,,,,6.665,0.3870267999107353,0.9983333333333333,0.17666666666666667,6.266666666666667,0.0015688739939570496,0.0034492869955524853,0.14871794871794872,0.011965811965811967,0.0,0.0,2.1658119658119657,4.0,0.0,0.12136752136752137,6.165811965811966,0.1316744268749921,0.7257171291417867,0.005427948957360722,3.676190476190476,0.742414593834354,0.0547008547008547,0.8564102564102564,0.86,1.0111740420106798,30,False,2768.0
3,sparse_sbm,sparse_sbm_16,16,12,2978175542,3097484359,"[1, 16, 70, 89, 142, 259, 312, 318, 369, 374, 391, 427, 439, 520, 552]","[293, 197, 134, 127, 494, 282, 364, 329, 567, 84, 141, 595, 76, 273, 81]",600,15,0.8,,3,200,"[[0.02, 0.005, 0.01], [0.005, 0.02, 0.005], [0.01, 0.005, 0.02]]",,,,,6.665,0.3870267999107353,0.9983333333333333,0.17666666666666667,6.6,0.0016425004901979077,0.004622695963182982,0.13846153846153847,0.015384615384615385,0.0017094017094017094,0.0,2.2205128205128206,5.0,0.0,0.14017094017094017,6.191452991452992,0.12418559424350785,0.7432911837021426,0.010695494981209268,3.447619047619048,0.8951299297692988,0.0461538461538461,0.1264957264957265,0.1483333333333333,0.8162366249598563,24,True,1572.0
3,sparse_sbm,sparse_sbm_16,16,13,2978175542,1640066468,"[2, 135, 147, 199, 212, 223, 233, 234, 268, 333, 344, 509, 525, 568, 582]","[380, 458, 252, 387, 112, 331, 498, 394, 438, 519, 390, 352, 204, 188, 242]",600,15,0.8,,3,200,"[[0.02, 0.005, 0.01], [0.005, 0.02, 0.005], [0.01, 0.005, 0.02]]",,,,,6.665,0.3870267999107353,0.9983333333333333,0.17666666666666667,7.266666666666667,0.0017913569178488098,0.004548900168864495,0.17094017094017094,0.011965811965811967,0.0,0.0,2.1333333333333333,4.0,0.0,0.13675213675213677,6.319658119658119,0.1472227439563432,0.6888244936190142,0.004791901220472649,3.6,0.8398430115805638,0.0393162393162393,0.0888888888888888,0.1116666666666666,1.0249462920473889,30,False,1576.0
3,sparse_sbm,sparse_sbm_16,16,14,2978175542,409893837,"[34, 67, 131, 146, 154, 185, 226, 306, 360, 428, 430, 462, 503, 540, 566]","[219, 449, 187, 169, 286, 543, 587, 104, 161, 393, 114, 271, 49, 218, 454]",600,15,0.8,,3,200,"[[0.02, 0.005, 0.01], [0.005, 0.02, 0.005], [0.01, 0.005, 0.02]]",,,,,6.665,0.3870267999107353,0.9983333333333333,0.17666666666666667,7.333333333333333,0.001766547435610616,0.005346204371900668,0.1658119658119658,0.015384615384615385,0.003418803418803419,0.0,2.105982905982906,4.0,0.0,0.1794871794871795,6.841025641025641,0.14618790523358455,0.6970553799320922,0.008659157320148032,3.361904761904762,0.8398430115805637,0.0444444444444444,0.1641025641025641,0.185,1.0117109169950709,30,False,1612.0
3,sparse_sbm,sparse_sbm_16,16,15,2978175542,3873245244,"[22, 31, 119, 131, 153, 236, 260, 262, 289, 312, 337, 339, 439, 556, 560]","[101, 557, 563, 187, 119, 166, 256, 503, 259, 364, 268, 597, 76, 388, 436]",600,15,0.8,,3,200,"[[0.02, 0.005, 0.01], [0.005, 0.02, 0.005], [0.01, 0.005, 0.02]]",,,,,6.665,0.3870267999107353,0.9983333333333333,0.17666666666666667,5.6,0.0014306703300835972,0.004623007411675186,0.12991452991452992,0.010256410256410256,0.003418803418803419,0.0,2.2393162393162394,4.0,0.0,0.09914529914529914,5.641025641025641,0.1175755207236631,0.7578386605783866,0.00956668992383278,3.580952380952381,0.742414593834354,0.0581196581196581,0.9384615384615383,0.94,1.0014780419878662,30,False,3042.0
3,sparse_sbm,sparse_sbm_16,16,16,2978175542,2501315334,"[2, 7, 42, 57, 91, 142, 214, 259, 325, 386, 388, 419, 434, 443, 575]","[380, 594, 426, 86, 51, 494, 439, 282, 348, 430, 303, 538, 79, 115, 437]",600,15,0.8,,3,200,"[[0.02, 0.005, 0.01], [0.005, 0.02, 0.005], [0.01, 0.005, 0.02]]",,,,,6.665,0.3870267999107353,0.9983333333333333,0.17666666666666667,7.333333333333333,0.0017772836851351794,0.005709975335547397,0.17264957264957265,0.010256410256410256,0.0017094017094017094,0.0,2.064957264957265,4.0,0.0,0.15555555555555556,6.747008547008547,0.14757693321306523,0.686125746399719,0.005494038125617073,3.4571428571428573,0.8648307589022237,0.0803418803418803,0.9948717948717948,0.995,0.6841788339661434,20,True,3202.0
3,sparse_sbm,sparse_sbm_16,16,17,2978175542,3633393585,"[64, 109, 158, 174, 219, 291, 327, 339, 344, 423, 438, 523, 541, 555, 578]","[155, 232, 186, 220, 351, 130, 12, 597, 390, 296, 460, 472, 375, 391, 106]",600,15,0.8,,3,200,"[[0.02, 0.005, 0.01], [0.005, 0.02, 0.005], [0.01, 0.005, 0.02]]",,,,,6.665,0.3870267999107353,0.9983333333333333,0.17666666666666667,6.666666666666667,0.0016826830306971529,0.005532746423827841,0.15384615384615385,0.010256410256410256,0.0,0.0,2.176068376068376,4.0,0.0,0.13162393162393163,6.145299145299146,0.13498953455702964,0.7171467041330055,0.004906204906204906,3.638095238095238,0.7997056788253663,0.0615384615384615,0.9965811965811966,0.9966666666666668,1.0312154169660062,30,False,3202.0
3,sparse_sbm,sparse_sbm_16,16,18,2978175542,1153440855,"[111, 136, 177, 230, 247, 252, 262, 364, 368, 424, 454, 474, 531, 536, 557]","[373, 555, 255, 265, 7, 120, 503, 316, 164, 254, 246, 378, 29, 406, 549]",600,15,0.8,,3,200,"[[0.02, 0.005, 0.01], [0.005, 0.02, 0.005], [0.01, 0.005, 0.02]]",,,,,6.665,0.3870267999107353,0.9983333333333333,0.17666666666666667,5.8,0.0014755439494842152,0.003224774041487003,0.1282051282051282,0.015384615384615385,0.0017094017094017094,0.0,2.275213675213675,4.0,0.0,0.11282051282051282,5.760683760683761,0.1194038404329154,0.760584240721227,0.009464239464239464,3.5714285714285716,0.8398430115805638,0.0717948717948717,1.0,1.0,0.7050803750753403,20,True,3202.0
3,sparse_sbm,sparse_sbm_16,16,19,2978175542,3505070717,"[20, 36, 41, 156, 166, 177, 198, 279, 307, 395, 428, 494, 500, 503, 538]","[201, 487, 291, 385, 463, 255, 363, 217, 272, 43, 393, 350, 172, 49, 135]",600,15,0.8,,3,200,"[[0.02, 0.005, 0.01], [0.005, 0.02, 0.005], [0.01, 0.005, 0.02]]",,,,,6.665,0.3870267999107353,0.9983333333333333,0.17666666666666667,7.0,0.0017374675602242658,0.005549226146024866,0.1623931623931624,0.013675213675213675,0.0,0.0,2.135042735042735,4.0,0.0,0.1641025641025641,6.396581196581197,0.141294986370725,0.7029212036061351,0.005593029343582196,3.704761904761905,0.8398430115805637,0.0564102564102564,0.9965811965811966,0.9966666666666668,0.9074389580637215,27,True,3202.0
3,sparse_sbm,sparse_sbm_16,16,20,2978175542,3929590542,"[48, 102, 120, 131, 146, 183, 191, 194, 198, 270, 286, 344, 422, 565, 578]","[181, 159, 194, 187, 169, 325, 548, 28, 363, 241, 33, 390, 283, 312, 106]",600,15,0.8,,3,200,"[[0.02, 0.005, 0.01], [0.005, 0.02, 0.005], [0.01, 0.005, 0.02]]",,,,,6.665,0.3870267999107353,0.9983333333333333,0.17666666666666667,8.066666666666666,0.0019305707950036687,0.007049921287786262,0.18974358974358974,0.011965811965811967,0.0017094017094017094,0.0,2.0273504273504273,4.0,0.0,0.19487179487179487,7.38974358974359,0.16021914773562945,0.6583479686219412,0.0064350184518251734,3.380952380952381,0.7845560933918287,0.0717948717948717,0.9948717948717948,0.995,0.6413506669923663,19,True,3202.0
3,sparse_sbm,sparse_sbm_16,16,21,2978175542,1239324286,"[18, 39, 65, 76, 117, 159, 186, 217, 251, 302, 330, 350, 463, 498, 531]","[335, 142, 370, 82, 423, 480, 95, 569, 146, 139, 39, 562, 149, 140, 29]",600,15,0.8,,3,200,"[[0.02, 0.005, 0.01], [0.005, 0.02, 0.005], [0.01, 0.005, 0.02]]",,,,,6.665,0.3870267999107353,0.9983333333333333,0.17666666666666667,6.133333333333334,0.001534543296397909,0.003899329666322721,0.14188034188034188,0.011965811965811967,0.0,0.0,2.158974358974359,4.0,0.0,0.11452991452991453,6.088888888888889,0.1283801377700567,0.7371385083713851,0.005442176870748299,3.7523809523809524,0.9029639248551442,0.0495726495726495,0.1709401709401709,0.1916666666666666,1.0252109580906108,30,False,1596.0
3,sparse_sbm,sparse_sbm_16,16,22,2978175542,3302874550,"[15, 19, 36, 55, 141, 182, 217, 333, 396, 440, 444, 464, 503, 517, 562]","[536, 403, 487, 59, 287, 592, 569, 519, 457, 22, 407, 529, 49, 69, 451]",600,15,0.8,,3,200,"[[0.02, 0.005, 0.01], [0.005, 0.02, 0.005], [0.01, 0.005, 0.02]]",,,,,6.665,0.3870267999107353,0.9983333333333333,0.17666666666666667,6.8,0.001694886388596806,0.003736554375805125,0.1623931623931624,0.010256410256410256,0.0017094017094017094,0.0,2.1435897435897435,4.0,0.0,0.14017094017094017,6.230769230769231,0.14169937868573798,0.7028216836436014,0.005215419501133787,3.6666666666666665,0.8799803443357612,0.0666666666666666,0.9948717948717948,0.995,0.9824027499416844,30,False,3202.0
3,sparse_sbm,sparse_sbm_16,16,23,2978175542,2755554101,"[12, 34, 94, 124, 200, 252, 271, 278, 294, 342, 365, 415, 425, 442, 461]","[354, 219, 211, 524, 301, 120, 200, 113, 235, 179, 386, 285, 564, 11, 138]",600,15,0.8,,3,200,"[[0.02, 0.005, 0.01], [0.005, 0.02, 0.005], [0.01, 0.005, 0.02]]",,,,,6.665,0.3870267999107353,0.9983333333333333,0.17666666666666667,7.8,0.0018910040370064363,0.006568333513987167,0.17435897435897435,0.015384615384615385,0.0,0.0,2.094017094017094,4.0,0.0,0.19658119658119658,7.124786324786324,0.15252436078100276,0.6830055028685166,0.0063319616891045465,3.323809523809524,0.7845560933918289,0.0444444444444444,0.1811965811965812,0.2016666666666666,1.013545540976338,30,False,1574.0
3,sparse_sbm,sparse_sbm_16,16,24,2978175542,2310449868,"[57, 73, 75, 99, 103, 109, 111, 112, 223, 278, 328, 373, 385, 466, 522]","[86, 357, 129, 70, 443, 232, 373, 203, 331, 113, 461, 313, 157, 152, 580]",600,15,0.8,,3,200,"[[0.02, 0.005, 0.01], [0.005, 0.02, 0.005], [0.01, 0.005, 0.02]]",,,,,6.665,0.3870267999107353,0.9983333333333333,0.17666666666666667,5.866666666666666,0.0014799404637238962,0.003464286721642817,0.13504273504273503,0.011965811965811967,0.0,0.0,2.2393162393162394,4.0,0.0,0.10085470085470086,5.562393162393162,0.1207799916369986,0.7491335909144128,0.004451605612596324,3.857142857142857,0.9049680916574213,0.0444444444444444,0.2153846153846154,0.235,1.0229306250112131,30,False,1626.0
3,sparse_sbm,sparse_sbm_16,16,25,2978175542,2996784386,"[2, 22, 38, 102, 144, 149, 158, 164, 220, 236, 250, 259, 338, 481, 576]","[380, 101, 37, 159, 579, 4, 186, 290, 0, 166, 170, 282, 488, 505, 131]",600,15,0.8,,3,200,"[[0.02, 0.005, 0.01], [0.005, 0.02, 0.005], [0.01, 0.005, 0.02]]",,,,,6.665,0.3870267999107353,0.9983333333333333,0.17666666666666667,6.533333333333333,0.001649872248608971,0.004281164960860063,0.14188034188034188,0.015384615384615385,0.0,0.0,2.206837606837607,4.0,0.0,0.14358974358974358,6.039316239316239,0.1286219280165611,0.7372263201030325,0.007234594692577885,3.533333333333333,0.7997056788253663,0.0547008547008547,0.9965811965811966,0.9966666666666668,0.995346707990393,30,False,3202.0
3,sparse_sbm,sparse_sbm_16,16,26,2978175542,2732675834,"[84, 136, 181, 205, 236, 239, 292, 331, 345, 347, 436, 444, 523, 543, 574]","[397, 555, 588, 433, 166, 346, 183, 582, 349, 366, 464, 407, 472, 456, 269]",600,15,0.8,,3,200,"[[0.02, 0.005, 0.01], [0.005, 0.02, 0.005], [0.01, 0.005, 0.02]]",,,,,6.665,0.3870267999107353,0.9983333333333333,0.17666666666666667,6.866666666666666,0.0017096840433812005,0.004405817816338412,0.1641025641025641,0.011965811965811967,0.0,0.0,2.164102564102564,4.0,0.0,0.13504273504273503,6.174358974358975,0.14291204434201796,0.7000058541154431,0.005355596784168213,3.5428571428571427,0.7747179315037063,0.0461538461538461,0.1641025641025641,0.185,0.8197667920030653,24,True,1612.0
3,sparse_sbm,sparse_sbm_16,16,27,2978175542,4092355407,"[12, 50, 54, 116, 122, 154, 172, 216, 303, 354, 384, 423, 429, 438, 592]","[354, 202, 466, 92, 72, 286, 245, 381, 57, 215, 144, 296, 125, 460, 528]",600,15,0.8,,3,200,"[[0.02, 0.005, 0.01], [0.005, 0.02, 0.005], [0.01, 0.005, 0.02]]",,,,,6.665,0.3870267999107353,0.9983333333333333,0.17666666666666667,6.8,0.001673819881878656,0.005333301034132276,0.1641025641025641,0.006837606837606838,0.0,0.0,2.135042735042735,4.0,0.0,0.15726495726495726,6.432478632478633,0.14042339069217394,0.7001756234632946,0.0033115468409586056,3.5714285714285716,0.7542569225247537,0.0649572649572649,0.9948717948717948,0.995,1.0064325000857934,30,False,3202.0
3,sparse_sbm,sparse_sbm_16,16,28,2978175542,248094920,"[51, 107, 118, 163, 218, 232, 233, 282, 341, 420, 422, 429, 463, 506, 575]","[360, 447, 98, 154, 62, 73, 498, 398, 207, 553, 283, 125, 149, 173, 437]",600,15,0.8,,3,200,"[[0.02, 0.005, 0.01], [0.005, 0.02, 0.005], [0.01, 0.005, 0.02]]",,,,,6.665,0.3870267999107353,0.9983333333333333,0.17666666666666667,6.6,0.0016325317848259696,0.0041438255225394825,0.14871794871794872,0.017094017094017096,0.0,0.0,2.164102564102564,4.0,0.0,0.13162393162393163,6.247863247863248,0.1344325281099895,0.7256234632946962,0.008683806856075763,3.5238095238095237,0.7022772610791568,0.0649572649572649,0.9965811965811966,0.9966666666666668,0.6142122080782428,18,True,3202.0
3,sparse_sbm,sparse_sbm_16,16,29,2978175542,2379664633,"[13, 201, 263, 266, 267, 289, 298, 319, 459, 502, 508, 512, 546, 553, 559]","[94, 237, 576, 493, 307, 259, 24, 578, 71, 473, 103, 322, 132, 584, 372]",600,15,0.8,,3,200,"[[0.02, 0.005, 0.01], [0.005, 0.02, 0.005], [0.01, 0.005, 0.02]]",,,,,6.665,0.3870267999107353,0.9983333333333333,0.17666666666666667,5.666666666666667,0.0014492272335454126,0.0024902403060278974,0.13162393162393163,0.013675213675213675,0.0,0.0,2.2547008547008547,5.0,0.0,0.10256410256410256,5.852991452991453,0.12135366182163372,0.7547359793935137,0.006926856212570498,3.6857142857142855,0.8398430115805637,0.0529914529914529,0.1162393162393162,0.1383333333333333,1.0092794579686597,25,True,1550.0
3,sparse_sbm,sparse_sbm_16,16,30,2978175542,3596062665,"[11, 33, 44, 92, 120, 186, 199, 266, 276, 291, 323, 344, 364, 410, 438]","[109, 590, 195, 236, 194, 95, 387, 493, 359, 130, 302, 390, 316, 162, 460]",600,15,0.8,,3,200,"[[0.02, 0.005, 0.01], [0.005, 0.02, 0.005], [0.01, 0.005, 0.02]]",,,,,6.665,0.3870267999107353,0.9983333333333333,0.17666666666666667,7.733333333333333,0.0018750418415564643,0.005399881799868018,0.1829059829059829,0.005128205128205128,0.0,0.0,2.094017094017094,4.0,0.0,0.20170940170940171,6.933333333333334,0.15250304535219142,0.6695527455801429,0.0017592592592592595,3.447619047619048,0.6469903428904217,0.0581196581196581,0.9965811965811966,0.9966666666666668,1.251548417028971,30,False,3202.0
3,sparse_sbm,sparse_sbm_16,16,31,2978175542,148128940,"[80, 133, 197, 215, 245, 253, 274, 297, 330, 404, 420, 449, 465, 468, 533]","[344, 497, 16, 160, 23, 318, 61, 404, 39, 558, 553, 535, 591, 105, 38]",600,15,0.8,,3,200,"[[0.02, 0.005, 0.01], [0.005, 0.02, 0.005], [0.01, 0.005, 0.02]]",,,,,6.665,0.3870267999107353,0.9983333333333333,0.17666666666666667,7.6,0.001836982580753664,0.0051452055815650495,0.16923076923076924,0.020512820512820513,0.005128205128205128,0.0,2.105982905982906,4.0,0.0,0.1829059829059829,7.047863247863248,0.150417298013209,0.691359325605901,0.011676416855541136,3.3333333333333335,0.8648307589022237,0.0564102564102564,0.9948717948717948,0.995,0.7742161250207573,23,True,3202.0
3,sparse_sbm,sparse_sbm_16,16,32,2978175542,519882866,"[12, 20, 21, 94, 103, 162, 191, 345, 355, 406, 419, 453, 487, 571, 581]","[354, 201, 9, 211, 443, 10, 548, 349, 330, 542, 538, 427, 123, 251, 413]",600,15,0.8,,3,200,"[[0.02, 0.005, 0.01], [0.005, 0.02, 0.005], [0.01, 0.005, 0.02]]",,,,,6.665,0.3870267999107353,0.9983333333333333,0.17666666666666667,6.933333333333334,0.0017084566321302703,0.004292008517849587,0.1623931623931624,0.011965811965811967,0.0,0.0,2.1264957264957265,4.0,0.0,0.15384615384615385,6.464957264957265,0.14242842136193976,0.7027924130663856,0.0048255712541426824,3.4571428571428573,0.7997056788253664,0.0581196581196581,0.3829059829059829,0.3983333333333333,1.0117089579580352,30,False,1804.0
3,sparse_sbm,sparse_sbm_16,16,33,2978175542,3136487909,"[0, 3, 8, 19, 52, 82, 133, 193, 196, 243, 244, 249, 344, 511, 514]","[324, 328, 365, 403, 559, 174, 497, 156, 308, 239, 415, 483, 390, 374, 309]",600,15,0.8,,3,200,"[[0.02, 0.005, 0.01], [0.005, 0.02, 0.005], [0.01, 0.005, 0.02]]",,,,,6.665,0.3870267999107353,0.9983333333333333,0.17666666666666667,6.733333333333333,0.0016572299531683308,0.004111513649051701,0.1623931623931624,0.006837606837606838,0.0,0.0,2.158974358974359,4.0,0.0,0.13333333333333333,6.2153846153846155,0.13893269070088587,0.7030441400304414,0.0029112499700734997,3.6476190476190475,0.8095438407134887,0.0615384615384615,0.9948717948717948,0.995,0.767364666913636,23,True,3202.0
3,sparse_sbm,sparse_sbm_16,16,34,2978175542,1304458944,"[11, 12, 95, 122, 156, 235, 241, 254, 291, 522, 524, 531, 566, 581, 589]","[109, 354, 577, 72, 385, 565, 63, 546, 130, 580, 522, 29, 454, 413, 27]",600,15,0.8,,3,200,"[[0.02, 0.005, 0.01], [0.005, 0.02, 0.005], [0.01, 0.005, 0.02]]",,,,,6.665,0.3870267999107353,0.9983333333333333,0.17666666666666667,6.933333333333334,0.0017199677394312345,0.004328447186599544,0.1623931623931624,0.008547008547008548,0.0,0.0,2.1196581196581197,4.0,0.0,0.13333333333333333,6.411965811965812,0.14143719145818381,0.7027924130663856,0.0033345303933539224,3.638095238095238,0.8398430115805638,0.0512820512820512,0.1931623931623931,0.2133333333333333,1.019114541937597,30,False,1604.0
3,sparse_sbm,sparse_sbm_16,16,35,2978175542,2900521266,"[4, 31, 37, 49, 81, 99, 112, 124, 169, 232, 356, 431, 535, 562, 579]","[116, 557, 276, 420, 482, 70, 203, 524, 305, 73, 261, 452, 583, 451, 417]",600,15,0.8,,3,200,"[[0.02, 0.005, 0.01], [0.005, 0.02, 0.005], [0.01, 0.005, 0.02]]",,,,,6.665,0.3870267999107353,0.9983333333333333,0.17666666666666667,6.266666666666667,0.0015492976777593777,0.003651643684848745,0.15042735042735042,0.010256410256410256,0.0,0.0,2.1555555555555554,4.0,0.0,0.12991452991452992,6.429059829059829,0.13315337516862158,0.7227959255356515,0.004593144950287807,3.5904761904761906,0.5810255099397073,0.0512820512820512,0.2837606837606837,0.3016666666666667,1.0025404590414837,30,False,1692.0
3,sparse_sbm,sparse_sbm_16,16,36,2978175542,2748226491,"[40, 113, 210, 249, 264, 279, 284, 285, 361, 366, 403, 428, 436, 499, 573]","[91, 517, 333, 483, 389, 217, 550, 247, 128, 288, 192, 393, 464, 401, 525]",600,15,0.8,,3,200,"[[0.02, 0.005, 0.01], [0.005, 0.02, 0.005], [0.01, 0.005, 0.02]]",,,,,6.665,0.3870267999107353,0.9983333333333333,0.17666666666666667,6.666666666666667,0.0016905475716978123,0.004147782778909075,0.15555555555555556,0.015384615384615385,0.0,0.0,2.1538461538461537,4.0,0.0,0.11794871794871795,6.015384615384615,0.13755275109918105,0.7142196464114272,0.006782740086587942,3.7714285714285714,0.8246934261470263,0.0649572649572649,0.229059829059829,0.2483333333333333,1.013177332933992,30,False,1642.0
3,sparse_sbm,sparse_sbm_16,16,37,2978175542,1809477254,"[62, 133, 203, 231, 244, 250, 252, 260, 285, 352, 400, 426, 479, 494, 547]","[537, 497, 434, 224, 415, 170, 120, 256, 247, 35, 198, 234, 244, 350, 289]",600,15,0.8,,3,200,"[[0.02, 0.005, 0.01], [0.005, 0.02, 0.005], [0.01, 0.005, 0.02]]",,,,,6.665,0.3870267999107353,0.9983333333333333,0.17666666666666667,8.133333333333333,0.0019753646994484703,0.006469509780953658,0.1829059829059829,0.020512820512820513,0.0017094017094017094,0.0,2.076923076923077,4.0,0.0,0.17435897435897435,6.950427350427351,0.1598771690352247,0.6690961245755767,0.007942264502414878,3.295238095238095,0.7997056788253663,0.0683760683760683,0.9965811965811966,0.9966666666666668,0.6814407090423629,20,True,3202.0
3,sparse_sbm,sparse_sbm_16,16,38,2978175542,483640916,"[3, 9, 31, 109, 283, 397, 418, 466, 481, 511, 513, 516, 532, 539, 582]","[328, 108, 557, 232, 560, 459, 295, 152, 505, 374, 228, 34, 518, 561, 242]",600,15,0.8,,3,200,"[[0.02, 0.005, 0.01], [0.005, 0.02, 0.005], [0.01, 0.005, 0.02]]",,,,,6.665,0.3870267999107353,0.9983333333333333,0.17666666666666667,6.066666666666666,0.0015170258946587934,0.0030720929186033082,0.13162393162393163,0.011965811965811967,0.0017094017094017094,0.0,2.2495726495726496,4.0,0.0,0.12478632478632479,5.904273504273505,0.11948925498278812,0.7548530617023768,0.00826884755456184,3.6666666666666665,0.8496811734686862,0.0547008547008547,0.294017094017094,0.3116666666666666,1.0131990829249844,30,False,1718.0
3,sparse_sbm,sparse_sbm_16,16,39,2978175542,1571302865,"[1, 4, 8, 40, 43, 49, 114, 149, 165, 181, 225, 230, 296, 482, 485]","[293, 116, 365, 91, 223, 420, 137, 4, 523, 588, 310, 265, 502, 180, 425]",600,15,0.8,,3,200,"[[0.02, 0.005, 0.01], [0.005, 0.02, 0.005], [0.01, 0.005, 0.02]]",,,,,6.665,0.3870267999107353,0.9983333333333333,0.17666666666666667,6.666666666666667,0.0016250996014014042,0.003918371748584832,0.14017094017094017,0.017094017094017096,0.0,0.0,2.2444444444444445,5.0,0.0,0.15726495726495726,6.584615384615384,0.12947211080732812,0.739977754361316,0.007763149548863835,3.4095238095238094,0.7674023411560141,0.0512820512820512,0.2068376068376068,0.2266666666666666,1.00410208303947,30,False,1654.0
3,sparse_sbm,sparse_sbm_16,16,40,2978175542,2074731332,"[45, 59, 86, 215, 228, 233, 283, 288, 303, 308, 352, 353, 474, 512, 536]","[405, 249, 226, 160, 47, 498, 560, 399, 57, 19, 35, 442, 378, 322, 406]",600,15,0.8,,3,200,"[[0.02, 0.005, 0.01], [0.005, 0.02, 0.005], [0.01, 0.005, 0.02]]",,,,,6.665,0.3870267999107353,0.9983333333333333,0.17666666666666667,6.266666666666667,0.001570465595473126,0.0028169763974690504,0.15042735042735042,0.010256410256410256,0.0,0.0,2.1726495726495725,4.0,0.0,0.11452991452991453,5.9743589743589745,0.13381251967180705,0.7227315302657769,0.004598576027147456,3.657142857142857,0.8246934261470263,0.0512820512820512,0.9965811965811966,0.9966666666666668,0.9837176660075784,29,True,3202.0
3,sparse_sbm,sparse_sbm_16,16,41,2978175542,3747973117,"[27, 48, 131, 141, 151, 171, 243, 271, 314, 318, 368, 404, 436, 479, 596]","[136, 181, 187, 287, 87, 171, 239, 200, 58, 329, 164, 558, 464, 244, 347]",600,15,0.8,,3,200,"[[0.02, 0.005, 0.01], [0.005, 0.02, 0.005], [0.01, 0.005, 0.02]]",,,,,6.665,0.3870267999107353,0.9983333333333333,0.17666666666666667,7.533333333333333,0.0018126755256319628,0.006680477459517697,0.17094017094017094,0.008547008547008548,0.0,0.0,2.0871794871794873,4.0,0.0,0.18974358974358974,6.984615384615385,0.14549313786375043,0.6888830347734457,0.003261759249154207,3.361904761904762,0.6240067623710388,0.0564102564102564,0.9965811965811966,0.9966666666666668,0.949865874950774,28,True,3202.0
3,sparse_sbm,sparse_sbm_16,16,42,2978175542,35822432,"[14, 22, 23, 47, 50, 60, 64, 92, 115, 233, 258, 285, 397, 410, 571]","[93, 101, 46, 225, 202, 151, 155, 236, 96, 498, 6, 247, 459, 162, 251]",600,15,0.8,,3,200,"[[0.02, 0.005, 0.01], [0.005, 0.02, 0.005], [0.01, 0.005, 0.02]]",,,,,6.665,0.3870267999107353,0.9983333333333333,0.17666666666666667,7.133333333333334,0.0017539367831264203,0.0038409470677968163,0.17264957264957265,0.010256410256410256,0.0,0.0,2.100854700854701,4.0,0.0,0.15213675213675212,6.564102564102564,0.14890351948718505,0.685938414705538,0.00393955152911367,3.5238095238095237,0.9049680916574213,0.0683760683760683,0.9965811965811966,0.9966666666666668,0.8000737499678507,24,True,3202.0
3,sparse_sbm,sparse_sbm_16,16,43,2978175542,1143898786,"[42, 49, 57, 101, 119, 183, 223, 246, 275, 316, 408, 467, 547, 587, 589]","[426, 420, 86, 320, 563, 325, 331, 15, 314, 530, 208, 270, 289, 596, 27]",600,15,0.8,,3,200,"[[0.02, 0.005, 0.01], [0.005, 0.02, 0.005], [0.01, 0.005, 0.02]]",,,,,6.665,0.3870267999107353,0.9983333333333333,0.17666666666666667,7.466666666666667,0.0017867637460238005,0.005723126972128399,0.15213675213675212,0.022222222222222223,0.003418803418803419,0.0,2.206837606837607,4.0,0.0,0.2,6.9743589743589745,0.13859104622386667,0.7198161807750849,0.011319175377998907,3.1523809523809523,0.8496811734686862,0.0735042735042735,1.0,1.0,0.6315983749227598,18,True,3202.0
3,sparse_sbm,sparse_sbm_16,16,44,2978175542,2457041180,"[25, 35, 76, 100, 166, 194, 205, 259, 297, 312, 314, 382, 412, 435, 440]","[227, 8, 82, 30, 463, 28, 433, 282, 404, 364, 58, 199, 362, 323, 22]",600,15,0.8,,3,200,"[[0.02, 0.005, 0.01], [0.005, 0.02, 0.005], [0.01, 0.005, 0.02]]",,,,,6.665,0.3870267999107353,0.9983333333333333,0.17666666666666667,6.533333333333333,0.001603549897790053,0.00436439087531368,0.15384615384615385,0.006837606837606838,0.0,0.0,2.135042735042735,4.0,0.0,0.14871794871794872,6.415384615384616,0.13330796278007453,0.7172169535183234,0.002704081632653061,3.619047619047619,0.8648307589022237,0.0393162393162393,0.1418803418803418,0.1633333333333333,1.009634832968004,30,False,1592.0
3,sparse_sbm,sparse_sbm_16,16,45,2978175542,2161292737,"[47, 48, 187, 262, 294, 298, 342, 440, 447, 471, 520, 548, 559, 572, 581]","[225, 181, 317, 503, 235, 24, 179, 22, 67, 499, 273, 26, 372, 284, 413]",600,15,0.8,,3,200,"[[0.02, 0.005, 0.01], [0.005, 0.02, 0.005], [0.01, 0.005, 0.02]]",,,,,6.665,0.3870267999107353,0.9983333333333333,0.17666666666666667,8.0,0.0019341943368220101,0.006665641419557524,0.1675213675213675,0.022222222222222223,0.0017094017094017094,0.0,2.1145299145299146,4.0,0.0,0.19658119658119658,7.2786324786324785,0.15004025409447172,0.6941810092495024,0.009864548567556084,3.219047619047619,0.6739822570143588,0.0769230769230769,0.9948717948717948,0.995,0.4936683749547228,14,True,3202.0
3,sparse_sbm,sparse_sbm_16,16,46,2978175542,1326128054,"[98, 99, 158, 170, 190, 241, 356, 404, 435, 468, 470, 475, 529, 570, 575]","[44, 70, 186, 382, 221, 63, 261, 558, 323, 105, 572, 90, 25, 75, 437]",600,15,0.8,,3,200,"[[0.02, 0.005, 0.01], [0.005, 0.02, 0.005], [0.01, 0.005, 0.02]]",,,,,6.665,0.3870267999107353,0.9983333333333333,0.17666666666666667,7.4,0.0017948149763168477,0.005740089076283985,0.17094017094017094,0.011965811965811967,0.0,0.0,2.095726495726496,4.0,0.0,0.18461538461538463,6.921367521367522,0.1481172330883481,0.6887308277719236,0.003910172256036917,3.4761904761904763,0.8496811734686862,0.0598290598290598,0.9965811965811966,0.9966666666666668,0.9848282920429484,30,False,3202.0
3,sparse_sbm,sparse_sbm_16,16,47,2978175542,2517569978,"[12, 35, 111, 126, 147, 151, 187, 267, 323, 363, 387, 433, 444, 489, 495]","[354, 8, 373, 369, 252, 87, 317, 307, 302, 233, 121, 428, 407, 379, 229]",600,15,0.8,,3,200,"[[0.02, 0.005, 0.01], [0.005, 0.02, 0.005], [0.01, 0.005, 0.02]]",,,,,6.665,0.3870267999107353,0.9983333333333333,0.17666666666666667,6.933333333333334,0.0017251543893475644,0.004344142772193453,0.17094017094017094,0.006837606837606838,0.0,0.0,2.111111111111111,4.0,0.0,0.11794871794871795,6.3418803418803416,0.1455659830153775,0.6889005971197752,0.0031938431938431937,3.723809523809524,0.9049680916574211,0.0547008547008547,0.9948717948717948,0.995,0.8044958329992369,24,True,3202.0
3,sparse_sbm,sparse_sbm_16,16,48,2978175542,403329602,"[2, 30, 60, 88, 123, 185, 198, 204, 239, 244, 338, 346, 445, 473, 499]","[380, 551, 151, 41, 190, 543, 363, 175, 346, 415, 488, 243, 345, 500, 401]",600,15,0.8,,3,200,"[[0.02, 0.005, 0.01], [0.005, 0.02, 0.005], [0.01, 0.005, 0.02]]",,,,,6.665,0.3870267999107353,0.9983333333333333,0.17666666666666667,8.533333333333333,0.002042204503357792,0.006889427647972545,0.19316239316239317,0.017094017094017096,0.0017094017094017094,0.0,2.039316239316239,4.0,0.0,0.20683760683760682,7.140170940170941,0.16525960156831807,0.6527572883737267,0.006610707015395206,3.361904761904762,0.8398430115805638,0.0427350427350427,0.9948717948717948,0.995,1.000432041939348,30,False,3202.0
3,sparse_sbm,sparse_sbm_16,16,49,2978175542,2486826169,"[2, 22, 60, 75, 84, 103, 112, 200, 217, 258, 334, 355, 426, 447, 481]","[380, 101, 151, 129, 397, 443, 203, 301, 569, 6, 341, 330, 234, 67, 505]",600,15,0.8,,3,200,"[[0.02, 0.005, 0.01], [0.005, 0.02, 0.005], [0.01, 0.005, 0.02]]",,,,,6.665,0.3870267999107353,0.9983333333333333,0.17666666666666667,6.266666666666667,0.0015848406438678283,0.003980734385290533,0.147008547008547,0.006837606837606838,0.0,0.0,2.1914529914529917,4.0,0.0,0.10256410256410256,5.757264957264957,0.12893658518034531,0.7286968739023534,0.0032722832722832723,3.7714285714285714,0.8648307589022237,0.0478632478632478,0.1829059829059829,0.2033333333333333,1.038571208016947,30,False,1620.0
3,sparse_sbm,sparse_sbm_17,17,0,1665105657,2757838747,"[6, 33, 73, 102, 218, 222, 230, 301, 303, 363, 416, 455, 461, 465, 550]","[370, 569, 116, 372, 4, 385, 86, 182, 302, 174, 540, 253, 290, 521, 239]",600,15,0.8,,3,200,"[[0.02, 0.005, 0.01], [0.005, 0.02, 0.005], [0.01, 0.005, 0.02]]",,,,,6.596666666666667,0.3852027431923656,0.9983333333333333,0.11,6.266666666666667,0.0015910324643919063,0.004836964537598753,0.14871794871794872,0.008547008547008548,0.0,0.0,2.1675213675213674,4.0,0.0,0.13333333333333333,5.967521367521368,0.13030695412777205,0.7258634820278655,0.004502442002442002,3.6952380952380954,0.7444187606366314,0.0547008547008547,0.9965811965811966,0.9966666666666668,0.9003702079644427,27,True,3208.0
3,sparse_sbm,sparse_sbm_17,17,1,1665105657,3169421840,"[23, 49, 95, 105, 112, 123, 172, 183, 221, 280, 334, 337, 349, 402, 574]","[320, 364, 483, 423, 210, 564, 12, 23, 66, 446, 296, 337, 0, 431, 109]",600,15,0.8,,3,200,"[[0.02, 0.005, 0.01], [0.005, 0.02, 0.005], [0.01, 0.005, 0.02]]",,,,,6.596666666666667,0.3852027431923656,0.9983333333333333,0.11,6.266666666666667,0.0015908312806962484,0.0043619802104265205,0.1452991452991453,0.005128205128205128,0.0,0.0,2.2034188034188036,4.0,0.0,0.12478632478632479,6.105982905982906,0.1270065115158186,0.7315829528158295,0.0021275021275021276,3.6,0.8095438407134888,0.0444444444444444,0.1504273504273504,0.1716666666666666,1.029403958003968,30,False,1590.0
3,sparse_sbm,sparse_sbm_17,17,2,1665105657,2498997456,"[15, 45, 52, 54, 142, 254, 314, 337, 404, 487, 491, 510, 539, 577, 585]","[599, 171, 504, 412, 250, 324, 587, 337, 219, 125, 298, 72, 319, 491, 207]",600,15,0.8,,3,200,"[[0.02, 0.005, 0.01], [0.005, 0.02, 0.005], [0.01, 0.005, 0.02]]",,,,,6.596666666666667,0.3852027431923656,0.9983333333333333,0.11,6.066666666666666,0.0015460897633681697,0.003646351465422749,0.15213675213675212,0.003418803418803419,0.0,0.0,2.1606837606837606,4.0,0.0,0.11794871794871795,5.731623931623932,0.13145676634101172,0.7200854700854701,0.0013605442176870747,3.7714285714285714,0.8398430115805638,0.0512820512820512,0.2427350427350427,0.2616666666666666,1.0201888749143109,30,False,1670.0
3,sparse_sbm,sparse_sbm_17,17,3,1665105657,1345131793,"[29, 54, 55, 127, 186, 217, 239, 256, 279, 319, 336, 350, 371, 375, 516]","[287, 412, 300, 131, 118, 413, 283, 175, 236, 293, 216, 448, 335, 187, 104]",600,15,0.8,,3,200,"[[0.02, 0.005, 0.01], [0.005, 0.02, 0.005], [0.01, 0.005, 0.02]]",,,,,6.596666666666667,0.3852027431923656,0.9983333333333333,0.11,6.866666666666666,0.0017405586997556338,0.003785660356091575,0.15555555555555556,0.011965811965811967,0.0017094017094017094,0.0,2.1965811965811968,4.0,0.0,0.13846153846153847,5.9452991452991455,0.13731560050810898,0.714172813487882,0.006908303336874765,3.5142857142857142,0.7825519265895515,0.0598290598290598,0.9965811965811966,0.9966666666666668,1.028361374977976,30,True,3208.0
3,sparse_sbm,sparse_sbm_17,17,4,1665105657,4245310725,"[72, 86, 108, 126, 146, 173, 194, 273, 387, 409, 436, 445, 516, 568, 594]","[421, 580, 523, 8, 245, 265, 264, 163, 231, 252, 318, 544, 104, 185, 331]",600,15,0.8,,3,200,"[[0.02, 0.005, 0.01], [0.005, 0.02, 0.005], [0.01, 0.005, 0.02]]",,,,,6.596666666666667,0.3852027431923656,0.9983333333333333,0.11,7.133333333333334,0.0017545232512493024,0.003579611027624848,0.1606837606837607,0.015384615384615385,0.0,0.0,2.14017094017094,4.0,0.0,0.17094017094017094,6.743589743589744,0.14247733527719078,0.705573117901885,0.006264480151034773,3.419047619047619,0.7121154229672791,0.0632478632478632,1.0,1.0,0.9421110410476105,28,True,3208.0
3,sparse_sbm,sparse_sbm_17,17,5,1665105657,1505615662,"[44, 66, 141, 155, 186, 195, 205, 233, 251, 270, 284, 375, 429, 449, 520]","[215, 136, 579, 224, 118, 449, 317, 407, 206, 382, 468, 187, 539, 399, 426]",600,15,0.8,,3,200,"[[0.02, 0.005, 0.01], [0.005, 0.02, 0.005], [0.01, 0.005, 0.02]]",,,,,6.596666666666667,0.3852027431923656,0.9983333333333333,0.11,6.066666666666666,0.0015555809016067114,0.0031803484008119135,0.14188034188034188,0.011965811965811967,0.0017094017094017094,0.0,2.2205128205128206,4.0,0.0,0.10085470085470086,5.634188034188035,0.12769761860903492,0.7372380283339187,0.007993302993302993,3.780952380952381,0.8075396739112116,0.0564102564102564,0.2170940170940171,0.2366666666666666,1.006213582935743,30,False,1626.0
3,sparse_sbm,sparse_sbm_17,17,6,1665105657,2647067559,"[3, 26, 57, 130, 263, 284, 318, 334, 344, 460, 470, 537, 559, 581, 593]","[21, 160, 348, 355, 85, 468, 418, 296, 322, 35, 82, 463, 157, 106, 479]",600,15,0.8,,3,200,"[[0.02, 0.005, 0.01], [0.005, 0.02, 0.005], [0.01, 0.005, 0.02]]",,,,,6.596666666666667,0.3852027431923656,0.9983333333333333,0.11,6.6,0.0016627294269736664,0.006114769924040876,0.147008547008547,0.015384615384615385,0.003418803418803419,0.0,2.186324786324786,4.0,0.0,0.147008547008547,6.234188034188034,0.1312537037313211,0.7285973539398197,0.010237619523333808,3.6,0.7444187606366313,0.0581196581196581,0.1692307692307692,0.19,0.9605805000755936,28,True,1622.0
3,sparse_sbm,sparse_sbm_17,17,7,1665105657,2237070157,"[30, 59, 84, 91, 114, 165, 196, 325, 328, 385, 441, 468, 471, 544, 582]","[58, 191, 45, 107, 313, 338, 444, 179, 204, 246, 161, 44, 28, 270, 464]",600,15,0.8,,3,200,"[[0.02, 0.005, 0.01], [0.005, 0.02, 0.005], [0.01, 0.005, 0.02]]",,,,,6.596666666666667,0.3852027431923656,0.9983333333333333,0.11,5.533333333333333,0.0014119151619288765,0.003237744624359424,0.12991452991452992,0.008547008547008548,0.0,0.0,2.241025641025641,4.0,0.0,0.11452991452991453,5.757264957264957,0.11717427007310452,0.7577859735393982,0.004904354904354904,3.6095238095238096,0.7522527557224766,0.041025641025641,0.1641025641025641,0.185,1.0169276669621468,30,False,1574.0
3,sparse_sbm,sparse_sbm_17,17,8,1665105657,2181434014,"[17, 49, 86, 104, 197, 269, 317, 338, 346, 393, 403, 434, 443, 524, 560]","[202, 364, 580, 510, 303, 476, 411, 459, 145, 155, 167, 546, 68, 205, 323]",600,15,0.8,,3,200,"[[0.02, 0.005, 0.01], [0.005, 0.02, 0.005], [0.01, 0.005, 0.02]]",,,,,6.596666666666667,0.3852027431923656,0.9983333333333333,0.11,6.933333333333334,0.0017273266438575072,0.004351422472873651,0.15897435897435896,0.015384615384615385,0.0,0.0,2.135042735042735,4.0,0.0,0.13675213675213677,6.300854700854701,0.14096450021087917,0.7084591968153612,0.0060424270718388365,3.5238095238095237,0.7022772610791568,0.0376068376068376,0.0991452991452991,0.1216666666666666,1.0219341670162976,30,False,1550.0
3,sparse_sbm,sparse_sbm_17,17,9,1665105657,771812579,"[35, 118, 123, 144, 227, 246, 260, 309, 350, 387, 397, 493, 511, 532, 583]","[41, 498, 564, 79, 430, 336, 105, 247, 448, 231, 497, 150, 178, 211, 582]",600,15,0.8,,3,200,"[[0.02, 0.005, 0.01], [0.005, 0.02, 0.005], [0.01, 0.005, 0.02]]",,,,,6.596666666666667,0.3852027431923656,0.9983333333333333,0.11,5.6,0.0014597291894216712,0.0035004682436012052,0.1282051282051282,0.015384615384615385,0.0,0.0,2.252991452991453,4.0,0.0,0.08547008547008547,5.352136752136752,0.11946695781832961,0.7606135112984428,0.007148090005232862,3.704761904761905,0.7272650084008166,0.0649572649572649,1.0,1.0,0.6350759998895228,18,True,3208.0
3,sparse_sbm,sparse_sbm_17,17,10,1665105657,776373600,"[5, 56, 91, 110, 134, 232, 272, 319, 335, 399, 447, 448, 452, 474, 589]","[595, 141, 107, 57, 90, 137, 489, 293, 570, 95, 415, 37, 76, 553, 508]",600,15,0.8,,3,200,"[[0.02, 0.005, 0.01], [0.005, 0.02, 0.005], [0.01, 0.005, 0.02]]",,,,,6.596666666666667,0.3852027431923656,0.9983333333333333,0.11,6.533333333333333,0.0016722587182703673,0.004509826082923005,0.15384615384615385,0.013675213675213675,0.0,0.0,2.1829059829059827,4.0,0.0,0.09914529914529914,5.63931623931624,0.13649578812836202,0.7170120594778129,0.005901276389998194,3.6666666666666665,0.7747179315037063,0.0649572649572649,0.3794871794871794,0.395,1.0273527919780463,30,False,1796.0
3,sparse_sbm,sparse_sbm_17,17,11,1665105657,3997671701,"[23, 30, 61, 128, 209, 233, 235, 384, 398, 462, 481, 517, 557, 560, 597]","[320, 58, 276, 360, 450, 407, 490, 268, 213, 149, 567, 93, 346, 323, 542]",600,15,0.8,,3,200,"[[0.02, 0.005, 0.01], [0.005, 0.02, 0.005], [0.01, 0.005, 0.02]]",,,,,6.596666666666667,0.3852027431923656,0.9983333333333333,0.11,6.8,0.0017228298928290253,0.004799842341957983,0.1641025641025641,0.006837606837606838,0.0,0.0,2.1384615384615384,4.0,0.0,0.13846153846153847,6.201709401709402,0.14101724829229062,0.7000995199625336,0.0033781033781033775,3.5904761904761906,0.8398430115805637,0.0564102564102564,1.0,1.0,0.6806472090538591,20,True,3208.0
3,sparse_sbm,sparse_sbm_17,17,12,1665105657,3771805107,"[61, 97, 101, 115, 196, 210, 230, 268, 289, 319, 341, 452, 492, 508, 513]","[276, 592, 84, 115, 444, 269, 86, 347, 71, 293, 266, 76, 530, 126, 33]",600,15,0.8,,3,200,"[[0.02, 0.005, 0.01], [0.005, 0.02, 0.005], [0.01, 0.005, 0.02]]",,,,,6.596666666666667,0.3852027431923656,0.9983333333333333,0.11,7.2,0.0017989703396300897,0.0060810515927792385,0.1658119658119658,0.018803418803418803,0.0,0.0,2.147008547008547,4.0,0.0,0.1452991452991453,6.5777777777777775,0.14765047906323223,0.697008547008547,0.008457032385603814,3.4380952380952383,0.8075396739112116,0.0683760683760683,1.0,1.0,0.6473228340037167,19,True,3208.0
3,sparse_sbm,sparse_sbm_17,17,13,1665105657,2439460145,"[26, 70, 74, 88, 107, 131, 185, 226, 230, 235, 237, 515, 537, 538, 548]","[160, 165, 228, 47, 243, 3, 398, 535, 86, 490, 367, 77, 463, 551, 386]",600,15,0.8,,3,200,"[[0.02, 0.005, 0.01], [0.005, 0.02, 0.005], [0.01, 0.005, 0.02]]",,,,,6.596666666666667,0.3852027431923656,0.9983333333333333,0.11,7.8,0.0019384458761006348,0.00747249785288328,0.17435897435897435,0.018803418803418803,0.0,0.0,2.095726495726496,4.0,0.0,0.15726495726495726,6.603418803418803,0.15260902685793964,0.6830406275611756,0.006371810164379824,3.580952380952381,0.8398430115805637,0.0529914529914529,0.1555555555555555,0.1766666666666666,0.9791131670353934,29,True,1600.0
3,sparse_sbm,sparse_sbm_17,17,14,1665105657,2003560559,"[30, 34, 149, 189, 271, 346, 365, 374, 375, 402, 426, 475, 517, 539, 585]","[58, 359, 371, 52, 259, 145, 596, 362, 187, 431, 352, 307, 93, 319, 207]",600,15,0.8,,3,200,"[[0.02, 0.005, 0.01], [0.005, 0.02, 0.005], [0.01, 0.005, 0.02]]",,,,,6.596666666666667,0.3852027431923656,0.9983333333333333,0.11,6.0,0.0015312317277454556,0.0027329336512438664,0.14188034188034188,0.008547008547008548,0.0,0.0,2.18974358974359,4.0,0.0,0.1094017094017094,5.829059829059829,0.1258522930530983,0.7373258400655661,0.0047008547008547015,3.7333333333333334,0.7595683460701688,0.0512820512820512,0.3487179487179487,0.365,1.00935424992349,30,False,1742.0
3,sparse_sbm,sparse_sbm_17,17,15,1665105657,3898875870,"[15, 104, 118, 134, 137, 154, 176, 227, 248, 349, 387, 425, 544, 564, 592]","[599, 510, 498, 90, 461, 414, 103, 430, 424, 0, 231, 389, 270, 176, 435]",600,15,0.8,,3,200,"[[0.02, 0.005, 0.01], [0.005, 0.02, 0.005], [0.01, 0.005, 0.02]]",,,,,6.596666666666667,0.3852027431923656,0.9983333333333333,0.11,6.533333333333333,0.0016216816068282192,0.0034513999403458103,0.1452991452991453,0.011965811965811967,0.0,0.0,2.2,4.0,0.0,0.13504273504273503,6.107692307692307,0.1298121367982807,0.7314775787378527,0.005368978000556948,3.5619047619047617,0.7292691752030938,0.0512820512820512,0.3247863247863248,0.3416666666666667,1.013009374961257,30,False,1772.0
3,sparse_sbm,sparse_sbm_17,17,16,1665105657,584073158,"[41, 45, 149, 158, 209, 266, 323, 391, 440, 472, 505, 519, 562, 564, 575]","[234, 171, 371, 240, 450, 280, 289, 584, 38, 578, 339, 102, 203, 176, 555]",600,15,0.8,,3,200,"[[0.02, 0.005, 0.01], [0.005, 0.02, 0.005], [0.01, 0.005, 0.02]]",,,,,6.596666666666667,0.3852027431923656,0.9983333333333333,0.11,6.8,0.0017241482910484301,0.003717788093642764,0.15384615384615385,0.020512820512820513,0.0,0.0,2.194871794871795,4.0,0.0,0.11965811965811966,6.128205128205129,0.13981669084790493,0.716906685399836,0.009102916020209254,3.5142857142857142,0.8398430115805638,0.0598290598290598,1.0,1.0,0.930333458003588,28,True,3208.0
3,sparse_sbm,sparse_sbm_17,17,17,1665105657,450697235,"[10, 18, 36, 40, 55, 67, 109, 125, 164, 178, 241, 436, 468, 554, 569]","[22, 229, 100, 168, 300, 36, 292, 526, 152, 9, 274, 318, 44, 375, 442]",600,15,0.8,,3,200,"[[0.02, 0.005, 0.01], [0.005, 0.02, 0.005], [0.01, 0.005, 0.02]]",,,,,6.596666666666667,0.3852027431923656,0.9983333333333333,0.11,7.333333333333333,0.0018018371639090234,0.005290709658419071,0.1641025641025641,0.013675213675213675,0.003418803418803419,0.0,2.141880341880342,4.0,0.0,0.1658119658119658,6.794871794871795,0.14435320338343427,0.6999356047301253,0.008752982729099492,3.3523809523809525,0.6944432659933113,0.0598290598290598,1.0,1.0,0.7689698750618845,22,True,3208.0
3,sparse_sbm,sparse_sbm_17,17,18,1665105657,2799191194,"[18, 189, 225, 244, 264, 282, 293, 334, 350, 353, 488, 512, 514, 593, 599]","[229, 52, 11, 473, 51, 428, 256, 296, 448, 235, 380, 39, 525, 479, 220]",600,15,0.8,,3,200,"[[0.02, 0.005, 0.01], [0.005, 0.02, 0.005], [0.01, 0.005, 0.02]]",,,,,6.596666666666667,0.3852027431923656,0.9983333333333333,0.11,6.733333333333333,0.0017689343703671057,0.004842811299704324,0.1606837606837607,0.005128205128205128,0.0,0.0,2.158974358974359,4.0,0.0,0.10427350427350428,5.652991452991453,0.13784675072166594,0.7058072825196113,0.0020885547201336674,3.742857142857143,0.7522527557224767,0.0581196581196581,0.188034188034188,0.2083333333333333,1.0162828749744222,30,False,1620.0
3,sparse_sbm,sparse_sbm_17,17,19,1665105657,2661724827,"[8, 69, 162, 216, 330, 338, 380, 384, 440, 448, 465, 496, 502, 551, 564]","[395, 88, 92, 329, 121, 459, 184, 268, 38, 37, 521, 328, 195, 574, 176]",600,15,0.8,,3,200,"[[0.02, 0.005, 0.01], [0.005, 0.02, 0.005], [0.01, 0.005, 0.02]]",,,,,6.596666666666667,0.3852027431923656,0.9983333333333333,0.11,7.2,0.0017934875641858953,0.004500361937127934,0.17094017094017094,0.008547008547008548,0.0017094017094017094,0.0,2.112820512820513,4.0,0.0,0.1606837606837607,6.358974358974359,0.14620515102384954,0.6888537641962299,0.004971073899645328,3.552380952380952,0.6871276756456192,0.0649572649572649,0.9965811965811966,0.9966666666666668,0.797440666006878,22,True,3208.0
3,sparse_sbm,sparse_sbm_17,17,20,1665105657,3403396048,"[139, 148, 154, 227, 265, 275, 350, 356, 375, 388, 391, 402, 404, 481, 548]","[477, 25, 414, 430, 327, 114, 448, 507, 187, 488, 584, 431, 219, 567, 386]",600,15,0.8,,3,200,"[[0.02, 0.005, 0.01], [0.005, 0.02, 0.005], [0.01, 0.005, 0.02]]",,,,,6.596666666666667,0.3852027431923656,0.9983333333333333,0.11,7.066666666666666,0.0017878605372677468,0.004568915337550863,0.1675213675213675,0.006837606837606838,0.0,0.0,2.147008547008547,4.0,0.0,0.15726495726495726,6.328205128205128,0.1434938430308203,0.6944502985598876,0.0030409356725146198,3.5047619047619047,0.742414593834354,0.0564102564102564,1.0,1.0,0.7760787919396535,22,True,3208.0
3,sparse_sbm,sparse_sbm_17,17,21,1665105657,1487313027,"[29, 35, 49, 120, 141, 145, 165, 192, 249, 282, 322, 362, 384, 572, 575]","[287, 41, 364, 316, 579, 436, 338, 98, 513, 428, 255, 18, 268, 180, 555]",600,15,0.8,,3,200,"[[0.02, 0.005, 0.01], [0.005, 0.02, 0.005], [0.01, 0.005, 0.02]]",,,,,6.596666666666667,0.3852027431923656,0.9983333333333333,0.11,6.533333333333333,0.0016421277173255069,0.00408158326128802,0.15726495726495726,0.010256410256410256,0.0,0.0,2.1316239316239316,5.0,0.0,0.1111111111111111,6.095726495726495,0.13837902698156923,0.7113218592670647,0.0038238999848906976,3.6666666666666665,0.9049680916574211,0.0529914529914529,1.0,1.0,1.02793850004673,30,False,3208.0
3,sparse_sbm,sparse_sbm_17,17,22,1665105657,3839505630,"[30, 74, 76, 91, 289, 294, 320, 333, 335, 387, 435, 439, 451, 454, 520]","[58, 228, 516, 107, 71, 67, 112, 32, 570, 231, 70, 24, 515, 378, 426]",600,15,0.8,,3,200,"[[0.02, 0.005, 0.01], [0.005, 0.02, 0.005], [0.01, 0.005, 0.02]]",,,,,6.596666666666667,0.3852027431923656,0.9983333333333333,0.11,5.6,0.0014588166309193501,0.0030793197531546654,0.13333333333333333,0.008547008547008548,0.0017094017094017094,0.0,2.282051282051282,4.0,0.0,0.09230769230769231,4.996581196581197,0.11719964354072558,0.7521484603676385,0.009432525146810861,3.8190476190476192,0.8648307589022237,0.0427350427350427,0.252991452991453,0.2716666666666666,1.028994582942687,30,False,1678.0
3,sparse_sbm,sparse_sbm_17,17,23,1665105657,542071471,"[81, 121, 183, 205, 246, 316, 367, 419, 428, 429, 433, 447, 505, 552, 586]","[169, 244, 23, 317, 336, 83, 481, 368, 226, 539, 199, 415, 339, 123, 401]",600,15,0.8,,3,200,"[[0.02, 0.005, 0.01], [0.005, 0.02, 0.005], [0.01, 0.005, 0.02]]",,,,,6.596666666666667,0.3852027431923656,0.9983333333333333,0.11,7.666666666666667,0.0018997669638876021,0.006225861445631462,0.17435897435897435,0.018803418803418803,0.0,0.0,2.1145299145299146,4.0,0.0,0.14871794871794872,6.61025641025641,0.1530893959087187,0.6830113569839598,0.006999132986527945,3.447619047619048,0.7747179315037063,0.0649572649572649,0.1743589743589743,0.195,0.9497123329201712,27,True,1596.0
3,sparse_sbm,sparse_sbm_17,17,24,1665105657,36803751,"[19, 51, 130, 148, 152, 158, 235, 270, 274, 277, 350, 373, 429, 431, 505]","[480, 127, 355, 25, 369, 240, 490, 382, 230, 400, 448, 271, 539, 117, 339]",600,15,0.8,,3,200,"[[0.02, 0.005, 0.01], [0.005, 0.02, 0.005], [0.01, 0.005, 0.02]]",,,,,6.596666666666667,0.3852027431923656,0.9983333333333333,0.11,7.866666666666666,0.0019449926923647768,0.007061359767878161,0.17606837606837608,0.011965811965811967,0.003418803418803419,0.0,2.1213675213675214,4.0,0.0,0.1829059829059829,6.635897435897436,0.15166594380038043,0.6803184638801077,0.007293447293447293,3.342857142857143,0.7674023411560141,0.0598290598290598,0.9965811965811966,0.9966666666666668,0.8877848329721019,26,True,3208.0
3,sparse_sbm,sparse_sbm_17,17,25,1665105657,1872962119,"[4, 5, 26, 46, 149, 268, 289, 300, 321, 374, 427, 483, 522, 568, 589]","[381, 595, 160, 227, 371, 347, 71, 192, 470, 362, 128, 396, 148, 185, 508]",600,15,0.8,,3,200,"[[0.02, 0.005, 0.01], [0.005, 0.02, 0.005], [0.01, 0.005, 0.02]]",,,,,6.596666666666667,0.3852027431923656,0.9983333333333333,0.11,5.8,0.001478898882134386,0.0038429669660980043,0.13846153846153847,0.006837606837606838,0.0,0.0,2.2222222222222223,4.0,0.0,0.10427350427350428,5.651282051282052,0.12268712199206229,0.7431975178550521,0.003190609577164199,3.780952380952381,0.6891318424478963,0.0632478632478632,0.9965811965811966,0.9966666666666668,0.9144496669759974,28,True,3208.0
3,sparse_sbm,sparse_sbm_17,17,26,1665105657,591420286,"[12, 93, 118, 138, 153, 176, 179, 202, 219, 258, 267, 454, 503, 575, 598]","[506, 566, 498, 520, 532, 103, 586, 7, 214, 65, 13, 378, 561, 555, 486]",600,15,0.8,,3,200,"[[0.02, 0.005, 0.01], [0.005, 0.02, 0.005], [0.01, 0.005, 0.02]]",,,,,6.596666666666667,0.3852027431923656,0.9983333333333333,0.11,5.2,0.001368838365261994,0.0037222031332403743,0.12307692307692308,0.006837606837606838,0.0,0.0,2.264957264957265,5.0,0.0,0.07863247863247863,5.222222222222222,0.11180691849401012,0.7696756820044491,0.0038076341647770217,3.895238095238095,0.7194310133149713,0.0393162393162393,0.188034188034188,0.2083333333333333,0.9829116249457002,30,False,1614.0
3,sparse_sbm,sparse_sbm_17,17,27,1665105657,896191213,"[51, 65, 115, 202, 274, 332, 365, 370, 379, 416, 429, 514, 574, 576, 582]","[127, 552, 115, 7, 230, 254, 596, 500, 237, 540, 539, 525, 109, 482, 464]",600,15,0.8,,3,200,"[[0.02, 0.005, 0.01], [0.005, 0.02, 0.005], [0.01, 0.005, 0.02]]",,,,,6.596666666666667,0.3852027431923656,0.9983333333333333,0.11,7.0,0.0017544603269622724,0.004591787087429985,0.15384615384615385,0.011965811965811967,0.0,0.0,2.1794871794871793,4.0,0.0,0.13162393162393163,6.097435897435897,0.13634113136740816,0.7170413300550287,0.005380126409538174,3.4761904761904763,0.7674023411560141,0.0598290598290598,0.9965811965811966,0.9966666666666668,0.8094202919164672,24,True,3208.0
3,sparse_sbm,sparse_sbm_17,17,28,1665105657,3953304212,"[5, 9, 116, 119, 123, 141, 144, 273, 321, 395, 452, 501, 526, 536, 586]","[595, 565, 365, 232, 564, 579, 79, 163, 470, 282, 76, 222, 493, 277, 401]",600,15,0.8,,3,200,"[[0.02, 0.005, 0.01], [0.005, 0.02, 0.005], [0.01, 0.005, 0.02]]",,,,,6.596666666666667,0.3852027431923656,0.9983333333333333,0.11,6.0,0.0015089737404622202,0.00384422591421197,0.13846153846153847,0.011965811965811967,0.0,0.0,2.174358974358974,4.0,0.0,0.12478632478632479,6.0,0.12386519586495584,0.7431682472778364,0.005948945234659521,3.7333333333333334,0.9049680916574211,0.0444444444444444,0.1555555555555555,0.1766666666666666,0.943152166903019,27,True,1570.0
3,sparse_sbm,sparse_sbm_17,17,29,1665105657,20305838,"[14, 97, 107, 110, 135, 149, 173, 205, 271, 277, 286, 436, 463, 512, 513]","[321, 592, 243, 57, 410, 371, 265, 317, 259, 400, 194, 318, 64, 39, 33]",600,15,0.8,,3,200,"[[0.02, 0.005, 0.01], [0.005, 0.02, 0.005], [0.01, 0.005, 0.02]]",,,,,6.596666666666667,0.3852027431923656,0.9983333333333333,0.11,6.333333333333333,0.001637417788499782,0.003081556846750896,0.15042735042735042,0.008547008547008548,0.0,0.0,2.174358974358974,4.0,0.0,0.08717948717948718,5.64957264957265,0.13116244847746802,0.7230183819224915,0.004943310657596371,3.676190476190476,0.9201176770909587,0.0649572649572649,0.1914529914529914,0.2116666666666666,0.9902591250138356,29,True,1610.0
3,sparse_sbm,sparse_sbm_17,17,30,1665105657,1567021194,"[13, 53, 54, 67, 77, 79, 80, 81, 211, 266, 276, 302, 307, 501, 536]","[110, 10, 412, 36, 354, 474, 403, 169, 573, 280, 295, 466, 585, 222, 277]",600,15,0.8,,3,200,"[[0.02, 0.005, 0.01], [0.005, 0.02, 0.005], [0.01, 0.005, 0.02]]",,,,,6.596666666666667,0.3852027431923656,0.9983333333333333,0.11,7.533333333333333,0.001859831523924887,0.00542590681829924,0.17606837606837608,0.003418803418803419,0.0,0.0,2.082051282051282,4.0,0.0,0.15726495726495726,6.772649572649573,0.14776786986195567,0.6805467743823909,0.0013193156050298907,3.5238095238095237,0.7014375082052997,0.0564102564102564,0.2991452991452991,0.3166666666666666,1.048373291967437,30,False,1732.0
3,sparse_sbm,sparse_sbm_17,17,31,1665105657,322471074,"[34, 98, 137, 164, 265, 278, 315, 346, 444, 445, 449, 513, 536, 538, 580]","[359, 597, 461, 152, 327, 63, 533, 145, 447, 544, 399, 33, 277, 551, 257]",600,15,0.8,,3,200,"[[0.02, 0.005, 0.01], [0.005, 0.02, 0.005], [0.01, 0.005, 0.02]]",,,,,6.596666666666667,0.3852027431923656,0.9983333333333333,0.11,8.066666666666666,0.0019757396302053478,0.006183435376088631,0.19145299145299147,0.015384615384615385,0.0,0.0,2.0427350427350426,4.0,0.0,0.19487179487179487,7.058119658119658,0.16342180073976678,0.6554853061702377,0.005589955280357758,3.4380952380952383,0.8095438407134887,0.0649572649572649,0.9965811965811966,0.9966666666666668,0.5854481250280514,17,True,3208.0
3,sparse_sbm,sparse_sbm_17,17,32,1665105657,3226941187,"[6, 57, 65, 114, 143, 171, 242, 265, 420, 474, 476, 484, 539, 585, 586]","[370, 348, 552, 313, 186, 538, 96, 327, 87, 553, 314, 196, 319, 207, 401]",600,15,0.8,,3,200,"[[0.02, 0.005, 0.01], [0.005, 0.02, 0.005], [0.01, 0.005, 0.02]]",,,,,6.596666666666667,0.3852027431923656,0.9983333333333333,0.11,6.333333333333333,0.00157552178251425,0.003654284937169046,0.147008547008547,0.011965811965811967,0.0,0.0,2.1709401709401708,4.0,0.0,0.15213675213675212,6.432478632478633,0.13128434944087133,0.7285563751317176,0.00572383965241108,3.4857142857142858,0.7022772610791568,0.0564102564102564,1.0,1.0,0.6915146670071408,20,True,3208.0
3,sparse_sbm,sparse_sbm_17,17,33,1665105657,2392487945,"[15, 58, 72, 114, 172, 233, 276, 282, 335, 386, 425, 466, 470, 492, 536]","[599, 197, 421, 313, 12, 407, 295, 428, 570, 469, 389, 505, 82, 530, 277]",600,15,0.8,,3,200,"[[0.02, 0.005, 0.01], [0.005, 0.02, 0.005], [0.01, 0.005, 0.02]]",,,,,6.596666666666667,0.3852027431923656,0.9983333333333333,0.11,6.066666666666666,0.0015410263081474566,0.004065201564656717,0.14358974358974358,0.008547008547008548,0.0,0.0,2.206837606837607,5.0,0.0,0.11623931623931624,5.953846153846154,0.12774800012493184,0.7343870741131016,0.0035802199667745883,3.6857142857142855,0.8799803443357612,0.0478632478632478,0.1316239316239316,0.1533333333333333,1.1085248329909518,30,False,1564.0
3,sparse_sbm,sparse_sbm_17,17,34,1665105657,1910357081,"[35, 45, 93, 103, 116, 234, 245, 365, 431, 447, 456, 465, 522, 553, 587]","[41, 171, 566, 225, 365, 120, 519, 596, 117, 415, 16, 521, 148, 536, 554]",600,15,0.8,,3,200,"[[0.02, 0.005, 0.01], [0.005, 0.02, 0.005], [0.01, 0.005, 0.02]]",,,,,6.596666666666667,0.3852027431923656,0.9983333333333333,0.11,7.0,0.0017256877296298874,0.004437053667113102,0.15726495726495726,0.018803418803418803,0.0,0.0,2.1623931623931623,4.0,0.0,0.15726495726495726,6.237606837606838,0.1414269834768845,0.7112281934199742,0.007572487793628881,3.4571428571428573,0.8095438407134887,0.0649572649572649,1.0,1.0,0.7468345840461552,21,True,3208.0
3,sparse_sbm,sparse_sbm_17,17,35,1665105657,2580605045,"[3, 80, 122, 156, 210, 224, 337, 383, 413, 417, 462, 532, 543, 563, 568]","[21, 403, 572, 135, 269, 156, 337, 261, 258, 527, 149, 211, 351, 471, 185]",600,15,0.8,,3,200,"[[0.02, 0.005, 0.01], [0.005, 0.02, 0.005], [0.01, 0.005, 0.02]]",,,,,6.596666666666667,0.3852027431923656,0.9983333333333333,0.11,6.466666666666667,0.0016379037464186133,0.0035151408136378215,0.15726495726495726,0.005128205128205128,0.0,0.0,2.157264957264957,4.0,0.0,0.11282051282051282,6.0,0.13599765002882114,0.7114389415759279,0.002197802197802198,3.6476190476190475,0.8246934261470263,0.0786324786324786,0.9965811965811966,0.9966666666666668,0.6497822080273181,18,True,3208.0
3,sparse_sbm,sparse_sbm_17,17,36,1665105657,3868304503,"[23, 170, 171, 204, 248, 282, 284, 301, 360, 386, 452, 536, 539, 550, 559]","[320, 241, 538, 151, 424, 428, 468, 182, 164, 469, 76, 277, 319, 239, 157]",600,15,0.8,,3,200,"[[0.02, 0.005, 0.01], [0.005, 0.02, 0.005], [0.01, 0.005, 0.02]]",,,,,6.596666666666667,0.3852027431923656,0.9983333333333333,0.11,6.8,0.0017007675639531138,0.0059512150124696175,0.1606837606837607,0.013675213675213675,0.0,0.0,2.1367521367521367,4.0,0.0,0.13675213675213677,6.082051282051282,0.13915550391850348,0.7059770518674628,0.006708344565487422,3.5904761904761906,0.7194310133149713,0.0461538461538461,0.1948717948717948,0.215,1.0442338340217248,30,False,1610.0
3,sparse_sbm,sparse_sbm_17,17,37,1665105657,1207177541,"[97, 139, 165, 206, 218, 231, 264, 320, 349, 385, 438, 459, 526, 561, 587]","[592, 477, 338, 397, 4, 408, 51, 112, 0, 246, 15, 429, 493, 26, 554]",600,15,0.8,,3,200,"[[0.02, 0.005, 0.01], [0.005, 0.02, 0.005], [0.01, 0.005, 0.02]]",,,,,6.596666666666667,0.3852027431923656,0.9983333333333333,0.11,7.933333333333334,0.0019324747617642786,0.005823364923258815,0.17264957264957265,0.023931623931623933,0.0,0.0,2.111111111111111,4.0,0.0,0.17264957264957265,7.003418803418803,0.15484358322789754,0.6856222924716076,0.007917937618435667,3.3142857142857145,0.8095438407134887,0.0512820512820512,0.1111111111111111,0.1333333333333333,1.0764295000117272,30,False,1576.0
3,sparse_sbm,sparse_sbm_17,17,38,1665105657,641829468,"[21, 153, 180, 188, 206, 274, 287, 403, 456, 462, 467, 476, 498, 537, 581]","[343, 532, 273, 577, 397, 230, 17, 167, 16, 149, 598, 314, 528, 463, 106]",600,15,0.8,,3,200,"[[0.02, 0.005, 0.01], [0.005, 0.02, 0.005], [0.01, 0.005, 0.02]]",,,,,6.596666666666667,0.3852027431923656,0.9983333333333333,0.11,7.933333333333334,0.001961298122477581,0.007933975072618959,0.1811965811965812,0.018803418803418803,0.0,0.0,2.094017094017094,4.0,0.0,0.17606837606837608,6.671794871794872,0.15829012158793557,0.6718826835265191,0.006613253488529915,3.419047619047619,0.7674023411560141,0.07008547008547,1.0,1.0,0.654437292017974,18,True,3208.0
3,sparse_sbm,sparse_sbm_17,17,39,1665105657,1162597837,"[72, 145, 153, 180, 207, 241, 246, 381, 449, 466, 497, 513, 536, 573, 592]","[421, 436, 532, 273, 212, 274, 336, 550, 399, 505, 119, 33, 277, 177, 435]",600,15,0.8,,3,200,"[[0.02, 0.005, 0.01], [0.005, 0.02, 0.005], [0.01, 0.005, 0.02]]",,,,,6.596666666666667,0.3852027431923656,0.9983333333333333,0.11,6.266666666666667,0.001585737921445053,0.0033553786705331724,0.14871794871794872,0.008547008547008548,0.0,0.0,2.1555555555555554,4.0,0.0,0.09914529914529914,5.673504273504274,0.1303846624500629,0.7257815244116614,0.0031168292778199895,3.7904761904761903,0.7997056788253664,0.0598290598290598,1.0,1.0,0.8842353340005502,26,True,3208.0
3,sparse_sbm,sparse_sbm_17,17,40,1665105657,1712187186,"[27, 47, 74, 87, 130, 136, 175, 187, 298, 330, 340, 359, 377, 544, 579]","[122, 557, 228, 78, 355, 377, 249, 311, 487, 121, 312, 484, 390, 270, 56]",600,15,0.8,,3,200,"[[0.02, 0.005, 0.01], [0.005, 0.02, 0.005], [0.01, 0.005, 0.02]]",,,,,6.596666666666667,0.3852027431923656,0.9983333333333333,0.11,7.466666666666667,0.0018352679206006482,0.004216488994267203,0.17435897435897435,0.006837606837606838,0.0,0.0,2.095726495726496,4.0,0.0,0.15897435897435896,6.844444444444444,0.14889580651819792,0.6831518557545955,0.0030215419501133786,3.4095238095238094,0.8246934261470263,0.0564102564102564,0.1367521367521367,0.1583333333333333,1.0542725409613922,30,False,1590.0
3,sparse_sbm,sparse_sbm_17,17,41,1665105657,1782605504,"[20, 48, 143, 164, 238, 247, 286, 306, 311, 313, 402, 482, 510, 532, 562]","[472, 404, 186, 152, 46, 462, 194, 388, 417, 457, 431, 547, 72, 211, 203]",600,15,0.8,,3,200,"[[0.02, 0.005, 0.01], [0.005, 0.02, 0.005], [0.01, 0.005, 0.02]]",,,,,6.596666666666667,0.3852027431923656,0.9983333333333333,0.11,6.466666666666667,0.001643907362345442,0.003631837541344431,0.15555555555555556,0.010256410256410256,0.0,0.0,2.128205128205128,4.0,0.0,0.1076923076923077,5.9743589743589745,0.1355850764704866,0.7142781875658588,0.00433168139050492,3.8190476190476192,0.6891318424478963,0.0564102564102564,1.0,1.0,0.7348958749789745,21,True,3208.0
3,sparse_sbm,sparse_sbm_17,17,42,1665105657,1598640225,"[17, 35, 54, 59, 67, 81, 83, 142, 182, 205, 224, 242, 275, 307, 312]","[202, 41, 412, 191, 36, 169, 166, 250, 409, 317, 156, 96, 114, 585, 384]",600,15,0.8,,3,200,"[[0.02, 0.005, 0.01], [0.005, 0.02, 0.005], [0.01, 0.005, 0.02]]",,,,,6.596666666666667,0.3852027431923656,0.9983333333333333,0.11,6.8,0.0017081159543594069,0.005531761160456696,0.15726495726495726,0.013675213675213675,0.0,0.0,2.141880341880342,4.0,0.0,0.1452991452991453,6.191452991452992,0.1395945380457299,0.7112633181126332,0.005207749766573296,3.5714285714285716,0.7674023411560141,0.0581196581196581,0.2051282051282051,0.225,1.0308513339841738,30,False,1662.0
3,sparse_sbm,sparse_sbm_17,17,43,1665105657,3367959300,"[1, 22, 83, 88, 115, 161, 175, 247, 324, 366, 425, 435, 508, 520, 564]","[48, 349, 166, 47, 115, 357, 249, 462, 437, 458, 389, 70, 126, 426, 176]",600,15,0.8,,3,200,"[[0.02, 0.005, 0.01], [0.005, 0.02, 0.005], [0.01, 0.005, 0.02]]",,,,,6.596666666666667,0.3852027431923656,0.9983333333333333,0.11,6.866666666666666,0.0017141568123286105,0.003960710302969847,0.15897435897435896,0.010256410256410256,0.0,0.0,2.1504273504273503,4.0,0.0,0.15726495726495726,6.478632478632479,0.14006471717166222,0.7084065097763728,0.004387517244660102,3.4571428571428573,0.8648307589022237,0.0666666666666666,0.9965811965811966,0.9966666666666668,0.7229805829701945,20,True,3208.0
3,sparse_sbm,sparse_sbm_17,17,44,1665105657,2161412339,"[74, 79, 82, 116, 185, 304, 345, 348, 382, 385, 405, 410, 497, 519, 564]","[228, 474, 440, 365, 398, 30, 438, 75, 562, 246, 209, 383, 119, 102, 176]",600,15,0.8,,3,200,"[[0.02, 0.005, 0.01], [0.005, 0.02, 0.005], [0.01, 0.005, 0.02]]",,,,,6.596666666666667,0.3852027431923656,0.9983333333333333,0.11,7.6,0.0018759326762469292,0.005737771410905246,0.17435897435897435,0.013675213675213675,0.0,0.0,2.105982905982906,4.0,0.0,0.147008547008547,6.553846153846154,0.15088343154138223,0.6831635639854818,0.005482757273038603,3.5142857142857142,0.7674023411560141,0.0717948717948717,0.9965811965811966,0.9966666666666668,0.4463964169844985,12,True,3208.0
3,sparse_sbm,sparse_sbm_17,17,45,1665105657,3595811586,"[12, 35, 125, 132, 154, 176, 201, 227, 243, 286, 418, 442, 520, 534, 576]","[506, 41, 526, 301, 414, 103, 342, 430, 441, 194, 304, 433, 426, 583, 482]",600,15,0.8,,3,200,"[[0.02, 0.005, 0.01], [0.005, 0.02, 0.005], [0.01, 0.005, 0.02]]",,,,,6.596666666666667,0.3852027431923656,0.9983333333333333,0.11,6.4,0.0016365527299453792,0.0038628145248883828,0.147008547008547,0.013675213675213675,0.0,0.0,2.2034188034188036,4.0,0.0,0.11794871794871795,5.697435897435898,0.1319867860129458,0.7285212504390587,0.006040061303219198,3.6952380952380954,0.7747179315037063,0.0495726495726495,0.123076923076923,0.145,1.032571875024587,30,False,1528.0
3,sparse_sbm,sparse_sbm_17,17,46,1665105657,1500416959,"[73, 78, 89, 121, 194, 272, 294, 327, 365, 390, 400, 457, 508, 559, 590]","[116, 54, 361, 244, 264, 489, 67, 560, 596, 543, 478, 6, 126, 157, 465]",600,15,0.8,,3,200,"[[0.02, 0.005, 0.01], [0.005, 0.02, 0.005], [0.01, 0.005, 0.02]]",,,,,6.596666666666667,0.3852027431923656,0.9983333333333333,0.11,7.2,0.0017879823318451456,0.005369991642164131,0.1623931623931624,0.015384615384615385,0.0,0.0,2.1333333333333333,4.0,0.0,0.14358974358974358,6.381196581196582,0.14142937944012107,0.7029563282987941,0.007103901389615674,3.5619047619047617,0.7997056788253663,0.0512820512820512,0.1521367521367521,0.1733333333333333,1.0237401250051337,30,False,1568.0
3,sparse_sbm,sparse_sbm_17,17,47,1665105657,3143225821,"[67, 70, 86, 164, 181, 272, 321, 331, 342, 347, 393, 397, 418, 506, 522]","[36, 165, 580, 152, 74, 489, 470, 124, 132, 99, 155, 497, 304, 332, 148]",600,15,0.8,,3,200,"[[0.02, 0.005, 0.01], [0.005, 0.02, 0.005], [0.01, 0.005, 0.02]]",,,,,6.596666666666667,0.3852027431923656,0.9983333333333333,0.11,6.8,0.0017187696281950513,0.004872053610777473,0.1623931623931624,0.011965811965811967,0.0,0.0,2.1145299145299146,5.0,0.0,0.10085470085470086,6.128205128205129,0.14147211984854666,0.7029270577215783,0.0051484626484626485,3.638095238095238,0.8095438407134887,0.0666666666666666,0.9965811965811966,0.9966666666666668,0.8468752090120688,25,True,3208.0
3,sparse_sbm,sparse_sbm_17,17,48,1665105657,4169923311,"[3, 70, 184, 192, 202, 232, 258, 280, 328, 387, 390, 417, 428, 557, 577]","[21, 165, 501, 98, 7, 137, 65, 446, 204, 231, 543, 527, 226, 346, 491]",600,15,0.8,,3,200,"[[0.02, 0.005, 0.01], [0.005, 0.02, 0.005], [0.01, 0.005, 0.02]]",,,,,6.596666666666667,0.3852027431923656,0.9983333333333333,0.11,5.733333333333333,0.001476074498265572,0.0032561930833962553,0.13675213675213677,0.005128205128205128,0.0017094017094017094,0.0,2.217094017094017,4.0,0.0,0.11282051282051282,5.682051282051282,0.12139635723665043,0.7460777426530851,0.004958427815570673,3.6476190476190475,0.7292691752030939,0.0529914529914529,0.9965811965811966,0.9966666666666668,1.1478504170663657,30,False,3208.0
3,sparse_sbm,sparse_sbm_17,17,49,1665105657,3618619931,"[49, 107, 152, 170, 220, 258, 264, 308, 320, 328, 433, 463, 506, 536, 562]","[364, 243, 369, 241, 374, 65, 51, 140, 112, 204, 199, 64, 332, 277, 203]",600,15,0.8,,3,200,"[[0.02, 0.005, 0.01], [0.005, 0.02, 0.005], [0.01, 0.005, 0.02]]",,,,,6.596666666666667,0.3852027431923656,0.9983333333333333,0.11,5.866666666666666,0.0015125381070367372,0.00381109461431106,0.14017094017094017,0.006837606837606838,0.0,0.0,2.218803418803419,4.0,0.0,0.07692307692307693,5.352136752136752,0.12396210949546026,0.7403055848261327,0.003503401360544218,3.7333333333333334,0.8226892593447491,0.0649572649572649,0.282051282051282,0.3,1.0210871249437332,30,False,1712.0
3,sparse_sbm,sparse_sbm_18,18,0,407752188,146184522,"[27, 63, 83, 163, 184, 214, 243, 249, 308, 437, 500, 530, 538, 577, 580]","[289, 587, 345, 506, 115, 548, 378, 514, 326, 293, 486, 94, 375, 90, 288]",600,15,0.8,,3,200,"[[0.02, 0.005, 0.01], [0.005, 0.02, 0.005], [0.01, 0.005, 0.02]]",,,,,6.5216666666666665,0.3859794814366584,0.9983333333333333,0.11666666666666667,6.466666666666667,0.0016507015605281912,0.004629636635233084,0.15213675213675212,0.010256410256410256,0.0,0.0,2.1914529914529917,4.0,0.0,0.13333333333333333,5.863247863247863,0.1337173971159872,0.7200035124692659,0.003821513065210544,3.6285714285714286,0.7121154229672791,0.0632478632478632,1.0,1.0,0.704663582961075,21,True,3134.0
3,sparse_sbm,sparse_sbm_18,18,1,407752188,4129185813,"[283, 296, 298, 315, 328, 369, 431, 441, 460, 461, 526, 535, 569, 584, 596]","[80, 297, 598, 568, 250, 380, 539, 330, 252, 255, 205, 215, 472, 8, 65]",600,15,0.8,,3,200,"[[0.02, 0.005, 0.01], [0.005, 0.02, 0.005], [0.01, 0.005, 0.02]]",,,,,6.5216666666666665,0.3859794814366584,0.9983333333333333,0.11666666666666667,7.6,0.00192673047628468,0.005873192717606376,0.16923076923076924,0.018803418803418803,0.0,0.0,2.1316239316239316,4.0,0.0,0.17094017094017094,6.314529914529914,0.14936634615799765,0.6914646996838778,0.007792229352379728,3.4380952380952383,0.7444187606366314,0.0786324786324786,1.0,1.0,0.7982550420565531,24,True,3134.0
3,sparse_sbm,sparse_sbm_18,18,2,407752188,2503456374,"[15, 34, 50, 107, 150, 179, 214, 229, 356, 383, 385, 427, 519, 524, 586]","[6, 248, 328, 279, 258, 236, 548, 222, 228, 282, 109, 519, 511, 407, 551]",600,15,0.8,,3,200,"[[0.02, 0.005, 0.01], [0.005, 0.02, 0.005], [0.01, 0.005, 0.02]]",,,,,6.5216666666666665,0.3859794814366584,0.9983333333333333,0.11666666666666667,6.666666666666667,0.0016810113868792255,0.0035615605997549172,0.15384615384615385,0.011965811965811967,0.0017094017094017094,0.0,2.2,4.0,0.0,0.1452991452991453,6.126495726495727,0.13645592219160763,0.7170413300550287,0.006929816215530502,3.4571428571428573,0.6891318424478963,0.0478632478632478,0.2,0.22,1.0009893749374896,30,False,1620.0
3,sparse_sbm,sparse_sbm_18,18,3,407752188,2406245090,"[57, 74, 91, 100, 103, 183, 274, 294, 324, 342, 430, 512, 520, 524, 555]","[177, 159, 180, 46, 134, 30, 496, 481, 321, 569, 549, 198, 302, 407, 226]",600,15,0.8,,3,200,"[[0.02, 0.005, 0.01], [0.005, 0.02, 0.005], [0.01, 0.005, 0.02]]",,,,,6.5216666666666665,0.3859794814366584,0.9983333333333333,0.11666666666666667,6.666666666666667,0.0016944631776451577,0.006249449469496132,0.15384615384615385,0.010256410256410256,0.0,0.0,2.1794871794871793,4.0,0.0,0.11452991452991453,5.712820512820513,0.13426257161664593,0.7172228076337666,0.004622071050642479,3.6666666666666665,0.7674023411560141,0.0376068376068376,0.1076923076923077,0.13,0.9184267920209096,27,True,1534.0
3,sparse_sbm,sparse_sbm_18,18,4,407752188,2632525888,"[18, 24, 61, 118, 127, 269, 346, 376, 378, 408, 418, 467, 474, 512, 586]","[129, 448, 284, 386, 303, 434, 404, 72, 335, 546, 227, 191, 57, 198, 551]",600,15,0.8,,3,200,"[[0.02, 0.005, 0.01], [0.005, 0.02, 0.005], [0.01, 0.005, 0.02]]",,,,,6.5216666666666665,0.3859794814366584,0.9983333333333333,0.11666666666666667,7.533333333333333,0.0018902790769926828,0.005553198491467765,0.1811965811965812,0.011965811965811967,0.0,0.0,2.094017094017094,4.0,0.0,0.15213675213675212,6.288888888888889,0.1546354407910005,0.6720758693361433,0.004066515495086923,3.5619047619047617,0.8799803443357612,0.0495726495726495,0.1743589743589743,0.195,0.7907979160081595,23,True,1598.0
3,sparse_sbm,sparse_sbm_18,18,5,407752188,392367787,"[78, 84, 107, 164, 193, 240, 261, 304, 418, 449, 465, 469, 480, 491, 557]","[112, 122, 279, 245, 56, 349, 295, 141, 227, 83, 49, 466, 430, 117, 599]",600,15,0.8,,3,200,"[[0.02, 0.005, 0.01], [0.005, 0.02, 0.005], [0.01, 0.005, 0.02]]",,,,,6.5216666666666665,0.3859794814366584,0.9983333333333333,0.11666666666666667,6.533333333333333,0.0016756058381611684,0.004143960651819085,0.14871794871794872,0.018803418803418803,0.0,0.0,2.211965811965812,4.0,0.0,0.11623931623931624,5.981196581196581,0.13538933989155552,0.7255473597939351,0.008340416197559056,3.5142857142857142,0.8398430115805638,0.0478632478632478,0.1333333333333333,0.155,1.0157295829849318,30,False,1542.0
3,sparse_sbm,sparse_sbm_18,18,6,407752188,1269744507,"[24, 71, 84, 116, 144, 219, 336, 351, 424, 453, 466, 485, 495, 519, 591]","[448, 383, 122, 522, 292, 204, 126, 1, 339, 517, 171, 394, 271, 511, 263]",600,15,0.8,,3,200,"[[0.02, 0.005, 0.01], [0.005, 0.02, 0.005], [0.01, 0.005, 0.02]]",,,,,6.5216666666666665,0.3859794814366584,0.9983333333333333,0.11666666666666667,6.8,0.001751070565195842,0.0038469802639141105,0.1623931623931624,0.011965811965811967,0.0,0.0,2.1316239316239316,4.0,0.0,0.11452991452991453,5.953846153846154,0.1421783088291997,0.7028333918744878,0.006182336182336183,3.5904761904761906,0.7997056788253663,0.0461538461538461,0.147008547008547,0.1683333333333333,1.000863290973939,30,False,1592.0
3,sparse_sbm,sparse_sbm_18,18,7,407752188,2466949345,"[9, 89, 106, 114, 169, 206, 226, 270, 302, 342, 369, 391, 400, 545, 584]","[411, 391, 389, 103, 357, 75, 36, 152, 429, 569, 380, 247, 74, 203, 8]",600,15,0.8,,3,200,"[[0.02, 0.005, 0.01], [0.005, 0.02, 0.005], [0.01, 0.005, 0.02]]",,,,,6.5216666666666665,0.3859794814366584,0.9983333333333333,0.11666666666666667,6.0,0.001579061903731719,0.004033896747891205,0.147008547008547,0.006837606837606838,0.0,0.0,2.194871794871795,4.0,0.0,0.09401709401709402,5.413675213675214,0.1291447827386888,0.7286793115560238,0.003665910808767951,3.8380952380952382,0.8951299297692986,0.0478632478632478,0.188034188034188,0.2083333333333333,0.9938254579901696,30,False,1600.0
3,sparse_sbm,sparse_sbm_18,18,8,407752188,2458804300,"[22, 36, 60, 118, 136, 157, 232, 244, 313, 320, 349, 442, 453, 551, 585]","[314, 125, 51, 386, 62, 488, 193, 580, 278, 299, 60, 76, 517, 35, 577]",600,15,0.8,,3,200,"[[0.02, 0.005, 0.01], [0.005, 0.02, 0.005], [0.01, 0.005, 0.02]]",,,,,6.5216666666666665,0.3859794814366584,0.9983333333333333,0.11666666666666667,7.0,0.0017709732055072767,0.003927065622136836,0.1675213675213675,0.008547008547008548,0.0,0.0,2.124786324786325,4.0,0.0,0.14017094017094017,6.1008547008547005,0.1438813570079189,0.6944854232525466,0.0031146141440259087,3.657142857142857,0.9352672625244962,0.0444444444444444,0.1145299145299145,0.1366666666666666,0.9879276249557734,30,False,1526.0
3,sparse_sbm,sparse_sbm_18,18,9,407752188,2312132803,"[23, 36, 194, 207, 218, 278, 283, 298, 346, 383, 399, 439, 451, 523, 538]","[257, 125, 534, 556, 329, 376, 80, 598, 404, 282, 294, 525, 20, 287, 375]",600,15,0.8,,3,200,"[[0.02, 0.005, 0.01], [0.005, 0.02, 0.005], [0.01, 0.005, 0.02]]",,,,,6.5216666666666665,0.3859794814366584,0.9983333333333333,0.11666666666666667,5.733333333333333,0.0014990205831347727,0.003463144783679542,0.13675213675213677,0.010256410256410256,0.0,0.0,2.2085470085470087,4.0,0.0,0.08888888888888889,5.512820512820513,0.1238360479317125,0.745960660344222,0.005903355903355904,3.742857142857143,0.8648307589022237,0.0564102564102564,0.4256410256410256,0.44,0.9915167500730604,30,False,1800.0
3,sparse_sbm,sparse_sbm_18,18,10,407752188,1434611311,"[18, 38, 154, 255, 263, 305, 325, 375, 376, 418, 448, 458, 553, 580, 599]","[129, 300, 167, 433, 572, 470, 0, 541, 72, 227, 277, 567, 562, 288, 68]",600,15,0.8,,3,200,"[[0.02, 0.005, 0.01], [0.005, 0.02, 0.005], [0.01, 0.005, 0.02]]",,,,,6.5216666666666665,0.3859794814366584,0.9983333333333333,0.11666666666666667,7.066666666666666,0.0018020056736844166,0.005363437086187184,0.15897435897435896,0.018803418803418803,0.0,0.0,2.1794871794871793,4.0,0.0,0.147008547008547,6.126495726495727,0.14170356854425292,0.7084357803535886,0.007930287479159658,3.580952380952381,0.6739822570143588,0.0564102564102564,0.4427350427350427,0.4566666666666666,1.060215707984753,30,False,1908.0
3,sparse_sbm,sparse_sbm_18,18,11,407752188,2192851775,"[19, 48, 72, 100, 140, 201, 205, 208, 388, 469, 472, 485, 493, 512, 578]","[120, 368, 82, 46, 385, 592, 229, 547, 195, 466, 544, 394, 298, 198, 202]",600,15,0.8,,3,200,"[[0.02, 0.005, 0.01], [0.005, 0.02, 0.005], [0.01, 0.005, 0.02]]",,,,,6.5216666666666665,0.3859794814366584,0.9983333333333333,0.11666666666666667,6.266666666666667,0.0016136651647980697,0.004922297848931388,0.147008547008547,0.013675213675213675,0.0,0.0,2.2085470085470087,4.0,0.0,0.11623931623931624,5.505982905982906,0.13138498583443864,0.7285797915934902,0.004425547996976568,3.761904761904762,0.8148552642589038,0.0478632478632478,0.1316239316239316,0.1533333333333333,1.0138905419735238,30,False,1554.0
3,sparse_sbm,sparse_sbm_18,18,12,407752188,2888228813,"[10, 14, 20, 54, 157, 167, 174, 195, 295, 395, 447, 482, 501, 526, 566]","[559, 92, 69, 143, 488, 397, 95, 41, 431, 455, 456, 597, 317, 205, 61]",600,15,0.8,,3,200,"[[0.02, 0.005, 0.01], [0.005, 0.02, 0.005], [0.01, 0.005, 0.02]]",,,,,6.5216666666666665,0.3859794814366584,0.9983333333333333,0.11666666666666667,6.933333333333334,0.001761040866200054,0.005758216944718989,0.1641025641025641,0.013675213675213675,0.0,0.0,2.174358974358974,4.0,0.0,0.13675213675213677,6.07008547008547,0.14227765200763445,0.7000643952698747,0.004916617773760632,3.657142857142857,0.8799803443357612,0.0529914529914529,0.3025641025641025,0.32,1.0099772500107065,30,False,1696.0
3,sparse_sbm,sparse_sbm_18,18,13,407752188,2354883382,"[13, 61, 63, 110, 282, 286, 294, 383, 385, 414, 490, 511, 526, 573, 574]","[384, 284, 587, 458, 490, 151, 481, 282, 109, 439, 166, 524, 205, 164, 275]",600,15,0.8,,3,200,"[[0.02, 0.005, 0.01], [0.005, 0.02, 0.005], [0.01, 0.005, 0.02]]",,,,,6.5216666666666665,0.3859794814366584,0.9983333333333333,0.11666666666666667,6.2,0.0016052066814151661,0.0036857971488275143,0.15042735042735042,0.008547008547008548,0.0,0.0,2.18974358974359,4.0,0.0,0.09572649572649573,5.478632478632479,0.13178019896854457,0.7229012996136284,0.0042344560201703066,3.8285714285714287,0.8476770066664091,0.0427350427350427,0.0786324786324786,0.1016666666666666,1.0123059160541743,30,False,1530.0
3,sparse_sbm,sparse_sbm_18,18,14,407752188,4018203891,"[20, 23, 59, 106, 173, 176, 182, 187, 194, 220, 362, 390, 425, 458, 548]","[69, 257, 34, 389, 499, 266, 148, 231, 534, 88, 210, 423, 33, 567, 209]",600,15,0.8,,3,200,"[[0.02, 0.005, 0.01], [0.005, 0.02, 0.005], [0.01, 0.005, 0.02]]",,,,,6.5216666666666665,0.3859794814366584,0.9983333333333333,0.11666666666666667,6.666666666666667,0.001704258797618424,0.00479354831135507,0.15384615384615385,0.003418803418803419,0.0,0.0,2.1504273504273503,4.0,0.0,0.13162393162393163,5.964102564102564,0.13196034604755544,0.7173223275963002,0.0013605442176870747,3.6095238095238096,0.742414593834354,0.0598290598290598,1.0,1.0,0.976181291975081,29,True,3134.0
3,sparse_sbm,sparse_sbm_18,18,15,407752188,682554554,"[2, 41, 103, 195, 229, 280, 306, 311, 327, 354, 356, 360, 373, 460, 589]","[575, 323, 134, 41, 222, 347, 366, 66, 146, 176, 228, 479, 133, 252, 91]",600,15,0.8,,3,200,"[[0.02, 0.005, 0.01], [0.005, 0.02, 0.005], [0.01, 0.005, 0.02]]",,,,,6.5216666666666665,0.3859794814366584,0.9983333333333333,0.11666666666666667,6.333333333333333,0.0016422623355254844,0.004937775937821661,0.15042735042735042,0.011965811965811967,0.0,0.0,2.1709401709401708,4.0,0.0,0.09743589743589744,5.538461538461538,0.13343890635583625,0.7227959255356515,0.004630853691004067,3.7142857142857144,0.7674023411560141,0.0547008547008547,0.1726495726495726,0.1933333333333333,1.0200116250198334,30,False,1590.0
3,sparse_sbm,sparse_sbm_18,18,16,407752188,2450374198,"[30, 129, 179, 249, 268, 293, 305, 318, 369, 442, 451, 460, 534, 538, 568]","[264, 555, 236, 514, 150, 528, 470, 235, 380, 76, 20, 252, 582, 375, 267]",600,15,0.8,,3,200,"[[0.02, 0.005, 0.01], [0.005, 0.02, 0.005], [0.01, 0.005, 0.02]]",,,,,6.5216666666666665,0.3859794814366584,0.9983333333333333,0.11666666666666667,6.333333333333333,0.001632394909930981,0.005144620392680435,0.14871794871794872,0.003418803418803419,0.0,0.0,2.1931623931623934,4.0,0.0,0.11794871794871795,5.687179487179487,0.1285707573354685,0.7258517737969793,0.0014739229024943311,3.7904761904761903,0.7272650084008166,0.0444444444444444,0.1384615384615384,0.16,0.9612462499644608,29,True,1584.0
3,sparse_sbm,sparse_sbm_18,18,17,407752188,3435179463,"[15, 49, 106, 109, 124, 131, 253, 273, 311, 340, 346, 376, 422, 527, 531]","[6, 553, 389, 212, 495, 356, 500, 459, 66, 359, 404, 72, 476, 594, 442]",600,15,0.8,,3,200,"[[0.02, 0.005, 0.01], [0.005, 0.02, 0.005], [0.01, 0.005, 0.02]]",,,,,6.5216666666666665,0.3859794814366584,0.9983333333333333,0.11666666666666667,5.8,0.001530431728329118,0.0028508807358863923,0.14017094017094017,0.005128205128205128,0.0,0.0,2.2153846153846155,4.0,0.0,0.09572649572649573,5.396581196581197,0.12393693956948608,0.7402470436717012,0.0022140822140822142,3.8380952380952382,0.7292691752030939,0.0512820512820512,0.0905982905982906,0.1133333333333333,1.032050916925073,30,False,1546.0
3,sparse_sbm,sparse_sbm_18,18,18,407752188,1847425269,"[25, 173, 194, 226, 266, 276, 324, 345, 361, 366, 369, 434, 491, 531, 555]","[169, 499, 534, 36, 22, 157, 321, 140, 554, 136, 380, 230, 117, 442, 226]",600,15,0.8,,3,200,"[[0.02, 0.005, 0.01], [0.005, 0.02, 0.005], [0.01, 0.005, 0.02]]",,,,,6.5216666666666665,0.3859794814366584,0.9983333333333333,0.11666666666666667,7.4,0.0018667495006633222,0.0060072394901483535,0.1658119658119658,0.013675213675213675,0.003418803418803419,0.0,2.141880341880342,5.0,0.0,0.17094017094017094,6.4974358974358974,0.14584310096673567,0.6970787963938649,0.007649969078540508,3.3523809523809525,0.8496811734686862,0.0461538461538461,0.1247863247863247,0.1466666666666666,1.0086137499893084,30,False,1554.0
3,sparse_sbm,sparse_sbm_18,18,19,407752188,210141873,"[12, 41, 66, 158, 176, 287, 337, 411, 413, 423, 437, 474, 510, 531, 539]","[240, 323, 453, 437, 266, 310, 361, 53, 399, 408, 293, 57, 132, 442, 537]",600,15,0.8,,3,200,"[[0.02, 0.005, 0.01], [0.005, 0.02, 0.005], [0.01, 0.005, 0.02]]",,,,,6.5216666666666665,0.3859794814366584,0.9983333333333333,0.11666666666666667,6.466666666666667,0.001646017799259857,0.004689849857303206,0.15042735042735042,0.015384615384615385,0.0,0.0,2.2085470085470087,4.0,0.0,0.147008547008547,6.052991452991453,0.1348803498649328,0.7227256761503337,0.006476539333682191,3.5238095238095237,0.7997056788253663,0.0581196581196581,0.3658119658119658,0.3816666666666666,1.030235124984756,30,False,1754.0
3,sparse_sbm,sparse_sbm_18,18,20,407752188,269305345,"[5, 26, 42, 60, 112, 220, 328, 378, 383, 386, 427, 494, 512, 579, 589]","[371, 465, 401, 51, 42, 88, 250, 335, 282, 374, 519, 242, 198, 13, 91]",600,15,0.8,,3,200,"[[0.02, 0.005, 0.01], [0.005, 0.02, 0.005], [0.01, 0.005, 0.02]]",,,,,6.5216666666666665,0.3859794814366584,0.9983333333333333,0.11666666666666667,7.333333333333333,0.001835433698802475,0.006629396262444145,0.17606837606837608,0.008547008547008548,0.0,0.0,2.1094017094017095,4.0,0.0,0.1658119658119658,6.2444444444444445,0.14880184017413722,0.6806580025758108,0.0034366823652537933,3.5428571428571427,0.8246934261470263,0.0615384615384615,0.2017094017094017,0.2216666666666666,1.0426194170722738,30,False,1648.0
3,sparse_sbm,sparse_sbm_18,18,21,407752188,2353912186,"[10, 49, 85, 114, 170, 175, 179, 225, 289, 298, 391, 482, 512, 541, 582]","[559, 553, 268, 103, 161, 516, 236, 172, 246, 598, 247, 597, 198, 578, 593]",600,15,0.8,,3,200,"[[0.02, 0.005, 0.01], [0.005, 0.02, 0.005], [0.01, 0.005, 0.02]]",,,,,6.5216666666666665,0.3859794814366584,0.9983333333333333,0.11666666666666667,6.6,0.001690309414980879,0.003942839087695222,0.15726495726495726,0.011965811965811967,0.0,0.0,2.1777777777777776,4.0,0.0,0.11794871794871795,5.777777777777778,0.13877560727851956,0.7113277133825079,0.004912494912494912,3.6666666666666665,0.8075396739112116,0.0529914529914529,0.2188034188034188,0.2383333333333333,0.9930247080046684,30,False,1662.0
3,sparse_sbm,sparse_sbm_18,18,22,407752188,481419593,"[0, 8, 191, 199, 221, 307, 332, 367, 407, 423, 429, 449, 482, 504, 571]","[333, 475, 471, 377, 272, 311, 395, 256, 108, 408, 312, 83, 597, 576, 443]",600,15,0.8,,3,200,"[[0.02, 0.005, 0.01], [0.005, 0.02, 0.005], [0.01, 0.005, 0.02]]",,,,,6.5216666666666665,0.3859794814366584,0.9983333333333333,0.11666666666666667,6.533333333333333,0.0016624724248194337,0.003793923968824998,0.15384615384615385,0.010256410256410256,0.0,0.0,2.194871794871795,4.0,0.0,0.14188034188034188,5.994871794871795,0.1358780483314003,0.7170179135932561,0.00423141186299081,3.6095238095238096,0.7292691752030938,0.0752136752136752,1.0,1.0,0.4439504160545766,13,True,3134.0
3,sparse_sbm,sparse_sbm_18,18,23,407752188,1681488815,"[26, 59, 159, 222, 256, 290, 308, 316, 327, 328, 357, 436, 443, 464, 493]","[465, 34, 163, 379, 48, 44, 326, 199, 146, 250, 591, 207, 355, 387, 298]",600,15,0.8,,3,200,"[[0.02, 0.005, 0.01], [0.005, 0.02, 0.005], [0.01, 0.005, 0.02]]",,,,,6.5216666666666665,0.3859794814366584,0.9983333333333333,0.11666666666666667,6.333333333333333,0.00165584874071109,0.004383080019139526,0.15042735042735042,0.005128205128205128,0.0,0.0,2.1846153846153844,4.0,0.0,0.10256410256410256,5.524786324786325,0.13052914604073265,0.7229656948835032,0.0024257224257224256,3.723809523809524,0.7194310133149713,0.0529914529914529,0.2205128205128205,0.24,0.9977802500361576,30,False,1618.0
3,sparse_sbm,sparse_sbm_18,18,24,407752188,3092972315,"[17, 146, 149, 177, 232, 285, 331, 338, 347, 354, 379, 408, 428, 431, 506]","[63, 565, 414, 398, 193, 343, 14, 170, 473, 176, 37, 546, 155, 539, 482]",600,15,0.8,,3,200,"[[0.02, 0.005, 0.01], [0.005, 0.02, 0.005], [0.01, 0.005, 0.02]]",,,,,6.5216666666666665,0.3859794814366584,0.9983333333333333,0.11666666666666667,6.2,0.00161739848741876,0.003624051324597176,0.13846153846153847,0.015384615384615385,0.0017094017094017094,0.0,2.2547008547008547,4.0,0.0,0.07863247863247863,5.225641025641026,0.12488499174244405,0.7430921437770753,0.009870684870684873,3.8476190476190477,0.8549925970141014,0.0564102564102564,0.2034188034188034,0.2233333333333333,1.0148948749992996,30,False,1596.0
3,sparse_sbm,sparse_sbm_18,18,25,407752188,1948826569,"[66, 128, 152, 332, 339, 354, 399, 431, 439, 496, 503, 513, 518, 551, 582]","[453, 186, 318, 395, 596, 176, 294, 539, 525, 127, 358, 105, 16, 35, 593]",600,15,0.8,,3,200,"[[0.02, 0.005, 0.01], [0.005, 0.02, 0.005], [0.01, 0.005, 0.02]]",,,,,6.5216666666666665,0.3859794814366584,0.9983333333333333,0.11666666666666667,6.533333333333333,0.0016946956286927506,0.005162866479051959,0.147008547008547,0.017094017094017096,0.0,0.0,2.2,4.0,0.0,0.11452991452991453,5.495726495726496,0.13179235582623822,0.7285505210162745,0.006703459161442354,3.8476190476190477,0.7845560933918287,0.0615384615384615,0.2581196581196581,0.2766666666666666,0.9852791669545696,30,False,1664.0
3,sparse_sbm,sparse_sbm_18,18,26,407752188,3196034870,"[77, 114, 228, 231, 263, 341, 375, 400, 408, 413, 428, 435, 507, 561, 575]","[363, 103, 184, 138, 572, 570, 541, 74, 546, 399, 155, 432, 130, 346, 71]",600,15,0.8,,3,200,"[[0.02, 0.005, 0.01], [0.005, 0.02, 0.005], [0.01, 0.005, 0.02]]",,,,,6.5216666666666665,0.3859794814366584,0.9983333333333333,0.11666666666666667,6.0,0.0015745149903667018,0.004072879043605917,0.13846153846153847,0.008547008547008548,0.0,0.0,2.247863247863248,4.0,0.0,0.09743589743589744,5.355555555555555,0.12204574307364509,0.7432384966631542,0.0046485260770975055,3.6952380952380954,0.7845560933918287,0.0393162393162393,0.1316239316239316,0.1533333333333333,1.003751749987714,30,False,1568.0
3,sparse_sbm,sparse_sbm_18,18,27,407752188,2625580864,"[7, 46, 63, 108, 112, 260, 269, 294, 296, 329, 335, 498, 550, 551, 555]","[451, 118, 587, 305, 42, 574, 434, 481, 297, 196, 320, 39, 79, 35, 226]",600,15,0.8,,3,200,"[[0.02, 0.005, 0.01], [0.005, 0.02, 0.005], [0.01, 0.005, 0.02]]",,,,,6.5216666666666665,0.3859794814366584,0.9983333333333333,0.11666666666666667,6.266666666666667,0.0016338673450989715,0.005075767339462616,0.147008547008547,0.013675213675213675,0.0,0.0,2.186324786324786,4.0,0.0,0.10427350427350428,5.263247863247863,0.130408705097168,0.728720290364126,0.005725557511271797,3.8190476190476192,0.8951299297692988,0.0598290598290598,0.1658119658119658,0.1866666666666666,1.0013058329932392,30,False,1580.0
3,sparse_sbm,sparse_sbm_18,18,28,407752188,3175864281,"[104, 194, 212, 252, 302, 314, 341, 372, 406, 466, 525, 539, 558, 564, 568]","[19, 534, 7, 200, 429, 493, 570, 508, 187, 171, 137, 537, 31, 269, 267]",600,15,0.8,,3,200,"[[0.02, 0.005, 0.01], [0.005, 0.02, 0.005], [0.01, 0.005, 0.02]]",,,,,6.5216666666666665,0.3859794814366584,0.9983333333333333,0.11666666666666667,6.666666666666667,0.0017065582962526027,0.0036815720421028222,0.15042735042735042,0.010256410256410256,0.0,0.0,2.157264957264957,4.0,0.0,0.12991452991452992,5.837606837606837,0.1329745383198635,0.7228193419974241,0.00436669539610716,3.5714285714285716,0.7825519265895516,0.0547008547008547,0.2256410256410256,0.245,1.0288650409784168,30,False,1684.0
3,sparse_sbm,sparse_sbm_18,18,29,407752188,108429494,"[62, 78, 149, 175, 180, 224, 259, 263, 278, 507, 529, 535, 548, 585, 594]","[194, 112, 414, 516, 352, 97, 529, 572, 376, 130, 564, 215, 209, 577, 523]",600,15,0.8,,3,200,"[[0.02, 0.005, 0.01], [0.005, 0.02, 0.005], [0.01, 0.005, 0.02]]",,,,,6.5216666666666665,0.3859794814366584,0.9983333333333333,0.11666666666666667,6.2,0.0016169921098102328,0.004552495468396885,0.13846153846153847,0.015384615384615385,0.0017094017094017094,0.0,2.2495726495726496,4.0,0.0,0.09743589743589744,5.545299145299145,0.12635281828433934,0.7430160402763143,0.008634821449947499,3.657142857142857,0.9201176770909587,0.0478632478632478,0.0632478632478632,0.0866666666666666,1.0309722080128267,30,False,1500.0
3,sparse_sbm,sparse_sbm_18,18,30,407752188,1619795808,"[38, 51, 180, 273, 309, 336, 360, 393, 410, 419, 430, 437, 451, 538, 578]","[300, 445, 352, 459, 324, 126, 479, 515, 40, 251, 549, 293, 20, 375, 202]",600,15,0.8,,3,200,"[[0.02, 0.005, 0.01], [0.005, 0.02, 0.005], [0.01, 0.005, 0.02]]",,,,,6.5216666666666665,0.3859794814366584,0.9983333333333333,0.11666666666666667,7.0,0.0017738591594218763,0.0052646983970317624,0.1606837606837607,0.018803418803418803,0.0,0.0,2.1675213675213674,4.0,0.0,0.147008547008547,6.112820512820512,0.14401125688128688,0.7055262849783398,0.00702083532468318,3.4857142857142858,0.8648307589022237,0.0632478632478632,0.1829059829059829,0.2033333333333333,1.0097253329586238,30,False,1598.0
3,sparse_sbm,sparse_sbm_18,18,31,407752188,2370590314,"[7, 53, 54, 94, 173, 175, 181, 236, 291, 313, 365, 415, 522, 558, 569]","[451, 185, 143, 131, 499, 516, 27, 491, 382, 278, 100, 15, 483, 31, 472]",600,15,0.8,,3,200,"[[0.02, 0.005, 0.01], [0.005, 0.02, 0.005], [0.01, 0.005, 0.02]]",,,,,6.5216666666666665,0.3859794814366584,0.9983333333333333,0.11666666666666667,7.066666666666666,0.0017790817062223322,0.004117355048267715,0.15384615384615385,0.017094017094017096,0.0,0.0,2.157264957264957,4.0,0.0,0.1641025641025641,6.295726495726496,0.13717133139946486,0.7171701205947781,0.007624875124875126,3.4380952380952383,0.8799803443357612,0.0444444444444444,0.1401709401709401,0.1616666666666666,0.9795982500072568,30,False,1544.0
3,sparse_sbm,sparse_sbm_18,18,32,407752188,1128824874,"[3, 89, 100, 114, 153, 198, 250, 254, 295, 310, 354, 411, 458, 459, 471]","[325, 391, 46, 103, 480, 243, 462, 444, 431, 566, 176, 53, 567, 181, 412]",600,15,0.8,,3,200,"[[0.02, 0.005, 0.01], [0.005, 0.02, 0.005], [0.01, 0.005, 0.02]]",,,,,6.5216666666666665,0.3859794814366584,0.9983333333333333,0.11666666666666667,5.2,0.0013770403007565917,0.0031129044824011348,0.1282051282051282,0.005128205128205128,0.0,0.0,2.3162393162393164,4.0,0.0,0.07521367521367521,5.095726495726495,0.11514729764464826,0.7607891347617375,0.002453102453102453,3.876190476190476,0.8148552642589038,0.0512820512820512,0.2153846153846154,0.235,1.0251465000910684,30,False,1582.0
3,sparse_sbm,sparse_sbm_18,18,33,407752188,1750765921,"[39, 104, 140, 156, 244, 272, 334, 339, 414, 476, 495, 522, 549, 586, 587]","[390, 19, 385, 341, 580, 494, 526, 596, 439, 17, 271, 483, 327, 551, 214]",600,15,0.8,,3,200,"[[0.02, 0.005, 0.01], [0.005, 0.02, 0.005], [0.01, 0.005, 0.02]]",,,,,6.5216666666666665,0.3859794814366584,0.9983333333333333,0.11666666666666667,6.866666666666666,0.0017170639935868415,0.0048330380834037245,0.15897435897435896,0.010256410256410256,0.0,0.0,2.147008547008547,4.0,0.0,0.1641025641025641,6.374358974358974,0.13960643777875462,0.7084591968153612,0.003540691130253271,3.6,0.7444187606366313,0.0547008547008547,1.0,1.0,0.5430820418987423,16,True,3134.0
3,sparse_sbm,sparse_sbm_18,18,34,407752188,3333203171,"[57, 73, 74, 118, 167, 193, 217, 242, 303, 343, 378, 412, 427, 513, 581]","[177, 237, 159, 386, 397, 56, 254, 64, 182, 296, 335, 545, 519, 105, 513]",600,15,0.8,,3,200,"[[0.02, 0.005, 0.01], [0.005, 0.02, 0.005], [0.01, 0.005, 0.02]]",,,,,6.5216666666666665,0.3859794814366584,0.9983333333333333,0.11666666666666667,6.933333333333334,0.0017658159625785152,0.005080977007824219,0.15042735042735042,0.020512820512820513,0.0,0.0,2.223931623931624,4.0,0.0,0.13333333333333333,5.907692307692308,0.13597052348543437,0.7227842173047653,0.008654678654678656,3.533333333333333,0.8398430115805638,0.0632478632478632,1.0,1.0,0.745145249995403,22,True,3134.0
3,sparse_sbm,sparse_sbm_18,18,35,407752188,2204473476,"[19, 35, 42, 49, 115, 222, 283, 317, 323, 351, 413, 423, 441, 460, 559]","[120, 588, 401, 553, 101, 379, 80, 589, 497, 1, 399, 408, 330, 252, 84]",600,15,0.8,,3,200,"[[0.02, 0.005, 0.01], [0.005, 0.02, 0.005], [0.01, 0.005, 0.02]]",,,,,6.5216666666666665,0.3859794814366584,0.9983333333333333,0.11666666666666667,6.2,0.001609377122585748,0.004210592644402154,0.13846153846153847,0.010256410256410256,0.0,0.0,2.2256410256410257,4.0,0.0,0.12991452991452992,5.7094017094017095,0.1231644826678789,0.7432209343168247,0.0055707784279212845,3.6095238095238096,0.8246934261470263,0.0598290598290598,0.305982905982906,0.3233333333333333,1.0017974589718506,30,False,1686.0
3,sparse_sbm,sparse_sbm_18,18,36,407752188,37599639,"[28, 71, 85, 99, 112, 170, 242, 273, 336, 368, 377, 478, 524, 554, 590]","[197, 383, 268, 179, 42, 161, 64, 459, 126, 416, 542, 518, 407, 396, 425]",600,15,0.8,,3,200,"[[0.02, 0.005, 0.01], [0.005, 0.02, 0.005], [0.01, 0.005, 0.02]]",,,,,6.5216666666666665,0.3859794814366584,0.9983333333333333,0.11666666666666667,6.8,0.0017375425304282396,0.005094458188232807,0.15897435897435896,0.011965811965811967,0.0,0.0,2.1384615384615384,4.0,0.0,0.13504273504273503,5.846153846153846,0.13877065937180566,0.7086289661632127,0.005075519718376861,3.723809523809524,0.9201176770909587,0.0478632478632478,0.5282051282051282,0.54,0.992196041974239,30,False,1884.0
3,sparse_sbm,sparse_sbm_18,18,37,407752188,3420400774,"[50, 74, 75, 138, 260, 294, 351, 367, 379, 471, 533, 570, 571, 583, 584]","[328, 159, 450, 424, 574, 481, 1, 256, 37, 412, 427, 145, 443, 168, 8]",600,15,0.8,,3,200,"[[0.02, 0.005, 0.01], [0.005, 0.02, 0.005], [0.01, 0.005, 0.02]]",,,,,6.5216666666666665,0.3859794814366584,0.9983333333333333,0.11666666666666667,7.2,0.0018362270709752705,0.005081784437086718,0.1675213675213675,0.010256410256410256,0.0,0.0,2.128205128205128,4.0,0.0,0.15042735042735042,6.1179487179487175,0.14520230810874715,0.6943624868282402,0.00431536717251003,3.4952380952380953,0.8648307589022237,0.0529914529914529,1.0,1.0,0.8635688750073314,26,True,3134.0
3,sparse_sbm,sparse_sbm_18,18,38,407752188,2451951455,"[22, 105, 110, 126, 188, 190, 194, 205, 211, 227, 279, 286, 368, 512, 576]","[314, 55, 458, 441, 337, 123, 534, 229, 331, 223, 309, 151, 416, 198, 12]",600,15,0.8,,3,200,"[[0.02, 0.005, 0.01], [0.005, 0.02, 0.005], [0.01, 0.005, 0.02]]",,,,,6.5216666666666665,0.3859794814366584,0.9983333333333333,0.11666666666666667,7.6,0.001935606973418943,0.006011122599330034,0.17094017094017094,0.018803418803418803,0.0017094017094017094,0.0,2.1162393162393163,4.0,0.0,0.14017094017094017,6.017094017094017,0.15010863934949867,0.688666432502049,0.00837293171879638,3.638095238095238,0.7845560933918289,0.0495726495726495,0.188034188034188,0.2083333333333333,1.013612832990475,30,False,1594.0
3,sparse_sbm,sparse_sbm_18,18,39,407752188,113532011,"[16, 39, 68, 117, 125, 159, 164, 265, 330, 380, 473, 484, 502, 555, 594]","[2, 390, 144, 413, 153, 163, 245, 478, 5, 28, 435, 507, 29, 226, 523]",600,15,0.8,,3,200,"[[0.02, 0.005, 0.01], [0.005, 0.02, 0.005], [0.01, 0.005, 0.02]]",,,,,6.5216666666666665,0.3859794814366584,0.9983333333333333,0.11666666666666667,6.333333333333333,0.0016421814434647648,0.003734390429848341,0.14358974358974358,0.015384615384615385,0.003418803418803419,0.0,2.2256410256410257,4.0,0.0,0.12991452991452992,6.039316239316239,0.13134539841001353,0.7341763259571479,0.010032269317983605,3.552380952380952,0.7194310133149713,0.0581196581196581,1.0,1.0,1.0539451249642298,30,False,3134.0
3,sparse_sbm,sparse_sbm_18,18,40,407752188,2397938068,"[10, 23, 87, 128, 161, 167, 198, 213, 270, 318, 325, 381, 481, 495, 534]","[559, 257, 561, 186, 249, 397, 243, 208, 152, 235, 0, 290, 409, 271, 582]",600,15,0.8,,3,200,"[[0.02, 0.005, 0.01], [0.005, 0.02, 0.005], [0.01, 0.005, 0.02]]",,,,,6.5216666666666665,0.3859794814366584,0.9983333333333333,0.11666666666666667,6.4,0.0016549157032764103,0.00519463170820253,0.15042735042735042,0.010256410256410256,0.0,0.0,2.2153846153846155,5.0,0.0,0.1094017094017094,5.584615384615384,0.13265689181760537,0.7228720290364126,0.004434414791557649,3.742857142857143,0.9201176770909587,0.0358974358974358,0.0427350427350427,0.0666666666666666,1.0074492079438642,30,False,1506.0
3,sparse_sbm,sparse_sbm_18,18,41,407752188,3820754841,"[24, 77, 107, 171, 260, 289, 290, 371, 386, 393, 397, 426, 490, 537, 579]","[448, 363, 279, 4, 574, 246, 44, 344, 374, 515, 313, 259, 166, 538, 13]",600,15,0.8,,3,200,"[[0.02, 0.005, 0.01], [0.005, 0.02, 0.005], [0.01, 0.005, 0.02]]",,,,,6.5216666666666665,0.3859794814366584,0.9983333333333333,0.11666666666666667,6.2,0.0016530571586391978,0.004384471654951117,0.14871794871794872,0.010256410256410256,0.0,0.0,2.211965811965812,4.0,0.0,0.07863247863247863,5.1521367521367525,0.13276732440277592,0.7256059009483667,0.0037150415721844293,3.8095238095238093,0.9049680916574211,0.0461538461538461,0.0666666666666666,0.09,1.009899124968797,30,False,1504.0
3,sparse_sbm,sparse_sbm_18,18,42,407752188,2805595118,"[71, 84, 98, 172, 188, 280, 332, 345, 364, 365, 375, 392, 470, 474, 527]","[383, 122, 505, 421, 337, 347, 395, 140, 221, 100, 541, 504, 362, 57, 594]",600,15,0.8,,3,200,"[[0.02, 0.005, 0.01], [0.005, 0.02, 0.005], [0.01, 0.005, 0.02]]",,,,,6.5216666666666665,0.3859794814366584,0.9983333333333333,0.11666666666666667,6.066666666666666,0.001582488880726997,0.0036432769049570897,0.14017094017094017,0.010256410256410256,0.0017094017094017094,0.0,2.2153846153846155,4.0,0.0,0.10085470085470086,5.475213675213675,0.125652645000951,0.7401943566327128,0.006032740990724184,3.7333333333333334,0.8095438407134888,0.0478632478632478,0.1418803418803418,0.1633333333333333,0.8870990830473602,27,True,1546.0
3,sparse_sbm,sparse_sbm_18,18,43,407752188,3752709152,"[12, 47, 66, 78, 93, 128, 157, 198, 227, 238, 356, 373, 377, 451, 519]","[240, 165, 453, 112, 286, 186, 488, 243, 223, 81, 228, 133, 542, 20, 511]",600,15,0.8,,3,200,"[[0.02, 0.005, 0.01], [0.005, 0.02, 0.005], [0.01, 0.005, 0.02]]",,,,,6.5216666666666665,0.3859794814366584,0.9983333333333333,0.11666666666666667,7.4,0.0018664069136419285,0.0065078528650184845,0.16923076923076924,0.010256410256410256,0.0,0.0,2.1162393162393163,4.0,0.0,0.15042735042735042,6.377777777777778,0.14642239079203256,0.6915583655309683,0.004383394383394383,3.6,0.7845560933918287,0.0495726495726495,0.1059829059829059,0.1283333333333333,1.029292416991666,30,False,1574.0
3,sparse_sbm,sparse_sbm_18,18,44,407752188,3406269713,"[2, 155, 226, 267, 270, 282, 283, 320, 323, 430, 491, 519, 524, 580, 598]","[575, 70, 36, 573, 152, 490, 80, 299, 497, 549, 117, 511, 407, 288, 225]",600,15,0.8,,3,200,"[[0.02, 0.005, 0.01], [0.005, 0.02, 0.005], [0.01, 0.005, 0.02]]",,,,,6.5216666666666665,0.3859794814366584,0.9983333333333333,0.11666666666666667,6.533333333333333,0.0016684486771495338,0.0041989256507964645,0.15213675213675212,0.008547008547008548,0.0,0.0,2.1829059829059827,4.0,0.0,0.1282051282051282,5.907692307692308,0.1331276716322942,0.7200269289310385,0.004481999481999482,3.6952380952380954,0.8648307589022237,0.0581196581196581,1.0,1.0,0.6265252920566127,18,True,3134.0
3,sparse_sbm,sparse_sbm_18,18,45,407752188,3183258771,"[18, 37, 51, 105, 112, 166, 191, 204, 232, 390, 423, 435, 449, 472, 534]","[129, 188, 445, 55, 42, 234, 471, 111, 193, 423, 408, 432, 83, 544, 582]",600,15,0.8,,3,200,"[[0.02, 0.005, 0.01], [0.005, 0.02, 0.005], [0.01, 0.005, 0.02]]",,,,,6.5216666666666665,0.3859794814366584,0.9983333333333333,0.11666666666666667,6.466666666666667,0.0016344741152091679,0.004541464088878671,0.14871794871794872,0.015384615384615385,0.0017094017094017094,0.0,2.1658119658119657,4.0,0.0,0.13162393162393163,6.087179487179487,0.13318416839128397,0.7257229832572298,0.008322320953899901,3.5904761904761906,0.7845560933918287,0.0615384615384615,0.1846153846153846,0.205,0.9986200829735026,30,False,1608.0
3,sparse_sbm,sparse_sbm_18,18,46,407752188,4038456163,"[66, 82, 106, 168, 169, 185, 263, 266, 386, 388, 395, 453, 468, 498, 526]","[453, 189, 389, 158, 357, 489, 572, 22, 374, 195, 455, 517, 354, 39, 205]",600,15,0.8,,3,200,"[[0.02, 0.005, 0.01], [0.005, 0.02, 0.005], [0.01, 0.005, 0.02]]",,,,,6.5216666666666665,0.3859794814366584,0.9983333333333333,0.11666666666666667,7.066666666666666,0.0017759206127456139,0.00504447599820647,0.15726495726495726,0.015384615384615385,0.0017094017094017094,0.0,2.1504273504273503,4.0,0.0,0.15213675213675212,6.403418803418804,0.13976478814463333,0.7113101510361785,0.007978339538489913,3.4761904761904763,0.8799803443357612,0.0666666666666666,1.0,1.0,0.669104375061579,20,True,3134.0
3,sparse_sbm,sparse_sbm_18,18,47,407752188,78015286,"[76, 93, 191, 207, 251, 337, 354, 375, 432, 439, 440, 484, 495, 518, 590]","[492, 286, 471, 556, 400, 361, 176, 541, 581, 525, 449, 507, 271, 16, 425]",600,15,0.8,,3,200,"[[0.02, 0.005, 0.01], [0.005, 0.02, 0.005], [0.01, 0.005, 0.02]]",,,,,6.5216666666666665,0.3859794814366584,0.9983333333333333,0.11666666666666667,5.333333333333333,0.0014097923257043344,0.002713219208121711,0.12307692307692308,0.003418803418803419,0.0,0.0,2.276923076923077,4.0,0.0,0.0735042735042735,5.1008547008547005,0.11025922951827817,0.7697576396206534,0.0025396825396825397,3.895238095238095,0.6461505900165647,0.0512820512820512,1.0,1.0,0.9973624589620158,30,False,3134.0
3,sparse_sbm,sparse_sbm_18,18,48,407752188,2628568812,"[13, 52, 76, 90, 172, 188, 283, 298, 325, 448, 527, 549, 556, 561, 571]","[384, 113, 492, 276, 421, 337, 80, 598, 0, 277, 594, 327, 393, 346, 443]",600,15,0.8,,3,200,"[[0.02, 0.005, 0.01], [0.005, 0.02, 0.005], [0.01, 0.005, 0.02]]",,,,,6.5216666666666665,0.3859794814366584,0.9983333333333333,0.11666666666666667,7.066666666666666,0.001774448687564763,0.00505433550285287,0.1641025641025641,0.017094017094017096,0.0,0.0,2.123076923076923,4.0,0.0,0.15042735042735042,6.3076923076923075,0.14516835104389023,0.6999238964992389,0.006823338872211052,3.466666666666667,0.5917034247016867,0.0666666666666666,1.0,1.0,0.6108428339939564,18,True,3134.0
3,sparse_sbm,sparse_sbm_18,18,49,407752188,1607134500,"[4, 54, 188, 203, 210, 248, 285, 381, 419, 421, 452, 503, 575, 579, 591]","[402, 143, 337, 501, 417, 353, 343, 290, 251, 154, 190, 358, 71, 13, 263]",600,15,0.8,,3,200,"[[0.02, 0.005, 0.01], [0.005, 0.02, 0.005], [0.01, 0.005, 0.02]]",,,,,6.5216666666666665,0.3859794814366584,0.9983333333333333,0.11666666666666667,6.4,0.001638351041966266,0.004965598544580984,0.15384615384615385,0.008547008547008548,0.0017094017094017094,0.0,2.1675213675213674,4.0,0.0,0.09401709401709402,5.716239316239316,0.1334089969267529,0.7172696405573118,0.005121245079228273,3.7714285714285714,0.7997056788253664,0.0564102564102564,0.1589743589743589,0.18,0.9793073330074548,29,True,1576.0
3,sparse_sbm,sparse_sbm_19,19,0,3705979453,1394031096,"[53, 147, 166, 173, 210, 255, 263, 271, 277, 306, 326, 353, 381, 463, 466]","[551, 449, 444, 326, 276, 430, 246, 183, 476, 531, 372, 156, 456, 328, 552]",600,15,0.8,,3,200,"[[0.02, 0.005, 0.01], [0.005, 0.02, 0.005], [0.01, 0.005, 0.02]]",,,,,6.46,0.39967156567602435,0.9966666666666667,0.21666666666666667,5.8,0.00156510832134238,0.004515628302498901,0.14188034188034188,0.003418803418803419,0.0,0.0,2.188679245283019,4.0,0.003418803418803419,0.09230769230769231,5.4854700854700855,0.12472093779770153,0.7373375482964524,0.001526251526251526,3.7142857142857144,0.7179051584349206,0.0478632478632478,0.1435897435897435,0.165,1.0435980409383774,30,False,1586.0
3,sparse_sbm,sparse_sbm_19,19,1,3705979453,2532052648,"[33, 69, 97, 100, 202, 262, 346, 361, 369, 389, 469, 494, 508, 566, 581]","[495, 215, 483, 451, 395, 357, 23, 367, 467, 206, 255, 566, 219, 418, 41]",600,15,0.8,,3,200,"[[0.02, 0.005, 0.01], [0.005, 0.02, 0.005], [0.01, 0.005, 0.02]]",,,,,6.46,0.39967156567602435,0.9966666666666667,0.21666666666666667,7.2,0.0018633910241426974,0.006426916172560029,0.1675213675213675,0.011965811965811967,0.0017094017094017094,0.0,2.142367066895369,4.0,0.003418803418803419,0.12307692307692308,5.941880341880342,0.14604887621054535,0.6943332162510245,0.005534531605960177,3.6666666666666665,0.8756321344884849,0.0529914529914529,0.9948717948717948,0.995,0.917613040888682,28,True,3116.0
3,sparse_sbm,sparse_sbm_19,19,2,3705979453,3368113230,"[0, 61, 69, 129, 199, 206, 219, 234, 235, 311, 375, 414, 435, 533, 598]","[511, 145, 215, 471, 502, 352, 591, 13, 301, 117, 533, 198, 308, 283, 289]",600,15,0.8,,3,200,"[[0.02, 0.005, 0.01], [0.005, 0.02, 0.005], [0.01, 0.005, 0.02]]",,,,,6.46,0.39967156567602435,0.9966666666666667,0.21666666666666667,5.533333333333333,0.0014702199414345259,0.004067143483205651,0.13846153846153847,0.003418803418803419,0.0,0.0,2.2384219554030875,4.0,0.003418803418803419,0.10598290598290598,5.201709401709402,0.12170145976908384,0.7432092260859384,0.0015873015873015875,3.7714285714285714,0.7763687059232123,0.041025641025641,0.1384615384615384,0.16,1.014269124949351,30,False,1530.0
3,sparse_sbm,sparse_sbm_19,19,3,3705979453,2551472368,"[66, 140, 141, 213, 292, 303, 309, 331, 357, 367, 439, 466, 467, 531, 560]","[574, 143, 319, 463, 158, 493, 5, 513, 393, 34, 341, 552, 567, 524, 342]",600,15,0.8,,3,200,"[[0.02, 0.005, 0.01], [0.005, 0.02, 0.005], [0.01, 0.005, 0.02]]",,,,,6.46,0.39967156567602435,0.9966666666666667,0.21666666666666667,5.533333333333333,0.0015185821250585905,0.0032891314781022833,0.12991452991452992,0.008547008547008548,0.0,0.0,2.2504288164665525,4.0,0.003418803418803419,0.06837606837606838,4.7555555555555555,0.11572072117101796,0.7579440346563634,0.005646258503401361,3.933333333333333,0.724937827618342,0.0564102564102564,0.2957264957264957,0.3133333333333333,1.001915958011523,30,False,1680.0
3,sparse_sbm,sparse_sbm_19,19,4,3705979453,2608757510,"[15, 23, 49, 64, 100, 143, 192, 234, 366, 420, 443, 447, 471, 515, 535]","[231, 236, 522, 589, 451, 265, 437, 13, 15, 577, 225, 112, 565, 266, 281]",600,15,0.8,,3,200,"[[0.02, 0.005, 0.01], [0.005, 0.02, 0.005], [0.01, 0.005, 0.02]]",,,,,6.46,0.39967156567602435,0.9966666666666667,0.21666666666666667,7.2,0.0018470105429915552,0.00554731081583437,0.1658119658119658,0.013675213675213675,0.0017094017094017094,0.0,2.171526586620926,4.0,0.003418803418803419,0.14188034188034188,6.064957264957265,0.1456394532819881,0.6970963587401944,0.0065626819574188,3.4761904761904763,0.7043051980759271,0.0786324786324786,0.9948717948717948,0.995,0.5229614580748603,15,True,3116.0
3,sparse_sbm,sparse_sbm_19,19,5,3705979453,1635799317,"[21, 51, 225, 291, 320, 348, 349, 366, 367, 426, 554, 569, 577, 583, 588]","[137, 135, 503, 410, 228, 247, 263, 15, 34, 248, 49, 48, 499, 162, 362]",600,15,0.8,,3,200,"[[0.02, 0.005, 0.01], [0.005, 0.02, 0.005], [0.01, 0.005, 0.02]]",,,,,6.46,0.39967156567602435,0.9966666666666667,0.21666666666666667,8.066666666666666,0.0020188495096727732,0.006604092558509107,0.18974358974358974,0.010256410256410256,0.0,0.0,2.0840480274442537,4.0,0.003418803418803419,0.18974358974358974,6.67008547008547,0.15890240251315335,0.6585060297389065,0.0037487815639076143,3.3523809523809525,0.7179051584349208,0.0717948717948717,0.9965811965811966,0.9966666666666668,0.6256579590262845,19,True,3116.0
3,sparse_sbm,sparse_sbm_19,19,6,3705979453,431698157,"[9, 22, 65, 68, 151, 286, 307, 322, 346, 388, 413, 438, 463, 504, 525]","[515, 122, 115, 535, 472, 454, 338, 358, 23, 259, 579, 404, 328, 37, 560]",600,15,0.8,,3,200,"[[0.02, 0.005, 0.01], [0.005, 0.02, 0.005], [0.01, 0.005, 0.02]]",,,,,6.46,0.39967156567602435,0.9966666666666667,0.21666666666666667,6.666666666666667,0.0017382500455225944,0.004944123541918698,0.1606837606837607,0.006837606837606838,0.0,0.0,2.1578044596912522,4.0,0.003418803418803419,0.13162393162393163,5.866666666666666,0.13785312383241133,0.705871677789486,0.002984554145544858,3.704761904761905,0.7539369123585634,0.041025641025641,0.1384615384615384,0.16,1.0278593329712749,30,False,1562.0
3,sparse_sbm,sparse_sbm_19,19,7,3705979453,3852166534,"[41, 49, 188, 195, 228, 300, 308, 401, 434, 435, 510, 545, 549, 566, 591]","[500, 522, 394, 22, 258, 104, 38, 385, 580, 308, 288, 123, 335, 418, 14]",600,15,0.8,,3,200,"[[0.02, 0.005, 0.01], [0.005, 0.02, 0.005], [0.01, 0.005, 0.02]]",,,,,6.46,0.39967156567602435,0.9966666666666667,0.21666666666666667,6.533333333333333,0.0017032831430365597,0.00442710553390306,0.15042735042735042,0.006837606837606838,0.0,0.0,2.1680960548885078,4.0,0.003418803418803419,0.11794871794871795,5.745299145299145,0.13115415688940832,0.7229188619599578,0.0030444501032736325,3.7142857142857144,0.6818734045112781,0.041025641025641,0.2102564102564102,0.23,1.0154489580309018,30,False,1624.0
3,sparse_sbm,sparse_sbm_19,19,8,3705979453,4049804826,"[27, 36, 60, 76, 92, 102, 105, 205, 261, 318, 322, 346, 356, 446, 556]","[74, 187, 57, 458, 251, 26, 555, 520, 568, 409, 358, 23, 61, 264, 47]",600,15,0.8,,3,200,"[[0.02, 0.005, 0.01], [0.005, 0.02, 0.005], [0.01, 0.005, 0.02]]",,,,,6.46,0.39967156567602435,0.9966666666666667,0.21666666666666667,6.266666666666667,0.0016539602347359996,0.004851761541649618,0.1452991452991453,0.011965811965811967,0.0,0.0,2.1972555746140654,4.0,0.003418803418803419,0.09743589743589744,5.507692307692308,0.12890533647685423,0.7315888069312727,0.005025599983583176,3.638095238095238,0.7763687059232123,0.0717948717948717,0.9914529914529916,0.9916666666666668,0.9926476660184562,30,False,3114.0
3,sparse_sbm,sparse_sbm_19,19,9,3705979453,3746737936,"[7, 51, 118, 165, 188, 239, 291, 374, 398, 404, 457, 466, 507, 527, 531]","[172, 135, 355, 452, 394, 20, 410, 302, 475, 8, 423, 552, 16, 84, 524]",600,15,0.8,,3,200,"[[0.02, 0.005, 0.01], [0.005, 0.02, 0.005], [0.01, 0.005, 0.02]]",,,,,6.46,0.39967156567602435,0.9966666666666667,0.21666666666666667,7.266666666666667,0.001870550644208227,0.0060720719709713,0.1641025641025641,0.022222222222222223,0.0,0.0,2.1492281303602057,4.0,0.003418803418803419,0.1623931623931624,6.521367521367521,0.14809527416458845,0.6997599812668306,0.008967274719154417,3.4095238095238094,0.7315051187939143,0.0598290598290598,0.6341880341880342,0.6433333333333333,1.0003396249376235,30,False,2114.0
3,sparse_sbm,sparse_sbm_19,19,10,3705979453,127015320,"[41, 62, 151, 178, 241, 309, 319, 330, 370, 405, 430, 458, 585, 588, 591]","[500, 550, 472, 375, 344, 5, 501, 350, 425, 564, 70, 279, 195, 362, 14]",600,15,0.8,,3,200,"[[0.02, 0.005, 0.01], [0.005, 0.02, 0.005], [0.01, 0.005, 0.02]]",,,,,6.46,0.39967156567602435,0.9966666666666667,0.21666666666666667,7.533333333333333,0.001891796189096191,0.006042773486088288,0.17094017094017094,0.018803418803418803,0.0,0.0,2.1132075471698113,4.0,0.003418803418803419,0.19487179487179487,6.858119658119658,0.15126282829638296,0.6885434960777427,0.0072649343138064945,3.3142857142857145,0.6304425262064078,0.0632478632478632,0.9965811965811966,0.9966666666666668,0.6719746249727905,20,True,3116.0
3,sparse_sbm,sparse_sbm_19,19,11,3705979453,230797205,"[17, 49, 116, 121, 132, 140, 294, 305, 315, 334, 368, 389, 533, 536, 594]","[224, 522, 312, 226, 275, 143, 76, 332, 164, 300, 220, 206, 283, 505, 150]",600,15,0.8,,3,200,"[[0.02, 0.005, 0.01], [0.005, 0.02, 0.005], [0.01, 0.005, 0.02]]",,,,,6.46,0.39967156567602435,0.9966666666666667,0.21666666666666667,6.0,0.001593697024549479,0.0031826597480073575,0.14017094017094017,0.006837606837606838,0.0,0.0,2.2452830188679247,4.0,0.003418803418803419,0.08205128205128205,5.302564102564102,0.12271220827812124,0.7404109589041096,0.003979591836734694,3.942857142857143,0.7403369519995697,0.041025641025641,0.1247863247863247,0.1466666666666666,1.0188113329932094,30,False,1560.0
3,sparse_sbm,sparse_sbm_19,19,12,3705979453,3829944692,"[37, 75, 203, 211, 225, 260, 277, 351, 452, 502, 531, 537, 556, 562, 599]","[538, 414, 161, 65, 503, 587, 476, 50, 222, 460, 524, 24, 47, 199, 59]",600,15,0.8,,3,200,"[[0.02, 0.005, 0.01], [0.005, 0.02, 0.005], [0.01, 0.005, 0.02]]",,,,,6.46,0.39967156567602435,0.9966666666666667,0.21666666666666667,5.466666666666667,0.0014655615091882172,0.004458683615332459,0.1282051282051282,0.010256410256410256,0.0017094017094017094,0.0,2.2847341337907374,4.0,0.003418803418803419,0.10427350427350428,5.184615384615385,0.11641717535670063,0.7607949888771807,0.008284546141689,3.7904761904761903,0.7763687059232123,0.041025641025641,0.1059829059829059,0.1283333333333333,1.01344979100395,30,False,1546.0
3,sparse_sbm,sparse_sbm_19,19,13,3705979453,2140561146,"[23, 47, 61, 67, 75, 114, 193, 195, 198, 300, 301, 343, 405, 452, 556]","[236, 345, 145, 376, 414, 217, 128, 22, 433, 104, 271, 486, 564, 222, 47]",600,15,0.8,,3,200,"[[0.02, 0.005, 0.01], [0.005, 0.02, 0.005], [0.01, 0.005, 0.02]]",,,,,6.46,0.39967156567602435,0.9966666666666667,0.21666666666666667,6.0,0.0015842809498917408,0.0042007210945444705,0.14358974358974358,0.010256410256410256,0.0,0.0,2.207547169811321,4.0,0.003418803418803419,0.09401709401709402,5.512820512820513,0.12876052495070608,0.7343051164968973,0.0050231250231250225,3.704761904761905,0.7763687059232123,0.0461538461538461,0.1452991452991453,0.1666666666666666,1.0287408749572933,30,False,1534.0
3,sparse_sbm,sparse_sbm_19,19,14,3705979453,2700723722,"[94, 99, 128, 134, 223, 262, 330, 432, 452, 460, 492, 495, 496, 576, 595]","[194, 592, 232, 270, 316, 357, 350, 351, 222, 558, 241, 435, 331, 114, 504]",600,15,0.8,,3,200,"[[0.02, 0.005, 0.01], [0.005, 0.02, 0.005], [0.01, 0.005, 0.02]]",,,,,6.46,0.39967156567602435,0.9966666666666667,0.21666666666666667,7.266666666666667,0.0018534186866558569,0.006617944567078931,0.1658119658119658,0.020512820512820513,0.0,0.0,2.1492281303602057,4.0,0.003418803418803419,0.1623931623931624,6.3076923076923075,0.1477689224338584,0.697043671701206,0.008309299428273333,3.4857142857142858,0.5690100155870118,0.0786324786324786,0.9948717948717948,0.995,0.6485985839972273,20,True,3116.0
3,sparse_sbm,sparse_sbm_19,19,15,3705979453,2522274390,"[17, 18, 26, 63, 93, 95, 137, 160, 169, 217, 225, 266, 386, 570, 599]","[224, 277, 334, 427, 62, 448, 388, 549, 377, 153, 503, 585, 353, 121, 59]",600,15,0.8,,3,200,"[[0.02, 0.005, 0.01], [0.005, 0.02, 0.005], [0.01, 0.005, 0.02]]",,,,,6.46,0.39967156567602435,0.9966666666666667,0.21666666666666667,7.2,0.0018629071320666866,0.005429185674190845,0.17094017094017094,0.010256410256410256,0.0,0.0,2.123499142367067,4.0,0.003418803418803419,0.13504273504273503,6.073504273504273,0.14671798902132835,0.6888596183116731,0.004314366772349965,3.5619047619047617,0.767536872717557,0.0666666666666666,0.9948717948717948,0.995,0.9877890410134568,30,False,3116.0
3,sparse_sbm,sparse_sbm_19,19,16,3705979453,1048459515,"[20, 34, 100, 101, 117, 201, 245, 319, 342, 361, 374, 392, 447, 468, 513]","[286, 202, 451, 30, 56, 468, 25, 501, 257, 367, 302, 185, 112, 570, 307]",600,15,0.8,,3,200,"[[0.02, 0.005, 0.01], [0.005, 0.02, 0.005], [0.01, 0.005, 0.02]]",,,,,6.46,0.39967156567602435,0.9966666666666667,0.21666666666666667,6.8,0.0017980975485156832,0.005621491884676525,0.1606837606837607,0.010256410256410256,0.0,0.0,2.1457975986277873,4.0,0.003418803418803419,0.08205128205128205,5.558974358974359,0.14038189718851413,0.7056667837489755,0.004653194611177804,3.676190476190476,0.8396003805648422,0.0615384615384615,0.9965811965811966,0.9966666666666668,1.0015210000565276,30,False,3116.0
3,sparse_sbm,sparse_sbm_19,19,17,3705979453,604346743,"[9, 24, 85, 89, 91, 230, 244, 355, 367, 385, 394, 443, 500, 577, 595]","[515, 197, 543, 581, 239, 474, 310, 509, 34, 181, 152, 225, 86, 499, 504]",600,15,0.8,,3,200,"[[0.02, 0.005, 0.01], [0.005, 0.02, 0.005], [0.01, 0.005, 0.02]]",,,,,6.46,0.39967156567602435,0.9966666666666667,0.21666666666666667,6.0,0.0015986613918890576,0.003422651453926802,0.14358974358974358,0.006837606837606838,0.0,0.0,2.228130360205832,4.0,0.003418803418803419,0.09230769230769231,5.241025641025641,0.12695843006730678,0.7344339070366468,0.0031746031746031746,3.6857142857142855,0.8260004202058486,0.0769230769230769,1.0,1.0,0.7588486670283601,23,True,3116.0
3,sparse_sbm,sparse_sbm_19,19,18,3705979453,1391868604,"[19, 66, 86, 126, 164, 271, 376, 391, 417, 437, 498, 523, 533, 580, 592]","[154, 574, 45, 441, 470, 183, 163, 159, 218, 192, 214, 273, 283, 4, 436]",600,15,0.8,,3,200,"[[0.02, 0.005, 0.01], [0.005, 0.02, 0.005], [0.01, 0.005, 0.02]]",,,,,6.46,0.39967156567602435,0.9966666666666667,0.21666666666666667,5.533333333333333,0.0014749461299284601,0.0037647550672521716,0.13675213675213677,0.005128205128205128,0.0,0.0,2.216123499142367,4.0,0.003418803418803419,0.0905982905982906,5.295726495726496,0.12061706660570182,0.7461128673457441,0.002688383045525903,3.8380952380952382,0.7403369519995697,0.0615384615384615,0.9948717948717948,0.995,0.5686384580330923,17,True,3116.0
3,sparse_sbm,sparse_sbm_19,19,19,3705979453,1269876518,"[28, 79, 83, 96, 115, 141, 145, 167, 192, 219, 246, 273, 364, 448, 591]","[336, 462, 488, 469, 66, 319, 390, 260, 437, 591, 340, 325, 282, 165, 14]",600,15,0.8,,3,200,"[[0.02, 0.005, 0.01], [0.005, 0.02, 0.005], [0.01, 0.005, 0.02]]",,,,,6.46,0.39967156567602435,0.9966666666666667,0.21666666666666667,5.933333333333334,0.0016120710544263374,0.003511190661610382,0.14358974358974358,0.005128205128205128,0.0,0.0,2.204116638078902,4.0,0.003418803418803419,0.06495726495726496,5.141880341880342,0.12508832164439238,0.7345802599227257,0.0024263038548752833,3.8285714285714287,0.7403369519995697,0.0495726495726495,0.1811965811965812,0.2016666666666666,1.0000433750683442,30,False,1588.0
3,sparse_sbm,sparse_sbm_19,19,20,3705979453,631858640,"[28, 31, 63, 82, 116, 191, 241, 305, 308, 342, 358, 359, 420, 421, 498]","[336, 432, 427, 582, 312, 294, 344, 332, 38, 257, 1, 253, 577, 139, 214]",600,15,0.8,,3,200,"[[0.02, 0.005, 0.01], [0.005, 0.02, 0.005], [0.01, 0.005, 0.02]]",,,,,6.46,0.39967156567602435,0.9966666666666667,0.21666666666666667,7.133333333333334,0.0018001925695249686,0.005099561029480502,0.1623931623931624,0.010256410256410256,0.0,0.0,2.176672384219554,4.0,0.003418803418803419,0.1675213675213675,6.136752136752137,0.1416009145389894,0.7028626624517036,0.004219800380791093,3.3904761904761904,0.6528743197710568,0.0461538461538461,1.0,1.0,0.7764360000146553,23,True,3116.0
3,sparse_sbm,sparse_sbm_19,19,21,3705979453,3933373631,"[0, 14, 80, 114, 242, 299, 379, 383, 492, 506, 526, 533, 545, 561, 595]","[511, 168, 386, 217, 402, 274, 167, 563, 241, 151, 415, 283, 123, 494, 504]",600,15,0.8,,3,200,"[[0.02, 0.005, 0.01], [0.005, 0.02, 0.005], [0.01, 0.005, 0.02]]",,,,,6.46,0.39967156567602435,0.9966666666666667,0.21666666666666667,6.8,0.0017842507015916665,0.00573872748111842,0.1675213675213675,0.005128205128205128,0.0017094017094017094,0.0,2.144082332761578,4.0,0.003418803418803419,0.11623931623931624,5.517948717948718,0.1401653559624956,0.6947898372555906,0.00561956561956562,3.7523809523809524,0.7627687455642186,0.0529914529914529,0.1435897435897435,0.165,1.028734916006215,30,False,1546.0
3,sparse_sbm,sparse_sbm_19,19,22,3705979453,2600557359,"[19, 47, 121, 154, 207, 212, 395, 430, 456, 459, 463, 477, 507, 535, 597]","[154, 345, 226, 457, 539, 252, 479, 70, 547, 208, 328, 103, 16, 281, 323]",600,15,0.8,,3,200,"[[0.02, 0.005, 0.01], [0.005, 0.02, 0.005], [0.01, 0.005, 0.02]]",,,,,6.46,0.39967156567602435,0.9966666666666667,0.21666666666666667,7.133333333333334,0.0018410530136478145,0.006081451649542281,0.1658119658119658,0.011965811965811967,0.0017094017094017094,0.0,2.144082332761578,4.0,0.003418803418803419,0.15384615384615385,6.030769230769231,0.14401635711964986,0.6972836904343753,0.005619736695732311,3.5619047619047617,0.6954733648702718,0.0478632478632478,0.9948717948717948,0.995,0.8502554169390351,26,True,3116.0
3,sparse_sbm,sparse_sbm_19,19,23,3705979453,11363884,"[32, 35, 53, 58, 83, 125, 197, 211, 215, 228, 336, 358, 365, 512, 534]","[51, 89, 551, 545, 488, 337, 205, 65, 7, 258, 144, 1, 207, 536, 170]",600,15,0.8,,3,200,"[[0.02, 0.005, 0.01], [0.005, 0.02, 0.005], [0.01, 0.005, 0.02]]",,,,,6.46,0.39967156567602435,0.9966666666666667,0.21666666666666667,7.066666666666666,0.0018284989904092297,0.0038700005830858944,0.1623931623931624,0.015384615384615385,0.0,0.0,2.1252144082332762,4.0,0.003418803418803419,0.11965811965811966,5.781196581196581,0.1425715243903671,0.7028743706825898,0.0074319727891156455,3.6,0.7763687059232123,0.0683760683760683,0.988034188034188,0.9883333333333332,0.7642101669916883,23,True,3110.0
3,sparse_sbm,sparse_sbm_19,19,24,3705979453,1264325264,"[12, 16, 93, 165, 181, 196, 228, 249, 305, 307, 332, 391, 411, 553, 573]","[514, 216, 62, 452, 562, 134, 258, 210, 332, 338, 178, 159, 305, 381, 293]",600,15,0.8,,3,200,"[[0.02, 0.005, 0.01], [0.005, 0.02, 0.005], [0.01, 0.005, 0.02]]",,,,,6.46,0.39967156567602435,0.9966666666666667,0.21666666666666667,6.266666666666667,0.0016668621043357925,0.004416503016628411,0.14871794871794872,0.008547008547008548,0.0,0.0,2.1783876500857633,4.0,0.003418803418803419,0.09914529914529914,5.452991452991453,0.13132885857046592,0.7257112750263435,0.0039729225023342665,3.8285714285714287,0.618641729869648,0.07008547008547,0.9965811965811966,0.9966666666666668,0.9753919159993528,30,False,3116.0
3,sparse_sbm,sparse_sbm_19,19,25,3705979453,710451266,"[6, 9, 11, 115, 124, 165, 256, 262, 294, 342, 389, 415, 431, 471, 598]","[268, 515, 343, 66, 297, 452, 461, 357, 76, 257, 206, 311, 364, 565, 289]",600,15,0.8,,3,200,"[[0.02, 0.005, 0.01], [0.005, 0.02, 0.005], [0.01, 0.005, 0.02]]",,,,,6.46,0.39967156567602435,0.9966666666666667,0.21666666666666667,6.933333333333334,0.0017945736079280096,0.006385827200456548,0.14871794871794872,0.011965811965811967,0.0,0.0,2.202401372212693,4.0,0.003418803418803419,0.11623931623931624,5.834188034188034,0.13171637254756455,0.7256644421027982,0.0055128205128205125,3.6476190476190475,0.702506034053693,0.0752136752136752,0.9948717948717948,0.995,0.9566215840168296,29,True,3116.0
3,sparse_sbm,sparse_sbm_19,19,26,3705979453,714247146,"[1, 13, 62, 65, 130, 206, 215, 265, 322, 330, 366, 368, 489, 491, 522]","[256, 346, 550, 115, 262, 352, 7, 398, 358, 350, 15, 220, 221, 480, 261]",600,15,0.8,,3,200,"[[0.02, 0.005, 0.01], [0.005, 0.02, 0.005], [0.01, 0.005, 0.02]]",,,,,6.46,0.39967156567602435,0.9966666666666667,0.21666666666666667,6.133333333333334,0.0016177958790313375,0.0037929434615335605,0.147008547008547,0.006837606837606838,0.0,0.0,2.2195540308747854,4.0,0.003418803418803419,0.09401709401709402,5.48034188034188,0.12856207453720533,0.7287144362486828,0.0034493284493284492,3.723809523809524,0.7179051584349208,0.0615384615384615,0.9965811965811966,0.9966666666666668,0.980157124926336,30,False,3116.0
3,sparse_sbm,sparse_sbm_19,19,27,3705979453,1940472975,"[77, 90, 93, 117, 136, 140, 146, 148, 201, 255, 314, 336, 357, 397, 480]","[124, 204, 62, 56, 12, 143, 249, 280, 468, 430, 559, 144, 393, 250, 227]",600,15,0.8,,3,200,"[[0.02, 0.005, 0.01], [0.005, 0.02, 0.005], [0.01, 0.005, 0.02]]",,,,,6.46,0.39967156567602435,0.9966666666666667,0.21666666666666667,6.6,0.001700717132734794,0.004802504138913078,0.147008547008547,0.015384615384615385,0.0,0.0,2.2126929674099487,4.0,0.003418803418803419,0.147008547008547,5.993162393162393,0.13291541949357524,0.7284744175155135,0.007139385668797434,3.5047619047619047,0.7539369123585634,0.0581196581196581,0.9965811965811966,0.9966666666666668,0.9998368750093504,30,False,3116.0
3,sparse_sbm,sparse_sbm_19,19,28,3705979453,4220577442,"[32, 65, 90, 128, 183, 193, 205, 212, 289, 307, 361, 386, 410, 488, 517]","[51, 115, 204, 232, 177, 128, 520, 252, 19, 338, 367, 353, 234, 42, 396]",600,15,0.8,,3,200,"[[0.02, 0.005, 0.01], [0.005, 0.02, 0.005], [0.01, 0.005, 0.02]]",,,,,6.46,0.39967156567602435,0.9966666666666667,0.21666666666666667,5.8,0.0015495149766178889,0.003948593738395421,0.13846153846153847,0.006837606837606838,0.0,0.0,2.253859348198971,4.0,0.003418803418803419,0.08888888888888889,5.237606837606838,0.1233709568512248,0.7431506849315068,0.003244206773618539,3.723809523809524,0.6322416902286417,0.041025641025641,0.1059829059829059,0.1283333333333333,0.8538000000407919,25,True,1498.0
3,sparse_sbm,sparse_sbm_19,19,29,3705979453,4294831070,"[12, 24, 79, 128, 172, 246, 254, 287, 304, 376, 393, 408, 459, 567, 582]","[514, 197, 462, 232, 434, 340, 6, 489, 46, 163, 35, 575, 208, 599, 360]",600,15,0.8,,3,200,"[[0.02, 0.005, 0.01], [0.005, 0.02, 0.005], [0.01, 0.005, 0.02]]",,,,,6.46,0.39967156567602435,0.9966666666666667,0.21666666666666667,6.533333333333333,0.001716824548400896,0.004650500178243342,0.1452991452991453,0.013675213675213675,0.0017094017094017094,0.0,2.228130360205832,4.0,0.003418803418803419,0.11282051282051282,5.664957264957265,0.13123500929264115,0.7314014752370916,0.008130322058893488,3.5619047619047617,0.6818734045112781,0.0786324786324786,0.9948717948717948,0.995,0.7449444169178605,23,True,3116.0
3,sparse_sbm,sparse_sbm_19,19,30,3705979453,183973466,"[6, 22, 48, 77, 85, 118, 139, 141, 211, 387, 409, 415, 438, 447, 453]","[268, 122, 278, 124, 543, 355, 586, 319, 65, 126, 298, 311, 404, 112, 142]",600,15,0.8,,3,200,"[[0.02, 0.005, 0.01], [0.005, 0.02, 0.005], [0.01, 0.005, 0.02]]",,,,,6.46,0.39967156567602435,0.9966666666666667,0.21666666666666667,6.6,0.0017199590673983736,0.004993090936122626,0.13504273504273503,0.015384615384615385,0.0017094017094017094,0.0,2.2452830188679247,4.0,0.003418803418803419,0.1264957264957265,5.647863247863248,0.12427114445544486,0.7488525933731414,0.008854016354016355,3.3523809523809525,0.7131370312815823,0.0615384615384615,0.347008547008547,0.3633333333333333,1.0603707089321688,30,False,1718.0
3,sparse_sbm,sparse_sbm_19,19,31,3705979453,942032722,"[73, 91, 95, 140, 179, 260, 262, 335, 395, 479, 483, 545, 548, 580, 586]","[60, 239, 448, 143, 136, 587, 357, 209, 479, 131, 428, 123, 380, 4, 573]",600,15,0.8,,3,200,"[[0.02, 0.005, 0.01], [0.005, 0.02, 0.005], [0.01, 0.005, 0.02]]",,,,,6.46,0.39967156567602435,0.9966666666666667,0.21666666666666667,6.333333333333333,0.0016639964920553672,0.005058914406648648,0.14871794871794872,0.010256410256410256,0.0,0.0,2.1972555746140654,4.0,0.003418803418803419,0.13162393162393163,5.637606837606838,0.13141249341694225,0.7257405456035593,0.0047460823776613245,3.742857142857143,0.7899686662822059,0.0529914529914529,0.9931623931623932,0.9933333333333332,1.006320249987766,30,False,3116.0
3,sparse_sbm,sparse_sbm_19,19,32,3705979453,1164967482,"[30, 59, 145, 171, 263, 270, 296, 305, 307, 363, 383, 476, 523, 573, 591]","[93, 413, 390, 440, 246, 91, 506, 332, 338, 244, 563, 43, 273, 293, 14]",600,15,0.8,,3,200,"[[0.02, 0.005, 0.01], [0.005, 0.02, 0.005], [0.01, 0.005, 0.02]]",,,,,6.46,0.39967156567602435,0.9966666666666667,0.21666666666666667,5.933333333333334,0.0015718476916911992,0.0038193909631933044,0.13846153846153847,0.008547008547008548,0.0017094017094017094,0.0,2.2109777015437393,4.0,0.003418803418803419,0.10256410256410256,5.417094017094017,0.12461333051818134,0.74304531085353,0.006148666148666149,3.704761904761905,0.6889060736946994,0.0427350427350427,0.1863247863247863,0.2066666666666666,1.005591250024736,30,False,1604.0
3,sparse_sbm,sparse_sbm_19,19,33,3705979453,2869974265,"[1, 21, 41, 70, 193, 202, 233, 272, 306, 350, 361, 426, 430, 539, 592]","[256, 137, 500, 132, 128, 395, 424, 578, 531, 356, 367, 248, 70, 401, 436]",600,15,0.8,,3,200,"[[0.02, 0.005, 0.01], [0.005, 0.02, 0.005], [0.01, 0.005, 0.02]]",,,,,6.46,0.39967156567602435,0.9966666666666667,0.21666666666666667,6.466666666666667,0.0017026056073786474,0.004726748734008445,0.15042735042735042,0.013675213675213675,0.0017094017094017094,0.0,2.1663807890222984,4.0,0.003418803418803419,0.09572649572649573,5.435897435897436,0.1342889931007698,0.7227725090738789,0.007989650405616791,3.8380952380952382,0.7675368727175571,0.0547008547008547,0.1572649572649572,0.1783333333333333,1.0007327909115702,30,False,1556.0
3,sparse_sbm,sparse_sbm_19,19,34,3705979453,3157171877,"[6, 46, 53, 94, 100, 182, 186, 195, 261, 322, 424, 443, 466, 512, 533]","[268, 10, 551, 194, 451, 141, 532, 22, 568, 358, 155, 225, 552, 536, 283]",600,15,0.8,,3,200,"[[0.02, 0.005, 0.01], [0.005, 0.02, 0.005], [0.01, 0.005, 0.02]]",,,,,6.46,0.39967156567602435,0.9966666666666667,0.21666666666666667,6.133333333333334,0.0016388092006101695,0.004557179969944116,0.14871794871794872,0.008547008547008548,0.0,0.0,2.2126929674099487,4.0,0.003418803418803419,0.10256410256410256,5.401709401709402,0.13093058559669396,0.7257405456035593,0.0038859988439820374,3.7714285714285714,0.8035686266411997,0.0495726495726495,0.1333333333333333,0.155,0.7368306249845773,22,True,1534.0
3,sparse_sbm,sparse_sbm_19,19,35,3705979453,3084940724,"[47, 93, 99, 122, 159, 200, 259, 310, 338, 371, 380, 383, 462, 574, 586]","[345, 62, 592, 473, 373, 245, 200, 99, 87, 233, 492, 563, 287, 518, 573]",600,15,0.8,,3,200,"[[0.02, 0.005, 0.01], [0.005, 0.02, 0.005], [0.01, 0.005, 0.02]]",,,,,6.46,0.39967156567602435,0.9966666666666667,0.21666666666666667,6.466666666666667,0.0016791004454770448,0.00494407121281314,0.15384615384615385,0.008547008547008548,0.0,0.0,2.1543739279588334,4.0,0.003418803418803419,0.11623931623931624,5.690598290598291,0.13353140968112373,0.717275494672755,0.00396973396973397,3.6,0.618641729869648,0.0598290598290598,0.9965811965811966,0.9966666666666668,0.7015185001073405,21,True,3116.0
3,sparse_sbm,sparse_sbm_19,19,36,3705979453,1467061592,"[15, 28, 36, 97, 124, 126, 135, 191, 209, 364, 458, 505, 534, 536, 580]","[231, 336, 187, 483, 297, 441, 446, 294, 497, 282, 279, 512, 170, 505, 4]",600,15,0.8,,3,200,"[[0.02, 0.005, 0.01], [0.005, 0.02, 0.005], [0.01, 0.005, 0.02]]",,,,,6.46,0.39967156567602435,0.9966666666666667,0.21666666666666667,7.933333333333334,0.0020092283321776145,0.006270071947046614,0.18632478632478633,0.011965811965811967,0.0017094017094017094,0.0,2.1132075471698113,4.0,0.003418803418803419,0.1829059829059829,6.348717948717948,0.15799201943924496,0.6638391289076221,0.00410932438065488,3.4952380952380953,0.6050417695106544,0.0581196581196581,0.9965811965811966,0.9966666666666668,0.961710707983002,30,True,3116.0
3,sparse_sbm,sparse_sbm_19,19,37,3705979453,3066549879,"[52, 62, 81, 84, 105, 116, 256, 264, 292, 334, 449, 522, 523, 541, 577]","[53, 550, 75, 484, 555, 312, 461, 138, 158, 300, 517, 261, 273, 44, 499]",600,15,0.8,,3,200,"[[0.02, 0.005, 0.01], [0.005, 0.02, 0.005], [0.01, 0.005, 0.02]]",,,,,6.46,0.39967156567602435,0.9966666666666667,0.21666666666666667,6.266666666666667,0.0016275613062013141,0.004553558984709007,0.14871794871794872,0.005128205128205128,0.0,0.0,2.2109777015437393,4.0,0.003418803418803419,0.1264957264957265,5.72991452991453,0.12991857103909257,0.7257756702962183,0.0026033490319204607,3.6285714285714286,0.7043051980759271,0.07008547008547,1.0,1.0,0.7091536249499768,21,True,3116.0
3,sparse_sbm,sparse_sbm_19,19,38,3705979453,2120201295,"[15, 16, 40, 100, 218, 225, 232, 261, 295, 298, 373, 407, 449, 524, 568]","[231, 216, 242, 451, 96, 503, 109, 568, 519, 487, 510, 157, 517, 490, 542]",600,15,0.8,,3,200,"[[0.02, 0.005, 0.01], [0.005, 0.02, 0.005], [0.01, 0.005, 0.02]]",,,,,6.46,0.39967156567602435,0.9966666666666667,0.21666666666666667,6.266666666666667,0.001646154904614926,0.005307491550739119,0.14871794871794872,0.005128205128205128,0.0,0.0,2.190068493150685,4.0,0.0017094017094017094,0.08547008547008547,5.358974358974359,0.12813453690225649,0.7259220231822971,0.002380952380952381,3.681318681318681,0.8035686266411997,0.0564102564102564,0.9965811965811966,0.9966666666666668,0.9818209580844268,28,True,3116.0
3,sparse_sbm,sparse_sbm_19,19,39,3705979453,3584915883,"[12, 23, 107, 139, 142, 190, 193, 211, 314, 348, 373, 437, 448, 521, 541]","[514, 236, 173, 586, 113, 546, 128, 65, 559, 247, 510, 192, 165, 116, 44]",600,15,0.8,,3,200,"[[0.02, 0.005, 0.01], [0.005, 0.02, 0.005], [0.01, 0.005, 0.02]]",,,,,6.46,0.39967156567602435,0.9966666666666667,0.21666666666666667,5.733333333333333,0.0015463405600422131,0.003724965550140434,0.13675213675213677,0.008547008547008548,0.0017094017094017094,0.0,2.228130360205832,4.0,0.003418803418803419,0.0905982905982906,5.2615384615384615,0.12299377320484164,0.7460074932677673,0.0055365269650983935,3.7523809523809524,0.6392743594120631,0.0632478632478632,0.9965811965811966,0.9966666666666668,0.9168688330100848,24,True,3116.0
3,sparse_sbm,sparse_sbm_19,19,40,3705979453,1829992609,"[21, 37, 129, 223, 240, 248, 358, 374, 420, 475, 491, 504, 535, 576, 577]","[137, 538, 471, 316, 95, 17, 1, 302, 577, 572, 480, 37, 281, 114, 499]",600,15,0.8,,3,200,"[[0.02, 0.005, 0.01], [0.005, 0.02, 0.005], [0.01, 0.005, 0.02]]",,,,,6.46,0.39967156567602435,0.9966666666666667,0.21666666666666667,7.533333333333333,0.0019130427349407632,0.007715279457584754,0.17094017094017094,0.013675213675213675,0.0017094017094017094,0.0,2.144082332761578,4.0,0.003418803418803419,0.17094017094017094,6.237606837606838,0.14803686038633856,0.6888303477344573,0.0055488319729805795,3.419047619047619,0.7899686662822061,0.0717948717948717,0.9965811965811966,0.9966666666666668,0.6268775839125738,16,True,3116.0
3,sparse_sbm,sparse_sbm_19,19,41,3705979453,4062838422,"[3, 7, 92, 101, 137, 217, 265, 295, 374, 384, 422, 451, 468, 570, 582]","[556, 172, 251, 30, 388, 153, 398, 519, 302, 40, 590, 269, 570, 121, 360]",600,15,0.8,,3,200,"[[0.02, 0.005, 0.01], [0.005, 0.02, 0.005], [0.01, 0.005, 0.02]]",,,,,6.46,0.39967156567602435,0.9966666666666667,0.21666666666666667,6.866666666666666,0.0017726214823398849,0.006157483408365185,0.1623931623931624,0.013675213675213675,0.0,0.0,2.13893653516295,4.0,0.003418803418803419,0.14017094017094017,6.082051282051282,0.14307303445581207,0.702768996604613,0.005468050468050468,3.580952380952381,0.6168425658474141,0.0478632478632478,0.9965811965811966,0.9966666666666668,1.0863049579784274,30,False,3116.0
3,sparse_sbm,sparse_sbm_19,19,42,3705979453,1870635163,"[47, 50, 67, 149, 185, 190, 194, 253, 265, 314, 372, 497, 524, 528, 594]","[345, 67, 376, 130, 370, 546, 329, 290, 398, 559, 186, 442, 490, 309, 150]",600,15,0.8,,3,200,"[[0.02, 0.005, 0.01], [0.005, 0.02, 0.005], [0.01, 0.005, 0.02]]",,,,,6.46,0.39967156567602435,0.9966666666666667,0.21666666666666667,6.333333333333333,0.0016505774148883883,0.004848844793178339,0.147008547008547,0.011965811965811967,0.0,0.0,2.204116638078902,4.0,0.003418803418803419,0.12478632478632479,5.736752136752137,0.13080137969198663,0.7285797915934902,0.0057467532467532475,3.5904761904761906,0.7179051584349208,0.0666666666666666,1.0,1.0,0.6264525830047205,18,True,3116.0
3,sparse_sbm,sparse_sbm_19,19,43,3705979453,3377145487,"[52, 96, 110, 129, 174, 232, 235, 259, 308, 429, 478, 505, 525, 581, 588]","[53, 469, 379, 471, 368, 109, 301, 200, 38, 120, 100, 512, 560, 41, 362]",600,15,0.8,,3,200,"[[0.02, 0.005, 0.01], [0.005, 0.02, 0.005], [0.01, 0.005, 0.02]]",,,,,6.46,0.39967156567602435,0.9966666666666667,0.21666666666666667,5.466666666666667,0.001440618510654891,0.002630935167936492,0.1264957264957265,0.013675213675213675,0.0,0.0,2.3133561643835616,4.0,0.0017094017094017094,0.1111111111111111,5.335042735042735,0.11662901273374511,0.7636049642898958,0.006537007965579394,3.5934065934065935,0.6234098570229865,0.0666666666666666,0.9965811965811966,0.9966666666666668,0.8914724580245093,26,True,3116.0
3,sparse_sbm,sparse_sbm_19,19,44,3705979453,1885132852,"[47, 84, 97, 173, 176, 224, 318, 322, 368, 383, 438, 492, 552, 553, 566]","[345, 484, 483, 326, 78, 55, 409, 358, 220, 563, 404, 241, 223, 381, 418]",600,15,0.8,,3,200,"[[0.02, 0.005, 0.01], [0.005, 0.02, 0.005], [0.01, 0.005, 0.02]]",,,,,6.46,0.39967156567602435,0.9966666666666667,0.21666666666666667,7.8,0.002006616705949301,0.007813417791028012,0.18461538461538463,0.011965811965811967,0.003418803418803419,0.0,2.1166380789022297,4.0,0.003418803418803419,0.15555555555555556,6.441025641025641,0.15804463650144335,0.6664617726261561,0.007263212977498691,3.466666666666667,0.7179051584349208,0.0649572649572649,0.9965811965811966,0.9966666666666668,0.6921477079158649,17,True,3116.0
3,sparse_sbm,sparse_sbm_19,19,45,3705979453,808907875,"[20, 35, 38, 131, 181, 228, 290, 306, 327, 369, 387, 403, 573, 574, 596]","[286, 89, 73, 548, 562, 258, 333, 531, 179, 467, 126, 384, 293, 518, 77]",600,15,0.8,,3,200,"[[0.02, 0.005, 0.01], [0.005, 0.02, 0.005], [0.01, 0.005, 0.02]]",,,,,6.46,0.39967156567602435,0.9966666666666667,0.21666666666666667,6.733333333333333,0.001738071525846943,0.004406609134456775,0.1623931623931624,0.010256410256410256,0.0,0.0,2.1166380789022297,4.0,0.003418803418803419,0.11452991452991453,5.897435897435898,0.14083878671363542,0.7029270577215783,0.0050566893424036285,3.657142857142857,0.7763687059232123,0.0478632478632478,0.9965811965811966,0.9966666666666668,1.1507612500572575,30,False,3116.0
3,sparse_sbm,sparse_sbm_19,19,46,3705979453,1540297494,"[49, 111, 121, 125, 126, 130, 138, 161, 216, 373, 442, 535, 541, 574, 578]","[522, 554, 226, 337, 441, 262, 11, 598, 366, 510, 347, 281, 44, 518, 408]",600,15,0.8,,3,200,"[[0.02, 0.005, 0.01], [0.005, 0.02, 0.005], [0.01, 0.005, 0.02]]",,,,,6.46,0.39967156567602435,0.9966666666666667,0.21666666666666667,5.733333333333333,0.0015266026973771566,0.0029399621413360743,0.13333333333333333,0.006837606837606838,0.0,0.0,2.262435677530017,4.0,0.003418803418803419,0.1111111111111111,5.427350427350428,0.12053562933004508,0.7518264840182648,0.0035642135642135644,3.657142857142857,0.6818734045112781,0.0547008547008547,0.9965811965811966,0.9966666666666668,1.177544999984093,27,True,3116.0
3,sparse_sbm,sparse_sbm_19,19,47,3705979453,868106087,"[38, 155, 159, 161, 166, 170, 198, 278, 352, 399, 457, 495, 523, 539, 551]","[73, 118, 373, 598, 444, 406, 433, 149, 285, 561, 423, 435, 273, 401, 125]",600,15,0.8,,3,200,"[[0.02, 0.005, 0.01], [0.005, 0.02, 0.005], [0.01, 0.005, 0.02]]",,,,,6.46,0.39967156567602435,0.9966666666666667,0.21666666666666667,6.133333333333334,0.0016184490788896172,0.0043743799910472055,0.1452991452991453,0.006837606837606838,0.0017094017094017094,0.0,2.232876712328767,4.0,0.0017094017094017094,0.11282051282051282,5.4512820512820515,0.12680913435050029,0.7315946610467159,0.005188145188145189,3.4395604395604398,0.8035686266411997,0.0512820512820512,0.2991452991452991,0.3166666666666666,1.0647546250838786,30,False,1714.0
3,sparse_sbm,sparse_sbm_19,19,48,3705979453,182708913,"[0, 41, 104, 130, 135, 150, 158, 255, 281, 291, 314, 467, 470, 554, 567]","[511, 500, 498, 262, 446, 2, 140, 430, 421, 410, 559, 567, 321, 49, 599]",600,15,0.8,,3,200,"[[0.02, 0.005, 0.01], [0.005, 0.02, 0.005], [0.01, 0.005, 0.02]]",,,,,6.46,0.39967156567602435,0.9966666666666667,0.21666666666666667,5.8,0.0015431974237967469,0.0042011092334030215,0.14017094017094017,0.008547008547008548,0.0,0.0,2.2126929674099487,4.0,0.003418803418803419,0.08547008547008547,5.401709401709402,0.12491011942079358,0.7402119189790423,0.003924478882462076,3.8666666666666667,0.7763687059232123,0.0512820512820512,0.5931623931623932,0.6033333333333334,1.0708699580281973,30,False,1998.0
3,sparse_sbm,sparse_sbm_19,19,49,3705979453,3519033534,"[19, 40, 52, 124, 161, 197, 302, 342, 365, 432, 433, 479, 530, 535, 591]","[154, 242, 53, 297, 598, 205, 189, 257, 207, 351, 39, 131, 420, 281, 14]",600,15,0.8,,3,200,"[[0.02, 0.005, 0.01], [0.005, 0.02, 0.005], [0.01, 0.005, 0.02]]",,,,,6.46,0.39967156567602435,0.9966666666666667,0.21666666666666667,6.733333333333333,0.001741802091968718,0.004541330717004509,0.15555555555555556,0.011965811965811967,0.0017094017094017094,0.0,2.171526586620926,4.0,0.003418803418803419,0.14188034188034188,6.087179487179487,0.13705043560376823,0.714213792295984,0.0072125361411075695,3.4857142857142858,0.6889060736946994,0.0512820512820512,0.9965811965811966,0.9966666666666668,0.9543810840696096,27,True,3116.0
