feature_schema_version,graph_model,graph_pair_key,graph_pair_id,candidate_id,graph_pair_seed,sgm_seed,seed_vertices_graph1,seed_vertices_graph2,n_vertices,n_seeds,rho,er_probability,sbm_n_blocks,sbm_n_per_block,sbm_block_probabilities,paper_alpha,paper_probability,ier_alpha,ier_beta,pair_degree_mean_average,pair_degree_cv_average,pair_largest_component_fraction_min,pair_sorted_degree_mean_absolute_difference,seed_degree_mean,seed_pagerank_mean,seed_betweenness_mean,nonseed_covered_fraction,nonseed_covered_by_two_fraction,nonseed_covered_by_three_fraction,nonseed_seed_neighbor_q10,nonseed_nearest_seed_distance_mean,nonseed_nearest_seed_distance_max,nonseed_nearest_seed_distance_disconnected_fraction,nonseed_within_two_hops_of_three_seeds_fraction,nonseed_three_hop_seed_count_mean,nonseed_seed_signature_normalized_entropy,nonseed_seed_signature_collision_pair_fraction,seed_nonseed_neighborhood_jaccard_mean,seed_pair_shortest_path_mean,seed_community_normalized_entropy,h0_accuracy,final_unseeded_accuracy,final_all_accuracy,sgm_runtime_seconds,sgm_n_iter,sgm_converged,sgm_objective_score
3,paper,paper_0,0,0,4206279609,77129228,"[60, 68, 80, 98, 140, 150, 155, 184, 186, 217, 260, 310, 327, 361, 385, 404, 459, 463, 464, 513, 515, 530, 532, 557, 563, 565, 573, 586, 591, 597]","[225, 128, 578, 317, 123, 589, 316, 202, 512, 243, 564, 193, 409, 428, 138, 424, 206, 374, 500, 95, 560, 344, 476, 108, 536, 366, 120, 372, 425, 286]",600,30,0.7,,,,,2.0,0.005,,,5.821666666666667,0.48937864201472353,0.9966666666666667,0.13,6.733333333333333,0.001878305453510196,0.006596274188056514,0.2736842105263158,0.056140350877192984,0.0035087719298245615,0.0,1.875,4.0,0.0035087719298245615,0.39473684210526316,10.885964912280702,0.25521514284980856,0.5289612431782443,0.005997439297356676,3.6528735632183906,0.7688858510336404,0.0736842105263157,0.2719298245614035,0.3083333333333333,1.1424512920202687,30,True,1570.0
3,paper,paper_0,0,1,4206279609,3999458005,"[51, 89, 101, 106, 166, 197, 208, 244, 246, 255, 276, 375, 403, 423, 449, 452, 466, 490, 491, 498, 505, 516, 517, 532, 536, 550, 572, 577, 583, 595]","[385, 582, 421, 142, 438, 593, 4, 562, 419, 242, 392, 484, 132, 177, 370, 226, 510, 295, 136, 377, 80, 548, 227, 476, 402, 154, 265, 178, 284, 173]",600,30,0.7,,,,,2.0,0.005,,,5.821666666666667,0.48937864201472353,0.9966666666666667,0.13,5.366666666666666,0.0015541487784402333,0.003589435362877,0.24035087719298245,0.028070175438596492,0.0017543859649122807,0.0,1.9507042253521127,4.0,0.0035087719298245615,0.312280701754386,9.692982456140351,0.22118175334246057,0.57831837942836,0.004359175307451169,3.845977011494253,0.8026651249995023,0.1017543859649122,0.9578947368421052,0.96,0.9615352080436425,30,False,2480.0
3,paper,paper_0,0,2,4206279609,3140993309,"[3, 14, 16, 70, 120, 142, 143, 147, 153, 164, 168, 243, 251, 266, 291, 297, 298, 313, 358, 367, 368, 395, 418, 421, 448, 466, 474, 488, 513, 586]","[15, 581, 233, 135, 64, 216, 466, 588, 310, 7, 78, 232, 450, 27, 9, 183, 277, 429, 35, 520, 248, 263, 164, 384, 573, 510, 197, 416, 95, 372]",600,30,0.7,,,,,2.0,0.005,,,5.821666666666667,0.48937864201472353,0.9966666666666667,0.13,5.866666666666666,0.0016841543361466754,0.00494906112745779,0.24210526315789474,0.03859649122807018,0.0035087719298245615,0.0,2.007029876977153,4.0,0.0017543859649122807,0.3157894736842105,9.27719298245614,0.22504824934308867,0.5756235932537848,0.005912491752977083,3.7192118226600983,0.8630447244276588,0.0842105263157894,0.968421052631579,0.97,0.9665767920669168,30,False,2476.0
3,paper,paper_0,0,3,4206279609,2092581698,"[19, 39, 44, 104, 109, 122, 133, 152, 176, 180, 205, 217, 226, 241, 268, 282, 302, 324, 348, 369, 382, 429, 480, 484, 510, 512, 525, 527, 553, 558]","[341, 219, 1, 571, 166, 454, 570, 397, 395, 353, 315, 243, 382, 556, 140, 117, 255, 275, 44, 580, 160, 147, 220, 109, 294, 308, 251, 363, 542, 498]",600,30,0.7,,,,,2.0,0.005,,,5.821666666666667,0.48937864201472353,0.9966666666666667,0.13,5.8,0.001645377527953382,0.003705392215699431,0.23684210526315788,0.03508771929824561,0.0035087719298245615,0.0,1.994718309859155,4.0,0.0035087719298245615,0.3350877192982456,10.271929824561404,0.2224553601269358,0.5834119569574199,0.005876288225492881,3.664367816091954,0.7863958200361199,0.0807017543859649,0.9649122807017544,0.9666666666666668,0.9215444589499384,29,True,2478.0
3,paper,paper_0,0,4,4206279609,4211593089,"[25, 53, 59, 60, 72, 78, 101, 218, 231, 288, 289, 324, 347, 353, 364, 398, 401, 408, 419, 421, 431, 483, 508, 524, 526, 542, 545, 557, 576, 590]","[28, 165, 106, 225, 45, 145, 421, 598, 72, 61, 297, 275, 451, 481, 144, 121, 389, 591, 516, 384, 184, 478, 181, 459, 501, 417, 259, 108, 47, 443]",600,30,0.7,,,,,2.0,0.005,,,5.821666666666667,0.48937864201472353,0.9966666666666667,0.13,5.266666666666667,0.0015296885846069613,0.004666404971380305,0.22631578947368422,0.042105263157894736,0.005263157894736842,0.0,1.9982394366197183,4.0,0.0035087719298245615,0.32105263157894737,9.836842105263157,0.21627021307165667,0.5993710110073074,0.006113306297196551,3.8275862068965516,0.8135660656203609,0.0894736842105263,0.963157894736842,0.965,0.7705046250484884,24,True,2474.0
3,paper,paper_0,0,5,4206279609,3264973644,"[18, 29, 31, 34, 72, 73, 136, 164, 188, 212, 232, 237, 296, 317, 348, 365, 369, 382, 423, 447, 490, 500, 502, 504, 520, 522, 542, 544, 547, 573]","[415, 398, 407, 400, 45, 533, 357, 7, 522, 552, 6, 71, 401, 439, 44, 538, 580, 160, 177, 307, 295, 491, 386, 34, 50, 129, 417, 280, 376, 120]",600,30,0.7,,,,,2.0,0.005,,,5.821666666666667,0.48937864201472353,0.9966666666666667,0.13,5.466666666666667,0.001583019154112722,0.004036484820408001,0.22982456140350876,0.02280701754385965,0.0035087719298245615,0.0,1.9929577464788732,4.0,0.0035087719298245615,0.3017543859649123,9.771929824561404,0.2124422998432252,0.5942527672432399,0.003410284779453136,3.8505747126436782,0.7545673188165645,0.0842105263157894,0.963157894736842,0.965,0.9943590830080212,30,False,2484.0
3,paper,paper_0,0,6,4206279609,2076974703,"[4, 52, 63, 69, 71, 127, 150, 152, 165, 193, 235, 262, 287, 330, 361, 364, 384, 395, 406, 426, 480, 495, 509, 525, 526, 545, 567, 571, 588, 592]","[320, 41, 42, 507, 426, 413, 589, 397, 228, 55, 37, 2, 83, 526, 428, 144, 473, 263, 434, 36, 220, 167, 32, 251, 501, 259, 102, 333, 375, 453]",600,30,0.7,,,,,2.0,0.005,,,5.821666666666667,0.48937864201472353,0.9966666666666667,0.13,5.033333333333333,0.0014780051267302928,0.003516989097465096,0.24210526315789474,0.015789473684210527,0.0035087719298245615,0.0,1.9753954305799648,5.0,0.0017543859649122807,0.2912280701754386,9.024561403508772,0.21576076261773,0.5760305861314093,0.004258289603117189,3.977832512315271,0.7842808353540017,0.0842105263157894,0.9210526315789472,0.925,0.9796462499070911,30,False,2422.0
3,paper,paper_0,0,7,4206279609,785821800,"[16, 28, 51, 94, 106, 119, 135, 137, 157, 162, 243, 250, 260, 269, 296, 326, 347, 366, 385, 392, 393, 404, 419, 426, 436, 440, 486, 489, 534, 582]","[233, 231, 385, 199, 142, 174, 104, 49, 527, 503, 232, 139, 564, 329, 401, 529, 451, 487, 138, 237, 126, 424, 516, 36, 73, 10, 107, 369, 489, 288]",600,30,0.7,,,,,2.0,0.005,,,5.821666666666667,0.48937864201472353,0.9966666666666667,0.13,6.033333333333333,0.001702344093102994,0.0048882873407564194,0.2631578947368421,0.04035087719298246,0.0035087719298245615,0.0,1.9154929577464788,4.0,0.0035087719298245615,0.35789473684210527,10.408771929824562,0.24289730295573064,0.5443406407054543,0.005654110524701546,3.7126436781609193,0.8380514064005375,0.0824561403508772,0.968421052631579,0.97,0.7828786669997498,24,True,2482.0
3,paper,paper_0,0,8,4206279609,2972855359,"[10, 37, 72, 78, 81, 106, 134, 152, 182, 189, 195, 224, 226, 256, 267, 271, 278, 279, 283, 287, 296, 322, 340, 385, 413, 442, 456, 483, 510, 575]","[403, 380, 45, 145, 521, 142, 339, 397, 343, 597, 76, 585, 382, 449, 155, 111, 91, 590, 447, 83, 401, 203, 105, 138, 0, 239, 480, 478, 294, 324]",600,30,0.7,,,,,2.0,0.005,,,5.821666666666667,0.48937864201472353,0.9966666666666667,0.13,5.233333333333333,0.0015347965827958393,0.0037979149690880887,0.24385964912280703,0.021052631578947368,0.007017543859649123,0.0,1.9383802816901408,4.0,0.0035087719298245615,0.2789473684210526,9.426315789473684,0.22323309632198401,0.5730213054604878,0.004287804450076256,3.901149425287356,0.7361830291710639,0.0684210526315789,0.4508771929824561,0.4783333333333333,1.0453545829514042,30,False,1704.0
3,paper,paper_0,0,9,4206279609,601724243,"[7, 25, 58, 73, 75, 143, 152, 158, 237, 250, 251, 262, 263, 268, 274, 275, 291, 333, 353, 367, 375, 419, 443, 481, 485, 486, 508, 516, 553, 566]","[561, 28, 84, 533, 68, 466, 397, 373, 71, 139, 450, 2, 143, 140, 349, 92, 9, 549, 481, 520, 484, 516, 70, 244, 86, 107, 181, 548, 542, 475]",600,30,0.7,,,,,2.0,0.005,,,5.821666666666667,0.48937864201472353,0.9966666666666667,0.13,5.033333333333333,0.0014768612369478518,0.0036474365208715017,0.22105263157894736,0.031578947368421054,0.0017543859649122807,0.0,2.038732394366197,4.0,0.0035087719298245615,0.28596491228070176,8.949122807017543,0.2088291529019041,0.6076711990873493,0.004175278335930207,3.9517241379310346,0.7642275953983261,0.1,0.9666666666666668,0.9683333333333334,0.6155406660400331,18,True,2482.0
3,paper,paper_0,0,10,4206279609,2562152702,"[1, 20, 59, 141, 152, 156, 164, 181, 247, 252, 260, 261, 272, 286, 293, 320, 332, 377, 385, 411, 421, 453, 465, 501, 505, 534, 563, 572, 581, 588]","[103, 411, 106, 115, 397, 594, 7, 52, 186, 20, 564, 110, 245, 85, 444, 39, 53, 96, 138, 302, 384, 23, 268, 471, 80, 489, 536, 265, 48, 375]",600,30,0.7,,,,,2.0,0.005,,,5.821666666666667,0.48937864201472353,0.9966666666666667,0.13,6.066666666666666,0.001718313944696237,0.004165378064056818,0.2736842105263158,0.03333333333333333,0.0017543859649122807,0.0,1.8961267605633803,4.0,0.0035087719298245615,0.3350877192982456,10.150877192982456,0.24889602001742772,0.5290599081182746,0.0040477071829158945,3.7471264367816093,0.7642275953983261,0.0894736842105263,0.963157894736842,0.965,0.9962446249555796,30,False,2482.0
3,paper,paper_0,0,11,4206279609,3072012322,"[12, 33, 41, 46, 61, 107, 115, 124, 167, 171, 176, 190, 192, 201, 254, 260, 268, 276, 279, 288, 304, 316, 326, 351, 376, 396, 429, 474, 521, 550]","[253, 322, 12, 342, 505, 252, 577, 66, 328, 182, 395, 222, 30, 18, 396, 564, 140, 392, 590, 61, 230, 229, 529, 465, 67, 485, 147, 197, 379, 154]",600,30,0.7,,,,,2.0,0.005,,,5.821666666666667,0.48937864201472353,0.9966666666666667,0.13,5.5,0.0015833825069699688,0.003941346830233111,0.24561403508771928,0.02631578947368421,0.0,0.0,1.9295774647887325,4.0,0.0035087719298245615,0.3333333333333333,10.112280701754386,0.2253279455376433,0.57035118552092,0.003609627919972747,3.779310344827586,0.8113891380632411,0.0982456140350877,0.9649122807017544,0.9666666666666668,0.8557984579820186,26,True,2484.0
3,paper,paper_0,0,12,4206279609,1301292820,"[7, 70, 94, 116, 134, 144, 154, 178, 186, 195, 199, 207, 209, 211, 277, 300, 331, 348, 349, 409, 468, 481, 514, 527, 537, 555, 570, 574, 583, 596]","[561, 135, 199, 323, 339, 119, 24, 281, 512, 76, 472, 169, 461, 517, 359, 31, 51, 44, 152, 191, 340, 244, 565, 363, 559, 414, 423, 388, 284, 62]",600,30,0.7,,,,,2.0,0.005,,,5.821666666666667,0.48937864201472353,0.9966666666666667,0.13,5.9,0.0016866589884657974,0.005592276593272183,0.256140350877193,0.04035087719298246,0.0035087719298245615,0.0,1.9154929577464788,3.0,0.0035087719298245615,0.3473684210526316,10.54561403508772,0.2395387185508748,0.554478463293559,0.005667895323067736,3.6942528735632183,0.8203152825872447,0.0982456140350877,0.9491228070175438,0.9516666666666668,0.6990306669613346,21,True,2478.0
3,paper,paper_0,0,13,4206279609,3955454945,"[35, 37, 61, 72, 94, 102, 108, 124, 136, 232, 241, 261, 294, 303, 328, 347, 367, 375, 385, 399, 409, 435, 471, 487, 500, 512, 521, 533, 569, 595]","[546, 380, 505, 45, 199, 223, 19, 66, 357, 6, 556, 110, 296, 282, 595, 451, 520, 484, 138, 69, 191, 587, 515, 346, 491, 308, 379, 390, 420, 173]",600,30,0.7,,,,,2.0,0.005,,,5.821666666666667,0.48937864201472353,0.9966666666666667,0.13,6.333333333333333,0.0017875822279536239,0.006165019464540983,0.2719298245614035,0.042105263157894736,0.005263157894736842,0.0,1.8943661971830985,4.0,0.0035087719298245615,0.387719298245614,10.843859649122807,0.24814766362932558,0.5317115283815866,0.005625901219207508,3.6252873563218393,0.8246071948264828,0.087719298245614,0.9666666666666668,0.9683333333333334,0.7822540000779554,24,True,2482.0
3,paper,paper_0,0,14,4206279609,2709975592,"[11, 32, 75, 78, 93, 110, 111, 112, 129, 148, 153, 176, 194, 213, 248, 257, 258, 265, 276, 306, 317, 357, 363, 368, 369, 470, 521, 544, 553, 567]","[321, 77, 68, 145, 468, 309, 247, 187, 217, 332, 310, 395, 133, 553, 354, 75, 33, 16, 392, 151, 439, 514, 496, 248, 580, 554, 379, 280, 542, 102]",600,30,0.7,,,,,2.0,0.005,,,5.821666666666667,0.48937864201472353,0.9966666666666667,0.13,5.966666666666667,0.0016791746002307536,0.004486072135800082,0.2631578947368421,0.04736842105263158,0.0,0.0,1.9383802816901408,4.0,0.0035087719298245615,0.3175438596491228,9.973684210526315,0.24255244528025918,0.5444886381154996,0.004865807771131425,3.864367816091954,0.8621704037846379,0.0789473684210526,0.968421052631579,0.97,0.825887749902904,25,True,2482.0
3,paper,paper_0,0,15,4206279609,118034077,"[18, 20, 32, 57, 75, 84, 98, 120, 147, 187, 214, 220, 230, 236, 273, 294, 328, 351, 352, 358, 362, 405, 430, 451, 455, 474, 477, 518, 538, 597]","[415, 411, 77, 13, 68, 440, 317, 64, 588, 464, 579, 289, 205, 5, 567, 296, 595, 465, 88, 35, 544, 338, 261, 153, 266, 197, 572, 258, 298, 286]",600,30,0.7,,,,,2.0,0.005,,,5.821666666666667,0.48937864201472353,0.9966666666666667,0.13,5.2,0.0015294991740444077,0.0046779259979853206,0.22807017543859648,0.02631578947368421,0.005263157894736842,0.0,2.022887323943662,4.0,0.0035087719298245615,0.26842105263157895,8.750877192982456,0.21123874692769856,0.597070884592853,0.003660538725161986,4.002298850574713,0.8303419025650826,0.0771929824561403,0.5526315789473685,0.575,0.9919422500533984,30,False,1818.0
3,paper,paper_0,0,16,4206279609,2931113204,"[4, 14, 16, 22, 24, 41, 71, 75, 111, 208, 212, 246, 249, 278, 294, 306, 318, 335, 337, 343, 347, 355, 375, 420, 424, 425, 443, 462, 495, 544]","[320, 581, 233, 364, 211, 12, 426, 68, 247, 4, 552, 419, 168, 91, 296, 151, 267, 90, 262, 250, 451, 301, 484, 445, 368, 399, 70, 545, 167, 280]",600,30,0.7,,,,,2.0,0.005,,,5.821666666666667,0.48937864201472353,0.9966666666666667,0.13,5.933333333333334,0.001679013815808044,0.0050899433541732415,0.256140350877193,0.03859649122807018,0.007017543859649123,0.0,1.926056338028169,4.0,0.0035087719298245615,0.34912280701754383,10.210526315789474,0.2353015853672688,0.5548237905836648,0.005735588267348703,3.779310344827586,0.8451684120291032,0.0894736842105263,0.4684210526315789,0.495,0.9838341670110822,30,False,1778.0
3,paper,paper_0,0,17,4206279609,3631443800,"[12, 33, 40, 46, 83, 183, 209, 224, 234, 283, 286, 293, 296, 309, 331, 332, 350, 360, 394, 427, 455, 466, 478, 525, 541, 551, 557, 585, 592, 594]","[253, 322, 292, 342, 40, 175, 461, 585, 29, 447, 85, 444, 401, 474, 51, 53, 210, 524, 337, 312, 266, 510, 362, 251, 38, 240, 108, 479, 453, 566]",600,30,0.7,,,,,2.0,0.005,,,5.821666666666667,0.48937864201472353,0.9966666666666667,0.13,5.9,0.001680306440977396,0.004753641780020753,0.25263157894736843,0.02982456140350877,0.0035087719298245615,0.0,1.9471830985915493,4.0,0.0035087719298245615,0.36666666666666664,9.812280701754386,0.22886207669968212,0.5602133629328153,0.004841459736071254,3.87816091954023,0.7565421149134197,0.0947368421052631,0.968421052631579,0.97,0.8344965419964865,26,True,2482.0
3,paper,paper_0,0,18,4206279609,3712059063,"[4, 53, 55, 59, 154, 156, 167, 176, 183, 196, 197, 228, 237, 271, 281, 306, 312, 325, 347, 368, 399, 463, 487, 490, 492, 511, 538, 581, 582, 599]","[320, 165, 335, 106, 24, 594, 328, 395, 175, 200, 593, 131, 71, 111, 356, 151, 171, 218, 451, 248, 69, 374, 346, 295, 348, 236, 298, 48, 288, 56]",600,30,0.7,,,,,2.0,0.005,,,5.821666666666667,0.48937864201472353,0.9966666666666667,0.13,6.7,0.0018558665278941208,0.0053524406651523325,0.2736842105263158,0.03859649122807018,0.0017543859649122807,0.0,1.892605633802817,4.0,0.0035087719298245615,0.39824561403508774,11.215789473684211,0.247431964328144,0.5292449048808312,0.004221207540074422,3.6045977011494252,0.8030314683955784,0.0842105263157894,0.3789473684210526,0.41,0.9893149589188396,30,False,1686.0
3,paper,paper_0,0,19,4206279609,1111998849,"[31, 32, 37, 44, 63, 72, 102, 187, 224, 227, 238, 250, 310, 332, 368, 374, 408, 411, 416, 425, 428, 456, 477, 479, 504, 510, 521, 530, 554, 590]","[407, 77, 380, 1, 42, 45, 223, 464, 585, 214, 46, 139, 193, 53, 248, 161, 591, 302, 327, 399, 555, 480, 572, 404, 34, 294, 379, 344, 134, 443]",600,30,0.7,,,,,2.0,0.005,,,5.821666666666667,0.48937864201472353,0.9966666666666667,0.13,4.9,0.0014469425126880963,0.0036123523533572155,0.21403508771929824,0.02280701754385965,0.005263157894736842,0.0,2.0264084507042255,4.0,0.0035087719298245615,0.2807017543859649,9.271929824561404,0.19971907713999473,0.6187093392532297,0.004799835803892598,3.9563218390804598,0.7926385050216644,0.0859649122807017,0.9614035087719298,0.9633333333333334,0.816088292049244,25,True,2482.0
3,paper,paper_0,0,20,4206279609,2976994926,"[67, 85, 99, 124, 174, 186, 193, 224, 233, 306, 307, 308, 311, 324, 348, 367, 374, 396, 461, 470, 471, 491, 494, 495, 533, 560, 571, 572, 577, 582]","[530, 156, 57, 66, 506, 512, 55, 585, 406, 151, 381, 558, 162, 275, 44, 520, 161, 485, 523, 554, 515, 136, 257, 167, 390, 494, 333, 265, 178, 288]",600,30,0.7,,,,,2.0,0.005,,,5.821666666666667,0.48937864201472353,0.9966666666666667,0.13,5.5,0.001623713781079783,0.004313286946372101,0.25263157894736843,0.02631578947368421,0.0035087719298245615,0.0,1.9595070422535212,4.0,0.0035087719298245615,0.2789473684210526,9.48421052631579,0.22994230439040494,0.5600036999352511,0.004426660923938601,3.8045977011494254,0.778546127615402,0.0684210526315789,0.1614035087719298,0.2033333333333333,1.022442499990575,30,False,1492.0
3,paper,paper_0,0,21,4206279609,3830437891,"[2, 14, 42, 77, 87, 88, 117, 136, 192, 213, 248, 263, 316, 357, 373, 381, 395, 401, 407, 428, 430, 496, 513, 518, 542, 564, 570, 573, 574, 581]","[146, 581, 492, 350, 313, 60, 532, 357, 30, 553, 354, 143, 229, 514, 188, 490, 263, 389, 314, 555, 261, 273, 95, 258, 417, 148, 423, 120, 388, 48]",600,30,0.7,,,,,2.0,0.005,,,5.821666666666667,0.48937864201472353,0.9966666666666667,0.13,5.833333333333333,0.0016714214648374836,0.005269988792449952,0.256140350877193,0.02982456140350877,0.005263157894736842,0.0,1.9420035149384887,4.0,0.0017543859649122807,0.3333333333333333,10.105263157894736,0.23136409211945175,0.5550396201399809,0.004801351220641576,3.6995073891625614,0.8028053135847653,0.1017543859649122,0.968421052631579,0.97,0.9485742499819024,30,False,2482.0
3,paper,paper_0,0,22,4206279609,1802616577,"[4, 5, 10, 11, 26, 48, 72, 84, 98, 113, 124, 171, 177, 181, 187, 210, 245, 251, 261, 276, 340, 398, 401, 404, 433, 441, 446, 457, 509, 544]","[320, 238, 403, 321, 290, 11, 45, 440, 317, 470, 66, 182, 436, 52, 464, 539, 351, 450, 110, 392, 105, 121, 389, 424, 418, 249, 98, 525, 32, 280]",600,30,0.7,,,,,2.0,0.005,,,5.821666666666667,0.48937864201472353,0.9966666666666667,0.13,5.3,0.00153935764143611,0.0036067475260585144,0.25263157894736843,0.021052631578947368,0.0017543859649122807,0.0,1.9366197183098592,4.0,0.0035087719298245615,0.2929824561403509,9.333333333333334,0.2291571830727547,0.5599297012302284,0.0025560454870799695,3.9080459770114944,0.7930048484177405,0.0824561403508772,0.4982456140350877,0.5233333333333333,0.9774845829233528,30,False,1724.0
3,paper,paper_0,0,23,4206279609,4000478022,"[7, 21, 25, 30, 43, 106, 130, 187, 202, 217, 233, 306, 355, 357, 376, 391, 394, 434, 446, 480, 497, 514, 521, 531, 551, 553, 567, 574, 583, 594]","[561, 59, 28, 325, 303, 142, 285, 464, 125, 243, 406, 151, 301, 514, 67, 393, 337, 127, 98, 220, 224, 565, 379, 198, 240, 542, 102, 388, 284, 566]",600,30,0.7,,,,,2.0,0.005,,,5.821666666666667,0.48937864201472353,0.9966666666666667,0.13,5.133333333333334,0.0015112087529621317,0.005463556679518325,0.22982456140350876,0.02982456140350877,0.0035087719298245615,0.0,2.012323943661972,4.0,0.0035087719298245615,0.2912280701754386,8.889473684210527,0.21372473017118018,0.5943760984182777,0.005184148546217512,3.901149425287356,0.8135660656203609,0.1122807017543859,0.9596491228070176,0.9616666666666668,0.9618973329197616,30,False,2478.0
3,paper,paper_0,0,24,4206279609,3133792402,"[35, 86, 88, 100, 106, 107, 126, 162, 174, 177, 192, 197, 212, 224, 226, 230, 252, 254, 318, 376, 412, 448, 457, 460, 507, 520, 527, 539, 553, 595]","[546, 269, 60, 574, 142, 252, 114, 503, 506, 436, 30, 593, 552, 585, 382, 205, 20, 396, 267, 67, 306, 573, 525, 509, 287, 50, 363, 87, 542, 173]",600,30,0.7,,,,,2.0,0.005,,,5.821666666666667,0.48937864201472353,0.9966666666666667,0.13,5.7,0.0016331354125623903,0.004407517972550785,0.25263157894736843,0.04035087719298246,0.0035087719298245615,0.0,1.943661971830986,4.0,0.0035087719298245615,0.3473684210526316,10.433333333333334,0.23407598055772733,0.5598557025252058,0.005963293711772413,3.7103448275862068,0.8639190450706798,0.0912280701754386,0.9736842105263158,0.975,0.9339082500664516,30,False,2484.0
3,paper,paper_0,0,25,4206279609,2972083127,"[28, 46, 55, 113, 131, 235, 238, 241, 261, 274, 280, 298, 344, 351, 364, 379, 382, 419, 434, 442, 449, 494, 498, 523, 527, 534, 537, 546, 558, 581]","[231, 342, 335, 470, 43, 37, 46, 556, 110, 349, 293, 277, 137, 465, 144, 213, 160, 516, 127, 239, 370, 257, 377, 502, 363, 489, 559, 93, 498, 48]",600,30,0.7,,,,,2.0,0.005,,,5.821666666666667,0.48937864201472353,0.9966666666666667,0.13,5.033333333333333,0.0014821654219887108,0.003627894703626451,0.23157894736842105,0.02456140350877193,0.0017543859649122807,0.0,2.012323943661972,4.0,0.0035087719298245615,0.256140350877193,8.594736842105263,0.21427283855563642,0.5916319797736873,0.003276799828523966,4.048275862068966,0.8346338148043206,0.0842105263157894,0.9614035087719298,0.9633333333333334,0.8768633329309523,26,True,2482.0
3,paper,paper_0,0,26,4206279609,69914713,"[9, 25, 38, 40, 47, 51, 54, 82, 84, 118, 124, 138, 154, 185, 250, 267, 307, 319, 333, 334, 359, 388, 435, 439, 460, 486, 491, 505, 558, 574]","[215, 28, 540, 292, 208, 385, 519, 271, 440, 189, 66, 185, 24, 483, 139, 155, 381, 352, 549, 488, 113, 431, 587, 195, 509, 107, 136, 80, 498, 388]",600,30,0.7,,,,,2.0,0.005,,,5.821666666666667,0.48937864201472353,0.9966666666666667,0.13,5.7,0.0016587633163289252,0.003934988942320262,0.24561403508771928,0.021052631578947368,0.0017543859649122807,0.0,1.943661971830986,4.0,0.0035087719298245615,0.26842105263157895,9.591228070175438,0.2232842175469674,0.5704806832547097,0.003769716873165149,3.7471264367816093,0.7680115303906193,0.0807017543859649,0.9649122807017544,0.9666666666666668,0.9565476670395584,30,False,2482.0
3,paper,paper_0,0,27,4206279609,2695875278,"[21, 42, 64, 76, 91, 102, 104, 152, 166, 180, 254, 258, 260, 263, 296, 321, 329, 357, 361, 383, 395, 401, 422, 462, 477, 515, 541, 553, 584, 597]","[59, 492, 201, 207, 304, 223, 571, 397, 438, 353, 396, 33, 564, 143, 401, 584, 272, 514, 428, 234, 263, 389, 422, 545, 572, 560, 38, 542, 74, 286]",600,30,0.7,,,,,2.0,0.005,,,5.821666666666667,0.48937864201472353,0.9966666666666667,0.13,4.2,0.0012909397631296097,0.002818573294662929,0.19649122807017544,0.015789473684210527,0.0017543859649122807,0.0,2.0685413005272406,4.0,0.0017543859649122807,0.16666666666666666,7.640350877192983,0.18381782404685443,0.6465266857829988,0.0025262476986614916,4.211822660098522,0.8346338148043206,0.0807017543859649,0.9578947368421052,0.96,1.1064767920179293,30,False,2470.0
3,paper,paper_0,0,28,4206279609,1658065348,"[1, 30, 41, 120, 169, 172, 174, 211, 216, 224, 244, 257, 271, 293, 317, 329, 344, 364, 384, 410, 437, 465, 497, 515, 522, 524, 538, 541, 573, 575]","[103, 325, 12, 64, 365, 383, 506, 517, 274, 585, 562, 75, 111, 444, 439, 272, 137, 144, 473, 256, 176, 268, 224, 560, 129, 459, 298, 38, 120, 324]",600,30,0.7,,,,,2.0,0.005,,,5.821666666666667,0.48937864201472353,0.9966666666666667,0.13,5.8,0.0016872138544183023,0.0048804607485940345,0.2771929824561403,0.021052631578947368,0.0,0.0,1.892605633802817,4.0,0.0035087719298245615,0.3157894736842105,9.756140350877192,0.2455428110150056,0.5243301575555761,0.0023602501517336664,3.8413793103448275,0.8171238458018409,0.0929824561403508,0.9719298245614036,0.9733333333333334,1.047334040980786,30,False,2484.0
3,paper,paper_0,0,29,4206279609,3815972125,"[63, 77, 91, 106, 150, 162, 165, 170, 172, 189, 211, 240, 242, 261, 293, 302, 334, 335, 365, 369, 415, 439, 459, 473, 484, 529, 534, 558, 571, 573]","[42, 350, 304, 142, 589, 503, 228, 124, 383, 597, 517, 326, 21, 110, 444, 255, 488, 90, 538, 580, 241, 195, 206, 25, 109, 360, 489, 498, 333, 120]",600,30,0.7,,,,,2.0,0.005,,,5.821666666666667,0.48937864201472353,0.9966666666666667,0.13,5.833333333333333,0.0016651673412540681,0.0038213026107930892,0.2596491228070175,0.031578947368421054,0.0017543859649122807,0.0,1.9683098591549295,5.0,0.0035087719298245615,0.34210526315789475,9.936842105263159,0.23641632651847228,0.5496377146733266,0.0038652448895856602,3.767816091954023,0.8355081354473416,0.1017543859649122,0.9666666666666668,0.9683333333333334,1.0866157920099797,30,False,2484.0
3,paper,paper_0,0,30,4206279609,49898762,"[13, 14, 64, 65, 74, 112, 113, 190, 208, 227, 307, 313, 314, 342, 351, 370, 405, 411, 429, 431, 451, 477, 478, 493, 527, 566, 575, 580, 590, 597]","[334, 581, 201, 150, 319, 187, 470, 222, 4, 214, 381, 429, 196, 278, 465, 391, 338, 302, 147, 184, 153, 572, 362, 89, 363, 475, 324, 378, 443, 286]",600,30,0.7,,,,,2.0,0.005,,,5.821666666666667,0.48937864201472353,0.9966666666666667,0.13,5.833333333333333,0.0016974782895575848,0.003939365187088572,0.2578947368421053,0.03333333333333333,0.0017543859649122807,0.0,1.9330985915492958,4.0,0.0035087719298245615,0.3157894736842105,9.74736842105263,0.23799035599540902,0.551987173557796,0.003918602334050183,3.8275862068965516,0.8587528121884209,0.1052631578947368,0.9614035087719298,0.9633333333333334,1.1175408330745995,30,False,2484.0
3,paper,paper_0,0,31,4206279609,300260197,"[10, 26, 85, 141, 181, 235, 244, 275, 289, 301, 311, 337, 359, 363, 364, 394, 406, 415, 416, 422, 428, 468, 471, 486, 529, 547, 574, 577, 584, 594]","[403, 290, 156, 115, 52, 37, 562, 92, 297, 534, 162, 262, 113, 496, 144, 337, 434, 241, 327, 422, 555, 340, 515, 107, 360, 376, 388, 178, 74, 566]",600,30,0.7,,,,,2.0,0.005,,,5.821666666666667,0.48937864201472353,0.9966666666666667,0.13,4.366666666666666,0.0013257201848607453,0.002620971971545198,0.2,0.02280701754385965,0.0,0.0,2.068661971830986,4.0,0.0035087719298245615,0.21403508771929824,7.859649122807017,0.1885011726503353,0.6408411186137576,0.0029713485747968507,4.179310344827586,0.7878386155354816,0.0666666666666666,0.2385964912280701,0.2766666666666666,0.9763405829435214,24,True,1518.0
3,paper,paper_0,0,32,4206279609,345991985,"[3, 20, 77, 79, 83, 89, 90, 102, 119, 195, 217, 235, 240, 245, 268, 310, 332, 334, 355, 377, 399, 412, 427, 461, 495, 516, 533, 587, 589, 598]","[15, 411, 350, 336, 40, 582, 130, 223, 174, 76, 243, 37, 326, 351, 140, 193, 53, 488, 301, 96, 69, 306, 312, 523, 167, 548, 390, 330, 305, 192]",600,30,0.7,,,,,2.0,0.005,,,5.821666666666667,0.48937864201472353,0.9966666666666667,0.13,6.6,0.00184554761290437,0.005320443578190844,0.28596491228070176,0.042105263157894736,0.0035087719298245615,0.0,1.880281690140845,4.0,0.0035087719298245615,0.356140350877193,10.529824561403508,0.2586434729351235,0.5115777140566706,0.005442714129361517,3.6942528735632183,0.8167575024057648,0.0736842105263157,0.2929824561403509,0.3283333333333333,1.1300111250020564,30,False,1628.0
3,paper,paper_0,0,33,4206279609,1967947985,"[1, 20, 50, 81, 90, 107, 148, 149, 178, 191, 204, 212, 225, 267, 271, 289, 337, 341, 360, 371, 386, 399, 484, 496, 507, 551, 553, 555, 562, 566]","[103, 411, 159, 521, 130, 252, 332, 347, 281, 541, 100, 552, 497, 155, 111, 297, 262, 345, 524, 446, 283, 69, 109, 273, 287, 240, 542, 414, 355, 475]",600,30,0.7,,,,,2.0,0.005,,,5.821666666666667,0.48937864201472353,0.9966666666666667,0.13,6.333333333333333,0.0017756690290249729,0.003820598311712755,0.2631578947368421,0.042105263157894736,0.0035087719298245615,0.0,1.9102112676056338,4.0,0.0035087719298245615,0.3701754385964912,10.889473684210527,0.24522286413254302,0.5440939783553788,0.00574238435293202,3.5977011494252875,0.8288991070657208,0.0929824561403508,0.956140350877193,0.9583333333333334,1.045703792013228,29,True,2482.0
3,paper,paper_0,0,34,4206279609,1506263651,"[9, 12, 31, 47, 62, 97, 100, 154, 185, 197, 279, 286, 296, 329, 338, 340, 372, 374, 400, 404, 419, 433, 469, 480, 504, 517, 540, 583, 594, 595]","[215, 253, 407, 208, 367, 482, 574, 24, 483, 593, 590, 85, 401, 272, 26, 105, 599, 161, 452, 424, 516, 418, 163, 220, 34, 227, 331, 284, 566, 173]",600,30,0.7,,,,,2.0,0.005,,,5.821666666666667,0.48937864201472353,0.9966666666666667,0.13,5.1,0.001510454502909177,0.0035889866056953005,0.21578947368421053,0.021052631578947368,0.0035087719298245615,0.0,2.0140845070422535,4.0,0.0035087719298245615,0.2807017543859649,9.12280701754386,0.20219800392640677,0.6158788887861129,0.0034637520844417393,3.924137931034483,0.8335333393504865,0.075438596491228,0.1894736842105263,0.23,0.9964540420332924,30,False,1494.0
3,paper,paper_0,0,35,4206279609,3456042939,"[3, 23, 26, 52, 75, 88, 101, 131, 145, 167, 262, 282, 285, 289, 295, 303, 311, 318, 329, 380, 383, 402, 405, 407, 475, 478, 507, 532, 570, 592]","[15, 141, 290, 41, 68, 60, 421, 43, 493, 328, 2, 117, 441, 297, 463, 282, 162, 267, 272, 576, 234, 318, 338, 314, 179, 362, 287, 476, 423, 453]",600,30,0.7,,,,,2.0,0.005,,,5.821666666666667,0.48937864201472353,0.9966666666666667,0.13,5.666666666666667,0.0016319781638000671,0.004491650713705854,0.24561403508771928,0.03684210526315789,0.005263157894736842,0.0,1.9630281690140845,4.0,0.0035087719298245615,0.3280701754385965,9.464912280701755,0.22558516490262187,0.5706040144297475,0.006856833591148323,3.9379310344827587,0.8271504657796788,0.0947368421052631,0.6526315789473685,0.67,1.071077000000514,30,False,1928.0
3,paper,paper_0,0,36,4206279609,2459627837,"[29, 38, 41, 73, 85, 111, 112, 151, 169, 196, 209, 211, 240, 257, 286, 288, 309, 311, 321, 344, 369, 374, 375, 446, 454, 487, 505, 566, 586, 595]","[398, 540, 12, 533, 156, 247, 187, 511, 365, 200, 461, 517, 326, 75, 85, 61, 474, 162, 584, 137, 580, 161, 484, 98, 246, 346, 80, 475, 372, 173]",600,30,0.7,,,,,2.0,0.005,,,5.821666666666667,0.48937864201472353,0.9966666666666667,0.13,6.8,0.0018732901416186006,0.005833103342078045,0.2789473684210526,0.0456140350877193,0.005263157894736842,0.0,1.8873239436619718,4.0,0.0035087719298245615,0.41578947368421054,11.429824561403509,0.2542969612134882,0.521629204822249,0.005699792509069759,3.5448275862068965,0.817123845801841,0.0912280701754386,0.9666666666666668,0.9683333333333334,0.7219710840145126,23,True,2482.0
3,paper,paper_0,0,37,4206279609,1611524510,"[8, 59, 79, 96, 112, 125, 132, 147, 157, 179, 191, 208, 226, 254, 293, 294, 297, 304, 363, 372, 480, 497, 499, 504, 507, 523, 535, 588, 591, 592]","[204, 106, 336, 260, 187, 412, 99, 588, 527, 94, 541, 4, 382, 396, 444, 296, 183, 230, 496, 599, 220, 224, 58, 34, 287, 502, 97, 375, 425, 453]",600,30,0.7,,,,,2.0,0.005,,,5.821666666666667,0.48937864201472353,0.9966666666666667,0.13,5.233333333333333,0.0015036153427512517,0.0038029708223686013,0.23157894736842105,0.03684210526315789,0.0035087719298245615,0.0,1.9929701230228472,4.0,0.0017543859649122807,0.3140350877192982,9.592982456140351,0.21930528667695512,0.591372984306108,0.0058305337514262465,3.748768472906404,0.8105148174202202,0.0947368421052631,0.963157894736842,0.965,0.9194724160479382,30,False,2482.0
3,paper,paper_0,0,38,4206279609,3391311932,"[1, 3, 7, 12, 18, 31, 50, 86, 96, 127, 141, 146, 193, 194, 197, 253, 291, 292, 296, 335, 340, 369, 393, 394, 458, 483, 490, 497, 538, 589]","[103, 15, 561, 253, 415, 407, 159, 269, 260, 413, 115, 8, 55, 133, 593, 504, 9, 433, 401, 90, 105, 580, 126, 337, 592, 478, 295, 224, 298, 305]",600,30,0.7,,,,,2.0,0.005,,,5.821666666666667,0.48937864201472353,0.9966666666666667,0.13,5.233333333333333,0.0015264305407545625,0.00389353070264086,0.22807017543859648,0.03508771929824561,0.0035087719298245615,0.0,2.0,4.0,0.0035087719298245615,0.2824561403508772,9.37017543859649,0.21572184252321872,0.5967872228902661,0.006362625241935586,3.871264367816092,0.7642275953983261,0.0807017543859649,0.9666666666666668,0.9683333333333334,0.9005320420255885,30,False,2484.0
3,paper,paper_0,0,39,4206279609,3539787935,"[5, 70, 153, 170, 185, 202, 226, 237, 245, 246, 251, 309, 339, 350, 376, 380, 393, 418, 437, 464, 499, 501, 508, 509, 521, 561, 570, 582, 587, 590]","[238, 135, 310, 124, 483, 125, 382, 71, 351, 419, 450, 474, 172, 210, 67, 576, 126, 164, 176, 500, 58, 471, 181, 32, 379, 122, 423, 288, 330, 443]",600,30,0.7,,,,,2.0,0.005,,,5.821666666666667,0.48937864201472353,0.9966666666666667,0.13,6.066666666666666,0.0017011540733836291,0.004804131636487601,0.25263157894736843,0.03859649122807018,0.005263157894736842,0.0,1.9348591549295775,5.0,0.0035087719298245615,0.3368421052631579,10.58421052631579,0.23656296664988946,0.5596583726451454,0.006331531277084816,3.682758620689655,0.8487261922105831,0.1035087719298245,0.9736842105263158,0.975,0.9037809170549737,30,False,2484.0
3,paper,paper_0,0,40,4206279609,3128111587,"[37, 44, 53, 58, 60, 98, 102, 123, 155, 171, 205, 208, 218, 239, 247, 287, 334, 337, 360, 371, 402, 406, 440, 447, 464, 510, 520, 530, 574, 588]","[380, 1, 165, 84, 225, 317, 223, 596, 316, 182, 315, 4, 598, 550, 186, 83, 488, 262, 524, 446, 318, 434, 10, 307, 500, 294, 50, 344, 388, 375]",600,30,0.7,,,,,2.0,0.005,,,5.821666666666667,0.48937864201472353,0.9966666666666667,0.13,5.866666666666666,0.0016687349828429206,0.005164562033601613,0.24385964912280703,0.04035087719298246,0.0035087719298245615,0.0,1.9612676056338028,4.0,0.0035087719298245615,0.34385964912280703,10.203508771929824,0.22925101834393502,0.5728363086979311,0.005377078784786696,3.7770114942528736,0.8423433186397756,0.0842105263157894,0.3859649122807017,0.4166666666666667,0.9517976250499488,30,False,1670.0
3,paper,paper_0,0,41,4206279609,2653249525,"[2, 94, 124, 156, 157, 170, 179, 191, 195, 203, 236, 245, 287, 311, 368, 381, 382, 411, 421, 426, 427, 451, 521, 523, 525, 543, 552, 556, 567, 576]","[146, 199, 66, 594, 527, 124, 94, 541, 76, 170, 5, 351, 83, 162, 248, 490, 160, 302, 384, 36, 312, 153, 379, 502, 251, 456, 82, 513, 102, 47]",600,30,0.7,,,,,2.0,0.005,,,5.821666666666667,0.48937864201472353,0.9966666666666667,0.13,5.9,0.0016642314764371985,0.005184774076049089,0.25087719298245614,0.04035087719298246,0.005263157894736842,0.0,1.9242957746478873,4.0,0.0035087719298245615,0.3280701754385965,10.529824561403508,0.2343402227283035,0.562334659143465,0.007143188630324319,3.682758620689655,0.74476685364954,0.0789473684210526,0.2684210526315789,0.305,0.9335079170996324,30,False,1576.0
3,paper,paper_0,0,42,4206279609,1417367384,"[7, 12, 44, 60, 107, 148, 158, 167, 170, 184, 200, 203, 266, 293, 305, 310, 368, 370, 378, 384, 396, 401, 410, 452, 473, 503, 548, 552, 588, 592]","[561, 253, 1, 225, 252, 332, 373, 328, 124, 202, 149, 170, 27, 444, 276, 193, 248, 391, 212, 473, 485, 389, 256, 226, 25, 537, 65, 82, 375, 453]",600,30,0.7,,,,,2.0,0.005,,,5.821666666666667,0.48937864201472353,0.9966666666666667,0.13,6.0,0.0017027774816686819,0.004625150991625818,0.2578947368421053,0.02982456140350877,0.0035087719298245615,0.0,1.9295774647887325,4.0,0.0035087719298245615,0.3543859649122807,10.340350877192982,0.23661985621858272,0.5520118397928037,0.0036087325641078177,3.696551724137931,0.7390321459109401,0.0859649122807017,0.8298245614035088,0.8383333333333334,0.9435115000233054,30,False,2300.0
3,paper,paper_0,0,43,4206279609,4018355850,"[9, 47, 81, 89, 93, 101, 140, 187, 197, 201, 215, 227, 240, 266, 275, 328, 333, 334, 357, 374, 443, 455, 473, 496, 497, 502, 509, 516, 568, 586]","[215, 208, 521, 582, 468, 421, 123, 464, 593, 18, 467, 214, 326, 27, 92, 595, 549, 488, 514, 161, 70, 266, 25, 273, 224, 386, 32, 548, 299, 372]",600,30,0.7,,,,,2.0,0.005,,,5.821666666666667,0.48937864201472353,0.9966666666666667,0.13,5.833333333333333,0.0016639860766836105,0.004312898807735556,0.24561403508771928,0.03508771929824561,0.005263157894736842,0.0,1.9507042253521127,4.0,0.0035087719298245615,0.3192982456140351,10.159649122807018,0.22846128607692345,0.5703141861684087,0.00512492367088289,3.7724137931034485,0.8162495251588201,0.075438596491228,0.2982456140350877,0.3333333333333333,0.9386612080270424,30,False,1594.0
3,paper,paper_0,0,44,4206279609,425136369,"[40, 57, 86, 112, 125, 142, 143, 151, 183, 202, 249, 338, 351, 358, 361, 365, 366, 386, 401, 422, 429, 442, 464, 472, 485, 499, 513, 554, 562, 597]","[292, 13, 269, 187, 412, 216, 466, 511, 175, 125, 168, 26, 465, 35, 428, 538, 487, 283, 389, 422, 147, 239, 500, 586, 86, 58, 95, 134, 355, 286]",600,30,0.7,,,,,2.0,0.005,,,5.821666666666667,0.48937864201472353,0.9966666666666667,0.13,5.566666666666666,0.001595244276540896,0.004189427873998243,0.24561403508771928,0.03508771929824561,0.0017543859649122807,0.0,1.9612676056338028,4.0,0.0035087719298245615,0.3175438596491228,9.56842105263158,0.22671534452280587,0.5703881848734313,0.004784419148142859,3.8804597701149426,0.9098399236964977,0.0912280701754386,0.9719298245614036,0.9733333333333334,0.9375644579995424,30,False,2480.0
3,paper,paper_0,0,45,4206279609,1561694344,"[10, 26, 73, 85, 123, 150, 210, 212, 222, 267, 273, 294, 304, 310, 320, 343, 354, 358, 420, 423, 474, 475, 480, 481, 493, 527, 529, 534, 567, 593]","[403, 290, 533, 156, 596, 589, 539, 552, 3, 155, 567, 296, 230, 193, 39, 250, 118, 35, 445, 177, 197, 179, 220, 244, 89, 363, 360, 489, 102, 235]",600,30,0.7,,,,,2.0,0.005,,,5.821666666666667,0.48937864201472353,0.9966666666666667,0.13,5.0,0.0014560370061383718,0.0036574379193685252,0.22280701754385965,0.02456140350877193,0.0035087719298245615,0.0,2.017605633802817,4.0,0.0035087719298245615,0.29473684210526313,9.005263157894737,0.20610734254813468,0.6052415749391052,0.004750518619686976,3.9517241379310346,0.7832043832507161,0.0701754385964912,0.9491228070175438,0.9516666666666668,0.9271120829507709,30,False,2476.0
3,paper,paper_0,0,46,4206279609,1507984472,"[31, 32, 102, 112, 129, 141, 183, 187, 220, 224, 226, 238, 251, 267, 275, 324, 338, 373, 374, 388, 407, 431, 433, 443, 447, 460, 472, 486, 555, 585]","[407, 77, 223, 187, 217, 115, 175, 464, 289, 585, 382, 46, 450, 155, 92, 275, 26, 188, 161, 431, 314, 184, 418, 70, 307, 509, 586, 107, 414, 479]",600,30,0.7,,,,,2.0,0.005,,,5.821666666666667,0.48937864201472353,0.9966666666666667,0.13,5.933333333333334,0.0017278498822525699,0.004390413561640904,0.2631578947368421,0.03333333333333333,0.0017543859649122807,0.0,1.9102112676056338,4.0,0.0035087719298245615,0.32280701754385965,9.475438596491228,0.24001447619315522,0.5443961397342213,0.0039624679279851695,3.9126436781609195,0.8489523470213964,0.1070175438596491,0.9596491228070176,0.9616666666666668,0.8048333330079913,26,True,2482.0
3,paper,paper_0,0,47,4206279609,1451794171,"[10, 14, 22, 25, 55, 58, 68, 98, 117, 124, 162, 185, 194, 202, 205, 213, 217, 241, 244, 273, 309, 316, 356, 380, 430, 443, 484, 506, 530, 588]","[403, 581, 364, 28, 335, 84, 128, 317, 532, 66, 503, 483, 133, 125, 315, 553, 243, 556, 562, 567, 474, 229, 427, 576, 261, 70, 109, 22, 344, 375]",600,30,0.7,,,,,2.0,0.005,,,5.821666666666667,0.48937864201472353,0.9966666666666667,0.13,6.2,0.001723858273211872,0.004821421993311184,0.2543859649122807,0.04035087719298246,0.005263157894736842,0.0,1.9401408450704225,4.0,0.0035087719298245615,0.387719298245614,10.822807017543859,0.23659921322898822,0.5571855825856381,0.00561238189667783,3.6482758620689655,0.8587528121884209,0.0789473684210526,0.843859649122807,0.8516666666666667,0.9489498330513016,30,False,2266.0
3,paper,paper_0,0,48,4206279609,1489506456,"[14, 41, 48, 52, 65, 131, 136, 167, 243, 277, 285, 290, 294, 317, 333, 361, 381, 387, 436, 464, 491, 500, 504, 539, 543, 550, 553, 572, 578, 592]","[581, 12, 11, 41, 150, 43, 357, 328, 232, 359, 441, 17, 296, 439, 549, 428, 490, 358, 73, 500, 136, 491, 34, 87, 456, 154, 542, 265, 575, 453]",600,30,0.7,,,,,2.0,0.005,,,5.821666666666667,0.48937864201472353,0.9966666666666667,0.13,6.666666666666667,0.0018588529753046097,0.0057095688213563795,0.28771929824561404,0.03333333333333333,0.005263157894736842,0.0,1.841549295774648,4.0,0.0035087719298245615,0.3824561403508772,10.95438596491228,0.25631500387779493,0.5093700860234945,0.0043628730265674945,3.6091954022988504,0.8564356960460381,0.1052631578947368,0.9666666666666668,0.9683333333333334,0.6917037919629365,23,True,2484.0
3,paper,paper_0,0,49,4206279609,70562657,"[1, 4, 38, 45, 58, 68, 77, 92, 103, 119, 215, 284, 289, 299, 303, 306, 324, 349, 382, 388, 400, 415, 434, 455, 460, 551, 555, 556, 584, 593]","[103, 320, 540, 79, 84, 128, 350, 486, 458, 174, 467, 508, 297, 14, 282, 151, 275, 152, 160, 431, 452, 241, 127, 266, 509, 240, 414, 513, 74, 235]",600,30,0.7,,,,,2.0,0.005,,,5.821666666666667,0.48937864201472353,0.9966666666666667,0.13,6.0,0.0017200663675444156,0.0039021965618277117,0.2614035087719298,0.03508771929824561,0.0017543859649122807,0.0,1.9383802816901408,4.0,0.0035087719298245615,0.312280701754386,9.66140350877193,0.2399739099915351,0.5468874294699843,0.004497545876856222,3.845977011494253,0.8271504657796789,0.0929824561403508,0.9596491228070176,0.9616666666666668,0.9227985839825124,30,False,2474.0
3,paper,paper_1,1,0,2901245609,2410818727,"[5, 7, 36, 37, 38, 39, 50, 67, 83, 92, 113, 123, 141, 159, 173, 198, 205, 217, 314, 339, 359, 369, 449, 454, 468, 494, 511, 544, 546, 592]","[194, 471, 396, 485, 195, 583, 222, 340, 0, 281, 375, 41, 204, 137, 361, 197, 597, 550, 547, 294, 231, 373, 145, 128, 70, 278, 297, 323, 214, 308]",600,30,0.7,,,,,2.0,0.005,,,5.943333333333333,0.4788599707905822,0.9966666666666667,0.08,6.733333333333333,0.0018283247101361704,0.006254965211558471,0.2964912280701754,0.043859649122807015,0.007017543859649123,0.0,1.8538732394366197,4.0,0.0035087719298245615,0.41754385964912283,11.77719298245614,0.26858038858736943,0.49662380908334103,0.005145401040564913,3.650574712643678,0.8339326714003868,0.087719298245614,0.9842105263157894,0.985,0.9194900000002236,30,False,2514.0
3,paper,paper_1,1,1,2901245609,1225598118,"[12, 20, 42, 51, 61, 92, 110, 122, 145, 147, 208, 247, 296, 307, 349, 389, 404, 425, 444, 447, 464, 466, 470, 471, 487, 504, 506, 507, 557, 572]","[384, 525, 169, 381, 221, 281, 318, 103, 229, 423, 311, 400, 401, 462, 376, 460, 395, 341, 486, 122, 273, 116, 521, 499, 353, 77, 530, 296, 234, 160]",600,30,0.7,,,,,2.0,0.005,,,5.943333333333333,0.4788599707905822,0.9966666666666667,0.08,6.033333333333333,0.0016734929357387896,0.004904292847878586,0.2543859649122807,0.042105263157894736,0.010526315789473684,0.0,1.9383802816901408,4.0,0.0035087719298245615,0.3526315789473684,10.719298245614034,0.236568126510792,0.5572225819381494,0.008676545639020284,3.6482758620689655,0.7420541225690463,0.0894736842105263,0.6771929824561403,0.6933333333333334,0.9262316250242292,30,False,1990.0
3,paper,paper_1,1,2,2901245609,3235622411,"[23, 26, 34, 37, 56, 57, 64, 65, 72, 82, 112, 122, 139, 169, 182, 276, 282, 325, 342, 352, 360, 387, 432, 433, 463, 465, 517, 548, 555, 556]","[3, 165, 16, 485, 151, 325, 34, 175, 180, 133, 15, 103, 434, 556, 552, 567, 511, 488, 31, 491, 227, 399, 144, 576, 19, 494, 7, 21, 56, 45]",600,30,0.7,,,,,2.0,0.005,,,5.943333333333333,0.4788599707905822,0.9966666666666667,0.08,6.0,0.001679315662604928,0.00636978271351782,0.25087719298245614,0.03684210526315789,0.007017543859649123,0.0,1.943661971830986,4.0,0.0035087719298245615,0.36666666666666664,10.96140350877193,0.2325895209743166,0.5624764899947584,0.007597523804420357,3.636781609195402,0.9015802626448445,0.0894736842105263,0.9859649122807016,0.9866666666666668,0.8923015419859439,30,False,2514.0
3,paper,paper_1,1,3,2901245609,2736969852,"[13, 41, 68, 69, 105, 112, 147, 165, 231, 257, 272, 289, 296, 322, 337, 339, 373, 381, 409, 415, 445, 454, 469, 488, 494, 515, 518, 538, 569, 587]","[561, 287, 129, 386, 74, 15, 423, 559, 114, 39, 505, 132, 401, 102, 326, 294, 378, 587, 403, 134, 98, 128, 589, 220, 278, 324, 474, 465, 23, 217]",600,30,0.7,,,,,2.0,0.005,,,5.943333333333333,0.4788599707905822,0.9966666666666667,0.08,6.266666666666667,0.0017226609732428411,0.004176444139751749,0.2719298245614035,0.031578947368421054,0.0017543859649122807,0.0,1.8591549295774648,4.0,0.0035087719298245615,0.3736842105263158,11.387719298245614,0.24660233424614844,0.531693028705331,0.005024436561926332,3.6229885057471263,0.7988004994878612,0.0894736842105263,0.9842105263157894,0.985,0.8984784999629483,30,False,2514.0
3,paper,paper_1,1,4,2901245609,3985979052,"[0, 64, 77, 106, 143, 146, 162, 182, 213, 266, 281, 318, 358, 374, 389, 390, 404, 461, 467, 504, 513, 519, 530, 533, 551, 566, 574, 584, 585, 592]","[451, 34, 461, 548, 418, 430, 270, 552, 218, 104, 302, 492, 416, 299, 460, 52, 395, 184, 362, 77, 94, 356, 489, 206, 364, 123, 306, 79, 295, 308]",600,30,0.7,,,,,2.0,0.005,,,5.943333333333333,0.4788599707905822,0.9966666666666667,0.08,6.133333333333334,0.0016859231384442465,0.005493000385272067,0.2631578947368421,0.0456140350877193,0.007017543859649123,0.0,1.9190140845070423,4.0,0.0035087719298245615,0.3526315789473684,10.93859649122807,0.24546097738700456,0.5441618105016496,0.006373541892117743,3.6160919540229886,0.7240382456072251,0.087719298245614,0.9789473684210528,0.98,0.7075303749879822,23,True,2512.0
3,paper,paper_1,1,5,2901245609,3662053666,"[18, 23, 50, 68, 89, 140, 148, 149, 150, 178, 211, 212, 217, 219, 236, 293, 305, 373, 388, 404, 416, 417, 423, 450, 451, 465, 480, 490, 520, 587]","[555, 3, 222, 129, 590, 512, 261, 483, 298, 310, 83, 44, 550, 350, 89, 368, 90, 378, 566, 395, 388, 50, 522, 562, 140, 494, 366, 262, 329, 217]",600,30,0.7,,,,,2.0,0.005,,,5.943333333333333,0.4788599707905822,0.9966666666666667,0.08,6.333333333333333,0.0017592223181073447,0.004812886922637412,0.2719298245614035,0.042105263157894736,0.005263157894736842,0.0,1.908450704225352,4.0,0.0035087719298245615,0.37543859649122807,10.778947368421052,0.2492199228616903,0.5316128634415564,0.00566794644647746,3.659770114942529,0.8056004796673581,0.087719298245614,0.9824561403508772,0.9833333333333332,0.9116963329724967,30,False,2514.0
3,paper,paper_1,1,6,2901245609,1318530729,"[8, 13, 67, 96, 143, 148, 185, 235, 237, 242, 252, 294, 299, 317, 321, 322, 334, 341, 364, 369, 391, 405, 419, 438, 465, 523, 533, 555, 578, 596]","[383, 561, 340, 438, 418, 261, 336, 155, 110, 208, 1, 535, 209, 520, 469, 102, 543, 524, 168, 373, 398, 444, 455, 344, 494, 414, 206, 56, 497, 467]",600,30,0.7,,,,,2.0,0.005,,,5.943333333333333,0.4788599707905822,0.9966666666666667,0.08,6.133333333333334,0.0017143287813379514,0.004750920469856169,0.2578947368421053,0.043859649122807015,0.0035087719298245615,0.0,1.89103690685413,3.0,0.0017543859649122807,0.35789473684210527,11.035087719298245,0.2385789087230826,0.5520611722628187,0.006320939359799186,3.5492610837438425,0.826233109209773,0.1,0.980701754385965,0.9816666666666668,0.8929339169990271,30,False,2514.0
3,paper,paper_1,1,7,2901245609,13288504,"[5, 28, 79, 81, 92, 129, 133, 180, 183, 198, 207, 210, 255, 293, 300, 327, 328, 374, 433, 459, 465, 494, 529, 539, 556, 559, 560, 567, 573, 587]","[194, 254, 143, 426, 281, 95, 437, 241, 49, 197, 242, 250, 380, 368, 28, 345, 54, 299, 576, 290, 494, 278, 251, 71, 45, 162, 598, 480, 199, 217]",600,30,0.7,,,,,2.0,0.005,,,5.943333333333333,0.4788599707905822,0.9966666666666667,0.08,6.266666666666667,0.0017300716513954813,0.005247948367204493,0.2578947368421053,0.0456140350877193,0.005263157894736842,0.0,1.8996478873239437,4.0,0.0035087719298245615,0.387719298245614,11.0,0.24116907648483565,0.5519501742052847,0.006401564354217285,3.627586206896552,0.8267557632235562,0.0894736842105263,0.9859649122807016,0.9866666666666668,0.9049142500152813,30,False,2514.0
3,paper,paper_1,1,8,2901245609,2459609026,"[10, 41, 47, 94, 136, 153, 213, 224, 319, 327, 334, 374, 376, 380, 392, 413, 416, 450, 477, 480, 531, 544, 560, 561, 564, 568, 580, 581, 589, 597]","[9, 287, 111, 150, 563, 213, 218, 420, 249, 345, 543, 299, 130, 500, 282, 408, 388, 562, 429, 366, 189, 323, 598, 315, 579, 342, 30, 363, 25, 519]",600,30,0.7,,,,,2.0,0.005,,,5.943333333333333,0.4788599707905822,0.9966666666666667,0.08,6.2,0.0017154525114653574,0.005055508043658742,0.24912280701754386,0.04736842105263158,0.0035087719298245615,0.0,1.9401408450704225,3.0,0.0035087719298245615,0.39649122807017545,11.573684210526316,0.2350960860326064,0.5649924459655289,0.007632176252865908,3.503448275862069,0.7274923346582834,0.0842105263157894,0.987719298245614,0.9883333333333332,0.9195723748998716,30,False,2514.0
3,paper,paper_1,1,9,2901245609,1712279012,"[5, 17, 34, 43, 73, 109, 113, 120, 152, 170, 190, 193, 194, 196, 234, 244, 261, 276, 303, 330, 345, 380, 397, 462, 470, 471, 547, 548, 584, 591]","[194, 431, 16, 335, 391, 179, 375, 149, 203, 413, 404, 157, 300, 392, 514, 192, 532, 567, 106, 46, 264, 500, 574, 255, 521, 499, 178, 21, 79, 377]",600,30,0.7,,,,,2.0,0.005,,,5.943333333333333,0.4788599707905822,0.9966666666666667,0.08,4.9,0.0014204010040941757,0.0028934288311516423,0.21754385964912282,0.01929824561403509,0.0035087719298245615,0.0,2.028169014084507,4.0,0.0035087719298245615,0.2929824561403509,9.435087719298245,0.2010680269223414,0.6133136003453273,0.004177240384136936,3.914942528735632,0.8554648829539188,0.0807017543859649,0.3578947368421052,0.39,0.9206818339880556,30,False,1672.0
3,paper,paper_1,1,10,2901245609,1623015180,"[24, 60, 71, 92, 94, 110, 168, 193, 215, 216, 227, 242, 269, 272, 353, 377, 421, 426, 444, 445, 450, 480, 481, 505, 546, 578, 582, 583, 598, 599]","[529, 228, 6, 281, 150, 318, 337, 157, 267, 185, 415, 208, 316, 505, 312, 338, 476, 236, 486, 98, 562, 366, 107, 65, 214, 497, 390, 482, 84, 161]",600,30,0.7,,,,,2.0,0.005,,,5.943333333333333,0.4788599707905822,0.9966666666666667,0.08,6.266666666666667,0.0017336751844884669,0.004916733853580924,0.2578947368421053,0.04912280701754386,0.005263157894736842,0.0,1.926056338028169,4.0,0.0035087719298245615,0.4,11.70701754385965,0.2445727111288875,0.5517466777664725,0.00818094928135496,3.52183908045977,0.858748528541705,0.0894736842105263,0.980701754385965,0.9816666666666668,0.9037299579940736,30,False,2514.0
3,paper,paper_1,1,11,2901245609,2097238359,"[11, 28, 44, 61, 110, 116, 125, 131, 160, 193, 220, 242, 249, 257, 283, 293, 320, 327, 343, 364, 366, 445, 450, 494, 500, 502, 560, 576, 597, 598]","[592, 254, 36, 221, 318, 382, 354, 585, 113, 157, 171, 208, 226, 39, 575, 368, 419, 345, 198, 168, 181, 98, 562, 278, 472, 59, 598, 447, 519, 84]",600,30,0.7,,,,,2.0,0.005,,,5.943333333333333,0.4788599707905822,0.9966666666666667,0.08,5.7,0.0016016487935877983,0.003984777567820884,0.24561403508771928,0.03684210526315789,0.0,0.0,1.9384885764499122,4.0,0.0017543859649122807,0.3543859649122807,10.822807017543859,0.23080133893282906,0.5700736903770851,0.004222231453468776,3.6625615763546797,0.8295167547975593,0.0684210526315789,0.2280701754385964,0.2666666666666666,0.9562790830386804,30,False,1564.0
3,paper,paper_1,1,12,2901245609,188080721,"[21, 22, 41, 70, 75, 90, 123, 138, 168, 176, 217, 232, 254, 259, 273, 280, 303, 325, 336, 337, 346, 350, 385, 394, 427, 433, 463, 464, 487, 590]","[570, 577, 287, 307, 156, 352, 41, 359, 337, 147, 550, 38, 495, 182, 544, 554, 106, 488, 131, 326, 456, 557, 207, 233, 238, 576, 19, 273, 353, 558]",600,30,0.7,,,,,2.0,0.005,,,5.943333333333333,0.4788599707905822,0.9966666666666667,0.08,5.666666666666667,0.001616408997004922,0.003810728461246054,0.24912280701754386,0.043859649122807015,0.0035087719298245615,0.0,1.9348591549295775,4.0,0.0035087719298245615,0.3,9.814035087719299,0.22892531081743372,0.5653871057256498,0.006663594275156142,3.8850574712643677,0.8159167944385655,0.087719298245614,0.3070175438596491,0.3416666666666667,0.9602278750389814,30,False,1594.0
3,paper,paper_1,1,13,2901245609,895875375,"[25, 63, 93, 94, 185, 195, 198, 219, 255, 265, 266, 268, 271, 272, 279, 286, 343, 356, 362, 404, 439, 455, 475, 484, 493, 532, 543, 546, 547, 564]","[235, 285, 560, 150, 336, 293, 197, 350, 380, 478, 104, 516, 513, 505, 289, 581, 198, 269, 427, 395, 166, 334, 186, 256, 177, 32, 565, 214, 178, 579]",600,30,0.7,,,,,2.0,0.005,,,5.943333333333333,0.4788599707905822,0.9966666666666667,0.08,5.9,0.001663054702287723,0.004799903159327864,0.2543859649122807,0.03684210526315789,0.0017543859649122807,0.0,1.9278169014084507,4.0,0.0035087719298245615,0.3263157894736842,10.19122807017544,0.23517168869856034,0.5572225819381494,0.004870069829501878,3.767816091954023,0.8150172124274486,0.0859649122807017,0.9824561403508772,0.9833333333333332,0.9011395840207116,30,False,2514.0
3,paper,paper_1,1,14,2901245609,3266701956,"[2, 17, 45, 49, 67, 86, 132, 142, 143, 153, 215, 269, 270, 271, 320, 321, 334, 363, 375, 380, 383, 400, 407, 432, 510, 540, 558, 584, 592, 594]","[205, 431, 540, 216, 340, 120, 542, 541, 418, 213, 267, 316, 424, 513, 419, 469, 543, 115, 64, 500, 280, 446, 193, 144, 349, 167, 244, 79, 308, 127]",600,30,0.7,,,,,2.0,0.005,,,5.943333333333333,0.4788599707905822,0.9966666666666667,0.08,5.633333333333334,0.0015991467429942563,0.004227889944788424,0.25263157894736843,0.02456140350877193,0.0017543859649122807,0.0,1.9103690685413006,3.0,0.0017543859649122807,0.3,9.536842105263158,0.2277676697071159,0.5601085314340333,0.0031980852024622707,3.8916256157635467,0.825333527198656,0.0631578947368421,0.9228070175438596,0.9266666666666666,0.9251695410348476,30,False,2414.0
3,paper,paper_1,1,15,2901245609,530700118,"[86, 90, 121, 129, 162, 170, 206, 229, 279, 283, 288, 302, 304, 311, 325, 326, 344, 357, 360, 365, 378, 383, 429, 465, 488, 489, 546, 556, 563, 579]","[120, 352, 125, 95, 270, 413, 320, 246, 289, 575, 87, 257, 163, 67, 488, 332, 436, 239, 227, 452, 191, 280, 76, 494, 220, 367, 214, 45, 448, 503]",600,30,0.7,,,,,2.0,0.005,,,5.943333333333333,0.4788599707905822,0.9966666666666667,0.08,5.166666666666667,0.001468301417244934,0.00347574812162448,0.21228070175438596,0.03859649122807018,0.007017543859649123,0.0,2.017605633802817,4.0,0.0035087719298245615,0.2964912280701754,9.933333333333334,0.20415206432384078,0.621237628341504,0.006834755283031145,3.820689655172414,0.8002849810534134,0.0842105263157894,0.9842105263157894,0.985,0.7399417919805273,24,True,2510.0
3,paper,paper_1,1,16,2901245609,3980711681,"[38, 71, 73, 116, 128, 134, 136, 184, 202, 209, 217, 240, 241, 264, 283, 429, 433, 443, 446, 447, 461, 466, 467, 468, 480, 482, 525, 531, 581, 583]","[195, 6, 391, 382, 504, 301, 563, 464, 545, 433, 550, 42, 263, 275, 575, 76, 576, 328, 12, 122, 184, 116, 362, 70, 366, 126, 75, 189, 363, 482]",600,30,0.7,,,,,2.0,0.005,,,5.943333333333333,0.4788599707905822,0.9966666666666667,0.08,4.966666666666667,0.001447305802175447,0.0028215424960371703,0.22456140350877193,0.02456140350877193,0.005263157894736842,0.0,1.9753521126760563,4.0,0.0035087719298245615,0.2912280701754386,9.250877192982456,0.2079382485979182,0.6024357907069959,0.0052044507216921,4.002298850574713,0.7641089881363613,0.0824561403508772,0.3912280701754386,0.4216666666666667,0.9345990840811282,30,False,1704.0
3,paper,paper_1,1,17,2901245609,1568974895,"[4, 30, 59, 64, 82, 99, 166, 180, 181, 192, 233, 252, 271, 342, 362, 377, 401, 411, 424, 462, 487, 504, 512, 525, 564, 565, 568, 582, 592, 596]","[188, 411, 108, 34, 133, 454, 588, 241, 63, 549, 406, 1, 513, 31, 427, 338, 101, 14, 164, 255, 353, 77, 230, 75, 579, 599, 342, 390, 308, 467]",600,30,0.7,,,,,2.0,0.005,,,5.943333333333333,0.4788599707905822,0.9966666666666667,0.08,5.0,0.0014738385495421465,0.0034181304037317613,0.22105263157894736,0.021052631578947368,0.0,0.0,1.9929577464788732,4.0,0.0035087719298245615,0.24912280701754386,8.756140350877192,0.2063385724233323,0.6077205315573644,0.003102478619719999,3.967816091954023,0.8374490059920975,0.0701754385964912,0.1,0.145,0.943873459007591,30,False,1436.0
3,paper,paper_1,1,18,2901245609,1044763717,"[18, 29, 43, 88, 99, 105, 144, 168, 183, 191, 226, 228, 277, 281, 283, 289, 298, 301, 302, 303, 307, 354, 380, 397, 452, 475, 514, 540, 559, 572]","[555, 372, 335, 85, 454, 74, 187, 337, 49, 152, 421, 453, 365, 302, 575, 132, 138, 417, 257, 106, 462, 358, 500, 574, 321, 186, 26, 167, 162, 160]",600,30,0.7,,,,,2.0,0.005,,,5.943333333333333,0.4788599707905822,0.9966666666666667,0.08,6.5,0.0017790167074208543,0.005720710484760998,0.24736842105263157,0.05964912280701754,0.005263157894736842,0.0,1.9278169014084507,4.0,0.0035087719298245615,0.38596491228070173,11.329824561403509,0.23624661111261863,0.5674529029075325,0.007191329801359925,3.6206896551724137,0.7996180880462209,0.1017543859649122,0.9842105263157894,0.985,0.9033375000581144,30,False,2514.0
3,paper,paper_1,1,19,2901245609,2553474484,"[77, 85, 166, 196, 212, 227, 235, 237, 241, 251, 256, 268, 297, 298, 308, 357, 363, 369, 393, 411, 429, 435, 444, 455, 457, 462, 466, 488, 505, 519]","[461, 596, 588, 392, 44, 415, 155, 110, 263, 288, 176, 516, 57, 138, 333, 239, 115, 373, 425, 14, 76, 422, 486, 334, 582, 255, 116, 220, 65, 356]",600,30,0.7,,,,,2.0,0.005,,,5.943333333333333,0.4788599707905822,0.9966666666666667,0.08,5.7,0.0016109100688397747,0.0030803430104020283,0.24385964912280703,0.03508771929824561,0.0035087719298245615,0.0,1.9647887323943662,4.0,0.0035087719298245615,0.2964912280701754,10.008771929824562,0.2290885417485804,0.5727746431104123,0.0049951654160579105,3.717241379310345,0.8440162971676699,0.0824561403508772,0.4122807017543859,0.4416666666666666,0.934432499925606,30,False,1726.0
3,paper,paper_1,1,20,2901245609,3235237721,"[2, 15, 22, 46, 69, 71, 79, 107, 113, 114, 140, 161, 178, 182, 206, 229, 235, 242, 267, 302, 304, 315, 335, 375, 400, 440, 449, 527, 556, 596]","[205, 314, 577, 243, 386, 6, 143, 481, 375, 292, 512, 202, 310, 552, 320, 246, 155, 208, 304, 257, 163, 593, 78, 64, 446, 537, 145, 407, 45, 467]",600,30,0.7,,,,,2.0,0.005,,,5.943333333333333,0.4788599707905822,0.9966666666666667,0.08,5.733333333333333,0.0016077186889669616,0.0032856982534369425,0.24210526315789474,0.03333333333333333,0.0035087719298245615,0.0,1.9472759226713532,4.0,0.0017543859649122807,0.3280701754385965,10.549122807017543,0.2257590898508702,0.5754632627262356,0.005405354543285577,3.6157635467980294,0.829516754797559,0.0929824561403508,0.9789473684210528,0.98,0.6803738750750199,21,True,2510.0
3,paper,paper_1,1,21,2901245609,584722500,"[2, 59, 63, 111, 123, 146, 147, 168, 214, 221, 246, 280, 303, 306, 319, 387, 417, 421, 437, 447, 489, 496, 529, 538, 543, 553, 571, 575, 579, 582]","[205, 108, 285, 442, 41, 430, 423, 337, 43, 196, 331, 554, 106, 568, 249, 399, 50, 476, 215, 122, 367, 66, 251, 465, 565, 346, 237, 72, 503, 390]",600,30,0.7,,,,,2.0,0.005,,,5.943333333333333,0.4788599707905822,0.9966666666666667,0.08,5.5,0.0015565351789585283,0.0037392549810035263,0.24912280701754386,0.028070175438596492,0.0017543859649122807,0.0,1.9278169014084507,4.0,0.0035087719298245615,0.3175438596491228,10.27017543859649,0.22852032820696283,0.565097277464311,0.0038339565925772823,3.774712643678161,0.777708948495355,0.0894736842105263,0.7368421052631579,0.75,0.946515207993798,30,False,2060.0
3,paper,paper_1,1,22,2901245609,1260998500,"[24, 31, 34, 67, 85, 176, 200, 205, 214, 221, 228, 246, 252, 308, 313, 317, 331, 401, 412, 414, 425, 426, 434, 450, 453, 496, 544, 550, 560, 595]","[529, 148, 16, 340, 596, 147, 449, 597, 43, 196, 453, 331, 1, 333, 518, 520, 322, 101, 100, 139, 341, 236, 330, 562, 259, 66, 323, 284, 598, 370]",600,30,0.7,,,,,2.0,0.005,,,5.943333333333333,0.4788599707905822,0.9966666666666667,0.08,6.733333333333333,0.0018405677138316173,0.005885099823109792,0.2929824561403509,0.042105263157894736,0.008771929824561403,0.0,1.818661971830986,4.0,0.0035087719298245615,0.43333333333333335,11.440350877192982,0.26371769238472786,0.5017667190824161,0.00499680618459155,3.6160919540229886,0.8078403042506177,0.0929824561403508,0.9771929824561404,0.9783333333333334,0.9432561669964344,30,False,2510.0
3,paper,paper_1,1,23,2901245609,3136854121,"[1, 5, 21, 56, 72, 141, 159, 180, 196, 199, 252, 264, 322, 334, 336, 350, 351, 356, 388, 416, 417, 437, 456, 479, 480, 491, 552, 560, 570, 576]","[405, 194, 570, 151, 180, 204, 137, 241, 392, 225, 1, 275, 102, 543, 131, 557, 443, 269, 566, 388, 50, 215, 183, 268, 366, 212, 8, 598, 109, 447]",600,30,0.7,,,,,2.0,0.005,,,5.943333333333333,0.4788599707905822,0.9966666666666667,0.08,6.1,0.0017063737852009567,0.006761682349892278,0.26842105263157895,0.02982456140350877,0.007017543859649123,0.0,1.9119718309859155,4.0,0.0035087719298245615,0.3824561403508772,10.217543859649123,0.23570872585788588,0.5379644189560016,0.005473998906665749,3.793103448275862,0.7730850603354261,0.0684210526315789,0.5263157894736842,0.55,0.9405394999776036,30,False,1840.0
3,paper,paper_1,1,24,2901245609,2766056285,"[37, 47, 63, 70, 76, 95, 152, 159, 205, 209, 283, 285, 287, 307, 338, 339, 343, 360, 367, 429, 432, 460, 464, 476, 477, 500, 503, 526, 547, 589]","[485, 111, 285, 307, 509, 112, 203, 137, 597, 433, 575, 580, 11, 462, 170, 294, 198, 227, 4, 76, 144, 201, 273, 313, 429, 472, 252, 35, 178, 25]",600,30,0.7,,,,,2.0,0.005,,,5.943333333333333,0.4788599707905822,0.9966666666666667,0.08,6.366666666666666,0.001742308755471845,0.005037725043106481,0.2894736842105263,0.02982456140350877,0.008771929824561403,0.0,1.8538732394366197,4.0,0.0035087719298245615,0.4,10.987719298245613,0.2550533231794507,0.5071562914315666,0.0048152536742800435,3.6666666666666665,0.858748528541705,0.0894736842105263,0.9859649122807016,0.9866666666666668,0.9046997500117868,30,False,2514.0
3,paper,paper_1,1,25,2901245609,22553479,"[25, 33, 35, 104, 142, 173, 187, 225, 230, 268, 304, 317, 327, 335, 343, 351, 352, 360, 363, 366, 371, 373, 394, 405, 427, 451, 455, 478, 555, 567]","[235, 60, 571, 369, 541, 361, 586, 211, 55, 516, 163, 520, 345, 78, 198, 443, 491, 227, 115, 181, 539, 378, 233, 444, 238, 140, 334, 37, 56, 480]",600,30,0.7,,,,,2.0,0.005,,,5.943333333333333,0.4788599707905822,0.9966666666666667,0.08,6.266666666666667,0.0017709003884166022,0.004829728276437115,0.2789473684210526,0.028070175438596492,0.0017543859649122807,0.0,1.875,4.0,0.0035087719298245615,0.3543859649122807,10.373684210526315,0.25123181706995984,0.5215490395584744,0.0033990963960537995,3.703448275862069,0.7931080728765827,0.0859649122807017,0.980701754385965,0.9816666666666668,0.9128171249758452,30,False,2514.0
3,paper,paper_1,1,26,2901245609,1234546133,"[0, 16, 79, 114, 123, 127, 151, 159, 193, 205, 206, 242, 272, 300, 303, 343, 355, 357, 375, 380, 382, 403, 449, 450, 460, 495, 500, 543, 554, 591]","[451, 343, 143, 292, 41, 173, 360, 137, 157, 597, 320, 208, 505, 28, 106, 198, 33, 239, 64, 500, 97, 277, 145, 562, 201, 223, 472, 565, 92, 377]",600,30,0.7,,,,,2.0,0.005,,,5.943333333333333,0.4788599707905822,0.9966666666666667,0.08,6.333333333333333,0.0017549902162149382,0.004506152689236912,0.2824561403508772,0.03333333333333333,0.0035087719298245615,0.0,1.8732394366197183,3.0,0.0035087719298245615,0.3736842105263158,10.580701754385965,0.2542356122345896,0.5165849597632042,0.003719343062782798,3.781609195402299,0.7515528487818941,0.087719298245614,0.980701754385965,0.9816666666666668,0.8993683339795098,30,False,2514.0
3,paper,paper_1,1,27,2901245609,1321081814,"[7, 19, 23, 44, 146, 154, 155, 171, 177, 181, 187, 217, 244, 254, 266, 277, 295, 301, 326, 354, 374, 395, 431, 452, 494, 512, 537, 565, 571, 583]","[471, 172, 3, 36, 430, 459, 80, 595, 410, 63, 586, 550, 192, 495, 104, 365, 5, 417, 332, 358, 299, 10, 88, 321, 278, 230, 468, 599, 237, 482]",600,30,0.7,,,,,2.0,0.005,,,5.943333333333333,0.4788599707905822,0.9966666666666667,0.08,5.0,0.0014558914347051046,0.003454888205944869,0.22807017543859648,0.028070175438596492,0.0,0.0,1.9524647887323943,3.0,0.0035087719298245615,0.2719298245614035,9.442105263157895,0.2136287200780747,0.5968797212715444,0.0034123623234331036,3.910344827586207,0.7907240092999135,0.0824561403508772,0.9771929824561404,0.9783333333333334,0.8994234999408945,30,False,2512.0
3,paper,paper_1,1,28,2901245609,1797280746,"[3, 6, 25, 125, 134, 178, 217, 242, 258, 278, 307, 335, 337, 347, 355, 388, 390, 412, 414, 427, 433, 454, 460, 476, 482, 516, 517, 537, 554, 589]","[528, 13, 235, 354, 301, 310, 550, 208, 572, 73, 462, 78, 326, 247, 33, 566, 52, 100, 139, 238, 576, 128, 201, 313, 126, 507, 7, 468, 92, 25]",600,30,0.7,,,,,2.0,0.005,,,5.943333333333333,0.4788599707905822,0.9966666666666667,0.08,5.833333333333333,0.0016641638388078237,0.0037499621899439997,0.2543859649122807,0.043859649122807015,0.0017543859649122807,0.0,1.9137323943661972,4.0,0.0035087719298245615,0.30701754385964913,9.819298245614036,0.2371331170973126,0.5572225819381494,0.0051330464173423495,3.8873563218390803,0.8258561812124391,0.075438596491228,0.2263157894736842,0.265,0.947011417010799,30,False,1542.0
3,paper,paper_1,1,29,2901245609,4048438648,"[5, 26, 107, 110, 148, 173, 177, 209, 236, 241, 267, 270, 297, 317, 356, 367, 372, 382, 383, 393, 415, 447, 472, 499, 500, 529, 533, 535, 536, 556]","[194, 165, 481, 318, 261, 361, 410, 433, 89, 263, 304, 424, 57, 520, 269, 4, 105, 97, 280, 425, 134, 122, 69, 428, 472, 251, 206, 508, 387, 45]",600,30,0.7,,,,,2.0,0.005,,,5.943333333333333,0.4788599707905822,0.9966666666666667,0.08,5.566666666666666,0.0015854641733190446,0.0039084695841722725,0.23859649122807017,0.02982456140350877,0.0,0.0,1.9507042253521127,4.0,0.0035087719298245615,0.312280701754386,9.929824561403509,0.22080288651767044,0.5808960009866494,0.003960143605174031,3.8758620689655174,0.8646489267100849,0.0684210526315789,0.1964912280701754,0.2366666666666666,0.9345077499747276,30,False,1554.0
3,paper,paper_1,1,30,2901245609,928115001,"[48, 74, 114, 116, 119, 127, 131, 140, 183, 217, 225, 227, 228, 229, 316, 346, 365, 387, 394, 396, 402, 437, 449, 464, 502, 504, 509, 545, 587, 599]","[93, 551, 292, 382, 219, 173, 585, 512, 49, 550, 211, 415, 453, 246, 490, 456, 452, 399, 233, 389, 531, 215, 145, 273, 59, 77, 142, 53, 217, 161]",600,30,0.7,,,,,2.0,0.005,,,5.943333333333333,0.4788599707905822,0.9966666666666667,0.08,6.3,0.0017495070113630622,0.005098024201498813,0.27017543859649124,0.043859649122807015,0.007017543859649123,0.0,1.903169014084507,4.0,0.0035087719298245615,0.38070175438596493,11.06842105263158,0.24915359328902684,0.5340979866185676,0.006274404357568658,3.636781609195402,0.803047459650456,0.0789473684210526,0.2491228070175438,0.2866666666666667,0.9604856660589576,30,False,1592.0
3,paper,paper_1,1,31,2901245609,4138771730,"[35, 50, 53, 54, 68, 136, 166, 169, 199, 221, 269, 272, 297, 328, 337, 354, 357, 386, 391, 400, 443, 446, 456, 457, 471, 483, 497, 503, 508, 573]","[571, 222, 81, 174, 129, 563, 588, 556, 225, 196, 316, 505, 57, 54, 326, 358, 239, 445, 398, 446, 328, 12, 183, 582, 499, 271, 272, 252, 536, 199]",600,30,0.7,,,,,2.0,0.005,,,5.943333333333333,0.4788599707905822,0.9966666666666667,0.08,6.1,0.001704455441476098,0.004858377895475185,0.24736842105263157,0.04912280701754386,0.008771929824561403,0.0,1.9121265377855887,4.0,0.0017543859649122807,0.3456140350877193,10.52280701754386,0.23392154414081806,0.5675084019362995,0.008608562337077337,3.6083743842364533,0.8396003805648422,0.1017543859649122,0.9771929824561404,0.9783333333333334,0.9173000409500672,30,False,2508.0
3,paper,paper_1,1,32,2901245609,2723559119,"[16, 42, 45, 65, 78, 104, 114, 148, 168, 174, 200, 223, 235, 262, 288, 290, 314, 321, 361, 366, 377, 403, 428, 450, 467, 492, 506, 507, 561, 590]","[343, 169, 540, 175, 317, 369, 292, 261, 337, 153, 449, 458, 155, 51, 87, 457, 547, 469, 141, 181, 338, 277, 319, 562, 362, 432, 530, 296, 315, 558]",600,30,0.7,,,,,2.0,0.005,,,5.943333333333333,0.4788599707905822,0.9966666666666667,0.08,6.133333333333334,0.0017140386700511376,0.005148186838301458,0.27017543859649124,0.03859649122807018,0.0035087719298245615,0.0,1.897887323943662,4.0,0.0035087719298245615,0.3719298245614035,11.06140350877193,0.24609413468875815,0.5341226528535751,0.005250618774959546,3.7264367816091952,0.8622648631334157,0.0894736842105263,0.9736842105263158,0.975,0.8435885410290211,28,True,2512.0
3,paper,paper_1,1,33,2901245609,4201454718,"[9, 23, 27, 36, 40, 53, 65, 67, 71, 96, 126, 136, 137, 193, 245, 248, 283, 298, 305, 323, 338, 364, 420, 451, 465, 487, 519, 522, 533, 557]","[158, 3, 553, 396, 253, 81, 175, 340, 6, 438, 118, 563, 265, 157, 47, 379, 575, 138, 90, 135, 170, 168, 232, 140, 494, 353, 356, 276, 206, 234]",600,30,0.7,,,,,2.0,0.005,,,5.943333333333333,0.4788599707905822,0.9966666666666667,0.08,5.333333333333333,0.0015014256350346067,0.004183312440046804,0.22631578947368422,0.04035087719298246,0.005263157894736842,0.0,1.9876977152899824,4.0,0.0017543859649122807,0.3385964912280702,10.421052631578947,0.21498685740031145,0.5995066752998489,0.006534404056022503,3.6798029556650245,0.8236163566291793,0.1,0.9912280701754386,0.9916666666666668,0.911411084001884,30,False,2514.0
3,paper,paper_1,1,34,2901245609,513769746,"[6, 10, 21, 43, 48, 94, 103, 104, 109, 111, 116, 125, 130, 139, 146, 173, 239, 289, 332, 335, 353, 372, 376, 406, 421, 491, 530, 543, 583, 592]","[13, 9, 570, 335, 93, 150, 393, 369, 179, 442, 382, 354, 17, 434, 430, 361, 435, 132, 450, 78, 312, 105, 130, 594, 476, 212, 489, 565, 482, 308]",600,30,0.7,,,,,2.0,0.005,,,5.943333333333333,0.4788599707905822,0.9966666666666667,0.08,4.766666666666667,0.0013979091793411339,0.0037752859461234866,0.20350877192982456,0.03684210526315789,0.0035087719298245615,0.0,2.033450704225352,4.0,0.0035087719298245615,0.24736842105263157,9.064912280701755,0.19750722376920785,0.6350013874757192,0.0074367426953633855,3.8689655172413793,0.7975239894794104,0.0842105263157894,0.9543859649122808,0.9566666666666668,0.9296344160102308,30,False,2486.0
3,paper,paper_1,1,35,2901245609,1243750046,"[10, 19, 29, 49, 70, 75, 110, 134, 138, 147, 151, 212, 241, 259, 261, 265, 267, 300, 328, 333, 337, 362, 430, 455, 460, 497, 504, 522, 565, 581]","[9, 172, 372, 216, 307, 156, 318, 301, 359, 423, 360, 44, 263, 182, 532, 478, 304, 28, 54, 210, 326, 427, 502, 334, 201, 272, 77, 276, 599, 363]",600,30,0.7,,,,,2.0,0.005,,,5.943333333333333,0.4788599707905822,0.9966666666666667,0.08,5.8,0.0016398160583937637,0.0038885979261757786,0.256140350877193,0.03333333333333333,0.0017543859649122807,0.0,1.9066901408450705,3.0,0.0035087719298245615,0.34035087719298246,10.087719298245615,0.2334224277378996,0.5548361237011685,0.00456859753139245,3.857471264367816,0.7638762991324369,0.0824561403508772,0.9771929824561404,0.9783333333333334,0.881624290952459,29,True,2510.0
3,paper,paper_1,1,36,2901245609,1522087863,"[7, 16, 18, 42, 46, 62, 72, 94, 131, 137, 139, 167, 208, 211, 216, 266, 313, 352, 371, 386, 396, 401, 405, 428, 460, 468, 514, 527, 535, 587]","[471, 343, 555, 169, 243, 374, 180, 150, 585, 265, 434, 68, 311, 83, 185, 104, 518, 491, 539, 445, 389, 101, 444, 319, 201, 70, 26, 407, 508, 217]",600,30,0.7,,,,,2.0,0.005,,,5.943333333333333,0.4788599707905822,0.9966666666666667,0.08,6.866666666666666,0.0018954868984216524,0.006877480423827713,0.2912280701754386,0.05087719298245614,0.007017543859649123,0.0,1.852112676056338,4.0,0.0035087719298245615,0.40350877192982454,11.22280701754386,0.2653309358257731,0.5041778435544044,0.00690332594821759,3.593103448275862,0.7682922157352644,0.075438596491228,0.9842105263157894,0.985,0.896293375059031,30,False,2514.0
3,paper,paper_1,1,37,2901245609,2580083415,"[47, 58, 82, 83, 98, 105, 119, 166, 179, 188, 242, 265, 274, 306, 316, 320, 359, 390, 409, 439, 453, 498, 505, 515, 536, 539, 545, 556, 565, 590]","[111, 439, 133, 0, 394, 74, 219, 588, 303, 347, 208, 478, 159, 568, 490, 419, 231, 52, 403, 166, 259, 91, 65, 324, 387, 71, 53, 45, 599, 558]",600,30,0.7,,,,,2.0,0.005,,,5.943333333333333,0.4788599707905822,0.9966666666666667,0.08,5.533333333333333,0.0015736389114257324,0.0035100390311664617,0.2578947368421053,0.028070175438596492,0.0017543859649122807,0.0,1.9190140845070423,4.0,0.0035087719298245615,0.3333333333333333,10.305263157894737,0.23587687731260015,0.5520858384978263,0.003743661492140194,3.7770114942528736,0.8141176304163316,0.075438596491228,0.2859649122807017,0.3216666666666666,0.9194500839803368,30,False,1608.0
3,paper,paper_1,1,38,2901245609,3905242249,"[8, 67, 73, 99, 102, 105, 106, 151, 152, 200, 226, 257, 262, 308, 314, 341, 349, 400, 401, 406, 443, 452, 472, 549, 558, 562, 574, 583, 588, 589]","[383, 340, 391, 454, 86, 74, 548, 360, 203, 449, 421, 39, 51, 333, 547, 524, 376, 446, 101, 594, 328, 321, 69, 327, 244, 470, 306, 482, 96, 25]",600,30,0.7,,,,,2.0,0.005,,,5.943333333333333,0.4788599707905822,0.9966666666666667,0.08,6.1,0.0016982011558772082,0.0048347309433001435,0.25087719298245614,0.05087719298245614,0.0017543859649122807,0.0,1.8945518453427066,3.0,0.0017543859649122807,0.3385964912280702,10.631578947368421,0.23657493969113486,0.5622606604384424,0.006016412030610814,3.6724137931034484,0.8723484889006986,0.0842105263157894,0.975438596491228,0.9766666666666668,0.932740250020288,30,False,2508.0
3,paper,paper_1,1,39,2901245609,3372922470,"[23, 42, 51, 72, 75, 103, 111, 115, 153, 175, 179, 185, 207, 256, 268, 271, 291, 304, 340, 360, 458, 464, 484, 505, 523, 524, 554, 555, 563, 564]","[3, 169, 381, 180, 156, 393, 442, 279, 213, 355, 303, 336, 242, 176, 516, 513, 493, 163, 526, 227, 245, 273, 256, 65, 414, 473, 92, 56, 448, 579]",600,30,0.7,,,,,2.0,0.005,,,5.943333333333333,0.4788599707905822,0.9966666666666667,0.08,5.9,0.001659941149342725,0.004528300259254956,0.2614035087719298,0.04035087719298246,0.005263157894736842,0.0,1.897887323943662,3.0,0.0035087719298245615,0.3456140350877193,10.417543859649124,0.24085350154456658,0.5469305953812474,0.005568396883118778,3.793103448275862,0.7887168737205782,0.0736842105263157,0.9859649122807016,0.9866666666666668,0.919595667044632,30,False,2514.0
3,paper,paper_1,1,40,2901245609,1640910529,"[2, 3, 21, 49, 56, 63, 75, 112, 120, 142, 146, 257, 303, 315, 342, 356, 362, 365, 373, 375, 396, 449, 452, 473, 480, 510, 514, 518, 519, 540]","[205, 528, 570, 216, 151, 285, 156, 15, 149, 541, 430, 39, 106, 593, 31, 269, 427, 452, 378, 64, 389, 145, 321, 506, 366, 349, 26, 474, 356, 167]",600,30,0.7,,,,,2.0,0.005,,,5.943333333333333,0.4788599707905822,0.9966666666666667,0.08,5.733333333333333,0.0016044115701035193,0.003571555354116783,0.2596491228070175,0.03859649122807018,0.0,0.0,1.8785211267605635,4.0,0.0035087719298245615,0.3649122807017544,10.73157894736842,0.24128187364879095,0.5493232201769802,0.004312085067663161,3.7517241379310344,0.8047008976562411,0.087719298245614,0.975438596491228,0.9766666666666668,0.7079516660887748,22,True,2510.0
3,paper,paper_1,1,41,2901245609,3019137565,"[9, 25, 39, 41, 49, 52, 77, 94, 104, 108, 135, 139, 140, 170, 183, 207, 253, 258, 279, 319, 341, 351, 383, 390, 457, 480, 510, 521, 538, 563]","[158, 235, 583, 287, 216, 274, 461, 150, 369, 136, 58, 434, 512, 413, 49, 242, 117, 572, 289, 249, 524, 443, 280, 52, 582, 366, 349, 119, 465, 448]",600,30,0.7,,,,,2.0,0.005,,,5.943333333333333,0.4788599707905822,0.9966666666666667,0.08,6.133333333333334,0.0017076594122130734,0.003952684683945997,0.27017543859649124,0.03684210526315789,0.005263157894736842,0.0,1.892605633802817,4.0,0.0035087719298245615,0.356140350877193,10.717543859649123,0.2474548603309034,0.5341226528535751,0.0051905585843879855,3.7425287356321837,0.8330330893892698,0.0842105263157894,0.9912280701754386,0.9916666666666668,0.902469874941744,30,False,2514.0
3,paper,paper_1,1,42,2901245609,1719059828,"[3, 15, 35, 45, 88, 96, 100, 105, 106, 128, 146, 165, 166, 186, 198, 213, 235, 237, 242, 244, 289, 324, 365, 376, 449, 455, 469, 519, 527, 576]","[528, 314, 571, 540, 85, 438, 18, 74, 548, 504, 430, 559, 588, 62, 197, 218, 155, 110, 208, 192, 132, 564, 452, 130, 145, 334, 589, 356, 407, 447]",600,30,0.7,,,,,2.0,0.005,,,5.943333333333333,0.4788599707905822,0.9966666666666667,0.08,5.933333333333334,0.0016417250245305331,0.004287216075316477,0.2543859649122807,0.042105263157894736,0.0035087719298245615,0.0,1.9119718309859155,4.0,0.0035087719298245615,0.38421052631578945,11.282456140350877,0.23697185899411516,0.5571609163506305,0.006411521292486382,3.664367816091954,0.778231602509138,0.087719298245614,0.9859649122807016,0.9866666666666668,0.9000617089914158,30,False,2514.0
3,paper,paper_1,1,43,2901245609,433933752,"[2, 49, 66, 78, 106, 113, 164, 172, 182, 221, 225, 228, 229, 240, 254, 289, 315, 317, 332, 351, 362, 380, 415, 416, 469, 472, 529, 560, 571, 589]","[205, 216, 240, 317, 548, 375, 409, 397, 552, 196, 211, 453, 246, 42, 495, 132, 593, 520, 450, 443, 427, 500, 134, 388, 589, 69, 251, 598, 237, 25]",600,30,0.7,,,,,2.0,0.005,,,5.943333333333333,0.4788599707905822,0.9966666666666667,0.08,5.533333333333333,0.0015748158412940633,0.003011176112564519,0.23684210526315788,0.02456140350877193,0.005263157894736842,0.0,1.9577464788732395,3.0,0.0035087719298245615,0.28596491228070176,9.845614035087719,0.21993811732581325,0.5834797891036907,0.004822603960534994,3.749425287356322,0.811123949838404,0.0859649122807017,0.9824561403508772,0.9833333333333332,0.9250859169987962,30,False,2514.0
3,paper,paper_1,1,44,2901245609,751209220,"[55, 73, 75, 116, 153, 173, 174, 183, 184, 195, 198, 211, 218, 278, 282, 300, 341, 344, 385, 394, 406, 427, 473, 475, 491, 508, 534, 542, 557, 588]","[523, 391, 156, 382, 213, 361, 153, 49, 464, 293, 197, 83, 463, 73, 511, 28, 524, 436, 207, 233, 594, 238, 506, 186, 212, 536, 283, 22, 234, 96]",600,30,0.7,,,,,2.0,0.005,,,5.943333333333333,0.4788599707905822,0.9966666666666667,0.08,5.866666666666666,0.0016727777294958542,0.004188318481315766,0.2596491228070175,0.03508771929824561,0.0,0.0,1.9066901408450705,4.0,0.0035087719298245615,0.34035087719298246,10.27017543859649,0.23618680054152522,0.5497117133783492,0.004599984944812531,3.829885057471264,0.8451485681827112,0.0894736842105263,0.9824561403508772,0.9833333333333332,0.924297249992378,30,False,2514.0
3,paper,paper_1,1,45,2901245609,1783378485,"[11, 14, 47, 60, 143, 173, 175, 198, 226, 242, 247, 260, 262, 277, 302, 354, 367, 369, 372, 389, 397, 403, 404, 443, 473, 483, 494, 509, 556, 572]","[592, 578, 111, 228, 418, 361, 355, 197, 421, 208, 400, 260, 51, 365, 257, 358, 4, 373, 105, 460, 574, 277, 395, 328, 506, 271, 278, 142, 45, 160]",600,30,0.7,,,,,2.0,0.005,,,5.943333333333333,0.4788599707905822,0.9966666666666667,0.08,5.9,0.001646792605559266,0.0046881967971349435,0.24912280701754386,0.042105263157894736,0.007017543859649123,0.0,1.9630281690140845,4.0,0.0035087719298245615,0.34210526315789475,10.582456140350876,0.23462721275365425,0.5648691147904912,0.006914286224631052,3.717241379310345,0.8631644451445327,0.0842105263157894,0.9859649122807016,0.9866666666666668,0.921060209046118,30,False,2514.0
3,paper,paper_1,1,46,2901245609,3722296684,"[7, 48, 91, 115, 117, 120, 154, 163, 169, 185, 199, 221, 224, 263, 268, 279, 298, 317, 320, 322, 341, 361, 365, 406, 419, 433, 451, 472, 502, 582]","[471, 93, 487, 279, 48, 149, 459, 309, 556, 336, 225, 196, 420, 412, 516, 289, 138, 520, 419, 102, 524, 141, 452, 594, 455, 576, 140, 69, 59, 390]",600,30,0.7,,,,,2.0,0.005,,,5.943333333333333,0.4788599707905822,0.9966666666666667,0.08,6.166666666666667,0.0017179443937156273,0.004913252147226096,0.26666666666666666,0.03508771929824561,0.0035087719298245615,0.0,1.8855633802816902,4.0,0.0035087719298245615,0.39473684210526316,11.152631578947368,0.24454676770920986,0.5391915641476274,0.005429690323199451,3.5885057471264368,0.7889248452776796,0.0807017543859649,0.9912280701754386,0.9916666666666668,0.9009421670343728,30,False,2514.0
3,paper,paper_1,1,47,2901245609,739909745,"[2, 3, 28, 30, 48, 52, 81, 153, 156, 172, 185, 190, 201, 204, 236, 277, 297, 317, 323, 381, 422, 426, 453, 473, 493, 505, 554, 580, 583, 596]","[205, 528, 254, 411, 93, 274, 426, 213, 146, 397, 336, 404, 99, 515, 89, 365, 57, 520, 135, 587, 357, 236, 259, 506, 177, 65, 92, 30, 482, 467]",600,30,0.7,,,,,2.0,0.005,,,5.943333333333333,0.4788599707905822,0.9966666666666667,0.08,6.466666666666667,0.0018043890895051147,0.0046771977659756225,0.2649122807017544,0.05087719298245614,0.0035087719298245615,0.0,1.9066901408450705,4.0,0.0035087719298245615,0.37543859649122807,10.81578947368421,0.2484277045516343,0.5414855240033299,0.006218006832931569,3.6758620689655173,0.7999080530560794,0.0982456140350877,0.9842105263157894,0.985,0.90469304099679,30,False,2514.0
3,paper,paper_1,1,48,2901245609,2190670425,"[18, 22, 50, 153, 179, 184, 206, 216, 222, 256, 283, 309, 318, 327, 330, 362, 363, 373, 388, 403, 423, 433, 483, 497, 550, 560, 563, 575, 594, 595]","[555, 577, 222, 213, 303, 464, 320, 185, 441, 176, 575, 479, 492, 345, 46, 427, 115, 378, 566, 277, 522, 576, 271, 272, 284, 598, 448, 72, 127, 370]",600,30,0.7,,,,,2.0,0.005,,,5.943333333333333,0.4788599707905822,0.9966666666666667,0.08,6.366666666666666,0.0017472398348351611,0.005399456761553443,0.2719298245614035,0.03508771929824561,0.005263157894736842,0.0,1.8890845070422535,4.0,0.0035087719298245615,0.3631578947368421,10.670175438596491,0.24425119406178064,0.5320876884654518,0.005300172969544166,3.6873563218390806,0.8348322534115039,0.0859649122807017,0.980701754385965,0.9816666666666668,0.9100080409552902,30,False,2514.0
3,paper,paper_1,1,49,2901245609,3468033197,"[5, 48, 116, 141, 148, 154, 169, 174, 187, 189, 245, 285, 326, 327, 331, 343, 353, 356, 359, 411, 417, 420, 437, 467, 476, 498, 500, 504, 569, 597]","[194, 93, 382, 204, 261, 459, 556, 153, 586, 510, 47, 580, 332, 345, 322, 198, 312, 269, 231, 14, 50, 232, 215, 362, 313, 91, 472, 77, 23, 519]",600,30,0.7,,,,,2.0,0.005,,,5.943333333333333,0.4788599707905822,0.9966666666666667,0.08,5.766666666666667,0.0016239022522835684,0.0044969313371195805,0.256140350877193,0.03508771929824561,0.005263157894736842,0.0,1.920774647887324,4.0,0.0035087719298245615,0.3263157894736842,10.235087719298246,0.23633897862669984,0.554589461351093,0.0049708567926780795,3.820689655172414,0.7843009571177506,0.0947368421052631,0.9824561403508772,0.9833333333333332,0.9227377090137452,30,False,2512.0
3,paper,paper_2,2,0,2146422270,2587390591,"[0, 35, 66, 67, 87, 102, 203, 211, 242, 267, 274, 284, 306, 310, 335, 376, 400, 404, 406, 410, 431, 443, 458, 468, 498, 518, 528, 554, 569, 590]","[563, 5, 151, 92, 575, 69, 424, 18, 471, 570, 167, 445, 282, 76, 391, 562, 194, 444, 504, 349, 190, 370, 418, 482, 165, 531, 510, 337, 304, 553]",600,30,0.7,,,,,2.0,0.005,,,5.881666666666667,0.49856041369120474,0.9966666666666667,0.10666666666666667,6.233333333333333,0.001723941157571207,0.004612429966591046,0.2614035087719298,0.0456140350877193,0.007017543859649123,0.0,1.913884007029877,4.0,0.0017543859649122807,0.41578947368421054,11.143859649122806,0.24347901360800897,0.5468380969999692,0.006740151892281709,3.5908045977011493,0.8620321741294912,0.1035087719298245,0.9736842105263158,0.975,1.0054528340697289,30,False,2486.0
3,paper,paper_2,2,1,2146422270,3913751223,"[6, 30, 104, 111, 173, 180, 193, 202, 231, 273, 286, 323, 326, 329, 337, 339, 349, 384, 386, 409, 426, 459, 466, 491, 494, 528, 563, 571, 577, 580]","[178, 584, 201, 581, 448, 257, 491, 355, 316, 264, 427, 595, 338, 107, 576, 352, 543, 506, 558, 85, 204, 572, 509, 137, 105, 510, 515, 340, 199, 276]",600,30,0.7,,,,,2.0,0.005,,,5.881666666666667,0.49856041369120474,0.9966666666666667,0.10666666666666667,5.5,0.0015596983277654658,0.004329386879361788,0.23508771929824562,0.03508771929824561,0.008771929824561403,0.0,1.9595782073813708,4.0,0.0017543859649122807,0.356140350877193,10.435087719298245,0.2217396003031786,0.5860944100144914,0.007221931963311273,3.6873563218390806,0.8646489267100849,0.0789473684210526,0.9736842105263158,0.975,0.9234703331021592,30,False,2486.0
3,paper,paper_2,2,2,2146422270,2226358515,"[66, 81, 111, 130, 158, 168, 188, 190, 230, 275, 298, 321, 339, 350, 352, 360, 393, 406, 416, 417, 470, 480, 491, 518, 525, 565, 568, 573, 577, 594]","[151, 365, 581, 307, 549, 529, 55, 555, 119, 559, 231, 20, 352, 344, 551, 272, 351, 504, 150, 526, 116, 404, 137, 531, 320, 30, 376, 208, 199, 495]",600,30,0.7,,,,,2.0,0.005,,,5.881666666666667,0.49856041369120474,0.9966666666666667,0.10666666666666667,5.733333333333333,0.0016398661382571525,0.005105294574143626,0.25263157894736843,0.02982456140350877,0.0017543859649122807,0.0,1.9103690685413006,4.0,0.0017543859649122807,0.34035087719298246,10.075438596491228,0.23245564863588458,0.5598433694077021,0.0037308550138164744,3.839080459770115,0.8510489663510913,0.0859649122807017,0.331578947368421,0.365,0.9518550410866736,30,False,1664.0
3,paper,paper_2,2,3,2146422270,1039801632,"[11, 18, 55, 79, 125, 130, 192, 209, 211, 225, 228, 235, 253, 256, 315, 337, 360, 363, 385, 409, 446, 485, 494, 519, 536, 544, 546, 560, 562, 592]","[363, 300, 235, 335, 308, 307, 366, 540, 18, 593, 28, 184, 319, 283, 280, 576, 272, 38, 251, 85, 538, 428, 105, 521, 67, 382, 331, 394, 354, 195]",600,30,0.7,,,,,2.0,0.005,,,5.881666666666667,0.49856041369120474,0.9966666666666667,0.10666666666666667,5.233333333333333,0.0015357852019927166,0.003225636497284149,0.21754385964912282,0.02631578947368421,0.0,0.0,2.0105448154657295,4.0,0.0017543859649122807,0.28771929824561404,9.42280701754386,0.20509848978508216,0.6131471032590263,0.00400764624902556,3.8091954022988506,0.8574720185332542,0.0859649122807017,0.3175438596491228,0.3516666666666667,0.894207707955502,28,True,1640.0
3,paper,paper_2,2,4,2146422270,3711428971,"[10, 32, 44, 54, 63, 64, 90, 185, 186, 195, 200, 222, 265, 271, 295, 297, 319, 349, 355, 375, 386, 417, 424, 427, 430, 434, 471, 478, 483, 549]","[156, 478, 265, 455, 120, 556, 473, 537, 597, 53, 278, 364, 36, 236, 253, 388, 469, 543, 484, 146, 558, 526, 440, 1, 175, 245, 154, 31, 322, 585]",600,30,0.7,,,,,2.0,0.005,,,5.881666666666667,0.49856041369120474,0.9966666666666667,0.10666666666666667,5.733333333333333,0.001617529857518914,0.004420333268557535,0.23508771929824562,0.04035087719298246,0.007017543859649123,0.0,2.0140597539543057,4.0,0.0017543859649122807,0.34210526315789475,10.80877192982456,0.22261249728840268,0.5860944100144914,0.006759946642014123,3.657471264367816,0.7614922355557677,0.0842105263157894,0.9649122807017544,0.9666666666666668,0.90407570800744,30,False,2484.0
3,paper,paper_2,2,5,2146422270,4159984556,"[21, 23, 66, 75, 77, 94, 102, 106, 110, 158, 167, 191, 217, 228, 252, 260, 293, 320, 342, 372, 380, 414, 429, 449, 458, 542, 549, 551, 556, 557]","[557, 91, 151, 221, 252, 169, 69, 203, 432, 549, 532, 345, 517, 28, 561, 328, 87, 279, 298, 64, 117, 281, 121, 438, 418, 369, 585, 462, 238, 434]",600,30,0.7,,,,,2.0,0.005,,,5.881666666666667,0.49856041369120474,0.9966666666666667,0.10666666666666667,5.766666666666667,0.001646164523281278,0.004574822017421817,0.2543859649122807,0.02982456140350877,0.0017543859649122807,0.0,1.9173989455184535,4.0,0.0017543859649122807,0.3333333333333333,10.312280701754386,0.233935951514533,0.5572410816144051,0.004304339639025237,3.72183908045977,0.855464882953919,0.0929824561403508,0.9614035087719298,0.9633333333333334,0.5846667080186307,19,True,2484.0
3,paper,paper_2,2,6,2146422270,2187879055,"[11, 39, 59, 70, 74, 105, 111, 130, 141, 151, 153, 154, 209, 214, 218, 240, 245, 246, 284, 320, 360, 373, 396, 397, 412, 439, 454, 471, 560, 563]","[363, 101, 88, 21, 443, 220, 581, 307, 457, 525, 95, 430, 540, 552, 129, 403, 507, 409, 445, 279, 272, 168, 59, 343, 160, 210, 317, 154, 394, 515]",600,30,0.7,,,,,2.0,0.005,,,5.881666666666667,0.49856041369120474,0.9966666666666667,0.10666666666666667,5.3,0.0015441531649881502,0.0031180275157606796,0.23508771929824562,0.02456140350877193,0.0035087719298245615,0.0,1.9630931458699472,4.0,0.0017543859649122807,0.26842105263157895,9.336842105263157,0.21746178691176413,0.5862362408657849,0.004832320598040679,3.9448275862068964,0.8699644253240294,0.0614035087719298,0.256140350877193,0.2933333333333333,0.9350064999889582,30,False,1584.0
3,paper,paper_2,2,7,2146422270,2125582140,"[5, 43, 84, 132, 156, 168, 185, 207, 297, 328, 332, 363, 368, 372, 376, 393, 406, 442, 463, 480, 485, 514, 522, 537, 541, 546, 563, 584, 591, 597]","[25, 186, 586, 419, 416, 529, 537, 0, 388, 214, 135, 38, 43, 64, 562, 351, 504, 518, 274, 404, 428, 6, 51, 421, 218, 331, 515, 37, 130, 301]",600,30,0.7,,,,,2.0,0.005,,,5.881666666666667,0.49856041369120474,0.9966666666666667,0.10666666666666667,6.733333333333333,0.0018545867733372884,0.006667442040918163,0.2614035087719298,0.05263157894736842,0.0035087719298245615,0.0,1.8892794376098418,4.0,0.0017543859649122807,0.41754385964912283,12.066666666666666,0.24529204719917605,0.5467640982949465,0.007363033818409072,3.457471264367816,0.8466330497482636,0.0929824561403508,0.9666666666666668,0.9683333333333334,0.6588617919478565,21,True,2484.0
3,paper,paper_2,2,8,2146422270,1234635326,"[21, 25, 39, 53, 86, 100, 102, 107, 119, 122, 132, 134, 147, 151, 158, 169, 273, 279, 307, 326, 344, 364, 369, 412, 419, 441, 466, 565, 569, 599]","[557, 481, 101, 396, 327, 262, 69, 359, 524, 486, 419, 453, 12, 525, 549, 415, 264, 109, 140, 338, 227, 399, 94, 160, 492, 493, 509, 30, 304, 256]",600,30,0.7,,,,,2.0,0.005,,,5.881666666666667,0.49856041369120474,0.9966666666666667,0.10666666666666667,5.166666666666667,0.0014848996079643143,0.0035138442261554064,0.23859649122807017,0.02631578947368421,0.0,0.0,1.9824253075571177,4.0,0.0017543859649122807,0.30526315789473685,9.463157894736842,0.22001839458219363,0.5809330003391607,0.003912715636853568,3.87816091954023,0.8888798842969678,0.0859649122807017,0.9666666666666668,0.9683333333333334,0.7393861250020564,24,True,2486.0
3,paper,paper_2,2,9,2146422270,3346038396,"[2, 16, 46, 51, 89, 105, 175, 183, 251, 253, 287, 329, 340, 350, 374, 380, 396, 447, 498, 507, 516, 543, 557, 576, 579, 583, 588, 589, 594, 599]","[72, 287, 362, 128, 159, 220, 386, 216, 123, 319, 358, 107, 134, 344, 390, 117, 59, 126, 165, 296, 511, 468, 434, 193, 550, 452, 456, 188, 495, 256]",600,30,0.7,,,,,2.0,0.005,,,5.881666666666667,0.49856041369120474,0.9966666666666667,0.10666666666666667,5.733333333333333,0.001628538818013075,0.004309462162082213,0.25087719298245614,0.03859649122807018,0.005263157894736842,0.0,1.9279437609841827,4.0,0.0017543859649122807,0.3631578947368421,10.285964912280702,0.2341542156267865,0.5623408257022169,0.005480140211377533,3.8,0.8563644649650358,0.0912280701754386,0.3245614035087719,0.3583333333333333,0.952733292011544,30,False,1644.0
3,paper,paper_2,2,10,2146422270,3652625420,"[8, 13, 64, 83, 90, 106, 113, 118, 148, 162, 234, 235, 257, 272, 291, 303, 318, 364, 367, 437, 440, 471, 480, 516, 526, 532, 575, 580, 585, 590]","[368, 467, 556, 202, 473, 203, 547, 161, 174, 313, 102, 184, 325, 387, 104, 157, 336, 399, 163, 539, 187, 154, 404, 511, 395, 534, 379, 276, 239, 553]",600,30,0.7,,,,,2.0,0.005,,,5.881666666666667,0.49856041369120474,0.9966666666666667,0.10666666666666667,5.566666666666666,0.0015762897865156328,0.0031946437157097936,0.25087719298245614,0.03508771929824561,0.0,0.0,1.9543057996485063,4.0,0.0017543859649122807,0.32280701754385965,9.87017543859649,0.23165611057117158,0.5624271575247434,0.004171981575632692,3.820689655172414,0.8194331290302762,0.0666666666666666,0.6684210526315789,0.685,0.9638568329392,30,False,1996.0
3,paper,paper_2,2,11,2146422270,886209853,"[23, 30, 52, 67, 97, 113, 121, 147, 158, 171, 179, 199, 204, 280, 318, 320, 352, 374, 386, 408, 413, 417, 423, 432, 433, 451, 460, 478, 515, 571]","[91, 584, 466, 92, 222, 547, 255, 12, 549, 564, 248, 381, 458, 259, 336, 279, 551, 390, 558, 292, 132, 526, 594, 99, 164, 475, 170, 31, 371, 340]",600,30,0.7,,,,,2.0,0.005,,,5.881666666666667,0.49856041369120474,0.9966666666666667,0.10666666666666667,5.466666666666667,0.0015576168894024234,0.003718742221841271,0.23157894736842105,0.03859649122807018,0.007017543859649123,0.0,1.9736379613356767,4.0,0.0017543859649122807,0.3526315789473684,10.563157894736841,0.221000425248669,0.5912989856010853,0.006602522637005395,3.731034482758621,0.8743803419268571,0.1,0.963157894736842,0.965,0.6255281249759719,20,True,2484.0
3,paper,paper_2,2,12,2146422270,1193805499,"[10, 43, 50, 61, 89, 95, 97, 124, 129, 146, 192, 205, 220, 228, 237, 252, 255, 270, 290, 334, 403, 409, 422, 429, 438, 445, 496, 523, 584, 593]","[156, 186, 437, 206, 159, 54, 222, 139, 346, 485, 366, 496, 329, 28, 324, 561, 124, 209, 527, 242, 451, 85, 258, 121, 333, 464, 14, 90, 37, 284]",600,30,0.7,,,,,2.0,0.005,,,5.881666666666667,0.49856041369120474,0.9966666666666667,0.10666666666666667,5.2,0.0015212173821701222,0.0036317279321218384,0.23333333333333334,0.028070175438596492,0.005263157894736842,0.0,1.9718804920913884,4.0,0.0017543859649122807,0.2754385964912281,8.978947368421053,0.21556211879594603,0.5890050257453828,0.005629146178147993,3.9701149425287356,0.8574720185332539,0.0736842105263157,0.9596491228070176,0.9616666666666668,0.9024644159944728,30,False,2484.0
3,paper,paper_2,2,13,2146422270,1118569335,"[3, 9, 10, 18, 27, 41, 56, 73, 75, 79, 128, 169, 176, 201, 204, 216, 220, 221, 305, 310, 353, 366, 383, 404, 459, 465, 468, 479, 507, 549]","[587, 499, 156, 300, 348, 293, 16, 589, 221, 335, 425, 415, 2, 152, 458, 103, 329, 318, 136, 76, 181, 250, 530, 444, 572, 519, 482, 375, 296, 585]",600,30,0.7,,,,,2.0,0.005,,,5.881666666666667,0.49856041369120474,0.9966666666666667,0.10666666666666667,5.4,0.0015566069528308026,0.0035877241519384822,0.23684210526315788,0.02982456140350877,0.0035087719298245615,0.0,1.9560632688927944,4.0,0.0017543859649122807,0.3175438596491228,10.133333333333333,0.2197854354796638,0.5835537878087134,0.006597246942074527,3.7264367816091952,0.8014172520684549,0.0771929824561403,0.9649122807017544,0.9666666666666668,0.708214332931675,23,True,2480.0
3,paper,paper_2,2,14,2146422270,3211905945,"[69, 72, 96, 106, 110, 126, 129, 177, 208, 213, 215, 227, 252, 285, 317, 319, 334, 346, 347, 392, 404, 409, 426, 438, 474, 523, 549, 557, 561, 591]","[505, 417, 315, 203, 432, 207, 346, 17, 145, 357, 243, 155, 561, 10, 573, 469, 242, 533, 133, 580, 444, 85, 204, 333, 111, 90, 585, 434, 83, 130]",600,30,0.7,,,,,2.0,0.005,,,5.881666666666667,0.49856041369120474,0.9966666666666667,0.10666666666666667,5.666666666666667,0.0016047937206297184,0.003411581632002059,0.24385964912280703,0.031578947368421054,0.005263157894736842,0.0,1.961335676625659,4.0,0.0017543859649122807,0.3473684210526316,10.210526315789474,0.22536347421312916,0.573008972342984,0.005193951304498972,3.7632183908045977,0.8543326119388773,0.1017543859649122,0.9649122807017544,0.9666666666666668,0.9104069169843568,30,False,2480.0
3,paper,paper_2,2,15,2146422270,3436313194,"[32, 62, 78, 123, 140, 156, 160, 180, 186, 200, 238, 245, 248, 252, 253, 267, 320, 324, 345, 347, 348, 363, 384, 409, 410, 425, 427, 435, 484, 590]","[478, 290, 172, 310, 341, 416, 57, 257, 597, 278, 114, 507, 494, 561, 319, 570, 279, 192, 68, 133, 490, 38, 506, 85, 349, 183, 1, 79, 470, 553]",600,30,0.7,,,,,2.0,0.005,,,5.881666666666667,0.49856041369120474,0.9966666666666667,0.10666666666666667,6.666666666666667,0.0018485522932771192,0.0065999585810133715,0.2736842105263158,0.05263157894736842,0.010526315789473684,0.0,1.906854130052724,5.0,0.0017543859649122807,0.39649122807017545,10.970175438596492,0.25148856367343325,0.5293065704683502,0.007245809552802554,3.606896551724138,0.8339326714003868,0.0947368421052631,0.9473684210526316,0.95,0.9335638750344516,30,False,2468.0
3,paper,paper_2,2,16,2146422270,2833203362,"[0, 35, 47, 74, 88, 90, 98, 105, 120, 123, 134, 143, 176, 216, 281, 285, 316, 325, 345, 367, 398, 412, 415, 426, 450, 516, 535, 558, 571, 591]","[563, 5, 166, 443, 182, 473, 74, 220, 263, 310, 453, 49, 2, 103, 196, 10, 569, 459, 68, 163, 578, 160, 314, 204, 474, 511, 373, 297, 340, 130]",600,30,0.7,,,,,2.0,0.005,,,5.881666666666667,0.49856041369120474,0.9966666666666667,0.10666666666666667,5.8,0.0016503324492288193,0.003798105859656675,0.2614035087719298,0.03508771929824561,0.005263157894736842,0.0,1.913884007029877,4.0,0.0017543859649122807,0.34912280701754383,10.082456140350876,0.2397055716631038,0.5469799278512626,0.00529331141400107,3.786206896551724,0.8451485681827114,0.1,0.9719298245614036,0.9733333333333334,0.8944949579890817,30,False,2484.0
3,paper,paper_2,2,17,2146422270,41930491,"[1, 2, 3, 24, 26, 35, 54, 59, 76, 82, 96, 177, 196, 210, 226, 244, 266, 314, 335, 386, 420, 427, 447, 454, 465, 485, 505, 536, 568, 574]","[520, 72, 587, 588, 514, 5, 455, 88, 398, 211, 315, 17, 173, 483, 179, 144, 412, 93, 391, 558, 3, 1, 126, 317, 519, 428, 323, 67, 376, 113]",600,30,0.7,,,,,2.0,0.005,,,5.881666666666667,0.49856041369120474,0.9966666666666667,0.10666666666666667,6.766666666666667,0.0018533842216215462,0.006633499094218746,0.2807017543859649,0.03859649122807018,0.007017543859649123,0.0,1.866432337434095,4.0,0.0017543859649122807,0.4052631578947368,12.092982456140351,0.25541363533895495,0.5189960842351925,0.006332221214056612,3.5080459770114945,0.8159167944385655,0.0894736842105263,0.9596491228070176,0.9616666666666668,0.883479333948344,30,False,2484.0
3,paper,paper_2,2,18,2146422270,300459271,"[7, 43, 48, 91, 96, 102, 144, 149, 156, 188, 283, 293, 339, 362, 376, 384, 421, 432, 434, 445, 470, 472, 475, 481, 487, 490, 496, 503, 582, 584]","[302, 186, 397, 26, 315, 69, 224, 232, 416, 55, 233, 87, 352, 80, 562, 506, 65, 99, 245, 464, 116, 13, 356, 249, 226, 326, 14, 592, 219, 37]",600,30,0.7,,,,,2.0,0.005,,,5.881666666666667,0.49856041369120474,0.9966666666666667,0.10666666666666667,5.3,0.0015501414310299636,0.003869973394830561,0.23859649122807017,0.028070175438596492,0.005263157894736842,0.0,1.9261862917398946,4.0,0.0017543859649122807,0.3087719298245614,9.943859649122807,0.2191121723416019,0.5810871643079579,0.005493889890441614,3.857471264367816,0.7943845828850336,0.0824561403508772,0.9719298245614036,0.9733333333333334,0.9010329170851036,30,False,2484.0
3,paper,paper_2,2,19,2146422270,436412403,"[14, 15, 40, 43, 125, 131, 151, 195, 213, 244, 262, 299, 300, 301, 322, 351, 366, 371, 382, 390, 418, 458, 467, 468, 482, 504, 525, 572, 581, 583]","[50, 241, 306, 186, 308, 332, 525, 53, 357, 144, 477, 408, 512, 7, 554, 23, 250, 489, 383, 198, 501, 418, 454, 482, 566, 347, 320, 374, 436, 452]",600,30,0.7,,,,,2.0,0.005,,,5.881666666666667,0.49856041369120474,0.9966666666666667,0.10666666666666667,5.5,0.0015789442736935295,0.0038060161115690745,0.24912280701754386,0.028070175438596492,0.0017543859649122807,0.0,1.9701230228471003,4.0,0.0017543859649122807,0.3175438596491228,9.714035087719298,0.22952306918432877,0.565041778435544,0.004123453175177313,3.8045977011494254,0.8870807202747338,0.1,0.9701754385964912,0.9716666666666668,0.884022125042975,29,True,2486.0
3,paper,paper_2,2,20,2146422270,2991895934,"[73, 112, 115, 135, 152, 154, 182, 186, 227, 235, 248, 261, 266, 268, 283, 289, 299, 304, 406, 430, 442, 452, 454, 510, 525, 533, 542, 557, 565, 592]","[589, 162, 480, 377, 266, 430, 268, 597, 155, 184, 494, 516, 412, 309, 233, 237, 408, 267, 504, 175, 518, 546, 317, 97, 320, 270, 369, 434, 30, 195]",600,30,0.7,,,,,2.0,0.005,,,5.881666666666667,0.49856041369120474,0.9966666666666667,0.10666666666666667,5.366666666666666,0.0015372517898103238,0.0032693797610214123,0.22631578947368422,0.04736842105263158,0.0035087719298245615,0.0,1.9982425307557117,4.0,0.0017543859649122807,0.3298245614035088,9.940350877192982,0.2191280265096863,0.5992908457435329,0.007273791305231468,3.760919540229885,0.8587485285417048,0.0807017543859649,0.9736842105263158,0.975,0.9397599999792874,30,False,2486.0
3,paper,paper_2,2,21,2146422270,256917934,"[14, 50, 57, 65, 87, 95, 104, 123, 177, 188, 189, 218, 224, 244, 248, 255, 256, 260, 264, 266, 272, 302, 315, 345, 359, 384, 389, 491, 495, 565]","[50, 437, 567, 42, 575, 54, 201, 310, 17, 55, 465, 129, 487, 144, 494, 124, 283, 328, 498, 412, 387, 596, 280, 68, 261, 506, 148, 137, 229, 30]",600,30,0.7,,,,,2.0,0.005,,,5.881666666666667,0.49856041369120474,0.9966666666666667,0.10666666666666667,6.066666666666666,0.0017229589682253139,0.0049831489276031165,0.256140350877193,0.03684210526315789,0.0017543859649122807,0.0,1.9191564147627416,4.0,0.0017543859649122807,0.3385964912280702,10.171929824561403,0.23571040607585134,0.5547127925261308,0.004898002043032469,3.708045977011494,0.7716005787698739,0.0807017543859649,0.9614035087719298,0.9633333333333334,0.91892533400096,30,False,2484.0
3,paper,paper_2,2,22,2146422270,2962672660,"[1, 50, 92, 116, 117, 133, 141, 184, 205, 212, 224, 253, 267, 282, 295, 341, 348, 356, 362, 384, 396, 410, 457, 463, 466, 481, 510, 542, 547, 588]","[520, 437, 200, 303, 334, 275, 457, 441, 496, 568, 487, 319, 570, 125, 253, 4, 490, 574, 80, 506, 59, 349, 413, 274, 509, 249, 97, 369, 500, 456]",600,30,0.7,,,,,2.0,0.005,,,5.881666666666667,0.49856041369120474,0.9966666666666667,0.10666666666666667,6.566666666666666,0.001826072027040513,0.0055823679028917834,0.2789473684210526,0.04736842105263158,0.005263157894736842,0.0,1.898066783831283,4.0,0.0017543859649122807,0.4105263157894737,10.978947368421053,0.25591593728609274,0.5215243733234668,0.005406067776570605,3.6620689655172414,0.8433494041604773,0.0947368421052631,0.975438596491228,0.9766666666666668,0.9068916250253096,30,False,2484.0
3,paper,paper_2,2,23,2146422270,41121411,"[27, 34, 56, 67, 113, 118, 169, 170, 176, 181, 188, 198, 268, 299, 317, 322, 325, 341, 344, 352, 386, 405, 449, 457, 496, 523, 524, 527, 562, 589]","[348, 571, 16, 92, 547, 161, 415, 535, 2, 143, 55, 35, 309, 408, 573, 554, 459, 4, 227, 551, 558, 191, 438, 413, 14, 90, 522, 361, 354, 188]",600,30,0.7,,,,,2.0,0.005,,,5.881666666666667,0.49856041369120474,0.9966666666666667,0.10666666666666667,5.466666666666667,0.0015760894178003767,0.004290316729386037,0.25263157894736843,0.02982456140350877,0.0017543859649122807,0.0,1.9279437609841827,4.0,0.0017543859649122807,0.29473684210526313,9.733333333333333,0.22999048035271588,0.5600406992877625,0.004317652334893713,3.935632183908046,0.8475326317593805,0.0789473684210526,0.9666666666666668,0.9683333333333334,0.8999682919820771,30,False,2476.0
3,paper,paper_2,2,24,2146422270,300531526,"[45, 59, 75, 77, 86, 93, 126, 182, 202, 271, 290, 293, 336, 338, 351, 375, 384, 428, 431, 437, 444, 456, 487, 491, 522, 536, 569, 571, 596, 597]","[544, 88, 221, 252, 327, 153, 207, 268, 355, 236, 527, 87, 591, 180, 23, 146, 506, 246, 190, 539, 479, 52, 226, 137, 51, 67, 304, 340, 118, 301]",600,30,0.7,,,,,2.0,0.005,,,5.881666666666667,0.49856041369120474,0.9966666666666667,0.10666666666666667,6.1,0.0017292048229277132,0.004518162101595468,0.2736842105263158,0.03859649122807018,0.005263157894736842,0.0,1.9121265377855887,4.0,0.0017543859649122807,0.33157894736842103,10.29298245614035,0.24930644706855817,0.5292140720870718,0.00567509001719528,3.7448275862068967,0.8982966170570583,0.1052631578947368,0.9789473684210528,0.98,0.8982580830343068,30,False,2486.0
3,paper,paper_2,2,25,2146422270,2220114251,"[8, 16, 45, 75, 77, 117, 122, 156, 238, 241, 270, 292, 313, 325, 342, 379, 394, 442, 448, 460, 481, 506, 520, 522, 551, 554, 569, 576, 579, 591]","[368, 287, 544, 221, 252, 334, 486, 416, 114, 410, 209, 215, 112, 459, 298, 185, 548, 518, 56, 170, 249, 590, 360, 51, 462, 337, 304, 193, 550, 130]",600,30,0.7,,,,,2.0,0.005,,,5.881666666666667,0.49856041369120474,0.9966666666666667,0.10666666666666667,6.1,0.00173279131639873,0.004235757497855885,0.2771929824561403,0.031578947368421054,0.0017543859649122807,0.0,1.8857644991212654,4.0,0.0017543859649122807,0.35789473684210527,10.126315789473685,0.24533937886514978,0.5245459871118922,0.003884658088512044,3.889655172413793,0.7943845828850336,0.0824561403508772,0.9719298245614036,0.9733333333333334,0.9088893750449644,30,False,2486.0
3,paper,paper_2,2,26,2146422270,2921828238,"[5, 11, 73, 154, 159, 178, 180, 197, 232, 233, 264, 272, 277, 298, 319, 381, 388, 463, 496, 517, 518, 522, 526, 534, 538, 557, 566, 578, 587, 593]","[25, 363, 589, 430, 321, 442, 257, 82, 63, 41, 498, 387, 106, 231, 469, 19, 273, 274, 14, 62, 531, 51, 395, 560, 44, 434, 476, 115, 96, 284]",600,30,0.7,,,,,2.0,0.005,,,5.881666666666667,0.49856041369120474,0.9966666666666667,0.10666666666666667,5.633333333333334,0.0015912222219516274,0.004749733952139984,0.24912280701754386,0.03508771929824561,0.005263157894736842,0.0,1.945518453427065,4.0,0.0017543859649122807,0.3350877192982456,10.263157894736842,0.22974277351534786,0.5652329417568526,0.005820012144876029,3.7563218390804596,0.8236163566291793,0.1035087719298245,0.9666666666666668,0.9683333333333334,0.6776522910222411,22,True,2482.0
3,paper,paper_2,2,27,2146422270,4141660084,"[23, 51, 65, 77, 97, 98, 113, 151, 189, 193, 230, 234, 242, 257, 315, 317, 339, 366, 372, 394, 406, 421, 455, 473, 499, 503, 504, 510, 573, 587]","[91, 128, 42, 252, 222, 74, 547, 525, 465, 491, 119, 102, 471, 325, 280, 573, 352, 250, 64, 548, 504, 65, 254, 433, 577, 592, 347, 97, 208, 96]",600,30,0.7,,,,,2.0,0.005,,,5.881666666666667,0.49856041369120474,0.9966666666666667,0.10666666666666667,6.6,0.0018342756587356095,0.006015192029622919,0.28596491228070176,0.042105263157894736,0.005263157894736842,0.0,1.850615114235501,4.0,0.0017543859649122807,0.4298245614035088,11.470175438596492,0.25974310269758016,0.5115530478216631,0.005475130871682596,3.5885057471264368,0.8403557235825497,0.0894736842105263,0.9701754385964912,0.9716666666666668,0.8946939170127735,30,False,2486.0
3,paper,paper_2,2,28,2146422270,537949,"[12, 20, 58, 71, 74, 96, 102, 109, 126, 175, 202, 228, 231, 254, 274, 275, 350, 395, 412, 420, 421, 447, 453, 455, 469, 480, 520, 529, 558, 572]","[460, 513, 285, 47, 443, 315, 69, 528, 207, 386, 355, 28, 316, 247, 167, 559, 344, 60, 160, 3, 65, 126, 205, 254, 228, 404, 360, 353, 297, 374]",600,30,0.7,,,,,2.0,0.005,,,5.881666666666667,0.49856041369120474,0.9966666666666667,0.10666666666666667,6.033333333333333,0.0017132258894836459,0.005785782653479846,0.2596491228070175,0.043859649122807015,0.007017543859649123,0.0,1.9121265377855887,4.0,0.0017543859649122807,0.3368421052631579,10.326315789473684,0.2423012096652598,0.5493602195294915,0.006590614328951043,3.7448275862068967,0.8835643856830232,0.0912280701754386,0.968421052631579,0.97,0.9163184579228982,30,False,2478.0
3,paper,paper_2,2,29,2146422270,2195322001,"[13, 19, 36, 46, 71, 80, 85, 124, 136, 162, 170, 186, 209, 224, 234, 263, 273, 278, 287, 299, 305, 317, 332, 342, 356, 359, 410, 534, 557, 565]","[467, 234, 503, 362, 47, 472, 299, 139, 565, 313, 535, 597, 540, 487, 102, 523, 264, 339, 358, 408, 136, 573, 135, 298, 574, 261, 349, 560, 434, 30]",600,30,0.7,,,,,2.0,0.005,,,5.881666666666667,0.49856041369120474,0.9966666666666667,0.10666666666666667,5.933333333333334,0.0016721235843754777,0.004632781939847518,0.24035087719298245,0.03508771929824561,0.007017543859649123,0.0,1.9261862917398946,4.0,0.0017543859649122807,0.35964912280701755,10.675438596491228,0.2259466504891266,0.578096383313292,0.006267348833271754,3.636781609195402,0.8905970548664445,0.0859649122807017,0.963157894736842,0.965,0.9419069578871132,30,False,2480.0
3,paper,paper_2,2,30,2146422270,4245709567,"[33, 79, 92, 99, 101, 155, 177, 180, 219, 225, 245, 319, 352, 383, 388, 390, 413, 448, 482, 483, 488, 490, 524, 529, 533, 541, 545, 549, 552, 571]","[598, 335, 200, 542, 73, 39, 17, 257, 449, 593, 507, 469, 551, 530, 273, 198, 132, 56, 566, 322, 141, 326, 522, 353, 270, 218, 48, 585, 9, 340]",600,30,0.7,,,,,2.0,0.005,,,5.881666666666667,0.49856041369120474,0.9966666666666667,0.10666666666666667,5.6,0.001607284017649243,0.0042146823008173025,0.24736842105263157,0.021052631578947368,0.0017543859649122807,0.0,1.9191564147627416,4.0,0.0017543859649122807,0.3157894736842105,10.287719298245614,0.2226954985057054,0.5680017266364505,0.0032640380054173154,3.7701149425287355,0.8767644055035263,0.0859649122807017,0.3070175438596491,0.3416666666666667,0.9474160829558969,30,False,1632.0
3,paper,paper_2,2,31,2146422270,3654388268,"[41, 64, 73, 91, 103, 134, 138, 141, 162, 212, 214, 218, 245, 247, 264, 329, 341, 357, 375, 407, 474, 489, 498, 523, 544, 547, 553, 554, 564, 598]","[293, 556, 589, 26, 599, 453, 429, 457, 313, 568, 552, 129, 507, 378, 498, 107, 4, 380, 146, 393, 111, 230, 165, 90, 382, 500, 350, 337, 311, 545]",600,30,0.7,,,,,2.0,0.005,,,5.881666666666667,0.49856041369120474,0.9966666666666667,0.10666666666666667,5.833333333333333,0.0016318801752095572,0.004259900189321641,0.2649122807017544,0.02631578947368421,0.0017543859649122807,0.0,1.898066783831283,4.0,0.0017543859649122807,0.3824561403508772,10.83859649122807,0.23868771398845923,0.5420590139672555,0.0032057374298753607,3.7057471264367816,0.8326561613919358,0.0842105263157894,0.9736842105263158,0.975,0.9072030829265714,30,False,2484.0
3,paper,paper_2,2,32,2146422270,545298233,"[2, 5, 8, 49, 97, 102, 107, 115, 236, 269, 286, 325, 330, 343, 347, 362, 372, 380, 385, 406, 418, 435, 448, 452, 463, 473, 501, 535, 539, 585]","[72, 25, 368, 384, 222, 69, 359, 480, 213, 277, 427, 459, 405, 406, 133, 80, 64, 117, 251, 504, 501, 79, 56, 546, 274, 433, 225, 373, 305, 239]",600,30,0.7,,,,,2.0,0.005,,,5.881666666666667,0.49856041369120474,0.9966666666666667,0.10666666666666667,6.033333333333333,0.0017068827247328606,0.005576722493621484,0.26666666666666666,0.03333333333333333,0.007017543859649123,0.0,1.8892794376098418,4.0,0.0017543859649122807,0.3333333333333333,10.363157894736842,0.2428405101740433,0.5393025622051614,0.005054906542042231,3.7839080459770114,0.8510489663510911,0.0859649122807017,0.5175438596491229,0.5416666666666666,0.9372932909755036,30,False,1836.0
3,paper,paper_2,2,33,2146422270,2340634044,"[18, 33, 59, 62, 66, 77, 107, 121, 135, 184, 189, 191, 195, 201, 226, 228, 281, 313, 319, 370, 381, 389, 414, 455, 470, 472, 488, 562, 567, 589]","[300, 598, 88, 290, 151, 252, 359, 255, 377, 441, 465, 345, 53, 152, 179, 28, 196, 112, 469, 217, 19, 148, 281, 254, 116, 13, 141, 354, 158, 188]",600,30,0.7,,,,,2.0,0.005,,,5.881666666666667,0.49856041369120474,0.9966666666666667,0.10666666666666667,6.466666666666667,0.0018290413568137112,0.006350949697647388,0.28421052631578947,0.04035087719298246,0.0017543859649122807,0.0,1.8646748681898067,4.0,0.0017543859649122807,0.3631578947368421,11.033333333333333,0.25812952948278545,0.5141306693799526,0.004488763425295159,3.657471264367816,0.8879803022858508,0.1035087719298245,0.9736842105263158,0.975,0.8966967499582097,30,False,2484.0
3,paper,paper_2,2,34,2146422270,1962240439,"[2, 12, 41, 83, 106, 131, 140, 255, 259, 270, 271, 297, 317, 320, 337, 343, 350, 360, 373, 378, 419, 455, 482, 539, 540, 545, 557, 563, 569, 579]","[72, 460, 293, 202, 203, 332, 341, 124, 171, 209, 236, 388, 573, 279, 576, 406, 344, 272, 168, 15, 492, 254, 566, 305, 122, 48, 434, 515, 304, 550]",600,30,0.7,,,,,2.0,0.005,,,5.881666666666667,0.49856041369120474,0.9966666666666667,0.10666666666666667,5.466666666666667,0.0015612577662494328,0.0036430079227886057,0.22982456140350876,0.03684210526315789,0.0035087719298245615,0.0,2.0,4.0,0.0017543859649122807,0.33157894736842103,9.675438596491228,0.21818386475468993,0.5940677704806833,0.00538019132846719,3.852873563218391,0.8510489663510911,0.0631578947368421,0.2280701754385964,0.2666666666666666,0.9663277920335532,30,False,1560.0
3,paper,paper_2,2,35,2146422270,2977008816,"[16, 39, 71, 109, 171, 224, 243, 283, 292, 303, 323, 373, 386, 395, 399, 400, 406, 413, 420, 474, 475, 487, 490, 513, 516, 519, 525, 550, 557, 595]","[287, 101, 47, 528, 564, 487, 286, 233, 215, 157, 595, 168, 558, 60, 84, 194, 504, 132, 3, 111, 356, 226, 326, 127, 511, 521, 320, 414, 434, 407]",600,30,0.7,,,,,2.0,0.005,,,5.881666666666667,0.49856041369120474,0.9966666666666667,0.10666666666666667,5.466666666666667,0.0015745598621609391,0.0045915552323789665,0.24035087719298245,0.042105263157894736,0.0035087719298245615,0.0,1.9578207381370827,4.0,0.0017543859649122807,0.3140350877192982,9.943859649122807,0.2281807358898651,0.5779607190207505,0.005810718655546243,3.781609195402299,0.778608530506472,0.0982456140350877,0.9771929824561404,0.9783333333333334,0.9034301670035348,30,False,2484.0
3,paper,paper_2,2,36,2146422270,4033344943,"[15, 27, 38, 46, 104, 120, 152, 157, 221, 235, 241, 253, 271, 318, 320, 344, 349, 356, 377, 380, 392, 413, 442, 458, 464, 466, 488, 545, 561, 584]","[241, 348, 385, 362, 201, 263, 266, 271, 318, 184, 410, 319, 236, 336, 279, 227, 543, 574, 71, 117, 580, 132, 518, 418, 78, 509, 141, 48, 83, 37]",600,30,0.7,,,,,2.0,0.005,,,5.881666666666667,0.49856041369120474,0.9966666666666667,0.10666666666666667,5.433333333333334,0.0015698460805869513,0.003178937158160669,0.23684210526315788,0.03333333333333333,0.005263157894736842,0.0,1.9402460456942003,4.0,0.0017543859649122807,0.3263157894736842,10.121052631578948,0.2228003551594883,0.5833687910461567,0.00591531074289695,3.7333333333333334,0.8651715807238679,0.0789473684210526,0.2666666666666666,0.3033333333333333,0.8476614590035751,27,True,1580.0
3,paper,paper_2,2,37,2146422270,821325796,"[11, 28, 31, 87, 88, 95, 106, 113, 147, 183, 190, 237, 260, 264, 268, 286, 289, 315, 321, 341, 350, 355, 370, 414, 468, 471, 487, 533, 534, 572]","[363, 45, 312, 575, 182, 54, 203, 547, 12, 216, 555, 324, 328, 498, 309, 427, 237, 280, 20, 4, 344, 484, 217, 281, 482, 154, 226, 270, 560, 374]",600,30,0.7,,,,,2.0,0.005,,,5.881666666666667,0.49856041369120474,0.9966666666666667,0.10666666666666667,6.166666666666667,0.0017408288334846732,0.004525444375753459,0.25263157894736843,0.03859649122807018,0.0017543859649122807,0.0,1.9472759226713532,4.0,0.0017543859649122807,0.3368421052631579,10.407017543859649,0.2367156484960389,0.5596337064101379,0.00465738261003554,3.696551724137931,0.803801315645124,0.1052631578947368,0.9666666666666668,0.9683333333333334,0.9444979999680072,30,False,2482.0
3,paper,paper_2,2,38,2146422270,3334912344,"[23, 47, 59, 89, 96, 109, 136, 152, 185, 218, 252, 264, 284, 296, 350, 356, 357, 359, 376, 414, 432, 446, 458, 464, 471, 484, 494, 556, 574, 592]","[91, 166, 88, 159, 315, 528, 565, 266, 537, 129, 561, 498, 445, 330, 344, 574, 380, 261, 562, 281, 99, 538, 418, 78, 154, 470, 105, 238, 113, 195]",600,30,0.7,,,,,2.0,0.005,,,5.881666666666667,0.49856041369120474,0.9966666666666667,0.10666666666666667,6.133333333333334,0.0017327980680432696,0.003693059351410261,0.27017543859649124,0.03684210526315789,0.0017543859649122807,0.0,1.8699472759226714,4.0,0.0017543859649122807,0.3350877192982456,10.375438596491229,0.24860385291283754,0.5339931551197854,0.004439685474168233,3.7195402298850575,0.9272957017972796,0.0929824561403508,0.9596491228070176,0.9616666666666668,0.933197458041832,30,False,2484.0
3,paper,paper_2,2,39,2146422270,2052672585,"[14, 20, 31, 74, 94, 95, 98, 106, 120, 143, 150, 160, 161, 167, 172, 192, 208, 225, 260, 271, 289, 342, 374, 425, 446, 450, 502, 503, 582, 597]","[50, 513, 312, 443, 169, 54, 74, 203, 263, 49, 70, 57, 147, 532, 294, 366, 145, 593, 328, 236, 237, 298, 390, 183, 538, 474, 177, 592, 219, 301]",600,30,0.7,,,,,2.0,0.005,,,5.881666666666667,0.49856041369120474,0.9966666666666667,0.10666666666666667,6.066666666666666,0.0017114945451372128,0.004028522954793142,0.256140350877193,0.03859649122807018,0.007017543859649123,0.0,1.913884007029877,3.0,0.0017543859649122807,0.37543859649122807,10.678947368421053,0.23734105858690163,0.554589461351093,0.006436029787956766,3.671264367816092,0.8304163368086762,0.1017543859649122,0.9614035087719298,0.9633333333333334,0.7449775410350412,24,True,2484.0
3,paper,paper_2,2,40,2146422270,676856834,"[3, 13, 16, 50, 60, 91, 142, 154, 170, 182, 184, 192, 193, 205, 226, 233, 271, 290, 308, 315, 325, 357, 378, 389, 398, 421, 457, 471, 500, 568]","[587, 467, 287, 437, 289, 26, 260, 430, 535, 268, 441, 366, 491, 496, 179, 41, 236, 527, 288, 280, 459, 380, 15, 148, 578, 65, 413, 154, 46, 376]",600,30,0.7,,,,,2.0,0.005,,,5.881666666666667,0.49856041369120474,0.9966666666666667,0.10666666666666667,6.266666666666667,0.0017652838972659836,0.004913968567926154,0.2649122807017544,0.04035087719298246,0.0035087719298245615,0.0,1.9173989455184535,4.0,0.0017543859649122807,0.3894736842105263,10.81578947368421,0.24605023784893967,0.5415780223846083,0.00487082037685219,3.668965517241379,0.7979009174767442,0.0912280701754386,0.963157894736842,0.965,0.917100541992113,30,False,2484.0
3,paper,paper_2,2,41,2146422270,3680400869,"[30, 44, 52, 65, 75, 91, 109, 113, 145, 173, 190, 220, 260, 267, 297, 310, 324, 335, 343, 363, 366, 388, 399, 422, 439, 461, 494, 537, 560, 585]","[584, 265, 466, 42, 221, 26, 528, 547, 502, 448, 555, 329, 328, 570, 388, 76, 192, 391, 406, 38, 250, 273, 84, 258, 210, 508, 105, 421, 394, 239]",600,30,0.7,,,,,2.0,0.005,,,5.881666666666667,0.49856041369120474,0.9966666666666667,0.10666666666666667,6.7,0.001866776281499516,0.00802897138229253,0.2824561403508772,0.04035087719298246,0.0017543859649122807,0.0,1.8435852372583479,4.0,0.0017543859649122807,0.3684210526315789,10.677192982456141,0.2515952804666639,0.5174421114297166,0.004482793778605774,3.7586206896551726,0.9095125138393827,0.0982456140350877,0.9719298245614036,0.9733333333333334,0.9144880409585312,30,False,2482.0
3,paper,paper_2,2,42,2146422270,2833825996,"[9, 10, 48, 74, 116, 122, 129, 173, 179, 184, 195, 240, 256, 265, 302, 305, 341, 354, 377, 380, 382, 442, 448, 458, 500, 515, 519, 581, 588, 596]","[499, 156, 397, 443, 303, 486, 346, 448, 248, 441, 53, 403, 283, 36, 596, 136, 4, 497, 71, 117, 383, 518, 56, 418, 46, 371, 521, 436, 456, 118]",600,30,0.7,,,,,2.0,0.005,,,5.881666666666667,0.49856041369120474,0.9966666666666667,0.10666666666666667,5.9,0.001668767324238609,0.003539627884312478,0.2614035087719298,0.02631578947368421,0.0017543859649122807,0.0,1.9103690685413006,4.0,0.0017543859649122807,0.34912280701754383,10.329824561403509,0.23659126314724094,0.5470354268800296,0.0033953348507101038,3.7011494252873565,0.8596481105528219,0.0912280701754386,0.9824561403508772,0.9833333333333332,0.9073917500209064,30,False,2484.0
3,paper,paper_2,2,43,2146422270,1126624157,"[1, 30, 52, 57, 65, 79, 97, 98, 107, 165, 166, 172, 210, 231, 243, 250, 264, 289, 306, 315, 339, 347, 369, 414, 433, 434, 469, 476, 541, 588]","[520, 584, 466, 567, 42, 335, 222, 74, 359, 223, 367, 294, 483, 316, 286, 24, 498, 237, 282, 280, 352, 133, 94, 281, 164, 245, 228, 401, 218, 456]",600,30,0.7,,,,,2.0,0.005,,,5.881666666666667,0.49856041369120474,0.9966666666666667,0.10666666666666667,6.5,0.0017943145682296116,0.004468259393464859,0.256140350877193,0.054385964912280704,0.012280701754385965,0.0,1.936731107205624,4.0,0.0017543859649122807,0.4087719298245614,11.710526315789474,0.24156400144819778,0.5545154626460703,0.009984915394598321,3.4597701149425286,0.8256482096553378,0.1105263157894736,0.9649122807017544,0.9666666666666668,0.5642150409985334,18,True,2484.0
3,paper,paper_2,2,44,2146422270,3108209750,"[90, 96, 105, 114, 151, 152, 154, 156, 167, 206, 219, 222, 240, 267, 300, 315, 320, 367, 406, 409, 428, 452, 468, 497, 547, 553, 559, 573, 590, 591]","[473, 315, 220, 75, 525, 266, 430, 416, 532, 176, 449, 364, 403, 570, 512, 280, 279, 163, 504, 85, 246, 546, 482, 411, 500, 350, 32, 208, 553, 130]",600,30,0.7,,,,,2.0,0.005,,,5.881666666666667,0.49856041369120474,0.9966666666666667,0.10666666666666667,6.5,0.001829629267908811,0.005366694964897239,0.29473684210526313,0.03684210526315789,0.0,0.0,1.8137082601054482,3.0,0.0017543859649122807,0.41403508771929826,11.012280701754387,0.26429604150006725,0.4993247618166682,0.003927446980185317,3.698850574712644,0.8339326714003868,0.0947368421052631,0.9736842105263158,0.975,0.5964755420573056,19,True,2482.0
3,paper,paper_2,2,45,2146422270,1119060089,"[11, 23, 29, 72, 83, 97, 104, 122, 140, 155, 189, 206, 226, 307, 311, 317, 334, 343, 368, 393, 428, 446, 452, 476, 503, 531, 536, 541, 546, 563]","[363, 91, 291, 417, 202, 222, 201, 486, 341, 39, 465, 176, 179, 140, 58, 573, 242, 406, 43, 351, 246, 538, 546, 401, 592, 488, 67, 218, 331, 515]",600,30,0.7,,,,,2.0,0.005,,,5.881666666666667,0.49856041369120474,0.9966666666666667,0.10666666666666667,6.133333333333334,0.001737930689818547,0.005432875933627427,0.27017543859649124,0.03859649122807018,0.0035087719298245615,0.0,1.9210526315789473,4.0,0.0,0.32280701754385965,9.526315789473685,0.24469996704868843,0.5345296457311997,0.004793494588381627,3.7660098522167487,0.8646489267100848,0.0789473684210526,0.2298245614035087,0.2683333333333333,0.9391232499619946,30,False,1512.0
3,paper,paper_2,2,46,2146422270,2104181196,"[19, 33, 59, 90, 115, 131, 137, 154, 177, 180, 184, 201, 239, 308, 310, 333, 336, 364, 369, 395, 404, 416, 419, 446, 447, 461, 462, 494, 508, 551]","[234, 598, 88, 473, 480, 332, 439, 430, 17, 257, 441, 152, 81, 288, 76, 461, 591, 399, 94, 60, 444, 150, 492, 538, 126, 508, 86, 105, 27, 462]",600,30,0.7,,,,,2.0,0.005,,,5.881666666666667,0.49856041369120474,0.9966666666666667,0.10666666666666667,6.5,0.0017999183191680765,0.005735573998283361,0.256140350877193,0.054385964912280704,0.005263157894736842,0.0,1.9560632688927944,4.0,0.0017543859649122807,0.3631578947368421,10.749122807017544,0.24080488379093476,0.554589461351093,0.00804018046792248,3.6528735632183906,0.858748528541705,0.0842105263157894,0.9824561403508772,0.9833333333333332,0.930009917006828,30,False,2482.0
3,paper,paper_2,2,47,2146422270,4291290660,"[32, 41, 54, 125, 147, 154, 155, 171, 190, 245, 247, 270, 297, 313, 340, 357, 380, 384, 386, 409, 430, 472, 486, 490, 499, 521, 524, 554, 558, 573]","[478, 293, 455, 308, 12, 430, 39, 564, 555, 507, 378, 209, 388, 112, 134, 380, 117, 506, 558, 85, 175, 13, 450, 326, 577, 89, 522, 337, 297, 208]",600,30,0.7,,,,,2.0,0.005,,,5.881666666666667,0.49856041369120474,0.9966666666666667,0.10666666666666667,4.966666666666667,0.001444127876956579,0.0031382445424019824,0.21403508771929824,0.021052631578947368,0.005263157894736842,0.0,2.038664323374341,4.0,0.0017543859649122807,0.2754385964912281,9.69122807017544,0.20064446876108477,0.6186168408719515,0.005602868696174984,3.7908045977011495,0.8596481105528219,0.0719298245614035,0.4280701754385965,0.4566666666666666,0.935994541971013,30,False,1736.0
3,paper,paper_2,2,48,2146422270,1990407447,"[36, 61, 80, 99, 107, 136, 137, 242, 243, 264, 306, 307, 323, 348, 351, 376, 408, 411, 429, 443, 520, 527, 535, 545, 548, 550, 556, 559, 563, 594]","[503, 206, 472, 542, 359, 565, 439, 471, 286, 498, 282, 140, 595, 490, 23, 562, 292, 197, 121, 370, 360, 361, 373, 48, 33, 414, 238, 32, 515, 495]",600,30,0.7,,,,,2.0,0.005,,,5.881666666666667,0.49856041369120474,0.9966666666666667,0.10666666666666667,5.566666666666666,0.0015848661451738624,0.004865360534599526,0.23859649122807017,0.03333333333333333,0.0035087719298245615,0.0,1.9560632688927944,4.0,0.0017543859649122807,0.3350877192982456,9.810526315789474,0.22128316998302425,0.5809699996916721,0.004673442776891052,3.9632183908045975,0.9012033346475105,0.0771929824561403,0.9666666666666668,0.9683333333333334,0.9152202080003916,30,False,2482.0
3,paper,paper_2,2,49,2146422270,3388814785,"[5, 42, 67, 86, 88, 97, 132, 133, 148, 155, 257, 264, 268, 299, 302, 335, 361, 370, 373, 389, 433, 459, 465, 470, 497, 504, 508, 528, 572, 584]","[25, 11, 92, 327, 182, 222, 419, 275, 174, 39, 325, 498, 309, 408, 596, 391, 212, 217, 168, 148, 164, 572, 519, 116, 411, 347, 27, 510, 374, 37]",600,30,0.7,,,,,2.0,0.005,,,5.881666666666667,0.49856041369120474,0.9966666666666667,0.10666666666666667,5.666666666666667,0.0016077532023760217,0.003585591546011415,0.23859649122807017,0.028070175438596492,0.007017543859649123,0.0,1.9736379613356767,4.0,0.0017543859649122807,0.3333333333333333,10.703508771929824,0.22307399728227653,0.5807171707828447,0.005983971328798915,3.6666666666666665,0.7896164557316953,0.0859649122807017,0.9736842105263158,0.975,0.8911344580119476,30,False,2486.0
3,paper,paper_3,3,0,2417266950,1432355720,"[32, 53, 63, 65, 100, 125, 139, 143, 145, 180, 184, 202, 252, 283, 290, 318, 330, 355, 362, 364, 418, 442, 487, 527, 533, 546, 549, 560, 569, 587]","[142, 137, 110, 147, 84, 268, 326, 162, 574, 347, 525, 333, 86, 428, 392, 303, 375, 261, 104, 44, 232, 548, 281, 94, 393, 430, 582, 386, 296, 365]",600,30,0.7,,,,,2.0,0.005,,,5.926666666666666,0.4956186174431232,0.9933333333333333,0.15666666666666668,5.866666666666666,0.0016767056985939853,0.004694539346502428,0.25263157894736843,0.03859649122807018,0.0035087719298245615,0.0,1.9151943462897527,4.0,0.007017543859649123,0.3175438596491228,9.866666666666667,0.23624017790925184,0.5596953719976567,0.005268679558740411,3.7586206896551726,0.7489399711858126,0.0912280701754386,0.975438596491228,0.9766666666666668,0.916561417048797,30,False,2452.0
3,paper,paper_3,3,1,2417266950,2590953961,"[56, 84, 104, 109, 121, 166, 237, 253, 266, 282, 298, 308, 338, 340, 349, 371, 375, 389, 396, 399, 402, 403, 408, 457, 506, 517, 524, 534, 556, 582]","[292, 118, 257, 462, 197, 508, 502, 33, 416, 269, 248, 59, 96, 49, 271, 15, 39, 210, 270, 205, 111, 481, 206, 288, 47, 550, 175, 188, 419, 578]",600,30,0.7,,,,,2.0,0.005,,,5.926666666666666,0.4956186174431232,0.9933333333333333,0.15666666666666668,6.3,0.0017492808622183666,0.004767407183843457,0.27017543859649124,0.03508771929824561,0.0017543859649122807,0.0,1.8869257950530036,4.0,0.007017543859649123,0.3649122807017544,11.043859649122806,0.24335560375441062,0.5344988129374403,0.004397188500137025,3.6528735632183906,0.7898653683761134,0.0789473684210526,0.9859649122807016,0.9866666666666668,0.9007735829800368,30,False,2452.0
3,paper,paper_3,3,2,2417266950,1159797655,"[49, 105, 196, 211, 218, 221, 248, 269, 280, 291, 316, 324, 328, 329, 336, 352, 359, 382, 383, 423, 431, 454, 458, 463, 467, 506, 507, 517, 542, 586]","[215, 513, 349, 153, 105, 237, 16, 254, 319, 67, 503, 320, 396, 134, 122, 565, 145, 164, 204, 184, 154, 331, 340, 533, 7, 47, 339, 550, 11, 106]",600,30,0.7,,,,,2.0,0.005,,,5.926666666666666,0.4956186174431232,0.9933333333333333,0.15666666666666668,5.833333333333333,0.0016560634257915606,0.005667310999795666,0.24736842105263157,0.04035087719298246,0.007017543859649123,0.0,1.9381625441696113,4.0,0.007017543859649123,0.32105263157894737,9.929824561403509,0.23003812023642417,0.5679153948139241,0.0055249150743411895,3.8091954022988506,0.6954902831437663,0.0912280701754386,0.980701754385965,0.9816666666666668,0.9121022500330582,30,False,2452.0
3,paper,paper_3,3,3,2417266950,558432482,"[31, 45, 103, 147, 163, 193, 215, 233, 243, 251, 265, 269, 297, 302, 339, 389, 406, 415, 433, 455, 485, 519, 522, 545, 551, 564, 579, 583, 588, 592]","[395, 351, 165, 75, 69, 498, 378, 258, 528, 368, 40, 254, 157, 322, 53, 210, 276, 285, 353, 518, 506, 568, 598, 253, 571, 440, 196, 314, 306, 358]",600,30,0.7,,,,,2.0,0.005,,,5.926666666666666,0.4956186174431232,0.9933333333333333,0.15666666666666668,4.5,0.0013212929363746373,0.0030329354320872016,0.20350877192982456,0.01929824561403509,0.007017543859649123,0.0,2.0246478873239435,4.0,0.0035087719298245615,0.24912280701754386,8.771929824561404,0.1898071638282363,0.6353528813245768,0.004319409836651216,3.9761904761904763,0.8231410594015546,0.0614035087719298,0.2017543859649122,0.2416666666666666,0.9492518750485032,30,False,1532.0
3,paper,paper_3,3,4,2417266950,3162953396,"[5, 19, 23, 130, 169, 171, 234, 249, 279, 302, 318, 353, 371, 403, 410, 412, 415, 425, 431, 433, 448, 461, 474, 483, 508, 544, 558, 571, 576, 587]","[413, 388, 28, 586, 98, 596, 102, 469, 417, 322, 303, 312, 15, 481, 287, 399, 285, 168, 154, 353, 454, 214, 216, 403, 587, 10, 489, 88, 66, 365]",600,30,0.7,,,,,2.0,0.005,,,5.926666666666666,0.4956186174431232,0.9933333333333333,0.15666666666666668,4.966666666666667,0.0014425042481018455,0.004103129750057531,0.21754385964912282,0.02280701754385965,0.007017543859649123,0.0,1.9894179894179893,4.0,0.005263157894736842,0.2754385964912281,9.098245614035088,0.20238352099188767,0.6132272685228009,0.004753762502241204,3.9285714285714284,0.8539382742719016,0.0736842105263157,0.1578947368421052,0.2,0.9264389590825886,30,True,1496.0
3,paper,paper_3,3,5,2417266950,80800585,"[5, 6, 8, 14, 49, 109, 205, 206, 221, 253, 259, 264, 266, 278, 298, 303, 309, 339, 359, 362, 391, 393, 412, 418, 445, 455, 490, 534, 577, 590]","[413, 441, 446, 341, 215, 462, 148, 382, 237, 33, 348, 547, 416, 115, 248, 43, 432, 53, 145, 104, 140, 21, 399, 232, 338, 518, 519, 188, 480, 542]",600,30,0.7,,,,,2.0,0.005,,,5.926666666666666,0.4956186174431232,0.9933333333333333,0.15666666666666668,6.066666666666666,0.0016984379449427797,0.005430010969319537,0.27017543859649124,0.03333333333333333,0.005263157894736842,0.0,1.901060070671378,4.0,0.007017543859649123,0.35789473684210527,9.926315789473684,0.2417587868144833,0.5350599697838622,0.004192990313951169,3.9379310344827587,0.7033369710748943,0.0859649122807017,0.9789473684210528,0.98,0.8953687079483643,30,False,2452.0
3,paper,paper_3,3,6,2417266950,509173964,"[20, 45, 59, 66, 108, 136, 140, 146, 191, 286, 299, 316, 329, 337, 364, 374, 395, 411, 428, 442, 453, 490, 504, 512, 546, 547, 557, 559, 587, 591]","[500, 351, 29, 150, 435, 424, 530, 70, 495, 451, 238, 503, 134, 398, 44, 493, 272, 199, 376, 548, 163, 519, 363, 595, 430, 507, 6, 311, 365, 64]",600,30,0.7,,,,,2.0,0.005,,,5.926666666666666,0.4956186174431232,0.9933333333333333,0.15666666666666668,5.8,0.0016372994583955997,0.004536152095872589,0.2649122807017544,0.028070175438596492,0.0017543859649122807,0.0,1.901060070671378,4.0,0.007017543859649123,0.3473684210526316,10.775438596491227,0.2403200135716967,0.5418555175284433,0.003998884020502469,3.682758620689655,0.7651517938905993,0.0771929824561403,0.9736842105263158,0.975,0.901891874964349,30,False,2450.0
3,paper,paper_3,3,7,2417266950,1384712651,"[19, 87, 91, 109, 124, 160, 163, 213, 241, 250, 254, 281, 284, 291, 296, 300, 308, 318, 327, 331, 343, 369, 390, 463, 484, 510, 544, 580, 586, 588]","[388, 325, 42, 462, 373, 583, 69, 541, 17, 244, 221, 158, 91, 67, 32, 431, 59, 303, 466, 562, 52, 471, 546, 533, 85, 135, 10, 113, 106, 306]",600,30,0.7,,,,,2.0,0.005,,,5.926666666666666,0.4956186174431232,0.9933333333333333,0.15666666666666668,5.8,0.0016348810506307569,0.003851102375836197,0.24561403508771928,0.02982456140350877,0.007017543859649123,0.0,1.9540636042402826,4.0,0.007017543859649123,0.3105263157894737,10.157894736842104,0.22705372930123896,0.5703141861684087,0.00482071971182679,3.7701149425287355,0.8368744059512473,0.075438596491228,0.9789473684210528,0.98,0.9008385420311242,30,False,2452.0
3,paper,paper_3,3,8,2417266950,1946806588,"[3, 4, 11, 36, 102, 121, 131, 202, 214, 216, 244, 246, 296, 306, 313, 323, 347, 394, 411, 414, 429, 456, 476, 485, 493, 505, 519, 525, 575, 583]","[556, 0, 247, 415, 590, 197, 442, 333, 557, 397, 2, 459, 32, 321, 143, 120, 177, 381, 199, 330, 555, 217, 226, 506, 51, 439, 568, 461, 383, 314]",600,30,0.7,,,,,2.0,0.005,,,5.926666666666666,0.4956186174431232,0.9933333333333333,0.15666666666666668,6.566666666666666,0.001834715617434604,0.004045997089768498,0.29473684210526313,0.04035087719298246,0.0035087719298245615,0.0,1.842756183745583,4.0,0.007017543859649123,0.36140350877192984,11.182456140350878,0.2659929560389313,0.499170597847871,0.005343135655135228,3.5632183908045976,0.7959490087609464,0.0859649122807017,0.9789473684210528,0.98,0.91260504105594,30,False,2452.0
3,paper,paper_3,3,9,2417266950,4071549469,"[9, 20, 21, 31, 45, 61, 71, 74, 101, 135, 193, 208, 214, 228, 252, 258, 269, 270, 277, 290, 293, 378, 383, 385, 392, 483, 518, 567, 585, 595]","[563, 500, 45, 395, 351, 467, 275, 289, 31, 54, 498, 390, 557, 553, 86, 201, 254, 176, 516, 392, 515, 332, 204, 328, 474, 403, 359, 457, 473, 38]",600,30,0.7,,,,,2.0,0.005,,,5.926666666666666,0.4956186174431232,0.9933333333333333,0.15666666666666668,4.766666666666667,0.0013925056254280755,0.0026945825522357567,0.21052631578947367,0.031578947368421054,0.005263157894736842,0.0,2.019400352733686,4.0,0.005263157894736842,0.2754385964912281,9.064912280701755,0.20149381062267888,0.624006413221102,0.006197742232224991,3.8669950738916254,0.7280505455604085,0.0684210526315789,0.2894736842105263,0.325,0.9359422500710934,30,False,1622.0
3,paper,paper_3,3,10,2417266950,2021919780,"[3, 8, 48, 61, 63, 87, 89, 94, 107, 120, 126, 133, 141, 190, 212, 258, 271, 283, 295, 302, 360, 362, 399, 421, 438, 487, 517, 560, 575, 594]","[556, 446, 236, 467, 110, 325, 520, 97, 482, 12, 400, 27, 128, 251, 267, 201, 591, 428, 178, 322, 478, 104, 205, 156, 297, 281, 550, 386, 383, 599]",600,30,0.7,,,,,2.0,0.005,,,5.926666666666666,0.4956186174431232,0.9933333333333333,0.15666666666666668,5.8,0.001636935939279196,0.0034813509727983556,0.2543859649122807,0.028070175438596492,0.005263157894736842,0.0,1.927689594356261,4.0,0.005263157894736842,0.33157894736842103,10.53859649122807,0.23201343016888898,0.5573520796719391,0.004881275474581762,3.5689655172413794,0.8718541882084235,0.0859649122807017,0.9789473684210528,0.98,0.9154805419966578,30,False,2452.0
3,paper,paper_3,3,11,2417266950,2913505330,"[1, 2, 5, 13, 54, 63, 79, 102, 108, 151, 241, 275, 303, 315, 324, 334, 362, 366, 372, 381, 399, 426, 437, 452, 471, 478, 482, 488, 541, 548]","[543, 202, 413, 356, 384, 110, 186, 590, 435, 103, 17, 126, 43, 343, 320, 594, 104, 229, 87, 219, 205, 532, 559, 570, 487, 588, 323, 558, 409, 224]",600,30,0.7,,,,,2.0,0.005,,,5.926666666666666,0.4956186174431232,0.9933333333333333,0.15666666666666668,5.6,0.0015989839283702483,0.004157604762548248,0.24210526315789474,0.031578947368421054,0.005263157894736842,0.0,1.9452296819787986,4.0,0.007017543859649123,0.34385964912280703,10.128070175438596,0.2260898973735628,0.5754077636974686,0.005839761433067721,3.829885057471264,0.7766270573602088,0.0842105263157894,0.9157894736842104,0.92,0.936432332964614,30,False,2392.0
3,paper,paper_3,3,12,2417266950,1572506933,"[2, 3, 6, 11, 33, 37, 69, 77, 159, 221, 223, 246, 256, 258, 264, 265, 309, 319, 330, 353, 362, 383, 392, 424, 471, 485, 522, 544, 578, 588]","[202, 556, 441, 247, 243, 234, 78, 580, 527, 237, 209, 459, 284, 201, 547, 40, 432, 465, 375, 312, 104, 204, 474, 414, 487, 506, 598, 10, 198, 306]",600,30,0.7,,,,,2.0,0.005,,,5.926666666666666,0.4956186174431232,0.9933333333333333,0.15666666666666668,5.2,0.0015029806860350722,0.0030607901233344775,0.23157894736842105,0.01929824561403509,0.0017543859649122807,0.0,1.96113074204947,4.0,0.007017543859649123,0.30350877192982456,9.549122807017543,0.21088270978975623,0.591927974593778,0.0029466954683139163,3.8551724137931034,0.7299750298671545,0.0789473684210526,0.9824561403508772,0.9833333333333332,0.9154452079674228,30,False,2452.0
3,paper,paper_3,3,13,2417266950,1535492302,"[55, 88, 128, 141, 167, 168, 220, 245, 248, 251, 281, 285, 297, 315, 335, 338, 355, 365, 370, 397, 432, 443, 469, 503, 514, 525, 527, 528, 546, 575]","[592, 567, 484, 128, 169, 427, 433, 453, 16, 368, 158, 283, 157, 343, 299, 96, 261, 317, 190, 81, 301, 146, 402, 464, 107, 461, 94, 492, 430, 383]",600,30,0.7,,,,,2.0,0.005,,,5.926666666666666,0.4956186174431232,0.9933333333333333,0.15666666666666668,5.833333333333333,0.001639395734231683,0.0037962696495962623,0.2596491228070175,0.04035087719298246,0.0,0.0,1.931095406360424,4.0,0.007017543859649123,0.3280701754385965,10.014035087719298,0.24046656124716204,0.5494897172632812,0.004138960018270363,3.7977011494252872,0.8208829763214712,0.075438596491228,0.2719298245614035,0.3083333333333333,0.9202823749510572,30,False,1582.0
3,paper,paper_3,3,14,2417266950,3852002652,"[32, 50, 52, 55, 57, 64, 82, 84, 98, 106, 133, 141, 157, 164, 184, 217, 237, 276, 321, 337, 382, 438, 447, 472, 490, 532, 555, 592, 593, 597]","[142, 369, 522, 592, 149, 239, 406, 118, 58, 342, 27, 128, 423, 366, 525, 455, 502, 171, 447, 398, 164, 297, 262, 310, 519, 19, 159, 358, 443, 230]",600,30,0.7,,,,,2.0,0.005,,,5.926666666666666,0.4956186174431232,0.9933333333333333,0.15666666666666668,5.633333333333334,0.0016175246741022826,0.0037255263393551606,0.24385964912280703,0.03684210526315789,0.0017543859649122807,0.0,1.9257950530035335,3.0,0.007017543859649123,0.312280701754386,9.526315789473685,0.22747758445803087,0.5729103074029538,0.004937129582160008,3.9632183908045975,0.8004885862298551,0.0561403508771929,0.2263157894736842,0.265,0.926380250020884,30,False,1580.0
3,paper,paper_3,3,15,2417266950,2993037313,"[36, 134, 136, 144, 159, 176, 179, 197, 220, 247, 248, 270, 272, 307, 319, 329, 332, 364, 403, 405, 418, 460, 485, 508, 509, 529, 559, 560, 587, 599]","[415, 496, 424, 180, 527, 410, 387, 302, 433, 133, 16, 176, 22, 92, 465, 134, 50, 44, 481, 295, 232, 62, 506, 587, 411, 552, 311, 386, 365, 189]",600,30,0.7,,,,,2.0,0.005,,,5.926666666666666,0.4956186174431232,0.9933333333333333,0.15666666666666668,5.6,0.0016060509049351153,0.004004320820141855,0.256140350877193,0.02982456140350877,0.0017543859649122807,0.0,1.9028268551236749,4.0,0.007017543859649123,0.2964912280701754,9.871929824561404,0.23371884730475323,0.5547806246724015,0.0038734231736260137,3.8873563218390803,0.8121608314657331,0.0859649122807017,0.975438596491228,0.9766666666666668,0.8951892079785466,30,False,2452.0
3,paper,paper_3,3,16,2417266950,1676879992,"[3, 24, 36, 43, 46, 61, 62, 66, 72, 90, 93, 100, 173, 204, 206, 228, 278, 290, 308, 348, 365, 382, 391, 467, 470, 476, 477, 552, 595, 596]","[556, 277, 415, 279, 448, 467, 255, 150, 233, 95, 225, 84, 246, 18, 382, 553, 115, 392, 59, 505, 317, 164, 140, 7, 203, 226, 472, 434, 38, 367]",600,30,0.7,,,,,2.0,0.005,,,5.926666666666666,0.4956186174431232,0.9933333333333333,0.15666666666666668,6.333333333333333,0.001785222721524058,0.004476481256515694,0.26666666666666666,0.03684210526315789,0.005263157894736842,0.0,1.9045936395759717,4.0,0.007017543859649123,0.3543859649122807,10.189473684210526,0.2449812827414958,0.539160731353868,0.004932925138433839,3.767816091954023,0.7898653683761134,0.1070175438596491,0.9789473684210528,0.98,0.905460083973594,30,False,2452.0
3,paper,paper_3,3,17,2417266950,1687374963,"[17, 23, 38, 56, 80, 82, 95, 126, 141, 163, 175, 179, 182, 183, 228, 254, 257, 281, 290, 319, 334, 350, 360, 363, 372, 420, 446, 463, 516, 525]","[144, 28, 531, 292, 420, 406, 161, 400, 128, 69, 139, 387, 112, 56, 553, 221, 426, 158, 392, 465, 594, 30, 478, 116, 87, 57, 463, 533, 89, 461]",600,30,0.7,,,,,2.0,0.005,,,5.926666666666666,0.4956186174431232,0.9933333333333333,0.15666666666666668,5.433333333333334,0.0015457885441138193,0.0037928329516188,0.23859649122807017,0.03333333333333333,0.0035087719298245615,0.0,1.9717813051146384,4.0,0.005263157894736842,0.3087719298245614,9.847368421052632,0.22251221259924422,0.5808096691641229,0.004691748226230985,3.7364532019704435,0.7660038395064669,0.0807017543859649,0.9736842105263158,0.975,0.9208296668948606,30,False,2450.0
3,paper,paper_3,3,18,2417266950,4178823340,"[19, 43, 67, 72, 80, 106, 138, 166, 200, 234, 246, 257, 258, 259, 277, 305, 353, 356, 362, 380, 398, 438, 466, 471, 478, 496, 519, 530, 543, 597]","[388, 279, 537, 233, 420, 342, 450, 508, 346, 102, 459, 426, 201, 348, 516, 316, 312, 79, 104, 191, 476, 297, 240, 487, 588, 278, 568, 523, 308, 230]",600,30,0.7,,,,,2.0,0.005,,,5.926666666666666,0.4956186174431232,0.9933333333333333,0.15666666666666668,5.866666666666666,0.0016599367071570834,0.003569993880662989,0.24736842105263157,0.04035087719298246,0.0035087719298245615,0.0,1.941696113074205,4.0,0.007017543859649123,0.3385964912280702,10.108771929824561,0.23183657783481001,0.5675639009650665,0.006180409628685491,3.7632183908045977,0.7728015000554591,0.0596491228070175,0.1824561403508772,0.2233333333333333,0.9182579999323934,30,False,1520.0
3,paper,paper_3,3,19,2417266950,3499847445,"[1, 46, 50, 74, 82, 127, 165, 169, 184, 236, 244, 248, 268, 271, 286, 288, 320, 333, 335, 441, 442, 473, 542, 549, 550, 553, 565, 583, 588, 597]","[543, 448, 369, 289, 406, 274, 61, 98, 525, 220, 2, 16, 256, 591, 451, 65, 566, 315, 299, 309, 548, 404, 11, 582, 223, 130, 259, 314, 306, 230]",600,30,0.7,,,,,2.0,0.005,,,5.926666666666666,0.4956186174431232,0.9933333333333333,0.15666666666666668,6.266666666666667,0.0017314290866436294,0.005537235644337594,0.26666666666666666,0.043859649122807015,0.005263157894736842,0.0,1.9081272084805654,4.0,0.007017543859649123,0.3912280701754386,11.301754385964912,0.2467679581793454,0.5391483982363642,0.006737600767973352,3.659770114942529,0.7101346316238865,0.0719298245614035,0.936842105263158,0.94,0.8858252079226077,30,False,2406.0
3,paper,paper_3,3,20,2417266950,529226347,"[10, 25, 49, 57, 115, 155, 162, 163, 186, 189, 202, 219, 230, 264, 275, 288, 314, 347, 378, 410, 425, 469, 494, 515, 536, 545, 552, 588, 597, 599]","[534, 260, 215, 149, 23, 514, 458, 69, 25, 125, 333, 5, 389, 547, 126, 65, 418, 177, 332, 287, 168, 402, 437, 521, 371, 253, 434, 306, 230, 189]",600,30,0.7,,,,,2.0,0.005,,,5.926666666666666,0.4956186174431232,0.9933333333333333,0.15666666666666668,5.7,0.001603273839034066,0.003686647219140227,0.23508771929824562,0.04736842105263158,0.005263157894736842,0.0,1.9840989399293287,4.0,0.007017543859649123,0.3526315789473684,10.578947368421053,0.2253256476623379,0.5859464126044461,0.007488335419369902,3.632183908045977,0.7120591159306325,0.0771929824561403,0.2631578947368421,0.3,0.9767380410339684,30,False,1646.0
3,paper,paper_3,3,21,2417266950,2625313942,"[52, 57, 76, 133, 144, 182, 193, 212, 292, 304, 315, 346, 354, 370, 373, 379, 404, 406, 407, 413, 427, 428, 444, 467, 480, 482, 550, 558, 572, 575]","[522, 149, 504, 27, 180, 112, 498, 267, 470, 318, 343, 483, 510, 190, 408, 136, 266, 276, 485, 344, 468, 376, 436, 7, 377, 323, 223, 489, 249, 383]",600,30,0.7,,,,,2.0,0.005,,,5.926666666666666,0.4956186174431232,0.9933333333333333,0.15666666666666668,5.8,0.001646598581522731,0.004549557557596348,0.25087719298245614,0.03333333333333333,0.007017543859649123,0.0,1.962962962962963,4.0,0.005263157894736842,0.32105263157894737,9.740350877192983,0.2306157867549451,0.5625196559060216,0.005972526834595799,3.7192118226600983,0.7428563308009796,0.0929824561403508,0.9017543859649124,0.9066666666666666,0.911527416901663,30,False,2332.0
3,paper,paper_3,3,22,2417266950,2573316716,"[3, 27, 32, 149, 162, 179, 208, 209, 230, 293, 294, 325, 336, 350, 364, 387, 406, 429, 441, 444, 454, 479, 482, 483, 486, 496, 506, 509, 569, 591]","[556, 212, 142, 73, 458, 387, 390, 291, 389, 515, 551, 235, 122, 30, 44, 429, 276, 555, 309, 436, 331, 8, 323, 403, 445, 278, 47, 411, 296, 64]",600,30,0.7,,,,,2.0,0.005,,,5.926666666666666,0.4956186174431232,0.9933333333333333,0.15666666666666668,6.066666666666666,0.001702808025339952,0.005364791590990163,0.256140350877193,0.02982456140350877,0.0017543859649122807,0.0,1.90652557319224,4.0,0.005263157894736842,0.34210526315789475,10.81578947368421,0.23348479121007037,0.5547621249961459,0.00388519076145851,3.564039408866995,0.7715924443575118,0.0736842105263157,0.4228070175438596,0.4516666666666666,0.9457448750035836,30,False,1750.0
3,paper,paper_3,3,23,2417266950,4268934497,"[20, 37, 89, 136, 162, 168, 169, 215, 225, 231, 243, 259, 274, 319, 322, 344, 349, 351, 379, 385, 417, 422, 424, 428, 431, 441, 478, 491, 574, 587]","[500, 234, 520, 424, 458, 427, 98, 378, 109, 499, 528, 348, 422, 465, 337, 192, 271, 37, 136, 328, 497, 183, 414, 376, 154, 309, 588, 13, 585, 365]",600,30,0.7,,,,,2.0,0.005,,,5.926666666666666,0.4956186174431232,0.9933333333333333,0.15666666666666668,6.2,0.0017298385404172507,0.0047470033032356905,0.2631578947368421,0.0456140350877193,0.0035087719298245615,0.0,1.8816254416961131,4.0,0.007017543859649123,0.38070175438596493,10.750877192982456,0.24443078392085918,0.5443159744704468,0.005604838091973781,3.7011494252873565,0.7247200237894469,0.0964912280701754,0.9771929824561404,0.9783333333333334,0.8876383329043165,30,False,2452.0
3,paper,paper_3,3,24,2417266950,120374944,"[2, 27, 28, 32, 33, 43, 80, 105, 119, 168, 175, 217, 236, 240, 256, 288, 294, 365, 371, 407, 421, 442, 446, 466, 495, 515, 524, 525, 550, 581]","[202, 212, 4, 142, 243, 279, 420, 513, 185, 427, 139, 455, 220, 264, 284, 65, 551, 317, 15, 485, 156, 548, 463, 240, 74, 521, 175, 461, 223, 544]",600,30,0.7,,,,,2.0,0.005,,,5.926666666666666,0.4956186174431232,0.9933333333333333,0.15666666666666668,5.9,0.001648516400349464,0.004811164352819958,0.25263157894736843,0.04035087719298246,0.0035087719298245615,0.0,1.9240282685512367,4.0,0.007017543859649123,0.35964912280701755,10.856140350877194,0.23324407311699547,0.5600283661702586,0.005620812400731265,3.650574712643678,0.7195487937796812,0.0789473684210526,0.9789473684210528,0.98,0.9141439159866422,30,False,2452.0
3,paper,paper_3,3,25,2417266950,1901505839,"[19, 56, 59, 111, 137, 140, 166, 231, 247, 248, 254, 266, 278, 282, 303, 324, 337, 341, 362, 379, 390, 397, 399, 406, 418, 431, 468, 473, 505, 568]","[388, 292, 29, 579, 539, 530, 508, 499, 133, 16, 221, 416, 115, 269, 43, 320, 398, 60, 104, 136, 546, 81, 205, 276, 232, 154, 300, 404, 439, 561]",600,30,0.7,,,,,2.0,0.005,,,5.926666666666666,0.4956186174431232,0.9933333333333333,0.15666666666666668,5.066666666666666,0.0014656102207385108,0.0030260072020564873,0.22105263157894736,0.03333333333333333,0.0017543859649122807,0.0,2.0035335689045937,4.0,0.007017543859649123,0.2754385964912281,9.298245614035087,0.21085684332847013,0.6075417013535597,0.004484841467600088,3.924137931034483,0.7582161078898988,0.0719298245614035,0.9438596491228072,0.9466666666666668,0.9469989170320332,30,False,2398.0
3,paper,paper_3,3,26,2417266950,1812630673,"[47, 49, 54, 58, 65, 78, 92, 95, 102, 104, 182, 206, 212, 253, 268, 277, 338, 366, 395, 401, 408, 439, 440, 445, 468, 477, 498, 570, 572, 574]","[195, 215, 384, 108, 147, 114, 305, 161, 590, 257, 112, 382, 267, 33, 256, 516, 96, 229, 272, 132, 206, 304, 166, 338, 300, 472, 374, 24, 249, 585]",600,30,0.7,,,,,2.0,0.005,,,5.926666666666666,0.4956186174431232,0.9933333333333333,0.15666666666666668,6.233333333333333,0.0017434890882514224,0.004878111161159934,0.2578947368421053,0.03684210526315789,0.005263157894736842,0.0,1.9452296819787986,4.0,0.007017543859649123,0.3473684210526316,10.336842105263157,0.237607288453904,0.552159837202849,0.005099260571609536,3.7195402298850575,0.7101346316238865,0.1035087719298245,0.9789473684210528,0.98,0.8874254169641063,30,False,2452.0
3,paper,paper_3,3,27,2417266950,3223715717,"[9, 11, 53, 58, 74, 89, 101, 140, 143, 163, 166, 172, 212, 217, 263, 283, 289, 296, 300, 331, 334, 340, 402, 436, 502, 505, 543, 545, 573, 584]","[563, 247, 137, 108, 289, 520, 31, 530, 162, 69, 508, 152, 267, 455, 362, 428, 179, 32, 431, 562, 594, 49, 111, 345, 174, 439, 308, 253, 141, 379]",600,30,0.7,,,,,2.0,0.005,,,5.926666666666666,0.4956186174431232,0.9933333333333333,0.15666666666666668,6.266666666666667,0.0017680743152814061,0.004033911992358824,0.2736842105263158,0.03859649122807018,0.0035087719298245615,0.0,1.8798586572438163,4.0,0.007017543859649123,0.3543859649122807,10.798245614035087,0.2519461150068698,0.5289057441494773,0.004455026417501062,3.8045977011494254,0.7856828009892841,0.0824561403508772,0.2175438596491228,0.2566666666666666,0.9328088340116664,30,False,1562.0
3,paper,paper_3,3,28,2417266950,1952021189,"[14, 19, 33, 39, 65, 80, 87, 96, 113, 127, 138, 149, 162, 202, 207, 239, 269, 272, 279, 298, 303, 350, 370, 433, 468, 475, 481, 490, 495, 563]","[341, 388, 243, 475, 147, 420, 325, 391, 584, 274, 450, 73, 458, 333, 486, 535, 254, 22, 417, 248, 43, 30, 190, 353, 300, 231, 93, 519, 74, 576]",600,30,0.7,,,,,2.0,0.005,,,5.926666666666666,0.4956186174431232,0.9933333333333333,0.15666666666666668,5.1,0.0014645792045085543,0.00323135197491625,0.21929824561403508,0.03333333333333333,0.0017543859649122807,0.0,2.0017605633802815,4.0,0.0035087719298245615,0.2894736842105263,9.291228070175439,0.20610572106756125,0.6104708167607067,0.004563345339207408,3.880952380952381,0.8125178415478127,0.0631578947368421,0.3070175438596491,0.3416666666666667,0.9474688750924544,30,False,1622.0
3,paper,paper_3,3,29,2417266950,1021458472,"[8, 26, 87, 100, 105, 111, 114, 151, 183, 188, 199, 205, 304, 314, 402, 404, 415, 434, 443, 462, 468, 497, 501, 522, 525, 535, 546, 579, 585, 599]","[446, 41, 325, 84, 513, 579, 511, 103, 56, 581, 124, 148, 318, 418, 111, 266, 285, 286, 146, 336, 300, 334, 129, 598, 461, 438, 430, 196, 473, 189]",600,30,0.7,,,,,2.0,0.005,,,5.926666666666666,0.4956186174431232,0.9933333333333333,0.15666666666666668,5.666666666666667,0.001616459589471584,0.004164542874059418,0.26666666666666666,0.031578947368421054,0.0,0.0,1.8904593639575973,4.0,0.007017543859649123,0.3175438596491228,9.63859649122807,0.238379758227519,0.5397588875528012,0.003935102673759661,3.9701149425287356,0.7921234514561966,0.0631578947368421,0.2280701754385964,0.2666666666666666,0.9381275000050664,30,False,1576.0
3,paper,paper_3,3,30,2417266950,3902622064,"[11, 12, 57, 130, 145, 159, 166, 194, 196, 218, 253, 288, 291, 333, 336, 338, 375, 405, 438, 447, 475, 481, 487, 503, 510, 526, 559, 592, 593, 596]","[247, 172, 149, 586, 574, 527, 508, 242, 349, 105, 33, 65, 67, 315, 122, 96, 39, 295, 297, 262, 231, 93, 281, 464, 135, 372, 311, 358, 443, 367]",600,30,0.7,,,,,2.0,0.005,,,5.926666666666666,0.4956186174431232,0.9933333333333333,0.15666666666666668,6.5,0.0018248256951432134,0.005152859237301885,0.28421052631578947,0.043859649122807015,0.0035087719298245615,0.0,1.8515901060070672,4.0,0.007017543859649123,0.356140350877193,10.329824561403509,0.25839671494404143,0.5141121697036969,0.004846391857868318,3.774712643678161,0.7929754970720643,0.0859649122807017,0.3736842105263158,0.405,0.947229832992889,30,False,1688.0
3,paper,paper_3,3,31,2417266950,708543846,"[12, 35, 55, 91, 106, 115, 141, 172, 203, 208, 222, 247, 280, 281, 326, 349, 353, 362, 366, 390, 429, 469, 499, 518, 524, 526, 529, 534, 552, 594]","[172, 491, 592, 42, 342, 23, 128, 152, 250, 390, 46, 133, 319, 158, 569, 271, 312, 104, 229, 546, 555, 402, 488, 359, 175, 372, 552, 188, 434, 599]",600,30,0.7,,,,,2.0,0.005,,,5.926666666666666,0.4956186174431232,0.9933333333333333,0.15666666666666668,6.566666666666666,0.0018172649982370352,0.004995531789386006,0.2964912280701754,0.03859649122807018,0.0,0.0,1.825088339222615,4.0,0.007017543859649123,0.39473684210526316,11.119298245614035,0.26624248995494715,0.4967594733758826,0.0036723682629522273,3.6942528735632183,0.7578590978078192,0.0929824561403508,0.980701754385965,0.9816666666666668,0.9257377919275314,30,False,2452.0
3,paper,paper_3,3,32,2417266950,194666561,"[4, 7, 14, 151, 186, 208, 216, 219, 245, 285, 290, 310, 313, 319, 333, 359, 367, 379, 386, 416, 435, 474, 483, 484, 486, 523, 524, 532, 566, 598]","[0, 564, 341, 103, 25, 390, 397, 5, 453, 283, 392, 167, 143, 465, 315, 145, 524, 136, 460, 193, 324, 216, 403, 85, 445, 170, 175, 19, 35, 421]",600,30,0.7,,,,,2.0,0.005,,,5.926666666666666,0.4956186174431232,0.9933333333333333,0.15666666666666668,6.333333333333333,0.0017308741050543405,0.0061660124422213275,0.24736842105263157,0.05087719298245614,0.010526315789473684,0.0,1.9346289752650176,3.0,0.007017543859649123,0.39649122807017545,11.236842105263158,0.2346802693879616,0.5675947337588259,0.007026057357188371,3.593103448275862,0.7204008393955488,0.0842105263157894,0.9736842105263158,0.975,0.9016939579742028,30,False,2452.0
3,paper,paper_3,3,33,2417266950,1607508382,"[6, 25, 39, 41, 79, 81, 99, 114, 123, 151, 152, 255, 286, 288, 318, 323, 325, 326, 338, 354, 367, 369, 384, 439, 512, 516, 537, 541, 566, 585]","[441, 260, 475, 394, 186, 173, 501, 511, 181, 103, 329, 71, 451, 65, 303, 120, 235, 569, 96, 510, 524, 471, 117, 304, 595, 89, 494, 409, 35, 473]",600,30,0.7,,,,,2.0,0.005,,,5.926666666666666,0.4956186174431232,0.9933333333333333,0.15666666666666668,6.666666666666667,0.0018336775661829975,0.005499270063297368,0.2929824561403509,0.03859649122807018,0.0017543859649122807,0.0,1.823321554770318,4.0,0.007017543859649123,0.38596491228070173,10.873684210526315,0.2608524176396363,0.5019702155212283,0.004338805778362316,3.6666666666666665,0.764079355199721,0.0719298245614035,0.287719298245614,0.3233333333333333,0.9376400409964843,30,False,1618.0
3,paper,paper_3,3,34,2417266950,2379444817,"[3, 97, 115, 120, 139, 141, 173, 180, 193, 203, 225, 247, 276, 302, 310, 315, 327, 364, 381, 445, 460, 477, 511, 514, 521, 548, 558, 567, 587, 592]","[556, 405, 23, 12, 326, 128, 246, 347, 498, 250, 109, 133, 171, 322, 167, 343, 466, 44, 219, 338, 62, 472, 82, 107, 577, 224, 489, 457, 365, 358]",600,30,0.7,,,,,2.0,0.005,,,5.926666666666666,0.4956186174431232,0.9933333333333333,0.15666666666666668,6.233333333333333,0.0017376452670138662,0.006094773116190133,0.27017543859649124,0.03684210526315789,0.0035087719298245615,0.0,1.9225352112676057,4.0,0.0035087719298245615,0.3824561403508772,10.631578947368421,0.24509620658995898,0.5342644837048685,0.004442459301805944,3.558201058201058,0.8506077525009398,0.0807017543859649,0.987719298245614,0.9883333333333332,0.9239759159972892,30,False,2452.0
3,paper,paper_3,3,35,2417266950,4075591040,"[22, 31, 79, 93, 106, 150, 181, 191, 205, 229, 327, 329, 349, 363, 366, 370, 375, 389, 412, 435, 452, 463, 482, 502, 513, 523, 540, 543, 572, 594]","[335, 395, 186, 225, 342, 407, 370, 495, 148, 213, 466, 134, 271, 116, 229, 190, 39, 210, 399, 324, 570, 533, 323, 174, 273, 170, 529, 308, 249, 599]",600,30,0.7,,,,,2.0,0.005,,,5.926666666666666,0.4956186174431232,0.9933333333333333,0.15666666666666668,5.8,0.0016273986206195008,0.0037275137296729714,0.24736842105263157,0.031578947368421054,0.005263157894736842,0.0,1.9381625441696113,4.0,0.007017543859649123,0.3385964912280702,10.536842105263158,0.22879265157317297,0.5676748990226005,0.005237010754252133,3.689655172413793,0.7207578494776283,0.0666666666666666,0.1947368421052631,0.235,0.8201525409240276,24,True,1550.0
3,paper,paper_3,3,36,2417266950,1186987918,"[26, 33, 39, 47, 52, 60, 115, 135, 136, 215, 221, 258, 259, 278, 298, 309, 321, 327, 328, 355, 356, 362, 378, 443, 449, 454, 495, 522, 580, 590]","[41, 243, 475, 195, 522, 9, 23, 54, 424, 378, 237, 201, 348, 115, 248, 432, 447, 466, 396, 261, 79, 104, 332, 146, 90, 331, 74, 598, 113, 542]",600,30,0.7,,,,,2.0,0.005,,,5.926666666666666,0.4956186174431232,0.9933333333333333,0.15666666666666668,4.766666666666667,0.001407847385025023,0.002847327647440726,0.22982456140350876,0.017543859649122806,0.0035087719298245615,0.0,1.9540636042402826,3.0,0.007017543859649123,0.21403508771929824,8.605263157894736,0.21045074107212708,0.5944315974470447,0.0032238897756139136,4.128735632183908,0.8175524545505096,0.0491228070175438,0.1368421052631579,0.18,0.95651608298067,30,False,1432.0
3,paper,paper_3,3,37,2417266950,2741170884,"[9, 34, 54, 57, 73, 111, 124, 140, 148, 184, 210, 214, 216, 232, 270, 285, 304, 320, 373, 380, 419, 438, 442, 449, 479, 480, 487, 506, 542, 587]","[563, 241, 384, 149, 477, 579, 373, 530, 412, 525, 77, 557, 397, 545, 176, 283, 318, 566, 408, 191, 187, 297, 548, 90, 8, 377, 281, 47, 11, 365]",600,30,0.7,,,,,2.0,0.005,,,5.926666666666666,0.4956186174431232,0.9933333333333333,0.15666666666666668,5.9,0.0016945857457615905,0.004083150445903825,0.2649122807017544,0.03333333333333333,0.0017543859649122807,0.0,1.8798586572438163,4.0,0.007017543859649123,0.3385964912280702,10.110526315789473,0.24254203405106806,0.5417691857059168,0.004650089036498773,3.7908045977011495,0.6720447206707594,0.0719298245614035,0.9824561403508772,0.9833333333333332,0.9358452920569108,30,False,2452.0
3,paper,paper_3,3,38,2417266950,440783886,"[4, 11, 32, 38, 40, 61, 116, 161, 186, 214, 238, 249, 259, 265, 300, 316, 360, 363, 366, 377, 404, 407, 419, 427, 463, 465, 490, 502, 521, 590]","[0, 247, 142, 531, 265, 467, 151, 228, 25, 557, 34, 469, 348, 40, 431, 503, 478, 116, 229, 290, 266, 485, 187, 468, 533, 1, 519, 174, 577, 542]",600,30,0.7,,,,,2.0,0.005,,,5.926666666666666,0.4956186174431232,0.9933333333333333,0.15666666666666668,5.8,0.0016363948370379036,0.005441512571007961,0.24736842105263157,0.03859649122807018,0.0017543859649122807,0.0,1.952296819787986,4.0,0.007017543859649123,0.35789473684210527,10.080701754385965,0.22867821358304827,0.567755064286375,0.004835001991276796,3.760919540229885,0.7235343794002418,0.0719298245614035,0.2614035087719298,0.2983333333333333,0.8283150419592857,27,True,1598.0
3,paper,paper_3,3,39,2417266950,296266471,"[9, 30, 43, 68, 70, 74, 94, 143, 159, 179, 198, 234, 258, 267, 277, 298, 359, 395, 405, 430, 435, 448, 453, 489, 515, 518, 566, 587, 590, 593]","[563, 526, 279, 352, 512, 289, 97, 162, 527, 387, 155, 102, 201, 452, 516, 248, 145, 272, 295, 354, 324, 454, 163, 425, 521, 359, 35, 365, 542, 443]",600,30,0.7,,,,,2.0,0.005,,,5.926666666666666,0.4956186174431232,0.9933333333333333,0.15666666666666668,6.5,0.0017998445600433375,0.006532443991969649,0.2754385964912281,0.04035087719298246,0.0035087719298245615,0.0,1.8763250883392226,4.0,0.007017543859649123,0.4,10.989473684210527,0.24815026020093137,0.5271852742577005,0.005568824837800733,3.668965517241379,0.7061135009975079,0.0719298245614035,0.975438596491228,0.9766666666666668,0.9011814170517028,30,False,2452.0
3,paper,paper_3,3,40,2417266950,1535718766,"[37, 38, 46, 102, 155, 204, 251, 253, 283, 292, 296, 311, 334, 343, 366, 386, 393, 400, 402, 404, 409, 422, 424, 438, 486, 507, 518, 546, 565, 576]","[234, 531, 448, 590, 514, 18, 368, 33, 428, 470, 32, 121, 594, 52, 229, 460, 21, 357, 111, 266, 194, 183, 414, 297, 445, 339, 359, 430, 259, 66]",600,30,0.7,,,,,2.0,0.005,,,5.926666666666666,0.4956186174431232,0.9933333333333333,0.15666666666666668,7.233333333333333,0.0019681246486276762,0.005970877063364146,0.30701754385964913,0.05789473684210526,0.007017543859649123,0.0,1.8303886925795052,4.0,0.007017543859649123,0.4666666666666667,12.049122807017543,0.27943633746905944,0.48215089569265873,0.007120546772961278,3.5057471264367814,0.793195890147075,0.1017543859649122,0.9736842105263158,0.975,0.9702594589907676,30,False,2452.0
3,paper,paper_3,3,41,2417266950,428529672,"[23, 24, 35, 40, 83, 87, 89, 97, 99, 110, 123, 134, 145, 157, 166, 191, 194, 295, 317, 338, 364, 400, 405, 423, 441, 442, 475, 515, 535, 571]","[28, 277, 491, 265, 361, 325, 520, 405, 501, 200, 181, 496, 574, 423, 508, 495, 242, 178, 549, 96, 44, 357, 295, 184, 309, 548, 231, 521, 438, 88]",600,30,0.7,,,,,2.0,0.005,,,5.926666666666666,0.4956186174431232,0.9933333333333333,0.15666666666666668,6.4,0.0017890488272780994,0.005744493765022797,0.2736842105263158,0.042105263157894736,0.0,0.0,1.872791519434629,4.0,0.007017543859649123,0.39649122807017545,9.859649122807017,0.24371788878700035,0.5299602256960503,0.004702758288965186,3.9402298850574713,0.8133698871636802,0.0842105263157894,0.9333333333333332,0.9366666666666666,0.9489206250291318,30,False,2388.0
3,paper,paper_3,3,42,2417266950,176615335,"[6, 10, 15, 16, 81, 94, 116, 176, 177, 181, 183, 208, 210, 247, 249, 255, 256, 267, 270, 293, 370, 381, 402, 422, 424, 431, 519, 529, 549, 554]","[441, 534, 263, 14, 173, 97, 151, 410, 517, 370, 56, 390, 77, 133, 469, 71, 284, 452, 176, 515, 190, 219, 111, 183, 414, 154, 568, 552, 582, 280]",600,30,0.7,,,,,2.0,0.005,,,5.926666666666666,0.4956186174431232,0.9933333333333333,0.15666666666666668,5.3,0.0015248489928332359,0.003500676378224989,0.22280701754385965,0.03333333333333333,0.0017543859649122807,0.0,1.971731448763251,4.0,0.007017543859649123,0.32105263157894737,9.822807017543859,0.2107986515370867,0.6049085807665032,0.005515516712271276,3.820689655172414,0.7101346316238866,0.087719298245614,0.2140350877192982,0.2533333333333333,0.9808209580369294,30,False,1522.0
3,paper,paper_3,3,43,2417266950,2742302934,"[4, 14, 36, 58, 69, 115, 148, 152, 162, 167, 184, 206, 222, 235, 267, 273, 301, 337, 353, 395, 402, 416, 438, 452, 468, 473, 478, 546, 555, 577]","[0, 341, 415, 108, 78, 23, 412, 329, 458, 169, 525, 382, 46, 593, 452, 307, 380, 398, 312, 272, 111, 193, 297, 570, 300, 404, 588, 430, 159, 480]",600,30,0.7,,,,,2.0,0.005,,,5.926666666666666,0.4956186174431232,0.9933333333333333,0.15666666666666668,6.733333333333333,0.0018624867577175068,0.005148209812173218,0.2824561403508772,0.04035087719298246,0.005263157894736842,0.0,1.8586572438162545,4.0,0.007017543859649123,0.39473684210526316,11.070175438596491,0.2569800820179565,0.5165109610581815,0.006393989820682047,3.5908045977011493,0.7590681535057664,0.0894736842105263,0.975438596491228,0.9766666666666668,0.969339375034906,30,False,2452.0
3,paper,paper_3,3,44,2417266950,2648988211,"[9, 53, 64, 120, 142, 183, 192, 205, 208, 217, 248, 282, 295, 300, 302, 332, 390, 409, 429, 430, 451, 468, 477, 479, 486, 491, 499, 541, 563, 590]","[563, 137, 239, 12, 26, 56, 138, 148, 390, 455, 16, 269, 178, 431, 322, 50, 546, 194, 555, 354, 48, 300, 472, 8, 445, 13, 488, 409, 576, 542]",600,30,0.7,,,,,2.0,0.005,,,5.926666666666666,0.4956186174431232,0.9933333333333333,0.15666666666666668,4.633333333333334,0.0013683286723960432,0.003049711029268275,0.21052631578947367,0.021052631578947368,0.0017543859649122807,0.0,2.0229276895943564,4.0,0.005263157894736842,0.2,7.919298245614035,0.19582757820108765,0.6242160762186661,0.002953783126196919,4.1330049261083746,0.7749229661284737,0.0561403508771929,0.0807017543859649,0.1266666666666666,1.0262491670437155,30,False,1412.0
3,paper,paper_3,3,45,2417266950,2966389042,"[9, 10, 19, 22, 36, 80, 83, 92, 108, 121, 127, 163, 200, 202, 216, 225, 246, 271, 278, 302, 330, 356, 358, 382, 434, 481, 498, 503, 513, 551]","[563, 534, 388, 335, 415, 420, 361, 305, 435, 197, 274, 69, 346, 333, 397, 109, 459, 591, 115, 322, 375, 79, 538, 164, 286, 93, 374, 464, 273, 571]",600,30,0.7,,,,,2.0,0.005,,,5.926666666666666,0.4956186174431232,0.9933333333333333,0.15666666666666668,5.466666666666667,0.0015973547280292292,0.003945015563645686,0.24561403508771928,0.02456140350877193,0.0035087719298245615,0.0,1.9594356261022927,4.0,0.005263157894736842,0.3087719298245614,9.024561403508772,0.22405649618352946,0.5704930163722135,0.003656220230433124,3.8620689655172415,0.786398229598083,0.0666666666666666,0.1719298245614035,0.2133333333333333,0.984949583071284,30,False,1512.0
3,paper,paper_3,3,46,2417266950,2488704877,"[26, 45, 50, 52, 56, 80, 94, 162, 165, 169, 194, 245, 259, 265, 274, 319, 353, 393, 400, 403, 417, 430, 448, 456, 527, 548, 557, 558, 561, 562]","[41, 351, 369, 522, 292, 420, 97, 458, 61, 98, 242, 453, 348, 40, 422, 465, 312, 21, 357, 481, 497, 354, 454, 217, 94, 224, 6, 489, 218, 360]",600,30,0.7,,,,,2.0,0.005,,,5.926666666666666,0.4956186174431232,0.9933333333333333,0.15666666666666668,5.333333333333333,0.0015343058822915906,0.0037942542093150353,0.21929824561403508,0.03333333333333333,0.005263157894736842,0.0,2.030035335689046,4.0,0.007017543859649123,0.30350877192982456,9.636842105263158,0.20954994403024757,0.6102426540868868,0.006481698378250102,3.7517241379310344,0.7780330948244245,0.075438596491228,0.3070175438596491,0.3416666666666667,1.0013506250688806,30,False,1652.0
3,paper,paper_3,3,47,2417266950,1829223888,"[39, 40, 51, 73, 104, 169, 170, 188, 195, 202, 213, 264, 283, 303, 320, 323, 339, 351, 361, 399, 420, 430, 444, 463, 480, 528, 533, 560, 566, 584]","[475, 265, 479, 477, 257, 98, 80, 581, 536, 333, 541, 547, 428, 43, 566, 120, 53, 37, 127, 205, 57, 354, 436, 533, 377, 492, 393, 386, 35, 379]",600,30,0.7,,,,,2.0,0.005,,,5.926666666666666,0.4956186174431232,0.9933333333333333,0.15666666666666668,5.3,0.0015292247849343916,0.003581680769128599,0.24210526315789474,0.028070175438596492,0.0017543859649122807,0.0,1.969964664310954,4.0,0.007017543859649123,0.3,9.557894736842105,0.2233050405311543,0.5755865939012734,0.003927563259526534,3.8551724137931034,0.7752799762105531,0.0736842105263157,0.5649122807017544,0.5866666666666667,0.9512864160351456,30,False,1892.0
3,paper,paper_3,3,48,2417266950,1538156248,"[11, 26, 63, 69, 122, 152, 164, 176, 197, 215, 221, 229, 254, 284, 314, 317, 346, 359, 374, 382, 387, 388, 392, 433, 547, 548, 549, 550, 566, 593]","[247, 41, 110, 78, 131, 329, 366, 410, 302, 378, 237, 213, 221, 91, 418, 549, 483, 145, 493, 164, 429, 298, 474, 353, 507, 224, 582, 223, 35, 443]",600,30,0.7,,,,,2.0,0.005,,,5.926666666666666,0.4956186174431232,0.9933333333333333,0.15666666666666668,5.633333333333334,0.0016277853115074204,0.005682625488449842,0.24385964912280703,0.03508771929824561,0.0035087719298245615,0.0,1.931095406360424,4.0,0.007017543859649123,0.29473684210526313,9.273684210526316,0.22172219021888928,0.5736564610119322,0.004110107781188676,3.9632183908045975,0.7548855861189372,0.0684210526315789,0.3052631578947368,0.34,1.017200000002049,30,False,1616.0
3,paper,paper_3,3,49,2417266950,2985824855,"[26, 27, 28, 29, 38, 40, 50, 82, 92, 112, 139, 152, 184, 198, 215, 227, 250, 294, 337, 339, 346, 385, 389, 489, 507, 513, 525, 545, 551, 555]","[41, 212, 4, 72, 531, 265, 369, 406, 305, 20, 326, 329, 525, 155, 378, 401, 244, 551, 398, 53, 483, 328, 210, 425, 339, 273, 461, 253, 571, 159]",600,30,0.7,,,,,2.0,0.005,,,5.926666666666666,0.4956186174431232,0.9933333333333333,0.15666666666666668,5.066666666666666,0.0014636851709428232,0.003624841882277374,0.22280701754385965,0.031578947368421054,0.005263157894736842,0.0,2.0,4.0,0.007017543859649123,0.2736842105263158,9.449122807017543,0.21249995883660555,0.6048037492677212,0.006080918506188069,3.8735632183908044,0.7374647077162032,0.0666666666666666,0.431578947368421,0.46,1.0243116669589654,30,False,1742.0
3,paper,paper_4,4,0,2940836423,2276112679,"[25, 49, 88, 123, 134, 135, 142, 172, 192, 193, 230, 242, 269, 311, 322, 324, 354, 378, 393, 403, 407, 410, 422, 475, 480, 481, 525, 557, 591, 594]","[597, 88, 536, 328, 247, 511, 518, 9, 350, 59, 123, 587, 401, 190, 50, 294, 480, 89, 440, 549, 537, 448, 459, 486, 213, 6, 182, 304, 53, 181]",600,30,0.7,,,,,2.0,0.005,,,5.421666666666667,0.5740159405253924,0.9916666666666667,0.17666666666666667,5.066666666666666,0.0015744251037653886,0.00395566692113738,0.21929824561403508,0.01929824561403509,0.0,0.0,2.017699115044248,4.0,0.008771929824561403,0.2736842105263158,8.75263157894737,0.20456878307310414,0.6104399839669472,0.003014820428613532,3.954022988505747,0.6751955954773545,0.075438596491228,0.3719298245614035,0.4033333333333333,0.9045204999856652,26,True,1604.0
3,paper,paper_4,4,1,2940836423,1166072867,"[19, 24, 30, 37, 43, 46, 61, 77, 123, 125, 163, 178, 183, 192, 212, 231, 247, 269, 272, 308, 336, 401, 427, 437, 474, 528, 535, 540, 556, 579]","[564, 2, 363, 274, 87, 1, 272, 305, 328, 336, 234, 333, 303, 350, 273, 27, 378, 401, 291, 292, 122, 362, 548, 100, 308, 594, 206, 256, 139, 424]",600,30,0.7,,,,,2.0,0.005,,,5.421666666666667,0.5740159405253924,0.9916666666666667,0.17666666666666667,5.933333333333334,0.0018039995011481533,0.00633152755038214,0.2614035087719298,0.03508771929824561,0.008771929824561403,0.0,1.9292035398230087,4.0,0.008771929824561403,0.3473684210526316,9.282456140350877,0.23699410368559928,0.5474917522276693,0.005686807114169498,3.891954022988506,0.8213997102037642,0.0719298245614035,0.2894736842105263,0.325,1.0259302909253163,30,False,1558.0
3,paper,paper_4,4,2,2940836423,2383573399,"[2, 8, 26, 55, 61, 105, 136, 143, 202, 211, 230, 235, 276, 277, 348, 350, 353, 397, 400, 416, 442, 475, 517, 525, 535, 545, 549, 557, 571, 597]","[178, 196, 285, 509, 272, 425, 458, 156, 70, 216, 123, 176, 389, 418, 550, 591, 535, 477, 91, 370, 431, 486, 559, 182, 206, 381, 557, 304, 446, 47]",600,30,0.7,,,,,2.0,0.005,,,5.421666666666667,0.5740159405253924,0.9916666666666667,0.17666666666666667,6.566666666666666,0.001959961049661564,0.010234286445239965,0.26842105263157895,0.0456140350877193,0.0035087719298245615,0.0,1.895575221238938,4.0,0.008771929824561403,0.40350877192982454,10.026315789473685,0.2388881282285591,0.5386920728887244,0.004034978768651809,3.8758620689655174,0.7645475748592727,0.0929824561403508,0.936842105263158,0.94,0.9581731249345466,30,False,2248.0
3,paper,paper_4,4,3,2940836423,1610370412,"[11, 17, 71, 84, 112, 118, 169, 188, 219, 226, 230, 245, 247, 265, 266, 272, 286, 313, 322, 329, 390, 400, 401, 421, 451, 513, 536, 564, 565, 594]","[479, 438, 235, 577, 128, 474, 411, 62, 523, 259, 123, 246, 378, 451, 369, 291, 444, 372, 50, 419, 200, 91, 362, 568, 94, 581, 101, 483, 315, 181]",600,30,0.7,,,,,2.0,0.005,,,5.421666666666667,0.5740159405253924,0.9916666666666667,0.17666666666666667,5.1,0.0015849347086052711,0.004064344686703298,0.20877192982456141,0.03333333333333333,0.0035087719298245615,0.0,2.031858407079646,4.0,0.008771929824561403,0.3017543859649123,9.342105263157896,0.20004788432260268,0.626769031541948,0.00663113068285482,3.8551724137931034,0.7527004250860488,0.0771929824561403,0.431578947368421,0.46,1.050955833052285,30,False,1660.0
3,paper,paper_4,4,4,2940836423,3310011514,"[30, 50, 104, 120, 137, 167, 181, 187, 205, 217, 238, 248, 257, 295, 298, 314, 315, 324, 341, 366, 370, 374, 393, 418, 501, 516, 526, 527, 543, 594]","[363, 579, 38, 49, 280, 251, 108, 45, 426, 487, 302, 110, 281, 215, 501, 82, 195, 294, 428, 118, 60, 396, 440, 373, 402, 104, 345, 358, 48, 181]",600,30,0.7,,,,,2.0,0.005,,,5.421666666666667,0.5740159405253924,0.9916666666666667,0.17666666666666667,4.4,0.0014152364430033198,0.0032048257340941623,0.19473684210526315,0.02280701754385965,0.0035087719298245615,0.0,2.1219081272084805,5.0,0.007017543859649123,0.22631578947368422,8.028070175438597,0.18552407127618617,0.6491474732525514,0.005102419930006137,3.935960591133005,0.8167692916924986,0.0614035087719298,0.1403508771929824,0.1833333333333333,0.8749352090526372,26,True,1446.0
3,paper,paper_4,4,5,2940836423,304292218,"[22, 27, 63, 86, 125, 126, 131, 134, 149, 157, 163, 214, 225, 257, 270, 287, 305, 314, 328, 405, 421, 445, 446, 489, 512, 546, 568, 576, 588, 590]","[105, 528, 312, 85, 336, 449, 130, 247, 306, 427, 234, 34, 321, 281, 261, 406, 136, 82, 64, 276, 568, 398, 266, 441, 289, 184, 44, 512, 204, 580]",600,30,0.7,,,,,2.0,0.005,,,5.421666666666667,0.5740159405253924,0.9916666666666667,0.17666666666666667,5.266666666666667,0.0016336124524530338,0.004783782824495861,0.23508771929824562,0.028070175438596492,0.0,0.0,1.9982300884955753,5.0,0.008771929824561403,0.2719298245614035,8.494736842105263,0.21464172312474744,0.5866000678321462,0.0020521823601092055,4.027586206896552,0.7696875090191707,0.0736842105263157,0.4157894736842105,0.445,0.9656168749788776,30,False,1672.0
3,paper,paper_4,4,6,2940836423,2122075351,"[3, 23, 104, 145, 173, 182, 191, 231, 238, 246, 252, 253, 285, 303, 362, 378, 386, 436, 465, 477, 490, 501, 502, 510, 534, 559, 580, 582, 593, 595]","[65, 450, 38, 171, 492, 360, 482, 27, 302, 385, 307, 317, 593, 575, 495, 89, 456, 540, 32, 271, 132, 402, 582, 270, 353, 17, 255, 470, 166, 338]",600,30,0.7,,,,,2.0,0.005,,,5.421666666666667,0.5740159405253924,0.9916666666666667,0.17666666666666667,5.6,0.0017177414996414502,0.004868060810917805,0.24035087719298245,0.02631578947368421,0.0035087719298245615,0.0,1.989399293286219,5.0,0.007017543859649123,0.32280701754385965,9.8,0.22075135853658667,0.5782998797521043,0.004241039930695103,3.6724137931034484,0.8108457168058866,0.0842105263157894,0.2491228070175438,0.2866666666666667,0.6710715419612825,20,True,1522.0
3,paper,paper_4,4,7,2940836423,3173759621,"[0, 3, 56, 60, 61, 66, 114, 131, 136, 148, 195, 208, 216, 232, 238, 277, 293, 294, 351, 370, 376, 401, 409, 428, 465, 491, 493, 562, 585, 592]","[134, 65, 386, 21, 272, 384, 510, 130, 458, 379, 73, 348, 484, 188, 302, 418, 599, 576, 229, 60, 67, 362, 405, 86, 32, 435, 79, 295, 165, 16]",600,30,0.7,,,,,2.0,0.005,,,5.421666666666667,0.5740159405253924,0.9916666666666667,0.17666666666666667,4.866666666666666,0.0015357210986172193,0.0038258069755773587,0.21228070175438596,0.031578947368421054,0.0017543859649122807,0.0,2.0441696113074204,5.0,0.007017543859649123,0.24912280701754386,8.142105263157895,0.2009146063836435,0.6213054604877748,0.004628079455665663,4.027093596059113,0.7989985670326626,0.0842105263157894,0.2526315789473684,0.29,0.9453084589913489,30,False,1504.0
3,paper,paper_4,4,8,2940836423,3075761450,"[22, 36, 42, 46, 57, 78, 120, 130, 136, 176, 177, 215, 223, 235, 250, 289, 349, 398, 403, 421, 436, 468, 491, 498, 510, 511, 519, 521, 582, 594]","[105, 588, 498, 1, 332, 465, 49, 578, 458, 258, 145, 439, 5, 176, 210, 24, 58, 585, 549, 568, 540, 309, 435, 447, 270, 150, 239, 54, 470, 181]",600,30,0.7,,,,,2.0,0.005,,,5.421666666666667,0.5740159405253924,0.9916666666666667,0.17666666666666667,5.366666666666666,0.0016548083722263574,0.004273003912372653,0.21929824561403508,0.03333333333333333,0.005263157894736842,0.0,2.007079646017699,4.0,0.008771929824561403,0.26666666666666666,9.571929824561403,0.2074600274885918,0.6103289859094132,0.012606352778766572,3.7655172413793103,0.7362228568015591,0.0666666666666666,0.1736842105263158,0.215,0.7948209159076214,25,True,1462.0
3,paper,paper_4,4,9,2940836423,176696114,"[0, 9, 20, 72, 85, 102, 107, 149, 159, 173, 175, 185, 194, 202, 215, 219, 265, 278, 285, 345, 348, 452, 470, 499, 507, 540, 573, 577, 586, 591]","[134, 311, 107, 214, 75, 388, 29, 306, 72, 492, 172, 598, 55, 70, 439, 523, 451, 414, 593, 320, 550, 522, 143, 286, 556, 256, 387, 514, 25, 53]",600,30,0.7,,,,,2.0,0.005,,,5.421666666666667,0.5740159405253924,0.9916666666666667,0.17666666666666667,4.933333333333334,0.0015561909900581729,0.00406494113589088,0.21578947368421053,0.028070175438596492,0.0035087719298245615,0.0,1.9893805309734514,5.0,0.008771929824561403,0.2789473684210526,8.921052631578947,0.2019216468159205,0.6160268861961582,0.005670922308853344,4.07816091954023,0.8087689197038266,0.0719298245614035,0.3824561403508772,0.4133333333333333,0.959336124942638,30,False,1612.0
3,paper,paper_4,4,10,2940836423,3647327566,"[75, 106, 132, 155, 187, 198, 201, 220, 243, 298, 309, 310, 312, 346, 359, 366, 381, 384, 423, 429, 434, 442, 459, 516, 547, 579, 583, 590, 591, 599]","[489, 15, 57, 202, 45, 293, 329, 66, 227, 501, 463, 422, 175, 180, 539, 118, 586, 185, 153, 572, 342, 431, 541, 104, 149, 424, 219, 580, 53, 330]",600,30,0.7,,,,,2.0,0.005,,,5.421666666666667,0.5740159405253924,0.9916666666666667,0.17666666666666667,5.266666666666667,0.001668689387829348,0.004680093510397654,0.22631578947368422,0.028070175438596492,0.0017543859649122807,0.0,2.010619469026549,4.0,0.008771929824561403,0.25263157894736843,8.47719298245614,0.21023852365775775,0.5997656707674283,0.004662217193977631,4.048275862068966,0.8018590048614364,0.0701754385964912,0.4122807017543859,0.4416666666666666,0.9896348749753088,30,False,1634.0
3,paper,paper_4,4,11,2940836423,563199332,"[17, 21, 64, 93, 100, 105, 171, 177, 178, 195, 204, 240, 255, 273, 294, 299, 301, 330, 333, 355, 363, 392, 409, 410, 425, 471, 481, 525, 554, 563]","[438, 192, 43, 471, 472, 425, 173, 145, 333, 73, 278, 344, 114, 269, 576, 383, 68, 262, 138, 135, 565, 393, 405, 448, 551, 469, 6, 182, 399, 592]",600,30,0.7,,,,,2.0,0.005,,,5.421666666666667,0.5740159405253924,0.9916666666666667,0.17666666666666667,5.6,0.0017121803396603875,0.004904637377640342,0.24385964912280703,0.028070175438596492,0.007017543859649123,0.0,1.976991150442478,4.0,0.008771929824561403,0.3175438596491228,9.621052631578948,0.2238932814310311,0.573008972342984,0.005719068888440085,3.7770114942528736,0.7696875090191708,0.0666666666666666,0.2736842105263158,0.31,0.9627041660714896,30,False,1530.0
3,paper,paper_4,4,12,2940836423,2347924136,"[2, 123, 133, 157, 182, 183, 195, 203, 236, 248, 296, 302, 373, 387, 400, 410, 411, 417, 438, 451, 461, 467, 490, 515, 523, 526, 535, 544, 557, 575]","[178, 328, 194, 427, 360, 303, 73, 475, 497, 110, 155, 478, 208, 382, 91, 448, 552, 310, 162, 94, 319, 198, 132, 186, 268, 345, 206, 318, 304, 452]",600,30,0.7,,,,,2.0,0.005,,,5.421666666666667,0.5740159405253924,0.9916666666666667,0.17666666666666667,5.033333333333333,0.0015714982111137894,0.0036179505220448635,0.21929824561403508,0.03333333333333333,0.0017543859649122807,0.0,2.0212389380530973,4.0,0.008771929824561403,0.2614035087719298,8.521052631578947,0.20930516784296932,0.6102488206456387,0.004530172892241858,3.9379310344827587,0.7943681485213968,0.0859649122807017,0.8824561403508772,0.8883333333333333,0.953598583000712,30,False,2130.0
3,paper,paper_4,4,13,2940836423,3189035200,"[15, 57, 93, 122, 129, 182, 186, 195, 223, 236, 243, 261, 265, 311, 315, 369, 375, 377, 423, 429, 432, 441, 448, 460, 465, 467, 498, 569, 578, 586]","[566, 332, 471, 56, 35, 360, 538, 73, 5, 497, 227, 359, 451, 190, 195, 222, 225, 558, 153, 572, 287, 517, 121, 404, 32, 198, 447, 491, 500, 25]",600,30,0.7,,,,,2.0,0.005,,,5.421666666666667,0.5740159405253924,0.9916666666666667,0.17666666666666667,6.033333333333333,0.0018674163718740773,0.005262088046414815,0.2736842105263158,0.028070175438596492,0.0017543859649122807,0.0,1.9097345132743362,5.0,0.008771929824561403,0.2982456140350877,9.459649122807017,0.24595484428700307,0.5292634045570869,0.0036579840788765737,3.8275862068965516,0.7142770061620104,0.0771929824561403,0.3982456140350877,0.4283333333333333,0.9537645829841496,30,False,1628.0
3,paper,paper_4,4,14,2940836423,3294032828,"[25, 49, 65, 67, 69, 74, 92, 98, 100, 127, 168, 176, 194, 225, 251, 280, 296, 305, 314, 325, 337, 338, 382, 468, 496, 504, 516, 574, 576, 586]","[597, 88, 490, 250, 141, 351, 408, 421, 472, 561, 207, 258, 55, 321, 167, 544, 155, 136, 82, 93, 335, 371, 313, 309, 437, 595, 104, 109, 512, 25]",600,30,0.7,,,,,2.0,0.005,,,5.421666666666667,0.5740159405253924,0.9916666666666667,0.17666666666666667,4.8,0.0015153616077290067,0.003341717916338823,0.20526315789473684,0.028070175438596492,0.005263157894736842,0.0,2.0653710247349824,4.0,0.007017543859649123,0.2912280701754386,8.598245614035088,0.19678395578647426,0.6322696019486326,0.004845965018378811,4.029556650246305,0.8077825797480483,0.0807017543859649,0.3245614035087719,0.3583333333333333,0.9595776669448242,30,False,1584.0
3,paper,paper_4,4,15,2940836423,4076049257,"[24, 48, 65, 76, 84, 96, 101, 120, 139, 151, 168, 196, 271, 297, 299, 352, 367, 377, 420, 482, 495, 509, 512, 531, 539, 542, 544, 568, 579, 592]","[2, 203, 490, 527, 577, 455, 545, 49, 131, 98, 207, 187, 531, 526, 383, 170, 283, 558, 22, 376, 417, 102, 289, 508, 248, 106, 318, 44, 424, 16]",600,30,0.7,,,,,2.0,0.005,,,5.421666666666667,0.5740159405253924,0.9916666666666667,0.17666666666666667,5.633333333333334,0.0017401723088071692,0.005725054600448073,0.23157894736842105,0.03333333333333333,0.007017543859649123,0.0,1.9592920353982302,4.0,0.008771929824561403,0.3157894736842105,10.126315789473685,0.2184702134298437,0.5913914839823636,0.0071111464975562345,3.6758620689655173,0.8049221419192746,0.075438596491228,0.9456140350877194,0.9483333333333334,0.973843542044051,30,False,2252.0
3,paper,paper_4,4,16,2940836423,2127894484,"[19, 24, 67, 77, 100, 116, 129, 157, 209, 225, 230, 235, 239, 280, 339, 342, 350, 364, 402, 436, 459, 460, 464, 499, 512, 531, 547, 570, 572, 591]","[564, 2, 250, 305, 472, 277, 35, 427, 238, 321, 123, 176, 223, 544, 464, 244, 591, 263, 596, 540, 541, 404, 201, 286, 289, 508, 149, 252, 129, 53]",600,30,0.7,,,,,2.0,0.005,,,5.421666666666667,0.5740159405253924,0.9916666666666667,0.17666666666666667,5.4,0.001691405223614618,0.004102443725884483,0.23684210526315788,0.021052631578947368,0.0017543859649122807,0.0,1.991150442477876,5.0,0.008771929824561403,0.2736842105263158,8.57719298245614,0.21705624754161876,0.5836154533962322,0.0036242237966375903,3.914942528735632,0.7825209987481729,0.0912280701754386,0.9526315789473684,0.955,0.7366204580757767,23,True,2264.0
3,paper,paper_4,4,17,2940836423,3671460139,"[19, 35, 36, 49, 60, 67, 73, 75, 99, 103, 111, 138, 204, 287, 297, 309, 361, 363, 372, 385, 404, 419, 430, 443, 456, 463, 498, 525, 528, 583]","[564, 327, 588, 88, 21, 250, 476, 489, 326, 589, 574, 36, 278, 406, 526, 463, 543, 565, 493, 158, 394, 242, 177, 507, 434, 63, 447, 182, 594, 219]",600,30,0.7,,,,,2.0,0.005,,,5.421666666666667,0.5740159405253924,0.9916666666666667,0.17666666666666667,5.266666666666667,0.0016352784834412534,0.004115817624254144,0.22456140350877193,0.03859649122807018,0.0035087719298245615,0.0,2.0265486725663715,5.0,0.008771929824561403,0.2578947368421053,8.97719298245614,0.2161465785410419,0.6020164647118675,0.005455557514381044,3.8850574712643677,0.6929878519127834,0.0771929824561403,0.2684210526315789,0.305,0.9433856669347732,30,False,1512.0
3,paper,paper_4,4,18,2940836423,620357927,"[5, 37, 101, 108, 119, 124, 163, 200, 208, 243, 247, 284, 285, 294, 314, 316, 321, 344, 390, 404, 419, 422, 461, 468, 479, 501, 546, 567, 569, 597]","[81, 274, 545, 410, 168, 257, 234, 423, 348, 227, 378, 337, 593, 576, 82, 209, 260, 297, 200, 394, 242, 459, 319, 309, 61, 402, 184, 322, 491, 47]",600,30,0.7,,,,,2.0,0.005,,,5.421666666666667,0.5740159405253924,0.9916666666666667,0.17666666666666667,5.866666666666666,0.0018080490538752846,0.0067953612527101165,0.24736842105263157,0.04035087719298246,0.007017543859649123,0.0,1.961061946902655,4.0,0.008771929824561403,0.32280701754385965,8.74736842105263,0.22540548676251382,0.5683717201615638,0.006023988364994759,3.8804597701149426,0.7752827357106217,0.0807017543859649,0.231578947368421,0.27,0.9510228328872472,30,False,1488.0
3,paper,paper_4,4,19,2940836423,905378089,"[10, 29, 62, 65, 91, 129, 180, 193, 197, 203, 210, 222, 243, 263, 277, 304, 322, 335, 370, 372, 387, 413, 425, 462, 506, 508, 511, 516, 547, 570]","[367, 361, 26, 490, 407, 35, 299, 59, 20, 475, 352, 193, 227, 515, 418, 92, 50, 524, 60, 493, 382, 284, 551, 496, 169, 157, 150, 104, 149, 252]",600,30,0.7,,,,,2.0,0.005,,,5.421666666666667,0.5740159405253924,0.9916666666666667,0.17666666666666667,4.833333333333333,0.0015117045667911025,0.003507758831043719,0.19473684210526315,0.031578947368421054,0.005263157894736842,0.0,2.114840989399293,4.0,0.007017543859649123,0.25263157894736843,9.008771929824562,0.18911816905239104,0.6489994758425061,0.007722239446377378,3.7019704433497536,0.7469580176529083,0.0666666666666666,0.343859649122807,0.3766666666666666,0.9659378340002148,30,False,1546.0
3,paper,paper_4,4,20,2940836423,1146563204,"[0, 5, 9, 13, 19, 59, 60, 96, 97, 129, 147, 164, 185, 244, 270, 274, 288, 301, 310, 353, 405, 407, 453, 469, 476, 484, 497, 552, 571, 582]","[134, 81, 311, 133, 564, 14, 21, 455, 245, 35, 462, 83, 598, 412, 261, 403, 23, 68, 422, 535, 276, 537, 116, 267, 433, 453, 126, 230, 446, 470]",600,30,0.7,,,,,2.0,0.005,,,5.421666666666667,0.5740159405253924,0.9916666666666667,0.17666666666666667,6.066666666666666,0.001832811028104963,0.0065325842437674135,0.25263157894736843,0.04035087719298246,0.005263157894736842,0.0,1.927433628318584,4.0,0.008771929824561403,0.3508771929824561,9.989473684210527,0.23306640765547296,0.5598742022014614,0.005807134914442715,3.6873563218390806,0.7637639341325588,0.0807017543859649,0.7982456140350878,0.8083333333333333,0.9555664580548182,30,False,2032.0
3,paper,paper_4,4,21,2940836423,1251090856,"[18, 27, 37, 64, 73, 80, 81, 89, 103, 115, 119, 127, 148, 154, 155, 177, 184, 185, 204, 218, 220, 238, 298, 300, 322, 356, 374, 410, 416, 468]","[569, 528, 274, 43, 476, 343, 380, 413, 589, 547, 168, 561, 379, 460, 202, 145, 240, 598, 278, 71, 66, 302, 501, 454, 50, 546, 396, 448, 370, 309]",600,30,0.7,,,,,2.0,0.005,,,5.421666666666667,0.5740159405253924,0.9916666666666667,0.17666666666666667,4.733333333333333,0.0015126487618735169,0.0038861964854743007,0.20350877192982456,0.028070175438596492,0.0035087719298245615,0.0,2.0830388692579507,4.0,0.007017543859649123,0.23157894736842105,8.080701754385965,0.19440145987540233,0.6351000524157494,0.00506512644443679,4.04679802955665,0.7853814365769467,0.0684210526315789,0.2578947368421053,0.295,0.6203285830561072,19,True,1504.0
3,paper,paper_4,4,22,2940836423,410460182,"[3, 17, 29, 54, 57, 81, 90, 109, 110, 112, 116, 164, 170, 210, 238, 249, 294, 329, 375, 392, 393, 396, 405, 407, 430, 482, 545, 548, 549, 554]","[65, 438, 361, 189, 332, 380, 254, 249, 99, 128, 277, 83, 397, 352, 302, 436, 576, 419, 225, 393, 440, 28, 276, 537, 177, 376, 381, 323, 557, 399]",600,30,0.7,,,,,2.0,0.005,,,5.421666666666667,0.5740159405253924,0.9916666666666667,0.17666666666666667,5.033333333333333,0.0015526094119422361,0.004340703946999198,0.20526315789473684,0.04035087719298246,0.005263157894736842,0.0,2.0634920634920637,4.0,0.005263157894736842,0.2736842105263158,8.845614035087719,0.1974485336561761,0.6323066013011439,0.0063121732404854,3.759259259259259,0.7186332995951946,0.0736842105263157,0.2350877192982456,0.2733333333333333,0.9010590419638902,29,True,1528.0
3,paper,paper_4,4,23,2940836423,928397396,"[31, 48, 50, 111, 130, 143, 157, 162, 212, 217, 229, 241, 265, 298, 305, 311, 342, 360, 409, 411, 433, 437, 470, 471, 515, 539, 542, 551, 553, 578]","[137, 203, 579, 574, 578, 156, 427, 296, 273, 487, 69, 31, 451, 501, 136, 190, 244, 529, 405, 552, 316, 100, 143, 469, 186, 248, 106, 390, 468, 500]",600,30,0.7,,,,,2.0,0.005,,,5.421666666666667,0.5740159405253924,0.9916666666666667,0.17666666666666667,5.233333333333333,0.0016433031080801686,0.003725876437624454,0.21754385964912282,0.03333333333333333,0.0035087719298245615,0.0,2.038938053097345,5.0,0.008771929824561403,0.2649122807017544,8.64561403508772,0.20776534588594708,0.6130299386427405,0.0057061839820460505,3.905747126436782,0.761358788835338,0.075438596491228,0.4350877192982456,0.4633333333333333,0.9446847910294308,30,False,1636.0
3,paper,paper_4,4,24,2940836423,2582078186,"[48, 49, 51, 65, 99, 196, 200, 201, 204, 267, 276, 316, 325, 330, 350, 359, 389, 405, 415, 440, 444, 466, 473, 477, 479, 539, 542, 547, 576, 590]","[203, 88, 147, 490, 326, 187, 423, 329, 278, 416, 389, 209, 93, 262, 591, 539, 442, 276, 533, 146, 466, 340, 152, 271, 61, 248, 106, 149, 512, 580]",600,30,0.7,,,,,2.0,0.005,,,5.421666666666667,0.5740159405253924,0.9916666666666667,0.17666666666666667,5.5,0.001692593831687401,0.004667450219942647,0.23859649122807017,0.02982456140350877,0.007017543859649123,0.0,1.9592920353982302,5.0,0.008771929824561403,0.3087719298245614,9.542105263157895,0.2201574463934762,0.5810254987204391,0.004889696676803123,3.788505747126437,0.7683943526438246,0.0701754385964912,0.3333333333333333,0.3666666666666666,0.9578280840069056,30,False,1538.0
3,paper,paper_4,4,25,2940836423,2550335296,"[3, 12, 42, 43, 114, 115, 144, 145, 157, 167, 174, 193, 242, 286, 319, 326, 350, 354, 386, 395, 397, 405, 410, 424, 436, 490, 501, 536, 572, 574]","[65, 584, 498, 87, 510, 547, 339, 171, 427, 251, 298, 59, 587, 444, 430, 42, 591, 480, 456, 103, 477, 276, 448, 77, 540, 132, 402, 101, 129, 109]",600,30,0.7,,,,,2.0,0.005,,,5.421666666666667,0.5740159405253924,0.9916666666666667,0.17666666666666667,5.266666666666667,0.001637486871787252,0.003732987196094916,0.22807017543859648,0.031578947368421054,0.0,0.0,2.0283185840707967,4.0,0.008771929824561403,0.2789473684210526,8.822807017543859,0.2150215635038969,0.5968180556840256,0.004074090960500696,3.891954022988506,0.7599171563480068,0.0526315789473684,0.1491228070175438,0.1916666666666666,0.8516676250146702,26,True,1436.0
3,paper,paper_4,4,26,2940836423,1486009739,"[21, 37, 46, 75, 100, 119, 125, 146, 155, 213, 218, 231, 289, 300, 313, 329, 353, 397, 451, 469, 472, 486, 493, 502, 517, 521, 535, 550, 555, 559]","[192, 274, 1, 489, 472, 168, 336, 199, 202, 112, 71, 27, 24, 454, 372, 419, 535, 477, 94, 267, 220, 51, 79, 582, 559, 54, 206, 174, 415, 17]",600,30,0.7,,,,,2.0,0.005,,,5.421666666666667,0.5740159405253924,0.9916666666666667,0.17666666666666667,4.966666666666667,0.0015729083155592914,0.003271476647132197,0.22280701754385965,0.021052631578947368,0.0035087719298245615,0.0,2.0123893805309736,5.0,0.008771929824561403,0.25087719298245614,8.103508771929825,0.20673981365462615,0.6050750778528042,0.003779993952407745,4.1402298850574715,0.7668270711903971,0.0736842105263157,0.3719298245614035,0.4033333333333333,0.9559632920427248,30,False,1618.0
3,paper,paper_4,4,27,2940836423,2234068778,"[4, 6, 7, 11, 25, 78, 129, 167, 170, 173, 225, 246, 265, 288, 316, 346, 352, 370, 392, 396, 401, 425, 431, 454, 481, 494, 546, 547, 582, 588]","[532, 241, 265, 479, 597, 465, 35, 251, 397, 492, 321, 385, 451, 23, 209, 180, 170, 60, 393, 28, 362, 551, 96, 80, 6, 127, 184, 149, 470, 204]",600,30,0.7,,,,,2.0,0.005,,,5.421666666666667,0.5740159405253924,0.9916666666666667,0.17666666666666667,4.766666666666667,0.0015160829818221526,0.0040660172474971485,0.21578947368421053,0.015789473684210527,0.0017543859649122807,0.0,2.0442477876106193,4.0,0.008771929824561403,0.2543859649122807,9.07719298245614,0.19926095944286057,0.6160145530786545,0.004562372493406976,3.914942528735632,0.7763947246324966,0.0596491228070175,0.4631578947368421,0.49,0.9635629169642924,30,False,1724.0
3,paper,paper_4,4,28,2940836423,940395292,"[1, 30, 50, 59, 83, 144, 158, 164, 182, 188, 225, 226, 260, 262, 278, 283, 300, 350, 388, 392, 404, 413, 422, 444, 449, 455, 500, 503, 546, 580]","[400, 363, 579, 14, 164, 339, 377, 83, 360, 62, 321, 259, 562, 161, 414, 457, 454, 591, 115, 393, 394, 284, 459, 466, 505, 583, 485, 205, 184, 255]",600,30,0.7,,,,,2.0,0.005,,,5.421666666666667,0.5740159405253924,0.9916666666666667,0.17666666666666667,5.033333333333333,0.0015877311579195984,0.0034806139127305656,0.21929824561403508,0.03333333333333333,0.0035087719298245615,0.0,2.0690265486725665,5.0,0.008771929824561403,0.26842105263157895,8.571929824561403,0.2088074909642674,0.6103289859094132,0.00600153747853118,3.9770114942528734,0.7248852226769675,0.0859649122807017,0.5719298245614035,0.5933333333333334,0.9568587500834838,30,False,1778.0
3,paper,paper_4,4,29,2940836423,1428622626,"[9, 12, 41, 50, 77, 84, 86, 99, 108, 126, 165, 172, 205, 208, 211, 226, 234, 247, 248, 283, 291, 352, 355, 454, 480, 506, 514, 515, 549, 555]","[311, 584, 375, 579, 305, 577, 85, 326, 410, 449, 590, 9, 426, 348, 216, 259, 334, 378, 110, 457, 354, 170, 135, 80, 213, 169, 264, 186, 557, 415]",600,30,0.7,,,,,2.0,0.005,,,5.421666666666667,0.5740159405253924,0.9916666666666667,0.17666666666666667,7.066666666666666,0.0020859353266945127,0.01154026150615215,0.30701754385964913,0.03684210526315789,0.007017543859649123,0.0,1.815929203539823,4.0,0.008771929824561403,0.4052631578947368,9.994736842105263,0.26077556537416324,0.48529584065612186,0.004271068686900145,3.7517241379310344,0.7763947246324966,0.0929824561403508,0.5228070175438596,0.5466666666666666,0.9484333749860524,30,False,1746.0
3,paper,paper_4,4,30,2940836423,3410631167,"[48, 67, 72, 88, 94, 104, 125, 132, 139, 140, 218, 227, 229, 235, 254, 260, 326, 345, 394, 402, 417, 447, 449, 453, 477, 553, 558, 564, 566, 581]","[203, 250, 214, 536, 12, 38, 336, 57, 131, 111, 71, 46, 69, 176, 84, 562, 42, 320, 253, 596, 310, 7, 505, 116, 271, 468, 78, 483, 506, 534]",600,30,0.7,,,,,2.0,0.005,,,5.421666666666667,0.5740159405253924,0.9916666666666667,0.17666666666666667,5.033333333333333,0.0015822552723696213,0.004616927346169364,0.22105263157894736,0.028070175438596492,0.0017543859649122807,0.0,2.005309734513274,4.0,0.008771929824561403,0.23157894736842105,8.275438596491227,0.20890528376602283,0.6076465328523417,0.004199409349137117,3.9218390804597703,0.7930749921460507,0.0771929824561403,0.2807017543859649,0.3166666666666666,0.9804674169281498,30,False,1546.0
3,paper,paper_4,4,31,2940836423,1720285574,"[16, 26, 34, 95, 157, 176, 189, 204, 212, 229, 282, 287, 302, 311, 321, 323, 335, 336, 344, 352, 420, 445, 462, 497, 498, 505, 513, 514, 526, 582]","[567, 285, 144, 499, 427, 258, 525, 278, 273, 69, 18, 406, 478, 190, 260, 364, 524, 122, 297, 170, 22, 398, 496, 126, 447, 232, 581, 264, 345, 470]",600,30,0.7,,,,,2.0,0.005,,,5.421666666666667,0.5740159405253924,0.9916666666666667,0.17666666666666667,5.366666666666666,0.001655681389297027,0.0054100178920571335,0.24736842105263157,0.02631578947368421,0.0017543859649122807,0.0,1.9592920353982302,4.0,0.008771929824561403,0.30350877192982456,9.398245614035087,0.22573143762027817,0.5677180649338637,0.00408573546504581,3.8229885057471265,0.7480700065747831,0.0684210526315789,0.4157894736842105,0.445,0.949987957952544,30,False,1646.0
3,paper,paper_4,4,32,2940836423,237180184,"[21, 28, 44, 73, 80, 97, 118, 126, 137, 146, 163, 242, 258, 313, 325, 329, 362, 398, 400, 415, 432, 460, 498, 500, 514, 516, 522, 560, 575, 593]","[192, 236, 473, 476, 343, 245, 474, 449, 280, 199, 234, 587, 542, 372, 93, 419, 495, 585, 91, 533, 287, 404, 447, 485, 264, 104, 290, 113, 452, 166]",600,30,0.7,,,,,2.0,0.005,,,5.421666666666667,0.5740159405253924,0.9916666666666667,0.17666666666666667,5.833333333333333,0.0017760876595544464,0.00569394180157126,0.22982456140350876,0.042105263157894736,0.005263157894736842,0.0,2.007079646017699,5.0,0.008771929824561403,0.356140350877193,9.966666666666667,0.2166515463710581,0.5945055961520673,0.007164523788422627,3.7241379310344827,0.7882418744057204,0.0842105263157894,0.8807017543859649,0.8866666666666667,0.9333557089557872,30,False,2152.0
3,paper,paper_4,4,33,2940836423,2056791762,"[13, 22, 46, 99, 105, 118, 164, 170, 175, 179, 209, 213, 240, 243, 245, 272, 287, 306, 311, 336, 361, 380, 410, 415, 427, 455, 503, 550, 559, 578]","[133, 105, 1, 326, 425, 474, 83, 397, 172, 243, 238, 112, 344, 227, 246, 291, 406, 279, 190, 122, 543, 314, 448, 533, 548, 583, 205, 174, 17, 500]",600,30,0.7,,,,,2.0,0.005,,,5.421666666666667,0.5740159405253924,0.9916666666666667,0.17666666666666667,5.133333333333334,0.0016140148546250198,0.004268711622768767,0.22807017543859648,0.03859649122807018,0.0,0.0,1.984070796460177,4.0,0.008771929824561403,0.28421052631578947,8.784210526315789,0.2162608950743338,0.5967995560077699,0.00574070884415712,3.981609195402299,0.7668270711903971,0.0649122807017543,0.787719298245614,0.7983333333333333,1.0014092499623075,30,False,2024.0
3,paper,paper_4,4,34,2940836423,1616956810,"[4, 5, 6, 7, 24, 26, 48, 100, 109, 110, 124, 132, 151, 156, 250, 303, 306, 347, 385, 388, 393, 414, 426, 429, 452, 481, 495, 527, 538, 587]","[532, 81, 241, 265, 2, 285, 203, 472, 249, 99, 257, 57, 98, 10, 210, 575, 279, 211, 158, 115, 440, 13, 226, 572, 522, 6, 417, 358, 571, 218]",600,30,0.7,,,,,2.0,0.005,,,5.421666666666667,0.5740159405253924,0.9916666666666667,0.17666666666666667,5.266666666666667,0.001646267781919214,0.004208030238251087,0.22982456140350876,0.042105263157894736,0.0017543859649122807,0.0,1.9823008849557522,4.0,0.008771929824561403,0.2771929824561403,9.157894736842104,0.22066105609764697,0.5938951068356304,0.0060178072247037764,3.8551724137931034,0.8265396443636623,0.0684210526315789,0.4666666666666667,0.4933333333333333,0.9522358749527484,30,False,1718.0
3,paper,paper_4,4,35,2940836423,1380978453,"[21, 37, 82, 106, 110, 118, 151, 202, 216, 245, 272, 273, 307, 322, 327, 358, 364, 401, 421, 424, 427, 448, 449, 466, 467, 481, 487, 506, 511, 599]","[192, 274, 90, 15, 99, 474, 98, 70, 484, 246, 291, 269, 41, 50, 159, 224, 263, 362, 568, 77, 548, 121, 505, 340, 198, 6, 432, 169, 150, 330]",600,30,0.7,,,,,2.0,0.005,,,5.421666666666667,0.5740159405253924,0.9916666666666667,0.17666666666666667,4.466666666666667,0.0014383941183667142,0.0027229740953407513,0.21228070175438596,0.021052631578947368,0.0017543859649122807,0.0,2.049557522123894,5.0,0.008771929824561403,0.17543859649122806,7.542105263157895,0.19806348751342126,0.6214534578978201,0.004285283681835406,4.12183908045977,0.8175529324192122,0.0631578947368421,0.1403508771929824,0.1833333333333333,0.9694722919957712,30,False,1422.0
3,paper,paper_4,4,36,2940836423,6740606,"[14, 17, 59, 62, 66, 74, 182, 189, 218, 222, 256, 263, 291, 300, 394, 428, 431, 437, 445, 455, 484, 485, 488, 506, 513, 536, 571, 574, 588, 593]","[346, 438, 14, 26, 384, 351, 360, 525, 71, 193, 516, 515, 354, 454, 253, 86, 96, 100, 398, 583, 453, 52, 8, 169, 581, 101, 446, 109, 204, 166]",600,30,0.7,,,,,2.0,0.005,,,5.421666666666667,0.5740159405253924,0.9916666666666667,0.17666666666666667,5.633333333333334,0.0017406470801307173,0.005024369537852092,0.22280701754385965,0.031578947368421054,0.0035087719298245615,0.0,2.0618374558303887,4.0,0.007017543859649123,0.2719298245614035,9.170175438596491,0.20977746546636789,0.6049949125890297,0.004856700233288255,3.70935960591133,0.7088629469240306,0.0684210526315789,0.2210526315789473,0.26,1.0388261249754578,30,False,1524.0
3,paper,paper_4,4,37,2940836423,2672357629,"[24, 30, 42, 43, 52, 119, 125, 134, 151, 176, 225, 231, 248, 345, 346, 361, 427, 430, 435, 438, 465, 496, 497, 517, 539, 542, 582, 587, 592, 593]","[2, 363, 498, 87, 217, 168, 336, 247, 98, 258, 321, 27, 110, 320, 180, 543, 548, 177, 341, 162, 32, 437, 126, 559, 248, 106, 470, 218, 16, 166]",600,30,0.7,,,,,2.0,0.005,,,5.421666666666667,0.5740159405253924,0.9916666666666667,0.17666666666666667,5.233333333333333,0.0016299689044857188,0.0032770059506765396,0.23684210526315788,0.028070175438596492,0.0017543859649122807,0.0,1.9646017699115044,4.0,0.008771929824561403,0.27017543859649124,8.86140350877193,0.21999272352970534,0.5835414546912095,0.004762163124232089,3.9126436781609195,0.7853814365769467,0.075438596491228,0.956140350877193,0.9583333333333334,0.973461874993518,30,False,2258.0
3,paper,paper_4,4,38,2940836423,2651548379,"[11, 25, 27, 46, 84, 96, 133, 134, 145, 146, 175, 219, 237, 252, 278, 292, 330, 335, 368, 370, 394, 419, 453, 470, 486, 487, 506, 552, 572, 595]","[479, 597, 528, 1, 577, 455, 194, 247, 171, 199, 172, 523, 365, 307, 414, 125, 262, 524, 324, 60, 253, 242, 116, 143, 51, 432, 169, 230, 129, 338]",600,30,0.7,,,,,2.0,0.005,,,5.421666666666667,0.5740159405253924,0.9916666666666667,0.17666666666666667,5.466666666666667,0.001676370409254784,0.004672349122163161,0.24210526315789474,0.03333333333333333,0.0035087719298245615,0.0,1.968141592920354,5.0,0.008771929824561403,0.3,9.36140350877193,0.22412899481481297,0.5756544260475441,0.00500904025862135,3.8689655172413793,0.7794578616903347,0.0771929824561403,0.7105263157894737,0.725,0.9586840409319848,30,False,1936.0
3,paper,paper_4,4,39,2940836423,455715061,"[2, 8, 41, 54, 89, 93, 120, 132, 138, 140, 156, 162, 180, 204, 259, 285, 294, 326, 403, 443, 450, 453, 454, 509, 519, 526, 537, 543, 577, 580]","[178, 196, 375, 189, 413, 471, 49, 57, 36, 111, 10, 296, 299, 278, 530, 593, 576, 42, 549, 507, 520, 116, 80, 102, 239, 345, 19, 48, 514, 255]",600,30,0.7,,,,,2.0,0.005,,,5.421666666666667,0.5740159405253924,0.9916666666666667,0.17666666666666667,5.5,0.0016874912712971462,0.005631952492732794,0.24561403508771928,0.02456140350877193,0.0017543859649122807,0.0,1.952212389380531,4.0,0.008771929824561403,0.30526315789473685,8.83157894736842,0.22384785228424967,0.570462183578454,0.0033132444897150774,3.901149425287356,0.7233893670725571,0.0684210526315789,0.1929824561403508,0.2333333333333333,1.0484209170099348,30,False,1474.0
3,paper,paper_4,4,40,2940836423,78662569,"[37, 39, 45, 81, 116, 127, 158, 167, 170, 185, 193, 209, 270, 275, 287, 297, 330, 346, 363, 374, 379, 389, 399, 472, 493, 499, 521, 546, 560, 582]","[274, 503, 349, 380, 277, 561, 377, 251, 397, 598, 59, 238, 261, 191, 406, 526, 262, 180, 565, 396, 395, 442, 368, 220, 79, 286, 54, 184, 113, 470]",600,30,0.7,,,,,2.0,0.005,,,5.421666666666667,0.5740159405253924,0.9916666666666667,0.17666666666666667,5.133333333333334,0.0015963406403510878,0.004075762019998091,0.22456140350877193,0.031578947368421054,0.0,0.0,2.035335689045936,5.0,0.007017543859649123,0.2614035087719298,8.456140350877194,0.21071898521391466,0.6023062929732063,0.004267354612182198,3.8694581280788176,0.74181808349301,0.0736842105263157,0.4473684210526316,0.475,1.0138638330390677,30,False,1682.0
3,paper,paper_4,4,41,2940836423,353609504,"[84, 95, 96, 113, 115, 176, 193, 218, 224, 227, 229, 240, 258, 285, 289, 312, 338, 354, 355, 359, 409, 429, 433, 435, 448, 461, 480, 528, 572, 581]","[577, 499, 455, 461, 547, 258, 59, 71, 301, 46, 69, 344, 542, 593, 24, 175, 371, 480, 135, 539, 405, 572, 316, 341, 121, 319, 213, 594, 129, 534]",600,30,0.7,,,,,2.0,0.005,,,5.421666666666667,0.5740159405253924,0.9916666666666667,0.17666666666666667,5.233333333333333,0.0016418223445050053,0.0037832963154233617,0.23157894736842105,0.02280701754385965,0.005263157894736842,0.0,1.9628318584070796,5.0,0.008771929824561403,0.2578947368421053,8.656140350877193,0.21390617409163803,0.5916258132149355,0.004736521460659392,4.029885057471264,0.7213125699704971,0.0508771929824561,0.1596491228070175,0.2016666666666666,0.9807837499538437,30,False,1420.0
3,paper,paper_4,4,42,2940836423,1370887412,"[5, 43, 64, 87, 89, 108, 244, 288, 291, 306, 313, 327, 335, 351, 352, 371, 380, 406, 414, 433, 450, 456, 465, 478, 490, 506, 553, 567, 568, 574]","[81, 87, 43, 3, 413, 410, 412, 23, 354, 279, 372, 159, 524, 229, 170, 275, 314, 488, 13, 316, 520, 434, 32, 95, 132, 169, 468, 322, 44, 109]",600,30,0.7,,,,,2.0,0.005,,,5.421666666666667,0.5740159405253924,0.9916666666666667,0.17666666666666667,5.533333333333333,0.001724781724122444,0.006211066941897351,0.24561403508771928,0.02982456140350877,0.0035087719298245615,0.0,1.976991150442478,4.0,0.008771929824561403,0.27017543859649124,9.72982456140351,0.2259707055983517,0.570462183578454,0.006712759945652014,3.7563218390804596,0.7488536473014967,0.0684210526315789,0.243859649122807,0.2816666666666667,0.8201980830635875,25,True,1512.0
3,paper,paper_4,4,43,2940836423,506262084,"[4, 30, 55, 66, 67, 70, 79, 159, 178, 183, 214, 224, 304, 360, 371, 375, 388, 400, 445, 448, 457, 462, 469, 488, 520, 527, 546, 557, 558, 594]","[532, 363, 509, 384, 250, 151, 481, 72, 333, 303, 34, 301, 92, 529, 275, 225, 115, 91, 398, 121, 37, 496, 267, 8, 356, 358, 184, 304, 78, 181]",600,30,0.7,,,,,2.0,0.005,,,5.421666666666667,0.5740159405253924,0.9916666666666667,0.17666666666666667,5.9,0.0018079075539781692,0.00483319214194043,0.2596491228070175,0.042105263157894736,0.008771929824561403,0.0,1.9327433628318584,5.0,0.008771929824561403,0.2912280701754386,9.547368421052632,0.24027725098218441,0.549446551352018,0.006497550743307123,3.7839080459770114,0.7980122270768844,0.0771929824561403,0.4105263157894737,0.44,0.9656922499416396,30,False,1650.0
3,paper,paper_4,4,44,2940836423,2680994640,"[11, 14, 35, 47, 56, 61, 67, 117, 145, 152, 197, 200, 230, 246, 266, 287, 298, 339, 351, 386, 390, 426, 454, 497, 505, 522, 529, 556, 580, 594]","[479, 346, 327, 445, 386, 272, 250, 288, 171, 30, 20, 423, 123, 385, 369, 406, 501, 464, 229, 456, 200, 226, 80, 126, 232, 290, 325, 139, 255, 181]",600,30,0.7,,,,,2.0,0.005,,,5.421666666666667,0.5740159405253924,0.9916666666666667,0.17666666666666667,5.733333333333333,0.0017655430646070938,0.005635617594358823,0.24210526315789474,0.03508771929824561,0.0017543859649122807,0.0,1.9787610619469027,4.0,0.008771929824561403,0.3017543859649123,9.866666666666667,0.22458571613901374,0.5756420929300404,0.005472100958916374,3.781609195402299,0.7668270711903971,0.0894736842105263,0.4368421052631579,0.465,0.9392587910406291,30,False,1692.0
3,paper,paper_4,4,45,2940836423,1375553263,"[43, 56, 65, 74, 76, 94, 122, 167, 172, 177, 182, 208, 250, 279, 287, 289, 293, 299, 307, 318, 345, 353, 360, 363, 373, 411, 424, 432, 539, 594]","[87, 386, 490, 351, 527, 12, 56, 251, 9, 145, 360, 348, 210, 140, 406, 24, 599, 383, 41, 494, 320, 535, 529, 565, 208, 552, 77, 287, 248, 181]",600,30,0.7,,,,,2.0,0.005,,,5.421666666666667,0.5740159405253924,0.9916666666666667,0.17666666666666667,5.133333333333334,0.0015888906251089673,0.003661303402934264,0.22807017543859648,0.02280701754385965,0.005263157894736842,0.0,1.9876325088339222,4.0,0.007017543859649123,0.3017543859649123,9.271929824561404,0.21014153571495145,0.5970215521228378,0.004826616550754482,3.8448275862068964,0.742930072414885,0.0859649122807017,0.9491228070175438,0.9516666666666668,0.8414440000196919,27,True,2262.0
3,paper,paper_4,4,46,2940836423,3467534454,"[3, 11, 22, 64, 104, 126, 134, 144, 211, 281, 295, 299, 318, 342, 361, 372, 384, 417, 424, 451, 461, 493, 498, 502, 509, 519, 544, 562, 573, 580]","[65, 479, 105, 43, 38, 449, 247, 339, 216, 163, 215, 383, 494, 244, 543, 493, 185, 310, 77, 94, 319, 79, 447, 582, 102, 239, 318, 295, 387, 255]",600,30,0.7,,,,,2.0,0.005,,,5.421666666666667,0.5740159405253924,0.9916666666666667,0.17666666666666667,6.3,0.001871201719069336,0.009750964261503004,0.2596491228070175,0.05087719298245614,0.012280701754385965,0.0,1.927433628318584,5.0,0.008771929824561403,0.3543859649122807,9.733333333333333,0.23439531004518946,0.5515616810039158,0.0069994263648003605,3.7770114942528736,0.7704711497458846,0.0859649122807017,0.9421052631578948,0.945,0.921205708058551,30,False,2250.0
3,paper,paper_4,4,47,2940836423,396128597,"[12, 17, 23, 33, 35, 36, 65, 76, 80, 83, 108, 162, 181, 199, 203, 204, 210, 214, 240, 268, 307, 347, 352, 398, 402, 492, 521, 522, 575, 583]","[584, 438, 450, 513, 327, 588, 490, 527, 343, 164, 410, 296, 108, 392, 475, 278, 352, 34, 344, 197, 41, 211, 170, 585, 596, 40, 54, 290, 452, 219]",600,30,0.7,,,,,2.0,0.005,,,5.421666666666667,0.5740159405253924,0.9916666666666667,0.17666666666666667,5.533333333333333,0.0016940260995472291,0.006091748946444434,0.24912280701754386,0.02982456140350877,0.005263157894736842,0.0,1.9628975265017667,4.0,0.007017543859649123,0.3105263157894737,9.559649122807018,0.22838315808492085,0.5651836092868375,0.005452907780296717,3.8645320197044337,0.7725479468479445,0.0719298245614035,0.3719298245614035,0.4033333333333333,0.9538290839409456,30,False,1620.0
3,paper,paper_4,4,48,2940836423,986047628,"[0, 28, 32, 33, 52, 57, 108, 141, 157, 197, 198, 256, 265, 303, 315, 321, 329, 341, 342, 425, 451, 457, 472, 509, 516, 532, 552, 561, 576, 582]","[134, 236, 502, 513, 217, 332, 410, 573, 427, 20, 293, 516, 451, 575, 195, 260, 419, 428, 244, 551, 94, 37, 220, 102, 104, 347, 230, 124, 512, 470]",600,30,0.7,,,,,2.0,0.005,,,5.421666666666667,0.5740159405253924,0.9916666666666667,0.17666666666666667,5.433333333333334,0.0016861782185895126,0.0053362185554570556,0.23508771929824562,0.03333333333333333,0.005263157894736842,0.0,1.9982300884955753,4.0,0.008771929824561403,0.3087719298245614,9.36140350877193,0.2197474840570874,0.5862054080720254,0.006415360801770538,3.8942528735632185,0.7315924382902933,0.0684210526315789,0.8228070175438597,0.8316666666666667,0.9590417499421164,30,False,2078.0
3,paper,paper_4,4,49,2940836423,3909787276,"[75, 100, 110, 257, 275, 287, 289, 294, 295, 323, 332, 343, 347, 363, 365, 379, 390, 417, 421, 457, 477, 494, 497, 534, 548, 554, 558, 561, 577, 583]","[489, 472, 99, 281, 191, 406, 24, 576, 215, 364, 467, 554, 211, 565, 357, 395, 200, 310, 568, 37, 271, 127, 126, 353, 323, 399, 78, 124, 514, 219]",600,30,0.7,,,,,2.0,0.005,,,5.421666666666667,0.5740159405253924,0.9916666666666667,0.17666666666666667,5.0,0.0015763727332259614,0.0031566292295728093,0.22456140350877193,0.02631578947368421,0.0017543859649122807,0.0,2.0512367491166077,5.0,0.007017543859649123,0.2578947368421053,8.140350877192983,0.2067274294042821,0.6025221225295224,0.003881372878650556,4.022167487684729,0.7452095687460093,0.0807017543859649,0.2789473684210526,0.315,0.8218787079676986,25,True,1532.0
3,paper,paper_5,5,0,3926806947,2534947410,"[12, 40, 57, 119, 124, 134, 152, 178, 192, 201, 218, 226, 229, 243, 252, 277, 280, 288, 322, 330, 350, 363, 373, 376, 385, 430, 437, 503, 539, 550]","[489, 43, 128, 444, 25, 227, 387, 243, 589, 208, 95, 174, 415, 120, 167, 234, 313, 228, 386, 190, 39, 493, 159, 372, 182, 391, 264, 115, 27, 169]",600,30,0.7,,,,,2.0,0.005,,,5.801666666666667,0.48298957555622835,0.9966666666666667,0.1,5.333333333333333,0.001558039367616829,0.004253335508111658,0.23157894736842105,0.02456140350877193,0.0017543859649122807,0.0,1.9701230228471003,4.0,0.0017543859649122807,0.25263157894736843,9.005263157894737,0.21260810507043051,0.5917121450374618,0.004461057123328929,3.8472906403940885,0.9112827191958597,0.087719298245614,0.9771929824561404,0.9783333333333334,0.9200262089725584,30,False,2482.0
3,paper,paper_5,5,1,3926806947,2413323022,"[8, 24, 70, 79, 95, 100, 129, 143, 160, 189, 202, 262, 282, 314, 344, 363, 365, 415, 418, 419, 433, 459, 460, 462, 510, 514, 533, 554, 581, 582]","[491, 588, 221, 253, 531, 407, 336, 257, 14, 146, 69, 11, 21, 509, 232, 493, 402, 315, 289, 6, 254, 492, 587, 122, 207, 270, 2, 139, 419, 34]",600,30,0.7,,,,,2.0,0.005,,,5.801666666666667,0.48298957555622835,0.9966666666666667,0.1,5.033333333333333,0.0014806162926427361,0.0033922744682459423,0.22105263157894736,0.03333333333333333,0.0,0.0,1.9841549295774648,4.0,0.0035087719298245615,0.27017543859649124,8.936842105263159,0.20970208152211883,0.6076157000585823,0.004404089824982319,3.9770114942528734,0.7930048484177408,0.0964912280701754,0.9736842105263158,0.975,0.941264000022784,30,False,2482.0
3,paper,paper_5,5,2,3926806947,841255846,"[74, 84, 123, 141, 145, 165, 169, 177, 181, 198, 211, 250, 251, 281, 286, 292, 294, 311, 342, 354, 384, 400, 412, 491, 501, 511, 522, 526, 535, 569]","[161, 426, 488, 198, 123, 530, 314, 119, 26, 456, 323, 556, 137, 281, 586, 82, 507, 579, 421, 545, 471, 168, 237, 514, 359, 222, 576, 521, 7, 343]",600,30,0.7,,,,,2.0,0.005,,,5.801666666666667,0.48298957555622835,0.9966666666666667,0.1,6.633333333333334,0.0018477278242321918,0.007442714035746394,0.28596491228070176,0.043859649122807015,0.008771929824561403,0.0,1.8556338028169015,4.0,0.0035087719298245615,0.4087719298245614,11.25263157894737,0.25865530010611737,0.5116825455554528,0.007198979402653881,3.5724137931034483,0.8310760346228406,0.0947368421052631,0.9771929824561404,0.9783333333333334,1.135881541064009,29,True,2482.0
3,paper,paper_5,5,3,3926806947,3622475875,"[18, 80, 90, 132, 152, 239, 265, 269, 270, 271, 297, 301, 323, 324, 357, 376, 378, 421, 424, 426, 429, 445, 446, 482, 487, 525, 546, 572, 586, 599]","[352, 374, 330, 80, 387, 172, 282, 283, 347, 238, 533, 379, 8, 223, 197, 372, 56, 441, 572, 339, 395, 300, 105, 157, 5, 304, 446, 562, 535, 178]",600,30,0.7,,,,,2.0,0.005,,,5.801666666666667,0.48298957555622835,0.9966666666666667,0.1,6.2,0.0017415551338105081,0.004917203040196579,0.26666666666666666,0.043859649122807015,0.005263157894736842,0.0,1.9086115992970123,4.0,0.0017543859649122807,0.37719298245614036,10.636842105263158,0.24598507539886658,0.5392408966176425,0.005349347559233329,3.6157635467980294,0.8246071948264828,0.0736842105263157,0.9824561403508772,0.9833333333333332,0.7093555419705808,22,True,2482.0
3,paper,paper_5,5,4,3926806947,2973726895,"[16, 17, 31, 41, 109, 128, 136, 168, 187, 258, 280, 293, 311, 319, 328, 331, 349, 350, 353, 354, 374, 411, 452, 455, 465, 467, 508, 533, 534, 554]","[225, 360, 384, 15, 540, 552, 406, 344, 142, 213, 313, 501, 579, 269, 36, 71, 263, 39, 45, 545, 460, 291, 216, 107, 219, 483, 569, 2, 332, 139]",600,30,0.7,,,,,2.0,0.005,,,5.801666666666667,0.48298957555622835,0.9966666666666667,0.1,5.6,0.0016222375198678327,0.0039270166139797015,0.24210526315789474,0.03684210526315789,0.005263157894736842,0.0,1.9577464788732395,4.0,0.0035087719298245615,0.3017543859649123,9.826315789473684,0.22634711673854138,0.5755002620787469,0.006296188786046797,3.7425287356321837,0.8201750940019819,0.0964912280701754,0.9736842105263158,0.975,0.9457652911078184,30,False,2482.0
3,paper,paper_5,5,5,3926806947,4220476306,"[0, 2, 8, 44, 76, 142, 156, 212, 227, 228, 234, 269, 290, 316, 362, 391, 415, 425, 465, 472, 478, 492, 496, 526, 530, 549, 552, 556, 558, 567]","[454, 436, 491, 317, 410, 162, 171, 103, 154, 515, 506, 283, 215, 191, 455, 320, 315, 181, 219, 486, 195, 267, 252, 521, 41, 537, 534, 126, 316, 435]",600,30,0.7,,,,,2.0,0.005,,,5.801666666666667,0.48298957555622835,0.9966666666666667,0.1,5.533333333333333,0.0015984557829871364,0.003852762990792987,0.24736842105263157,0.02631578947368421,0.0,0.0,1.926056338028169,4.0,0.0035087719298245615,0.2824561403508772,9.475438596491228,0.2258574887788674,0.5678537292264052,0.0032506293827954977,3.901149425287356,0.7908898637356225,0.0824561403508772,0.975438596491228,0.9766666666666668,0.9949887500843032,30,True,2482.0
3,paper,paper_5,5,6,3926806947,168845639,"[18, 25, 78, 84, 114, 116, 142, 162, 181, 187, 196, 197, 212, 222, 249, 272, 308, 310, 324, 330, 360, 450, 452, 455, 460, 467, 478, 572, 595, 596]","[352, 368, 401, 426, 595, 186, 162, 469, 26, 142, 116, 380, 103, 558, 505, 408, 131, 102, 223, 190, 246, 377, 216, 107, 587, 483, 195, 562, 319, 173]",600,30,0.7,,,,,2.0,0.005,,,5.801666666666667,0.48298957555622835,0.9966666666666667,0.1,6.133333333333334,0.001760166784736332,0.004678266269033627,0.2614035087719298,0.031578947368421054,0.005263157894736842,0.0,1.9242957746478873,4.0,0.0035087719298245615,0.3350877192982456,10.008771929824562,0.23867656979239282,0.5470292603212777,0.004771642617572594,3.7563218390804596,0.8276584430266235,0.0894736842105263,0.963157894736842,0.965,1.057498999987729,30,False,2474.0
3,paper,paper_5,5,7,3926806947,3135756233,"[20, 41, 54, 59, 69, 95, 100, 140, 196, 200, 202, 204, 253, 269, 316, 318, 354, 357, 358, 411, 418, 428, 431, 448, 460, 474, 514, 550, 564, 576]","[503, 15, 272, 439, 280, 531, 407, 418, 116, 164, 69, 527, 412, 283, 191, 275, 545, 197, 91, 291, 289, 334, 575, 596, 587, 565, 270, 169, 0, 597]",600,30,0.7,,,,,2.0,0.005,,,5.801666666666667,0.48298957555622835,0.9966666666666667,0.1,5.566666666666666,0.001593203338867173,0.003968098322422123,0.23859649122807017,0.02631578947368421,0.0035087719298245615,0.0,1.9524647887323943,4.0,0.0035087719298245615,0.2894736842105263,9.975438596491228,0.22034975957987926,0.5808590016341381,0.004156201397580708,3.7287356321839082,0.8303419025650826,0.0947368421052631,0.975438596491228,0.9766666666666668,0.9408787919674068,30,False,2482.0
3,paper,paper_5,5,8,3926806947,362830931,"[35, 39, 48, 58, 66, 84, 91, 115, 129, 157, 162, 234, 237, 262, 316, 324, 325, 391, 414, 449, 451, 456, 457, 475, 501, 508, 561, 565, 568, 581]","[4, 463, 73, 249, 560, 426, 539, 306, 336, 89, 469, 506, 335, 11, 191, 223, 203, 320, 3, 284, 481, 397, 61, 383, 359, 569, 23, 327, 458, 419]",600,30,0.7,,,,,2.0,0.005,,,5.801666666666667,0.48298957555622835,0.9966666666666667,0.1,5.6,0.0016065725285411858,0.004179122911879078,0.23157894736842105,0.03508771929824561,0.0035087719298245615,0.0,1.9559859154929577,4.0,0.0035087719298245615,0.3298245614035088,9.75263157894737,0.2150670729908036,0.5918848086825147,0.005670311808242842,3.8804597701149426,0.8662361612130628,0.0894736842105263,0.9736842105263158,0.975,0.9381323750130832,30,False,2482.0
3,paper,paper_5,5,9,3926806947,668566794,"[18, 20, 21, 24, 85, 108, 122, 127, 141, 178, 197, 203, 204, 235, 236, 241, 258, 259, 266, 310, 362, 380, 403, 476, 477, 507, 550, 553, 557, 570]","[352, 503, 451, 588, 388, 543, 212, 392, 198, 243, 380, 148, 527, 96, 329, 22, 213, 104, 217, 102, 455, 180, 149, 299, 585, 496, 169, 512, 302, 224]",600,30,0.7,,,,,2.0,0.005,,,5.801666666666667,0.48298957555622835,0.9966666666666667,0.1,5.133333333333334,0.0014909749531071867,0.003483260493117031,0.22807017543859648,0.02982456140350877,0.005263157894736842,0.0,1.9912126537785588,4.0,0.0017543859649122807,0.2631578947368421,9.01578947368421,0.21433035494663483,0.5968057225665218,0.005199730965451047,3.8423645320197046,0.779786791654499,0.0842105263157894,0.3491228070175438,0.3816666666666666,0.9940839579794556,30,False,1654.0
3,paper,paper_5,5,10,3926806947,624173716,"[15, 18, 19, 40, 42, 111, 123, 136, 146, 149, 174, 197, 225, 297, 312, 313, 325, 333, 353, 396, 398, 421, 438, 453, 492, 497, 503, 507, 551, 582]","[318, 352, 189, 43, 121, 31, 488, 406, 417, 70, 205, 380, 63, 533, 333, 239, 203, 145, 45, 259, 428, 441, 277, 312, 267, 568, 115, 496, 266, 34]",600,30,0.7,,,,,2.0,0.005,,,5.801666666666667,0.48298957555622835,0.9966666666666667,0.1,5.633333333333334,0.001614670358374451,0.0036648282802600345,0.24561403508771928,0.028070175438596492,0.0035087719298245615,0.0,1.9154929577464788,4.0,0.0035087719298245615,0.32456140350877194,10.215789473684211,0.22625333715873328,0.5703326858446643,0.005719734588902946,3.7701149425287355,0.7671372097475982,0.1052631578947368,0.9842105263157894,0.985,0.8477648330153897,26,True,2482.0
3,paper,paper_5,5,11,3926806947,2046366087,"[91, 120, 156, 165, 178, 183, 200, 209, 219, 221, 222, 306, 339, 344, 381, 398, 399, 419, 453, 460, 492, 504, 508, 512, 523, 536, 560, 564, 568, 589]","[539, 378, 171, 530, 243, 432, 164, 434, 241, 287, 558, 513, 364, 232, 429, 428, 268, 6, 312, 587, 267, 325, 569, 33, 19, 240, 580, 0, 458, 431]",600,30,0.7,,,,,2.0,0.005,,,5.801666666666667,0.48298957555622835,0.9966666666666667,0.1,6.233333333333333,0.001764831078714372,0.005190490068569997,0.26842105263157895,0.03508771929824561,0.0035087719298245615,0.0,1.9119718309859155,4.0,0.0035087719298245615,0.356140350877193,10.345614035087719,0.24612071768063545,0.5365892763543305,0.004459937553243841,3.664367816091954,0.8346338148043206,0.0771929824561403,0.956140350877193,0.9583333333333334,0.9878721670247614,30,False,2454.0
3,paper,paper_5,5,12,3926806947,2097562797,"[21, 24, 48, 49, 55, 60, 143, 152, 158, 164, 166, 173, 200, 201, 206, 207, 260, 287, 314, 341, 347, 402, 443, 445, 470, 490, 546, 562, 568, 588]","[451, 588, 73, 199, 414, 17, 257, 387, 541, 548, 467, 97, 164, 208, 479, 129, 567, 298, 509, 357, 398, 194, 355, 300, 18, 125, 446, 285, 458, 399]",600,30,0.7,,,,,2.0,0.005,,,5.801666666666667,0.48298957555622835,0.9966666666666667,0.1,4.966666666666667,0.0014492493604230106,0.0030757043481739093,0.21578947368421053,0.028070175438596492,0.0035087719298245615,0.0,2.015845070422535,4.0,0.0035087719298245615,0.24561403508771928,8.863157894736842,0.20131395634273921,0.6160577189899177,0.0057123464020015745,3.901149425287356,0.8421171638289623,0.0701754385964912,0.5,0.525,1.0099241249263289,30,False,1794.0
3,paper,paper_5,5,13,3926806947,29092369,"[10, 43, 119, 196, 203, 209, 224, 284, 294, 299, 350, 381, 395, 424, 435, 439, 441, 471, 472, 475, 489, 502, 527, 533, 543, 553, 567, 568, 579, 589]","[176, 563, 444, 116, 148, 434, 113, 74, 507, 132, 39, 429, 457, 572, 136, 12, 185, 24, 486, 383, 42, 445, 16, 2, 553, 512, 435, 458, 494, 431]",600,30,0.7,,,,,2.0,0.005,,,5.801666666666667,0.48298957555622835,0.9966666666666667,0.1,5.7,0.0016286085667293554,0.003975832611828568,0.23859649122807017,0.03684210526315789,0.0035087719298245615,0.0,1.9383802816901408,4.0,0.0035087719298245615,0.3456140350877193,10.070175438596491,0.2250219308233236,0.5807171707828447,0.005199823465543547,3.7264367816091952,0.8047801096816205,0.0789473684210526,0.5807017543859649,0.6016666666666667,1.045261292019859,30,False,1848.0
3,paper,paper_5,5,14,3926806947,220030714,"[6, 14, 55, 56, 59, 68, 131, 150, 163, 198, 205, 208, 236, 248, 250, 253, 262, 293, 295, 321, 341, 352, 400, 405, 417, 465, 470, 472, 487, 517]","[393, 175, 414, 67, 439, 188, 559, 584, 466, 456, 158, 381, 329, 308, 556, 412, 11, 501, 511, 109, 357, 265, 168, 310, 163, 219, 18, 486, 5, 474]",600,30,0.7,,,,,2.0,0.005,,,5.801666666666667,0.48298957555622835,0.9966666666666667,0.1,6.233333333333333,0.0017641893133143979,0.006365098245756872,0.2631578947368421,0.04736842105263158,0.0035087719298245615,0.0,1.892605633802817,4.0,0.0035087719298245615,0.36140350877192984,10.328070175438597,0.24505493207606233,0.5443838066167176,0.00563427497748263,3.7241379310344827,0.8073233806348163,0.087719298245614,0.9842105263157894,0.985,0.9677449580049142,30,False,2482.0
3,paper,paper_5,5,15,3926806947,3040002835,"[1, 9, 18, 56, 85, 101, 109, 110, 115, 138, 146, 156, 171, 182, 237, 240, 273, 299, 328, 331, 346, 390, 421, 453, 458, 462, 487, 530, 557, 562]","[250, 134, 352, 67, 388, 140, 540, 87, 306, 184, 417, 171, 382, 220, 335, 510, 32, 132, 36, 71, 62, 196, 441, 312, 124, 122, 5, 41, 302, 285]",600,30,0.7,,,,,2.0,0.005,,,5.801666666666667,0.48298957555622835,0.9966666666666667,0.1,6.366666666666666,0.0017829905305461239,0.00464379506017542,0.2719298245614035,0.054385964912280704,0.0017543859649122807,0.0,1.8908450704225352,4.0,0.0035087719298245615,0.3684210526315789,10.24736842105263,0.2525404408508671,0.5315881972065489,0.0056362511515523255,3.786206896551724,0.8337594941612996,0.1035087719298245,0.980701754385965,0.9816666666666668,0.9528980409959332,30,False,2482.0
3,paper,paper_5,5,16,3926806947,3253895258,"[0, 16, 19, 28, 32, 50, 52, 82, 90, 156, 167, 170, 215, 216, 226, 237, 256, 271, 304, 330, 438, 449, 452, 469, 475, 485, 505, 559, 582, 594]","[454, 225, 189, 305, 499, 504, 477, 152, 330, 171, 100, 354, 86, 260, 174, 335, 353, 238, 574, 190, 277, 284, 216, 9, 383, 155, 371, 590, 34, 290]",600,30,0.7,,,,,2.0,0.005,,,5.801666666666667,0.48298957555622835,0.9966666666666667,0.1,5.366666666666666,0.001574431938852138,0.002704911424226193,0.25087719298245614,0.02631578947368421,0.0017543859649122807,0.0,1.9524647887323943,4.0,0.0035087719298245615,0.2789473684210526,8.980701754385965,0.23088956952403594,0.562390158172232,0.0036724897069724655,3.910344827586207,0.863044724427659,0.0807017543859649,0.3596491228070175,0.3916666666666666,0.997676792088896,30,False,1642.0
3,paper,paper_5,5,17,3926806947,2313921181,"[16, 22, 61, 78, 81, 113, 120, 148, 149, 157, 165, 200, 210, 214, 218, 223, 234, 269, 296, 302, 327, 332, 384, 393, 424, 469, 484, 492, 526, 574]","[225, 93, 151, 401, 425, 262, 378, 204, 70, 89, 530, 164, 420, 518, 95, 405, 506, 283, 303, 340, 177, 112, 471, 236, 572, 9, 179, 267, 521, 495]",600,30,0.7,,,,,2.0,0.005,,,5.801666666666667,0.48298957555622835,0.9966666666666667,0.1,5.5,0.0015931139606254626,0.0036659559244116642,0.24736842105263157,0.028070175438596492,0.0017543859649122807,0.0,1.9295774647887325,4.0,0.0035087719298245615,0.2771929824561403,9.643859649122806,0.2287388327230595,0.5675824006413221,0.004659701728667245,3.811494252873563,0.7685195076375642,0.1,0.9789473684210528,0.98,0.8280344168888405,26,True,2482.0
3,paper,paper_5,5,18,3926806947,1025032784,"[6, 22, 33, 74, 81, 88, 90, 91, 130, 135, 157, 165, 188, 205, 220, 225, 272, 282, 286, 361, 369, 372, 401, 447, 488, 495, 496, 550, 576, 586]","[393, 93, 245, 161, 425, 29, 330, 539, 10, 233, 89, 530, 307, 158, 365, 63, 408, 21, 586, 229, 52, 101, 413, 592, 72, 564, 252, 169, 597, 535]",600,30,0.7,,,,,2.0,0.005,,,5.801666666666667,0.48298957555622835,0.9966666666666667,0.1,6.2,0.0017930856316065653,0.005564990084265741,0.26666666666666666,0.03684210526315789,0.0017543859649122807,0.0,1.8943661971830985,4.0,0.0035087719298245615,0.3333333333333333,9.701754385964913,0.24024320824398632,0.5396540560540191,0.003952809738296251,3.825287356321839,0.8444342799713451,0.0789473684210526,0.975438596491228,0.9766666666666668,0.962644667015411,30,False,2482.0
3,paper,paper_5,5,19,3926806947,3563271117,"[11, 24, 35, 37, 169, 228, 257, 259, 269, 274, 286, 291, 297, 315, 329, 353, 375, 378, 405, 413, 448, 469, 494, 514, 523, 543, 550, 552, 565, 594]","[94, 588, 4, 48, 314, 515, 529, 104, 283, 498, 586, 375, 533, 555, 166, 45, 248, 56, 310, 256, 596, 9, 409, 270, 19, 553, 169, 534, 327, 290]",600,30,0.7,,,,,2.0,0.005,,,5.801666666666667,0.48298957555622835,0.9966666666666667,0.1,5.366666666666666,0.001571166205540367,0.004059832733144429,0.24210526315789474,0.02280701754385965,0.0,0.0,1.943661971830986,4.0,0.0035087719298245615,0.3,9.257894736842106,0.22123679342094443,0.5757469244288225,0.0031685129416526873,3.9034482758620688,0.7742542153761639,0.0649122807017543,0.2789473684210526,0.315,1.0013300409773365,30,False,1556.0
3,paper,paper_5,5,20,3926806947,1878094543,"[27, 40, 61, 67, 74, 75, 101, 111, 126, 171, 175, 191, 220, 230, 256, 260, 261, 273, 279, 280, 342, 357, 390, 458, 465, 469, 497, 523, 570, 594]","[423, 43, 151, 84, 161, 487, 140, 31, 76, 382, 404, 202, 365, 400, 353, 567, 68, 32, 464, 313, 421, 197, 196, 124, 219, 9, 568, 19, 224, 290]",600,30,0.7,,,,,2.0,0.005,,,5.801666666666667,0.48298957555622835,0.9966666666666667,0.1,5.566666666666666,0.001612751288794995,0.0037667254688936286,0.23684210526315788,0.042105263157894736,0.0035087719298245615,0.0,1.954225352112676,4.0,0.0035087719298245615,0.26666666666666666,9.280701754385966,0.22503988500088634,0.5833564579286529,0.005963958098846537,3.8275862068965516,0.8796803727871174,0.0859649122807017,0.431578947368421,0.46,1.0025356250116602,30,False,1684.0
3,paper,paper_5,5,21,3926806947,3552982098,"[17, 22, 47, 63, 79, 84, 95, 101, 135, 145, 208, 229, 286, 292, 311, 319, 334, 350, 359, 396, 426, 448, 462, 465, 518, 521, 549, 580, 584, 596]","[360, 93, 517, 532, 253, 426, 531, 140, 233, 123, 381, 415, 586, 82, 579, 269, 433, 39, 46, 259, 339, 596, 122, 219, 79, 476, 537, 75, 276, 173]",600,30,0.7,,,,,2.0,0.005,,,5.801666666666667,0.48298957555622835,0.9966666666666667,0.1,5.166666666666667,0.0015114688105715734,0.0036834556076859844,0.22456140350877193,0.042105263157894736,0.005263157894736842,0.0,2.0035211267605635,4.0,0.0035087719298245615,0.28771929824561404,9.04561403508772,0.21570228937407496,0.6021459624456572,0.006623225534296315,3.9655172413793105,0.7817375644008057,0.1052631578947368,0.9771929824561404,0.9783333333333334,0.8960723750060424,28,True,2482.0
3,paper,paper_5,5,22,3926806947,4558693,"[23, 29, 46, 78, 96, 99, 110, 124, 126, 127, 148, 175, 196, 203, 222, 228, 243, 251, 259, 273, 324, 352, 372, 397, 439, 464, 468, 503, 581, 592]","[83, 292, 294, 401, 273, 321, 87, 25, 76, 392, 204, 404, 116, 148, 558, 515, 120, 137, 104, 32, 223, 265, 101, 547, 12, 461, 442, 115, 419, 165]",600,30,0.7,,,,,2.0,0.005,,,5.801666666666667,0.48298957555622835,0.9966666666666667,0.1,6.2,0.0017686281795169373,0.004906945145761562,0.2824561403508772,0.03859649122807018,0.0017543859649122807,0.0,1.8556338028169015,4.0,0.0035087719298245615,0.3473684210526316,10.291228070175439,0.2542125869539055,0.5168007893195202,0.004806145184705905,3.717241379310345,0.8271504657796788,0.0771929824561403,0.9842105263157894,0.985,0.9743131670402364,30,False,2482.0
3,paper,paper_5,5,23,3926806947,1156297983,"[10, 12, 19, 24, 27, 59, 69, 85, 98, 150, 224, 235, 256, 283, 314, 315, 348, 354, 372, 392, 409, 413, 424, 436, 472, 488, 518, 534, 569, 594]","[176, 489, 189, 588, 423, 439, 280, 388, 373, 584, 113, 96, 353, 452, 509, 555, 108, 545, 101, 286, 65, 256, 572, 519, 486, 72, 79, 332, 343, 290]",600,30,0.7,,,,,2.0,0.005,,,5.801666666666667,0.48298957555622835,0.9966666666666667,0.1,6.133333333333334,0.0017630842969382269,0.005496864501448886,0.2719298245614035,0.0456140350877193,0.005263157894736842,0.0,1.8820422535211268,4.0,0.0035087719298245615,0.3333333333333333,9.956140350877194,0.2510588647790902,0.5316190300003083,0.005651631042435641,3.760919540229885,0.7842808353540017,0.1087719298245614,0.9771929824561404,0.9783333333333334,0.9296980410581456,30,False,2482.0
3,paper,paper_5,5,24,3926806947,3271917872,"[13, 36, 47, 63, 85, 87, 104, 129, 145, 211, 227, 231, 233, 253, 266, 271, 272, 340, 344, 370, 373, 388, 428, 443, 450, 490, 494, 519, 534, 555]","[301, 244, 517, 532, 388, 278, 144, 336, 123, 323, 154, 416, 226, 412, 217, 238, 408, 462, 232, 44, 159, 1, 334, 355, 377, 125, 409, 497, 332, 557]",600,30,0.7,,,,,2.0,0.005,,,5.801666666666667,0.48298957555622835,0.9966666666666667,0.1,5.5,0.0015924680637716367,0.004336204344393895,0.23508771929824562,0.03333333333333333,0.0035087719298245615,0.0,1.9683098591549295,4.0,0.0035087719298245615,0.2982456140350877,9.60701754385965,0.2196544966400895,0.5861437424845065,0.004948576327886673,3.7517241379310344,0.7528186775305225,0.0824561403508772,0.9456140350877194,0.9483333333333334,0.984178000013344,30,False,2440.0
3,paper,paper_5,5,25,3926806947,2795909072,"[0, 20, 47, 136, 152, 162, 164, 173, 212, 307, 333, 378, 398, 405, 408, 448, 467, 480, 508, 513, 514, 515, 553, 555, 558, 561, 571, 573, 578, 580]","[454, 503, 517, 406, 387, 469, 548, 97, 103, 98, 145, 56, 428, 310, 528, 596, 483, 153, 569, 143, 270, 345, 512, 557, 316, 23, 465, 147, 437, 75]",600,30,0.7,,,,,2.0,0.005,,,5.801666666666667,0.48298957555622835,0.9966666666666667,0.1,5.633333333333334,0.0016143798160650796,0.004025182389061517,0.24035087719298245,0.028070175438596492,0.010526315789473684,0.0,1.9524647887323943,4.0,0.0035087719298245615,0.3157894736842105,9.950877192982457,0.22098389452822742,0.5784602102796534,0.006502562871731229,3.779310344827586,0.7964224400139577,0.0842105263157894,0.9736842105263158,0.975,0.9890501669142396,30,False,2482.0
3,paper,paper_5,5,26,3926806947,344021108,"[18, 20, 58, 68, 109, 171, 226, 227, 243, 247, 250, 264, 283, 322, 326, 339, 428, 433, 437, 475, 476, 480, 508, 524, 533, 570, 582, 587, 591, 592]","[352, 503, 249, 188, 540, 382, 174, 154, 120, 356, 556, 99, 452, 386, 363, 364, 334, 254, 264, 383, 299, 153, 569, 551, 2, 224, 34, 59, 218, 165]",600,30,0.7,,,,,2.0,0.005,,,5.801666666666667,0.48298957555622835,0.9966666666666667,0.1,5.7,0.0016382182202292982,0.004762398592199563,0.25263157894736843,0.02631578947368421,0.0035087719298245615,0.0,1.9278169014084507,4.0,0.0035087719298245615,0.29473684210526313,9.933333333333334,0.2322579967309124,0.5597878703789351,0.004010351079316596,3.793103448275862,0.8446604347821585,0.1070175438596491,0.980701754385965,0.9816666666666668,0.942962915985845,30,False,2482.0
3,paper,paper_5,5,27,3926806947,1540916040,"[4, 37, 38, 41, 47, 61, 64, 66, 101, 103, 142, 190, 220, 235, 258, 260, 276, 285, 296, 330, 353, 429, 434, 435, 474, 488, 494, 501, 523, 571]","[542, 48, 502, 15, 517, 151, 351, 560, 140, 214, 162, 459, 365, 96, 213, 567, 60, 598, 303, 190, 45, 395, 478, 136, 565, 72, 409, 359, 19, 465]",600,30,0.7,,,,,2.0,0.005,,,5.801666666666667,0.48298957555622835,0.9966666666666667,0.1,5.733333333333333,0.0016611688947328835,0.004676143817904338,0.24210526315789474,0.03333333333333333,0.005263157894736842,0.0,1.9225352112676057,4.0,0.0035087719298245615,0.3192982456140351,9.678947368421053,0.22615480355213838,0.5754694292849876,0.004893915152535842,3.8183908045977013,0.8564356960460381,0.0859649122807017,0.9842105263157894,0.985,0.9795682079857216,30,False,2482.0
3,paper,paper_5,5,28,3926806947,1967470344,"[11, 53, 75, 85, 93, 120, 130, 163, 202, 244, 314, 335, 352, 360, 407, 422, 429, 451, 452, 488, 495, 507, 525, 555, 557, 562, 565, 582, 596, 597]","[94, 53, 487, 388, 599, 378, 10, 466, 69, 37, 509, 582, 265, 246, 235, 50, 395, 481, 216, 72, 564, 496, 304, 557, 302, 285, 327, 34, 173, 396]",600,30,0.7,,,,,2.0,0.005,,,5.801666666666667,0.48298957555622835,0.9966666666666667,0.1,4.833333333333333,0.0014374453861050274,0.003923439553765198,0.20175438596491227,0.028070175438596492,0.0017543859649122807,0.0,2.0211267605633805,4.0,0.0035087719298245615,0.24385964912280703,8.880701754385965,0.19455295957582502,0.6378195048253322,0.0053821721063100365,3.960919540229885,0.8205414373980581,0.0719298245614035,0.1771929824561403,0.2183333333333333,0.9275540410308168,27,True,1512.0
3,paper,paper_5,5,29,3926806947,1750798375,"[12, 32, 41, 82, 136, 188, 235, 243, 252, 254, 274, 281, 314, 318, 320, 331, 333, 342, 363, 380, 406, 416, 439, 534, 535, 538, 550, 551, 577, 584]","[489, 499, 15, 152, 406, 307, 96, 120, 167, 51, 498, 281, 509, 275, 411, 71, 145, 421, 493, 180, 448, 255, 12, 332, 7, 449, 169, 266, 20, 276]",600,30,0.7,,,,,2.0,0.005,,,5.801666666666667,0.48298957555622835,0.9966666666666667,0.1,6.133333333333334,0.001741237248512222,0.005002070910048264,0.26666666666666666,0.02456140350877193,0.005263157894736842,0.0,1.9102112676056338,4.0,0.0035087719298245615,0.34210526315789475,10.426315789473684,0.2416964788482234,0.539210063823883,0.00471496668758332,3.6804597701149424,0.7255082433610184,0.0947368421052631,0.9701754385964912,0.9716666666666668,0.6272038330789655,19,True,2478.0
3,paper,paper_5,5,30,3926806947,4052833385,"[0, 18, 47, 52, 62, 68, 70, 100, 109, 114, 124, 148, 179, 192, 200, 268, 269, 282, 283, 299, 327, 396, 407, 409, 445, 462, 483, 498, 505, 542]","[454, 352, 517, 477, 156, 188, 221, 407, 540, 595, 25, 204, 376, 589, 164, 525, 283, 21, 452, 132, 177, 259, 235, 65, 300, 122, 554, 447, 371, 193]",600,30,0.7,,,,,2.0,0.005,,,5.801666666666667,0.48298957555622835,0.9966666666666667,0.1,5.433333333333334,0.0015556962790676042,0.003821675800083457,0.23508771929824562,0.043859649122807015,0.0,0.0,1.9982394366197183,4.0,0.0035087719298245615,0.3157894736842105,9.787719298245614,0.22410409798817044,0.5859649122807018,0.005739879532982981,3.7839080459770114,0.7579849104127815,0.0929824561403508,0.9771929824561404,0.9783333333333334,0.948264625039883,30,False,2482.0
3,paper,paper_5,5,31,3926806947,3549756829,"[6, 26, 74, 133, 154, 165, 179, 210, 214, 228, 284, 323, 327, 336, 363, 382, 390, 459, 472, 501, 504, 509, 518, 521, 539, 561, 573, 575, 586, 595]","[393, 427, 161, 430, 261, 530, 376, 420, 518, 515, 74, 8, 177, 394, 493, 114, 196, 492, 486, 359, 325, 422, 79, 476, 27, 23, 147, 370, 535, 319]",600,30,0.7,,,,,2.0,0.005,,,5.801666666666667,0.48298957555622835,0.9966666666666667,0.1,5.733333333333333,0.0016474563818503131,0.005087364871913285,0.2543859649122807,0.03333333333333333,0.0035087719298245615,0.0,1.9119718309859155,4.0,0.0035087719298245615,0.2964912280701754,9.717543859649123,0.23245546977821802,0.5574815774057287,0.004625680457323459,3.882758620689655,0.8171238458018409,0.0929824561403508,0.980701754385965,0.9816666666666668,0.9714681659825146,30,False,2482.0
3,paper,paper_5,5,32,3926806947,721053807,"[3, 15, 28, 31, 38, 60, 61, 74, 84, 115, 119, 201, 211, 213, 260, 273, 306, 309, 312, 321, 338, 340, 375, 398, 413, 449, 478, 483, 501, 587]","[90, 318, 305, 384, 502, 17, 151, 161, 426, 306, 444, 208, 323, 453, 567, 32, 513, 88, 333, 109, 251, 462, 248, 428, 256, 284, 195, 554, 359, 59]",600,30,0.7,,,,,2.0,0.005,,,5.801666666666667,0.48298957555622835,0.9966666666666667,0.1,6.033333333333333,0.0017351066411658315,0.0058671156388357005,0.27017543859649124,0.031578947368421054,0.005263157894736842,0.0,1.8961267605633803,4.0,0.0035087719298245615,0.32456140350877194,9.594736842105263,0.2412077705141884,0.5348564733450498,0.005371779515207801,3.7977011494252872,0.817123845801841,0.0771929824561403,0.9859649122807016,0.9866666666666668,0.9560967090073972,30,False,2482.0
3,paper,paper_5,5,33,3926806947,3503163112,"[19, 42, 43, 44, 80, 114, 135, 157, 173, 188, 197, 214, 276, 279, 292, 309, 343, 367, 369, 373, 410, 414, 476, 533, 536, 537, 546, 566, 569, 588]","[189, 121, 563, 317, 374, 595, 233, 89, 97, 307, 380, 518, 60, 464, 82, 88, 366, 187, 52, 159, 117, 3, 299, 2, 240, 293, 446, 242, 343, 399]",600,30,0.7,,,,,2.0,0.005,,,5.801666666666667,0.48298957555622835,0.9966666666666667,0.1,5.4,0.0015576177750210327,0.003707920795419998,0.23333333333333334,0.03684210526315789,0.0035087719298245615,0.0,1.931338028169014,4.0,0.0035087719298245615,0.3,9.54561403508772,0.22112408623295085,0.5886781981315327,0.004667911909291219,3.8160919540229883,0.8047801096816205,0.0666666666666666,0.2859649122807017,0.3216666666666666,1.0052789170295,30,False,1594.0
3,paper,paper_5,5,34,3926806947,1540897554,"[1, 3, 84, 91, 106, 107, 125, 128, 135, 145, 174, 184, 220, 227, 242, 267, 376, 398, 405, 425, 463, 471, 480, 501, 513, 542, 543, 556, 574, 593]","[250, 90, 426, 539, 77, 508, 13, 552, 233, 123, 205, 538, 365, 154, 362, 78, 372, 428, 310, 181, 544, 24, 153, 359, 143, 193, 553, 126, 495, 135]",600,30,0.7,,,,,2.0,0.005,,,5.801666666666667,0.48298957555622835,0.9966666666666667,0.1,5.866666666666666,0.0016674928332824574,0.004159104232679705,0.24736842105263157,0.03508771929824561,0.0017543859649122807,0.0,1.945518453427065,4.0,0.0017543859649122807,0.2929824561403509,10.091228070175438,0.22982495660734453,0.5676378996700892,0.004640627571662056,3.6305418719211824,0.8705280734523007,0.0807017543859649,0.980701754385965,0.9816666666666668,0.9605693749617784,30,True,2482.0
3,paper,paper_5,5,35,3926806947,2646303639,"[26, 41, 47, 67, 73, 87, 89, 95, 106, 118, 131, 145, 147, 229, 236, 239, 245, 258, 300, 315, 316, 335, 340, 380, 389, 390, 470, 547, 565, 593]","[427, 15, 517, 84, 578, 278, 322, 531, 77, 28, 559, 123, 192, 415, 329, 172, 324, 213, 342, 555, 191, 582, 462, 180, 47, 196, 18, 326, 327, 135]",600,30,0.7,,,,,2.0,0.005,,,5.801666666666667,0.48298957555622835,0.9966666666666667,0.1,6.0,0.0017064941392353308,0.004360110081665701,0.24912280701754386,0.03684210526315789,0.005263157894736842,0.0,1.9735915492957747,4.0,0.0035087719298245615,0.3368421052631579,9.708771929824561,0.22921341845346557,0.5653254401381309,0.0055155295035355005,3.767816091954023,0.8619442489738246,0.0859649122807017,0.9789473684210528,0.98,0.9380418750224636,29,True,2482.0
3,paper,paper_5,5,36,3926806947,572481273,"[11, 33, 38, 64, 86, 93, 107, 116, 166, 174, 207, 219, 251, 268, 270, 283, 311, 318, 337, 356, 460, 472, 481, 497, 516, 530, 539, 557, 581, 597]","[94, 245, 502, 351, 130, 599, 508, 186, 467, 205, 129, 241, 137, 525, 347, 452, 579, 275, 271, 523, 587, 486, 443, 568, 549, 41, 27, 302, 419, 396]",600,30,0.7,,,,,2.0,0.005,,,5.801666666666667,0.48298957555622835,0.9966666666666667,0.1,6.333333333333333,0.0018033681032014887,0.006160607806998114,0.26666666666666666,0.03508771929824561,0.0035087719298245615,0.0,1.903169014084507,4.0,0.0035087719298245615,0.33157894736842103,9.914035087719299,0.24000397768453818,0.5396725557302747,0.005247473771814542,3.7586206896551726,0.7042143393662457,0.0789473684210526,0.7263157894736842,0.74,0.9858266250230372,30,False,2026.0
3,paper,paper_5,5,37,3926806947,3456319615,"[42, 71, 74, 82, 109, 121, 145, 146, 170, 213, 232, 287, 311, 313, 327, 330, 348, 363, 387, 415, 429, 435, 478, 482, 498, 503, 504, 554, 591, 598]","[121, 328, 161, 152, 540, 111, 123, 417, 354, 453, 183, 298, 579, 239, 177, 190, 108, 493, 296, 315, 395, 136, 195, 157, 447, 115, 325, 139, 218, 85]",600,30,0.7,,,,,2.0,0.005,,,5.801666666666667,0.48298957555622835,0.9966666666666667,0.1,5.533333333333333,0.0015924571125116125,0.0036906029331888004,0.23684210526315788,0.03508771929824561,0.0017543859649122807,0.0,1.9507042253521127,4.0,0.0035087719298245615,0.30701754385964913,9.763157894736842,0.2226637108774487,0.5833934572811642,0.005462299514023652,3.788505747126437,0.8105148174202202,0.0859649122807017,0.8403508771929824,0.8483333333333334,0.9839693329995498,30,False,2256.0
3,paper,paper_5,5,38,3926806947,1001609873,"[23, 89, 92, 95, 135, 138, 189, 193, 218, 247, 252, 302, 343, 348, 369, 387, 388, 396, 414, 416, 425, 447, 451, 491, 494, 518, 527, 532, 545, 548]","[83, 322, 571, 531, 233, 184, 146, 470, 95, 356, 167, 340, 366, 108, 52, 296, 1, 259, 3, 255, 181, 592, 481, 514, 409, 79, 16, 54, 331, 472]",600,30,0.7,,,,,2.0,0.005,,,5.801666666666667,0.48298957555622835,0.9966666666666667,0.1,6.3,0.0017793622173727108,0.00454978538924114,0.26666666666666666,0.03684210526315789,0.007017543859649123,0.0,1.8626760563380282,3.0,0.0035087719298245615,0.38421052631578945,10.775438596491227,0.24279306303379758,0.5395060586439737,0.005468947073188509,3.645977011494253,0.8408764997898652,0.0842105263157894,0.980701754385965,0.9816666666666668,0.709914332954213,22,True,2482.0
3,paper,paper_5,5,39,3926806947,3018226010,"[4, 15, 21, 37, 80, 85, 163, 207, 261, 285, 288, 292, 304, 308, 323, 346, 350, 363, 386, 392, 429, 431, 452, 458, 495, 497, 536, 558, 571, 597]","[542, 318, 451, 48, 374, 388, 466, 129, 68, 598, 228, 82, 574, 131, 8, 62, 39, 493, 210, 286, 395, 575, 216, 124, 564, 568, 240, 316, 465, 396]",600,30,0.7,,,,,2.0,0.005,,,5.801666666666667,0.48298957555622835,0.9966666666666667,0.1,5.7,0.0016455340275310529,0.0038146633261781845,0.24912280701754386,0.03333333333333333,0.0,0.0,1.897887323943662,4.0,0.0035087719298245615,0.30526315789473685,9.864912280701754,0.23080338794425745,0.5649986125242809,0.0047152177324591114,3.857471264367816,0.8030314683955784,0.0719298245614035,0.9736842105263158,0.975,0.9671194999245928,30,False,2482.0
3,paper,paper_5,5,40,3926806947,3854439447,"[37, 45, 48, 60, 62, 89, 139, 147, 168, 173, 179, 195, 196, 207, 253, 269, 303, 329, 330, 338, 396, 454, 501, 524, 525, 538, 553, 556, 586, 591]","[48, 127, 73, 17, 156, 322, 58, 192, 344, 97, 376, 35, 116, 129, 412, 283, 490, 166, 190, 251, 259, 468, 359, 551, 304, 449, 512, 126, 535, 218]",600,30,0.7,,,,,2.0,0.005,,,5.801666666666667,0.48298957555622835,0.9966666666666667,0.1,6.4,0.0018078454369413253,0.004762809433096729,0.27017543859649124,0.04912280701754386,0.0035087719298245615,0.0,1.8855633802816902,4.0,0.0035087719298245615,0.39473684210526316,10.631578947368421,0.24989337731198774,0.5342829833811241,0.006051561127626036,3.685057471264368,0.8555613754030172,0.1017543859649122,0.9789473684210528,0.98,0.935769041068852,30,False,2482.0
3,paper,paper_5,5,41,3926806947,1524899701,"[24, 25, 28, 30, 43, 56, 122, 124, 140, 161, 164, 182, 203, 227, 255, 271, 273, 303, 309, 316, 352, 354, 395, 406, 424, 502, 512, 516, 540, 584]","[588, 368, 305, 361, 563, 67, 212, 25, 418, 516, 548, 220, 148, 154, 485, 238, 32, 490, 88, 191, 265, 545, 457, 448, 572, 445, 33, 549, 231, 276]",600,30,0.7,,,,,2.0,0.005,,,5.801666666666667,0.48298957555622835,0.9966666666666667,0.1,5.9,0.0016762463217731274,0.004269138664109082,0.2631578947368421,0.02982456140350877,0.0,0.0,1.8838028169014085,4.0,0.0035087719298245615,0.34912280701754383,10.596491228070175,0.23972488855118998,0.5443529738229581,0.0038078651871755317,3.664367816091954,0.9121570398388805,0.0807017543859649,0.2736842105263158,0.31,1.0128281250363216,30,False,1582.0
3,paper,paper_5,5,42,3926806947,2822203901,"[20, 21, 27, 38, 40, 49, 71, 94, 178, 194, 196, 235, 243, 244, 247, 253, 264, 300, 311, 340, 387, 393, 405, 434, 490, 530, 552, 575, 586, 599]","[503, 451, 423, 502, 43, 199, 328, 338, 243, 403, 116, 96, 120, 37, 356, 412, 99, 342, 579, 462, 296, 236, 310, 478, 125, 41, 534, 370, 535, 178]",600,30,0.7,,,,,2.0,0.005,,,5.801666666666667,0.48298957555622835,0.9966666666666667,0.1,5.733333333333333,0.001651838990483675,0.004911567790992394,0.25263157894736843,0.031578947368421054,0.0035087719298245615,0.0,1.9278169014084507,3.0,0.0035087719298245615,0.3192982456140351,9.901754385964912,0.23257005499101863,0.5598557025252058,0.004752331422022892,3.786206896551724,0.8105148174202202,0.0736842105263157,0.975438596491228,0.9766666666666668,0.9739110419759528,30,False,2482.0
3,paper,paper_5,5,43,3926806947,3997156450,"[5, 41, 77, 88, 96, 125, 150, 155, 161, 169, 172, 177, 188, 213, 231, 258, 265, 278, 337, 341, 342, 417, 437, 449, 514, 516, 527, 553, 580, 595]","[209, 15, 367, 29, 273, 13, 584, 484, 516, 314, 573, 119, 307, 453, 416, 213, 282, 390, 271, 357, 421, 163, 264, 284, 270, 549, 16, 512, 75, 319]",600,30,0.7,,,,,2.0,0.005,,,5.801666666666667,0.48298957555622835,0.9966666666666667,0.1,7.1,0.001975101781358461,0.006551920873200121,0.30350877192982456,0.04736842105263158,0.0035087719298245615,0.0,1.823943661971831,3.0,0.0035087719298245615,0.4421052631578947,11.508771929824562,0.2732726338357973,0.4871396417229365,0.0057628703534543186,3.510344827586207,0.8478518715675621,0.0842105263157894,0.9736842105263158,0.975,0.9644152080873029,30,False,2482.0
3,paper,paper_5,5,44,3926806947,4054285122,"[27, 40, 56, 58, 68, 81, 84, 181, 185, 201, 231, 237, 247, 289, 309, 310, 331, 383, 388, 407, 462, 465, 468, 491, 502, 516, 522, 530, 568, 577]","[423, 43, 67, 249, 188, 425, 426, 26, 475, 208, 416, 335, 356, 30, 88, 102, 71, 38, 1, 235, 122, 219, 442, 514, 445, 549, 576, 41, 458, 20]",600,30,0.7,,,,,2.0,0.005,,,5.801666666666667,0.48298957555622835,0.9966666666666667,0.1,5.733333333333333,0.0016355692592229193,0.004209471761888281,0.24035087719298245,0.02982456140350877,0.0017543859649122807,0.0,1.9278169014084507,4.0,0.0035087719298245615,0.3350877192982456,10.36140350877193,0.22316848821452545,0.5781950482533222,0.004570908019183881,3.6942528735632183,0.7972967606569786,0.0789473684210526,0.9771929824561404,0.9783333333333334,0.9891552079934628,30,False,2482.0
3,paper,paper_5,5,45,3926806947,3514866081,"[11, 15, 23, 48, 53, 58, 60, 137, 151, 165, 175, 186, 194, 201, 214, 215, 256, 281, 293, 316, 324, 341, 354, 366, 382, 387, 422, 454, 503, 529]","[94, 318, 83, 73, 53, 249, 17, 385, 424, 530, 404, 295, 403, 208, 518, 86, 353, 281, 501, 191, 223, 357, 545, 593, 114, 296, 50, 468, 115, 258]",600,30,0.7,,,,,2.0,0.005,,,5.801666666666667,0.48298957555622835,0.9966666666666667,0.1,5.233333333333333,0.0015375534770706023,0.0036496391027629705,0.23157894736842105,0.028070175438596492,0.0017543859649122807,0.0,1.966549295774648,4.0,0.0035087719298245615,0.2754385964912281,9.119298245614035,0.21672878058505954,0.5914716492461382,0.00431798405936337,3.8873563218390803,0.8237328741834617,0.0824561403508772,0.9789473684210528,0.98,0.976785375038162,30,False,2482.0
3,paper,paper_5,5,46,3926806947,896229432,"[8, 33, 60, 64, 91, 118, 134, 138, 141, 158, 175, 194, 224, 270, 275, 338, 353, 384, 402, 432, 444, 448, 467, 475, 488, 490, 493, 541, 560, 584]","[491, 245, 17, 351, 539, 28, 227, 184, 198, 541, 404, 403, 113, 347, 341, 251, 45, 471, 194, 561, 118, 596, 483, 383, 72, 125, 450, 133, 580, 276]",600,30,0.7,,,,,2.0,0.005,,,5.801666666666667,0.48298957555622835,0.9966666666666667,0.1,5.966666666666667,0.0017063199604490248,0.005211314999877612,0.2719298245614035,0.031578947368421054,0.0,0.0,1.880281690140845,4.0,0.0035087719298245615,0.3157894736842105,9.714035087719298,0.2460129941646962,0.5316745290290753,0.0037482939524681818,3.8689655172413793,0.8771371018339214,0.087719298245614,0.8473684210526315,0.855,0.9680276250001044,30,False,2266.0
3,paper,paper_5,5,47,3926806947,87997907,"[29, 45, 74, 79, 144, 183, 195, 197, 199, 230, 239, 248, 295, 304, 306, 344, 360, 368, 411, 437, 442, 464, 467, 470, 505, 517, 536, 557, 560, 599]","[292, 127, 161, 253, 581, 432, 35, 380, 40, 400, 172, 308, 511, 574, 513, 232, 246, 550, 291, 264, 49, 461, 483, 18, 371, 474, 240, 302, 580, 178]",600,30,0.7,,,,,2.0,0.005,,,5.801666666666667,0.48298957555622835,0.9966666666666667,0.1,4.9,0.0014546622783782953,0.0027301000677797125,0.22982456140350876,0.017543859649122806,0.0,0.0,1.9859154929577465,4.0,0.0035087719298245615,0.23684210526315788,8.478947368421053,0.21144705180791182,0.5942774334782475,0.002454006064553732,4.025287356321839,0.8564356960460383,0.0578947368421052,0.1929824561403508,0.2333333333333333,1.0213126669405028,30,False,1508.0
3,paper,paper_5,5,48,3926806947,3094084178,"[5, 17, 21, 41, 72, 136, 144, 158, 168, 169, 194, 205, 216, 225, 239, 267, 285, 307, 355, 363, 397, 421, 435, 436, 440, 501, 511, 533, 540, 572]","[209, 360, 451, 15, 206, 406, 581, 541, 344, 314, 403, 158, 260, 63, 172, 78, 598, 98, 297, 493, 547, 441, 136, 519, 524, 359, 222, 2, 231, 562]",600,30,0.7,,,,,2.0,0.005,,,5.801666666666667,0.48298957555622835,0.9966666666666667,0.1,6.366666666666666,0.001804144411752459,0.006379336286831067,0.27017543859649124,0.04035087719298246,0.005263157894736842,0.0,1.9014084507042253,4.0,0.0035087719298245615,0.3543859649122807,10.031578947368422,0.24668750029499845,0.5343939814386581,0.005857645038260613,3.696551724137931,0.8464090760682004,0.0982456140350877,0.975438596491228,0.9766666666666668,0.949921500054188,30,False,2482.0
3,paper,paper_5,5,49,3926806947,1519595208,"[30, 38, 41, 44, 84, 124, 126, 135, 139, 141, 149, 211, 264, 324, 338, 360, 365, 379, 383, 384, 396, 411, 415, 416, 424, 448, 532, 536, 565, 580]","[361, 502, 15, 317, 426, 25, 76, 233, 58, 198, 70, 323, 99, 223, 251, 246, 402, 230, 38, 471, 259, 291, 315, 255, 572, 596, 54, 240, 327, 75]",600,30,0.7,,,,,2.0,0.005,,,5.801666666666667,0.48298957555622835,0.9966666666666667,0.1,5.333333333333333,0.001568532945272688,0.0032322322273589496,0.22807017543859648,0.031578947368421054,0.0035087719298245615,0.0,1.9859154929577465,4.0,0.0035087719298245615,0.28421052631578947,9.221052631578948,0.21456479952423904,0.596904387506552,0.005241785672820155,3.8413793103448275,0.7821039077968819,0.0719298245614035,0.2140350877192982,0.2533333333333333,1.0071892919950187,30,False,1484.0
3,paper,paper_6,6,0,1814115620,4029932136,"[9, 57, 79, 88, 98, 118, 132, 147, 168, 190, 231, 244, 247, 278, 291, 364, 385, 388, 397, 409, 413, 418, 421, 506, 547, 549, 560, 583, 590, 594]","[495, 306, 145, 366, 579, 249, 471, 94, 415, 405, 517, 399, 393, 259, 513, 542, 418, 215, 163, 284, 541, 248, 509, 66, 317, 473, 265, 362, 162, 245]",600,30,0.7,,,,,2.0,0.005,,,5.593333333333334,0.5278227153512602,0.9933333333333333,0.24333333333333335,4.733333333333333,0.0014695201007015562,0.003850349591430667,0.22807017543859648,0.015789473684210527,0.0017543859649122807,0.0,2.0265017667844525,4.0,0.007017543859649123,0.22807017543859648,7.7368421052631575,0.2092588439805221,0.5970338852403416,0.002122216863596174,4.202298850574713,0.7712814448993984,0.0666666666666666,0.1719298245614035,0.2133333333333333,1.1216452500084415,30,True,1464.0
3,paper,paper_6,6,1,1814115620,2085870012,"[31, 71, 93, 109, 137, 161, 220, 245, 273, 298, 302, 360, 372, 381, 385, 406, 410, 429, 446, 469, 494, 502, 534, 546, 548, 549, 560, 564, 593, 595]","[354, 82, 264, 178, 523, 53, 86, 72, 31, 486, 260, 280, 237, 187, 418, 464, 452, 353, 414, 63, 462, 212, 500, 246, 236, 473, 265, 356, 146, 92]",600,30,0.7,,,,,2.0,0.005,,,5.593333333333334,0.5278227153512602,0.9933333333333333,0.24333333333333335,5.633333333333334,0.0017028747236598613,0.0047970874904648885,0.2543859649122807,0.02280701754385965,0.005263157894736842,0.0,1.9487632508833923,4.0,0.007017543859649123,0.3105263157894737,9.307017543859649,0.23197689901003313,0.5572410816144051,0.004345469345469346,3.7241379310344827,0.7835936873422362,0.0771929824561403,0.3701754385964912,0.4016666666666666,1.0094388329889623,30,False,1630.0
3,paper,paper_6,6,2,1814115620,3462197544,"[18, 25, 37, 52, 57, 62, 68, 72, 76, 80, 94, 161, 217, 235, 309, 353, 380, 387, 418, 425, 460, 463, 479, 489, 550, 563, 564, 584, 587, 597]","[337, 434, 567, 409, 306, 527, 210, 555, 149, 298, 487, 53, 468, 204, 158, 589, 40, 206, 248, 492, 451, 234, 30, 295, 203, 417, 356, 565, 59, 244]",600,30,0.7,,,,,2.0,0.005,,,5.593333333333334,0.5278227153512602,0.9933333333333333,0.24333333333333335,6.233333333333333,0.0018689592813958661,0.007070537043184259,0.2649122807017544,0.056140350877192984,0.0035087719298245615,0.0,1.9081272084805654,4.0,0.007017543859649123,0.3333333333333333,9.570175438596491,0.2480084603442037,0.5416828538833903,0.006900342815790664,3.882758620689655,0.8354965280022987,0.0982456140350877,0.9526315789473684,0.955,0.8832647079834715,25,True,2326.0
3,paper,paper_6,6,3,1814115620,3529059189,"[8, 46, 53, 55, 69, 108, 153, 171, 192, 237, 245, 247, 271, 280, 299, 310, 324, 384, 389, 405, 411, 419, 440, 442, 444, 450, 503, 504, 550, 551]","[445, 247, 586, 564, 227, 2, 136, 38, 36, 457, 72, 393, 447, 286, 175, 220, 164, 20, 503, 493, 467, 57, 315, 84, 262, 490, 299, 545, 203, 41]",600,30,0.7,,,,,2.0,0.005,,,5.593333333333334,0.5278227153512602,0.9933333333333333,0.24333333333333335,5.6,0.0016837256313900026,0.005223276738024941,0.24561403508771928,0.028070175438596492,0.0,0.0,1.9664310954063604,4.0,0.007017543859649123,0.2929824561403509,8.740350877192983,0.22249379150073906,0.5707458452810409,0.0033317308114468357,4.027586206896552,0.7999037234834513,0.0666666666666666,0.2789473684210526,0.315,1.004435124923475,30,False,1532.0
3,paper,paper_6,6,4,1814115620,78502252,"[0, 1, 2, 99, 102, 133, 138, 139, 153, 194, 218, 260, 268, 304, 309, 315, 350, 363, 388, 391, 410, 421, 442, 466, 482, 483, 486, 571, 593, 598]","[430, 290, 141, 496, 584, 585, 319, 152, 136, 287, 524, 334, 35, 389, 158, 515, 479, 519, 215, 380, 452, 509, 84, 561, 214, 318, 437, 23, 146, 70]",600,30,0.7,,,,,2.0,0.005,,,5.593333333333334,0.5278227153512602,0.9933333333333333,0.24333333333333335,6.533333333333333,0.001920156359257547,0.007849211671430798,0.26666666666666666,0.042105263157894736,0.0035087719298245615,0.0,1.9134275618374559,4.0,0.007017543859649123,0.37543859649122807,9.847368421052632,0.24086435290118172,0.5401658804304258,0.005940286801352612,3.6620689655172414,0.7647840852652072,0.0842105263157894,0.2614035087719298,0.2983333333333333,0.9628862920217216,30,False,1568.0
3,paper,paper_6,6,5,1814115620,537854907,"[4, 22, 32, 67, 73, 115, 136, 159, 161, 197, 199, 212, 225, 229, 246, 275, 277, 286, 297, 337, 372, 419, 422, 426, 449, 474, 491, 550, 570, 574]","[307, 581, 279, 591, 253, 514, 355, 594, 53, 119, 361, 326, 112, 118, 435, 344, 359, 52, 485, 133, 237, 57, 47, 575, 576, 281, 122, 203, 88, 411]",600,30,0.7,,,,,2.0,0.005,,,5.593333333333334,0.5278227153512602,0.9933333333333333,0.24333333333333335,5.033333333333333,0.001546838834125436,0.0030471358957869284,0.22280701754385965,0.02982456140350877,0.0017543859649122807,0.0,2.0176678445229683,4.0,0.007017543859649123,0.26666666666666666,8.814035087719299,0.21114674675103698,0.6048469151789844,0.004577657336278026,3.9310344827586206,0.7744648338843999,0.087719298245614,0.7771929824561403,0.7883333333333333,1.038813458988443,30,False,2062.0
3,paper,paper_6,6,6,1814115620,1757268994,"[24, 26, 36, 83, 86, 104, 127, 129, 139, 140, 141, 147, 184, 208, 213, 248, 315, 326, 329, 360, 376, 427, 428, 443, 447, 473, 477, 507, 574, 592]","[463, 367, 3, 458, 91, 289, 378, 266, 152, 18, 386, 94, 376, 420, 275, 297, 515, 448, 64, 280, 587, 304, 478, 350, 482, 532, 9, 397, 411, 167]",600,30,0.7,,,,,2.0,0.005,,,5.593333333333334,0.5278227153512602,0.9933333333333333,0.24333333333333335,5.433333333333334,0.0016603715722098174,0.004494051123842477,0.23684210526315788,0.03859649122807018,0.0,0.0,1.9840989399293287,4.0,0.007017543859649123,0.2824561403508772,8.677192982456141,0.22216603399874682,0.5835106218974502,0.0048181904114966995,3.924137931034483,0.7263491301741305,0.0894736842105263,0.5894736842105263,0.61,0.968140917015262,30,False,1806.0
3,paper,paper_6,6,7,1814115620,1559590098,"[33, 51, 55, 61, 91, 114, 135, 136, 139, 174, 178, 183, 187, 188, 191, 201, 206, 230, 267, 307, 315, 355, 358, 359, 378, 470, 520, 533, 546, 589]","[303, 384, 564, 55, 225, 148, 539, 355, 152, 151, 346, 566, 153, 268, 459, 115, 521, 278, 392, 431, 515, 339, 507, 161, 544, 211, 358, 85, 246, 226]",600,30,0.7,,,,,2.0,0.005,,,5.593333333333334,0.5278227153512602,0.9933333333333333,0.24333333333333335,5.466666666666667,0.0016696908113219046,0.004836816586391229,0.22631578947368422,0.03508771929824561,0.0017543859649122807,0.0,2.0070546737213406,4.0,0.005263157894736842,0.27017543859649124,8.6,0.21350449397475585,0.5995436746523602,0.004393460675122476,3.935960591133005,0.7539463472962232,0.0982456140350877,0.9350877192982456,0.9383333333333334,0.9312089589657262,30,False,2326.0
3,paper,paper_6,6,8,1814115620,2870779648,"[23, 36, 45, 74, 76, 93, 105, 108, 121, 133, 137, 145, 152, 156, 158, 183, 287, 295, 338, 360, 371, 433, 453, 483, 502, 530, 570, 577, 588, 593]","[294, 3, 516, 271, 149, 264, 157, 2, 357, 585, 523, 114, 254, 233, 416, 566, 512, 197, 301, 280, 407, 120, 127, 318, 212, 224, 88, 390, 137, 146]",600,30,0.7,,,,,2.0,0.005,,,5.593333333333334,0.5278227153512602,0.9933333333333333,0.24333333333333335,5.933333333333334,0.0017913917560959068,0.005213302899138722,0.256140350877193,0.03859649122807018,0.005263157894736842,0.0,1.9169611307420495,4.0,0.007017543859649123,0.32280701754385965,9.696491228070176,0.23730585164229345,0.554589461351093,0.006814791211342935,3.7471264367816093,0.8027458740556804,0.0947368421052631,0.9421052631578948,0.945,1.0838193749077618,30,False,2328.0
3,paper,paper_6,6,9,1814115620,1325153572,"[7, 8, 13, 53, 64, 132, 143, 147, 171, 182, 189, 206, 226, 262, 288, 291, 321, 323, 343, 346, 384, 386, 392, 432, 448, 460, 495, 507, 532, 593]","[309, 445, 572, 586, 388, 471, 7, 94, 38, 111, 96, 521, 379, 489, 425, 513, 45, 13, 577, 598, 20, 314, 398, 182, 374, 451, 81, 397, 538, 146]",600,30,0.7,,,,,2.0,0.005,,,5.593333333333334,0.5278227153512602,0.9933333333333333,0.24333333333333335,6.233333333333333,0.0018277859979617729,0.005922017103427889,0.2578947368421053,0.04912280701754386,0.005263157894736842,0.0,1.989399293286219,5.0,0.007017543859649123,0.3350877192982456,9.564912280701755,0.2407801630734653,0.5520611722628187,0.00612222914865599,3.7908045977011495,0.778251970834193,0.0771929824561403,0.3385964912280702,0.3716666666666666,0.9767042500898242,30,False,1604.0
3,paper,paper_6,6,10,1814115620,1800684519,"[14, 18, 34, 60, 87, 113, 180, 199, 201, 209, 218, 256, 271, 293, 316, 317, 319, 342, 357, 386, 399, 401, 441, 497, 504, 529, 530, 540, 545, 580]","[176, 337, 461, 529, 427, 125, 422, 361, 115, 340, 524, 535, 447, 396, 554, 269, 160, 60, 360, 314, 329, 235, 199, 230, 545, 83, 224, 4, 305, 506]",600,30,0.7,,,,,2.0,0.005,,,5.593333333333334,0.5278227153512602,0.9933333333333333,0.24333333333333335,5.166666666666667,0.0016125571145003035,0.0034322523386120596,0.22456140350877193,0.031578947368421054,0.0017543859649122807,0.0,2.03886925795053,5.0,0.007017543859649123,0.2614035087719298,8.591228070175438,0.21022932711726774,0.6023679585607252,0.004881731595727539,3.9402298850574713,0.8007181281968269,0.0789473684210526,0.9263157894736842,0.93,0.9676946250256152,30,False,2310.0
3,paper,paper_6,6,11,1814115620,3062348332,"[3, 48, 51, 69, 74, 113, 134, 140, 172, 183, 191, 223, 255, 256, 261, 269, 276, 297, 309, 381, 389, 391, 438, 449, 460, 462, 488, 492, 506, 585]","[241, 465, 384, 227, 271, 125, 441, 18, 394, 566, 459, 223, 100, 535, 32, 256, 491, 485, 158, 187, 503, 380, 107, 576, 451, 364, 180, 553, 66, 442]",600,30,0.7,,,,,2.0,0.005,,,5.593333333333334,0.5278227153512602,0.9933333333333333,0.24333333333333335,6.4,0.0018881626337155508,0.00725287687020744,0.24736842105263157,0.05789473684210526,0.0035087719298245615,0.0,1.989399293286219,4.0,0.007017543859649123,0.35964912280701755,10.119298245614035,0.23714979644179388,0.5674529029075325,0.006370168978029134,3.579310344827586,0.7742541771358158,0.1122807017543859,0.936842105263158,0.94,0.7211272499989718,22,True,2318.0
3,paper,paper_6,6,12,1814115620,2741685931,"[6, 59, 64, 69, 86, 97, 100, 125, 135, 142, 151, 164, 167, 175, 207, 223, 253, 297, 305, 340, 360, 411, 413, 427, 436, 453, 503, 530, 577, 592]","[381, 48, 388, 227, 91, 155, 501, 174, 539, 10, 469, 336, 217, 351, 588, 223, 56, 485, 103, 443, 280, 467, 541, 304, 8, 127, 299, 224, 390, 167]",600,30,0.7,,,,,2.0,0.005,,,5.593333333333334,0.5278227153512602,0.9933333333333333,0.24333333333333335,5.7,0.001689036022487873,0.0041104954463928355,0.22982456140350876,0.043859649122807015,0.005263157894736842,0.0,2.021201413427562,4.0,0.007017543859649123,0.3192982456140351,9.905263157894737,0.2193616628621918,0.5940801035981871,0.007597549785817106,3.6919540229885057,0.6476411000402844,0.0649122807017543,0.312280701754386,0.3466666666666667,1.112168167019263,30,False,1578.0
3,paper,paper_6,6,13,1814115620,2083887810,"[29, 63, 82, 83, 88, 89, 104, 165, 242, 248, 253, 258, 281, 284, 364, 374, 380, 428, 442, 450, 465, 470, 483, 499, 503, 507, 519, 538, 544, 589]","[423, 547, 104, 458, 366, 200, 289, 438, 75, 297, 56, 453, 116, 283, 542, 142, 40, 478, 84, 490, 76, 211, 318, 580, 299, 397, 121, 455, 79, 226]",600,30,0.7,,,,,2.0,0.005,,,5.593333333333334,0.5278227153512602,0.9933333333333333,0.24333333333333335,4.8,0.0014841210399799448,0.00398981778775307,0.21929824561403508,0.02631578947368421,0.0035087719298245615,0.0,2.0229276895943564,4.0,0.005263157894736842,0.2754385964912281,8.440350877192982,0.20522583636576283,0.6104399839669472,0.0045362703438928485,3.9532019704433496,0.8295510635294641,0.0859649122807017,0.9473684210526316,0.95,0.97354970802553,30,False,2320.0
3,paper,paper_6,6,14,1814115620,1586802550,"[14, 46, 54, 61, 81, 85, 114, 122, 148, 162, 167, 185, 199, 210, 258, 260, 281, 317, 320, 327, 355, 409, 505, 506, 507, 553, 562, 571, 573, 587]","[176, 247, 424, 55, 73, 413, 148, 216, 432, 404, 217, 97, 361, 113, 453, 334, 116, 269, 383, 497, 339, 284, 549, 66, 397, 436, 348, 23, 169, 59]",600,30,0.7,,,,,2.0,0.005,,,5.593333333333334,0.5278227153512602,0.9933333333333333,0.24333333333333335,5.6,0.0017105359619548623,0.004675282842021377,0.23684210526315788,0.03333333333333333,0.0,0.0,1.9787985865724382,4.0,0.007017543859649123,0.2771929824561403,8.828070175438597,0.22049323907602883,0.5835599543674652,0.004770000114827702,3.896551724137931,0.8007181281968269,0.0736842105263157,0.6491228070175439,0.6666666666666666,0.9802257500123231,30,False,1908.0
3,paper,paper_6,6,15,1814115620,2030632631,"[10, 22, 24, 34, 52, 58, 75, 77, 99, 106, 144, 149, 156, 207, 212, 231, 232, 255, 257, 283, 298, 364, 450, 461, 470, 485, 503, 507, 583, 585]","[209, 581, 463, 461, 409, 274, 574, 143, 496, 433, 26, 186, 233, 588, 326, 517, 195, 100, 110, 382, 486, 542, 490, 310, 211, 44, 299, 397, 362, 442]",600,30,0.7,,,,,2.0,0.005,,,5.593333333333334,0.5278227153512602,0.9933333333333333,0.24333333333333335,4.766666666666667,0.0014683923122056598,0.00298205829996189,0.20526315789473684,0.02456140350877193,0.007017543859649123,0.0,2.0547703180212014,4.0,0.007017543859649123,0.2754385964912281,8.619298245614035,0.19610024017126468,0.6322881016248882,0.005454366833677177,4.036781609195402,0.7894085701508826,0.0807017543859649,0.9385964912280702,0.9416666666666668,0.9494457920081912,30,False,2314.0
3,paper,paper_6,6,16,1814115620,58816988,"[24, 66, 74, 100, 119, 135, 163, 171, 186, 229, 232, 239, 249, 252, 283, 296, 315, 319, 349, 386, 438, 458, 461, 510, 528, 552, 566, 588, 590, 599]","[463, 480, 271, 501, 536, 539, 474, 38, 526, 118, 195, 511, 582, 352, 382, 276, 515, 160, 192, 314, 107, 333, 310, 446, 238, 132, 291, 137, 162, 49]",600,30,0.7,,,,,2.0,0.005,,,5.593333333333334,0.5278227153512602,0.9933333333333333,0.24333333333333335,5.266666666666667,0.0016071147194414495,0.004513080955858237,0.22982456140350876,0.03333333333333333,0.0,0.0,1.9982332155477032,4.0,0.007017543859649123,0.2807017543859649,8.559649122807018,0.21459109119273267,0.5942651003607436,0.003931573835224951,4.064367816091954,0.77343977242244,0.0859649122807017,0.6684210526315789,0.685,0.9667888330295682,30,False,1954.0
3,paper,paper_6,6,17,1814115620,2236381313,"[20, 28, 47, 64, 71, 76, 91, 117, 118, 121, 148, 153, 168, 207, 211, 223, 228, 230, 246, 259, 316, 349, 367, 382, 401, 412, 434, 500, 532, 551]","[370, 34, 74, 388, 82, 149, 225, 156, 249, 357, 432, 136, 415, 588, 25, 223, 80, 278, 435, 250, 554, 192, 562, 450, 235, 321, 17, 569, 538, 41]",600,30,0.7,,,,,2.0,0.005,,,5.593333333333334,0.5278227153512602,0.9933333333333333,0.24333333333333335,6.266666666666667,0.0018393028429503889,0.0047210246569026415,0.2614035087719298,0.04035087719298246,0.008771929824561403,0.0,1.9293286219081272,4.0,0.007017543859649123,0.3368421052631579,9.882456140350877,0.24134371711620664,0.5469367619399994,0.006959665322836679,3.5885057471264368,0.6882678884102488,0.0842105263157894,0.9438596491228072,0.9466666666666668,1.0874369170051068,30,False,2326.0
3,paper,paper_6,6,18,1814115620,2552289327,"[13, 23, 70, 77, 81, 105, 117, 176, 216, 251, 257, 267, 270, 308, 313, 323, 328, 355, 358, 375, 379, 392, 393, 415, 434, 461, 542, 545, 555, 559]","[572, 294, 316, 143, 73, 157, 156, 363, 375, 528, 110, 392, 369, 499, 130, 13, 228, 339, 507, 330, 368, 398, 95, 568, 17, 310, 258, 305, 302, 546]",600,30,0.7,,,,,2.0,0.005,,,5.593333333333334,0.5278227153512602,0.9933333333333333,0.24333333333333335,6.1,0.0017982223235168597,0.004394151154526813,0.2754385964912281,0.03684210526315789,0.005263157894736842,0.0,1.8992932862190812,4.0,0.007017543859649123,0.3543859649122807,9.914035087719299,0.2500876638885094,0.5265316190300003,0.005123902980207026,3.6919540229885057,0.7386613726169683,0.0929824561403508,0.9403508771929824,0.9433333333333334,0.9515618750592694,30,False,2320.0
3,paper,paper_6,6,19,1814115620,495712266,"[12, 16, 17, 35, 57, 61, 62, 142, 221, 227, 236, 239, 261, 268, 276, 289, 295, 300, 354, 369, 405, 409, 417, 486, 501, 515, 545, 553, 587, 595]","[207, 15, 402, 5, 306, 55, 527, 10, 58, 231, 282, 511, 32, 35, 491, 77, 197, 328, 19, 395, 493, 284, 272, 437, 520, 597, 305, 436, 59, 92]",600,30,0.7,,,,,2.0,0.005,,,5.593333333333334,0.5278227153512602,0.9933333333333333,0.24333333333333335,5.866666666666666,0.0017532763852525473,0.005547918912981368,0.25087719298245614,0.03508771929824561,0.007017543859649123,0.0,1.9399293286219081,4.0,0.007017543859649123,0.32456140350877194,9.236842105263158,0.22972239617497503,0.5626676533160669,0.00730979956242325,3.8183908045977013,0.7468452396972407,0.0824561403508772,0.950877192982456,0.9533333333333334,0.9533636670093985,30,False,2324.0
3,paper,paper_6,6,20,1814115620,2283128527,"[5, 41, 52, 67, 95, 145, 153, 197, 203, 207, 215, 231, 246, 265, 268, 279, 315, 350, 366, 414, 431, 486, 498, 514, 517, 542, 544, 545, 588, 591]","[68, 54, 409, 591, 593, 114, 136, 119, 147, 588, 483, 517, 435, 170, 35, 477, 515, 479, 325, 46, 454, 437, 181, 557, 193, 258, 79, 305, 137, 184]",600,30,0.7,,,,,2.0,0.005,,,5.593333333333334,0.5278227153512602,0.9933333333333333,0.24333333333333335,6.533333333333333,0.001928903098285262,0.007658116657389646,0.2807017543859649,0.03508771929824561,0.0,0.0,1.8763250883392226,4.0,0.007017543859649123,0.3631578947368421,9.77017543859649,0.25145457477545413,0.5194955754940955,0.003254955127405999,3.735632183908046,0.7704670401860227,0.075438596491228,0.9157894736842104,0.92,0.9769933340139688,30,False,2272.0
3,paper,paper_6,6,21,1814115620,1027491926,"[3, 7, 46, 53, 61, 90, 132, 155, 159, 170, 260, 277, 282, 283, 287, 297, 357, 372, 389, 402, 421, 443, 457, 461, 498, 502, 505, 517, 538, 542]","[241, 309, 247, 586, 55, 131, 471, 189, 594, 387, 334, 359, 6, 382, 512, 485, 360, 237, 503, 426, 509, 350, 87, 310, 181, 212, 549, 193, 455, 258]",600,30,0.7,,,,,2.0,0.005,,,5.593333333333334,0.5278227153512602,0.9933333333333333,0.24333333333333335,5.4,0.0016547555856452694,0.004609659733153064,0.24210526315789474,0.031578947368421054,0.0035087719298245615,0.0,1.9876325088339222,4.0,0.007017543859649123,0.2789473684210526,8.850877192982455,0.22516931863103948,0.5755372614312583,0.0045289703910393565,3.914942528735632,0.7223513364757532,0.0824561403508772,0.7859649122807018,0.7966666666666666,0.9658724169712514,30,False,2082.0
3,paper,paper_6,6,22,1814115620,379004962,"[24, 68, 136, 149, 179, 198, 203, 226, 240, 269, 291, 298, 323, 328, 334, 354, 391, 396, 420, 432, 434, 441, 465, 502, 514, 529, 555, 568, 570, 591]","[463, 210, 355, 186, 498, 373, 147, 379, 105, 256, 513, 486, 13, 228, 188, 19, 380, 460, 534, 182, 17, 199, 76, 212, 557, 83, 302, 205, 88, 184]",600,30,0.7,,,,,2.0,0.005,,,5.593333333333334,0.5278227153512602,0.9933333333333333,0.24333333333333335,5.733333333333333,0.0017378671827558915,0.003981644658359858,0.25087719298245614,0.03859649122807018,0.0017543859649122807,0.0,1.9876325088339222,4.0,0.007017543859649123,0.2982456140350877,8.833333333333334,0.232217604031255,0.5625566552585329,0.0055815225642811845,3.8804597701149426,0.7766231614074417,0.0684210526315789,0.243859649122807,0.2816666666666667,0.8557476659771055,26,True,1504.0
3,paper,paper_6,6,23,1814115620,1071967131,"[32, 84, 96, 121, 161, 175, 188, 202, 205, 210, 244, 247, 269, 310, 319, 334, 338, 357, 358, 376, 390, 412, 425, 432, 443, 467, 492, 502, 563, 593]","[279, 345, 139, 357, 53, 351, 268, 481, 219, 113, 399, 393, 256, 220, 160, 188, 301, 360, 507, 587, 27, 321, 492, 182, 350, 550, 553, 212, 417, 146]",600,30,0.7,,,,,2.0,0.005,,,5.593333333333334,0.5278227153512602,0.9933333333333333,0.24333333333333335,5.7,0.0016967341619860707,0.004826940308131362,0.24912280701754386,0.021052631578947368,0.0017543859649122807,0.0,1.952296819787986,4.0,0.007017543859649123,0.3157894736842105,9.950877192982457,0.2259419720608173,0.5651466099343262,0.0051855264786299276,3.717241379310345,0.7814353598191947,0.0771929824561403,0.9403508771929824,0.9433333333333334,0.9689460420049728,30,False,2326.0
3,paper,paper_6,6,24,1814115620,4062601520,"[1, 30, 40, 80, 81, 83, 94, 116, 117, 128, 182, 236, 268, 314, 335, 345, 356, 388, 406, 437, 448, 459, 468, 474, 495, 498, 513, 545, 570, 587]","[290, 159, 194, 298, 73, 458, 487, 322, 156, 102, 111, 282, 35, 571, 252, 138, 308, 215, 464, 128, 374, 71, 320, 281, 81, 181, 391, 305, 88, 59]",600,30,0.7,,,,,2.0,0.005,,,5.593333333333334,0.5278227153512602,0.9933333333333333,0.24333333333333335,5.933333333333334,0.001754075827804232,0.005680191364989858,0.2578947368421053,0.03859649122807018,0.0035087719298245615,0.0,1.9328621908127208,4.0,0.007017543859649123,0.3333333333333333,9.698245614035088,0.23725232732507423,0.552104338174082,0.00640487733286922,3.788505747126437,0.7406891184758219,0.0701754385964912,0.3964912280701754,0.4266666666666667,0.9928617500700057,30,False,1628.0
3,paper,paper_6,6,25,1814115620,538688617,"[27, 43, 47, 89, 91, 98, 109, 135, 205, 221, 230, 253, 289, 299, 320, 334, 349, 367, 370, 392, 405, 417, 458, 470, 504, 523, 540, 568, 574, 576]","[552, 185, 74, 200, 225, 579, 178, 539, 219, 58, 278, 56, 77, 175, 383, 188, 192, 562, 196, 398, 493, 272, 333, 211, 545, 599, 4, 205, 411, 551]",600,30,0.7,,,,,2.0,0.005,,,5.593333333333334,0.5278227153512602,0.9933333333333333,0.24333333333333335,4.933333333333334,0.0015046470427918467,0.0027264712804184947,0.21228070175438596,0.03333333333333333,0.0035087719298245615,0.0,2.0759717314487633,4.0,0.007017543859649123,0.2754385964912281,8.505263157894737,0.2036197063405331,0.6212314617827521,0.005531218462252945,3.9195402298850577,0.7270105761582518,0.0684210526315789,0.1771929824561403,0.2183333333333333,0.9967044999357312,30,False,1468.0
3,paper,paper_6,6,26,1814115620,1968202505,"[15, 41, 53, 71, 121, 126, 129, 166, 168, 184, 188, 217, 218, 248, 271, 286, 320, 346, 389, 393, 419, 438, 440, 447, 455, 466, 514, 523, 539, 550]","[558, 54, 586, 82, 357, 89, 266, 560, 415, 376, 268, 468, 524, 297, 447, 52, 383, 598, 503, 95, 57, 107, 315, 482, 123, 561, 557, 599, 410, 203]",600,30,0.7,,,,,2.0,0.005,,,5.593333333333334,0.5278227153512602,0.9933333333333333,0.24333333333333335,5.2,0.0016157991716512796,0.003532099404710036,0.22807017543859648,0.02631578947368421,0.0017543859649122807,0.0,2.0265017667844525,5.0,0.007017543859649123,0.24210526315789474,8.18421052631579,0.2133158634437233,0.5968982209478001,0.003811365180533538,4.027586206896552,0.7680980559143968,0.0684210526315789,0.2298245614035087,0.2683333333333333,0.996477625099942,30,False,1516.0
3,paper,paper_6,6,27,1814115620,2389844541,"[22, 26, 55, 71, 101, 132, 152, 177, 221, 235, 248, 266, 292, 299, 304, 337, 340, 354, 372, 381, 408, 422, 438, 448, 474, 484, 492, 504, 511, 576]","[581, 367, 564, 82, 183, 471, 254, 406, 58, 204, 297, 261, 504, 175, 389, 133, 443, 19, 237, 187, 311, 47, 107, 374, 281, 338, 553, 545, 583, 551]",600,30,0.7,,,,,2.0,0.005,,,5.593333333333334,0.5278227153512602,0.9933333333333333,0.24333333333333335,5.166666666666667,0.0015973509529654782,0.00406753205365769,0.22982456140350876,0.02982456140350877,0.005263157894736842,0.0,1.9858657243816253,4.0,0.007017543859649123,0.2789473684210526,8.547368421052632,0.21379244338238662,0.5943329325070145,0.004791634254108899,4.059770114942529,0.7782519708341931,0.075438596491228,0.3719298245614035,0.4033333333333333,0.9953924169531092,30,False,1636.0
3,paper,paper_6,6,28,1814115620,2098393941,"[8, 17, 37, 45, 64, 113, 147, 185, 228, 264, 278, 282, 310, 313, 331, 342, 368, 386, 390, 394, 425, 429, 445, 471, 504, 533, 543, 559, 589, 593]","[445, 402, 567, 516, 388, 125, 94, 97, 80, 108, 259, 6, 220, 130, 595, 60, 300, 314, 27, 508, 492, 353, 342, 24, 545, 85, 533, 546, 226, 146]",600,30,0.7,,,,,2.0,0.005,,,5.593333333333334,0.5278227153512602,0.9933333333333333,0.24333333333333335,5.6,0.0017044522553205205,0.004790136954841424,0.24912280701754386,0.02631578947368421,0.005263157894736842,0.0,1.9611992945326278,4.0,0.005263157894736842,0.28771929824561404,8.836842105263157,0.22694897062167618,0.5652206086393489,0.004348982097460799,3.812807881773399,0.7814353598191947,0.0842105263157894,0.2824561403508772,0.3183333333333333,1.0179890000727028,30,False,1536.0
3,paper,paper_6,6,29,1814115620,2651839665,"[2, 7, 14, 22, 92, 97, 110, 111, 117, 124, 147, 275, 285, 321, 322, 325, 329, 333, 337, 397, 423, 430, 437, 478, 481, 490, 498, 548, 557, 599]","[141, 309, 176, 581, 251, 155, 37, 101, 156, 270, 94, 344, 502, 45, 168, 29, 64, 257, 133, 163, 67, 412, 128, 548, 263, 239, 181, 236, 531, 49]",600,30,0.7,,,,,2.0,0.005,,,5.593333333333334,0.5278227153512602,0.9933333333333333,0.24333333333333335,5.266666666666667,0.0016079078374206586,0.004395443064779808,0.22105263157894736,0.042105263157894736,0.005263157894736842,0.0,2.0335097001763667,5.0,0.005263157894736842,0.2982456140350877,8.789473684210526,0.21346304865433308,0.6074307032960257,0.007330574916781813,3.7389162561576357,0.7641002622160195,0.0894736842105263,0.543859649122807,0.5666666666666667,1.0193457499844951,30,False,1798.0
3,paper,paper_6,6,30,1814115620,817514052,"[4, 38, 71, 137, 169, 186, 206, 234, 237, 242, 245, 273, 308, 334, 353, 370, 392, 400, 426, 431, 438, 454, 455, 495, 513, 536, 548, 561, 586, 589]","[307, 456, 82, 523, 429, 526, 521, 42, 457, 75, 72, 31, 499, 188, 589, 196, 398, 332, 575, 454, 107, 525, 123, 81, 391, 488, 236, 14, 466, 226]",600,30,0.7,,,,,2.0,0.005,,,5.593333333333334,0.5278227153512602,0.9933333333333333,0.24333333333333335,6.033333333333333,0.0017977882127270114,0.00620069527514953,0.25087719298245614,0.03684210526315789,0.005263157894736842,0.0,1.9594356261022927,4.0,0.005263157894736842,0.3175438596491228,9.287719298245614,0.2278741556391997,0.5628773163136311,0.0053081516184964464,3.7167487684729066,0.8007181281968271,0.1017543859649122,0.9421052631578948,0.945,0.7707497089868411,23,True,2320.0
3,paper,paper_6,6,31,1814115620,2964295395,"[6, 12, 24, 31, 53, 54, 78, 98, 117, 122, 144, 165, 177, 202, 211, 240, 353, 378, 386, 395, 408, 448, 464, 497, 520, 530, 539, 548, 551, 566]","[381, 207, 463, 354, 586, 424, 323, 579, 156, 216, 26, 438, 406, 481, 25, 105, 589, 544, 314, 117, 311, 374, 312, 230, 358, 224, 410, 236, 41, 291]",600,30,0.7,,,,,2.0,0.005,,,5.593333333333334,0.5278227153512602,0.9933333333333333,0.24333333333333335,5.333333333333333,0.001640635702061572,0.004161249113325723,0.23333333333333334,0.03859649122807018,0.0017543859649122807,0.0,2.0035335689045937,4.0,0.007017543859649123,0.2894736842105263,8.238596491228071,0.2178830228858775,0.5889618598341195,0.00455370162246987,4.075862068965518,0.7832524489294639,0.0789473684210526,0.1894736842105263,0.23,0.8997089159674942,26,True,1464.0
3,paper,paper_6,6,32,1814115620,3773076434,"[14, 23, 74, 79, 112, 156, 167, 188, 189, 201, 202, 220, 238, 250, 275, 335, 339, 347, 355, 391, 419, 464, 508, 512, 532, 546, 552, 559, 570, 588]","[176, 294, 271, 145, 578, 233, 217, 268, 96, 115, 481, 86, 596, 385, 344, 252, 255, 69, 339, 380, 57, 312, 179, 28, 538, 246, 132, 546, 88, 137]",600,30,0.7,,,,,2.0,0.005,,,5.593333333333334,0.5278227153512602,0.9933333333333333,0.24333333333333335,5.633333333333334,0.001685659767802797,0.004050364805240933,0.24210526315789474,0.03508771929824561,0.0017543859649122807,0.0,1.966490299823633,5.0,0.005263157894736842,0.3105263157894737,9.171929824561403,0.22275301896233654,0.5757469244288225,0.005179868962830423,3.7660098522167487,0.815872521211894,0.0719298245614035,0.1280701754385965,0.1716666666666666,0.8288954580202699,25,True,1414.0
3,paper,paper_6,6,33,1814115620,4172098235,"[50, 55, 61, 96, 109, 139, 159, 168, 177, 178, 220, 257, 258, 295, 304, 314, 339, 340, 405, 420, 430, 434, 503, 509, 522, 575, 580, 584, 595, 599]","[165, 564, 55, 139, 178, 152, 594, 415, 406, 346, 86, 110, 453, 197, 389, 571, 255, 443, 493, 534, 412, 17, 299, 403, 349, 559, 506, 565, 92, 49]",600,30,0.7,,,,,2.0,0.005,,,5.593333333333334,0.5278227153512602,0.9933333333333333,0.24333333333333335,5.666666666666667,0.0017369160932862828,0.004535629233461452,0.24385964912280703,0.031578947368421054,0.005263157894736842,0.0,1.971731448763251,4.0,0.007017543859649123,0.2964912280701754,9.003508771929825,0.22602993377207165,0.5729164739617056,0.005343222951048295,3.8344827586206898,0.7386613726169683,0.1017543859649122,0.3947368421052631,0.425,1.0965169589035213,30,False,1674.0
3,paper,paper_6,6,34,1814115620,3818593844,"[6, 45, 66, 110, 120, 130, 152, 180, 182, 248, 275, 343, 344, 375, 376, 415, 426, 446, 453, 461, 468, 477, 478, 487, 503, 506, 518, 533, 550, 572]","[381, 516, 480, 37, 343, 99, 254, 422, 111, 297, 344, 577, 341, 330, 587, 568, 575, 414, 127, 310, 320, 9, 548, 347, 299, 66, 126, 85, 203, 592]",600,30,0.7,,,,,2.0,0.005,,,5.593333333333334,0.5278227153512602,0.9933333333333333,0.24333333333333335,5.5,0.0016689883011840325,0.004420143895836764,0.25087719298245614,0.02982456140350877,0.005263157894736842,0.0,1.980565371024735,5.0,0.007017543859649123,0.2719298245614035,8.857894736842105,0.23015328518586073,0.5625813214935406,0.004380404360120384,3.935632183908046,0.6977268515900777,0.0824561403508772,0.2894736842105263,0.325,1.0145693749655038,30,False,1564.0
3,paper,paper_6,6,35,1814115620,1070016157,"[51, 91, 108, 122, 130, 152, 155, 156, 172, 177, 184, 187, 189, 200, 253, 263, 333, 357, 422, 429, 496, 497, 501, 523, 533, 542, 547, 565, 585, 593]","[384, 225, 2, 216, 99, 254, 189, 233, 394, 406, 376, 153, 96, 11, 56, 202, 257, 360, 47, 353, 190, 230, 520, 599, 85, 258, 317, 277, 442, 146]",600,30,0.7,,,,,2.0,0.005,,,5.593333333333334,0.5278227153512602,0.9933333333333333,0.24333333333333335,5.066666666666666,0.0015529493201041898,0.003785548441096312,0.21403508771929824,0.03508771929824561,0.0017543859649122807,0.0,2.0547703180212014,5.0,0.007017543859649123,0.2736842105263158,9.066666666666666,0.20563995458516915,0.6184380106681466,0.008062264345225806,3.864367816091954,0.7436618507122391,0.0666666666666666,0.2473684210526315,0.285,1.0167004159884527,30,False,1536.0
3,paper,paper_6,6,36,1814115620,1379696510,"[15, 23, 36, 51, 67, 78, 85, 101, 131, 136, 147, 160, 163, 164, 174, 176, 214, 251, 271, 272, 307, 316, 357, 419, 423, 435, 438, 485, 495, 538]","[558, 294, 3, 384, 591, 323, 413, 183, 240, 355, 94, 198, 474, 336, 151, 363, 191, 528, 447, 327, 431, 554, 360, 57, 67, 331, 107, 44, 81, 455]",600,30,0.7,,,,,2.0,0.005,,,5.593333333333334,0.5278227153512602,0.9933333333333333,0.24333333333333335,4.733333333333333,0.0014871472863816114,0.0025083836468098916,0.21403508771929824,0.02280701754385965,0.0017543859649122807,0.0,2.047703180212014,5.0,0.007017543859649123,0.23157894736842105,7.656140350877193,0.20158471108911813,0.6185675084019363,0.003143752798925213,4.135632183908046,0.6742356327654838,0.0684210526315789,0.2912280701754386,0.3266666666666666,0.9923331250902264,30,False,1546.0
3,paper,paper_6,6,37,1814115620,428591027,"[0, 25, 34, 36, 41, 144, 201, 202, 220, 224, 226, 227, 281, 282, 290, 293, 303, 308, 346, 377, 405, 413, 418, 441, 506, 537, 550, 557, 582, 598]","[430, 434, 461, 3, 54, 26, 115, 481, 86, 109, 379, 231, 116, 6, 93, 396, 444, 499, 598, 543, 493, 541, 248, 199, 66, 419, 203, 531, 201, 70]",600,30,0.7,,,,,2.0,0.005,,,5.593333333333334,0.5278227153512602,0.9933333333333333,0.24333333333333335,4.933333333333334,0.0015423067938290847,0.00368373616605117,0.22456140350877193,0.02631578947368421,0.0017543859649122807,0.0,2.0141342756183747,4.0,0.007017543859649123,0.22631578947368422,8.029824561403508,0.20670386726312903,0.6025591218820338,0.004482600075906364,4.154022988505747,0.7211956933496052,0.0736842105263157,0.3105263157894737,0.345,0.9760887920856476,30,False,1570.0
3,paper,paper_6,6,38,1814115620,2773295748,"[3, 14, 67, 75, 96, 101, 125, 131, 184, 204, 206, 220, 221, 225, 253, 275, 302, 327, 328, 368, 380, 508, 515, 516, 520, 556, 561, 579, 587, 598]","[241, 176, 591, 574, 139, 183, 174, 240, 376, 365, 521, 86, 58, 112, 56, 344, 260, 497, 228, 300, 40, 179, 597, 440, 358, 472, 14, 177, 59, 70]",600,30,0.7,,,,,2.0,0.005,,,5.593333333333334,0.5278227153512602,0.9933333333333333,0.24333333333333335,5.566666666666666,0.0016814542205010623,0.005799621840026248,0.22807017543859648,0.042105263157894736,0.0017543859649122807,0.0,2.0141093474426808,4.0,0.005263157894736842,0.3087719298245614,8.75263157894737,0.21342911693168198,0.5970832177103568,0.005094710387064209,3.832512315270936,0.8589877468268925,0.1,0.9280701754385964,0.9316666666666666,0.9605168750276788,30,False,2318.0
3,paper,paper_6,6,39,1814115620,4041539664,"[26, 27, 38, 43, 67, 86, 104, 148, 168, 221, 222, 244, 247, 258, 278, 294, 306, 317, 342, 363, 366, 381, 408, 421, 437, 448, 467, 472, 484, 584]","[367, 552, 456, 185, 591, 91, 289, 432, 415, 58, 476, 399, 393, 453, 259, 313, 208, 269, 60, 519, 325, 187, 311, 509, 128, 374, 550, 135, 338, 565]",600,30,0.7,,,,,2.0,0.005,,,5.593333333333334,0.5278227153512602,0.9933333333333333,0.24333333333333335,5.833333333333333,0.0017562577634679837,0.004917482060756079,0.256140350877193,0.042105263157894736,0.0017543859649122807,0.0,1.959363957597173,4.0,0.007017543859649123,0.3157894736842105,9.007017543859648,0.23570990085037302,0.5547867912311535,0.005025328293485237,3.910344827586207,0.7140368877312928,0.1087719298245614,0.9526315789473684,0.955,0.9638353330083193,30,False,2328.0
3,paper,paper_6,6,40,1814115620,438588734,"[4, 39, 57, 70, 72, 83, 144, 147, 196, 209, 222, 235, 270, 281, 310, 311, 332, 334, 338, 349, 355, 413, 427, 444, 469, 475, 484, 538, 548, 599]","[307, 267, 306, 316, 555, 458, 26, 94, 65, 340, 476, 204, 369, 116, 220, 372, 590, 188, 301, 192, 339, 541, 304, 262, 63, 285, 338, 455, 236, 49]",600,30,0.7,,,,,2.0,0.005,,,5.593333333333334,0.5278227153512602,0.9933333333333333,0.24333333333333335,5.166666666666667,0.001568174326196217,0.004018145249559746,0.22631578947368422,0.042105263157894736,0.0035087719298245615,0.0,2.010600706713781,5.0,0.007017543859649123,0.2649122807017544,8.72982456140351,0.2154862786111729,0.5994881756235932,0.006155380379518311,3.896551724137931,0.7702563834374384,0.087719298245614,0.4894736842105263,0.515,0.9661127079743892,30,False,1716.0
3,paper,paper_6,6,41,1814115620,2807740247,"[36, 69, 97, 100, 129, 164, 181, 208, 283, 285, 286, 309, 344, 351, 365, 368, 382, 408, 413, 419, 424, 427, 452, 458, 470, 474, 502, 520, 553, 580]","[3, 227, 155, 501, 266, 336, 439, 420, 382, 502, 52, 158, 341, 563, 172, 300, 450, 311, 541, 57, 484, 304, 292, 333, 211, 281, 212, 358, 436, 506]",600,30,0.7,,,,,2.0,0.005,,,5.593333333333334,0.5278227153512602,0.9933333333333333,0.24333333333333335,4.933333333333334,0.0015004688886365526,0.004041721849154156,0.21929824561403508,0.02982456140350877,0.0017543859649122807,0.0,2.012367491166078,4.0,0.007017543859649123,0.28596491228070176,9.078947368421053,0.20659821783182972,0.6104338174081954,0.004709967554795141,3.910344827586207,0.7571297362812248,0.0649122807017543,0.2701754385964912,0.3066666666666666,0.973115082946606,30,False,1538.0
3,paper,paper_6,6,42,1814115620,1879883015,"[3, 4, 28, 44, 112, 125, 135, 163, 234, 263, 265, 283, 295, 316, 347, 366, 404, 408, 411, 414, 451, 478, 488, 499, 503, 526, 563, 567, 569, 570]","[241, 307, 34, 522, 578, 174, 539, 474, 42, 202, 170, 382, 197, 554, 69, 325, 134, 311, 467, 46, 505, 548, 180, 580, 299, 296, 417, 21, 221, 88]",600,30,0.7,,,,,2.0,0.005,,,5.593333333333334,0.5278227153512602,0.9933333333333333,0.24333333333333335,5.2,0.0015700174500358672,0.004313394418481402,0.22280701754385965,0.03333333333333333,0.0035087719298245615,0.0,2.0335689045936394,4.0,0.007017543859649123,0.3,8.864912280701754,0.21131856634269408,0.6049147473252552,0.00522515160446195,3.8804597701149426,0.758154797743185,0.075438596491228,0.2649122807017544,0.3016666666666667,0.9658013749867678,30,False,1546.0
3,paper,paper_6,6,43,1814115620,140778703,"[17, 70, 78, 121, 125, 150, 154, 155, 217, 236, 250, 284, 307, 343, 351, 355, 387, 426, 455, 475, 479, 490, 492, 500, 536, 556, 558, 569, 576, 584]","[402, 316, 323, 357, 174, 222, 556, 189, 468, 282, 385, 283, 431, 577, 563, 339, 206, 575, 123, 285, 30, 239, 553, 569, 488, 472, 335, 221, 551, 565]",600,30,0.7,,,,,2.0,0.005,,,5.593333333333334,0.5278227153512602,0.9933333333333333,0.24333333333333335,5.266666666666667,0.001616430393021007,0.003976163400854826,0.23508771929824562,0.028070175438596492,0.0,0.0,2.0141342756183747,5.0,0.007017543859649123,0.2596491228070175,8.352631578947369,0.2174113297568247,0.5862917398945519,0.0033175700417079727,4.022988505747127,0.7255347254607547,0.075438596491228,0.2473684210526315,0.285,0.929687957977876,29,True,1534.0
3,paper,paper_6,6,44,1814115620,88858258,"[18, 19, 20, 56, 131, 157, 162, 187, 192, 208, 229, 241, 267, 306, 308, 327, 335, 366, 412, 439, 442, 458, 477, 481, 511, 523, 533, 538, 566, 567]","[337, 51, 370, 78, 240, 494, 404, 153, 36, 420, 118, 273, 392, 208, 499, 497, 252, 325, 321, 1, 84, 333, 9, 263, 583, 599, 85, 455, 291, 21]",600,30,0.7,,,,,2.0,0.005,,,5.593333333333334,0.5278227153512602,0.9933333333333333,0.24333333333333335,5.133333333333334,0.0015648878750995237,0.003685692023255294,0.22280701754385965,0.03508771929824561,0.0017543859649122807,0.0,2.012367491166078,4.0,0.007017543859649123,0.27017543859649124,8.764912280701754,0.21118192206065453,0.6049147473252552,0.006034508275887586,3.8873563218390803,0.698388297574199,0.075438596491228,0.2298245614035087,0.2683333333333333,0.9708232909906656,30,True,1502.0
3,paper,paper_6,6,45,1814115620,2198714822,"[4, 12, 21, 30, 42, 64, 97, 132, 139, 149, 163, 195, 201, 203, 227, 228, 271, 303, 305, 309, 319, 343, 369, 382, 409, 491, 498, 511, 530, 599]","[307, 207, 421, 159, 449, 388, 155, 471, 152, 186, 474, 371, 115, 147, 231, 80, 447, 444, 103, 158, 160, 577, 395, 450, 284, 122, 181, 583, 224, 49]",600,30,0.7,,,,,2.0,0.005,,,5.593333333333334,0.5278227153512602,0.9933333333333333,0.24333333333333335,6.2,0.0018551314271480037,0.0045384688273540485,0.2631578947368421,0.04035087719298246,0.007017543859649123,0.0,1.911660777385159,4.0,0.007017543859649123,0.3368421052631579,9.682456140350878,0.24386193743415288,0.5441741436191533,0.006649600681040843,3.7195402298850575,0.7386613726169683,0.1052631578947368,0.9438596491228072,0.9466666666666668,0.9383002090035006,30,False,2328.0
3,paper,paper_6,6,46,1814115620,478320489,"[13, 22, 28, 30, 53, 66, 122, 139, 167, 185, 190, 243, 247, 253, 257, 310, 317, 357, 369, 377, 378, 383, 406, 408, 448, 535, 560, 579, 596, 597]","[572, 581, 34, 159, 586, 480, 216, 152, 217, 97, 405, 537, 393, 56, 110, 220, 269, 360, 395, 543, 544, 213, 464, 311, 374, 293, 265, 177, 428, 244]",600,30,0.7,,,,,2.0,0.005,,,5.593333333333334,0.5278227153512602,0.9933333333333333,0.24333333333333335,5.466666666666667,0.0016578224900878449,0.005303057034792574,0.23684210526315788,0.03684210526315789,0.0035087719298245615,0.0,1.980565371024735,4.0,0.007017543859649123,0.2929824561403509,9.057894736842105,0.22131359897327796,0.5834921222211945,0.0063807612641284045,3.87816091954023,0.7937476022620323,0.0929824561403508,0.9385964912280702,0.9416666666666668,0.900982082937844,28,True,2322.0
3,paper,paper_6,6,47,1814115620,3370900930,"[13, 27, 47, 94, 115, 148, 153, 165, 177, 178, 185, 306, 318, 326, 347, 350, 355, 408, 412, 426, 435, 454, 476, 513, 532, 545, 554, 569, 583, 586]","[572, 552, 74, 487, 514, 432, 136, 438, 406, 346, 97, 208, 43, 448, 69, 479, 339, 311, 321, 575, 331, 525, 39, 391, 538, 305, 324, 221, 362, 466]",600,30,0.7,,,,,2.0,0.005,,,5.593333333333334,0.5278227153512602,0.9933333333333333,0.24333333333333335,6.433333333333334,0.0019231717824278888,0.006905904153977951,0.2771929824561403,0.043859649122807015,0.0,0.0,1.88339222614841,4.0,0.007017543859649123,0.3368421052631579,9.20701754385965,0.25009668836813936,0.5247186507569451,0.00508019994108323,3.8367816091954023,0.7619419346929779,0.0912280701754386,0.3228070175438596,0.3566666666666667,0.9430471670348196,29,True,1598.0
3,paper,paper_6,6,48,1814115620,4273926677,"[30, 60, 79, 97, 137, 154, 216, 218, 229, 238, 261, 272, 339, 352, 403, 408, 421, 439, 455, 525, 527, 529, 532, 538, 547, 550, 555, 566, 577, 580]","[159, 529, 145, 155, 523, 556, 375, 524, 118, 596, 32, 327, 255, 150, 98, 311, 509, 1, 123, 242, 400, 83, 538, 455, 317, 203, 302, 291, 390, 506]",600,30,0.7,,,,,2.0,0.005,,,5.593333333333334,0.5278227153512602,0.9933333333333333,0.24333333333333335,6.0,0.001799765386650713,0.005380068203418093,0.25263157894736843,0.03333333333333333,0.0017543859649122807,0.0,1.9628975265017667,4.0,0.007017543859649123,0.3087719298245614,9.3,0.23435781374386377,0.5597508710264237,0.0039970267012009305,3.7908045977011495,0.8100576384032475,0.087719298245614,0.5421052631578948,0.565,0.9719172499608248,30,False,1742.0
3,paper,paper_6,6,49,1814115620,1189963992,"[24, 28, 33, 37, 59, 70, 78, 140, 160, 167, 190, 201, 210, 237, 247, 274, 281, 311, 312, 326, 355, 362, 389, 401, 453, 455, 488, 509, 549, 572]","[463, 34, 303, 567, 48, 316, 323, 18, 198, 217, 405, 115, 113, 457, 393, 475, 116, 372, 401, 448, 339, 229, 503, 235, 127, 123, 180, 403, 473, 592]",600,30,0.7,,,,,2.0,0.005,,,5.593333333333334,0.5278227153512602,0.9933333333333333,0.24333333333333335,5.566666666666666,0.0016848123203125165,0.005015847585790225,0.23333333333333334,0.03859649122807018,0.0035087719298245615,0.0,2.0159010600706715,5.0,0.007017543859649123,0.2964912280701754,9.128070175438596,0.21943389789688478,0.5887953627478186,0.005774835937107743,3.8988505747126436,0.7894085701508828,0.1017543859649122,0.9456140350877194,0.9483333333333334,0.9433787079760804,30,False,2328.0
3,paper,paper_7,7,0,3855972529,171804417,"[3, 4, 19, 43, 63, 96, 113, 120, 124, 127, 139, 155, 201, 243, 255, 261, 268, 277, 293, 306, 322, 327, 332, 373, 431, 443, 447, 468, 501, 580]","[408, 316, 485, 532, 598, 497, 200, 271, 23, 258, 176, 353, 454, 479, 232, 537, 382, 67, 202, 197, 157, 152, 494, 10, 180, 195, 536, 111, 519, 453]",600,30,0.7,,,,,2.0,0.005,,,3.9816666666666665,0.5542175817175992,0.9716666666666667,0.11,4.533333333333333,0.0018412833756122251,0.004944763751984968,0.20526315789473684,0.021052631578947368,0.0017543859649122807,0.0,2.202872531418312,5.0,0.02280701754385965,0.14035087719298245,4.626315789473685,0.19449852015492722,0.6323682668886628,0.003677963160721781,4.480459770114942,0.6498568404207962,0.0684210526315789,0.1771929824561403,0.2183333333333333,0.72645004093647,22,True,1218.0
3,paper,paper_7,7,1,3855972529,239653107,"[6, 25, 27, 30, 35, 59, 67, 98, 116, 143, 149, 179, 207, 210, 245, 258, 302, 311, 317, 397, 465, 482, 513, 530, 552, 561, 562, 568, 570, 580]","[512, 285, 250, 525, 18, 540, 16, 308, 409, 333, 568, 496, 342, 460, 185, 500, 130, 535, 267, 245, 129, 55, 198, 517, 186, 121, 592, 145, 205, 453]",600,30,0.7,,,,,2.0,0.005,,,3.9816666666666665,0.5542175817175992,0.9716666666666667,0.11,4.666666666666667,0.0018679592331048165,0.009218607365986734,0.18596491228070175,0.031578947368421054,0.007017543859649123,0.0,2.270609318996416,5.0,0.021052631578947368,0.15087719298245614,4.771929824561403,0.1805960233147097,0.6632935590293837,0.005737033044335276,4.278325123152709,0.6496777291119669,0.0666666666666666,0.1631578947368421,0.205,0.7413149169879034,23,True,1206.0
3,paper,paper_7,7,2,3855972529,229137143,"[23, 40, 43, 49, 63, 88, 91, 156, 173, 174, 175, 184, 207, 209, 214, 228, 243, 252, 256, 263, 277, 333, 343, 358, 376, 510, 520, 523, 527, 530]","[295, 337, 532, 122, 598, 591, 70, 584, 15, 450, 44, 103, 342, 143, 406, 461, 479, 555, 484, 317, 67, 280, 46, 489, 311, 582, 12, 104, 56, 517]",600,30,0.7,,,,,2.0,0.005,,,3.9816666666666665,0.5542175817175992,0.9716666666666667,0.11,3.9,0.0015888901771299912,0.004418555470454733,0.17719298245614035,0.015789473684210527,0.0017543859649122807,0.0,2.295698924731183,5.0,0.021052631578947368,0.10350877192982456,4.303508771929825,0.17013259294259153,0.6775814756575094,0.0033845018327776947,4.559113300492611,0.6835188232990054,0.0333333333333333,0.0859649122807017,0.1316666666666666,0.9201769580831752,28,True,1148.0
3,paper,paper_7,7,3,3855972529,4023487049,"[0, 24, 46, 63, 111, 113, 115, 124, 172, 196, 198, 234, 236, 256, 263, 271, 292, 330, 351, 392, 438, 467, 474, 483, 491, 508, 531, 532, 550, 583]","[4, 50, 262, 598, 551, 200, 158, 23, 34, 376, 172, 135, 187, 484, 317, 531, 572, 161, 436, 270, 544, 193, 577, 95, 393, 138, 259, 430, 341, 347]",600,30,0.7,,,,,2.0,0.005,,,3.9816666666666665,0.5542175817175992,0.9716666666666667,0.11,4.6,0.0018490764728233253,0.005314553473769109,0.21578947368421053,0.015789473684210527,0.0,0.0,2.201077199281867,6.0,0.02280701754385965,0.14035087719298245,4.450877192982456,0.20060361003996952,0.615928221256128,0.00239140170174653,4.567816091954023,0.7269568649945626,0.0508771929824561,0.1035087719298245,0.1483333333333333,0.9947524579474702,30,False,1184.0
3,paper,paper_7,7,4,3855972529,3079788292,"[0, 9, 22, 47, 49, 63, 80, 96, 100, 119, 148, 156, 161, 175, 232, 268, 271, 276, 290, 314, 325, 331, 362, 363, 395, 431, 437, 499, 573, 593]","[4, 390, 361, 338, 122, 598, 124, 497, 455, 580, 487, 584, 240, 44, 472, 382, 531, 395, 51, 244, 404, 38, 363, 222, 585, 180, 126, 504, 113, 570]",600,30,0.7,,,,,2.0,0.005,,,3.9816666666666665,0.5542175817175992,0.9716666666666667,0.11,3.7666666666666666,0.0015630238562897203,0.0036921986491927393,0.17017543859649123,0.01929824561403509,0.0017543859649122807,0.0,2.2980251346499103,5.0,0.02280701754385965,0.1,3.973684210526316,0.16615428882944852,0.6890512749360219,0.004371547992237647,4.696551724137931,0.6876104043267581,0.0701754385964912,0.2070175438596491,0.2466666666666666,0.8260604169918224,25,True,1208.0
3,paper,paper_7,7,5,3855972529,4103883560,"[6, 22, 25, 32, 79, 120, 143, 167, 183, 184, 200, 203, 241, 249, 254, 264, 291, 331, 348, 364, 372, 411, 416, 473, 476, 524, 539, 561, 579, 580]","[512, 361, 285, 214, 345, 271, 333, 248, 48, 103, 282, 365, 21, 247, 116, 26, 557, 38, 425, 72, 452, 493, 86, 191, 505, 588, 392, 121, 60, 453]",600,30,0.7,,,,,2.0,0.005,,,3.9816666666666665,0.5542175817175992,0.9716666666666667,0.11,4.833333333333333,0.0019107591864800373,0.011437204316478523,0.21403508771929824,0.02280701754385965,0.0035087719298245615,0.0,2.1792114695340503,5.0,0.021052631578947368,0.17192982456140352,5.094736842105263,0.19772184640445198,0.6189498350445534,0.0032410493283586152,4.248768472906404,0.7171808061772146,0.0614035087719298,0.1157894736842105,0.16,0.970954874996096,30,True,1164.0
3,paper,paper_7,7,6,3855972529,1983086796,"[38, 51, 78, 88, 101, 127, 162, 182, 185, 198, 222, 224, 226, 317, 333, 356, 370, 397, 405, 421, 434, 441, 458, 490, 508, 520, 524, 554, 575, 581]","[481, 32, 169, 591, 27, 258, 81, 96, 101, 172, 545, 426, 82, 267, 280, 349, 229, 245, 501, 442, 571, 201, 325, 387, 138, 12, 588, 483, 543, 257]",600,30,0.7,,,,,2.0,0.005,,,3.9816666666666665,0.5542175817175992,0.9716666666666667,0.11,4.166666666666667,0.00172059676167382,0.00598510006279803,0.18947368421052632,0.012280701754385965,0.0,0.0,2.2759856630824373,5.0,0.021052631578947368,0.12105263157894737,4.205263157894737,0.1789915068183923,0.65763265809515,0.0020462423910699774,4.6182266009852215,0.7328835681825706,0.0736842105263157,0.1807017543859649,0.2216666666666666,0.9592964999610558,30,False,1208.0
3,paper,paper_7,7,7,3855972529,2597844395,"[10, 13, 18, 35, 42, 43, 60, 85, 102, 106, 109, 150, 159, 176, 225, 240, 274, 278, 280, 301, 339, 349, 353, 428, 484, 487, 490, 510, 518, 561]","[78, 521, 33, 18, 279, 532, 471, 243, 324, 579, 287, 462, 431, 514, 263, 159, 346, 217, 488, 281, 418, 204, 486, 371, 513, 239, 387, 582, 25, 121]",600,30,0.7,,,,,2.0,0.005,,,3.9816666666666665,0.5542175817175992,0.9716666666666667,0.11,4.4,0.0018160911294744482,0.007414800321018665,0.17543859649122806,0.02280701754385965,0.005263157894736842,0.0,2.313620071684588,5.0,0.021052631578947368,0.13333333333333333,4.529824561403509,0.16733140809547262,0.6806647550334536,0.005018583887752246,4.275862068965517,0.6755778866419128,0.0578947368421052,0.1157894736842105,0.16,0.97115720808506,30,False,1128.0
3,paper,paper_7,7,8,3855972529,1776207504,"[19, 43, 80, 81, 86, 88, 92, 122, 134, 148, 153, 156, 176, 179, 215, 232, 235, 250, 262, 322, 353, 385, 430, 440, 449, 457, 463, 481, 531, 533]","[485, 532, 124, 366, 173, 591, 256, 399, 492, 487, 576, 584, 514, 496, 566, 472, 133, 220, 149, 157, 486, 286, 119, 114, 530, 412, 434, 125, 259, 131]",600,30,0.7,,,,,2.0,0.005,,,3.9816666666666665,0.5542175817175992,0.9716666666666667,0.11,3.533333333333333,0.0015360386400651742,0.004761133326604818,0.15789473684210525,0.015789473684210527,0.0017543859649122807,0.0,2.4042933810375673,5.0,0.01929824561403509,0.0912280701754386,3.517543859649123,0.15151049078602938,0.709678413961089,0.0030707734156010017,4.8994708994708995,0.7137816743356847,0.0631578947368421,0.1157894736842105,0.16,0.9832000830210744,30,False,1164.0
3,paper,paper_7,7,9,3855972529,1087867193,"[30, 33, 40, 65, 72, 80, 86, 126, 137, 173, 244, 268, 275, 285, 299, 301, 317, 335, 340, 389, 397, 410, 471, 491, 524, 533, 544, 582, 586, 589]","[525, 273, 337, 466, 558, 124, 173, 444, 549, 15, 374, 382, 352, 541, 593, 281, 267, 560, 478, 196, 245, 417, 331, 393, 588, 131, 142, 428, 71, 61]",600,30,0.7,,,,,2.0,0.005,,,3.9816666666666665,0.5542175817175992,0.9716666666666667,0.11,3.9,0.001614018730667628,0.005179089016732351,0.18070175438596492,0.01929824561403509,0.0017543859649122807,0.0,2.2795698924731185,5.0,0.021052631578947368,0.11052631578947368,4.182456140350877,0.17152927183866126,0.6719514075170351,0.00435211021417918,4.463054187192118,0.6887530773007907,0.0596491228070175,0.1473684210526315,0.19,0.968885291949846,30,False,1182.0
3,paper,paper_7,7,10,3855972529,3937606816,"[21, 32, 61, 106, 111, 168, 186, 208, 210, 231, 272, 301, 311, 331, 363, 377, 382, 389, 400, 431, 436, 449, 460, 472, 501, 515, 535, 555, 575, 588]","[370, 214, 360, 579, 551, 154, 423, 255, 460, 391, 563, 281, 535, 38, 222, 344, 534, 196, 276, 180, 599, 530, 378, 499, 519, 456, 265, 432, 543, 77]",600,30,0.7,,,,,2.0,0.005,,,3.9816666666666665,0.5542175817175992,0.9716666666666667,0.11,4.6,0.0018774590897461857,0.008314216303419905,0.20175438596491227,0.02631578947368421,0.0035087719298245615,0.0,2.201077199281867,6.0,0.02280701754385965,0.13859649122807016,4.757894736842105,0.1941505513067495,0.6377948385903247,0.004927444841237944,4.3839080459770114,0.6775921201109973,0.0701754385964912,0.1298245614035087,0.1733333333333333,1.0137774168979377,30,False,1196.0
3,paper,paper_7,7,11,3855972529,820128194,"[79, 108, 123, 147, 154, 194, 215, 225, 240, 247, 282, 290, 317, 332, 335, 337, 363, 381, 393, 405, 448, 502, 522, 523, 529, 539, 563, 564, 572, 584]","[345, 336, 253, 538, 219, 293, 566, 263, 159, 246, 528, 51, 267, 494, 560, 565, 222, 163, 74, 501, 93, 323, 553, 104, 37, 392, 165, 463, 413, 237]",600,30,0.7,,,,,2.0,0.005,,,3.9816666666666665,0.5542175817175992,0.9716666666666667,0.11,3.7333333333333334,0.0015566481535249518,0.005753612385350536,0.17894736842105263,0.008771929824561403,0.0017543859649122807,0.0,2.2777777777777777,5.0,0.021052631578947368,0.1,4.156140350877193,0.1677734815467445,0.6749298553941973,0.0023946360153256708,4.716748768472907,0.7744864877178724,0.0543859649122807,0.1368421052631579,0.18,0.966244125040248,30,False,1166.0
3,paper,paper_7,7,12,3855972529,1578887172,"[13, 20, 27, 60, 68, 129, 132, 152, 164, 175, 186, 223, 227, 251, 309, 322, 335, 373, 407, 436, 451, 460, 467, 473, 502, 540, 546, 562, 581, 591]","[521, 254, 250, 471, 309, 362, 526, 559, 574, 44, 423, 162, 533, 396, 567, 157, 560, 10, 457, 599, 312, 378, 193, 191, 323, 264, 40, 592, 257, 29]",600,30,0.7,,,,,2.0,0.005,,,3.9816666666666665,0.5542175817175992,0.9716666666666667,0.11,4.166666666666667,0.001741359526368853,0.006692366874894222,0.1824561403508772,0.021052631578947368,0.0035087719298245615,0.0,2.259856630824373,5.0,0.021052631578947368,0.1,4.307017543859649,0.17557683315422395,0.668911294052354,0.005748370403542817,4.719211822660099,0.703313166332114,0.0666666666666666,0.1070175438596491,0.1516666666666666,0.9812990420032291,30,False,1140.0
3,paper,paper_7,7,13,3855972529,1799416919,"[47, 49, 53, 63, 70, 81, 111, 113, 120, 129, 166, 178, 183, 195, 208, 231, 281, 316, 334, 370, 371, 407, 413, 458, 462, 463, 490, 531, 571, 581]","[338, 122, 211, 598, 110, 366, 551, 200, 271, 362, 156, 467, 48, 291, 255, 391, 547, 458, 411, 229, 354, 457, 233, 325, 569, 434, 387, 259, 326, 257]",600,30,0.7,,,,,2.0,0.005,,,3.9816666666666665,0.5542175817175992,0.9716666666666667,0.11,4.333333333333333,0.0017601257014041897,0.0055065221067972766,0.2,0.021052631578947368,0.0,0.0,2.2132616487455197,5.0,0.021052631578947368,0.1368421052631579,4.2894736842105265,0.18893073744697347,0.6407794530262387,0.0038268564130633093,4.502463054187192,0.7494578906829785,0.0649122807017543,0.1070175438596491,0.1516666666666666,0.991726291947998,30,False,1156.0
3,paper,paper_7,7,14,3855972529,963725627,"[15, 18, 34, 35, 61, 64, 77, 103, 156, 157, 199, 251, 264, 273, 284, 293, 314, 355, 358, 375, 385, 388, 401, 441, 479, 500, 530, 538, 543, 561]","[445, 33, 529, 18, 360, 11, 210, 168, 584, 351, 160, 396, 26, 66, 274, 202, 244, 464, 489, 203, 286, 446, 17, 201, 414, 398, 517, 43, 91, 121]",600,30,0.7,,,,,2.0,0.005,,,3.9816666666666665,0.5542175817175992,0.9716666666666667,0.11,4.933333333333334,0.001982645773037387,0.008593391649799819,0.21754385964912282,0.01929824561403509,0.0017543859649122807,0.0,2.1526032315978454,4.0,0.02280701754385965,0.14736842105263157,4.970175438596491,0.20107657154439873,0.613332100021583,0.0028582209616692376,4.35632183908046,0.7085474203338994,0.0631578947368421,0.1052631578947368,0.15,0.819686708971858,25,True,1144.0
3,paper,paper_7,7,15,3855972529,856572107,"[54, 93, 102, 154, 157, 168, 175, 226, 233, 234, 253, 274, 316, 325, 363, 364, 375, 379, 383, 391, 405, 426, 431, 439, 465, 468, 488, 495, 514, 533]","[194, 520, 324, 219, 351, 154, 44, 82, 164, 135, 469, 346, 458, 404, 222, 72, 203, 400, 383, 302, 501, 140, 180, 188, 129, 111, 41, 238, 305, 131]",600,30,0.7,,,,,2.0,0.005,,,3.9816666666666665,0.5542175817175992,0.9716666666666667,0.11,3.466666666666667,0.0014792822335957707,0.004349715864026359,0.1543859649122807,0.014035087719298246,0.0035087719298245615,0.0,2.3853046594982077,5.0,0.021052631578947368,0.07017543859649122,3.475438596491228,0.15087283315695466,0.7154811457466161,0.004163556749763646,4.753694581280788,0.7183234791512472,0.0526315789473684,0.1982456140350877,0.2383333333333333,0.8907615420175716,27,True,1204.0
3,paper,paper_7,7,16,3855972529,3456560158,"[37, 69, 89, 93, 103, 154, 212, 215, 232, 237, 283, 284, 290, 299, 300, 311, 316, 335, 345, 364, 445, 454, 493, 497, 541, 547, 551, 573, 576, 584]","[109, 24, 85, 520, 168, 219, 386, 566, 472, 503, 289, 274, 51, 593, 298, 535, 458, 560, 139, 72, 433, 405, 294, 439, 402, 283, 510, 113, 307, 237]",600,30,0.7,,,,,2.0,0.005,,,3.9816666666666665,0.5542175817175992,0.9716666666666667,0.11,3.7333333333333334,0.0015421307580903625,0.004830179491949166,0.16666666666666666,0.017543859649122806,0.0017543859649122807,0.0,2.335125448028674,5.0,0.021052631578947368,0.09649122807017543,3.880701754385965,0.16142494388354856,0.6949773378965868,0.0026491771319357526,4.945812807881773,0.7137816743356846,0.0684210526315789,0.1473684210526315,0.19,0.960640124976635,30,True,1196.0
3,paper,paper_7,7,17,3855972529,1091011085,"[13, 50, 77, 82, 88, 98, 109, 118, 148, 152, 162, 167, 182, 205, 225, 231, 243, 254, 260, 282, 298, 379, 392, 406, 424, 435, 463, 484, 579, 583]","[521, 515, 210, 447, 591, 308, 287, 373, 487, 559, 81, 248, 96, 310, 263, 391, 479, 116, 120, 528, 332, 400, 270, 105, 381, 141, 434, 513, 60, 347]",600,30,0.7,,,,,2.0,0.005,,,3.9816666666666665,0.5542175817175992,0.9716666666666667,0.11,3.533333333333333,0.0014987980897700093,0.004972054567844209,0.1649122807017544,0.010526315789473684,0.0,0.0,2.3059033989266546,5.0,0.01929824561403509,0.08771929824561403,3.7175438596491226,0.15765337522642073,0.6979249529799895,0.0015588817312955244,4.73015873015873,0.7251217428343073,0.0403508771929824,0.0543859649122807,0.1016666666666666,0.988408042001538,30,False,1156.0
3,paper,paper_7,7,18,3855972529,2367946876,"[3, 16, 24, 40, 41, 50, 54, 65, 119, 131, 158, 171, 175, 217, 270, 304, 323, 326, 356, 401, 429, 440, 473, 481, 494, 513, 523, 532, 565, 576]","[408, 502, 50, 337, 128, 515, 194, 466, 580, 147, 151, 171, 44, 242, 314, 0, 192, 28, 349, 17, 424, 114, 191, 125, 90, 198, 104, 430, 155, 307]",600,30,0.7,,,,,2.0,0.005,,,3.9816666666666665,0.5542175817175992,0.9716666666666667,0.11,3.2666666666666666,0.0014168812585489475,0.003958428458444923,0.1543859649122807,0.010526315789473684,0.0035087719298245615,0.0,2.3942652329749103,5.0,0.021052631578947368,0.05964912280701754,3.3421052631578947,0.1492840821583199,0.7154996454228718,0.0038122605363984674,4.903940886699507,0.7303559968360926,0.0508771929824561,0.0947368421052631,0.14,0.9713639999972656,30,False,1160.0
3,paper,paper_7,7,19,3855972529,500662365,"[33, 36, 73, 75, 81, 96, 114, 122, 132, 133, 147, 156, 170, 181, 266, 279, 288, 289, 293, 312, 315, 332, 370, 416, 418, 429, 433, 490, 496, 562]","[273, 556, 64, 22, 366, 497, 181, 399, 526, 327, 538, 584, 6, 221, 112, 215, 539, 207, 202, 542, 118, 494, 229, 86, 511, 424, 182, 387, 223, 592]",600,30,0.7,,,,,2.0,0.005,,,3.9816666666666665,0.5542175817175992,0.9716666666666667,0.11,4.4,0.0017945426179844723,0.007787964323491883,0.20877192982456141,0.012280701754385965,0.0,0.0,2.149012567324955,5.0,0.02280701754385965,0.10350877192982456,4.208771929824562,0.1889152225792607,0.6275706841796935,0.002305751885961781,4.8,0.612345501913247,0.0526315789473684,0.0964912280701754,0.1416666666666666,0.8184513750020415,25,True,1158.0
3,paper,paper_7,7,20,3855972529,358548972,"[67, 70, 96, 104, 115, 131, 165, 169, 173, 218, 226, 262, 286, 299, 306, 345, 362, 383, 419, 464, 473, 481, 487, 493, 500, 530, 564, 570, 582, 592]","[16, 110, 497, 322, 158, 147, 170, 292, 15, 583, 82, 149, 358, 593, 197, 139, 363, 383, 99, 275, 191, 125, 239, 294, 398, 517, 463, 205, 428, 35]",600,30,0.7,,,,,2.0,0.005,,,3.9816666666666665,0.5542175817175992,0.9716666666666667,0.11,4.166666666666667,0.0017024155893345411,0.007888851832447526,0.2,0.015789473684210527,0.0,0.0,2.207885304659498,6.0,0.021052631578947368,0.12105263157894737,4.249122807017544,0.18448687368831904,0.6410816144050813,0.0027776374328098465,4.615763546798029,0.7467512080276713,0.0491228070175438,0.1,0.145,0.7640299580525607,23,True,1118.0
3,paper,paper_7,7,21,3855972529,1502105061,"[1, 60, 82, 84, 208, 240, 264, 270, 277, 305, 349, 375, 399, 416, 422, 429, 450, 468, 478, 484, 489, 500, 508, 522, 527, 530, 562, 563, 594, 596]","[482, 471, 447, 389, 255, 159, 26, 314, 67, 94, 204, 203, 227, 86, 516, 424, 403, 111, 206, 513, 19, 398, 138, 553, 56, 517, 592, 165, 249, 420]",600,30,0.7,,,,,2.0,0.005,,,3.9816666666666665,0.5542175817175992,0.9716666666666667,0.11,4.533333333333333,0.0018256973360541702,0.007495696823204179,0.19824561403508772,0.02456140350877193,0.0017543859649122807,0.0,2.2118491921005385,5.0,0.02280701754385965,0.13333333333333333,4.601754385964912,0.18702884530962577,0.6438133999321679,0.0035352044607942974,4.558620689655172,0.6659619129904448,0.0421052631578947,0.0807017543859649,0.1266666666666666,0.6438594589708373,19,True,1136.0
3,paper,paper_7,7,22,3855972529,619032629,"[46, 61, 65, 101, 102, 108, 159, 193, 222, 224, 242, 252, 321, 333, 373, 385, 386, 402, 405, 434, 441, 480, 493, 502, 516, 529, 530, 538, 545, 584]","[262, 360, 466, 27, 324, 336, 431, 385, 545, 426, 53, 555, 108, 280, 10, 286, 7, 299, 501, 571, 201, 554, 294, 323, 251, 37, 517, 43, 421, 237]",600,30,0.7,,,,,2.0,0.005,,,3.9816666666666665,0.5542175817175992,0.9716666666666667,0.11,4.7,0.0018751203366481359,0.007735209841723736,0.21754385964912282,0.02280701754385965,0.0,0.0,2.14336917562724,4.0,0.021052631578947368,0.1456140350877193,4.905263157894737,0.2020224567602347,0.6132642678753122,0.0027276299690092796,4.3399014778325125,0.7778856195594026,0.0631578947368421,0.1456140350877193,0.1883333333333333,0.6839151249732822,21,True,1196.0
3,paper,paper_7,7,23,3855972529,471551505,"[8, 19, 28, 40, 60, 79, 106, 125, 133, 139, 171, 242, 277, 280, 288, 337, 352, 369, 386, 406, 407, 426, 436, 479, 509, 510, 543, 562, 581, 592]","[175, 485, 266, 337, 471, 345, 579, 234, 327, 176, 171, 53, 67, 488, 539, 565, 586, 377, 7, 105, 457, 140, 599, 414, 189, 582, 91, 592, 257, 35]",600,30,0.7,,,,,2.0,0.005,,,3.9816666666666665,0.5542175817175992,0.9716666666666667,0.11,4.5,0.0018227723656306697,0.006756224541647075,0.19649122807017544,0.031578947368421054,0.0017543859649122807,0.0,2.228007181328546,5.0,0.02280701754385965,0.13157894736842105,4.8807017543859645,0.19004852121496374,0.6462306909629082,0.005401105918347298,4.425287356321839,0.7078549711476766,0.0701754385964912,0.2228070175438596,0.2616666666666666,0.965690957964398,30,False,1246.0
3,paper,paper_7,7,24,3855972529,3482495585,"[36, 77, 97, 134, 167, 187, 202, 228, 243, 258, 259, 285, 328, 339, 362, 370, 374, 392, 419, 425, 452, 493, 511, 526, 533, 536, 542, 567, 570, 583]","[556, 210, 123, 492, 248, 1, 522, 461, 479, 500, 190, 541, 272, 418, 363, 229, 527, 270, 99, 589, 92, 294, 300, 49, 131, 394, 552, 410, 205, 347]",600,30,0.7,,,,,2.0,0.005,,,3.9816666666666665,0.5542175817175992,0.9716666666666667,0.11,4.166666666666667,0.001698130370989055,0.006140802334516997,0.17894736842105263,0.02456140350877193,0.0017543859649122807,0.0,2.3076923076923075,5.0,0.01929824561403509,0.12982456140350876,4.1912280701754385,0.16889481237563775,0.6749606881879567,0.005378514506303552,4.526455026455026,0.7726513655576172,0.0614035087719298,0.1263157894736842,0.17,0.8092056669993326,25,True,1178.0
3,paper,paper_7,7,25,3855972529,3258970965,"[2, 11, 19, 34, 54, 72, 82, 92, 113, 124, 169, 267, 269, 294, 311, 364, 367, 370, 380, 430, 431, 432, 440, 446, 463, 467, 501, 515, 548, 580]","[137, 303, 485, 529, 194, 558, 447, 256, 200, 23, 292, 561, 465, 495, 535, 72, 199, 229, 174, 119, 180, 470, 114, 319, 434, 193, 519, 456, 179, 453]",600,30,0.7,,,,,2.0,0.005,,,3.9816666666666665,0.5542175817175992,0.9716666666666667,0.11,3.6666666666666665,0.001552257628505828,0.004528020414488789,0.17543859649122806,0.014035087719298246,0.0,0.0,2.2800718132854576,5.0,0.02280701754385965,0.07719298245614035,3.7508771929824563,0.16775242827005335,0.6804982579471526,0.0023490239007480387,4.885057471264368,0.6687796229588527,0.0684210526315789,0.1596491228070175,0.2016666666666666,0.9580505420453846,30,False,1180.0
3,paper,paper_7,7,26,3855972529,1828109378,"[1, 11, 52, 84, 95, 105, 152, 154, 157, 186, 229, 265, 274, 279, 311, 317, 343, 351, 368, 380, 390, 427, 445, 452, 453, 454, 531, 573, 577, 588]","[482, 303, 68, 389, 427, 343, 559, 219, 351, 423, 477, 134, 346, 215, 535, 267, 46, 436, 184, 174, 435, 14, 433, 92, 288, 405, 259, 113, 269, 77]",600,30,0.7,,,,,2.0,0.005,,,3.9816666666666665,0.5542175817175992,0.9716666666666667,0.11,3.7666666666666666,0.0015778406658562309,0.005289923883042672,0.17719298245614035,0.014035087719298246,0.0,0.0,2.3034111310592458,6.0,0.02280701754385965,0.10350877192982456,4.031578947368421,0.16784234443247775,0.6776924737150434,0.0028933518588691,4.841379310344828,0.6350066127675429,0.0666666666666666,0.1596491228070175,0.2016666666666666,0.9803990829968824,30,False,1188.0
3,paper,paper_7,7,27,3855972529,2061567014,"[2, 16, 22, 23, 39, 86, 120, 141, 168, 171, 195, 240, 249, 295, 297, 302, 307, 310, 313, 318, 343, 368, 454, 457, 481, 489, 499, 509, 511, 593]","[137, 502, 361, 295, 595, 173, 271, 31, 154, 171, 291, 159, 247, 225, 473, 130, 84, 367, 231, 438, 46, 184, 405, 412, 125, 19, 504, 189, 300, 570]",600,30,0.7,,,,,2.0,0.005,,,3.9816666666666665,0.5542175817175992,0.9716666666666667,0.11,3.6333333333333333,0.001529241057288352,0.004027379747335023,0.16140350877192983,0.017543859649122806,0.0017543859649122807,0.0,2.401433691756272,5.0,0.021052631578947368,0.1,3.8105263157894735,0.15572760480201725,0.7037770172355318,0.0036654724585759068,4.714285714285714,0.7337551286776226,0.0456140350877193,0.0631578947368421,0.11,0.8622922920621932,26,True,1134.0
3,paper,paper_7,7,28,3855972529,2897294060,"[9, 20, 25, 36, 41, 61, 76, 101, 106, 109, 118, 140, 165, 179, 193, 212, 270, 271, 273, 343, 396, 407, 428, 447, 460, 465, 528, 541, 553, 564]","[390, 254, 285, 556, 128, 360, 320, 27, 579, 287, 373, 284, 170, 496, 385, 386, 314, 531, 66, 46, 357, 457, 371, 536, 378, 129, 69, 402, 335, 463]",600,30,0.7,,,,,2.0,0.005,,,3.9816666666666665,0.5542175817175992,0.9716666666666667,0.11,3.8,0.0016043296016045078,0.005079209809145744,0.17543859649122806,0.017543859649122806,0.0,0.0,2.3225806451612905,5.0,0.021052631578947368,0.08771929824561403,3.6964912280701756,0.1696335739432843,0.6804057595658742,0.0027176527176527177,4.842364532019705,0.7051482884923693,0.0631578947368421,0.1666666666666666,0.2083333333333333,0.6952999169006944,21,True,1186.0
3,paper,paper_7,7,29,3855972529,3168223185,"[17, 83, 84, 139, 168, 170, 195, 203, 207, 224, 228, 296, 324, 379, 391, 392, 399, 436, 474, 479, 482, 526, 529, 535, 567, 573, 577, 595, 596, 597]","[550, 183, 389, 176, 154, 6, 291, 365, 342, 426, 461, 429, 369, 400, 302, 270, 227, 599, 577, 414, 55, 49, 37, 265, 410, 113, 269, 5, 420, 548]",600,30,0.7,,,,,2.0,0.005,,,3.9816666666666665,0.5542175817175992,0.9716666666666667,0.11,4.933333333333334,0.0019613328247087016,0.0073519609506546325,0.20877192982456141,0.02280701754385965,0.0,0.0,2.186379928315412,5.0,0.021052631578947368,0.17017543859649123,4.975438596491228,0.19726797771584195,0.6268306971294669,0.002877237704823912,4.179802955665025,0.7396818318656306,0.0859649122807017,0.3385964912280702,0.3716666666666666,1.1082578749628738,30,False,1322.0
3,paper,paper_7,7,30,3855972529,2176495652,"[14, 65, 83, 86, 105, 122, 142, 151, 162, 164, 172, 187, 192, 197, 206, 259, 266, 284, 346, 387, 412, 485, 486, 495, 500, 517, 518, 533, 554, 587]","[241, 466, 183, 173, 343, 399, 87, 213, 81, 574, 34, 1, 388, 440, 437, 190, 112, 274, 509, 339, 76, 3, 216, 238, 398, 36, 25, 131, 483, 340]",600,30,0.7,,,,,2.0,0.005,,,3.9816666666666665,0.5542175817175992,0.9716666666666667,0.11,3.8333333333333335,0.001612150265694913,0.005613307066720789,0.17894736842105263,0.015789473684210527,0.0,0.0,2.3052064631956912,5.0,0.02280701754385965,0.09298245614035087,3.710526315789474,0.17001825477255725,0.6748990226004379,0.003156358328772122,4.852873563218391,0.7310484460223152,0.0631578947368421,0.1245614035087719,0.1683333333333333,1.0650327500188723,30,False,1134.0
3,paper,paper_7,7,31,3855972529,36334736,"[10, 18, 62, 79, 100, 121, 149, 182, 185, 230, 231, 261, 265, 273, 276, 324, 350, 360, 376, 388, 400, 417, 420, 438, 445, 468, 539, 569, 594, 595]","[78, 33, 474, 345, 455, 277, 568, 96, 101, 62, 391, 537, 134, 66, 395, 369, 297, 208, 311, 446, 276, 102, 490, 544, 433, 111, 392, 329, 249, 5]",600,30,0.7,,,,,2.0,0.005,,,3.9816666666666665,0.5542175817175992,0.9716666666666667,0.11,4.8,0.0019491492044665926,0.0077499287964310085,0.22280701754385965,0.021052631578947368,0.0017543859649122807,0.0,2.1597845601436267,5.0,0.02280701754385965,0.14736842105263157,4.568421052631579,0.20561768445148773,0.6051552431165788,0.0032435380711242777,4.540229885057471,0.7085474203338995,0.0649122807017543,0.1017543859649122,0.1466666666666666,0.9559120000340044,28,True,1168.0
3,paper,paper_7,7,32,3855972529,380539202,"[5, 17, 19, 26, 43, 74, 97, 116, 124, 135, 157, 172, 174, 236, 355, 392, 400, 454, 456, 459, 467, 472, 496, 509, 529, 538, 550, 558, 572, 588]","[443, 550, 485, 209, 532, 268, 123, 409, 23, 356, 351, 34, 450, 187, 464, 270, 276, 405, 350, 508, 193, 499, 223, 189, 37, 43, 341, 524, 413, 77]",600,30,0.7,,,,,2.0,0.005,,,3.9816666666666665,0.5542175817175992,0.9716666666666667,0.11,3.533333333333333,0.0015437747949925509,0.004484743636625185,0.17017543859649123,0.015789473684210527,0.0,0.0,2.3087971274685817,5.0,0.02280701754385965,0.06140350877192982,3.498245614035088,0.16558312951512302,0.6890574414947739,0.0024020168847755058,5.12183908045977,0.6921522091423208,0.0701754385964912,0.1719298245614035,0.2133333333333333,1.0177991249365732,30,False,1194.0
3,paper,paper_7,7,33,3855972529,3880437261,"[25, 66, 76, 101, 122, 123, 137, 146, 149, 151, 156, 174, 212, 219, 267, 280, 315, 336, 341, 389, 399, 444, 506, 516, 537, 542, 550, 551, 560, 565]","[285, 476, 320, 27, 399, 253, 549, 218, 568, 213, 584, 450, 386, 45, 561, 488, 118, 301, 42, 196, 227, 146, 597, 251, 348, 552, 341, 510, 449, 155]",600,30,0.7,,,,,2.0,0.005,,,3.9816666666666665,0.5542175817175992,0.9716666666666667,0.11,4.6,0.0018622111609218944,0.008637311958417725,0.20175438596491227,0.02631578947368421,0.0,0.0,2.215439856373429,5.0,0.02280701754385965,0.14210526315789473,4.514035087719298,0.18946098664995709,0.6381031665279191,0.003873862408345167,4.67816091954023,0.7078549711476768,0.0526315789473684,0.1403508771929824,0.1833333333333333,0.8680964160012081,26,True,1188.0
3,paper,paper_7,7,34,3855972529,8354509,"[5, 8, 13, 34, 42, 65, 88, 125, 129, 133, 148, 152, 178, 189, 198, 213, 223, 274, 278, 285, 314, 318, 385, 400, 406, 419, 507, 523, 533, 536]","[443, 175, 521, 529, 279, 466, 591, 234, 362, 327, 487, 559, 467, 581, 172, 80, 162, 346, 217, 541, 244, 438, 286, 276, 105, 99, 468, 104, 131, 394]",600,30,0.7,,,,,2.0,0.005,,,3.9816666666666665,0.5542175817175992,0.9716666666666667,0.11,4.0,0.0016476726569086956,0.005473615171282315,0.18947368421052632,0.01929824561403509,0.0017543859649122807,0.0,2.2903225806451615,5.0,0.021052631578947368,0.1368421052631579,4.301754385964912,0.1803157123221482,0.6576264915363981,0.0034026063336408162,4.586206896551724,0.7000931457994134,0.0578947368421052,0.1982456140350877,0.2383333333333333,0.9660570420091972,29,True,1234.0
3,paper,paper_7,7,35,3855972529,1058574385,"[0, 4, 9, 14, 25, 58, 93, 129, 147, 200, 206, 208, 272, 312, 322, 335, 343, 364, 400, 446, 449, 477, 478, 514, 523, 543, 550, 554, 573, 574]","[4, 316, 390, 241, 285, 306, 520, 362, 538, 282, 437, 255, 563, 542, 157, 560, 46, 72, 276, 319, 530, 115, 206, 305, 104, 91, 341, 483, 113, 594]",600,30,0.7,,,,,2.0,0.005,,,3.9816666666666665,0.5542175817175992,0.9716666666666667,0.11,3.7333333333333334,0.001554147322037271,0.004311709008487063,0.17192982456140352,0.014035087719298246,0.0,0.0,2.2992831541218637,5.0,0.021052631578947368,0.10175438596491228,4.201754385964913,0.16555677427095197,0.686226991027657,0.0024192665571975912,4.539408866995074,0.7321911189963479,0.0491228070175438,0.1175438596491228,0.1616666666666666,0.6985576250590384,20,True,1142.0
3,paper,paper_7,7,36,3855972529,179877293,"[13, 59, 61, 80, 104, 120, 122, 129, 137, 142, 163, 184, 196, 228, 264, 332, 351, 374, 414, 434, 454, 472, 507, 534, 536, 540, 544, 568, 586, 593]","[521, 540, 360, 124, 322, 271, 399, 362, 549, 87, 127, 103, 376, 461, 26, 494, 436, 527, 546, 571, 405, 499, 468, 328, 394, 264, 142, 145, 71, 570]",600,30,0.7,,,,,2.0,0.005,,,3.9816666666666665,0.5542175817175992,0.9716666666666667,0.11,4.0,0.0016651435023676364,0.006187632711427511,0.17894736842105263,0.017543859649122806,0.0035087719298245615,0.0,2.2903225806451615,5.0,0.021052631578947368,0.11754385964912281,4.082456140350877,0.17034998763864012,0.6747818579841519,0.004803810493465665,4.667487684729064,0.6617102467968121,0.0666666666666666,0.1122807017543859,0.1566666666666666,1.029036666965112,30,False,1150.0
3,paper,paper_7,7,37,3855972529,1752804755,"[23, 33, 60, 70, 76, 142, 160, 162, 170, 180, 202, 212, 253, 259, 288, 305, 309, 314, 315, 385, 395, 402, 420, 423, 428, 454, 478, 487, 532, 572]","[295, 273, 471, 110, 320, 87, 58, 81, 6, 75, 522, 386, 469, 190, 539, 94, 567, 244, 118, 286, 585, 299, 490, 260, 371, 405, 206, 239, 430, 413]",600,30,0.7,,,,,2.0,0.005,,,3.9816666666666665,0.5542175817175992,0.9716666666666667,0.11,3.466666666666667,0.001468127374618218,0.004135689162108911,0.1543859649122807,0.021052631578947368,0.0,0.0,2.3842010771992816,5.0,0.02280701754385965,0.07719298245614035,3.5982456140350876,0.15305616825398688,0.7154503129528567,0.0038496050565016084,4.928735632183908,0.6973864631441061,0.0631578947368421,0.1210526315789473,0.165,0.9700870829401538,30,False,1162.0
3,paper,paper_7,7,38,3855972529,3899543993,"[6, 28, 60, 130, 164, 167, 170, 190, 228, 247, 250, 270, 273, 301, 327, 365, 374, 439, 456, 470, 472, 484, 527, 533, 535, 542, 556, 570, 572, 594]","[512, 266, 471, 88, 574, 248, 6, 228, 461, 246, 220, 314, 66, 281, 152, 368, 527, 188, 350, 416, 499, 513, 56, 131, 265, 552, 321, 205, 413, 249]",600,30,0.7,,,,,2.0,0.005,,,3.9816666666666665,0.5542175817175992,0.9716666666666667,0.11,3.1333333333333333,0.0013946946639019377,0.0035418390974376935,0.15087719298245614,0.010526315789473684,0.0,0.0,2.412186379928315,5.0,0.021052631578947368,0.05789473684210526,3.405263157894737,0.1481556905510194,0.721351709678414,0.0018236552719311338,4.9507389162561575,0.7553845938709867,0.0631578947368421,0.1228070175438596,0.1666666666666666,0.8380517079494894,25,True,1160.0
3,paper,paper_7,7,39,3855972529,2964336677,"[6, 15, 28, 84, 93, 128, 150, 168, 203, 234, 248, 272, 276, 286, 329, 335, 357, 373, 399, 403, 438, 474, 476, 491, 511, 517, 519, 562, 570, 576]","[512, 445, 266, 389, 520, 506, 462, 154, 365, 135, 153, 563, 395, 358, 441, 560, 315, 10, 227, 59, 544, 577, 505, 393, 300, 36, 261, 592, 205, 307]",600,30,0.7,,,,,2.0,0.005,,,3.9816666666666665,0.5542175817175992,0.9716666666666667,0.11,3.7666666666666666,0.0015609340211260511,0.005254269265993285,0.17017543859649123,0.012280701754385965,0.0017543859649122807,0.0,2.3059033989266546,5.0,0.01929824561403509,0.10175438596491228,4.107017543859649,0.16133250428626186,0.6892547713748343,0.002480329376881101,4.582010582010582,0.7917532594045031,0.0614035087719298,0.0859649122807017,0.1316666666666666,0.9674127919133751,30,False,1138.0
3,paper,paper_7,7,40,3855972529,2526878091,"[6, 10, 26, 54, 122, 125, 133, 134, 157, 187, 201, 207, 245, 286, 355, 360, 366, 384, 390, 395, 423, 473, 501, 509, 524, 548, 549, 550, 574, 591]","[512, 78, 209, 194, 399, 234, 327, 492, 351, 1, 454, 342, 185, 358, 464, 208, 226, 224, 435, 585, 260, 191, 519, 189, 588, 179, 290, 341, 594, 29]",600,30,0.7,,,,,2.0,0.005,,,3.9816666666666665,0.5542175817175992,0.9716666666666667,0.11,3.8666666666666667,0.0016325995284905603,0.0055188395437266455,0.17719298245614035,0.014035087719298246,0.0017543859649122807,0.0,2.238779174147217,4.0,0.02280701754385965,0.07719298245614035,3.975438596491228,0.16988729091531088,0.6775629759812537,0.0027040520143968415,4.8436781609195405,0.6637244802658968,0.0701754385964912,0.1947368421052631,0.235,0.9862056249985472,30,False,1210.0
3,paper,paper_7,7,41,3855972529,505065265,"[2, 15, 21, 46, 48, 120, 124, 155, 163, 167, 261, 262, 278, 310, 315, 317, 320, 322, 329, 341, 373, 383, 431, 507, 515, 549, 555, 571, 596, 599]","[137, 445, 370, 262, 117, 271, 23, 353, 127, 248, 537, 149, 217, 367, 118, 267, 397, 157, 441, 42, 10, 383, 180, 468, 456, 290, 432, 326, 420, 63]",600,30,0.7,,,,,2.0,0.005,,,3.9816666666666665,0.5542175817175992,0.9716666666666667,0.11,4.133333333333334,0.0017024661827783592,0.004872623037713944,0.18947368421052632,0.010526315789473684,0.0,0.0,2.2652329749103943,5.0,0.021052631578947368,0.10526315789473684,3.942105263157895,0.1763241565125156,0.6578176548577066,0.0017241379310344827,4.773399014778325,0.6711961669922301,0.0543859649122807,0.1,0.145,0.8177562919445336,25,True,1158.0
3,paper,paper_7,7,42,3855972529,1628895355,"[7, 18, 19, 45, 47, 54, 91, 151, 201, 211, 249, 252, 299, 301, 342, 352, 384, 401, 441, 456, 459, 469, 487, 509, 527, 534, 542, 543, 562, 599]","[2, 33, 485, 590, 338, 194, 70, 213, 454, 57, 247, 555, 593, 281, 89, 586, 224, 17, 201, 350, 508, 167, 239, 189, 56, 328, 552, 91, 592, 63]",600,30,0.7,,,,,2.0,0.005,,,3.9816666666666665,0.5542175817175992,0.9716666666666667,0.11,4.2,0.0017614302672108457,0.005324994646634845,0.18947368421052632,0.014035087719298246,0.0017543859649122807,0.0,2.2423698384201076,5.0,0.02280701754385965,0.10350877192982456,4.21578947368421,0.1770109406741323,0.6577744889464434,0.0035797216831699587,4.597701149425287,0.7217226109927772,0.0649122807017543,0.1245614035087719,0.1683333333333333,0.9406770420027896,30,False,1180.0
3,paper,paper_7,7,43,3855972529,1683250396,"[56, 101, 158, 177, 182, 193, 194, 226, 257, 258, 292, 348, 372, 376, 381, 389, 398, 415, 451, 486, 487, 494, 504, 516, 541, 543, 567, 573, 578, 596]","[166, 27, 151, 448, 96, 385, 293, 82, 9, 500, 572, 425, 452, 311, 163, 196, 212, 491, 312, 216, 239, 90, 106, 251, 402, 91, 410, 113, 518, 420]",600,30,0.7,,,,,2.0,0.005,,,3.9816666666666665,0.5542175817175992,0.9716666666666667,0.11,4.533333333333333,0.001840776975456054,0.007736948494105108,0.20175438596491227,0.014035087719298246,0.0017543859649122807,0.0,2.208258527827648,5.0,0.02280701754385965,0.15789473684210525,4.724561403508772,0.18722010095932076,0.6381339993216786,0.0021552904311525002,4.422988505747126,0.7501503398692013,0.0684210526315789,0.1736842105263158,0.215,0.97776029095985,30,False,1210.0
3,paper,paper_7,7,44,3855972529,593223988,"[5, 36, 52, 63, 67, 81, 113, 133, 134, 162, 200, 201, 213, 227, 275, 284, 304, 315, 325, 336, 337, 400, 440, 481, 486, 492, 568, 586, 595, 597]","[443, 556, 68, 598, 16, 366, 200, 327, 492, 81, 282, 454, 80, 533, 352, 274, 0, 118, 404, 301, 565, 276, 114, 125, 216, 575, 145, 71, 5, 548]",600,30,0.7,,,,,2.0,0.005,,,3.9816666666666665,0.5542175817175992,0.9716666666666667,0.11,4.8,0.001945230032459755,0.007179124840858438,0.20175438596491227,0.017543859649122806,0.0017543859649122807,0.0,2.192100538599641,4.0,0.02280701754385965,0.13333333333333333,4.582456140350877,0.18762465243141313,0.6381833317916936,0.0036961155064603344,4.381609195402299,0.7242501823392553,0.0614035087719298,0.0929824561403508,0.1383333333333333,1.0609836250077933,30,False,1130.0
3,paper,paper_7,7,45,3855972529,2385336234,"[11, 43, 80, 92, 164, 165, 184, 205, 215, 225, 228, 238, 285, 288, 296, 306, 385, 403, 418, 433, 436, 460, 476, 481, 504, 531, 571, 574, 575, 576]","[303, 532, 124, 256, 574, 170, 103, 310, 566, 263, 461, 480, 541, 539, 429, 197, 286, 59, 511, 182, 599, 378, 505, 125, 106, 259, 326, 594, 543, 307]",600,30,0.7,,,,,2.0,0.005,,,3.9816666666666665,0.5542175817175992,0.9716666666666667,0.11,3.6666666666666665,0.0015431021763986077,0.005103748536700006,0.17543859649122806,0.014035087719298246,0.0,0.0,2.2621184919210053,5.0,0.02280701754385965,0.08771929824561403,3.9614035087719297,0.16808993036055328,0.6804982579471526,0.0019776009431181846,4.917241379310345,0.7467512080276713,0.0596491228070175,0.0859649122807017,0.1316666666666666,1.1211619999958202,30,False,1144.0
3,paper,paper_7,7,46,3855972529,3617354828,"[20, 25, 47, 62, 71, 131, 140, 199, 201, 215, 217, 236, 242, 245, 267, 273, 276, 285, 346, 363, 371, 382, 411, 429, 511, 512, 519, 554, 559, 576]","[254, 285, 338, 474, 313, 147, 284, 160, 454, 566, 242, 187, 53, 185, 561, 66, 395, 541, 509, 222, 354, 534, 493, 424, 300, 384, 261, 483, 65, 307]",600,30,0.7,,,,,2.0,0.005,,,3.9816666666666665,0.5542175817175992,0.9716666666666667,0.11,3.7,0.0015695668362920192,0.0052184866618501975,0.1736842105263158,0.010526315789473684,0.0,0.0,2.341681574239714,5.0,0.01929824561403509,0.08421052631578947,3.7719298245614037,0.1623930143051752,0.6835568710880893,0.001769775562879011,4.9338624338624335,0.7969875134062885,0.0701754385964912,0.1508771929824561,0.1933333333333333,0.962191249942407,30,False,1166.0
3,paper,paper_7,7,47,3855972529,3793610251,"[59, 61, 74, 82, 96, 128, 166, 173, 175, 196, 213, 241, 252, 288, 299, 326, 353, 361, 382, 393, 398, 449, 491, 494, 503, 523, 545, 550, 556, 597]","[540, 360, 268, 447, 497, 506, 156, 15, 44, 376, 80, 21, 555, 539, 593, 28, 486, 562, 534, 74, 212, 530, 393, 90, 596, 104, 421, 341, 321, 548]",600,30,0.7,,,,,2.0,0.005,,,3.9816666666666665,0.5542175817175992,0.9716666666666667,0.11,3.7333333333333334,0.0015994783887710979,0.004331435249092478,0.16666666666666666,0.014035087719298246,0.0017543859649122807,0.0,2.3530465949820787,5.0,0.021052631578947368,0.08596491228070176,3.8017543859649123,0.16060715832769487,0.6949650047790831,0.0030925013683634375,4.738916256157635,0.6412234545774809,0.0543859649122807,0.1526315789473684,0.195,1.2253198749385774,30,False,1184.0
3,paper,paper_7,7,48,3855972529,4094720666,"[1, 24, 27, 30, 32, 53, 89, 148, 185, 205, 212, 215, 221, 225, 331, 346, 347, 381, 386, 450, 461, 478, 479, 504, 507, 509, 537, 556, 565, 568]","[482, 50, 250, 525, 214, 211, 85, 487, 101, 310, 386, 566, 150, 263, 38, 509, 359, 163, 7, 403, 8, 206, 414, 106, 468, 189, 348, 321, 155, 145]",600,30,0.7,,,,,2.0,0.005,,,3.9816666666666665,0.5542175817175992,0.9716666666666667,0.11,4.066666666666666,0.0016671183240306714,0.006728426723287319,0.1824561403508772,0.015789473684210527,0.0017543859649122807,0.0,2.2800718132854576,5.0,0.02280701754385965,0.11052631578947368,4.163157894736842,0.17357765510445874,0.6690592914623994,0.0037565563427632387,4.657471264367816,0.735590250837878,0.0649122807017543,0.1421052631578947,0.185,1.2586173750460148,30,False,1206.0
3,paper,paper_7,7,49,3855972529,1230184324,"[0, 3, 5, 22, 48, 76, 83, 112, 138, 162, 165, 238, 246, 255, 286, 290, 298, 317, 349, 371, 384, 399, 437, 448, 449, 510, 511, 537, 547, 575]","[4, 408, 443, 361, 117, 320, 183, 97, 459, 81, 170, 480, 83, 232, 358, 51, 332, 267, 204, 354, 224, 227, 126, 93, 530, 582, 300, 348, 283, 543]",600,30,0.7,,,,,2.0,0.005,,,3.9816666666666665,0.5542175817175992,0.9716666666666667,0.11,4.0,0.0016736450186255704,0.005172725846489894,0.19298245614035087,0.014035087719298246,0.0,0.0,2.2333931777378817,5.0,0.02280701754385965,0.0824561403508772,4.098245614035088,0.18103505595691596,0.6520272561896834,0.004006568144499179,4.763218390804598,0.6835188232990054,0.0789473684210526,0.1526315789473684,0.195,1.214147667051293,29,True,1184.0
3,paper,paper_8,8,0,2178554175,1532667282,"[18, 22, 31, 46, 50, 112, 125, 164, 166, 214, 217, 233, 235, 285, 287, 301, 317, 334, 356, 400, 413, 435, 447, 464, 474, 487, 511, 519, 563, 572]","[225, 104, 261, 566, 519, 577, 265, 153, 131, 112, 214, 421, 341, 482, 312, 596, 325, 103, 434, 580, 572, 8, 36, 129, 579, 504, 322, 324, 564, 339]",600,30,0.7,,,,,2.0,0.005,,,3.295,0.5401544900739599,0.9583333333333334,0.10333333333333333,3.4,0.001747078904652366,0.005633680351441502,0.14210526315789473,0.014035087719298246,0.0017543859649122807,0.0,2.6073394495412843,5.0,0.043859649122807015,0.04736842105263158,2.1596491228070174,0.13941783677021502,0.7363672802392625,0.003985586571793469,5.88735632183908,0.6447666680593881,0.0491228070175438,0.0578947368421052,0.105,0.8824106670217589,28,True,1046.0
3,paper,paper_8,8,1,2178554175,3668950438,"[3, 41, 51, 69, 107, 129, 139, 144, 168, 219, 234, 245, 292, 299, 314, 315, 338, 365, 387, 400, 401, 415, 424, 470, 492, 504, 547, 572, 584, 591]","[472, 426, 541, 370, 427, 239, 227, 486, 29, 305, 90, 154, 373, 172, 31, 290, 21, 226, 530, 580, 115, 396, 480, 349, 289, 183, 117, 339, 60, 192]",600,30,0.7,,,,,2.0,0.005,,,3.295,0.5401544900739599,0.9583333333333334,0.10333333333333333,3.2666666666666666,0.0016428339076383879,0.006180218016378959,0.15964912280701754,0.008771929824561403,0.0,0.0,2.5018248175182483,6.0,0.03859649122807018,0.028070175438596492,2.187719298245614,0.1511778558072479,0.7068417969352203,0.0016101905757078172,5.404558404558404,0.7043301372555911,0.0543859649122807,0.0912280701754386,0.1366666666666666,0.9541746670147404,30,False,1036.0
3,paper,paper_8,8,2,2178554175,3955167592,"[4, 18, 24, 27, 44, 135, 158, 175, 206, 208, 242, 258, 284, 319, 341, 352, 368, 371, 379, 390, 400, 405, 452, 489, 490, 493, 494, 498, 544, 552]","[287, 225, 81, 314, 591, 383, 105, 37, 592, 164, 432, 409, 270, 108, 241, 74, 168, 463, 194, 521, 580, 559, 505, 102, 150, 436, 209, 301, 376, 363]",600,30,0.7,,,,,2.0,0.005,,,3.295,0.5401544900739599,0.9583333333333334,0.10333333333333333,3.1666666666666665,0.001630428395245051,0.006599346735721768,0.1456140350877193,0.007017543859649123,0.0,0.0,2.565137614678899,6.0,0.043859649122807015,0.031578947368421054,2.06140350877193,0.1413598080877477,0.7304412172786976,0.0016904678973644492,5.698850574712644,0.6745484026574896,0.0403508771929824,0.0649122807017543,0.1116666666666666,0.9572299160063268,30,False,1030.0
3,paper,paper_8,8,3,2178554175,795936497,"[13, 22, 26, 37, 52, 74, 87, 91, 129, 134, 159, 240, 264, 277, 302, 320, 326, 329, 346, 363, 416, 429, 437, 442, 467, 523, 537, 549, 590, 598]","[345, 104, 125, 498, 20, 430, 371, 531, 239, 488, 585, 176, 235, 594, 274, 419, 565, 175, 114, 417, 160, 100, 589, 275, 293, 211, 503, 167, 88, 163]",600,30,0.7,,,,,2.0,0.005,,,3.295,0.5401544900739599,0.9583333333333334,0.10333333333333333,3.7666666666666666,0.0018497379624945252,0.00895533342673128,0.16666666666666666,0.021052631578947368,0.0,0.0,2.436697247706422,6.0,0.043859649122807015,0.06842105263157895,2.743859649122807,0.1633172085202322,0.6948848395153084,0.004171683999270206,5.289655172413793,0.660363928746828,0.0807017543859649,0.1280701754385965,0.1716666666666666,1.0463575000176206,29,True,1048.0
3,paper,paper_8,8,4,2178554175,160153653,"[55, 91, 95, 104, 143, 163, 187, 202, 208, 213, 226, 241, 326, 330, 367, 392, 398, 402, 406, 408, 429, 445, 481, 487, 488, 519, 553, 559, 564, 578]","[208, 531, 247, 10, 158, 320, 306, 439, 164, 461, 548, 196, 565, 124, 120, 527, 381, 328, 599, 288, 100, 91, 4, 504, 234, 324, 98, 539, 132, 303]",600,30,0.7,,,,,2.0,0.005,,,3.295,0.5401544900739599,0.9583333333333334,0.10333333333333333,3.466666666666667,0.001738895779951958,0.006397850107431573,0.16140350877192983,0.008771929824561403,0.0017543859649122807,0.0,2.451376146788991,6.0,0.043859649122807015,0.05263157894736842,2.4456140350877194,0.15590384878931976,0.7036906854130053,0.003032293377120963,5.31264367816092,0.6418579888587284,0.0736842105263157,0.156140350877193,0.1983333333333333,0.9530706660589204,30,False,1080.0
3,paper,paper_8,8,5,2178554175,2690801068,"[11, 37, 58, 61, 66, 86, 104, 121, 156, 179, 194, 202, 229, 231, 264, 265, 303, 304, 341, 404, 419, 467, 489, 522, 527, 528, 536, 545, 572, 590]","[152, 498, 63, 485, 277, 474, 10, 237, 443, 171, 92, 439, 161, 253, 235, 273, 267, 535, 241, 428, 481, 293, 102, 3, 569, 159, 64, 281, 339, 88]",600,30,0.7,,,,,2.0,0.005,,,3.295,0.5401544900739599,0.9583333333333334,0.10333333333333333,3.1,0.001588008577169133,0.005745958513197171,0.14210526315789473,0.014035087719298246,0.0,0.0,2.611009174311927,6.0,0.043859649122807015,0.04035087719298246,2.289473684210526,0.14327769853345587,0.7361822834767058,0.0028817733990147785,5.374712643678161,0.6681625590905479,0.0596491228070175,0.0964912280701754,0.1416666666666666,0.9856583749642596,30,False,1020.0
3,paper,paper_8,8,6,2178554175,1895366478,"[1, 16, 57, 68, 87, 90, 139, 254, 256, 261, 271, 293, 305, 311, 320, 329, 357, 361, 366, 368, 382, 418, 429, 443, 486, 508, 539, 573, 576, 589]","[332, 30, 394, 552, 371, 499, 227, 411, 191, 458, 410, 553, 56, 156, 419, 175, 233, 327, 188, 168, 581, 523, 100, 353, 356, 223, 212, 45, 95, 18]",600,30,0.7,,,,,2.0,0.005,,,3.295,0.5401544900739599,0.9583333333333334,0.10333333333333333,3.8333333333333335,0.0019402785180311155,0.008855431121001685,0.17192982456140352,0.01929824561403509,0.0,0.0,2.441818181818182,6.0,0.03508771929824561,0.06666666666666667,2.7228070175438597,0.16610384560412192,0.6862208244689051,0.003670862981207809,4.843304843304844,0.7020469548569008,0.0684210526315789,0.1087719298245614,0.1533333333333333,0.9179423329187556,28,True,1048.0
3,paper,paper_8,8,7,2178554175,1712707458,"[33, 46, 65, 78, 100, 108, 113, 128, 133, 143, 150, 180, 181, 208, 221, 232, 265, 270, 290, 299, 352, 418, 420, 424, 451, 453, 492, 527, 552, 592]","[248, 566, 475, 446, 561, 555, 515, 311, 27, 158, 398, 268, 483, 164, 61, 375, 273, 165, 467, 172, 74, 523, 462, 480, 278, 1, 289, 569, 363, 478]",600,30,0.7,,,,,2.0,0.005,,,3.295,0.5401544900739599,0.9583333333333334,0.10333333333333333,3.2,0.0016081322856460946,0.006048705838227769,0.13333333333333333,0.021052631578947368,0.0035087719298245615,0.0,2.7412844036697246,6.0,0.043859649122807015,0.05964912280701754,2.3403508771929826,0.13601114195674466,0.7512780193013289,0.0059186279875935045,5.255172413793104,0.6293312005447879,0.0456140350877193,0.1157894736842105,0.16,0.8539225410204381,26,True,1052.0
3,paper,paper_8,8,8,2178554175,215114892,"[1, 7, 41, 55, 78, 83, 89, 91, 93, 101, 138, 179, 209, 212, 228, 237, 252, 306, 317, 376, 379, 408, 423, 432, 449, 535, 556, 560, 562, 572]","[332, 557, 426, 208, 446, 52, 487, 531, 330, 291, 68, 171, 560, 442, 137, 193, 508, 540, 325, 573, 194, 288, 473, 574, 9, 219, 133, 502, 545, 339]",600,30,0.7,,,,,2.0,0.005,,,3.295,0.5401544900739599,0.9583333333333334,0.10333333333333333,3.433333333333333,0.0017377559607158726,0.00808991534667402,0.156140350877193,0.010526315789473684,0.0,0.0,2.4788990825688075,6.0,0.043859649122807015,0.05263157894736842,2.254385964912281,0.15062232432272044,0.7126506952794993,0.0021693951004295832,5.666666666666667,0.6667497723137698,0.0578947368421052,0.0701754385964912,0.1166666666666666,0.8468620410421863,26,True,1044.0
3,paper,paper_8,8,9,2178554175,2757838747,"[20, 69, 108, 133, 170, 172, 185, 217, 224, 233, 240, 245, 248, 254, 264, 270, 291, 354, 358, 372, 413, 441, 442, 487, 488, 509, 517, 521, 542, 594]","[207, 370, 555, 27, 128, 576, 34, 214, 82, 421, 176, 154, 534, 411, 235, 165, 315, 343, 147, 489, 572, 595, 275, 504, 234, 294, 122, 218, 72, 0]",600,30,0.7,,,,,2.0,0.005,,,3.295,0.5401544900739599,0.9583333333333334,0.10333333333333333,3.2666666666666666,0.0016691396312997616,0.005854480708176919,0.14912280701754385,0.015789473684210527,0.0,0.0,2.63003663003663,6.0,0.042105263157894736,0.043859649122807015,2.1543859649122807,0.14731155799225448,0.7243486572318317,0.0025589225589225583,5.571428571428571,0.6942483245131807,0.0666666666666666,0.0912280701754386,0.1366666666666666,0.9462736659916118,29,True,1038.0
3,paper,paper_8,8,10,2178554175,3169421840,"[47, 78, 99, 117, 119, 128, 142, 171, 177, 178, 186, 189, 195, 277, 288, 323, 334, 379, 407, 410, 419, 450, 475, 527, 541, 544, 549, 550, 554, 561]","[14, 446, 418, 550, 96, 311, 32, 41, 590, 143, 145, 445, 201, 594, 39, 416, 103, 194, 316, 420, 481, 179, 511, 569, 310, 376, 167, 542, 222, 374]",600,30,0.7,,,,,2.0,0.005,,,3.295,0.5401544900739599,0.9583333333333334,0.10333333333333333,3.433333333333333,0.0017092631151750168,0.007288704775503011,0.15263157894736842,0.021052631578947368,0.0,0.0,2.567765567765568,6.0,0.042105263157894736,0.056140350877192984,2.482456140350877,0.15160120181009315,0.7183670952425,0.0039782886334610475,5.221674876847291,0.6845299232331138,0.0561403508771929,0.0982456140350877,0.1433333333333333,1.0002483340213075,30,True,1034.0
3,paper,paper_8,8,11,2178554175,2498997456,"[15, 19, 35, 54, 59, 65, 112, 116, 119, 126, 137, 148, 176, 323, 372, 384, 408, 423, 427, 431, 437, 449, 450, 453, 488, 536, 545, 560, 589, 594]","[407, 424, 382, 199, 184, 475, 577, 242, 96, 528, 514, 336, 425, 416, 489, 479, 288, 473, 110, 101, 589, 9, 179, 1, 234, 64, 281, 502, 18, 0]",600,30,0.7,,,,,2.0,0.005,,,3.295,0.5401544900739599,0.9583333333333334,0.10333333333333333,3.8,0.0018739702073331994,0.00790368256193822,0.1649122807017544,0.014035087719298246,0.0,0.0,2.5009174311926605,6.0,0.043859649122807015,0.07368421052631578,2.556140350877193,0.15972240969040927,0.6978447877162149,0.002519415450449933,5.305747126436781,0.662021614343549,0.0719298245614035,0.1122807017543859,0.1566666666666666,0.9912547500571236,30,False,1022.0
3,paper,paper_8,8,12,2178554175,1345131793,"[38, 56, 70, 72, 77, 96, 100, 104, 107, 108, 146, 167, 188, 199, 216, 275, 316, 317, 343, 347, 350, 355, 358, 361, 437, 439, 470, 489, 501, 506]","[121, 500, 401, 149, 414, 76, 561, 10, 427, 555, 202, 220, 282, 440, 522, 83, 392, 325, 249, 213, 583, 300, 147, 327, 589, 406, 349, 102, 588, 340]",600,30,0.7,,,,,2.0,0.005,,,3.295,0.5401544900739599,0.9583333333333334,0.10333333333333333,3.2,0.0016399600117465397,0.006092536730759751,0.1543859649122807,0.010526315789473684,0.0,0.0,2.5255474452554743,5.0,0.03859649122807018,0.02982456140350877,2.150877192982456,0.1482851023795159,0.715542811334135,0.0023526728699142492,5.421652421652421,0.7098455852006208,0.0561403508771929,0.1280701754385965,0.1716666666666666,0.986815584008582,30,False,1042.0
3,paper,paper_8,8,13,2178554175,4245310725,"[51, 67, 117, 124, 128, 132, 142, 157, 196, 198, 228, 231, 319, 326, 333, 356, 360, 390, 401, 402, 421, 422, 428, 429, 452, 461, 499, 524, 555, 591]","[541, 512, 550, 269, 311, 244, 32, 230, 284, 46, 137, 253, 108, 565, 217, 434, 53, 521, 115, 328, 279, 285, 352, 100, 505, 388, 151, 494, 276, 192]",600,30,0.7,,,,,2.0,0.005,,,3.295,0.5401544900739599,0.9583333333333334,0.10333333333333333,2.8333333333333335,0.0014655915916071795,0.004962519121051828,0.12280701754385964,0.01929824561403509,0.0017543859649122807,0.0,2.727605118829982,6.0,0.04035087719298246,0.03859649122807018,2.0596491228070177,0.1258708029987806,0.7695926987944378,0.005761888175681279,5.835978835978836,0.6895201665429602,0.0526315789473684,0.1122807017543859,0.1566666666666666,0.7881916669430211,24,True,1026.0
3,paper,paper_8,8,14,2178554175,1505615662,"[7, 11, 13, 49, 114, 188, 204, 210, 211, 285, 302, 312, 324, 345, 372, 389, 405, 407, 414, 442, 447, 465, 468, 488, 508, 509, 555, 556, 567, 580]","[557, 152, 345, 263, 413, 282, 354, 476, 198, 482, 274, 403, 586, 12, 489, 106, 559, 316, 173, 275, 36, 587, 177, 234, 223, 294, 276, 133, 271, 296]",600,30,0.7,,,,,2.0,0.005,,,3.295,0.5401544900739599,0.9583333333333334,0.10333333333333333,3.6666666666666665,0.0018581485293225712,0.006457186916340126,0.16666666666666666,0.012280701754385965,0.0,0.0,2.55045871559633,6.0,0.043859649122807015,0.04912280701754386,2.331578947368421,0.16145652480675657,0.6949218388678198,0.002117397289811083,5.574712643678161,0.6745484026574896,0.0631578947368421,0.1035087719298245,0.1483333333333333,0.989676749915816,30,False,1026.0
3,paper,paper_8,8,15,2178554175,2647067559,"[10, 27, 42, 58, 66, 77, 89, 90, 123, 183, 192, 193, 199, 203, 218, 256, 278, 280, 290, 331, 361, 395, 409, 422, 471, 473, 480, 518, 539, 599]","[524, 314, 496, 63, 277, 414, 487, 499, 554, 309, 28, 2, 440, 181, 347, 191, 75, 337, 467, 71, 327, 597, 369, 285, 451, 361, 238, 387, 212, 520]",600,30,0.7,,,,,2.0,0.005,,,3.295,0.5401544900739599,0.9583333333333334,0.10333333333333333,3.533333333333333,0.0017626530533845766,0.007573829811210344,0.1649122807017544,0.014035087719298246,0.0,0.0,2.5146520146520146,6.0,0.042105263157894736,0.056140350877192984,2.5157894736842104,0.1598812602643636,0.6978139549224556,0.0023754789272030655,5.115763546798029,0.7043301372555911,0.0631578947368421,0.1122807017543859,0.1566666666666666,0.9126244580838828,28,True,1046.0
3,paper,paper_8,8,16,2178554175,2237070157,"[0, 3, 8, 12, 49, 53, 82, 94, 99, 134, 246, 249, 261, 263, 331, 341, 347, 379, 391, 398, 403, 429, 433, 468, 487, 516, 520, 559, 586, 589]","[435, 472, 51, 334, 263, 526, 144, 84, 418, 488, 546, 452, 458, 189, 71, 241, 213, 194, 438, 381, 148, 100, 79, 177, 504, 7, 283, 539, 292, 18]",600,30,0.7,,,,,2.0,0.005,,,3.295,0.5401544900739599,0.9583333333333334,0.10333333333333333,3.433333333333333,0.0017108586048627673,0.008203775603100547,0.15789473684210525,0.017543859649122806,0.0017543859649122807,0.0,2.552919708029197,6.0,0.03859649122807018,0.056140350877192984,2.4456140350877194,0.1532439048487586,0.7096044152560663,0.0039901477832512315,5.0,0.7074006096290906,0.0631578947368421,0.0982456140350877,0.1433333333333333,0.8565241249743849,26,True,1030.0
3,paper,paper_8,8,17,2178554175,2181434014,"[4, 11, 31, 37, 49, 82, 91, 101, 113, 117, 125, 150, 218, 228, 234, 324, 349, 414, 435, 449, 452, 459, 478, 497, 503, 530, 539, 565, 584, 590]","[287, 152, 261, 498, 263, 144, 531, 291, 515, 550, 265, 398, 347, 137, 90, 586, 17, 173, 8, 9, 505, 25, 174, 135, 399, 50, 212, 169, 60, 88]",600,30,0.7,,,,,2.0,0.005,,,3.295,0.5401544900739599,0.9583333333333334,0.10333333333333333,3.466666666666667,0.0017241075285315325,0.007792325888214092,0.16666666666666666,0.007017543859649123,0.0017543859649122807,0.0,2.470695970695971,6.0,0.042105263157894736,0.04035087719298246,2.3035087719298244,0.15746618748928112,0.6951253353066321,0.0021008939974457214,5.364532019704433,0.7074006096290906,0.0614035087719298,0.0929824561403508,0.1383333333333333,0.8509311660891399,26,True,1022.0
3,paper,paper_8,8,18,2178554175,771812579,"[5, 62, 66, 108, 132, 134, 138, 172, 202, 204, 206, 235, 244, 246, 252, 254, 262, 267, 287, 314, 346, 354, 399, 403, 410, 429, 524, 536, 550, 558]","[464, 408, 277, 555, 244, 488, 68, 576, 439, 354, 592, 341, 86, 546, 508, 411, 518, 69, 312, 31, 114, 343, 447, 148, 420, 100, 494, 64, 542, 119]",600,30,0.7,,,,,2.0,0.005,,,3.295,0.5401544900739599,0.9583333333333334,0.10333333333333333,3.2333333333333334,0.0016339775623099122,0.007437853595258755,0.156140350877193,0.010526315789473684,0.0,0.0,2.508256880733945,6.0,0.043859649122807015,0.04912280701754386,2.319298245614035,0.15063839352182098,0.7125828631332285,0.0024958949096880135,5.436781609195402,0.6698202446872691,0.0649122807017543,0.1245614035087719,0.1683333333333333,0.9809550000354648,30,False,1072.0
3,paper,paper_8,8,19,2178554175,776373600,"[1, 3, 8, 26, 40, 49, 53, 104, 114, 145, 150, 166, 182, 208, 222, 226, 230, 232, 297, 342, 369, 397, 442, 446, 456, 484, 487, 549, 595, 596]","[332, 472, 51, 125, 372, 263, 526, 10, 413, 221, 398, 131, 389, 164, 254, 548, 335, 375, 338, 127, 116, 130, 275, 33, 182, 397, 504, 167, 62, 55]",600,30,0.7,,,,,2.0,0.005,,,3.295,0.5401544900739599,0.9583333333333334,0.10333333333333333,3.1333333333333333,0.0016257098291999658,0.005769609093640794,0.1543859649122807,0.007017543859649123,0.0,0.0,2.553113553113553,7.0,0.042105263157894736,0.028070175438596492,2.026315789473684,0.1470659602345915,0.7156168100391577,0.001746031746031746,5.687192118226601,0.6854175053747089,0.0614035087719298,0.1157894736842105,0.16,0.9724568329984322,30,True,1040.0
3,paper,paper_8,8,20,2178554175,3997671701,"[27, 32, 33, 49, 56, 86, 131, 141, 152, 172, 213, 244, 270, 272, 294, 319, 325, 342, 352, 355, 406, 427, 432, 438, 480, 484, 512, 574, 579, 598]","[314, 180, 248, 263, 500, 474, 262, 24, 386, 576, 461, 86, 165, 319, 477, 108, 563, 127, 74, 300, 599, 110, 574, 59, 238, 397, 364, 495, 232, 163]",600,30,0.7,,,,,2.0,0.005,,,3.295,0.5401544900739599,0.9583333333333334,0.10333333333333333,3.6666666666666665,0.0018308036929816885,0.00808465148785645,0.1736842105263158,0.007017543859649123,0.0017543859649122807,0.0,2.4761904761904763,6.0,0.042105263157894736,0.042105263157894736,2.2736842105263158,0.1629791595036057,0.6835383714118336,0.0018007662835249042,5.472906403940887,0.6854175053747089,0.0666666666666666,0.0982456140350877,0.1433333333333333,0.9977156670065596,30,False,1072.0
3,paper,paper_8,8,21,2178554175,3771805107,"[25, 42, 49, 57, 88, 101, 119, 175, 183, 224, 231, 245, 246, 276, 285, 300, 317, 340, 369, 379, 409, 424, 439, 451, 476, 506, 528, 548, 588, 590]","[6, 496, 263, 394, 178, 291, 96, 37, 309, 82, 253, 154, 546, 85, 482, 529, 325, 236, 116, 194, 369, 480, 406, 278, 298, 340, 159, 272, 77, 88]",600,30,0.7,,,,,2.0,0.005,,,3.295,0.5401544900739599,0.9583333333333334,0.10333333333333333,2.8333333333333335,0.0015102596971098225,0.004574376650319622,0.13508771929824562,0.007017543859649123,0.0,0.0,2.650273224043716,6.0,0.03684210526315789,0.02280701754385965,1.956140350877193,0.13263636854739147,0.7483735701291894,0.0016146688560481663,5.632478632478633,0.70267245165887,0.0526315789473684,0.0789473684210526,0.125,1.0025413749972358,30,False,1018.0
3,paper,paper_8,8,22,2178554175,2439460145,"[5, 7, 33, 47, 48, 113, 187, 262, 271, 294, 298, 334, 342, 359, 365, 370, 440, 447, 457, 471, 495, 498, 520, 527, 548, 555, 559, 565, 572, 581]","[464, 557, 248, 14, 231, 515, 306, 518, 410, 477, 431, 103, 127, 286, 226, 197, 65, 36, 395, 451, 47, 301, 283, 569, 272, 276, 539, 169, 339, 490]",600,30,0.7,,,,,2.0,0.005,,,3.295,0.5401544900739599,0.9583333333333334,0.10333333333333333,3.066666666666667,0.0016132659777398947,0.006298499451546051,0.1456140350877193,0.008771929824561403,0.0,0.0,2.5798165137614677,6.0,0.043859649122807015,0.03333333333333333,1.9666666666666666,0.1434208237696813,0.7303055529861561,0.0021483305966064586,5.767816091954023,0.6691947478852999,0.0561403508771929,0.0736842105263157,0.12,0.9988870830275118,30,True,1022.0
3,paper,paper_8,8,23,2178554175,2003560559,"[11, 12, 34, 35, 43, 99, 105, 111, 126, 147, 151, 186, 225, 253, 267, 322, 353, 362, 386, 420, 421, 432, 443, 488, 495, 506, 507, 541, 567, 594]","[152, 334, 493, 382, 205, 418, 66, 405, 528, 195, 538, 145, 455, 256, 69, 216, 155, 368, 433, 462, 279, 574, 353, 234, 47, 340, 333, 310, 271, 0]",600,30,0.7,,,,,2.0,0.005,,,3.295,0.5401544900739599,0.9583333333333334,0.10333333333333333,3.4,0.0016873801842745913,0.008048040184910524,0.1543859649122807,0.010526315789473684,0.0,0.0,2.553930530164534,6.0,0.04035087719298246,0.06315789473684211,2.4368421052631577,0.14761745596340686,0.7156168100391577,0.0019648295510364478,5.198412698412699,0.6478371404328874,0.0456140350877193,0.0982456140350877,0.1433333333333333,0.996770500089042,30,False,1030.0
3,paper,paper_8,8,24,2178554175,3898875870,"[2, 3, 22, 60, 74, 84, 88, 90, 103, 111, 200, 216, 219, 229, 257, 267, 294, 329, 333, 337, 354, 413, 425, 433, 445, 464, 470, 480, 499, 580]","[280, 472, 104, 400, 430, 266, 178, 499, 532, 405, 384, 522, 305, 161, 258, 69, 477, 175, 217, 295, 343, 572, 377, 79, 91, 129, 349, 238, 151, 296]",600,30,0.7,,,,,2.0,0.005,,,3.295,0.5401544900739599,0.9583333333333334,0.10333333333333333,3.3666666666666667,0.0017085784304474857,0.00792815742576146,0.1543859649122807,0.012280701754385965,0.0,0.0,2.5557586837294335,6.0,0.04035087719298246,0.042105263157894736,2.187719298245614,0.15052288788875443,0.7154564795116085,0.0022568874293012226,5.357142857142857,0.6644665899150791,0.0491228070175438,0.0719298245614035,0.1183333333333333,0.7253097499487922,21,True,1022.0
3,paper,paper_8,8,25,2178554175,584073158,"[4, 20, 33, 66, 70, 153, 159, 165, 178, 185, 216, 248, 286, 301, 310, 323, 342, 369, 370, 377, 397, 403, 428, 442, 467, 483, 488, 519, 525, 553]","[287, 207, 248, 277, 401, 516, 585, 329, 143, 34, 522, 534, 318, 596, 42, 416, 127, 116, 197, 366, 130, 148, 352, 275, 293, 251, 234, 324, 510, 98]",600,30,0.7,,,,,2.0,0.005,,,3.295,0.5401544900739599,0.9583333333333334,0.10333333333333333,3.1,0.0015759249968072587,0.006833780491150572,0.14736842105263157,0.008771929824561403,0.0,0.0,2.6556776556776556,6.0,0.042105263157894736,0.043859649122807015,2.1298245614035087,0.14400343143827893,0.727376437579009,0.0018609742747673782,5.6600985221674875,0.6870751909714301,0.0578947368421052,0.1122807017543859,0.1566666666666666,0.9784144579898566,25,True,1050.0
3,paper,paper_8,8,26,2178554175,450697235,"[23, 48, 68, 93, 103, 110, 117, 121, 139, 160, 163, 169, 175, 178, 180, 217, 239, 271, 274, 302, 328, 330, 342, 353, 364, 367, 395, 455, 530, 563]","[187, 231, 552, 330, 532, 317, 550, 237, 227, 391, 320, 469, 37, 143, 268, 214, 380, 410, 123, 274, 240, 124, 127, 155, 264, 120, 597, 113, 50, 564]",600,30,0.7,,,,,2.0,0.005,,,3.295,0.5401544900739599,0.9583333333333334,0.10333333333333333,3.1333333333333333,0.0016400773601966474,0.005797463702863895,0.14912280701754385,0.008771929824561403,0.0,0.0,2.501831501831502,6.0,0.042105263157894736,0.02280701754385965,2.163157894736842,0.14518870467815248,0.7243733234668394,0.0017551541689472723,5.603448275862069,0.6346848553169777,0.0561403508771929,0.1,0.145,1.3481193330371752,30,True,1054.0
3,paper,paper_8,8,27,2178554175,2799191194,"[17, 29, 53, 54, 68, 125, 143, 182, 186, 213, 234, 251, 264, 273, 290, 312, 327, 329, 343, 352, 364, 367, 383, 399, 459, 462, 504, 506, 533, 550]","[470, 593, 526, 199, 552, 265, 158, 389, 145, 461, 90, 35, 235, 138, 467, 403, 49, 175, 249, 74, 264, 120, 558, 447, 25, 549, 183, 340, 185, 542]",600,30,0.7,,,,,2.0,0.005,,,3.295,0.5401544900739599,0.9583333333333334,0.10333333333333333,3.8333333333333335,0.0018914655957625135,0.00905518638440537,0.18421052631578946,0.014035087719298246,0.0,0.0,2.399267399267399,5.0,0.042105263157894736,0.06140350877192982,2.635087719298246,0.17578670318707165,0.6661116763789967,0.0025260818364266644,5.078817733990148,0.6638410931131099,0.0649122807017543,0.1,0.145,1.134228124981746,24,True,1034.0
3,paper,paper_8,8,28,2178554175,2661724827,"[15, 30, 43, 65, 103, 127, 137, 141, 152, 182, 191, 194, 201, 202, 223, 227, 246, 264, 277, 295, 321, 324, 349, 358, 366, 419, 439, 486, 509, 554]","[407, 456, 205, 475, 532, 367, 514, 24, 386, 389, 423, 92, 22, 439, 67, 243, 546, 235, 594, 404, 454, 586, 17, 147, 188, 481, 406, 356, 294, 222]",600,30,0.7,,,,,2.0,0.005,,,3.295,0.5401544900739599,0.9583333333333334,0.10333333333333333,3.2333333333333334,0.0016313758878831964,0.00634920955875166,0.15263157894736842,0.014035087719298246,0.0035087719298245615,0.0,2.5685557586837295,7.0,0.04035087719298246,0.06315789473684211,2.354385964912281,0.14959397334328242,0.7184040945950112,0.004283972732248594,5.134920634920635,0.6620216143435491,0.0824561403508772,0.1456140350877193,0.1883333333333333,1.0713697919854894,30,False,1064.0
3,paper,paper_8,8,29,2178554175,3403396048,"[15, 26, 29, 58, 82, 89, 111, 133, 152, 157, 158, 161, 192, 219, 240, 293, 317, 320, 367, 369, 376, 431, 457, 460, 477, 488, 507, 531, 553, 568]","[407, 125, 593, 63, 144, 487, 405, 27, 386, 230, 105, 412, 28, 305, 176, 553, 325, 419, 120, 116, 573, 101, 395, 578, 139, 234, 333, 215, 98, 19]",600,30,0.7,,,,,2.0,0.005,,,3.295,0.5401544900739599,0.9583333333333334,0.10333333333333333,3.2333333333333334,0.0016631578660430454,0.006483573494944378,0.1543859649122807,0.012280701754385965,0.0,0.0,2.517367458866545,5.0,0.04035087719298246,0.04035087719298246,2.3210526315789473,0.14882600498488097,0.7155798106866463,0.0031089217296113845,5.406403940886699,0.6691947478852998,0.0631578947368421,0.1017543859649122,0.1466666666666666,0.8709290829719976,25,True,1038.0
3,paper,paper_8,8,30,2178554175,1487313027,"[22, 29, 34, 35, 63, 115, 120, 141, 162, 169, 222, 236, 240, 254, 295, 301, 341, 377, 385, 387, 439, 453, 481, 485, 498, 518, 547, 568, 584, 585]","[104, 593, 493, 382, 449, 257, 162, 24, 551, 469, 254, 358, 176, 411, 404, 596, 241, 366, 471, 530, 406, 1, 4, 342, 301, 387, 117, 19, 60, 15]",600,30,0.7,,,,,2.0,0.005,,,3.295,0.5401544900739599,0.9583333333333334,0.10333333333333333,2.966666666666667,0.0015592546262961958,0.006889770094108214,0.14035087719298245,0.012280701754385965,0.0,0.0,2.619047619047619,6.0,0.042105263157894736,0.03859649122807018,2.0649122807017544,0.13745622941065586,0.7394073937039435,0.002644673334328507,5.766009852216749,0.7026724516588702,0.0543859649122807,0.0929824561403508,0.1383333333333333,0.9275030420394614,28,True,1042.0
3,paper,paper_8,8,31,2178554175,3839505630,"[9, 22, 29, 59, 70, 118, 124, 202, 203, 216, 227, 228, 240, 261, 288, 351, 358, 373, 374, 449, 468, 503, 519, 538, 542, 545, 565, 574, 581, 588]","[348, 104, 593, 184, 401, 506, 269, 439, 181, 522, 243, 137, 176, 458, 39, 70, 147, 547, 38, 9, 177, 399, 324, 379, 72, 281, 169, 495, 490, 77]",600,30,0.7,,,,,2.0,0.005,,,3.295,0.5401544900739599,0.9583333333333334,0.10333333333333333,2.8666666666666667,0.0014899912782171151,0.005055124946434652,0.14035087719298245,0.010526315789473684,0.0,0.0,2.575868372943327,6.0,0.04035087719298246,0.02631578947368421,2.0456140350877194,0.13642392437648426,0.739382727468936,0.002724950655985139,5.76984126984127,0.677618875030989,0.0561403508771929,0.1210526315789473,0.165,0.9909367919899524,28,True,1056.0
3,paper,paper_8,8,32,2178554175,542071471,"[25, 34, 64, 68, 72, 82, 104, 127, 152, 180, 193, 208, 220, 224, 228, 230, 294, 318, 319, 326, 336, 372, 391, 417, 453, 518, 521, 523, 533, 552]","[6, 493, 170, 552, 149, 144, 10, 367, 386, 268, 2, 164, 492, 82, 137, 335, 477, 94, 108, 565, 390, 489, 438, 190, 1, 387, 218, 211, 185, 363]",600,30,0.7,,,,,2.0,0.005,,,3.295,0.5401544900739599,0.9583333333333334,0.10333333333333333,3.1333333333333333,0.0016286571048541717,0.005797679686274454,0.15087719298245614,0.010526315789473684,0.0,0.0,2.5274725274725274,6.0,0.042105263157894736,0.02456140350877193,2.049122807017544,0.14698674123480826,0.7213887090309253,0.0016730523627075354,5.778325123152709,0.6870751909714301,0.0543859649122807,0.1,0.145,1.0081656250404194,30,True,1038.0
3,paper,paper_8,8,33,2178554175,36803751,"[15, 79, 101, 115, 133, 138, 140, 149, 171, 176, 195, 240, 260, 267, 335, 338, 364, 376, 398, 412, 448, 478, 510, 515, 528, 547, 564, 574, 579, 596]","[407, 509, 291, 257, 27, 68, 543, 544, 41, 425, 201, 176, 259, 69, 206, 21, 264, 573, 381, 429, 584, 174, 313, 307, 159, 117, 132, 495, 232, 55]",600,30,0.7,,,,,2.0,0.005,,,3.295,0.5401544900739599,0.9583333333333334,0.10333333333333333,3.033333333333333,0.0016047909219510732,0.005352371123932054,0.1543859649122807,0.0017543859649122807,0.0,0.0,2.553113553113553,6.0,0.042105263157894736,0.028070175438596492,1.9701754385964911,0.14619076144221477,0.7156229765979095,0.00045977011494252877,5.820197044334975,0.6722652202587992,0.0631578947368421,0.1140350877192982,0.1583333333333333,0.8687337499577552,24,True,1018.0
3,paper,paper_8,8,34,2178554175,1872962119,"[10, 24, 35, 49, 53, 65, 70, 105, 121, 129, 172, 229, 233, 248, 264, 272, 274, 293, 339, 385, 394, 422, 452, 454, 493, 521, 523, 537, 585, 591]","[524, 81, 382, 263, 526, 475, 401, 66, 237, 239, 576, 161, 421, 534, 235, 319, 123, 553, 140, 471, 16, 285, 505, 245, 436, 218, 211, 503, 15, 192]",600,30,0.7,,,,,2.0,0.005,,,3.295,0.5401544900739599,0.9583333333333334,0.10333333333333333,3.7333333333333334,0.0018495287159662989,0.007736721360884412,0.1649122807017544,0.015789473684210527,0.0017543859649122807,0.0,2.4917733089579523,6.0,0.04035087719298246,0.07192982456140351,2.6298245614035087,0.15904486280300464,0.6978694539512226,0.003158265744472641,5.050264550264551,0.6948738213151501,0.0456140350877193,0.0807017543859649,0.1266666666666666,0.9475789170246572,30,False,1046.0
3,paper,paper_8,8,35,2178554175,591420286,"[3, 7, 8, 31, 34, 66, 92, 103, 141, 150, 156, 180, 208, 230, 240, 298, 309, 319, 371, 408, 412, 414, 450, 479, 485, 532, 534, 546, 556, 598]","[472, 557, 51, 261, 493, 277, 142, 532, 24, 398, 443, 268, 164, 335, 176, 431, 513, 108, 463, 288, 429, 173, 179, 302, 342, 118, 58, 536, 133, 163]",600,30,0.7,,,,,2.0,0.005,,,3.295,0.5401544900739599,0.9583333333333334,0.10333333333333333,3.4,0.0017372425550609785,0.00740696396216156,0.1543859649122807,0.010526315789473684,0.0,0.0,2.5347985347985347,6.0,0.042105263157894736,0.042105263157894736,2.3210526315789473,0.15028923066492889,0.7154626460703605,0.001946725050173326,5.679802955665025,0.7449809745709121,0.0614035087719298,0.0947368421052631,0.14,0.9383593749953434,30,False,1052.0
3,paper,paper_8,8,36,2178554175,896191213,"[28, 30, 34, 48, 77, 93, 106, 115, 121, 152, 212, 237, 240, 242, 275, 293, 310, 325, 337, 339, 343, 349, 371, 384, 393, 418, 422, 520, 528, 552]","[422, 456, 493, 231, 414, 330, 497, 257, 237, 386, 442, 193, 176, 432, 83, 553, 42, 563, 295, 140, 249, 17, 463, 479, 157, 523, 285, 283, 159, 363]",600,30,0.7,,,,,2.0,0.005,,,3.295,0.5401544900739599,0.9583333333333334,0.10333333333333333,3.2666666666666666,0.0016543601373912942,0.006068755348444985,0.15964912280701754,0.005263157894736842,0.0,0.0,2.5,6.0,0.042105263157894736,0.03684210526315789,2.2666666666666666,0.15233756784924699,0.7066999660839268,0.0008429118773946361,5.694581280788177,0.6244412494017276,0.0491228070175438,0.1035087719298245,0.1483333333333333,0.973749625030905,30,False,1052.0
3,paper,paper_8,8,37,2178554175,3953304212,"[12, 78, 121, 150, 153, 163, 177, 209, 238, 261, 274, 278, 280, 322, 329, 375, 378, 383, 403, 414, 430, 434, 485, 486, 527, 532, 533, 552, 564, 566]","[334, 446, 237, 398, 516, 320, 590, 560, 537, 458, 123, 75, 337, 216, 175, 393, 378, 558, 148, 173, 141, 321, 342, 356, 569, 118, 185, 363, 132, 362]",600,30,0.7,,,,,2.0,0.005,,,3.295,0.5401544900739599,0.9583333333333334,0.10333333333333333,3.3333333333333335,0.0017133898579864723,0.007113737539931009,0.16140350877192983,0.014035087719298246,0.0,0.0,2.582116788321168,6.0,0.03859649122807018,0.0456140350877193,2.136842105263158,0.15546490936138846,0.7037400178830204,0.0030925013683634375,5.239316239316239,0.7074006096290906,0.0631578947368421,0.0912280701754386,0.1366666666666666,0.8841213340638205,28,True,1026.0
3,paper,paper_8,8,38,2178554175,20305838,"[12, 25, 61, 119, 139, 143, 169, 178, 204, 210, 252, 258, 261, 266, 288, 316, 325, 346, 350, 391, 411, 412, 448, 459, 465, 483, 508, 522, 546, 581]","[334, 6, 485, 96, 227, 158, 469, 143, 354, 476, 508, 409, 458, 146, 39, 392, 563, 114, 583, 438, 54, 429, 584, 25, 587, 251, 223, 3, 536, 490]",600,30,0.7,,,,,2.0,0.005,,,3.295,0.5401544900739599,0.9583333333333334,0.10333333333333333,3.1333333333333333,0.0016133058245723399,0.006368752627385661,0.14736842105263157,0.010526315789473684,0.0,0.0,2.627737226277372,6.0,0.03859649122807018,0.05263157894736842,2.2263157894736842,0.1417533084734305,0.7274627694015354,0.0017013318737456667,5.427350427350428,0.7121287675993111,0.0666666666666666,0.0912280701754386,0.1366666666666666,1.294518000097014,30,False,1026.0
3,paper,paper_8,8,39,2178554175,1567021194,"[9, 14, 26, 110, 117, 119, 120, 142, 210, 220, 230, 263, 276, 301, 324, 364, 389, 398, 400, 405, 456, 457, 458, 484, 501, 506, 551, 558, 577, 591]","[348, 109, 125, 317, 550, 96, 162, 32, 476, 492, 335, 189, 85, 596, 586, 264, 106, 381, 580, 559, 182, 395, 23, 397, 588, 340, 126, 119, 260, 192]",600,30,0.7,,,,,2.0,0.005,,,3.295,0.5401544900739599,0.9583333333333334,0.10333333333333333,3.6333333333333333,0.0018149160045387608,0.007396942477839511,0.16842105263157894,0.012280701754385965,0.0,0.0,2.4844606946983547,7.0,0.04035087719298246,0.04736842105263158,2.442105263157895,0.16123407391986158,0.692091388400703,0.0024786452372659268,5.253968253968254,0.7371823442271922,0.0456140350877193,0.0684210526315789,0.115,0.8906917920103297,25,True,1028.0
3,paper,paper_8,8,40,2178554175,322471074,"[12, 13, 14, 54, 55, 65, 80, 81, 82, 88, 166, 197, 212, 267, 286, 304, 309, 324, 359, 404, 405, 418, 444, 464, 481, 491, 504, 511, 540, 572]","[334, 345, 109, 199, 208, 475, 111, 365, 144, 178, 131, 453, 442, 69, 318, 535, 513, 586, 286, 428, 559, 523, 465, 129, 4, 203, 183, 322, 582, 339]",600,30,0.7,,,,,2.0,0.005,,,3.295,0.5401544900739599,0.9583333333333334,0.10333333333333333,3.033333333333333,0.0015299277248556733,0.005135126878481462,0.13508771929824562,0.008771929824561403,0.0017543859649122807,0.0,2.576923076923077,6.0,0.042105263157894736,0.06140350877192982,2.3859649122807016,0.1310761299255576,0.7484722350692197,0.009067688378033206,5.184729064039409,0.7098455852006208,0.0456140350877193,0.0894736842105263,0.135,0.8828789590625092,26,True,1034.0
3,paper,paper_8,8,41,2178554175,3226941187,"[48, 58, 66, 74, 106, 110, 114, 141, 166, 172, 174, 206, 222, 243, 267, 270, 283, 301, 309, 342, 422, 425, 429, 479, 487, 490, 515, 542, 588, 589]","[231, 63, 277, 430, 497, 317, 413, 24, 131, 576, 355, 592, 254, 359, 69, 165, 210, 596, 513, 127, 285, 377, 100, 302, 504, 150, 307, 72, 77, 18]",600,30,0.7,,,,,2.0,0.005,,,3.295,0.5401544900739599,0.9583333333333334,0.10333333333333333,3.1,0.001633547705007142,0.005780391052097522,0.15087719298245614,0.005263157894736842,0.0,0.0,2.539305301645338,5.0,0.04035087719298246,0.02982456140350877,2.1035087719298247,0.14638895123292262,0.7214195418246847,0.0009669768290457946,5.551724137931035,0.67927656062771,0.0596491228070175,0.0964912280701754,0.1416666666666666,0.9766190419904888,30,False,1016.0
3,paper,paper_8,8,42,2178554175,2392487945,"[35, 45, 93, 103, 109, 116, 162, 189, 191, 235, 246, 263, 267, 366, 371, 391, 432, 434, 437, 445, 448, 451, 465, 466, 470, 520, 526, 555, 589, 591]","[382, 80, 330, 532, 484, 242, 551, 445, 423, 341, 546, 189, 69, 188, 463, 438, 574, 321, 589, 91, 584, 278, 587, 11, 349, 283, 224, 276, 18, 192]",600,30,0.7,,,,,2.0,0.005,,,3.295,0.5401544900739599,0.9583333333333334,0.10333333333333333,4.133333333333334,0.0020031824271636587,0.01041292773616666,0.18070175438596492,0.015789473684210527,0.0035087719298245615,0.0,2.5073260073260073,6.0,0.042105263157894736,0.0912280701754386,2.8,0.1732056611477888,0.6718527425770049,0.003728417176693038,4.775862068965517,0.6346848553169776,0.0596491228070175,0.1070175438596491,0.1516666666666666,0.8056554169161245,25,True,1054.0
3,paper,paper_8,8,43,2178554175,1910357081,"[3, 23, 66, 75, 110, 144, 170, 171, 172, 205, 229, 249, 283, 285, 301, 330, 331, 353, 387, 440, 453, 516, 537, 540, 551, 557, 558, 560, 580, 587]","[472, 187, 277, 87, 317, 486, 128, 41, 576, 459, 161, 452, 210, 482, 596, 124, 71, 155, 530, 65, 1, 7, 503, 582, 126, 575, 119, 502, 296, 571]",600,30,0.7,,,,,2.0,0.005,,,3.295,0.5401544900739599,0.9583333333333334,0.10333333333333333,3.2333333333333334,0.0016174589372321252,0.0077249195117162755,0.14385964912280702,0.008771929824561403,0.0,0.0,2.612431444241316,6.0,0.04035087719298246,0.05789473684210526,2.187719298245614,0.13979197780413272,0.7333641661270928,0.0019376026272577996,5.357142857142857,0.6892580812033342,0.043859649122807,0.0771929824561403,0.1233333333333333,0.9575109999859706,30,False,1014.0
3,paper,paper_8,8,44,2178554175,2580605045,"[14, 21, 38, 153, 166, 170, 180, 188, 192, 196, 206, 239, 240, 272, 274, 285, 287, 314, 348, 403, 430, 456, 457, 462, 467, 476, 498, 537, 560, 581]","[109, 186, 121, 516, 131, 128, 268, 282, 28, 284, 592, 380, 176, 319, 123, 482, 312, 31, 437, 148, 141, 182, 395, 549, 293, 298, 301, 503, 502, 490]",600,30,0.7,,,,,2.0,0.005,,,3.295,0.5401544900739599,0.9583333333333334,0.10333333333333333,3.066666666666667,0.0015791467647267021,0.006838668977440046,0.13508771929824562,0.014035087719298246,0.0017543859649122807,0.0,2.5743119266055046,6.0,0.043859649122807015,0.03508771929824561,2.142105263157895,0.1342393070558861,0.7483550704529337,0.004608648056923919,5.694252873563219,0.6847920085727396,0.0614035087719298,0.0964912280701754,0.1416666666666666,0.6905262499349192,21,True,1020.0
3,paper,paper_8,8,45,2178554175,3868304503,"[27, 36, 47, 70, 74, 87, 89, 130, 136, 164, 167, 175, 186, 234, 258, 260, 276, 298, 324, 329, 340, 352, 358, 366, 377, 445, 473, 505, 543, 578]","[314, 204, 14, 401, 430, 371, 487, 466, 99, 153, 220, 37, 145, 90, 409, 259, 85, 431, 586, 175, 236, 74, 147, 188, 366, 91, 361, 525, 136, 303]",600,30,0.7,,,,,2.0,0.005,,,3.295,0.5401544900739599,0.9583333333333334,0.10333333333333333,2.8,0.0014818148029339003,0.00608297039414588,0.13508771929824562,0.012280701754385965,0.0,0.0,2.6958105646630237,6.0,0.03684210526315789,0.03333333333333333,1.9052631578947368,0.13179944524603007,0.7484660685104677,0.0033105272760445173,5.6,0.6948738213151501,0.0578947368421052,0.0666666666666666,0.1133333333333333,0.9701282910536976,30,False,1000.0
3,paper,paper_8,8,46,2178554175,1207177541,"[17, 35, 54, 59, 66, 81, 83, 107, 142, 181, 199, 205, 223, 242, 257, 274, 299, 306, 311, 323, 328, 368, 373, 391, 431, 462, 511, 515, 542, 551]","[470, 382, 199, 184, 277, 365, 52, 427, 32, 483, 440, 459, 67, 432, 258, 123, 172, 540, 156, 416, 240, 168, 547, 438, 101, 549, 322, 307, 72, 126]",600,30,0.7,,,,,2.0,0.005,,,3.295,0.5401544900739599,0.9583333333333334,0.10333333333333333,3.7,0.0018406655558268487,0.007676459442392078,0.17894736842105263,0.008771929824561403,0.0,0.0,2.3663003663003663,5.0,0.042105263157894736,0.042105263157894736,2.542105263157895,0.1684144972752933,0.6748188573366632,0.0014185367633643494,5.332512315270936,0.7067751128271214,0.0526315789473684,0.1403508771929824,0.1833333333333333,0.7053672079928219,21,True,1060.0
3,paper,paper_8,8,47,2178554175,641829468,"[28, 52, 74, 77, 78, 82, 116, 141, 162, 178, 184, 190, 208, 212, 261, 287, 303, 315, 343, 346, 372, 380, 383, 403, 408, 451, 494, 516, 561, 578]","[422, 20, 430, 414, 446, 144, 242, 24, 551, 143, 360, 89, 164, 442, 458, 312, 267, 290, 249, 114, 489, 568, 558, 148, 288, 278, 209, 7, 374, 303]",600,30,0.7,,,,,2.0,0.005,,,3.295,0.5401544900739599,0.9583333333333334,0.10333333333333333,2.6,0.0013625939386189927,0.00551444090408452,0.11929824561403508,0.007017543859649123,0.0,0.0,2.6934306569343067,6.0,0.03859649122807018,0.03859649122807018,2.0105263157894737,0.11823561881981527,0.7759010883976197,0.001841817186644773,5.618233618233618,0.6895201665429602,0.0508771929824561,0.0859649122807017,0.1316666666666666,0.9700788339832798,30,False,1022.0
3,paper,paper_8,8,48,2178554175,1162597837,"[34, 63, 72, 77, 89, 90, 97, 107, 120, 130, 162, 174, 190, 192, 270, 292, 325, 334, 361, 363, 386, 387, 397, 410, 454, 474, 491, 505, 556, 586]","[493, 449, 149, 414, 487, 499, 448, 427, 162, 466, 551, 355, 89, 28, 165, 373, 563, 103, 327, 417, 433, 530, 130, 420, 245, 579, 203, 525, 133, 292]",600,30,0.7,,,,,2.0,0.005,,,3.295,0.5401544900739599,0.9583333333333334,0.10333333333333333,3.466666666666667,0.0017584501510024269,0.005936278915275295,0.16140350877192983,0.010526315789473684,0.0,0.0,2.521897810218978,6.0,0.03859649122807018,0.054385964912280704,2.4263157894736844,0.15472688069105364,0.7037708506767798,0.001996981307326135,5.044973544973545,0.67927656062771,0.0578947368421052,0.119298245614035,0.1633333333333333,0.9760899579850956,30,False,1060.0
3,paper,paper_8,8,49,2178554175,1712187186,"[3, 30, 40, 49, 70, 73, 95, 110, 133, 183, 190, 195, 196, 200, 225, 230, 251, 256, 259, 278, 325, 383, 385, 386, 413, 424, 445, 484, 552, 572]","[472, 456, 372, 263, 401, 13, 247, 317, 27, 309, 89, 201, 284, 384, 455, 335, 35, 191, 44, 75, 563, 558, 471, 433, 572, 480, 91, 397, 363, 339]",600,30,0.7,,,,,2.0,0.005,,,3.295,0.5401544900739599,0.9583333333333334,0.10333333333333333,3.066666666666667,0.0015377348099756643,0.006710308703155125,0.1368421052631579,0.015789473684210527,0.0017543859649122807,0.0,2.664233576642336,6.0,0.03859649122807018,0.056140350877192984,2.1771929824561402,0.1363286548135305,0.7452841241944933,0.004906951286261631,5.185185185185185,0.646324061489323,0.0508771929824561,0.0964912280701754,0.1416666666666666,0.8580978340469301,26,True,1028.0
3,paper,paper_9,9,0,1782605504,110346882,"[26, 54, 63, 82, 161, 182, 200, 212, 241, 247, 286, 288, 305, 340, 342, 413, 421, 433, 437, 448, 480, 486, 495, 521, 525, 533, 560, 571, 574, 593]","[474, 45, 141, 329, 555, 381, 156, 575, 142, 149, 370, 556, 92, 6, 331, 393, 346, 436, 192, 362, 241, 154, 483, 5, 293, 450, 484, 580, 472, 403]",600,30,0.7,,,,,2.0,0.005,,,6.075,0.482147318271244,0.9933333333333333,0.11333333333333333,5.933333333333334,0.0016166952660209275,0.0040594908513181096,0.24736842105263157,0.04736842105263158,0.0035087719298245615,0.0,1.9577464788732395,4.0,0.0035087719298245615,0.3824561403508772,10.898245614035087,0.2331768525376665,0.5675762340825702,0.0066107902314798865,3.618390804597701,0.8267841223836027,0.0929824561403508,0.9403508771929824,0.9433333333333334,0.7611838340526447,23,True,2588.0
3,paper,paper_9,9,1,1782605504,3451987115,"[15, 34, 49, 54, 66, 90, 91, 106, 148, 152, 177, 181, 203, 212, 222, 225, 227, 255, 268, 342, 352, 379, 380, 383, 422, 492, 513, 517, 556, 579]","[112, 93, 439, 45, 349, 188, 167, 320, 62, 466, 197, 203, 202, 575, 185, 219, 585, 522, 90, 331, 382, 40, 43, 504, 150, 572, 218, 526, 208, 140]",600,30,0.7,,,,,2.0,0.005,,,6.075,0.482147318271244,0.9933333333333333,0.11333333333333333,4.933333333333334,0.001404636558624261,0.002561482343384919,0.21578947368421053,0.03333333333333333,0.0,0.0,1.9964788732394365,4.0,0.0035087719298245615,0.2824561403508772,9.528070175438597,0.20700560095973353,0.6157000585823081,0.004670788981133809,3.891954022988506,0.8039057890385995,0.075438596491228,0.9491228070175438,0.9516666666666668,0.7029445000225678,21,True,2588.0
3,paper,paper_9,9,2,1782605504,3747197128,"[18, 20, 23, 52, 60, 116, 125, 139, 266, 293, 296, 305, 307, 342, 356, 371, 373, 377, 402, 412, 460, 467, 491, 501, 503, 505, 524, 551, 573, 578]","[122, 503, 143, 246, 330, 332, 282, 354, 482, 288, 212, 92, 550, 331, 15, 274, 51, 471, 261, 552, 528, 144, 506, 233, 194, 493, 563, 311, 252, 248]",600,30,0.7,,,,,2.0,0.005,,,6.075,0.482147318271244,0.9933333333333333,0.11333333333333333,6.466666666666667,0.0017903035092564777,0.005164110665022401,0.28771929824561404,0.04035087719298246,0.008771929824561403,0.0,1.869718309859155,4.0,0.0035087719298245615,0.3543859649122807,10.726315789473684,0.257219811737435,0.5094317516110135,0.006055537986287008,3.7701149425287355,0.8137062542056239,0.0859649122807017,0.9403508771929824,0.9433333333333334,0.5994563749991357,18,True,2588.0
3,paper,paper_9,9,3,1782605504,3541743059,"[23, 33, 70, 75, 83, 84, 85, 115, 123, 142, 151, 188, 216, 226, 253, 331, 332, 345, 417, 422, 446, 459, 478, 479, 488, 493, 503, 511, 582, 583]","[143, 387, 64, 17, 180, 48, 294, 157, 60, 521, 182, 444, 369, 562, 153, 114, 345, 7, 244, 150, 516, 73, 200, 406, 53, 357, 194, 299, 22, 262]",600,30,0.7,,,,,2.0,0.005,,,6.075,0.482147318271244,0.9933333333333333,0.11333333333333333,5.433333333333334,0.0015005458381925302,0.0035939699200593198,0.22982456140350876,0.028070175438596492,0.0035087719298245615,0.0,1.9683098591549295,4.0,0.0035087719298245615,0.2982456140350877,10.3,0.21417264535954728,0.5942157678907286,0.004475511716891027,3.7241379310344827,0.8160233703480068,0.0842105263157894,0.9438596491228072,0.9466666666666668,0.7763878329424188,24,True,2588.0
3,paper,paper_9,9,4,1782605504,663736088,"[21, 36, 54, 59, 88, 116, 128, 134, 143, 155, 214, 229, 240, 294, 307, 315, 343, 348, 378, 396, 435, 438, 445, 458, 479, 535, 541, 542, 573, 575]","[50, 383, 45, 524, 268, 332, 527, 501, 463, 548, 367, 358, 300, 390, 550, 594, 33, 460, 298, 399, 545, 46, 361, 541, 406, 478, 323, 247, 252, 395]",600,30,0.7,,,,,2.0,0.005,,,6.075,0.482147318271244,0.9933333333333333,0.11333333333333333,6.433333333333334,0.0017940153436741448,0.005648137090596456,0.2807017543859649,0.04035087719298246,0.007017543859649123,0.0,1.8503521126760563,4.0,0.0035087719298245615,0.35964912280701755,10.889473684210527,0.2548383131427604,0.5191132488514785,0.0057342026422308266,3.7241379310344827,0.8487261922105831,0.0982456140350877,0.950877192982456,0.9533333333333334,0.5883069169940427,18,True,2582.0
3,paper,paper_9,9,5,1782605504,1155766548,"[9, 18, 23, 26, 37, 65, 143, 151, 176, 239, 250, 251, 259, 299, 302, 319, 368, 369, 375, 411, 424, 440, 449, 462, 474, 476, 543, 570, 589, 590]","[582, 122, 143, 474, 184, 502, 463, 182, 404, 123, 306, 313, 507, 47, 337, 147, 37, 98, 335, 20, 176, 518, 554, 89, 508, 13, 410, 512, 590, 159]",600,30,0.7,,,,,2.0,0.005,,,6.075,0.482147318271244,0.9933333333333333,0.11333333333333333,5.866666666666666,0.0016001099969617826,0.004515840096139099,0.24561403508771928,0.042105263157894736,0.007017543859649123,0.0,1.9261862917398946,4.0,0.0017543859649122807,0.3929824561403509,10.442105263157895,0.2293275201293308,0.5702771868158973,0.005333561138141046,3.79064039408867,0.8871637218117593,0.0649122807017543,0.2298245614035087,0.2683333333333333,0.949974708026275,29,True,1592.0
3,paper,paper_9,9,6,1782605504,1575638995,"[10, 14, 20, 28, 53, 67, 100, 107, 154, 155, 163, 171, 172, 191, 223, 251, 262, 289, 296, 320, 387, 399, 438, 472, 487, 491, 515, 555, 571, 592]","[30, 574, 503, 269, 238, 505, 413, 263, 420, 548, 287, 397, 514, 189, 591, 313, 174, 121, 212, 151, 106, 314, 46, 31, 544, 506, 56, 565, 580, 343]",600,30,0.7,,,,,2.0,0.005,,,6.075,0.482147318271244,0.9933333333333333,0.11333333333333333,6.066666666666666,0.0016836287307364388,0.004788548322328072,0.256140350877193,0.043859649122807015,0.008771929824561403,0.0,1.9172535211267605,4.0,0.0035087719298245615,0.34912280701754383,10.528070175438597,0.2382312432633835,0.5546696266148676,0.006419984631258251,3.740229885057471,0.863044724427659,0.1070175438596491,0.9438596491228072,0.9466666666666668,0.4926700840005651,15,True,2588.0
3,paper,paper_9,9,7,1782605504,997558630,"[20, 23, 56, 57, 80, 100, 104, 110, 137, 163, 169, 172, 178, 183, 190, 204, 215, 255, 285, 332, 337, 354, 382, 415, 448, 460, 474, 536, 572, 582]","[503, 143, 322, 42, 525, 413, 55, 421, 35, 287, 341, 514, 115, 577, 423, 179, 509, 522, 139, 345, 74, 272, 579, 175, 362, 528, 508, 295, 103, 22]",600,30,0.7,,,,,2.0,0.005,,,6.075,0.482147318271244,0.9933333333333333,0.11333333333333333,6.0,0.0016375086466032264,0.005159490515354723,0.2596491228070175,0.03508771929824561,0.005263157894736842,0.0,1.908450704225352,4.0,0.0035087719298245615,0.3894736842105263,10.887719298245614,0.23671235823493514,0.549613048438319,0.005745150724866749,3.7425287356321837,0.89377275019338,0.0982456140350877,0.9491228070175438,0.9516666666666668,0.49996220797766,15,True,2588.0
3,paper,paper_9,9,8,1782605504,3475331601,"[4, 5, 30, 60, 83, 89, 98, 103, 126, 175, 244, 261, 286, 298, 310, 315, 350, 360, 366, 376, 432, 440, 449, 512, 516, 522, 526, 531, 555, 592]","[414, 58, 469, 330, 180, 588, 485, 85, 63, 457, 210, 104, 370, 286, 49, 594, 217, 499, 264, 347, 488, 518, 554, 228, 316, 285, 553, 396, 565, 343]",600,30,0.7,,,,,2.0,0.005,,,6.075,0.482147318271244,0.9933333333333333,0.11333333333333333,6.7,0.0018050482262697658,0.005101077224510119,0.2789473684210526,0.03684210526315789,0.005263157894736842,0.0,1.8767605633802817,4.0,0.0035087719298245615,0.41403508771929826,11.501754385964912,0.2504632879789626,0.5218018684673018,0.00496927438637698,3.613793103448276,0.7731777632728782,0.087719298245614,0.9526315789473684,0.955,0.6837632909882814,21,True,2588.0
3,paper,paper_9,9,9,1782605504,3245741928,"[24, 49, 67, 69, 88, 108, 144, 149, 168, 189, 220, 250, 253, 259, 269, 286, 316, 321, 336, 352, 356, 359, 423, 452, 453, 479, 517, 541, 569, 587]","[260, 439, 505, 254, 268, 161, 152, 359, 277, 452, 110, 306, 153, 507, 400, 370, 177, 542, 256, 382, 15, 596, 571, 310, 599, 406, 526, 323, 540, 145]",600,30,0.7,,,,,2.0,0.005,,,6.075,0.482147318271244,0.9933333333333333,0.11333333333333333,5.9,0.0016318172537230712,0.0038254225995978408,0.2754385964912281,0.02631578947368421,0.0017543859649122807,0.0,1.8661971830985915,4.0,0.0035087719298245615,0.3719298245614035,10.592982456140351,0.24587426247065874,0.5267782813800759,0.0036538716711130505,3.820689655172414,0.8587528121884209,0.0842105263157894,0.9385964912280702,0.9416666666666668,0.7697344999760389,23,True,2588.0
3,paper,paper_9,9,10,1782605504,1394031096,"[5, 26, 41, 51, 58, 61, 65, 109, 116, 153, 205, 214, 223, 268, 368, 373, 376, 400, 416, 426, 428, 481, 498, 523, 533, 564, 573, 588, 593, 597]","[58, 474, 198, 0, 278, 91, 502, 464, 332, 71, 207, 367, 591, 90, 37, 51, 347, 570, 243, 479, 567, 223, 338, 18, 450, 497, 252, 529, 403, 170]",600,30,0.7,,,,,2.0,0.005,,,6.075,0.482147318271244,0.9933333333333333,0.11333333333333333,6.4,0.0017418705070651164,0.005414422102716912,0.2824561403508772,0.03859649122807018,0.0017543859649122807,0.0,1.8556338028169015,4.0,0.0035087719298245615,0.4017543859649123,11.440350877192982,0.25581057522675227,0.5165664600869485,0.004625294883915573,3.6620689655172414,0.7742542153761639,0.1,0.9403508771929824,0.9433333333333334,0.9609892090084032,30,True,2588.0
3,paper,paper_9,9,11,1782605504,2532052648,"[0, 7, 66, 159, 163, 185, 193, 199, 215, 252, 258, 291, 299, 319, 322, 335, 338, 356, 375, 395, 410, 412, 413, 417, 452, 455, 468, 490, 555, 589]","[126, 28, 349, 597, 287, 487, 234, 379, 509, 275, 445, 517, 47, 147, 16, 8, 9, 15, 335, 569, 249, 552, 393, 244, 310, 267, 226, 235, 565, 590]",600,30,0.7,,,,,2.0,0.005,,,6.075,0.482147318271244,0.9933333333333333,0.11333333333333333,5.8,0.0016037396698922156,0.004549364966325154,0.23859649122807017,0.02982456140350877,0.0035087719298245615,0.0,1.9401408450704225,4.0,0.0035087719298245615,0.3157894736842105,10.175438596491228,0.22210042969887553,0.5807973360466192,0.005483596862907209,3.7241379310344827,0.7664404937369445,0.0789473684210526,0.4631578947368421,0.49,0.9808321250602604,30,False,1812.0
3,paper,paper_9,9,12,1782605504,3368113230,"[1, 16, 115, 122, 142, 145, 171, 177, 239, 270, 298, 320, 328, 336, 338, 343, 368, 415, 418, 421, 439, 449, 467, 491, 493, 503, 509, 523, 534, 593]","[486, 127, 157, 573, 521, 86, 397, 197, 123, 402, 286, 151, 27, 256, 9, 33, 37, 175, 214, 346, 67, 554, 144, 506, 357, 194, 68, 18, 134, 403]",600,30,0.7,,,,,2.0,0.005,,,6.075,0.482147318271244,0.9933333333333333,0.11333333333333333,6.7,0.001800383730727013,0.006054362287257133,0.30350877192982456,0.04035087719298246,0.0017543859649122807,0.0,1.8169014084507042,4.0,0.0035087719298245615,0.45789473684210524,11.570175438596491,0.2699594549228051,0.4871643079579441,0.003987797166560726,3.6091954022988504,0.8214157580410789,0.0684210526315789,0.4385964912280701,0.4666666666666667,1.013093583052978,30,False,1778.0
3,paper,paper_9,9,13,1782605504,2551472368,"[0, 47, 63, 64, 75, 184, 202, 224, 229, 236, 255, 256, 295, 299, 330, 363, 387, 391, 395, 400, 413, 421, 432, 440, 474, 486, 491, 506, 543, 560]","[126, 475, 141, 111, 17, 368, 374, 442, 358, 160, 522, 301, 454, 47, 415, 375, 106, 29, 569, 570, 393, 346, 488, 518, 508, 154, 506, 583, 410, 484]",600,30,0.7,,,,,2.0,0.005,,,6.075,0.482147318271244,0.9933333333333333,0.11333333333333333,6.366666666666666,0.0017193230539945413,0.004553904247951853,0.2754385964912281,0.04035087719298246,0.0017543859649122807,0.0,1.8450704225352113,3.0,0.0035087719298245615,0.41228070175438597,11.4,0.251648689864122,0.5265747849412635,0.004577091453359201,3.618390804597701,0.6798932105218807,0.0824561403508772,0.9543859649122808,0.9566666666666668,0.7720618339953944,25,True,2586.0
3,paper,paper_9,9,14,1782605504,2608757510,"[63, 65, 79, 98, 101, 151, 156, 183, 188, 190, 205, 212, 228, 243, 245, 263, 279, 292, 303, 328, 330, 336, 393, 403, 412, 502, 521, 539, 549, 574]","[141, 502, 531, 485, 255, 182, 340, 577, 444, 423, 207, 575, 193, 405, 523, 173, 216, 70, 513, 27, 415, 256, 245, 392, 552, 230, 5, 116, 425, 472]",600,30,0.7,,,,,2.0,0.005,,,6.075,0.482147318271244,0.9933333333333333,0.11333333333333333,6.6,0.0017860121273598505,0.004542316797306036,0.28421052631578947,0.03333333333333333,0.005263157894736842,0.0,1.852112676056338,4.0,0.0035087719298245615,0.41403508771929826,11.322807017543859,0.25443234729696207,0.5142725002312459,0.0039979314877894995,3.6436781609195403,0.8378252515897243,0.087719298245614,0.9473684210526316,0.95,0.5982291660038754,18,True,2588.0
3,paper,paper_9,9,15,1782605504,1635799317,"[3, 7, 49, 52, 80, 83, 148, 165, 173, 176, 177, 183, 212, 223, 239, 264, 280, 298, 318, 324, 335, 339, 347, 415, 421, 422, 435, 446, 479, 548]","[97, 28, 439, 246, 525, 180, 62, 136, 102, 404, 197, 577, 575, 591, 123, 412, 435, 286, 348, 334, 8, 431, 376, 175, 346, 150, 545, 516, 406, 163]",600,30,0.7,,,,,2.0,0.005,,,6.075,0.482147318271244,0.9933333333333333,0.11333333333333333,6.7,0.0018099692810887376,0.005540925048168678,0.2964912280701754,0.04035087719298246,0.0017543859649122807,0.0,1.8277680140597539,4.0,0.0017543859649122807,0.41754385964912283,11.33859649122807,0.26509937295205105,0.49693213702093547,0.004228476534479106,3.5763546798029555,0.7851551559970226,0.0929824561403508,0.9385964912280702,0.9416666666666668,0.6957457500975579,22,True,2588.0
3,paper,paper_9,9,16,1782605504,431698157,"[3, 39, 47, 53, 69, 86, 97, 148, 158, 180, 190, 221, 275, 277, 286, 330, 343, 395, 419, 425, 441, 442, 482, 484, 501, 514, 537, 542, 581, 593]","[97, 183, 475, 238, 254, 480, 101, 62, 498, 443, 423, 205, 105, 281, 370, 415, 33, 569, 291, 451, 221, 326, 333, 428, 233, 44, 373, 247, 231, 403]",600,30,0.7,,,,,2.0,0.005,,,6.075,0.482147318271244,0.9933333333333333,0.11333333333333333,5.233333333333333,0.001466614824977272,0.0036719025345908402,0.23333333333333334,0.031578947368421054,0.0035087719298245615,0.0,1.9524647887323943,4.0,0.0035087719298245615,0.28596491228070176,9.717543859649123,0.21654892793129246,0.5890111923041347,0.00569182095044164,3.910344827586207,0.8421171638289623,0.0894736842105263,0.9491228070175438,0.9516666666666668,0.6608603328932077,20,True,2586.0
3,paper,paper_9,9,17,1782605504,3852166534,"[26, 35, 42, 50, 53, 54, 71, 81, 117, 132, 207, 224, 233, 236, 251, 267, 286, 298, 326, 355, 363, 396, 411, 422, 445, 480, 511, 518, 559, 597]","[474, 11, 568, 304, 238, 45, 117, 270, 279, 560, 355, 442, 449, 160, 313, 515, 370, 286, 530, 473, 375, 399, 20, 150, 361, 241, 299, 23, 25, 170]",600,30,0.7,,,,,2.0,0.005,,,6.075,0.482147318271244,0.9933333333333333,0.11333333333333333,5.233333333333333,0.0014603480883256437,0.0032951776534617043,0.23157894736842105,0.03333333333333333,0.0035087719298245615,0.0,1.9330985915492958,4.0,0.0035087719298245615,0.3140350877192982,9.74736842105263,0.2166001550850749,0.5915148151574015,0.005014555349240947,3.9402298850574713,0.8342674714082443,0.0701754385964912,0.3298245614035088,0.3633333333333333,0.9785748750437052,30,False,1654.0
3,paper,paper_9,9,18,1782605504,4049804826,"[17, 50, 75, 92, 163, 172, 231, 253, 285, 297, 323, 343, 353, 354, 370, 382, 474, 503, 531, 537, 538, 565, 566, 570, 572, 575, 576, 581, 589, 594]","[12, 304, 17, 386, 287, 514, 533, 153, 139, 201, 437, 33, 467, 272, 419, 579, 508, 194, 396, 373, 1, 312, 81, 512, 103, 395, 388, 231, 590, 215]",600,30,0.7,,,,,2.0,0.005,,,6.075,0.482147318271244,0.9933333333333333,0.11333333333333333,5.566666666666666,0.0015652061221368588,0.00500491479544808,0.24385964912280703,0.03333333333333333,0.005263157894736842,0.0,1.9577464788732395,4.0,0.0035087719298245615,0.3157894736842105,10.257894736842106,0.22602105334579028,0.5729473067554651,0.005058070920139886,3.7448275862068967,0.8621704037846379,0.1017543859649122,0.9491228070175438,0.9516666666666668,0.8502465829951689,27,True,2588.0
3,paper,paper_9,9,19,1782605504,3746737936,"[16, 35, 39, 47, 68, 70, 117, 126, 133, 152, 160, 182, 186, 247, 262, 267, 268, 282, 306, 373, 382, 451, 491, 500, 506, 526, 551, 552, 559, 598]","[127, 11, 183, 475, 209, 64, 279, 63, 328, 466, 339, 381, 65, 149, 174, 515, 90, 584, 211, 51, 579, 32, 506, 222, 583, 553, 311, 137, 25, 303]",600,30,0.7,,,,,2.0,0.005,,,6.075,0.482147318271244,0.9933333333333333,0.11333333333333333,6.633333333333334,0.0018148739655255263,0.00639979504164678,0.2912280701754386,0.04035087719298246,0.0035087719298245615,0.0,1.8309859154929577,4.0,0.0035087719298245615,0.41228070175438597,11.117543859649123,0.2614134965722054,0.5044430055807356,0.0048799147287991096,3.682758620689655,0.7665687348912574,0.1,0.9473684210526316,0.95,0.5596064999699593,17,True,2586.0
3,paper,paper_9,9,20,1782605504,127015320,"[10, 18, 21, 24, 41, 78, 123, 130, 167, 171, 173, 191, 259, 290, 291, 352, 361, 373, 388, 391, 395, 399, 428, 439, 451, 493, 511, 539, 592, 595]","[30, 122, 50, 260, 198, 481, 60, 317, 321, 397, 102, 189, 507, 168, 517, 382, 133, 51, 537, 29, 569, 314, 567, 67, 32, 357, 299, 116, 343, 465]",600,30,0.7,,,,,2.0,0.005,,,6.075,0.482147318271244,0.9933333333333333,0.11333333333333333,6.433333333333334,0.0017738284693686434,0.0047416094911864725,0.2771929824561403,0.04035087719298246,0.010526315789473684,0.0,1.8626760563380282,4.0,0.0035087719298245615,0.36666666666666664,10.921052631578947,0.2523882610925007,0.52411432799926,0.007003538069781264,3.6919540229885057,0.8687794321662586,0.0807017543859649,0.950877192982456,0.9533333333333334,0.7307370419148356,22,True,2588.0
3,paper,paper_9,9,21,1782605504,230797205,"[12, 17, 51, 66, 78, 93, 115, 121, 129, 133, 145, 158, 177, 198, 228, 239, 243, 267, 284, 293, 357, 372, 374, 383, 397, 452, 520, 571, 589, 591]","[407, 12, 0, 349, 481, 353, 157, 586, 88, 328, 86, 498, 197, 224, 193, 123, 405, 515, 78, 288, 417, 227, 440, 504, 187, 310, 80, 580, 590, 534]",600,30,0.7,,,,,2.0,0.005,,,6.075,0.482147318271244,0.9933333333333333,0.11333333333333333,6.166666666666667,0.0017001234943752866,0.006040489177654387,0.2631578947368421,0.043859649122807015,0.0035087719298245615,0.0,1.869718309859155,4.0,0.0035087719298245615,0.4,11.142105263157895,0.24324365383752133,0.5442913082354393,0.005554471003101951,3.6804597701149424,0.8801883500340623,0.0964912280701754,0.9473684210526316,0.95,0.6184217910049483,18,True,2588.0
3,paper,paper_9,9,22,1782605504,3829944692,"[4, 11, 18, 37, 39, 106, 113, 143, 157, 166, 192, 204, 232, 253, 256, 266, 292, 305, 311, 391, 397, 424, 436, 443, 450, 473, 478, 535, 540, 570]","[414, 109, 122, 184, 183, 320, 66, 463, 319, 458, 336, 179, 593, 153, 301, 482, 70, 92, 389, 29, 187, 176, 258, 79, 371, 557, 200, 478, 225, 512]",600,30,0.7,,,,,2.0,0.005,,,6.075,0.482147318271244,0.9933333333333333,0.11333333333333333,6.7,0.0018198386684782325,0.005375462153135812,0.26842105263157895,0.0456140350877193,0.0035087719298245615,0.0,1.892605633802817,4.0,0.0035087719298245615,0.4105263157894737,11.417543859649124,0.24806811436121362,0.5366077760305862,0.005933710706850452,3.55632183908046,0.8412428431859414,0.0807017543859649,0.9421052631578948,0.945,0.7420062499586493,23,True,2588.0
3,paper,paper_9,9,23,1782605504,2140561146,"[3, 76, 87, 93, 160, 191, 207, 242, 251, 266, 271, 313, 335, 337, 347, 354, 360, 367, 375, 427, 432, 439, 440, 444, 484, 495, 518, 536, 573, 590]","[97, 38, 76, 353, 339, 189, 355, 456, 313, 482, 496, 34, 8, 74, 376, 272, 499, 297, 335, 492, 488, 67, 518, 166, 428, 483, 23, 295, 252, 159]",600,30,0.7,,,,,2.0,0.005,,,6.075,0.482147318271244,0.9933333333333333,0.11333333333333333,6.2,0.0016906636348925845,0.004658483925148963,0.2631578947368421,0.043859649122807015,0.005263157894736842,0.0,1.9049295774647887,4.0,0.0035087719298245615,0.36140350877192984,11.16842105263158,0.24477723013680436,0.5441864767366571,0.005518926358309298,3.659770114942529,0.7571105897697605,0.0947368421052631,0.9473684210526316,0.95,0.6750381659949198,20,True,2588.0
3,paper,paper_9,9,24,1782605504,2700723722,"[1, 4, 54, 66, 68, 150, 174, 187, 202, 203, 209, 218, 226, 231, 248, 251, 285, 338, 369, 380, 413, 418, 420, 434, 452, 486, 502, 574, 578, 584]","[486, 414, 45, 349, 209, 429, 408, 546, 374, 202, 459, 532, 562, 533, 171, 313, 139, 9, 98, 43, 393, 214, 77, 477, 310, 154, 230, 472, 248, 206]",600,30,0.7,,,,,2.0,0.005,,,6.075,0.482147318271244,0.9933333333333333,0.11333333333333333,6.466666666666667,0.0017520379456770448,0.0042357790139555184,0.2912280701754386,0.02456140350877193,0.0035087719298245615,0.0,1.8309859154929577,4.0,0.0035087719298245615,0.4105263157894737,11.356140350877194,0.25711017372541556,0.5043566737582093,0.003326025450771901,3.6482758620689655,0.7919043729639064,0.0964912280701754,0.9543859649122808,0.9566666666666668,0.6521703340113163,20,True,2588.0
3,paper,paper_9,9,25,1782605504,2522274390,"[5, 14, 15, 28, 36, 64, 154, 220, 226, 239, 246, 263, 302, 315, 323, 325, 332, 338, 355, 389, 416, 431, 432, 444, 457, 471, 475, 522, 530, 588]","[58, 574, 112, 269, 383, 111, 420, 110, 562, 123, 54, 173, 337, 594, 437, 350, 345, 9, 473, 135, 243, 119, 488, 166, 128, 124, 199, 285, 289, 529]",600,30,0.7,,,,,2.0,0.005,,,6.075,0.482147318271244,0.9933333333333333,0.11333333333333333,6.266666666666667,0.0017029261336263491,0.004761096729672604,0.27017543859649124,0.042105263157894736,0.007017543859649123,0.0,1.8679577464788732,4.0,0.0035087719298245615,0.4017543859649123,10.908771929824562,0.2465174250355009,0.5344001479974101,0.00621781992988671,3.698850574712644,0.8498266676644173,0.0824561403508772,0.9491228070175438,0.9516666666666668,0.5192131249932572,15,True,2586.0
3,paper,paper_9,9,26,1782605504,1048459515,"[32, 55, 68, 89, 95, 99, 198, 239, 257, 258, 288, 299, 340, 355, 363, 364, 370, 383, 441, 461, 467, 485, 499, 536, 544, 549, 557, 571, 575, 592]","[196, 581, 209, 588, 273, 21, 224, 123, 535, 445, 556, 47, 6, 473, 375, 186, 419, 504, 221, 536, 144, 75, 351, 295, 578, 425, 422, 580, 395, 343]",600,30,0.7,,,,,2.0,0.005,,,6.075,0.482147318271244,0.9933333333333333,0.11333333333333333,6.8,0.0018343734145354793,0.005149186292784365,0.2771929824561403,0.0456140350877193,0.007017543859649123,0.0,1.8576449912126538,4.0,0.0017543859649122807,0.4192982456140351,11.450877192982457,0.25241904364146356,0.5241944932630346,0.006759347051932956,3.4827586206896552,0.8530181044498212,0.0859649122807017,0.9526315789473684,0.955,0.7126917500281706,22,True,2588.0
3,paper,paper_9,9,27,1782605504,604346743,"[48, 65, 72, 138, 202, 209, 247, 248, 286, 297, 303, 305, 325, 340, 350, 361, 391, 392, 407, 417, 431, 455, 457, 458, 461, 511, 521, 549, 582, 592]","[352, 502, 398, 510, 374, 459, 149, 171, 370, 201, 513, 92, 350, 6, 217, 133, 29, 342, 372, 244, 119, 267, 128, 541, 536, 299, 5, 425, 22, 343]",600,30,0.7,,,,,2.0,0.005,,,6.075,0.482147318271244,0.9933333333333333,0.11333333333333333,6.833333333333333,0.0018328363425803044,0.005304369389367722,0.26666666666666666,0.056140350877192984,0.008771929824561403,0.0,1.892605633802817,4.0,0.0035087719298245615,0.43157894736842106,11.76842105263158,0.24940039468938072,0.5391483982363642,0.008948397495691186,3.5310344827586206,0.8305680573758957,0.1052631578947368,0.9421052631578948,0.945,0.617869709036313,17,True,2588.0
3,paper,paper_9,9,28,1782605504,1391868604,"[21, 50, 55, 87, 176, 186, 192, 220, 246, 250, 285, 314, 341, 342, 354, 359, 373, 417, 478, 487, 488, 515, 542, 557, 562, 565, 571, 576, 585, 592]","[50, 304, 581, 76, 404, 65, 336, 110, 54, 306, 139, 190, 520, 331, 272, 596, 51, 244, 200, 544, 53, 56, 247, 422, 380, 312, 580, 388, 69, 343]",600,30,0.7,,,,,2.0,0.005,,,6.075,0.482147318271244,0.9933333333333333,0.11333333333333333,5.533333333333333,0.001558222880902009,0.004062760536966763,0.24561403508771928,0.02982456140350877,0.0017543859649122807,0.0,1.9402460456942003,4.0,0.0017543859649122807,0.2929824561403509,9.680701754385964,0.22438904803838158,0.5704991829309654,0.004097883560358206,3.9261083743842367,0.8662361612130627,0.0807017543859649,0.7,0.715,1.0623639998957517,30,False,2082.0
3,paper,paper_9,9,29,1782605504,1269876518,"[4, 28, 40, 48, 90, 184, 191, 199, 211, 223, 240, 293, 302, 321, 350, 358, 375, 392, 394, 424, 425, 464, 488, 492, 499, 533, 537, 553, 554, 591]","[414, 269, 283, 352, 188, 368, 189, 379, 377, 591, 300, 288, 337, 542, 217, 598, 335, 342, 94, 176, 451, 96, 53, 572, 351, 450, 373, 511, 99, 534]",600,30,0.7,,,,,2.0,0.005,,,6.075,0.482147318271244,0.9933333333333333,0.11333333333333333,5.266666666666667,0.0014945940032644832,0.0034687124330417757,0.23508771929824562,0.01929824561403509,0.005263157894736842,0.0,1.971830985915493,4.0,0.0035087719298245615,0.28596491228070176,9.496491228070175,0.21538470203073,0.5862670736595443,0.003366757526307008,3.891954022988506,0.8762627811909005,0.0684210526315789,0.3789473684210526,0.41,1.0924657080322504,30,False,1670.0
3,paper,paper_9,9,30,1782605504,631858640,"[7, 8, 26, 50, 68, 88, 115, 156, 161, 183, 206, 215, 233, 261, 284, 304, 305, 316, 321, 323, 365, 388, 394, 416, 421, 446, 455, 495, 515, 519]","[28, 84, 474, 304, 209, 268, 157, 340, 555, 577, 100, 509, 449, 104, 78, 547, 92, 177, 542, 437, 430, 537, 94, 243, 346, 516, 267, 483, 56, 36]",600,30,0.7,,,,,2.0,0.005,,,6.075,0.482147318271244,0.9933333333333333,0.11333333333333333,6.133333333333334,0.0016827906856891062,0.003999823744559342,0.2719298245614035,0.04035087719298246,0.0017543859649122807,0.0,1.852112676056338,4.0,0.0035087719298245615,0.36140350877192984,10.950877192982457,0.25071779801135335,0.5314525329140073,0.005316318419766697,3.698850574712644,0.89377275019338,0.087719298245614,0.9421052631578948,0.945,0.6814909169916064,18,True,2588.0
3,paper,paper_9,9,31,1782605504,3933373631,"[17, 48, 60, 113, 118, 129, 137, 175, 177, 203, 208, 265, 287, 297, 307, 325, 326, 359, 379, 392, 464, 477, 519, 523, 532, 547, 580, 586, 588, 594]","[12, 352, 330, 66, 162, 88, 35, 457, 197, 202, 169, 195, 495, 201, 550, 350, 530, 596, 40, 342, 96, 308, 36, 18, 138, 416, 107, 489, 529, 215]",600,30,0.7,,,,,2.0,0.005,,,6.075,0.482147318271244,0.9933333333333333,0.11333333333333333,6.233333333333333,0.0017133749137903849,0.004620458628410347,0.26842105263157895,0.03333333333333333,0.005263157894736842,0.0,1.869718309859155,4.0,0.0035087719298245615,0.39824561403508774,10.975438596491228,0.24388293217139695,0.5367989393518947,0.004802263272157582,3.6919540229885057,0.8464090760682004,0.0859649122807017,0.9456140350877194,0.9483333333333334,1.027128958958201,24,True,2588.0
3,paper,paper_9,9,32,1782605504,2600557359,"[14, 19, 22, 46, 50, 59, 65, 66, 73, 111, 153, 188, 189, 193, 228, 292, 293, 334, 347, 351, 357, 394, 411, 441, 513, 514, 526, 530, 541, 578]","[574, 424, 52, 438, 304, 524, 502, 349, 26, 307, 71, 444, 452, 234, 193, 70, 288, 364, 376, 455, 417, 94, 20, 221, 218, 44, 553, 289, 323, 248]",600,30,0.7,,,,,2.0,0.005,,,6.075,0.482147318271244,0.9933333333333333,0.11333333333333333,6.566666666666666,0.0017981443085949087,0.004880504369566052,0.2807017543859649,0.03333333333333333,0.0035087719298245615,0.0,1.8873239436619718,4.0,0.0035087719298245615,0.3824561403508772,10.91578947368421,0.2505519441088221,0.5193784108778097,0.004689722793171069,3.7241379310344827,0.8004881974423824,0.0947368421052631,0.9543859649122808,0.9566666666666668,0.9212910829810426,26,True,2588.0
3,paper,paper_9,9,33,1782605504,11363884,"[16, 25, 61, 90, 91, 93, 101, 103, 133, 139, 155, 156, 164, 209, 210, 223, 225, 235, 247, 248, 250, 258, 266, 361, 375, 427, 477, 504, 512, 553]","[127, 82, 91, 188, 167, 353, 255, 85, 328, 354, 548, 340, 447, 459, 39, 591, 219, 172, 149, 171, 306, 445, 482, 133, 335, 492, 308, 87, 228, 511]",600,30,0.7,,,,,2.0,0.005,,,6.075,0.482147318271244,0.9933333333333333,0.11333333333333333,4.3,0.0012722054636810363,0.0027495834333562063,0.19473684210526315,0.017543859649122806,0.0035087719298245615,0.0,2.0369718309859155,4.0,0.0035087719298245615,0.20701754385964913,8.321052631578947,0.18323197271182243,0.6492831375450929,0.003686868686868687,4.188505747126436,0.7710627785907602,0.0842105263157894,0.9614035087719298,0.9633333333333334,0.8509676250396296,26,True,2588.0
3,paper,paper_9,9,34,1782605504,1264325264,"[8, 24, 58, 67, 75, 87, 88, 94, 132, 133, 163, 223, 236, 282, 315, 335, 341, 356, 382, 383, 415, 429, 435, 454, 485, 512, 543, 559, 577, 597]","[84, 260, 278, 505, 17, 76, 268, 470, 560, 328, 287, 591, 160, 584, 594, 8, 520, 15, 579, 504, 175, 232, 545, 409, 75, 228, 410, 25, 344, 170]",600,30,0.7,,,,,2.0,0.005,,,6.075,0.482147318271244,0.9933333333333333,0.11333333333333333,6.2,0.0017067519451134652,0.005148843635316788,0.26842105263157895,0.03333333333333333,0.008771929824561403,0.0,1.9086115992970123,4.0,0.0017543859649122807,0.3719298245614035,10.401754385964912,0.24145356229782067,0.5370086023494589,0.005735070799141705,3.6576354679802954,0.8408764997898652,0.0894736842105263,0.9385964912280702,0.9416666666666668,0.8845100830076262,24,True,2588.0
3,paper,paper_9,9,35,1782605504,710451266,"[64, 76, 90, 93, 136, 141, 161, 165, 177, 186, 194, 199, 213, 216, 238, 313, 315, 337, 352, 364, 417, 422, 427, 433, 452, 457, 525, 561, 572, 597]","[111, 38, 188, 353, 24, 236, 555, 136, 197, 65, 356, 379, 551, 369, 432, 34, 594, 74, 382, 186, 244, 150, 492, 436, 310, 128, 293, 266, 103, 170]",600,30,0.7,,,,,2.0,0.005,,,6.075,0.482147318271244,0.9933333333333333,0.11333333333333333,6.133333333333334,0.0016922729885311028,0.004744656154494359,0.256140350877193,0.03333333333333333,0.0017543859649122807,0.0,1.9049295774647887,4.0,0.0035087719298245615,0.37543859649122807,10.847368421052632,0.23573142551059967,0.5546634600561157,0.003825799461008172,3.7241379310344827,0.7972967606569787,0.0947368421052631,0.9473684210526316,0.95,0.8525287909433246,26,True,2586.0
3,paper,paper_9,9,36,1782605504,714247146,"[0, 14, 19, 46, 47, 78, 111, 141, 173, 183, 196, 197, 210, 233, 258, 260, 282, 336, 401, 432, 435, 436, 466, 476, 497, 508, 515, 542, 576, 592]","[126, 574, 424, 438, 475, 481, 307, 236, 102, 577, 539, 366, 39, 449, 445, 576, 584, 256, 148, 488, 545, 258, 296, 13, 491, 302, 56, 247, 388, 343]",600,30,0.7,,,,,2.0,0.005,,,6.075,0.482147318271244,0.9933333333333333,0.11333333333333333,6.1,0.0016824724073955305,0.005042963023595196,0.256140350877193,0.04736842105263158,0.0035087719298245615,0.0,1.908450704225352,4.0,0.0035087719298245615,0.35964912280701755,10.533333333333333,0.23751182649855396,0.5547929577899053,0.006133840712430674,3.781609195402299,0.8312162232081034,0.0736842105263157,0.9456140350877194,0.9483333333333334,0.9584729169728234,30,False,2586.0
3,paper,paper_9,9,37,1782605504,1940472975,"[12, 31, 56, 94, 106, 121, 152, 153, 188, 190, 199, 204, 207, 220, 231, 264, 277, 309, 311, 324, 352, 399, 405, 417, 425, 441, 444, 480, 580, 597]","[407, 259, 322, 470, 320, 586, 466, 71, 444, 423, 379, 179, 355, 110, 533, 412, 281, 448, 389, 334, 382, 314, 325, 244, 451, 221, 166, 241, 107, 170]",600,30,0.7,,,,,2.0,0.005,,,6.075,0.482147318271244,0.9933333333333333,0.11333333333333333,5.766666666666667,0.0016104778304668816,0.004357848547651667,0.24561403508771928,0.031578947368421054,0.0017543859649122807,0.0,1.931338028169014,4.0,0.0035087719298245615,0.3280701754385965,10.208771929824561,0.22710137942354747,0.5702895199334012,0.004246147511867592,3.802298850574713,0.8346338148043206,0.075438596491228,0.2859649122807017,0.3216666666666666,0.9890842079184948,30,False,1624.0
3,paper,paper_9,9,38,1782605504,4220577442,"[6, 9, 19, 62, 65, 68, 91, 119, 158, 185, 208, 246, 248, 250, 252, 260, 268, 286, 326, 330, 336, 370, 372, 495, 510, 520, 528, 542, 576, 577]","[519, 582, 424, 130, 502, 209, 167, 561, 498, 487, 169, 54, 171, 306, 275, 576, 90, 370, 530, 415, 256, 419, 227, 483, 165, 80, 315, 247, 388, 344]",600,30,0.7,,,,,2.0,0.005,,,6.075,0.482147318271244,0.9933333333333333,0.11333333333333333,5.9,0.0016256700934968262,0.004651169094742983,0.25263157894736843,0.02982456140350877,0.0035087719298245615,0.0,1.9330985915492958,5.0,0.0035087719298245615,0.36666666666666664,10.585964912280701,0.2304542004139574,0.5600530324052663,0.004396727155347846,3.7241379310344827,0.7992475334032854,0.0789473684210526,0.9456140350877194,0.9483333333333334,0.9047311660833656,28,True,2588.0
3,paper,paper_9,9,39,1782605504,4294831070,"[66, 69, 74, 130, 140, 142, 185, 205, 210, 272, 291, 292, 302, 310, 323, 343, 351, 364, 390, 392, 395, 414, 433, 457, 462, 493, 502, 524, 541, 586]","[349, 254, 589, 317, 592, 521, 487, 207, 39, 4, 517, 70, 337, 49, 437, 33, 455, 186, 178, 342, 569, 125, 436, 128, 89, 357, 230, 563, 323, 489]",600,30,0.7,,,,,2.0,0.005,,,6.075,0.482147318271244,0.9933333333333333,0.11333333333333333,6.033333333333333,0.0016468987482717021,0.005201806403927575,0.2649122807017544,0.03508771929824561,0.0035087719298245615,0.0,1.908450704225352,4.0,0.0035087719298245615,0.3736842105263158,10.626315789473685,0.23942020095816205,0.5421823451422934,0.004870249329769569,3.7701149425287355,0.7579849104127815,0.0736842105263157,0.9491228070175438,0.9516666666666668,0.7420474170939997,23,True,2586.0
3,paper,paper_9,9,40,1782605504,183973466,"[2, 10, 15, 48, 76, 77, 86, 88, 143, 212, 257, 276, 293, 339, 361, 377, 390, 391, 413, 418, 434, 442, 444, 456, 470, 491, 516, 549, 559, 569]","[280, 30, 112, 352, 38, 57, 480, 268, 463, 575, 535, 595, 288, 431, 133, 471, 178, 29, 393, 214, 477, 326, 166, 418, 10, 506, 316, 425, 25, 540]",600,30,0.7,,,,,2.0,0.005,,,6.075,0.482147318271244,0.9933333333333333,0.11333333333333333,6.0,0.0016605698724571868,0.0046708726134262685,0.2649122807017544,0.04035087719298246,0.007017543859649123,0.0,1.8855633802816902,4.0,0.0035087719298245615,0.3736842105263158,10.74736842105263,0.24497077689747135,0.5416828538833903,0.005957707306591688,3.7103448275862068,0.7817375644008057,0.0894736842105263,0.9403508771929824,0.9433333333333334,0.9261375829810276,29,True,2588.0
3,paper,paper_9,9,41,1782605504,942032722,"[23, 60, 83, 116, 142, 146, 147, 172, 182, 211, 251, 260, 265, 271, 298, 307, 309, 311, 321, 366, 379, 386, 411, 433, 463, 483, 518, 527, 577, 595]","[143, 330, 180, 332, 521, 276, 365, 514, 381, 377, 313, 576, 195, 496, 286, 550, 448, 389, 542, 264, 40, 158, 20, 436, 494, 309, 23, 72, 344, 465]",600,30,0.7,,,,,2.0,0.005,,,6.075,0.482147318271244,0.9933333333333333,0.11333333333333333,5.466666666666667,0.0015436380662307008,0.003239340018477106,0.22982456140350876,0.03859649122807018,0.0017543859649122807,0.0,1.9559859154929577,4.0,0.0035087719298245615,0.3,9.405263157894737,0.21744890463076236,0.5941479357444578,0.0044626793460464855,3.928735632183908,0.847485528171486,0.0807017543859649,0.9526315789473684,0.955,0.9644941249862312,30,False,2588.0
3,paper,paper_9,9,42,1782605504,1164967482,"[32, 39, 46, 53, 97, 133, 151, 175, 183, 187, 194, 196, 223, 255, 263, 308, 324, 345, 356, 364, 427, 428, 439, 445, 468, 476, 514, 515, 536, 568]","[196, 183, 438, 238, 101, 328, 182, 457, 577, 546, 356, 539, 591, 522, 173, 441, 334, 7, 15, 186, 492, 567, 67, 361, 226, 13, 44, 56, 295, 242]",600,30,0.7,,,,,2.0,0.005,,,6.075,0.482147318271244,0.9933333333333333,0.11333333333333333,6.233333333333333,0.001677765533532446,0.004327788894454995,0.27017543859649124,0.03684210526315789,0.0035087719298245615,0.0,1.897887323943662,4.0,0.0035087719298245615,0.41754385964912283,11.219298245614034,0.24702315233124839,0.5341719853235902,0.0046692503906659985,3.7057471264367816,0.7898134116323369,0.0929824561403508,0.9421052631578948,0.945,0.9497355839703232,30,False,2588.0
3,paper,paper_9,9,43,1782605504,2869974265,"[15, 28, 31, 36, 80, 89, 91, 97, 104, 114, 124, 126, 135, 140, 152, 172, 191, 210, 267, 353, 365, 369, 370, 397, 460, 506, 536, 546, 582, 598]","[112, 269, 259, 383, 525, 588, 167, 101, 55, 164, 41, 63, 411, 592, 466, 514, 189, 39, 515, 467, 430, 98, 419, 187, 528, 583, 295, 251, 22, 303]",600,30,0.7,,,,,2.0,0.005,,,6.075,0.482147318271244,0.9933333333333333,0.11333333333333333,5.766666666666667,0.001594831301574045,0.0043617405301641255,0.25263157894736843,0.042105263157894736,0.005263157894736842,0.0,1.9295774647887325,4.0,0.0035087719298245615,0.3473684210526316,10.524561403508772,0.23455183962743573,0.5598002034964388,0.0062769858675698325,3.7586206896551726,0.8162495251588201,0.0736842105263157,0.9403508771929824,0.9433333333333334,0.7587372079724446,23,True,2588.0
3,paper,paper_9,9,44,1782605504,3157171877,"[15, 16, 101, 149, 181, 185, 218, 225, 232, 261, 267, 294, 296, 298, 318, 321, 329, 374, 400, 408, 428, 445, 450, 475, 525, 526, 537, 539, 545, 569]","[112, 127, 255, 359, 203, 487, 532, 219, 593, 104, 515, 390, 212, 286, 348, 542, 191, 440, 570, 384, 567, 361, 371, 199, 293, 553, 373, 116, 385, 540]",600,30,0.7,,,,,2.0,0.005,,,6.075,0.482147318271244,0.9933333333333333,0.11333333333333333,6.066666666666666,0.0016513863491941687,0.004714388481672012,0.24912280701754386,0.04736842105263158,0.007017543859649123,0.0,1.9383802816901408,4.0,0.0035087719298245615,0.37543859649122807,10.624561403508771,0.23265295269428035,0.5651342768168224,0.00635860663090856,3.7517241379310344,0.7953219645601234,0.0842105263157894,0.9473684210526316,0.95,0.5067532500252128,15,True,2588.0
3,paper,paper_9,9,45,1782605504,3084940724,"[21, 37, 42, 102, 128, 129, 131, 135, 193, 223, 234, 240, 248, 257, 281, 358, 374, 411, 416, 420, 426, 429, 459, 475, 491, 504, 535, 572, 576, 577]","[50, 184, 568, 559, 527, 88, 213, 411, 234, 591, 427, 300, 171, 535, 250, 598, 440, 20, 243, 77, 479, 232, 73, 199, 506, 87, 478, 103, 388, 344]",600,30,0.7,,,,,2.0,0.005,,,6.075,0.482147318271244,0.9933333333333333,0.11333333333333333,5.8,0.001637290284677402,0.004225112448024099,0.24035087719298245,0.04736842105263158,0.0035087719298245615,0.0,1.9225352112676057,4.0,0.0035087719298245615,0.356140350877193,10.529824561403508,0.22931714730448735,0.5780223846082694,0.005731056937953491,3.760919540229885,0.739600620767281,0.0859649122807017,0.950877192982456,0.9533333333333334,0.9630487080430612,30,True,2586.0
3,paper,paper_9,9,46,1782605504,1467061592,"[38, 47, 50, 54, 67, 149, 156, 170, 185, 190, 193, 198, 253, 264, 294, 314, 326, 327, 371, 383, 393, 432, 481, 497, 523, 527, 543, 586, 589, 593]","[3, 475, 304, 45, 505, 359, 340, 61, 487, 423, 234, 224, 153, 412, 390, 190, 530, 446, 274, 504, 245, 488, 223, 491, 18, 72, 410, 489, 590, 403]",600,30,0.7,,,,,2.0,0.005,,,6.075,0.482147318271244,0.9933333333333333,0.11333333333333333,6.366666666666666,0.0017356224932150665,0.004974934817996738,0.2894736842105263,0.028070175438596492,0.005263157894736842,0.0,1.852112676056338,4.0,0.0035087719298245615,0.387719298245614,10.803508771929824,0.25249018560864567,0.5073782875466346,0.005883515590412142,3.7379310344827585,0.8030314683955784,0.1,0.950877192982456,0.9533333333333334,0.5753500839928165,17,True,2586.0
3,paper,paper_9,9,47,1782605504,3066549879,"[14, 15, 34, 47, 59, 84, 97, 137, 155, 164, 173, 175, 224, 317, 321, 323, 367, 369, 382, 402, 436, 445, 491, 492, 511, 537, 540, 550, 551, 565]","[574, 112, 93, 475, 524, 48, 101, 35, 548, 447, 102, 457, 442, 468, 542, 437, 297, 98, 579, 261, 258, 361, 506, 572, 299, 373, 225, 118, 311, 312]",600,30,0.7,,,,,2.0,0.005,,,6.075,0.482147318271244,0.9933333333333333,0.11333333333333333,5.6,0.0015507698248338833,0.004161793460567846,0.24561403508771928,0.028070175438596492,0.0,0.0,1.9348591549295775,4.0,0.0035087719298245615,0.36140350877192984,10.378947368421052,0.2263201250265495,0.5703388524034163,0.0034106004568799485,3.7632183908045977,0.8696537528092798,0.0701754385964912,0.3052631578947368,0.34,1.0160100830253214,30,False,1660.0
3,paper,paper_9,9,48,1782605504,2120201295,"[48, 110, 121, 124, 125, 129, 137, 160, 174, 196, 209, 215, 314, 315, 340, 345, 355, 371, 376, 402, 408, 439, 443, 500, 512, 527, 532, 538, 571, 575]","[352, 421, 586, 41, 282, 88, 35, 339, 408, 539, 459, 509, 190, 594, 6, 7, 473, 274, 347, 261, 384, 67, 79, 222, 228, 72, 138, 1, 580, 395]",600,30,0.7,,,,,2.0,0.005,,,6.075,0.482147318271244,0.9933333333333333,0.11333333333333333,6.033333333333333,0.001668238575219178,0.004467627696722229,0.256140350877193,0.042105263157894736,0.0017543859649122807,0.0,1.8767605633802817,4.0,0.0035087719298245615,0.34385964912280703,10.550877192982457,0.23725153858716816,0.5547127925261308,0.005478093527095342,3.7632183908045977,0.8376850630044613,0.0859649122807017,0.9403508771929824,0.9433333333333334,0.7211419579107314,22,True,2588.0
3,paper,paper_9,9,49,1782605504,3584915883,"[0, 41, 63, 102, 103, 119, 129, 134, 147, 149, 157, 158, 178, 253, 280, 289, 291, 311, 315, 402, 433, 464, 467, 547, 550, 563, 565, 569, 581, 586]","[126, 198, 141, 559, 85, 561, 88, 501, 365, 359, 319, 498, 115, 153, 435, 121, 517, 389, 594, 261, 436, 96, 144, 416, 118, 292, 312, 540, 231, 489]",600,30,0.7,,,,,2.0,0.005,,,6.075,0.482147318271244,0.9933333333333333,0.11333333333333333,6.0,0.0016521267010528014,0.0048755944924450375,0.256140350877193,0.04035087719298246,0.0035087719298245615,0.0,1.8961267605633803,4.0,0.0035087719298245615,0.36666666666666664,10.573684210526316,0.23781907188009346,0.5545647951160855,0.0051855975892487055,3.7149425287356324,0.8748199856915387,0.0894736842105263,0.9491228070175438,0.9516666666666668,0.6041822499828413,19,True,2588.0
3,paper,paper_10,10,0,1829992609,3145723543,"[3, 24, 39, 50, 108, 116, 127, 198, 206, 249, 251, 259, 301, 349, 373, 387, 407, 420, 423, 447, 450, 458, 474, 500, 531, 540, 546, 576, 578, 582]","[531, 88, 135, 414, 194, 254, 370, 350, 67, 107, 64, 191, 82, 583, 151, 451, 463, 237, 587, 60, 181, 266, 154, 329, 227, 173, 100, 548, 31, 310]",600,30,0.7,,,,,2.0,0.005,,,5.736666666666666,0.486463264620987,0.995,0.20333333333333334,6.1,0.0017600928698101729,0.005250800260324892,0.2631578947368421,0.03859649122807018,0.0017543859649122807,0.0,1.9171075837742504,4.0,0.005263157894736842,0.3473684210526316,9.85438596491228,0.2422581372814318,0.5444023062929733,0.004646659916757066,3.8,0.8687440595124726,0.0771929824561403,0.9649122807017544,0.9666666666666668,0.8383994169998914,26,True,2384.0
3,paper,paper_10,10,1,1829992609,2691845033,"[4, 8, 56, 100, 116, 140, 149, 150, 155, 171, 181, 186, 323, 361, 378, 389, 395, 430, 441, 464, 473, 490, 504, 511, 514, 517, 550, 555, 566, 598]","[371, 579, 202, 527, 254, 514, 287, 321, 346, 184, 376, 399, 248, 589, 84, 386, 121, 113, 270, 546, 403, 324, 155, 486, 379, 170, 201, 127, 37, 91]",600,30,0.7,,,,,2.0,0.005,,,5.736666666666666,0.486463264620987,0.995,0.20333333333333334,5.533333333333333,0.0016319411181381284,0.004635716413735183,0.24912280701754386,0.03508771929824561,0.0,0.0,1.9330985915492958,4.0,0.0035087719298245615,0.3140350877192982,9.324561403508772,0.2307241252637503,0.5649739462892732,0.003896864911063694,3.8423645320197046,0.8676716208215942,0.0824561403508772,0.9666666666666668,0.9683333333333334,0.9676191669423132,30,True,2380.0
3,paper,paper_10,10,2,1829992609,2996239027,"[8, 16, 31, 34, 66, 210, 260, 273, 288, 293, 307, 319, 334, 346, 364, 383, 428, 434, 445, 456, 464, 475, 477, 482, 487, 528, 532, 559, 565, 573]","[579, 112, 268, 55, 101, 378, 581, 521, 44, 545, 377, 235, 280, 231, 3, 272, 195, 238, 308, 87, 546, 456, 255, 99, 221, 491, 183, 500, 554, 571]",600,30,0.7,,,,,2.0,0.005,,,5.736666666666666,0.486463264620987,0.995,0.20333333333333334,5.066666666666666,0.0014895991994286913,0.003100685387203122,0.22456140350877193,0.03684210526315789,0.0017543859649122807,0.0,2.00352733686067,4.0,0.005263157894736842,0.2736842105263158,8.935087719298245,0.21536264408055816,0.6020719637406345,0.004804971529109461,3.8942528735632185,0.8365173958691676,0.0684210526315789,0.1649122807017544,0.2066666666666666,0.9817970839794724,30,False,1460.0
3,paper,paper_10,10,3,1829992609,2756122864,"[13, 31, 56, 90, 103, 109, 125, 151, 193, 200, 212, 221, 238, 304, 318, 326, 341, 355, 370, 378, 390, 404, 413, 443, 474, 476, 489, 512, 519, 539]","[384, 268, 202, 42, 362, 131, 297, 122, 20, 305, 244, 90, 15, 489, 426, 428, 165, 417, 387, 84, 345, 9, 442, 279, 154, 69, 509, 298, 17, 306]",600,30,0.7,,,,,2.0,0.005,,,5.736666666666666,0.486463264620987,0.995,0.20333333333333334,5.6,0.0016487826227913568,0.003907830821896972,0.25087719298245614,0.028070175438596492,0.0017543859649122807,0.0,1.9223985890652557,4.0,0.005263157894736842,0.2824561403508772,9.10701754385965,0.230334479408811,0.5624271575247434,0.003986847424981299,3.914942528735632,0.8441671020340275,0.0894736842105263,0.9736842105263158,0.975,0.9544571249280124,30,False,2384.0
3,paper,paper_10,10,4,1829992609,3798384687,"[11, 36, 56, 82, 105, 140, 158, 192, 267, 304, 320, 355, 359, 368, 394, 412, 420, 427, 477, 483, 490, 515, 533, 535, 538, 547, 561, 570, 573, 598]","[425, 537, 202, 132, 108, 514, 415, 468, 319, 489, 187, 417, 246, 547, 175, 508, 237, 541, 255, 41, 324, 45, 421, 94, 247, 492, 120, 574, 571, 91]",600,30,0.7,,,,,2.0,0.005,,,5.736666666666666,0.486463264620987,0.995,0.20333333333333334,6.0,0.0017502941735843683,0.005128672778484138,0.2543859649122807,0.03508771929824561,0.0017543859649122807,0.0,1.947089947089947,4.0,0.005263157894736842,0.2807017543859649,9.18421052631579,0.23270962059678946,0.5574014121419542,0.004739573792400319,3.839080459770115,0.8239931050174222,0.0736842105263157,0.231578947368421,0.27,0.9789388339268044,30,True,1560.0
3,paper,paper_10,10,5,1829992609,1433611626,"[80, 87, 115, 120, 140, 149, 155, 160, 164, 168, 240, 255, 292, 295, 307, 323, 337, 340, 343, 349, 350, 380, 410, 423, 426, 451, 497, 522, 542, 548]","[196, 203, 398, 251, 514, 287, 346, 26, 75, 402, 56, 528, 72, 4, 377, 248, 348, 125, 124, 583, 567, 289, 434, 587, 558, 542, 368, 562, 453, 349]",600,30,0.7,,,,,2.0,0.005,,,5.736666666666666,0.486463264620987,0.995,0.20333333333333334,6.833333333333333,0.0019363655398972207,0.007132425873363948,0.2912280701754386,0.04736842105263158,0.007017543859649123,0.0,1.8853615520282188,4.0,0.005263157894736842,0.3543859649122807,10.287719298245614,0.2627523181658513,0.5045293374032621,0.005718908453791012,3.696551724137931,0.8198105376305928,0.0929824561403508,0.9719298245614036,0.9733333333333334,1.0181059159804136,30,True,2382.0
3,paper,paper_10,10,6,1829992609,2637395983,"[6, 39, 118, 128, 130, 168, 196, 204, 255, 273, 276, 284, 315, 377, 382, 391, 407, 430, 444, 453, 458, 473, 477, 480, 519, 522, 528, 530, 555, 566]","[363, 135, 96, 34, 560, 402, 172, 353, 528, 521, 35, 293, 389, 61, 309, 117, 463, 113, 410, 179, 266, 403, 255, 513, 17, 562, 491, 11, 127, 37]",600,30,0.7,,,,,2.0,0.005,,,5.736666666666666,0.486463264620987,0.995,0.20333333333333334,6.0,0.0017529183868690596,0.006053025537070084,0.2596491228070175,0.02982456140350877,0.0017543859649122807,0.0,1.9225352112676057,4.0,0.0035087719298245615,0.3087719298245614,9.14561403508772,0.23446397960224627,0.5497733789658681,0.003937492567256632,3.7857142857142856,0.8239931050174221,0.0771929824561403,0.375438596491228,0.4066666666666667,0.9701474170433356,30,False,1670.0
3,paper,paper_10,10,7,1829992609,2071784416,"[7, 44, 75, 102, 127, 146, 160, 170, 187, 266, 275, 294, 330, 344, 355, 359, 376, 393, 412, 421, 426, 466, 479, 511, 521, 540, 544, 557, 570, 580]","[253, 493, 438, 578, 370, 86, 26, 342, 162, 215, 591, 39, 126, 156, 417, 246, 281, 318, 508, 277, 558, 278, 158, 486, 93, 173, 586, 159, 574, 25]",600,30,0.7,,,,,2.0,0.005,,,5.736666666666666,0.486463264620987,0.995,0.20333333333333334,5.633333333333334,0.0016716316992418721,0.0049168629255539,0.23333333333333334,0.03508771929824561,0.007017543859649123,0.0,1.998236331569665,4.0,0.005263157894736842,0.2771929824561403,8.570175438596491,0.2179662794561821,0.5888631948940893,0.005840509827645517,3.9310344827586206,0.7599201991216339,0.075438596491228,0.3210526315789473,0.355,0.9591147920582443,30,False,1592.0
3,paper,paper_10,10,8,1829992609,1209238889,"[39, 46, 48, 59, 62, 70, 132, 165, 190, 212, 216, 273, 276, 288, 334, 341, 362, 401, 415, 423, 432, 437, 445, 511, 517, 518, 526, 528, 561, 596]","[135, 134, 233, 418, 519, 186, 115, 437, 130, 244, 365, 521, 35, 44, 280, 165, 13, 152, 458, 587, 245, 333, 308, 486, 170, 143, 569, 491, 120, 226]",600,30,0.7,,,,,2.0,0.005,,,5.736666666666666,0.486463264620987,0.995,0.20333333333333334,5.166666666666667,0.0015243607442685498,0.0032498014270987805,0.21929824561403508,0.02631578947368421,0.0017543859649122807,0.0,2.0246913580246915,4.0,0.005263157894736842,0.3,9.210526315789474,0.20645352313274465,0.6104091511731878,0.004035951277330588,3.8344827586206898,0.8603789247388142,0.0824561403508772,0.787719298245614,0.7983333333333333,0.9550918750464916,30,False,2092.0
3,paper,paper_10,10,9,1829992609,90024642,"[28, 30, 48, 61, 79, 98, 106, 109, 117, 120, 125, 139, 150, 155, 163, 179, 188, 309, 313, 364, 368, 373, 375, 384, 395, 469, 477, 526, 531, 584]","[62, 167, 233, 257, 30, 340, 322, 131, 487, 251, 297, 51, 321, 346, 561, 439, 462, 394, 312, 3, 547, 151, 206, 49, 121, 552, 255, 569, 227, 80]",600,30,0.7,,,,,2.0,0.005,,,5.736666666666666,0.486463264620987,0.995,0.20333333333333334,5.266666666666667,0.0015607548720874959,0.004856136023748263,0.23157894736842105,0.02631578947368421,0.0017543859649122807,0.0,1.9576719576719577,4.0,0.005263157894736842,0.2719298245614035,8.650877192982456,0.2093088751230466,0.5920513057688157,0.004858021926987445,3.9770114942528734,0.7511980542658959,0.0684210526315789,0.1736842105263158,0.215,1.0127409159904346,30,False,1456.0
3,paper,paper_10,10,10,1829992609,985763477,"[13, 46, 81, 113, 120, 123, 128, 192, 199, 211, 258, 319, 323, 326, 350, 362, 401, 404, 427, 430, 436, 464, 466, 468, 498, 512, 519, 526, 562, 599]","[384, 134, 102, 292, 251, 76, 34, 468, 23, 325, 157, 235, 248, 428, 567, 13, 152, 9, 541, 113, 341, 546, 278, 271, 296, 298, 17, 569, 436, 556]",600,30,0.7,,,,,2.0,0.005,,,5.736666666666666,0.486463264620987,0.995,0.20333333333333334,6.366666666666666,0.001813079455574285,0.005659823125386664,0.2649122807017544,0.0456140350877193,0.0035087719298245615,0.0,1.927689594356261,4.0,0.005263157894736842,0.3684210526315789,10.177192982456141,0.24549069170307874,0.5417260197946536,0.006189549540408941,3.632183908045977,0.8419090189539441,0.0789473684210526,0.9736842105263158,0.975,0.8305501659633592,26,True,2384.0
3,paper,paper_10,10,11,1829992609,695866019,"[13, 43, 64, 90, 122, 175, 176, 224, 226, 233, 249, 260, 267, 282, 294, 308, 309, 345, 353, 390, 412, 415, 424, 425, 452, 469, 482, 496, 510, 578]","[384, 533, 216, 42, 373, 5, 435, 57, 282, 590, 107, 581, 319, 182, 39, 443, 394, 464, 24, 345, 508, 458, 534, 189, 375, 552, 99, 496, 178, 31]",600,30,0.7,,,,,2.0,0.005,,,5.736666666666666,0.486463264620987,0.995,0.20333333333333334,5.433333333333334,0.0016011212423279097,0.004822490552768964,0.24385964912280703,0.02631578947368421,0.005263157894736842,0.0,1.9541446208112874,4.0,0.005263157894736842,0.2824561403508772,9.192982456140351,0.22350997927247268,0.5730706379305028,0.005035918742815295,3.802298850574713,0.8065722266146883,0.0701754385964912,0.2929824561403509,0.3283333333333333,0.9838917499873788,30,False,1562.0
3,paper,paper_10,10,12,1829992609,3286115152,"[45, 49, 52, 62, 71, 92, 93, 96, 107, 120, 137, 188, 189, 192, 264, 269, 282, 289, 310, 400, 424, 433, 440, 455, 472, 495, 539, 543, 585, 595]","[599, 447, 40, 519, 256, 54, 459, 147, 588, 251, 171, 462, 218, 468, 369, 73, 182, 354, 18, 352, 534, 544, 530, 258, 412, 449, 306, 388, 485, 517]",600,30,0.7,,,,,2.0,0.005,,,5.736666666666666,0.486463264620987,0.995,0.20333333333333334,6.366666666666666,0.0018181165978963197,0.00499123732110965,0.2824561403508772,0.03333333333333333,0.0017543859649122807,0.0,1.8659611992945326,4.0,0.005263157894736842,0.3649122807017544,10.52280701754386,0.254805458355134,0.5165849597632042,0.004512810406639808,3.731034482758621,0.7898653683761134,0.087719298245614,0.968421052631579,0.97,0.9614984169602394,30,False,2384.0
3,paper,paper_10,10,13,1829992609,2703562721,"[29, 43, 109, 119, 134, 143, 146, 152, 172, 197, 226, 243, 244, 308, 314, 323, 338, 381, 419, 442, 447, 452, 456, 474, 489, 493, 503, 508, 536, 555]","[92, 533, 131, 119, 58, 316, 86, 505, 199, 543, 282, 211, 104, 443, 208, 248, 553, 265, 566, 470, 60, 375, 87, 154, 509, 109, 174, 494, 424, 127]",600,30,0.7,,,,,2.0,0.005,,,5.736666666666666,0.486463264620987,0.995,0.20333333333333334,5.066666666666666,0.0015312734771923172,0.0040587437257478855,0.22807017543859648,0.02456140350877193,0.007017543859649123,0.0,2.017636684303351,4.0,0.005263157894736842,0.23333333333333334,8.203508771929824,0.21218463214353447,0.5969167206240558,0.004441264118054979,4.029885057471264,0.7613262365858496,0.0666666666666666,0.1982456140350877,0.2383333333333333,0.9865837909746916,30,False,1502.0
3,paper,paper_10,10,14,1829992609,4126150191,"[35, 45, 60, 66, 77, 87, 92, 121, 126, 128, 165, 183, 185, 216, 226, 293, 319, 329, 347, 348, 353, 364, 406, 424, 434, 447, 467, 491, 528, 583]","[452, 599, 429, 101, 478, 203, 54, 65, 276, 34, 437, 383, 243, 365, 282, 545, 235, 474, 338, 250, 24, 3, 36, 534, 238, 60, 433, 580, 491, 149]",600,30,0.7,,,,,2.0,0.005,,,5.736666666666666,0.486463264620987,0.995,0.20333333333333334,6.1,0.0017481869050600307,0.0053311901382527335,0.2719298245614035,0.03508771929824561,0.0035087719298245615,0.0,1.8924162257495591,4.0,0.005263157894736842,0.36140350877192984,10.291228070175439,0.24892027614429374,0.5315388647365338,0.003825540960429399,3.7264367816091952,0.8337642772552963,0.0719298245614035,0.7035087719298245,0.7183333333333334,0.971783583983779,30,False,1948.0
3,paper,paper_10,10,15,1829992609,368875060,"[49, 58, 63, 67, 72, 92, 97, 106, 119, 127, 128, 144, 185, 186, 219, 232, 324, 340, 367, 378, 428, 470, 487, 493, 524, 542, 562, 571, 573, 584]","[447, 323, 524, 1, 111, 54, 139, 322, 119, 370, 34, 595, 243, 399, 374, 164, 77, 125, 6, 84, 195, 145, 221, 109, 337, 453, 436, 71, 571, 80]",600,30,0.7,,,,,2.0,0.005,,,5.736666666666666,0.486463264620987,0.995,0.20333333333333334,5.366666666666666,0.0015716584522072379,0.0034611426777936788,0.24561403508771928,0.028070175438596492,0.0017543859649122807,0.0,1.9576719576719577,4.0,0.005263157894736842,0.2964912280701754,9.289473684210526,0.2257143162426089,0.5703265192859125,0.0037811026401290094,3.949425287356322,0.7642997482747318,0.0736842105263157,0.2473684210526315,0.285,0.9661210830090567,30,False,1538.0
3,paper,paper_10,10,16,1829992609,1513965857,"[24, 29, 36, 62, 65, 76, 80, 89, 92, 96, 164, 173, 176, 230, 264, 289, 333, 366, 389, 419, 426, 458, 481, 489, 490, 504, 527, 536, 578, 599]","[88, 92, 537, 519, 465, 168, 196, 422, 54, 147, 75, 598, 435, 89, 369, 354, 409, 347, 386, 566, 558, 266, 288, 509, 324, 155, 142, 424, 31, 556]",600,30,0.7,,,,,2.0,0.005,,,5.736666666666666,0.486463264620987,0.995,0.20333333333333334,5.166666666666667,0.0015358949273627173,0.0037550289891867695,0.22631578947368422,0.03508771929824561,0.0035087719298245615,0.0,2.017636684303351,4.0,0.005263157894736842,0.2807017543859649,8.708771929824561,0.21387532132062334,0.5995621743286159,0.006093969887073335,3.8666666666666667,0.7822156622112537,0.0771929824561403,0.387719298245614,0.4183333333333333,0.9650388340232894,30,False,1624.0
3,paper,paper_10,10,17,1829992609,4101637484,"[0, 7, 8, 49, 118, 129, 133, 138, 145, 157, 164, 175, 204, 235, 287, 303, 358, 361, 375, 389, 436, 444, 453, 454, 476, 511, 513, 517, 525, 570]","[141, 253, 579, 447, 96, 427, 21, 430, 68, 408, 75, 5, 353, 176, 267, 572, 228, 589, 206, 386, 341, 410, 179, 190, 69, 486, 330, 170, 406, 574]",600,30,0.7,,,,,2.0,0.005,,,5.736666666666666,0.486463264620987,0.995,0.20333333333333334,5.833333333333333,0.0016976950151810846,0.004543245291056247,0.24035087719298245,0.043859649122807015,0.005263157894736842,0.0,1.948943661971831,4.0,0.0035087719298245615,0.312280701754386,9.440350877192982,0.22592123829372354,0.5781210495482996,0.00660923780599237,3.773399014778325,0.7769840674422882,0.075438596491228,0.3807017543859649,0.4116666666666667,0.9572594580240548,30,False,1614.0
3,paper,paper_10,10,18,1829992609,2690172501,"[1, 2, 36, 47, 59, 75, 94, 100, 107, 138, 150, 176, 188, 234, 274, 275, 286, 312, 337, 355, 379, 381, 383, 403, 472, 491, 521, 547, 552, 556]","[538, 242, 537, 401, 418, 438, 597, 527, 588, 430, 321, 435, 462, 450, 114, 591, 53, 205, 348, 417, 161, 265, 272, 499, 412, 580, 93, 492, 307, 511]",600,30,0.7,,,,,2.0,0.005,,,5.736666666666666,0.486463264620987,0.995,0.20333333333333334,5.3,0.0015863902110014884,0.004477774074618547,0.23333333333333334,0.03859649122807018,0.0035087719298245615,0.0,1.9647887323943662,4.0,0.0035087719298245615,0.2807017543859649,8.473684210526315,0.21929230337919745,0.588826195541578,0.005948804970103145,3.958128078817734,0.8474976238049889,0.0736842105263157,0.3140350877192982,0.3483333333333333,1.011449082987383,30,False,1572.0
3,paper,paper_10,10,19,1829992609,3311717258,"[18, 26, 39, 41, 63, 112, 126, 139, 206, 212, 239, 249, 272, 273, 277, 350, 352, 373, 407, 418, 440, 464, 475, 493, 499, 539, 564, 578, 586, 588]","[559, 2, 135, 188, 524, 249, 276, 51, 67, 244, 274, 107, 47, 521, 476, 567, 396, 151, 463, 339, 530, 546, 456, 109, 198, 306, 214, 31, 38, 525]",600,30,0.7,,,,,2.0,0.005,,,5.736666666666666,0.486463264620987,0.995,0.20333333333333334,5.5,0.001615736085024183,0.004523498411526818,0.24385964912280703,0.03684210526315789,0.0035087719298245615,0.0,1.9523809523809523,3.0,0.005263157894736842,0.3,9.326315789473684,0.2280588000353377,0.5729103074029538,0.005605204529492386,3.9586206896551723,0.7655088039726788,0.0807017543859649,0.2789473684210526,0.315,0.8860945829655975,27,True,1562.0
3,paper,paper_10,10,20,1829992609,3400649607,"[14, 40, 51, 54, 68, 78, 85, 89, 142, 151, 158, 168, 196, 211, 270, 320, 369, 400, 412, 421, 428, 471, 487, 492, 504, 513, 557, 560, 563, 598]","[153, 10, 128, 33, 263, 46, 510, 422, 22, 122, 415, 402, 172, 325, 261, 187, 136, 352, 508, 277, 195, 444, 221, 240, 155, 330, 159, 29, 594, 91]",600,30,0.7,,,,,2.0,0.005,,,5.736666666666666,0.486463264620987,0.995,0.20333333333333334,5.4,0.001604785068140163,0.003519084194669152,0.23508771929824562,0.031578947368421054,0.0,0.0,1.9541446208112874,4.0,0.005263157894736842,0.30350877192982456,9.166666666666666,0.21968524755406169,0.5861807418370178,0.004295383078344539,3.8482758620689657,0.8194535275485133,0.0789473684210526,0.3280701754385965,0.3616666666666667,0.970580416964367,30,False,1582.0
3,paper,paper_10,10,21,1829992609,1986687675,"[3, 12, 42, 55, 71, 122, 169, 194, 224, 278, 288, 292, 303, 309, 311, 313, 318, 334, 346, 349, 350, 374, 381, 394, 433, 463, 502, 543, 558, 571]","[531, 327, 391, 497, 256, 373, 19, 43, 57, 166, 44, 72, 572, 394, 207, 312, 426, 280, 231, 583, 567, 123, 265, 175, 544, 291, 169, 388, 411, 71]",600,30,0.7,,,,,2.0,0.005,,,5.736666666666666,0.486463264620987,0.995,0.20333333333333334,6.166666666666667,0.0017592683588000604,0.005505375371282508,0.27017543859649124,0.04035087719298246,0.005263157894736842,0.0,1.9135802469135803,4.0,0.005263157894736842,0.3719298245614035,10.249122807017544,0.247858396925432,0.5342151512348534,0.005281845225226476,3.7425287356321837,0.7825726722933332,0.0859649122807017,0.2649122807017544,0.3016666666666667,0.8629204169847071,27,True,1558.0
3,paper,paper_10,10,22,1829992609,1033978891,"[36, 43, 53, 68, 97, 124, 141, 145, 183, 208, 224, 263, 273, 275, 298, 309, 353, 359, 378, 427, 432, 443, 456, 468, 507, 517, 556, 559, 576, 598]","[537, 533, 200, 263, 139, 503, 294, 68, 383, 210, 57, 361, 521, 591, 138, 394, 24, 246, 84, 541, 245, 279, 87, 271, 502, 170, 511, 500, 548, 91]",600,30,0.7,,,,,2.0,0.005,,,5.736666666666666,0.486463264620987,0.995,0.20333333333333334,5.333333333333333,0.0015681946209419066,0.004468700868237645,0.22982456140350876,0.03684210526315789,0.0035087719298245615,0.0,1.9717813051146384,4.0,0.005263157894736842,0.30350877192982456,9.238596491228071,0.21735321590322393,0.5941417691857059,0.005716967979965738,3.905747126436782,0.8004885862298553,0.0684210526315789,0.3368421052631579,0.37,0.9637837080517784,30,False,1652.0
3,paper,paper_10,10,23,1829992609,616685783,"[20, 27, 47, 103, 116, 129, 141, 168, 196, 222, 249, 275, 278, 299, 305, 311, 330, 333, 336, 350, 358, 392, 406, 452, 460, 474, 476, 486, 543, 572]","[482, 355, 401, 362, 254, 427, 294, 402, 172, 563, 107, 591, 166, 351, 48, 207, 126, 409, 518, 567, 228, 193, 36, 375, 225, 154, 69, 364, 388, 360]",600,30,0.7,,,,,2.0,0.005,,,5.736666666666666,0.486463264620987,0.995,0.20333333333333334,5.866666666666666,0.0016913814138701966,0.00532457104526634,0.24561403508771928,0.04035087719298246,0.005263157894736842,0.0,1.9559082892416226,4.0,0.005263157894736842,0.36140350877192984,9.573684210526316,0.2277135599173558,0.5705855147534918,0.005719854821997298,3.7586206896551726,0.7724444899733796,0.0596491228070175,0.1666666666666666,0.2083333333333333,0.967364750104025,30,False,1474.0
3,paper,paper_10,10,24,1829992609,1412276726,"[77, 119, 192, 202, 209, 210, 212, 253, 278, 307, 345, 383, 385, 405, 411, 413, 431, 434, 447, 453, 458, 483, 496, 501, 508, 521, 547, 569, 570, 580]","[478, 119, 468, 539, 575, 378, 244, 466, 166, 377, 464, 272, 300, 98, 441, 442, 507, 238, 60, 179, 266, 41, 496, 192, 494, 93, 492, 106, 574, 25]",600,30,0.7,,,,,2.0,0.005,,,5.736666666666666,0.486463264620987,0.995,0.20333333333333334,5.9,0.0017288185222203425,0.004445590925238903,0.256140350877193,0.04035087719298246,0.007017543859649123,0.0,1.927689594356261,4.0,0.005263157894736842,0.3280701754385965,9.25438596491228,0.23701293112769484,0.5546881262911232,0.006129370730096682,3.8482758620689657,0.8102597584677296,0.0824561403508772,0.9210526315789472,0.925,0.9644762909738348,30,False,2348.0
3,paper,paper_10,10,25,1829992609,1259043665,"[10, 16, 51, 123, 147, 172, 192, 197, 207, 231, 249, 257, 322, 331, 338, 353, 356, 368, 386, 401, 408, 453, 479, 484, 501, 514, 534, 544, 564, 595]","[501, 112, 128, 76, 344, 199, 468, 543, 557, 416, 107, 432, 14, 79, 553, 24, 311, 547, 405, 152, 413, 179, 158, 229, 192, 379, 488, 586, 214, 517]",600,30,0.7,,,,,2.0,0.005,,,5.736666666666666,0.486463264620987,0.995,0.20333333333333334,5.366666666666666,0.0015889861662002325,0.003638771152685683,0.25087719298245614,0.02280701754385965,0.0035087719298245615,0.0,1.9312169312169312,4.0,0.005263157894736842,0.2631578947368421,8.833333333333334,0.22846389522403981,0.5625628218172849,0.004140702847599399,3.914942528735632,0.8508281455759505,0.0649122807017543,0.1473684210526315,0.19,0.9678297500358894,30,False,1450.0
3,paper,paper_10,10,26,1829992609,1258868393,"[30, 35, 45, 67, 68, 74, 77, 113, 171, 190, 193, 207, 217, 229, 253, 261, 268, 339, 353, 410, 422, 444, 499, 504, 523, 524, 548, 553, 562, 594]","[167, 452, 599, 1, 263, 144, 478, 292, 184, 130, 20, 557, 467, 570, 466, 204, 479, 367, 24, 434, 526, 410, 198, 155, 222, 337, 349, 28, 436, 78]",600,30,0.7,,,,,2.0,0.005,,,5.736666666666666,0.486463264620987,0.995,0.20333333333333334,5.5,0.0016336894400258103,0.004205439783266388,0.23859649122807017,0.04035087719298246,0.0,0.0,1.9559082892416226,3.0,0.005263157894736842,0.30701754385964913,9.307017543859649,0.22546703897905984,0.5807603366941079,0.004923106905865527,3.8,0.8133698871636802,0.075438596491228,0.3701754385964912,0.4016666666666666,0.9788039579289034,30,False,1642.0
3,paper,paper_10,10,27,1829992609,2913566528,"[6, 9, 19, 35, 53, 73, 88, 141, 182, 196, 217, 275, 277, 289, 299, 300, 334, 339, 347, 353, 377, 380, 405, 450, 455, 534, 535, 553, 567, 572]","[363, 264, 431, 452, 200, 262, 66, 294, 133, 172, 467, 591, 476, 354, 351, 358, 280, 367, 338, 24, 61, 289, 98, 181, 258, 488, 94, 28, 445, 360]",600,30,0.7,,,,,2.0,0.005,,,5.736666666666666,0.486463264620987,0.995,0.20333333333333334,5.966666666666667,0.0017353028317859292,0.005381507020706328,0.2614035087719298,0.031578947368421054,0.0,0.0,1.91005291005291,4.0,0.005263157894736842,0.33157894736842103,9.659649122807018,0.23857747217930342,0.5469860944100144,0.0038882742229598213,3.7954022988505747,0.8687440595124726,0.0894736842105263,0.9701754385964912,0.9716666666666668,0.9737833329709248,30,False,2384.0
3,paper,paper_10,10,28,1829992609,502524050,"[0, 10, 12, 23, 27, 58, 74, 116, 149, 154, 155, 182, 210, 229, 230, 237, 274, 282, 300, 318, 348, 397, 448, 486, 518, 537, 563, 575, 591, 597]","[141, 501, 327, 239, 355, 323, 144, 254, 287, 118, 346, 133, 378, 570, 89, 498, 114, 182, 358, 426, 250, 148, 0, 364, 143, 63, 594, 582, 460, 404]",600,30,0.7,,,,,2.0,0.005,,,5.736666666666666,0.486463264620987,0.995,0.20333333333333334,6.066666666666666,0.001735044698565421,0.005377594817981985,0.256140350877193,0.03859649122807018,0.010526315789473684,0.0,1.9365079365079365,4.0,0.005263157894736842,0.35789473684210527,10.359649122807017,0.23984233791101411,0.554429130823544,0.007106327624903475,3.67816091954023,0.7378217177982827,0.0982456140350877,0.9491228070175438,0.9516666666666668,0.8661289169685915,27,True,2376.0
3,paper,paper_10,10,29,1829992609,676214244,"[17, 24, 64, 83, 89, 115, 172, 192, 229, 284, 296, 316, 347, 355, 374, 390, 395, 397, 405, 413, 423, 442, 465, 472, 510, 517, 526, 551, 562, 572]","[457, 88, 216, 299, 422, 398, 199, 468, 570, 293, 372, 473, 338, 417, 123, 345, 121, 148, 98, 442, 587, 470, 314, 412, 178, 170, 569, 197, 436, 360]",600,30,0.7,,,,,2.0,0.005,,,5.736666666666666,0.486463264620987,0.995,0.20333333333333334,5.733333333333333,0.0016918750769218983,0.0056422728236103685,0.25263157894736843,0.03859649122807018,0.0035087719298245615,0.0,1.9223985890652557,4.0,0.005263157894736842,0.3350877192982456,9.573684210526316,0.23655854225424405,0.5596645392038972,0.004998191088454781,3.825287356321839,0.7959490087609463,0.0701754385964912,0.2543859649122807,0.2916666666666667,0.9817586250137538,30,False,1530.0
3,paper,paper_10,10,30,1829992609,3985814065,"[5, 21, 84, 86, 90, 117, 124, 144, 155, 172, 194, 203, 253, 261, 269, 270, 288, 292, 321, 330, 338, 344, 372, 389, 396, 479, 498, 546, 560, 573]","[220, 395, 16, 223, 42, 487, 503, 595, 346, 199, 43, 381, 466, 204, 73, 261, 44, 72, 393, 126, 553, 156, 335, 386, 74, 158, 296, 100, 29, 571]",600,30,0.7,,,,,2.0,0.005,,,5.736666666666666,0.486463264620987,0.995,0.20333333333333334,5.233333333333333,0.0015683138899047582,0.0035463682017381052,0.24035087719298245,0.031578947368421054,0.0,0.0,1.9700176366843034,4.0,0.005263157894736842,0.2614035087719298,8.456140350877194,0.22364022705782186,0.5782258810470817,0.004179871852285646,4.027586206896552,0.8239931050174221,0.0719298245614035,0.4280701754385965,0.4566666666666666,0.9718799580587074,30,False,1700.0
3,paper,paper_10,10,31,1829992609,1597540907,"[16, 49, 76, 108, 121, 163, 220, 271, 298, 303, 304, 366, 385, 393, 403, 406, 407, 417, 434, 435, 469, 475, 519, 527, 533, 534, 547, 571, 574, 580]","[112, 447, 168, 194, 65, 561, 163, 520, 138, 572, 489, 347, 300, 318, 499, 36, 463, 529, 238, 522, 552, 456, 17, 142, 421, 488, 492, 71, 490, 25]",600,30,0.7,,,,,2.0,0.005,,,5.736666666666666,0.486463264620987,0.995,0.20333333333333334,5.966666666666667,0.0017231957909646387,0.005628877832203745,0.2596491228070175,0.04035087719298246,0.010526315789473684,0.0,1.9259259259259258,4.0,0.005263157894736842,0.3140350877192982,9.278947368421052,0.2366449749749366,0.5497733789658681,0.006495747509516941,3.9402298850574713,0.7890133227602458,0.0666666666666666,0.1771929824561403,0.2183333333333333,0.9571851670043544,30,False,1470.0
3,paper,paper_10,10,32,1829992609,3443780638,"[10, 25, 47, 84, 87, 88, 97, 134, 138, 192, 228, 232, 248, 273, 281, 289, 299, 301, 302, 330, 390, 439, 444, 451, 563, 568, 569, 591, 595, 597]","[501, 290, 401, 16, 203, 66, 139, 58, 430, 468, 177, 164, 356, 521, 50, 354, 351, 82, 504, 126, 345, 83, 410, 542, 594, 180, 106, 460, 517, 404]",600,30,0.7,,,,,2.0,0.005,,,5.736666666666666,0.486463264620987,0.995,0.20333333333333334,6.533333333333333,0.0018709102044993716,0.006741902411942225,0.28596491228070176,0.04035087719298246,0.0035087719298245615,0.0,1.874779541446208,4.0,0.005263157894736842,0.3508771929824561,9.936842105263159,0.2582443361945179,0.5117688773779793,0.00433569999122749,3.7517241379310344,0.8023896592278589,0.0701754385964912,0.3157894736842105,0.35,0.97334345895797,30,False,1600.0
3,paper,paper_10,10,33,1829992609,179026351,"[1, 12, 49, 77, 122, 157, 158, 182, 192, 212, 213, 231, 236, 259, 317, 392, 394, 398, 403, 431, 436, 449, 450, 463, 495, 496, 544, 578, 592, 597]","[538, 327, 447, 478, 373, 408, 415, 133, 468, 244, 217, 416, 160, 191, 423, 193, 175, 532, 499, 507, 341, 461, 181, 291, 449, 496, 586, 31, 585, 404]",600,30,0.7,,,,,2.0,0.005,,,5.736666666666666,0.486463264620987,0.995,0.20333333333333334,5.466666666666667,0.0016058069441950722,0.004342741975476641,0.24035087719298245,0.02982456140350877,0.0017543859649122807,0.0,1.9735915492957747,4.0,0.0035087719298245615,0.29473684210526313,8.926315789473684,0.22147470549204978,0.5782628803995931,0.004329104047797332,3.834975369458128,0.8304337554843346,0.0771929824561403,0.6964912280701754,0.7116666666666667,0.9617501669563352,30,False,1956.0
3,paper,paper_10,10,34,1829992609,2795934709,"[25, 44, 45, 52, 53, 60, 72, 104, 120, 139, 143, 152, 164, 192, 199, 213, 250, 266, 290, 307, 309, 310, 320, 329, 337, 344, 372, 374, 564, 582]","[290, 493, 599, 40, 200, 429, 111, 105, 251, 51, 316, 505, 75, 468, 23, 217, 366, 215, 475, 377, 394, 18, 187, 474, 348, 156, 335, 123, 214, 310]",600,30,0.7,,,,,2.0,0.005,,,5.736666666666666,0.486463264620987,0.995,0.20333333333333334,5.766666666666667,0.0016848391314929117,0.004796929892712364,0.26666666666666666,0.03333333333333333,0.0,0.0,1.9029982363315696,4.0,0.005263157894736842,0.3175438596491228,9.591228070175438,0.24335558046609332,0.5392532297351463,0.003927044520350809,3.786206896551724,0.8077812823126354,0.0807017543859649,0.9456140350877194,0.9483333333333334,0.9610882500419392,30,False,2382.0
3,paper,paper_10,10,35,1829992609,421738605,"[3, 11, 25, 92, 124, 191, 195, 197, 217, 219, 263, 277, 281, 298, 331, 335, 386, 421, 426, 453, 479, 484, 485, 487, 498, 533, 537, 547, 580, 582]","[531, 425, 290, 54, 503, 584, 97, 543, 467, 374, 361, 476, 50, 138, 79, 564, 405, 277, 558, 179, 158, 229, 275, 221, 296, 421, 63, 492, 25, 310]",600,30,0.7,,,,,2.0,0.005,,,5.736666666666666,0.486463264620987,0.995,0.20333333333333334,5.933333333333334,0.001714800050097137,0.00553598443451946,0.2719298245614035,0.031578947368421054,0.005263157894736842,0.0,1.853615520282187,4.0,0.005263157894736842,0.3263157894736842,9.321052631578947,0.24460675058279283,0.5318533592328801,0.0041764713932422644,3.9770114942528734,0.8706451325104763,0.0649122807017543,0.2421052631578947,0.28,0.9833074590424076,30,False,1532.0
3,paper,paper_10,10,36,1829992609,3452456203,"[28, 31, 32, 37, 48, 95, 101, 106, 112, 117, 120, 134, 147, 148, 158, 176, 264, 304, 307, 362, 378, 425, 434, 442, 457, 498, 506, 558, 585, 588]","[62, 268, 52, 397, 233, 484, 137, 322, 249, 487, 251, 58, 344, 212, 415, 435, 369, 489, 377, 13, 84, 189, 238, 470, 536, 296, 549, 411, 485, 525]",600,30,0.7,,,,,2.0,0.005,,,5.736666666666666,0.486463264620987,0.995,0.20333333333333334,5.266666666666667,0.0015565211492211818,0.0042833084161161775,0.23333333333333334,0.028070175438596492,0.0035087719298245615,0.0,1.9805996472663139,4.0,0.005263157894736842,0.25087719298245614,8.766666666666667,0.2157435745326725,0.5889680263928715,0.005046640122705032,3.960919540229885,0.8337642772552963,0.0614035087719298,0.3035087719298245,0.3383333333333333,0.9957256660563872,30,False,1568.0
3,paper,paper_10,10,37,1829992609,1993978343,"[2, 33, 51, 73, 91, 104, 114, 152, 185, 209, 217, 238, 298, 334, 375, 393, 394, 405, 419, 429, 456, 458, 464, 479, 497, 501, 502, 524, 584, 587]","[242, 481, 128, 262, 85, 105, 392, 505, 243, 575, 467, 15, 138, 280, 206, 318, 175, 98, 566, 286, 87, 266, 546, 158, 368, 192, 169, 337, 80, 596]",600,30,0.7,,,,,2.0,0.005,,,5.736666666666666,0.486463264620987,0.995,0.20333333333333334,5.433333333333334,0.0015941269072744918,0.0038347614884507155,0.23333333333333334,0.03333333333333333,0.008771929824561403,0.0,1.9400352733686066,4.0,0.005263157894736842,0.26842105263157895,9.349122807017544,0.21835034835399506,0.5888693614528412,0.006113395607630689,3.825287356321839,0.7792421505223716,0.0684210526315789,0.219298245614035,0.2583333333333333,0.8890621250029653,27,True,1536.0
3,paper,paper_10,10,38,1829992609,243738288,"[1, 26, 38, 55, 60, 63, 70, 71, 113, 150, 161, 163, 165, 215, 290, 301, 319, 329, 349, 352, 408, 412, 422, 453, 456, 505, 530, 539, 557, 597]","[538, 2, 332, 497, 429, 524, 186, 256, 292, 321, 27, 561, 437, 390, 475, 82, 235, 474, 583, 396, 413, 508, 526, 179, 87, 469, 11, 306, 159, 404]",600,30,0.7,,,,,2.0,0.005,,,5.736666666666666,0.486463264620987,0.995,0.20333333333333334,5.4,0.0016066647146222995,0.00403971724429025,0.256140350877193,0.02280701754385965,0.0017543859649122807,0.0,1.9259259259259258,3.0,0.005263157894736842,0.2912280701754386,9.101754385964913,0.23291498774498318,0.5546757931736195,0.0032352098731409074,3.914942528735632,0.8483496694208565,0.087719298245614,0.4807017543859649,0.5066666666666667,0.9901379169896244,30,False,1738.0
3,paper,paper_10,10,39,1829992609,3233418729,"[20, 38, 42, 60, 91, 124, 132, 139, 145, 225, 250, 263, 282, 284, 299, 306, 312, 395, 405, 412, 432, 440, 464, 506, 518, 551, 562, 564, 571, 592]","[482, 332, 391, 429, 85, 503, 115, 51, 68, 592, 366, 361, 182, 293, 351, 146, 205, 121, 98, 508, 245, 530, 546, 549, 143, 197, 436, 214, 71, 585]",600,30,0.7,,,,,2.0,0.005,,,5.736666666666666,0.486463264620987,0.995,0.20333333333333334,5.033333333333333,0.0015005857761033285,0.004787084198827213,0.22105263157894736,0.021052631578947368,0.0035087719298245615,0.0,2.005291005291005,4.0,0.005263157894736842,0.2824561403508772,9.043859649122806,0.205913957862342,0.60773903123362,0.004956378232240301,3.924137931034483,0.8516801911918184,0.0789473684210526,0.2649122807017544,0.3016666666666667,0.9862171659478918,30,False,1556.0
3,paper,paper_10,10,40,1829992609,2840048364,"[2, 5, 10, 13, 54, 57, 61, 68, 97, 135, 137, 152, 183, 198, 204, 259, 276, 296, 299, 341, 359, 368, 373, 468, 469, 498, 507, 518, 553, 555]","[242, 220, 501, 384, 33, 70, 257, 263, 139, 301, 171, 505, 383, 350, 353, 191, 35, 372, 351, 165, 246, 547, 151, 271, 552, 296, 502, 143, 28, 127]",600,30,0.7,,,,,2.0,0.005,,,5.736666666666666,0.486463264620987,0.995,0.20333333333333334,6.066666666666666,0.0017537528430787474,0.004128812163211363,0.2754385964912281,0.03333333333333333,0.0035087719298245615,0.0,1.91005291005291,4.0,0.005263157894736842,0.33157894736842103,9.643859649122806,0.2507201033600102,0.5264822865599852,0.003941592453389186,3.8367816091954023,0.8077812823126354,0.0807017543859649,0.963157894736842,0.965,0.941477790940553,30,True,2384.0
3,paper,paper_10,10,41,1829992609,3432418137,"[2, 33, 92, 111, 112, 113, 117, 152, 167, 193, 199, 205, 211, 212, 283, 293, 309, 348, 364, 392, 402, 404, 422, 429, 450, 491, 492, 504, 520, 531]","[242, 481, 54, 555, 249, 292, 487, 505, 283, 20, 23, 260, 325, 244, 317, 545, 394, 250, 3, 193, 295, 9, 526, 286, 181, 580, 240, 155, 219, 227]",600,30,0.7,,,,,2.0,0.005,,,5.736666666666666,0.486463264620987,0.995,0.20333333333333334,5.266666666666667,0.0015391094918983884,0.0036649923863226186,0.21578947368421053,0.042105263157894736,0.005263157894736842,0.0,2.0317460317460316,4.0,0.005263157894736842,0.32105263157894737,9.426315789473684,0.20953940716496838,0.6156692257885487,0.007307717824959204,3.7954022988505747,0.8612309703546818,0.0684210526315789,0.1473684210526315,0.19,0.987303250003606,30,False,1462.0
3,paper,paper_10,10,42,1829992609,3308748905,"[1, 9, 22, 26, 28, 54, 59, 65, 71, 121, 209, 246, 277, 283, 300, 346, 361, 364, 381, 390, 423, 434, 451, 459, 475, 488, 505, 533, 553, 567]","[538, 264, 471, 2, 62, 33, 418, 465, 256, 65, 575, 382, 476, 317, 358, 231, 589, 3, 265, 345, 587, 238, 542, 512, 456, 8, 469, 421, 28, 445]",600,30,0.7,,,,,2.0,0.005,,,5.736666666666666,0.486463264620987,0.995,0.20333333333333334,6.2,0.0017749967678745442,0.0053363865441449386,0.2578947368421053,0.0456140350877193,0.005263157894736842,0.0,1.927689594356261,4.0,0.005263157894736842,0.38421052631578945,10.257894736842106,0.2409608314564132,0.551993340116548,0.0060730741981409216,3.754022988505747,0.8572687960428632,0.0649122807017543,0.1631578947368421,0.205,0.9967767499620096,30,False,1468.0
3,paper,paper_10,10,43,1829992609,498025813,"[12, 32, 60, 115, 123, 129, 163, 170, 173, 184, 202, 224, 261, 293, 295, 317, 321, 339, 344, 385, 393, 394, 431, 455, 464, 514, 517, 527, 537, 550]","[327, 52, 429, 398, 76, 427, 561, 342, 598, 59, 539, 57, 204, 545, 4, 423, 393, 367, 156, 300, 318, 175, 507, 258, 546, 379, 170, 142, 63, 201]",600,30,0.7,,,,,2.0,0.005,,,5.736666666666666,0.486463264620987,0.995,0.20333333333333334,6.133333333333334,0.0017749936968954009,0.004956082562900542,0.28421052631578947,0.031578947368421054,0.0,0.0,1.876543209876543,4.0,0.005263157894736842,0.34035087719298246,9.928070175438597,0.2567998479033793,0.5139703388524034,0.0029839040082447793,3.7586206896551726,0.8441671020340273,0.0929824561403508,0.9526315789473684,0.955,0.9564524160232396,30,False,2380.0
3,paper,paper_10,10,44,1829992609,18497888,"[45, 64, 99, 103, 168, 170, 181, 245, 278, 280, 281, 303, 324, 330, 370, 373, 382, 411, 427, 434, 439, 473, 482, 495, 504, 506, 527, 539, 547, 587]","[599, 216, 320, 362, 402, 342, 376, 343, 166, 419, 50, 572, 77, 126, 387, 151, 309, 441, 541, 238, 83, 403, 99, 449, 155, 549, 142, 306, 492, 596]",600,30,0.7,,,,,2.0,0.005,,,5.736666666666666,0.486463264620987,0.995,0.20333333333333334,5.7,0.0016557067216396034,0.004592730001428831,0.23157894736842105,0.03859649122807018,0.005263157894736842,0.0,1.9859154929577465,4.0,0.0035087719298245615,0.3175438596491228,9.764912280701754,0.22056950460279262,0.5912804859248296,0.005769536976433528,3.62807881773399,0.8354683684870315,0.0701754385964912,0.7789473684210526,0.79,0.9589896249817684,30,False,2126.0
3,paper,paper_10,10,45,1829992609,3551990405,"[25, 32, 62, 63, 76, 94, 98, 99, 104, 105, 127, 157, 210, 235, 247, 248, 259, 271, 319, 359, 377, 422, 429, 434, 454, 494, 524, 536, 571, 591]","[290, 52, 519, 524, 168, 597, 340, 320, 105, 108, 370, 408, 378, 176, 150, 356, 191, 520, 235, 246, 61, 526, 286, 238, 190, 140, 337, 424, 71, 460]",600,30,0.7,,,,,2.0,0.005,,,5.736666666666666,0.486463264620987,0.995,0.20333333333333334,5.766666666666667,0.0016986129960829123,0.004842727290303287,0.24912280701754386,0.03859649122807018,0.005263157894736842,0.0,1.9366197183098592,4.0,0.0035087719298245615,0.2964912280701754,9.235087719298246,0.23303619158285754,0.5649122807017544,0.005092912259561134,3.8620689655172415,0.7728015000554591,0.0684210526315789,0.2771929824561403,0.3133333333333333,0.9577127500670032,29,True,1564.0
3,paper,paper_10,10,46,1829992609,2600297041,"[1, 14, 35, 50, 60, 80, 99, 104, 149, 152, 169, 207, 224, 253, 255, 268, 273, 328, 355, 358, 364, 392, 431, 432, 439, 494, 525, 546, 561, 564]","[538, 153, 452, 414, 429, 196, 320, 105, 287, 505, 19, 557, 57, 466, 528, 479, 521, 420, 417, 228, 3, 193, 507, 245, 83, 140, 406, 100, 120, 214]",600,30,0.7,,,,,2.0,0.005,,,5.736666666666666,0.486463264620987,0.995,0.20333333333333334,5.466666666666667,0.0016214771240091635,0.004201762041978801,0.24561403508771928,0.02280701754385965,0.0017543859649122807,0.0,1.9506172839506173,4.0,0.005263157894736842,0.28421052631578947,9.147368421052631,0.2235699492887468,0.5705300157247248,0.0038782003437175853,3.793103448275862,0.7783901049065041,0.0824561403508772,0.3175438596491228,0.3516666666666667,0.9815288330428302,30,False,1586.0
3,paper,paper_10,10,47,1829992609,1294230266,"[0, 45, 47, 105, 120, 135, 155, 160, 184, 186, 223, 234, 251, 272, 300, 343, 354, 378, 390, 417, 461, 471, 521, 525, 533, 550, 555, 557, 562, 574]","[141, 599, 401, 108, 251, 301, 346, 26, 59, 399, 516, 450, 64, 47, 358, 124, 313, 84, 345, 529, 576, 444, 93, 406, 421, 201, 127, 159, 436, 490]",600,30,0.7,,,,,2.0,0.005,,,5.736666666666666,0.486463264620987,0.995,0.20333333333333334,5.5,0.0016098764768033753,0.0034986477635564023,0.24385964912280703,0.031578947368421054,0.0035087719298245615,0.0,1.9576719576719577,4.0,0.005263157894736842,0.2982456140350877,9.296491228070176,0.227328496998291,0.5728363086979311,0.004512913650844685,3.8735632183908044,0.822289013785687,0.0719298245614035,0.2771929824561403,0.3133333333333333,0.9770402499707416,30,False,1556.0
3,paper,paper_10,10,48,1829992609,3641168802,"[4, 51, 65, 77, 117, 132, 138, 150, 153, 216, 308, 387, 390, 403, 411, 425, 437, 445, 476, 480, 496, 519, 542, 552, 571, 575, 576, 588, 593, 597]","[371, 128, 465, 478, 487, 115, 430, 321, 236, 365, 443, 451, 345, 499, 441, 189, 333, 308, 69, 513, 496, 17, 453, 307, 71, 582, 548, 525, 551, 404]",600,30,0.7,,,,,2.0,0.005,,,5.736666666666666,0.486463264620987,0.995,0.20333333333333334,6.1,0.00175377461524113,0.0056128914021531615,0.2614035087719298,0.03333333333333333,0.005263157894736842,0.0,1.9047619047619047,4.0,0.005263157894736842,0.3719298245614035,9.936842105263159,0.23949359489119068,0.5469182622637437,0.004319785505330504,3.8,0.7752799762105531,0.0789473684210526,0.1491228070175438,0.1916666666666666,0.9824184579774736,30,False,1478.0
3,paper,paper_10,10,49,1829992609,3350560011,"[2, 8, 32, 44, 46, 104, 118, 142, 150, 151, 153, 156, 161, 180, 188, 201, 206, 268, 276, 293, 336, 360, 403, 447, 463, 470, 483, 527, 545, 582]","[242, 579, 52, 493, 134, 105, 96, 22, 321, 122, 236, 568, 27, 269, 462, 455, 67, 479, 35, 545, 518, 95, 499, 60, 291, 145, 41, 142, 440, 310]",600,30,0.7,,,,,2.0,0.005,,,5.736666666666666,0.486463264620987,0.995,0.20333333333333334,5.6,0.0016619800259096756,0.0037877742433662853,0.24385964912280703,0.031578947368421054,0.005263157894736842,0.0,1.9770723104056438,4.0,0.005263157894736842,0.2719298245614035,8.596491228070175,0.2249151285189141,0.5730768044892548,0.005896303568717361,3.9563218390804598,0.7917664413741172,0.0789473684210526,0.2771929824561403,0.3133333333333333,0.9522682920796796,29,True,1564.0
3,paper,paper_11,11,0,1547360336,3319718581,"[3, 4, 5, 76, 78, 117, 123, 172, 195, 197, 200, 255, 256, 278, 304, 311, 339, 341, 346, 407, 426, 446, 468, 483, 506, 521, 559, 563, 572, 576]","[32, 313, 172, 56, 486, 27, 385, 593, 449, 127, 387, 76, 335, 556, 90, 43, 423, 101, 324, 202, 401, 63, 372, 527, 183, 275, 457, 21, 521, 541]",600,30,0.7,,,,,2.0,0.005,,,5.8116666666666665,0.5127222328143963,0.9916666666666667,0.1,6.333333333333333,0.0017903332739192866,0.005258140840284723,0.2824561403508772,0.03684210526315789,0.0035087719298245615,0.0,1.8943661971830985,4.0,0.0035087719298245615,0.387719298245614,10.587719298245615,0.25406191095369185,0.5167329571732495,0.004672895761859794,3.682758620689655,0.7874722721394056,0.0894736842105263,0.9596491228070176,0.9616666666666668,0.9558929579798132,30,False,2416.0
3,paper,paper_11,11,1,1547360336,2629224304,"[59, 77, 97, 99, 102, 128, 141, 155, 161, 167, 170, 189, 204, 223, 235, 243, 256, 288, 306, 314, 344, 357, 379, 423, 483, 517, 540, 546, 570, 596]","[455, 579, 318, 73, 281, 549, 77, 580, 283, 468, 308, 91, 540, 350, 409, 497, 335, 108, 427, 460, 301, 485, 159, 64, 527, 149, 477, 237, 233, 235]",600,30,0.7,,,,,2.0,0.005,,,5.8116666666666665,0.5127222328143963,0.9916666666666667,0.1,5.4,0.0015851199413876654,0.0036829132097170674,0.22105263157894736,0.031578947368421054,0.005263157894736842,0.0,2.005281690140845,4.0,0.0035087719298245615,0.28596491228070176,9.73157894736842,0.20960064418468752,0.6076157000585823,0.006266400566603407,3.7770114942528736,0.7964224400139577,0.0824561403508772,0.3649122807017544,0.3966666666666666,0.9538197920192032,30,False,1660.0
3,paper,paper_11,11,2,1547360336,2160044896,"[29, 35, 58, 87, 129, 146, 148, 172, 229, 249, 268, 292, 299, 308, 311, 319, 333, 336, 366, 376, 391, 394, 401, 437, 461, 527, 533, 567, 581, 585]","[273, 201, 11, 317, 186, 523, 352, 593, 38, 184, 326, 370, 559, 584, 43, 343, 67, 279, 226, 554, 74, 333, 1, 553, 240, 394, 3, 418, 86, 124]",600,30,0.7,,,,,2.0,0.005,,,5.8116666666666665,0.5127222328143963,0.9916666666666667,0.1,5.266666666666667,0.001579114280075578,0.004958978644370347,0.22982456140350876,0.031578947368421054,0.0017543859649122807,0.0,1.9841549295774648,4.0,0.0035087719298245615,0.2543859649122807,8.671929824561403,0.21235049865086322,0.5944439305645485,0.004596482699930976,4.0183908045977015,0.8233665307873855,0.0561403508771929,0.5385964912280702,0.5616666666666666,0.9683167500188574,30,False,1836.0
3,paper,paper_11,11,3,1547360336,67200028,"[2, 21, 23, 28, 46, 55, 77, 84, 94, 117, 188, 203, 216, 227, 228, 255, 260, 262, 324, 329, 348, 363, 382, 417, 423, 451, 483, 489, 550, 567]","[307, 366, 303, 562, 578, 215, 579, 322, 378, 27, 171, 406, 157, 305, 19, 76, 185, 266, 278, 356, 546, 520, 65, 151, 64, 516, 527, 302, 225, 418]",600,30,0.7,,,,,2.0,0.005,,,5.8116666666666665,0.5127222328143963,0.9916666666666667,0.1,5.266666666666667,0.001525997232866355,0.0035304514605807888,0.22982456140350876,0.03333333333333333,0.0035087719298245615,0.0,1.971830985915493,4.0,0.0035087719298245615,0.3157894736842105,9.566666666666666,0.2159246713277818,0.5941972682144729,0.005066833849795309,3.8942528735632185,0.8096404967771992,0.0719298245614035,0.1543859649122807,0.1966666666666666,0.9297713750274852,28,True,1464.0
3,paper,paper_11,11,4,1547360336,4174593392,"[57, 69, 85, 99, 107, 115, 191, 217, 224, 234, 249, 253, 260, 292, 296, 301, 304, 312, 346, 370, 397, 404, 435, 463, 486, 522, 526, 543, 545, 598]","[88, 23, 199, 73, 180, 292, 36, 463, 473, 244, 184, 12, 185, 370, 542, 599, 90, 590, 324, 582, 410, 143, 420, 131, 195, 327, 118, 496, 328, 191]",600,30,0.7,,,,,2.0,0.005,,,5.8116666666666665,0.5127222328143963,0.9916666666666667,0.1,5.233333333333333,0.0015228617562741144,0.0033132015768363226,0.23157894736842105,0.021052631578947368,0.0017543859649122807,0.0,1.9683098591549295,5.0,0.0035087719298245615,0.2596491228070175,9.528070175438597,0.21459975854315255,0.591539481392409,0.003215977171352425,3.8850574712643677,0.8228585535404409,0.0947368421052631,0.956140350877193,0.9583333333333334,0.9353189590619876,30,False,2416.0
3,paper,paper_11,11,5,1547360336,1886027826,"[29, 210, 214, 226, 227, 255, 313, 327, 334, 359, 371, 379, 381, 391, 399, 408, 420, 426, 428, 445, 448, 468, 504, 507, 550, 571, 572, 580, 584, 592]","[273, 517, 39, 164, 305, 76, 519, 495, 551, 529, 404, 159, 205, 74, 330, 182, 197, 401, 78, 46, 534, 372, 544, 177, 225, 241, 521, 583, 320, 198]",600,30,0.7,,,,,2.0,0.005,,,5.8116666666666665,0.5127222328143963,0.9916666666666667,0.1,5.266666666666667,0.001524398191812492,0.0035202655736342172,0.24385964912280703,0.021052631578947368,0.0017543859649122807,0.0,1.9454225352112675,4.0,0.0035087719298245615,0.3105263157894737,9.491228070175438,0.22360834806349686,0.5729473067554651,0.0028751717443401014,3.949425287356322,0.8239590289942751,0.0912280701754386,0.9526315789473684,0.955,0.9614994999719784,30,False,2410.0
3,paper,paper_11,11,6,1547360336,1119963655,"[4, 84, 115, 123, 136, 190, 206, 227, 231, 266, 274, 281, 289, 318, 319, 350, 413, 426, 443, 447, 462, 475, 516, 525, 532, 534, 552, 558, 580, 583]","[313, 322, 292, 385, 249, 538, 344, 305, 479, 139, 414, 507, 220, 510, 343, 361, 62, 401, 137, 395, 321, 332, 358, 236, 573, 228, 89, 296, 583, 58]",600,30,0.7,,,,,2.0,0.005,,,5.8116666666666665,0.5127222328143963,0.9916666666666667,0.1,5.2,0.0015308777912682273,0.0036323144762144812,0.22280701754385965,0.031578947368421054,0.005263157894736842,0.0,2.007042253521127,4.0,0.0035087719298245615,0.28421052631578947,9.621052631578948,0.2096897955208844,0.6049455801190146,0.0059705939016283845,3.781609195402299,0.8378252515897243,0.0824561403508772,0.9456140350877194,0.9483333333333334,0.9460235419683158,30,False,2410.0
3,paper,paper_11,11,7,1547360336,2126983597,"[4, 32, 38, 51, 59, 75, 119, 121, 122, 132, 152, 172, 176, 182, 186, 189, 201, 209, 216, 250, 293, 297, 303, 340, 398, 404, 452, 493, 576, 580]","[313, 357, 82, 513, 455, 87, 471, 22, 102, 100, 282, 593, 211, 314, 160, 91, 525, 130, 157, 166, 299, 92, 484, 453, 338, 143, 146, 129, 541, 583]",600,30,0.7,,,,,2.0,0.005,,,5.8116666666666665,0.5127222328143963,0.9916666666666667,0.1,6.5,0.0018347650095643716,0.0050780524268179165,0.2736842105263158,0.03859649122807018,0.005263157894736842,0.0,1.8767605633802817,4.0,0.0035087719298245615,0.4,10.678947368421053,0.2465886285872756,0.5293744026146209,0.006167322589317474,3.6666666666666665,0.8480780263783754,0.0894736842105263,0.9543859649122808,0.9566666666666668,0.9481966249877588,30,False,2416.0
3,paper,paper_11,11,8,1547360336,3476389626,"[12, 39, 49, 66, 85, 137, 217, 234, 293, 331, 340, 346, 347, 357, 375, 393, 394, 397, 421, 429, 439, 449, 455, 456, 483, 534, 542, 550, 552, 573]","[104, 134, 481, 472, 199, 7, 463, 244, 299, 512, 453, 324, 539, 485, 426, 334, 333, 410, 219, 293, 14, 533, 416, 145, 527, 228, 456, 225, 89, 398]",600,30,0.7,,,,,2.0,0.005,,,5.8116666666666665,0.5127222328143963,0.9916666666666667,0.1,5.2,0.001514426933444258,0.0033914400402676012,0.24385964912280703,0.02456140350877193,0.0017543859649122807,0.0,1.943661971830986,4.0,0.0035087719298245615,0.26842105263157895,9.42280701754386,0.22259963680546896,0.5730521382542472,0.003504802987561608,3.933333333333333,0.8814290140731593,0.0719298245614035,0.4122807017543859,0.4416666666666666,0.9735538340173662,30,False,1694.0
3,paper,paper_11,11,9,1547360336,3284249588,"[1, 8, 37, 42, 45, 59, 73, 80, 96, 106, 179, 181, 193, 213, 223, 229, 253, 268, 286, 359, 384, 426, 443, 466, 548, 552, 566, 572, 577, 597]","[263, 337, 162, 123, 174, 455, 596, 505, 470, 161, 511, 4, 515, 109, 350, 38, 12, 326, 107, 529, 564, 401, 137, 97, 353, 89, 288, 521, 565, 345]",600,30,0.7,,,,,2.0,0.005,,,5.8116666666666665,0.5127222328143963,0.9916666666666667,0.1,5.866666666666666,0.0016910063335221124,0.004069897717113874,0.2596491228070175,0.04035087719298246,0.005263157894736842,0.0,1.9154929577464788,4.0,0.0035087719298245615,0.35964912280701755,10.384210526315789,0.24328774626636354,0.549169056208183,0.0056505403919197015,3.685057471264368,0.8662361612130627,0.0929824561403508,0.9596491228070176,0.9616666666666668,0.7358170000370592,23,True,2410.0
3,paper,paper_11,11,10,1547360336,1311972495,"[88, 93, 117, 118, 150, 159, 169, 184, 193, 201, 211, 212, 271, 281, 286, 318, 324, 353, 409, 411, 413, 430, 432, 453, 457, 478, 487, 518, 552, 573]","[120, 563, 27, 309, 557, 386, 10, 173, 515, 525, 509, 291, 96, 507, 107, 510, 278, 116, 224, 396, 62, 342, 552, 295, 572, 543, 518, 566, 89, 398]",600,30,0.7,,,,,2.0,0.005,,,5.8116666666666665,0.5127222328143963,0.9916666666666667,0.1,5.8,0.0016379688878862169,0.004168761497691795,0.2631578947368421,0.031578947368421054,0.0035087719298245615,0.0,1.9137323943661972,4.0,0.0035087719298245615,0.3824561403508772,11.014035087719298,0.24080510522144633,0.5443714734992138,0.004328809522841764,3.650574712643678,0.8087661761341782,0.0824561403508772,0.5666666666666667,0.5883333333333334,0.9917057499988003,30,False,1828.0
3,paper,paper_11,11,11,1547360336,4153316886,"[32, 68, 84, 87, 116, 138, 253, 278, 288, 291, 324, 325, 359, 390, 391, 393, 403, 405, 413, 440, 466, 503, 504, 505, 509, 540, 580, 584, 594, 599]","[357, 218, 322, 317, 270, 254, 12, 556, 108, 181, 278, 391, 529, 231, 74, 334, 567, 169, 62, 331, 97, 196, 544, 389, 576, 477, 583, 320, 594, 570]",600,30,0.7,,,,,2.0,0.005,,,5.8116666666666665,0.5127222328143963,0.9916666666666667,0.1,6.666666666666667,0.0018842203835547702,0.007774723614804205,0.2807017543859649,0.05263157894736842,0.005263157894736842,0.0,1.8943661971830985,4.0,0.0035087719298245615,0.3719298245614035,10.256140350877192,0.2536575522109418,0.5200998982517806,0.006243323298093218,3.7287356321839082,0.8455347554251793,0.0789473684210526,0.5333333333333333,0.5566666666666666,0.9819394170772284,30,False,1810.0
3,paper,paper_11,11,12,1547360336,667915340,"[3, 13, 25, 42, 57, 60, 71, 75, 90, 127, 215, 216, 218, 254, 270, 285, 301, 312, 316, 323, 330, 461, 470, 492, 496, 528, 541, 543, 547, 595]","[32, 316, 187, 123, 88, 461, 110, 87, 433, 50, 179, 157, 458, 267, 105, 437, 599, 590, 6, 114, 591, 240, 204, 373, 415, 290, 365, 496, 252, 368]",600,30,0.7,,,,,2.0,0.005,,,5.8116666666666665,0.5127222328143963,0.9916666666666667,0.1,6.533333333333333,0.0018415232018808446,0.005776000286255534,0.28596491228070176,0.03859649122807018,0.005263157894736842,0.0,1.8541300527240774,4.0,0.0017543859649122807,0.3894736842105263,10.503508771929825,0.2557649043885717,0.51183670952425,0.005015709669814505,3.7192118226600983,0.8555613754030171,0.0894736842105263,0.9596491228070176,0.9616666666666668,0.9354923339560628,30,False,2416.0
3,paper,paper_11,11,13,1547360336,2194479717,"[1, 24, 70, 75, 78, 94, 130, 152, 154, 169, 197, 198, 234, 301, 409, 410, 417, 423, 460, 461, 470, 484, 497, 507, 541, 561, 564, 567, 570, 588]","[263, 31, 298, 87, 486, 378, 60, 282, 412, 10, 127, 71, 244, 599, 224, 243, 151, 64, 374, 240, 204, 256, 376, 177, 365, 57, 399, 418, 233, 75]",600,30,0.7,,,,,2.0,0.005,,,5.8116666666666665,0.5127222328143963,0.9916666666666667,0.1,5.7,0.0016272744350649775,0.004621146061831272,0.24561403508771928,0.031578947368421054,0.005263157894736842,0.0,1.9524647887323943,4.0,0.0035087719298245615,0.33157894736842103,10.3,0.22844297834065153,0.5702278543458823,0.005114436311190874,3.6942528735632183,0.7776718069723809,0.0824561403508772,0.9421052631578948,0.945,0.9715724580455573,30,False,2408.0
3,paper,paper_11,11,14,1547360336,3158085950,"[12, 32, 69, 107, 129, 143, 176, 177, 198, 210, 229, 230, 330, 337, 350, 388, 393, 428, 441, 444, 483, 500, 510, 527, 536, 545, 563, 566, 576, 583]","[104, 357, 23, 180, 186, 319, 211, 259, 71, 517, 38, 216, 591, 304, 361, 451, 334, 78, 379, 400, 527, 150, 555, 394, 245, 328, 21, 288, 541, 58]",600,30,0.7,,,,,2.0,0.005,,,5.8116666666666665,0.5127222328143963,0.9916666666666667,0.1,5.5,0.0015997626560977304,0.0030222795688007163,0.23684210526315788,0.02631578947368421,0.0035087719298245615,0.0,1.9647887323943662,4.0,0.0035087719298245615,0.28771929824561404,9.663157894736843,0.21880078056780075,0.5836031202787284,0.004744856037959486,3.84367816091954,0.8662361612130627,0.0561403508771929,0.219298245614035,0.2583333333333333,0.7942465409869328,24,True,1512.0
3,paper,paper_11,11,15,1547360336,1784843905,"[6, 36, 106, 109, 117, 171, 200, 202, 207, 241, 242, 343, 346, 352, 356, 367, 376, 386, 438, 450, 451, 461, 466, 470, 493, 513, 548, 557, 574, 599]","[462, 425, 161, 347, 27, 30, 387, 152, 381, 33, 459, 489, 324, 560, 349, 575, 554, 25, 428, 210, 516, 240, 97, 204, 129, 597, 353, 498, 329, 570]",600,30,0.7,,,,,2.0,0.005,,,5.8116666666666665,0.5127222328143963,0.9916666666666667,0.1,5.133333333333334,0.0014827952958680647,0.0037007038113113693,0.20877192982456141,0.031578947368421054,0.005263157894736842,0.0,1.994718309859155,4.0,0.0035087719298245615,0.3175438596491228,9.657894736842104,0.19714192655725268,0.6268923627169858,0.006761082430453627,3.8344827586206898,0.8626783810315827,0.0719298245614035,0.1175438596491228,0.1616666666666666,0.9785274170571938,30,False,1450.0
3,paper,paper_11,11,16,1547360336,3292284993,"[28, 48, 67, 105, 129, 214, 238, 288, 296, 310, 315, 328, 339, 349, 384, 385, 400, 416, 425, 460, 462, 496, 504, 515, 534, 576, 577, 581, 592, 596]","[562, 424, 435, 438, 186, 39, 363, 108, 542, 500, 369, 502, 423, 80, 564, 377, 407, 441, 5, 374, 321, 415, 544, 156, 228, 541, 565, 86, 198, 235]",600,30,0.7,,,,,2.0,0.005,,,5.8116666666666665,0.5127222328143963,0.9916666666666667,0.1,5.633333333333334,0.0016247762427960765,0.0038195537538751423,0.23684210526315788,0.03684210526315789,0.0017543859649122807,0.0,1.954225352112676,3.0,0.0035087719298245615,0.3333333333333333,9.603508771929825,0.22375785354378874,0.5833194585761415,0.00427353374725277,3.8367816091954023,0.8280247864226997,0.075438596491228,0.5824561403508772,0.6033333333333334,1.0284246670780703,30,False,1828.0
3,paper,paper_11,11,17,1547360336,1096353698,"[8, 36, 67, 74, 121, 133, 152, 164, 210, 237, 278, 280, 282, 302, 306, 331, 346, 402, 404, 408, 444, 456, 468, 487, 498, 545, 551, 566, 571, 575]","[337, 425, 435, 531, 22, 362, 282, 595, 517, 465, 556, 341, 587, 66, 427, 512, 324, 84, 143, 182, 400, 145, 372, 518, 94, 328, 28, 288, 241, 526]",600,30,0.7,,,,,2.0,0.005,,,5.8116666666666665,0.5127222328143963,0.9916666666666667,0.1,5.966666666666667,0.0016811043821623314,0.004307352658153693,0.24912280701754386,0.0456140350877193,0.0035087719298245615,0.0,1.931338028169014,4.0,0.0035087719298245615,0.36140350877192984,10.64561403508772,0.23497303779544257,0.5648691147904912,0.007486656345682715,3.6758620689655173,0.7710627785907601,0.0649122807017543,0.2280701754385964,0.2666666666666666,0.877296292106621,27,True,1568.0
3,paper,paper_11,11,18,1547360336,1987978767,"[14, 16, 17, 42, 78, 88, 105, 114, 124, 158, 170, 177, 220, 222, 226, 232, 239, 281, 364, 404, 428, 431, 457, 493, 513, 524, 529, 538, 546, 554]","[255, 547, 413, 123, 486, 120, 438, 274, 315, 592, 308, 259, 431, 382, 164, 70, 383, 507, 262, 143, 78, 250, 572, 129, 597, 48, 133, 436, 237, 447]",600,30,0.7,,,,,2.0,0.005,,,5.8116666666666665,0.5127222328143963,0.9916666666666667,0.1,5.433333333333334,0.0015921731351398944,0.0038178571993285684,0.24210526315789474,0.02280701754385965,0.0035087719298245615,0.0,1.9348591549295775,4.0,0.0035087719298245615,0.30526315789473685,9.528070175438597,0.22234031071857757,0.5756482594887923,0.0038747076678111157,3.935632183908046,0.8696537528092796,0.1017543859649122,0.4771929824561403,0.5033333333333333,0.9758978750323876,30,False,1800.0
3,paper,paper_11,11,19,1547360336,2512725167,"[1, 30, 35, 44, 73, 124, 167, 196, 204, 205, 207, 210, 211, 213, 214, 284, 358, 370, 391, 407, 425, 432, 433, 439, 484, 501, 502, 522, 539, 590]","[263, 61, 201, 214, 596, 315, 468, 13, 540, 310, 381, 517, 509, 109, 39, 209, 85, 582, 74, 202, 5, 552, 26, 14, 256, 483, 165, 327, 390, 208]",600,30,0.7,,,,,2.0,0.005,,,5.8116666666666665,0.5127222328143963,0.9916666666666667,0.1,5.6,0.0016193844378818098,0.0038326499112118478,0.2649122807017544,0.02280701754385965,0.0,0.0,1.9014084507042253,4.0,0.0035087719298245615,0.29473684210526313,10.01578947368421,0.23924838136650492,0.5418431844109395,0.0026815043194353544,3.793103448275862,0.8412428431859414,0.0824561403508772,0.9526315789473684,0.955,0.9560001250356436,30,False,2414.0
3,paper,paper_11,11,20,1547360336,1127542128,"[19, 20, 21, 25, 55, 117, 139, 180, 191, 200, 223, 243, 268, 277, 323, 341, 343, 353, 357, 380, 389, 409, 454, 493, 539, 560, 577, 581, 588, 597]","[83, 227, 366, 187, 215, 27, 439, 45, 36, 387, 350, 497, 326, 246, 114, 101, 489, 116, 485, 493, 294, 224, 354, 129, 390, 490, 565, 86, 75, 345]",600,30,0.7,,,,,2.0,0.005,,,5.8116666666666665,0.5127222328143963,0.9916666666666667,0.1,5.666666666666667,0.0016437251999376712,0.004249685410467774,0.2596491228070175,0.028070175438596492,0.0035087719298245615,0.0,1.8996478873239437,4.0,0.0035087719298245615,0.3157894736842105,10.059649122807018,0.2370299242056822,0.5495082169395369,0.00443326126522454,3.7770114942528736,0.8728451895946835,0.0912280701754386,0.950877192982456,0.9533333333333334,0.9722480420023204,30,False,2414.0
3,paper,paper_11,11,21,1547360336,3291228920,"[4, 11, 23, 36, 43, 45, 71, 107, 229, 233, 271, 273, 277, 290, 294, 302, 313, 333, 386, 392, 405, 409, 412, 429, 455, 495, 497, 558, 570, 578]","[313, 154, 303, 425, 276, 174, 110, 180, 38, 47, 96, 581, 246, 474, 467, 66, 519, 67, 25, 504, 169, 224, 79, 293, 416, 106, 376, 296, 233, 212]",600,30,0.7,,,,,2.0,0.005,,,5.8116666666666665,0.5127222328143963,0.9916666666666667,0.1,4.766666666666667,0.0014084862453773565,0.003252357661597018,0.21403508771929824,0.02456140350877193,0.0017543859649122807,0.0,2.028169014084507,4.0,0.0035087719298245615,0.26842105263157895,8.964912280701755,0.19981169732112597,0.6187771713995005,0.004273180942872413,4.00919540229885,0.8303419025650826,0.075438596491228,0.8824561403508772,0.8883333333333333,0.971005291910842,30,False,2282.0
3,paper,paper_11,11,22,1547360336,2587984215,"[19, 25, 31, 42, 46, 79, 140, 144, 168, 193, 206, 231, 253, 264, 268, 295, 299, 302, 323, 336, 339, 364, 423, 426, 439, 486, 505, 523, 548, 590]","[83, 187, 287, 123, 578, 528, 126, 430, 40, 515, 344, 479, 12, 247, 326, 168, 559, 66, 114, 279, 423, 262, 64, 401, 14, 195, 389, 408, 353, 208]",600,30,0.7,,,,,2.0,0.005,,,5.8116666666666665,0.5127222328143963,0.9916666666666667,0.1,6.3,0.001816800528324571,0.005131367966693864,0.2771929824561403,0.03684210526315789,0.0035087719298245615,0.0,1.8661971830985915,4.0,0.0035087719298245615,0.35964912280701755,10.703508771929824,0.2509250354124528,0.5240218296179817,0.004967416326442696,3.6942528735632183,0.8728451895946833,0.1017543859649122,0.950877192982456,0.9533333333333334,0.9664397079031914,30,False,2410.0
3,paper,paper_11,11,23,1547360336,1258866619,"[22, 49, 66, 76, 79, 88, 108, 118, 126, 136, 145, 226, 233, 248, 291, 300, 345, 369, 385, 388, 401, 439, 461, 486, 518, 533, 561, 575, 579, 587]","[548, 481, 472, 56, 528, 120, 280, 309, 170, 249, 312, 164, 47, 42, 181, 257, 24, 514, 377, 451, 1, 14, 240, 195, 566, 3, 57, 526, 277, 480]",600,30,0.7,,,,,2.0,0.005,,,5.8116666666666665,0.5127222328143963,0.9916666666666667,0.1,5.733333333333333,0.0016237413744999568,0.0034691193784004127,0.23859649122807017,0.05087719298245614,0.0017543859649122807,0.0,1.971830985915493,4.0,0.0035087719298245615,0.3456140350877193,10.407017543859649,0.2302078481445704,0.5804643418740172,0.00633934073589246,3.682758620689655,0.8337594941612996,0.0982456140350877,0.9543859649122808,0.9566666666666668,0.7739016659324989,24,True,2412.0
3,paper,paper_11,11,24,1547360336,3061992772,"[24, 33, 48, 71, 72, 79, 83, 131, 146, 152, 199, 233, 241, 243, 257, 260, 292, 297, 306, 307, 345, 397, 398, 471, 472, 527, 536, 547, 556, 583]","[31, 388, 424, 110, 2, 528, 325, 469, 523, 282, 306, 47, 33, 497, 550, 185, 370, 92, 427, 103, 24, 410, 338, 95, 49, 394, 245, 252, 530, 58]",600,30,0.7,,,,,2.0,0.005,,,5.8116666666666665,0.5127222328143963,0.9916666666666667,0.1,5.5,0.0016013083514209612,0.004637002662540369,0.24035087719298245,0.02982456140350877,0.0017543859649122807,0.0,1.9666080843585236,4.0,0.0017543859649122807,0.2736842105263158,8.880701754385965,0.21781065773090197,0.5788980359510375,0.003546391335660114,3.9113300492610836,0.9055480114572597,0.087719298245614,0.9421052631578948,0.945,0.9645728750620036,30,False,2406.0
3,paper,paper_11,11,25,1547360336,1250671333,"[19, 29, 32, 37, 101, 103, 165, 185, 195, 231, 232, 248, 258, 266, 270, 283, 294, 298, 317, 332, 361, 373, 390, 441, 448, 452, 465, 481, 522, 577]","[83, 273, 357, 162, 268, 393, 54, 558, 449, 479, 70, 42, 261, 139, 105, 93, 467, 403, 569, 522, 536, 217, 231, 379, 534, 146, 138, 482, 327, 565]",600,30,0.7,,,,,2.0,0.005,,,5.8116666666666665,0.5127222328143963,0.9916666666666667,0.1,5.6,0.0016112710434470527,0.0035201062989812706,0.24035087719298245,0.03333333333333333,0.0035087719298245615,0.0,1.9366197183098592,4.0,0.0035087719298245615,0.3192982456140351,9.835087719298246,0.22319515053707634,0.5781888816945704,0.005563252201183235,3.7977011494252872,0.8696537528092796,0.0684210526315789,0.3210526315789473,0.355,0.9883575829444452,30,False,1626.0
3,paper,paper_11,11,26,1547360336,222948795,"[8, 32, 34, 44, 111, 114, 123, 125, 134, 138, 141, 211, 219, 229, 278, 289, 317, 327, 346, 350, 365, 368, 370, 380, 389, 393, 428, 477, 510, 518]","[337, 357, 167, 214, 128, 274, 385, 16, 311, 254, 77, 509, 242, 38, 556, 220, 569, 495, 324, 361, 8, 55, 582, 493, 294, 334, 78, 443, 555, 566]",600,30,0.7,,,,,2.0,0.005,,,5.8116666666666665,0.5127222328143963,0.9916666666666667,0.1,5.1,0.0015048137665478187,0.0032057057038620816,0.23684210526315788,0.02280701754385965,0.0017543859649122807,0.0,1.9507042253521127,4.0,0.0035087719298245615,0.2736842105263158,9.303508771929824,0.21653943291740918,0.5836894521012549,0.0035038652280031594,3.942528735632184,0.825707670280317,0.0701754385964912,0.2771929824561403,0.3133333333333333,0.9981773339677602,30,False,1582.0
3,paper,paper_11,11,27,1547360336,2365605272,"[11, 26, 32, 39, 50, 61, 77, 159, 197, 210, 215, 220, 241, 245, 269, 289, 294, 338, 353, 363, 382, 409, 434, 449, 473, 483, 508, 541, 563, 587]","[154, 392, 357, 134, 194, 537, 579, 386, 127, 517, 179, 431, 33, 359, 402, 220, 467, 384, 116, 520, 65, 224, 380, 533, 53, 527, 421, 365, 21, 480]",600,30,0.7,,,,,2.0,0.005,,,5.8116666666666665,0.5127222328143963,0.9916666666666667,0.1,5.9,0.0017004873090055148,0.004381359403584292,0.25087719298245614,0.03684210526315789,0.005263157894736842,0.0,1.9190140845070423,4.0,0.0035087719298245615,0.34035087719298246,10.242105263157894,0.23479213117393755,0.5622606604384424,0.005958823825269859,3.749425287356322,0.782978228439903,0.087719298245614,0.5,0.525,0.9645372080849484,30,False,1790.0
3,paper,paper_11,11,28,1547360336,1135973015,"[3, 23, 26, 34, 60, 85, 98, 100, 115, 121, 131, 147, 162, 209, 231, 260, 327, 382, 412, 422, 436, 451, 455, 463, 508, 520, 531, 545, 556, 586]","[32, 303, 392, 167, 461, 199, 153, 432, 292, 22, 469, 176, 444, 130, 479, 185, 495, 65, 79, 506, 284, 516, 416, 131, 421, 499, 141, 328, 530, 397]",600,30,0.7,,,,,2.0,0.005,,,5.8116666666666665,0.5127222328143963,0.9916666666666667,0.1,6.566666666666666,0.0018328561405099172,0.006388418939614607,0.2754385964912281,0.04912280701754386,0.0035087719298245615,0.0,1.8556338028169015,4.0,0.0035087719298245615,0.3719298245614035,11.003508771929825,0.2550990499196226,0.52643295408997,0.005970549009408838,3.6160919540229886,0.8455347554251793,0.0964912280701754,0.9526315789473684,0.955,0.9490571250207722,30,False,2412.0
3,paper,paper_11,11,29,1547360336,3696380657,"[37, 42, 46, 67, 88, 96, 139, 229, 248, 258, 266, 271, 281, 360, 367, 374, 392, 409, 412, 435, 440, 456, 470, 489, 500, 535, 557, 561, 581, 599]","[162, 123, 578, 435, 120, 470, 439, 38, 42, 261, 139, 96, 507, 351, 575, 448, 504, 224, 79, 420, 331, 145, 204, 302, 150, 491, 498, 57, 86, 570]",600,30,0.7,,,,,2.0,0.005,,,5.8116666666666665,0.5127222328143963,0.9916666666666667,0.1,5.766666666666667,0.0016447836083162257,0.004003644182702568,0.24035087719298245,0.04035087719298246,0.0017543859649122807,0.0,1.931338028169014,4.0,0.0035087719298245615,0.35789473684210527,10.508771929824562,0.2270086863922562,0.5780655505195326,0.005588048605289984,3.703448275862069,0.8105148174202202,0.0929824561403508,0.9614035087719298,0.9633333333333334,0.938297374988906,30,False,2412.0
3,paper,paper_11,11,30,1547360336,3731459246,"[0, 2, 5, 17, 67, 84, 89, 95, 120, 128, 159, 160, 175, 204, 216, 227, 230, 240, 261, 262, 309, 336, 392, 401, 447, 468, 540, 543, 567, 591]","[258, 307, 172, 413, 435, 322, 422, 111, 588, 549, 386, 155, 417, 540, 157, 305, 216, 52, 221, 266, 18, 279, 504, 1, 395, 372, 477, 496, 418, 532]",600,30,0.7,,,,,2.0,0.005,,,5.8116666666666665,0.5127222328143963,0.9916666666666667,0.1,6.366666666666666,0.0017842153544298904,0.005348724204380415,0.2771929824561403,0.03859649122807018,0.005263157894736842,0.0,1.9066901408450705,4.0,0.0035087719298245615,0.37719298245614036,11.143859649122806,0.25459087129212166,0.523836832855425,0.005222173401686586,3.618390804597701,0.831442378018917,0.0912280701754386,0.9543859649122808,0.9566666666666668,0.9508370410185308,30,False,2414.0
3,paper,paper_11,11,31,1547360336,3171649137,"[2, 6, 12, 52, 98, 125, 133, 147, 188, 211, 223, 244, 277, 294, 310, 318, 325, 369, 452, 460, 461, 468, 470, 472, 488, 493, 542, 567, 568, 580]","[307, 462, 104, 571, 153, 16, 362, 176, 171, 509, 350, 136, 246, 467, 500, 510, 391, 514, 146, 374, 240, 372, 204, 49, 223, 129, 456, 418, 348, 583]",600,30,0.7,,,,,2.0,0.005,,,5.8116666666666665,0.5127222328143963,0.9916666666666667,0.1,5.766666666666667,0.0016442028438025738,0.0038634312798535744,0.23508771929824562,0.03684210526315789,0.007017543859649123,0.0,1.9401408450704225,4.0,0.0035087719298245615,0.34035087719298246,10.156140350877193,0.22074247057862456,0.586112909690747,0.006811755594717055,3.8045977011494254,0.8214157580410791,0.0596491228070175,0.156140350877193,0.1983333333333333,0.985181791940704,30,False,1480.0
3,paper,paper_11,11,32,1547360336,2497247087,"[13, 21, 27, 34, 91, 92, 118, 183, 186, 202, 203, 225, 247, 266, 336, 338, 359, 377, 397, 433, 452, 476, 480, 484, 497, 500, 526, 560, 574, 575]","[316, 366, 264, 167, 121, 188, 309, 15, 160, 152, 406, 239, 148, 139, 279, 384, 529, 9, 410, 26, 146, 286, 72, 256, 376, 150, 118, 490, 329, 526]",600,30,0.7,,,,,2.0,0.005,,,5.8116666666666665,0.5127222328143963,0.9916666666666667,0.1,6.166666666666667,0.0017461207869983474,0.004546260136492701,0.25263157894736843,0.03508771929824561,0.007017543859649123,0.0,1.931338028169014,4.0,0.0035087719298245615,0.3736842105263158,10.74561403508772,0.23192729493031028,0.5600160330527549,0.005871218610657715,3.689655172413793,0.8771371018339215,0.0859649122807017,0.3719298245614035,0.4033333333333333,0.978139708051458,30,False,1656.0
3,paper,paper_11,11,33,1547360336,1826549157,"[36, 49, 75, 90, 98, 105, 131, 138, 139, 159, 163, 177, 182, 238, 252, 268, 332, 336, 337, 352, 390, 397, 398, 410, 428, 458, 466, 525, 537, 544]","[425, 481, 87, 433, 153, 438, 469, 254, 439, 386, 375, 259, 314, 363, 35, 326, 522, 279, 304, 560, 231, 410, 338, 243, 78, 524, 97, 236, 175, 586]",600,30,0.7,,,,,2.0,0.005,,,5.8116666666666665,0.5127222328143963,0.9916666666666667,0.1,5.6,0.001612486249360801,0.004380344347067234,0.23333333333333334,0.043859649122807015,0.0035087719298245615,0.0,1.943661971830986,4.0,0.0035087719298245615,0.3280701754385965,9.910526315789474,0.22370554256049419,0.5885733666327506,0.0065542312094036236,3.749425287356322,0.819667116755037,0.0736842105263157,0.3526315789473684,0.385,0.9858711670385674,30,False,1678.0
3,paper,paper_11,11,34,1547360336,3814789122,"[12, 20, 26, 49, 90, 146, 179, 194, 216, 223, 229, 233, 244, 263, 264, 265, 276, 279, 325, 329, 330, 351, 382, 387, 432, 456, 481, 515, 520, 575]","[104, 227, 392, 481, 433, 523, 511, 203, 157, 350, 38, 47, 136, 68, 247, 487, 119, 234, 391, 356, 591, 488, 65, 545, 552, 145, 482, 156, 499, 526]",600,30,0.7,,,,,2.0,0.005,,,5.8116666666666665,0.5127222328143963,0.9916666666666667,0.1,6.2,0.001746564718345407,0.005465675007444253,0.2631578947368421,0.03333333333333333,0.005263157894736842,0.0,1.9103690685413006,4.0,0.0017543859649122807,0.38421052631578945,10.7,0.240941456354719,0.5443098079116949,0.004845451483382518,3.6182266009852215,0.8739456650485177,0.0719298245614035,0.256140350877193,0.2933333333333333,0.9787042500684038,30,False,1554.0
3,paper,paper_11,11,35,1547360336,24188932,"[4, 14, 64, 88, 100, 112, 160, 170, 180, 183, 207, 258, 282, 290, 316, 341, 377, 395, 399, 401, 411, 423, 431, 439, 449, 465, 492, 514, 516, 525]","[313, 255, 163, 120, 432, 229, 155, 308, 45, 15, 381, 261, 587, 474, 6, 101, 9, 140, 330, 1, 396, 64, 250, 14, 533, 138, 373, 450, 358, 236]",600,30,0.7,,,,,2.0,0.005,,,5.8116666666666665,0.5127222328143963,0.9916666666666667,0.1,6.3,0.001773765558315955,0.004737383252428716,0.27017543859649124,0.043859649122807015,0.005263157894736842,0.0,1.880281690140845,4.0,0.0035087719298245615,0.3473684210526316,10.596491228070175,0.24991254669248605,0.5340239879135449,0.005897284334350631,3.811494252873563,0.8771371018339215,0.0982456140350877,0.963157894736842,0.965,0.9308527919929476,30,False,2416.0
3,paper,paper_11,11,36,1547360336,2737204020,"[12, 38, 40, 54, 86, 94, 115, 123, 125, 130, 165, 186, 225, 253, 312, 355, 359, 393, 409, 415, 424, 429, 449, 452, 481, 488, 507, 530, 538, 590]","[104, 82, 178, 598, 69, 378, 292, 385, 16, 60, 54, 160, 239, 12, 590, 41, 529, 334, 224, 125, 574, 293, 533, 146, 482, 223, 177, 113, 436, 208]",600,30,0.7,,,,,2.0,0.005,,,5.8116666666666665,0.5127222328143963,0.9916666666666667,0.1,5.7,0.0016491478314037773,0.004148643619092782,0.24561403508771928,0.04035087719298246,0.0,0.0,1.9242957746478873,4.0,0.0035087719298245615,0.30350877192982456,10.170175438596491,0.23081298373628428,0.5701600221996115,0.005118534084051326,3.717241379310345,0.7852953445822858,0.0807017543859649,0.312280701754386,0.3466666666666667,0.9672537499573082,30,False,1634.0
3,paper,paper_11,11,37,1547360336,3901111902,"[57, 81, 90, 126, 154, 163, 179, 195, 200, 201, 250, 265, 302, 317, 325, 330, 342, 343, 372, 373, 389, 410, 425, 430, 453, 459, 496, 503, 529, 530]","[88, 81, 433, 170, 412, 375, 511, 449, 387, 525, 166, 487, 66, 569, 391, 591, 158, 489, 206, 217, 294, 243, 5, 342, 295, 248, 415, 196, 133, 113]",600,30,0.7,,,,,2.0,0.005,,,5.8116666666666665,0.5127222328143963,0.9916666666666667,0.1,6.6,0.001853283909304847,0.006910844631440369,0.28421052631578947,0.0456140350877193,0.0,0.0,1.8538732394366197,4.0,0.0035087719298245615,0.39649122807017545,10.543859649122806,0.25439874669490176,0.5149569882527055,0.003885847266331946,3.774712643678161,0.8796803727871174,0.0982456140350877,0.9578947368421052,0.96,0.9308737500105052,30,False,2414.0
3,paper,paper_11,11,38,1547360336,3151830189,"[48, 55, 79, 80, 113, 126, 130, 154, 163, 216, 222, 235, 253, 256, 292, 315, 316, 362, 377, 398, 415, 438, 455, 461, 473, 493, 497, 513, 566, 597]","[424, 215, 528, 505, 411, 170, 60, 412, 375, 157, 382, 409, 12, 335, 370, 369, 6, 269, 9, 338, 125, 428, 416, 240, 53, 129, 376, 597, 288, 345]",600,30,0.7,,,,,2.0,0.005,,,5.8116666666666665,0.5127222328143963,0.9916666666666667,0.1,6.433333333333334,0.0018052316460085442,0.003719948322189612,0.28421052631578947,0.042105263157894736,0.005263157894736842,0.0,1.8485915492957747,4.0,0.0035087719298245615,0.38421052631578945,10.822807017543859,0.2599910432054969,0.5139148398236364,0.005472607176461132,3.7287356321839082,0.8653618405700418,0.0736842105263157,0.843859649122807,0.8516666666666667,0.9707245830213652,30,False,2216.0
3,paper,paper_11,11,39,1547360336,489469580,"[18, 54, 77, 98, 108, 130, 135, 178, 210, 234, 265, 300, 308, 311, 315, 327, 348, 380, 383, 388, 395, 403, 440, 481, 491, 532, 552, 580, 590, 596]","[419, 598, 579, 153, 280, 60, 189, 29, 517, 244, 487, 257, 584, 43, 369, 495, 546, 493, 230, 451, 140, 567, 331, 482, 452, 573, 89, 583, 208, 235]",600,30,0.7,,,,,2.0,0.005,,,5.8116666666666665,0.5127222328143963,0.9916666666666667,0.1,5.2,0.0015186364252782701,0.003529099919235487,0.23508771929824562,0.02631578947368421,0.005263157894736842,0.0,1.9700704225352113,4.0,0.0035087719298245615,0.2982456140350877,9.494736842105263,0.21460961636153705,0.5863965713933339,0.005606711059363991,3.910344827586207,0.817123845801841,0.0736842105263157,0.7526315789473684,0.765,0.9656250410480424,30,False,2092.0
3,paper,paper_11,11,40,1547360336,2476941070,"[9, 23, 26, 31, 35, 64, 102, 109, 134, 136, 195, 224, 234, 240, 244, 262, 282, 345, 378, 389, 404, 412, 432, 435, 462, 528, 530, 537, 572, 598]","[445, 303, 392, 287, 201, 163, 281, 347, 311, 249, 449, 473, 244, 52, 136, 266, 587, 24, 442, 294, 143, 79, 552, 420, 321, 290, 113, 175, 521, 191]",600,30,0.7,,,,,2.0,0.005,,,5.8116666666666665,0.5127222328143963,0.9916666666666667,0.1,4.933333333333334,0.0014549131803613348,0.0033018178698526004,0.21578947368421053,0.021052631578947368,0.0035087719298245615,0.0,2.0140845070422535,4.0,0.0035087719298245615,0.24736842105263157,9.287719298245614,0.20082924848174008,0.616039219313662,0.004784195970808547,3.8275862068965516,0.8553352205922038,0.0859649122807017,0.5473684210526316,0.57,0.9855472090421245,30,False,1818.0
3,paper,paper_11,11,41,1547360336,3068522218,"[34, 38, 42, 54, 55, 73, 78, 80, 88, 97, 115, 151, 178, 182, 190, 196, 254, 277, 294, 310, 331, 368, 383, 406, 478, 481, 483, 501, 558, 581]","[167, 82, 123, 598, 215, 596, 486, 505, 120, 318, 292, 17, 29, 314, 538, 13, 267, 246, 467, 500, 512, 55, 230, 340, 543, 482, 527, 483, 296, 86]",600,30,0.7,,,,,2.0,0.005,,,5.8116666666666665,0.5127222328143963,0.9916666666666667,0.1,5.166666666666667,0.0015155105820424555,0.003007660912165433,0.22280701754385965,0.02631578947368421,0.0017543859649122807,0.0,2.017605633802817,4.0,0.0035087719298245615,0.2824561403508772,9.149122807017545,0.2102208292899445,0.6048900810902476,0.0038975137250999324,3.8758620689655174,0.7855214993930989,0.0807017543859649,0.2894736842105263,0.325,0.9698650420177728,30,False,1560.0
3,paper,paper_11,11,42,1547360336,455821058,"[19, 31, 47, 63, 117, 120, 123, 135, 141, 142, 148, 204, 244, 245, 296, 311, 312, 333, 341, 350, 385, 392, 409, 419, 420, 437, 503, 514, 549, 557]","[83, 287, 260, 446, 27, 588, 385, 189, 77, 213, 352, 540, 136, 359, 542, 43, 590, 67, 101, 361, 377, 504, 224, 190, 197, 553, 196, 450, 589, 498]",600,30,0.7,,,,,2.0,0.005,,,5.8116666666666665,0.5127222328143963,0.9916666666666667,0.1,6.633333333333334,0.0018533954267649136,0.0066400891796649895,0.28596491228070176,0.0456140350877193,0.0035087719298245615,0.0,1.8591549295774648,4.0,0.0035087719298245615,0.4052631578947368,11.098245614035088,0.25595976028137946,0.5125088644282059,0.004967855986195938,3.6413793103448278,0.8487261922105831,0.0701754385964912,0.2526315789473684,0.29,0.991495250025764,30,False,1588.0
3,paper,paper_11,11,43,1547360336,3056101185,"[9, 11, 60, 72, 79, 105, 128, 135, 156, 162, 236, 253, 270, 291, 295, 315, 316, 319, 338, 364, 380, 381, 446, 458, 469, 526, 558, 559, 575, 583]","[445, 154, 461, 2, 528, 438, 549, 189, 561, 444, 476, 12, 105, 181, 168, 369, 6, 343, 384, 262, 493, 205, 63, 524, 222, 118, 296, 457, 526, 58]",600,30,0.7,,,,,2.0,0.005,,,5.8116666666666665,0.5127222328143963,0.9916666666666667,0.1,6.066666666666666,0.0017152660156132071,0.004780595467788245,0.2719298245614035,0.03508771929824561,0.005263157894736842,0.0,1.8820422535211268,4.0,0.0035087719298245615,0.3912280701754386,10.507017543859648,0.24408165566275206,0.5318533592328801,0.004972817119182018,3.7563218390804596,0.8587528121884209,0.0824561403508772,0.9491228070175438,0.9516666666666668,0.9603915000334382,30,False,2410.0
3,paper,paper_11,11,44,1547360336,4126821899,"[53, 85, 97, 117, 119, 120, 150, 183, 193, 214, 224, 230, 267, 268, 278, 321, 341, 345, 373, 401, 412, 414, 442, 459, 464, 478, 556, 574, 584, 586]","[51, 199, 318, 27, 471, 588, 557, 15, 515, 39, 473, 216, 478, 326, 556, 535, 101, 24, 217, 1, 79, 192, 0, 248, 285, 543, 530, 329, 320, 397]",600,30,0.7,,,,,2.0,0.005,,,5.8116666666666665,0.5127222328143963,0.9916666666666667,0.1,5.166666666666667,0.001513885086760329,0.004404715151485039,0.23157894736842105,0.03508771929824561,0.005263157894736842,0.0,2.012323943661972,4.0,0.0035087719298245615,0.2807017543859649,9.124561403508771,0.2171979767219512,0.591539481392409,0.006100931736140448,3.905747126436782,0.8621704037846379,0.087719298245614,0.9578947368421052,0.96,0.7948634159984067,25,True,2414.0
3,paper,paper_11,11,45,1547360336,3763838004,"[9, 26, 35, 87, 137, 149, 165, 194, 224, 242, 253, 254, 255, 260, 263, 274, 280, 293, 298, 303, 334, 343, 370, 378, 383, 389, 462, 473, 547, 583]","[445, 392, 201, 317, 7, 112, 54, 203, 473, 459, 12, 267, 76, 185, 68, 414, 341, 299, 403, 484, 551, 489, 582, 442, 230, 294, 321, 53, 252, 58]",600,30,0.7,,,,,2.0,0.005,,,5.8116666666666665,0.5127222328143963,0.9916666666666667,0.1,5.466666666666667,0.0015779827220456094,0.004051704258226012,0.24912280701754386,0.028070175438596492,0.0,0.0,1.9596491228070176,4.0,0.0,0.2964912280701754,9.042105263157895,0.22486280425811578,0.5653747726081461,0.003388571461593774,3.8835978835978837,0.898064662432618,0.0894736842105263,0.956140350877193,0.9583333333333334,0.9513792080106214,30,False,2406.0
3,paper,paper_11,11,46,1547360336,1142452070,"[51, 69, 81, 87, 100, 128, 144, 149, 168, 194, 198, 211, 214, 228, 279, 284, 313, 319, 323, 324, 329, 357, 375, 406, 416, 424, 444, 501, 504, 575]","[513, 23, 81, 317, 432, 549, 430, 112, 40, 203, 71, 509, 39, 19, 234, 209, 519, 343, 114, 278, 356, 485, 426, 340, 441, 574, 400, 483, 544, 526]",600,30,0.7,,,,,2.0,0.005,,,5.8116666666666665,0.5127222328143963,0.9916666666666667,0.1,5.333333333333333,0.001553907595909916,0.004802203263143025,0.23333333333333334,0.02631578947368421,0.0035087719298245615,0.0,1.931338028169014,4.0,0.0035087719298245615,0.2964912280701754,9.621052631578948,0.21429334950531798,0.5890913575679092,0.0043372728616136325,3.9885057471264367,0.8299755591690063,0.0649122807017543,0.2456140350877192,0.2833333333333333,0.9813129999674856,30,False,1572.0
3,paper,paper_11,11,47,1547360336,1056605247,"[75, 81, 100, 102, 116, 133, 155, 182, 185, 260, 277, 278, 286, 291, 305, 327, 351, 376, 379, 390, 393, 460, 471, 472, 487, 506, 512, 542, 547, 593]","[87, 81, 432, 281, 270, 362, 580, 314, 558, 185, 246, 556, 107, 181, 132, 495, 488, 554, 159, 231, 334, 374, 95, 49, 518, 183, 367, 456, 252, 37]",600,30,0.7,,,,,2.0,0.005,,,5.8116666666666665,0.5127222328143963,0.9916666666666667,0.1,6.066666666666666,0.0017183735964437935,0.005523413976255049,0.2649122807017544,0.03333333333333333,0.0035087719298245615,0.0,1.929701230228471,4.0,0.0017543859649122807,0.3649122807017544,9.943859649122807,0.23556832331337044,0.5424906730798877,0.004662609677181339,3.7660098522167487,0.8004881974423824,0.0719298245614035,0.2456140350877192,0.2833333333333333,0.9789347500773148,30,False,1578.0
3,paper,paper_11,11,48,1547360336,480818296,"[26, 42, 54, 63, 75, 83, 90, 121, 129, 148, 154, 187, 220, 234, 241, 246, 251, 266, 299, 324, 331, 410, 430, 462, 490, 493, 503, 505, 518, 585]","[392, 123, 598, 446, 87, 325, 433, 22, 186, 352, 412, 346, 431, 244, 33, 434, 115, 139, 559, 278, 512, 243, 342, 321, 440, 129, 196, 389, 566, 124]",600,30,0.7,,,,,2.0,0.005,,,5.8116666666666665,0.5127222328143963,0.9916666666666667,0.1,6.133333333333334,0.0017519636130945706,0.007215742811508672,0.2543859649122807,0.05263157894736842,0.005263157894736842,0.0,1.9507042253521127,4.0,0.0035087719298245615,0.34210526315789475,9.824561403508772,0.23574417222713334,0.55774673943206,0.00623556672250582,3.7448275862068967,0.8758964377948244,0.0859649122807017,0.5736842105263158,0.595,0.9846484590088947,30,False,1872.0
3,paper,paper_11,11,49,1547360336,4044514382,"[12, 30, 37, 42, 52, 57, 61, 69, 94, 100, 151, 159, 164, 186, 206, 211, 252, 266, 292, 302, 323, 368, 416, 451, 468, 492, 546, 555, 564, 593]","[104, 61, 162, 123, 571, 88, 537, 23, 378, 432, 17, 386, 595, 160, 344, 509, 35, 139, 370, 66, 114, 55, 441, 516, 372, 373, 237, 585, 399, 37]",600,30,0.7,,,,,2.0,0.005,,,5.8116666666666665,0.5127222328143963,0.9916666666666667,0.1,5.8,0.0016645577992211971,0.00537010774764265,0.24035087719298245,0.031578947368421054,0.005263157894736842,0.0,1.9348591549295775,4.0,0.0035087719298245615,0.3631578947368421,10.524561403508772,0.2232482451000444,0.5782135479295779,0.005121840446384056,3.606896551724138,0.8113891380632413,0.0912280701754386,0.4842105263157895,0.51,0.986714084050618,30,False,1784.0
3,paper,paper_12,12,0,1842925515,322540618,"[45, 67, 70, 76, 96, 128, 133, 152, 173, 199, 209, 213, 256, 276, 295, 337, 441, 450, 471, 476, 481, 496, 508, 526, 536, 546, 570, 571, 588, 598]","[131, 269, 466, 265, 98, 194, 33, 371, 339, 31, 273, 298, 388, 571, 4, 333, 347, 306, 586, 193, 502, 150, 211, 580, 345, 438, 292, 391, 253, 567]",600,30,0.7,,,,,2.0,0.005,,,3.4233333333333333,0.5778548535522013,0.9616666666666667,0.08333333333333333,3.1333333333333333,0.0015426368680709888,0.005145070911762115,0.14736842105263157,0.008771929824561403,0.0017543859649122807,0.0,2.5527272727272727,6.0,0.03508771929824561,0.056140350877192984,2.6052631578947367,0.1418137902563607,0.7274442697252798,0.0023381599243668207,5.122507122507122,0.7097930328375461,0.0631578947368421,0.087719298245614,0.1333333333333333,0.99913800007198,30,False,1062.0
3,paper,paper_12,12,1,1842925515,931430138,"[60, 94, 110, 113, 115, 132, 136, 139, 172, 193, 194, 195, 197, 217, 225, 255, 257, 347, 354, 361, 369, 377, 391, 440, 444, 502, 503, 523, 531, 591]","[427, 476, 254, 27, 553, 440, 549, 130, 274, 116, 261, 70, 405, 594, 255, 260, 376, 240, 58, 286, 309, 469, 270, 310, 433, 584, 10, 503, 140, 69]",600,30,0.7,,,,,2.0,0.005,,,3.4233333333333333,0.5778548535522013,0.9616666666666667,0.08333333333333333,3.9,0.0017919447925372018,0.009477439199896099,0.1649122807017544,0.02280701754385965,0.0,0.0,2.380255941499086,5.0,0.04035087719298246,0.09649122807017543,3.3403508771929826,0.16082899553444957,0.6979681188912528,0.004248692859240527,4.779310344827586,0.6700452155116294,0.0561403508771929,0.1105263157894736,0.155,0.9931200420251116,30,True,1090.0
3,paper,paper_12,12,2,1842925515,932966497,"[4, 36, 41, 45, 64, 71, 74, 110, 136, 140, 184, 194, 258, 264, 281, 312, 359, 361, 362, 377, 431, 437, 456, 461, 485, 487, 518, 532, 578, 580]","[124, 358, 324, 131, 470, 573, 453, 254, 549, 28, 94, 261, 55, 389, 537, 582, 210, 286, 392, 469, 53, 398, 382, 78, 481, 599, 231, 412, 401, 61]",600,30,0.7,,,,,2.0,0.005,,,3.4233333333333333,0.5778548535522013,0.9616666666666667,0.08333333333333333,3.8333333333333335,0.0018186235267968753,0.005707766431684072,0.18070175438596492,0.014035087719298246,0.0,0.0,2.3813868613138687,5.0,0.03859649122807018,0.06666666666666667,2.8684210526315788,0.1707968434006718,0.6720500724570654,0.0023325461256495737,5.157635467980295,0.6840028456885766,0.0596491228070175,0.1245614035087719,0.1683333333333333,0.8036666250554845,24,True,1058.0
3,paper,paper_12,12,3,1842925515,3646356452,"[24, 45, 52, 53, 109, 117, 145, 153, 162, 185, 202, 276, 323, 328, 345, 359, 360, 399, 409, 427, 445, 458, 470, 471, 477, 508, 509, 540, 551, 560]","[430, 131, 343, 325, 21, 524, 419, 215, 288, 512, 303, 571, 181, 397, 365, 210, 479, 171, 312, 282, 468, 143, 67, 586, 156, 211, 566, 485, 182, 243]",600,30,0.7,,,,,2.0,0.005,,,3.4233333333333333,0.5778548535522013,0.9616666666666667,0.08333333333333333,3.2666666666666666,0.0016265686401955681,0.004817617672012209,0.14912280701754385,0.012280701754385965,0.0,0.0,2.4608378870673953,6.0,0.03684210526315789,0.054385964912280704,2.6666666666666665,0.14601091462965157,0.7243794900255912,0.0025653082549634276,5.125615763546798,0.6588565458305705,0.0526315789473684,0.0859649122807017,0.1316666666666666,1.0057866669958455,30,False,1056.0
3,paper,paper_12,12,4,1842925515,1872755240,"[9, 22, 50, 69, 84, 111, 137, 146, 191, 233, 258, 264, 295, 317, 321, 339, 350, 382, 396, 479, 480, 504, 524, 533, 540, 542, 562, 594, 596, 598]","[197, 442, 361, 142, 409, 517, 441, 402, 454, 222, 55, 389, 4, 544, 120, 558, 57, 494, 242, 363, 155, 60, 443, 248, 485, 91, 464, 436, 507, 567]",600,30,0.7,,,,,2.0,0.005,,,3.4233333333333333,0.5778548535522013,0.9616666666666667,0.08333333333333333,3.3,0.001626554610137615,0.00508786287338644,0.15263157894736842,0.010526315789473684,0.0,0.0,2.4444444444444446,6.0,0.03684210526315789,0.06491228070175438,2.73859649122807,0.1465197903726849,0.7185212592112972,0.002512315270935961,5.12962962962963,0.7184648412136905,0.0385964912280701,0.0789473684210526,0.125,1.0134781250962988,30,False,1046.0
3,paper,paper_12,12,5,1842925515,2425642731,"[4, 7, 37, 56, 75, 83, 112, 183, 200, 240, 249, 275, 301, 321, 336, 337, 344, 362, 376, 393, 409, 443, 444, 471, 513, 519, 520, 558, 576, 592]","[124, 15, 323, 68, 317, 374, 51, 592, 185, 596, 259, 527, 369, 120, 565, 333, 107, 392, 12, 283, 312, 246, 433, 586, 429, 408, 176, 79, 335, 45]",600,30,0.7,,,,,2.0,0.005,,,3.4233333333333333,0.5778548535522013,0.9616666666666667,0.08333333333333333,3.533333333333333,0.001689530093191422,0.005988425942600488,0.15964912280701754,0.007017543859649123,0.0017543859649122807,0.0,2.510948905109489,6.0,0.03859649122807018,0.06491228070175438,2.812280701754386,0.15332974733815322,0.7066876329664231,0.0018017614569338708,4.977832512315271,0.6766188118943586,0.0614035087719298,0.1210526315789473,0.165,0.924769249977544,28,True,1092.0
3,paper,paper_12,12,6,1842925515,2545454099,"[9, 22, 34, 46, 57, 60, 97, 119, 147, 157, 207, 270, 304, 310, 340, 349, 358, 378, 408, 424, 432, 473, 479, 510, 511, 541, 564, 585, 588, 589]","[197, 442, 414, 96, 423, 427, 244, 514, 233, 44, 472, 226, 561, 350, 531, 381, 294, 256, 122, 56, 559, 241, 363, 74, 174, 338, 598, 43, 253, 322]",600,30,0.7,,,,,2.0,0.005,,,3.4233333333333333,0.5778548535522013,0.9616666666666667,0.08333333333333333,3.2,0.0015689445465166363,0.005565694874896699,0.1456140350877193,0.010526315789473684,0.0017543859649122807,0.0,2.4446460980036298,5.0,0.03333333333333333,0.07543859649122807,2.9105263157894736,0.14225497463486794,0.7303857182499306,0.0024074903385248214,5.133903133903134,0.7104369201285093,0.0508771929824561,0.1245614035087719,0.1683333333333333,0.8093865000410005,25,True,1082.0
3,paper,paper_12,12,7,1842925515,1492583917,"[29, 32, 59, 84, 121, 138, 158, 167, 196, 222, 241, 303, 360, 361, 367, 377, 397, 419, 430, 431, 461, 474, 490, 498, 512, 518, 567, 569, 580, 595]","[452, 99, 319, 409, 337, 360, 301, 500, 202, 342, 504, 422, 479, 286, 42, 469, 5, 448, 24, 53, 78, 367, 542, 489, 313, 231, 488, 552, 61, 289]",600,30,0.7,,,,,2.0,0.005,,,3.4233333333333333,0.5778548535522013,0.9616666666666667,0.08333333333333333,4.0,0.0018987915907429569,0.006482847793896584,0.19649122807017544,0.014035087719298246,0.0,0.0,2.321167883211679,5.0,0.03859649122807018,0.06491228070175438,2.9192982456140353,0.18297647634984765,0.6465266857829988,0.002250584664377768,5.120689655172414,0.6630798310289107,0.0649122807017543,0.156140350877193,0.1983333333333333,0.5935032499255612,18,True,1096.0
3,paper,paper_12,12,8,1842925515,933534815,"[1, 4, 6, 36, 39, 46, 59, 92, 105, 115, 134, 145, 168, 176, 181, 197, 199, 232, 234, 350, 353, 370, 404, 406, 412, 461, 467, 468, 476, 573]","[35, 124, 90, 358, 420, 96, 319, 127, 238, 553, 493, 419, 218, 128, 462, 405, 31, 129, 510, 57, 144, 206, 375, 477, 46, 78, 1, 223, 193, 578]",600,30,0.7,,,,,2.0,0.005,,,3.4233333333333333,0.5778548535522013,0.9616666666666667,0.08333333333333333,3.3666666666666667,0.00162138918020562,0.007028514365893084,0.156140350877193,0.014035087719298246,0.0,0.0,2.4051094890510947,5.0,0.03859649122807018,0.05964912280701754,2.7666666666666666,0.15197916242968923,0.712502697869454,0.0032977558839627804,4.995073891625616,0.6992482504474504,0.0578947368421052,0.0614035087719298,0.1083333333333333,0.5266816659132019,15,True,1008.0
3,paper,paper_12,12,9,1842925515,650348351,"[3, 16, 33, 129, 200, 220, 235, 247, 249, 302, 307, 317, 323, 354, 370, 372, 382, 424, 437, 444, 454, 464, 468, 509, 527, 534, 546, 553, 565, 599]","[76, 279, 521, 316, 185, 293, 26, 344, 259, 66, 390, 544, 181, 58, 206, 359, 494, 56, 398, 433, 209, 177, 223, 566, 115, 266, 438, 364, 200, 482]",600,30,0.7,,,,,2.0,0.005,,,3.4233333333333333,0.5778548535522013,0.9616666666666667,0.08333333333333333,2.8666666666666667,0.0014222764274721205,0.00425716662899742,0.1368421052631579,0.010526315789473684,0.0,0.0,2.531021897810219,5.0,0.03859649122807018,0.054385964912280704,2.457894736842105,0.13465038381516228,0.7454012888107792,0.0025461511668408215,5.482758620689655,0.7072761715326316,0.0561403508771929,0.1087719298245614,0.1533333333333333,0.9704847499961032,30,False,1044.0
3,paper,paper_12,12,10,1842925515,2085030466,"[28, 36, 43, 99, 127, 134, 148, 160, 177, 184, 227, 238, 240, 267, 270, 285, 292, 298, 316, 352, 407, 415, 426, 451, 498, 512, 529, 557, 564, 568]","[37, 358, 314, 417, 189, 493, 262, 180, 263, 94, 395, 258, 596, 205, 226, 93, 36, 268, 536, 509, 295, 372, 411, 0, 489, 313, 534, 528, 598, 153]",600,30,0.7,,,,,2.0,0.005,,,3.4233333333333333,0.5778548535522013,0.9616666666666667,0.08333333333333333,3.0,0.0015159606418049087,0.006169554517946694,0.1368421052631579,0.007017543859649123,0.0,0.0,2.5974499089253187,6.0,0.03684210526315789,0.03508771929824561,2.142105263157895,0.13298735200665884,0.7454321216045385,0.0010801778043157354,5.4523809523809526,0.7024089990433281,0.0421052631578947,0.1017543859649122,0.1466666666666666,0.846830541966483,26,True,1068.0
3,paper,paper_12,12,11,1842925515,99457763,"[18, 26, 61, 62, 67, 92, 101, 105, 124, 161, 171, 221, 268, 292, 325, 327, 334, 362, 390, 402, 403, 470, 478, 498, 515, 555, 568, 570, 580, 582]","[478, 547, 415, 492, 269, 127, 85, 238, 311, 165, 334, 383, 545, 36, 463, 407, 92, 392, 161, 199, 362, 67, 20, 489, 431, 135, 153, 292, 61, 2]",600,30,0.7,,,,,2.0,0.005,,,3.4233333333333333,0.5778548535522013,0.9616666666666667,0.08333333333333333,3.2333333333333334,0.0015719284637348409,0.004974655741763417,0.14912280701754385,0.007017543859649123,0.0,0.0,2.47992700729927,6.0,0.03859649122807018,0.03859649122807018,2.4842105263157896,0.1436680657615815,0.7244843215243734,0.0015325670498084294,5.3817733990147785,0.7264927622988718,0.0561403508771929,0.1140350877192982,0.1583333333333333,0.9900490840664132,30,False,1076.0
3,paper,paper_12,12,12,1842925515,1393987269,"[7, 31, 36, 49, 74, 85, 106, 122, 163, 165, 168, 194, 240, 276, 286, 287, 304, 325, 345, 353, 365, 383, 392, 404, 442, 464, 467, 510, 534, 594]","[15, 40, 358, 212, 453, 449, 557, 175, 496, 138, 218, 261, 596, 571, 30, 19, 561, 463, 365, 144, 252, 506, 271, 375, 307, 177, 1, 74, 266, 436]",600,30,0.7,,,,,2.0,0.005,,,3.4233333333333333,0.5778548535522013,0.9616666666666667,0.08333333333333333,3.6666666666666665,0.0017782281699958605,0.004842412994362932,0.1649122807017544,0.017543859649122806,0.0,0.0,2.4251824817518246,6.0,0.03859649122807018,0.04912280701754386,2.710526315789474,0.16074617010252346,0.6978262880399593,0.0035158647227612745,5.017241379310345,0.6759749246033953,0.0578947368421052,0.1456140350877193,0.1883333333333333,0.9603542500408366,30,False,1082.0
3,paper,paper_12,12,13,1842925515,4038601898,"[3, 11, 30, 59, 84, 96, 134, 152, 166, 198, 208, 217, 236, 242, 243, 246, 257, 258, 288, 297, 306, 337, 416, 430, 432, 436, 518, 523, 530, 541]","[76, 556, 237, 319, 409, 98, 493, 371, 576, 379, 495, 594, 106, 276, 7, 332, 376, 55, 572, 34, 201, 333, 82, 24, 559, 404, 231, 503, 535, 338]",600,30,0.7,,,,,2.0,0.005,,,3.4233333333333333,0.5778548535522013,0.9616666666666667,0.08333333333333333,3.3333333333333335,0.0016003613664828799,0.004287319633863725,0.156140350877193,0.012280701754385965,0.0,0.0,2.4643510054844606,6.0,0.04035087719298246,0.05789473684210526,2.736842105263158,0.1526758470626015,0.7124841981931983,0.0020334709989882406,5.241379310344827,0.6605629697239963,0.0719298245614035,0.1385964912280701,0.1816666666666666,0.7544284160248935,23,True,1058.0
3,paper,paper_12,12,14,1842925515,4176472145,"[0, 6, 50, 70, 78, 90, 109, 122, 192, 202, 228, 263, 302, 311, 327, 330, 339, 362, 425, 439, 457, 468, 483, 516, 533, 544, 553, 567, 574, 578]","[168, 90, 361, 466, 22, 198, 21, 175, 13, 303, 103, 196, 66, 114, 407, 23, 558, 392, 52, 554, 219, 223, 428, 396, 248, 16, 364, 488, 239, 401]",600,30,0.7,,,,,2.0,0.005,,,3.4233333333333333,0.5778548535522013,0.9616666666666667,0.08333333333333333,3.466666666666667,0.0016592364513527546,0.0054008159118631325,0.156140350877193,0.012280701754385965,0.0035087719298245615,0.0,2.52007299270073,6.0,0.03859649122807018,0.07192982456140351,2.787719298245614,0.15052036114528666,0.7125766965744766,0.003287440528819839,5.172413793103448,0.6968979392630613,0.0508771929824561,0.0947368421052631,0.14,0.8343204580014572,25,True,1032.0
3,paper,paper_12,12,15,1842925515,1557853518,"[7, 16, 18, 51, 60, 69, 111, 123, 149, 175, 179, 258, 268, 321, 350, 363, 366, 369, 380, 385, 423, 428, 449, 451, 477, 527, 531, 544, 593, 596]","[15, 279, 478, 75, 427, 142, 517, 519, 62, 275, 447, 55, 545, 120, 57, 497, 147, 309, 47, 184, 245, 595, 225, 0, 156, 115, 140, 16, 308, 507]",600,30,0.7,,,,,2.0,0.005,,,3.4233333333333333,0.5778548535522013,0.9616666666666667,0.08333333333333333,3.433333333333333,0.001672101673866172,0.006144291035841525,0.156140350877193,0.021052631578947368,0.0,0.0,2.4872262773722627,5.0,0.03859649122807018,0.056140350877192984,2.7859649122807015,0.1538015706521495,0.7124410322819351,0.004407954752782339,5.184729064039409,0.6582126585396071,0.0561403508771929,0.1087719298245614,0.1533333333333333,0.987846125033684,30,False,1066.0
3,paper,paper_12,12,16,1842925515,2723043076,"[10, 18, 60, 90, 97, 113, 120, 149, 161, 172, 184, 217, 228, 236, 246, 262, 294, 303, 310, 371, 425, 448, 460, 487, 517, 523, 557, 559, 568, 575]","[451, 478, 427, 198, 244, 27, 432, 62, 165, 274, 94, 594, 103, 106, 332, 541, 139, 422, 350, 278, 52, 581, 95, 599, 224, 503, 528, 204, 153, 597]",600,30,0.7,,,,,2.0,0.005,,,3.4233333333333333,0.5778548535522013,0.9616666666666667,0.08333333333333333,3.033333333333333,0.0014935237548522298,0.0041713473227785085,0.14035087719298245,0.015789473684210527,0.0,0.0,2.4990892531876137,6.0,0.03684210526315789,0.043859649122807015,2.5035087719298246,0.13882056045967717,0.7393518946751765,0.004085933223864259,5.224867724867725,0.6895139054688434,0.0701754385964912,0.1807017543859649,0.2216666666666666,0.9578067080583424,30,False,1090.0
3,paper,paper_12,12,17,1842925515,3788522676,"[5, 21, 56, 65, 105, 131, 136, 147, 153, 215, 262, 265, 271, 284, 287, 317, 353, 357, 365, 393, 407, 412, 444, 450, 455, 550, 552, 555, 589, 595]","[123, 88, 68, 136, 238, 522, 549, 233, 215, 434, 541, 589, 570, 145, 19, 544, 144, 250, 252, 283, 295, 46, 433, 306, 523, 302, 486, 135, 322, 289]",600,30,0.7,,,,,2.0,0.005,,,3.4233333333333333,0.5778548535522013,0.9616666666666667,0.08333333333333333,3.6,0.0017450734434653497,0.00522934295278654,0.1631578947368421,0.015789473684210527,0.0,0.0,2.4277879341864717,5.0,0.04035087719298246,0.06315789473684211,2.7982456140350878,0.15871719779997553,0.7007985693583696,0.0030141314624073244,5.13103448275862,0.7072761715326316,0.0543859649122807,0.0929824561403508,0.1383333333333333,0.9404553339118138,28,True,1058.0
3,paper,paper_12,12,18,1842925515,960701777,"[5, 43, 49, 98, 116, 144, 152, 158, 257, 280, 301, 312, 323, 332, 348, 350, 353, 366, 379, 391, 401, 426, 460, 466, 483, 492, 532, 556, 571, 588]","[123, 314, 212, 305, 230, 518, 371, 301, 376, 574, 369, 582, 181, 370, 499, 57, 144, 147, 354, 270, 216, 411, 95, 387, 428, 437, 412, 458, 391, 253]",600,30,0.7,,,,,2.0,0.005,,,3.4233333333333333,0.5778548535522013,0.9616666666666667,0.08333333333333333,3.8,0.0018114069396811153,0.006858504779256357,0.17719298245614035,0.015789473684210527,0.0,0.0,2.3503649635036497,5.0,0.03859649122807018,0.06842105263157895,2.987719298245614,0.1700893672159284,0.6775629759812537,0.002302043422733078,4.9926108374384235,0.6833589583976132,0.0473684210526315,0.0771929824561403,0.1233333333333333,0.9953627079958096,30,False,1046.0
3,paper,paper_12,12,19,1842925515,12186903,"[2, 10, 31, 75, 79, 80, 117, 143, 170, 228, 231, 234, 266, 274, 319, 327, 342, 361, 389, 408, 422, 425, 426, 436, 459, 512, 528, 578, 593, 598]","[515, 451, 40, 317, 9, 304, 524, 203, 501, 103, 461, 510, 394, 159, 563, 407, 587, 286, 591, 122, 459, 52, 411, 404, 330, 313, 577, 401, 308, 567]",600,30,0.7,,,,,2.0,0.005,,,3.4233333333333333,0.5778548535522013,0.9616666666666667,0.08333333333333333,3.1666666666666665,0.0015225395345469424,0.005714567776062333,0.14035087719298245,0.012280701754385965,0.0,0.0,2.495429616087751,6.0,0.04035087719298246,0.05087719298245614,2.66140350877193,0.13867589739558267,0.7393580612339284,0.0029409288029977683,5.305747126436781,0.6788658821806751,0.0614035087719298,0.1385964912280701,0.1816666666666666,0.7388544999994338,22,True,1058.0
3,paper,paper_12,12,20,1842925515,515570864,"[13, 86, 113, 143, 149, 189, 191, 217, 222, 237, 259, 277, 299, 308, 327, 335, 340, 346, 365, 366, 388, 467, 483, 487, 521, 523, 543, 562, 566, 578]","[484, 406, 27, 203, 62, 167, 454, 594, 342, 297, 267, 588, 188, 569, 407, 465, 531, 444, 252, 147, 157, 1, 428, 599, 529, 503, 207, 464, 172, 401]",600,30,0.7,,,,,2.0,0.005,,,3.4233333333333333,0.5778548535522013,0.9616666666666667,0.08333333333333333,3.533333333333333,0.0017008350730440699,0.0072291026282600285,0.17192982456140352,0.007017543859649123,0.0,0.0,2.3825136612021858,5.0,0.03684210526315789,0.05789473684210526,2.7578947368421054,0.16047282012713893,0.6864551537014769,0.0012734902390074804,5.1534391534391535,0.6863531568729656,0.0684210526315789,0.1245614035087719,0.1683333333333333,0.91601091704797,27,True,1066.0
3,paper,paper_12,12,21,1842925515,3547481496,"[4, 20, 31, 53, 55, 58, 73, 171, 184, 190, 236, 254, 258, 274, 293, 321, 325, 334, 336, 410, 415, 423, 441, 452, 461, 473, 477, 514, 576, 586]","[124, 84, 40, 325, 83, 110, 137, 334, 94, 113, 106, 158, 55, 159, 132, 120, 463, 92, 565, 331, 372, 245, 347, 72, 78, 241, 156, 183, 335, 373]",600,30,0.7,,,,,2.0,0.005,,,3.4233333333333333,0.5778548535522013,0.9616666666666667,0.08333333333333333,3.066666666666667,0.0016036911355002993,0.004017496764804997,0.14385964912280702,0.007017543859649123,0.0,0.0,2.5515370705244123,5.0,0.02982456140350877,0.02982456140350877,2.3157894736842106,0.1379757383094774,0.7334566645083711,0.0015188834154351396,5.262458471760797,0.7379335311709047,0.0473684210526315,0.0789473684210526,0.125,0.981018083053641,30,False,1034.0
3,paper,paper_12,12,22,1842925515,2511744888,"[18, 23, 115, 125, 136, 137, 151, 152, 154, 163, 166, 176, 178, 180, 192, 220, 278, 345, 378, 383, 395, 407, 409, 452, 466, 481, 522, 533, 547, 587]","[478, 548, 553, 166, 549, 441, 299, 371, 543, 496, 576, 128, 173, 249, 13, 293, 351, 365, 256, 506, 232, 295, 312, 72, 387, 502, 498, 248, 251, 179]",600,30,0.7,,,,,2.0,0.005,,,3.4233333333333333,0.5778548535522013,0.9616666666666667,0.08333333333333333,3.3666666666666667,0.0015990936722283398,0.0060770514014159,0.1456140350877193,0.012280701754385965,0.0017543859649122807,0.0,2.4927007299270074,6.0,0.03859649122807018,0.06666666666666667,2.856140350877193,0.1442430337211804,0.7302747201923966,0.003412698412698413,4.955665024630542,0.665596692333825,0.0473684210526315,0.1052631578947368,0.15,0.6992400420131162,21,True,1062.0
3,paper,paper_12,12,23,1842925515,2965743683,"[3, 13, 46, 48, 51, 77, 86, 87, 90, 93, 95, 105, 107, 111, 124, 127, 231, 319, 443, 445, 448, 486, 492, 518, 530, 549, 558, 585, 591, 598]","[76, 484, 96, 456, 75, 355, 406, 133, 198, 491, 526, 238, 551, 517, 311, 189, 461, 563, 246, 468, 581, 192, 437, 231, 535, 108, 79, 43, 69, 567]",600,30,0.7,,,,,2.0,0.005,,,3.4233333333333333,0.5778548535522013,0.9616666666666667,0.08333333333333333,3.3333333333333335,0.0015767889975442572,0.004937909378257774,0.15789473684210525,0.017543859649122806,0.0,0.0,2.416819012797075,5.0,0.04035087719298246,0.054385964912280704,3.0543859649122806,0.15687934666238598,0.7094194184935096,0.00305062115406943,5.119540229885057,0.6700452155116294,0.0842105263157894,0.1684210526315789,0.21,0.8209211248904467,25,True,1094.0
3,paper,paper_12,12,24,1842925515,2679187669,"[1, 18, 24, 38, 46, 58, 93, 111, 115, 135, 139, 170, 173, 179, 278, 287, 333, 336, 348, 350, 365, 392, 394, 400, 471, 483, 490, 504, 512, 524]","[35, 478, 430, 151, 96, 110, 491, 517, 553, 32, 130, 501, 339, 447, 351, 19, 505, 565, 499, 57, 252, 271, 11, 366, 586, 428, 542, 60, 313, 443]",600,30,0.7,,,,,2.0,0.005,,,3.4233333333333333,0.5778548535522013,0.9616666666666667,0.08333333333333333,3.933333333333333,0.00185176286258779,0.008753668782663902,0.17894736842105263,0.014035087719298246,0.0,0.0,2.346715328467153,5.0,0.03859649122807018,0.0824561403508772,3.092982456140351,0.1718830697329114,0.6746461936916104,0.002448458310527276,4.807881773399015,0.6637237183198741,0.0543859649122807,0.1228070175438596,0.1666666666666666,0.9557040410581976,30,False,1098.0
3,paper,paper_12,12,25,1842925515,4060536568,"[1, 6, 9, 55, 66, 115, 127, 133, 151, 152, 169, 174, 178, 197, 216, 221, 245, 268, 280, 329, 340, 351, 368, 385, 404, 409, 472, 499, 508, 521]","[35, 90, 197, 83, 539, 553, 189, 33, 299, 371, 112, 349, 173, 405, 54, 383, 105, 545, 574, 280, 531, 329, 421, 184, 375, 312, 393, 356, 211, 529]",600,30,0.7,,,,,2.0,0.005,,,3.4233333333333333,0.5778548535522013,0.9616666666666667,0.08333333333333333,3.6333333333333333,0.0017776487154127576,0.007397528761140106,0.17017543859649123,0.012280701754385965,0.0017543859649122807,0.0,2.4076782449725775,5.0,0.04035087719298246,0.05263157894736842,2.756140350877193,0.16281434187181504,0.6892054389048191,0.0027596158630641392,5.248275862068965,0.6565062346461814,0.0508771929824561,0.0964912280701754,0.1416666666666666,0.8850492079509422,27,True,1074.0
3,paper,paper_12,12,26,1842925515,2001137630,"[15, 35, 50, 63, 69, 89, 95, 126, 127, 130, 133, 189, 199, 216, 217, 244, 258, 265, 267, 275, 295, 353, 414, 436, 445, 494, 512, 568, 582, 583]","[473, 100, 361, 217, 142, 386, 526, 525, 189, 352, 33, 167, 31, 54, 594, 593, 55, 589, 205, 527, 4, 144, 148, 404, 468, 8, 313, 153, 2, 474]",600,30,0.7,,,,,2.0,0.005,,,3.4233333333333333,0.5778548535522013,0.9616666666666667,0.08333333333333333,3.1333333333333333,0.0015426835201342616,0.005327640064448645,0.14736842105263157,0.010526315789473684,0.0,0.0,2.459016393442623,6.0,0.03684210526315789,0.028070175438596492,2.412280701754386,0.14259946904900403,0.7274627694015354,0.002056194125159642,5.515873015873016,0.7024089990433281,0.0456140350877193,0.0771929824561403,0.1233333333333333,0.977317375014536,26,True,1034.0
3,paper,paper_12,12,27,1842925515,3222956430,"[15, 121, 131, 141, 156, 167, 170, 171, 193, 205, 208, 210, 218, 242, 270, 275, 283, 300, 307, 319, 346, 349, 375, 466, 492, 498, 501, 534, 554, 578]","[473, 337, 522, 81, 533, 500, 501, 334, 116, 424, 495, 71, 300, 276, 226, 527, 575, 378, 390, 563, 444, 381, 583, 387, 437, 489, 121, 266, 403, 401]",600,30,0.7,,,,,2.0,0.005,,,3.4233333333333333,0.5778548535522013,0.9616666666666667,0.08333333333333333,4.033333333333333,0.0018378632849821617,0.009455515545419143,0.18070175438596492,0.021052631578947368,0.0,0.0,2.31021897810219,7.0,0.03859649122807018,0.09473684210526316,3.4859649122807017,0.1724070133374428,0.6718835753707644,0.0032367185815461675,4.8399014778325125,0.6846467329795399,0.0508771929824561,0.1052631578947368,0.15,0.981622250052169,30,False,1066.0
3,paper,paper_12,12,28,1842925515,3446049293,"[4, 18, 26, 55, 71, 75, 77, 80, 173, 204, 216, 217, 223, 231, 261, 273, 298, 306, 356, 358, 376, 385, 397, 411, 422, 427, 467, 569, 582, 595]","[124, 478, 547, 83, 573, 317, 355, 304, 339, 141, 54, 594, 146, 461, 328, 290, 268, 201, 235, 294, 12, 184, 5, 119, 459, 282, 1, 552, 2, 289]",600,30,0.7,,,,,2.0,0.005,,,3.4233333333333333,0.5778548535522013,0.9616666666666667,0.08333333333333333,3.1666666666666665,0.0015511824542331052,0.004088681081746701,0.14736842105263157,0.012280701754385965,0.0,0.0,2.5648994515539307,6.0,0.04035087719298246,0.07368421052631578,2.5894736842105264,0.14538875028705797,0.7273271051089939,0.0027449370552818826,5.158620689655172,0.7135976687243871,0.0701754385964912,0.1456140350877193,0.1883333333333333,0.9803303750231862,30,False,1100.0
3,paper,paper_12,12,29,1842925515,4113284497,"[2, 63, 82, 90, 116, 136, 162, 168, 184, 186, 199, 233, 270, 302, 306, 313, 327, 370, 388, 391, 401, 406, 436, 465, 478, 491, 502, 517, 548, 587]","[515, 217, 118, 198, 230, 549, 288, 218, 94, 247, 31, 222, 226, 66, 201, 416, 407, 206, 157, 270, 216, 477, 404, 341, 20, 368, 584, 224, 425, 179]",600,30,0.7,,,,,2.0,0.005,,,3.4233333333333333,0.5778548535522013,0.9616666666666667,0.08333333333333333,2.7666666666666666,0.001382531812773896,0.0032440387075952453,0.1280701754385965,0.010526315789473684,0.0,0.0,2.5364963503649633,6.0,0.03859649122807018,0.04736842105263158,2.4964912280701754,0.12694449459060098,0.760509357752906,0.0027449370552818826,5.406403940886699,0.694381077958147,0.0508771929824561,0.1105263157894736,0.155,0.9764692910248414,30,False,1058.0
3,paper,paper_12,12,30,1842925515,987170918,"[11, 24, 53, 54, 77, 81, 86, 98, 129, 156, 161, 195, 215, 232, 241, 290, 291, 328, 350, 351, 353, 372, 422, 493, 495, 508, 535, 542, 553, 586]","[556, 430, 325, 435, 355, 162, 406, 305, 316, 533, 165, 70, 434, 129, 504, 410, 532, 397, 57, 329, 144, 359, 459, 89, 555, 211, 546, 91, 364, 373]",600,30,0.7,,,,,2.0,0.005,,,3.4233333333333333,0.5778548535522013,0.9616666666666667,0.08333333333333333,3.2,0.0015863528235784453,0.004266023378706608,0.1543859649122807,0.014035087719298246,0.0,0.0,2.4517304189435336,6.0,0.03684210526315789,0.06842105263157895,2.763157894736842,0.15010134187417126,0.7155119785403755,0.0035942346287173867,5.174876847290641,0.7049258603482425,0.0719298245614035,0.1280701754385965,0.1716666666666666,0.9969361249823124,30,False,1078.0
3,paper,paper_12,12,31,1842925515,2833366715,"[24, 34, 39, 150, 181, 245, 284, 315, 322, 359, 381, 392, 395, 396, 403, 412, 441, 444, 456, 469, 484, 502, 504, 506, 533, 534, 541, 567, 568, 599]","[430, 414, 420, 59, 462, 105, 145, 214, 227, 210, 272, 271, 232, 242, 362, 46, 347, 433, 382, 213, 77, 584, 60, 18, 248, 266, 338, 488, 153, 482]",600,30,0.7,,,,,2.0,0.005,,,3.4233333333333333,0.5778548535522013,0.9616666666666667,0.08333333333333333,3.7333333333333334,0.0017439391334508057,0.008259737416880911,0.16666666666666666,0.01929824561403509,0.0035087719298245615,0.0,2.375912408759124,5.0,0.03859649122807018,0.07192982456140351,3.263157894736842,0.16218036596723145,0.6949033391915641,0.004831318107180177,4.886699507389163,0.6766188118943587,0.0543859649122807,0.0947368421052631,0.14,0.8967041670111939,27,True,1076.0
3,paper,paper_12,12,32,1842925515,3374589579,"[3, 11, 31, 84, 85, 147, 148, 188, 215, 256, 289, 290, 292, 311, 351, 367, 373, 377, 386, 407, 453, 456, 458, 462, 508, 535, 586, 588, 597, 598]","[76, 556, 40, 409, 449, 233, 262, 48, 434, 388, 450, 410, 36, 114, 329, 42, 550, 469, 348, 295, 446, 382, 143, 170, 211, 546, 373, 253, 104, 567]",600,30,0.7,,,,,2.0,0.005,,,3.4233333333333333,0.5778548535522013,0.9616666666666667,0.08333333333333333,3.466666666666667,0.001690584033017264,0.004776000030891307,0.15263157894736842,0.012280701754385965,0.0,0.0,2.504553734061931,6.0,0.03684210526315789,0.07192982456140351,2.8842105263157896,0.14964964224764588,0.7184225942712669,0.0027677431125706993,4.886699507389163,0.6613734071354849,0.0491228070175438,0.0807017543859649,0.1266666666666666,1.01759037503507,30,False,1052.0
3,paper,paper_12,12,33,1842925515,206283512,"[2, 6, 20, 29, 40, 44, 46, 71, 84, 88, 101, 115, 154, 177, 210, 214, 229, 231, 259, 298, 320, 324, 402, 403, 438, 516, 542, 579, 585, 598]","[515, 90, 84, 452, 178, 562, 96, 573, 409, 163, 85, 553, 543, 263, 71, 186, 65, 461, 267, 268, 457, 467, 199, 362, 228, 396, 91, 6, 43, 567]",600,30,0.7,,,,,2.0,0.005,,,3.4233333333333333,0.5778548535522013,0.9616666666666667,0.08333333333333333,3.466666666666667,0.0016749599604951114,0.006070725645318709,0.16666666666666666,0.012280701754385965,0.0,0.0,2.428832116788321,6.0,0.03859649122807018,0.04912280701754386,2.7070175438596493,0.15841577281361707,0.6950821693953689,0.0021296296296296298,5.233990147783251,0.6717516394050552,0.0561403508771929,0.0824561403508772,0.1283333333333333,0.9772127500036732,30,False,1054.0
3,paper,paper_12,12,34,1842925515,4169277752,"[25, 66, 73, 105, 130, 136, 156, 184, 199, 216, 233, 286, 287, 293, 344, 366, 380, 389, 399, 409, 422, 458, 466, 467, 513, 520, 525, 562, 587, 594]","[579, 539, 137, 238, 352, 549, 533, 94, 31, 54, 222, 30, 19, 132, 107, 147, 47, 591, 171, 312, 459, 143, 387, 1, 429, 176, 134, 464, 179, 436]",600,30,0.7,,,,,2.0,0.005,,,3.4233333333333333,0.5778548535522013,0.9616666666666667,0.08333333333333333,3.466666666666667,0.0016921883394970395,0.0055657366386035415,0.14912280701754385,0.01929824561403509,0.0035087719298245615,0.0,2.453382084095064,5.0,0.04035087719298246,0.05087719298245614,2.787719298245614,0.14866972031347084,0.7242746585268092,0.005045695045695044,5.163218390804598,0.6736246134190063,0.0561403508771929,0.087719298245614,0.1333333333333333,1.0125435829395428,30,False,1052.0
3,paper,paper_12,12,35,1842925515,1326949004,"[50, 52, 64, 118, 128, 175, 203, 256, 272, 273, 274, 282, 283, 284, 301, 322, 372, 411, 416, 420, 421, 427, 449, 477, 495, 523, 528, 548, 551, 555]","[361, 343, 470, 285, 194, 275, 380, 388, 111, 290, 159, 513, 575, 145, 369, 227, 359, 119, 82, 80, 585, 282, 225, 156, 555, 503, 577, 425, 182, 135]",600,30,0.7,,,,,2.0,0.005,,,3.4233333333333333,0.5778548535522013,0.9616666666666667,0.08333333333333333,2.8666666666666667,0.0014353576959829641,0.004557314340370879,0.13333333333333333,0.010526315789473684,0.0,0.0,2.5748175182481754,6.0,0.03859649122807018,0.04035087719298246,2.382456140350877,0.13376223748405341,0.751327351771344,0.0016821747856230612,5.399014778325123,0.6008514334428035,0.0456140350877193,0.0719298245614035,0.1183333333333333,1.1937840420287102,30,False,1012.0
3,paper,paper_12,12,36,1842925515,2866859691,"[30, 52, 68, 70, 75, 113, 160, 202, 261, 316, 323, 333, 336, 337, 363, 368, 375, 391, 427, 428, 431, 444, 457, 462, 488, 497, 549, 565, 587, 588]","[237, 343, 164, 466, 317, 27, 180, 303, 328, 536, 181, 505, 565, 333, 497, 421, 583, 270, 282, 595, 53, 433, 219, 170, 284, 39, 108, 200, 179, 253]",600,30,0.7,,,,,2.0,0.005,,,3.4233333333333333,0.5778548535522013,0.9616666666666667,0.08333333333333333,3.4,0.0016088444165244325,0.005542379211991401,0.15964912280701754,0.012280701754385965,0.0,0.0,2.420475319926874,6.0,0.04035087719298246,0.07192982456140351,3.001754385964912,0.15516017434266843,0.7066198008201523,0.003264915161466885,4.99080459770115,0.7153040926178129,0.0596491228070175,0.1789473684210526,0.22,0.9762514579342678,30,False,1120.0
3,paper,paper_12,12,37,1842925515,472548674,"[5, 33, 58, 62, 78, 132, 150, 214, 237, 245, 256, 272, 273, 293, 305, 309, 311, 323, 327, 362, 384, 393, 402, 429, 449, 520, 548, 568, 570, 574]","[123, 521, 110, 492, 22, 440, 59, 186, 297, 105, 388, 111, 290, 132, 149, 191, 114, 181, 407, 392, 336, 283, 199, 400, 225, 176, 425, 153, 292, 239]",600,30,0.7,,,,,2.0,0.005,,,3.4233333333333333,0.5778548535522013,0.9616666666666667,0.08333333333333333,3.3666666666666667,0.0016303909586673064,0.00617296175722854,0.1543859649122807,0.014035087719298246,0.0017543859649122807,0.0,2.458029197080292,7.0,0.03859649122807018,0.043859649122807015,2.663157894736842,0.14985471563264297,0.7155304782166312,0.0030607387503939227,5.248768472906404,0.6478344262700367,0.0719298245614035,0.1666666666666666,0.2083333333333333,0.96658020792529,30,False,1088.0
3,paper,paper_12,12,38,1842925515,356456608,"[8, 19, 40, 86, 170, 175, 218, 233, 236, 244, 248, 272, 280, 298, 307, 315, 331, 341, 346, 359, 394, 397, 433, 472, 476, 490, 517, 560, 572, 593]","[169, 540, 178, 406, 501, 275, 300, 222, 106, 593, 154, 111, 574, 268, 390, 214, 385, 277, 444, 210, 11, 5, 327, 393, 193, 542, 224, 243, 560, 308]",600,30,0.7,,,,,2.0,0.005,,,3.4233333333333333,0.5778548535522013,0.9616666666666667,0.08333333333333333,3.2333333333333334,0.001609269838996916,0.005358246024363845,0.15263157894736842,0.008771929824561403,0.0017543859649122807,0.0,2.5,5.0,0.03508771929824561,0.04912280701754386,2.778947368421053,0.14856219414911323,0.7184287608300188,0.002914614121510673,5.095238095238095,0.6165331793408004,0.0508771929824561,0.1087719298245614,0.1533333333333333,0.9225653340108692,29,True,1072.0
3,paper,paper_12,12,39,1842925515,2132252398,"[7, 37, 50, 63, 98, 102, 146, 164, 187, 190, 214, 220, 229, 273, 283, 294, 302, 303, 309, 327, 337, 349, 366, 374, 448, 454, 498, 552, 555, 594]","[15, 323, 361, 217, 305, 590, 402, 508, 50, 113, 186, 293, 65, 290, 575, 139, 66, 422, 191, 407, 333, 381, 147, 101, 581, 209, 489, 486, 135, 436]",600,30,0.7,,,,,2.0,0.005,,,3.4233333333333333,0.5778548535522013,0.9616666666666667,0.08333333333333333,3.466666666666667,0.001672388704172539,0.006770079155539655,0.15087719298245614,0.012280701754385965,0.0017543859649122807,0.0,2.4644808743169397,6.0,0.03684210526315789,0.05789473684210526,2.8912280701754387,0.14708068563018709,0.7213702093546697,0.00237921082748669,4.888888888888889,0.6637237183198739,0.0701754385964912,0.1508771929824561,0.1933333333333333,0.7685109580634162,24,True,1082.0
3,paper,paper_12,12,40,1842925515,1993448703,"[19, 66, 69, 122, 143, 147, 148, 185, 188, 220, 226, 327, 349, 392, 393, 435, 443, 453, 454, 464, 470, 473, 485, 489, 492, 512, 533, 544, 574, 575]","[540, 539, 142, 175, 203, 233, 262, 512, 48, 293, 357, 407, 381, 271, 283, 86, 246, 446, 209, 177, 67, 241, 481, 439, 437, 313, 248, 16, 239, 597]",600,30,0.7,,,,,2.0,0.005,,,3.4233333333333333,0.5778548535522013,0.9616666666666667,0.08333333333333333,3.6,0.0017295959488697896,0.006296756714939025,0.16666666666666666,0.012280701754385965,0.0,0.0,2.424408014571949,6.0,0.03684210526315789,0.06140350877192982,2.8666666666666667,0.15963718513070344,0.6949835044553387,0.002835249042145594,5.066502463054187,0.6797795604902365,0.0789473684210526,0.1403508771929824,0.1833333333333333,0.9279925839509816,29,True,1078.0
3,paper,paper_12,12,41,1842925515,4076681406,"[6, 22, 24, 72, 112, 146, 149, 156, 176, 178, 219, 221, 233, 239, 281, 288, 318, 335, 348, 352, 385, 395, 398, 426, 443, 472, 513, 527, 559, 595]","[90, 442, 430, 315, 51, 402, 62, 533, 128, 173, 109, 383, 222, 229, 537, 572, 483, 465, 499, 509, 184, 232, 426, 411, 246, 393, 429, 115, 204, 289]",600,30,0.7,,,,,2.0,0.005,,,3.4233333333333333,0.5778548535522013,0.9616666666666667,0.08333333333333333,3.1333333333333333,0.0015704770767296988,0.004421371753295151,0.15263157894736842,0.008771929824561403,0.0,0.0,2.490875912408759,6.0,0.03859649122807018,0.043859649122807015,2.4298245614035086,0.14716882488328864,0.7185150926525452,0.001873745666849115,5.320197044334975,0.7201712651071163,0.0578947368421052,0.0947368421052631,0.14,0.9466811249731109,30,False,1038.0
3,paper,paper_12,12,42,1842925515,3278931695,"[49, 67, 78, 96, 110, 126, 174, 183, 188, 199, 241, 284, 290, 301, 327, 375, 383, 425, 432, 447, 449, 477, 479, 485, 493, 510, 535, 546, 571, 580]","[212, 269, 22, 98, 254, 525, 349, 592, 48, 31, 504, 145, 410, 369, 407, 583, 506, 52, 559, 418, 225, 156, 363, 481, 89, 74, 546, 438, 391, 61]",600,30,0.7,,,,,2.0,0.005,,,3.4233333333333333,0.5778548535522013,0.9616666666666667,0.08333333333333333,4.2,0.0019202983636887993,0.007818847790514566,0.18596491228070175,0.021052631578947368,0.0,0.0,2.346715328467153,6.0,0.03859649122807018,0.08421052631578947,3.3017543859649123,0.1770661706999163,0.6633983905281657,0.004301678525816457,4.825123152709359,0.7072761715326316,0.0701754385964912,0.1087719298245614,0.1533333333333333,0.9876806660322472,30,False,1052.0
3,paper,paper_12,12,43,1842925515,562358181,"[78, 103, 106, 117, 142, 147, 160, 162, 163, 185, 244, 253, 263, 271, 316, 327, 354, 370, 395, 405, 415, 429, 444, 455, 456, 473, 482, 519, 555, 594]","[22, 538, 557, 524, 208, 233, 180, 288, 496, 512, 593, 490, 196, 570, 536, 407, 58, 206, 232, 117, 372, 400, 433, 523, 382, 241, 160, 408, 135, 436]",600,30,0.7,,,,,2.0,0.005,,,3.4233333333333333,0.5778548535522013,0.9616666666666667,0.08333333333333333,3.3,0.0016409239404366449,0.006816068541214944,0.156140350877193,0.014035087719298246,0.0,0.0,2.4654545454545453,6.0,0.03508771929824561,0.0456140350877193,2.5403508771929824,0.14683228431009723,0.7131440199796504,0.0033106282356657165,5.21957671957672,0.723332013702994,0.0491228070175438,0.0807017543859649,0.1266666666666666,1.0842780420789495,30,False,1052.0
3,paper,paper_12,12,44,1842925515,2375359359,"[19, 60, 65, 93, 94, 107, 112, 119, 133, 149, 265, 268, 283, 303, 315, 319, 365, 366, 373, 397, 429, 441, 448, 497, 505, 537, 539, 564, 585, 598]","[540, 427, 136, 491, 476, 551, 51, 514, 33, 62, 589, 545, 575, 422, 214, 563, 252, 147, 550, 5, 400, 347, 581, 39, 49, 287, 516, 598, 43, 567]",600,30,0.7,,,,,2.0,0.005,,,3.4233333333333333,0.5778548535522013,0.9616666666666667,0.08333333333333333,3.1333333333333333,0.001541533355496765,0.004351594850085235,0.1368421052631579,0.01929824561403509,0.0017543859649122807,0.0,2.6113138686131387,5.0,0.03859649122807018,0.054385964912280704,2.5052631578947366,0.13534211821242678,0.7453642894582678,0.006882868089764641,5.113300492610837,0.6143904143082516,0.0824561403508772,0.1421052631578947,0.185,0.9004794580396265,26,True,1080.0
3,paper,paper_12,12,45,1842925515,3844976738,"[21, 38, 54, 56, 68, 73, 75, 112, 116, 118, 140, 194, 200, 254, 290, 318, 323, 366, 429, 434, 505, 509, 518, 525, 543, 546, 553, 565, 579, 581]","[88, 151, 435, 68, 164, 137, 317, 51, 230, 285, 28, 261, 185, 158, 410, 483, 181, 147, 400, 38, 49, 566, 231, 134, 207, 438, 364, 200, 6, 320]",600,30,0.7,,,,,2.0,0.005,,,3.4233333333333333,0.5778548535522013,0.9616666666666667,0.08333333333333333,3.433333333333333,0.0016989031676246096,0.005767641086225367,0.1631578947368421,0.015789473684210527,0.0017543859649122807,0.0,2.409090909090909,5.0,0.03508771929824561,0.0456140350877193,2.6333333333333333,0.15837408445666368,0.7007862362408658,0.003157213157213157,5.216931216931217,0.7459614522560858,0.0649122807017543,0.1035087719298245,0.1483333333333333,0.7290017079794779,22,True,1058.0
3,paper,paper_12,12,46,1842925515,4169109687,"[28, 43, 45, 48, 61, 74, 99, 106, 127, 136, 140, 155, 169, 182, 191, 202, 213, 231, 276, 311, 368, 374, 413, 415, 419, 430, 485, 508, 520, 551]","[37, 314, 131, 456, 415, 453, 417, 557, 189, 549, 28, 471, 112, 234, 454, 303, 298, 461, 571, 114, 421, 101, 487, 372, 448, 24, 481, 211, 176, 182]",600,30,0.7,,,,,2.0,0.005,,,3.4233333333333333,0.5778548535522013,0.9616666666666667,0.08333333333333333,3.6333333333333333,0.001772800027409541,0.00657404400314742,0.17017543859649123,0.014035087719298246,0.0,0.0,2.4160583941605838,6.0,0.03859649122807018,0.05087719298245614,2.6842105263157894,0.1623630649882739,0.6892177720223229,0.002539765470799953,5.152709359605911,0.6895139054688434,0.0526315789473684,0.0982456140350877,0.1433333333333333,0.7299889159621671,22,True,1024.0
3,paper,paper_12,12,47,1842925515,24782780,"[6, 23, 78, 84, 93, 94, 154, 181, 192, 222, 237, 252, 258, 268, 308, 317, 318, 338, 366, 395, 396, 415, 438, 462, 474, 478, 485, 496, 520, 584]","[90, 548, 22, 409, 491, 476, 543, 462, 13, 342, 297, 125, 55, 545, 569, 544, 483, 220, 147, 232, 242, 372, 228, 170, 367, 20, 481, 150, 176, 455]",600,30,0.7,,,,,2.0,0.005,,,3.4233333333333333,0.5778548535522013,0.9616666666666667,0.08333333333333333,3.066666666666667,0.0015013455768208789,0.005326209706762547,0.14736842105263157,0.007017543859649123,0.0,0.0,2.471766848816029,6.0,0.03684210526315789,0.04035087719298246,2.575438596491228,0.14186144037866924,0.7274689359602874,0.00132183908045977,5.333333333333333,0.723332013702994,0.0508771929824561,0.0789473684210526,0.125,1.0909069170011207,30,False,1036.0
3,paper,paper_12,12,48,1842925515,3995128822,"[16, 56, 65, 79, 81, 93, 101, 102, 104, 119, 134, 143, 155, 181, 190, 192, 223, 229, 241, 278, 284, 355, 362, 391, 409, 462, 463, 496, 504, 545]","[279, 68, 136, 9, 162, 491, 85, 590, 64, 514, 493, 203, 471, 462, 113, 13, 146, 65, 504, 351, 145, 102, 392, 270, 312, 170, 63, 150, 60, 564]",600,30,0.7,,,,,2.0,0.005,,,3.4233333333333333,0.5778548535522013,0.9616666666666667,0.08333333333333333,3.2666666666666666,0.0015606286627155416,0.005934646871195521,0.156140350877193,0.008771929824561403,0.0,0.0,2.4454545454545453,6.0,0.03508771929824561,0.05087719298245614,2.763157894736842,0.14878077835475245,0.7126321956032436,0.0018646232439335888,5.022792022792022,0.68887001817788,0.0456140350877193,0.0701754385964912,0.1166666666666666,0.964578374987468,30,False,1038.0
3,paper,paper_12,12,49,1842925515,3706977384,"[12, 32, 35, 42, 54, 55, 82, 124, 137, 175, 226, 266, 282, 296, 301, 324, 347, 426, 445, 452, 470, 474, 480, 484, 493, 495, 501, 525, 541, 550]","[236, 99, 100, 460, 435, 83, 118, 311, 441, 275, 357, 394, 513, 384, 369, 467, 240, 411, 468, 72, 67, 367, 155, 77, 89, 555, 121, 134, 338, 302]",600,30,0.7,,,,,2.0,0.005,,,3.4233333333333333,0.5778548535522013,0.9616666666666667,0.08333333333333333,3.433333333333333,0.0016080342674283773,0.00587781738398314,0.15964912280701754,0.010526315789473684,0.0017543859649122807,0.0,2.372943327239488,6.0,0.04035087719298246,0.07894736842105263,3.2508771929824563,0.15534311289777827,0.7065889680263928,0.0033572174951485294,5.085057471264368,0.7024089990433281,0.0578947368421052,0.0859649122807017,0.1316666666666666,0.7670293749542907,24,True,1034.0
3,paper,paper_13,13,0,3246511610,750835967,"[12, 17, 65, 79, 105, 108, 136, 140, 147, 159, 162, 170, 191, 193, 209, 244, 258, 280, 299, 306, 312, 354, 358, 380, 385, 392, 427, 441, 524, 530]","[290, 540, 131, 246, 369, 320, 142, 234, 360, 296, 127, 176, 592, 185, 93, 187, 266, 158, 204, 533, 218, 461, 150, 8, 277, 206, 524, 292, 516, 456]",600,30,0.7,,,,,2.0,0.005,,,6.096666666666667,0.6094400624238372,0.9933333333333333,0.14333333333333334,6.433333333333334,0.0017380955192174744,0.004730423984220842,0.26666666666666666,0.04912280701754386,0.012280701754385965,0.0,1.8710247349823321,4.0,0.007017543859649123,0.4245614035087719,12.821052631578947,0.25019640509169816,0.5389387352388,0.007352272612227774,3.496551724137931,0.7260162206079632,0.0964912280701754,0.9614035087719298,0.9633333333333334,0.5410656249150634,17,True,2606.0
3,paper,paper_13,13,1,3246511610,335354481,"[28, 54, 76, 82, 83, 128, 131, 178, 190, 225, 235, 277, 311, 315, 333, 384, 396, 407, 415, 426, 442, 444, 445, 466, 503, 516, 524, 550, 554, 561]","[3, 474, 570, 347, 445, 588, 172, 502, 209, 439, 583, 232, 247, 352, 224, 94, 288, 438, 141, 467, 330, 237, 336, 160, 11, 82, 516, 87, 105, 564]",600,30,0.7,,,,,2.0,0.005,,,6.096666666666667,0.6094400624238372,0.9933333333333333,0.14333333333333334,5.333333333333333,0.0014776738983444475,0.0023949798895764544,0.22105263157894736,0.028070175438596492,0.008771929824561403,0.0,1.980565371024735,4.0,0.007017543859649123,0.3333333333333333,11.450877192982457,0.20872408954307253,0.607628033176086,0.006525961267340578,3.717241379310345,0.7645939387944024,0.0842105263157894,0.9736842105263158,0.975,0.6165599160594866,20,True,2608.0
3,paper,paper_13,13,2,3246511610,2139605471,"[49, 51, 73, 79, 87, 90, 94, 100, 109, 126, 157, 196, 222, 232, 244, 249, 268, 289, 304, 314, 326, 330, 338, 362, 386, 435, 452, 512, 522, 554]","[437, 415, 391, 246, 36, 26, 242, 479, 244, 371, 239, 193, 511, 423, 187, 264, 328, 532, 468, 106, 41, 301, 175, 322, 398, 457, 154, 362, 115, 105]",600,30,0.7,,,,,2.0,0.005,,,6.096666666666667,0.6094400624238372,0.9933333333333333,0.14333333333333334,5.9,0.0016024665390029153,0.0048280377148805665,0.24912280701754386,0.03684210526315789,0.007017543859649123,0.0,1.9365079365079365,4.0,0.005263157894736842,0.38421052631578945,11.671929824561403,0.22714464550325325,0.5653624394906422,0.004965399486697662,3.7118226600985222,0.737791481871843,0.0789473684210526,0.9736842105263158,0.975,0.9027484169928356,30,False,2606.0
3,paper,paper_13,13,3,3246511610,477808865,"[5, 12, 29, 73, 108, 134, 141, 159, 161, 165, 203, 233, 272, 282, 317, 350, 365, 383, 405, 425, 446, 456, 480, 495, 509, 516, 520, 549, 554, 585]","[157, 290, 453, 391, 320, 571, 432, 296, 381, 273, 529, 579, 190, 339, 443, 109, 521, 394, 44, 134, 551, 240, 401, 138, 298, 82, 116, 179, 105, 213]",600,30,0.7,,,,,2.0,0.005,,,6.096666666666667,0.6094400624238372,0.9933333333333333,0.14333333333333334,5.933333333333334,0.0016199660840953785,0.0036942873969441673,0.24912280701754386,0.03684210526315789,0.008771929824561403,0.0,1.9098939929328622,3.0,0.007017543859649123,0.3894736842105263,12.314035087719299,0.23251990279865037,0.5648999475842507,0.005834677117638578,3.6206896551724137,0.8039057890385994,0.0929824561403508,0.9701754385964912,0.9716666666666668,0.5985868750140071,19,True,2608.0
3,paper,paper_13,13,4,3246511610,538673385,"[28, 41, 59, 63, 67, 70, 82, 106, 123, 136, 163, 185, 232, 252, 268, 274, 283, 294, 297, 321, 341, 365, 381, 385, 392, 408, 491, 546, 563, 585]","[3, 49, 299, 379, 420, 537, 347, 447, 75, 142, 446, 338, 423, 314, 328, 586, 393, 463, 389, 417, 77, 521, 28, 277, 206, 159, 348, 145, 86, 213]",600,30,0.7,,,,,2.0,0.005,,,6.096666666666667,0.6094400624238372,0.9933333333333333,0.14333333333333334,5.833333333333333,0.0016106595794236052,0.005107764864615941,0.24561403508771928,0.04035087719298246,0.008771929824561403,0.0,1.9047619047619047,4.0,0.005263157894736842,0.3649122807017544,11.150877192982456,0.22612388357533086,0.570628680664755,0.007048710101039198,3.7142857142857144,0.8464090760682004,0.0842105263157894,0.9614035087719298,0.9633333333333334,0.9298131249379368,30,False,2600.0
3,paper,paper_13,13,5,3246511610,2991892889,"[1, 12, 42, 58, 71, 86, 118, 155, 169, 208, 214, 261, 303, 337, 371, 373, 379, 390, 392, 409, 417, 429, 446, 451, 475, 505, 516, 542, 556, 565]","[435, 290, 14, 254, 153, 286, 509, 497, 500, 345, 114, 409, 291, 548, 199, 526, 380, 103, 206, 466, 452, 412, 551, 125, 392, 594, 82, 419, 300, 216]",600,30,0.7,,,,,2.0,0.005,,,6.096666666666667,0.6094400624238372,0.9933333333333333,0.14333333333333334,5.866666666666666,0.0015880360983965077,0.003032060045335115,0.24210526315789474,0.04912280701754386,0.007017543859649123,0.0,1.9240282685512367,4.0,0.007017543859649123,0.42280701754385963,13.040350877192983,0.23164611620067463,0.5753090987574384,0.008272994394786438,3.4942528735632186,0.7889390909893158,0.1052631578947368,0.9666666666666668,0.9683333333333334,0.9039182079723104,30,False,2606.0
3,paper,paper_13,13,6,3246511610,3087506256,"[1, 52, 90, 95, 120, 127, 141, 150, 151, 153, 160, 214, 246, 268, 308, 352, 353, 357, 368, 414, 425, 430, 431, 481, 496, 499, 501, 551, 582, 585]","[435, 311, 26, 89, 317, 514, 432, 553, 38, 78, 283, 114, 388, 328, 566, 248, 492, 458, 43, 37, 134, 54, 378, 431, 34, 488, 518, 507, 2, 213]",600,30,0.7,,,,,2.0,0.005,,,6.096666666666667,0.6094400624238372,0.9933333333333333,0.14333333333333334,5.633333333333334,0.0015648552831440837,0.00431966965592147,0.24385964912280703,0.02631578947368421,0.0017543859649122807,0.0,1.8992932862190812,4.0,0.007017543859649123,0.34912280701754383,11.473684210526315,0.21947631696698144,0.5736379613356766,0.0042602213609473135,3.7241379310344827,0.8412428431859414,0.0807017543859649,0.9789473684210528,0.98,0.912139166961424,30,False,2608.0
3,paper,paper_13,13,7,3246511610,676662350,"[3, 11, 33, 67, 74, 95, 130, 193, 197, 205, 210, 219, 248, 278, 279, 280, 327, 348, 364, 372, 381, 420, 439, 456, 464, 517, 557, 565, 566, 567]","[335, 482, 252, 420, 287, 89, 411, 185, 128, 442, 129, 48, 97, 295, 589, 158, 195, 257, 256, 55, 28, 102, 581, 240, 219, 517, 173, 216, 565, 530]",600,30,0.7,,,,,2.0,0.005,,,6.096666666666667,0.6094400624238372,0.9933333333333333,0.14333333333333334,5.9,0.0016294716982300503,0.0031304634250771818,0.25263157894736843,0.042105263157894736,0.007017543859649123,0.0,1.8816254416961131,4.0,0.007017543859649123,0.4052631578947368,11.926315789473684,0.23589532023378043,0.5597077051151604,0.00789015769745993,3.689655172413793,0.7992475334032854,0.0842105263157894,0.975438596491228,0.9766666666666668,0.7951817499706522,25,True,2608.0
3,paper,paper_13,13,8,3246511610,3863696033,"[7, 22, 77, 94, 97, 114, 145, 197, 225, 263, 271, 294, 306, 321, 332, 334, 344, 349, 388, 395, 397, 447, 472, 474, 481, 486, 526, 535, 561, 562]","[476, 495, 152, 242, 356, 9, 167, 128, 439, 58, 39, 463, 533, 417, 429, 599, 202, 310, 522, 200, 434, 66, 25, 363, 431, 69, 370, 544, 564, 222]",600,30,0.7,,,,,2.0,0.005,,,6.096666666666667,0.6094400624238372,0.9933333333333333,0.14333333333333334,5.8,0.0015816737875342323,0.003352771990628337,0.24385964912280703,0.03859649122807018,0.008771929824561403,0.0,1.959363957597173,4.0,0.007017543859649123,0.3736842105263158,12.36140350877193,0.22800593816360518,0.5728609749329386,0.006626138867518178,3.581609195402299,0.782978228439903,0.0736842105263157,0.9666666666666668,0.9683333333333334,0.934344958048314,30,False,2606.0
3,paper,paper_13,13,9,3246511610,1044375162,"[2, 29, 38, 69, 86, 91, 148, 153, 158, 183, 189, 217, 246, 252, 281, 286, 318, 381, 389, 394, 395, 402, 424, 426, 432, 520, 554, 555, 581, 592]","[208, 453, 225, 60, 286, 487, 464, 78, 585, 192, 231, 519, 388, 314, 21, 289, 35, 28, 493, 430, 200, 220, 531, 467, 444, 116, 105, 351, 321, 243]",600,30,0.7,,,,,2.0,0.005,,,6.096666666666667,0.6094400624238372,0.9933333333333333,0.14333333333333334,5.366666666666666,0.0015012664077914664,0.003194672028318707,0.24210526315789474,0.03333333333333333,0.0,0.0,1.9257950530035335,4.0,0.007017543859649123,0.34035087719298246,11.29298245614035,0.2261142468684945,0.5755372614312583,0.004358428927394444,3.7333333333333334,0.8128319335626031,0.0964912280701754,0.9719298245614036,0.9733333333333334,1.0711447920184582,30,False,2606.0
3,paper,paper_13,13,10,3246511610,1586893978,"[2, 8, 22, 59, 69, 103, 105, 120, 192, 206, 212, 231, 238, 316, 340, 355, 371, 373, 404, 406, 438, 455, 468, 481, 506, 509, 533, 574, 580, 582]","[208, 573, 495, 299, 60, 441, 369, 317, 313, 85, 450, 501, 404, 297, 261, 184, 199, 526, 70, 375, 535, 137, 293, 431, 422, 298, 110, 217, 228, 2]",600,30,0.7,,,,,2.0,0.005,,,6.096666666666667,0.6094400624238372,0.9933333333333333,0.14333333333333334,6.866666666666666,0.0018328285498250088,0.006032695380696193,0.2824561403508772,0.0456140350877193,0.005263157894736842,0.0,1.8409893992932862,4.0,0.007017543859649123,0.4842105263157895,13.907017543859649,0.26045080869905796,0.5162457990318503,0.0060423069905828535,3.3839080459770114,0.7953219645601234,0.0771929824561403,0.9701754385964912,0.9716666666666668,0.6646266669267789,20,True,2608.0
3,paper,paper_13,13,11,3246511610,3674559669,"[27, 51, 62, 77, 112, 113, 130, 138, 176, 178, 192, 211, 219, 234, 264, 298, 349, 353, 355, 374, 391, 405, 411, 419, 437, 467, 500, 505, 573, 593]","[15, 415, 316, 152, 473, 358, 411, 577, 485, 502, 313, 387, 48, 183, 543, 181, 310, 492, 184, 76, 177, 44, 123, 136, 528, 582, 279, 594, 418, 587]",600,30,0.7,,,,,2.0,0.005,,,6.096666666666667,0.6094400624238372,0.9933333333333333,0.14333333333333334,5.833333333333333,0.0015853993568313615,0.003427359386834784,0.24385964912280703,0.03333333333333333,0.007017543859649123,0.0,1.9329805996472662,4.0,0.005263157894736842,0.37543859649122807,11.991228070175438,0.2259118587400802,0.5729966392254803,0.00568333373367002,3.541871921182266,0.8135660656203612,0.0964912280701754,0.9719298245614036,0.9733333333333334,0.984789332957007,30,False,2608.0
3,paper,paper_13,13,12,3246511610,1811830261,"[8, 27, 105, 111, 117, 121, 124, 147, 167, 211, 212, 222, 227, 244, 256, 263, 305, 327, 328, 336, 353, 366, 381, 392, 401, 425, 478, 496, 582, 594]","[573, 15, 369, 382, 337, 489, 357, 360, 303, 387, 450, 511, 539, 187, 276, 58, 584, 195, 174, 302, 492, 536, 28, 206, 31, 134, 255, 34, 2, 308]",600,30,0.7,,,,,2.0,0.005,,,6.096666666666667,0.6094400624238372,0.9933333333333333,0.14333333333333334,7.433333333333334,0.0019490962573267255,0.007470445410182928,0.3087719298245614,0.04912280701754386,0.007017543859649123,0.0,1.8056537102473498,4.0,0.007017543859649123,0.44912280701754387,13.519298245614035,0.2746990493662457,0.4804982579471526,0.0054493461543938535,3.503448275862069,0.784647178750078,0.0771929824561403,0.963157894736842,0.965,1.002490667044185,30,False,2606.0
3,paper,paper_13,13,13,3246511610,2147837579,"[3, 6, 17, 22, 23, 53, 95, 112, 114, 135, 143, 151, 155, 180, 200, 232, 266, 271, 300, 336, 363, 372, 389, 415, 417, 529, 533, 549, 579, 599]","[335, 567, 540, 495, 459, 525, 89, 473, 9, 42, 92, 38, 497, 470, 50, 423, 262, 39, 307, 302, 57, 55, 493, 141, 452, 121, 110, 179, 312, 326]",600,30,0.7,,,,,2.0,0.005,,,6.096666666666667,0.6094400624238372,0.9933333333333333,0.14333333333333334,4.9,0.0014131738949386418,0.002423455424732748,0.21403508771929824,0.02982456140350877,0.0035087719298245615,0.0,1.9753086419753085,4.0,0.005263157894736842,0.30701754385964913,10.356140350877194,0.2018660184352522,0.618586008078192,0.004664719061270786,3.8497536945812807,0.8047801096816205,0.0736842105263157,0.9736842105263158,0.975,0.9195404590573162,30,False,2608.0
3,paper,paper_13,13,14,3246511610,670050761,"[6, 65, 113, 117, 129, 137, 150, 191, 219, 259, 312, 316, 327, 340, 369, 375, 407, 411, 439, 511, 517, 526, 542, 545, 555, 571, 574, 582, 590, 596]","[567, 131, 358, 337, 323, 390, 553, 592, 48, 100, 218, 297, 195, 261, 341, 83, 438, 123, 581, 383, 517, 370, 419, 355, 351, 259, 217, 2, 455, 156]",600,30,0.7,,,,,2.0,0.005,,,6.096666666666667,0.6094400624238372,0.9933333333333333,0.14333333333333334,6.466666666666667,0.0017304777287732054,0.0038374426433074624,0.28596491228070176,0.03859649122807018,0.0017543859649122807,0.0,1.8392226148409894,3.0,0.007017543859649123,0.4368421052631579,13.028070175438597,0.257981379240113,0.5116640458791971,0.0040805561609981375,3.5724137931034483,0.8073233806348163,0.0789473684210526,0.968421052631579,0.97,0.6654614170547575,22,True,2608.0
3,paper,paper_13,13,15,3246511610,990398476,"[27, 60, 71, 98, 100, 112, 126, 127, 143, 194, 208, 234, 248, 277, 280, 281, 303, 342, 352, 380, 385, 414, 430, 472, 537, 551, 564, 566, 591, 592]","[15, 45, 153, 469, 479, 473, 371, 514, 92, 162, 345, 183, 97, 232, 158, 21, 291, 111, 248, 8, 277, 37, 54, 25, 30, 507, 350, 565, 294, 243]",600,30,0.7,,,,,2.0,0.005,,,6.096666666666667,0.6094400624238372,0.9933333333333333,0.14333333333333334,6.166666666666667,0.0016705774795099206,0.004082378408919233,0.25263157894736843,0.043859649122807015,0.005263157894736842,0.0,1.871252204585538,4.0,0.005263157894736842,0.42105263157894735,12.963157894736842,0.23678913093166248,0.5596830388801529,0.005802173356422548,3.5320197044334973,0.7846471787500778,0.0929824561403508,0.9789473684210528,0.98,0.8916449589887634,30,False,2608.0
3,paper,paper_13,13,16,3246511610,2785797566,"[52, 62, 65, 73, 84, 93, 99, 107, 117, 153, 192, 233, 281, 283, 291, 299, 301, 307, 320, 349, 381, 395, 399, 470, 478, 486, 501, 520, 563, 591]","[311, 316, 131, 391, 265, 226, 73, 203, 337, 78, 313, 579, 21, 393, 523, 204, 527, 596, 491, 310, 28, 200, 547, 504, 255, 69, 518, 116, 86, 294]",600,30,0.7,,,,,2.0,0.005,,,6.096666666666667,0.6094400624238372,0.9933333333333333,0.14333333333333334,5.266666666666667,0.0014652406071549893,0.0038512875413395033,0.23859649122807017,0.02631578947368421,0.0017543859649122807,0.0,1.9151943462897527,3.0,0.007017543859649123,0.3333333333333333,11.103508771929825,0.21949729291941972,0.5810316652791909,0.0036337469413694457,3.7908045977011495,0.784647178750078,0.0912280701754386,0.975438596491228,0.9766666666666668,0.8032821249216795,26,True,2608.0
3,paper,paper_13,13,17,3246511610,1853515062,"[48, 54, 90, 119, 147, 163, 164, 165, 191, 223, 228, 238, 321, 333, 348, 354, 364, 376, 387, 406, 439, 451, 493, 499, 523, 532, 536, 566, 585, 595]","[155, 474, 26, 427, 360, 446, 281, 273, 592, 151, 10, 404, 417, 224, 257, 461, 256, 182, 506, 375, 581, 125, 108, 488, 498, 329, 168, 565, 213, 385]",600,30,0.7,,,,,2.0,0.005,,,6.096666666666667,0.6094400624238372,0.9933333333333333,0.14333333333333334,6.133333333333334,0.001647466744158894,0.004207168822097692,0.2596491228070175,0.042105263157894736,0.008771929824561403,0.0,1.8888888888888888,3.0,0.005263157894736842,0.4298245614035088,13.187719298245614,0.2409875972849542,0.5493663860882435,0.0065249750506502936,3.4433497536945814,0.7883465927824265,0.087719298245614,0.9789473684210528,0.98,0.8953979159705341,30,False,2606.0
3,paper,paper_13,13,18,3246511610,1651406592,"[32, 52, 80, 81, 103, 117, 160, 179, 184, 186, 189, 211, 224, 242, 266, 279, 294, 348, 366, 367, 383, 437, 443, 469, 504, 533, 538, 542, 553, 591]","[410, 311, 245, 161, 441, 337, 283, 590, 98, 52, 231, 387, 198, 67, 262, 589, 463, 257, 536, 554, 394, 528, 349, 17, 558, 110, 574, 419, 227, 294]",600,30,0.7,,,,,2.0,0.005,,,6.096666666666667,0.6094400624238372,0.9933333333333333,0.14333333333333334,5.566666666666666,0.001540026735711981,0.004081383075161057,0.23859649122807017,0.031578947368421054,0.0035087719298245615,0.0,1.9222614840989398,4.0,0.007017543859649123,0.3543859649122807,11.882456140350877,0.22224509276297005,0.5808528350753862,0.005367899323274576,3.6436781609195403,0.782978228439903,0.0789473684210526,0.975438596491228,0.9766666666666668,0.7792290420038626,26,True,2608.0
3,paper,paper_13,13,19,3246511610,1444108637,"[95, 98, 108, 116, 117, 119, 152, 182, 208, 216, 226, 228, 234, 242, 260, 356, 364, 393, 414, 449, 459, 491, 507, 518, 535, 538, 561, 589, 592, 597]","[89, 469, 320, 81, 337, 427, 499, 416, 345, 595, 214, 10, 183, 67, 373, 24, 256, 95, 37, 7, 56, 348, 318, 556, 544, 574, 564, 538, 243, 365]",600,30,0.7,,,,,2.0,0.005,,,6.096666666666667,0.6094400624238372,0.9933333333333333,0.14333333333333334,6.233333333333333,0.0016970826108855415,0.0034818084897492037,0.26666666666666666,0.03684210526315789,0.0017543859649122807,0.0,1.8780918727915195,4.0,0.007017543859649123,0.42105263157894735,12.875438596491229,0.24442071655062067,0.5392038972651312,0.005621853542746037,3.55632183908046,0.8305680573758959,0.0859649122807017,0.9719298245614036,0.9733333333333334,0.7015907920431346,23,True,2606.0
3,paper,paper_13,13,20,3246511610,1449519814,"[22, 46, 159, 222, 226, 239, 244, 245, 286, 326, 329, 331, 333, 351, 402, 404, 410, 421, 446, 448, 463, 480, 481, 483, 502, 504, 506, 539, 547, 570]","[495, 333, 296, 511, 214, 194, 187, 346, 289, 41, 319, 353, 224, 140, 220, 70, 541, 484, 551, 576, 426, 401, 431, 364, 285, 558, 422, 520, 400, 164]",600,30,0.7,,,,,2.0,0.005,,,6.096666666666667,0.6094400624238372,0.9933333333333333,0.14333333333333334,7.433333333333334,0.001931460651155719,0.005895393284455411,0.30526315789473685,0.0456140350877193,0.012280701754385965,0.0,1.8003533568904593,3.0,0.007017543859649123,0.5228070175438596,15.071929824561403,0.27387531327959286,0.4847346838097,0.00793271497561871,3.328735632183908,0.8096404967771992,0.0929824561403508,0.9649122807017544,0.9666666666666668,0.8947247499600053,30,False,2606.0
3,paper,paper_13,13,21,3246511610,4286148224,"[11, 38, 71, 111, 112, 133, 141, 161, 206, 211, 278, 286, 293, 298, 307, 340, 354, 387, 398, 421, 436, 443, 444, 493, 519, 543, 568, 570, 579, 588]","[482, 225, 153, 382, 473, 472, 432, 381, 85, 387, 295, 289, 597, 181, 596, 261, 461, 506, 62, 484, 212, 349, 237, 108, 251, 374, 280, 164, 312, 268]",600,30,0.7,,,,,2.0,0.005,,,6.096666666666667,0.6094400624238372,0.9933333333333333,0.14333333333333334,5.9,0.0016010761533666793,0.0038988179528945425,0.24912280701754386,0.03859649122807018,0.010526315789473684,0.0,1.927689594356261,4.0,0.005263157894736842,0.41403508771929826,12.52280701754386,0.22914527473641114,0.5653747726081461,0.006328757344430488,3.5369458128078817,0.854460899949183,0.0771929824561403,0.9789473684210528,0.98,0.9281187090091408,30,False,2606.0
3,paper,paper_13,13,22,3246511610,1809866860,"[1, 8, 25, 46, 48, 68, 80, 94, 206, 213, 237, 253, 268, 299, 305, 314, 325, 377, 385, 401, 426, 427, 435, 466, 502, 505, 533, 544, 547, 597]","[435, 573, 421, 333, 155, 305, 245, 242, 85, 12, 272, 534, 328, 204, 584, 106, 130, 342, 277, 31, 467, 524, 457, 160, 285, 594, 110, 169, 400, 365]",600,30,0.7,,,,,2.0,0.005,,,6.096666666666667,0.6094400624238372,0.9933333333333333,0.14333333333333334,6.866666666666666,0.0018409525852063546,0.005657314761665383,0.2631578947368421,0.05263157894736842,0.014035087719298246,0.0,1.8692579505300353,4.0,0.007017543859649123,0.512280701754386,13.756140350877192,0.24784513865750651,0.5441124780316344,0.0076968191352199036,3.44367816091954,0.8246071948264828,0.0859649122807017,0.968421052631579,0.97,0.9000861659878865,30,False,2608.0
3,paper,paper_13,13,23,3246511610,529791949,"[7, 44, 52, 59, 66, 71, 75, 76, 92, 95, 107, 110, 134, 149, 159, 189, 209, 242, 306, 319, 320, 329, 330, 358, 367, 410, 533, 582, 584, 596]","[476, 331, 311, 299, 428, 153, 361, 570, 377, 89, 203, 557, 571, 505, 296, 231, 93, 67, 533, 117, 491, 319, 301, 150, 554, 541, 110, 2, 22, 156]",600,30,0.7,,,,,2.0,0.005,,,6.096666666666667,0.6094400624238372,0.9933333333333333,0.14333333333333334,5.433333333333334,0.0015230861369883268,0.0033023940899891105,0.22456140350877193,0.042105263157894736,0.0017543859649122807,0.0,1.959363957597173,4.0,0.007017543859649123,0.3473684210526316,11.57719298245614,0.21624547317206852,0.6020287978293714,0.005719835719835719,3.682758620689655,0.6638260370187629,0.1105263157894736,0.9701754385964912,0.9716666666666668,0.9074170410167426,30,False,2606.0
3,paper,paper_13,13,24,3246511610,1163875630,"[18, 19, 32, 43, 109, 116, 122, 126, 142, 144, 193, 197, 200, 205, 236, 240, 312, 336, 373, 385, 394, 430, 444, 466, 470, 476, 502, 506, 530, 598]","[344, 223, 410, 236, 244, 81, 562, 371, 119, 406, 185, 128, 50, 442, 332, 0, 218, 302, 526, 277, 430, 54, 237, 160, 504, 465, 285, 422, 456, 481]",600,30,0.7,,,,,2.0,0.005,,,6.096666666666667,0.6094400624238372,0.9933333333333333,0.14333333333333334,6.433333333333334,0.0017225590021509435,0.004190780959212601,0.2754385964912281,0.0456140350877193,0.0035087719298245615,0.0,1.8480565371024735,3.0,0.007017543859649123,0.4666666666666667,13.387719298245614,0.25373554887983707,0.5264699534424814,0.00556715516788112,3.537931034482759,0.8062229051809823,0.1035087719298245,0.9719298245614036,0.9733333333333334,0.511110958061181,16,True,2606.0
3,paper,paper_13,13,25,3246511610,3733938888,"[27, 70, 72, 86, 89, 91, 135, 145, 167, 174, 178, 181, 184, 201, 206, 301, 345, 357, 366, 410, 413, 433, 443, 451, 467, 524, 548, 550, 560, 599]","[15, 537, 84, 286, 334, 487, 42, 167, 303, 189, 502, 258, 98, 96, 85, 527, 40, 458, 536, 541, 112, 480, 349, 125, 582, 516, 230, 87, 407, 326]",600,30,0.7,,,,,2.0,0.005,,,6.096666666666667,0.6094400624238372,0.9933333333333333,0.14333333333333334,6.0,0.0016182198098156572,0.00375266958832778,0.26666666666666666,0.031578947368421054,0.0035087719298245615,0.0,1.8710247349823321,4.0,0.007017543859649123,0.41578947368421054,12.180701754385964,0.2415152529902825,0.5393703943514322,0.004484663310861666,3.650574712643678,0.7195473808116054,0.1105263157894736,0.968421052631579,0.97,0.4994686249410733,16,True,2608.0
3,paper,paper_13,13,26,3246511610,2897649206,"[32, 51, 63, 81, 105, 108, 130, 168, 171, 172, 178, 185, 261, 320, 346, 354, 364, 441, 442, 469, 501, 502, 508, 518, 520, 525, 535, 540, 560, 591]","[410, 415, 379, 161, 369, 320, 411, 63, 144, 146, 502, 338, 409, 491, 253, 461, 256, 292, 330, 17, 518, 285, 478, 556, 116, 593, 544, 440, 407, 294]",600,30,0.7,,,,,2.0,0.005,,,6.096666666666667,0.6094400624238372,0.9933333333333333,0.14333333333333334,7.1,0.0018803458045431364,0.0055083583650458335,0.2929824561403509,0.042105263157894736,0.008771929824561403,0.0,1.8180212014134276,3.0,0.007017543859649123,0.5350877192982456,14.433333333333334,0.2653558378378307,0.5015632226436038,0.006181050740141164,3.381609195402299,0.7863958200361199,0.0929824561403508,0.9719298245614036,0.9733333333333334,0.7666812079260126,25,True,2608.0
3,paper,paper_13,13,27,3246511610,1114975188,"[27, 29, 50, 61, 69, 71, 73, 88, 155, 196, 223, 245, 254, 275, 287, 310, 324, 356, 397, 405, 440, 442, 479, 507, 515, 516, 530, 558, 578, 587]","[15, 453, 210, 413, 60, 153, 391, 107, 497, 193, 151, 346, 559, 260, 233, 269, 396, 24, 434, 44, 171, 330, 376, 318, 513, 82, 456, 304, 59, 170]",600,30,0.7,,,,,2.0,0.005,,,6.096666666666667,0.6094400624238372,0.9933333333333333,0.14333333333333334,8.3,0.002147272118707885,0.010815225252719081,0.34035087719298246,0.05964912280701754,0.005263157894736842,0.0,1.726148409893993,3.0,0.007017543859649123,0.5508771929824562,13.322807017543859,0.29047430015275033,0.4402984614435914,0.004379193299934311,3.464367816091954,0.8314423780189167,0.1,0.968421052631579,0.97,0.6513489169301465,18,True,2608.0
3,paper,paper_13,13,28,3246511610,4110471033,"[29, 74, 85, 88, 90, 114, 118, 148, 169, 170, 192, 204, 217, 259, 297, 318, 323, 354, 359, 377, 427, 457, 481, 498, 517, 537, 580, 583, 585, 595]","[453, 287, 449, 107, 26, 9, 509, 464, 500, 176, 313, 241, 519, 100, 389, 35, 263, 461, 19, 342, 524, 324, 431, 309, 517, 30, 228, 542, 213, 385]",600,30,0.7,,,,,2.0,0.005,,,6.096666666666667,0.6094400624238372,0.9933333333333333,0.14333333333333334,6.8,0.0018251216748992507,0.006274728564331975,0.2719298245614035,0.05789473684210526,0.010526315789473684,0.0,1.862190812720848,3.0,0.007017543859649123,0.39824561403508774,12.449122807017543,0.24856139384391662,0.5326796781056331,0.008898767751322322,3.560919540229885,0.8455347554251794,0.0982456140350877,0.9666666666666668,0.9683333333333334,1.0088814999908209,30,False,2604.0
3,paper,paper_13,13,29,3246511610,3823531257,"[6, 11, 32, 51, 52, 57, 62, 100, 121, 175, 176, 186, 189, 222, 268, 282, 324, 338, 368, 379, 407, 414, 439, 472, 479, 494, 528, 532, 574, 596]","[567, 482, 410, 415, 311, 132, 316, 479, 489, 460, 485, 52, 231, 511, 328, 339, 396, 175, 43, 380, 438, 37, 581, 25, 376, 71, 163, 329, 217, 156]",600,30,0.7,,,,,2.0,0.005,,,6.096666666666667,0.6094400624238372,0.9933333333333333,0.14333333333333334,6.766666666666667,0.0017939282111108664,0.0054470397524991054,0.28421052631578947,0.056140350877192984,0.012280701754385965,0.0,1.8286219081272084,3.0,0.007017543859649123,0.48947368421052634,13.580701754385965,0.26419817017345215,0.513773008972343,0.00807223182323558,3.44367816091954,0.8030314683955784,0.1157894736842105,0.9649122807017544,0.9666666666666668,0.920462374924682,30,False,2608.0
3,paper,paper_13,13,30,3246511610,1972820530,"[3, 10, 17, 42, 119, 141, 160, 182, 244, 247, 274, 287, 289, 331, 354, 357, 374, 389, 398, 412, 416, 428, 459, 507, 557, 565, 567, 578, 579, 584]","[335, 560, 540, 14, 427, 432, 283, 416, 187, 215, 586, 233, 532, 353, 461, 458, 76, 493, 62, 271, 372, 16, 56, 318, 173, 216, 530, 59, 312, 22]",600,30,0.7,,,,,2.0,0.005,,,6.096666666666667,0.6094400624238372,0.9933333333333333,0.14333333333333334,6.233333333333333,0.0016715187534693293,0.003460392471335308,0.2614035087719298,0.04736842105263158,0.005263157894736842,0.0,1.8886925795053005,4.0,0.007017543859649123,0.40350877192982454,12.301754385964912,0.24590280621876448,0.5466346005611569,0.006337610153666522,3.6022988505747127,0.7536929981735435,0.0789473684210526,0.963157894736842,0.965,0.8263442500028759,26,True,2602.0
3,paper,paper_13,13,31,3246511610,3263383268,"[24, 63, 143, 184, 223, 224, 234, 263, 270, 281, 283, 287, 300, 316, 337, 350, 383, 384, 385, 386, 424, 457, 476, 483, 512, 519, 541, 557, 579, 585]","[591, 379, 92, 98, 151, 198, 183, 58, 397, 21, 393, 233, 307, 297, 548, 109, 394, 94, 277, 398, 531, 324, 465, 364, 362, 251, 229, 173, 312, 213]",600,30,0.7,,,,,2.0,0.005,,,6.096666666666667,0.6094400624238372,0.9933333333333333,0.14333333333333334,6.033333333333333,0.0016635973694526117,0.0036318561942626938,0.2649122807017544,0.031578947368421054,0.0035087719298245615,0.0,1.8835978835978835,4.0,0.005263157894736842,0.39649122807017545,12.26842105263158,0.24051127507809486,0.5418493509696913,0.005058290670813358,3.5886699507389164,0.8205414373980581,0.0736842105263157,0.9543859649122808,0.9566666666666668,0.6291685419855639,19,True,2598.0
3,paper,paper_13,13,32,3246511610,2849848647,"[57, 62, 89, 124, 154, 209, 234, 244, 246, 247, 250, 260, 263, 290, 296, 382, 389, 413, 417, 448, 457, 465, 482, 489, 518, 527, 536, 561, 581, 596]","[132, 316, 334, 357, 275, 93, 183, 187, 388, 215, 29, 373, 58, 546, 47, 545, 493, 112, 452, 576, 324, 515, 496, 211, 556, 436, 168, 564, 321, 156]",600,30,0.7,,,,,2.0,0.005,,,6.096666666666667,0.6094400624238372,0.9933333333333333,0.14333333333333334,6.3,0.00167463329932617,0.003511938142832473,0.24736842105263157,0.06140350877192982,0.0035087719298245615,0.0,1.9169611307420495,4.0,0.007017543859649123,0.40350877192982454,13.063157894736841,0.23875270331529785,0.567317238614991,0.008017451284505837,3.5402298850574714,0.6822103266642634,0.0894736842105263,0.9771929824561404,0.9783333333333334,0.9404207080369816,30,False,2608.0
3,paper,paper_13,13,33,3246511610,4107396080,"[18, 19, 26, 106, 107, 132, 178, 236, 242, 258, 353, 389, 397, 398, 408, 424, 429, 440, 476, 495, 521, 522, 533, 563, 573, 578, 580, 581, 586, 590]","[344, 223, 367, 447, 203, 196, 502, 332, 67, 266, 492, 493, 434, 62, 159, 531, 412, 171, 465, 138, 494, 115, 110, 86, 418, 59, 228, 321, 578, 455]",600,30,0.7,,,,,2.0,0.005,,,6.096666666666667,0.6094400624238372,0.9933333333333333,0.14333333333333334,6.5,0.0017296291646561024,0.004642810505055036,0.2789473684210526,0.043859649122807015,0.0035087719298245615,0.0,1.842756183745583,4.0,0.007017543859649123,0.4614035087719298,13.003508771929825,0.2552077025513492,0.5215243733234668,0.005300559272908237,3.5954022988505745,0.7921305277747197,0.0982456140350877,0.9736842105263158,0.975,0.5427944160765037,16,True,2608.0
3,paper,paper_13,13,34,3246511610,705272198,"[8, 16, 21, 64, 65, 111, 126, 133, 140, 155, 156, 189, 223, 237, 241, 265, 279, 289, 365, 372, 378, 401, 405, 472, 487, 509, 540, 551, 566, 599]","[573, 561, 425, 580, 131, 382, 371, 472, 234, 497, 13, 231, 151, 272, 451, 340, 589, 532, 521, 55, 386, 31, 44, 25, 354, 298, 440, 507, 565, 326]",600,30,0.7,,,,,2.0,0.005,,,6.096666666666667,0.6094400624238372,0.9933333333333333,0.14333333333333334,5.6,0.0015379204561340827,0.003127657049345644,0.24561403508771928,0.03684210526315789,0.0017543859649122807,0.0,1.9275618374558303,4.0,0.007017543859649123,0.3508771929824561,11.53859649122807,0.22802502671247793,0.5703326858446643,0.004685546355237826,3.7241379310344827,0.7510095386350846,0.0894736842105263,0.9701754385964912,0.9716666666666668,0.937995707965456,30,False,2608.0
3,paper,paper_13,13,35,3246511610,1349428976,"[5, 56, 102, 113, 147, 151, 156, 175, 177, 179, 200, 212, 250, 288, 289, 318, 327, 341, 342, 366, 369, 401, 442, 453, 473, 545, 569, 585, 590, 599]","[157, 510, 462, 358, 360, 38, 13, 460, 188, 590, 50, 450, 29, 503, 532, 35, 195, 77, 111, 536, 341, 31, 330, 166, 186, 355, 368, 213, 455, 326]",600,30,0.7,,,,,2.0,0.005,,,6.096666666666667,0.6094400624238372,0.9933333333333333,0.14333333333333334,5.966666666666667,0.0016207527428431239,0.00335135647699941,0.26666666666666666,0.03333333333333333,0.0,0.0,1.872791519434629,3.0,0.007017543859649123,0.4017543859649123,11.86140350877193,0.24356095993017143,0.5393025622051614,0.0036528838151556205,3.7425287356321837,0.7322589055935078,0.0912280701754386,0.968421052631579,0.97,0.9519909999798984,30,False,2608.0
3,paper,paper_13,13,36,3246511610,740778510,"[19, 22, 77, 100, 129, 197, 199, 204, 208, 233, 243, 267, 284, 292, 310, 344, 364, 368, 371, 388, 395, 404, 420, 422, 427, 435, 437, 470, 511, 593]","[223, 495, 152, 479, 323, 128, 207, 241, 345, 579, 267, 1, 201, 118, 269, 202, 256, 43, 199, 522, 200, 70, 102, 32, 524, 457, 528, 504, 383, 587]",600,30,0.7,,,,,2.0,0.005,,,6.096666666666667,0.6094400624238372,0.9933333333333333,0.14333333333333334,5.666666666666667,0.001567118450805321,0.0033905530813132896,0.24385964912280703,0.03859649122807018,0.0035087719298245615,0.0,1.9328621908127208,4.0,0.007017543859649123,0.38070175438596493,12.287719298245614,0.2295879945944325,0.5727253106403971,0.0061766298835264355,3.6344827586206896,0.7887129361785026,0.0947368421052631,0.9719298245614036,0.9733333333333334,0.9357656670035794,30,False,2608.0
3,paper,paper_13,13,37,3246511610,3132170468,"[84, 93, 95, 116, 117, 120, 126, 216, 231, 273, 286, 289, 291, 340, 346, 375, 389, 417, 445, 448, 466, 469, 480, 489, 531, 533, 546, 557, 581, 587]","[265, 226, 89, 81, 337, 317, 371, 595, 501, 483, 289, 532, 523, 261, 253, 83, 493, 452, 336, 576, 160, 17, 401, 211, 238, 110, 145, 173, 321, 170]",600,30,0.7,,,,,2.0,0.005,,,6.096666666666667,0.6094400624238372,0.9933333333333333,0.14333333333333334,5.7,0.0015621874813787102,0.002872617485162941,0.2631578947368421,0.02631578947368421,0.0035087719298245615,0.0,1.8939929328621907,4.0,0.007017543859649123,0.37894736842105264,11.521052631578947,0.23760322209425447,0.5445194709092591,0.0033457642713541082,3.84367816091954,0.8303419025650826,0.0894736842105263,0.9578947368421052,0.96,0.8017097919946536,25,True,2602.0
3,paper,paper_13,13,38,3246511610,2175747306,"[25, 107, 116, 152, 165, 166, 169, 182, 198, 208, 209, 228, 233, 251, 259, 300, 312, 317, 339, 342, 366, 378, 400, 479, 501, 551, 553, 554, 574, 588]","[421, 203, 81, 499, 273, 315, 500, 416, 20, 345, 93, 10, 579, 284, 100, 307, 218, 443, 68, 111, 536, 386, 325, 376, 518, 507, 227, 105, 217, 268]",600,30,0.7,,,,,2.0,0.005,,,6.096666666666667,0.6094400624238372,0.9933333333333333,0.14333333333333334,5.666666666666667,0.0015746720922864025,0.0029862740884185487,0.25087719298245614,0.03684210526315789,0.0035087719298245615,0.0,1.9081272084805654,4.0,0.007017543859649123,0.3385964912280702,10.875438596491229,0.23185201814398418,0.5625936546110443,0.004639165348516555,3.793103448275862,0.7926385050216644,0.0894736842105263,0.975438596491228,0.9766666666666668,0.9362001249101012,30,False,2608.0
3,paper,paper_13,13,39,3246511610,3765571968,"[30, 31, 34, 60, 87, 118, 125, 129, 136, 192, 194, 204, 216, 218, 230, 250, 301, 355, 358, 359, 392, 415, 438, 478, 489, 520, 524, 546, 558, 577]","[120, 395, 74, 45, 36, 509, 343, 323, 142, 313, 162, 241, 595, 569, 235, 29, 527, 184, 150, 19, 206, 141, 535, 255, 211, 116, 516, 145, 304, 79]",600,30,0.7,,,,,2.0,0.005,,,6.096666666666667,0.6094400624238372,0.9933333333333333,0.14333333333333334,6.133333333333334,0.0016745356868889485,0.00396593368700572,0.2631578947368421,0.0456140350877193,0.0035087719298245615,0.0,1.842756183745583,3.0,0.007017543859649123,0.3824561403508772,11.659649122807018,0.2426613408961374,0.5445996361730336,0.004559363160104461,3.7287356321839082,0.8222900786841,0.0947368421052631,0.9421052631578948,0.945,0.7975530000403523,25,True,2596.0
3,paper,paper_13,13,40,3246511610,101897248,"[3, 17, 22, 36, 83, 115, 145, 163, 193, 210, 212, 289, 304, 324, 366, 368, 373, 374, 404, 409, 421, 452, 475, 478, 498, 504, 538, 543, 552, 570]","[335, 540, 495, 508, 445, 124, 167, 446, 185, 129, 450, 532, 468, 396, 536, 43, 526, 76, 70, 466, 484, 154, 392, 255, 309, 558, 574, 374, 384, 164]",600,30,0.7,,,,,2.0,0.005,,,6.096666666666667,0.6094400624238372,0.9933333333333333,0.14333333333333334,6.266666666666667,0.0016763189373371512,0.004597623937214893,0.2596491228070175,0.042105263157894736,0.005263157894736842,0.0,1.8994708994708995,4.0,0.005263157894736842,0.4368421052631579,12.650877192982456,0.2380480100950033,0.5498597107883946,0.007475315453912362,3.541871921182266,0.7742542153761639,0.075438596491228,0.9771929824561404,0.9783333333333334,0.9435686249053106,30,False,2606.0
3,paper,paper_13,13,41,3246511610,1885008243,"[13, 50, 53, 73, 74, 193, 217, 238, 263, 267, 296, 316, 332, 377, 383, 409, 412, 415, 422, 446, 462, 476, 484, 487, 500, 505, 514, 523, 527, 596]","[113, 210, 525, 391, 287, 185, 519, 404, 58, 1, 47, 297, 429, 342, 394, 466, 271, 141, 32, 551, 91, 465, 274, 354, 279, 594, 64, 498, 436, 156]",600,30,0.7,,,,,2.0,0.005,,,6.096666666666667,0.6094400624238372,0.9933333333333333,0.14333333333333334,6.1,0.0016553751148026797,0.004602721160349568,0.2807017543859649,0.02456140350877193,0.0035087719298245615,0.0,1.8356890459363957,3.0,0.007017543859649123,0.4192982456140351,12.363157894736842,0.24877752698034475,0.5193660777603059,0.0038638191122978135,3.7724137931034485,0.801564649545668,0.0789473684210526,0.980701754385965,0.9816666666666668,0.9444354160223156,30,False,2608.0
3,paper,paper_13,13,42,3246511610,4228877111,"[3, 20, 39, 40, 61, 73, 98, 101, 120, 242, 291, 292, 293, 295, 298, 319, 326, 334, 363, 368, 377, 387, 452, 462, 496, 521, 526, 542, 588, 599]","[335, 475, 23, 490, 413, 391, 469, 46, 317, 67, 523, 118, 597, 433, 181, 117, 41, 599, 57, 43, 342, 506, 154, 91, 34, 494, 370, 419, 268, 326]",600,30,0.7,,,,,2.0,0.005,,,6.096666666666667,0.6094400624238372,0.9933333333333333,0.14333333333333334,6.033333333333333,0.0016509650384848773,0.006498918132898895,0.25087719298245614,0.0456140350877193,0.0035087719298245615,0.0,1.8816254416961131,4.0,0.007017543859649123,0.41754385964912283,12.105263157894736,0.22742072453217516,0.5638947985076928,0.005168985757168513,3.6206896551724137,0.7746205587722402,0.0859649122807017,0.975438596491228,0.9766666666666668,0.6616928749717772,20,True,2606.0
3,paper,paper_13,13,43,3246511610,590000121,"[1, 20, 42, 49, 63, 98, 164, 171, 180, 181, 202, 206, 207, 211, 215, 282, 314, 323, 337, 340, 349, 424, 455, 459, 460, 481, 485, 510, 518, 594]","[435, 475, 14, 437, 379, 469, 281, 144, 470, 258, 122, 85, 4, 387, 61, 339, 106, 263, 548, 261, 310, 531, 137, 56, 6, 431, 448, 18, 556, 308]",600,30,0.7,,,,,2.0,0.005,,,6.096666666666667,0.6094400624238372,0.9933333333333333,0.14333333333333334,6.233333333333333,0.0016912473205896949,0.0034152860802695415,0.2578947368421053,0.03859649122807018,0.007017543859649123,0.0,1.8816254416961131,4.0,0.007017543859649123,0.43508771929824563,13.219298245614034,0.2393369051481609,0.5519440076465328,0.006515258176142131,3.457471264367816,0.7528186775305225,0.0666666666666666,0.9701754385964912,0.9716666666666668,0.7038780000293627,22,True,2608.0
3,paper,paper_13,13,44,3246511610,120809733,"[7, 23, 100, 115, 127, 160, 205, 222, 231, 267, 307, 311, 333, 344, 345, 351, 361, 363, 380, 392, 421, 439, 442, 478, 485, 496, 497, 509, 523, 559]","[476, 459, 479, 124, 514, 283, 442, 511, 501, 1, 596, 247, 224, 202, 40, 140, 598, 57, 8, 206, 484, 581, 330, 255, 448, 34, 178, 298, 498, 414]",600,30,0.7,,,,,2.0,0.005,,,6.096666666666667,0.6094400624238372,0.9933333333333333,0.14333333333333334,6.966666666666667,0.0018401644805217893,0.005071101470361353,0.29473684210526313,0.05087719298245614,0.008771929824561403,0.0,1.825088339222615,4.0,0.007017543859649123,0.46842105263157896,13.950877192982457,0.2678313671618958,0.49946042610920977,0.006868526873795738,3.4045977011494255,0.7556677942703988,0.1052631578947368,0.9666666666666668,0.9683333333333334,0.4579537919489667,14,True,2604.0
3,paper,paper_13,13,45,3246511610,1463466758,"[4, 32, 36, 45, 73, 95, 103, 111, 115, 154, 204, 256, 258, 260, 268, 285, 300, 303, 307, 333, 341, 369, 383, 415, 417, 458, 519, 529, 547, 558]","[550, 410, 508, 101, 391, 89, 441, 382, 124, 275, 241, 276, 266, 373, 328, 555, 307, 291, 596, 224, 77, 341, 394, 141, 452, 278, 251, 121, 400, 304]",600,30,0.7,,,,,2.0,0.005,,,6.096666666666667,0.6094400624238372,0.9933333333333333,0.14333333333333334,6.933333333333334,0.0018369491627720773,0.005748197296034963,0.30350877192982456,0.04736842105263158,0.005263157894736842,0.0,1.7862190812720848,4.0,0.007017543859649123,0.4807017543859649,14.114035087719298,0.2732672840967616,0.4870348102241544,0.008090218975240862,3.4597701149425286,0.7955481193709368,0.0859649122807017,0.9736842105263158,0.975,0.9378545420477168,30,True,2608.0
3,paper,paper_13,13,46,3246511610,565855800,"[38, 75, 84, 113, 120, 134, 135, 137, 143, 162, 182, 184, 192, 214, 218, 240, 257, 268, 278, 289, 305, 343, 370, 408, 458, 480, 486, 510, 524, 595]","[225, 361, 265, 358, 317, 571, 42, 390, 92, 127, 416, 98, 313, 114, 569, 0, 139, 328, 295, 532, 584, 90, 408, 159, 278, 401, 69, 18, 516, 385]",600,30,0.7,,,,,2.0,0.005,,,6.096666666666667,0.6094400624238372,0.9933333333333333,0.14333333333333334,6.3,0.0017009483219591456,0.005311677991247608,0.24736842105263157,0.0456140350877193,0.0,0.0,1.8992932862190812,4.0,0.007017543859649123,0.43859649122807015,11.933333333333334,0.230598955932927,0.5679832269601949,0.0044151018148627244,3.7126436781609193,0.7321172717426391,0.0824561403508772,0.9614035087719298,0.9633333333333334,0.7407165840268135,23,True,2602.0
3,paper,paper_13,13,47,3246511610,1242723096,"[12, 80, 125, 140, 148, 164, 217, 222, 259, 278, 281, 284, 298, 307, 335, 346, 358, 388, 393, 420, 439, 485, 494, 504, 505, 509, 511, 516, 542, 549]","[290, 245, 343, 234, 464, 281, 519, 511, 100, 295, 21, 201, 181, 596, 104, 253, 150, 522, 95, 102, 581, 448, 71, 558, 594, 298, 383, 82, 419, 179]",600,30,0.7,,,,,2.0,0.005,,,6.096666666666667,0.6094400624238372,0.9933333333333333,0.14333333333333334,6.7,0.0017664527693420453,0.004524363666673716,0.26842105263157895,0.054385964912280704,0.012280701754385965,0.0,1.8886925795053005,4.0,0.007017543859649123,0.45614035087719296,14.017543859649123,0.25364453363430456,0.5362747818579842,0.00945788175681743,3.4045977011494255,0.7851551559970228,0.1017543859649122,0.9614035087719298,0.9633333333333334,0.5886508340481669,18,True,2604.0
3,paper,paper_13,13,48,3246511610,1375368747,"[2, 8, 19, 54, 123, 139, 166, 176, 235, 255, 268, 276, 280, 291, 294, 336, 337, 340, 346, 351, 355, 369, 381, 415, 451, 462, 530, 566, 569, 579]","[208, 573, 223, 474, 75, 403, 315, 485, 583, 80, 328, 568, 158, 523, 463, 302, 548, 261, 253, 140, 184, 341, 28, 141, 125, 91, 456, 565, 368, 312]",600,30,0.7,,,,,2.0,0.005,,,6.096666666666667,0.6094400624238372,0.9933333333333333,0.14333333333333334,6.933333333333334,0.0018469629516667425,0.0050171320881575564,0.2964912280701754,0.05087719298245614,0.0035087719298245615,0.0,1.823321554770318,4.0,0.007017543859649123,0.4982456140350877,13.208771929824561,0.268209024381033,0.49684580519840904,0.005703077284941925,3.503448275862069,0.749058765888778,0.0912280701754386,0.9719298245614036,0.9733333333333334,0.5335535840131342,16,True,2608.0
3,paper,paper_13,13,49,3246511610,3912991572,"[2, 3, 5, 32, 34, 44, 46, 57, 73, 85, 92, 98, 105, 180, 252, 329, 365, 405, 414, 437, 445, 457, 476, 482, 508, 566, 579, 587, 594, 595]","[208, 335, 157, 410, 74, 331, 333, 132, 391, 449, 377, 469, 369, 470, 314, 319, 521, 44, 37, 528, 336, 324, 465, 496, 478, 565, 312, 170, 308, 385]",600,30,0.7,,,,,2.0,0.005,,,6.096666666666667,0.6094400624238372,0.9933333333333333,0.14333333333333334,6.266666666666667,0.0017037781766129228,0.004409938510924426,0.26842105263157895,0.0456140350877193,0.0017543859649122807,0.0,1.8710247349823321,4.0,0.007017543859649123,0.4280701754385965,12.96140350877193,0.2502236112989949,0.5363611136805105,0.005149779740363705,3.5632183908045976,0.8035394456425233,0.0912280701754386,0.9614035087719298,0.9633333333333334,0.688968832953833,21,True,2604.0
3,paper,paper_14,14,0,2599670948,688174572,"[28, 51, 65, 88, 143, 153, 174, 175, 205, 226, 232, 254, 262, 273, 303, 315, 328, 336, 348, 362, 373, 510, 511, 515, 522, 523, 535, 546, 569, 572]","[62, 587, 58, 572, 566, 571, 322, 272, 520, 291, 428, 426, 380, 18, 510, 574, 339, 67, 32, 207, 509, 271, 55, 275, 397, 182, 492, 68, 324, 162]",600,30,0.7,,,,,2.0,0.005,,,3.376666666666667,0.6021969250867907,0.945,0.11666666666666667,3.566666666666667,0.0017613450099538983,0.008171083202681347,0.16140350877192983,0.01929824561403509,0.0,0.0,2.440520446096654,6.0,0.056140350877192984,0.08070175438596491,2.6771929824561402,0.15592915526263237,0.703764684118028,0.003903484765553731,5.009852216748769,0.6506544442285396,0.0561403508771929,0.119298245614035,0.1633333333333333,0.909516124986112,27,True,1092.0
3,paper,paper_14,14,1,2599670948,3523435084,"[17, 55, 67, 99, 130, 181, 183, 229, 244, 287, 292, 310, 314, 318, 333, 365, 368, 406, 413, 423, 428, 451, 468, 515, 535, 553, 569, 571, 590, 593]","[513, 497, 175, 325, 57, 440, 63, 164, 445, 379, 542, 49, 482, 247, 504, 592, 252, 465, 153, 191, 192, 241, 403, 275, 492, 221, 324, 147, 222, 529]",600,30,0.7,,,,,2.0,0.005,,,3.376666666666667,0.6021969250867907,0.945,0.11666666666666667,3.5,0.0017207759307995034,0.00579798559764779,0.17017543859649123,0.007017543859649123,0.0,0.0,2.3833333333333333,5.0,0.05263157894736842,0.05789473684210526,2.8,0.16045288109823974,0.6892424382573304,0.0012452107279693485,4.954415954415954,0.7010590969555883,0.0543859649122807,0.1052631578947368,0.15,0.8956725419266149,27,True,1064.0
3,paper,paper_14,14,2,2599670948,978480805,"[19, 22, 25, 38, 103, 129, 150, 161, 179, 184, 187, 190, 194, 195, 201, 220, 244, 262, 270, 288, 299, 350, 353, 370, 372, 414, 415, 476, 485, 495]","[249, 181, 208, 581, 100, 177, 270, 583, 80, 244, 460, 366, 471, 161, 132, 206, 445, 380, 332, 329, 286, 61, 352, 225, 541, 205, 579, 436, 405, 183]",600,30,0.7,,,,,2.0,0.005,,,3.376666666666667,0.6021969250867907,0.945,0.11666666666666667,3.0,0.0015079105501679538,0.004817357800761385,0.1456140350877193,0.008771929824561403,0.0,0.0,2.495361781076067,5.0,0.054385964912280704,0.03508771929824561,2.3263157894736843,0.1421504371160388,0.7303425523386674,0.0017843459222769567,5.481481481481482,0.6749944700056921,0.0491228070175438,0.0947368421052631,0.14,0.9293766670161858,28,True,1058.0
3,paper,paper_14,14,3,2599670948,2681281281,"[11, 33, 37, 48, 73, 90, 107, 118, 155, 193, 223, 242, 251, 253, 273, 311, 337, 361, 363, 385, 393, 423, 440, 466, 471, 475, 492, 504, 536, 554]","[218, 197, 2, 48, 456, 517, 25, 66, 101, 558, 86, 303, 282, 525, 18, 189, 444, 248, 228, 156, 251, 191, 565, 361, 65, 46, 245, 76, 223, 298]",600,30,0.7,,,,,2.0,0.005,,,3.376666666666667,0.6021969250867907,0.945,0.11666666666666667,3.2,0.0015916560681502505,0.006858127559873861,0.15087719298245614,0.008771929824561403,0.0017543859649122807,0.0,2.4152700186219738,5.0,0.05789473684210526,0.05789473684210526,2.7403508771929825,0.14677222175649043,0.7214133752659329,0.0029912424740010943,5.273563218390804,0.6913496488047703,0.0666666666666666,0.1385964912280701,0.1816666666666666,0.984745666035451,30,False,1068.0
3,paper,paper_14,14,4,2599670948,752116420,"[5, 6, 47, 62, 68, 80, 104, 125, 137, 141, 163, 164, 183, 187, 231, 235, 243, 247, 316, 323, 362, 387, 424, 431, 455, 472, 476, 512, 533, 571]","[285, 103, 313, 569, 307, 500, 464, 305, 41, 266, 70, 341, 63, 460, 496, 171, 276, 199, 202, 577, 207, 561, 321, 165, 416, 172, 436, 281, 311, 147]",600,30,0.7,,,,,2.0,0.005,,,3.376666666666667,0.6021969250867907,0.945,0.11666666666666667,3.466666666666667,0.0016792476775633117,0.007117239218621469,0.15964912280701754,0.012280701754385965,0.0,0.0,2.4022346368715084,5.0,0.05789473684210526,0.07017543859649122,2.8684210526315788,0.1546272905193583,0.7066752998489193,0.0029365079365079364,5.117241379310345,0.637802506512058,0.0719298245614035,0.1701754385964912,0.2116666666666666,0.7849039159482345,24,True,1088.0
3,paper,paper_14,14,5,2599670948,305991070,"[11, 49, 70, 80, 149, 187, 265, 276, 285, 298, 306, 314, 322, 338, 344, 376, 390, 394, 410, 412, 435, 490, 508, 517, 526, 544, 552, 566, 588, 589]","[218, 134, 96, 500, 220, 460, 144, 105, 409, 260, 15, 482, 391, 119, 519, 52, 186, 227, 4, 232, 320, 407, 74, 374, 193, 316, 354, 580, 10, 90]",600,30,0.7,,,,,2.0,0.005,,,3.376666666666667,0.6021969250867907,0.945,0.11666666666666667,2.8,0.0014125360848500773,0.006046905741694029,0.12456140350877193,0.012280701754385965,0.0,0.0,2.57380073800738,5.0,0.04912280701754386,0.056140350877192984,2.498245614035088,0.12015840349458555,0.7667869145623285,0.0026893732066145862,4.983333333333333,0.6897784040219386,0.0508771929824561,0.0912280701754386,0.1366666666666666,0.8117182089481503,24,True,1062.0
3,paper,paper_14,14,6,2599670948,3673274301,"[4, 37, 47, 58, 96, 114, 129, 156, 186, 205, 212, 219, 256, 260, 265, 275, 307, 315, 351, 362, 383, 395, 420, 424, 454, 476, 484, 498, 507, 563]","[82, 2, 313, 425, 102, 296, 177, 309, 469, 520, 56, 231, 486, 560, 144, 463, 88, 574, 274, 207, 17, 528, 351, 321, 476, 436, 263, 107, 494, 376]",600,30,0.7,,,,,2.0,0.005,,,3.376666666666667,0.6021969250867907,0.945,0.11666666666666667,3.4,0.0016960031960184436,0.005950553895646684,0.15789473684210525,0.014035087719298246,0.0,0.0,2.4684014869888475,6.0,0.056140350877192984,0.05087719298245614,2.56140350877193,0.1524025571517518,0.709629081491074,0.003017780431573535,5.293103448275862,0.6506544442285397,0.0701754385964912,0.143859649122807,0.1866666666666666,0.9843795420601964,30,False,1090.0
3,paper,paper_14,14,7,2599670948,2784596343,"[32, 70, 85, 101, 131, 137, 144, 194, 214, 222, 248, 253, 322, 324, 338, 346, 371, 395, 413, 420, 429, 442, 485, 505, 512, 518, 542, 586, 589, 596]","[133, 96, 118, 421, 143, 41, 384, 471, 0, 468, 319, 525, 391, 113, 119, 234, 404, 528, 153, 351, 420, 24, 405, 27, 281, 288, 452, 212, 90, 402]",600,30,0.7,,,,,2.0,0.005,,,3.376666666666667,0.6021969250867907,0.945,0.11666666666666667,3.1666666666666665,0.0016433270837575907,0.005251157173000321,0.156140350877193,0.007017543859649123,0.0,0.0,2.459409594095941,5.0,0.04912280701754386,0.0456140350877193,2.4543859649122806,0.1469071256235741,0.7127925261307927,0.001873605321881184,5.2215384615384615,0.722488761620095,0.0403508771929824,0.0614035087719298,0.1083333333333333,0.7082665000343695,21,True,1044.0
3,paper,paper_14,14,8,2599670948,1729567091,"[1, 19, 43, 49, 61, 84, 122, 136, 146, 152, 156, 161, 171, 195, 196, 228, 239, 340, 353, 364, 381, 412, 422, 427, 435, 466, 473, 479, 497, 570]","[33, 249, 386, 134, 595, 377, 498, 173, 543, 53, 309, 583, 385, 161, 359, 185, 242, 126, 352, 459, 148, 232, 50, 79, 320, 361, 268, 453, 135, 250]",600,30,0.7,,,,,2.0,0.005,,,3.376666666666667,0.6021969250867907,0.945,0.11666666666666667,3.6333333333333333,0.0017744409764242756,0.006404464971972368,0.16842105263157894,0.008771929824561403,0.0,0.0,2.436229205175601,6.0,0.05087719298245614,0.07894736842105263,2.873684210526316,0.15978691743891418,0.6921283877532143,0.0013884327677431126,4.863247863247863,0.6942600099174161,0.0631578947368421,0.1052631578947368,0.15,0.9539108750177548,29,True,1074.0
3,paper,paper_14,14,9,2599670948,3507593459,"[7, 9, 15, 16, 38, 42, 74, 77, 87, 163, 204, 205, 226, 234, 240, 277, 301, 303, 369, 377, 385, 392, 401, 436, 445, 454, 468, 469, 483, 525]","[73, 37, 166, 21, 581, 149, 259, 331, 393, 70, 77, 520, 291, 112, 539, 588, 346, 510, 235, 462, 156, 69, 370, 451, 507, 476, 403, 479, 544, 106]",600,30,0.7,,,,,2.0,0.005,,,3.376666666666667,0.6021969250867907,0.945,0.11666666666666667,3.7333333333333334,0.0018254475602677855,0.007768510296485107,0.17543859649122806,0.021052631578947368,0.0,0.0,2.33271375464684,5.0,0.056140350877192984,0.05964912280701754,2.9298245614035086,0.16860179474911507,0.6804920913884007,0.004545703338806787,5.041871921182266,0.6852967981264612,0.0859649122807017,0.2596491228070175,0.2966666666666667,0.96410383307375,30,False,1154.0
3,paper,paper_14,14,10,2599670948,2506831636,"[5, 26, 31, 43, 66, 72, 88, 149, 201, 220, 222, 261, 267, 289, 322, 325, 345, 351, 365, 403, 434, 473, 478, 484, 490, 500, 504, 515, 521, 575]","[285, 203, 121, 386, 472, 414, 572, 220, 132, 206, 468, 441, 289, 151, 391, 594, 349, 274, 592, 593, 387, 268, 23, 263, 407, 11, 76, 275, 499, 375]",600,30,0.7,,,,,2.0,0.005,,,3.376666666666667,0.6021969250867907,0.945,0.11666666666666667,3.1,0.0015806494898958558,0.006424718814245719,0.13508771929824562,0.017543859649122806,0.0035087719298245615,0.0,2.53690036900369,6.0,0.04912280701754386,0.06666666666666667,2.6298245614035087,0.1332582465304326,0.7484044029229489,0.00643504005572971,5.052307692307692,0.705540702851066,0.075438596491228,0.2087719298245614,0.2483333333333333,0.9945486249634996,30,False,1122.0
3,paper,paper_14,14,11,2599670948,1035477404,"[6, 20, 29, 31, 33, 102, 110, 124, 181, 190, 191, 205, 223, 240, 241, 261, 265, 281, 315, 382, 387, 403, 415, 418, 433, 439, 493, 507, 564, 583]","[103, 358, 357, 121, 197, 123, 3, 180, 440, 366, 532, 520, 86, 539, 97, 441, 144, 269, 574, 491, 561, 593, 579, 326, 265, 8, 28, 494, 526, 310]",600,30,0.7,,,,,2.0,0.005,,,3.376666666666667,0.6021969250867907,0.945,0.11666666666666667,3.3333333333333335,0.0016573632890002606,0.005561234257686545,0.1456140350877193,0.015789473684210527,0.0035087719298245615,0.0,2.513011152416357,6.0,0.056140350877192984,0.05789473684210526,2.566666666666667,0.1440854016393832,0.7303178861036599,0.004670846394984326,5.177339901477833,0.6282464147511522,0.075438596491228,0.1596491228070175,0.2016666666666666,0.8986596249742433,27,True,1086.0
3,paper,paper_14,14,12,2599670948,3012443964,"[12, 17, 26, 40, 76, 91, 117, 132, 135, 136, 164, 201, 223, 224, 268, 292, 296, 297, 334, 366, 416, 456, 469, 478, 492, 498, 528, 553, 585, 597]","[484, 513, 203, 109, 200, 431, 277, 179, 382, 173, 341, 132, 86, 458, 485, 542, 556, 576, 547, 198, 261, 550, 479, 23, 245, 107, 562, 221, 258, 125]",600,30,0.7,,,,,2.0,0.005,,,3.376666666666667,0.6021969250867907,0.945,0.11666666666666667,3.6666666666666665,0.0017709123092923913,0.009949539816438797,0.16666666666666666,0.017543859649122806,0.0017543859649122807,0.0,2.3884758364312266,5.0,0.056140350877192984,0.05964912280701754,2.8280701754385964,0.15551957816248158,0.6958159898868437,0.003412029435017941,5.182266009852217,0.6214473277129798,0.0508771929824561,0.0964912280701754,0.1416666666666666,0.981395083013922,30,True,1038.0
3,paper,paper_14,14,13,2599670948,285382894,"[4, 20, 24, 47, 48, 58, 80, 92, 123, 129, 136, 163, 165, 177, 196, 218, 228, 240, 255, 291, 293, 335, 336, 365, 378, 402, 427, 449, 471, 596]","[82, 358, 150, 313, 48, 425, 500, 204, 598, 177, 173, 70, 128, 415, 359, 237, 185, 539, 493, 210, 256, 98, 67, 592, 514, 20, 79, 45, 65, 402]",600,30,0.7,,,,,2.0,0.005,,,3.376666666666667,0.6021969250867907,0.945,0.11666666666666667,3.3666666666666667,0.001671323418288602,0.0067045684346772666,0.14385964912280702,0.010526315789473684,0.0017543859649122807,0.0,2.54275092936803,6.0,0.056140350877192984,0.06842105263157895,2.575438596491228,0.1410610402435276,0.7333394998920852,0.0024322038115141566,4.960591133004926,0.6292247795640329,0.0614035087719298,0.0982456140350877,0.1433333333333333,0.6255753340665251,18,True,1036.0
3,paper,paper_14,14,14,2599670948,1439909737,"[102, 124, 130, 150, 157, 161, 175, 188, 191, 202, 212, 217, 250, 273, 294, 359, 365, 372, 376, 377, 403, 422, 425, 450, 501, 516, 548, 564, 579, 582]","[123, 180, 57, 270, 557, 583, 272, 294, 532, 12, 56, 93, 163, 18, 328, 511, 592, 541, 52, 462, 593, 50, 190, 449, 389, 131, 5, 526, 522, 84]",600,30,0.7,,,,,2.0,0.005,,,3.376666666666667,0.6021969250867907,0.945,0.11666666666666667,3.533333333333333,0.001740739163369434,0.005816267638208392,0.1631578947368421,0.008771929824561403,0.0,0.0,2.4022346368715084,5.0,0.05789473684210526,0.054385964912280704,2.7087719298245614,0.1561808488883359,0.7008540683871366,0.0015134099616858235,5.2781609195402295,0.6327280206466296,0.0526315789473684,0.1105263157894736,0.155,0.9996119160205126,30,False,1064.0
3,paper,paper_14,14,15,2599670948,3566782099,"[45, 55, 60, 109, 121, 131, 149, 153, 163, 166, 170, 252, 274, 315, 317, 324, 345, 350, 353, 366, 375, 381, 399, 427, 429, 471, 492, 548, 576, 598]","[111, 497, 413, 301, 381, 143, 220, 571, 70, 424, 178, 120, 300, 574, 262, 113, 349, 61, 352, 198, 434, 148, 466, 79, 420, 65, 245, 5, 168, 81]",600,30,0.7,,,,,2.0,0.005,,,3.376666666666667,0.6021969250867907,0.945,0.11666666666666667,3.466666666666667,0.0017260729737742185,0.006252684240605039,0.15087719298245614,0.017543859649122806,0.0035087719298245615,0.0,2.4444444444444446,5.0,0.05263157894736842,0.05263157894736842,2.619298245614035,0.14776935148104445,0.7214195418246847,0.0040321938597800665,5.071428571428571,0.6808151922309836,0.0614035087719298,0.1105263157894736,0.155,0.9677078330423684,29,True,1064.0
3,paper,paper_14,14,16,2599670948,479871916,"[23, 29, 43, 47, 69, 93, 107, 108, 165, 194, 206, 223, 228, 257, 275, 283, 291, 308, 378, 381, 387, 391, 402, 486, 503, 511, 522, 525, 544, 592]","[194, 357, 386, 313, 297, 42, 25, 362, 128, 471, 549, 86, 185, 188, 463, 548, 210, 64, 514, 148, 561, 506, 20, 394, 410, 55, 397, 106, 316, 365]",600,30,0.7,,,,,2.0,0.005,,,3.376666666666667,0.6021969250867907,0.945,0.11666666666666667,3.2,0.0015965061401748374,0.0064925858802314775,0.16140350877192983,0.007017543859649123,0.0,0.0,2.430167597765363,5.0,0.05789473684210526,0.05087719298245614,2.5736842105263156,0.15583521086725352,0.703709185089261,0.001499726327312534,5.103448275862069,0.6214473277129798,0.0526315789473684,0.1087719298245614,0.1533333333333333,1.0227376660332084,30,False,1038.0
3,paper,paper_14,14,17,2599670948,1458937324,"[0, 27, 44, 45, 47, 76, 109, 119, 160, 161, 195, 199, 202, 203, 205, 243, 286, 338, 369, 373, 383, 400, 407, 415, 418, 419, 431, 466, 479, 520]","[283, 518, 356, 111, 313, 200, 301, 372, 284, 583, 161, 368, 12, 158, 520, 276, 555, 119, 235, 509, 17, 7, 99, 579, 326, 537, 165, 361, 453, 364]",600,30,0.7,,,,,2.0,0.005,,,3.376666666666667,0.6021969250867907,0.945,0.11666666666666667,3.3333333333333335,0.0016486503868792838,0.005669202391929915,0.156140350877193,0.005263157894736842,0.0,0.0,2.3773234200743496,5.0,0.056140350877192984,0.06315789473684211,2.857894736842105,0.14922146211484333,0.7126198624857398,0.001071055381400209,5.263546798029557,0.6446015935502304,0.0596491228070175,0.1140350877192982,0.1583333333333333,0.9880162499612196,30,False,1074.0
3,paper,paper_14,14,18,2599670948,2250824316,"[5, 54, 56, 68, 112, 130, 132, 145, 151, 172, 195, 210, 248, 258, 282, 301, 307, 310, 332, 344, 361, 418, 471, 478, 493, 535, 552, 557, 559, 568]","[285, 530, 418, 307, 145, 57, 179, 130, 515, 490, 161, 450, 319, 417, 516, 346, 88, 49, 142, 519, 248, 326, 65, 23, 28, 492, 354, 224, 586, 318]",600,30,0.7,,,,,2.0,0.005,,,3.376666666666667,0.6021969250867907,0.945,0.11666666666666667,2.933333333333333,0.0015262624108891855,0.005415217643041583,0.13333333333333333,0.017543859649122806,0.0,0.0,2.559040590405904,5.0,0.04912280701754386,0.054385964912280704,2.533333333333333,0.13277622672295214,0.7514198501526224,0.0034081372012406495,5.326153846153846,0.6728303452529094,0.0824561403508772,0.1491228070175438,0.1916666666666666,0.9731198339723052,30,False,1074.0
3,paper,paper_14,14,19,2599670948,3148180117,"[47, 65, 84, 99, 111, 124, 130, 192, 213, 246, 261, 290, 299, 302, 366, 376, 377, 389, 405, 427, 484, 492, 498, 507, 511, 522, 524, 554, 564, 571]","[313, 58, 377, 325, 419, 180, 57, 350, 344, 564, 441, 122, 286, 184, 198, 52, 462, 267, 209, 79, 263, 245, 107, 494, 55, 397, 110, 298, 526, 147]",600,30,0.7,,,,,2.0,0.005,,,3.376666666666667,0.6021969250867907,0.945,0.11666666666666667,3.533333333333333,0.0017677635083650476,0.007447233400647663,0.16140350877192983,0.017543859649122806,0.0035087719298245615,0.0,2.472998137802607,6.0,0.05789473684210526,0.05964912280701754,2.519298245614035,0.15533885820279922,0.7038510159405543,0.006136653895274584,5.287356321839081,0.6660312582147372,0.0719298245614035,0.1473684210526315,0.19,0.8376919580623507,26,True,1086.0
3,paper,paper_14,14,20,2599670948,1554840408,"[2, 36, 82, 89, 109, 114, 153, 208, 229, 234, 241, 297, 312, 369, 376, 386, 387, 395, 399, 412, 422, 461, 462, 494, 500, 505, 535, 539, 561, 584]","[345, 406, 327, 534, 301, 296, 571, 573, 164, 112, 97, 576, 400, 235, 52, 167, 561, 528, 466, 232, 50, 71, 229, 47, 11, 27, 492, 505, 146, 481]",600,30,0.7,,,,,2.0,0.005,,,3.376666666666667,0.6021969250867907,0.945,0.11666666666666667,3.566666666666667,0.0017565303608697404,0.006306786115922477,0.15964912280701754,0.017543859649122806,0.0,0.0,2.425650557620818,5.0,0.056140350877192984,0.05964912280701754,2.7403508771929825,0.15374459878492902,0.7067122992014306,0.0038385752178855623,5.096059113300493,0.6535648053411853,0.0649122807017543,0.1526315789473684,0.195,0.7948442080523819,24,True,1100.0
3,paper,paper_14,14,21,2599670948,3201115328,"[65, 99, 133, 169, 172, 184, 186, 195, 212, 224, 227, 247, 279, 312, 322, 335, 368, 369, 374, 393, 394, 422, 423, 455, 456, 483, 504, 582, 593, 598]","[58, 325, 317, 51, 490, 244, 469, 161, 56, 458, 129, 199, 302, 400, 391, 98, 252, 235, 454, 251, 227, 50, 191, 416, 550, 544, 76, 84, 529, 81]",600,30,0.7,,,,,2.0,0.005,,,3.376666666666667,0.6021969250867907,0.945,0.11666666666666667,3.3,0.0016315665194226035,0.005324988456595248,0.14736842105263157,0.01929824561403509,0.0,0.0,2.478584729981378,5.0,0.05789473684210526,0.06842105263157895,2.663157894736842,0.14651447387660593,0.7273086054327382,0.004925196132092684,5.227586206896552,0.601588907831305,0.0578947368421052,0.1298245614035087,0.1733333333333333,0.98288116697222,30,False,1050.0
3,paper,paper_14,14,22,2599670948,3925854332,"[4, 24, 25, 32, 40, 56, 115, 149, 153, 216, 231, 281, 304, 319, 367, 388, 394, 407, 438, 450, 452, 454, 471, 481, 487, 493, 509, 557, 593, 594]","[82, 150, 208, 133, 109, 418, 575, 220, 571, 160, 496, 269, 599, 427, 512, 524, 227, 99, 551, 449, 523, 476, 65, 540, 554, 28, 201, 224, 529, 559]",600,30,0.7,,,,,2.0,0.005,,,3.376666666666667,0.6021969250867907,0.945,0.11666666666666667,4.033333333333333,0.0019006105574754806,0.010939464733553379,0.17894736842105263,0.01929824561403509,0.0035087719298245615,0.0,2.344506517690875,5.0,0.05789473684210526,0.08771929824561403,3.187719298245614,0.16724554795908217,0.6755095119168748,0.003425757299320518,5.094252873563218,0.646172838333062,0.0736842105263157,0.2228070175438596,0.2616666666666666,0.9834924580063672,30,False,1106.0
3,paper,paper_14,14,23,2599670948,3252937711,"[25, 35, 42, 50, 86, 88, 105, 198, 202, 238, 260, 268, 269, 276, 280, 336, 345, 357, 358, 400, 458, 460, 468, 489, 502, 537, 548, 555, 586, 598]","[208, 115, 149, 442, 388, 572, 292, 475, 12, 591, 560, 485, 137, 105, 108, 67, 349, 30, 567, 7, 94, 44, 403, 480, 457, 335, 5, 568, 212, 81]",600,30,0.7,,,,,2.0,0.005,,,3.376666666666667,0.6021969250867907,0.945,0.11666666666666667,3.0,0.001565120979709741,0.0044820422322959155,0.14210526315789473,0.010526315789473684,0.0017543859649122807,0.0,2.541743970315399,6.0,0.054385964912280704,0.06666666666666667,2.466666666666667,0.1389727286144788,0.7363611136805106,0.003071519795657727,5.472906403940887,0.6438553571903674,0.0736842105263157,0.1280701754385965,0.1716666666666666,0.7471328750252724,23,True,1054.0
3,paper,paper_14,14,24,2599670948,2936525320,"[9, 47, 90, 97, 99, 105, 120, 121, 203, 272, 274, 283, 299, 316, 365, 422, 430, 436, 441, 446, 456, 477, 499, 502, 506, 521, 559, 576, 577, 581]","[37, 313, 517, 239, 325, 292, 124, 381, 158, 273, 300, 548, 286, 202, 592, 50, 127, 451, 546, 278, 550, 159, 295, 457, 340, 499, 586, 168, 390, 336]",600,30,0.7,,,,,2.0,0.005,,,3.376666666666667,0.6021969250867907,0.945,0.11666666666666667,2.966666666666667,0.001520730268889972,0.004695939648497177,0.1456140350877193,0.007017543859649123,0.0,0.0,2.4814126394052045,5.0,0.056140350877192984,0.028070175438596492,2.389473684210526,0.14270500139126133,0.7303055529861561,0.001126619230067506,5.490147783251231,0.6868680429092929,0.0543859649122807,0.1052631578947368,0.15,0.992326208972372,30,True,1054.0
3,paper,paper_14,14,25,2599670948,3991255738,"[10, 50, 88, 95, 113, 116, 126, 137, 139, 148, 153, 158, 160, 187, 188, 220, 223, 262, 298, 346, 398, 427, 485, 490, 547, 558, 570, 572, 573, 586]","[337, 442, 572, 236, 378, 196, 439, 41, 398, 315, 571, 443, 284, 460, 294, 206, 86, 380, 260, 234, 22, 79, 405, 407, 38, 383, 250, 162, 306, 212]",600,30,0.7,,,,,2.0,0.005,,,3.376666666666667,0.6021969250867907,0.945,0.11666666666666667,3.4,0.0016616575293320216,0.008065695253885728,0.1649122807017544,0.010526315789473684,0.0035087719298245615,0.0,2.4230055658627085,6.0,0.054385964912280704,0.09298245614035087,2.875438596491228,0.1563206251006074,0.6979866185675084,0.0035887611749680715,5.026455026455026,0.6839576817966471,0.0596491228070175,0.1350877192982456,0.1783333333333333,0.9585794169688596,30,False,1090.0
3,paper,paper_14,14,26,2599670948,3225883030,"[22, 52, 73, 102, 124, 126, 154, 165, 218, 229, 244, 254, 271, 283, 290, 318, 338, 350, 371, 374, 395, 396, 398, 413, 423, 463, 504, 515, 567, 586]","[181, 87, 456, 123, 180, 439, 187, 128, 237, 164, 445, 426, 338, 548, 122, 247, 119, 61, 404, 454, 528, 489, 22, 153, 191, 139, 76, 275, 342, 212]",600,30,0.7,,,,,2.0,0.005,,,3.376666666666667,0.6021969250867907,0.945,0.11666666666666667,3.6666666666666665,0.0018306660973590335,0.006116160596353599,0.1649122807017544,0.017543859649122806,0.0,0.0,2.3773234200743496,5.0,0.056140350877192984,0.06315789473684211,2.912280701754386,0.16024232449601664,0.6978386211574631,0.0033998696067661584,5.0073891625615765,0.6179440866303832,0.0649122807017543,0.1701754385964912,0.2116666666666666,0.995511082932353,30,False,1084.0
3,paper,paper_14,14,27,2599670948,544073497,"[5, 7, 8, 9, 47, 102, 110, 133, 168, 185, 236, 248, 249, 250, 253, 263, 276, 278, 368, 387, 396, 417, 455, 463, 492, 494, 507, 511, 549, 560]","[285, 73, 75, 37, 313, 123, 3, 317, 154, 371, 395, 319, 582, 163, 525, 373, 105, 293, 252, 561, 489, 412, 416, 139, 245, 47, 494, 55, 243, 553]",600,30,0.7,,,,,2.0,0.005,,,3.376666666666667,0.6021969250867907,0.945,0.11666666666666667,3.3666666666666667,0.0016898725357234448,0.00700018956718577,0.15087719298245614,0.007017543859649123,0.0017543859649122807,0.0,2.4376163873370578,6.0,0.05789473684210526,0.06140350877192982,2.612280701754386,0.14491463822441258,0.7215058736472112,0.0021693951004295832,5.248275862068965,0.6372096265421071,0.0491228070175438,0.0947368421052631,0.14,0.9753065829863772,30,True,1040.0
3,paper,paper_14,14,28,2599670948,176615369,"[63, 94, 111, 116, 155, 162, 179, 222, 283, 286, 314, 339, 341, 363, 365, 368, 416, 431, 453, 466, 485, 509, 515, 542, 547, 569, 581, 582, 594, 599]","[31, 432, 419, 196, 101, 176, 80, 468, 548, 555, 482, 308, 589, 228, 592, 252, 261, 165, 563, 361, 405, 201, 275, 452, 38, 324, 336, 84, 559, 323]",600,30,0.7,,,,,2.0,0.005,,,3.376666666666667,0.6021969250867907,0.945,0.11666666666666667,3.2666666666666666,0.0016317576060397893,0.005510456319136548,0.156140350877193,0.010526315789473684,0.0017543859649122807,0.0,2.507434944237918,5.0,0.056140350877192984,0.05964912280701754,2.443859649122807,0.15102166404538878,0.712552030339469,0.00250866630176975,5.100985221674877,0.6564751664538311,0.0561403508771929,0.0912280701754386,0.1366666666666666,0.9010938339633868,28,True,1040.0
3,paper,paper_14,14,29,2599670948,3849752017,"[27, 56, 69, 104, 106, 165, 186, 198, 236, 239, 243, 250, 282, 290, 326, 343, 364, 389, 399, 401, 444, 447, 450, 451, 458, 518, 551, 563, 566, 589]","[518, 418, 297, 464, 570, 128, 469, 475, 395, 242, 276, 163, 516, 122, 455, 72, 459, 267, 466, 370, 467, 355, 449, 241, 94, 288, 483, 376, 580, 90]",600,30,0.7,,,,,2.0,0.005,,,3.376666666666667,0.6021969250867907,0.945,0.11666666666666667,2.8333333333333335,0.0014485612375572615,0.00459036931677923,0.12456140350877193,0.017543859649122806,0.0,0.0,2.6486988847583643,6.0,0.056140350877192984,0.04912280701754386,2.2859649122807015,0.12707947921072116,0.7665464187710048,0.004815809988223781,5.349753694581281,0.6660312582147371,0.0526315789473684,0.087719298245614,0.1333333333333333,0.8667706249980256,26,True,1036.0
3,paper,paper_14,14,30,2599670948,2623318168,"[2, 50, 66, 82, 89, 90, 118, 150, 213, 215, 219, 234, 253, 254, 267, 277, 279, 321, 324, 349, 404, 423, 470, 475, 480, 481, 484, 500, 543, 576]","[345, 442, 472, 327, 534, 517, 66, 270, 344, 392, 231, 112, 525, 426, 289, 588, 302, 590, 113, 174, 596, 191, 116, 46, 435, 540, 263, 11, 536, 168]",600,30,0.7,,,,,2.0,0.005,,,3.376666666666667,0.6021969250867907,0.945,0.11666666666666667,3.566666666666667,0.0017812932997669912,0.00600574831578451,0.15964912280701754,0.014035087719298246,0.0,0.0,2.476894639556377,5.0,0.05087719298245614,0.056140350877192984,2.6228070175438596,0.15245012415013107,0.7067862979064533,0.0035576045920873507,5.0,0.7180071557246175,0.0508771929824561,0.1596491228070175,0.2016666666666666,1.0145151659380645,30,False,1068.0
3,paper,paper_14,14,31,2599670948,912036713,"[4, 7, 40, 57, 81, 170, 185, 205, 227, 240, 266, 271, 288, 289, 296, 298, 341, 407, 429, 431, 438, 443, 451, 452, 466, 482, 487, 544, 547, 579]","[82, 73, 109, 257, 9, 178, 371, 520, 129, 539, 14, 338, 329, 151, 556, 260, 589, 99, 420, 165, 551, 527, 241, 523, 361, 95, 554, 316, 38, 522]",600,30,0.7,,,,,2.0,0.005,,,3.376666666666667,0.6021969250867907,0.945,0.11666666666666667,4.1,0.001928600125890827,0.011286423454562456,0.17894736842105263,0.02280701754385965,0.0035087719298245615,0.0,2.3042671614100185,5.0,0.054385964912280704,0.08421052631578947,3.0789473684210527,0.16631520610234435,0.6755465112693861,0.004389623148243838,4.9338624338624335,0.6779048311183379,0.0684210526315789,0.1473684210526315,0.19,0.9723436250351368,30,False,1100.0
3,paper,paper_14,14,32,2599670948,4064466640,"[5, 12, 23, 83, 101, 112, 146, 155, 164, 174, 214, 222, 239, 263, 288, 303, 321, 339, 347, 357, 364, 367, 391, 426, 431, 470, 483, 516, 521, 532]","[285, 484, 194, 552, 421, 145, 543, 101, 341, 322, 0, 468, 242, 373, 329, 510, 590, 308, 254, 30, 459, 512, 506, 330, 165, 116, 544, 131, 499, 474]",600,30,0.7,,,,,2.0,0.005,,,3.376666666666667,0.6021969250867907,0.945,0.11666666666666667,3.1,0.0015536780724940945,0.006436261078382285,0.15263157894736842,0.007017543859649123,0.0,0.0,2.463955637707948,6.0,0.05087719298245614,0.05087719298245614,2.4087719298245616,0.1440760300071859,0.7186507569450868,0.0013309615033752964,5.138461538461539,0.7016519769255393,0.0543859649122807,0.1228070175438596,0.1666666666666666,0.9837222499772906,30,False,1084.0
3,paper,paper_14,14,33,2599670948,332198064,"[10, 36, 50, 71, 103, 127, 149, 179, 184, 259, 311, 322, 329, 345, 349, 351, 363, 367, 388, 391, 396, 468, 470, 478, 480, 481, 489, 494, 581, 595]","[337, 406, 442, 447, 100, 85, 220, 80, 244, 92, 189, 391, 446, 349, 174, 274, 228, 512, 524, 506, 489, 403, 116, 23, 435, 540, 480, 47, 336, 422]",600,30,0.7,,,,,2.0,0.005,,,3.376666666666667,0.6021969250867907,0.945,0.11666666666666667,3.7,0.0017747430069383423,0.006509340074987247,0.17017543859649123,0.021052631578947368,0.0,0.0,2.3475836431226766,5.0,0.056140350877192984,0.07368421052631578,3.001754385964912,0.16620193895175703,0.6890636080535257,0.003668898151656772,4.859605911330049,0.6496760794156589,0.0596491228070175,0.1684210526315789,0.21,0.6699370000278577,20,True,1070.0
3,paper,paper_14,14,34,2599670948,1281712999,"[18, 44, 156, 167, 180, 193, 205, 258, 275, 276, 284, 310, 391, 404, 412, 419, 423, 425, 427, 428, 468, 469, 474, 482, 485, 495, 500, 504, 589, 592]","[423, 356, 309, 78, 280, 558, 520, 417, 463, 105, 369, 49, 506, 596, 232, 537, 191, 190, 79, 192, 403, 479, 597, 95, 405, 183, 11, 76, 90, 365]",600,30,0.7,,,,,2.0,0.005,,,3.376666666666667,0.6021969250867907,0.945,0.11666666666666667,3.466666666666667,0.0016886673034680613,0.006380598192489583,0.14035087719298245,0.02631578947368421,0.007017543859649123,0.0,2.5974025974025974,6.0,0.054385964912280704,0.1,2.9789473684210526,0.14086738863175088,0.7392655628526501,0.009014031945066428,4.817460317460317,0.7077048276038486,0.0649122807017543,0.1350877192982456,0.1783333333333333,0.9974198749987409,30,False,1084.0
3,paper,paper_14,14,35,2599670948,2173640613,"[13, 19, 38, 52, 58, 71, 74, 78, 88, 102, 121, 125, 229, 236, 238, 263, 286, 301, 324, 332, 350, 351, 365, 419, 450, 454, 468, 476, 504, 588]","[279, 249, 581, 87, 425, 447, 259, 140, 572, 123, 381, 305, 164, 395, 591, 373, 555, 346, 113, 142, 61, 274, 592, 537, 449, 476, 403, 436, 76, 10]",600,30,0.7,,,,,2.0,0.005,,,3.376666666666667,0.6021969250867907,0.945,0.11666666666666667,3.2,0.0016786576679053914,0.0043909418114437375,0.16140350877192983,0.007017543859649123,0.0,0.0,2.485239852398524,6.0,0.04912280701754386,0.054385964912280704,2.482456140350877,0.1536901512612367,0.7038016834705393,0.0015116684082201325,5.210826210826211,0.7180071557246175,0.0701754385964912,0.187719298245614,0.2283333333333333,0.9778521249536424,30,True,1106.0
3,paper,paper_14,14,36,2599670948,3121235814,"[14, 24, 56, 59, 66, 87, 101, 116, 120, 144, 162, 205, 238, 241, 248, 250, 266, 310, 358, 361, 375, 434, 445, 452, 462, 541, 562, 584, 591, 593]","[35, 150, 418, 216, 472, 393, 421, 196, 124, 384, 176, 520, 591, 97, 319, 163, 14, 49, 567, 248, 434, 387, 507, 523, 229, 136, 91, 481, 533, 529]",600,30,0.7,,,,,2.0,0.005,,,3.376666666666667,0.6021969250867907,0.945,0.11666666666666667,3.4,0.0016953671929305304,0.0064174736147420445,0.1631578947368421,0.010526315789473684,0.0017543859649122807,0.0,2.4555555555555557,6.0,0.05263157894736842,0.08070175438596491,2.624561403508772,0.1551868193451797,0.7009897326796781,0.0028506168161340577,5.134920634920635,0.6891855240519875,0.0631578947368421,0.1210526315789473,0.165,0.9965134579688312,30,False,1038.0
3,paper,paper_14,14,37,2599670948,3556363563,"[31, 37, 83, 99, 113, 121, 149, 195, 197, 207, 217, 239, 251, 274, 322, 346, 357, 367, 385, 408, 414, 424, 428, 439, 449, 511, 533, 589, 591, 592]","[121, 2, 552, 325, 378, 381, 220, 161, 39, 195, 93, 242, 282, 300, 391, 234, 30, 512, 156, 246, 205, 321, 192, 8, 45, 55, 311, 90, 533, 365]",600,30,0.7,,,,,2.0,0.005,,,3.376666666666667,0.6021969250867907,0.945,0.11666666666666667,3.6666666666666665,0.0017703728319047123,0.00673258229733614,0.15789473684210525,0.015789473684210527,0.0017543859649122807,0.0,2.4516728624535316,6.0,0.056140350877192984,0.06666666666666667,2.768421052631579,0.153337323404135,0.709622914932322,0.002864466312742175,5.017241379310345,0.6580464112366629,0.0631578947368421,0.1333333333333333,0.1766666666666666,0.985084707965143,30,False,1066.0
3,paper,paper_14,14,38,2599670948,853272546,"[64, 96, 97, 102, 104, 172, 183, 207, 209, 228, 239, 253, 255, 264, 324, 341, 380, 394, 408, 417, 425, 434, 440, 476, 484, 495, 503, 534, 593, 598]","[585, 102, 239, 123, 464, 490, 63, 195, 503, 185, 242, 525, 493, 477, 113, 589, 253, 227, 246, 412, 190, 387, 565, 436, 263, 183, 410, 59, 529, 81]",600,30,0.7,,,,,2.0,0.005,,,3.376666666666667,0.6021969250867907,0.945,0.11666666666666667,3.6,0.0017649770818387062,0.006880568405244572,0.156140350877193,0.012280701754385965,0.0,0.0,2.474074074074074,6.0,0.05263157894736842,0.08421052631578947,2.882456140350877,0.1512874280324247,0.712552030339469,0.0025716939510042956,4.9523809523809526,0.6794760759011697,0.0807017543859649,0.2052631578947368,0.245,0.9794420000398532,30,False,1106.0
3,paper,paper_14,14,39,2599670948,1395266541,"[1, 3, 28, 45, 95, 134, 142, 147, 184, 192, 211, 239, 241, 246, 249, 254, 289, 305, 322, 340, 355, 373, 380, 388, 408, 421, 430, 468, 532, 582]","[33, 502, 62, 111, 236, 473, 169, 16, 244, 350, 170, 242, 97, 564, 582, 426, 151, 399, 391, 126, 495, 509, 253, 524, 246, 545, 127, 403, 474, 84]",600,30,0.7,,,,,2.0,0.005,,,3.376666666666667,0.6021969250867907,0.945,0.11666666666666667,3.466666666666667,0.001746593170436095,0.006960055525175978,0.16842105263157894,0.007017543859649123,0.0,0.0,2.3605947955390336,5.0,0.056140350877192984,0.042105263157894736,2.57719298245614,0.15880585691346066,0.6921777202232294,0.0012406495165115854,5.327586206896552,0.6490831994457078,0.0578947368421052,0.1228070175438596,0.1666666666666666,0.9916897910879924,30,False,1042.0
3,paper,paper_14,14,40,2599670948,1026279378,"[13, 124, 162, 209, 237, 260, 266, 268, 270, 280, 302, 311, 329, 340, 341, 345, 346, 354, 373, 386, 409, 429, 501, 512, 516, 526, 564, 566, 573, 587]","[279, 180, 176, 503, 43, 560, 14, 485, 332, 108, 184, 189, 446, 126, 589, 349, 234, 578, 509, 167, 83, 420, 389, 281, 131, 193, 526, 580, 306, 437]",600,30,0.7,,,,,2.0,0.005,,,3.376666666666667,0.6021969250867907,0.945,0.11666666666666667,3.1666666666666665,0.0015996440069317994,0.005030531959188767,0.15087719298245614,0.010526315789473684,0.0017543859649122807,0.0,2.452513966480447,5.0,0.05789473684210526,0.04912280701754386,2.626315789473684,0.14641251337407565,0.7214442080596923,0.0023381599243668207,5.528735632183908,0.6253360536385064,0.0491228070175438,0.1228070175438596,0.1666666666666666,0.9767967090010644,29,True,1062.0
3,paper,paper_14,14,41,2599670948,1639754707,"[7, 50, 71, 106, 117, 131, 135, 142, 162, 180, 196, 214, 220, 233, 277, 296, 298, 304, 310, 334, 380, 381, 427, 442, 471, 472, 490, 548, 569, 587]","[73, 442, 447, 570, 277, 143, 382, 169, 176, 280, 359, 0, 206, 214, 588, 556, 260, 599, 49, 547, 253, 148, 79, 24, 65, 172, 407, 5, 324, 437]",600,30,0.7,,,,,2.0,0.005,,,3.376666666666667,0.6021969250867907,0.945,0.11666666666666667,4.433333333333334,0.0020656495848208572,0.010821698056988098,0.20175438596491227,0.021052631578947368,0.0,0.0,2.2639405204460967,5.0,0.056140350877192984,0.12105263157894737,3.5736842105263156,0.18994622035095868,0.6380230012641446,0.0035816290988704784,4.524630541871921,0.6541576853111364,0.0543859649122807,0.1473684210526315,0.19,0.9890926249790936,30,True,1082.0
3,paper,paper_14,14,42,2599670948,1911242039,"[12, 38, 76, 87, 90, 105, 120, 154, 169, 172, 206, 209, 258, 284, 310, 398, 402, 407, 425, 428, 440, 479, 483, 491, 497, 498, 501, 508, 534, 567]","[484, 581, 200, 393, 517, 292, 124, 187, 51, 490, 549, 503, 417, 369, 49, 22, 20, 99, 190, 192, 565, 453, 544, 408, 135, 107, 389, 74, 59, 342]",600,30,0.7,,,,,2.0,0.005,,,3.376666666666667,0.6021969250867907,0.945,0.11666666666666667,3.8333333333333335,0.0018330572508808913,0.007514101584305321,0.1631578947368421,0.02982456140350877,0.0017543859649122807,0.0,2.370577281191806,5.0,0.05789473684210526,0.07192982456140351,3.1210526315789475,0.16291403581371386,0.7006259057133167,0.005671352912732223,4.862068965517241,0.5984301279453051,0.0824561403508772,0.1719298245614035,0.2133333333333333,0.9786622079554944,30,False,1086.0
3,paper,paper_14,14,43,2599670948,2071890164,"[45, 70, 92, 94, 106, 115, 171, 173, 180, 196, 221, 271, 323, 325, 326, 328, 355, 398, 419, 436, 454, 485, 523, 531, 538, 550, 553, 567, 569, 590]","[111, 96, 204, 432, 570, 575, 385, 264, 280, 359, 19, 338, 577, 594, 455, 339, 495, 22, 537, 451, 476, 405, 182, 508, 333, 117, 221, 342, 324, 222]",600,30,0.7,,,,,2.0,0.005,,,3.376666666666667,0.6021969250867907,0.945,0.11666666666666667,3.3333333333333335,0.001635107111086262,0.006668413363442953,0.1456140350877193,0.017543859649122806,0.0017543859649122807,0.0,2.4471243042671613,6.0,0.054385964912280704,0.07368421052631578,2.9894736842105263,0.14471529840447925,0.7302562205161409,0.00445356686735997,4.777777777777778,0.6541576853111364,0.0526315789473684,0.1157894736842105,0.16,0.9949564579874276,30,False,1062.0
3,paper,paper_14,14,44,2599670948,287650405,"[1, 18, 19, 28, 37, 45, 110, 116, 130, 198, 226, 258, 274, 277, 286, 291, 293, 304, 338, 372, 381, 420, 439, 463, 477, 484, 515, 597, 598, 599]","[33, 423, 249, 62, 2, 111, 3, 196, 57, 475, 291, 417, 300, 588, 555, 210, 256, 599, 119, 541, 148, 351, 8, 139, 159, 263, 275, 125, 81, 323]",600,30,0.7,,,,,2.0,0.005,,,3.376666666666667,0.6021969250867907,0.945,0.11666666666666667,3.2333333333333334,0.0016473015493721362,0.005824625269690378,0.15263157894736842,0.014035087719298246,0.0,0.0,2.4245810055865924,5.0,0.05789473684210526,0.02631578947368421,2.363157894736842,0.1489022389460179,0.7184287608300188,0.0030661292730258245,5.574712643678161,0.6734232252228604,0.0666666666666666,0.1456140350877193,0.1883333333333333,0.9968599160201848,30,False,1056.0
3,paper,paper_14,14,45,2599670948,1842825582,"[5, 41, 43, 68, 77, 93, 112, 119, 135, 154, 175, 183, 231, 250, 300, 355, 363, 414, 461, 464, 480, 486, 488, 498, 509, 531, 541, 551, 573, 584]","[285, 343, 386, 307, 331, 42, 145, 372, 382, 187, 272, 63, 496, 163, 13, 495, 228, 205, 71, 114, 435, 394, 531, 107, 201, 508, 136, 483, 306, 481]",600,30,0.7,,,,,2.0,0.005,,,3.376666666666667,0.6021969250867907,0.945,0.11666666666666667,3.6,0.0017922157314461925,0.00710033046011653,0.1649122807017544,0.017543859649122806,0.0,0.0,2.381750465549348,5.0,0.05789473684210526,0.06491228070175438,2.692982456140351,0.16152742449952143,0.6977646224524404,0.004002089864158829,5.23448275862069,0.6224256925258607,0.0649122807017543,0.1508771929824561,0.1933333333333333,0.9688591250451282,30,False,1098.0
3,paper,paper_14,14,46,2599670948,3863108868,"[25, 38, 55, 69, 87, 94, 107, 170, 174, 175, 207, 239, 241, 264, 287, 291, 300, 303, 309, 319, 337, 437, 465, 473, 506, 512, 523, 530, 564, 596]","[208, 581, 497, 297, 393, 432, 25, 178, 322, 272, 195, 242, 97, 477, 379, 210, 13, 510, 60, 427, 444, 238, 461, 268, 340, 281, 182, 401, 526, 402]",600,30,0.7,,,,,2.0,0.005,,,3.376666666666667,0.6021969250867907,0.945,0.11666666666666667,3.533333333333333,0.0017662880309302924,0.007811007506051918,0.15789473684210525,0.015789473684210527,0.0017543859649122807,0.0,2.4722222222222223,6.0,0.05263157894736842,0.07894736842105263,2.7473684210526317,0.15531293931274717,0.7094995837572843,0.0033982683982683986,4.949735449735449,0.6631208971020913,0.0526315789473684,0.1210526315789473,0.165,0.962905874941498,30,False,1046.0
3,paper,paper_14,14,47,2599670948,1853514026,"[6, 10, 44, 59, 84, 93, 95, 129, 138, 219, 228, 251, 282, 283, 330, 344, 348, 392, 406, 412, 416, 480, 494, 502, 508, 521, 524, 548, 588, 591]","[103, 337, 356, 216, 377, 42, 236, 177, 347, 231, 185, 282, 516, 548, 89, 519, 32, 69, 465, 232, 261, 435, 47, 457, 74, 499, 110, 5, 10, 533]",600,30,0.7,,,,,2.0,0.005,,,3.376666666666667,0.6021969250867907,0.945,0.11666666666666667,3.033333333333333,0.0015487770111900373,0.005075675590876553,0.15263157894736842,0.0035087719298245615,0.0,0.0,2.501851851851852,5.0,0.05263157894736842,0.03684210526315789,2.3666666666666667,0.14429549972115155,0.7186322572688312,0.0005838350665936873,5.236467236467236,0.6942600099174161,0.0631578947368421,0.1280701754385965,0.1716666666666666,0.5730800000019372,17,True,1038.0
3,paper,paper_14,14,48,2599670948,1514861709,"[67, 77, 116, 125, 140, 167, 168, 184, 233, 248, 253, 274, 282, 286, 318, 367, 390, 396, 408, 410, 415, 423, 442, 470, 505, 521, 529, 552, 556, 571]","[175, 331, 196, 305, 29, 78, 154, 244, 214, 319, 525, 300, 516, 555, 247, 512, 186, 489, 246, 4, 579, 191, 24, 116, 27, 499, 478, 354, 6, 147]",600,30,0.7,,,,,2.0,0.005,,,3.376666666666667,0.6021969250867907,0.945,0.11666666666666667,3.3333333333333335,0.0016830596916235043,0.005333460021649596,0.1631578947368421,0.008771929824561403,0.0,0.0,2.412199630314233,5.0,0.05087719298245614,0.02280701754385965,2.4017543859649124,0.15163538982064492,0.7011377300897235,0.0013837312113174182,5.344615384615385,0.7343623345236959,0.0403508771929824,0.0701754385964912,0.1166666666666666,0.9913677088916302,30,False,1064.0
3,paper,paper_14,14,49,2599670948,3473484960,"[9, 52, 55, 71, 78, 82, 111, 116, 168, 184, 192, 211, 215, 236, 273, 293, 298, 372, 376, 436, 439, 470, 471, 507, 514, 536, 541, 562, 570, 580]","[37, 87, 497, 447, 140, 327, 419, 196, 154, 244, 350, 170, 392, 395, 18, 256, 260, 541, 52, 451, 8, 116, 65, 494, 141, 223, 136, 91, 250, 429]",600,30,0.7,,,,,2.0,0.005,,,3.376666666666667,0.6021969250867907,0.945,0.11666666666666667,3.433333333333333,0.00172128491451908,0.0056018577072627605,0.1649122807017544,0.008771929824561403,0.0035087719298245615,0.0,2.4052044609665426,6.0,0.056140350877192984,0.054385964912280704,2.557894736842105,0.15897005615313353,0.6978324545987112,0.003098887064404306,5.145320197044335,0.6496760794156589,0.0789473684210526,0.1385964912280701,0.1816666666666666,0.9910963750444352,30,False,1100.0
3,paper,paper_15,15,0,3961944935,3600803839,"[18, 22, 24, 25, 31, 86, 139, 164, 169, 184, 198, 221, 223, 242, 274, 293, 301, 322, 350, 369, 381, 393, 441, 443, 446, 453, 465, 481, 499, 533]","[64, 23, 239, 535, 87, 443, 586, 279, 173, 101, 359, 247, 37, 460, 474, 93, 179, 494, 430, 280, 309, 594, 253, 390, 509, 584, 145, 493, 284, 565]",600,30,0.7,,,,,2.0,0.005,,,5.7316666666666665,0.4921951873557746,0.9916666666666667,0.18,5.4,0.001581708840171622,0.004168857706300243,0.22807017543859648,0.042105263157894736,0.007017543859649123,0.0,2.0035398230088495,5.0,0.008771929824561403,0.27017543859649124,8.826315789473684,0.2170212673936645,0.5967193907439953,0.007502382674796468,3.914942528735632,0.8143564534407627,0.075438596491228,0.4491228070175438,0.4766666666666667,0.9766092920908704,30,False,1742.0
3,paper,paper_15,15,1,3961944935,2754104059,"[0, 22, 52, 108, 144, 157, 183, 191, 193, 203, 214, 252, 253, 275, 276, 314, 333, 339, 343, 361, 364, 371, 420, 421, 441, 442, 452, 469, 512, 536]","[42, 23, 434, 581, 216, 126, 297, 15, 524, 205, 161, 436, 516, 220, 86, 150, 444, 158, 5, 214, 496, 483, 270, 550, 253, 448, 554, 517, 384, 314]",600,30,0.7,,,,,2.0,0.005,,,5.7316666666666665,0.4921951873557746,0.9916666666666667,0.18,5.766666666666667,0.0016867584542709793,0.004685393700853621,0.2578947368421053,0.0456140350877193,0.0,0.0,1.904424778761062,4.0,0.008771929824561403,0.2912280701754386,9.06140350877193,0.24128041429356253,0.5518885086177658,0.004497407171155436,3.972413793103448,0.7818553323583449,0.0964912280701754,0.9421052631578948,0.945,0.7625917500117794,24,True,2432.0
3,paper,paper_15,15,2,3961944935,3776708983,"[16, 37, 52, 70, 73, 103, 112, 121, 136, 139, 177, 178, 228, 231, 238, 257, 289, 304, 316, 377, 381, 387, 438, 444, 448, 464, 472, 529, 549, 551]","[320, 12, 434, 113, 258, 299, 588, 184, 208, 586, 356, 555, 370, 587, 593, 124, 16, 472, 28, 538, 309, 413, 318, 306, 67, 137, 408, 77, 33, 568]",600,30,0.7,,,,,2.0,0.005,,,5.7316666666666665,0.4921951873557746,0.9916666666666667,0.18,5.666666666666667,0.0016736404046285786,0.004631411532989861,0.24210526315789474,0.03859649122807018,0.0,0.0,1.9805309734513274,4.0,0.008771929824561403,0.2789473684210526,9.019298245614035,0.22536605621308792,0.5756235932537848,0.005541954852299679,3.774712643678161,0.8119356696453185,0.0894736842105263,0.9578947368421052,0.96,0.9508841671049596,30,False,2438.0
3,paper,paper_15,15,3,3961944935,2280459109,"[29, 44, 63, 73, 78, 111, 139, 157, 161, 190, 200, 212, 269, 280, 302, 314, 332, 391, 397, 410, 460, 463, 482, 484, 492, 526, 528, 538, 552, 585]","[106, 323, 464, 258, 391, 330, 586, 126, 265, 121, 75, 575, 386, 209, 88, 150, 57, 541, 268, 557, 249, 352, 480, 46, 289, 447, 369, 34, 175, 548]",600,30,0.7,,,,,2.0,0.005,,,5.7316666666666665,0.4921951873557746,0.9916666666666667,0.18,5.866666666666666,0.0017043007324255887,0.004339092529998361,0.2649122807017544,0.031578947368421054,0.005263157894736842,0.0,1.9151943462897527,4.0,0.007017543859649123,0.2807017543859649,9.26842105263158,0.23933975142048838,0.5420528474085037,0.004841827860171629,3.7536945812807883,0.8299756449484895,0.1070175438596491,0.956140350877193,0.9583333333333334,0.9141547080362216,30,False,2436.0
3,paper,paper_15,15,4,3961944935,353007603,"[26, 50, 88, 92, 108, 152, 178, 179, 181, 191, 205, 206, 226, 233, 278, 322, 324, 345, 362, 445, 471, 481, 495, 497, 515, 539, 544, 561, 566, 572]","[521, 180, 489, 92, 581, 44, 555, 502, 585, 15, 458, 6, 13, 428, 267, 494, 30, 250, 111, 357, 229, 493, 336, 204, 399, 419, 540, 311, 589, 65]",600,30,0.7,,,,,2.0,0.005,,,5.7316666666666665,0.4921951873557746,0.9916666666666667,0.18,6.066666666666666,0.0017261413430400897,0.00508256441202506,0.2543859649122807,0.03508771929824561,0.005263157894736842,0.0,1.8991150442477875,5.0,0.008771929824561403,0.3719298245614035,10.471929824561403,0.23636605021017448,0.5571239169981193,0.005169603704086463,3.6160919540229886,0.8003788200793782,0.0894736842105263,0.9543859649122808,0.9566666666666668,0.8689175829058513,27,True,2436.0
3,paper,paper_15,15,5,3961944935,2060975530,"[12, 43, 61, 97, 103, 145, 149, 155, 176, 214, 222, 228, 232, 239, 253, 268, 272, 278, 281, 312, 329, 340, 352, 383, 397, 405, 494, 505, 517, 596]","[317, 215, 144, 291, 299, 452, 199, 60, 56, 161, 118, 370, 232, 373, 516, 491, 69, 267, 457, 287, 533, 341, 515, 418, 268, 522, 19, 1, 81, 241]",600,30,0.7,,,,,2.0,0.005,,,5.7316666666666665,0.4921951873557746,0.9916666666666667,0.18,5.366666666666666,0.001580666833365565,0.003757546816328674,0.23859649122807017,0.03684210526315789,0.0,0.0,1.9734982332155477,5.0,0.007017543859649123,0.2736842105263158,8.578947368421053,0.22132853891270424,0.5809021675454012,0.0048398629649296886,3.9261083743842367,0.794436790727736,0.0824561403508772,0.9543859649122808,0.9566666666666668,0.7606056249933317,24,True,2436.0
3,paper,paper_15,15,6,3961944935,2587898266,"[18, 56, 59, 75, 79, 147, 166, 182, 183, 184, 188, 197, 204, 206, 233, 237, 276, 351, 352, 369, 374, 376, 383, 394, 445, 465, 489, 524, 580, 594]","[64, 347, 414, 240, 387, 40, 366, 213, 297, 101, 354, 225, 519, 6, 428, 117, 86, 178, 515, 280, 345, 398, 418, 304, 357, 145, 327, 102, 76, 263]",600,30,0.7,,,,,2.0,0.005,,,5.7316666666666665,0.4921951873557746,0.9916666666666667,0.18,5.733333333333333,0.001677741859681884,0.00470776835821236,0.24035087719298245,0.043859649122807015,0.007017543859649123,0.0,1.9486725663716815,5.0,0.008771929824561403,0.2964912280701754,9.626315789473685,0.22930883537366553,0.5779545524619986,0.007550697368141588,3.7655172413793103,0.7515597321633473,0.1087719298245614,0.956140350877193,0.9583333333333334,0.7547223339788616,24,True,2436.0
3,paper,paper_15,15,7,3961944935,3348447642,"[5, 74, 75, 131, 152, 156, 181, 195, 200, 205, 206, 222, 228, 236, 243, 278, 317, 340, 342, 347, 364, 371, 418, 426, 451, 478, 481, 493, 567, 590]","[140, 167, 240, 511, 44, 186, 585, 379, 75, 458, 6, 118, 370, 114, 187, 267, 61, 341, 58, 152, 496, 483, 429, 29, 466, 302, 493, 411, 146, 170]",600,30,0.7,,,,,2.0,0.005,,,5.7316666666666665,0.4921951873557746,0.9916666666666667,0.18,6.2,0.001782418640451517,0.005297178710109771,0.2614035087719298,0.03684210526315789,0.007017543859649123,0.0,1.9150442477876106,4.0,0.008771929824561403,0.3385964912280702,10.124561403508771,0.24040225629601605,0.5468874294699843,0.0058037553943393605,3.735632183908046,0.7129831448042582,0.0859649122807017,0.9526315789473684,0.955,0.9321902920491992,30,False,2438.0
3,paper,paper_15,15,8,3961944935,3767314378,"[29, 32, 38, 82, 112, 133, 167, 225, 231, 244, 246, 247, 262, 272, 304, 325, 348, 387, 466, 483, 503, 505, 542, 553, 556, 559, 564, 577, 580, 591]","[106, 169, 162, 148, 588, 325, 295, 63, 587, 324, 598, 558, 78, 69, 472, 375, 351, 413, 349, 488, 348, 1, 582, 371, 110, 526, 332, 435, 76, 397]",600,30,0.7,,,,,2.0,0.005,,,5.7316666666666665,0.4921951873557746,0.9916666666666667,0.18,6.3,0.0017891936937818925,0.004437710505795727,0.256140350877193,0.042105263157894736,0.005263157894736842,0.0,1.9505300353356891,4.0,0.007017543859649123,0.34912280701754383,9.95438596491228,0.2340709680434916,0.5549101224061912,0.006897920887029275,3.642857142857143,0.8044640283766538,0.0929824561403508,0.9438596491228072,0.9466666666666668,0.959463582956232,30,False,2430.0
3,paper,paper_15,15,9,3961944935,3415727837,"[3, 13, 18, 51, 55, 78, 80, 99, 142, 150, 153, 155, 171, 203, 205, 209, 221, 247, 251, 258, 269, 272, 318, 323, 349, 365, 443, 465, 491, 508]","[238, 100, 64, 17, 315, 391, 367, 194, 308, 312, 228, 60, 580, 205, 458, 438, 247, 558, 461, 155, 386, 69, 136, 104, 210, 41, 390, 145, 406, 165]",600,30,0.7,,,,,2.0,0.005,,,5.7316666666666665,0.4921951873557746,0.9916666666666667,0.18,5.733333333333333,0.001717549153912877,0.0043187670855642036,0.24736842105263157,0.03333333333333333,0.007017543859649123,0.0,1.9398230088495576,4.0,0.008771929824561403,0.28596491228070176,8.952631578947368,0.2293360858644762,0.5677057318163599,0.004682124552947654,3.9586206896551723,0.8444367907277361,0.087719298245614,0.4526315789473684,0.48,0.982052749954164,30,False,1746.0
3,paper,paper_15,15,10,3961944935,3251236269,"[7, 16, 24, 72, 99, 100, 118, 128, 134, 147, 151, 170, 175, 236, 260, 266, 315, 331, 348, 351, 356, 363, 428, 480, 507, 512, 528, 566, 571, 581]","[481, 320, 239, 260, 194, 362, 272, 393, 532, 40, 597, 244, 365, 114, 405, 298, 128, 237, 351, 178, 536, 252, 119, 157, 275, 384, 369, 589, 342, 25]",600,30,0.7,,,,,2.0,0.005,,,5.7316666666666665,0.4921951873557746,0.9916666666666667,0.18,6.3,0.001782015462910845,0.0053260733640245455,0.2771929824561403,0.03508771929824561,0.0017543859649122807,0.0,1.8778761061946903,4.0,0.008771929824561403,0.37894736842105264,10.350877192982455,0.25084982925919386,0.5241451607930194,0.0040825658827687225,3.6735632183908047,0.8015597321633473,0.0736842105263157,0.475438596491228,0.5016666666666667,0.9688742089783772,30,False,1784.0
3,paper,paper_15,15,11,3961944935,709993662,"[2, 27, 44, 46, 76, 78, 89, 116, 122, 134, 135, 157, 173, 175, 178, 240, 263, 296, 309, 347, 356, 398, 403, 423, 440, 458, 539, 541, 546, 568]","[337, 35, 323, 449, 454, 391, 592, 43, 177, 532, 339, 126, 39, 365, 555, 423, 185, 567, 514, 152, 536, 334, 217, 469, 307, 153, 419, 368, 109, 231]",600,30,0.7,,,,,2.0,0.005,,,5.7316666666666665,0.4921951873557746,0.9916666666666667,0.18,5.533333333333333,0.0016224893154123258,0.004337867961356387,0.256140350877193,0.021052631578947368,0.0,0.0,1.927433628318584,5.0,0.008771929824561403,0.2929824561403509,9.263157894736842,0.2308570406094567,0.5548607899361762,0.0025577200577200573,3.8689655172413793,0.8182263988300139,0.0824561403508772,0.950877192982456,0.9533333333333334,1.0805478330003098,30,False,2434.0
3,paper,paper_15,15,12,3961944935,3728281550,"[2, 8, 11, 18, 23, 29, 37, 45, 50, 57, 94, 127, 195, 211, 253, 306, 338, 345, 351, 368, 369, 385, 387, 409, 416, 439, 480, 516, 523, 529]","[337, 130, 221, 64, 246, 106, 12, 530, 180, 520, 21, 310, 379, 328, 516, 282, 487, 250, 178, 83, 280, 95, 413, 2, 266, 8, 157, 123, 578, 77]",600,30,0.7,,,,,2.0,0.005,,,5.7316666666666665,0.4921951873557746,0.9916666666666667,0.18,6.4,0.001843626659830414,0.005909867438367841,0.27017543859649124,0.03684210526315789,0.0017543859649122807,0.0,1.8973451327433628,4.0,0.008771929824561403,0.35964912280701755,9.480701754385965,0.24324865870633838,0.5344124811149138,0.004774503912434947,3.8160919540229883,0.7252159033405959,0.0964912280701754,0.968421052631579,0.97,0.9158471249975264,29,True,2436.0
3,paper,paper_15,15,13,3961944935,2425096739,"[18, 23, 65, 114, 176, 189, 192, 199, 205, 246, 249, 274, 294, 313, 317, 334, 360, 363, 370, 376, 393, 454, 475, 491, 537, 541, 544, 574, 582, 596]","[64, 246, 278, 529, 56, 91, 329, 166, 458, 598, 301, 474, 141, 163, 61, 510, 392, 252, 432, 398, 594, 286, 0, 406, 133, 368, 540, 421, 316, 241]",600,30,0.7,,,,,2.0,0.005,,,5.7316666666666665,0.4921951873557746,0.9916666666666667,0.18,5.266666666666667,0.0015422712109836299,0.0034531926633437544,0.22280701754385965,0.042105263157894736,0.0035087719298245615,0.0,1.9964664310954063,4.0,0.007017543859649123,0.3017543859649123,9.26842105263158,0.21434952358662845,0.604754416797706,0.006563664905449896,3.79064039408867,0.8088979365069827,0.0807017543859649,0.6403508771929824,0.6583333333333333,0.9791126669151708,30,False,1898.0
3,paper,paper_15,15,14,3961944935,3370252247,"[29, 31, 37, 42, 123, 138, 141, 161, 215, 219, 232, 254, 255, 256, 257, 306, 348, 367, 414, 455, 457, 458, 461, 478, 493, 525, 543, 552, 578, 589]","[106, 87, 12, 62, 211, 32, 527, 265, 129, 53, 232, 498, 439, 577, 124, 282, 351, 363, 340, 445, 523, 153, 462, 302, 411, 234, 71, 175, 583, 440]",600,30,0.7,,,,,2.0,0.005,,,5.7316666666666665,0.4921951873557746,0.9916666666666667,0.18,5.366666666666666,0.001578529306661092,0.0039011407220949836,0.22456140350877193,0.04035087719298246,0.005263157894736842,0.0,2.049557522123894,4.0,0.008771929824561403,0.26666666666666666,8.736842105263158,0.21469447182444676,0.6021459624456572,0.00756075093429636,3.8758620689655174,0.7944367907277362,0.0736842105263157,0.9543859649122808,0.9566666666666668,0.965249374974519,30,False,2436.0
3,paper,paper_15,15,15,3961944935,2898387570,"[2, 5, 19, 29, 70, 79, 91, 96, 117, 125, 145, 157, 184, 186, 207, 229, 243, 244, 249, 311, 350, 353, 384, 410, 429, 455, 470, 530, 548, 563]","[337, 140, 596, 106, 113, 387, 233, 181, 125, 230, 452, 126, 101, 151, 475, 451, 187, 324, 301, 409, 430, 290, 479, 557, 512, 445, 492, 20, 171, 235]",600,30,0.7,,,,,2.0,0.005,,,5.7316666666666665,0.4921951873557746,0.9916666666666667,0.18,6.0,0.0017594052014661507,0.005028450454361917,0.2631578947368421,0.03684210526315789,0.0017543859649122807,0.0,1.9292035398230087,5.0,0.008771929824561403,0.3175438596491228,9.514035087719298,0.24101266861818055,0.5444454722042364,0.00453345589008021,3.820689655172414,0.7452690029786518,0.087719298245614,0.9596491228070176,0.9616666666666668,0.9336843329947442,30,False,2436.0
3,paper,paper_15,15,16,3961944935,260041059,"[5, 52, 58, 84, 131, 136, 176, 180, 211, 228, 237, 241, 266, 278, 282, 294, 295, 303, 378, 406, 447, 474, 477, 480, 511, 526, 528, 533, 542, 551]","[140, 434, 276, 376, 511, 208, 56, 394, 328, 370, 117, 120, 298, 267, 495, 141, 242, 271, 226, 288, 135, 569, 459, 157, 470, 447, 369, 565, 582, 568]",600,30,0.7,,,,,2.0,0.005,,,5.7316666666666665,0.4921951873557746,0.9916666666666667,0.18,6.366666666666666,0.0018099223610659914,0.005495128211578871,0.25263157894736843,0.05087719298245614,0.007017543859649123,0.0,1.9504424778761063,5.0,0.008771929824561403,0.34912280701754383,9.887719298245614,0.23693016797435676,0.5598187031726944,0.006706356311156851,3.735632183908046,0.8039805159587916,0.0912280701754386,0.9543859649122808,0.9566666666666668,0.8100774160120636,25,True,2436.0
3,paper,paper_15,15,17,3961944935,1137616547,"[9, 22, 70, 103, 130, 149, 172, 182, 188, 200, 205, 206, 237, 242, 249, 252, 270, 274, 326, 342, 358, 432, 449, 496, 497, 501, 514, 520, 553, 570]","[51, 23, 113, 299, 450, 199, 490, 213, 354, 75, 458, 6, 117, 460, 301, 436, 59, 474, 227, 58, 257, 534, 198, 85, 204, 192, 422, 531, 371, 139]",600,30,0.7,,,,,2.0,0.005,,,5.7316666666666665,0.4921951873557746,0.9916666666666667,0.18,5.366666666666666,0.001587826034023588,0.004358740605238567,0.24210526315789474,0.02456140350877193,0.005263157894736842,0.0,1.9469026548672566,5.0,0.008771929824561403,0.2894736842105263,9.131578947368421,0.2229267202432343,0.5755249283137545,0.004593190972501318,3.8597701149425285,0.7413990575894006,0.0649122807017543,0.3333333333333333,0.3666666666666666,0.977827624999918,30,False,1608.0
3,paper,paper_15,15,18,3961944935,716168696,"[10, 72, 131, 135, 136, 154, 185, 197, 199, 233, 269, 271, 295, 299, 308, 350, 356, 382, 383, 415, 420, 436, 469, 484, 497, 510, 538, 548, 578, 597]","[149, 260, 511, 339, 208, 507, 281, 225, 166, 428, 386, 202, 242, 333, 442, 430, 536, 189, 418, 364, 270, 431, 517, 46, 204, 456, 34, 171, 583, 374]",600,30,0.7,,,,,2.0,0.005,,,5.7316666666666665,0.4921951873557746,0.9916666666666667,0.18,6.266666666666667,0.0018161546019808425,0.00660718069354491,0.2614035087719298,0.042105263157894736,0.0035087719298245615,0.0,1.9292035398230087,4.0,0.008771929824561403,0.34210526315789475,9.91578947368421,0.24173810660322717,0.5469675947337588,0.006266615211848478,3.698850574712644,0.7643564534407628,0.0912280701754386,0.9280701754385964,0.9316666666666666,0.9514675000682472,30,False,2374.0
3,paper,paper_15,15,19,3961944935,2592747326,"[26, 55, 64, 107, 120, 125, 142, 144, 164, 211, 273, 279, 301, 303, 304, 314, 351, 353, 359, 380, 386, 433, 505, 508, 516, 523, 545, 552, 582, 596]","[521, 315, 403, 599, 412, 230, 308, 216, 279, 328, 486, 476, 179, 271, 472, 150, 178, 290, 484, 426, 300, 196, 1, 165, 123, 578, 190, 175, 316, 241]",600,30,0.7,,,,,2.0,0.005,,,5.7316666666666665,0.4921951873557746,0.9916666666666667,0.18,6.166666666666667,0.0017615687287351027,0.004926731333390074,0.2614035087719298,0.03859649122807018,0.008771929824561403,0.0,1.9469026548672566,5.0,0.008771929824561403,0.3385964912280702,9.521052631578947,0.23876921687024683,0.5471155921438041,0.005932602344578246,3.7724137931034485,0.8173941865790985,0.0824561403508772,0.3070175438596491,0.3416666666666667,0.9758072919212282,30,False,1574.0
3,paper,paper_15,15,20,3961944935,3135747197,"[8, 12, 43, 55, 76, 79, 124, 146, 203, 232, 233, 260, 318, 320, 321, 325, 334, 336, 342, 414, 448, 462, 506, 511, 518, 534, 565, 570, 572, 579]","[130, 317, 215, 315, 454, 387, 477, 138, 205, 232, 428, 405, 136, 116, 573, 375, 510, 410, 58, 340, 67, 433, 525, 470, 425, 427, 319, 139, 65, 331]",600,30,0.7,,,,,2.0,0.005,,,5.7316666666666665,0.4921951873557746,0.9916666666666667,0.18,4.066666666666666,0.0012830933837448919,0.003238721145696369,0.19298245614035087,0.017543859649122806,0.0,0.0,2.114840989399293,4.0,0.007017543859649123,0.17192982456140352,7.064912280701755,0.18225165539543559,0.6520272561896834,0.002633643495712461,4.369458128078818,0.7684416617380382,0.0719298245614035,0.512280701754386,0.5366666666666666,1.0286305830813944,30,False,1784.0
3,paper,paper_15,15,21,3961944935,3332353126,"[30, 71, 79, 112, 139, 155, 176, 184, 186, 195, 199, 202, 207, 209, 239, 269, 286, 288, 301, 319, 324, 362, 389, 405, 432, 508, 520, 565, 577, 595]","[455, 503, 387, 588, 586, 60, 56, 101, 151, 379, 166, 174, 475, 438, 373, 386, 97, 539, 179, 372, 30, 111, 176, 522, 534, 165, 531, 319, 435, 72]",600,30,0.7,,,,,2.0,0.005,,,5.7316666666666665,0.4921951873557746,0.9916666666666667,0.18,5.6,0.001680871639017817,0.0039018358355364657,0.2543859649122807,0.028070175438596492,0.0017543859649122807,0.0,1.9256637168141593,3.0,0.008771929824561403,0.2736842105263158,8.598245614035088,0.2322872445729705,0.5573767459069466,0.00319484863735958,4.0183908045977015,0.8173941865790985,0.0894736842105263,0.9596491228070176,0.9616666666666668,0.9186805409844964,29,True,2436.0
3,paper,paper_15,15,22,3961944935,174339048,"[11, 30, 38, 84, 127, 166, 169, 170, 180, 207, 229, 235, 324, 330, 381, 393, 402, 432, 457, 460, 464, 492, 516, 525, 532, 537, 541, 561, 565, 590]","[221, 455, 162, 376, 310, 366, 173, 244, 394, 475, 451, 395, 30, 401, 309, 594, 55, 534, 523, 249, 137, 289, 123, 234, 305, 133, 368, 311, 319, 170]",600,30,0.7,,,,,2.0,0.005,,,5.7316666666666665,0.4921951873557746,0.9916666666666667,0.18,6.066666666666666,0.0017386447468687091,0.00476304824605675,0.256140350877193,0.04035087719298246,0.0017543859649122807,0.0,1.9115044247787611,4.0,0.008771929824561403,0.35789473684210527,10.017543859649123,0.23889460264092818,0.5544969629698147,0.005161443244607544,3.7264367816091952,0.760055982235463,0.0789473684210526,0.9456140350877194,0.9483333333333334,0.9658224169397728,30,False,2420.0
3,paper,paper_15,15,23,3961944935,312769347,"[2, 3, 5, 26, 60, 98, 101, 125, 142, 168, 173, 219, 229, 233, 248, 309, 350, 362, 369, 377, 391, 416, 471, 491, 505, 518, 519, 522, 539, 576]","[337, 238, 140, 521, 160, 505, 396, 230, 308, 552, 39, 53, 451, 428, 259, 514, 430, 111, 280, 538, 541, 266, 229, 406, 1, 425, 564, 254, 419, 294]",600,30,0.7,,,,,2.0,0.005,,,5.7316666666666665,0.4921951873557746,0.9916666666666667,0.18,5.6,0.0016638739257789407,0.00430773199488108,0.24736842105263157,0.03508771929824561,0.0017543859649122807,0.0,1.952212389380531,5.0,0.008771929824561403,0.3017543859649123,8.978947368421053,0.23043571562693296,0.5675454012888108,0.004631795407657476,3.871264367816092,0.7974745238660718,0.1052631578947368,0.956140350877193,0.9583333333333334,0.6703866249881685,21,True,2434.0
3,paper,paper_15,15,24,3961944935,3776932147,"[5, 11, 68, 166, 180, 194, 220, 224, 278, 280, 281, 291, 328, 331, 354, 358, 361, 364, 365, 389, 422, 435, 444, 470, 485, 528, 562, 569, 595, 598]","[140, 221, 566, 366, 394, 14, 66, 80, 267, 209, 457, 441, 182, 237, 590, 257, 214, 496, 41, 176, 245, 105, 306, 492, 417, 369, 207, 549, 72, 537]",600,30,0.7,,,,,2.0,0.005,,,5.7316666666666665,0.4921951873557746,0.9916666666666667,0.18,5.766666666666667,0.0017043309538099143,0.004279173971499646,0.256140350877193,0.02456140350877193,0.0017543859649122807,0.0,1.943362831858407,4.0,0.008771929824561403,0.2771929824561403,9.028070175438597,0.23386084132582843,0.554651126938612,0.003407400390159011,3.825287356321839,0.7548127282097074,0.0771929824561403,0.9228070175438596,0.9266666666666666,0.9792735000373796,30,False,2380.0
3,paper,paper_15,15,25,3961944935,2559864317,"[9, 24, 39, 70, 82, 89, 110, 122, 163, 170, 218, 245, 246, 263, 313, 348, 351, 352, 402, 453, 490, 505, 512, 515, 534, 541, 560, 566, 572, 582]","[51, 239, 500, 113, 148, 592, 212, 177, 99, 244, 355, 343, 598, 185, 163, 351, 178, 515, 55, 584, 478, 1, 384, 399, 427, 368, 183, 589, 65, 316]",600,30,0.7,,,,,2.0,0.005,,,5.7316666666666665,0.4921951873557746,0.9916666666666667,0.18,4.933333333333334,0.0014608185825754347,0.0026893055677723577,0.20701754385964913,0.02982456140350877,0.0017543859649122807,0.0,2.023008849557522,5.0,0.008771929824561403,0.26842105263157895,8.76842105263158,0.19995204601790406,0.6294268183640119,0.0049618516859896164,3.829885057471264,0.7698149703745426,0.0736842105263157,0.2701754385964912,0.3066666666666666,0.9830222909804434,30,False,1538.0
3,paper,paper_15,15,26,3961944935,2701248850,"[8, 19, 48, 69, 83, 100, 101, 121, 128, 136, 148, 162, 173, 174, 247, 298, 369, 402, 410, 411, 428, 429, 432, 433, 439, 446, 558, 572, 580, 582]","[130, 596, 3, 556, 115, 362, 396, 184, 393, 208, 389, 134, 39, 335, 558, 543, 280, 55, 557, 168, 119, 512, 534, 196, 8, 509, 50, 65, 76, 316]",600,30,0.7,,,,,2.0,0.005,,,5.7316666666666665,0.4921951873557746,0.9916666666666667,0.18,5.733333333333333,0.0016468666663144423,0.0047286313362233596,0.24210526315789474,0.043859649122807015,0.0017543859649122807,0.0,1.9592920353982302,5.0,0.008771929824561403,0.356140350877193,9.735087719298246,0.22809164976472332,0.5754385964912281,0.005805071409854159,3.802298850574713,0.7832286409948495,0.0771929824561403,0.4666666666666667,0.4933333333333333,1.0090498749632388,30,False,1764.0
3,paper,paper_15,15,27,3961944935,1238382683,"[2, 31, 75, 122, 127, 154, 166, 199, 224, 242, 248, 268, 285, 318, 324, 334, 337, 388, 440, 448, 450, 459, 472, 517, 518, 579, 586, 590, 591, 598]","[337, 87, 240, 177, 310, 507, 366, 166, 80, 460, 259, 491, 563, 136, 30, 510, 255, 380, 307, 67, 49, 468, 408, 81, 425, 331, 172, 170, 397, 537]",600,30,0.7,,,,,2.0,0.005,,,5.7316666666666665,0.4921951873557746,0.9916666666666667,0.18,5.633333333333334,0.0016604944096910719,0.004120745283452744,0.256140350877193,0.02982456140350877,0.0017543859649122807,0.0,1.9380530973451326,4.0,0.008771929824561403,0.2807017543859649,9.210526315789474,0.23424773787079642,0.5546757931736195,0.004208461323065785,3.8850574712643677,0.7848930654966807,0.0859649122807017,0.6859649122807018,0.7016666666666667,0.974190125009045,30,False,1952.0
3,paper,paper_15,15,28,3961944935,1217965366,"[21, 33, 35, 42, 66, 75, 86, 104, 114, 121, 122, 132, 137, 208, 219, 239, 240, 274, 298, 303, 306, 317, 318, 346, 355, 367, 457, 481, 536, 541]","[553, 285, 562, 62, 26, 240, 443, 38, 529, 184, 177, 206, 551, 576, 53, 373, 423, 474, 543, 271, 282, 61, 136, 293, 467, 363, 523, 493, 314, 368]",600,30,0.7,,,,,2.0,0.005,,,5.7316666666666665,0.4921951873557746,0.9916666666666667,0.18,6.033333333333333,0.0017276206198002409,0.0055937747854832,0.26666666666666666,0.03333333333333333,0.0017543859649122807,0.0,1.9061946902654867,5.0,0.008771929824561403,0.34385964912280703,9.812280701754386,0.2435651497087634,0.5392470631763944,0.004414046763251418,3.7839080459770114,0.7577170244230136,0.0894736842105263,0.950877192982456,0.9533333333333334,0.6891789169749245,21,True,2432.0
3,paper,paper_15,15,29,3961944935,1735014411,"[0, 2, 30, 32, 37, 40, 60, 79, 92, 127, 148, 177, 218, 236, 248, 253, 278, 312, 315, 323, 355, 423, 424, 450, 454, 457, 467, 470, 520, 534]","[42, 337, 455, 169, 12, 415, 160, 387, 92, 310, 389, 356, 355, 114, 259, 516, 267, 287, 128, 104, 467, 469, 559, 49, 286, 523, 518, 492, 531, 427]",600,30,0.7,,,,,2.0,0.005,,,5.7316666666666665,0.4921951873557746,0.9916666666666667,0.18,6.566666666666666,0.0018744490913252378,0.006152521513085315,0.2789473684210526,0.0456140350877193,0.005263157894736842,0.0,1.9168141592920354,4.0,0.008771929824561403,0.3473684210526316,10.098245614035088,0.2567849673506646,0.5214627077359479,0.006760530349494381,3.6252873563218393,0.8165619743281828,0.1052631578947368,0.9526315789473684,0.955,0.8088867089245468,25,True,2434.0
3,paper,paper_15,15,30,3961944935,3150553805,"[13, 17, 20, 56, 104, 126, 135, 154, 225, 291, 293, 298, 318, 346, 347, 359, 384, 427, 429, 432, 434, 442, 478, 482, 489, 491, 499, 533, 564, 568]","[100, 224, 52, 347, 38, 159, 339, 507, 63, 441, 93, 543, 136, 293, 152, 484, 479, 471, 512, 534, 98, 448, 302, 480, 327, 406, 284, 565, 332, 231]",600,30,0.7,,,,,2.0,0.005,,,5.7316666666666665,0.4921951873557746,0.9916666666666667,0.18,6.066666666666666,0.0017621765985418153,0.0051997241994721135,0.2631578947368421,0.03859649122807018,0.0035087719298245615,0.0,1.895575221238938,5.0,0.008771929824561403,0.3280701754385965,9.417543859649124,0.24026779700249082,0.5444824715567478,0.005021859967093234,3.924137931034483,0.8452690029786517,0.0842105263157894,0.956140350877193,0.9583333333333334,0.9410320000024512,30,True,2436.0
3,paper,paper_15,15,31,3961944935,1921656877,"[8, 19, 37, 83, 100, 128, 170, 176, 177, 190, 211, 213, 229, 234, 247, 285, 295, 298, 299, 308, 328, 336, 338, 339, 389, 397, 411, 422, 447, 480]","[130, 596, 12, 115, 362, 393, 244, 56, 356, 121, 328, 274, 451, 218, 558, 563, 242, 543, 333, 442, 182, 410, 487, 158, 176, 268, 168, 245, 135, 157]",600,30,0.7,,,,,2.0,0.005,,,5.7316666666666665,0.4921951873557746,0.9916666666666667,0.18,4.966666666666667,0.0014958000147191335,0.0037175291401294144,0.22631578947368422,0.02631578947368421,0.0017543859649122807,0.0,2.005309734513274,4.0,0.008771929824561403,0.256140350877193,8.029824561403508,0.21004261608494512,0.5996731723861499,0.004083993911580118,4.117241379310345,0.7635242411898471,0.0807017543859649,0.8245614035087719,0.8333333333333334,0.9926971249515192,30,False,2170.0
3,paper,paper_15,15,32,3961944935,3950775058,"[7, 26, 53, 81, 124, 148, 173, 204, 205, 256, 276, 277, 304, 307, 340, 347, 368, 380, 392, 432, 435, 436, 438, 446, 468, 470, 495, 499, 541, 550]","[481, 521, 561, 420, 477, 389, 39, 519, 458, 577, 86, 360, 472, 236, 341, 152, 83, 426, 262, 534, 105, 431, 318, 509, 504, 492, 336, 284, 368, 73]",600,30,0.7,,,,,2.0,0.005,,,5.7316666666666665,0.4921951873557746,0.9916666666666667,0.18,6.166666666666667,0.001790425956316544,0.00650598385107915,0.2614035087719298,0.043859649122807015,0.005263157894736842,0.0,1.8867256637168142,4.0,0.008771929824561403,0.34912280701754383,9.943859649122807,0.2441119789195122,0.5467024327074276,0.006260279612206589,3.754022988505747,0.8119356696453185,0.0824561403508772,0.8122807017543859,0.8216666666666667,0.9703829170903192,30,False,2190.0
3,paper,paper_15,15,33,3961944935,3389450471,"[0, 36, 58, 90, 100, 131, 153, 169, 172, 180, 227, 277, 286, 305, 311, 354, 359, 397, 400, 430, 431, 459, 472, 474, 529, 561, 564, 571, 574, 577]","[42, 572, 276, 547, 362, 511, 228, 173, 490, 394, 188, 360, 97, 84, 409, 590, 484, 268, 303, 338, 545, 468, 408, 569, 77, 311, 332, 342, 421, 435]",600,30,0.7,,,,,2.0,0.005,,,5.7316666666666665,0.4921951873557746,0.9916666666666667,0.18,6.166666666666667,0.0017605723342978962,0.005656809266699195,0.26842105263157895,0.03508771929824561,0.0035087719298245615,0.0,1.8991150442477875,4.0,0.008771929824561403,0.3473684210526316,9.87017543859649,0.24406471785933143,0.5369284370856844,0.004103229585488456,3.7632183908045977,0.7815066325252915,0.0561403508771929,0.1614035087719298,0.2033333333333333,0.670360833988525,20,True,1434.0
3,paper,paper_15,15,34,3961944935,612343404,"[68, 81, 119, 121, 152, 155, 186, 188, 220, 233, 242, 247, 267, 276, 280, 283, 289, 336, 345, 350, 352, 364, 367, 383, 390, 425, 544, 549, 568, 585]","[566, 420, 132, 184, 44, 60, 151, 354, 66, 428, 460, 558, 465, 86, 209, 70, 16, 410, 250, 430, 515, 496, 363, 418, 195, 579, 540, 33, 231, 548]",600,30,0.7,,,,,2.0,0.005,,,5.7316666666666665,0.4921951873557746,0.9916666666666667,0.18,5.833333333333333,0.0016901283859734567,0.004153492184804851,0.24210526315789474,0.04912280701754386,0.005263157894736842,0.0,1.9716814159292035,4.0,0.008771929824561403,0.33157894736842103,9.894736842105264,0.2314191535446565,0.5752844325224309,0.007647336699060838,3.6942528735632183,0.7818553323583451,0.0912280701754386,0.9596491228070176,0.9616666666666668,0.6589259169995785,20,True,2436.0
3,paper,paper_15,15,35,3961944935,4009091823,"[24, 28, 34, 48, 84, 99, 104, 120, 123, 124, 133, 152, 213, 227, 230, 244, 271, 301, 312, 358, 388, 406, 507, 536, 543, 559, 561, 565, 582, 599]","[239, 79, 223, 3, 376, 194, 38, 412, 211, 477, 325, 44, 274, 188, 103, 324, 202, 179, 287, 257, 380, 288, 275, 314, 71, 526, 311, 319, 316, 203]",600,30,0.7,,,,,2.0,0.005,,,5.7316666666666665,0.4921951873557746,0.9916666666666667,0.18,5.366666666666666,0.0015754237219591921,0.003010922230695078,0.21754385964912282,0.04736842105263158,0.0035087719298245615,0.0,2.054867256637168,4.0,0.008771929824561403,0.2807017543859649,8.947368421052632,0.2128479441805219,0.6128572749976875,0.0074203870654174905,3.793103448275862,0.7889782737939562,0.0719298245614035,0.3333333333333333,0.3666666666666666,0.9725092080188916,30,False,1606.0
3,paper,paper_15,15,36,3961944935,1364133885,"[0, 25, 47, 67, 73, 117, 123, 125, 157, 161, 186, 187, 189, 209, 267, 273, 281, 286, 330, 345, 417, 445, 454, 459, 472, 518, 519, 545, 594, 596]","[42, 535, 485, 31, 258, 125, 211, 230, 126, 265, 151, 377, 91, 438, 465, 486, 457, 97, 401, 250, 358, 357, 286, 468, 408, 425, 564, 190, 263, 241]",600,30,0.7,,,,,2.0,0.005,,,5.7316666666666665,0.4921951873557746,0.9916666666666667,0.18,5.566666666666666,0.001662015061399902,0.0035967406938698307,0.23684210526315788,0.03859649122807018,0.0035087719298245615,0.0,1.9893805309734514,4.0,0.008771929824561403,0.2789473684210526,8.98421052631579,0.2240058356345552,0.5833194585761415,0.005180364436262803,3.87816091954023,0.8310231201074294,0.0596491228070175,0.3684210526315789,0.4,0.9771771249361336,30,False,1660.0
3,paper,paper_15,15,37,3961944935,1855819058,"[34, 64, 71, 90, 101, 112, 114, 140, 178, 179, 191, 193, 222, 234, 270, 281, 287, 289, 322, 340, 373, 376, 414, 436, 438, 452, 490, 512, 543, 548]","[223, 403, 503, 547, 396, 588, 529, 595, 555, 502, 15, 524, 118, 218, 59, 457, 407, 16, 494, 341, 264, 398, 340, 431, 318, 554, 478, 384, 71, 171]",600,30,0.7,,,,,2.0,0.005,,,5.7316666666666665,0.4921951873557746,0.9916666666666667,0.18,5.6,0.0016432233399286224,0.004724147402489517,0.24912280701754386,0.031578947368421054,0.0035087719298245615,0.0,1.927433628318584,4.0,0.008771929824561403,0.30350877192982456,9.592982456140351,0.2303142240526223,0.5650541115530479,0.004608944319897667,3.793103448275862,0.8340608532457651,0.1017543859649122,0.9666666666666668,0.9683333333333334,0.954089583014138,30,True,2436.0
3,paper,paper_15,15,38,3961944935,1656831123,"[2, 76, 77, 84, 92, 113, 138, 140, 161, 180, 185, 199, 203, 246, 252, 261, 268, 298, 300, 325, 340, 344, 361, 418, 449, 499, 516, 520, 528, 559]","[337, 454, 164, 376, 92, 424, 32, 595, 265, 394, 281, 166, 205, 598, 436, 27, 491, 543, 546, 375, 341, 201, 214, 429, 198, 284, 123, 531, 369, 526]",600,30,0.7,,,,,2.0,0.005,,,5.7316666666666665,0.4921951873557746,0.9916666666666667,0.18,6.666666666666667,0.0019033279519476984,0.005823074021025285,0.28596491228070176,0.03684210526315789,0.005263157894736842,0.0,1.8690265486725663,4.0,0.008771929824561403,0.37719298245614036,10.440350877192982,0.2569255120647883,0.5117010452317085,0.006876906618285929,3.6,0.8015597321633473,0.0912280701754386,0.950877192982456,0.9533333333333334,0.8706145000178367,27,True,2436.0
3,paper,paper_15,15,39,3961944935,165611547,"[14, 41, 89, 106, 108, 112, 116, 117, 123, 140, 166, 235, 249, 265, 282, 327, 339, 354, 360, 386, 422, 442, 480, 485, 492, 502, 504, 516, 575, 595]","[591, 385, 592, 4, 581, 588, 43, 125, 211, 595, 366, 395, 301, 45, 495, 248, 158, 590, 392, 300, 245, 448, 157, 417, 289, 273, 191, 123, 193, 72]",600,30,0.7,,,,,2.0,0.005,,,5.7316666666666665,0.4921951873557746,0.9916666666666667,0.18,4.966666666666667,0.001496580221295305,0.0028446688050998495,0.22631578947368422,0.02456140350877193,0.0035087719298245615,0.0,1.976991150442478,5.0,0.008771929824561403,0.22105263157894736,8.001754385964912,0.21039873008095034,0.5996176733573829,0.003968968451727072,4.085057471264368,0.8015597321633475,0.0543859649122807,0.0947368421052631,0.14,0.9878918749745936,30,False,1412.0
3,paper,paper_15,15,40,3961944935,1974579147,"[38, 40, 57, 73, 80, 91, 176, 177, 193, 221, 239, 248, 262, 268, 309, 358, 361, 387, 391, 421, 435, 457, 467, 470, 475, 476, 479, 486, 520, 572]","[162, 415, 520, 258, 367, 233, 56, 356, 524, 247, 373, 259, 78, 491, 514, 257, 214, 413, 541, 550, 105, 523, 518, 492, 0, 54, 446, 402, 531, 65]",600,30,0.7,,,,,2.0,0.005,,,5.7316666666666665,0.4921951873557746,0.9916666666666667,0.18,5.366666666666666,0.0015853334503542528,0.0036538021964651482,0.22456140350877193,0.03508771929824561,0.0017543859649122807,0.0,2.007079646017699,4.0,0.008771929824561403,0.28596491228070176,8.945614035087718,0.21397610673962206,0.6021089630931459,0.004865412365412366,3.7701149425287355,0.7143564534407627,0.1122807017543859,0.9578947368421052,0.96,0.9535282079596072,30,False,2434.0
3,paper,paper_15,15,41,3961944935,174697797,"[17, 30, 109, 130, 132, 147, 148, 166, 187, 195, 268, 272, 288, 327, 330, 357, 363, 370, 452, 460, 470, 471, 476, 498, 507, 566, 571, 575, 576, 577]","[224, 455, 24, 450, 206, 40, 389, 366, 377, 379, 491, 69, 539, 248, 401, 82, 252, 432, 554, 249, 492, 229, 54, 453, 275, 589, 342, 193, 294, 435]",600,30,0.7,,,,,2.0,0.005,,,5.7316666666666665,0.4921951873557746,0.9916666666666667,0.18,5.833333333333333,0.001681166171007961,0.00578445933710462,0.25087719298245614,0.04035087719298246,0.0017543859649122807,0.0,1.9380530973451326,4.0,0.008771929824561403,0.3280701754385965,9.654385964912281,0.23381054480848162,0.5624949896710141,0.004081316900113384,3.820689655172414,0.7976897867740962,0.087719298245614,0.9543859649122808,0.9566666666666668,0.6122677499661222,19,True,2434.0
3,paper,paper_15,15,42,3961944935,161588124,"[63, 73, 80, 87, 98, 101, 151, 170, 196, 211, 212, 220, 293, 295, 296, 329, 369, 408, 417, 427, 452, 466, 507, 513, 526, 540, 561, 566, 581, 582]","[464, 258, 367, 378, 505, 396, 597, 244, 68, 328, 575, 66, 93, 242, 567, 533, 280, 473, 358, 471, 554, 349, 275, 350, 447, 388, 311, 589, 25, 316]",600,30,0.7,,,,,2.0,0.005,,,5.7316666666666665,0.4921951873557746,0.9916666666666667,0.18,5.133333333333334,0.0015112545395253765,0.004160828378112137,0.23333333333333334,0.02456140350877193,0.0017543859649122807,0.0,1.975221238938053,4.0,0.008771929824561403,0.2807017543859649,8.778947368421052,0.2157068875821309,0.5889495267166158,0.0038396692707037532,3.986206896551724,0.7769379118101539,0.087719298245614,0.4122807017543859,0.4416666666666666,0.9936340000713244,30,False,1708.0
3,paper,paper_15,15,43,3961944935,3578348789,"[8, 32, 52, 56, 63, 88, 92, 124, 155, 161, 199, 219, 244, 268, 270, 278, 292, 305, 319, 367, 402, 403, 407, 426, 438, 464, 539, 545, 568, 591]","[130, 169, 434, 347, 464, 489, 92, 477, 60, 265, 166, 53, 324, 491, 59, 267, 7, 84, 372, 363, 55, 217, 108, 29, 318, 137, 419, 190, 231, 397]",600,30,0.7,,,,,2.0,0.005,,,5.7316666666666665,0.4921951873557746,0.9916666666666667,0.18,5.7,0.0016528436606410323,0.004057431913544086,0.2578947368421053,0.02631578947368421,0.0017543859649122807,0.0,1.9061946902654867,5.0,0.008771929824561403,0.3298245614035088,9.236842105263158,0.2317207511416609,0.5524434989054359,0.003637342861480793,3.9195402298850577,0.8286023363119851,0.1,0.950877192982456,0.9533333333333334,0.7297475410159677,23,True,2426.0
3,paper,paper_15,15,44,3961944935,2129297618,"[20, 66, 67, 70, 90, 93, 128, 163, 184, 188, 201, 209, 258, 263, 288, 297, 367, 372, 380, 427, 441, 450, 458, 463, 473, 488, 501, 503, 562, 590]","[52, 26, 31, 113, 547, 222, 393, 99, 101, 354, 416, 438, 155, 185, 539, 90, 363, 501, 426, 471, 253, 49, 153, 352, 112, 382, 192, 348, 207, 170]",600,30,0.7,,,,,2.0,0.005,,,5.7316666666666665,0.4921951873557746,0.9916666666666667,0.18,5.9,0.0017657324142679232,0.00524632497763858,0.2614035087719298,0.02631578947368421,0.0017543859649122807,0.0,1.9061946902654867,3.0,0.008771929824561403,0.28596491228070176,9.03859649122807,0.23718152857208347,0.5470169272037739,0.0036459335495846656,3.954022988505747,0.7548127282097074,0.0824561403508772,0.2473684210526315,0.285,0.9684657920151948,30,False,1562.0
3,paper,paper_15,15,45,3961944935,2401413981,"[7, 12, 24, 33, 41, 50, 118, 136, 166, 172, 183, 194, 264, 278, 281, 362, 368, 381, 396, 399, 413, 483, 487, 501, 506, 520, 525, 570, 594, 599]","[481, 317, 239, 285, 385, 180, 272, 208, 366, 490, 297, 14, 154, 267, 457, 111, 83, 309, 437, 94, 200, 488, 219, 192, 525, 531, 234, 139, 263, 203]",600,30,0.7,,,,,2.0,0.005,,,5.7316666666666665,0.4921951873557746,0.9916666666666667,0.18,5.9,0.0017024536817068685,0.004765342132320795,0.24210526315789474,0.04035087719298246,0.007017543859649123,0.0,1.9664310954063604,5.0,0.007017543859649123,0.3175438596491228,9.68421052631579,0.2278053921829415,0.5754509296087319,0.006400175776443525,3.6083743842364533,0.7255646031736495,0.1140350877192982,0.9456140350877194,0.9483333333333334,0.6075619159964845,19,True,2430.0
3,paper,paper_15,15,46,3961944935,2539624499,"[1, 22, 35, 44, 109, 125, 146, 164, 180, 226, 228, 238, 241, 251, 264, 310, 327, 333, 336, 346, 386, 449, 498, 545, 558, 563, 569, 573, 582, 591]","[326, 23, 562, 323, 24, 230, 138, 279, 394, 13, 370, 593, 120, 461, 154, 404, 248, 444, 410, 293, 300, 198, 453, 190, 50, 235, 549, 243, 316, 397]",600,30,0.7,,,,,2.0,0.005,,,5.7316666666666665,0.4921951873557746,0.9916666666666667,0.18,6.3,0.001797912124229998,0.004645773308041002,0.27017543859649124,0.04035087719298246,0.008771929824561403,0.0,1.8938053097345133,5.0,0.008771929824561403,0.3508771929824561,10.23157894736842,0.24871644084871225,0.5340733203835599,0.0072343318046317944,3.6919540229885057,0.8017749950713715,0.0929824561403508,0.9403508771929824,0.9433333333333334,0.9403466670773925,30,False,2422.0
3,paper,paper_15,15,47,3961944935,1363314084,"[38, 87, 94, 98, 154, 177, 227, 244, 246, 250, 263, 277, 278, 289, 329, 357, 395, 397, 415, 416, 443, 453, 462, 489, 500, 502, 505, 580, 582, 594]","[162, 378, 21, 505, 507, 356, 188, 324, 598, 277, 185, 360, 267, 16, 533, 82, 269, 268, 364, 266, 390, 584, 433, 327, 142, 273, 1, 76, 316, 263]",600,30,0.7,,,,,2.0,0.005,,,5.7316666666666665,0.4921951873557746,0.9916666666666667,0.18,6.333333333333333,0.0018259992312549685,0.007056075540939267,0.2736842105263158,0.0456140350877193,0.0,0.0,1.8938053097345133,4.0,0.008771929824561403,0.3824561403508772,9.570175438596491,0.2500378128060763,0.5292079055283199,0.004509472522750366,3.829885057471264,0.8143564534407627,0.0912280701754386,0.9614035087719298,0.9633333333333334,0.9476715420605616,30,False,2436.0
3,paper,paper_15,15,48,3961944935,3415421548,"[6, 13, 51, 61, 64, 71, 110, 130, 185, 205, 237, 239, 246, 333, 338, 340, 343, 348, 381, 410, 431, 479, 488, 492, 495, 509, 562, 565, 590, 599]","[256, 100, 17, 144, 403, 503, 212, 450, 281, 458, 117, 373, 598, 444, 487, 341, 5, 351, 309, 557, 545, 446, 382, 289, 336, 48, 207, 319, 170, 203]",600,30,0.7,,,,,2.0,0.005,,,5.7316666666666665,0.4921951873557746,0.9916666666666667,0.18,6.166666666666667,0.0017908922121464763,0.00476499594769883,0.24912280701754386,0.0456140350877193,0.005263157894736842,0.0,1.9486725663716815,4.0,0.008771929824561403,0.3350877192982456,9.942105263157895,0.23618385698907862,0.564770449850461,0.0077757660414861235,3.668965517241379,0.7572335120051515,0.075438596491228,0.2280701754385964,0.2666666666666666,0.970518041984178,30,False,1520.0
3,paper,paper_15,15,49,3961944935,3251222290,"[5, 11, 19, 23, 117, 121, 176, 187, 211, 214, 221, 246, 261, 306, 309, 320, 335, 384, 387, 393, 408, 421, 443, 501, 502, 536, 540, 542, 555, 574]","[140, 221, 596, 246, 125, 184, 56, 377, 328, 161, 247, 598, 27, 282, 514, 116, 346, 479, 413, 594, 473, 550, 390, 192, 273, 314, 388, 582, 508, 421]",600,30,0.7,,,,,2.0,0.005,,,5.7316666666666665,0.4921951873557746,0.9916666666666667,0.18,5.9,0.0017447931399636662,0.005150488371964189,0.2736842105263158,0.03508771929824561,0.0017543859649122807,0.0,1.8654867256637169,4.0,0.008771929824561403,0.2982456140350877,9.171929824561403,0.24783213406004814,0.5291400733820492,0.004369600049113234,4.0344827586206895,0.8430634820912316,0.0789473684210526,0.963157894736842,0.965,0.9418564169900492,30,False,2438.0
3,paper,paper_16,16,0,3892914202,3035101836,"[4, 45, 55, 109, 147, 154, 168, 171, 229, 236, 281, 286, 303, 307, 316, 329, 367, 370, 393, 398, 419, 429, 436, 457, 498, 529, 540, 554, 557, 586]","[55, 538, 294, 399, 56, 454, 564, 577, 243, 251, 62, 205, 575, 154, 304, 330, 184, 517, 582, 437, 349, 10, 541, 472, 216, 168, 511, 253, 371, 324]",600,30,0.7,,,,,2.0,0.005,,,5.913333333333333,0.4913533519455582,0.995,0.12,6.0,0.0016818693549400456,0.003609285215106424,0.25087719298245614,0.0456140350877193,0.005263157894736842,0.0,1.9278169014084507,4.0,0.0035087719298245615,0.3473684210526316,10.19122807017544,0.23437180365151147,0.5624271575247434,0.005888306621198689,3.773399014778325,0.8333931507652235,0.0947368421052631,0.9789473684210528,0.98,0.9241927079856396,30,False,2552.0
3,paper,paper_16,16,1,3892914202,2610109320,"[24, 72, 100, 121, 133, 154, 186, 187, 188, 207, 222, 227, 241, 262, 277, 310, 313, 358, 368, 379, 399, 405, 416, 442, 456, 480, 517, 559, 564, 567]","[274, 473, 407, 219, 182, 454, 542, 509, 240, 261, 597, 322, 67, 241, 101, 340, 590, 325, 171, 111, 212, 39, 237, 275, 229, 558, 348, 232, 432, 441]",600,30,0.7,,,,,2.0,0.005,,,5.913333333333333,0.4913533519455582,0.995,0.12,5.966666666666667,0.0016805753883237344,0.004551368110831384,0.2771929824561403,0.02982456140350877,0.0035087719298245615,0.0,1.8853615520282188,4.0,0.005263157894736842,0.3543859649122807,10.257894736842106,0.24748447010615726,0.524336324114328,0.0041530456503233275,3.786206896551724,0.8096404967771992,0.075438596491228,0.968421052631579,0.97,0.9494330000597984,30,False,2548.0
3,paper,paper_16,16,2,3892914202,1144968081,"[23, 43, 44, 49, 65, 85, 94, 184, 186, 219, 278, 289, 295, 301, 313, 408, 435, 458, 479, 484, 488, 499, 504, 539, 544, 557, 561, 563, 568, 586]","[66, 70, 544, 354, 516, 65, 569, 435, 542, 40, 295, 30, 19, 396, 590, 476, 223, 529, 492, 53, 433, 1, 394, 49, 521, 371, 167, 478, 217, 324]",600,30,0.7,,,,,2.0,0.005,,,5.913333333333333,0.4913533519455582,0.995,0.12,6.733333333333333,0.0018540216850946973,0.006149201719606524,0.2719298245614035,0.04912280701754386,0.0035087719298245615,0.0,1.8835978835978835,4.0,0.005263157894736842,0.39824561403508774,10.950877192982457,0.24893502112914673,0.5319890235254217,0.00809165349484414,3.6413793103448278,0.7462096491489016,0.1,0.975438596491228,0.9766666666666668,0.8904906249372289,30,False,2552.0
3,paper,paper_16,16,3,3892914202,1648171730,"[12, 16, 36, 72, 91, 104, 131, 146, 153, 159, 179, 221, 225, 245, 281, 313, 323, 327, 378, 380, 383, 407, 448, 460, 484, 548, 558, 565, 578, 596]","[506, 41, 397, 473, 576, 153, 545, 555, 61, 489, 366, 596, 567, 163, 62, 590, 438, 329, 467, 24, 36, 285, 169, 287, 53, 80, 191, 461, 592, 477]",600,30,0.7,,,,,2.0,0.005,,,5.913333333333333,0.4913533519455582,0.995,0.12,6.3,0.001746552046462534,0.0044538588263623394,0.2719298245614035,0.04035087719298246,0.0017543859649122807,0.0,1.8624338624338623,4.0,0.005263157894736842,0.37894736842105264,10.608771929824561,0.24423150683313133,0.5321185212592113,0.00487827285528435,3.7195402298850575,0.7806611122975201,0.0736842105263157,0.975438596491228,0.9766666666666668,0.94846545800101,30,False,2552.0
3,paper,paper_16,16,4,3892914202,3138044768,"[45, 96, 101, 137, 154, 176, 177, 228, 239, 242, 256, 337, 341, 373, 381, 385, 391, 411, 414, 417, 463, 473, 503, 508, 521, 523, 534, 542, 546, 580]","[538, 448, 277, 71, 454, 227, 436, 209, 126, 147, 479, 534, 483, 259, 548, 201, 520, 421, 496, 113, 428, 173, 526, 400, 122, 466, 119, 422, 98, 398]",600,30,0.7,,,,,2.0,0.005,,,5.913333333333333,0.4913533519455582,0.995,0.12,5.8,0.0016333974817792378,0.003633512546686498,0.24561403508771928,0.03684210526315789,0.005263157894736842,0.0,1.943562610229277,4.0,0.005263157894736842,0.32280701754385965,9.987719298245613,0.2269994162461137,0.5703388524034163,0.005981649257511327,3.882758620689655,0.8408764997898652,0.0929824561403508,0.975438596491228,0.9766666666666668,0.931222458020784,30,False,2552.0
3,paper,paper_16,16,5,3892914202,4033938283,"[1, 21, 56, 120, 122, 143, 151, 161, 185, 230, 232, 268, 269, 297, 339, 344, 356, 365, 381, 385, 386, 391, 445, 469, 500, 521, 552, 556, 561, 598]","[96, 156, 475, 308, 306, 504, 418, 208, 429, 104, 151, 381, 207, 586, 352, 389, 214, 51, 548, 201, 230, 520, 148, 439, 488, 122, 446, 298, 167, 404]",600,30,0.7,,,,,2.0,0.005,,,5.913333333333333,0.4913533519455582,0.995,0.12,6.3,0.001732143861827714,0.003950406513727259,0.2631578947368421,0.04035087719298246,0.007017543859649123,0.0,1.9012345679012346,4.0,0.005263157894736842,0.40350877192982454,11.096491228070175,0.24458494858539198,0.5441494773841458,0.005858153842567208,3.618390804597701,0.7851551559970226,0.0789473684210526,0.9736842105263158,0.975,0.9421119580511004,30,False,2552.0
3,paper,paper_16,16,6,3892914202,223642467,"[16, 63, 117, 119, 124, 230, 236, 238, 240, 247, 253, 259, 273, 274, 328, 330, 332, 340, 344, 350, 358, 364, 370, 400, 415, 449, 473, 514, 548, 557]","[41, 530, 443, 442, 8, 104, 251, 211, 133, 316, 121, 127, 218, 265, 59, 103, 359, 490, 389, 360, 325, 566, 517, 179, 328, 367, 173, 108, 80, 371]",600,30,0.7,,,,,2.0,0.005,,,5.913333333333333,0.4913533519455582,0.995,0.12,6.266666666666667,0.0017472863559315802,0.004351561670230817,0.27017543859649124,0.04035087719298246,0.0017543859649122807,0.0,1.8906525573192239,4.0,0.005263157894736842,0.36140350877192984,10.698245614035088,0.24906688032192437,0.5340054882372892,0.0046299491978471375,3.6666666666666665,0.7603020265551643,0.0929824561403508,0.9736842105263158,0.975,0.9376005419762804,30,False,2552.0
3,paper,paper_16,16,7,3892914202,2775176431,"[4, 10, 43, 54, 61, 73, 80, 112, 135, 137, 174, 180, 197, 235, 236, 247, 263, 271, 333, 366, 409, 415, 423, 439, 462, 466, 503, 567, 570, 597]","[55, 150, 70, 257, 195, 361, 535, 568, 581, 71, 524, 339, 115, 165, 251, 316, 369, 309, 178, 117, 74, 328, 54, 507, 353, 310, 526, 441, 565, 549]",600,30,0.7,,,,,2.0,0.005,,,5.913333333333333,0.4913533519455582,0.995,0.12,5.733333333333333,0.0016236604179711714,0.0041327746265842555,0.24736842105263157,0.03859649122807018,0.005263157894736842,0.0,1.9188712522045854,4.0,0.005263157894736842,0.28596491228070176,9.738596491228071,0.22994912607669313,0.5677673974038787,0.005452176311675568,3.829885057471264,0.8564356960460381,0.0894736842105263,0.975438596491228,0.9766666666666668,0.9442695840261875,30,False,2552.0
3,paper,paper_16,16,8,3892914202,2760039680,"[6, 9, 15, 16, 17, 71, 84, 131, 159, 166, 176, 230, 243, 253, 289, 291, 297, 330, 344, 373, 407, 412, 419, 443, 469, 537, 554, 562, 591, 595]","[141, 120, 159, 41, 213, 60, 358, 545, 489, 503, 227, 104, 543, 121, 30, 533, 586, 103, 389, 259, 285, 364, 349, 410, 439, 556, 253, 444, 485, 32]",600,30,0.7,,,,,2.0,0.005,,,5.913333333333333,0.4913533519455582,0.995,0.12,6.333333333333333,0.0017619781268329328,0.004475431003610921,0.2789473684210526,0.03859649122807018,0.0017543859649122807,0.0,1.8659611992945326,4.0,0.005263157894736842,0.39649122807017545,10.687719298245614,0.24951803688356797,0.5219313662010915,0.004820145198067692,3.7264367816091952,0.8271504657796788,0.087719298245614,0.9719298245614036,0.9733333333333334,0.6211116249905899,19,True,2550.0
3,paper,paper_16,16,9,3892914202,3410377325,"[101, 129, 131, 134, 142, 148, 167, 169, 198, 202, 240, 255, 280, 302, 310, 312, 331, 334, 337, 381, 390, 414, 446, 489, 503, 509, 516, 526, 547, 568]","[277, 412, 545, 453, 225, 593, 343, 193, 318, 450, 133, 350, 170, 415, 340, 528, 86, 583, 534, 548, 38, 496, 160, 374, 526, 107, 183, 235, 94, 217]",600,30,0.7,,,,,2.0,0.005,,,5.913333333333333,0.4913533519455582,0.995,0.12,5.7,0.0016137212180856373,0.0036775418053755365,0.25263157894736843,0.03508771929824561,0.0017543859649122807,0.0,1.8977072310405643,3.0,0.005263157894736842,0.3368421052631579,10.424561403508772,0.23531973652380958,0.5597077051151604,0.004358876417699947,3.7632183908045977,0.8096404967771992,0.0719298245614035,0.9736842105263158,0.975,0.9598284169333056,30,False,2552.0
3,paper,paper_16,16,10,3892914202,2755049151,"[13, 15, 35, 69, 89, 162, 176, 215, 225, 242, 254, 309, 333, 341, 342, 347, 354, 383, 405, 456, 471, 475, 498, 510, 526, 530, 535, 549, 558, 578]","[220, 159, 481, 423, 272, 16, 227, 43, 567, 147, 134, 599, 178, 483, 215, 283, 23, 36, 39, 229, 85, 116, 216, 58, 235, 177, 81, 188, 191, 592]",600,30,0.7,,,,,2.0,0.005,,,5.913333333333333,0.4913533519455582,0.995,0.12,5.5,0.0015600233803031189,0.004492647874447766,0.24210526315789474,0.03508771929824561,0.0035087719298245615,0.0,1.9524647887323943,4.0,0.0035087719298245615,0.34035087719298246,10.008771929824562,0.21880416303936462,0.5763759134215152,0.0051068973226768575,3.7660098522167487,0.8004881974423824,0.0929824561403508,0.9421052631578948,0.945,0.9608696670038626,30,False,2464.0
3,paper,paper_16,16,11,3892914202,3067141152,"[13, 20, 29, 60, 70, 74, 94, 97, 121, 134, 137, 145, 204, 223, 233, 242, 258, 273, 320, 325, 361, 397, 400, 423, 441, 450, 473, 477, 498, 526]","[220, 337, 327, 175, 486, 494, 569, 164, 219, 453, 71, 301, 380, 536, 9, 147, 69, 218, 4, 192, 413, 312, 179, 54, 351, 140, 173, 424, 216, 235]",600,30,0.7,,,,,2.0,0.005,,,5.913333333333333,0.4913533519455582,0.995,0.12,5.433333333333334,0.0015680512773273189,0.0035113093086146132,0.25087719298245614,0.02631578947368421,0.0017543859649122807,0.0,1.9295774647887325,4.0,0.0035087719298245615,0.2964912280701754,9.503508771929825,0.22831388242090966,0.5625751549347886,0.0035424363544359276,3.8300492610837438,0.8905813134079763,0.075438596491228,0.3736842105263158,0.405,0.9795270420145245,30,False,1680.0
3,paper,paper_16,16,12,3892914202,1943214752,"[2, 42, 55, 56, 60, 82, 93, 105, 107, 124, 133, 141, 146, 176, 244, 298, 299, 302, 350, 399, 415, 475, 476, 495, 533, 567, 574, 578, 588, 597]","[384, 320, 294, 475, 175, 136, 48, 124, 3, 8, 182, 460, 555, 227, 355, 6, 244, 415, 360, 212, 328, 116, 417, 341, 336, 441, 587, 592, 64, 549]",600,30,0.7,,,,,2.0,0.005,,,5.913333333333333,0.4913533519455582,0.995,0.12,6.133333333333334,0.0017069784733029043,0.004842531709996531,0.2649122807017544,0.042105263157894736,0.0017543859649122807,0.0,1.8818342151675485,4.0,0.005263157894736842,0.3631578947368421,10.74561403508772,0.2448787141913332,0.5416581876483828,0.0050137515553337056,3.735632183908046,0.7571105897697605,0.0859649122807017,0.9771929824561404,0.9783333333333334,1.051731082960032,30,False,2552.0
3,paper,paper_16,16,13,3892914202,2991030720,"[11, 36, 78, 122, 137, 153, 157, 177, 178, 190, 217, 224, 229, 248, 263, 303, 346, 363, 374, 380, 381, 409, 428, 454, 478, 490, 507, 539, 557, 581]","[557, 397, 470, 306, 71, 61, 493, 436, 598, 307, 222, 14, 243, 332, 369, 575, 357, 311, 469, 24, 548, 74, 262, 44, 414, 445, 15, 49, 371, 282]",600,30,0.7,,,,,2.0,0.005,,,5.913333333333333,0.4913533519455582,0.995,0.12,5.966666666666667,0.001668641538378142,0.004396676575451049,0.24385964912280703,0.04912280701754386,0.010526315789473684,0.0,1.9523809523809523,4.0,0.005263157894736842,0.3456140350877193,10.652631578947368,0.23168005433910518,0.5728363086979311,0.007746001927169858,3.7241379310344827,0.8139324090164373,0.0964912280701754,0.968421052631579,0.97,0.931916540954262,30,False,2552.0
3,paper,paper_16,16,14,3892914202,2062163643,"[12, 38, 51, 92, 168, 191, 194, 207, 209, 219, 229, 234, 244, 251, 258, 279, 305, 322, 333, 360, 372, 377, 404, 453, 456, 460, 466, 479, 488, 550]","[506, 197, 239, 513, 564, 93, 584, 261, 522, 40, 243, 45, 355, 502, 69, 128, 362, 390, 178, 187, 37, 471, 97, 27, 229, 287, 310, 492, 433, 487]",600,30,0.7,,,,,2.0,0.005,,,5.913333333333333,0.4913533519455582,0.995,0.12,6.466666666666667,0.0018051146700810707,0.005601506224780633,0.2649122807017544,0.042105263157894736,0.007017543859649123,0.0,1.8906525573192239,3.0,0.005263157894736842,0.38070175438596493,10.76842105263158,0.24098433813563888,0.5421761785835415,0.006741610070298667,3.6666666666666665,0.7972967606569787,0.0964912280701754,0.9824561403508772,0.9833333333333332,0.8954260000027716,30,False,2552.0
3,paper,paper_16,16,15,3892914202,3590800736,"[3, 5, 18, 76, 86, 93, 108, 121, 167, 181, 212, 237, 272, 281, 312, 337, 376, 402, 419, 436, 441, 460, 470, 474, 478, 526, 536, 553, 575, 593]","[28, 118, 594, 92, 34, 48, 559, 219, 343, 20, 303, 238, 226, 62, 528, 534, 88, 431, 349, 541, 351, 287, 595, 246, 414, 235, 537, 112, 319, 571]",600,30,0.7,,,,,2.0,0.005,,,5.913333333333333,0.4913533519455582,0.995,0.12,5.333333333333333,0.0015221445209850045,0.003456749088655541,0.23859649122807017,0.02456140350877193,0.0,0.0,1.945326278659612,4.0,0.005263157894736842,0.3140350877192982,9.705263157894738,0.21916341685032004,0.5810624980729504,0.003248976438631611,3.9126436781609195,0.8662361612130628,0.0842105263157894,0.9333333333333332,0.9366666666666666,0.9091564998961984,30,False,2474.0
3,paper,paper_16,16,16,3892914202,1923416448,"[36, 64, 72, 73, 154, 169, 178, 217, 238, 250, 283, 293, 312, 315, 316, 333, 336, 377, 382, 401, 442, 465, 481, 482, 520, 523, 552, 567, 573, 597]","[397, 25, 473, 361, 454, 193, 598, 222, 211, 142, 365, 166, 528, 347, 304, 178, 196, 471, 525, 370, 275, 291, 378, 385, 465, 466, 446, 441, 0, 549]",600,30,0.7,,,,,2.0,0.005,,,5.913333333333333,0.4913533519455582,0.995,0.12,6.233333333333333,0.0017376376060114077,0.004175788536493574,0.2807017543859649,0.03684210526315789,0.0,0.0,1.873015873015873,4.0,0.005263157894736842,0.41403508771929826,10.996491228070175,0.25314449878529405,0.519137915086486,0.004243403467541399,3.685057471264368,0.7883465927824265,0.0964912280701754,0.968421052631579,0.97,0.6185409160098061,20,True,2550.0
3,paper,paper_16,16,17,3892914202,2062995361,"[33, 36, 104, 109, 201, 215, 225, 292, 322, 327, 331, 338, 341, 344, 350, 358, 372, 388, 389, 398, 414, 415, 420, 432, 500, 508, 530, 536, 562, 569]","[426, 397, 153, 399, 73, 43, 567, 33, 390, 329, 86, 152, 483, 389, 360, 325, 37, 123, 174, 437, 496, 328, 286, 292, 488, 400, 177, 537, 444, 561]",600,30,0.7,,,,,2.0,0.005,,,5.913333333333333,0.4913533519455582,0.995,0.12,5.866666666666666,0.0016582446763701675,0.004762590026408454,0.24561403508771928,0.03508771929824561,0.007017543859649123,0.0,1.9188712522045854,4.0,0.005263157894736842,0.36666666666666664,10.817543859649122,0.22675913007946258,0.5704745166959578,0.006207754569823536,3.696551724137931,0.7983732127602643,0.0824561403508772,0.9719298245614036,0.9733333333333334,0.8766420830506831,30,False,2550.0
3,paper,paper_16,16,18,3892914202,1097141353,"[5, 49, 99, 103, 121, 138, 172, 191, 209, 217, 230, 247, 251, 268, 272, 296, 307, 333, 367, 377, 389, 424, 491, 508, 526, 539, 547, 549, 567, 590]","[118, 354, 248, 383, 219, 264, 440, 93, 522, 222, 104, 316, 502, 381, 226, 273, 154, 178, 184, 471, 174, 114, 546, 400, 235, 49, 94, 188, 441, 392]",600,30,0.7,,,,,2.0,0.005,,,5.913333333333333,0.4913533519455582,0.995,0.12,5.766666666666667,0.0016276832733036774,0.004667038668712066,0.24035087719298245,0.031578947368421054,0.007017543859649123,0.0,1.9559082892416226,4.0,0.005263157894736842,0.36140350877192984,10.60701754385965,0.2249357533726247,0.5780655505195326,0.004979082783342418,3.703448275862069,0.8530181044498212,0.0842105263157894,0.9736842105263158,0.975,0.8892147920560092,30,False,2552.0
3,paper,paper_16,16,19,3892914202,5825307,"[14, 29, 49, 105, 142, 158, 164, 178, 191, 204, 205, 234, 267, 273, 297, 317, 318, 368, 371, 380, 384, 418, 433, 481, 521, 523, 529, 540, 588, 594]","[143, 327, 354, 124, 225, 89, 139, 598, 93, 380, 464, 45, 249, 218, 586, 532, 12, 171, 403, 24, 252, 263, 379, 378, 122, 466, 168, 511, 64, 63]",600,30,0.7,,,,,2.0,0.005,,,5.913333333333333,0.4913533519455582,0.995,0.12,6.033333333333333,0.001705605523404067,0.00448628916004708,0.2596491228070175,0.04035087719298246,0.007017543859649123,0.0,1.9171075837742504,4.0,0.005263157894736842,0.3175438596491228,9.810526315789474,0.24004121786410648,0.5494403847932661,0.006604435118633902,3.779310344827586,0.8517774404107239,0.0771929824561403,0.975438596491228,0.9766666666666668,0.918377959053032,30,False,2552.0
3,paper,paper_16,16,20,3892914202,670327299,"[10, 23, 63, 71, 92, 132, 143, 196, 220, 244, 257, 259, 284, 302, 315, 357, 377, 393, 398, 413, 453, 481, 486, 497, 509, 510, 532, 556, 576, 586]","[150, 66, 530, 60, 513, 462, 504, 402, 452, 355, 300, 127, 138, 415, 347, 189, 471, 582, 437, 75, 27, 378, 563, 180, 107, 58, 210, 298, 84, 324]",600,30,0.7,,,,,2.0,0.005,,,5.913333333333333,0.4913533519455582,0.995,0.12,6.6,0.001806523608971977,0.0045149395419589065,0.25087719298245614,0.06140350877192982,0.007017543859649123,0.0,1.927689594356261,4.0,0.005263157894736842,0.40350877192982454,11.687719298245614,0.24083440269082027,0.5621434958221564,0.008125701246390902,3.4735632183908045,0.809274153381123,0.0842105263157894,0.968421052631579,0.97,0.7653537910664454,25,True,2550.0
3,paper,paper_16,16,21,3892914202,3862801535,"[36, 45, 50, 58, 69, 73, 99, 105, 108, 155, 193, 228, 238, 243, 270, 281, 297, 313, 372, 383, 396, 417, 447, 448, 471, 514, 546, 576, 585, 589]","[397, 538, 338, 420, 423, 361, 248, 124, 559, 376, 363, 209, 211, 543, 540, 62, 586, 590, 37, 36, 2, 113, 313, 169, 85, 108, 98, 84, 256, 46]",600,30,0.7,,,,,2.0,0.005,,,5.913333333333333,0.4913533519455582,0.995,0.12,5.1,0.0014734757354272745,0.002449031508515138,0.21754385964912282,0.02982456140350877,0.0,0.0,2.0070546737213406,4.0,0.005263157894736842,0.2929824561403509,9.33859649122807,0.20490568239366738,0.6131717694940338,0.0034219504364694925,3.9793103448275864,0.8162495251588201,0.0526315789473684,0.1526315789473684,0.195,0.966612125048414,30,False,1518.0
3,paper,paper_16,16,22,3892914202,1003656126,"[40, 45, 76, 123, 131, 153, 165, 182, 198, 220, 282, 285, 320, 325, 332, 342, 345, 346, 348, 386, 397, 433, 455, 456, 457, 481, 488, 548, 571, 588]","[523, 538, 92, 382, 545, 61, 387, 102, 318, 452, 269, 386, 4, 192, 359, 215, 290, 357, 484, 230, 312, 379, 317, 229, 472, 378, 433, 80, 260, 64]",600,30,0.7,,,,,2.0,0.005,,,5.913333333333333,0.4913533519455582,0.995,0.12,6.333333333333333,0.0017583092597888879,0.005073380475809314,0.2614035087719298,0.043859649122807015,0.007017543859649123,0.0,1.8906525573192239,4.0,0.005263157894736842,0.38596491228070173,11.298245614035087,0.24249485290115766,0.5468442635587211,0.007231960249201629,3.5701149425287357,0.7614025020089985,0.1,0.9719298245614036,0.9733333333333334,0.88413399993442,30,False,2552.0
3,paper,paper_16,16,23,3892914202,143769995,"[91, 129, 169, 177, 178, 187, 223, 240, 242, 250, 253, 266, 271, 272, 297, 329, 334, 373, 402, 405, 406, 454, 455, 467, 490, 491, 501, 519, 533, 548]","[576, 412, 193, 436, 598, 509, 536, 133, 147, 142, 121, 176, 309, 226, 586, 330, 583, 259, 431, 39, 425, 44, 317, 82, 445, 546, 468, 250, 336, 80]",600,30,0.7,,,,,2.0,0.005,,,5.913333333333333,0.4913533519455582,0.995,0.12,5.566666666666666,0.001580525686159718,0.0043735984853773505,0.24736842105263157,0.03333333333333333,0.0035087719298245615,0.0,1.9329805996472662,4.0,0.005263157894736842,0.3263157894736842,10.201754385964913,0.22716067484787505,0.5678228964326457,0.005857313184899392,3.8758620689655174,0.8171238458018409,0.0771929824561403,0.9701754385964912,0.9716666666666668,0.9236110000638292,30,False,2552.0
3,paper,paper_16,16,24,3892914202,1471242960,"[11, 12, 35, 54, 60, 71, 75, 123, 124, 138, 151, 158, 160, 164, 173, 183, 208, 237, 255, 278, 284, 344, 374, 416, 425, 430, 471, 477, 577, 580]","[557, 506, 481, 257, 175, 60, 278, 382, 8, 264, 418, 89, 457, 139, 508, 447, 342, 238, 350, 295, 138, 389, 469, 237, 91, 68, 85, 424, 18, 398]",600,30,0.7,,,,,2.0,0.005,,,5.913333333333333,0.4913533519455582,0.995,0.12,6.0,0.0016888091385783039,0.004892157448722054,0.25263157894736843,0.03684210526315789,0.005263157894736842,0.0,1.9382716049382716,5.0,0.005263157894736842,0.3333333333333333,10.285964912280702,0.23521467316497802,0.5597015385564086,0.004970793838894618,3.786206896551724,0.7685195076375642,0.0649122807017543,0.1701754385964912,0.2116666666666666,0.9255341249518096,30,False,1510.0
3,paper,paper_16,16,25,3892914202,3375630333,"[13, 14, 16, 67, 77, 88, 135, 157, 178, 200, 224, 228, 250, 265, 272, 276, 277, 304, 329, 363, 373, 379, 429, 466, 488, 498, 505, 512, 584, 587]","[220, 143, 41, 172, 155, 186, 581, 493, 598, 514, 14, 209, 142, 456, 226, 185, 101, 130, 330, 311, 259, 111, 10, 310, 433, 216, 356, 326, 190, 505]",600,30,0.7,,,,,2.0,0.005,,,5.913333333333333,0.4913533519455582,0.995,0.12,5.7,0.0016053806970742184,0.006220278206492509,0.24736842105263157,0.028070175438596492,0.0035087719298245615,0.0,1.926056338028169,4.0,0.0035087719298245615,0.3140350877192982,10.238596491228071,0.22420811864022142,0.5681558906052477,0.003950565014885795,3.7832512315270934,0.8796803727871176,0.0736842105263157,0.9719298245614036,0.9733333333333334,0.9029050829121844,30,False,2552.0
3,paper,paper_16,16,26,3892914202,3932529732,"[20, 62, 66, 76, 107, 121, 132, 151, 157, 163, 185, 189, 192, 210, 225, 264, 265, 273, 340, 342, 353, 363, 394, 435, 448, 467, 490, 548, 561, 570]","[337, 499, 79, 92, 3, 219, 462, 418, 493, 411, 429, 344, 31, 135, 567, 129, 456, 218, 490, 215, 78, 311, 77, 223, 169, 82, 445, 80, 167, 565]",600,30,0.7,,,,,2.0,0.005,,,5.913333333333333,0.4913533519455582,0.995,0.12,6.2,0.00171971491328976,0.004806508889443621,0.2736842105263158,0.03333333333333333,0.005263157894736842,0.0,1.8694885361552027,4.0,0.005263157894736842,0.36666666666666664,10.782456140350877,0.24791855387838382,0.5291215737057935,0.004281013667423404,3.6804597701149424,0.8158831817627438,0.0964912280701754,0.9701754385964912,0.9716666666666668,0.888684417004697,30,False,2552.0
3,paper,paper_16,16,27,3892914202,3761328443,"[2, 7, 18, 28, 70, 98, 118, 122, 174, 219, 232, 237, 238, 251, 295, 315, 318, 355, 364, 384, 410, 434, 450, 455, 494, 500, 509, 526, 543, 550]","[384, 72, 594, 427, 486, 87, 401, 306, 524, 40, 151, 238, 211, 502, 19, 347, 12, 553, 566, 252, 408, 206, 140, 317, 451, 488, 107, 235, 161, 487]",600,30,0.7,,,,,2.0,0.005,,,5.913333333333333,0.4913533519455582,0.995,0.12,6.4,0.0017673126958362166,0.005973329489432846,0.2719298245614035,0.04912280701754386,0.0017543859649122807,0.0,1.869718309859155,4.0,0.0035087719298245615,0.41403508771929826,10.87017543859649,0.2516073216706711,0.5315018653840224,0.004665852832269625,3.684729064039409,0.889480837954142,0.0859649122807017,0.9789473684210528,0.98,0.8897459160070866,30,False,2552.0
3,paper,paper_16,16,28,3892914202,1238964121,"[9, 17, 53, 55, 114, 126, 146, 219, 267, 304, 307, 315, 320, 362, 370, 382, 405, 410, 416, 420, 433, 502, 505, 526, 529, 540, 544, 551, 559, 561]","[120, 213, 491, 294, 333, 501, 555, 40, 249, 130, 154, 347, 4, 157, 517, 525, 39, 408, 237, 286, 379, 315, 356, 235, 168, 511, 521, 578, 232, 167]",600,30,0.7,,,,,2.0,0.005,,,5.913333333333333,0.4913533519455582,0.995,0.12,6.333333333333333,0.0017364747081021006,0.005032403461622495,0.26666666666666666,0.05087719298245614,0.0017543859649122807,0.0,1.8853615520282188,4.0,0.005263157894736842,0.4052631578947368,11.352631578947369,0.24989596000005643,0.5390374001788302,0.005960451726171807,3.6206896551724137,0.8162495251588201,0.087719298245614,0.9771929824561404,0.9783333333333334,0.8914732079720125,30,False,2552.0
3,paper,paper_16,16,29,3892914202,2150826622,"[35, 56, 59, 64, 69, 92, 96, 139, 146, 190, 197, 229, 253, 255, 273, 303, 318, 328, 332, 334, 336, 385, 404, 410, 418, 424, 439, 520, 528, 583]","[481, 475, 52, 25, 423, 513, 448, 314, 555, 307, 115, 243, 121, 350, 218, 575, 12, 59, 359, 583, 196, 201, 97, 408, 263, 114, 507, 465, 547, 293]",600,30,0.7,,,,,2.0,0.005,,,5.913333333333333,0.4913533519455582,0.995,0.12,6.633333333333334,0.0017998189921358296,0.004944747769426282,0.2789473684210526,0.042105263157894736,0.007017543859649123,0.0,1.8783068783068784,4.0,0.005263157894736842,0.4105263157894737,11.529824561403508,0.25502436512538207,0.5214318749421886,0.005594308189392227,3.5954022988505745,0.8346338148043206,0.0807017543859649,0.975438596491228,0.9766666666666668,0.8827855000272393,30,False,2550.0
3,paper,paper_16,16,30,3892914202,547079822,"[22, 61, 68, 70, 74, 83, 84, 89, 156, 183, 191, 194, 197, 205, 207, 223, 281, 282, 341, 350, 354, 386, 390, 392, 417, 434, 482, 491, 530, 559]","[204, 195, 482, 486, 494, 497, 358, 272, 233, 447, 93, 584, 115, 464, 261, 536, 62, 269, 483, 360, 23, 230, 38, 334, 113, 206, 385, 546, 177, 232]",600,30,0.7,,,,,2.0,0.005,,,5.913333333333333,0.4913533519455582,0.995,0.12,6.133333333333334,0.0017386805038407754,0.00561385921463344,0.2596491228070175,0.03684210526315789,0.008771929824561403,0.0,1.9012345679012346,4.0,0.005263157894736842,0.3333333333333333,10.20701754385965,0.2382656297547189,0.5495698825270557,0.006183902669970781,3.767816091954023,0.7821039077968819,0.0982456140350877,0.9824561403508772,0.9833333333333332,0.9171302079921588,30,False,2552.0
3,paper,paper_16,16,31,3892914202,350198250,"[34, 35, 41, 78, 122, 131, 134, 153, 166, 196, 201, 204, 229, 272, 280, 281, 299, 308, 342, 344, 382, 386, 411, 423, 424, 425, 480, 481, 530, 588]","[570, 481, 474, 470, 306, 545, 453, 61, 503, 402, 73, 380, 243, 226, 170, 62, 244, 181, 215, 389, 525, 230, 421, 54, 114, 91, 558, 378, 177, 64]",600,30,0.7,,,,,2.0,0.005,,,5.913333333333333,0.4913533519455582,0.995,0.12,5.666666666666667,0.0016056846682097772,0.004087121107760974,0.256140350877193,0.03508771929824561,0.0035087719298245615,0.0,1.91005291005291,4.0,0.005263157894736842,0.3157894736842105,9.943859649122807,0.23661774326642915,0.5546326272623563,0.004581314561030585,3.852873563218391,0.747310124602736,0.1035087719298245,0.975438596491228,0.9766666666666668,0.8904758340213448,30,False,2552.0
3,paper,paper_16,16,32,3892914202,3785724828,"[8, 58, 66, 89, 151, 174, 176, 218, 223, 239, 280, 285, 361, 362, 366, 378, 380, 407, 424, 426, 430, 432, 455, 480, 484, 493, 509, 580, 585, 590]","[585, 420, 79, 272, 418, 524, 227, 391, 536, 126, 170, 386, 413, 157, 117, 467, 24, 285, 114, 35, 68, 292, 317, 558, 53, 305, 107, 398, 256, 392]",600,30,0.7,,,,,2.0,0.005,,,5.913333333333333,0.4913533519455582,0.995,0.12,5.2,0.0014888702066509782,0.003674213338236519,0.22280701754385965,0.02982456140350877,0.0035087719298245615,0.0,1.9876543209876543,4.0,0.005263157894736842,0.30701754385964913,9.850877192982455,0.2097045088707467,0.6049949125890297,0.004400664131901454,3.8275862068965516,0.7872701406791409,0.0614035087719298,0.2491228070175438,0.2866666666666667,0.954090957995504,30,False,1548.0
3,paper,paper_16,16,33,3892914202,3088415278,"[9, 32, 89, 93, 104, 127, 129, 183, 189, 209, 214, 232, 311, 315, 326, 327, 342, 343, 372, 383, 408, 461, 466, 474, 477, 478, 499, 513, 515, 595]","[120, 267, 272, 48, 153, 5, 412, 447, 344, 522, 83, 151, 289, 347, 271, 329, 215, 405, 37, 36, 476, 498, 310, 246, 424, 414, 1, 552, 588, 32]",600,30,0.7,,,,,2.0,0.005,,,5.913333333333333,0.4913533519455582,0.995,0.12,5.633333333333334,0.0016210527126519448,0.003844179635698203,0.24736842105263157,0.02456140350877193,0.007017543859649123,0.0,1.9594356261022927,4.0,0.005263157894736842,0.3157894736842105,9.715789473684211,0.22648860403612067,0.5677057318163599,0.004230165911333841,3.8689655172413793,0.7645939387944024,0.0649122807017543,0.1736842105263158,0.215,0.9414413330378012,30,True,1512.0
3,paper,paper_16,16,34,3892914202,4006777884,"[23, 25, 62, 66, 75, 157, 160, 177, 188, 195, 196, 218, 230, 242, 244, 280, 283, 295, 387, 394, 395, 414, 463, 465, 474, 512, 515, 547, 559, 563]","[66, 372, 499, 79, 278, 493, 457, 436, 240, 203, 402, 391, 104, 147, 355, 170, 365, 19, 13, 77, 388, 496, 428, 291, 246, 326, 588, 94, 232, 478]",600,30,0.7,,,,,2.0,0.005,,,5.913333333333333,0.4913533519455582,0.995,0.12,5.666666666666667,0.0016189619587329905,0.003902747316745099,0.24035087719298245,0.03684210526315789,0.0,0.0,1.9611992945326278,4.0,0.005263157894736842,0.3140350877192982,9.605263157894736,0.2238108597923125,0.5783985446921346,0.00425959336414403,3.910344827586207,0.8805546934301385,0.0824561403508772,0.9789473684210528,0.98,0.917506375000812,30,False,2552.0
3,paper,paper_16,16,35,3892914202,3392994852,"[10, 42, 48, 58, 110, 140, 155, 164, 198, 233, 246, 325, 326, 337, 369, 373, 415, 419, 428, 436, 459, 465, 468, 470, 476, 506, 510, 521, 583, 584]","[150, 320, 254, 420, 42, 480, 376, 139, 318, 9, 234, 192, 271, 534, 258, 259, 328, 349, 262, 541, 321, 291, 22, 595, 417, 591, 58, 122, 293, 190]",600,30,0.7,,,,,2.0,0.005,,,5.913333333333333,0.4913533519455582,0.995,0.12,5.933333333333334,0.0016670440794152946,0.004429266093240228,0.256140350877193,0.02982456140350877,0.0017543859649122807,0.0,1.9135802469135803,4.0,0.005263157894736842,0.3456140350877193,10.412280701754385,0.23563563106097085,0.5545832947923411,0.003875796279447395,3.8183908045977013,0.8748199856915387,0.0842105263157894,0.9771929824561404,0.9783333333333334,0.92448345804587,30,False,2552.0
3,paper,paper_16,16,36,3892914202,116729692,"[12, 16, 19, 21, 28, 47, 88, 93, 94, 122, 142, 164, 197, 243, 259, 268, 315, 332, 356, 359, 408, 421, 433, 461, 501, 516, 547, 548, 560, 589]","[506, 41, 17, 156, 427, 236, 186, 48, 569, 306, 225, 139, 115, 543, 127, 381, 347, 359, 214, 90, 476, 434, 379, 498, 468, 183, 94, 80, 495, 46]",600,30,0.7,,,,,2.0,0.005,,,5.913333333333333,0.4913533519455582,0.995,0.12,5.766666666666667,0.0016366104801584572,0.003708262670581434,0.24736842105263157,0.031578947368421054,0.007017543859649123,0.0,1.9241622574955908,4.0,0.005263157894736842,0.3105263157894737,10.385964912280702,0.22677123559650228,0.567859895785157,0.006117926235893569,3.7839080459770114,0.7611763471981854,0.0649122807017543,0.9719298245614036,0.9733333333333334,0.9421929160598664,30,False,2552.0
3,paper,paper_16,16,37,3892914202,1847084711,"[40, 44, 48, 69, 70, 89, 96, 106, 213, 226, 242, 254, 255, 292, 299, 306, 314, 329, 374, 383, 408, 420, 439, 440, 485, 525, 537, 577, 579, 583]","[523, 544, 254, 423, 486, 272, 448, 231, 299, 331, 147, 134, 350, 33, 244, 162, 202, 330, 469, 36, 476, 286, 507, 131, 519, 296, 556, 18, 560, 293]",600,30,0.7,,,,,2.0,0.005,,,5.913333333333333,0.4913533519455582,0.995,0.12,4.933333333333334,0.001445479959657069,0.0030044565008644267,0.21578947368421053,0.03333333333333333,0.0,0.0,1.9964726631393297,4.0,0.005263157894736842,0.2824561403508772,9.228070175438596,0.20619946020733493,0.615761724169827,0.004356614011786425,4.025287356321839,0.8246071948264828,0.0824561403508772,0.968421052631579,0.97,0.9034189169760792,30,False,2546.0
3,paper,paper_16,16,38,3892914202,3690266437,"[0, 1, 17, 25, 56, 76, 78, 85, 170, 217, 220, 223, 226, 235, 267, 287, 312, 317, 332, 346, 369, 373, 378, 387, 471, 527, 549, 551, 570, 575]","[11, 96, 213, 372, 475, 92, 470, 65, 297, 222, 452, 536, 331, 165, 249, 459, 528, 532, 359, 357, 258, 259, 467, 13, 85, 416, 188, 578, 565, 319]",600,30,0.7,,,,,2.0,0.005,,,5.913333333333333,0.4913533519455582,0.995,0.12,5.733333333333333,0.0016046314211255002,0.0035131453819069766,0.2543859649122807,0.03684210526315789,0.0035087719298245615,0.0,1.9153439153439153,4.0,0.005263157894736842,0.36140350877192984,10.66842105263158,0.23558759182534098,0.5572102488206456,0.005254991460820435,3.708045977011494,0.8455347554251794,0.0771929824561403,0.980701754385965,0.9816666666666668,0.9028464159928262,30,False,2552.0
3,paper,paper_16,16,39,3892914202,1499650488,"[51, 63, 101, 103, 115, 128, 257, 282, 291, 309, 315, 327, 372, 381, 390, 403, 409, 428, 442, 463, 490, 491, 522, 527, 528, 556, 562, 570, 578, 586]","[239, 530, 277, 383, 573, 579, 300, 269, 533, 599, 347, 329, 37, 548, 38, 29, 74, 262, 275, 428, 445, 546, 409, 416, 547, 298, 444, 565, 592, 324]",600,30,0.7,,,,,2.0,0.005,,,5.913333333333333,0.4913533519455582,0.995,0.12,6.3,0.001746234132654347,0.004743914614817592,0.2789473684210526,0.03684210526315789,0.005263157894736842,0.0,1.8641975308641976,4.0,0.005263157894736842,0.3894736842105263,11.096491228070175,0.25373513387499874,0.5215490395584744,0.005401507406986865,3.593103448275862,0.7667708663515223,0.0964912280701754,0.968421052631579,0.97,0.8896870830794796,30,False,2552.0
3,paper,paper_16,16,40,3892914202,3998899558,"[28, 37, 121, 126, 142, 143, 174, 181, 192, 243, 251, 253, 257, 260, 289, 304, 305, 320, 332, 339, 350, 391, 448, 452, 456, 461, 468, 489, 543, 547]","[427, 527, 219, 501, 225, 504, 524, 20, 31, 543, 502, 121, 300, 574, 30, 130, 362, 4, 359, 352, 360, 520, 169, 100, 229, 498, 22, 374, 161, 94]",600,30,0.7,,,,,2.0,0.005,,,5.913333333333333,0.4913533519455582,0.995,0.12,6.233333333333333,0.0017417307664576796,0.004364519083084076,0.2771929824561403,0.03859649122807018,0.0017543859649122807,0.0,1.8518518518518519,4.0,0.005263157894736842,0.37894736842105264,11.078947368421053,0.2512210877434398,0.5240958283230044,0.0045162295821525025,3.7241379310344827,0.8762627811909005,0.0789473684210526,0.975438596491228,0.9766666666666668,0.9144828749122098,30,False,2552.0
3,paper,paper_16,16,41,3892914202,2389427715,"[21, 57, 87, 106, 108, 123, 141, 158, 173, 189, 197, 224, 225, 246, 247, 282, 291, 318, 360, 391, 393, 441, 449, 513, 516, 535, 539, 557, 583, 593]","[156, 276, 518, 231, 559, 382, 460, 89, 508, 344, 115, 14, 567, 234, 316, 269, 533, 12, 187, 520, 582, 351, 367, 552, 183, 81, 49, 371, 293, 571]",600,30,0.7,,,,,2.0,0.005,,,5.913333333333333,0.4913533519455582,0.995,0.12,6.0,0.0016776919920193985,0.004147182723781269,0.25263157894736843,0.04736842105263158,0.0017543859649122807,0.0,1.91005291005291,4.0,0.005263157894736842,0.36140350877192984,10.74736842105263,0.23864001989593298,0.5596337064101379,0.006958019255179498,3.6620689655172414,0.7926385050216644,0.0859649122807017,0.9842105263157894,0.985,0.9398294579004868,30,False,2552.0
3,paper,paper_16,16,42,3892914202,2324540489,"[16, 41, 84, 146, 160, 180, 184, 216, 239, 241, 247, 260, 261, 294, 298, 299, 341, 371, 376, 390, 411, 418, 444, 452, 482, 504, 530, 540, 548, 599]","[41, 474, 358, 555, 457, 339, 435, 430, 126, 67, 316, 574, 449, 228, 6, 244, 483, 403, 88, 38, 421, 263, 105, 100, 385, 394, 177, 511, 80, 76]",600,30,0.7,,,,,2.0,0.005,,,5.913333333333333,0.4913533519455582,0.995,0.12,6.033333333333333,0.00169964585475357,0.004341121653213815,0.2543859649122807,0.03684210526315789,0.0017543859649122807,0.0,1.9047619047619047,4.0,0.005263157894736842,0.36140350877192984,10.547368421052632,0.23405530810531486,0.5573705793481948,0.004993169832000417,3.7333333333333334,0.7246339227179974,0.075438596491228,0.6877192982456141,0.7033333333333334,0.9227593750692904,30,False,1984.0
3,paper,paper_16,16,43,3892914202,2282084034,"[46, 111, 112, 177, 179, 184, 197, 217, 237, 241, 243, 258, 288, 309, 329, 365, 390, 414, 443, 452, 479, 506, 515, 535, 540, 545, 559, 561, 575, 580]","[562, 266, 568, 436, 366, 435, 115, 222, 238, 67, 543, 69, 47, 599, 330, 51, 38, 496, 410, 100, 492, 591, 588, 81, 511, 377, 232, 167, 319, 398]",600,30,0.7,,,,,2.0,0.005,,,5.913333333333333,0.4913533519455582,0.995,0.12,6.666666666666667,0.0018451073626375256,0.00684489340497656,0.28421052631578947,0.04736842105263158,0.005263157894736842,0.0,1.8606701940035273,4.0,0.005263157894736842,0.4087719298245614,10.929824561403509,0.25508332202851985,0.5147041593438781,0.00566416148550451,3.7655172413793103,0.8105148174202202,0.0982456140350877,0.980701754385965,0.9816666666666668,0.8912317500216886,30,False,2552.0
3,paper,paper_16,16,44,3892914202,3656930853,"[4, 14, 34, 53, 89, 102, 124, 143, 147, 183, 214, 225, 227, 287, 327, 333, 335, 352, 365, 406, 407, 411, 425, 465, 471, 500, 522, 540, 556, 572]","[55, 143, 570, 491, 272, 512, 8, 504, 56, 447, 83, 567, 322, 459, 329, 178, 500, 515, 51, 425, 285, 421, 91, 291, 85, 488, 409, 511, 298, 200]",600,30,0.7,,,,,2.0,0.005,,,5.913333333333333,0.4913533519455582,0.995,0.12,6.366666666666666,0.0017613107635719063,0.004578775995948078,0.28421052631578947,0.03859649122807018,0.0017543859649122807,0.0,1.8571428571428572,4.0,0.005263157894736842,0.3929824561403509,10.917543859649124,0.25860757441096793,0.5139518391761477,0.004566198533050247,3.6528735632183906,0.8171238458018409,0.0736842105263157,0.3964912280701754,0.4266666666666667,0.9330133330076932,30,False,1716.0
3,paper,paper_16,16,45,3892914202,3363010411,"[5, 26, 38, 70, 83, 105, 119, 146, 150, 177, 199, 243, 256, 298, 309, 326, 334, 338, 351, 364, 369, 380, 430, 443, 474, 476, 495, 529, 547, 572]","[118, 368, 197, 486, 497, 124, 442, 555, 375, 436, 510, 543, 479, 6, 599, 271, 583, 152, 280, 566, 258, 24, 68, 410, 246, 417, 341, 168, 94, 200]",600,30,0.7,,,,,2.0,0.005,,,5.913333333333333,0.4913533519455582,0.995,0.12,5.433333333333334,0.001559848161692643,0.0033747070410120924,0.22982456140350876,0.02631578947368421,0.0017543859649122807,0.0,1.9876543209876543,4.0,0.005263157894736842,0.30526315789473685,9.58421052631579,0.2112591630171542,0.5944007646532853,0.003941537152810773,3.901149425287356,0.7776718069723809,0.0701754385964912,0.3368421052631579,0.37,0.9401128329336644,30,False,1650.0
3,paper,paper_16,16,46,3892914202,580632946,"[17, 20, 43, 82, 133, 151, 163, 166, 177, 192, 211, 232, 246, 256, 280, 308, 326, 334, 342, 354, 376, 407, 409, 415, 418, 454, 465, 477, 535, 544]","[213, 337, 70, 136, 182, 418, 411, 503, 436, 31, 198, 151, 234, 479, 170, 181, 271, 583, 215, 23, 88, 285, 74, 328, 263, 44, 291, 424, 81, 521]",600,30,0.7,,,,,2.0,0.005,,,5.913333333333333,0.4913533519455582,0.995,0.12,5.866666666666666,0.0016343381237439436,0.004579885628807396,0.24035087719298245,0.03684210526315789,0.0035087719298245615,0.0,1.9700176366843034,4.0,0.005263157894736842,0.32105263157894737,10.266666666666667,0.22568263083425022,0.5781333826658034,0.004648319852494081,3.7655172413793103,0.7930048484177408,0.075438596491228,0.975438596491228,0.9766666666666668,0.978659207932651,30,False,2552.0
3,paper,paper_16,16,47,3892914202,1037308627,"[3, 56, 57, 82, 93, 170, 172, 173, 179, 193, 220, 227, 229, 278, 320, 345, 347, 354, 393, 403, 407, 409, 433, 448, 454, 461, 494, 503, 541, 575]","[28, 475, 276, 136, 48, 297, 440, 508, 366, 363, 452, 322, 243, 295, 4, 290, 283, 23, 582, 29, 285, 74, 379, 169, 44, 498, 451, 526, 26, 319]",600,30,0.7,,,,,2.0,0.005,,,5.913333333333333,0.4913533519455582,0.995,0.12,4.833333333333333,0.0013952473507648881,0.0027217017522668083,0.22280701754385965,0.021052631578947368,0.0,0.0,2.022887323943662,4.0,0.0035087719298245615,0.2964912280701754,9.324561403508772,0.2065585877966852,0.6050627447353004,0.0027797107107451935,3.896551724137931,0.817123845801841,0.0789473684210526,0.9736842105263158,0.975,0.9210779999848456,30,False,2552.0
3,paper,paper_16,16,48,3892914202,1278295610,"[10, 18, 57, 98, 102, 128, 138, 143, 148, 209, 228, 249, 260, 270, 313, 318, 320, 327, 369, 398, 420, 437, 459, 475, 493, 543, 550, 576, 582, 587]","[150, 594, 276, 87, 512, 579, 264, 504, 593, 522, 209, 221, 574, 540, 590, 12, 4, 329, 258, 437, 286, 149, 321, 116, 305, 161, 487, 84, 255, 505]",600,30,0.7,,,,,2.0,0.005,,,5.913333333333333,0.4913533519455582,0.995,0.12,6.0,0.0016593289399931264,0.0039023356157939413,0.24035087719298245,0.042105263157894736,0.005263157894736842,0.0,1.9576719576719577,4.0,0.005263157894736842,0.387719298245614,11.314035087719299,0.22694994894148557,0.5780717170782844,0.006585387792284344,3.6206896551724137,0.7688858510336404,0.0929824561403508,0.980701754385965,0.9816666666666668,0.8967444589361548,30,False,2552.0
3,paper,paper_16,16,49,3892914202,2943361812,"[58, 59, 85, 134, 142, 161, 209, 213, 261, 309, 343, 373, 377, 386, 395, 398, 402, 409, 416, 457, 460, 475, 479, 489, 496, 515, 553, 560, 564, 568]","[420, 52, 65, 453, 225, 208, 522, 299, 449, 599, 405, 259, 471, 230, 388, 437, 431, 74, 237, 472, 287, 116, 492, 374, 395, 588, 112, 495, 432, 217]",600,30,0.7,,,,,2.0,0.005,,,5.913333333333333,0.4913533519455582,0.995,0.12,6.333333333333333,0.0017784830933841608,0.004981717520913313,0.2614035087719298,0.04736842105263158,0.008771929824561403,0.0,1.8835978835978835,4.0,0.005263157894736842,0.3894736842105263,10.942105263157895,0.24429627332386025,0.5468997625874881,0.007368784559791997,3.636781609195402,0.8662361612130628,0.0824561403508772,0.2789473684210526,0.315,0.9823542080121116,30,False,1592.0
3,paper,paper_17,17,0,3337998070,1803957562,"[9, 38, 50, 60, 64, 104, 110, 155, 157, 181, 194, 238, 242, 269, 320, 322, 331, 353, 383, 386, 482, 486, 498, 541, 552, 567, 578, 582, 595, 599]","[15, 553, 253, 449, 149, 74, 104, 319, 471, 564, 179, 127, 546, 155, 270, 154, 228, 171, 301, 213, 352, 214, 431, 345, 203, 201, 308, 190, 81, 192]",600,30,0.7,,,,,2.0,0.005,,,3.9783333333333335,0.5712081803417232,0.9883333333333333,0.10333333333333333,3.533333333333333,0.0015218229985282379,0.0034805247307547046,0.15263157894736842,0.01929824561403509,0.0035087719298245615,0.0,2.462897526501767,5.0,0.007017543859649123,0.10877192982456141,4.0508771929824565,0.1530434080553928,0.7182869299787253,0.0052454761075450725,4.7172413793103445,0.7338457849390743,0.0736842105263157,0.2052631578947368,0.245,0.9481909999158232,30,False,1236.0
3,paper,paper_17,17,1,3337998070,2187264214,"[4, 41, 61, 116, 124, 148, 155, 162, 180, 217, 228, 234, 246, 259, 274, 347, 368, 375, 380, 406, 478, 491, 506, 515, 536, 541, 544, 563, 581, 586]","[513, 523, 560, 361, 206, 68, 319, 585, 51, 96, 268, 467, 67, 459, 54, 329, 448, 595, 435, 350, 45, 212, 498, 195, 22, 345, 559, 210, 40, 312]",600,30,0.7,,,,,2.0,0.005,,,3.9783333333333335,0.5712081803417232,0.9883333333333333,0.10333333333333333,4.9,0.002011307930588467,0.01150373969215906,0.21929824561403508,0.02280701754385965,0.0017543859649122807,0.0,2.1590106007067136,5.0,0.007017543859649123,0.13157894736842105,4.510526315789473,0.19668779751622692,0.6119261246261524,0.0035958416992899755,4.87816091954023,0.8189799053283348,0.087719298245614,0.243859649122807,0.2816666666666667,0.8820116670103744,28,True,1270.0
3,paper,paper_17,17,2,3337998070,802549429,"[3, 18, 20, 25, 52, 77, 87, 142, 149, 182, 184, 187, 208, 230, 235, 291, 341, 382, 396, 416, 417, 426, 433, 472, 494, 496, 551, 563, 596, 598]","[336, 363, 437, 349, 267, 500, 400, 5, 368, 446, 569, 32, 156, 16, 42, 158, 121, 581, 148, 264, 527, 347, 583, 12, 234, 518, 495, 210, 387, 587]",600,30,0.7,,,,,2.0,0.005,,,3.9783333333333335,0.5712081803417232,0.9883333333333333,0.10333333333333333,4.566666666666666,0.0018712850268161518,0.010932388503776352,0.20350877192982456,0.021052631578947368,0.005263157894736842,0.0,2.265017667844523,5.0,0.007017543859649123,0.1280701754385965,4.5,0.1833564711061589,0.6365183609286837,0.004787401398914191,4.514942528735633,0.8189799053283348,0.0771929824561403,0.1719298245614035,0.2133333333333333,0.9396616669837384,30,True,1220.0
3,paper,paper_17,17,3,3337998070,3168970953,"[86, 112, 115, 121, 146, 152, 190, 195, 206, 213, 226, 227, 282, 310, 321, 328, 359, 361, 394, 411, 435, 440, 447, 465, 495, 513, 527, 569, 575, 598]","[100, 109, 406, 53, 50, 168, 597, 358, 307, 566, 579, 300, 65, 60, 439, 344, 483, 178, 73, 346, 364, 147, 416, 255, 10, 376, 286, 496, 508, 587]",600,30,0.7,,,,,2.0,0.005,,,3.9783333333333335,0.5712081803417232,0.9883333333333333,0.10333333333333333,3.566666666666667,0.0015236933222346567,0.0070192266110902036,0.17192982456140352,0.008771929824561403,0.0,0.0,2.302120141342756,5.0,0.007017543859649123,0.08596491228070176,4.003508771929824,0.16409354859090405,0.6862948231739278,0.0012205801860974274,4.901149425287357,0.8123875314810816,0.0631578947368421,0.2070175438596491,0.2466666666666666,0.9347182919736952,30,False,1256.0
3,paper,paper_17,17,4,3337998070,2086182554,"[4, 15, 21, 55, 83, 99, 104, 126, 153, 259, 265, 266, 277, 290, 312, 319, 323, 326, 328, 369, 378, 404, 423, 472, 506, 525, 549, 560, 565, 586]","[513, 399, 542, 394, 252, 66, 74, 318, 537, 459, 370, 216, 113, 383, 137, 391, 250, 420, 344, 340, 521, 311, 123, 12, 498, 334, 332, 249, 202, 312]",600,30,0.7,,,,,2.0,0.005,,,3.9783333333333335,0.5712081803417232,0.9883333333333333,0.10333333333333333,3.8666666666666667,0.001596488496925832,0.007347560447038365,0.17017543859649123,0.021052631578947368,0.0017543859649122807,0.0,2.3286219081272086,5.0,0.007017543859649123,0.12631578947368421,4.385964912280702,0.16586938709690485,0.6891314401997966,0.004109909885771954,4.703448275862069,0.8336348964046394,0.0684210526315789,0.1122807017543859,0.1566666666666666,0.9485355000942944,30,True,1180.0
3,paper,paper_17,17,5,3337998070,3515322165,"[8, 23, 26, 31, 39, 60, 73, 90, 137, 154, 156, 187, 230, 249, 257, 278, 291, 298, 307, 381, 408, 418, 463, 477, 509, 525, 549, 570, 585, 588]","[371, 259, 11, 305, 526, 449, 133, 491, 199, 485, 283, 32, 16, 235, 360, 503, 158, 479, 227, 186, 145, 514, 260, 102, 240, 334, 332, 64, 426, 536]",600,30,0.7,,,,,2.0,0.005,,,3.9783333333333335,0.5712081803417232,0.9883333333333333,0.10333333333333333,3.6666666666666665,0.001556888810507798,0.004788830089490865,0.156140350877193,0.021052631578947368,0.0035087719298245615,0.0,2.4038800705467374,5.0,0.005263157894736842,0.1,4.0508771929824565,0.15134309693678819,0.7125828631332285,0.006619312998623343,4.736453201970443,0.8953357532472419,0.0736842105263157,0.2350877192982456,0.2733333333333333,0.9469333750894292,30,False,1240.0
3,paper,paper_17,17,6,3337998070,3535331398,"[14, 36, 40, 82, 89, 108, 130, 165, 170, 244, 259, 282, 286, 316, 320, 326, 377, 378, 417, 421, 500, 504, 505, 512, 516, 523, 575, 585, 589, 592]","[378, 430, 150, 443, 453, 565, 91, 49, 180, 418, 459, 65, 31, 417, 270, 420, 442, 521, 527, 182, 468, 14, 330, 438, 172, 415, 508, 426, 582, 422]",600,30,0.7,,,,,2.0,0.005,,,3.9783333333333335,0.5712081803417232,0.9883333333333333,0.10333333333333333,4.133333333333334,0.0017232592858718457,0.005029043104805945,0.17894736842105263,0.015789473684210527,0.005263157894736842,0.0,2.277385159010601,5.0,0.007017543859649123,0.11052631578947368,4.17719298245614,0.1711863850999991,0.6747510251903925,0.005270106649416994,4.5471264367816095,0.8123875314810816,0.0736842105263157,0.1456140350877193,0.1883333333333333,0.9381617499748244,30,False,1182.0
3,paper,paper_17,17,7,3337998070,848963953,"[30, 52, 63, 73, 75, 97, 139, 146, 186, 202, 208, 238, 259, 280, 286, 289, 296, 302, 304, 308, 395, 411, 475, 503, 518, 527, 546, 552, 557, 563]","[533, 267, 136, 133, 573, 116, 76, 50, 118, 281, 156, 127, 459, 561, 31, 220, 441, 567, 532, 43, 299, 346, 189, 236, 89, 286, 524, 203, 382, 210]",600,30,0.7,,,,,2.0,0.005,,,3.9783333333333335,0.5712081803417232,0.9883333333333333,0.10333333333333333,4.533333333333333,0.001852941642843656,0.01145791058250492,0.19473684210526315,0.028070175438596492,0.0017543859649122807,0.0,2.277385159010601,5.0,0.007017543859649123,0.13859649122807016,4.712280701754386,0.18114349633309282,0.649831961274011,0.0030383784281906375,4.563218390804598,0.7280553222896844,0.0736842105263157,0.1719298245614035,0.2133333333333333,0.9363802500301972,30,False,1208.0
3,paper,paper_17,17,8,3337998070,1410658021,"[70, 80, 95, 99, 105, 118, 152, 158, 159, 171, 204, 226, 230, 259, 323, 359, 363, 376, 392, 393, 399, 407, 415, 437, 442, 464, 483, 561, 585, 588]","[56, 183, 445, 66, 320, 531, 168, 339, 341, 369, 392, 579, 16, 459, 250, 483, 321, 165, 539, 251, 174, 111, 82, 338, 599, 47, 232, 101, 426, 536]",600,30,0.7,,,,,2.0,0.005,,,3.9783333333333335,0.5712081803417232,0.9883333333333333,0.10333333333333333,3.6666666666666665,0.0015511724657519222,0.005501871282022838,0.1736842105263158,0.017543859649122806,0.0017543859649122807,0.0,2.2998236331569664,5.0,0.005263157894736842,0.0824561403508772,4.094736842105263,0.16562687785896288,0.6834643727068109,0.004844778465468121,4.684729064039409,0.7785264134092902,0.0859649122807017,0.2035087719298245,0.2433333333333333,0.9526615419890732,30,False,1210.0
3,paper,paper_17,17,9,3337998070,4279640778,"[32, 53, 72, 77, 92, 116, 159, 178, 194, 211, 261, 267, 272, 273, 275, 285, 292, 307, 325, 336, 360, 376, 395, 452, 473, 479, 496, 513, 525, 596]","[474, 556, 176, 500, 159, 361, 341, 167, 179, 327, 424, 411, 71, 175, 596, 545, 590, 227, 457, 290, 444, 165, 299, 478, 130, 288, 518, 376, 334, 387]",600,30,0.7,,,,,2.0,0.005,,,3.9783333333333335,0.5712081803417232,0.9883333333333333,0.10333333333333333,3.466666666666667,0.001515166349341456,0.004743813851051933,0.15964912280701754,0.012280701754385965,0.0,0.0,2.3586572438162543,5.0,0.007017543859649123,0.08771929824561403,3.7824561403508774,0.1561381663217148,0.7065951345851448,0.002507836990595611,4.949425287356322,0.8768998493861012,0.0771929824561403,0.2122807017543859,0.2516666666666666,0.8054165829671547,25,True,1258.0
3,paper,paper_17,17,10,3337998070,1398318414,"[34, 60, 94, 120, 140, 225, 230, 241, 257, 273, 275, 282, 292, 306, 310, 337, 352, 353, 355, 386, 403, 410, 416, 420, 465, 469, 471, 480, 539, 570]","[48, 449, 456, 331, 408, 447, 16, 386, 360, 175, 596, 65, 590, 37, 60, 86, 388, 171, 256, 213, 278, 0, 264, 427, 255, 529, 231, 501, 511, 64]",600,30,0.7,,,,,2.0,0.005,,,3.9783333333333335,0.5712081803417232,0.9883333333333333,0.10333333333333333,3.7666666666666666,0.0016232001773073851,0.006937159606470561,0.17894736842105263,0.014035087719298246,0.0017543859649122807,0.0,2.306878306878307,5.0,0.005263157894736842,0.11052631578947368,4.147368421052631,0.1702912501878695,0.6747756914254001,0.0022579910510944993,4.859605911330049,0.8344051195389854,0.0736842105263157,0.1807017543859649,0.2216666666666666,0.9759049999993294,30,False,1226.0
3,paper,paper_17,17,11,3337998070,2302435579,"[49, 50, 63, 69, 89, 91, 123, 147, 171, 178, 206, 213, 228, 237, 274, 292, 304, 319, 340, 370, 380, 408, 412, 425, 444, 484, 491, 538, 544, 553]","[372, 253, 136, 575, 453, 187, 484, 257, 369, 167, 307, 566, 268, 477, 54, 590, 532, 391, 18, 398, 435, 145, 193, 516, 207, 277, 212, 525, 559, 266]",600,30,0.7,,,,,2.0,0.005,,,3.9783333333333335,0.5712081803417232,0.9883333333333333,0.10333333333333333,3.1,0.0013675054558313405,0.00326643519760295,0.14912280701754385,0.008771929824561403,0.0017543859649122807,0.0,2.3915343915343916,5.0,0.005263157894736842,0.06315789473684211,3.7824561403508774,0.14535250548775466,0.7243856565843431,0.002125524539317643,4.810344827586207,0.8710776986731941,0.0561403508771929,0.1473684210526315,0.19,0.9597620830172672,30,False,1184.0
3,paper,paper_17,17,12,3337998070,3994891474,"[2, 12, 16, 46, 95, 109, 116, 130, 144, 145, 151, 163, 173, 192, 218, 225, 303, 333, 351, 365, 371, 377, 450, 468, 488, 537, 542, 557, 579, 590]","[520, 429, 598, 122, 445, 381, 361, 91, 160, 362, 99, 254, 309, 507, 303, 447, 77, 314, 144, 112, 79, 442, 530, 33, 317, 384, 272, 382, 62, 380]",600,30,0.7,,,,,2.0,0.005,,,3.9783333333333335,0.5712081803417232,0.9883333333333333,0.10333333333333333,3.433333333333333,0.0014807053189754605,0.004061679139569491,0.156140350877193,0.007017543859649123,0.0035087719298245615,0.0,2.4363957597173145,5.0,0.007017543859649123,0.056140350877192984,3.4719298245614034,0.15181536162008705,0.7124903647519502,0.0038204707170224404,4.935632183908046,0.87485861145803,0.0596491228070175,0.1456140350877193,0.1883333333333333,0.9809469169704244,30,False,1190.0
3,paper,paper_17,17,13,3337998070,2823353722,"[35, 55, 65, 83, 96, 103, 117, 145, 148, 169, 241, 254, 266, 279, 297, 308, 362, 367, 370, 383, 399, 403, 425, 439, 445, 469, 504, 506, 531, 552]","[215, 394, 279, 252, 237, 401, 413, 362, 68, 574, 386, 563, 216, 170, 124, 43, 522, 549, 398, 301, 174, 278, 516, 289, 375, 529, 14, 498, 294, 203]",600,30,0.7,,,,,2.0,0.005,,,3.9783333333333335,0.5712081803417232,0.9883333333333333,0.10333333333333333,3.6,0.0015478010021428962,0.004694650664214109,0.17192982456140352,0.008771929824561403,0.0017543859649122807,0.0,2.3674911660777385,6.0,0.007017543859649123,0.12280701754385964,4.1912280701754385,0.163394321251587,0.6862763234976721,0.0021893814997263274,4.675862068965517,0.7823073261941264,0.0631578947368421,0.1701754385964912,0.2116666666666666,0.7689491669880226,24,True,1216.0
3,paper,paper_17,17,14,3337998070,3569501430,"[2, 6, 24, 32, 82, 83, 85, 90, 138, 157, 158, 173, 178, 215, 224, 267, 320, 337, 341, 343, 348, 371, 399, 464, 479, 492, 498, 513, 542, 592]","[520, 403, 263, 474, 443, 252, 98, 491, 292, 471, 339, 309, 167, 204, 458, 411, 270, 86, 121, 208, 269, 79, 174, 47, 288, 504, 431, 376, 272, 422]",600,30,0.7,,,,,2.0,0.005,,,3.9783333333333335,0.5712081803417232,0.9883333333333333,0.10333333333333333,3.7,0.0016023016420953435,0.00686657742742876,0.18070175438596492,0.010526315789473684,0.0017543859649122807,0.0,2.26678445229682,5.0,0.007017543859649123,0.10701754385964912,4.34561403508772,0.17256464541924002,0.6718157432244936,0.0031801595594699037,4.733333333333333,0.8402272702518928,0.0596491228070175,0.1140350877192982,0.1583333333333333,0.9332483750768006,30,False,1170.0
3,paper,paper_17,17,15,3337998070,675377351,"[7, 18, 45, 82, 120, 150, 151, 192, 194, 228, 243, 255, 265, 276, 292, 300, 326, 369, 381, 418, 446, 480, 553, 554, 558, 560, 577, 581, 589, 597]","[402, 363, 142, 443, 331, 509, 99, 507, 179, 268, 419, 34, 370, 39, 590, 128, 420, 340, 186, 514, 356, 501, 266, 576, 502, 249, 548, 40, 582, 452]",600,30,0.7,,,,,2.0,0.005,,,3.9783333333333335,0.5712081803417232,0.9883333333333333,0.10333333333333333,4.1,0.0017112680301663594,0.0064408854617292715,0.16842105263157894,0.021052631578947368,0.0017543859649122807,0.0,2.3374558303886928,5.0,0.007017543859649123,0.11052631578947368,4.589473684210526,0.16548163060231555,0.6919187247556501,0.004317725697036041,4.402298850574713,0.8065653807681742,0.0666666666666666,0.1421052631578947,0.185,0.9420205419883132,30,False,1176.0
3,paper,paper_17,17,16,3337998070,3666308310,"[1, 11, 22, 90, 116, 118, 123, 130, 138, 147, 170, 173, 181, 209, 221, 342, 344, 356, 358, 365, 371, 372, 373, 392, 400, 403, 537, 549, 559, 561]","[41, 412, 95, 491, 361, 531, 484, 91, 292, 257, 180, 309, 564, 284, 107, 163, 487, 436, 551, 112, 79, 571, 351, 539, 194, 278, 384, 332, 17, 101]",600,30,0.7,,,,,2.0,0.005,,,3.9783333333333335,0.5712081803417232,0.9883333333333333,0.10333333333333333,3.8,0.0016169952322322187,0.005596379676526615,0.1736842105263158,0.01929824561403509,0.0,0.0,2.4126984126984126,5.0,0.005263157894736842,0.08421052631578947,3.5052631578947366,0.16744793023218496,0.6833842074430364,0.0036789328168638515,4.741379310344827,0.8189799053283348,0.075438596491228,0.1526315789473684,0.195,1.0174509999342265,30,False,1194.0
3,paper,paper_17,17,17,3337998070,3879334431,"[18, 28, 79, 96, 135, 153, 161, 198, 205, 229, 256, 268, 279, 288, 318, 338, 380, 387, 395, 396, 404, 416, 460, 494, 520, 525, 565, 572, 578, 597]","[363, 354, 164, 237, 379, 537, 4, 385, 126, 222, 209, 131, 170, 555, 396, 125, 435, 198, 299, 148, 311, 264, 462, 234, 494, 334, 202, 480, 308, 452]",600,30,0.7,,,,,2.0,0.005,,,3.9783333333333335,0.5712081803417232,0.9883333333333333,0.10333333333333333,4.266666666666667,0.0018046624723390672,0.006783968222399347,0.19649122807017544,0.014035087719298246,0.0,0.0,2.282685512367491,5.0,0.007017543859649123,0.1280701754385965,4.245614035087719,0.1843889833611799,0.6464588536367281,0.0024283889801131175,4.68735632183908,0.824802056041242,0.0736842105263157,0.1421052631578947,0.185,0.9483342920430003,30,False,1202.0
3,paper,paper_17,17,18,3337998070,3247925061,"[7, 66, 125, 127, 151, 156, 161, 202, 203, 229, 239, 243, 246, 252, 257, 272, 340, 360, 367, 387, 389, 420, 463, 490, 495, 504, 512, 541, 563, 567]","[402, 224, 141, 584, 99, 283, 4, 281, 482, 222, 425, 419, 67, 23, 360, 71, 18, 444, 549, 198, 373, 427, 260, 409, 10, 14, 438, 345, 210, 201]",600,30,0.7,,,,,2.0,0.005,,,3.9783333333333335,0.5712081803417232,0.9883333333333333,0.10333333333333333,5.066666666666666,0.002046060924980852,0.015078170378985406,0.22631578947368422,0.015789473684210527,0.0035087719298245615,0.0,2.1696113074204946,5.0,0.007017543859649123,0.15964912280701754,5.485964912280702,0.20316609030972027,0.6004501587888879,0.001728572447298874,4.319540229885058,0.8073356039025203,0.0631578947368421,0.156140350877193,0.1983333333333333,0.9413100000238046,30,False,1216.0
3,paper,paper_17,17,19,3337998070,1055551084,"[17, 25, 28, 103, 111, 118, 133, 148, 164, 166, 190, 192, 234, 288, 304, 331, 333, 363, 369, 419, 443, 447, 455, 462, 480, 493, 522, 524, 579, 582]","[265, 349, 354, 401, 129, 531, 306, 68, 157, 110, 597, 507, 467, 555, 532, 228, 314, 321, 340, 428, 366, 416, 3, 271, 501, 152, 407, 106, 62, 190]",600,30,0.7,,,,,2.0,0.005,,,3.9783333333333335,0.5712081803417232,0.9883333333333333,0.10333333333333333,4.7,0.001908107346957551,0.008984203259993223,0.21929824561403508,0.017543859649122806,0.0017543859649122807,0.0,2.139575971731449,5.0,0.007017543859649123,0.1280701754385965,4.791228070175438,0.2020848655273491,0.610674313199519,0.0036428789332600586,4.544827586206897,0.8460494209648,0.0649122807017543,0.1684210526315789,0.21,0.93880370806437,30,False,1208.0
3,paper,paper_17,17,20,3337998070,815427608,"[17, 27, 43, 49, 53, 104, 110, 146, 177, 337, 341, 350, 371, 396, 400, 407, 408, 415, 427, 448, 495, 498, 502, 517, 518, 534, 585, 586, 588, 596]","[265, 287, 297, 372, 556, 74, 104, 50, 262, 86, 121, 166, 79, 148, 194, 111, 145, 82, 580, 476, 10, 431, 24, 108, 89, 243, 426, 312, 536, 387]",600,30,0.7,,,,,2.0,0.005,,,3.9783333333333335,0.5712081803417232,0.9883333333333333,0.10333333333333333,3.7666666666666666,0.0016273287892339865,0.005211424065511633,0.17192982456140352,0.021052631578947368,0.0017543859649122807,0.0,2.3462897526501765,5.0,0.007017543859649123,0.09473684210526316,4.13859649122807,0.16731602064699622,0.686226991027657,0.004526546250684181,4.7011494252873565,0.8073356039025203,0.0824561403508772,0.1596491228070175,0.2016666666666666,0.9294397910125554,29,True,1226.0
3,paper,paper_17,17,21,3337998070,2728763343,"[4, 15, 18, 42, 58, 77, 98, 103, 107, 112, 135, 160, 183, 194, 209, 232, 270, 323, 327, 330, 371, 400, 409, 480, 497, 498, 523, 528, 552, 559]","[513, 399, 363, 225, 322, 500, 510, 401, 35, 109, 379, 92, 146, 179, 284, 211, 223, 250, 261, 233, 79, 194, 550, 501, 72, 431, 415, 433, 203, 17]",600,30,0.7,,,,,2.0,0.005,,,3.9783333333333335,0.5712081803417232,0.9883333333333333,0.10333333333333333,3.466666666666667,0.0014785006820874573,0.004212677877201374,0.16666666666666666,0.012280701754385965,0.0,0.0,2.3586572438162543,5.0,0.007017543859649123,0.07368421052631578,3.73859649122807,0.1623948854455493,0.6948540067215491,0.0023335157817916436,4.724137931034483,0.793951627619941,0.0771929824561403,0.1964912280701754,0.2366666666666666,0.9624788329238072,29,True,1248.0
3,paper,paper_17,17,22,3337998070,4279862072,"[15, 27, 36, 40, 61, 131, 167, 225, 234, 249, 254, 299, 322, 324, 427, 434, 446, 448, 457, 460, 477, 482, 485, 495, 502, 504, 555, 556, 559, 560]","[399, 287, 430, 150, 560, 534, 143, 447, 467, 235, 563, 323, 154, 229, 580, 221, 356, 476, 544, 462, 102, 352, 293, 10, 24, 14, 162, 390, 17, 249]",600,30,0.7,,,,,2.0,0.005,,,3.9783333333333335,0.5712081803417232,0.9883333333333333,0.10333333333333333,4.566666666666666,0.0018996258380532703,0.008879289994190992,0.19473684210526315,0.015789473684210527,0.0017543859649122807,0.0,2.2402826855123674,5.0,0.007017543859649123,0.13333333333333333,4.412280701754386,0.18255937606006561,0.6493016372213486,0.003968113623286036,4.583908045977012,0.7823073261941264,0.0929824561403508,0.1964912280701754,0.2366666666666666,0.8765717080095783,27,True,1230.0
3,paper,paper_17,17,23,3337998070,210159912,"[33, 36, 54, 83, 124, 138, 141, 167, 194, 197, 205, 230, 248, 285, 289, 308, 376, 387, 400, 413, 422, 440, 448, 459, 485, 486, 507, 514, 545, 581]","[423, 430, 21, 252, 206, 292, 242, 143, 179, 310, 126, 16, 2, 545, 220, 43, 165, 198, 194, 481, 316, 147, 476, 52, 293, 214, 248, 472, 28, 40]",600,30,0.7,,,,,2.0,0.005,,,3.9783333333333335,0.5712081803417232,0.9883333333333333,0.10333333333333333,3.466666666666667,0.001507102812967755,0.0041681680426373146,0.15789473684210525,0.010526315789473684,0.0,0.0,2.4452296819787986,5.0,0.007017543859649123,0.08070175438596491,3.543859649122807,0.15211629956996997,0.7096660808435853,0.0020908593322386424,4.896551724137931,0.8402272702518928,0.0789473684210526,0.1614035087719298,0.2033333333333333,0.9580607500392944,30,False,1184.0
3,paper,paper_17,17,24,3337998070,1396233042,"[20, 24, 59, 91, 98, 100, 112, 117, 139, 169, 188, 214, 230, 231, 254, 255, 284, 306, 321, 405, 420, 437, 444, 457, 483, 516, 560, 571, 575, 593]","[437, 263, 219, 187, 510, 276, 109, 413, 76, 574, 475, 570, 16, 90, 563, 34, 298, 37, 439, 324, 427, 338, 207, 544, 232, 172, 249, 535, 508, 238]",600,30,0.7,,,,,2.0,0.005,,,3.9783333333333335,0.5712081803417232,0.9883333333333333,0.10333333333333333,4.1,0.0017207309034798174,0.007781701422607912,0.1912280701754386,0.010526315789473684,0.0017543859649122807,0.0,2.2491166077738516,5.0,0.007017543859649123,0.1368421052631579,4.692982456140351,0.18006832512547677,0.6548392069805445,0.003169761273209549,4.55632183908046,0.7661118888491298,0.0859649122807017,0.2157894736842105,0.255,0.9442315000342204,30,False,1240.0
3,paper,paper_17,17,25,3337998070,4194570399,"[19, 44, 57, 93, 107, 109, 128, 166, 189, 199, 217, 223, 230, 246, 277, 367, 397, 398, 400, 409, 411, 426, 443, 452, 457, 461, 495, 543, 563, 582]","[7, 134, 473, 119, 35, 381, 44, 110, 493, 26, 96, 87, 16, 67, 113, 549, 273, 562, 194, 550, 346, 347, 366, 478, 544, 226, 10, 492, 210, 190]",600,30,0.7,,,,,2.0,0.005,,,3.9783333333333335,0.5712081803417232,0.9883333333333333,0.10333333333333333,4.733333333333333,0.0019345736576432094,0.010949574733705121,0.20701754385964913,0.031578947368421054,0.0035087719298245615,0.0,2.2310405643738975,5.0,0.005263157894736842,0.12105263157894737,4.187719298245614,0.19025545645566244,0.6309622914932322,0.004514611228607172,4.6182266009852215,0.8336348964046394,0.0964912280701754,0.2421052631578947,0.28,0.9416537499055266,30,False,1242.0
3,paper,paper_17,17,26,3337998070,3793321677,"[33, 125, 156, 168, 172, 181, 186, 192, 217, 250, 263, 291, 294, 321, 352, 369, 376, 378, 387, 395, 401, 414, 424, 470, 475, 528, 554, 563, 576, 592]","[423, 141, 283, 244, 450, 564, 118, 507, 96, 593, 218, 158, 58, 439, 388, 340, 165, 521, 198, 299, 84, 515, 577, 343, 189, 433, 576, 210, 506, 422]",600,30,0.7,,,,,2.0,0.005,,,3.9783333333333335,0.5712081803417232,0.9883333333333333,0.10333333333333333,4.733333333333333,0.0019150576060319982,0.011903614515737166,0.21052631578947367,0.02982456140350877,0.0017543859649122807,0.0,2.2031802120141344,5.0,0.007017543859649123,0.1456140350877193,4.661403508771929,0.19363608696491943,0.6253075571177504,0.0038811872711467035,4.554022988505747,0.7140140955042706,0.0789473684210526,0.1596491228070175,0.2016666666666666,0.7208221249748021,23,True,1220.0
3,paper,paper_17,17,27,3337998070,1914274058,"[42, 43, 52, 75, 120, 138, 155, 165, 167, 173, 242, 328, 349, 351, 358, 374, 389, 410, 428, 439, 443, 444, 460, 472, 511, 524, 526, 548, 572, 584]","[225, 297, 267, 573, 331, 292, 319, 49, 143, 309, 546, 344, 205, 144, 551, 586, 373, 0, 246, 289, 366, 207, 462, 12, 282, 106, 404, 541, 480, 335]",600,30,0.7,,,,,2.0,0.005,,,3.9783333333333335,0.5712081803417232,0.9883333333333333,0.10333333333333333,5.366666666666666,0.0021384182585187494,0.011776481796031812,0.22807017543859648,0.02631578947368421,0.0035087719298245615,0.0,2.146643109540636,5.0,0.007017543859649123,0.18771929824561404,5.791228070175438,0.212267983415463,0.596959886535319,0.005191313457033538,4.147126436781609,0.8424677367680367,0.0649122807017543,0.2175438596491228,0.2566666666666666,0.9572504160460084,30,False,1256.0
3,paper,paper_17,17,28,3337998070,766333214,"[14, 56, 81, 100, 118, 140, 158, 170, 175, 188, 239, 278, 282, 298, 299, 311, 328, 332, 333, 342, 348, 353, 357, 376, 403, 434, 490, 543, 557, 597]","[378, 367, 135, 276, 531, 408, 339, 180, 337, 475, 425, 503, 65, 479, 323, 348, 344, 27, 314, 163, 269, 171, 543, 165, 278, 221, 409, 492, 382, 452]",600,30,0.7,,,,,2.0,0.005,,,3.9783333333333335,0.5712081803417232,0.9883333333333333,0.10333333333333333,4.433333333333334,0.0018592061611074772,0.008288105436938436,0.18947368421052632,0.01929824561403509,0.0,0.0,2.293286219081272,5.0,0.007017543859649123,0.13333333333333333,4.470175438596491,0.1803719070665141,0.6576696574476614,0.003134547444892272,4.487356321839081,0.7919103896918698,0.1052631578947368,0.2596491228070175,0.2966666666666667,0.9361890000291168,30,False,1272.0
3,paper,paper_17,17,29,3337998070,51178420,"[13, 14, 17, 40, 55, 65, 89, 99, 165, 177, 179, 195, 209, 221, 246, 254, 283, 379, 397, 406, 408, 424, 435, 449, 466, 508, 568, 577, 592, 597]","[421, 378, 265, 150, 394, 279, 453, 66, 49, 262, 70, 358, 284, 107, 67, 563, 432, 245, 273, 350, 145, 577, 364, 80, 588, 29, 469, 548, 422, 452]",600,30,0.7,,,,,2.0,0.005,,,3.9783333333333335,0.5712081803417232,0.9883333333333333,0.10333333333333333,4.3,0.0017954590123652947,0.00690671552849066,0.1824561403508772,0.017543859649122806,0.0017543859649122807,0.0,2.277385159010601,5.0,0.007017543859649123,0.11578947368421053,4.489473684210527,0.17364001857662958,0.6690592914623994,0.00404488232074439,4.645977011494253,0.8086066186962454,0.0719298245614035,0.2368421052631578,0.275,0.798182790982537,25,True,1246.0
3,paper,paper_17,17,30,3337998070,3310863667,"[4, 34, 67, 137, 169, 198, 255, 303, 311, 320, 325, 345, 349, 378, 382, 383, 392, 447, 455, 462, 473, 481, 515, 518, 522, 533, 563, 567, 583, 589]","[513, 48, 57, 199, 574, 385, 34, 77, 348, 270, 457, 355, 205, 521, 581, 301, 539, 416, 3, 271, 130, 185, 195, 89, 407, 302, 210, 201, 365, 582]",600,30,0.7,,,,,2.0,0.005,,,3.9783333333333335,0.5712081803417232,0.9883333333333333,0.10333333333333333,4.966666666666667,0.001996094274452248,0.013157299420424073,0.21929824561403508,0.02631578947368421,0.0017543859649122807,0.0,2.174911660777385,5.0,0.007017543859649123,0.16666666666666666,4.870175438596491,0.19827877545498412,0.6115992970123023,0.00426953088171091,4.558620689655172,0.8116173083467355,0.0719298245614035,0.2245614035087719,0.2633333333333333,0.8494845000095665,26,True,1274.0
3,paper,paper_17,17,31,3337998070,811673311,"[9, 43, 79, 98, 146, 200, 213, 220, 226, 276, 283, 300, 305, 310, 322, 330, 333, 337, 408, 426, 432, 446, 471, 495, 496, 527, 533, 566, 569, 572]","[15, 297, 164, 510, 50, 191, 566, 497, 579, 39, 432, 128, 489, 60, 154, 233, 314, 86, 145, 347, 540, 356, 231, 10, 518, 286, 302, 353, 496, 480]",600,30,0.7,,,,,2.0,0.005,,,3.9783333333333335,0.5712081803417232,0.9883333333333333,0.10333333333333333,3.3,0.0014724165067950832,0.0036273707311340903,0.15789473684210525,0.012280701754385965,0.0,0.0,2.408127208480565,6.0,0.007017543859649123,0.07017543859649122,3.480701754385965,0.15186350460063677,0.7096660808435853,0.0029381920761231105,5.105747126436782,0.7823073261941264,0.0526315789473684,0.1175438596491228,0.1616666666666666,0.8925256249494851,28,True,1152.0
3,paper,paper_17,17,32,3337998070,3133459947,"[5, 10, 15, 38, 53, 86, 90, 94, 102, 109, 110, 115, 147, 180, 192, 219, 246, 257, 276, 292, 294, 360, 386, 418, 419, 432, 440, 548, 574, 576]","[169, 274, 399, 553, 556, 100, 491, 456, 78, 381, 104, 406, 257, 51, 507, 389, 67, 360, 39, 590, 58, 444, 213, 514, 428, 540, 147, 541, 486, 506]",600,30,0.7,,,,,2.0,0.005,,,3.9783333333333335,0.5712081803417232,0.9883333333333333,0.10333333333333333,3.533333333333333,0.0015421595269525814,0.004386831352551771,0.16666666666666666,0.015789473684210527,0.0,0.0,2.3551236749116606,5.0,0.007017543859649123,0.07894736842105263,3.7508771929824563,0.16262854266937485,0.6948478401627971,0.0029575724403310614,4.802298850574712,0.8336348964046392,0.0719298245614035,0.1824561403508772,0.2233333333333333,0.9544001671019942,30,False,1240.0
3,paper,paper_17,17,33,3337998070,2055768233,"[12, 30, 37, 39, 74, 109, 117, 128, 148, 151, 154, 170, 173, 237, 254, 265, 295, 324, 326, 330, 346, 392, 478, 486, 506, 530, 552, 555, 571, 598]","[429, 533, 36, 526, 25, 381, 413, 44, 68, 99, 485, 180, 309, 477, 563, 370, 461, 229, 420, 233, 275, 539, 45, 214, 498, 568, 203, 162, 535, 587]",600,30,0.7,,,,,2.0,0.005,,,3.9783333333333335,0.5712081803417232,0.9883333333333333,0.10333333333333333,4.033333333333333,0.001680468980207548,0.005173726394728521,0.18070175438596492,0.017543859649122806,0.0017543859649122807,0.0,2.3586572438162543,5.0,0.007017543859649123,0.11578947368421053,4.489473684210527,0.17123192692841732,0.6719329078407794,0.004933945364979848,4.558620689655172,0.7398125963470107,0.0508771929824561,0.1824561403508772,0.2233333333333333,0.9445645000087096,30,False,1226.0
3,paper,paper_17,17,34,3337998070,2944774999,"[9, 21, 25, 72, 75, 108, 121, 139, 157, 165, 177, 194, 200, 224, 231, 259, 284, 316, 326, 327, 330, 353, 369, 392, 426, 467, 502, 504, 507, 521]","[15, 542, 349, 176, 573, 565, 53, 76, 471, 49, 262, 179, 191, 458, 90, 459, 298, 417, 420, 261, 233, 171, 340, 539, 347, 440, 24, 14, 248, 554]",600,30,0.7,,,,,2.0,0.005,,,3.9783333333333335,0.5712081803417232,0.9883333333333333,0.10333333333333333,4.0,0.0016714105235935447,0.0068088499330379035,0.1824561403508772,0.015789473684210527,0.0017543859649122807,0.0,2.265017667844523,5.0,0.007017543859649123,0.13157894736842105,4.338596491228071,0.17336006707973375,0.6690839576974069,0.0031663929939792007,4.850574712643678,0.8151989925434988,0.043859649122807,0.0982456140350877,0.1433333333333333,0.9452356670517474,30,False,1176.0
3,paper,paper_17,17,35,3337998070,641309139,"[9, 18, 20, 61, 86, 100, 128, 159, 208, 232, 233, 239, 269, 276, 277, 282, 283, 286, 309, 317, 343, 381, 431, 440, 516, 517, 557, 558, 565, 583]","[15, 363, 437, 560, 100, 276, 44, 341, 156, 211, 315, 425, 155, 39, 113, 65, 432, 31, 405, 454, 208, 186, 63, 147, 172, 108, 382, 502, 202, 365]",600,30,0.7,,,,,2.0,0.005,,,3.9783333333333335,0.5712081803417232,0.9883333333333333,0.10333333333333333,4.1,0.0017164208721145201,0.006038704763808308,0.18421052631578946,0.021052631578947368,0.0035087719298245615,0.0,2.371024734982332,5.0,0.007017543859649123,0.13333333333333333,4.333333333333333,0.17512241846613666,0.6662966731415534,0.004984491881043606,4.586206896551724,0.7695700754567618,0.0701754385964912,0.2596491228070175,0.2966666666666667,0.9479939170414582,30,False,1270.0
3,paper,paper_17,17,36,3337998070,2113208193,"[31, 64, 76, 121, 152, 176, 185, 225, 226, 239, 254, 256, 265, 298, 304, 317, 323, 372, 377, 387, 418, 441, 459, 503, 508, 517, 519, 542, 577, 588]","[305, 149, 505, 53, 168, 55, 552, 447, 579, 425, 563, 209, 370, 479, 532, 454, 250, 571, 442, 198, 514, 589, 52, 236, 29, 108, 333, 272, 548, 536]",600,30,0.7,,,,,2.0,0.005,,,3.9783333333333335,0.5712081803417232,0.9883333333333333,0.10333333333333333,4.366666666666666,0.001824818462635858,0.0065323729938809695,0.20350877192982456,0.01929824561403509,0.0,0.0,2.245583038869258,5.0,0.007017543859649123,0.10350877192982456,4.370175438596491,0.19295562760870252,0.6351000524157494,0.002819906785424027,4.609195402298851,0.8144287694091527,0.0684210526315789,0.243859649122807,0.2816666666666667,0.9702525830361992,30,False,1288.0
3,paper,paper_17,17,37,3337998070,4059880319,"[13, 18, 28, 30, 34, 44, 56, 66, 79, 100, 156, 162, 219, 242, 251, 290, 314, 346, 350, 405, 424, 445, 452, 475, 515, 546, 550, 561, 589, 598]","[421, 363, 354, 533, 48, 134, 367, 224, 164, 276, 283, 585, 389, 546, 13, 383, 138, 275, 166, 324, 577, 375, 478, 189, 195, 524, 177, 101, 582, 587]",600,30,0.7,,,,,2.0,0.005,,,3.9783333333333335,0.5712081803417232,0.9883333333333333,0.10333333333333333,3.6333333333333333,0.0015407249342651367,0.004797502338969779,0.15964912280701754,0.015789473684210527,0.005263157894736842,0.0,2.3738977072310408,5.0,0.005263157894736842,0.09298245614035087,3.8350877192982455,0.15544950047085748,0.7066691332901675,0.005157760502588088,4.635467980295567,0.7006301192216912,0.0666666666666666,0.1333333333333333,0.1766666666666666,0.8048227919498459,25,True,1184.0
3,paper,paper_17,17,38,3337998070,2411920756,"[8, 22, 38, 48, 50, 56, 60, 93, 105, 163, 188, 230, 236, 237, 244, 288, 304, 332, 335, 354, 368, 376, 400, 441, 476, 537, 553, 558, 581, 595]","[371, 95, 553, 105, 253, 367, 449, 119, 320, 254, 475, 16, 38, 477, 418, 555, 532, 27, 75, 463, 448, 165, 194, 589, 69, 384, 266, 502, 40, 81]",600,30,0.7,,,,,2.0,0.005,,,3.9783333333333335,0.5712081803417232,0.9883333333333333,0.10333333333333333,4.366666666666666,0.0017997453944836753,0.006215760519416791,0.20175438596491227,0.02456140350877193,0.0,0.0,2.2367491166077738,5.0,0.007017543859649123,0.13508771929824562,4.519298245614035,0.19243453065736837,0.6379120032066106,0.004017374707029879,4.455172413793103,0.8073356039025203,0.087719298245614,0.2947368421052631,0.33,0.9396310839802028,30,False,1302.0
3,paper,paper_17,17,39,3337998070,855032176,"[3, 12, 37, 42, 44, 66, 89, 104, 138, 165, 168, 169, 186, 187, 200, 201, 214, 259, 261, 288, 330, 365, 376, 382, 421, 448, 479, 494, 510, 594]","[336, 429, 36, 225, 134, 224, 453, 74, 292, 49, 244, 574, 118, 32, 191, 88, 570, 459, 424, 555, 233, 112, 165, 581, 182, 476, 288, 234, 325, 291]",600,30,0.7,,,,,2.0,0.005,,,3.9783333333333335,0.5712081803417232,0.9883333333333333,0.10333333333333333,4.1,0.0017047599607382992,0.005298190794992687,0.18771929824561404,0.015789473684210527,0.0017543859649122807,0.0,2.222614840989399,5.0,0.007017543859649123,0.13333333333333333,4.7368421052631575,0.17780410812875033,0.6605124410322819,0.0034382411968618865,4.5264367816091955,0.7787256419973632,0.0807017543859649,0.2245614035087719,0.2633333333333333,0.8036550841061398,25,True,1236.0
3,paper,paper_17,17,40,3337998070,2495919072,"[5, 7, 20, 36, 41, 63, 69, 104, 136, 138, 173, 174, 201, 211, 219, 296, 303, 307, 327, 328, 331, 359, 400, 422, 433, 449, 480, 523, 542, 574]","[169, 402, 437, 430, 523, 136, 575, 74, 304, 292, 309, 557, 88, 327, 389, 441, 77, 227, 261, 344, 228, 483, 194, 316, 583, 80, 501, 415, 272, 486]",600,30,0.7,,,,,2.0,0.005,,,3.9783333333333335,0.5712081803417232,0.9883333333333333,0.10333333333333333,4.166666666666667,0.0017400439970783877,0.007121293250401273,0.19649122807017544,0.01929824561403509,0.0,0.0,2.277385159010601,5.0,0.007017543859649123,0.10701754385964912,4.282456140350877,0.1857222593269956,0.6464711867542318,0.0033236144443040995,4.563218390804598,0.8065653807681742,0.0842105263157894,0.2210526315789473,0.26,0.9456972909392788,30,False,1242.0
3,paper,paper_17,17,41,3337998070,3289084456,"[6, 14, 44, 116, 132, 154, 166, 182, 224, 238, 246, 247, 292, 305, 320, 339, 348, 349, 358, 361, 365, 382, 385, 414, 429, 462, 508, 522, 555, 595]","[403, 378, 134, 361, 488, 485, 110, 446, 458, 127, 67, 512, 590, 489, 270, 460, 269, 205, 551, 178, 112, 581, 97, 515, 547, 271, 29, 407, 162, 81]",600,30,0.7,,,,,2.0,0.005,,,3.9783333333333335,0.5712081803417232,0.9883333333333333,0.10333333333333333,3.8333333333333335,0.001634891764860312,0.004486844198322392,0.1824561403508772,0.012280701754385965,0.0,0.0,2.3109540636042403,5.0,0.007017543859649123,0.10701754385964912,4.108771929824561,0.1746210791020831,0.6689482934048654,0.0024192665571975917,4.758620689655173,0.8374158091894754,0.0631578947368421,0.1263157894736842,0.17,0.9133039170410484,29,True,1162.0
3,paper,paper_17,17,42,3337998070,3005971400,"[3, 16, 21, 22, 27, 29, 34, 38, 55, 89, 213, 215, 217, 219, 292, 293, 297, 370, 387, 401, 421, 453, 458, 469, 474, 487, 513, 527, 530, 553]","[336, 598, 542, 95, 287, 161, 48, 553, 394, 453, 566, 204, 96, 389, 590, 410, 124, 398, 198, 84, 182, 184, 20, 529, 326, 465, 376, 286, 568, 266]",600,30,0.7,,,,,2.0,0.005,,,3.9783333333333335,0.5712081803417232,0.9883333333333333,0.10333333333333333,3.533333333333333,0.0015296827264977136,0.004505937949952689,0.16140350877192983,0.017543859649122806,0.0,0.0,2.3886925795053005,6.0,0.007017543859649123,0.09824561403508772,3.692982456140351,0.15738126197922755,0.703709185089261,0.0035878489326765183,4.880459770114943,0.7591967888246722,0.0719298245614035,0.143859649122807,0.1866666666666666,0.8287536250427365,26,True,1220.0
3,paper,paper_17,17,43,3337998070,2126568182,"[29, 30, 93, 109, 117, 122, 135, 160, 193, 219, 249, 276, 279, 291, 303, 351, 356, 357, 382, 393, 414, 415, 470, 476, 497, 498, 510, 525, 580, 589]","[161, 533, 119, 381, 413, 114, 379, 92, 151, 389, 235, 39, 170, 158, 77, 144, 436, 543, 581, 251, 515, 82, 343, 69, 72, 431, 325, 334, 359, 582]",600,30,0.7,,,,,2.0,0.005,,,3.9783333333333335,0.5712081803417232,0.9883333333333333,0.10333333333333333,3.466666666666667,0.0015005079062885864,0.004217473958338189,0.16666666666666666,0.005263157894736842,0.0,0.0,2.3480565371024733,5.0,0.007017543859649123,0.10350877192982456,3.9543859649122806,0.15948450328455396,0.6949588382203311,0.0011904761904761904,4.731034482758621,0.7901707148351048,0.0929824561403508,0.2350877192982456,0.2733333333333333,0.879200708004646,28,True,1236.0
3,paper,paper_17,17,44,3337998070,3234370253,"[19, 37, 64, 73, 110, 142, 149, 163, 188, 198, 221, 230, 253, 257, 303, 315, 316, 328, 351, 353, 358, 375, 391, 422, 447, 480, 492, 493, 564, 583]","[7, 36, 149, 133, 104, 5, 368, 254, 475, 385, 107, 16, 59, 360, 77, 414, 417, 344, 144, 171, 551, 595, 103, 316, 416, 501, 504, 152, 328, 365]",600,30,0.7,,,,,2.0,0.005,,,3.9783333333333335,0.5712081803417232,0.9883333333333333,0.10333333333333333,4.3,0.001753745050723811,0.00925274560338641,0.19824561403508772,0.012280701754385965,0.0017543859649122807,0.0,2.2508833922261484,5.0,0.007017543859649123,0.13333333333333333,4.896491228070175,0.18432519653612886,0.6437147349921376,0.0028772951186744294,4.402298850574713,0.7390423732126645,0.0824561403508772,0.256140350877193,0.2933333333333333,0.9249000829877332,30,False,1294.0
3,paper,paper_17,17,45,3337998070,2003029485,"[21, 43, 66, 73, 94, 134, 142, 185, 194, 199, 213, 214, 218, 237, 268, 289, 293, 308, 325, 352, 388, 459, 489, 549, 551, 555, 573, 576, 578, 596]","[542, 297, 224, 133, 456, 594, 5, 552, 179, 26, 566, 570, 303, 477, 131, 220, 410, 43, 457, 388, 528, 52, 139, 332, 495, 162, 464, 506, 308, 387]",600,30,0.7,,,,,2.0,0.005,,,3.9783333333333335,0.5712081803417232,0.9883333333333333,0.10333333333333333,3.433333333333333,0.0015081802654919971,0.004675948901363756,0.14912280701754385,0.01929824561403509,0.0017543859649122807,0.0,2.402826855123675,5.0,0.007017543859649123,0.05263157894736842,3.6298245614035087,0.146651404518198,0.7244288224956064,0.0049290109634937225,4.871264367816092,0.7349387342506244,0.0701754385964912,0.1701754385964912,0.2116666666666666,0.6263904999941587,19,True,1184.0
3,paper,paper_17,17,46,3337998070,540547422,"[31, 34, 108, 116, 132, 133, 152, 202, 239, 248, 273, 275, 282, 334, 344, 365, 367, 387, 388, 390, 401, 406, 410, 447, 521, 522, 525, 552, 565, 576]","[305, 48, 565, 361, 488, 306, 168, 281, 425, 2, 175, 596, 65, 342, 487, 112, 549, 198, 528, 434, 84, 350, 0, 416, 554, 407, 334, 203, 202, 506]",600,30,0.7,,,,,2.0,0.005,,,3.9783333333333335,0.5712081803417232,0.9883333333333333,0.10333333333333333,3.433333333333333,0.0015294431393753857,0.004101524961213758,0.16140350877192983,0.008771929824561403,0.0,0.0,2.429328621908127,5.0,0.007017543859649123,0.06842105263157895,3.3789473684210525,0.15598482416699583,0.7037215182067648,0.001627440248129903,5.068965517241379,0.7698928016339658,0.0649122807017543,0.2105263157894736,0.25,0.9506832089973614,30,True,1224.0
3,paper,paper_17,17,47,3337998070,2134791588,"[86, 91, 142, 196, 198, 212, 221, 234, 249, 252, 287, 290, 312, 313, 314, 345, 356, 374, 391, 397, 470, 480, 487, 488, 498, 513, 569, 573, 585, 588]","[100, 187, 5, 85, 385, 280, 107, 467, 235, 23, 578, 383, 137, 395, 138, 355, 436, 586, 103, 273, 343, 501, 465, 317, 431, 376, 496, 464, 426, 536]",600,30,0.7,,,,,2.0,0.005,,,3.9783333333333335,0.5712081803417232,0.9883333333333333,0.10333333333333333,4.2,0.0017422249959392509,0.006899472988413253,0.1912280701754386,0.012280701754385965,0.0035087719298245615,0.0,2.2579505300353357,5.0,0.007017543859649123,0.11754385964912281,4.4526315789473685,0.1785258683999123,0.6549378719205747,0.004215554560382147,4.63448275862069,0.7764851754812192,0.0684210526315789,0.1789473684210526,0.22,0.7313390829367563,23,True,1214.0
3,paper,paper_17,17,48,3337998070,2968586469,"[14, 52, 79, 139, 168, 196, 200, 236, 284, 285, 344, 375, 377, 391, 399, 404, 407, 419, 435, 459, 479, 493, 521, 533, 548, 558, 565, 569, 594, 595]","[378, 267, 164, 76, 244, 85, 191, 38, 298, 545, 487, 595, 442, 103, 174, 311, 111, 428, 364, 52, 288, 152, 554, 302, 541, 502, 202, 496, 291, 81]",600,30,0.7,,,,,2.0,0.005,,,3.9783333333333335,0.5712081803417232,0.9883333333333333,0.10333333333333333,3.1333333333333333,0.0014205556608460075,0.0038047222482037297,0.14736842105263157,0.007017543859649123,0.0035087719298245615,0.0,2.4575971731448765,5.0,0.007017543859649123,0.05263157894736842,3.1649122807017545,0.14310826489115872,0.7273949372552647,0.0024530195219850393,5.360919540229885,0.827812745691732,0.0614035087719298,0.1456140350877193,0.1883333333333333,0.9585603750310838,30,False,1186.0
3,paper,paper_17,17,49,3337998070,4142923671,"[1, 47, 57, 66, 74, 135, 150, 152, 159, 162, 165, 184, 215, 222, 235, 244, 253, 262, 279, 334, 392, 395, 473, 503, 512, 517, 520, 523, 570, 589]","[41, 592, 473, 224, 25, 379, 509, 168, 341, 585, 49, 569, 204, 572, 42, 418, 59, 313, 170, 342, 539, 299, 130, 236, 438, 108, 494, 415, 64, 582]",600,30,0.7,,,,,2.0,0.005,,,3.9783333333333335,0.5712081803417232,0.9883333333333333,0.10333333333333333,3.8,0.0016023563316664795,0.005205202118573617,0.16842105263157894,0.021052631578947368,0.0035087719298245615,0.0,2.3527336860670194,5.0,0.005263157894736842,0.10350877192982456,3.968421052631579,0.16401091198021517,0.6920050565781766,0.005034524862111069,4.522167487684729,0.775714952346873,0.075438596491228,0.175438596491228,0.2166666666666666,0.957258583046496,30,False,1230.0
3,paper,paper_18,18,0,3165569293,2906796763,"[23, 39, 60, 69, 75, 77, 85, 96, 146, 148, 181, 187, 212, 295, 322, 325, 346, 364, 379, 381, 391, 393, 471, 495, 504, 522, 529, 558, 583, 598]","[122, 444, 306, 501, 351, 398, 273, 226, 370, 14, 353, 146, 496, 506, 162, 382, 261, 222, 483, 556, 163, 239, 519, 206, 356, 367, 65, 503, 530, 435]",600,30,0.7,,,,,2.0,0.005,,,5.77,0.5916650590393455,0.99,0.13666666666666666,6.4,0.0018139889706810476,0.004924573329607165,0.26666666666666666,0.03508771929824561,0.0035087719298245615,0.0,1.8581560283687943,4.0,0.010526315789473684,0.34912280701754383,10.822807017543859,0.2415850747409001,0.5396293898190115,0.004793367595983529,3.6919540229885057,0.7240540085959621,0.075438596491228,0.2473684210526315,0.285,0.9531493328977376,30,False,1572.0
3,paper,paper_18,18,1,3165569293,2411178349,"[24, 29, 54, 61, 62, 64, 68, 79, 98, 136, 168, 201, 213, 232, 245, 284, 288, 292, 367, 382, 429, 439, 450, 451, 458, 460, 472, 475, 486, 539]","[590, 82, 317, 410, 262, 384, 49, 374, 513, 195, 436, 175, 270, 288, 59, 516, 233, 304, 200, 291, 23, 565, 2, 577, 179, 499, 237, 543, 542, 453]",600,30,0.7,,,,,2.0,0.005,,,5.77,0.5916650590393455,0.99,0.13666666666666666,5.733333333333333,0.0016689541375637389,0.0038543751136181676,0.24385964912280703,0.043859649122807015,0.0,0.0,1.9734042553191489,4.0,0.010526315789473684,0.3368421052631579,10.19122807017544,0.2279058250404214,0.5732803009280671,0.004590658680750895,3.7379310344827585,0.7111869468472092,0.0736842105263157,0.7456140350877193,0.7583333333333333,0.936607249896042,30,False,2070.0
3,paper,paper_18,18,2,3165569293,2394699403,"[32, 98, 103, 114, 116, 135, 160, 238, 240, 266, 274, 280, 329, 333, 347, 369, 377, 380, 385, 408, 417, 443, 447, 464, 512, 518, 524, 534, 568, 578]","[457, 513, 295, 199, 598, 21, 57, 266, 54, 67, 161, 580, 554, 294, 307, 569, 90, 334, 364, 514, 296, 3, 315, 533, 99, 158, 393, 493, 154, 106]",600,30,0.7,,,,,2.0,0.005,,,5.77,0.5916650590393455,0.99,0.13666666666666666,5.633333333333334,0.0016247019203417515,0.0035742353468283337,0.23508771929824562,0.04736842105263158,0.0035087719298245615,0.0,1.9308510638297873,3.0,0.010526315789473684,0.34912280701754383,10.992982456140352,0.22483239517928136,0.5859464126044461,0.007125997546890041,3.6804597701149424,0.7589429492450998,0.0894736842105263,0.9210526315789472,0.925,0.6971035830210894,23,True,2358.0
3,paper,paper_18,18,3,3165569293,3876900532,"[19, 64, 79, 102, 104, 112, 143, 146, 169, 187, 219, 228, 230, 258, 261, 266, 290, 295, 312, 388, 390, 423, 466, 512, 518, 539, 552, 562, 583, 584]","[552, 384, 374, 121, 130, 548, 172, 370, 327, 146, 298, 173, 29, 272, 279, 67, 490, 506, 446, 7, 232, 269, 339, 99, 158, 453, 320, 407, 530, 149]",600,30,0.7,,,,,2.0,0.005,,,5.77,0.5916650590393455,0.99,0.13666666666666666,6.233333333333333,0.0017819738291371338,0.004294302952624989,0.2578947368421053,0.03859649122807018,0.005263157894736842,0.0,1.9026548672566372,4.0,0.008771929824561403,0.3684210526315789,10.766666666666667,0.2351048601898143,0.5524249992291802,0.004482991396563948,3.7241379310344827,0.8160602597103576,0.0789473684210526,0.7333333333333333,0.7466666666666667,0.9034667499363422,30,False,2066.0
3,paper,paper_18,18,4,3165569293,1140379151,"[3, 15, 20, 24, 50, 55, 71, 95, 104, 113, 117, 119, 138, 146, 148, 160, 162, 173, 182, 219, 287, 320, 334, 352, 398, 427, 462, 466, 477, 587]","[182, 50, 507, 590, 78, 515, 526, 79, 130, 511, 48, 100, 395, 370, 14, 57, 278, 363, 538, 298, 165, 70, 205, 497, 411, 234, 335, 339, 423, 352]",600,30,0.7,,,,,2.0,0.005,,,5.77,0.5916650590393455,0.99,0.13666666666666666,6.133333333333334,0.0017845457717413332,0.004482014452506844,0.256140350877193,0.042105263157894736,0.0035087719298245615,0.0,1.9219858156028369,4.0,0.010526315789473684,0.34912280701754383,10.070175438596491,0.23355398379467968,0.5554404464588536,0.005685919253699095,3.7517241379310344,0.7720165019095883,0.0719298245614035,0.287719298245614,0.3233333333333333,0.9435763329965994,30,False,1600.0
3,paper,paper_18,18,5,3165569293,3534051672,"[6, 25, 61, 111, 147, 149, 164, 168, 178, 183, 185, 190, 206, 248, 257, 292, 353, 369, 411, 430, 435, 436, 445, 449, 474, 476, 477, 538, 573, 591]","[472, 118, 410, 481, 171, 465, 498, 436, 492, 525, 311, 562, 415, 348, 461, 304, 549, 569, 10, 96, 249, 383, 378, 24, 45, 560, 423, 95, 596, 347]",600,30,0.7,,,,,2.0,0.005,,,5.77,0.5916650590393455,0.99,0.13666666666666666,5.766666666666667,0.0016653582694224544,0.004449306082049771,0.24210526315789474,0.031578947368421054,0.0017543859649122807,0.0,1.948581560283688,4.0,0.010526315789473684,0.3526315789473684,10.575438596491228,0.22304475261976855,0.5758517559276046,0.0044417766141904074,3.7379310344827585,0.7061354215757251,0.0614035087719298,0.331578947368421,0.365,0.9322890000184998,30,False,1664.0
3,paper,paper_18,18,6,3165569293,1534077694,"[2, 22, 29, 32, 77, 90, 93, 202, 211, 241, 274, 319, 332, 341, 347, 372, 390, 392, 430, 450, 462, 464, 466, 505, 508, 537, 569, 587, 591, 599]","[592, 480, 82, 457, 398, 318, 394, 405, 300, 566, 161, 550, 274, 341, 307, 293, 232, 419, 96, 2, 335, 533, 339, 236, 581, 599, 167, 352, 347, 88]",600,30,0.7,,,,,2.0,0.005,,,5.77,0.5916650590393455,0.99,0.13666666666666666,6.3,0.0018051254373220242,0.005621569078219978,0.2807017543859649,0.031578947368421054,0.005263157894736842,0.0,1.8389380530973451,4.0,0.008771929824561403,0.36666666666666664,10.24736842105263,0.2439647444617862,0.5203773933956156,0.004562812814130867,3.79064039408867,0.7940383808099729,0.0894736842105263,0.9526315789473684,0.955,0.6771403329912573,22,True,2378.0
3,paper,paper_18,18,7,3165569293,1813608048,"[12, 13, 43, 66, 102, 119, 129, 130, 145, 156, 158, 184, 198, 217, 221, 222, 290, 294, 302, 325, 361, 376, 400, 405, 449, 494, 553, 557, 565, 584]","[148, 74, 448, 379, 121, 100, 287, 305, 297, 143, 33, 576, 187, 13, 181, 488, 490, 354, 129, 382, 536, 87, 197, 523, 24, 170, 141, 368, 36, 149]",600,30,0.7,,,,,2.0,0.005,,,5.77,0.5916650590393455,0.99,0.13666666666666666,6.333333333333333,0.001816401421207419,0.004553594644464583,0.25263157894736843,0.04736842105263158,0.005263157894736842,0.0,1.9060283687943262,3.0,0.010526315789473684,0.3701754385964912,10.603508771929825,0.23394497916349027,0.5599605340239879,0.006419450289964163,3.717241379310345,0.7720165019095883,0.0701754385964912,0.2350877192982456,0.2733333333333333,0.9307335000485182,30,False,1564.0
3,paper,paper_18,18,8,3165569293,3222009304,"[4, 15, 30, 100, 112, 113, 125, 128, 133, 141, 214, 219, 223, 225, 230, 239, 272, 285, 327, 352, 370, 376, 410, 442, 468, 487, 492, 521, 560, 561]","[594, 50, 402, 529, 548, 511, 280, 210, 397, 9, 310, 298, 77, 131, 29, 126, 539, 314, 574, 497, 401, 87, 25, 32, 12, 44, 326, 464, 557, 229]",600,30,0.7,,,,,2.0,0.005,,,5.77,0.5916650590393455,0.99,0.13666666666666666,5.8,0.0016854643578680492,0.00452834226721745,0.2543859649122807,0.03684210526315789,0.0,0.0,1.923758865248227,4.0,0.010526315789473684,0.3385964912280702,10.615789473684211,0.23635803142811954,0.5571424166743749,0.004078011988762496,3.740229885057471,0.8147429135844398,0.075438596491228,0.4385964912280701,0.4666666666666667,0.9225522500928492,30,False,1768.0
3,paper,paper_18,18,9,3165569293,1704748983,"[21, 52, 56, 72, 116, 126, 127, 193, 199, 201, 238, 254, 283, 290, 307, 321, 378, 416, 441, 468, 475, 486, 492, 501, 512, 526, 528, 552, 565, 584]","[127, 220, 426, 68, 598, 124, 462, 386, 460, 175, 266, 319, 517, 490, 429, 458, 188, 355, 380, 12, 543, 542, 326, 510, 99, 264, 468, 320, 36, 149]",600,30,0.7,,,,,2.0,0.005,,,5.77,0.5916650590393455,0.99,0.13666666666666666,5.066666666666666,0.0015035166403729767,0.0028201562886099626,0.21578947368421053,0.03333333333333333,0.0017543859649122807,0.0,2.00709219858156,4.0,0.010526315789473684,0.28596491228070176,9.86140350877193,0.20647766737207124,0.6157370579348195,0.005292469344193482,3.9080459770114944,0.7712182024191871,0.0684210526315789,0.2350877192982456,0.2733333333333333,0.927768708090298,30,False,1502.0
3,paper,paper_18,18,10,3165569293,2139812812,"[7, 29, 33, 44, 54, 116, 147, 228, 252, 260, 264, 286, 325, 329, 349, 354, 374, 375, 379, 394, 434, 435, 464, 490, 493, 518, 529, 541, 552, 595]","[225, 82, 73, 586, 317, 598, 171, 173, 15, 93, 174, 484, 382, 554, 531, 551, 111, 583, 483, 169, 431, 249, 533, 381, 123, 158, 65, 61, 320, 120]",600,30,0.7,,,,,2.0,0.005,,,5.77,0.5916650590393455,0.99,0.13666666666666666,5.5,0.0015931876170716221,0.004405546317603274,0.22982456140350876,0.04035087719298246,0.010526315789473684,0.0,1.9875886524822695,4.0,0.010526315789473684,0.3736842105263158,10.966666666666667,0.2166156073508011,0.5941849350969691,0.00940261526468423,3.689655172413793,0.8069054425587261,0.087719298245614,0.9473684210526316,0.95,0.7687932500848547,25,True,2378.0
3,paper,paper_18,18,11,3165569293,3243987297,"[21, 49, 66, 81, 87, 100, 121, 132, 133, 138, 147, 229, 241, 250, 265, 274, 280, 309, 328, 349, 389, 390, 405, 407, 418, 464, 480, 486, 524, 598]","[127, 72, 379, 593, 245, 529, 434, 544, 397, 395, 171, 527, 566, 238, 69, 161, 580, 456, 189, 531, 578, 232, 523, 114, 373, 533, 243, 542, 393, 435]",600,30,0.7,,,,,2.0,0.005,,,5.77,0.5916650590393455,0.99,0.13666666666666666,7.366666666666666,0.00205945573167589,0.0071331795931672505,0.3087719298245614,0.056140350877192984,0.005263157894736842,0.0,1.8141592920353982,4.0,0.008771929824561403,0.42105263157894735,11.833333333333334,0.27775730112735425,0.48031942774334785,0.005377859292188668,3.4753694581280787,0.7529085681159238,0.0824561403508772,0.2508771929824561,0.2883333333333333,0.938849791069515,30,False,1560.0
3,paper,paper_18,18,12,3165569293,1456389110,"[1, 18, 40, 49, 86, 108, 122, 136, 150, 152, 157, 185, 236, 238, 292, 306, 323, 336, 363, 388, 398, 427, 439, 457, 496, 500, 531, 535, 577, 596]","[575, 508, 459, 72, 35, 449, 520, 195, 216, 521, 584, 311, 475, 266, 304, 301, 433, 219, 489, 7, 411, 234, 565, 227, 360, 5, 252, 178, 321, 260]",600,30,0.7,,,,,2.0,0.005,,,5.77,0.5916650590393455,0.99,0.13666666666666666,5.366666666666666,0.0015865659425441465,0.0031127368513477307,0.23333333333333334,0.03508771929824561,0.0035087719298245615,0.0,1.952127659574468,4.0,0.010526315789473684,0.2736842105263158,9.968421052631578,0.22003663813441823,0.588721364042796,0.006321490094309567,3.8689655172413793,0.7872057001903959,0.075438596491228,0.9543859649122808,0.9566666666666668,0.9043993750819936,30,False,2378.0
3,paper,paper_18,18,13,3165569293,2193761268,"[33, 46, 47, 89, 104, 141, 157, 197, 237, 345, 349, 357, 358, 361, 371, 383, 410, 445, 446, 447, 458, 460, 478, 498, 502, 504, 508, 510, 557, 571]","[73, 192, 285, 180, 130, 9, 584, 92, 437, 466, 531, 504, 323, 536, 406, 157, 25, 378, 208, 315, 179, 499, 202, 591, 116, 356, 581, 51, 368, 91]",600,30,0.7,,,,,2.0,0.005,,,5.77,0.5916650590393455,0.99,0.13666666666666666,6.466666666666667,0.0018417068479961963,0.0061556851690987065,0.28596491228070176,0.03684210526315789,0.0035087719298245615,0.0,1.8439716312056738,3.0,0.010526315789473684,0.41228070175438597,11.30877192982456,0.2588732426237726,0.5115098819103999,0.0045300876108498615,3.67816091954023,0.7127835458280114,0.0771929824561403,0.343859649122807,0.3766666666666666,0.9151563330087812,30,False,1650.0
3,paper,paper_18,18,14,3165569293,641678200,"[5, 28, 84, 117, 126, 129, 143, 161, 187, 201, 205, 222, 233, 236, 241, 243, 271, 294, 304, 310, 379, 382, 418, 422, 470, 488, 523, 535, 544, 583]","[414, 322, 471, 48, 124, 287, 172, 545, 146, 175, 524, 488, 443, 475, 566, 416, 144, 354, 240, 86, 483, 291, 373, 119, 138, 134, 153, 178, 282, 530]",600,30,0.7,,,,,2.0,0.005,,,5.77,0.5916650590393455,0.99,0.13666666666666666,5.233333333333333,0.0015330416566258242,0.004588988360939595,0.21578947368421053,0.02982456140350877,0.007017543859649123,0.0,1.9858156028368794,4.0,0.010526315789473684,0.3087719298245614,9.738596491228071,0.2009888627663339,0.6163352141337527,0.004247440084396136,3.8620689655172415,0.7979571163228301,0.0719298245614035,0.2543859649122807,0.2916666666666667,0.9211750420508906,30,False,1562.0
3,paper,paper_18,18,15,3165569293,3167743764,"[0, 32, 46, 47, 71, 95, 103, 121, 142, 162, 188, 204, 244, 308, 310, 370, 374, 376, 381, 387, 407, 408, 417, 446, 473, 494, 529, 543, 556, 561]","[509, 457, 192, 285, 526, 79, 295, 434, 451, 278, 265, 289, 97, 256, 86, 401, 111, 87, 556, 361, 114, 514, 296, 208, 570, 170, 65, 110, 207, 229]",600,30,0.7,,,,,2.0,0.005,,,5.77,0.5916650590393455,0.99,0.13666666666666666,6.033333333333333,0.001719526917465453,0.0053596868637829104,0.2543859649122807,0.03684210526315789,0.005263157894736842,0.0,1.8971631205673758,4.0,0.010526315789473684,0.3157894736842105,10.736842105263158,0.2356569223995619,0.5572040822618938,0.005966851118980937,3.645977011494253,0.7072682113343521,0.0666666666666666,0.8456140350877193,0.8533333333333334,0.912515625008382,30,False,2240.0
3,paper,paper_18,18,16,3165569293,1720830263,"[23, 54, 61, 62, 77, 134, 162, 169, 193, 201, 226, 233, 237, 273, 302, 303, 317, 330, 355, 357, 375, 406, 445, 453, 467, 481, 513, 528, 544, 585]","[122, 317, 410, 262, 398, 455, 278, 327, 386, 175, 359, 443, 437, 438, 129, 281, 18, 228, 177, 504, 583, 276, 378, 255, 204, 292, 6, 468, 282, 231]",600,30,0.7,,,,,2.0,0.005,,,5.77,0.5916650590393455,0.99,0.13666666666666666,5.4,0.0015735981351968859,0.003969817690878649,0.23333333333333334,0.031578947368421054,0.0017543859649122807,0.0,1.9645390070921986,4.0,0.010526315789473684,0.34912280701754383,10.424561403508772,0.2180299671426005,0.5888138624240743,0.0038545752453620504,3.825287356321839,0.7648493310217854,0.0807017543859649,0.9403508771929824,0.9433333333333334,0.90633008396253,30,False,2376.0
3,paper,paper_18,18,17,3165569293,1283197948,"[35, 52, 124, 163, 191, 225, 228, 250, 259, 314, 370, 376, 384, 392, 403, 409, 416, 418, 428, 435, 454, 490, 514, 547, 550, 577, 581, 588, 596, 599]","[479, 220, 454, 309, 140, 131, 173, 238, 155, 491, 401, 87, 564, 419, 22, 39, 355, 373, 275, 249, 198, 381, 215, 109, 485, 321, 185, 283, 260, 88]",600,30,0.7,,,,,2.0,0.005,,,5.77,0.5916650590393455,0.99,0.13666666666666666,5.833333333333333,0.0016852420172967818,0.004844682671646211,0.2596491228070175,0.03508771929824561,0.005263157894736842,0.0,1.8867256637168142,3.0,0.008771929824561403,0.32456140350877194,10.631578947368421,0.23755475761194675,0.5495513828508001,0.00473277431321629,3.642857142857143,0.7628616847579566,0.0614035087719298,0.4649122807017544,0.4916666666666666,0.9166689170524478,30,False,1746.0
3,paper,paper_18,18,18,3165569293,739769267,"[13, 28, 55, 67, 71, 77, 80, 161, 183, 216, 219, 239, 264, 269, 274, 307, 338, 350, 367, 370, 396, 403, 448, 451, 462, 465, 476, 490, 561, 587]","[74, 322, 515, 0, 526, 398, 403, 545, 525, 342, 298, 126, 174, 390, 161, 429, 108, 413, 200, 401, 478, 22, 467, 577, 335, 582, 560, 381, 229, 352]",600,30,0.7,,,,,2.0,0.005,,,5.77,0.5916650590393455,0.99,0.13666666666666666,6.566666666666666,0.0018724405501159204,0.0054454822666800745,0.28421052631578947,0.04035087719298246,0.007017543859649123,0.0,1.8705673758865249,4.0,0.010526315789473684,0.4017543859649123,10.701754385964913,0.2540279600786735,0.514716492461382,0.0057733353096016595,3.6919540229885057,0.7457413972281209,0.0842105263157894,0.950877192982456,0.9533333333333334,0.9037133330712096,30,False,2378.0
3,paper,paper_18,18,19,3165569293,4245674938,"[12, 26, 31, 73, 84, 158, 160, 162, 163, 177, 178, 255, 262, 263, 265, 272, 300, 374, 386, 396, 423, 435, 448, 454, 481, 499, 514, 533, 535, 556]","[148, 117, 482, 302, 471, 33, 57, 278, 309, 235, 492, 344, 541, 567, 69, 539, 151, 111, 16, 478, 269, 249, 467, 198, 292, 432, 215, 203, 178, 207]",600,30,0.7,,,,,2.0,0.005,,,5.77,0.5916650590393455,0.99,0.13666666666666666,5.7,0.0016548662974976587,0.0034739006846928613,0.24561403508771928,0.031578947368421054,0.007017543859649123,0.0,1.9574468085106382,4.0,0.010526315789473684,0.34385964912280703,9.943859649122807,0.22469174268766118,0.5704991829309654,0.005115968322864875,3.8620689655172415,0.6589712277525,0.0684210526315789,0.9596491228070176,0.9616666666666668,0.923306499957107,30,False,2378.0
3,paper,paper_18,18,20,3165569293,2795379667,"[8, 23, 28, 39, 57, 65, 100, 138, 155, 182, 213, 245, 254, 257, 274, 301, 304, 339, 369, 384, 401, 434, 458, 517, 530, 531, 537, 560, 574, 590]","[147, 122, 322, 444, 502, 568, 529, 395, 43, 538, 270, 59, 319, 461, 161, 369, 240, 47, 569, 564, 427, 431, 179, 52, 324, 252, 599, 557, 193, 20]",600,30,0.7,,,,,2.0,0.005,,,5.77,0.5916650590393455,0.99,0.13666666666666666,6.966666666666667,0.0019501784703064328,0.006920142094301375,0.28771929824561404,0.03859649122807018,0.005263157894736842,0.0,1.8563829787234043,4.0,0.010526315789473684,0.40350877192982454,12.008771929824562,0.2550027491101624,0.5099929084574353,0.005958557457837155,3.485057471264368,0.727972744108819,0.0947368421052631,0.9526315789473684,0.955,0.8439227089984342,28,True,2378.0
3,paper,paper_18,18,21,3165569293,1871695501,"[25, 39, 59, 87, 106, 111, 196, 222, 267, 298, 329, 339, 364, 378, 383, 400, 424, 463, 472, 475, 480, 483, 484, 529, 530, 546, 549, 554, 563, 598]","[118, 444, 555, 245, 439, 481, 258, 488, 389, 546, 554, 47, 222, 188, 157, 197, 164, 377, 237, 543, 243, 19, 469, 65, 324, 176, 561, 522, 477, 435]",600,30,0.7,,,,,2.0,0.005,,,5.77,0.5916650590393455,0.99,0.13666666666666666,6.333333333333333,0.0017991477567267406,0.004683184871516358,0.2649122807017544,0.04035087719298246,0.0035087719298245615,0.0,1.8882978723404256,4.0,0.010526315789473684,0.38421052631578945,11.8,0.2458085302080686,0.5416088551783678,0.0056905779218152435,3.5172413793103448,0.7400415063671708,0.0929824561403508,0.9543859649122808,0.9566666666666668,0.7885319580091164,26,True,2378.0
3,paper,paper_18,18,22,3165569293,2966754577,"[31, 40, 104, 136, 172, 185, 186, 213, 215, 240, 243, 251, 270, 283, 297, 300, 313, 319, 325, 332, 345, 372, 383, 460, 477, 479, 511, 513, 544, 591]","[482, 459, 130, 195, 244, 311, 388, 270, 452, 54, 416, 336, 150, 517, 159, 151, 102, 550, 382, 274, 466, 293, 157, 499, 423, 518, 417, 6, 282, 347]",600,30,0.7,,,,,2.0,0.005,,,5.77,0.5916650590393455,0.99,0.13666666666666666,4.733333333333333,0.0014283014384663523,0.003525084765457332,0.20350877192982456,0.02982456140350877,0.0017543859649122807,0.0,2.04070796460177,4.0,0.008771929824561403,0.25087719298245614,8.89298245614035,0.19063244232614254,0.6355193784108778,0.005448015048741001,3.8793103448275863,0.6553869825078689,0.0719298245614035,0.2666666666666666,0.3033333333333333,0.9391084999078884,30,False,1588.0
3,paper,paper_18,18,23,3165569293,1483593952,"[23, 31, 34, 43, 55, 68, 109, 115, 139, 154, 155, 159, 161, 191, 210, 247, 279, 287, 290, 329, 352, 378, 427, 428, 441, 451, 466, 493, 499, 505]","[122, 482, 422, 448, 515, 49, 257, 132, 152, 420, 43, 365, 545, 140, 64, 286, 160, 165, 490, 554, 497, 188, 234, 275, 380, 577, 339, 123, 432, 236]",600,30,0.7,,,,,2.0,0.005,,,5.77,0.5916650590393455,0.99,0.13666666666666666,4.966666666666667,0.001487301645668011,0.0027991030113156566,0.21403508771929824,0.028070175438596492,0.0017543859649122807,0.0,2.0336879432624113,4.0,0.010526315789473684,0.2964912280701754,9.226315789473684,0.20226037628728213,0.618586008078192,0.004758995793478552,3.901149425287356,0.7688960658871327,0.0824561403508772,0.6052631578947368,0.625,0.9149089159909636,30,False,1902.0
3,paper,paper_18,18,24,3165569293,2151942797,"[6, 28, 39, 54, 83, 149, 163, 174, 177, 199, 221, 228, 262, 265, 289, 294, 320, 346, 356, 365, 446, 459, 463, 473, 476, 481, 495, 550, 554, 588]","[472, 322, 444, 317, 558, 465, 309, 316, 235, 460, 181, 173, 541, 69, 66, 354, 70, 261, 98, 588, 208, 597, 377, 570, 560, 292, 206, 485, 522, 283]",600,30,0.7,,,,,2.0,0.005,,,5.77,0.5916650590393455,0.99,0.13666666666666666,5.266666666666667,0.0015586099025987627,0.004733292629864677,0.23333333333333334,0.028070175438596492,0.005263157894736842,0.0,1.9875886524822695,4.0,0.010526315789473684,0.3140350877192982,10.057894736842105,0.2161011397120704,0.5889125273641045,0.005275465275465275,3.8045977011494254,0.6951994490760003,0.0578947368421052,0.1842105263157894,0.225,0.9427047499921172,30,False,1480.0
3,paper,paper_18,18,25,3165569293,3982471505,"[4, 36, 37, 90, 101, 105, 145, 147, 157, 167, 189, 216, 237, 247, 261, 284, 314, 328, 367, 368, 376, 388, 420, 428, 429, 440, 450, 454, 578, 592]","[594, 589, 217, 318, 409, 372, 297, 171, 584, 585, 46, 342, 437, 286, 279, 516, 491, 189, 200, 396, 87, 7, 125, 275, 23, 247, 2, 198, 106, 241]",600,30,0.7,,,,,2.0,0.005,,,5.77,0.5916650590393455,0.99,0.13666666666666666,4.933333333333334,0.0014562760187567462,0.0028967635044881922,0.21754385964912282,0.02982456140350877,0.0017543859649122807,0.0,1.976991150442478,4.0,0.008771929824561403,0.2807017543859649,10.02280701754386,0.2054607725088923,0.6131347701415225,0.004623071692037209,3.793103448275862,0.7880039996807972,0.0491228070175438,0.1824561403508772,0.2233333333333333,0.8224984159460291,26,True,1502.0
3,paper,paper_18,18,26,3165569293,2052865232,"[5, 18, 20, 73, 83, 113, 142, 143, 238, 248, 252, 278, 281, 295, 302, 305, 331, 339, 351, 362, 366, 377, 419, 426, 492, 533, 556, 570, 574, 581]","[414, 508, 507, 302, 558, 511, 451, 172, 266, 348, 15, 487, 408, 506, 129, 89, 442, 47, 209, 85, 587, 90, 212, 425, 326, 203, 207, 366, 193, 185]",600,30,0.7,,,,,2.0,0.005,,,5.77,0.5916650590393455,0.99,0.13666666666666666,6.033333333333333,0.0017326795712359663,0.00545148985923369,0.2631578947368421,0.03508771929824561,0.0017543859649122807,0.0,1.877659574468085,3.0,0.010526315789473684,0.37543859649122807,11.208771929824561,0.24057547352240885,0.5445194709092591,0.004193877843605611,3.664367816091954,0.7499946230092036,0.0736842105263157,0.950877192982456,0.9533333333333334,0.9026899581076576,30,False,2378.0
3,paper,paper_18,18,27,3165569293,1214055343,"[11, 13, 24, 38, 125, 127, 176, 199, 219, 221, 235, 244, 273, 300, 315, 324, 336, 337, 359, 363, 372, 392, 397, 428, 433, 535, 547, 550, 554, 557]","[495, 74, 590, 137, 280, 462, 194, 460, 298, 181, 55, 97, 438, 151, 246, 62, 219, 494, 537, 489, 293, 419, 418, 275, 115, 178, 109, 485, 522, 368]",600,30,0.7,,,,,2.0,0.005,,,5.77,0.5916650590393455,0.99,0.13666666666666666,5.5,0.0016160191761696834,0.004336255879333959,0.23859649122807017,0.02982456140350877,0.005263157894736842,0.0,1.9592198581560283,4.0,0.010526315789473684,0.37894736842105264,10.531578947368422,0.21987643219610903,0.5810193321616872,0.0058820052684150055,3.8045977011494254,0.8079102329648629,0.0859649122807017,0.950877192982456,0.9533333333333334,0.894912957912311,30,False,2378.0
3,paper,paper_18,18,28,3165569293,1430951227,"[28, 57, 70, 121, 123, 130, 148, 166, 167, 171, 201, 214, 219, 230, 246, 252, 273, 296, 328, 340, 371, 382, 394, 403, 422, 425, 490, 497, 505, 585]","[322, 502, 84, 434, 156, 305, 14, 133, 585, 268, 175, 310, 298, 29, 392, 15, 438, 445, 189, 450, 406, 291, 169, 22, 119, 331, 381, 186, 236, 231]",600,30,0.7,,,,,2.0,0.005,,,5.77,0.5916650590393455,0.99,0.13666666666666666,5.3,0.0015518334568198607,0.0033216911473954286,0.24035087719298245,0.02631578947368421,0.0035087719298245615,0.0,1.9361702127659575,4.0,0.010526315789473684,0.3192982456140351,10.743859649122808,0.2221442019624088,0.5782258810470817,0.004950474174612105,3.6873563218390806,0.7628616847579566,0.0771929824561403,0.4122807017543859,0.4416666666666666,0.9237871250370516,30,False,1722.0
3,paper,paper_18,18,29,3165569293,1378775299,"[4, 21, 27, 63, 99, 170, 191, 194, 227, 246, 278, 292, 303, 315, 344, 382, 401, 405, 435, 442, 452, 453, 456, 459, 476, 512, 555, 558, 565, 577]","[594, 127, 579, 399, 76, 553, 140, 284, 94, 392, 487, 304, 281, 246, 563, 291, 427, 523, 249, 32, 313, 255, 473, 597, 560, 99, 312, 503, 36, 321]",600,30,0.7,,,,,2.0,0.005,,,5.77,0.5916650590393455,0.99,0.13666666666666666,4.7,0.001415601520941805,0.002678570351010452,0.20701754385964913,0.03333333333333333,0.005263157894736842,0.0,2.051418439716312,4.0,0.010526315789473684,0.2754385964912281,9.4,0.20010420202405108,0.6294514845990196,0.006722802402315587,3.8942528735632185,0.7552307046479785,0.0947368421052631,0.9543859649122808,0.9566666666666668,0.9057807920034976,30,False,2376.0
3,paper,paper_18,18,30,3165569293,1395093433,"[2, 14, 107, 113, 164, 174, 175, 191, 199, 205, 212, 231, 236, 280, 294, 330, 362, 380, 402, 427, 446, 470, 494, 495, 505, 569, 583, 589, 596, 599]","[592, 145, 168, 511, 498, 316, 271, 140, 460, 524, 496, 532, 475, 580, 354, 228, 85, 334, 41, 234, 208, 138, 170, 206, 236, 167, 530, 470, 260, 88]",600,30,0.7,,,,,2.0,0.005,,,5.77,0.5916650590393455,0.99,0.13666666666666666,4.633333333333334,0.0013905698407533076,0.0028564043566741775,0.21052631578947367,0.02456140350877193,0.0017543859649122807,0.0,2.00354609929078,4.0,0.010526315789473684,0.2614035087719298,9.52280701754386,0.19917194955436646,0.6240680788086208,0.003810461569082258,3.871264367816092,0.7780508830387644,0.0614035087719298,0.2666666666666666,0.3033333333333333,0.9424788750475273,30,False,1578.0
3,paper,paper_18,18,31,3165569293,437929587,"[57, 58, 70, 86, 109, 124, 163, 168, 244, 273, 282, 286, 304, 334, 342, 388, 390, 396, 422, 428, 475, 487, 511, 522, 533, 574, 583, 589, 590, 593]","[502, 358, 84, 35, 257, 454, 309, 436, 97, 438, 357, 484, 240, 205, 218, 7, 232, 478, 119, 275, 543, 44, 417, 367, 203, 193, 530, 470, 20, 505]",600,30,0.7,,,,,2.0,0.005,,,5.77,0.5916650590393455,0.99,0.13666666666666666,5.133333333333334,0.001503860184546541,0.003562745854024638,0.21754385964912282,0.031578947368421054,0.005263157894736842,0.0,1.9929203539823008,4.0,0.008771929824561403,0.3280701754385965,10.836842105263157,0.20678547221766008,0.6130484383189961,0.006245941159734263,3.5985221674876846,0.7808368287929942,0.087719298245614,0.9596491228070176,0.9616666666666668,0.8956274170195684,30,False,2376.0
3,paper,paper_18,18,32,3165569293,2215726725,"[6, 10, 14, 23, 39, 43, 99, 111, 191, 192, 217, 224, 228, 252, 258, 274, 292, 293, 294, 382, 452, 463, 474, 484, 533, 542, 555, 570, 576, 579]","[472, 230, 145, 122, 444, 448, 76, 481, 140, 34, 13, 329, 173, 15, 272, 161, 304, 535, 354, 291, 313, 377, 45, 469, 203, 223, 312, 366, 253, 440]",600,30,0.7,,,,,2.0,0.005,,,5.77,0.5916650590393455,0.99,0.13666666666666666,5.8,0.00166317359392181,0.003158260982966224,0.23508771929824562,0.05087719298245614,0.005263157894736842,0.0,1.9574468085106382,4.0,0.010526315789473684,0.3543859649122807,11.06842105263158,0.22631782715124407,0.5859340794869423,0.0072165838443728906,3.5839080459770116,0.721938362979643,0.0719298245614035,0.9192982456140352,0.9233333333333332,0.8810982500435784,29,True,2366.0
3,paper,paper_18,18,33,3165569293,2557969244,"[36, 61, 88, 105, 138, 168, 172, 177, 178, 179, 190, 214, 216, 253, 336, 390, 451, 467, 474, 476, 487, 489, 500, 526, 529, 535, 542, 549, 550, 553]","[589, 410, 8, 372, 395, 436, 244, 235, 492, 500, 562, 310, 342, 430, 219, 232, 577, 204, 45, 560, 44, 31, 5, 264, 65, 178, 223, 561, 485, 141]",600,30,0.7,,,,,2.0,0.005,,,5.77,0.5916650590393455,0.99,0.13666666666666666,4.533333333333333,0.0013575427589709655,0.002784917088547982,0.18771929824561404,0.021052631578947368,0.008771929824561403,0.0,2.0814159292035397,4.0,0.008771929824561403,0.2771929824561403,9.614035087719298,0.17794075241078997,0.6605741066198009,0.005764111367559644,3.7413793103448274,0.7617288949993296,0.0701754385964912,0.3192982456140351,0.3533333333333333,0.918849042034708,30,False,1634.0
3,paper,paper_18,18,34,3165569293,3533687920,"[9, 48, 75, 104, 119, 176, 207, 208, 233, 236, 240, 245, 294, 308, 320, 322, 411, 413, 422, 435, 442, 455, 476, 487, 497, 509, 515, 534, 575, 594]","[391, 11, 351, 130, 100, 194, 441, 254, 443, 475, 54, 59, 354, 256, 70, 162, 10, 1, 119, 249, 32, 112, 560, 44, 186, 547, 299, 493, 267, 463]",600,30,0.7,,,,,2.0,0.005,,,5.77,0.5916650590393455,0.99,0.13666666666666666,6.066666666666666,0.0017335377321903032,0.0045353341132346615,0.2543859649122807,0.04912280701754386,0.0017543859649122807,0.0,1.9148936170212767,4.0,0.010526315789473684,0.39649122807017545,10.926315789473684,0.23706316711236966,0.557574075787007,0.005433511252476771,3.7517241379310344,0.7162165375702482,0.087719298245614,0.9456140350877194,0.9483333333333334,0.7224085419438779,24,True,2376.0
3,paper,paper_18,18,35,3165569293,904580442,"[52, 89, 95, 109, 132, 162, 167, 174, 178, 221, 234, 278, 281, 288, 294, 320, 323, 339, 351, 373, 380, 410, 418, 424, 428, 429, 479, 496, 565, 566]","[220, 180, 79, 257, 544, 278, 585, 316, 492, 181, 28, 487, 408, 233, 354, 70, 433, 47, 209, 332, 334, 25, 373, 164, 275, 23, 518, 360, 36, 191]",600,30,0.7,,,,,2.0,0.005,,,5.77,0.5916650590393455,0.99,0.13666666666666666,5.433333333333334,0.0016183449722474402,0.003474048053434976,0.23157894736842105,0.031578947368421054,0.0017543859649122807,0.0,1.946808510638298,3.0,0.010526315789473684,0.3192982456140351,10.224561403508773,0.2173506585681007,0.5914778158048901,0.004581157329636031,3.802298850574713,0.7269679537026822,0.0789473684210526,0.143859649122807,0.1866666666666666,0.924104708014056,30,True,1486.0
3,paper,paper_18,18,36,3165569293,722013989,"[9, 32, 35, 39, 79, 96, 118, 119, 190, 202, 209, 214, 236, 239, 249, 253, 258, 262, 370, 373, 397, 426, 437, 447, 471, 475, 485, 493, 523, 584]","[391, 457, 479, 444, 374, 226, 4, 100, 562, 405, 346, 310, 475, 126, 350, 430, 272, 541, 401, 332, 418, 425, 30, 315, 519, 543, 135, 123, 153, 149]",600,30,0.7,,,,,2.0,0.005,,,5.77,0.5916650590393455,0.99,0.13666666666666666,5.8,0.001667852375064619,0.004344728089540251,0.24912280701754386,0.03333333333333333,0.005263157894736842,0.0,1.9202127659574468,4.0,0.010526315789473684,0.3473684210526316,10.794736842105262,0.2293134999416587,0.565097277464311,0.004272484487903095,3.689655172413793,0.8039914974520058,0.0666666666666666,0.3175438596491228,0.3516666666666667,0.9223425829550252,30,False,1618.0
3,paper,paper_18,18,37,3165569293,2313111794,"[1, 3, 15, 24, 38, 65, 67, 81, 94, 118, 123, 152, 153, 161, 170, 179, 195, 202, 225, 226, 292, 389, 399, 402, 445, 465, 478, 540, 583, 599]","[575, 182, 50, 590, 137, 568, 0, 593, 81, 4, 156, 521, 362, 545, 553, 500, 528, 405, 131, 359, 304, 578, 263, 41, 378, 582, 202, 53, 530, 88]",600,30,0.7,,,,,2.0,0.005,,,5.77,0.5916650590393455,0.99,0.13666666666666666,7.566666666666666,0.002088857454157204,0.00876058677341206,0.3017543859649123,0.06315789473684211,0.015789473684210527,0.0,1.803191489361702,4.0,0.010526315789473684,0.4666666666666667,12.412280701754385,0.27239889740490625,0.4902537538926402,0.007877687301210738,3.4,0.7728148013999895,0.0842105263157894,0.9421052631578948,0.945,0.8805757500231266,29,True,2378.0
3,paper,paper_18,18,38,3165569293,1765511541,"[47, 58, 62, 74, 90, 115, 148, 162, 205, 207, 232, 233, 263, 282, 291, 295, 342, 347, 351, 353, 373, 400, 404, 406, 421, 436, 481, 519, 537, 539]","[285, 358, 262, 107, 318, 132, 14, 278, 524, 441, 288, 443, 567, 357, 277, 506, 218, 307, 209, 549, 332, 197, 250, 276, 201, 383, 292, 80, 599, 453]",600,30,0.7,,,,,2.0,0.005,,,5.77,0.5916650590393455,0.99,0.13666666666666666,5.9,0.00170529343965322,0.0035779266719898895,0.2596491228070175,0.04035087719298246,0.0,0.0,1.9148936170212767,4.0,0.010526315789473684,0.3508771929824561,10.887719298245614,0.2407303779199756,0.5493602195294915,0.004607031838269161,3.682758620689655,0.7369210703447151,0.1035087719298245,0.956140350877193,0.9583333333333334,0.9035510000539944,30,False,2378.0
3,paper,paper_18,18,39,3165569293,3834958568,"[50, 54, 72, 84, 90, 107, 119, 126, 127, 168, 182, 231, 234, 273, 280, 296, 331, 407, 414, 423, 436, 445, 448, 449, 463, 471, 509, 524, 525, 594]","[78, 317, 68, 471, 318, 168, 100, 124, 462, 436, 538, 532, 28, 438, 580, 445, 442, 114, 333, 269, 383, 378, 467, 24, 377, 519, 547, 393, 400, 463]",600,30,0.7,,,,,2.0,0.005,,,5.77,0.5916650590393455,0.99,0.13666666666666666,6.466666666666667,0.0018380582470177214,0.005469576748474979,0.2754385964912281,0.043859649122807015,0.007017543859649123,0.0,1.874113475177305,4.0,0.010526315789473684,0.39824561403508774,11.201754385964913,0.25131399480625294,0.5266179508525267,0.006262035129583553,3.6,0.7591494401608353,0.0912280701754386,0.6,0.62,0.923428958049044,30,False,1900.0
3,paper,paper_18,18,40,3165569293,3324289526,"[7, 18, 61, 76, 79, 160, 194, 263, 264, 298, 354, 356, 357, 362, 363, 371, 377, 385, 396, 399, 404, 447, 449, 451, 458, 478, 516, 526, 560, 567]","[225, 508, 410, 259, 374, 57, 284, 567, 174, 546, 551, 98, 504, 85, 489, 406, 90, 364, 478, 263, 250, 315, 24, 577, 179, 202, 534, 264, 557, 428]",600,30,0.7,,,,,2.0,0.005,,,5.77,0.5916650590393455,0.99,0.13666666666666666,6.266666666666667,0.0017936341184543762,0.006495038496302657,0.256140350877193,0.043859649122807015,0.012280701754385965,0.0,1.9113475177304964,4.0,0.010526315789473684,0.4298245614035088,11.16140350877193,0.23751116548138984,0.5548361237011685,0.006462004058881366,3.6942528735632183,0.7450710970902099,0.0912280701754386,0.9421052631578948,0.945,0.8952412500511855,30,False,2378.0
3,paper,paper_18,18,41,3165569293,1963042949,"[51, 58, 59, 62, 73, 75, 131, 163, 185, 249, 252, 304, 309, 339, 358, 365, 381, 382, 404, 431, 445, 450, 467, 470, 471, 478, 566, 578, 584, 588]","[447, 358, 555, 262, 302, 351, 474, 309, 311, 350, 15, 240, 456, 47, 323, 588, 556, 291, 250, 328, 378, 2, 204, 138, 519, 202, 191, 106, 149, 283]",600,30,0.7,,,,,2.0,0.005,,,5.77,0.5916650590393455,0.99,0.13666666666666666,6.2,0.0017739757667988676,0.004913021336545028,0.25263157894736843,0.042105263157894736,0.007017543859649123,0.0,1.9113475177304964,4.0,0.010526315789473684,0.38596491228070173,11.180701754385964,0.23615448691298146,0.5598187031726944,0.006810652411378365,3.6758620689655173,0.7880039996807972,0.0859649122807017,0.9543859649122808,0.9566666666666668,0.9006433340255171,30,False,2378.0
3,paper,paper_18,18,42,3165569293,958401487,"[18, 42, 47, 49, 100, 129, 174, 190, 205, 206, 241, 244, 288, 320, 330, 355, 369, 410, 416, 458, 487, 496, 512, 521, 524, 540, 543, 582, 592, 593]","[508, 17, 285, 72, 529, 287, 316, 562, 524, 415, 566, 97, 233, 70, 228, 177, 569, 25, 355, 179, 44, 360, 99, 464, 393, 53, 110, 540, 241, 505]",600,30,0.7,,,,,2.0,0.005,,,5.77,0.5916650590393455,0.99,0.13666666666666666,5.5,0.0016009291720878237,0.0034989396842887016,0.24035087719298245,0.02982456140350877,0.008771929824561403,0.0,1.929078014184397,3.0,0.010526315789473684,0.3508771929824561,10.66842105263158,0.22252252225032884,0.5782752135170968,0.005748025683437235,3.786206896551724,0.7499946230092036,0.0649122807017543,0.475438596491228,0.5016666666666667,0.9193438750226052,30,False,1754.0
3,paper,paper_18,18,43,3165569293,804697271,"[10, 34, 66, 79, 109, 120, 197, 210, 230, 234, 264, 267, 291, 296, 316, 320, 331, 337, 401, 408, 419, 428, 436, 445, 485, 585, 587, 590, 598, 599]","[230, 422, 379, 374, 257, 27, 92, 64, 29, 28, 174, 389, 277, 445, 42, 70, 442, 494, 427, 514, 212, 275, 383, 378, 135, 231, 352, 20, 435, 88]",600,30,0.7,,,,,2.0,0.005,,,5.77,0.5916650590393455,0.99,0.13666666666666666,5.866666666666666,0.0016971372127425677,0.004700384421348713,0.24561403508771928,0.03684210526315789,0.0035087719298245615,0.0,1.9308510638297873,4.0,0.010526315789473684,0.33157894736842103,10.128070175438596,0.22352414922068828,0.5710603397773872,0.00581988912912161,3.7471264367816093,0.768304257312467,0.0719298245614035,0.9491228070175438,0.9516666666666668,0.920335792005062,30,False,2374.0
3,paper,paper_18,18,44,3165569293,43998547,"[7, 9, 100, 145, 151, 174, 192, 198, 239, 242, 249, 306, 325, 344, 360, 361, 383, 422, 441, 443, 444, 457, 466, 471, 479, 501, 513, 515, 523, 577]","[225, 391, 529, 297, 63, 316, 34, 187, 126, 142, 350, 301, 382, 563, 139, 536, 157, 119, 380, 3, 349, 227, 339, 519, 518, 510, 6, 299, 153, 321]",600,30,0.7,,,,,2.0,0.005,,,5.77,0.5916650590393455,0.99,0.13666666666666666,4.966666666666667,0.0014998689512627612,0.0035551427373823282,0.21403508771929824,0.02631578947368421,0.0035087719298245615,0.0,2.0106382978723403,4.0,0.010526315789473684,0.2543859649122807,8.891228070175439,0.19983215928088124,0.618919002250794,0.004529757598723116,3.972413793103448,0.7869992092746602,0.0666666666666666,0.6280701754385964,0.6466666666666666,0.917273540981114,30,False,1900.0
3,paper,paper_18,18,45,3165569293,803932362,"[0, 3, 5, 34, 35, 58, 61, 115, 149, 166, 187, 195, 202, 248, 297, 305, 322, 332, 397, 407, 421, 436, 452, 457, 489, 495, 533, 551, 557, 568]","[509, 182, 414, 422, 479, 358, 410, 132, 465, 133, 146, 528, 405, 348, 159, 89, 162, 274, 418, 114, 201, 383, 313, 227, 31, 206, 203, 75, 368, 154]",600,30,0.7,,,,,2.0,0.005,,,5.77,0.5916650590393455,0.99,0.13666666666666666,6.166666666666667,0.001763411859256466,0.004649500089724979,0.27017543859649124,0.04912280701754386,0.0017543859649122807,0.0,1.8900709219858156,4.0,0.010526315789473684,0.38596491228070173,10.54561403508772,0.2491762307193202,0.5342459840286128,0.004973439953126833,3.7264367816091952,0.7667804202708135,0.0894736842105263,0.9578947368421052,0.96,0.7298534590518102,24,True,2378.0
3,paper,paper_18,18,46,3165569293,421402944,"[6, 20, 27, 56, 60, 74, 162, 171, 215, 237, 244, 256, 258, 271, 281, 333, 337, 355, 362, 384, 390, 393, 401, 454, 460, 501, 535, 563, 566, 591]","[472, 507, 579, 426, 306, 107, 278, 268, 452, 437, 97, 573, 272, 144, 408, 294, 494, 177, 85, 564, 232, 239, 427, 198, 499, 510, 178, 477, 191, 347]",600,30,0.7,,,,,2.0,0.005,,,5.77,0.5916650590393455,0.99,0.13666666666666666,5.066666666666666,0.0015054516197166089,0.0034849173969121834,0.22456140350877193,0.03333333333333333,0.0017543859649122807,0.0,1.975221238938053,4.0,0.008771929824561403,0.3105263157894737,9.940350877192982,0.209447242711034,0.6023987913544846,0.0054982756706894636,3.731527093596059,0.7897851550288902,0.0666666666666666,0.4578947368421052,0.485,0.9199340830091388,30,False,1734.0
3,paper,paper_18,18,47,3165569293,2508822778,"[5, 19, 26, 73, 77, 99, 100, 106, 121, 148, 203, 206, 207, 256, 286, 300, 306, 339, 342, 348, 350, 374, 378, 391, 455, 472, 493, 496, 517, 585]","[414, 552, 117, 302, 398, 76, 529, 439, 434, 14, 101, 415, 441, 573, 484, 151, 301, 47, 218, 325, 413, 111, 188, 163, 112, 237, 123, 360, 52, 231]",600,30,0.7,,,,,2.0,0.005,,,5.77,0.5916650590393455,0.99,0.13666666666666666,6.066666666666666,0.0017467728687450405,0.004638467381467562,0.24736842105263157,0.042105263157894736,0.007017543859649123,0.0,1.9131205673758864,4.0,0.010526315789473684,0.35789473684210527,10.712280701754386,0.22965693438415982,0.5678475626676533,0.006937357656600975,3.7195402298850575,0.6839070517596048,0.0982456140350877,0.9491228070175438,0.9516666666666668,0.8778499580221251,30,False,2378.0
3,paper,paper_18,18,48,3165569293,291999270,"[6, 18, 42, 46, 59, 60, 72, 99, 129, 134, 192, 211, 214, 223, 240, 243, 262, 330, 358, 371, 378, 417, 422, 441, 486, 490, 515, 543, 563, 585]","[472, 508, 17, 192, 555, 306, 68, 76, 287, 455, 34, 300, 310, 77, 54, 416, 541, 228, 323, 406, 188, 296, 119, 380, 542, 381, 299, 110, 477, 231]",600,30,0.7,,,,,2.0,0.005,,,5.77,0.5916650590393455,0.99,0.13666666666666666,5.133333333333334,0.0015110666624002442,0.002756720074063054,0.21754385964912282,0.031578947368421054,0.005263157894736842,0.0,2.024822695035461,4.0,0.010526315789473684,0.3017543859649123,10.096491228070175,0.20767621436913494,0.6130114389664848,0.00640954830610003,3.7264367816091952,0.7809648281454844,0.087719298245614,0.950877192982456,0.9533333333333334,0.8915606249356642,30,False,2378.0
3,paper,paper_18,18,49,3165569293,1658563405,"[27, 35, 49, 66, 82, 134, 144, 149, 194, 212, 232, 249, 279, 308, 329, 339, 368, 377, 396, 402, 434, 435, 476, 482, 527, 538, 542, 559, 565, 584]","[579, 479, 72, 379, 196, 455, 486, 465, 284, 496, 288, 350, 160, 256, 554, 47, 396, 90, 478, 41, 431, 249, 560, 375, 424, 95, 223, 330, 36, 149]",600,30,0.7,,,,,2.0,0.005,,,5.77,0.5916650590393455,0.99,0.13666666666666666,5.1,0.001502190651301908,0.0031203497626083416,0.22105263157894736,0.02631578947368421,0.005263157894736842,0.0,1.9716814159292035,4.0,0.008771929824561403,0.3157894736842105,10.663157894736843,0.20633857242333237,0.6077698640273795,0.005348594572732503,3.6748768472906406,0.7720165019095884,0.0824561403508772,0.963157894736842,0.965,0.8926074159098789,30,False,2378.0
3,paper,paper_19,19,0,562310258,3769948186,"[21, 39, 66, 68, 78, 93, 136, 178, 179, 186, 207, 217, 257, 286, 307, 310, 313, 323, 326, 354, 372, 429, 430, 444, 456, 458, 476, 564, 587, 595]","[60, 592, 437, 93, 296, 500, 22, 376, 288, 79, 299, 258, 443, 44, 253, 57, 58, 5, 146, 168, 506, 407, 91, 493, 265, 373, 444, 266, 484, 159]",600,30,0.7,,,,,2.0,0.005,,,3.9283333333333332,0.5408507137021084,0.9733333333333334,0.07,4.066666666666666,0.0017336609978903584,0.004626696005801178,0.18947368421052632,0.012280701754385965,0.0017543859649122807,0.0,2.2882882882882885,6.0,0.02631578947368421,0.06842105263157895,3.5526315789473686,0.17886545565980305,0.6576449912126537,0.0024603174603174604,4.766009852216749,0.7012760756585014,0.0666666666666666,0.1666666666666666,0.2083333333333333,0.9419968329602852,28,True,1192.0
3,paper,paper_19,19,1,562310258,2433423861,"[9, 31, 70, 100, 103, 106, 130, 136, 141, 183, 187, 203, 221, 234, 235, 243, 317, 342, 354, 373, 445, 464, 465, 469, 474, 487, 504, 516, 532, 573]","[195, 154, 116, 223, 120, 304, 231, 22, 314, 89, 317, 257, 576, 404, 335, 113, 75, 590, 168, 111, 386, 250, 482, 28, 141, 294, 182, 514, 196, 48]",600,30,0.7,,,,,2.0,0.005,,,3.9283333333333332,0.5408507137021084,0.9733333333333334,0.07,3.533333333333333,0.0015552527172524946,0.007313533658889333,0.15789473684210525,0.01929824561403509,0.0017543859649122807,0.0,2.3429602888086642,5.0,0.028070175438596492,0.07719298245614035,3.442105263157895,0.15468611109405822,0.7095982486973145,0.004027409372236958,4.977011494252873,0.734933632284534,0.0578947368421052,0.1701754385964912,0.2116666666666666,0.981984000070952,30,False,1160.0
3,paper,paper_19,19,2,562310258,793652853,"[42, 48, 63, 66, 97, 145, 160, 166, 208, 221, 245, 283, 308, 348, 363, 371, 387, 406, 470, 472, 477, 490, 492, 517, 519, 567, 586, 588, 594, 596]","[405, 559, 436, 437, 468, 403, 52, 256, 499, 576, 384, 273, 473, 6, 70, 125, 348, 287, 205, 562, 574, 156, 409, 322, 242, 428, 426, 106, 65, 595]",600,30,0.7,,,,,2.0,0.005,,,3.9283333333333332,0.5408507137021084,0.9733333333333334,0.07,3.8666666666666667,0.0016530948690144495,0.005305426898973489,0.17719298245614035,0.012280701754385965,0.0,0.0,2.264864864864865,5.0,0.02631578947368421,0.08947368421052632,3.7842105263157895,0.1702148925345152,0.6775259766287424,0.0022568874293012226,4.770935960591133,0.7067983032040842,0.0684210526315789,0.1947368421052631,0.235,0.9668350419960916,30,False,1172.0
3,paper,paper_19,19,3,562310258,441855661,"[31, 57, 66, 88, 108, 127, 164, 175, 176, 179, 213, 222, 284, 290, 308, 331, 335, 360, 380, 391, 401, 407, 413, 473, 493, 498, 506, 523, 527, 589]","[154, 222, 437, 243, 328, 584, 29, 33, 107, 288, 88, 321, 69, 433, 473, 66, 453, 218, 339, 430, 267, 178, 568, 179, 9, 529, 216, 530, 109, 16]",600,30,0.7,,,,,2.0,0.005,,,3.9283333333333332,0.5408507137021084,0.9733333333333334,0.07,3.6666666666666665,0.0015622044645530093,0.004728939098815782,0.17017543859649123,0.01929824561403509,0.0035087719298245615,0.0,2.3537906137184117,5.0,0.028070175438596492,0.09473684210526316,3.805263157894737,0.1673548190688676,0.6889834427897512,0.0043934418072349105,4.636781609195403,0.7451897878879632,0.0719298245614035,0.1824561403508772,0.2233333333333333,1.126899832976051,30,False,1208.0
3,paper,paper_19,19,4,562310258,3327430413,"[37, 39, 43, 62, 75, 76, 154, 166, 201, 279, 291, 296, 314, 328, 355, 357, 389, 392, 395, 418, 469, 473, 483, 515, 517, 524, 527, 529, 545, 562]","[226, 592, 419, 143, 522, 463, 552, 256, 23, 564, 551, 517, 147, 163, 158, 224, 593, 459, 172, 280, 28, 179, 385, 370, 322, 169, 109, 374, 110, 362]",600,30,0.7,,,,,2.0,0.005,,,3.9283333333333332,0.5408507137021084,0.9733333333333334,0.07,4.033333333333333,0.0016748521317565491,0.006442300100976561,0.18596491228070175,0.015789473684210527,0.0,0.0,2.264864864864865,5.0,0.02631578947368421,0.09473684210526316,3.9368421052631577,0.1769370193599293,0.6632812259118799,0.0023062569614293754,4.6330049261083746,0.7213472958118337,0.0561403508771929,0.1771929824561403,0.2183333333333333,0.915042458102107,29,True,1180.0
3,paper,paper_19,19,5,562310258,3603081980,"[13, 38, 110, 123, 126, 170, 195, 197, 199, 204, 205, 210, 213, 227, 258, 273, 292, 333, 341, 403, 427, 455, 468, 485, 506, 509, 521, 540, 566, 571]","[121, 429, 90, 155, 515, 523, 354, 207, 451, 220, 225, 580, 88, 578, 197, 483, 479, 573, 134, 162, 509, 161, 337, 139, 216, 326, 13, 503, 203, 510]",600,30,0.7,,,,,2.0,0.005,,,3.9283333333333332,0.5408507137021084,0.9733333333333334,0.07,4.033333333333333,0.001741571271333535,0.006588935684135365,0.17894736842105263,0.015789473684210527,0.0,0.0,2.3225225225225223,6.0,0.02631578947368421,0.0912280701754386,3.6894736842105265,0.17023690549775355,0.6748311904541671,0.002379443672547121,4.802955665024631,0.6774335835823718,0.0456140350877193,0.0666666666666666,0.1133333333333333,0.9580392909701914,30,False,1116.0
3,paper,paper_19,19,6,562310258,598655892,"[13, 35, 69, 80, 98, 155, 159, 168, 177, 185, 208, 283, 285, 328, 338, 348, 417, 418, 428, 472, 496, 499, 502, 507, 512, 517, 527, 575, 595, 598]","[121, 232, 563, 133, 441, 356, 262, 151, 561, 325, 499, 273, 462, 163, 101, 6, 535, 280, 361, 562, 460, 309, 487, 300, 368, 322, 109, 188, 159, 82]",600,30,0.7,,,,,2.0,0.005,,,3.9283333333333332,0.5408507137021084,0.9733333333333334,0.07,3.966666666666667,0.0016467564707809941,0.005329693479903452,0.18771929824561404,0.010526315789473684,0.0,0.0,2.2490974729241877,5.0,0.028070175438596492,0.10350877192982456,3.9280701754385965,0.17703261684596694,0.66050627447353,0.0017989417989417987,4.744827586206896,0.7213472958118335,0.0508771929824561,0.1385964912280701,0.1816666666666666,0.772339417017065,24,True,1154.0
3,paper,paper_19,19,7,562310258,353293326,"[31, 32, 40, 80, 95, 139, 148, 150, 163, 168, 176, 179, 192, 207, 213, 227, 251, 291, 304, 310, 349, 367, 385, 387, 436, 488, 509, 539, 563, 589]","[154, 548, 536, 133, 448, 345, 333, 577, 261, 151, 107, 288, 71, 299, 88, 578, 431, 551, 249, 57, 164, 599, 305, 348, 440, 352, 326, 219, 217, 16]",600,30,0.7,,,,,2.0,0.005,,,3.9283333333333332,0.5408507137021084,0.9733333333333334,0.07,3.4,0.0014923584053267137,0.004741058319916855,0.14385964912280702,0.015789473684210527,0.0017543859649122807,0.0,2.4216216216216218,6.0,0.02631578947368421,0.08070175438596491,3.519298245614035,0.14219973285077833,0.7332963339808221,0.0037319832147418353,4.74384236453202,0.7433918909555197,0.0561403508771929,0.1385964912280701,0.1816666666666666,0.6975805000402033,21,True,1140.0
3,paper,paper_19,19,8,562310258,1852166729,"[5, 36, 41, 49, 96, 106, 149, 188, 199, 207, 210, 314, 349, 351, 379, 400, 427, 443, 453, 473, 474, 480, 528, 543, 561, 564, 571, 578, 586, 588]","[19, 512, 173, 585, 527, 304, 180, 553, 451, 299, 580, 147, 164, 478, 486, 47, 509, 415, 279, 179, 141, 284, 298, 183, 537, 266, 510, 26, 426, 106]",600,30,0.7,,,,,2.0,0.005,,,3.9283333333333332,0.5408507137021084,0.9733333333333334,0.07,4.033333333333333,0.0017323985846771713,0.006168877046328322,0.18596491228070175,0.015789473684210527,0.0,0.0,2.2617328519855597,5.0,0.028070175438596492,0.07894736842105263,3.7771929824561403,0.17679235629583478,0.6633120587056394,0.0026774311257069874,4.7701149425287355,0.7231451927442771,0.0526315789473684,0.1122807017543859,0.1566666666666666,0.9588473329786212,30,False,1150.0
3,paper,paper_19,19,9,562310258,3920452559,"[0, 1, 31, 33, 78, 101, 119, 174, 196, 236, 249, 258, 261, 270, 274, 283, 322, 326, 327, 374, 388, 390, 395, 436, 465, 473, 488, 489, 563, 598]","[214, 439, 154, 558, 296, 423, 259, 504, 596, 4, 175, 197, 394, 87, 215, 273, 165, 146, 102, 132, 312, 277, 172, 440, 482, 179, 352, 520, 217, 82]",600,30,0.7,,,,,2.0,0.005,,,3.9283333333333332,0.5408507137021084,0.9733333333333334,0.07,3.3666666666666667,0.0015153023795427413,0.00536812985472735,0.156140350877193,0.0035087719298245615,0.0,0.0,2.3855855855855856,5.0,0.02631578947368421,0.043859649122807015,2.9964912280701754,0.14839443928477755,0.7126506952794993,0.0010344827586206897,5.110837438423645,0.7349336322845339,0.0561403508771929,0.0929824561403508,0.1383333333333333,0.9299935000017284,29,True,1122.0
3,paper,paper_19,19,10,562310258,1436537773,"[7, 33, 43, 57, 107, 113, 114, 157, 187, 211, 221, 275, 279, 281, 314, 349, 402, 403, 406, 423, 438, 446, 456, 465, 471, 473, 510, 532, 557, 586]","[418, 558, 419, 222, 518, 63, 230, 269, 317, 364, 576, 54, 564, 32, 147, 164, 357, 162, 287, 112, 94, 12, 265, 482, 570, 179, 556, 196, 545, 426]",600,30,0.7,,,,,2.0,0.005,,,3.9283333333333332,0.5408507137021084,0.9733333333333334,0.07,3.2333333333333334,0.0014124898647690435,0.004619720550363906,0.15087719298245614,0.010526315789473684,0.0017543859649122807,0.0,2.3620071684587813,5.0,0.021052631578947368,0.04736842105263158,3.0789473684210527,0.14530097729438754,0.7214750408534517,0.002014396841983049,4.929230769230769,0.7621063052299347,0.0508771929824561,0.1,0.145,0.7928332920419052,24,True,1148.0
3,paper,paper_19,19,11,562310258,4145880494,"[52, 57, 70, 74, 82, 94, 105, 108, 110, 126, 175, 186, 203, 206, 214, 219, 235, 277, 291, 321, 326, 456, 471, 473, 476, 501, 525, 564, 565, 573]","[74, 222, 116, 351, 594, 3, 572, 328, 90, 515, 33, 79, 257, 275, 358, 78, 335, 167, 551, 521, 146, 265, 570, 179, 444, 350, 105, 266, 36, 48]",600,30,0.7,,,,,2.0,0.005,,,3.9283333333333332,0.5408507137021084,0.9733333333333334,0.07,3.5,0.001529733616214947,0.006190082892380999,0.15789473684210525,0.02280701754385965,0.0,0.0,2.354954954954955,5.0,0.02631578947368421,0.054385964912280704,3.424561403508772,0.15702895996212826,0.7094810840810286,0.0037585211723142756,4.943349753694581,0.7562998244887617,0.0649122807017543,0.1122807017543859,0.1566666666666666,0.8785562500124797,27,True,1146.0
3,paper,paper_19,19,12,562310258,4096726505,"[17, 26, 53, 90, 91, 101, 128, 141, 152, 158, 171, 192, 203, 212, 238, 240, 280, 292, 295, 327, 355, 377, 440, 463, 480, 556, 563, 572, 574, 587]","[347, 408, 291, 505, 122, 423, 189, 314, 377, 171, 53, 71, 257, 467, 416, 270, 307, 479, 77, 102, 158, 98, 324, 485, 284, 516, 217, 547, 85, 484]",600,30,0.7,,,,,2.0,0.005,,,3.9283333333333332,0.5408507137021084,0.9733333333333334,0.07,4.1,0.0017824288015069036,0.006753124460115936,0.17719298245614035,0.012280701754385965,0.0017543859649122807,0.0,2.2882882882882885,5.0,0.02631578947368421,0.08771929824561403,3.7666666666666666,0.16789613164760064,0.6776801405975396,0.0036342329445777726,4.724137931034483,0.7503178656896777,0.0736842105263157,0.1684210526315789,0.21,0.8036124999634922,24,True,1206.0
3,paper,paper_19,19,13,562310258,625454325,"[8, 70, 114, 121, 139, 189, 262, 289, 290, 303, 322, 326, 366, 368, 376, 406, 410, 418, 422, 430, 462, 470, 476, 484, 523, 538, 553, 559, 589, 590]","[114, 116, 230, 43, 345, 571, 99, 488, 433, 193, 165, 146, 208, 389, 457, 287, 45, 280, 278, 91, 323, 205, 444, 332, 530, 375, 508, 68, 16, 581]",600,30,0.7,,,,,2.0,0.005,,,3.9283333333333332,0.5408507137021084,0.9733333333333334,0.07,4.066666666666666,0.0016970102944416296,0.005047179692521728,0.1824561403508772,0.017543859649122806,0.0,0.0,2.267148014440433,5.0,0.028070175438596492,0.10175438596491228,3.9543859649122806,0.1741568332008392,0.6690469583448956,0.0032613491234180893,4.537931034482758,0.7128890371408478,0.0578947368421052,0.1649122807017544,0.2066666666666666,0.9819006669567898,30,False,1192.0
3,paper,paper_19,19,14,562310258,3941372562,"[20, 24, 34, 35, 71, 82, 118, 160, 224, 234, 238, 248, 251, 267, 301, 304, 314, 327, 417, 421, 435, 445, 477, 503, 511, 531, 546, 559, 573, 588]","[185, 417, 174, 232, 140, 594, 152, 52, 330, 404, 416, 37, 431, 34, 62, 249, 147, 102, 535, 251, 575, 386, 574, 177, 25, 100, 238, 68, 48, 106]",600,30,0.7,,,,,2.0,0.005,,,3.9283333333333332,0.5408507137021084,0.9733333333333334,0.07,3.466666666666667,0.0015432312171886938,0.004833156925425143,0.156140350877193,0.012280701754385965,0.0,0.0,2.3927927927927928,5.0,0.02631578947368421,0.054385964912280704,3.26140350877193,0.1507132001716921,0.7125705300157247,0.0028416347381864625,5.014778325123153,0.7427134880160612,0.0473684210526315,0.0807017543859649,0.1266666666666666,0.9831024169689044,30,False,1116.0
3,paper,paper_19,19,15,562310258,1036834991,"[14, 21, 36, 65, 77, 96, 153, 191, 211, 255, 318, 326, 342, 359, 369, 389, 396, 420, 468, 482, 496, 499, 515, 523, 542, 552, 562, 571, 579, 586]","[543, 60, 512, 303, 95, 527, 532, 129, 364, 445, 560, 146, 590, 427, 414, 593, 166, 49, 337, 319, 460, 309, 370, 530, 115, 410, 362, 510, 20, 426]",600,30,0.7,,,,,2.0,0.005,,,3.9283333333333332,0.5408507137021084,0.9733333333333334,0.07,4.466666666666667,0.0018639266270235025,0.006494980019254372,0.19298245614035087,0.02280701754385965,0.0017543859649122807,0.0,2.236036036036036,5.0,0.02631578947368421,0.12280701754385964,4.196491228070175,0.18394718245007086,0.6519594240434126,0.0036629015939360766,4.426108374384237,0.7181925930004729,0.087719298245614,0.2263157894736842,0.265,0.970125374966301,30,False,1214.0
3,paper,paper_19,19,16,562310258,3965513389,"[15, 37, 47, 48, 74, 75, 77, 109, 116, 138, 142, 146, 161, 163, 167, 185, 256, 261, 263, 284, 287, 297, 415, 459, 463, 468, 478, 516, 527, 537]","[497, 226, 587, 559, 351, 522, 95, 379, 447, 366, 246, 469, 334, 261, 327, 325, 42, 394, 346, 69, 73, 313, 228, 525, 485, 337, 192, 514, 109, 589]",600,30,0.7,,,,,2.0,0.005,,,3.9283333333333332,0.5408507137021084,0.9733333333333334,0.07,4.466666666666667,0.0018171140430660465,0.0073504740220748785,0.18947368421052632,0.017543859649122806,0.0,0.0,2.2900900900900902,5.0,0.02631578947368421,0.14210526315789473,4.41578947368421,0.180128349371393,0.6576141584188944,0.00325131445821101,4.332512315270936,0.6638472471096712,0.0719298245614035,0.1947368421052631,0.235,0.9751711250282824,30,False,1186.0
3,paper,paper_19,19,17,562310258,298818374,"[31, 68, 76, 89, 93, 140, 144, 149, 173, 177, 184, 210, 214, 234, 238, 283, 297, 301, 335, 356, 418, 422, 445, 506, 512, 526, 556, 557, 570, 586]","[154, 93, 463, 541, 500, 41, 150, 180, 475, 561, 549, 580, 358, 404, 416, 273, 313, 62, 453, 190, 280, 278, 386, 216, 368, 263, 516, 545, 586, 426]",600,30,0.7,,,,,2.0,0.005,,,3.9283333333333332,0.5408507137021084,0.9733333333333334,0.07,3.8,0.001617154686272573,0.005296904639257923,0.17192982456140352,0.01929824561403509,0.0017543859649122807,0.0,2.3140794223826715,5.0,0.028070175438596492,0.10877192982456141,3.6491228070175437,0.16773087209377205,0.6861653254401381,0.004293012224046707,4.698850574712644,0.704430778469862,0.0666666666666666,0.131578947368421,0.175,0.8875337089411914,27,True,1164.0
3,paper,paper_19,19,18,562310258,3230239523,"[37, 38, 41, 46, 59, 62, 90, 91, 118, 122, 133, 140, 165, 178, 269, 275, 288, 295, 317, 358, 381, 393, 421, 442, 445, 466, 487, 498, 508, 574]","[226, 429, 173, 108, 97, 143, 505, 122, 152, 491, 149, 41, 117, 376, 46, 54, 310, 77, 75, 233, 286, 538, 251, 449, 386, 591, 294, 529, 181, 85]",600,30,0.7,,,,,2.0,0.005,,,3.9283333333333332,0.5408507137021084,0.9733333333333334,0.07,4.133333333333334,0.0017620110168821035,0.00688349468845846,0.17017543859649123,0.02280701754385965,0.0,0.0,2.3411552346570397,5.0,0.028070175438596492,0.08771929824561403,3.7280701754385963,0.1652413403860588,0.6890821077297814,0.004114378597137217,4.811494252873564,0.704430778469862,0.0561403508771929,0.0894736842105263,0.135,0.9696321670198812,30,False,1168.0
3,paper,paper_19,19,19,562310258,241009592,"[28, 55, 62, 78, 82, 122, 138, 163, 201, 230, 236, 247, 257, 272, 295, 298, 305, 311, 316, 362, 386, 427, 432, 437, 456, 458, 510, 539, 590, 591]","[412, 421, 143, 296, 594, 491, 366, 261, 23, 272, 4, 450, 443, 76, 77, 582, 285, 213, 229, 371, 276, 509, 494, 96, 265, 373, 556, 219, 581, 388]",600,30,0.7,,,,,2.0,0.005,,,3.9283333333333332,0.5408507137021084,0.9733333333333334,0.07,3.9,0.0017069149917374577,0.004924865585267876,0.18421052631578946,0.015789473684210527,0.0017543859649122807,0.0,2.317773788150808,5.0,0.02280701754385965,0.07192982456140351,3.5403508771929824,0.1748322733491784,0.6661856750840194,0.003856048166392994,4.685185185185185,0.6883681421252597,0.0631578947368421,0.0947368421052631,0.14,0.7233837919775397,22,True,1142.0
3,paper,paper_19,19,20,562310258,3050725983,"[50, 53, 54, 57, 60, 75, 83, 96, 168, 169, 184, 187, 188, 205, 232, 233, 236, 277, 285, 303, 354, 370, 384, 396, 398, 425, 430, 448, 554, 590]","[342, 291, 255, 222, 501, 522, 597, 527, 151, 211, 549, 317, 553, 225, 369, 11, 4, 167, 462, 193, 168, 289, 92, 166, 2, 355, 91, 206, 137, 581]",600,30,0.7,,,,,2.0,0.005,,,3.9283333333333332,0.5408507137021084,0.9733333333333334,0.07,3.433333333333333,0.001520122791224867,0.004170840905853235,0.16140350877192983,0.005263157894736842,0.0,0.0,2.2942238267148016,6.0,0.028070175438596492,0.04035087719298246,3.145614035087719,0.15362161906126093,0.7037955169117873,0.00090311986863711,5.241379310344827,0.6968264007962454,0.0333333333333333,0.0526315789473684,0.1,0.9836305420612916,30,False,1138.0
3,paper,paper_19,19,21,562310258,2778243465,"[45, 47, 82, 107, 126, 132, 149, 175, 186, 258, 266, 294, 310, 330, 359, 360, 385, 420, 440, 453, 458, 462, 513, 515, 516, 528, 544, 567, 584, 598]","[264, 587, 594, 518, 515, 1, 180, 33, 79, 197, 550, 397, 57, 274, 427, 218, 305, 49, 324, 279, 373, 323, 201, 370, 514, 298, 236, 428, 492, 82]",600,30,0.7,,,,,2.0,0.005,,,3.9283333333333332,0.5408507137021084,0.9733333333333334,0.07,3.8333333333333335,0.0016262308581372535,0.005626955836850799,0.17192982456140352,0.014035087719298246,0.0017543859649122807,0.0,2.3423423423423424,6.0,0.02631578947368421,0.08596491228070176,3.92280701754386,0.1642734185996067,0.6862763234976721,0.003067730481523585,4.598522167487685,0.6932119667313837,0.0596491228070175,0.1035087719298245,0.1483333333333333,0.8697608339134604,26,True,1176.0
3,paper,paper_19,19,22,562310258,3543023197,"[6, 24, 36, 37, 44, 60, 93, 102, 111, 200, 204, 207, 212, 213, 228, 286, 345, 369, 387, 412, 434, 441, 458, 469, 489, 520, 526, 539, 579, 599]","[411, 417, 512, 226, 210, 501, 500, 0, 466, 72, 220, 299, 467, 88, 18, 44, 221, 414, 348, 127, 200, 191, 373, 28, 520, 136, 263, 219, 20, 84]",600,30,0.7,,,,,2.0,0.005,,,3.9283333333333332,0.5408507137021084,0.9733333333333334,0.07,3.966666666666667,0.0016819082834032787,0.004979492800737632,0.18421052631578946,0.01929824561403509,0.0017543859649122807,0.0,2.308664259927798,6.0,0.028070175438596492,0.11754385964912281,3.9842105263157896,0.175478239313375,0.6661795085252675,0.004940787182166493,4.602298850574712,0.70195447859796,0.0666666666666666,0.1649122807017544,0.2066666666666666,0.7390586249530315,23,True,1176.0
3,paper,paper_19,19,23,562310258,979465544,"[2, 9, 15, 42, 74, 85, 88, 95, 98, 105, 117, 123, 127, 144, 154, 160, 258, 301, 302, 348, 383, 414, 417, 427, 459, 475, 509, 517, 530, 581]","[135, 195, 497, 405, 351, 363, 243, 448, 441, 572, 546, 155, 584, 150, 552, 52, 197, 62, 306, 6, 199, 204, 535, 509, 525, 367, 326, 322, 308, 434]",600,30,0.7,,,,,2.0,0.005,,,3.9283333333333332,0.5408507137021084,0.9733333333333334,0.07,3.7,0.0015781006114918737,0.005041547940127011,0.16666666666666666,0.017543859649122806,0.0,0.0,2.2666666666666666,5.0,0.02631578947368421,0.07894736842105263,3.7175438596491226,0.16157267549405022,0.6949341719853236,0.0029346260380743137,4.832512315270936,0.7400617100862485,0.0719298245614035,0.1789473684210526,0.22,0.9555926669854672,30,True,1216.0
3,paper,paper_19,19,24,562310258,1633769889,"[3, 61, 67, 97, 112, 206, 218, 231, 232, 239, 242, 247, 248, 277, 284, 286, 337, 343, 383, 400, 437, 438, 454, 465, 467, 519, 521, 524, 528, 536]","[565, 131, 81, 468, 104, 275, 498, 329, 369, 579, 554, 450, 37, 167, 69, 44, 311, 59, 199, 47, 96, 94, 378, 482, 511, 242, 13, 169, 298, 170]",600,30,0.7,,,,,2.0,0.005,,,3.9283333333333332,0.5408507137021084,0.9733333333333334,0.07,3.5,0.0015405841605434843,0.0046815621413065535,0.15964912280701754,0.021052631578947368,0.0,0.0,2.3555956678700363,6.0,0.028070175438596492,0.054385964912280704,3.0842105263157893,0.1570493704329449,0.7065889680263928,0.004304042062662752,5.206896551724138,0.6244450435704874,0.0508771929824561,0.1122807017543859,0.1566666666666666,0.898002166999504,28,True,1162.0
3,paper,paper_19,19,25,562310258,2991902243,"[1, 27, 60, 77, 142, 147, 167, 195, 232, 234, 266, 289, 295, 318, 322, 360, 389, 391, 402, 410, 440, 490, 506, 526, 542, 564, 576, 577, 589, 592]","[439, 555, 501, 95, 246, 393, 327, 354, 369, 404, 550, 488, 77, 560, 165, 218, 593, 430, 357, 45, 324, 156, 216, 263, 115, 266, 588, 50, 16, 422]",600,30,0.7,,,,,2.0,0.005,,,3.9283333333333332,0.5408507137021084,0.9733333333333334,0.07,4.466666666666667,0.0018581256397550154,0.006040313221509991,0.19473684210526315,0.014035087719298246,0.0017543859649122807,0.0,2.227027027027027,6.0,0.02631578947368421,0.12631578947368421,4.231578947368421,0.18242768201367388,0.6492461381925816,0.0030141314624073244,4.477832512315271,0.7511717466870469,0.0701754385964912,0.2105263157894736,0.25,0.9997645419789478,30,False,1224.0
3,paper,paper_19,19,26,562310258,2767781381,"[39, 86, 107, 109, 116, 119, 139, 162, 167, 170, 177, 197, 272, 281, 294, 307, 330, 342, 345, 357, 364, 381, 390, 434, 461, 468, 488, 496, 523, 535]","[592, 318, 518, 379, 447, 259, 345, 338, 327, 523, 561, 207, 76, 32, 397, 253, 274, 590, 221, 224, 340, 286, 277, 200, 435, 337, 352, 460, 530, 360]",600,30,0.7,,,,,2.0,0.005,,,3.9283333333333332,0.5408507137021084,0.9733333333333334,0.07,3.6333333333333333,0.0015487512308595768,0.003889607870840408,0.16842105263157894,0.012280701754385965,0.0,0.0,2.3776978417266186,5.0,0.02456140350877193,0.0824561403508772,3.3175438596491227,0.16152835028369839,0.6920482224894398,0.0018992884510125889,4.835978835978836,0.7756926417026353,0.0526315789473684,0.1122807017543859,0.1566666666666666,0.9679640830727294,30,False,1142.0
3,paper,paper_19,19,27,562310258,807627767,"[25, 36, 43, 59, 60, 99, 139, 157, 192, 258, 283, 289, 319, 322, 325, 328, 342, 383, 415, 438, 439, 454, 476, 480, 525, 538, 553, 572, 582, 584]","[336, 512, 419, 97, 501, 598, 345, 269, 71, 197, 273, 488, 424, 165, 14, 163, 590, 199, 228, 94, 474, 378, 444, 284, 105, 375, 508, 547, 455, 492]",600,30,0.7,,,,,2.0,0.005,,,3.9283333333333332,0.5408507137021084,0.9733333333333334,0.07,3.6,0.001585953839876481,0.004536837065821015,0.1736842105263158,0.0017543859649122807,0.0,0.0,2.2931654676258995,5.0,0.02456140350877193,0.06491228070175438,3.1298245614035087,0.15980796359122226,0.6836987019393828,0.00022988505747126439,5.108465608465608,0.7750142387631767,0.0649122807017543,0.1333333333333333,0.1766666666666666,0.8749557910487056,27,True,1158.0
3,paper,paper_19,19,28,562310258,3676308857,"[25, 35, 42, 90, 96, 105, 132, 133, 144, 168, 209, 229, 306, 328, 358, 365, 415, 427, 432, 434, 443, 445, 510, 516, 532, 558, 560, 561, 573, 583]","[336, 232, 405, 505, 527, 572, 1, 149, 150, 151, 533, 392, 271, 163, 233, 240, 228, 509, 494, 200, 415, 386, 556, 514, 196, 387, 252, 537, 48, 569]",600,30,0.7,,,,,2.0,0.005,,,3.9283333333333332,0.5408507137021084,0.9733333333333334,0.07,3.8333333333333335,0.0016627409127361423,0.00620521253560416,0.18070175438596492,0.010526315789473684,0.0,0.0,2.263063063063063,5.0,0.02631578947368421,0.06491228070175438,3.5105263157894737,0.1700882524505282,0.6719884068695464,0.0018783898094242922,4.817733990147783,0.7180171149425625,0.0596491228070175,0.1263157894736842,0.17,0.9543569170637056,30,False,1166.0
3,paper,paper_19,19,29,562310258,588763676,"[11, 28, 30, 45, 120, 136, 142, 151, 156, 172, 174, 206, 254, 269, 288, 291, 303, 304, 335, 339, 381, 413, 416, 429, 436, 461, 469, 481, 489, 582]","[557, 412, 241, 264, 420, 22, 246, 302, 480, 80, 504, 275, 144, 46, 310, 551, 193, 249, 453, 567, 286, 568, 124, 407, 440, 435, 28, 227, 520, 455]",600,30,0.7,,,,,2.0,0.005,,,3.9283333333333332,0.5408507137021084,0.9733333333333334,0.07,3.8666666666666667,0.00163174404524168,0.006339811033966723,0.1824561403508772,0.010526315789473684,0.0,0.0,2.2509025270758123,5.0,0.028070175438596492,0.08947368421052632,3.931578947368421,0.1698050321483229,0.6692751210187156,0.001869044110423421,4.75632183908046,0.7137429181382169,0.0614035087719298,0.1280701754385965,0.1716666666666666,0.9685062920907512,30,False,1186.0
3,paper,paper_19,19,30,562310258,2532918058,"[2, 20, 71, 73, 75, 81, 86, 99, 101, 104, 106, 115, 138, 143, 147, 186, 193, 202, 221, 239, 285, 344, 360, 378, 416, 430, 533, 544, 548, 579]","[135, 185, 140, 51, 522, 186, 318, 598, 423, 247, 304, 390, 366, 320, 393, 79, 31, 315, 576, 579, 462, 301, 218, 502, 124, 91, 401, 236, 157, 20]",600,30,0.7,,,,,2.0,0.005,,,3.9283333333333332,0.5408507137021084,0.9733333333333334,0.07,3.8333333333333335,0.00167639843926755,0.005791374100321125,0.17719298245614035,0.014035087719298246,0.0035087719298245615,0.0,2.3579136690647484,5.0,0.02456140350877193,0.0912280701754386,3.6333333333333333,0.1694799324105876,0.6776308081275244,0.0039737274220032846,4.775862068965517,0.7233206708021875,0.0719298245614035,0.1666666666666666,0.2083333333333333,0.9726215000264348,30,False,1184.0
3,paper,paper_19,19,31,562310258,2907279246,"[25, 29, 32, 45, 77, 104, 106, 115, 143, 161, 190, 202, 230, 245, 253, 255, 270, 304, 312, 334, 336, 372, 403, 412, 414, 424, 486, 510, 555, 593]","[336, 507, 548, 264, 95, 247, 304, 390, 320, 334, 438, 315, 272, 384, 513, 445, 87, 249, 24, 176, 372, 506, 162, 127, 204, 281, 297, 556, 10, 184]",600,30,0.7,,,,,2.0,0.005,,,3.9283333333333332,0.5408507137021084,0.9733333333333334,0.07,3.3,0.0014810102263736026,0.004109445180738188,0.15087719298245614,0.014035087719298246,0.0017543859649122807,0.0,2.4560143626570916,5.0,0.02280701754385965,0.07719298245614035,3.314035087719298,0.14835602251947738,0.7213763759134215,0.003617040686006203,4.761904761904762,0.7291271515433607,0.0561403508771929,0.1122807017543859,0.1566666666666666,0.9659554169047624,30,False,1144.0
3,paper,paper_19,19,32,562310258,3391873638,"[22, 29, 79, 105, 156, 168, 192, 201, 231, 238, 245, 251, 260, 310, 326, 363, 364, 370, 417, 432, 435, 464, 474, 518, 524, 526, 532, 534, 545, 592]","[540, 507, 128, 572, 480, 151, 71, 23, 329, 416, 384, 431, 402, 57, 146, 70, 340, 289, 535, 494, 575, 250, 141, 212, 169, 263, 196, 237, 110, 422]",600,30,0.7,,,,,2.0,0.005,,,3.9283333333333332,0.5408507137021084,0.9733333333333334,0.07,3.8,0.0016226993071793711,0.004836615660152532,0.17017543859649123,0.005263157894736842,0.0,0.0,2.2906137184115525,5.0,0.028070175438596492,0.0912280701754386,3.6228070175438596,0.16028908028863753,0.6892424382573304,0.0011713191023535851,4.86896551724138,0.6883681421252595,0.0491228070175438,0.119298245614035,0.1633333333333333,0.892769500031136,28,True,1166.0
3,paper,paper_19,19,33,562310258,2427993720,"[45, 49, 52, 101, 109, 147, 161, 177, 219, 271, 273, 292, 301, 323, 331, 351, 360, 364, 368, 391, 393, 405, 409, 447, 470, 536, 539, 543, 555, 572]","[264, 585, 74, 423, 379, 393, 334, 561, 78, 239, 483, 479, 62, 5, 66, 478, 218, 340, 389, 430, 538, 399, 359, 202, 205, 170, 219, 183, 10, 547]",600,30,0.7,,,,,2.0,0.005,,,3.9283333333333332,0.5408507137021084,0.9733333333333334,0.07,4.5,0.0018577778048892712,0.005682715277059646,0.1912280701754386,0.02456140350877193,0.0,0.0,2.283393501805054,5.0,0.028070175438596492,0.14035087719298245,4.364912280701755,0.18478372209558427,0.6546788764529954,0.004689091240815378,4.377011494252874,0.6941746228664328,0.0684210526315789,0.1385964912280701,0.1816666666666666,0.7867079999996349,24,True,1146.0
3,paper,paper_19,19,34,562310258,2379599980,"[49, 73, 107, 126, 133, 150, 158, 188, 209, 228, 244, 258, 263, 294, 301, 352, 365, 407, 431, 475, 482, 501, 503, 508, 511, 537, 538, 550, 566, 574]","[585, 51, 518, 515, 149, 577, 171, 553, 533, 18, 119, 197, 346, 397, 62, 35, 240, 178, 295, 367, 319, 350, 177, 181, 25, 589, 375, 254, 203, 85]",600,30,0.7,,,,,2.0,0.005,,,3.9283333333333332,0.5408507137021084,0.9733333333333334,0.07,3.6,0.001556268136687062,0.005455307681661924,0.1631578947368421,0.021052631578947368,0.0017543859649122807,0.0,2.3507194244604315,5.0,0.02456140350877193,0.07543859649122807,3.5052631578947366,0.15816210768475059,0.7007985693583696,0.00484873364183709,4.798941798941799,0.7239990737416462,0.0561403508771929,0.156140350877193,0.1983333333333333,0.90544062491972,28,True,1166.0
3,paper,paper_19,19,35,562310258,171805459,"[0, 26, 36, 75, 76, 108, 116, 125, 142, 169, 230, 247, 265, 269, 271, 274, 319, 341, 344, 356, 361, 424, 433, 460, 467, 485, 512, 537, 546, 585]","[214, 408, 512, 522, 463, 328, 447, 544, 246, 211, 272, 450, 30, 46, 239, 215, 424, 134, 301, 190, 534, 281, 489, 187, 511, 139, 368, 589, 238, 56]",600,30,0.7,,,,,2.0,0.005,,,3.9283333333333332,0.5408507137021084,0.9733333333333334,0.07,3.566666666666667,0.001584502978586004,0.005543119700046963,0.1736842105263158,0.010526315789473684,0.0,0.0,2.3225806451612905,5.0,0.021052631578947368,0.0912280701754386,3.668421052631579,0.16288521510822687,0.6835322048530817,0.001439460922219543,4.8262108262108265,0.7562998244887617,0.0614035087719298,0.1421052631578947,0.185,0.9671116670360788,30,False,1164.0
3,paper,paper_19,19,36,562310258,3097994686,"[9, 36, 37, 39, 89, 111, 155, 176, 239, 243, 263, 302, 308, 319, 326, 337, 414, 415, 416, 419, 425, 427, 438, 447, 456, 463, 464, 533, 558, 561]","[195, 512, 226, 592, 541, 466, 356, 107, 579, 113, 346, 306, 473, 424, 146, 311, 204, 228, 124, 260, 355, 509, 94, 202, 265, 485, 250, 401, 387, 537]",600,30,0.7,,,,,2.0,0.005,,,3.9283333333333332,0.5408507137021084,0.9733333333333334,0.07,4.266666666666667,0.001773994327094915,0.006657932666695639,0.18070175438596492,0.021052631578947368,0.0017543859649122807,0.0,2.3261261261261263,6.0,0.02631578947368421,0.11754385964912281,3.93859649122807,0.17563080960778255,0.6717294114019672,0.003807807773325015,4.433497536945813,0.6850379612559885,0.0631578947368421,0.1614035087719298,0.2033333333333333,0.9578279580455272,30,False,1166.0
3,paper,paper_19,19,37,562310258,3135762843,"[10, 17, 42, 52, 70, 81, 88, 99, 100, 123, 179, 181, 188, 204, 206, 246, 251, 292, 341, 388, 412, 413, 423, 503, 532, 541, 552, 585, 586, 591]","[524, 347, 405, 74, 116, 186, 243, 598, 223, 155, 288, 235, 553, 220, 275, 395, 431, 479, 134, 312, 127, 568, 112, 177, 196, 118, 410, 56, 426, 388]",600,30,0.7,,,,,2.0,0.005,,,3.9283333333333332,0.5408507137021084,0.9733333333333334,0.07,4.166666666666667,0.0017709935807696342,0.006131171946856164,0.18070175438596492,0.012280701754385965,0.0017543859649122807,0.0,2.288808664259928,5.0,0.028070175438596492,0.11228070175438597,3.9157894736842107,0.16908082275129072,0.6721425708383436,0.003012083701738874,4.613793103448276,0.7173387120031038,0.0631578947368421,0.1701754385964912,0.2116666666666666,0.839554125093855,26,True,1192.0
3,paper,paper_19,19,38,562310258,484881962,"[41, 45, 84, 95, 101, 108, 121, 128, 137, 176, 186, 189, 214, 215, 249, 279, 281, 288, 305, 345, 379, 396, 402, 406, 436, 507, 554, 561, 567, 599]","[173, 264, 103, 448, 423, 328, 43, 189, 40, 107, 79, 571, 358, 391, 175, 564, 32, 310, 285, 221, 486, 166, 357, 287, 440, 300, 137, 537, 428, 84]",600,30,0.7,,,,,2.0,0.005,,,3.9283333333333332,0.5408507137021084,0.9733333333333334,0.07,4.066666666666666,0.0017164661928534618,0.00616672400406364,0.18771929824561404,0.015789473684210527,0.0,0.0,2.232851985559567,5.0,0.028070175438596492,0.08771929824561403,3.9017543859649124,0.17828574744334236,0.6604692751210187,0.0028079647045164283,4.708045977011494,0.7298055544828194,0.0614035087719298,0.1245614035087719,0.1683333333333333,0.9399740829830988,30,False,1170.0
3,paper,paper_19,19,39,562310258,720194589,"[12, 17, 56, 57, 91, 103, 109, 134, 160, 190, 203, 212, 235, 251, 302, 308, 426, 463, 469, 481, 485, 487, 497, 502, 519, 529, 530, 539, 541, 575]","[138, 347, 454, 222, 122, 120, 379, 38, 52, 438, 257, 467, 335, 431, 306, 473, 293, 485, 28, 227, 139, 294, 477, 487, 242, 374, 308, 219, 118, 188]",600,30,0.7,,,,,2.0,0.005,,,3.9283333333333332,0.5408507137021084,0.9733333333333334,0.07,3.8666666666666667,0.0016605654609921497,0.006304940194579726,0.17192982456140352,0.02280701754385965,0.0017543859649122807,0.0,2.332129963898917,5.0,0.028070175438596492,0.1,3.6157894736842104,0.16663982960882986,0.6862454907039127,0.005708812260536399,4.866666666666666,0.6580407663684982,0.0666666666666666,0.1824561403508772,0.2233333333333333,0.8838036669185385,28,True,1196.0
3,paper,paper_19,19,40,562310258,2660495458,"[9, 11, 69, 115, 125, 154, 163, 166, 203, 207, 211, 222, 270, 279, 281, 282, 297, 342, 357, 371, 378, 422, 470, 476, 482, 518, 524, 545, 553, 594]","[195, 557, 563, 390, 544, 552, 261, 256, 257, 299, 364, 321, 87, 564, 32, 583, 313, 590, 224, 125, 502, 278, 205, 444, 319, 212, 169, 110, 508, 65]",600,30,0.7,,,,,2.0,0.005,,,3.9283333333333332,0.5408507137021084,0.9733333333333334,0.07,4.0,0.001707623138377484,0.0076123239265954495,0.1824561403508772,0.017543859649122806,0.0035087719298245615,0.0,2.296028880866426,6.0,0.028070175438596492,0.10701754385964912,4.033333333333333,0.1736092676626574,0.6690839576974069,0.0044966910484151865,4.5954022988505745,0.6714516247832881,0.0578947368421052,0.1526315789473684,0.195,0.9532304590102284,30,False,1178.0
3,paper,paper_19,19,41,562310258,3097800821,"[28, 38, 76, 114, 122, 142, 181, 187, 201, 214, 216, 219, 235, 251, 269, 274, 358, 366, 379, 389, 392, 441, 454, 465, 493, 503, 543, 558, 560, 586]","[412, 429, 463, 230, 491, 246, 235, 317, 23, 358, 86, 78, 335, 431, 46, 215, 233, 208, 486, 593, 459, 191, 378, 482, 9, 177, 183, 387, 252, 426]",600,30,0.7,,,,,2.0,0.005,,,3.9283333333333332,0.5408507137021084,0.9733333333333334,0.07,3.6,0.0015366600149919972,0.005523395579533277,0.16842105263157894,0.017543859649122806,0.0,0.0,2.3309352517985613,5.0,0.02456140350877193,0.07719298245614035,3.482456140350877,0.16343975266588967,0.6919988900194246,0.0025960438029403545,4.76984126984127,0.766555980092191,0.0561403508771929,0.1666666666666666,0.2083333333333333,0.9845939170336352,30,False,1192.0
3,paper,paper_19,19,42,562310258,2816342022,"[4, 44, 45, 47, 71, 91, 118, 147, 180, 322, 324, 350, 371, 396, 401, 438, 442, 454, 482, 494, 501, 502, 509, 524, 530, 557, 559, 568, 585, 599]","[442, 210, 264, 587, 140, 122, 152, 393, 268, 165, 316, 83, 125, 166, 267, 94, 449, 378, 319, 27, 350, 487, 326, 169, 308, 545, 68, 381, 56, 84]",600,30,0.7,,,,,2.0,0.005,,,3.9283333333333332,0.5408507137021084,0.9733333333333334,0.07,3.7666666666666666,0.0016117294581626301,0.00549330834856305,0.1736842105263158,0.010526315789473684,0.0,0.0,2.246846846846847,5.0,0.02631578947368421,0.0824561403508772,3.763157894736842,0.16503710663913213,0.6834273733542996,0.0018482028826856413,4.716748768472907,0.6602328130448099,0.0631578947368421,0.1350877192982456,0.1783333333333333,0.752396541996859,23,True,1156.0
3,paper,paper_19,19,43,562310258,3306168300,"[7, 41, 45, 54, 101, 120, 164, 167, 171, 218, 228, 234, 277, 287, 288, 306, 310, 311, 362, 387, 419, 430, 460, 502, 505, 523, 536, 562, 564, 589]","[418, 173, 264, 255, 423, 420, 29, 327, 53, 498, 18, 404, 167, 73, 310, 271, 57, 213, 371, 348, 260, 91, 187, 487, 382, 530, 170, 362, 266, 16]",600,30,0.7,,,,,2.0,0.005,,,3.9283333333333332,0.5408507137021084,0.9733333333333334,0.07,3.966666666666667,0.001696559996970031,0.0067157462873851095,0.18771929824561404,0.017543859649122806,0.0,0.0,2.2414414414414416,5.0,0.02631578947368421,0.08947368421052632,3.812280701754386,0.17814415292565505,0.6605001079147782,0.0031846378398102536,4.615763546798029,0.7077609593391332,0.0614035087719298,0.1578947368421052,0.2,0.9790442499797792,30,False,1174.0
3,paper,paper_19,19,44,562310258,4208954514,"[14, 15, 29, 43, 45, 91, 116, 117, 174, 204, 208, 209, 229, 252, 254, 288, 356, 381, 384, 392, 394, 420, 437, 443, 478, 491, 495, 499, 512, 590]","[543, 497, 507, 419, 264, 122, 447, 546, 504, 220, 499, 533, 392, 465, 144, 310, 190, 286, 92, 459, 383, 49, 96, 415, 192, 472, 495, 309, 368, 581]",600,30,0.7,,,,,2.0,0.005,,,3.9283333333333332,0.5408507137021084,0.9733333333333334,0.07,4.0,0.0016596667516012248,0.006408192857893163,0.18421052631578946,0.012280701754385965,0.0,0.0,2.2684684684684684,5.0,0.02631578947368421,0.11403508771929824,4.149122807017544,0.17224827431523027,0.6663645052878241,0.001833549592170282,4.630541871921182,0.7342552293450754,0.0508771929824561,0.1350877192982456,0.1783333333333333,0.9572957919444888,30,False,1178.0
3,paper,paper_19,19,45,562310258,1165658025,"[14, 33, 40, 155, 162, 178, 251, 270, 273, 276, 279, 300, 303, 341, 343, 352, 365, 387, 397, 402, 444, 455, 458, 464, 488, 492, 513, 554, 556, 581]","[543, 558, 536, 356, 338, 376, 431, 87, 483, 248, 564, 126, 193, 134, 59, 35, 240, 348, 400, 357, 493, 161, 373, 250, 352, 409, 201, 137, 516, 434]",600,30,0.7,,,,,2.0,0.005,,,3.9283333333333332,0.5408507137021084,0.9733333333333334,0.07,4.066666666666666,0.0017722417330759896,0.0052014832200340125,0.18947368421052632,0.017543859649122806,0.0,0.0,2.2978339350180503,6.0,0.028070175438596492,0.08070175438596491,3.731578947368421,0.17971297208461476,0.6577128233589246,0.00280157900847556,4.9126436781609195,0.70195447859796,0.0614035087719298,0.131578947368421,0.175,0.9650700830388814,30,False,1162.0
3,paper,paper_19,19,46,562310258,1571665556,"[18, 59, 62, 83, 97, 151, 163, 189, 198, 201, 209, 225, 236, 244, 247, 288, 324, 350, 375, 390, 397, 425, 438, 446, 469, 498, 500, 524, 526, 540]","[476, 97, 143, 597, 468, 302, 261, 571, 456, 23, 533, 566, 4, 119, 450, 310, 316, 83, 8, 277, 400, 355, 94, 12, 28, 529, 396, 169, 263, 503]",600,30,0.7,,,,,2.0,0.005,,,3.9283333333333332,0.5408507137021084,0.9733333333333334,0.07,3.933333333333333,0.001658241192073776,0.00593039989219478,0.17017543859649123,0.015789473684210527,0.0035087719298245615,0.0,2.3231046931407944,5.0,0.028070175438596492,0.09298245614035087,3.8105263157894735,0.16506014616310852,0.6891006074060371,0.004592087350708041,4.664367816091954,0.7070825563996747,0.0649122807017543,0.1403508771929824,0.1833333333333333,0.8978014580206946,28,True,1168.0
3,paper,paper_19,19,47,562310258,2251485869,"[60, 63, 79, 80, 82, 90, 118, 128, 155, 167, 189, 257, 258, 269, 317, 323, 340, 357, 372, 378, 408, 434, 470, 484, 534, 555, 580, 592, 593, 597]","[501, 436, 128, 133, 594, 505, 152, 189, 356, 327, 571, 443, 197, 46, 75, 5, 470, 224, 506, 502, 539, 200, 205, 332, 237, 10, 471, 422, 184, 464]",600,30,0.7,,,,,2.0,0.005,,,3.9283333333333332,0.5408507137021084,0.9733333333333334,0.07,4.233333333333333,0.0017638758175864478,0.006187019542474534,0.1912280701754386,0.02280701754385965,0.0017543859649122807,0.0,2.2635379061371843,5.0,0.028070175438596492,0.0912280701754386,4.049122807017544,0.18341444081091515,0.6547282089230105,0.004586920104161484,4.625287356321839,0.7173387120031038,0.0578947368421052,0.1,0.145,0.9669607499381528,30,True,1146.0
3,paper,paper_19,19,48,562310258,3032075031,"[66, 69, 74, 78, 89, 93, 94, 111, 148, 155, 173, 218, 252, 289, 298, 314, 326, 332, 379, 400, 407, 455, 491, 504, 514, 550, 567, 574, 584, 593]","[437, 563, 351, 296, 541, 500, 3, 466, 333, 356, 475, 498, 465, 488, 582, 147, 146, 542, 486, 47, 178, 161, 472, 182, 519, 254, 428, 85, 492, 184]",600,30,0.7,,,,,2.0,0.005,,,3.9283333333333332,0.5408507137021084,0.9733333333333334,0.07,3.9,0.0016480714806772683,0.006262668680649842,0.17719298245614035,0.014035087719298246,0.0035087719298245615,0.0,2.2779783393501805,6.0,0.028070175438596492,0.11578947368421053,4.049122807017544,0.16994912854747923,0.6775753090987574,0.004625980660463419,4.6,0.6524529573132827,0.0684210526315789,0.1894736842105263,0.23,0.9628935829969124,30,False,1182.0
3,paper,paper_19,19,49,562310258,486041297,"[21, 55, 91, 133, 144, 231, 253, 257, 276, 293, 300, 318, 319, 328, 339, 340, 350, 359, 364, 387, 418, 422, 436, 470, 478, 485, 495, 572, 580, 586]","[60, 421, 122, 149, 150, 329, 513, 443, 248, 153, 126, 560, 424, 163, 567, 470, 83, 427, 340, 348, 280, 278, 440, 205, 192, 139, 495, 547, 471, 426]",600,30,0.7,,,,,2.0,0.005,,,3.9283333333333332,0.5408507137021084,0.9733333333333334,0.07,4.233333333333333,0.0017807144290967268,0.005470403771632365,0.1824561403508772,0.015789473684210527,0.0,0.0,2.2522522522522523,6.0,0.02631578947368421,0.10526315789473684,3.9087719298245616,0.17379095609061945,0.668972959639873,0.0027476163683060233,4.477832512315271,0.70195447859796,0.0596491228070175,0.1403508771929824,0.1833333333333333,0.7387038340093568,23,True,1188.0
