feature_schema_version,graph_model,graph_pair_key,graph_pair_id,candidate_id,graph_pair_seed,sgm_seed,seed_vertices_graph1,seed_vertices_graph2,n_vertices,n_seeds,rho,er_probability,sbm_n_blocks,sbm_n_per_block,sbm_block_probabilities,paper_alpha,paper_probability,paper_pa_alpha,paper_pa_beta,paper_pa_probability,ier_alpha,ier_beta,pair_degree_mean_average,pair_degree_cv_average,pair_largest_component_fraction_min,pair_sorted_degree_mean_absolute_difference,seed_degree_mean,seed_pagerank_mean,seed_betweenness_mean,nonseed_covered_fraction,nonseed_covered_by_two_fraction,nonseed_covered_by_three_fraction,nonseed_seed_neighbor_q10,nonseed_nearest_seed_distance_mean,nonseed_nearest_seed_distance_max,nonseed_nearest_seed_distance_disconnected_fraction,nonseed_within_two_hops_of_three_seeds_fraction,nonseed_three_hop_seed_count_mean,nonseed_seed_signature_normalized_entropy,nonseed_seed_signature_collision_pair_fraction,seed_nonseed_neighborhood_jaccard_mean,seed_pair_shortest_path_mean,seed_community_normalized_entropy,h0_accuracy,final_unseeded_accuracy,final_all_accuracy,sgm_runtime_seconds,sgm_n_iter,sgm_converged,sgm_objective_score
3,paper_pa,paper_pa_0,0,0,4206279609,3627193915,"[61, 69, 81, 100, 143, 153, 157, 187, 189, 221, 316, 333, 466, 471, 472, 540, 567, 573, 574, 575]","[498, 500, 519, 572, 459, 306, 525, 457, 595, 492, 38, 547, 503, 513, 584, 411, 414, 320, 137, 175]",600,20,0.62,,,,,,,0.0,1.0,0.005,,,4.951666666666666,0.6537642563983026,1.0,0.09333333333333334,5.35,0.0017678078858513375,0.00424313686150953,0.16206896551724137,0.020689655172413793,0.0017241379310344827,0.0,2.1810344827586206,4.0,0.0,0.1482758620689655,6.165517241379311,0.1523429031873759,0.7028110297183014,0.006952535768325242,3.705263157894737,0.8406131780272337,0.08275862068965517,0.9810344827586207,0.9816666666666667,0.8775809588842094,30,False,2340.0
3,paper_pa,paper_pa_0,0,1,4206279609,2165122571,"[1, 24, 35, 82, 94, 105, 115, 150, 239, 260, 269, 280, 317, 323, 359, 386, 393, 399, 578, 589]","[100, 208, 544, 268, 196, 156, 575, 587, 548, 562, 325, 290, 432, 188, 143, 56, 74, 334, 373, 418]",600,20,0.62,,,,,,,0.0,1.0,0.005,,,4.951666666666666,0.6537642563983026,1.0,0.09333333333333334,5.3,0.0017627859787913186,0.006319027313344269,0.16206896551724137,0.013793103448275862,0.0017241379310344827,0.0,2.2344827586206897,4.0,0.0,0.15517241379310345,5.996551724137931,0.14880600665843155,0.703001608004288,0.005958152184932371,3.721052631578947,0.773486746284658,0.06724137931034482,0.7068965517241379,0.7166666666666667,0.9748223328497261,30,False,1886.0
3,paper_pa,paper_pa_0,0,2,4206279609,2546160292,"[4, 55, 164, 194, 220, 251, 266, 272, 288, 445, 448, 449, 458, 483, 497, 508, 510, 528, 575, 591]","[316, 331, 79, 60, 286, 443, 242, 89, 130, 511, 571, 217, 590, 280, 122, 46, 209, 340, 175, 232]",600,20,0.62,,,,,,,0.0,1.0,0.005,,,4.951666666666666,0.6537642563983026,1.0,0.09333333333333334,3.9,0.0013693903820822828,0.0025782295578304884,0.12241379310344827,0.006896551724137931,0.0017241379310344827,0.0,2.3517241379310345,4.0,0.0,0.08620689655172414,4.882758620689655,0.11506930385521094,0.7706807218152582,0.007324561403508772,4.010526315789473,0.8406131780272339,0.07241379310344828,0.9844827586206897,0.985,0.8688515420071781,30,False,2340.0
3,paper_pa,paper_pa_0,0,3,4206279609,2971063915,"[14, 71, 145, 146, 167, 171, 182, 248, 271, 296, 303, 304, 365, 403, 426, 429, 456, 475, 497, 523]","[579, 419, 486, 125, 324, 179, 339, 349, 206, 395, 292, 64, 536, 50, 412, 39, 473, 237, 122, 5]",600,20,0.62,,,,,,,0.0,1.0,0.005,,,4.951666666666666,0.6537642563983026,1.0,0.09333333333333334,4.7,0.0016207200384189852,0.005344424676187697,0.14482758620689656,0.013793103448275862,0.0,0.0,2.2844827586206895,4.0,0.0,0.06379310344827586,4.582758620689655,0.1350849333240326,0.7320350187600501,0.005258980785296575,4.078947368421052,0.8053563998458835,0.06206896551724138,0.9862068965517241,0.9866666666666667,0.8763079580385238,30,False,2340.0
3,paper_pa,paper_pa_0,0,4,4206279609,372713037,"[13, 19, 42, 44, 49, 79, 81, 129, 205, 243, 269, 298, 316, 371, 401, 476, 481, 502, 567, 597]","[330, 337, 485, 31, 516, 332, 519, 214, 311, 111, 325, 252, 38, 439, 310, 471, 410, 382, 414, 509]",600,20,0.62,,,,,,,0.0,1.0,0.005,,,4.951666666666666,0.6537642563983026,1.0,0.09333333333333334,4.0,0.0014176766598362055,0.0028855228550492837,0.11724137931034483,0.01206896551724138,0.0017241379310344827,0.0,2.432758620689655,4.0,0.0,0.12586206896551724,4.9,0.11303616161291173,0.7797034125424335,0.006919571656413762,4.057894736842106,0.770099621664533,0.05517241379310345,0.9810344827586207,0.9816666666666667,0.8916453330311924,30,False,2338.0
3,paper_pa,paper_pa_0,0,5,4206279609,2867013997,"[39, 103, 116, 121, 148, 149, 174, 178, 191, 238, 266, 271, 278, 294, 320, 364, 377, 410, 453, 551]","[216, 451, 319, 296, 328, 342, 499, 278, 539, 92, 242, 206, 82, 274, 272, 273, 91, 13, 102, 540]",600,20,0.62,,,,,,,0.0,1.0,0.005,,,4.951666666666666,0.6537642563983026,1.0,0.09333333333333334,4.45,0.00152415567484841,0.002681991324732049,0.1413793103448276,0.01206896551724138,0.0,0.0,2.246551724137931,4.0,0.0,0.09655172413793103,5.287931034482758,0.13286759603276574,0.7378297897683282,0.0045699475962633854,4.036842105263158,0.8552699363840451,0.06551724137931035,0.9724137931034482,0.9733333333333334,0.8774471669457853,30,False,2340.0
3,paper_pa,paper_pa_0,0,6,4206279609,4163894637,"[26, 55, 61, 74, 103, 186, 223, 295, 331, 354, 371, 409, 416, 427, 469, 535, 554, 556, 568, 596]","[287, 331, 498, 315, 451, 505, 435, 456, 87, 25, 439, 238, 174, 302, 30, 23, 510, 491, 416, 57]",600,20,0.62,,,,,,,0.0,1.0,0.005,,,4.951666666666666,0.6537642563983026,1.0,0.09333333333333334,4.45,0.001516711999817983,0.0033994920857935824,0.1482758620689655,0.005172413793103448,0.0,0.0,2.231034482758621,4.0,0.0,0.07241379310344828,4.889655172413793,0.13596977036121166,0.7261687808945269,0.0014724310776942356,4.121052631578947,0.8565480048078464,0.06896551724137931,0.9775862068965517,0.9783333333333334,0.859344125026837,30,False,2340.0
3,paper_pa,paper_pa_0,0,7,4206279609,797866952,"[3, 12, 37, 81, 90, 103, 116, 124, 212, 253, 300, 349, 385, 439, 464, 497, 530, 535, 537, 554]","[15, 250, 375, 519, 129, 451, 319, 68, 550, 497, 227, 4, 94, 69, 493, 122, 469, 23, 557, 510]",600,20,0.62,,,,,,,0.0,1.0,0.005,,,4.951666666666666,0.6537642563983026,1.0,0.09333333333333334,5.8,0.0019347243385735538,0.008284322335371607,0.1793103448275862,0.01896551724137931,0.0017241379310344827,0.0,2.146551724137931,4.0,0.0,0.1103448275862069,4.925862068965517,0.14940592342970188,0.6773866952534096,0.006304474301906908,4.094736842105263,0.7700996216645329,0.06551724137931035,0.9793103448275862,0.98,0.8727493749465793,30,False,2340.0
3,paper_pa,paper_pa_0,0,8,4206279609,1663044575,"[29, 31, 34, 71, 72, 98, 108, 186, 234, 241, 313, 432, 490, 494, 498, 514, 527, 538, 541, 591]","[392, 401, 394, 419, 126, 313, 93, 505, 106, 554, 422, 72, 48, 464, 78, 563, 355, 327, 506, 232]",600,20,0.62,,,,,,,0.0,1.0,0.005,,,4.951666666666666,0.6537642563983026,1.0,0.09333333333333334,5.3,0.0017641020994471422,0.005820573637535286,0.16379310344827586,0.013793103448275862,0.0017241379310344827,0.0,2.182758620689655,4.0,0.0,0.14482758620689656,5.677586206896552,0.14893916709065075,0.7002382228574832,0.00540172546751494,3.8947368421052633,0.8406131780272339,0.06551724137931035,0.9827586206896551,0.9833333333333333,0.8898625001311302,30,False,2340.0
3,paper_pa,paper_pa_0,0,9,4206279609,4064539735,"[4, 54, 71, 72, 130, 240, 281, 293, 337, 369, 372, 415, 426, 436, 460, 506, 538, 557, 580, 584]","[316, 517, 419, 126, 282, 322, 351, 437, 191, 578, 597, 379, 412, 113, 502, 449, 327, 165, 285, 398]",600,20,0.62,,,,,,,0.0,1.0,0.005,,,4.951666666666666,0.6537642563983026,1.0,0.09333333333333334,4.55,0.0015541371414371286,0.004777977562662939,0.13620689655172413,0.006896551724137931,0.0034482758620689655,0.0,2.2448275862068967,4.0,0.0,0.12413793103448276,5.65,0.1263659492103705,0.7468107914954439,0.009628485549538181,3.831578947368421,0.8200131582026947,0.08275862068965517,0.9827586206896551,0.9833333333333333,0.8806922920048237,30,False,2338.0
3,paper_pa,paper_pa_0,0,10,4206279609,153564396,"[1, 32, 70, 101, 126, 128, 156, 349, 431, 433, 441, 468, 481, 482, 502, 505, 552, 555, 558, 596]","[100, 75, 134, 415, 59, 567, 592, 4, 428, 14, 16, 176, 410, 549, 382, 304, 248, 22, 224, 57]",600,20,0.62,,,,,,,0.0,1.0,0.005,,,4.951666666666666,0.6537642563983026,1.0,0.09333333333333334,4.85,0.001623916903462828,0.00613985782792516,0.14655172413793102,0.013793103448275862,0.0034482758620689655,0.0,2.2413793103448274,4.0,0.0,0.17413793103448275,5.9206896551724135,0.1367279737297489,0.7290750997558215,0.006352166065788357,3.873684210526316,0.770099621664533,0.05517241379310345,0.9896551724137931,0.99,0.8819355419836938,30,False,2340.0
3,paper_pa,paper_pa_0,0,11,4206279609,3726117983,"[0, 27, 105, 118, 134, 155, 160, 161, 220, 240, 247, 267, 293, 322, 386, 392, 400, 422, 464, 576]","[455, 404, 156, 186, 335, 312, 448, 307, 286, 322, 116, 259, 437, 229, 56, 117, 445, 192, 493, 573]",600,20,0.62,,,,,,,0.0,1.0,0.005,,,4.951666666666666,0.6537642563983026,1.0,0.09333333333333334,5.9,0.0019526898042516976,0.009376720543298472,0.1810344827586207,0.015517241379310345,0.0034482758620689655,0.0,2.0965517241379312,4.0,0.0,0.15517241379310345,5.962068965517242,0.1573291949017006,0.6728485498183551,0.00805254731271599,3.836842105263158,0.8053563998458833,0.08103448275862069,0.9896551724137931,0.99,0.8755466670263559,30,False,2340.0
3,paper_pa,paper_pa_0,0,12,4206279609,4057012162,"[10, 83, 137, 156, 182, 187, 217, 262, 270, 273, 277, 286, 290, 294, 348, 411, 453, 467, 495, 523]","[397, 61, 105, 592, 339, 457, 240, 11, 388, 565, 354, 153, 142, 274, 241, 151, 102, 146, 336, 5]",600,20,0.62,,,,,,,0.0,1.0,0.005,,,4.951666666666666,0.6537642563983026,1.0,0.09333333333333334,5.6,0.0018626386358229104,0.00841973026612627,0.16551724137931034,0.013793103448275862,0.0,0.0,2.156896551724138,4.0,0.0,0.1310344827586207,5.703448275862069,0.14903552565998432,0.6975582157107975,0.004249128064917538,3.873684210526316,0.7894215730652707,0.06896551724137931,0.9775862068965517,0.9783333333333334,0.8757289159111679,30,False,2338.0
3,paper_pa,paper_pa_0,0,13,4206279609,2467794838,"[2, 26, 29, 36, 63, 115, 139, 147, 157, 223, 228, 267, 292, 301, 311, 326, 382, 410, 581, 587]","[145, 287, 392, 450, 18, 575, 526, 586, 525, 435, 70, 259, 426, 532, 251, 527, 353, 13, 281, 301]",600,20,0.62,,,,,,,0.0,1.0,0.005,,,4.951666666666666,0.6537642563983026,1.0,0.09333333333333334,5.3,0.0017821617901587893,0.006023224571403578,0.15689655172413794,0.017241379310344827,0.0017241379310344827,0.0,2.2,4.0,0.0,0.12413793103448276,5.772413793103448,0.14501153608318013,0.7116133643023048,0.007058540874330348,3.9105263157894736,0.9014657586895658,0.06551724137931035,0.9844827586206897,0.985,0.8734582089819014,30,False,2340.0
3,paper_pa,paper_pa_0,0,14,4206279609,2636047376,"[74, 142, 151, 156, 260, 261, 272, 317, 330, 347, 350, 372, 481, 504, 506, 511, 517, 548, 554, 561]","[315, 213, 504, 592, 562, 115, 89, 432, 524, 444, 297, 597, 410, 233, 449, 127, 98, 21, 510, 534]",600,20,0.62,,,,,,,0.0,1.0,0.005,,,4.951666666666666,0.6537642563983026,1.0,0.09333333333333334,3.95,0.0013864378840893546,0.002806810751300936,0.13275862068965516,0.0034482758620689655,0.0,0.0,2.3344827586206898,4.0,0.0,0.06206896551724138,4.325862068965518,0.12308226082199424,0.7527008516467155,0.0011695906432748538,4.231578947368421,0.8246783512466211,0.05172413793103448,0.9586206896551724,0.96,0.8984953749459237,30,False,2258.0
3,paper_pa,paper_pa_0,0,15,4206279609,2706781084,"[1, 7, 20, 60, 145, 156, 160, 185, 205, 214, 253, 268, 293, 300, 341, 431, 452, 459, 465, 596]","[100, 559, 405, 222, 486, 592, 448, 476, 311, 577, 497, 108, 437, 227, 177, 428, 294, 291, 367, 57]",600,20,0.62,,,,,,,0.0,1.0,0.005,,,4.951666666666666,0.6537642563983026,1.0,0.09333333333333334,5.55,0.0018373706929523542,0.00797048380483174,0.15862068965517243,0.020689655172413793,0.005172413793103448,0.0,2.2051724137931035,4.0,0.0,0.20517241379310344,6.5327586206896555,0.1463087802641984,0.7088857125841225,0.009417662977219764,3.594736842105263,0.7700996216645329,0.07413793103448275,0.9862068965517241,0.9866666666666667,0.876110415905714,30,False,2340.0
3,paper_pa,paper_pa_0,0,16,4206279609,1950801506,"[2, 22, 49, 99, 119, 143, 193, 206, 265, 273, 298, 340, 350, 380, 382, 455, 462, 499, 546, 562]","[145, 359, 516, 26, 172, 459, 148, 160, 211, 565, 252, 136, 297, 574, 353, 256, 543, 62, 507, 40]",600,20,0.62,,,,,,,0.0,1.0,0.005,,,4.951666666666666,0.6537642563983026,1.0,0.09333333333333334,4.1,0.0014341393471375146,0.004026786275896477,0.11379310344827587,0.008620689655172414,0.0017241379310344827,0.0,2.3448275862068964,4.0,0.0,0.08448275862068966,4.6706896551724135,0.11028123241516903,0.7857006729795724,0.004098313966735019,4.163157894736842,0.8309522023268648,0.056896551724137934,0.5,0.5166666666666667,0.9195576249621809,30,False,1692.0
3,paper_pa,paper_pa_0,0,17,4206279609,1391234220,"[12, 32, 45, 61, 106, 124, 170, 175, 190, 252, 259, 266, 278, 324, 426, 471, 489, 493, 518, 546]","[250, 75, 77, 498, 141, 68, 101, 169, 219, 239, 561, 242, 82, 171, 412, 513, 245, 484, 135, 507]",600,20,0.62,,,,,,,0.0,1.0,0.005,,,4.951666666666666,0.6537642563983026,1.0,0.09333333333333334,5.55,0.0018709797141204152,0.005951849954779176,0.17586206896551723,0.01206896551724138,0.0,0.0,2.1379310344827585,4.0,0.0,0.1310344827586207,5.805172413793104,0.1585953465177393,0.6802453695432077,0.003667370641054851,3.8526315789473684,0.9077396097698095,0.06896551724137931,0.9862068965517241,0.9866666666666667,0.8721499578095973,30,False,2340.0
3,paper_pa,paper_pa_0,0,18,4206279609,1967447563,"[8, 72, 78, 119, 137, 138, 148, 158, 183, 205, 213, 231, 308, 339, 358, 492, 503, 507, 528, 571]","[201, 126, 144, 172, 105, 182, 328, 368, 51, 311, 551, 49, 556, 247, 270, 114, 535, 255, 340, 263]",600,20,0.62,,,,,,,0.0,1.0,0.005,,,4.951666666666666,0.6537642563983026,1.0,0.09333333333333334,4.55,0.0015606641975410064,0.004845293915561264,0.13620689655172413,0.01206896551724138,0.0017241379310344827,0.0,2.2568965517241377,4.0,0.0,0.14655172413793102,5.339655172413793,0.1286118876153373,0.7466857244952653,0.006631351105035315,3.905263157894737,0.7784825289411005,0.056896551724137934,0.9827586206896551,0.9833333333333333,0.9013099169824272,30,False,2340.0
3,paper_pa,paper_pa_0,0,19,4206279609,3593572272,"[33, 41, 50, 89, 116, 151, 222, 224, 239, 261, 272, 283, 309, 338, 362, 436, 437, 489, 530, 550]","[318, 1, 158, 580, 319, 504, 221, 583, 548, 115, 89, 440, 467, 275, 542, 113, 162, 245, 469, 34]",600,20,0.62,,,,,,,0.0,1.0,0.005,,,4.951666666666666,0.6537642563983026,1.0,0.09333333333333334,5.25,0.0017520406285187965,0.00677235007923388,0.16206896551724137,0.015517241379310345,0.0,0.0,2.1758620689655173,4.0,0.0,0.12586206896551724,5.8293103448275865,0.14842067058002906,0.7030075635757251,0.005026296802612592,3.8210526315789473,0.8468870291074776,0.08448275862068966,0.9896551724137931,0.99,0.8609856250695884,30,False,2340.0
3,paper_pa,paper_pa_0,0,20,4206279609,4097894876,"[61, 72, 93, 101, 123, 231, 260, 314, 326, 373, 383, 397, 407, 408, 484, 497, 509, 518, 519, 599]","[498, 126, 461, 415, 594, 49, 562, 264, 527, 24, 181, 545, 119, 589, 323, 122, 178, 135, 374, 54]",600,20,0.62,,,,,,,0.0,1.0,0.005,,,4.951666666666666,0.6537642563983026,1.0,0.09333333333333334,3.65,0.001295508876264491,0.002292163353824511,0.1206896551724138,0.005172413793103448,0.0,0.0,2.3620689655172415,4.0,0.0,0.04310344827586207,4.218965517241379,0.11377691912379417,0.7736942409624203,0.0019005847953216374,4.421052631578948,0.8053563998458833,0.05344827586206897,0.9482758620689655,0.95,0.9051512919832021,30,False,2296.0
3,paper_pa,paper_pa_0,0,21,4206279609,10205202,"[11, 77, 95, 115, 133, 153, 176, 181, 199, 230, 327, 457, 463, 471, 483, 484, 536, 560, 569, 584]","[317, 345, 157, 575, 568, 306, 389, 121, 465, 123, 403, 523, 133, 513, 280, 323, 154, 350, 329, 398]",600,20,0.62,,,,,,,0.0,1.0,0.005,,,4.951666666666666,0.6537642563983026,1.0,0.09333333333333334,4.5,0.0015697139720906555,0.0031347118910215028,0.14482758620689656,0.006896551724137931,0.0,0.0,2.2758620689655173,4.0,0.0,0.06896551724137931,4.510344827586207,0.13292399071405034,0.7320647966172354,0.0029156223893066,4.2368421052631575,0.8662089805082154,0.07586206896551724,0.9879310344827587,0.9883333333333333,0.8820025420282036,30,False,2340.0
3,paper_pa,paper_pa_0,0,22,4206279609,1288945844,"[17, 29, 57, 59, 68, 85, 177, 184, 229, 242, 248, 337, 375, 386, 432, 466, 477, 518, 552, 597]","[218, 392, 10, 103, 124, 155, 429, 199, 423, 139, 349, 191, 477, 56, 72, 503, 570, 135, 248, 509]",600,20,0.62,,,,,,,0.0,1.0,0.005,,,4.951666666666666,0.6537642563983026,1.0,0.09333333333333334,5.0,0.0016658988265644621,0.003993633954463905,0.1482758620689655,0.015517241379310345,0.0017241379310344827,0.0,2.246551724137931,4.0,0.0,0.13620689655172413,6.044827586206897,0.13891672022558482,0.7260377583229111,0.008835364841556791,3.8263157894736843,0.7426902356366307,0.06724137931034482,0.9810344827586207,0.9816666666666667,0.8600439999718219,30,False,2338.0
3,paper_pa,paper_pa_0,0,23,4206279609,1473682862,"[20, 56, 98, 120, 213, 219, 230, 235, 237, 327, 351, 356, 361, 404, 429, 449, 476, 516, 536, 595]","[405, 399, 313, 65, 551, 99, 123, 45, 203, 403, 458, 420, 421, 417, 39, 217, 471, 546, 154, 283]",600,20,0.62,,,,,,,0.0,1.0,0.005,,,4.951666666666666,0.6537642563983026,1.0,0.09333333333333334,4.15,0.001460343747987682,0.0037067012069595235,0.13620689655172413,0.006896551724137931,0.0,0.0,2.2948275862068965,4.0,0.0,0.07241379310344828,4.774137931034483,0.12683666182518402,0.746739324638199,0.0032456140350877196,4.078947368421052,0.8309522023268648,0.06896551724137931,0.9879310344827587,0.9883333333333333,0.8950366249773651,30,False,2340.0
3,paper_pa,paper_pa_0,0,24,4206279609,1528706051,"[8, 16, 73, 77, 115, 215, 219, 243, 291, 309, 345, 353, 357, 366, 415, 433, 476, 495, 535, 599]","[201, 230, 531, 345, 575, 460, 99, 111, 261, 467, 207, 474, 512, 480, 379, 14, 471, 336, 23, 54]",600,20,0.62,,,,,,,0.0,1.0,0.005,,,4.951666666666666,0.6537642563983026,1.0,0.09333333333333334,4.45,0.0015281117362755587,0.00334984786431633,0.1310344827586207,0.017241379310344827,0.0017241379310344827,0.0,2.329310344827586,4.0,0.0,0.10344827586206896,5.05,0.12558152973205022,0.7555476147936394,0.006449456975772766,3.9947368421052634,0.7638257705842892,0.07586206896551724,0.9913793103448276,0.9916666666666667,0.8720175421331078,30,False,2340.0
3,paper_pa,paper_pa_0,0,25,4206279609,3979531881,"[11, 106, 117, 119, 127, 161, 251, 287, 317, 325, 360, 370, 372, 376, 454, 477, 509, 514, 585, 591]","[317, 141, 530, 172, 407, 307, 443, 17, 432, 269, 522, 386, 597, 9, 381, 570, 178, 563, 236, 232]",600,20,0.62,,,,,,,0.0,1.0,0.005,,,4.951666666666666,0.6537642563983026,1.0,0.09333333333333334,4.55,0.001575542606429679,0.0036364988621837686,0.1482758620689655,0.006896551724137931,0.0017241379310344827,0.0,2.2568965517241377,4.0,0.0,0.06206896551724138,4.582758620689655,0.13443929456976375,0.7263176701804538,0.0032134313055365692,4.2,0.8406131780272337,0.06724137931034482,0.9793103448275862,0.98,0.8785396248567849,30,False,2336.0
3,paper_pa,paper_pa_0,0,26,4206279609,648154743,"[12, 33, 39, 46, 224, 282, 286, 292, 295, 330, 349, 394, 427, 465, 524, 540, 550, 556, 591, 593]","[250, 318, 216, 338, 583, 246, 153, 426, 456, 524, 4, 223, 302, 367, 494, 411, 34, 491, 232, 599]",600,20,0.62,,,,,,,0.0,1.0,0.005,,,4.951666666666666,0.6537642563983026,1.0,0.09333333333333334,4.85,0.0016450711467029123,0.004635083063070374,0.15172413793103448,0.01206896551724138,0.0,0.0,2.1810344827586206,4.0,0.0,0.1413793103448276,5.63448275862069,0.1419227930875675,0.720177476028825,0.003824713298397509,3.931578947368421,0.8918047829891967,0.06551724137931035,0.9810344827586207,0.9816666666666667,0.8894986249506474,30,False,2340.0
3,paper_pa,paper_pa_0,0,27,4206279609,2168690529,"[5, 12, 49, 61, 75, 114, 133, 159, 165, 172, 189, 203, 245, 322, 336, 358, 384, 462, 503, 556]","[235, 250, 516, 498, 73, 581, 568, 566, 225, 378, 595, 187, 346, 229, 453, 270, 466, 543, 535, 491]",600,20,0.62,,,,,,,0.0,1.0,0.005,,,4.951666666666666,0.6537642563983026,1.0,0.09333333333333334,5.25,0.0017611779628120012,0.006056746226102245,0.16206896551724137,0.017241379310344827,0.0017241379310344827,0.0,2.1879310344827587,4.0,0.0,0.15689655172413794,5.775862068965517,0.14939844535961613,0.7030135191471621,0.005641838456483765,3.963157894736842,0.7956954241455144,0.06379310344827586,0.7103448275862069,0.72,0.9072742501739413,30,False,1938.0
3,paper_pa,paper_pa_0,0,28,4206279609,1003422243,"[49, 120, 130, 131, 178, 276, 289, 306, 310, 327, 328, 338, 497, 521, 548, 554, 566, 569, 574, 589]","[516, 65, 282, 96, 278, 387, 293, 190, 193, 403, 593, 275, 122, 495, 21, 510, 295, 329, 137, 418]",600,20,0.62,,,,,,,0.0,1.0,0.005,,,4.951666666666666,0.6537642563983026,1.0,0.09333333333333334,5.0,0.0016883037349668902,0.0039056629661218235,0.15344827586206897,0.017241379310344827,0.0017241379310344827,0.0,2.2844827586206895,4.0,0.0,0.09482758620689655,5.098275862068966,0.14144598607761494,0.717479602167828,0.0073354058222479274,4.078947368421052,0.9270615611705472,0.0706896551724138,0.9896551724137931,0.99,0.8866782090626657,30,False,2338.0
3,paper_pa,paper_pa_0,0,29,4206279609,1528636185,"[31, 37, 44, 102, 224, 227, 238, 250, 332, 368, 374, 408, 411, 425, 428, 456, 510, 530, 554, 590]","[401, 375, 31, 220, 583, 202, 92, 33, 52, 185, 210, 589, 151, 356, 553, 473, 209, 469, 510, 308]",600,20,0.62,,,,,,,0.0,1.0,0.005,,,4.951666666666666,0.6537642563983026,1.0,0.09333333333333334,4.6,0.0016053685609428627,0.004762455189829441,0.14310344827586208,0.008620689655172414,0.0034482758620689655,0.0,2.2620689655172415,4.0,0.0,0.1482758620689655,5.194827586206896,0.1324238341549625,0.7350187600500268,0.005284423179160022,4.073684210526316,0.7956954241455144,0.06379310344827586,0.4017241379310345,0.4216666666666667,0.9144830000586808,30,False,1618.0
3,paper_pa,paper_pa_0,0,30,4206279609,199882464,"[51, 69, 102, 128, 147, 176, 191, 193, 205, 246, 296, 360, 363, 379, 386, 387, 450, 486, 488, 512]","[380, 500, 220, 567, 586, 389, 539, 148, 311, 413, 395, 522, 489, 44, 56, 6, 470, 8, 253, 361]",600,20,0.62,,,,,,,0.0,1.0,0.005,,,4.951666666666666,0.6537642563983026,1.0,0.09333333333333334,4.15,0.0014285611615451191,0.003722917030359975,0.12241379310344827,0.015517241379310345,0.0017241379310344827,0.0,2.339655172413793,4.0,0.0,0.15344827586206897,5.913793103448276,0.11720140616613665,0.7706032993865761,0.017965747702589806,3.8,0.8662089805082153,0.05862068965517241,0.7086206896551724,0.7183333333333334,0.9156585838645697,30,False,1912.0
3,paper_pa,paper_pa_0,0,31,4206279609,1834217084,"[2, 18, 64, 66, 70, 97, 124, 228, 289, 304, 322, 334, 339, 377, 384, 430, 437, 508, 517, 572]","[145, 409, 198, 366, 134, 475, 68, 70, 293, 64, 229, 481, 247, 91, 466, 173, 162, 46, 98, 383]",600,20,0.62,,,,,,,0.0,1.0,0.005,,,4.951666666666666,0.6537642563983026,1.0,0.09333333333333334,5.35,0.0017605871184705468,0.006761280306398827,0.15689655172413794,0.01896551724137931,0.0017241379310344827,0.0,2.1655172413793102,4.0,0.0,0.13793103448275862,6.0810344827586205,0.14649097507182413,0.7115418974450598,0.00602605212125336,3.7421052631578946,0.8724828315884591,0.07241379310344828,0.9844827586206897,0.985,0.8748446670360863,30,False,2340.0
3,paper_pa,paper_pa_0,0,32,4206279609,1496918855,"[15, 77, 88, 117, 192, 214, 248, 263, 317, 358, 374, 382, 396, 407, 431, 514, 543, 565, 570, 581]","[462, 345, 83, 530, 7, 577, 349, 53, 432, 270, 210, 353, 478, 119, 428, 563, 161, 234, 508, 281]",600,20,0.62,,,,,,,0.0,1.0,0.005,,,4.951666666666666,0.6537642563983026,1.0,0.09333333333333334,4.4,0.0015184110262848574,0.002680879982815467,0.1396551724137931,0.008620689655172414,0.0017241379310344827,0.0,2.274137931034483,4.0,0.0,0.07586206896551724,4.718965517241379,0.12923655350334234,0.7409028646298612,0.007781823439718177,4.0473684210526315,0.7990825487656396,0.06379310344827586,0.8362068965517241,0.8416666666666667,0.90903783403337,30,False,2102.0
3,paper_pa,paper_pa_0,0,33,4206279609,2471255652,"[27, 50, 67, 71, 101, 117, 170, 201, 204, 217, 286, 293, 402, 419, 421, 427, 457, 474, 479, 564]","[404, 158, 528, 419, 415, 530, 101, 97, 167, 240, 153, 437, 393, 514, 408, 302, 523, 189, 104, 468]",600,20,0.62,,,,,,,0.0,1.0,0.005,,,4.951666666666666,0.6537642563983026,1.0,0.09333333333333334,5.6,0.001868133520364869,0.007962646976351148,0.16724137931034483,0.015517241379310345,0.0,0.0,2.1086206896551722,4.0,0.0,0.1396551724137931,6.031034482758621,0.15211859735900607,0.6944732297063904,0.0039517156390221405,3.7842105263157895,0.821291226626496,0.08275862068965517,0.9844827586206897,0.985,0.87517304206267,30,False,2340.0
3,paper_pa,paper_pa_0,0,34,4206279609,3374473923,"[42, 62, 121, 180, 204, 244, 267, 276, 293, 297, 303, 348, 372, 384, 386, 406, 433, 522, 562, 564]","[485, 362, 296, 348, 167, 560, 259, 387, 437, 183, 292, 241, 597, 466, 56, 427, 14, 452, 40, 468]",600,20,0.62,,,,,,,0.0,1.0,0.005,,,4.951666666666666,0.6537642563983026,1.0,0.09333333333333334,4.9,0.0016865792792406496,0.004713413462304933,0.15,0.01206896551724138,0.0,0.0,2.222413793103448,4.0,0.0,0.1,5.222413793103448,0.13811129878114836,0.7232981954618546,0.003884711779448622,3.973684210526316,0.8246783512466209,0.06724137931034482,0.9775862068965517,0.9783333333333334,0.8734425830189139,30,False,2338.0
3,paper_pa,paper_pa_0,0,35,4206279609,3741965445,"[21, 25, 30, 43, 107, 130, 218, 307, 356, 359, 377, 395, 447, 481, 523, 533, 553, 569, 576, 585]","[58, 28, 321, 299, 249, 282, 596, 376, 420, 143, 91, 384, 243, 410, 5, 29, 326, 329, 573, 236]",600,20,0.62,,,,,,,0.0,1.0,0.005,,,4.951666666666666,0.6537642563983026,1.0,0.09333333333333334,6.35,0.0020817487329882938,0.008655093287410438,0.2,0.015517241379310345,0.0,0.0,2.0724137931034483,4.0,0.0,0.14310344827586208,5.770689655172414,0.17057925790789327,0.6427967363468525,0.004082192848792979,3.889473684210526,0.8406131780272337,0.07241379310344828,0.9758620689655172,0.9766666666666667,0.580471082823351,19,True,2332.0
3,paper_pa,paper_pa_0,0,36,4206279609,1987712460,"[28, 104, 110, 131, 157, 169, 233, 235, 239, 313, 325, 353, 399, 416, 435, 514, 547, 562, 574, 582]","[228, 569, 305, 96, 525, 360, 400, 45, 548, 422, 269, 474, 334, 174, 585, 563, 128, 40, 137, 215]",600,20,0.62,,,,,,,0.0,1.0,0.005,,,4.951666666666666,0.6537642563983026,1.0,0.09333333333333334,4.85,0.0016350554392902884,0.005488585249821586,0.15172413793103448,0.01206896551724138,0.0034482758620689655,0.0,2.239655172413793,4.0,0.0,0.15344827586206897,5.822413793103448,0.14021606265226783,0.7203025430290037,0.006275975486501801,3.831578947368421,0.9429963879511599,0.07931034482758621,0.993103448275862,0.9933333333333333,0.8684021669905633,30,False,2340.0
3,paper_pa,paper_pa_0,0,37,4206279609,3284275703,"[6, 49, 83, 124, 132, 169, 184, 193, 264, 273, 319, 350, 366, 374, 392, 444, 448, 455, 524, 551]","[425, 516, 61, 68, 71, 360, 199, 148, 441, 565, 347, 297, 480, 210, 117, 555, 571, 256, 494, 540]",600,20,0.62,,,,,,,0.0,1.0,0.005,,,4.951666666666666,0.6537642563983026,1.0,0.09333333333333334,4.25,0.0014864865762207488,0.004131308019977534,0.13275862068965516,0.006896551724137931,0.0,0.0,2.2810344827586206,4.0,0.0,0.08620689655172414,4.7155172413793105,0.1240141484964858,0.7526889405038414,0.001697863539968803,4.247368421052632,0.8502741537276026,0.06896551724137931,0.9844827586206897,0.985,0.8705740829464048,30,False,2340.0
3,paper_pa,paper_pa_0,0,38,4206279609,2177392725,"[114, 236, 240, 263, 276, 281, 366, 381, 384, 421, 436, 451, 497, 500, 526, 530, 537, 540, 561, 584]","[581, 159, 322, 53, 387, 351, 480, 483, 466, 408, 113, 446, 122, 284, 430, 469, 557, 411, 534, 398]",600,20,0.62,,,,,,,0.0,1.0,0.005,,,4.951666666666666,0.6537642563983026,1.0,0.09333333333333334,3.65,0.0013163267953022375,0.002024005765026193,0.11206896551724138,0.006896551724137931,0.0,0.0,2.35,4.0,0.0,0.056896551724137934,4.182758620689655,0.10756129111880258,0.7887916145554166,0.004135338345864661,4.278947368421052,0.8116302509261272,0.05172413793103448,0.2982758620689655,0.32166666666666666,0.9390163330826908,30,False,1500.0
3,paper_pa,paper_pa_0,0,39,4206279609,1176826488,"[48, 57, 91, 96, 112, 144, 150, 156, 173, 260, 319, 331, 363, 374, 399, 434, 466, 512, 523, 580]","[32, 10, 300, 257, 184, 86, 587, 592, 541, 562, 347, 87, 489, 210, 334, 27, 503, 361, 5, 285]",600,20,0.62,,,,,,,0.0,1.0,0.005,,,4.951666666666666,0.6537642563983026,1.0,0.09333333333333334,5.85,0.0019322376690586046,0.005802708734698727,0.15862068965517243,0.022413793103448276,0.0,0.0,2.2103448275862068,4.0,0.0,0.1482758620689655,6.198275862068965,0.14971557635770213,0.7085819784408314,0.006676904966378651,3.5631578947368423,0.8565480048078465,0.07586206896551724,0.9844827586206897,0.985,0.8677446248475462,30,False,2340.0
3,paper_pa,paper_pa_0,0,40,4206279609,2881526122,"[4, 7, 50, 53, 60, 75, 97, 115, 143, 154, 157, 297, 318, 325, 377, 428, 439, 472, 516, 550]","[316, 559, 158, 163, 222, 73, 475, 575, 459, 107, 525, 183, 200, 269, 91, 553, 69, 584, 546, 34]",600,20,0.62,,,,,,,0.0,1.0,0.005,,,4.951666666666666,0.6537642563983026,1.0,0.09333333333333334,5.65,0.0018672350493793277,0.007448494354674531,0.16551724137931034,0.013793103448275862,0.005172413793103448,0.0,2.193103448275862,4.0,0.0,0.16034482758620688,6.255172413793104,0.1498177430517986,0.6975165267107379,0.0052836367167030775,3.6473684210526316,0.8758699562085841,0.07241379310344828,0.9741379310344828,0.975,0.8784711249172688,30,False,2338.0
3,paper_pa,paper_pa_0,0,41,4206279609,1371671981,"[21, 42, 76, 103, 153, 167, 181, 260, 264, 298, 331, 359, 363, 385, 403, 425, 465, 518, 556, 588]","[58, 485, 204, 451, 306, 324, 121, 562, 441, 252, 87, 143, 489, 94, 50, 356, 367, 135, 491, 436]",600,20,0.62,,,,,,,0.0,1.0,0.005,,,4.951666666666666,0.6537642563983026,1.0,0.09333333333333334,5.95,0.0019622601763017227,0.008392674222221414,0.1724137931034483,0.01896551724137931,0.0034482758620689655,0.0,2.179310344827586,4.0,0.0,0.1396551724137931,5.455172413793103,0.15141312114802527,0.6870644988386636,0.008722213930193557,3.931578947368421,0.8150173755462523,0.07413793103448275,0.9741379310344828,0.975,0.875977833988145,30,False,2336.0
3,paper_pa,paper_pa_0,0,42,4206279609,1903957300,"[81, 125, 171, 179, 190, 220, 268, 339, 378, 418, 455, 485, 511, 512, 520, 540, 553, 574, 583, 594]","[519, 406, 179, 110, 219, 286, 108, 247, 231, 277, 256, 343, 127, 361, 37, 411, 326, 137, 472, 0]",600,20,0.62,,,,,,,0.0,1.0,0.005,,,4.951666666666666,0.6537642563983026,1.0,0.09333333333333334,4.8,0.0016195286767129512,0.004937615023484162,0.14655172413793102,0.010344827586206896,0.0017241379310344827,0.0,2.2586206896551726,4.0,0.0,0.15517241379310345,5.5,0.1355185712750215,0.7290810553272586,0.004149826781405729,3.8789473684210525,0.8406131780272337,0.06551724137931035,0.9741379310344828,0.975,0.8727531670592725,30,False,2340.0
3,paper_pa,paper_pa_0,0,43,4206279609,2873176749,"[30, 40, 73, 74, 91, 127, 147, 173, 199, 219, 223, 237, 295, 355, 374, 397, 458, 517, 546, 559]","[321, 289, 531, 315, 300, 407, 586, 541, 465, 99, 435, 203, 456, 254, 210, 545, 590, 98, 507, 118]",600,20,0.62,,,,,,,0.0,1.0,0.005,,,4.951666666666666,0.6537642563983026,1.0,0.09333333333333334,5.1,0.001739335036398054,0.004731979552184472,0.15517241379310345,0.010344827586206896,0.0,0.0,2.231034482758621,4.0,0.0,0.12241379310344827,5.143103448275862,0.1391368651826241,0.7148353284497647,0.00244250331711632,4.015789473684211,0.8212912266264962,0.05862068965517241,0.2655172413793103,0.29,0.8916808750946075,30,False,1482.0
3,paper_pa,paper_pa_0,0,44,4206279609,873086655,"[77, 92, 151, 164, 172, 191, 213, 244, 263, 336, 338, 369, 419, 442, 463, 477, 488, 534, 539, 576]","[345, 479, 504, 79, 378, 539, 551, 560, 53, 453, 275, 578, 514, 365, 133, 570, 253, 396, 132, 573]",600,20,0.62,,,,,,,0.0,1.0,0.005,,,4.951666666666666,0.6537642563983026,1.0,0.09333333333333334,4.1,0.0014277650540286172,0.0032819722152500758,0.1206896551724138,0.01206896551724138,0.0017241379310344827,0.0,2.4224137931034484,4.0,0.0,0.11379310344827587,5.163793103448276,0.11603372391444394,0.7735632183908046,0.006131996658312449,3.8473684210526318,0.8468870291074776,0.06379310344827586,0.9172413793103448,0.92,0.9097113749012351,30,False,2220.0
3,paper_pa,paper_pa_0,0,45,4206279609,513608435,"[14, 69, 119, 129, 168, 200, 232, 276, 296, 346, 357, 448, 450, 456, 469, 470, 499, 511, 514, 519]","[579, 500, 172, 214, 120, 168, 67, 387, 395, 265, 512, 571, 470, 473, 30, 552, 62, 127, 563, 374]",600,20,0.62,,,,,,,0.0,1.0,0.005,,,4.951666666666666,0.6537642563983026,1.0,0.09333333333333334,4.0,0.0013922174411621542,0.0034748673092938873,0.12413793103448276,0.010344827586206896,0.0,0.0,2.4017241379310343,4.0,0.0,0.07586206896551724,4.568965517241379,0.1183441346388698,0.7676076469537252,0.004523809523809524,4.152631578947369,0.8309522023268648,0.0603448275862069,0.9913793103448276,0.9916666666666667,0.8737962499726564,30,False,2340.0
3,paper_pa,paper_pa_0,0,46,4206279609,3826321597,"[3, 14, 17, 42, 81, 190, 306, 333, 359, 362, 395, 442, 480, 515, 523, 528, 543, 561, 577, 578]","[15, 579, 218, 485, 519, 219, 190, 547, 143, 542, 384, 365, 95, 558, 5, 340, 161, 534, 267, 373]",600,20,0.62,,,,,,,0.0,1.0,0.005,,,4.951666666666666,0.6537642563983026,1.0,0.09333333333333334,7.15,0.002324679600683623,0.010083695219758645,0.21551724137931033,0.01896551724137931,0.0017241379310344827,0.0,2.032758620689655,4.0,0.0,0.17413793103448275,6.189655172413793,0.1772237528423805,0.6199035197427193,0.005657288617814934,3.7,0.8821438072888279,0.07586206896551724,0.9810344827586207,0.9816666666666667,0.8668267079629004,30,False,2340.0
3,paper_pa,paper_pa_0,0,47,4206279609,2694664174,"[10, 27, 86, 143, 183, 238, 278, 304, 314, 362, 368, 419, 420, 427, 473, 476, 534, 580, 583, 590]","[397, 404, 266, 459, 51, 92, 82, 64, 264, 542, 185, 514, 438, 302, 369, 471, 396, 285, 472, 308]",600,20,0.62,,,,,,,0.0,1.0,0.005,,,4.951666666666666,0.6537642563983026,1.0,0.09333333333333334,5.7,0.0018723933095288595,0.005829959907270632,0.16034482758620688,0.017241379310344827,0.0017241379310344827,0.0,2.182758620689655,4.0,0.0,0.16551724137931034,6.2,0.14645386364211072,0.7060210827228872,0.006039009466987305,3.6578947368421053,0.7956954241455146,0.0706896551724138,0.9827586206896551,0.9833333333333333,0.8676093330141157,30,False,2340.0
3,paper_pa,paper_pa_0,0,48,4206279609,2730908415,"[3, 21, 146, 164, 218, 239, 246, 256, 259, 265, 289, 308, 371, 419, 454, 462, 518, 519, 548, 564]","[15, 58, 125, 79, 596, 548, 413, 442, 561, 211, 293, 556, 439, 514, 381, 543, 135, 374, 21, 468]",600,20,0.62,,,,,,,0.0,1.0,0.005,,,4.951666666666666,0.6537642563983026,1.0,0.09333333333333334,7.05,0.0023306074955841702,0.013186173956676775,0.21551724137931033,0.017241379310344827,0.0,0.0,2.0741379310344827,4.0,0.0,0.16551724137931034,5.660344827586207,0.1732116526465125,0.6203204097433148,0.0017774329664234435,3.8842105263157896,0.8565480048078464,0.08448275862068966,0.9810344827586207,0.9816666666666667,0.8714432080741972,30,False,2338.0
3,paper_pa,paper_pa_0,0,49,4206279609,2984660168,"[37, 77, 82, 136, 175, 187, 190, 195, 212, 227, 231, 251, 263, 272, 418, 533, 561, 562, 567, 574]","[375, 345, 268, 352, 169, 457, 219, 109, 550, 202, 49, 443, 53, 89, 277, 29, 534, 40, 414, 137]",600,20,0.62,,,,,,,0.0,1.0,0.005,,,4.951666666666666,0.6537642563983026,1.0,0.09333333333333334,4.15,0.0014084454506225834,0.003556350673539664,0.12586206896551724,0.01206896551724138,0.0017241379310344827,0.0,2.3086206896551724,4.0,0.0,0.12758620689655173,5.320689655172414,0.11933235421519227,0.7646239056637484,0.0067669172932330835,3.9368421052631577,0.7478909438036765,0.06724137931034482,0.9810344827586207,0.9816666666666667,0.892693332862109,30,False,2336.0
3,paper_pa,paper_pa_1,1,0,3681305604,548003796,"[9, 48, 93, 103, 158, 224, 281, 286, 337, 346, 382, 383, 410, 445, 481, 493, 517, 541, 554, 598]","[435, 444, 120, 172, 353, 361, 521, 192, 210, 587, 116, 41, 92, 440, 418, 7, 588, 46, 274, 161]",600,20,0.62,,,,,,,0.0,1.0,0.005,,,4.996666666666666,0.9009818266083941,1.0,0.22666666666666666,4.75,0.0015826854133546213,0.004091332850211829,0.1482758620689655,0.01206896551724138,0.0,0.0,2.2103448275862068,4.0,0.0,0.15,6.553448275862069,0.13659526115097048,0.726258114466083,0.003503504036745034,3.9368421052631577,0.8334641163479138,0.06379310344827586,0.4586206896551724,0.4766666666666667,0.9368150839582086,30,False,1670.0
3,paper_pa,paper_pa_1,1,1,3681305604,287297380,"[12, 41, 69, 184, 186, 221, 255, 257, 298, 346, 356, 374, 400, 401, 446, 458, 492, 541, 549, 577]","[12, 344, 363, 212, 52, 407, 249, 259, 329, 587, 393, 375, 489, 216, 66, 69, 410, 46, 457, 43]",600,20,0.62,,,,,,,0.0,1.0,0.005,,,4.996666666666666,0.9009818266083941,1.0,0.22666666666666666,4.25,0.0014206467314177378,0.0030265909472658283,0.12413793103448276,0.01206896551724138,0.0017241379310344827,0.0,2.268965517241379,4.0,0.0,0.20517241379310344,7.332758620689655,0.11894576115834762,0.7675719135251027,0.007911635148477253,3.7263157894736842,0.7198779941993058,0.05172413793103448,0.18620689655172415,0.21333333333333335,0.81580770900473,26,True,1450.0
3,paper_pa,paper_pa_1,1,2,3681305604,3900131989,"[3, 51, 88, 101, 109, 179, 279, 284, 293, 301, 315, 380, 399, 402, 404, 475, 504, 529, 566, 571]","[293, 562, 342, 354, 503, 246, 127, 531, 121, 286, 317, 32, 67, 508, 348, 449, 524, 227, 544, 534]",600,20,0.62,,,,,,,0.0,1.0,0.005,,,4.996666666666666,0.9009818266083941,1.0,0.22666666666666666,5.05,0.0016479687495792356,0.0037389752663427914,0.14482758620689656,0.01896551724137931,0.005172413793103448,0.0,2.213793103448276,4.0,0.0,0.2413793103448276,7.520689655172414,0.13864269752617683,0.731808707045441,0.010703558137768663,3.6526315789473682,0.752392670019718,0.06896551724137931,0.7448275862068966,0.7533333333333333,0.9046354170423001,30,False,1952.0
3,paper_pa,paper_pa_1,1,3,3681305604,950812443,"[39, 42, 75, 76, 88, 115, 155, 201, 204, 247, 265, 289, 294, 319, 349, 353, 459, 467, 519, 582]","[240, 365, 138, 536, 342, 65, 281, 80, 592, 473, 31, 517, 34, 326, 244, 164, 570, 189, 322, 578]",600,20,0.62,,,,,,,0.0,1.0,0.005,,,4.996666666666666,0.9009818266083941,1.0,0.22666666666666666,5.25,0.0017046603818489914,0.005109097671266254,0.15517241379310345,0.01896551724137931,0.0017241379310344827,0.0,2.2241379310344827,4.0,0.0,0.25689655172413794,8.00344827586207,0.14587898562142493,0.7143648383062354,0.009778350304666094,3.536842105263158,0.708894042909386,0.05344827586206897,0.28448275862068967,0.30833333333333335,0.9275031248107553,30,False,1550.0
3,paper_pa,paper_pa_1,1,4,3681305604,3551149903,"[29, 61, 107, 111, 123, 139, 192, 215, 240, 264, 282, 303, 314, 380, 383, 404, 437, 452, 494, 530]","[278, 148, 540, 267, 394, 256, 157, 167, 383, 142, 215, 131, 552, 32, 41, 348, 462, 586, 57, 6]",600,20,0.62,,,,,,,0.0,1.0,0.005,,,4.996666666666666,0.9009818266083941,1.0,0.22666666666666666,5.05,0.0016614411039553392,0.003070859834462638,0.16034482758620688,0.010344827586206896,0.0,0.0,2.1620689655172414,4.0,0.0,0.12758620689655173,6.051724137931035,0.14543103354293876,0.7059317491513311,0.003300106326422116,3.931578947368421,0.7540910765422801,0.06551724137931035,0.16724137931034483,0.195,0.8776771249249578,28,True,1478.0
3,paper_pa,paper_pa_1,1,5,3681305604,3559329949,"[8, 96, 111, 118, 125, 146, 156, 190, 225, 253, 293, 295, 303, 370, 392, 478, 505, 532, 542, 585]","[564, 374, 267, 224, 185, 23, 310, 190, 466, 196, 121, 180, 131, 111, 235, 54, 422, 537, 50, 202]",600,20,0.62,,,,,,,0.0,1.0,0.005,,,4.996666666666666,0.9009818266083941,1.0,0.22666666666666666,5.15,0.0016648996051739661,0.004225382953278567,0.16034482758620688,0.01206896551724138,0.0017241379310344827,0.0,2.179310344827586,4.0,0.0,0.23448275862068965,7.837931034482758,0.14762856180161238,0.7057828598654041,0.004423176153052314,3.6315789473684212,0.8400879912521555,0.07413793103448275,0.9620689655172414,0.9633333333333334,0.8871684169862419,30,False,2298.0
3,paper_pa,paper_pa_1,1,6,3681305604,1488435702,"[1, 3, 7, 18, 51, 99, 138, 150, 200, 230, 300, 301, 305, 317, 345, 406, 460, 468, 557, 573]","[471, 293, 559, 327, 562, 597, 39, 409, 282, 290, 360, 286, 71, 59, 377, 35, 181, 90, 555, 392]",600,20,0.62,,,,,,,0.0,1.0,0.005,,,4.996666666666666,0.9009818266083941,1.0,0.22666666666666666,10.25,0.0030735434317158685,0.025190677629726026,0.2982758620689655,0.027586206896551724,0.0,0.0,1.8344827586206895,3.0,0.0,0.35172413793103446,8.006896551724138,0.21022461209919252,0.5121791435888273,0.002807829545160243,3.5894736842105264,0.82988802098291,0.08620689655172414,0.9586206896551724,0.96,0.8834117092192173,30,False,2296.0
3,paper_pa,paper_pa_1,1,7,3681305604,3262544241,"[63, 72, 121, 172, 229, 251, 253, 314, 316, 332, 386, 395, 415, 428, 441, 475, 478, 481, 522, 539]","[362, 388, 238, 561, 533, 477, 196, 552, 421, 416, 341, 335, 493, 301, 63, 449, 54, 418, 73, 405]",600,20,0.62,,,,,,,0.0,1.0,0.005,,,4.996666666666666,0.9009818266083941,1.0,0.22666666666666666,5.5,0.0017528396004361068,0.0044100552776362035,0.16206896551724137,0.020689655172413793,0.005172413793103448,0.0,2.1620689655172414,4.0,0.0,0.2413793103448276,8.03448275862069,0.15139911840455375,0.7028884521469835,0.011167976760082023,3.4842105263157896,0.9583832232923284,0.06724137931034482,0.7551724137931034,0.7633333333333333,0.9173665421549231,30,False,1930.0
3,paper_pa,paper_pa_1,1,8,3681305604,4271123618,"[5, 70, 152, 169, 184, 222, 225, 236, 244, 245, 322, 338, 348, 463, 506, 507, 519, 559, 580, 588]","[398, 371, 125, 434, 212, 467, 466, 572, 17, 381, 250, 263, 140, 433, 475, 149, 322, 463, 195, 336]",600,20,0.62,,,,,,,0.0,1.0,0.005,,,4.996666666666666,0.9009818266083941,1.0,0.22666666666666666,4.95,0.0016115735668115992,0.005593235867719848,0.14482758620689656,0.01896551724137931,0.0017241379310344827,0.0,2.2327586206896552,4.0,0.0,0.2206896551724138,6.927586206896552,0.13522752708360353,0.7321898636174141,0.00918986907214054,3.905263157894737,0.9145355626761097,0.0706896551724138,0.9724137931034482,0.9733333333333334,0.8885780000127852,30,False,2300.0
3,paper_pa,paper_pa_1,1,9,3681305604,3384792286,"[33, 39, 46, 60, 62, 127, 176, 191, 212, 224, 247, 290, 296, 335, 347, 365, 399, 446, 461, 537]","[518, 240, 171, 385, 306, 542, 568, 565, 222, 361, 473, 538, 143, 574, 165, 44, 67, 66, 108, 350]",600,20,0.62,,,,,,,0.0,1.0,0.005,,,4.996666666666666,0.9009818266083941,1.0,0.22666666666666666,5.8,0.0018782301762931177,0.006254266550601059,0.18275862068965518,0.010344827586206896,0.0,0.0,2.1258620689655174,4.0,0.0,0.1706896551724138,6.817241379310345,0.1596623223987615,0.6695848966708355,0.0030092860356018248,3.8210526315789473,0.8130641758094235,0.07413793103448275,0.9534482758620689,0.955,0.8893578751012683,30,False,2282.0
3,paper_pa,paper_pa_1,1,10,3681305604,1933366292,"[14, 37, 48, 52, 55, 116, 145, 173, 210, 222, 353, 356, 370, 423, 510, 522, 539, 567, 573, 582]","[311, 456, 444, 328, 262, 400, 70, 78, 395, 467, 164, 393, 111, 571, 334, 73, 405, 150, 392, 578]",600,20,0.62,,,,,,,0.0,1.0,0.005,,,4.996666666666666,0.9009818266083941,1.0,0.22666666666666666,5.95,0.001905510934341961,0.005216618115559809,0.1706896551724138,0.01896551724137931,0.0034482758620689655,0.0,2.156896551724138,4.0,0.0,0.2482758620689655,8.374137931034483,0.15886388805603582,0.6884938359835626,0.0077578853894643375,3.431578947368421,0.8334641163479138,0.06379310344827586,0.39827586206896554,0.41833333333333333,0.9226017501205206,30,False,1646.0
3,paper_pa,paper_pa_1,1,11,3681305604,3265246210,"[94, 157, 170, 179, 190, 195, 203, 235, 245, 286, 367, 380, 382, 410, 413, 520, 524, 542, 551, 575]","[55, 302, 470, 246, 190, 29, 581, 8, 381, 192, 346, 32, 116, 92, 99, 320, 483, 50, 507, 486]",600,20,0.62,,,,,,,0.0,1.0,0.005,,,4.996666666666666,0.9009818266083941,1.0,0.22666666666666666,4.35,0.0014804570935957903,0.003309825122164061,0.1310344827586207,0.015517241379310345,0.0,0.0,2.377586206896552,4.0,0.0,0.07758620689655173,5.137931034482759,0.1254628420482006,0.755589303793699,0.005211323763955343,4.157894736842105,0.8671118066948873,0.05517241379310345,0.1810344827586207,0.20833333333333334,0.9294463749974966,30,False,1466.0
3,paper_pa,paper_pa_1,1,12,3681305604,979330887,"[13, 62, 66, 134, 181, 190, 283, 303, 320, 323, 333, 381, 390, 397, 410, 411, 416, 488, 520, 570]","[88, 306, 550, 429, 553, 190, 60, 131, 303, 349, 13, 494, 68, 497, 92, 316, 113, 228, 320, 91]",600,20,0.62,,,,,,,0.0,1.0,0.005,,,4.996666666666666,0.9009818266083941,1.0,0.22666666666666666,4.85,0.0016326407043405588,0.004083511254185581,0.15,0.008620689655172414,0.0017241379310344827,0.0,2.1758620689655173,4.0,0.0,0.2206896551724138,6.818965517241379,0.13548750254409833,0.7235721517479602,0.003024908528004503,3.9263157894736844,0.7758403900974462,0.0706896551724138,0.5568965517241379,0.5716666666666667,0.9208077918738127,30,False,1790.0
3,paper_pa,paper_pa_1,1,13,3681305604,2064830605,"[15, 69, 121, 157, 160, 177, 181, 205, 217, 249, 278, 307, 403, 435, 442, 447, 451, 517, 557, 589]","[526, 363, 238, 302, 203, 451, 553, 439, 209, 105, 229, 427, 289, 58, 208, 14, 387, 588, 555, 75]",600,20,0.62,,,,,,,0.0,1.0,0.005,,,4.996666666666666,0.9009818266083941,1.0,0.22666666666666666,4.75,0.0015529288723382093,0.003796715655904293,0.1413793103448276,0.0034482758620689655,0.0017241379310344827,0.0,2.2189655172413794,4.0,0.0,0.20862068965517241,7.848275862068966,0.1302049892137265,0.737889345482699,0.006430528535791693,3.6473684210526316,0.784690987350016,0.06379310344827586,0.3258620689655172,0.34833333333333333,0.9047416250687093,30,False,1590.0
3,paper_pa,paper_pa_1,1,14,3681305604,3147722397,"[9, 81, 89, 93, 101, 197, 201, 215, 266, 275, 328, 333, 357, 374, 455, 473, 502, 516, 568, 586]","[435, 16, 411, 120, 354, 279, 80, 167, 359, 214, 191, 13, 431, 375, 580, 201, 515, 596, 514, 305]",600,20,0.62,,,,,,,0.0,1.0,0.005,,,4.996666666666666,0.9009818266083941,1.0,0.22666666666666666,5.45,0.0017708734231651104,0.006165214715106459,0.16379310344827586,0.013793103448275862,0.0017241379310344827,0.0,2.1758620689655173,4.0,0.0,0.2396551724137931,7.11896551724138,0.14869063803022486,0.7003275564290393,0.00631243025979868,3.763157894736842,0.883935651868374,0.06551724137931035,0.5603448275862069,0.575,0.925914250081405,30,False,1766.0
3,paper_pa,paper_pa_1,1,15,3681305604,1579134644,"[41, 84, 99, 127, 137, 147, 148, 156, 194, 209, 287, 289, 308, 349, 415, 416, 458, 488, 543, 581]","[344, 569, 597, 542, 115, 458, 315, 310, 285, 83, 330, 517, 417, 244, 493, 113, 69, 228, 338, 233]",600,20,0.62,,,,,,,0.0,1.0,0.005,,,4.996666666666666,0.9009818266083941,1.0,0.22666666666666666,5.4,0.0017450016127797847,0.0039285017222154646,0.16206896551724137,0.015517241379310345,0.0017241379310344827,0.0,2.156896551724138,4.0,0.0,0.14310344827586208,7.239655172413793,0.1498783457927229,0.7028824965755465,0.005638002348528664,3.6736842105263157,0.8502879615214007,0.07241379310344828,0.4586206896551724,0.4766666666666667,0.9167168748099357,30,False,1692.0
3,paper_pa,paper_pa_1,1,16,3681305604,3851677469,"[3, 9, 60, 131, 158, 175, 225, 241, 246, 317, 319, 341, 369, 372, 423, 439, 548, 556, 562, 578]","[293, 435, 385, 425, 353, 484, 466, 269, 236, 59, 326, 319, 3, 217, 571, 51, 455, 446, 325, 166]",600,20,0.62,,,,,,,0.0,1.0,0.005,,,4.996666666666666,0.9009818266083941,1.0,0.22666666666666666,5.1,0.001655103660789712,0.005397914018071835,0.15172413793103448,0.01206896551724138,0.0017241379310344827,0.0,2.1982758620689653,4.0,0.0,0.24482758620689654,7.181034482758621,0.13877542344475688,0.7204633434578048,0.00534719150818222,3.710526315789474,0.82988802098291,0.05172413793103448,0.32068965517241377,0.3433333333333333,0.9237974171992391,30,False,1576.0
3,paper_pa,paper_pa_1,1,17,3681305604,3381667257,"[27, 73, 85, 123, 150, 222, 268, 273, 304, 310, 321, 343, 358, 421, 423, 475, 476, 535, 568, 594]","[226, 247, 300, 394, 409, 467, 594, 231, 96, 175, 33, 114, 443, 268, 571, 449, 137, 174, 514, 86]",600,20,0.62,,,,,,,0.0,1.0,0.005,,,4.996666666666666,0.9009818266083941,1.0,0.22666666666666666,5.35,0.0017115913978987419,0.004198153096810011,0.16896551724137931,0.01206896551724138,0.0,0.0,2.132758620689655,4.0,0.0,0.1879310344827586,7.675862068965517,0.15252569149263068,0.6917158001310225,0.004573934837092731,3.6473684210526316,0.7678671421765292,0.0603448275862069,0.25,0.275,0.9243543751072139,30,False,1532.0
3,paper_pa,paper_pa_1,1,18,3681305604,3369978085,"[16, 20, 32, 105, 190, 199, 220, 228, 232, 285, 351, 402, 404, 407, 425, 449, 458, 499, 503, 579]","[248, 123, 232, 272, 190, 79, 358, 81, 147, 141, 94, 508, 348, 480, 313, 198, 69, 2, 522, 469]",600,20,0.62,,,,,,,0.0,1.0,0.005,,,4.996666666666666,0.9009818266083941,1.0,0.22666666666666666,5.0,0.0016511682039766333,0.0049680966496304544,0.1396551724137931,0.01896551724137931,0.0,0.0,2.2189655172413794,4.0,0.0,0.15172413793103448,7.448275862068965,0.13347449249627732,0.7407241974867489,0.006255089939300466,3.5894736842105264,0.7860403603666914,0.056896551724137934,0.3603448275862069,0.38166666666666665,0.924825208960101,30,False,1594.0
3,paper_pa,paper_pa_1,1,19,3681305604,3217358920,"[43, 94, 111, 145, 195, 198, 199, 231, 265, 302, 327, 334, 395, 417, 420, 424, 465, 494, 570, 585]","[482, 55, 267, 70, 29, 239, 79, 460, 31, 566, 575, 184, 335, 584, 11, 4, 87, 57, 91, 202]",600,20,0.62,,,,,,,0.0,1.0,0.005,,,4.996666666666666,0.9009818266083941,1.0,0.22666666666666666,5.05,0.0016462892786589414,0.002904400465183921,0.15862068965517243,0.008620689655172414,0.0,0.0,2.2586206896551726,4.0,0.0,0.10517241379310345,5.875862068965517,0.14377627388059985,0.7087963790125662,0.0035964912280701754,3.9157894736842107,0.8569118364256421,0.05517241379310345,0.4051724137931034,0.425,0.9214464169926941,30,False,1672.0
3,paper_pa,paper_pa_1,1,20,3681305604,3092141254,"[10, 25, 68, 98, 118, 124, 163, 185, 202, 218, 274, 310, 317, 357, 381, 431, 445, 486, 532, 590]","[498, 265, 100, 270, 224, 257, 563, 452, 98, 366, 501, 175, 59, 431, 494, 464, 440, 132, 537, 82]",600,20,0.62,,,,,,,0.0,1.0,0.005,,,4.996666666666666,0.9009818266083941,1.0,0.22666666666666666,3.6,0.0012512396756606333,0.00203935920733012,0.10862068965517241,0.008620689655172414,0.0017241379310344827,0.0,2.263793103448276,4.0,0.0,0.2,7.151724137931034,0.10613600911154154,0.7948126972783038,0.009448621553884711,3.7842105263157895,0.9043355924068645,0.05862068965517241,0.45689655172413796,0.475,0.9143413330893964,30,False,1700.0
3,paper_pa,paper_pa_1,1,21,3681305604,836454165,"[22, 53, 68, 133, 136, 141, 146, 191, 279, 288, 296, 320, 414, 453, 521, 525, 548, 559, 564, 575]","[337, 162, 100, 15, 254, 404, 23, 565, 127, 243, 143, 303, 163, 413, 513, 10, 455, 463, 176, 486]",600,20,0.62,,,,,,,0.0,1.0,0.005,,,4.996666666666666,0.9009818266083941,1.0,0.22666666666666666,5.35,0.0017233986455142704,0.003938872296761342,0.16379310344827586,0.017241379310344827,0.0,0.0,2.182758620689655,4.0,0.0,0.17758620689655172,6.417241379310345,0.15068745920341736,0.7000595557143708,0.0047594948910738375,3.8842105263157896,0.7758403900974462,0.06206896551724138,0.9724137931034482,0.9733333333333334,0.9036211250349879,30,False,2300.0
3,paper_pa,paper_pa_1,1,22,3681305604,1501006806,"[47, 59, 79, 101, 138, 159, 215, 224, 232, 236, 246, 254, 282, 302, 332, 408, 508, 540, 544, 547]","[367, 376, 146, 354, 39, 447, 167, 361, 147, 572, 236, 408, 215, 566, 416, 396, 442, 187, 579, 512]",600,20,0.62,,,,,,,0.0,1.0,0.005,,,4.996666666666666,0.9009818266083941,1.0,0.22666666666666666,4.3,0.0014195155608553453,0.003046606168594905,0.12931034482758622,0.01206896551724138,0.0034482758620689655,0.0,2.236206896551724,4.0,0.0,0.22758620689655173,7.860344827586207,0.12327652969523849,0.7585492227979275,0.010205116520905994,3.6894736842105265,0.8387386182354799,0.06379310344827586,0.4103448275862069,0.43,0.9077926671598107,30,False,1636.0
3,paper_pa,paper_pa_1,1,23,3681305604,512059864,"[1, 4, 46, 58, 78, 103, 216, 285, 291, 300, 308, 326, 384, 390, 402, 436, 463, 559, 587, 596]","[471, 372, 171, 478, 595, 172, 481, 141, 260, 360, 417, 273, 169, 68, 508, 454, 433, 463, 255, 102]",600,20,0.62,,,,,,,0.0,1.0,0.005,,,4.996666666666666,0.9009818266083941,1.0,0.22666666666666666,11.05,0.003365175467909206,0.027408913973113225,0.3310344827586207,0.034482758620689655,0.0017241379310344827,0.0,1.7982758620689656,3.0,0.0,0.34655172413793106,7.662068965517242,0.22799068278201062,0.4701089869572986,0.006288600624179585,3.6210526315789475,0.7758403900974461,0.08103448275862069,0.49137931034482757,0.5083333333333333,0.9021988750901073,30,False,1708.0
3,paper_pa,paper_pa_1,1,24,3681305604,1908070380,"[8, 10, 96, 106, 186, 252, 261, 290, 313, 314, 337, 389, 399, 405, 425, 435, 455, 554, 586, 599]","[564, 498, 374, 324, 52, 291, 225, 538, 151, 552, 210, 288, 67, 153, 313, 58, 580, 274, 305, 119]",600,20,0.62,,,,,,,0.0,1.0,0.005,,,4.996666666666666,0.9009818266083941,1.0,0.22666666666666666,4.65,0.0015421365428725396,0.004104852074773498,0.13793103448275862,0.005172413793103448,0.0017241379310344827,0.0,2.260344827586207,4.0,0.0,0.2,7.810344827586207,0.12611267797333142,0.7439699839199572,0.011874621223651695,3.626315789473684,0.7590165449239594,0.05,0.33793103448275863,0.36,0.7707617080304772,25,True,1568.0
3,paper_pa,paper_pa_1,1,25,3681305604,4167312546,"[6, 9, 40, 47, 59, 197, 206, 218, 222, 225, 269, 338, 365, 368, 433, 468, 474, 489, 518, 559]","[77, 435, 384, 367, 376, 279, 558, 366, 467, 466, 530, 263, 44, 490, 519, 90, 450, 488, 117, 463]",600,20,0.62,,,,,,,0.0,1.0,0.005,,,4.996666666666666,0.9009818266083941,1.0,0.22666666666666666,6.05,0.001915099044482793,0.006789379832557682,0.1793103448275862,0.017241379310344827,0.0017241379310344827,0.0,2.0913793103448275,4.0,0.0,0.2620689655172414,8.441379310344828,0.16206472729499072,0.674712643678161,0.007732220969755597,3.5157894736842104,0.8028642055401782,0.05344827586206897,0.3896551724137931,0.41,0.9309998748358339,30,False,1628.0
3,paper_pa,paper_pa_1,1,26,3681305604,1704959613,"[7, 35, 38, 140, 158, 215, 312, 337, 346, 357, 366, 396, 446, 450, 451, 465, 491, 530, 541, 542]","[559, 48, 389, 583, 353, 167, 207, 210, 587, 431, 129, 491, 66, 294, 387, 87, 356, 6, 46, 50]",600,20,0.62,,,,,,,0.0,1.0,0.005,,,4.996666666666666,0.9009818266083941,1.0,0.22666666666666666,5.1,0.0016682674289989173,0.004190234717098821,0.16379310344827586,0.006896551724137931,0.0017241379310344827,0.0,2.1551724137931036,4.0,0.0,0.2413793103448276,7.6706896551724135,0.14790356904860208,0.7001727115716753,0.003109003569529885,3.7526315789473683,0.9415593781188417,0.06724137931034482,0.656896551724138,0.6683333333333333,0.9156399159692228,30,False,1872.0
3,paper_pa,paper_pa_1,1,27,3681305604,2405412447,"[43, 52, 90, 95, 151, 214, 258, 304, 309, 349, 359, 436, 460, 477, 479, 483, 490, 500, 520, 565]","[482, 328, 204, 465, 130, 124, 448, 96, 304, 244, 495, 454, 181, 412, 567, 284, 188, 84, 320, 177]",600,20,0.62,,,,,,,0.0,1.0,0.005,,,4.996666666666666,0.9009818266083941,1.0,0.22666666666666666,4.2,0.0014184146388647953,0.0020148727262266778,0.13275862068965516,0.01206896551724138,0.0,0.0,2.25,4.0,0.0,0.12586206896551724,6.548275862068966,0.12645810532125454,0.7525936513608481,0.004534442166021113,3.905263157894737,0.8875117472333778,0.05,0.29310344827586204,0.31666666666666665,0.9188598750624806,30,False,1572.0
3,paper_pa,paper_pa_1,1,28,3681305604,3923108942,"[15, 32, 67, 95, 133, 140, 210, 268, 289, 340, 369, 420, 432, 503, 515, 532, 549, 566, 570, 597]","[526, 232, 104, 465, 15, 583, 395, 594, 517, 345, 3, 11, 0, 522, 312, 537, 457, 544, 91, 321]",600,20,0.62,,,,,,,0.0,1.0,0.005,,,4.996666666666666,0.9009818266083941,1.0,0.22666666666666666,4.7,0.0015553905466852399,0.0036876867390913544,0.14310344827586208,0.01206896551724138,0.0,0.0,2.2155172413793105,4.0,0.0,0.1482758620689655,6.8310344827586205,0.1333587292273913,0.734959204335656,0.004235778841041999,3.8684210526315788,0.8436640866171592,0.05344827586206897,0.35344827586206895,0.375,0.9049133330117911,30,True,1616.0
3,paper_pa,paper_pa_1,1,29,3681305604,2249772722,"[20, 23, 26, 56, 64, 72, 111, 138, 168, 280, 306, 324, 350, 358, 385, 430, 461, 530, 553, 590]","[123, 182, 382, 369, 390, 388, 267, 39, 85, 415, 89, 242, 535, 443, 93, 370, 108, 6, 437, 82]",600,20,0.62,,,,,,,0.0,1.0,0.005,,,4.996666666666666,0.9009818266083941,1.0,0.22666666666666666,4.35,0.001487572941921113,0.002778733312792921,0.13275862068965516,0.013793103448275862,0.0,0.0,2.2913793103448277,4.0,0.0,0.12931034482758622,6.6689655172413795,0.12483688604226321,0.7527068072181525,0.005620300751879699,3.863157894736842,0.8671118066948873,0.06206896551724138,0.3103448275862069,0.3333333333333333,0.9285327498801053,30,False,1604.0
3,paper_pa,paper_pa_1,1,30,3681305604,1898471301,"[42, 48, 70, 71, 120, 151, 169, 238, 249, 280, 331, 377, 384, 392, 439, 503, 526, 553, 570, 586]","[365, 444, 371, 502, 333, 130, 434, 432, 105, 415, 122, 20, 169, 235, 51, 522, 134, 437, 91, 305]",600,20,0.62,,,,,,,0.0,1.0,0.005,,,4.996666666666666,0.9009818266083941,1.0,0.22666666666666666,4.35,0.0014538929621862261,0.0023868660470594085,0.13620689655172413,0.01206896551724138,0.0017241379310344827,0.0,2.2275862068965515,4.0,0.0,0.2103448275862069,7.274137931034483,0.12841855516086229,0.7467095467810136,0.005103463787674315,3.7157894736842105,0.8502879615214005,0.0603448275862069,0.2413793103448276,0.26666666666666666,0.9314566249959171,30,False,1524.0
3,paper_pa,paper_pa_1,1,31,3681305604,2002118662,"[45, 83, 142, 164, 191, 234, 247, 248, 250, 265, 286, 323, 361, 381, 410, 418, 508, 513, 579, 581]","[61, 520, 287, 323, 565, 110, 473, 277, 299, 31, 192, 349, 419, 494, 92, 200, 442, 309, 469, 233]",600,20,0.62,,,,,,,0.0,1.0,0.005,,,4.996666666666666,0.9009818266083941,1.0,0.22666666666666666,4.75,0.0015419607337034279,0.004724311889912445,0.14310344827586208,0.010344827586206896,0.0017241379310344827,0.0,2.2155172413793105,4.0,0.0,0.22586206896551725,8.446551724137931,0.13314848458677464,0.7349115597641593,0.010810286205023048,3.542105263157895,0.671321223691522,0.06206896551724138,0.8982758620689655,0.9016666666666666,0.9385579591616988,30,False,2174.0
3,paper_pa,paper_pa_1,1,32,3681305604,3963931868,"[0, 64, 77, 162, 181, 182, 212, 317, 339, 363, 389, 403, 459, 465, 511, 531, 549, 572, 582, 583]","[168, 390, 298, 548, 553, 266, 222, 59, 154, 292, 288, 289, 570, 87, 476, 406, 457, 107, 578, 423]",600,20,0.62,,,,,,,0.0,1.0,0.005,,,4.996666666666666,0.9009818266083941,1.0,0.22666666666666666,4.05,0.0013635601784330823,0.002922031087019695,0.12241379310344827,0.006896551724137931,0.0017241379310344827,0.0,2.25,4.0,0.0,0.19827586206896552,6.6689655172413795,0.1159780989232048,0.7706211661008874,0.005762001156737999,3.957894736842105,0.7372672313687934,0.04482758620689655,0.17586206896551723,0.20333333333333334,0.9472821662202477,30,False,1464.0
3,paper_pa,paper_pa_1,1,33,3681305604,1125803729,"[18, 76, 78, 84, 92, 144, 155, 186, 218, 219, 226, 243, 385, 416, 430, 495, 500, 506, 549, 563]","[327, 536, 595, 569, 271, 26, 281, 52, 366, 193, 170, 576, 93, 113, 370, 318, 84, 475, 457, 42]",600,20,0.62,,,,,,,0.0,1.0,0.005,,,4.996666666666666,0.9009818266083941,1.0,0.22666666666666666,4.95,0.0016380724366979957,0.0037220839195216972,0.15517241379310345,0.010344827586206896,0.0017241379310344827,0.0,2.212068965517241,4.0,0.0,0.2413793103448276,6.860344827586207,0.14238445343831505,0.7145375498779107,0.003619825307131809,3.8684210526315788,0.8569118364256421,0.0603448275862069,0.36551724137931035,0.38666666666666666,0.8958503331523389,30,False,1592.0
3,paper_pa,paper_pa_1,1,34,3681305604,492695698,"[3, 14, 85, 108, 165, 186, 187, 200, 254, 277, 304, 327, 331, 372, 397, 475, 532, 541, 555, 573]","[293, 311, 300, 397, 546, 52, 9, 282, 408, 487, 96, 575, 122, 217, 497, 449, 537, 46, 194, 392]",600,20,0.62,,,,,,,0.0,1.0,0.005,,,4.996666666666666,0.9009818266083941,1.0,0.22666666666666666,4.9,0.0015876659175546298,0.004182373973813541,0.15,0.015517241379310345,0.0017241379310344827,0.0,2.182758620689655,4.0,0.0,0.23448275862068965,8.132758620689655,0.14098978429525214,0.7231254838901793,0.008370432886686756,3.526315789473684,0.8875117472333778,0.056896551724137934,0.6396551724137931,0.6516666666666666,0.9223694589454681,30,False,1846.0
3,paper_pa,paper_pa_1,1,35,3681305604,2517530728,"[8, 67, 95, 148, 184, 237, 294, 298, 316, 321, 334, 341, 363, 369, 390, 404, 418, 464, 532, 599]","[564, 104, 465, 315, 212, 28, 34, 329, 421, 33, 184, 319, 292, 3, 68, 348, 200, 18, 537, 119]",600,20,0.62,,,,,,,0.0,1.0,0.005,,,4.996666666666666,0.9009818266083941,1.0,0.22666666666666666,4.45,0.0014862546106097175,0.004159150079793646,0.12413793103448276,0.01206896551724138,0.0034482758620689655,0.0,2.2948275862068965,4.0,0.0,0.20517241379310344,7.498275862068965,0.11792665275557374,0.7676195580965993,0.014054286356917934,3.626315789473684,0.757101779911283,0.04827586206896552,0.2206896551724138,0.24666666666666667,0.9265532081481069,30,False,1476.0
3,paper_pa,paper_pa_1,1,36,3681305604,3405447156,"[5, 82, 95, 133, 189, 245, 281, 303, 305, 338, 339, 396, 401, 435, 441, 447, 481, 499, 568, 578]","[398, 237, 465, 15, 22, 381, 521, 131, 71, 263, 154, 491, 216, 58, 63, 14, 418, 2, 514, 166]",600,20,0.62,,,,,,,0.0,1.0,0.005,,,4.996666666666666,0.9009818266083941,1.0,0.22666666666666666,4.45,0.0014934878843157356,0.004234565825403272,0.13448275862068965,0.008620689655172414,0.0017241379310344827,0.0,2.320689655172414,4.0,0.0,0.19482758620689655,7.305172413793104,0.12438968439077336,0.7499434220713478,0.010645275234243783,3.863157894736842,0.8941356221376192,0.05517241379310345,0.23275862068965517,0.25833333333333336,0.7264495841227472,23,True,1486.0
3,paper_pa,paper_pa_1,1,37,3681305604,4281794643,"[64, 119, 128, 137, 164, 209, 211, 219, 277, 297, 303, 360, 366, 442, 501, 505, 525, 536, 588, 589]","[390, 219, 160, 115, 323, 83, 76, 193, 487, 314, 131, 245, 129, 208, 5, 422, 10, 49, 336, 75]",600,20,0.62,,,,,,,0.0,1.0,0.005,,,4.996666666666666,0.9009818266083941,1.0,0.22666666666666666,4.65,0.001541172528439791,0.003998153494530969,0.14482758620689656,0.01206896551724138,0.0,0.0,2.2155172413793105,4.0,0.0,0.1482758620689655,5.905172413793103,0.13076530404195014,0.7322077303317254,0.009995158350421507,4.0473684210526315,0.8773117769641325,0.05344827586206897,0.3568965517241379,0.37833333333333335,0.9427156248129904,30,False,1606.0
3,paper_pa,paper_pa_1,1,38,3681305604,1381799080,"[10, 41, 94, 136, 224, 319, 334, 376, 380, 413, 450, 477, 480, 531, 544, 561, 568, 580, 581, 589]","[498, 344, 55, 254, 361, 326, 184, 426, 32, 99, 294, 412, 368, 406, 579, 109, 514, 195, 233, 75]",600,20,0.62,,,,,,,0.0,1.0,0.005,,,4.996666666666666,0.9009818266083941,1.0,0.22666666666666666,4.2,0.0014124113514539204,0.003283608756397208,0.13448275862068965,0.008620689655172414,0.0017241379310344827,0.0,2.2293103448275864,4.0,0.0,0.2206896551724138,6.691379310344828,0.1260920785975883,0.7496813769281162,0.00564954051796157,3.863157894736842,0.8502879615214007,0.05344827586206897,0.4086206896551724,0.42833333333333334,0.9389108340255916,30,False,1632.0
3,paper_pa,paper_pa_1,1,39,3681305604,3215459157,"[5, 12, 21, 27, 53, 75, 117, 157, 201, 242, 243, 253, 284, 286, 377, 428, 435, 487, 566, 583]","[398, 12, 56, 226, 162, 138, 556, 302, 80, 296, 576, 196, 531, 192, 20, 301, 58, 523, 544, 423]",600,20,0.62,,,,,,,0.0,1.0,0.005,,,4.996666666666666,0.9009818266083941,1.0,0.22666666666666666,6.4,0.0020030553850117726,0.0069998420747822004,0.19137931034482758,0.010344827586206896,0.0034482758620689655,0.0,2.103448275862069,4.0,0.0,0.23448275862068965,8.801724137931034,0.1670688899370782,0.6554344589363349,0.00786615853350237,3.542105263157895,0.7744910170807706,0.0603448275862069,0.9655172413793104,0.9666666666666667,0.8992926250211895,30,False,2298.0
3,paper_pa,paper_pa_1,1,40,3681305604,3184915077,"[51, 89, 91, 134, 143, 197, 223, 280, 302, 326, 421, 424, 435, 494, 513, 514, 530, 532, 536, 543]","[562, 411, 373, 429, 510, 279, 27, 415, 566, 273, 268, 4, 58, 57, 309, 332, 6, 537, 49, 338]",600,20,0.62,,,,,,,0.0,1.0,0.005,,,4.996666666666666,0.9009818266083941,1.0,0.22666666666666666,4.25,0.0014277488350190287,0.003326324216564736,0.12931034482758622,0.008620689655172414,0.0017241379310344827,0.0,2.2724137931034485,4.0,0.0,0.20862068965517241,7.925862068965517,0.12101839607404123,0.7586742897981061,0.009375200822569244,3.6,0.8219147730619931,0.056896551724137934,0.2482758620689655,0.2733333333333333,0.9289298749063164,30,False,1522.0
3,paper_pa,paper_pa_1,1,41,3681305604,2216723934,"[24, 60, 71, 92, 94, 110, 168, 216, 243, 269, 273, 422, 427, 445, 451, 481, 506, 584, 589, 595]","[45, 385, 502, 271, 55, 38, 85, 481, 576, 530, 231, 40, 173, 440, 387, 418, 475, 186, 75, 364]",600,20,0.62,,,,,,,0.0,1.0,0.005,,,4.996666666666666,0.9009818266083941,1.0,0.22666666666666666,5.8,0.0018627262680914896,0.006846112048218217,0.1706896551724138,0.015517241379310345,0.005172413793103448,0.0,2.1310344827586207,4.0,0.0,0.253448275862069,8.310344827586206,0.15329485152658656,0.6889226371270324,0.010236366660515268,3.536842105263158,0.8773117769641327,0.06551724137931035,0.5189655172413793,0.535,0.916226000059396,30,False,1756.0
3,paper_pa,paper_pa_1,1,42,3681305604,773654265,"[16, 63, 114, 147, 179, 200, 251, 273, 294, 318, 355, 356, 379, 382, 461, 466, 508, 520, 556, 588]","[248, 362, 253, 458, 246, 282, 477, 231, 34, 241, 199, 393, 541, 116, 108, 557, 442, 320, 446, 336]",600,20,0.62,,,,,,,0.0,1.0,0.005,,,4.996666666666666,0.9009818266083941,1.0,0.22666666666666666,5.2,0.0016957765922392628,0.005012613902719761,0.16034482758620688,0.013793103448275862,0.0017241379310344827,0.0,2.1206896551724137,4.0,0.0,0.10517241379310345,6.653448275862069,0.14741647296912444,0.7058602822940861,0.004823385678648837,3.8421052631578947,0.8502879615214007,0.06724137931034482,0.9258620689655173,0.9283333333333333,0.9132217089645565,30,False,2268.0
3,paper_pa,paper_pa_1,1,43,3681305604,1615307786,"[10, 27, 28, 33, 82, 115, 181, 219, 248, 281, 300, 305, 363, 364, 370, 412, 429, 487, 526, 540]","[498, 226, 591, 518, 237, 65, 553, 193, 277, 521, 360, 71, 292, 547, 111, 21, 155, 523, 134, 187]",600,20,0.62,,,,,,,0.0,1.0,0.005,,,4.996666666666666,0.9009818266083941,1.0,0.22666666666666666,4.4,0.0014685316552170958,0.0033673509551376624,0.13620689655172413,0.008620689655172414,0.0017241379310344827,0.0,2.246551724137931,4.0,0.0,0.19827586206896552,7.753448275862069,0.1269784421155313,0.7468286582097552,0.01156489709121288,3.763157894736842,0.9211594375803512,0.05,0.3017241379310345,0.325,0.9135895830113441,30,False,1568.0
3,paper_pa,paper_pa_1,1,44,3681305604,3617753382,"[71, 75, 123, 138, 168, 218, 255, 260, 274, 281, 304, 326, 338, 347, 386, 395, 434, 465, 488, 599]","[502, 138, 394, 39, 85, 366, 249, 403, 501, 521, 96, 273, 263, 165, 341, 335, 24, 87, 228, 119]",600,20,0.62,,,,,,,0.0,1.0,0.005,,,4.996666666666666,0.9009818266083941,1.0,0.22666666666666666,4.55,0.0015315201837856058,0.002566543036525102,0.1396551724137931,0.010344827586206896,0.0017241379310344827,0.0,2.2293103448275864,4.0,0.0,0.2103448275862069,7.281034482758621,0.12840411277794786,0.7409445536299208,0.008460413855150697,3.736842105263158,0.7758403900974462,0.06206896551724138,0.3431034482758621,0.365,0.8584352498874068,28,True,1560.0
3,paper_pa,paper_pa_1,1,45,3681305604,1440969119,"[19, 36, 63, 69, 87, 88, 96, 137, 171, 203, 205, 233, 278, 289, 413, 494, 563, 568, 572, 588]","[573, 62, 362, 363, 234, 342, 374, 115, 252, 581, 439, 340, 229, 517, 99, 57, 42, 514, 107, 336]",600,20,0.62,,,,,,,0.0,1.0,0.005,,,4.996666666666666,0.9009818266083941,1.0,0.22666666666666666,4.9,0.0016243128079405284,0.00292204944433066,0.15689655172413794,0.008620689655172414,0.0,0.0,2.18448275862069,4.0,0.0,0.1103448275862069,6.336206896551724,0.14220633550457,0.7117682091596689,0.0029667919799498746,3.8473684210526318,0.8232641460786687,0.05862068965517241,0.21551724137931033,0.24166666666666667,0.9232807499356568,30,False,1508.0
3,paper_pa,paper_pa_1,1,46,3681305604,1115000898,"[24, 61, 104, 115, 131, 173, 177, 242, 314, 326, 416, 455, 457, 497, 526, 548, 550, 583, 596, 598]","[45, 148, 441, 65, 425, 78, 451, 296, 552, 273, 113, 580, 560, 380, 134, 455, 101, 423, 102, 161]",600,20,0.62,,,,,,,0.0,1.0,0.005,,,4.996666666666666,0.9009818266083941,1.0,0.22666666666666666,4.2,0.001434070085463595,0.003296490985300421,0.1310344827586207,0.006896551724137931,0.0,0.0,2.263793103448276,4.0,0.0,0.08620689655172414,5.360344827586207,0.12221302885921188,0.755732237508189,0.003289473684210526,4.184210526315789,0.8285386479662347,0.0603448275862069,0.2189655172413793,0.245,0.9262134998571128,30,False,1498.0
3,paper_pa,paper_pa_1,1,47,3681305604,1982478692,"[17, 46, 49, 68, 87, 133, 144, 216, 272, 321, 365, 377, 382, 384, 402, 409, 435, 543, 561, 595]","[47, 171, 1, 100, 234, 15, 26, 481, 525, 33, 44, 20, 116, 169, 508, 357, 58, 338, 109, 364]",600,20,0.62,,,,,,,0.0,1.0,0.005,,,4.996666666666666,0.9009818266083941,1.0,0.22666666666666666,5.4,0.001782426479071102,0.004482685942208695,0.16379310344827586,0.013793103448275862,0.0017241379310344827,0.0,2.1810344827586206,4.0,0.0,0.21551724137931033,7.574137931034483,0.1474218940660905,0.7005062235721518,0.00488467672678199,3.626315789473684,0.8489385885047251,0.07413793103448275,0.41379310344827586,0.43333333333333335,0.9159424169920385,30,False,1648.0
3,paper_pa,paper_pa_1,1,48,3681305604,2170829906,"[14, 51, 90, 94, 134, 161, 210, 246, 284, 316, 333, 347, 353, 393, 435, 480, 494, 524, 579, 585]","[311, 562, 204, 55, 429, 128, 395, 236, 531, 421, 13, 165, 164, 378, 58, 368, 57, 483, 469, 202]",600,20,0.62,,,,,,,0.0,1.0,0.005,,,4.996666666666666,0.9009818266083941,1.0,0.22666666666666666,5.0,0.0016146437962222637,0.004431197806216754,0.1482758620689655,0.01896551724137931,0.0034482758620689655,0.0,2.217241379310345,4.0,0.0,0.23275862068965517,7.63448275862069,0.1404350008008023,0.7259960693228515,0.00968892218892219,3.7,0.8130641758094233,0.05,0.2103448275862069,0.23666666666666666,0.9353685830719769,30,False,1490.0
3,paper_pa,paper_pa_1,1,49,3681305604,3350564427,"[64, 67, 118, 145, 166, 194, 198, 296, 314, 351, 355, 360, 375, 390, 417, 439, 474, 479, 517, 546]","[390, 104, 224, 70, 496, 285, 239, 143, 552, 94, 199, 245, 307, 68, 584, 51, 450, 567, 588, 211]",600,20,0.62,,,,,,,0.0,1.0,0.005,,,4.996666666666666,0.9009818266083941,1.0,0.22666666666666666,4.6,0.0015129990472957154,0.002414038645423743,0.14655172413793102,0.008620689655172414,0.0,0.0,2.2551724137931033,4.0,0.0,0.10689655172413794,6.38448275862069,0.13449778430485787,0.7291465666130665,0.002997076023391813,3.9263157894736844,0.8015148325235026,0.04827586206896552,0.25862068965517243,0.2833333333333333,0.9237524999771267,30,False,1518.0
3,paper_pa,paper_pa_2,2,0,1030332101,1225598118,"[4, 31, 60, 84, 137, 169, 185, 238, 277, 370, 419, 426, 433, 472, 514, 523, 535, 576, 577, 594]","[61, 368, 339, 390, 344, 419, 571, 308, 132, 431, 137, 19, 216, 391, 276, 2, 588, 462, 119, 289]",600,20,0.62,,,,,,,0.0,1.0,0.005,,,5.028333333333333,0.689945323138,1.0,0.16333333333333333,5.5,0.001799933444899701,0.004678198345761855,0.17586206896551723,0.01206896551724138,0.0017241379310344827,0.0,2.1448275862068966,4.0,0.0,0.14310344827586208,5.85,0.157371132371201,0.6803585254005122,0.004313906541379248,4.021052631578947,0.8483899261299666,0.0603448275862069,0.9568965517241379,0.9583333333333334,0.9320870840456337,30,False,2292.0
3,paper_pa,paper_pa_2,2,1,1030332101,3235622411,"[34, 76, 82, 93, 96, 135, 153, 173, 197, 211, 242, 257, 315, 317, 326, 451, 471, 534, 554, 598]","[493, 166, 244, 514, 26, 256, 592, 52, 120, 580, 234, 529, 145, 568, 403, 399, 141, 352, 495, 439]",600,20,0.62,,,,,,,0.0,1.0,0.005,,,5.028333333333333,0.689945323138,1.0,0.16333333333333333,4.35,0.0014772658303799147,0.002920228881978142,0.1396551724137931,0.010344827586206896,0.0,0.0,2.2706896551724136,4.0,0.0,0.08620689655172414,5.337931034482758,0.1301841591533254,0.7408433089154904,0.00389515455304929,4.0473684210526315,0.8497827645500308,0.05862068965517241,0.9586206896551724,0.96,0.8859149590134621,30,False,2286.0
3,paper_pa,paper_pa_2,2,2,1030332101,2736969852,"[37, 87, 98, 103, 139, 166, 188, 226, 274, 299, 303, 337, 392, 414, 446, 462, 479, 552, 590, 591]","[325, 169, 287, 383, 476, 130, 164, 127, 58, 512, 328, 406, 342, 227, 38, 332, 284, 41, 146, 522]",600,20,0.62,,,,,,,0.0,1.0,0.005,,,5.028333333333333,0.689945323138,1.0,0.16333333333333333,4.4,0.0014703235001728722,0.0022258392356280486,0.13448275862068965,0.013793103448275862,0.0017241379310344827,0.0,2.2551724137931033,4.0,0.0,0.11551724137931034,5.7379310344827585,0.1282119546876993,0.749586087785123,0.009530075187969925,3.9368421052631577,0.7820728098253055,0.06206896551724138,0.9413793103448276,0.9433333333333334,0.9241335839033127,30,False,2256.0
3,paper_pa,paper_pa_2,2,3,1030332101,3985979052,"[79, 87, 120, 216, 232, 242, 252, 257, 262, 303, 320, 371, 421, 439, 445, 454, 465, 467, 499, 530]","[171, 169, 89, 346, 356, 234, 558, 529, 402, 328, 170, 191, 350, 582, 153, 510, 212, 407, 197, 438]",600,20,0.62,,,,,,,0.0,1.0,0.005,,,5.028333333333333,0.689945323138,1.0,0.16333333333333333,4.4,0.0014583211163169767,0.003038844883397553,0.13448275862068965,0.01206896551724138,0.0017241379310344827,0.0,2.2758620689655173,4.0,0.0,0.13275862068965516,5.9431034482758625,0.12714566135386668,0.7496754213566792,0.007057226399331663,3.9105263157894736,0.8273328717810964,0.0603448275862069,0.9758620689655172,0.9766666666666667,0.9215047499164939,30,False,2300.0
3,paper_pa,paper_pa_2,2,4,1030332101,3662053666,"[4, 16, 23, 28, 71, 83, 88, 97, 200, 201, 202, 247, 303, 361, 403, 439, 458, 474, 504, 590]","[61, 379, 371, 359, 411, 75, 416, 167, 36, 305, 393, 343, 328, 500, 157, 582, 532, 505, 160, 146]",600,20,0.62,,,,,,,0.0,1.0,0.005,,,5.028333333333333,0.689945323138,1.0,0.16333333333333333,5.65,0.0018213841300292802,0.006599738146344407,0.1724137931034483,0.008620689655172414,0.0017241379310344827,0.0,2.1517241379310343,4.0,0.0,0.15344827586206897,7.432758620689655,0.1521999338271886,0.686200940980287,0.012129831382927359,3.5157894736842104,0.7939941754198047,0.056896551724137934,0.4586206896551724,0.4766666666666667,0.9175520420540124,30,False,1654.0
3,paper_pa,paper_pa_2,2,5,1030332101,1318530729,"[15, 45, 67, 68, 112, 138, 153, 159, 227, 258, 265, 301, 304, 312, 445, 522, 530, 550, 590, 592]","[238, 268, 57, 99, 214, 427, 592, 7, 322, 235, 295, 484, 595, 429, 153, 144, 438, 367, 146, 194]",600,20,0.62,,,,,,,0.0,1.0,0.005,,,5.028333333333333,0.689945323138,1.0,0.16333333333333333,4.35,0.0014420257726914265,0.002843567333778561,0.1310344827586207,0.015517241379310345,0.0034482758620689655,0.0,2.2568965517241377,4.0,0.0,0.1413793103448276,6.260344827586207,0.12593840625282265,0.7555833482222619,0.007942109060530111,3.805263157894737,0.8113599428104827,0.07241379310344828,0.9672413793103448,0.9683333333333334,0.872465250082314,30,False,2300.0
3,paper_pa,paper_pa_2,2,6,1030332101,13288504,"[60, 113, 126, 150, 172, 231, 269, 287, 310, 313, 327, 399, 427, 448, 458, 556, 566, 578, 585, 593]","[339, 575, 96, 366, 463, 355, 424, 504, 123, 114, 136, 555, 298, 42, 532, 239, 552, 105, 428, 63]",600,20,0.62,,,,,,,0.0,1.0,0.005,,,5.028333333333333,0.689945323138,1.0,0.16333333333333333,5.55,0.0018113582318564768,0.005130795327985362,0.1706896551724138,0.01896551724137931,0.0017241379310344827,0.0,2.156896551724138,4.0,0.0,0.1706896551724138,6.48448275862069,0.15516867979202903,0.6888869036984099,0.007065940595352361,3.7578947368421054,0.8882055862895788,0.06206896551724138,0.3431034482758621,0.365,0.9401844590902328,30,False,1606.0
3,paper_pa,paper_pa_2,2,7,1030332101,2459609026,"[72, 109, 147, 157, 197, 204, 206, 224, 301, 335, 373, 440, 498, 512, 527, 543, 567, 570, 580, 585]","[13, 467, 78, 585, 120, 211, 247, 97, 484, 69, 229, 65, 464, 149, 372, 79, 421, 541, 6, 428]",600,20,0.62,,,,,,,0.0,1.0,0.005,,,5.028333333333333,0.689945323138,1.0,0.16333333333333333,4.85,0.0015907979502216532,0.00288042806941194,0.14310344827586208,0.01896551724137931,0.0017241379310344827,0.0,2.2448275862068967,4.0,0.0,0.11724137931034483,5.731034482758621,0.13569673995044895,0.7348520040497886,0.008235550998708893,3.863157894736842,0.8845142993313864,0.04827586206896552,0.9482758620689655,0.95,0.9022089170757681,30,False,2294.0
3,paper_pa,paper_pa_2,2,8,1030332101,1712279012,"[30, 84, 166, 198, 203, 220, 226, 244, 328, 387, 406, 411, 421, 423, 442, 446, 464, 492, 539, 555]","[3, 390, 130, 414, 31, 260, 127, 294, 204, 477, 554, 32, 350, 71, 282, 38, 576, 134, 122, 314]",600,20,0.62,,,,,,,0.0,1.0,0.005,,,5.028333333333333,0.689945323138,1.0,0.16333333333333333,4.55,0.0015159458303147454,0.002240238267577257,0.13793103448275862,0.013793103448275862,0.0017241379310344827,0.0,2.3,4.0,0.0,0.10517241379310345,5.4431034482758625,0.13012110058631293,0.7437496277767852,0.006156737998843261,3.9947368421052634,0.7596229170563712,0.0706896551724138,0.5517241379310345,0.5666666666666667,0.918919499963522,30,False,1756.0
3,paper_pa,paper_pa_2,2,9,1030332101,1623015180,"[5, 45, 57, 87, 145, 233, 243, 259, 271, 342, 345, 398, 427, 428, 448, 503, 575, 578, 585, 591]","[526, 268, 480, 169, 272, 542, 507, 115, 430, 444, 223, 452, 298, 499, 42, 278, 572, 105, 428, 522]",600,20,0.62,,,,,,,0.0,1.0,0.005,,,5.028333333333333,0.689945323138,1.0,0.16333333333333333,4.7,0.0015282766225528078,0.004002889584083744,0.13275862068965516,0.013793103448275862,0.005172413793103448,0.0,2.2568965517241377,4.0,0.0,0.16551724137931034,6.4862068965517246,0.1262291043026249,0.752587695789411,0.010046006624953993,3.626315789473684,0.7715442826508704,0.05862068965517241,0.38448275862068965,0.405,0.9411603328771889,30,False,1600.0
3,paper_pa,paper_pa_2,2,10,1030332101,2097238359,"[8, 59, 92, 124, 142, 154, 165, 169, 180, 219, 262, 279, 346, 406, 435, 504, 505, 550, 557, 594]","[93, 304, 313, 269, 418, 34, 72, 419, 570, 556, 402, 446, 518, 554, 274, 160, 466, 367, 109, 289]",600,20,0.62,,,,,,,0.0,1.0,0.005,,,5.028333333333333,0.689945323138,1.0,0.16333333333333333,5.65,0.001818427603181571,0.004372309416715528,0.17586206896551723,0.01896551724137931,0.0,0.0,2.1482758620689655,4.0,0.0,0.1396551724137931,6.313793103448276,0.16031297434330619,0.6803227919718897,0.00481553864391393,3.8263157894736843,0.7820728098253055,0.0706896551724138,0.9706896551724138,0.9716666666666667,0.8826373750343919,30,False,2300.0
3,paper_pa,paper_pa_2,2,11,1030332101,188080721,"[0, 37, 69, 76, 151, 158, 208, 281, 283, 284, 285, 336, 337, 364, 429, 473, 474, 523, 565, 599]","[53, 325, 297, 166, 569, 293, 230, 18, 283, 506, 258, 90, 406, 129, 523, 213, 505, 2, 370, 253]",600,20,0.62,,,,,,,0.0,1.0,0.005,,,5.028333333333333,0.689945323138,1.0,0.16333333333333333,4.5,0.0014942856690533367,0.003472235250055631,0.13448275862068965,0.017241379310344827,0.0,0.0,2.277586206896552,4.0,0.0,0.14655172413793102,5.834482758620689,0.12810283556356947,0.7497171103567387,0.006186848700699117,3.9210526315789473,0.8497827645500305,0.06551724137931035,0.9603448275862069,0.9616666666666667,0.9142687080893666,30,False,2290.0
3,paper_pa,paper_pa_2,2,12,1030332101,895875375,"[2, 11, 36, 54, 146, 313, 326, 336, 353, 356, 361, 362, 373, 376, 396, 417, 434, 439, 464, 583]","[408, 521, 181, 222, 525, 114, 403, 90, 273, 217, 500, 348, 229, 363, 437, 47, 80, 582, 576, 175]",600,20,0.62,,,,,,,0.0,1.0,0.005,,,5.028333333333333,0.689945323138,1.0,0.16333333333333333,5.65,0.0018300767332788362,0.007314782267970346,0.1793103448275862,0.008620689655172414,0.0034482758620689655,0.0,2.1120689655172415,4.0,0.0,0.20689655172413793,6.731034482758621,0.15678850348176904,0.6750580668215115,0.002910812022428306,3.778947368421053,0.8603112917244659,0.06379310344827586,0.9724137931034482,0.9733333333333334,0.8908273340202868,30,False,2300.0
3,paper_pa,paper_pa_2,2,13,1030332101,3266701956,"[12, 42, 81, 204, 241, 251, 256, 277, 278, 281, 304, 340, 358, 365, 378, 403, 447, 464, 488, 597]","[147, 180, 220, 211, 459, 536, 544, 132, 387, 18, 595, 481, 583, 412, 591, 157, 12, 576, 497, 252]",600,20,0.62,,,,,,,0.0,1.0,0.005,,,5.028333333333333,0.689945323138,1.0,0.16333333333333333,4.45,0.0014857053435416109,0.002380344569140829,0.1413793103448276,0.008620689655172414,0.0,0.0,2.2344827586206897,4.0,0.0,0.1,5.468965517241379,0.13136991602743256,0.737883389911262,0.003972431077694236,4.031578947368421,0.7729371210709345,0.06379310344827586,0.946551724137931,0.9483333333333334,0.9268433328252286,30,False,2280.0
3,paper_pa,paper_pa_2,2,14,1030332101,530700118,"[0, 16, 79, 84, 150, 174, 192, 204, 205, 241, 271, 341, 353, 380, 401, 447, 497, 513, 540, 588]","[53, 379, 171, 390, 366, 143, 76, 211, 142, 459, 430, 232, 273, 182, 140, 12, 563, 336, 21, 535]",600,20,0.62,,,,,,,0.0,1.0,0.005,,,5.028333333333333,0.689945323138,1.0,0.16333333333333333,6.1,0.0019529917198472333,0.005997721777541321,0.17413793103448275,0.015517241379310345,0.0,0.0,2.1482758620689655,4.0,0.0,0.19310344827586207,6.8,0.1568899775311685,0.6832350664046215,0.004199036257859787,3.594736842105263,0.7994385772159833,0.07586206896551724,0.9637931034482758,0.965,0.6861299159936607,22,True,2292.0
3,paper_pa,paper_pa_2,2,15,1030332101,3980711681,"[19, 23, 45, 56, 85, 87, 129, 150, 160, 176, 187, 192, 206, 224, 285, 305, 444, 503, 582, 588]","[433, 371, 268, 228, 77, 169, 179, 366, 564, 202, 549, 76, 247, 97, 258, 176, 397, 278, 551, 535]",600,20,0.62,,,,,,,0.0,1.0,0.005,,,5.028333333333333,0.689945323138,1.0,0.16333333333333333,4.7,0.0015581775121535075,0.0048078617903827186,0.1413793103448276,0.01896551724137931,0.0017241379310344827,0.0,2.2620689655172415,4.0,0.0,0.15517241379310345,6.26551724137931,0.13300465935320177,0.7378595676255136,0.008446966690000744,3.857894736842105,0.8324169971593528,0.06206896551724138,0.946551724137931,0.9483333333333334,0.9014927500393242,30,False,2280.0
3,paper_pa,paper_pa_2,2,16,1030332101,1568974895,"[7, 32, 35, 39, 61, 149, 192, 203, 211, 247, 293, 297, 323, 355, 373, 432, 496, 566, 570, 585]","[193, 113, 340, 201, 224, 374, 76, 31, 580, 343, 306, 10, 88, 192, 229, 208, 74, 552, 541, 428]",600,20,0.62,,,,,,,0.0,1.0,0.005,,,5.028333333333333,0.689945323138,1.0,0.16333333333333333,6.05,0.0019352067347946206,0.006053658683972214,0.17758620689655172,0.022413793103448276,0.0017241379310344827,0.0,2.0948275862068964,4.0,0.0,0.19137931034482758,6.61551724137931,0.15992652489545675,0.6778214519683163,0.00633783644165837,3.705263157894737,0.7535949111087125,0.06379310344827586,0.3758620689655172,0.39666666666666667,0.9204463751520962,30,False,1644.0
3,paper_pa,paper_pa_2,2,17,1030332101,1044763717,"[3, 6, 121, 124, 134, 216, 242, 257, 330, 334, 336, 346, 412, 431, 452, 474, 480, 514, 535, 587]","[83, 482, 5, 269, 15, 346, 234, 529, 377, 321, 90, 518, 487, 503, 579, 505, 158, 276, 588, 206]",600,20,0.62,,,,,,,0.0,1.0,0.005,,,5.028333333333333,0.689945323138,1.0,0.16333333333333333,4.6,0.001550179846884814,0.004433585185767955,0.14310344827586208,0.008620689655172414,0.0,0.0,2.2758620689655173,4.0,0.0,0.07931034482758621,4.720689655172414,0.1293332598083708,0.7354952057649932,0.0027822273073989322,4.2105263157894735,0.8882055862895787,0.05862068965517241,0.9,0.9033333333333333,0.9023112501017749,30,False,2220.0
3,paper_pa,paper_pa_2,2,18,1030332101,2553474484,"[5, 9, 35, 111, 152, 178, 183, 189, 216, 217, 306, 335, 367, 461, 487, 550, 560, 573, 590, 595]","[526, 378, 340, 81, 151, 447, 91, 205, 346, 432, 486, 69, 46, 450, 469, 367, 188, 547, 146, 189]",600,20,0.62,,,,,,,0.0,1.0,0.005,,,5.028333333333333,0.689945323138,1.0,0.16333333333333333,5.25,0.001689594890017442,0.005328856720647138,0.14655172413793102,0.01896551724137931,0.005172413793103448,0.0,2.2293103448275864,4.0,0.0,0.22413793103448276,7.962068965517242,0.14011823837853743,0.7288845214698351,0.015674527141245405,3.4263157894736844,0.8099671043904184,0.06206896551724138,0.3913793103448276,0.4116666666666667,0.9293751248624176,30,False,1648.0
3,paper_pa,paper_pa_2,2,19,1030332101,3235237721,"[21, 34, 50, 122, 264, 284, 344, 357, 372, 398, 400, 410, 421, 426, 463, 484, 511, 539, 542, 555]","[265, 493, 185, 559, 345, 506, 55, 290, 584, 452, 335, 85, 350, 19, 95, 190, 540, 122, 199, 314]",600,20,0.62,,,,,,,0.0,1.0,0.005,,,5.028333333333333,0.689945323138,1.0,0.16333333333333333,4.35,0.0014700090416887794,0.0032368413965724063,0.13620689655172413,0.0034482758620689655,0.0,0.0,2.2948275862068965,4.0,0.0,0.1,5.343103448275862,0.12383030080893741,0.7469299029241856,0.0013157894736842105,4.063157894736842,0.9334656482453696,0.06724137931034482,0.9672413793103448,0.9683333333333334,0.912508999928832,30,False,2300.0
3,paper_pa,paper_pa_2,2,20,1030332101,584722500,"[48, 74, 116, 127, 131, 140, 183, 216, 228, 229, 315, 346, 394, 418, 436, 463, 501, 544, 586, 598]","[448, 133, 360, 475, 271, 243, 91, 346, 39, 515, 145, 518, 323, 186, 250, 95, 453, 312, 48, 439]",600,20,0.62,,,,,,,0.0,1.0,0.005,,,5.028333333333333,0.689945323138,1.0,0.16333333333333333,5.25,0.0017211649225601644,0.004648575039114735,0.15862068965517243,0.013793103448275862,0.0017241379310344827,0.0,2.236206896551724,4.0,0.0,0.15517241379310345,6.4189655172413795,0.14478454921034623,0.7089154904413079,0.005022842654421602,3.794736842105263,0.8324169971593528,0.06896551724137931,0.9517241379310345,0.9533333333333334,0.9040084579028189,30,False,2286.0
3,paper_pa,paper_pa_2,2,21,1030332101,1260998500,"[59, 71, 97, 133, 160, 174, 205, 228, 234, 307, 399, 413, 461, 479, 499, 525, 531, 575, 583, 592]","[304, 411, 167, 281, 564, 143, 142, 39, 22, 561, 555, 420, 450, 284, 197, 334, 240, 572, 175, 194]",600,20,0.62,,,,,,,0.0,1.0,0.005,,,5.028333333333333,0.689945323138,1.0,0.16333333333333333,5.95,0.0018879407215796399,0.0068135901325623565,0.17758620689655172,0.017241379310344827,0.0034482758620689655,0.0,2.1413793103448278,4.0,0.0,0.21551724137931033,7.1017241379310345,0.1613392430786519,0.6773807396819724,0.00594670680196996,3.668421052631579,0.8603112917244659,0.06896551724137931,0.9862068965517241,0.9866666666666667,0.8974844580516219,30,False,2300.0
3,paper_pa,paper_pa_2,2,22,1030332101,3136854121,"[15, 55, 59, 80, 81, 106, 122, 175, 188, 203, 286, 330, 342, 343, 353, 369, 472, 538, 545, 564]","[238, 566, 304, 386, 220, 457, 559, 300, 164, 31, 28, 377, 444, 248, 273, 581, 391, 543, 553, 468]",600,20,0.62,,,,,,,0.0,1.0,0.005,,,5.028333333333333,0.689945323138,1.0,0.16333333333333333,5.15,0.0016723958600263708,0.00404549660957578,0.15517241379310345,0.01206896551724138,0.0034482758620689655,0.0,2.2413793103448274,4.0,0.0,0.15,6.337931034482758,0.1391734818358997,0.714853195164076,0.009673094680019888,3.694736842105263,0.7257006165435996,0.04310344827586207,0.14482758620689656,0.17333333333333334,0.6739721659105271,21,True,1418.0
3,paper_pa,paper_pa_2,2,23,1030332101,2766056285,"[16, 42, 65, 114, 148, 200, 223, 235, 288, 290, 314, 321, 361, 366, 377, 403, 450, 507, 561, 590]","[379, 180, 173, 465, 599, 36, 1, 533, 303, 441, 241, 178, 500, 251, 587, 157, 29, 426, 440, 146]",600,20,0.62,,,,,,,0.0,1.0,0.005,,,5.028333333333333,0.689945323138,1.0,0.16333333333333333,5.3,0.0017365489936933837,0.004424285385297238,0.16724137931034483,0.01206896551724138,0.0017241379310344827,0.0,2.189655172413793,4.0,0.0,0.15172413793103448,6.375862068965517,0.1495048850429996,0.6948007861354297,0.006799426101485598,3.857894736842105,0.9334656482453697,0.06379310344827586,0.38448275862068965,0.405,0.9297437919303775,30,False,1592.0
3,paper_pa,paper_pa_2,2,24,1030332101,22553479,"[9, 23, 42, 54, 99, 116, 142, 145, 149, 181, 237, 256, 334, 335, 378, 384, 504, 523, 559, 577]","[378, 371, 180, 222, 320, 360, 418, 272, 374, 30, 291, 544, 321, 69, 591, 516, 160, 2, 479, 119]",600,20,0.62,,,,,,,0.0,1.0,0.005,,,5.028333333333333,0.689945323138,1.0,0.16333333333333333,5.15,0.0016744703082967453,0.0034922861960698486,0.15,0.020689655172413793,0.0,0.0,2.2,4.0,0.0,0.16551724137931034,6.8068965517241375,0.14120187312774007,0.7231909951759872,0.00641735918744229,3.6315789473684212,0.787156935203562,0.07241379310344828,0.9672413793103448,0.9683333333333334,0.9073063749819994,30,False,2292.0
3,paper_pa,paper_pa_2,2,25,1030332101,1234546133,"[59, 118, 152, 212, 214, 238, 249, 257, 276, 314, 322, 342, 407, 425, 432, 454, 469, 507, 544, 592]","[304, 301, 151, 415, 380, 308, 50, 529, 330, 241, 461, 444, 449, 455, 208, 510, 389, 426, 312, 194]",600,20,0.62,,,,,,,0.0,1.0,0.005,,,5.028333333333333,0.689945323138,1.0,0.16333333333333333,4.65,0.0015487144557191663,0.002600930035097699,0.15344827586206897,0.0034482758620689655,0.0,0.0,2.2,4.0,0.0,0.10172413793103448,5.6689655172413795,0.13952597259917715,0.7174319575963314,0.0013157894736842105,3.942105263157895,0.8497827645500308,0.07586206896551724,0.9741379310344828,0.975,0.8922208750154823,30,False,2300.0
3,paper_pa,paper_pa_2,2,26,1030332101,1321081814,"[6, 10, 21, 94, 104, 109, 111, 116, 117, 125, 130, 139, 173, 240, 289, 336, 354, 407, 531, 544]","[482, 349, 265, 548, 369, 467, 81, 360, 410, 460, 218, 476, 52, 560, 125, 90, 337, 449, 240, 312]",600,20,0.62,,,,,,,0.0,1.0,0.005,,,5.028333333333333,0.689945323138,1.0,0.16333333333333333,7.0,0.0022203693136226693,0.014548295370136927,0.2120689655172414,0.017241379310344827,0.0017241379310344827,0.0,2.0017241379310344,4.0,0.0,0.2293103448275862,7.074137931034483,0.17458207382188212,0.6252456673217796,0.00438464997115613,3.7,0.8273328717810964,0.08103448275862069,0.9672413793103448,0.9683333333333334,0.8778632921166718,30,False,2296.0
3,paper_pa,paper_pa_2,2,27,1030332101,1797280746,"[20, 22, 50, 73, 96, 114, 171, 196, 202, 236, 249, 268, 338, 345, 376, 416, 433, 446, 472, 554]","[458, 111, 185, 329, 26, 465, 280, 373, 393, 316, 50, 388, 0, 223, 363, 128, 216, 38, 391, 495]",600,20,0.62,,,,,,,0.0,1.0,0.005,,,5.028333333333333,0.689945323138,1.0,0.16333333333333333,4.7,0.0015569968812005498,0.0043168812696641875,0.14310344827586208,0.015517241379310345,0.0,0.0,2.2103448275862068,4.0,0.0,0.15344827586206897,6.208620689655173,0.13334902604777427,0.7349949377642785,0.005726987151135758,3.889473684210526,0.9160998808546916,0.08448275862068966,0.9655172413793104,0.9666666666666667,0.8824354999233037,30,False,2296.0
3,paper_pa,paper_pa_2,2,28,1030332101,4048438648,"[83, 128, 156, 187, 203, 257, 269, 279, 282, 308, 340, 445, 461, 484, 490, 502, 504, 532, 563, 597]","[75, 226, 279, 549, 31, 529, 424, 446, 574, 364, 481, 153, 450, 190, 573, 292, 160, 413, 209, 252]",600,20,0.62,,,,,,,0.0,1.0,0.005,,,5.028333333333333,0.689945323138,1.0,0.16333333333333333,4.95,0.001619724059395207,0.0039127263524055276,0.14655172413793102,0.017241379310344827,0.0,0.0,2.196551724137931,4.0,0.0,0.15862068965517243,6.179310344827586,0.138922359970588,0.7289440771842058,0.00616404794036373,3.8157894736842106,0.9160998808546916,0.06206896551724138,0.23620689655172414,0.26166666666666666,0.9602317500393838,30,False,1484.0
3,paper_pa,paper_pa_2,2,29,1030332101,928115001,"[7, 16, 42, 46, 94, 132, 139, 168, 212, 217, 267, 314, 398, 407, 429, 462, 470, 515, 529, 589]","[193, 379, 180, 225, 548, 285, 476, 496, 415, 432, 488, 241, 452, 449, 523, 332, 593, 27, 401, 597]",600,20,0.62,,,,,,,0.0,1.0,0.005,,,5.028333333333333,0.689945323138,1.0,0.16333333333333333,6.4,0.0020394990203125435,0.007756851312209682,0.19655172413793104,0.017241379310344827,0.0,0.0,2.043103448275862,4.0,0.0,0.1896551724137931,7.298275862068966,0.1720447245285947,0.6473944374962778,0.004040964883070147,3.6210526315789475,0.8657556935206444,0.07241379310344828,0.7965517241379311,0.8033333333333333,0.9110432909801602,30,False,2070.0
3,paper_pa,paper_pa_2,2,30,1030332101,4138771730,"[13, 37, 76, 85, 87, 94, 131, 151, 186, 207, 251, 332, 372, 392, 429, 442, 535, 553, 577, 578]","[108, 325, 166, 77, 169, 548, 271, 569, 425, 511, 536, 117, 584, 342, 523, 282, 588, 135, 119, 105]",600,20,0.62,,,,,,,0.0,1.0,0.005,,,5.028333333333333,0.689945323138,1.0,0.16333333333333333,5.85,0.0018488743675465133,0.006720865822933476,0.16379310344827586,0.01896551724137931,0.005172413793103448,0.0,2.1758620689655173,4.0,0.0,0.20172413793103447,6.482758620689655,0.14811507754233535,0.7005360014293371,0.008400281868284709,3.7,0.7715442826508704,0.07758620689655173,0.9655172413793104,0.9666666666666667,0.8891456669662148,30,False,2298.0
3,paper_pa,paper_pa_2,2,31,1030332101,2723559119,"[52, 65, 98, 122, 133, 151, 158, 194, 230, 236, 256, 278, 307, 363, 371, 440, 484, 522, 582, 593]","[54, 173, 287, 559, 281, 569, 293, 341, 107, 316, 544, 387, 561, 59, 191, 65, 190, 144, 551, 63]",600,20,0.62,,,,,,,0.0,1.0,0.005,,,5.028333333333333,0.689945323138,1.0,0.16333333333333333,4.8,0.0015993690508801228,0.004170838702206478,0.15172413793103448,0.006896551724137931,0.0,0.0,2.2103448275862068,4.0,0.0,0.11724137931034483,5.725862068965517,0.13590583844190263,0.7207670776010958,0.0027832739744097085,4.0,0.8566200047662734,0.06379310344827586,0.9431034482758621,0.945,0.9165000841021538,30,False,2278.0
3,paper_pa,paper_pa_2,2,32,1030332101,4201454718,"[8, 67, 73, 74, 103, 107, 153, 201, 227, 264, 343, 409, 445, 474, 552, 561, 564, 565, 577, 586]","[93, 57, 329, 133, 383, 385, 592, 305, 322, 345, 248, 23, 153, 505, 41, 440, 468, 370, 119, 48]",600,20,0.62,,,,,,,0.0,1.0,0.005,,,5.028333333333333,0.689945323138,1.0,0.16333333333333333,5.7,0.0018692226944070107,0.005431703475751736,0.17586206896551723,0.015517241379310345,0.0017241379310344827,0.0,2.160344827586207,4.0,0.0,0.16034482758620688,6.301724137931035,0.15496501486731004,0.680870704544101,0.00554243486132031,3.731578947368421,0.8483899261299666,0.06724137931034482,0.9741379310344828,0.975,0.8860915841069072,30,False,2300.0
3,paper_pa,paper_pa_2,2,33,1030332101,513769746,"[7, 15, 53, 57, 109, 119, 148, 202, 216, 225, 273, 279, 282, 316, 335, 387, 401, 464, 504, 577]","[193, 238, 116, 480, 467, 150, 599, 393, 346, 25, 86, 446, 574, 539, 69, 477, 140, 576, 160, 119]",600,20,0.62,,,,,,,0.0,1.0,0.005,,,5.028333333333333,0.689945323138,1.0,0.16333333333333333,6.0,0.001923535763831878,0.005015564586443155,0.1793103448275862,0.017241379310344827,0.0,0.0,2.1344827586206896,4.0,0.0,0.16034482758620688,6.186206896551724,0.1593817789649316,0.6752188672503127,0.004222025251437016,3.8684210526315788,0.8882055862895787,0.0706896551724138,0.9051724137931034,0.9083333333333333,0.897925749886781,30,False,2220.0
3,paper_pa,paper_pa_2,2,34,1030332101,1243750046,"[64, 83, 95, 101, 156, 169, 177, 184, 276, 292, 319, 333, 351, 375, 416, 426, 446, 466, 510, 560]","[126, 75, 70, 443, 279, 419, 590, 82, 330, 454, 154, 118, 264, 219, 128, 19, 38, 473, 442, 188]",600,20,0.62,,,,,,,0.0,1.0,0.005,,,5.028333333333333,0.689945323138,1.0,0.16333333333333333,4.65,0.0015345576783352818,0.0027775363202125177,0.1413793103448276,0.010344827586206896,0.0017241379310344827,0.0,2.2413793103448274,4.0,0.0,0.11551724137931034,5.746551724137931,0.1327070593644055,0.7377940563397057,0.0046474139895192525,3.9368421052631577,0.8762842206950795,0.0603448275862069,0.22413793103448276,0.25,0.9460914169903845,30,False,1472.0
3,paper_pa,paper_pa_2,2,35,1030332101,1522087863,"[3, 21, 63, 75, 113, 121, 143, 358, 365, 368, 376, 398, 452, 455, 476, 483, 514, 517, 522, 544]","[83, 265, 311, 307, 575, 5, 195, 583, 412, 106, 363, 452, 579, 236, 261, 395, 276, 578, 144, 312]",600,20,0.62,,,,,,,0.0,1.0,0.005,,,5.028333333333333,0.689945323138,1.0,0.16333333333333333,5.15,0.0016946535484123036,0.006697423113121434,0.15517241379310345,0.015517241379310345,0.0034482758620689655,0.0,2.174137931034483,4.0,0.0,0.17586206896551723,6.584482758620689,0.14035987939384498,0.7150556845929367,0.006366084503283319,3.7842105263157895,0.9215442826508704,0.06379310344827586,0.9793103448275862,0.98,0.9176418748684227,30,False,2300.0
3,paper_pa,paper_pa_2,2,36,1030332101,2580083415,"[9, 26, 64, 80, 87, 154, 174, 177, 216, 238, 264, 266, 293, 315, 349, 363, 405, 482, 500, 547]","[378, 259, 126, 386, 169, 34, 143, 590, 346, 308, 345, 318, 306, 145, 62, 59, 491, 286, 398, 100]",600,20,0.62,,,,,,,0.0,1.0,0.005,,,5.028333333333333,0.689945323138,1.0,0.16333333333333333,4.3,0.0014324637350340897,0.0028570460059390195,0.12413793103448276,0.01896551724137931,0.0017241379310344827,0.0,2.303448275862069,4.0,0.0,0.10862068965517241,5.613793103448276,0.12272436928347588,0.7673992019534275,0.007956750851487693,3.963157894736842,0.9055713536802565,0.0603448275862069,0.9517241379310345,0.9533333333333334,0.8952552920673043,30,False,2290.0
3,paper_pa,paper_pa_2,2,37,1030332101,3905242249,"[3, 19, 33, 51, 86, 94, 171, 185, 226, 236, 251, 272, 284, 337, 357, 446, 450, 514, 549, 597]","[83, 433, 124, 64, 16, 548, 280, 571, 127, 316, 536, 68, 506, 406, 290, 38, 29, 276, 596, 252]",600,20,0.62,,,,,,,0.0,1.0,0.005,,,5.028333333333333,0.689945323138,1.0,0.16333333333333333,5.85,0.0018750440692851104,0.007884064079409525,0.1810344827586207,0.01206896551724138,0.0017241379310344827,0.0,2.1379310344827585,4.0,0.0,0.16034482758620688,6.489655172413793,0.1564502034367718,0.6725507712465011,0.0038721804511278194,3.7,0.9229371210709345,0.0706896551724138,0.9706896551724138,0.9716666666666667,0.8705553750041872,30,False,2300.0
3,paper_pa,paper_pa_2,2,38,1030332101,3372922470,"[3, 35, 45, 97, 106, 129, 147, 167, 214, 237, 239, 244, 246, 368, 379, 473, 523, 531, 580, 597]","[83, 340, 268, 167, 457, 179, 78, 384, 380, 291, 275, 294, 354, 106, 159, 213, 2, 240, 6, 252]",600,20,0.62,,,,,,,0.0,1.0,0.005,,,5.028333333333333,0.689945323138,1.0,0.16333333333333333,5.75,0.00185283539160917,0.0072802687609103914,0.17758620689655172,0.015517241379310345,0.0017241379310344827,0.0,2.070689655172414,4.0,0.0,0.2103448275862069,6.95,0.1573120640876574,0.6779524745399321,0.004339676405465879,3.7578947368421054,0.8671485319407085,0.09482758620689655,0.9672413793103448,0.9683333333333334,0.8898949169088155,30,False,2296.0
3,paper_pa,paper_pa_2,2,39,1030332101,1640910529,"[12, 47, 87, 114, 148, 204, 238, 239, 301, 324, 343, 361, 364, 397, 407, 433, 440, 450, 514, 579]","[147, 598, 169, 465, 599, 211, 308, 275, 484, 49, 248, 500, 129, 498, 449, 216, 65, 29, 276, 138]",600,20,0.62,,,,,,,0.0,1.0,0.005,,,5.028333333333333,0.689945323138,1.0,0.16333333333333333,4.25,0.0014328081120925074,0.0027694474913688262,0.1310344827586207,0.008620689655172414,0.0,0.0,2.2896551724137932,4.0,0.0,0.08103448275862069,4.95,0.12349745682599117,0.7556309927937586,0.003650983519404572,4.121052631578947,0.9229371210709345,0.07413793103448275,0.9741379310344828,0.975,0.9873202501330525,30,False,2300.0
3,paper_pa,paper_pa_2,2,40,1030332101,3019137565,"[36, 64, 168, 170, 219, 235, 282, 286, 306, 336, 354, 366, 410, 428, 458, 461, 465, 547, 571, 581]","[181, 126, 496, 84, 556, 533, 574, 28, 486, 90, 337, 251, 85, 499, 532, 450, 212, 100, 494, 375]",600,20,0.62,,,,,,,0.0,1.0,0.005,,,5.028333333333333,0.689945323138,1.0,0.16333333333333333,4.7,0.0015336484057695398,0.004870378146650936,0.14310344827586208,0.01206896551724138,0.0034482758620689655,0.0,2.2103448275862068,4.0,0.0,0.18620689655172415,6.834482758620689,0.13532411444960077,0.7347864927639807,0.006246604272920063,3.694736842105263,0.8324169971593528,0.0603448275862069,0.9517241379310345,0.9533333333333334,0.948214832926169,30,False,2270.0
3,paper_pa,paper_pa_2,2,41,1030332101,1719059828,"[74, 76, 117, 175, 186, 197, 200, 213, 285, 303, 347, 398, 410, 478, 480, 513, 540, 547, 562, 594]","[133, 166, 410, 300, 425, 120, 36, 102, 258, 328, 196, 452, 85, 215, 158, 336, 21, 100, 577, 289]",600,20,0.62,,,,,,,0.0,1.0,0.005,,,5.028333333333333,0.689945323138,1.0,0.16333333333333333,5.3,0.0017376613197578837,0.003918891201378949,0.1724137931034483,0.010344827586206896,0.0,0.0,2.127586206896552,4.0,0.0,0.12413793103448276,6.268965517241379,0.15488230943060147,0.6860282294086117,0.002908587257617728,3.7,0.8882055862895788,0.05344827586206897,0.9448275862068966,0.9466666666666667,0.9107127501629293,30,False,2250.0
3,paper_pa,paper_pa_2,2,42,1030332101,433933752,"[63, 68, 69, 80, 100, 181, 183, 308, 318, 333, 433, 450, 467, 485, 495, 508, 520, 552, 582, 584]","[311, 99, 297, 386, 361, 30, 91, 364, 11, 118, 216, 29, 407, 267, 310, 165, 594, 41, 551, 246]",600,20,0.62,,,,,,,0.0,1.0,0.005,,,5.028333333333333,0.689945323138,1.0,0.16333333333333333,4.25,0.0014557555732591203,0.0023928607626197444,0.13275862068965516,0.0034482758620689655,0.0,0.0,2.274137931034483,4.0,0.0,0.09655172413793103,5.2827586206896555,0.12419040314033754,0.7526174736465964,0.0015037593984962405,4.063157894736842,0.9055713536802565,0.05344827586206897,0.8051724137931034,0.8116666666666666,0.9135006670840085,30,False,2118.0
3,paper_pa,paper_pa_2,2,43,1030332101,751209220,"[11, 14, 62, 78, 221, 230, 257, 267, 271, 321, 359, 367, 381, 388, 394, 417, 460, 475, 544, 593]","[521, 177, 33, 237, 423, 107, 529, 488, 430, 178, 538, 46, 200, 586, 323, 47, 445, 338, 312, 63]",600,20,0.62,,,,,,,0.0,1.0,0.005,,,5.028333333333333,0.689945323138,1.0,0.16333333333333333,4.65,0.0015426291302957497,0.005693111147764595,0.13620689655172413,0.015517241379310345,0.0034482758620689655,0.0,2.246551724137931,4.0,0.0,0.19137931034482758,6.774137931034483,0.12878219178055428,0.7468286582097552,0.009828898402305603,3.663157894736842,0.8168043446066613,0.06724137931034482,0.9534482758620689,0.955,0.8787929581012577,30,False,2280.0
3,paper_pa,paper_pa_2,2,44,1030332101,1783378485,"[8, 49, 92, 122, 156, 165, 171, 188, 227, 266, 271, 283, 321, 365, 370, 411, 424, 456, 478, 589]","[93, 35, 313, 559, 279, 72, 280, 164, 322, 318, 430, 283, 178, 412, 431, 32, 266, 396, 215, 597]",600,20,0.62,,,,,,,0.0,1.0,0.005,,,5.028333333333333,0.689945323138,1.0,0.16333333333333333,5.5,0.0017881109278260014,0.005001331475162647,0.17586206896551723,0.010344827586206896,0.0,0.0,2.113793103448276,4.0,0.0,0.15172413793103448,6.346551724137931,0.15432473555773082,0.6807099041152999,0.0034062208661750997,3.873684210526316,0.7994385772159833,0.06896551724137931,0.9586206896551724,0.96,0.901146958116442,30,False,2296.0
3,paper_pa,paper_pa_2,2,45,1030332101,3722296684,"[18, 25, 37, 46, 156, 169, 198, 228, 258, 301, 311, 324, 339, 375, 399, 494, 549, 574, 586, 597]","[565, 534, 325, 225, 279, 419, 414, 39, 235, 484, 524, 49, 242, 219, 555, 245, 596, 502, 48, 252]",600,20,0.62,,,,,,,0.0,1.0,0.005,,,5.028333333333333,0.689945323138,1.0,0.16333333333333333,5.05,0.0016591041871901798,0.005185089879242691,0.14655172413793102,0.01896551724137931,0.0017241379310344827,0.0,2.1879310344827587,4.0,0.0,0.1810344827586207,6.603448275862069,0.13861703561394326,0.7289738550413912,0.007383590781423598,3.8421052631578947,0.8552271663462093,0.06379310344827586,0.9431034482758621,0.945,0.902169083012268,30,False,2276.0
3,paper_pa,paper_pa_2,2,46,1030332101,739909745,"[3, 10, 28, 112, 149, 168, 186, 197, 215, 237, 306, 312, 356, 357, 365, 417, 421, 487, 495, 543]","[83, 349, 359, 214, 374, 496, 425, 120, 358, 291, 486, 429, 217, 290, 412, 47, 350, 469, 310, 79]",600,20,0.62,,,,,,,0.0,1.0,0.005,,,5.028333333333333,0.689945323138,1.0,0.16333333333333333,6.2,0.002005515512036813,0.013522243980384239,0.1896551724137931,0.020689655172413793,0.0034482758620689655,0.0,2.05,4.0,0.0,0.1706896551724138,5.656896551724138,0.15423441209374467,0.6611696742302424,0.006543532552925347,4.026315789473684,0.7939941754198047,0.07413793103448275,0.603448275862069,0.6166666666666667,0.9169432919006795,30,False,1860.0
3,paper_pa,paper_pa_2,2,47,1030332101,2190670425,"[22, 51, 155, 182, 186, 209, 219, 225, 260, 313, 332, 368, 379, 394, 408, 429, 439, 567, 571, 583]","[111, 64, 545, 562, 425, 362, 556, 25, 139, 114, 117, 106, 159, 323, 517, 523, 582, 421, 494, 175]",600,20,0.62,,,,,,,0.0,1.0,0.005,,,5.028333333333333,0.689945323138,1.0,0.16333333333333333,5.2,0.0016940088658459792,0.004886761863767502,0.15344827586206897,0.01896551724137931,0.0,0.0,2.2344827586206897,4.0,0.0,0.13275862068965516,5.837931034482758,0.1425348458557653,0.7175034244535763,0.005449223510732107,3.8789473684210525,0.8776770591151436,0.0706896551724138,0.9620689655172414,0.9633333333333334,0.9177190829068422,30,False,2298.0
3,paper_pa,paper_pa_2,2,48,1030332101,3468033197,"[26, 34, 45, 63, 90, 102, 169, 186, 229, 240, 337, 348, 354, 369, 418, 426, 433, 522, 537, 567]","[259, 493, 268, 311, 156, 110, 419, 425, 515, 560, 406, 66, 337, 581, 186, 19, 216, 144, 94, 421]",600,20,0.62,,,,,,,0.0,1.0,0.005,,,5.028333333333333,0.689945323138,1.0,0.16333333333333333,4.7,0.0015638977476083184,0.00487121702565244,0.14482758620689656,0.013793103448275862,0.0034482758620689655,0.0,2.2844827586206895,4.0,0.0,0.19310344827586207,6.63448275862069,0.1356764449178826,0.7319516407599309,0.0075132908027644866,3.6789473684210527,0.8603112917244659,0.07586206896551724,0.95,0.9516666666666667,0.8791749579831958,30,False,2296.0
3,paper_pa,paper_pa_2,2,49,1030332101,2146422270,"[64, 106, 112, 122, 151, 155, 240, 280, 350, 352, 373, 389, 391, 404, 409, 413, 467, 476, 490, 591]","[126, 457, 214, 559, 569, 545, 560, 471, 527, 262, 229, 326, 357, 309, 23, 420, 407, 261, 573, 522]",600,20,0.62,,,,,,,0.0,1.0,0.005,,,5.028333333333333,0.689945323138,1.0,0.16333333333333333,5.4,0.0017386455139077322,0.0036358312038388485,0.15517241379310345,0.022413793103448276,0.0017241379310344827,0.0,2.196551724137931,4.0,0.0,0.19310344827586207,7.167241379310345,0.14701807953401164,0.7143588827347984,0.008171528763634027,3.5631578947368423,0.8483899261299666,0.05862068965517241,0.45517241379310347,0.47333333333333333,0.9283850840292871,30,False,1702.0
3,paper_pa,paper_pa_3,3,0,496938524,470477242,"[0, 36, 104, 206, 215, 246, 272, 278, 288, 310, 315, 340, 413, 416, 449, 506, 526, 536, 578, 599]","[342, 552, 543, 433, 75, 248, 80, 410, 214, 212, 366, 481, 558, 296, 345, 408, 200, 249, 465, 160]",600,20,0.62,,,,,,,0.0,1.0,0.005,,,5.005,0.7131067084451739,1.0,0.14666666666666667,6.95,0.0022587044611072525,0.015096231559971817,0.20862068965517241,0.022413793103448276,0.0017241379310344827,0.0,2.0741379310344827,4.0,0.0,0.20172413793103447,6.15,0.16714910132283267,0.6327913763325591,0.006312149145753119,3.8842105263157896,0.7262842206950795,0.06896551724137931,0.9655172413793104,0.9666666666666667,0.9071925829630345,30,False,2306.0
3,paper_pa,paper_pa_3,3,1,496938524,1377414404,"[25, 46, 47, 107, 150, 179, 228, 244, 277, 279, 296, 328, 343, 349, 438, 454, 508, 516, 524, 532]","[426, 246, 106, 231, 87, 264, 109, 118, 557, 173, 360, 163, 14, 267, 108, 113, 379, 507, 295, 527]",600,20,0.62,,,,,,,0.0,1.0,0.005,,,5.005,0.7131067084451739,1.0,0.14666666666666667,4.4,0.0014980601713918287,0.00338667982145822,0.13793103448275862,0.01206896551724138,0.0017241379310344827,0.0,2.2758620689655173,4.0,0.0,0.15517241379310345,5.370689655172414,0.12950912304247597,0.7437794056339706,0.005405369484316852,3.9842105263157896,0.8552271663462093,0.06551724137931035,0.9603448275862069,0.9616666666666667,0.7943273331038654,26,True,2290.0
3,paper_pa,paper_pa_3,3,2,496938524,904801788,"[49, 177, 178, 281, 317, 334, 398, 402, 441, 451, 458, 467, 472, 485, 515, 548, 553, 562, 567, 599]","[274, 551, 277, 585, 510, 143, 13, 133, 219, 285, 391, 598, 20, 27, 368, 209, 76, 519, 315, 160]",600,20,0.62,,,,,,,0.0,1.0,0.005,,,5.005,0.7131067084451739,1.0,0.14666666666666667,4.45,0.001514339361813642,0.0025339824144923117,0.1396551724137931,0.013793103448275862,0.0,0.0,2.263793103448276,4.0,0.0,0.1206896551724138,5.406896551724138,0.13233618104833,0.7407301530581859,0.005463849016480596,3.9947368421052634,0.8987341134640139,0.07241379310344828,0.9672413793103448,0.9683333333333334,0.6817574580200016,22,True,2304.0
3,paper_pa,paper_pa_3,3,3,496938524,444363827,"[67, 82, 113, 132, 160, 170, 191, 193, 279, 356, 359, 423, 478, 488, 499, 527, 535, 575, 577, 587]","[275, 17, 588, 198, 582, 419, 490, 383, 173, 44, 411, 571, 82, 311, 437, 357, 116, 67, 393, 12]",600,20,0.62,,,,,,,0.0,1.0,0.005,,,5.005,0.7131067084451739,1.0,0.14666666666666667,4.65,0.0015893421669879487,0.004817152358945418,0.1482758620689655,0.010344827586206896,0.0017241379310344827,0.0,2.231034482758621,4.0,0.0,0.15862068965517243,5.739655172413793,0.1343254584757227,0.7265082484664404,0.005957607101771862,3.973684210526316,0.8657556935206444,0.06206896551724138,0.2913793103448276,0.315,0.9350485419854522,30,False,1548.0
3,paper_pa,paper_pa_3,3,4,496938524,1491372388,"[74, 86, 129, 152, 157, 202, 222, 279, 332, 333, 383, 483, 487, 491, 508, 540, 565, 571, 593, 594]","[182, 263, 403, 474, 30, 596, 339, 173, 89, 493, 336, 147, 377, 136, 379, 309, 459, 18, 435, 19]",600,20,0.62,,,,,,,0.0,1.0,0.005,,,5.005,0.7131067084451739,1.0,0.14666666666666667,5.3,0.0018141808019460054,0.0038359524306396885,0.1724137931034483,0.010344827586206896,0.0,0.0,2.1724137931034484,4.0,0.0,0.09482758620689655,5.498275862068965,0.1548489339659232,0.6859448514084926,0.0039056557477610107,4.010526315789473,0.7939941754198048,0.06379310344827586,0.9655172413793104,0.9666666666666667,0.877376708900556,30,False,2306.0
3,paper_pa,paper_pa_3,3,5,496938524,1414523056,"[1, 7, 79, 86, 105, 128, 189, 206, 208, 212, 232, 332, 399, 430, 478, 487, 536, 553, 564, 583]","[364, 49, 243, 263, 349, 317, 398, 433, 352, 257, 259, 89, 45, 171, 82, 377, 249, 76, 225, 348]",600,20,0.62,,,,,,,0.0,1.0,0.005,,,5.005,0.7131067084451739,1.0,0.14666666666666667,5.65,0.0018511153793517345,0.0062447050952065064,0.16551724137931034,0.022413793103448276,0.0034482758620689655,0.0,2.15,4.0,0.0,0.2103448275862069,6.406896551724138,0.15336987319949485,0.697379548567685,0.0065901272217061685,3.7842105263157895,0.8483899261299666,0.06551724137931035,0.9534482758620689,0.955,0.8849114580079913,30,False,2302.0
3,paper_pa,paper_pa_3,3,6,496938524,3366279864,"[33, 45, 55, 66, 67, 91, 189, 198, 226, 300, 302, 326, 356, 362, 382, 393, 432, 435, 487, 492]","[227, 161, 594, 53, 275, 276, 398, 569, 94, 185, 290, 142, 44, 69, 464, 562, 534, 382, 377, 205]",600,20,0.62,,,,,,,0.0,1.0,0.005,,,5.005,0.7131067084451739,1.0,0.14666666666666667,4.6,0.00159351074959822,0.005510034229704167,0.13793103448275862,0.015517241379310345,0.0017241379310344827,0.0,2.3465517241379312,4.0,0.0,0.10344827586206896,5.460344827586207,0.13101113927629385,0.7436960276338515,0.0066085471116430865,3.9473684210526314,0.8045227025942397,0.07413793103448275,0.9758620689655172,0.9766666666666667,0.8687124170828611,30,False,2306.0
3,paper_pa,paper_pa_3,3,7,496938524,2872468192,"[17, 120, 140, 163, 194, 198, 208, 230, 272, 276, 331, 333, 404, 483, 500, 515, 537, 569, 574, 590]","[90, 387, 216, 284, 390, 569, 352, 542, 80, 96, 338, 493, 128, 147, 516, 368, 486, 190, 423, 139]",600,20,0.62,,,,,,,0.0,1.0,0.005,,,5.005,0.7131067084451739,1.0,0.14666666666666667,4.8,0.001605775262299178,0.003110421262898362,0.13793103448275862,0.01896551724137931,0.0017241379310344827,0.0,2.260344827586207,4.0,0.0,0.10689655172413794,5.460344827586207,0.13025120102175358,0.743815139062593,0.008674147489936963,3.905263157894737,0.8099671043904184,0.0706896551724138,0.9689655172413794,0.97,0.8897764158900827,30,False,2304.0
3,paper_pa,paper_pa_3,3,8,496938524,567968696,"[9, 27, 103, 105, 156, 164, 188, 214, 225, 257, 273, 289, 296, 366, 490, 544, 549, 550, 552, 584]","[458, 280, 85, 349, 524, 415, 489, 355, 170, 331, 347, 104, 360, 73, 497, 422, 316, 95, 448, 40]",600,20,0.62,,,,,,,0.0,1.0,0.005,,,5.005,0.7131067084451739,1.0,0.14666666666666667,4.75,0.0016090081081428075,0.004111610480106247,0.1413793103448276,0.01896551724137931,0.0,0.0,2.2189655172413794,4.0,0.0,0.12931034482758622,5.953448275862069,0.13384919167951365,0.7378178786254541,0.006505774926827558,3.857894736842105,0.8882055862895787,0.06896551724137931,0.9689655172413794,0.97,0.8055123328231275,27,True,2304.0
3,paper_pa,paper_pa_3,3,9,496938524,3475827605,"[60, 65, 71, 75, 107, 113, 132, 144, 154, 158, 175, 214, 219, 245, 290, 327, 368, 381, 448, 575]","[579, 452, 261, 164, 231, 588, 198, 375, 126, 269, 378, 355, 154, 157, 462, 189, 417, 215, 468, 67]",600,20,0.62,,,,,,,0.0,1.0,0.005,,,5.005,0.7131067084451739,1.0,0.14666666666666667,5.6,0.001864771524323057,0.00635621239249372,0.17758620689655172,0.008620689655172414,0.0,0.0,2.143103448275862,4.0,0.0,0.13793103448275862,5.7362068965517246,0.15723354682092874,0.6775534512536477,0.0025954308849045695,3.889473684210526,0.8324169971593528,0.07586206896551724,0.9655172413793104,0.9666666666666667,0.879676542012021,30,False,2304.0
3,paper_pa,paper_pa_3,3,10,496938524,3453624305,"[43, 61, 127, 190, 222, 256, 285, 320, 339, 375, 408, 409, 468, 469, 483, 492, 508, 560, 577, 599]","[356, 560, 444, 77, 339, 447, 237, 242, 208, 193, 325, 576, 28, 517, 147, 205, 379, 181, 393, 160]",600,20,0.62,,,,,,,0.0,1.0,0.005,,,5.005,0.7131067084451739,1.0,0.14666666666666667,4.6,0.0015516423915177817,0.0027022530036296586,0.1396551724137931,0.015517241379310345,0.0,0.0,2.2620689655172415,4.0,0.0,0.11379310344827587,5.582758620689655,0.13068281596444514,0.7408254422011792,0.0067808945440524385,3.8789473684210525,0.8099671043904184,0.06551724137931035,0.9724137931034482,0.9733333333333334,0.8881447501480579,30,False,2306.0
3,paper_pa,paper_pa_3,3,11,496938524,2062243490,"[3, 83, 132, 166, 205, 223, 294, 308, 325, 359, 427, 437, 447, 458, 479, 508, 516, 524, 557, 590]","[111, 584, 198, 105, 491, 213, 151, 432, 177, 411, 578, 201, 523, 391, 346, 379, 507, 295, 344, 139]",600,20,0.62,,,,,,,0.0,1.0,0.005,,,5.005,0.7131067084451739,1.0,0.14666666666666667,4.8,0.001634181683835312,0.005421899310533542,0.1413793103448276,0.013793103448275862,0.0034482758620689655,0.0,2.2568965517241377,4.0,0.0,0.12413793103448276,5.205172413793103,0.12889446124251236,0.7382407241974868,0.00930134193292088,3.9842105263157896,0.8657556935206444,0.04827586206896552,0.9224137931034483,0.925,0.922135875094682,30,False,2252.0
3,paper_pa,paper_pa_3,3,12,496938524,2291472018,"[21, 26, 33, 54, 88, 102, 109, 121, 137, 150, 155, 162, 185, 285, 314, 333, 351, 451, 577, 582]","[535, 239, 227, 561, 314, 306, 358, 287, 74, 87, 119, 482, 8, 237, 354, 493, 441, 285, 393, 581]",600,20,0.62,,,,,,,0.0,1.0,0.005,,,5.005,0.7131067084451739,1.0,0.14666666666666667,6.05,0.002013375262524374,0.006381265129741308,0.17586206896551723,0.022413793103448276,0.0,0.0,2.1517241379310343,4.0,0.0,0.14310344827586208,6.227586206896552,0.16102129226754017,0.6802632362575189,0.005572874874934372,3.6473684210526316,0.8776770591151437,0.07413793103448275,0.9534482758620689,0.955,0.7315833328757435,24,True,2294.0
3,paper_pa,paper_pa_3,3,13,496938524,2331682123,"[25, 60, 104, 157, 175, 230, 255, 281, 309, 331, 346, 357, 409, 509, 530, 566, 569, 581, 584, 598]","[426, 579, 543, 30, 378, 542, 546, 585, 440, 338, 580, 496, 576, 121, 399, 152, 190, 46, 40, 131]",600,20,0.62,,,,,,,0.0,1.0,0.005,,,5.005,0.7131067084451739,1.0,0.14666666666666667,5.05,0.001679689318896167,0.003478158042792975,0.15689655172413794,0.017241379310344827,0.0,0.0,2.2,4.0,0.0,0.12758620689655173,5.93448275862069,0.1465092160885133,0.7115359418736228,0.005041164975375502,3.8105263157894735,0.8099671043904184,0.06724137931034482,0.9637931034482758,0.965,0.9062716669868678,30,False,2300.0
3,paper_pa,paper_pa_3,3,14,496938524,3019941720,"[2, 15, 46, 60, 63, 144, 325, 367, 392, 413, 493, 502, 535, 552, 570, 577, 582, 583, 588, 593]","[425, 138, 246, 579, 10, 375, 177, 371, 556, 558, 483, 488, 116, 448, 33, 393, 581, 348, 97, 435]",600,20,0.62,,,,,,,0.0,1.0,0.005,,,5.005,0.7131067084451739,1.0,0.14666666666666667,6.55,0.002093351992431202,0.007361504768147088,0.1879310344827586,0.01206896551724138,0.006896551724137931,0.0,2.089655172413793,4.0,0.0,0.2672413793103448,8.346551724137932,0.16422661422658386,0.6610505628015008,0.013933821015412714,3.2842105263157895,0.7103112917244657,0.056896551724137934,0.2482758620689655,0.2733333333333333,0.907601207960397,29,True,1524.0
3,paper_pa,paper_pa_3,3,15,496938524,2834386888,"[8, 39, 65, 93, 109, 116, 121, 151, 162, 166, 240, 310, 366, 447, 492, 528, 538, 577, 589, 594]","[555, 196, 452, 335, 358, 332, 287, 282, 482, 105, 63, 212, 73, 523, 205, 252, 597, 393, 62, 19]",600,20,0.62,,,,,,,0.0,1.0,0.005,,,5.005,0.7131067084451739,1.0,0.14666666666666667,5.1,0.0017334179251584808,0.005567512106970983,0.16379310344827586,0.01206896551724138,0.0,0.0,2.1913793103448276,4.0,0.0,0.11206896551724138,5.506896551724138,0.1466959797811617,0.700524090286463,0.0024147694410852306,4.078947368421052,0.8936499880857575,0.06724137931034482,0.9672413793103448,0.9683333333333334,0.896330833202228,30,False,2290.0
3,paper_pa,paper_pa_3,3,16,496938524,2768969443,"[93, 141, 169, 218, 239, 244, 269, 280, 283, 289, 307, 332, 338, 364, 397, 470, 547, 568, 570, 597]","[335, 156, 286, 374, 575, 118, 297, 475, 329, 104, 461, 89, 0, 289, 86, 281, 570, 244, 33, 258]",600,20,0.62,,,,,,,0.0,1.0,0.005,,,5.005,0.7131067084451739,1.0,0.14666666666666667,4.15,0.0014308371200152186,0.0034356495330010034,0.1396551724137931,0.0034482758620689655,0.0,0.0,2.2913793103448277,4.0,0.0,0.09827586206896552,5.087931034482758,0.127780207121196,0.7409147757727353,0.0012303485987696513,4.189473684210526,0.9334656482453696,0.06379310344827586,0.9534482758620689,0.955,0.9039050410501659,30,False,2294.0
3,paper_pa,paper_pa_3,3,17,496938524,1642402101,"[16, 51, 96, 120, 154, 157, 170, 203, 208, 261, 318, 382, 405, 409, 414, 428, 429, 474, 534, 566]","[233, 302, 515, 387, 126, 30, 419, 260, 352, 457, 5, 464, 341, 576, 299, 50, 83, 593, 492, 152]",600,20,0.62,,,,,,,0.0,1.0,0.005,,,5.005,0.7131067084451739,1.0,0.14666666666666667,4.65,0.001595349837644189,0.0031142900717357536,0.1482758620689655,0.008620689655172414,0.0,0.0,2.296551724137931,4.0,0.0,0.1,5.356896551724138,0.13635930804820154,0.7261985587517122,0.003110047846889952,4.031578947368421,0.7939941754198047,0.08448275862068966,0.9758620689655172,0.9766666666666667,0.8916783330496401,30,False,2306.0
3,paper_pa,paper_pa_3,3,18,496938524,2681125216,"[10, 44, 52, 62, 99, 119, 127, 133, 197, 211, 226, 277, 300, 308, 342, 419, 450, 457, 529, 558]","[442, 406, 521, 351, 66, 545, 444, 78, 59, 326, 94, 557, 185, 432, 176, 522, 199, 64, 460, 223]",600,20,0.62,,,,,,,0.0,1.0,0.005,,,5.005,0.7131067084451739,1.0,0.14666666666666667,5.0,0.001695611127905781,0.005030566903868472,0.15344827586206897,0.01206896551724138,0.0017241379310344827,0.0,2.2327586206896552,4.0,0.0,0.1896551724137931,6.317241379310345,0.1406903840515594,0.7174736465963909,0.006806468385415754,3.778947368421053,0.7939941754198047,0.07413793103448275,0.95,0.9516666666666667,0.9083548751659691,30,False,2294.0
3,paper_pa,paper_pa_3,3,19,496938524,242779120,"[44, 82, 104, 107, 112, 225, 236, 238, 254, 309, 342, 347, 384, 413, 420, 421, 432, 532, 554, 578]","[406, 17, 543, 231, 234, 170, 350, 392, 123, 440, 176, 412, 587, 558, 101, 168, 534, 527, 204, 465]",600,20,0.62,,,,,,,0.0,1.0,0.005,,,5.005,0.7131067084451739,1.0,0.14666666666666667,3.9,0.0013527979924496884,0.0019208687024917942,0.1103448275862069,0.020689655172413793,0.0017241379310344827,0.0,2.3844827586206896,4.0,0.0,0.16034482758620688,5.841379310344828,0.11037224384068148,0.7916979334167114,0.014933166248955722,3.8526315789473684,0.7262842206950795,0.06551724137931035,0.2689655172413793,0.29333333333333333,0.9403852499090135,30,False,1512.0
3,paper_pa,paper_pa_3,3,20,496938524,4057107036,"[3, 10, 18, 41, 56, 74, 127, 167, 200, 215, 220, 286, 303, 308, 310, 456, 462, 498, 504, 545]","[111, 442, 477, 537, 333, 182, 444, 292, 272, 75, 3, 599, 449, 432, 212, 9, 183, 485, 114, 402]",600,20,0.62,,,,,,,0.0,1.0,0.005,,,5.005,0.7131067084451739,1.0,0.14666666666666667,5.65,0.0018661551152496154,0.007428530040993253,0.16551724137931034,0.020689655172413793,0.0017241379310344827,0.0,2.174137931034483,4.0,0.0,0.1724137931034483,6.120689655172414,0.1503917126820139,0.6974152819963075,0.004569649567205377,3.931578947368421,0.8324169971593528,0.0603448275862069,0.9137931034482759,0.9166666666666666,0.9265075828880072,30,False,2240.0
3,paper_pa,paper_pa_3,3,21,496938524,1368859661,"[66, 71, 73, 109, 113, 150, 182, 214, 218, 259, 326, 341, 356, 421, 438, 450, 487, 530, 564, 576]","[53, 261, 146, 358, 588, 87, 549, 355, 374, 172, 142, 327, 44, 168, 108, 199, 377, 399, 225, 26]",600,20,0.62,,,,,,,0.0,1.0,0.005,,,5.005,0.7131067084451739,1.0,0.14666666666666667,5.1,0.0017241530186850572,0.005663749493319533,0.15172413793103448,0.013793103448275862,0.0,0.0,2.2189655172413794,4.0,0.0,0.11551724137931034,5.451724137931034,0.14098003902739298,0.7202906318861295,0.005032051282051282,3.957894736842105,0.7436499880857573,0.08275862068965517,0.9724137931034482,0.9733333333333334,0.927362791961059,30,False,2306.0
3,paper_pa,paper_pa_3,3,22,496938524,3510844454,"[7, 26, 33, 41, 71, 83, 96, 149, 226, 245, 295, 300, 348, 352, 370, 379, 475, 533, 579, 581]","[49, 239, 227, 537, 261, 584, 515, 380, 94, 157, 57, 185, 145, 456, 99, 508, 134, 322, 401, 46]",600,20,0.62,,,,,,,0.0,1.0,0.005,,,5.005,0.7131067084451739,1.0,0.14666666666666667,5.55,0.0018293795025287722,0.005998406380938843,0.15862068965517243,0.01896551724137931,0.0,0.0,2.203448275862069,5.0,0.0,0.15689655172413794,6.372413793103449,0.14819128098661025,0.7085879340122685,0.005303823283699444,3.710526315789474,0.8950428265058215,0.06724137931034482,0.9706896551724138,0.9716666666666667,0.8860730831511319,30,False,2306.0
3,paper_pa,paper_pa_3,3,23,496938524,1402702533,"[32, 78, 123, 140, 159, 179, 185, 199, 237, 244, 252, 266, 286, 343, 408, 425, 433, 481, 537, 578]","[318, 531, 11, 216, 397, 264, 8, 288, 466, 118, 428, 103, 599, 14, 325, 38, 100, 589, 486, 465]",600,20,0.62,,,,,,,0.0,1.0,0.005,,,5.005,0.7131067084451739,1.0,0.14666666666666667,4.4,0.0014958440011397095,0.003398835455191239,0.13448275862068965,0.008620689655172414,0.005172413793103448,0.0,2.293103448275862,4.0,0.0,0.1706896551724138,5.834482758620689,0.12583513338265248,0.7497290214996128,0.008546044598676177,3.7736842105263158,0.6476854623779968,0.056896551724137934,0.4862068965517241,0.5033333333333333,0.9359104169998318,30,False,1696.0
3,paper_pa,paper_pa_3,3,24,496938524,771696833,"[0, 48, 66, 91, 101, 107, 108, 123, 182, 186, 207, 271, 290, 335, 377, 401, 424, 471, 531, 588]","[342, 525, 53, 276, 102, 231, 308, 11, 549, 376, 550, 323, 462, 283, 41, 427, 250, 195, 438, 97]",600,20,0.62,,,,,,,0.0,1.0,0.005,,,5.005,0.7131067084451739,1.0,0.14666666666666667,8.65,0.002766968659152889,0.017836011898486173,0.2413793103448276,0.041379310344827586,0.0017241379310344827,0.0,1.993103448275862,4.0,0.0,0.23793103448275862,6.944827586206896,0.19778058215582087,0.5812101721160146,0.006847005348916405,3.568421052631579,0.6787257102011605,0.09310344827586207,0.9620689655172414,0.9633333333333334,0.872395166894421,30,False,2306.0
3,paper_pa,paper_pa_3,3,25,496938524,479278278,"[2, 82, 106, 130, 139, 151, 166, 218, 252, 308, 360, 397, 404, 435, 454, 495, 507, 512, 573, 584]","[425, 17, 240, 132, 431, 282, 105, 374, 428, 432, 404, 86, 128, 382, 113, 294, 158, 254, 567, 40]",600,20,0.62,,,,,,,0.0,1.0,0.005,,,5.005,0.7131067084451739,1.0,0.14666666666666667,4.35,0.0015208672212869967,0.0026658796134599243,0.13448275862068965,0.008620689655172414,0.0,0.0,2.3189655172413794,5.0,0.0,0.09137931034482759,4.917241379310345,0.12462101395801387,0.7499612887856589,0.0029993544467228675,4.163157894736842,0.8671485319407085,0.056896551724137934,0.22586206896551725,0.25166666666666665,0.9291749580297619,30,False,1452.0
3,paper_pa,paper_pa_3,3,26,496938524,1006256211,"[1, 3, 24, 26, 54, 59, 75, 119, 171, 209, 265, 313, 384, 419, 425, 452, 503, 534, 566, 572]","[364, 111, 58, 239, 561, 191, 164, 545, 313, 436, 88, 424, 587, 522, 38, 251, 192, 492, 152, 307]",600,20,0.62,,,,,,,0.0,1.0,0.005,,,5.005,0.7131067084451739,1.0,0.14666666666666667,7.25,0.002333044532071892,0.01112518668072511,0.2103448275862069,0.02413793103448276,0.008620689655172414,0.0,2.0551724137931036,4.0,0.0,0.23448275862068965,7.36551724137931,0.18247121035121602,0.6257876243225537,0.010068845173536248,3.5526315789473686,0.7647070424346275,0.08793103448275862,0.9672413793103448,0.9683333333333334,0.6578875829000026,22,True,2304.0
3,paper_pa,paper_pa_3,3,27,496938524,1920213409,"[50, 105, 114, 148, 154, 160, 188, 205, 227, 237, 268, 292, 388, 434, 459, 484, 487, 489, 517, 526]","[71, 349, 463, 300, 126, 582, 489, 491, 532, 466, 430, 141, 450, 39, 478, 56, 377, 166, 36, 200]",600,20,0.62,,,,,,,0.0,1.0,0.005,,,5.005,0.7131067084451739,1.0,0.14666666666666667,4.95,0.001653949760107766,0.0035583734545379412,0.15172413793103448,0.015517241379310345,0.0,0.0,2.2482758620689656,4.0,0.0,0.1396551724137931,5.643103448275862,0.13947589318210124,0.720475254600679,0.0050180787938225,4.015789473684211,0.8392542373755957,0.056896551724137934,0.2672413793103448,0.2916666666666667,0.9179995420854539,30,False,1508.0
3,paper_pa,paper_pa_3,3,28,496938524,670347189,"[43, 48, 72, 111, 213, 259, 260, 269, 311, 314, 353, 367, 461, 468, 483, 496, 507, 521, 531, 564]","[356, 525, 591, 202, 369, 172, 256, 297, 312, 354, 55, 371, 388, 28, 147, 572, 158, 255, 438, 225]",600,20,0.62,,,,,,,0.0,1.0,0.005,,,5.005,0.7131067084451739,1.0,0.14666666666666667,5.5,0.0018177506615561548,0.005890269592530362,0.15689655172413794,0.015517241379310345,0.0034482758620689655,0.0,2.203448275862069,4.0,0.0,0.2206896551724138,6.4655172413793105,0.14284538307398503,0.7121136323030195,0.0073158858685174475,3.710526315789474,0.7276770591151436,0.0706896551724138,0.9758620689655172,0.9766666666666667,0.8999958750791848,30,False,2304.0
3,paper_pa,paper_pa_3,3,29,496938524,2458622392,"[14, 40, 125, 131, 207, 212, 298, 301, 365, 371, 382, 390, 417, 467, 481, 503, 524, 571, 580, 582]","[61, 194, 416, 293, 550, 257, 471, 554, 518, 31, 464, 48, 155, 598, 589, 192, 295, 18, 513, 581]",600,20,0.62,,,,,,,0.0,1.0,0.005,,,5.005,0.7131067084451739,1.0,0.14666666666666667,5.65,0.0018611026997032271,0.006322073816100103,0.16034482758620688,0.017241379310344827,0.0017241379310344827,0.0,2.1758620689655173,4.0,0.0,0.16551724137931034,6.291379310344827,0.14704439383418433,0.7060151271514502,0.006797897159513443,3.6315789473684212,0.6787257102011605,0.07413793103448275,0.9724137931034482,0.9733333333333334,0.9020762909203768,30,False,2306.0
3,paper_pa,paper_pa_3,3,30,496938524,2173703464,"[19, 113, 116, 139, 157, 182, 214, 222, 242, 288, 298, 304, 309, 314, 420, 467, 469, 478, 535, 543]","[149, 588, 332, 431, 30, 549, 355, 339, 472, 214, 471, 37, 440, 354, 101, 598, 517, 82, 116, 373]",600,20,0.62,,,,,,,0.0,1.0,0.005,,,5.005,0.7131067084451739,1.0,0.14666666666666667,5.2,0.0017221470306044075,0.0034383175265801703,0.16206896551724137,0.017241379310344827,0.0,0.0,2.2103448275862068,4.0,0.0,0.11379310344827587,5.524137931034483,0.1496371495578628,0.7029122744327319,0.004793291503817819,4.036842105263158,0.7715442826508703,0.06896551724137931,0.9724137931034482,0.9733333333333334,0.9240180000197142,30,False,2306.0
3,paper_pa,paper_pa_3,3,31,496938524,3372928953,"[10, 12, 19, 141, 159, 205, 221, 292, 313, 314, 320, 325, 350, 381, 423, 446, 495, 515, 545, 568]","[442, 418, 149, 156, 397, 491, 21, 141, 424, 354, 242, 177, 238, 215, 571, 184, 294, 368, 402, 244]",600,20,0.62,,,,,,,0.0,1.0,0.005,,,5.005,0.7131067084451739,1.0,0.14666666666666667,5.0,0.0016683660105065786,0.0035441457245370205,0.15517241379310345,0.013793103448275862,0.0,0.0,2.212068965517241,4.0,0.0,0.12241379310344827,5.45,0.1426789114092768,0.7145375498779107,0.004634502923976608,4.105263157894737,0.7820728098253055,0.05862068965517241,0.3586206896551724,0.38,0.970931916963309,30,False,1540.0
3,paper_pa,paper_pa_3,3,32,496938524,1303513928,"[14, 57, 65, 95, 104, 123, 177, 189, 224, 248, 255, 256, 272, 302, 315, 359, 384, 491, 495, 565]","[61, 7, 452, 439, 543, 11, 551, 398, 278, 174, 546, 447, 80, 290, 366, 411, 587, 136, 294, 459]",600,20,0.62,,,,,,,0.0,1.0,0.005,,,5.005,0.7131067084451739,1.0,0.14666666666666667,4.9,0.0016726990186907934,0.005595519329635888,0.1413793103448276,0.01206896551724138,0.0034482758620689655,0.0,2.222413793103448,4.0,0.0,0.1706896551724138,6.003448275862069,0.12885212790126213,0.738181168483116,0.010133087903171006,3.931578947368421,0.8113599428104827,0.056896551724137934,0.656896551724138,0.6683333333333333,0.9187785410322249,30,False,1844.0
3,paper_pa,paper_pa_3,3,33,496938524,167607039,"[1, 57, 95, 228, 231, 250, 276, 282, 308, 332, 345, 351, 353, 397, 424, 449, 462, 479, 482, 565]","[364, 7, 439, 109, 175, 429, 96, 93, 432, 89, 334, 441, 55, 86, 250, 345, 183, 346, 544, 459]",600,20,0.62,,,,,,,0.0,1.0,0.005,,,5.005,0.7131067084451739,1.0,0.14666666666666667,5.0,0.0016918739942511246,0.005204312803215478,0.15517241379310345,0.013793103448275862,0.0,0.0,2.2017241379310346,4.0,0.0,0.11551724137931034,5.117241379310345,0.1399343161931903,0.7150497290214997,0.0035246015108715335,4.2368421052631575,0.8008314156360475,0.05344827586206897,0.4224137931034483,0.44166666666666665,0.9190269999671727,30,False,1650.0
3,paper_pa,paper_pa_3,3,34,496938524,2467244433,"[0, 12, 16, 61, 63, 122, 125, 129, 164, 174, 239, 276, 302, 314, 332, 377, 402, 428, 493, 589]","[342, 418, 233, 560, 10, 241, 416, 403, 415, 81, 575, 96, 290, 354, 89, 41, 133, 50, 483, 62]",600,20,0.62,,,,,,,0.0,1.0,0.005,,,5.005,0.7131067084451739,1.0,0.14666666666666667,7.65,0.0024691998082265274,0.016340691271557888,0.22413793103448276,0.020689655172413793,0.0017241379310344827,0.0,2.0551724137931036,4.0,0.0,0.24655172413793103,6.575862068965518,0.17648185719153262,0.6094634030135192,0.006676233729204267,3.710526315789474,0.7814892056738255,0.07241379310344828,0.9655172413793104,0.9666666666666667,0.8920372498687357,30,False,2304.0
3,paper_pa,paper_pa_3,3,35,496938524,2080141807,"[34, 113, 119, 169, 177, 188, 198, 269, 300, 326, 386, 406, 450, 457, 497, 524, 525, 528, 563, 590]","[384, 588, 545, 286, 551, 489, 569, 297, 185, 142, 541, 564, 199, 64, 370, 295, 253, 252, 363, 139]",600,20,0.62,,,,,,,0.0,1.0,0.005,,,5.005,0.7131067084451739,1.0,0.14666666666666667,4.1,0.0014553197962028515,0.0028836770932466017,0.1310344827586207,0.006896551724137931,0.0,0.0,2.3,4.0,0.0,0.05344827586206897,4.641379310344828,0.12254380537554943,0.7556488595080698,0.0020965876229034125,4.331578947368421,0.9055713536802565,0.08103448275862069,0.9603448275862069,0.9616666666666667,0.5608046660199761,18,True,2304.0
3,paper_pa,paper_pa_3,3,36,496938524,80717976,"[20, 68, 69, 89, 97, 98, 104, 189, 209, 240, 258, 364, 431, 444, 446, 455, 460, 482, 506, 541]","[43, 453, 337, 310, 211, 165, 543, 398, 436, 63, 262, 289, 91, 159, 184, 291, 443, 544, 408, 120]",600,20,0.62,,,,,,,0.0,1.0,0.005,,,5.005,0.7131067084451739,1.0,0.14666666666666667,3.7,0.0013249789294841549,0.0020248921554570595,0.10689655172413794,0.01206896551724138,0.0017241379310344827,0.0,2.3982758620689655,4.0,0.0,0.08103448275862069,4.653448275862069,0.1048279901301648,0.7979334167113334,0.007335194045720362,4.28421052631579,0.7038343279261452,0.0706896551724138,0.9362068965517242,0.9383333333333334,0.9203206249512732,30,False,2246.0
3,paper_pa,paper_pa_3,3,37,496938524,2811116493,"[27, 40, 41, 47, 113, 116, 151, 315, 337, 358, 363, 374, 389, 473, 487, 536, 543, 550, 569, 598]","[280, 194, 537, 106, 588, 332, 282, 366, 470, 228, 533, 125, 451, 2, 377, 249, 373, 95, 190, 131]",600,20,0.62,,,,,,,0.0,1.0,0.005,,,5.005,0.7131067084451739,1.0,0.14666666666666667,4.0,0.001408247842036444,0.002233217717453668,0.12586206896551724,0.008620689655172414,0.0034482758620689655,0.0,2.372413793103448,4.0,0.0,0.06551724137931035,4.503448275862069,0.11965960797226877,0.7645762610922519,0.0059801017695754535,4.2105263157894735,0.8392542373755957,0.056896551724137934,0.4189655172413793,0.43833333333333335,0.9284112500026822,30,False,1626.0
3,paper_pa,paper_pa_3,3,38,496938524,3165470097,"[9, 16, 75, 77, 122, 156, 239, 314, 380, 395, 444, 450, 483, 508, 524, 553, 556, 570, 577, 593]","[458, 233, 164, 367, 241, 524, 575, 354, 167, 324, 159, 199, 147, 379, 295, 76, 514, 33, 393, 435]",600,20,0.62,,,,,,,0.0,1.0,0.005,,,5.005,0.7131067084451739,1.0,0.14666666666666667,5.15,0.0017438619086172825,0.004742268583906735,0.15344827586206897,0.017241379310344827,0.0034482758620689655,0.0,2.246551724137931,4.0,0.0,0.1706896551724138,6.401724137931034,0.14297212564057812,0.7173843130248347,0.014395933014354068,3.694736842105263,0.8497827645500308,0.06724137931034482,0.9758620689655172,0.9766666666666667,0.8993941249791533,30,False,2306.0
3,paper_pa,paper_pa_3,3,39,496938524,944519923,"[91, 109, 128, 137, 144, 193, 204, 241, 247, 283, 331, 362, 403, 406, 465, 485, 515, 537, 538, 578]","[276, 358, 317, 74, 375, 383, 23, 328, 381, 329, 338, 69, 495, 564, 421, 27, 368, 486, 597, 465]",600,20,0.62,,,,,,,0.0,1.0,0.005,,,5.005,0.7131067084451739,1.0,0.14666666666666667,4.85,0.0016442414324327977,0.003590484679893697,0.13620689655172413,0.020689655172413793,0.0,0.0,2.268965517241379,4.0,0.0,0.11896551724137931,5.751724137931035,0.13109769342461666,0.7466083020665832,0.007184628237259816,3.968421052631579,0.8497827645500308,0.06724137931034482,0.8189655172413793,0.825,0.9112244171556085,30,False,2066.0
3,paper_pa,paper_pa_3,3,40,496938524,3349672025,"[4, 10, 28, 70, 80, 118, 146, 154, 156, 161, 175, 183, 234, 365, 385, 443, 481, 514, 517, 549]","[236, 442, 144, 265, 229, 563, 122, 126, 524, 548, 378, 124, 528, 518, 207, 500, 589, 47, 36, 316]",600,20,0.62,,,,,,,0.0,1.0,0.005,,,5.005,0.7131067084451739,1.0,0.14666666666666667,5.7,0.0018955053682343872,0.004907949403393126,0.1810344827586207,0.01206896551724138,0.0034482758620689655,0.0,2.117241379310345,4.0,0.0,0.12586206896551724,6.220689655172414,0.1602798483647039,0.6720385921029123,0.00549466615256089,3.9210526315789473,0.8776770591151436,0.06724137931034482,0.6844827586206896,0.695,0.9212210411205888,30,False,1952.0
3,paper_pa,paper_pa_3,3,41,496938524,3761562190,"[23, 51, 65, 77, 97, 114, 190, 194, 259, 317, 368, 374, 396, 423, 458, 476, 502, 506, 513, 590]","[72, 302, 452, 367, 211, 463, 77, 390, 172, 510, 417, 125, 305, 571, 391, 179, 488, 408, 16, 139]",600,20,0.62,,,,,,,0.0,1.0,0.005,,,5.005,0.7131067084451739,1.0,0.14666666666666667,4.6,0.0015677736809209127,0.003804220529478079,0.15,0.008620689655172414,0.0,0.0,2.1758620689655173,4.0,0.0,0.11551724137931034,5.543103448275862,0.13940789095957387,0.7231195283187422,0.0026923369028632187,3.957894736842105,0.9334656482453696,0.08275862068965517,0.9810344827586207,0.9816666666666667,0.8766590000595897,30,False,2306.0
3,paper_pa,paper_pa_3,3,42,496938524,1128255551,"[62, 73, 91, 100, 112, 128, 151, 186, 213, 277, 290, 325, 364, 367, 411, 439, 454, 465, 471, 487]","[351, 146, 276, 148, 234, 317, 282, 376, 369, 557, 462, 177, 289, 371, 42, 150, 113, 421, 195, 377]",600,20,0.62,,,,,,,0.0,1.0,0.005,,,5.005,0.7131067084451739,1.0,0.14666666666666667,3.75,0.001320994143736195,0.0017927196456974013,0.11551724137931034,0.008620689655172414,0.0017241379310344827,0.0,2.396551724137931,4.0,0.0,0.13620689655172413,5.38448275862069,0.11145507175774837,0.7826573759752248,0.006466165413533835,4.031578947368421,0.7487341134640138,0.05172413793103448,0.49137931034482757,0.5083333333333333,0.92726712487638,30,False,1706.0
3,paper_pa,paper_pa_3,3,43,496938524,727320096,"[24, 56, 65, 74, 90, 114, 121, 142, 203, 225, 306, 418, 427, 467, 487, 491, 505, 506, 564, 593]","[58, 333, 452, 182, 186, 463, 287, 566, 260, 170, 140, 395, 578, 598, 377, 136, 98, 408, 225, 435]",600,20,0.62,,,,,,,0.0,1.0,0.005,,,5.005,0.7131067084451739,1.0,0.14666666666666667,4.95,0.0016771331610935217,0.004603666530022515,0.15,0.013793103448275862,0.0,0.0,2.1879310344827587,4.0,0.0,0.11206896551724138,5.68448275862069,0.1359242561667312,0.7235542850336489,0.0044780511885775046,4.042105263157895,0.8392542373755956,0.08275862068965517,0.9896551724137931,0.99,0.8823663748335093,30,False,2306.0
3,paper_pa,paper_pa_3,3,44,496938524,3205963494,"[13, 19, 46, 72, 85, 124, 163, 171, 188, 210, 265, 275, 301, 307, 319, 334, 359, 361, 538, 568]","[298, 149, 246, 591, 385, 353, 284, 313, 489, 180, 88, 553, 554, 461, 372, 143, 411, 595, 597, 244]",600,20,0.62,,,,,,,0.0,1.0,0.005,,,5.005,0.7131067084451739,1.0,0.14666666666666667,4.15,0.0014353178958241646,0.002337877073017551,0.12413793103448276,0.006896551724137931,0.0017241379310344827,0.0,2.2810344827586206,4.0,0.0,0.1413793103448276,5.2172413793103445,0.117918793767828,0.7675778690965398,0.004099832915622389,4.136842105263158,0.8392542373755957,0.06379310344827586,0.553448275862069,0.5683333333333334,0.9205073330085725,30,False,1744.0
3,paper_pa,paper_pa_3,3,45,496938524,739318011,"[47, 60, 70, 82, 85, 103, 108, 235, 256, 266, 279, 333, 419, 422, 466, 467, 503, 546, 548, 569]","[106, 579, 265, 17, 385, 85, 308, 319, 447, 103, 173, 493, 522, 434, 320, 598, 192, 501, 209, 190]",600,20,0.62,,,,,,,0.0,1.0,0.005,,,5.005,0.7131067084451739,1.0,0.14666666666666667,5.0,0.0016487100767969317,0.0034106215344564548,0.1482758620689655,0.017241379310344827,0.0034482758620689655,0.0,2.2103448275862068,4.0,0.0,0.19310344827586207,6.4431034482758625,0.1394420234070475,0.7260496694657852,0.008685444672286777,3.731578947368421,0.8273328717810964,0.06551724137931035,0.9689655172413794,0.97,0.8835324998944998,30,False,2306.0
3,paper_pa,paper_pa_3,3,46,496938524,912525089,"[106, 118, 152, 155, 173, 180, 212, 219, 273, 317, 325, 343, 520, 526, 529, 532, 556, 567, 592, 598]","[240, 563, 474, 119, 509, 590, 257, 154, 347, 510, 177, 14, 135, 200, 460, 527, 514, 315, 226, 131]",600,20,0.62,,,,,,,0.0,1.0,0.005,,,5.005,0.7131067084451739,1.0,0.14666666666666667,4.45,0.0015194858549766397,0.0030569078080150912,0.1396551724137931,0.01206896551724138,0.0017241379310344827,0.0,2.2568965517241377,4.0,0.0,0.15,6.058620689655172,0.13054656611323276,0.740813531058305,0.00616091510828353,3.8263157894736843,0.8008314156360475,0.05862068965517241,0.9120689655172414,0.915,0.9240142500493675,30,False,2230.0
3,paper_pa,paper_pa_3,3,47,496938524,2540559176,"[64, 91, 104, 135, 214, 216, 219, 247, 249, 266, 332, 344, 411, 493, 502, 549, 552, 558, 569, 598]","[217, 276, 543, 1, 355, 51, 154, 381, 273, 103, 89, 35, 42, 483, 488, 316, 448, 223, 190, 131]",600,20,0.62,,,,,,,0.0,1.0,0.005,,,5.005,0.7131067084451739,1.0,0.14666666666666667,5.0,0.001678835581292894,0.003230119434083187,0.15517241379310345,0.010344827586206896,0.0,0.0,2.1862068965517243,4.0,0.0,0.10344827586206896,5.7844827586206895,0.1429703309777171,0.7144839497349771,0.003924394319131161,3.857894736842105,0.7624085938964995,0.0603448275862069,0.2620689655172414,0.2866666666666667,0.756370292045176,24,True,1490.0
3,paper_pa,paper_pa_3,3,48,496938524,466517247,"[5, 43, 54, 57, 173, 212, 214, 253, 285, 298, 307, 347, 369, 373, 389, 396, 493, 546, 549, 559]","[386, 356, 561, 7, 509, 257, 355, 304, 237, 471, 461, 412, 487, 362, 451, 305, 483, 501, 316, 506]",600,20,0.62,,,,,,,0.0,1.0,0.005,,,5.005,0.7131067084451739,1.0,0.14666666666666667,5.6,0.001827852563801731,0.005908247881565809,0.16034482758620688,0.01896551724137931,0.0034482758620689655,0.0,2.2155172413793105,4.0,0.0,0.16896551724137931,6.072413793103448,0.1468028811751374,0.7060508605800726,0.010238620168960726,3.7526315789473683,0.8708398188989009,0.06379310344827586,0.9689655172413794,0.97,0.896799375070259,30,False,2306.0
3,paper_pa,paper_pa_3,3,49,496938524,1766998940,"[2, 8, 66, 160, 230, 243, 265, 315, 335, 339, 341, 416, 427, 441, 446, 448, 456, 558, 562, 566]","[425, 555, 53, 582, 542, 330, 88, 366, 283, 208, 327, 296, 578, 219, 184, 468, 9, 223, 519, 152]",600,20,0.62,,,,,,,0.0,1.0,0.005,,,5.005,0.7131067084451739,1.0,0.14666666666666667,6.7,0.0021770897444330323,0.007272737022508399,0.20862068965517241,0.01206896551724138,0.0,0.0,2.079310344827586,4.0,0.0,0.16724137931034483,6.755172413793104,0.17602483988480125,0.6288428324697755,0.003491294024535022,3.6789473684210527,0.8287257102011605,0.05,0.19655172413793104,0.22333333333333333,0.9213672918267548,30,False,1438.0
3,paper_pa,paper_pa_4,4,0,3865606449,324531523,"[2, 12, 38, 42, 80, 109, 134, 277, 306, 345, 369, 382, 387, 466, 470, 494, 552, 553, 576, 583]","[528, 422, 157, 484, 418, 384, 415, 376, 316, 102, 131, 99, 107, 3, 450, 271, 278, 458, 266, 279]",600,20,0.62,,,,,,,0.0,1.0,0.005,,,4.965,0.8810727141033194,1.0,0.13333333333333333,4.35,0.001482289964022814,0.004063260754481179,0.1310344827586207,0.01206896551724138,0.0017241379310344827,0.0,2.286206896551724,4.0,0.0,0.19482758620689655,7.096551724137931,0.12253785489691468,0.7558394377940564,0.009181476418318523,3.636842105263158,0.8264108309005742,0.07241379310344828,0.8793103448275862,0.8833333333333333,0.9257610419299453,30,False,2160.0
3,paper_pa,paper_pa_4,4,1,3865606449,3539456256,"[38, 76, 79, 118, 120, 159, 217, 239, 429, 456, 467, 497, 517, 520, 533, 536, 550, 552, 555, 591]","[157, 468, 200, 518, 557, 332, 335, 14, 209, 24, 231, 12, 545, 174, 155, 311, 438, 278, 476, 192]",600,20,0.62,,,,,,,0.0,1.0,0.005,,,4.965,0.8810727141033194,1.0,0.13333333333333333,3.85,0.0013405638619375857,0.00270231842314176,0.10689655172413794,0.015517241379310345,0.0017241379310344827,0.0,2.343103448275862,4.0,0.0,0.19482758620689655,6.906896551724138,0.10529870274497831,0.7979215055684593,0.013569719753930279,3.7526315789473683,0.8264108309005743,0.04310344827586207,0.17758620689655172,0.205,0.790550374891609,25,True,1478.0
3,paper_pa,paper_pa_4,4,2,3865606449,4089851649,"[16, 38, 59, 71, 162, 165, 222, 280, 289, 370, 382, 402, 483, 486, 499, 509, 515, 521, 545, 553]","[152, 157, 53, 215, 249, 39, 205, 550, 466, 175, 99, 430, 359, 433, 469, 568, 202, 74, 597, 458]",600,20,0.62,,,,,,,0.0,1.0,0.005,,,4.965,0.8810727141033194,1.0,0.13333333333333333,4.4,0.0014965037026281717,0.0033078673526856007,0.1310344827586207,0.013793103448275862,0.0034482758620689655,0.0,2.2620689655172415,4.0,0.0,0.2672413793103448,6.812068965517241,0.12482725653654214,0.755595259365136,0.008408389855758275,3.8421052631578947,0.8264108309005742,0.06206896551724138,0.2793103448275862,0.30333333333333334,0.960525083122775,30,False,1520.0
3,paper_pa,paper_pa_4,4,3,3865606449,1529837505,"[16, 27, 39, 47, 123, 156, 227, 247, 259, 284, 307, 326, 386, 389, 404, 420, 479, 501, 583, 599]","[152, 191, 366, 304, 431, 441, 300, 392, 270, 530, 480, 25, 436, 170, 503, 589, 426, 483, 279, 305]",600,20,0.62,,,,,,,0.0,1.0,0.005,,,4.965,0.8810727141033194,1.0,0.13333333333333333,4.95,0.0016832242020031053,0.0046082300844939835,0.14482758620689656,0.015517241379310345,0.0017241379310344827,0.0,2.306896551724138,5.0,0.0,0.1793103448275862,6.962068965517242,0.13602493628872936,0.7319992853314276,0.008408070144871514,3.763157894736842,0.888854280480444,0.05517241379310345,0.44655172413793104,0.465,0.9252055829856545,30,False,1688.0
3,paper_pa,paper_pa_4,4,4,3865606449,490255324,"[10, 37, 51, 57, 74, 121, 124, 162, 198, 223, 235, 274, 286, 301, 312, 471, 531, 551, 559, 570]","[294, 10, 144, 334, 416, 142, 314, 249, 63, 380, 509, 367, 33, 320, 551, 30, 88, 265, 92, 87]",600,20,0.62,,,,,,,0.0,1.0,0.005,,,4.965,0.8810727141033194,1.0,0.13333333333333333,5.55,0.0018129286579922667,0.006660478433062557,0.15689655172413794,0.020689655172413793,0.0034482758620689655,0.0,2.1724137931034484,4.0,0.0,0.30517241379310345,9.125862068965517,0.14594209492712418,0.7117384313024835,0.013223549756057495,3.305263157894737,0.7194900208270512,0.06379310344827586,0.9482758620689655,0.95,0.8917910000309348,30,False,2274.0
3,paper_pa,paper_pa_4,4,5,3865606449,3447187064,"[11, 28, 94, 105, 146, 182, 190, 262, 266, 313, 318, 347, 353, 464, 483, 504, 530, 552, 568, 597]","[387, 77, 7, 176, 258, 582, 393, 432, 253, 26, 95, 495, 220, 443, 359, 236, 153, 278, 248, 498]",600,20,0.62,,,,,,,0.0,1.0,0.005,,,4.965,0.8810727141033194,1.0,0.13333333333333333,7.3,0.0023758657824083673,0.015132061316197376,0.2189655172413793,0.02586206896551724,0.0034482758620689655,0.0,2.0051724137931033,4.0,0.0,0.21379310344827587,7.343103448275862,0.1613881212660837,0.620701566315288,0.0117222260182516,3.6894736842105265,0.8315372182948998,0.04827586206896552,0.12586206896551724,0.155,0.942764415871352,30,False,1448.0
3,paper_pa,paper_pa_4,4,6,3865606449,3461629824,"[48, 156, 190, 209, 225, 292, 300, 341, 359, 365, 366, 369, 433, 471, 477, 497, 502, 571, 578, 589]","[555, 441, 393, 230, 347, 36, 196, 581, 536, 462, 75, 131, 212, 30, 486, 12, 251, 168, 362, 500]",600,20,0.62,,,,,,,0.0,1.0,0.005,,,4.965,0.8810727141033194,1.0,0.13333333333333333,4.1,0.0014191101411130628,0.0026777413773585714,0.12413793103448276,0.008620689655172414,0.0017241379310344827,0.0,2.3241379310344827,4.0,0.0,0.16206896551724137,6.803448275862069,0.11576087875951108,0.7677863140968376,0.007600931919817369,3.7842105263157895,0.8427622418318623,0.04655172413793104,0.2396551724137931,0.265,0.939629000145942,30,False,1532.0
3,paper_pa,paper_pa_4,4,7,3865606449,740850762,"[15, 89, 118, 185, 193, 274, 287, 303, 326, 351, 377, 399, 401, 449, 477, 491, 528, 536, 540, 575]","[404, 394, 518, 188, 585, 367, 37, 284, 25, 290, 329, 163, 524, 381, 486, 594, 478, 311, 325, 187]",600,20,0.62,,,,,,,0.0,1.0,0.005,,,4.965,0.8810727141033194,1.0,0.13333333333333333,5.1,0.0017149375908454612,0.003497464708651429,0.15344827586206897,0.022413793103448276,0.0,0.0,2.174137931034483,4.0,0.0,0.1724137931034483,6.875862068965517,0.14511376550663935,0.7172711571675302,0.006811348696023619,3.8263157894736843,0.8363243734730054,0.07241379310344828,0.7137931034482758,0.7233333333333334,0.9301005827728659,30,False,1898.0
3,paper_pa,paper_pa_4,4,8,3865606449,457972791,"[13, 74, 81, 95, 119, 143, 161, 171, 191, 207, 223, 269, 340, 346, 423, 444, 448, 462, 499, 500]","[134, 416, 522, 247, 242, 390, 227, 268, 375, 78, 380, 206, 59, 395, 80, 250, 508, 456, 469, 97]",600,20,0.62,,,,,,,0.0,1.0,0.005,,,4.965,0.8810727141033194,1.0,0.13333333333333333,4.5,0.0015362270091202306,0.0027179508356187823,0.1396551724137931,0.01206896551724138,0.0,0.0,2.220689655172414,4.0,0.0,0.12931034482758622,6.758620689655173,0.12951526249422837,0.7409445536299208,0.005816624895572263,3.8,0.7902323348244237,0.0603448275862069,0.95,0.9516666666666667,0.9105194581206888,30,False,2268.0
3,paper_pa,paper_pa_4,4,9,3865606449,3485680022,"[6, 13, 52, 94, 145, 146, 158, 187, 199, 240, 298, 318, 334, 389, 400, 433, 434, 505, 515, 568]","[120, 134, 275, 7, 340, 258, 411, 166, 599, 549, 534, 95, 132, 170, 425, 212, 6, 548, 202, 248]",600,20,0.62,,,,,,,0.0,1.0,0.005,,,4.965,0.8810727141033194,1.0,0.13333333333333333,4.2,0.0014768047453269679,0.0034761126533253634,0.12413793103448276,0.010344827586206896,0.0034482758620689655,0.0,2.2948275862068965,4.0,0.0,0.25,7.639655172413793,0.11249884718230141,0.768191292954559,0.01825147997585671,3.6052631578947367,0.8052722647911804,0.04482758620689655,0.2120689655172414,0.23833333333333334,0.9367700419388711,30,False,1502.0
3,paper_pa,paper_pa_4,4,10,3865606449,663682887,"[26, 37, 116, 184, 202, 205, 214, 215, 217, 220, 227, 248, 286, 350, 355, 379, 426, 526, 559, 592]","[409, 10, 464, 461, 403, 234, 407, 161, 335, 596, 300, 292, 33, 70, 118, 361, 420, 147, 92, 349]",600,20,0.62,,,,,,,0.0,1.0,0.005,,,4.965,0.8810727141033194,1.0,0.13333333333333333,4.75,0.0016480215953617104,0.0040562495273190075,0.1396551724137931,0.013793103448275862,0.0,0.0,2.236206896551724,4.0,0.0,0.10862068965517241,5.979310344827586,0.1325355593032637,0.7406884640581264,0.005263157894736842,3.9894736842105263,0.8789407379080129,0.06551724137931035,0.9586206896551724,0.96,0.9062550000380725,30,False,2276.0
3,paper_pa,paper_pa_4,4,11,3865606449,23241651,"[29, 44, 52, 65, 75, 91, 266, 296, 298, 309, 323, 334, 342, 362, 397, 438, 459, 492, 558, 582]","[299, 515, 275, 47, 565, 386, 253, 351, 534, 298, 219, 132, 398, 419, 345, 34, 454, 143, 571, 261]",600,20,0.62,,,,,,,0.0,1.0,0.005,,,4.965,0.8810727141033194,1.0,0.13333333333333333,4.3,0.0015023176247299342,0.0037527093060295085,0.13275862068965516,0.008620689655172414,0.0034482758620689655,0.0,2.3120689655172413,5.0,0.0,0.17758620689655172,6.258620689655173,0.12337368039043456,0.7527782740753975,0.005904723931039721,3.9,0.7002124507763029,0.04310344827586207,0.21379310344827587,0.24,0.9310475420206785,30,False,1486.0
3,paper_pa,paper_pa_4,4,12,3865606449,2113530306,"[8, 10, 119, 175, 202, 266, 273, 311, 314, 351, 355, 365, 389, 394, 401, 403, 455, 462, 504, 531]","[263, 294, 242, 481, 403, 253, 514, 579, 368, 290, 118, 462, 170, 62, 524, 117, 494, 456, 236, 88]",600,20,0.62,,,,,,,0.0,1.0,0.005,,,4.965,0.8810727141033194,1.0,0.13333333333333333,5.7,0.0018746541590481149,0.0075424021419077236,0.16034482758620688,0.022413793103448276,0.0034482758620689655,0.0,2.217241379310345,4.0,0.0,0.17586206896551723,7.046551724137931,0.14682788229074614,0.7061640164373771,0.009524274202252042,3.705263157894737,0.7200395359211653,0.04655172413793104,0.14655172413793102,0.175,0.9393000828567892,30,False,1454.0
3,paper_pa,paper_pa_4,4,13,3865606449,2535617576,"[14, 25, 33, 34, 90, 103, 137, 167, 195, 219, 272, 321, 360, 390, 391, 443, 465, 485, 591, 593]","[260, 584, 442, 352, 312, 558, 141, 257, 457, 135, 123, 513, 181, 68, 309, 103, 350, 583, 192, 108]",600,20,0.62,,,,,,,0.0,1.0,0.005,,,4.965,0.8810727141033194,1.0,0.13333333333333333,4.05,0.0014181677411846433,0.003049327938531062,0.12413793103448276,0.01206896551724138,0.0034482758620689655,0.0,2.277586206896552,4.0,0.0,0.15,6.317241379310345,0.11850166390929284,0.7676076469537252,0.006898875977823345,3.931578947368421,0.872502869549156,0.05517241379310345,0.38448275862068965,0.405,0.9547418330330402,30,False,1644.0
3,paper_pa,paper_pa_4,4,14,3865606449,2241420041,"[1, 30, 65, 98, 107, 164, 166, 172, 231, 242, 250, 289, 314, 338, 346, 432, 433, 475, 540, 544]","[547, 0, 47, 180, 167, 71, 567, 228, 379, 588, 185, 466, 368, 452, 395, 214, 212, 289, 325, 81]",600,20,0.62,,,,,,,0.0,1.0,0.005,,,4.965,0.8810727141033194,1.0,0.13333333333333333,7.75,0.0024741414895237263,0.01792585164048025,0.22241379310344828,0.032758620689655175,0.006896551724137931,0.0,1.967241379310345,4.0,0.0,0.2982758620689655,7.086206896551724,0.17483407145432536,0.6136501697337859,0.00860356363287306,3.8,0.8363243734730055,0.07931034482758621,0.9413793103448276,0.9433333333333334,0.8954330000560731,30,False,2262.0
3,paper_pa,paper_pa_4,4,15,3865606449,2648313235,"[28, 113, 156, 212, 226, 284, 308, 310, 324, 330, 380, 400, 420, 423, 463, 467, 556, 571, 577, 592]","[77, 203, 441, 127, 510, 530, 455, 307, 32, 139, 20, 425, 589, 80, 60, 231, 114, 168, 369, 349]",600,20,0.62,,,,,,,0.0,1.0,0.005,,,4.965,0.8810727141033194,1.0,0.13333333333333333,4.8,0.001634561902563714,0.0026499521844481904,0.14655172413793102,0.013793103448275862,0.0017241379310344827,0.0,2.2758620689655173,4.0,0.0,0.1793103448275862,6.915517241379311,0.13518663155261804,0.7292299446131857,0.00638157894736842,3.7473684210526317,0.8690271953355817,0.06379310344827586,0.3,0.3233333333333333,0.9318572499323636,30,False,1556.0
3,paper_pa,paper_pa_4,4,16,3865606449,334208087,"[51, 78, 80, 101, 170, 197, 247, 272, 360, 401, 406, 445, 447, 491, 494, 511, 522, 529, 535, 551]","[144, 355, 418, 490, 401, 267, 392, 123, 181, 524, 93, 272, 383, 594, 271, 333, 65, 357, 429, 265]",600,20,0.62,,,,,,,0.0,1.0,0.005,,,4.965,0.8810727141033194,1.0,0.13333333333333333,4.45,0.0015198227511219523,0.0030504548458786277,0.12931034482758622,0.013793103448275862,0.0034482758620689655,0.0,2.2620689655172415,4.0,0.0,0.18275862068965518,6.26551724137931,0.12358670564169176,0.7585373116550533,0.008030419872525134,3.857894736842105,0.8264108309005742,0.06206896551724138,0.3689655172413793,0.39,0.9307149169035256,30,False,1622.0
3,paper_pa,paper_pa_4,4,17,3865606449,1652442898,"[11, 23, 72, 83, 97, 122, 140, 155, 206, 226, 307, 334, 368, 393, 428, 446, 476, 541, 546, 563]","[387, 210, 149, 371, 563, 532, 402, 252, 540, 510, 480, 132, 502, 410, 207, 41, 111, 169, 201, 308]",600,20,0.62,,,,,,,0.0,1.0,0.005,,,4.965,0.8810727141033194,1.0,0.13333333333333333,7.75,0.0024991168667155526,0.014942484667943554,0.21551724137931033,0.027586206896551724,0.0034482758620689655,0.0,2.0517241379310347,4.0,0.0,0.28793103448275864,8.060344827586206,0.17176142681203274,0.6228932166041332,0.006134200131820391,3.463157894736842,0.7902323348244237,0.0706896551724138,0.28448275862068967,0.30833333333333335,0.9161216251086444,30,False,1548.0
3,paper_pa,paper_pa_4,4,18,3865606449,3430812096,"[61, 123, 142, 160, 166, 186, 190, 248, 267, 345, 348, 374, 407, 409, 444, 461, 462, 469, 477, 570]","[199, 431, 373, 213, 567, 573, 393, 292, 146, 102, 440, 2, 66, 218, 250, 226, 456, 54, 486, 87]",600,20,0.62,,,,,,,0.0,1.0,0.005,,,4.965,0.8810727141033194,1.0,0.13333333333333333,4.45,0.0015232576933924187,0.0035226993351837334,0.13793103448275862,0.013793103448275862,0.0017241379310344827,0.0,2.1982758620689653,4.0,0.0,0.19137931034482758,7.125862068965517,0.13204948841382028,0.743588827347984,0.005123093280988018,3.705263157894737,0.8526757844042936,0.056896551724137934,0.23620689655172414,0.26166666666666666,0.8786666670348495,28,True,1522.0
3,paper_pa,paper_pa_4,4,19,3865606449,478518703,"[10, 95, 117, 137, 157, 180, 206, 219, 241, 272, 298, 339, 350, 418, 493, 497, 515, 547, 564, 586]","[294, 247, 28, 141, 434, 172, 540, 135, 259, 123, 534, 492, 70, 198, 344, 12, 202, 221, 225, 8]",600,20,0.62,,,,,,,0.0,1.0,0.005,,,4.965,0.8810727141033194,1.0,0.13333333333333333,5.4,0.0018007666412030872,0.006033967832329704,0.1706896551724138,0.010344827586206896,0.0017241379310344827,0.0,2.1241379310344826,4.0,0.0,0.2103448275862069,6.946551724137931,0.151429428614798,0.6890893931272706,0.0038065271875340526,3.905263157894737,0.7889208538598923,0.05344827586206897,0.49482758620689654,0.5116666666666667,0.9307860000990331,30,False,1706.0
3,paper_pa,paper_pa_4,4,20,3865606449,1467285023,"[32, 42, 171, 245, 247, 297, 313, 340, 381, 385, 386, 431, 473, 487, 491, 500, 522, 525, 555, 574]","[370, 484, 268, 447, 392, 1, 26, 59, 459, 544, 436, 256, 150, 86, 594, 97, 65, 546, 476, 552]",600,20,0.62,,,,,,,0.0,1.0,0.005,,,4.965,0.8810727141033194,1.0,0.13333333333333333,4.45,0.001542831988449606,0.002450321119264346,0.1396551724137931,0.013793103448275862,0.0,0.0,2.2896551724137932,4.0,0.0,0.1310344827586207,6.313793103448276,0.13195754075160737,0.7407241974867489,0.005722639933166248,3.9157894736842107,0.9052056914117322,0.056896551724137934,0.2482758620689655,0.2733333333333333,0.9583850831259042,30,False,1532.0
3,paper_pa,paper_pa_4,4,21,3865606449,262783990,"[39, 63, 102, 111, 126, 188, 195, 267, 273, 317, 329, 334, 361, 387, 438, 453, 520, 539, 565, 578]","[366, 76, 437, 40, 435, 488, 457, 146, 514, 15, 106, 132, 115, 107, 34, 399, 174, 122, 569, 362]",600,20,0.62,,,,,,,0.0,1.0,0.005,,,4.965,0.8810727141033194,1.0,0.13333333333333333,5.4,0.0017952227046849263,0.006710096664168179,0.15172413793103448,0.017241379310344827,0.0017241379310344827,0.0,2.2155172413793105,4.0,0.0,0.21551724137931033,7.9,0.13948131749855605,0.7204573878863677,0.014872466714571977,3.4263157894736844,0.822935156687,0.05517241379310345,0.35172413793103446,0.37333333333333335,0.9206159999594092,30,False,1620.0
3,paper_pa,paper_pa_4,4,22,3865606449,2805125679,"[2, 54, 56, 195, 235, 258, 268, 271, 280, 291, 298, 345, 361, 381, 401, 402, 441, 499, 534, 593]","[528, 328, 173, 457, 509, 13, 475, 504, 550, 533, 534, 102, 115, 459, 524, 430, 574, 469, 48, 108]",600,20,0.62,,,,,,,0.0,1.0,0.005,,,4.965,0.8810727141033194,1.0,0.13333333333333333,3.95,0.001386840674077098,0.00241771534985869,0.12413793103448276,0.008620689655172414,0.0034482758620689655,0.0,2.260344827586207,4.0,0.0,0.18620689655172415,6.187931034482759,0.1194588381189956,0.7674944910964207,0.005655674734622103,3.942105263157895,0.7575295129618475,0.06206896551724138,0.5086206896551724,0.525,0.9396561670582741,30,False,1746.0
3,paper_pa,paper_pa_4,4,23,3865606449,3405628182,"[5, 42, 68, 87, 88, 98, 133, 155, 265, 268, 300, 362, 371, 375, 391, 460, 472, 505, 510, 574]","[496, 484, 43, 535, 487, 180, 45, 252, 50, 475, 196, 419, 360, 105, 309, 276, 52, 548, 346, 552]",600,20,0.62,,,,,,,0.0,1.0,0.005,,,4.965,0.8810727141033194,1.0,0.13333333333333333,5.2,0.0017269320350429996,0.0033291949702102933,0.15517241379310345,0.017241379310344827,0.0,0.0,2.174137931034483,4.0,0.0,0.16206896551724137,7.3310344827586205,0.14509020706782816,0.7144243940206063,0.0056955471429155635,3.6578947368421053,0.7803187922519925,0.05344827586206897,0.45,0.4683333333333333,0.9380779589992017,30,False,1668.0
3,paper_pa,paper_pa_4,4,24,3865606449,3969584410,"[129, 144, 252, 296, 305, 308, 342, 357, 429, 431, 448, 513, 515, 540, 541, 551, 556, 565, 579, 588]","[246, 19, 460, 351, 264, 455, 398, 240, 209, 256, 508, 521, 202, 325, 169, 265, 114, 569, 229, 237]",600,20,0.62,,,,,,,0.0,1.0,0.005,,,4.965,0.8810727141033194,1.0,0.13333333333333333,3.6,0.001283339386904291,0.00165186261906789,0.10344827586206896,0.008620689655172414,0.0017241379310344827,0.0,2.343103448275862,4.0,0.0,0.11206896551724138,5.694827586206896,0.10042597028869489,0.8041033887201477,0.0053341687552213865,4.052631578947368,0.7902323348244237,0.056896551724137934,0.3275862068965517,0.35,0.9721254578325897,30,False,1562.0
3,paper_pa,paper_pa_4,4,25,3865606449,3307827394,"[0, 74, 93, 113, 156, 268, 283, 293, 297, 319, 393, 408, 432, 459, 497, 509, 554, 560, 577, 598]","[162, 416, 598, 203, 441, 475, 140, 224, 1, 79, 410, 128, 214, 454, 12, 568, 424, 512, 369, 306]",600,20,0.62,,,,,,,0.0,1.0,0.005,,,4.965,0.8810727141033194,1.0,0.13333333333333333,4.5,0.0015345317470083285,0.0025003276934921367,0.1396551724137931,0.01206896551724138,0.0034482758620689655,0.0,2.2413793103448274,4.0,0.0,0.25689655172413794,7.477586206896552,0.13156315147480896,0.7407480197724972,0.007581643502696135,3.663157894736842,0.8001458773968549,0.0603448275862069,0.3120689655172414,0.335,0.9149854579009116,30,False,1566.0
3,paper_pa,paper_pa_4,4,26,3865606449,2288126765,"[10, 62, 100, 124, 137, 179, 194, 201, 250, 278, 307, 347, 359, 361, 414, 415, 483, 522, 541, 544]","[294, 446, 412, 314, 141, 124, 245, 408, 185, 337, 480, 495, 536, 115, 110, 406, 359, 65, 169, 81]",600,20,0.62,,,,,,,0.0,1.0,0.005,,,4.965,0.8810727141033194,1.0,0.13333333333333333,5.25,0.0017528290419945608,0.006063254962939716,0.15,0.015517241379310345,0.0034482758620689655,0.0,2.18448275862069,4.0,0.0,0.2482758620689655,7.613793103448276,0.13850698588390997,0.7233458400333512,0.00800363325049654,3.5894736842105264,0.6634844396060381,0.05344827586206897,0.4103448275862069,0.43,0.9390192918945104,30,False,1650.0
3,paper_pa,paper_pa_4,4,27,3865606449,3104279716,"[57, 106, 112, 124, 125, 152, 171, 316, 347, 380, 382, 412, 414, 468, 469, 472, 494, 519, 530, 547]","[334, 100, 506, 314, 101, 285, 268, 414, 495, 20, 99, 94, 110, 377, 54, 52, 271, 326, 153, 221]",600,20,0.62,,,,,,,0.0,1.0,0.005,,,4.965,0.8810727141033194,1.0,0.13333333333333333,3.9,0.0013492142015421953,0.002117355836911178,0.11896551724137931,0.008620689655172414,0.0,0.0,2.246551724137931,4.0,0.0,0.12586206896551724,6.425862068965517,0.11471364615325494,0.7765767375379667,0.0039035087719298243,3.8842105263157896,0.6640339547001524,0.05517241379310345,0.296551724137931,0.32,0.9468933339230716,30,False,1590.0
3,paper_pa,paper_pa_4,4,28,3865606449,3556430435,"[7, 41, 117, 164, 217, 267, 281, 288, 300, 315, 316, 323, 346, 396, 402, 411, 432, 513, 588, 591]","[84, 69, 28, 71, 335, 146, 121, 296, 196, 449, 414, 219, 395, 286, 430, 531, 214, 521, 237, 192]",600,20,0.62,,,,,,,0.0,1.0,0.005,,,4.965,0.8810727141033194,1.0,0.13333333333333333,4.15,0.0014357414678555242,0.0030501256294219663,0.1310344827586207,0.006896551724137931,0.0034482758620689655,0.0,2.282758620689655,4.0,0.0,0.15344827586206897,6.5137931034482754,0.12296128725884549,0.7556250372223214,0.006204643309906468,3.968421052631579,0.8264108309005742,0.06896551724137931,0.9379310344827586,0.94,0.9454776670318097,30,False,2274.0
3,paper_pa,paper_pa_4,4,29,3865606449,3578681233,"[105, 195, 210, 220, 246, 267, 286, 304, 315, 322, 334, 357, 420, 428, 460, 504, 513, 538, 547, 582]","[176, 457, 330, 596, 561, 146, 33, 473, 449, 193, 132, 240, 589, 207, 276, 236, 521, 327, 221, 261]",600,20,0.62,,,,,,,0.0,1.0,0.005,,,4.965,0.8810727141033194,1.0,0.13333333333333333,4.35,0.0015006814055355745,0.0024700780419084083,0.13793103448275862,0.01206896551724138,0.0,0.0,2.222413793103448,4.0,0.0,0.1396551724137931,6.343103448275862,0.13139763856076223,0.7436126496337323,0.004440457203615099,3.8842105263157896,0.8789407379080129,0.05862068965517241,0.7189655172413794,0.7283333333333334,0.9419624160509557,30,False,1944.0
3,paper_pa,paper_pa_4,4,30,3865606449,3749283844,"[47, 76, 93, 102, 106, 129, 151, 221, 250, 275, 310, 349, 417, 426, 427, 445, 524, 561, 566, 580]","[304, 468, 598, 437, 100, 246, 477, 374, 185, 586, 307, 44, 507, 420, 445, 272, 302, 145, 183, 113]",600,20,0.62,,,,,,,0.0,1.0,0.005,,,4.965,0.8810727141033194,1.0,0.13333333333333333,5.05,0.0016895267972513255,0.003985374633916324,0.15,0.017241379310344827,0.0034482758620689655,0.0,2.196551724137931,4.0,0.0,0.2810344827586207,7.4879310344827585,0.14147453631816742,0.7230957060329939,0.007408863066757805,3.6210526315789475,0.8164972883281431,0.05862068965517241,0.22586206896551725,0.25166666666666665,0.9688989170826972,30,False,1480.0
3,paper_pa,paper_pa_4,4,31,3865606449,1860176584,"[30, 57, 62, 143, 198, 217, 220, 225, 377, 394, 460, 476, 494, 503, 508, 550, 555, 561, 574, 597]","[0, 334, 446, 390, 63, 335, 596, 347, 329, 62, 276, 111, 271, 90, 428, 438, 476, 145, 552, 498]",600,20,0.62,,,,,,,0.0,1.0,0.005,,,4.965,0.8810727141033194,1.0,0.13333333333333333,4.85,0.0016357718381531886,0.003871757668816145,0.14310344827586208,0.01206896551724138,0.0034482758620689655,0.0,2.193103448275862,4.0,0.0,0.21551724137931033,7.144827586206897,0.13358824560734472,0.7349056041927223,0.008282886703939335,3.663157894736842,0.7690937687150299,0.056896551724137934,0.2603448275862069,0.285,0.9297778750769794,30,False,1552.0
3,paper_pa,paper_pa_4,4,32,3865606449,1797714140,"[5, 116, 130, 145, 168, 171, 233, 248, 300, 369, 401, 402, 410, 413, 429, 431, 458, 480, 506, 573]","[496, 464, 269, 340, 195, 268, 400, 292, 196, 131, 524, 430, 96, 283, 209, 256, 61, 239, 310, 151]",600,20,0.62,,,,,,,0.0,1.0,0.005,,,4.965,0.8810727141033194,1.0,0.13333333333333333,4.65,0.001568171275429108,0.0040493225455036285,0.1413793103448276,0.010344827586206896,0.0017241379310344827,0.0,2.2017241379310346,4.0,0.0,0.20689655172413793,6.9431034482758625,0.1315578815307752,0.7378536120540766,0.0044072301967038804,3.8263157894736843,0.8264108309005743,0.06724137931034482,0.6827586206896552,0.6933333333333334,0.9236547499895096,30,False,1914.0
3,paper_pa,paper_pa_4,4,33,3865606449,1586637582,"[5, 49, 50, 112, 165, 175, 188, 212, 261, 274, 307, 312, 332, 359, 402, 404, 430, 469, 505, 594]","[496, 505, 83, 506, 39, 481, 488, 127, 465, 367, 480, 551, 556, 536, 430, 503, 590, 54, 548, 91]",600,20,0.62,,,,,,,0.0,1.0,0.005,,,4.965,0.8810727141033194,1.0,0.13333333333333333,5.35,0.0017639284031314717,0.0035373831929488633,0.16206896551724137,0.01896551724137931,0.0034482758620689655,0.0,2.1310344827586207,4.0,0.0,0.2206896551724138,7.525862068965517,0.1505750520282288,0.7028884521469835,0.006986312620987543,3.6578947368421053,0.8987678230528753,0.07931034482758621,0.9517241379310345,0.9533333333333334,0.8961593750864267,30,False,2276.0
3,paper_pa,paper_pa_4,4,34,3865606449,1085023308,"[15, 23, 50, 91, 137, 160, 163, 211, 265, 278, 286, 304, 306, 315, 359, 371, 388, 398, 466, 529]","[404, 210, 83, 386, 141, 213, 592, 497, 50, 337, 33, 473, 316, 449, 536, 360, 553, 223, 3, 357]",600,20,0.62,,,,,,,0.0,1.0,0.005,,,4.965,0.8810727141033194,1.0,0.13333333333333333,4.95,0.0016891533227307483,0.0031832997267132257,0.15689655172413794,0.010344827586206896,0.0017241379310344827,0.0,2.2293103448275864,4.0,0.0,0.16034482758620688,6.893103448275862,0.1439155889810673,0.7116133643023048,0.007591253775464301,3.8421052631578947,0.7738809238931357,0.06896551724137931,0.9637931034482758,0.965,0.9031827498693019,30,False,2276.0
3,paper_pa,paper_pa_4,4,35,3865606449,3234068865,"[45, 59, 145, 190, 285, 300, 315, 328, 335, 339, 363, 394, 410, 441, 451, 489, 544, 545, 555, 557]","[541, 53, 340, 393, 194, 196, 449, 318, 471, 492, 154, 62, 96, 574, 217, 315, 81, 597, 476, 27]",600,20,0.62,,,,,,,0.0,1.0,0.005,,,4.965,0.8810727141033194,1.0,0.13333333333333333,4.1,0.0014180189839432301,0.002312629459818117,0.1206896551724138,0.010344827586206896,0.0017241379310344827,0.0,2.2844827586206895,4.0,0.0,0.20344827586206896,6.755172413793104,0.11679718492824523,0.7735274849621822,0.008738892686261107,3.8157894736842106,0.7790073112874611,0.04310344827586207,0.15689655172413794,0.185,0.9557174169458449,30,False,1452.0
3,paper_pa,paper_pa_4,4,36,3865606449,2375396435,"[20, 80, 211, 219, 224, 237, 248, 262, 290, 293, 305, 324, 354, 388, 478, 482, 526, 527, 561, 598]","[46, 418, 497, 135, 501, 232, 292, 432, 42, 224, 264, 32, 216, 553, 109, 343, 147, 463, 145, 306]",600,20,0.62,,,,,,,0.0,1.0,0.005,,,4.965,0.8810727141033194,1.0,0.13333333333333333,4.25,0.0014663441300069176,0.002990488231647749,0.11896551724137931,0.010344827586206896,0.0034482758620689655,0.0,2.293103448275862,4.0,0.0,0.20172413793103447,6.343103448275862,0.11365220440923081,0.7766243821094634,0.009275271512113617,3.836842105263158,0.7527423577837418,0.06206896551724138,0.5,0.5166666666666667,0.9467535419389606,30,False,1756.0
3,paper_pa,paper_pa_4,4,37,3865606449,742067341,"[15, 25, 77, 96, 186, 191, 217, 254, 255, 279, 332, 338, 340, 406, 441, 442, 446, 489, 539, 572]","[404, 584, 575, 243, 573, 375, 335, 439, 57, 389, 556, 452, 59, 93, 574, 287, 41, 315, 122, 342]",600,20,0.62,,,,,,,0.0,1.0,0.005,,,4.965,0.8810727141033194,1.0,0.13333333333333333,3.5,0.001275018136914733,0.0017193240326234735,0.1103448275862069,0.006896551724137931,0.0034482758620689655,0.0,2.393103448275862,4.0,0.0,0.08620689655172414,5.298275862068966,0.10797666615762166,0.7917277112738967,0.006418128654970761,4.010526315789473,0.8363243734730054,0.05517241379310345,0.22758620689655173,0.25333333333333335,0.9304242921061814,30,False,1484.0
3,paper_pa,paper_pa_4,4,38,3865606449,3065887645,"[3, 11, 36, 102, 121, 201, 216, 242, 246, 296, 306, 312, 347, 413, 475, 504, 519, 524, 574, 582]","[22, 387, 529, 437, 142, 408, 444, 588, 561, 351, 316, 551, 495, 283, 289, 236, 326, 302, 552, 261]",600,20,0.62,,,,,,,0.0,1.0,0.005,,,4.965,0.8810727141033194,1.0,0.13333333333333333,7.7,0.0024677108617262846,0.017586248420708134,0.21724137931034482,0.029310344827586206,0.0017241379310344827,0.0,2.0206896551724136,4.0,0.0,0.3137931034482759,8.6,0.17339162162143282,0.6204633434578047,0.006353186287396813,3.363157894736842,0.7264774042800224,0.05344827586206897,0.4103448275862069,0.43,0.918167042080313,30,False,1660.0
3,paper_pa,paper_pa_4,4,39,3865606449,187501846,"[9, 32, 36, 63, 76, 85, 120, 200, 236, 249, 266, 278, 303, 343, 390, 398, 458, 521, 535, 586]","[73, 370, 529, 76, 468, 542, 557, 29, 341, 116, 253, 337, 284, 388, 68, 223, 61, 74, 429, 8]",600,20,0.62,,,,,,,0.0,1.0,0.005,,,4.965,0.8810727141033194,1.0,0.13333333333333333,5.45,0.0018249204551577462,0.008276282953798245,0.16379310344827586,0.013793103448275862,0.005172413793103448,0.0,2.1758620689655173,4.0,0.0,0.2827586206896552,7.546551724137931,0.14865256810743474,0.7002203561431719,0.006757199402628766,3.778947368421053,0.8264108309005742,0.034482758620689655,0.19655172413793104,0.22333333333333333,0.9181844170670956,30,False,1504.0
3,paper_pa,paper_pa_4,4,40,3865606449,4078307540,"[39, 55, 99, 106, 164, 179, 217, 262, 273, 310, 346, 348, 358, 403, 411, 445, 446, 489, 581, 596]","[366, 82, 348, 100, 71, 124, 335, 432, 514, 307, 395, 440, 9, 117, 531, 272, 41, 315, 382, 520]",600,20,0.62,,,,,,,0.0,1.0,0.005,,,4.965,0.8810727141033194,1.0,0.13333333333333333,4.85,0.001652968133403984,0.0034043894677475138,0.15517241379310345,0.01206896551724138,0.0,0.0,2.206896551724138,4.0,0.0,0.07758620689655173,5.7637931034482754,0.1430534144146518,0.7145911500208445,0.003991228070175439,3.9894736842105263,0.8690271953355817,0.0706896551724138,0.43103448275862066,0.45,0.9253248330205679,30,False,1680.0
3,paper_pa,paper_pa_4,4,41,3865606449,188867953,"[3, 8, 48, 61, 63, 87, 94, 126, 141, 190, 258, 283, 295, 302, 360, 362, 399, 438, 560, 594]","[22, 263, 555, 199, 76, 535, 7, 435, 526, 393, 13, 140, 562, 64, 181, 419, 163, 34, 512, 91]",600,20,0.62,,,,,,,0.0,1.0,0.005,,,4.965,0.8810727141033194,1.0,0.13333333333333333,5.65,0.0018794415225900658,0.009680184977832991,0.15862068965517243,0.01896551724137931,0.0034482758620689655,0.0,2.1948275862068964,4.0,0.0,0.28448275862068967,9.36896551724138,0.1416491184813066,0.7092549580132214,0.025500979852534217,3.3263157894736843,0.8526757844042937,0.06379310344827586,0.30517241379310345,0.3283333333333333,0.9079304160550237,29,True,1584.0
3,paper_pa,paper_pa_4,4,42,3865606449,413758472,"[1, 2, 5, 13, 61, 91, 112, 147, 247, 284, 313, 336, 337, 338, 346, 379, 391, 468, 494, 509]","[547, 528, 496, 134, 199, 386, 506, 365, 392, 530, 26, 186, 280, 452, 395, 361, 309, 377, 271, 568]",600,20,0.62,,,,,,,0.0,1.0,0.005,,,4.965,0.8810727141033194,1.0,0.13333333333333333,7.85,0.0025014922286537597,0.0175372408201701,0.2120689655172414,0.03793103448275862,0.006896551724137931,0.0,1.9948275862068965,4.0,0.0,0.3586206896551724,7.937931034482759,0.17299505177028196,0.6281817640402597,0.008393093105611045,3.4263157894736844,0.8001458773968549,0.06724137931034482,0.503448275862069,0.52,0.9136718751396984,30,False,1718.0
3,paper_pa,paper_pa_4,4,43,3865606449,3174362122,"[9, 13, 15, 27, 54, 61, 120, 126, 131, 216, 252, 261, 350, 407, 410, 434, 470, 481, 508, 559]","[73, 134, 404, 191, 328, 199, 557, 435, 354, 444, 460, 465, 70, 66, 96, 6, 450, 31, 428, 92]",600,20,0.62,,,,,,,0.0,1.0,0.005,,,4.965,0.8810727141033194,1.0,0.13333333333333333,5.95,0.0019360831253970889,0.00571588637714575,0.16724137931034483,0.02413793103448276,0.0034482758620689655,0.0,2.1379310344827585,4.0,0.0,0.30344827586206896,8.948275862068966,0.15696602185916458,0.6942171401345959,0.013043805609595083,3.3947368421052633,0.7837944664655668,0.06379310344827586,0.7206896551724138,0.73,0.9135383749380708,30,False,1978.0
3,paper_pa,paper_pa_4,4,44,3865606449,272817202,"[2, 6, 11, 33, 37, 69, 77, 160, 223, 265, 266, 310, 319, 331, 384, 393, 425, 472, 486, 588]","[528, 120, 387, 442, 10, 516, 575, 213, 380, 50, 253, 307, 79, 189, 385, 410, 331, 52, 433, 237]",600,20,0.62,,,,,,,0.0,1.0,0.005,,,4.965,0.8810727141033194,1.0,0.13333333333333333,8.75,0.0028069141928071697,0.016564535265356353,0.2655172413793103,0.02586206896551724,0.0017241379310344827,0.0,1.9172413793103449,4.0,0.0,0.2810344827586207,8.14655172413793,0.19858285826207625,0.5502709785003871,0.006210678853161017,3.5210526315789474,0.8462379160454366,0.0603448275862069,0.3310344827586207,0.35333333333333333,0.9454992499668151,30,False,1596.0
3,paper_pa,paper_pa_4,4,45,3865606449,4219854713,"[11, 25, 59, 66, 99, 146, 165, 172, 195, 254, 260, 264, 316, 326, 368, 379, 448, 532, 533, 546]","[387, 584, 53, 18, 348, 258, 39, 228, 457, 439, 98, 474, 414, 25, 502, 361, 508, 244, 155, 201]",600,20,0.62,,,,,,,0.0,1.0,0.005,,,4.965,0.8810727141033194,1.0,0.13333333333333333,7.3,0.002351634698639758,0.015486236630890955,0.21551724137931033,0.022413793103448276,0.0,0.0,2.0155172413793103,4.0,0.0,0.2206896551724138,7.348275862068966,0.16546783072804513,0.624757310463939,0.0051048374387320135,3.663157894736842,0.841450760867331,0.06896551724137931,0.9534482758620689,0.955,0.9181239160243422,30,False,2276.0
3,paper_pa,paper_pa_4,4,46,3865606449,4197193657,"[15, 75, 106, 116, 118, 153, 203, 211, 240, 276, 325, 338, 340, 342, 359, 404, 423, 433, 464, 487]","[404, 565, 100, 464, 518, 489, 158, 497, 549, 336, 595, 452, 59, 398, 536, 503, 80, 212, 443, 86]",600,20,0.62,,,,,,,0.0,1.0,0.005,,,4.965,0.8810727141033194,1.0,0.13333333333333333,4.9,0.0016793939009022425,0.0033993892991585365,0.15,0.01206896551724138,0.0,0.0,2.182758620689655,4.0,0.0,0.14655172413793102,6.305172413793104,0.1386142918207528,0.7232148174617354,0.0035462344672870984,3.963157894736842,0.8264108309005742,0.07413793103448275,0.9431034482758621,0.945,0.9155209581367671,30,False,2274.0
3,paper_pa,paper_pa_4,4,47,3865606449,1671744369,"[55, 57, 64, 84, 98, 106, 133, 157, 184, 237, 277, 322, 338, 383, 439, 448, 474, 557, 594, 599]","[82, 334, 21, 572, 180, 100, 45, 434, 461, 232, 376, 193, 452, 274, 301, 508, 527, 27, 91, 305]",600,20,0.62,,,,,,,0.0,1.0,0.005,,,4.965,0.8810727141033194,1.0,0.13333333333333333,5.55,0.0018478648285251958,0.004114305747609773,0.17586206896551723,0.01206896551724138,0.0017241379310344827,0.0,2.1086206896551722,4.0,0.0,0.21379310344827587,7.3068965517241375,0.15841485926071594,0.6802870585432672,0.004742197087398326,3.7263157894736842,0.810059419969286,0.05344827586206897,0.4068965517241379,0.4266666666666667,0.9580214591696858,30,False,1652.0
3,paper_pa,paper_pa_4,4,48,3865606449,999154998,"[27, 141, 153, 162, 174, 186, 215, 229, 260, 283, 352, 372, 379, 385, 396, 434, 478, 528, 529, 581]","[191, 526, 489, 249, 591, 573, 161, 517, 98, 140, 313, 317, 361, 544, 286, 6, 109, 478, 357, 382]",600,20,0.62,,,,,,,0.0,1.0,0.005,,,4.965,0.8810727141033194,1.0,0.13333333333333333,4.4,0.0014948028574503856,0.003148025776170936,0.13275862068965516,0.01206896551724138,0.0034482758620689655,0.0,2.2482758620689656,4.0,0.0,0.25862068965517243,7.243103448275862,0.12520162155078143,0.7526532070752189,0.008433963697121592,3.7421052631578946,0.8164972883281431,0.039655172413793106,0.15862068965517243,0.18666666666666668,0.9411017089150846,30,False,1450.0
3,paper_pa,paper_pa_4,4,49,3865606449,920491257,"[7, 28, 32, 35, 49, 61, 70, 148, 154, 171, 233, 286, 300, 313, 334, 374, 465, 494, 501, 561]","[84, 77, 370, 208, 505, 199, 177, 538, 593, 268, 400, 33, 196, 26, 132, 2, 350, 271, 483, 145]",600,20,0.62,,,,,,,0.0,1.0,0.005,,,4.965,0.8810727141033194,1.0,0.13333333333333333,6.05,0.0020069288077063773,0.005892760366697914,0.16379310344827586,0.02413793103448276,0.005172413793103448,0.0,2.160344827586207,4.0,0.0,0.2413793103448276,8.556896551724138,0.15256866209986594,0.7001072002858675,0.012879480860782798,3.3210526315789473,0.6950860633819774,0.0706896551724138,0.49482758620689654,0.5116666666666667,0.9242829580325633,30,False,1774.0
3,paper_pa,paper_pa_5,5,0,1554470056,1159797655,"[17, 23, 39, 57, 81, 84, 97, 129, 167, 183, 185, 233, 259, 286, 296, 356, 367, 408, 428, 455]","[3, 358, 514, 432, 168, 12, 205, 400, 461, 389, 71, 24, 445, 130, 40, 109, 258, 27, 335, 455]",600,20,0.62,,,,,,,0.0,1.0,0.005,,,4.966666666666667,0.8201521355972089,1.0,0.14333333333333334,6.4,0.0020384649669042175,0.005354758135930391,0.18620689655172415,0.027586206896551724,0.0,0.0,2.067241379310345,4.0,0.0,0.21379310344827587,8.039655172413793,0.17148867690549227,0.6632958132332797,0.006823989563927645,3.5105263157894737,0.9334656482453696,0.07758620689655173,0.9655172413793104,0.9666666666666667,0.8885249169543386,30,False,2294.0
3,paper_pa,paper_pa_5,5,1,1554470056,558432482,"[36, 39, 46, 55, 86, 95, 100, 170, 217, 232, 247, 248, 252, 329, 358, 385, 444, 460, 498, 510]","[379, 514, 206, 56, 161, 570, 81, 189, 409, 157, 403, 373, 36, 214, 139, 553, 274, 138, 145, 534]",600,20,0.62,,,,,,,0.0,1.0,0.005,,,4.966666666666667,0.8201521355972089,1.0,0.14333333333333334,4.75,0.0015641468778606299,0.00262117781743179,0.14655172413793102,0.01206896551724138,0.0017241379310344827,0.0,2.174137931034483,4.0,0.0,0.13620689655172413,6.403448275862069,0.13634315301267025,0.7290214996128879,0.004735666380403223,3.8473684210526318,0.8113599428104827,0.06206896551724138,0.9706896551724138,0.9716666666666667,0.908249625004828,30,False,2294.0
3,paper_pa,paper_pa_5,5,2,1554470056,3162953396,"[19, 43, 79, 104, 242, 253, 255, 301, 399, 401, 402, 432, 443, 464, 471, 488, 496, 502, 536, 537]","[85, 87, 105, 270, 80, 382, 217, 283, 556, 440, 425, 322, 495, 50, 104, 331, 334, 91, 47, 291]",600,20,0.62,,,,,,,0.0,1.0,0.005,,,4.966666666666667,0.8201521355972089,1.0,0.14333333333333334,4.7,0.0015714878186766808,0.003837533705583966,0.13448275862068965,0.015517241379310345,0.0017241379310344827,0.0,2.2379310344827585,4.0,0.0,0.19655172413793104,7.267241379310345,0.12945401830864414,0.7495384432136264,0.011573061441482495,3.6210526315789475,0.8218884699849176,0.08275862068965517,0.906896551724138,0.91,0.9232628748286515,30,False,2182.0
3,paper_pa,paper_pa_5,5,3,1554470056,80800585,"[1, 10, 51, 76, 84, 130, 241, 274, 277, 294, 327, 342, 402, 451, 483, 553, 560, 565, 577, 595]","[520, 203, 557, 132, 12, 402, 467, 508, 169, 324, 140, 574, 425, 28, 422, 591, 251, 135, 537, 267]",600,20,0.62,,,,,,,0.0,1.0,0.005,,,4.966666666666667,0.8201521355972089,1.0,0.14333333333333334,6.5,0.002085162244418987,0.010212449841995963,0.19310344827586207,0.020689655172413793,0.005172413793103448,0.0,2.0827586206896553,4.0,0.0,0.27413793103448275,7.636206896551724,0.16559347698315857,0.6537847656482639,0.00996924857981734,3.6210526315789475,0.8845142993313864,0.06724137931034482,0.9689655172413794,0.97,0.8996854578144848,30,False,2290.0
3,paper_pa,paper_pa_5,5,4,1554470056,509173964,"[56, 84, 147, 148, 163, 174, 189, 201, 279, 312, 331, 376, 426, 472, 478, 481, 492, 516, 517, 544]","[535, 12, 143, 46, 59, 227, 316, 301, 215, 465, 196, 356, 31, 166, 592, 193, 10, 94, 327, 88]",600,20,0.62,,,,,,,0.0,1.0,0.005,,,4.966666666666667,0.8201521355972089,1.0,0.14333333333333334,4.55,0.0015147032354813712,0.0028042168905546153,0.14482758620689656,0.01206896551724138,0.0,0.0,2.2,4.0,0.0,0.10344827586206896,6.160344827586207,0.13462641592544955,0.7319992853314276,0.004222926196610408,3.9105263157894736,0.8987341134640138,0.06896551724137931,0.9758620689655172,0.9766666666666667,0.8857861668802798,30,False,2294.0
3,paper_pa,paper_pa_5,5,5,1554470056,1384712651,"[79, 85, 123, 153, 161, 174, 200, 227, 228, 285, 342, 386, 420, 463, 493, 509, 530, 539, 556, 581]","[105, 472, 238, 481, 569, 227, 410, 549, 433, 204, 574, 326, 298, 183, 367, 598, 392, 252, 121, 386]",600,20,0.62,,,,,,,0.0,1.0,0.005,,,4.966666666666667,0.8201521355972089,1.0,0.14333333333333334,4.1,0.0013973873026440346,0.002567390285452687,0.13448275862068965,0.006896551724137931,0.0,0.0,2.213793103448276,4.0,0.0,0.12241379310344827,6.143103448275862,0.12617325352541198,0.7496158656423084,0.002485380116959064,3.889473684210526,0.8671485319407085,0.06206896551724138,0.9137931034482759,0.9166666666666666,0.9177781669422984,30,False,2214.0
3,paper_pa,paper_pa_5,5,6,1554470056,1946806588,"[25, 53, 77, 111, 136, 186, 197, 217, 311, 337, 379, 381, 415, 416, 423, 437, 438, 454, 562, 585]","[528, 399, 228, 167, 129, 246, 8, 409, 346, 99, 540, 184, 305, 578, 554, 136, 243, 463, 93, 454]",600,20,0.62,,,,,,,0.0,1.0,0.005,,,4.966666666666667,0.8201521355972089,1.0,0.14333333333333334,4.8,0.0015951317963403295,0.002591288459561533,0.15517241379310345,0.005172413793103448,0.0017241379310344827,0.0,2.2,4.0,0.0,0.1413793103448276,6.86551724137931,0.14038760126053834,0.7145613721636591,0.0035357916936864303,3.778947368421053,0.8603112917244656,0.05,0.32068965517241377,0.3433333333333333,0.9413236249238253,30,False,1572.0
3,paper_pa,paper_pa_5,5,7,1554470056,4071549469,"[3, 50, 57, 125, 181, 183, 219, 331, 381, 385, 410, 438, 455, 461, 524, 526, 555, 567, 579, 587]","[66, 299, 432, 237, 116, 389, 230, 196, 184, 553, 438, 243, 455, 62, 374, 216, 235, 391, 519, 473]",600,20,0.62,,,,,,,0.0,1.0,0.005,,,4.966666666666667,0.8201521355972089,1.0,0.14333333333333334,4.9,0.0016301850149860475,0.0043624274054863054,0.15344827586206897,0.010344827586206896,0.0017241379310344827,0.0,2.1551724137931036,4.0,0.0,0.21724137931034482,6.939655172413793,0.14038505969491463,0.717479602167828,0.004779847345636819,3.731578947368421,0.8392542373755957,0.05172413793103448,0.30689655172413793,0.33,0.9551032921299338,30,False,1562.0
3,paper_pa,paper_pa_5,5,8,1554470056,2021919780,"[3, 27, 32, 177, 195, 205, 228, 251, 258, 259, 268, 290, 322, 333, 347, 360, 439, 449, 503, 563]","[66, 239, 197, 544, 482, 525, 433, 21, 375, 445, 590, 529, 573, 398, 339, 79, 294, 282, 530, 396]",600,20,0.62,,,,,,,0.0,1.0,0.005,,,4.966666666666667,0.8201521355972089,1.0,0.14333333333333334,5.65,0.0017899461604893735,0.005544567991045914,0.15517241379310345,0.029310344827586206,0.0034482758620689655,0.0,2.1448275862068966,4.0,0.0,0.2672413793103448,7.955172413793103,0.15017882780284675,0.7141980823059972,0.00836137761447359,3.568421052631579,0.8603112917244659,0.06896551724137931,0.9724137931034482,0.9733333333333334,0.8823566669598222,30,False,2294.0
3,paper_pa,paper_pa_5,5,9,1554470056,2913505330,"[32, 91, 139, 166, 172, 222, 230, 288, 352, 357, 359, 389, 395, 396, 427, 432, 438, 441, 451, 489]","[197, 369, 35, 332, 551, 595, 306, 318, 69, 507, 257, 195, 192, 387, 154, 322, 243, 4, 28, 452]",600,20,0.62,,,,,,,0.0,1.0,0.005,,,4.966666666666667,0.8201521355972089,1.0,0.14333333333333334,4.4,0.0014917731592692333,0.002676433119047225,0.13793103448275862,0.010344827586206896,0.0,0.0,2.1758620689655173,4.0,0.0,0.10689655172413794,5.863793103448276,0.12980054261091628,0.7437019832052886,0.003970532391585023,4.010526315789473,0.8950428265058215,0.05862068965517241,0.3586206896551724,0.38,0.9369256249628961,30,False,1632.0
3,paper_pa,paper_pa_5,5,10,1554470056,1572506933,"[0, 29, 80, 129, 141, 158, 162, 238, 260, 265, 329, 339, 367, 390, 406, 518, 530, 532, 534, 591]","[219, 458, 33, 400, 589, 546, 429, 560, 442, 41, 214, 563, 258, 371, 286, 498, 392, 102, 588, 496]",600,20,0.62,,,,,,,0.0,1.0,0.005,,,4.966666666666667,0.8201521355972089,1.0,0.14333333333333334,7.7,0.0024411812707907494,0.01949002488642227,0.23103448275862068,0.020689655172413793,0.0,0.0,2.0051724137931033,4.0,0.0,0.24482758620689654,6.746551724137931,0.1719038154962754,0.6028110297183015,0.0030439756138142568,3.836842105263158,0.8273328717810964,0.07758620689655173,0.9775862068965517,0.9783333333333334,0.9063902078196406,30,False,2294.0
3,paper_pa,paper_pa_5,5,11,1554470056,1535492302,"[27, 28, 31, 79, 104, 215, 234, 285, 298, 357, 362, 368, 412, 418, 443, 462, 489, 491, 519, 597]","[239, 236, 119, 105, 270, 198, 289, 204, 448, 507, 148, 406, 542, 559, 495, 152, 452, 32, 435, 460]",600,20,0.62,,,,,,,0.0,1.0,0.005,,,4.966666666666667,0.8201521355972089,1.0,0.14333333333333334,4.75,0.0015851776149658843,0.003503714414961472,0.13793103448275862,0.015517241379310345,0.0034482758620689655,0.0,2.2379310344827585,4.0,0.0,0.19827586206896552,6.870689655172414,0.1296465671043385,0.743815139062593,0.008680687963928962,3.863157894736842,0.8776770591151436,0.06379310344827586,0.656896551724138,0.6683333333333333,0.9393391669727862,30,False,1876.0
3,paper_pa,paper_pa_5,5,12,1554470056,3852002652,"[19, 32, 36, 57, 67, 141, 171, 273, 303, 310, 332, 371, 400, 407, 410, 416, 423, 428, 486, 518]","[85, 197, 379, 432, 287, 589, 247, 352, 76, 67, 325, 579, 488, 446, 438, 578, 554, 335, 515, 498]",600,20,0.62,,,,,,,0.0,1.0,0.005,,,4.966666666666667,0.8201521355972089,1.0,0.14333333333333334,4.6,0.0015376969536640387,0.003811720607344529,0.13793103448275862,0.013793103448275862,0.0034482758620689655,0.0,2.2379310344827585,4.0,0.0,0.20517241379310344,7.0568965517241375,0.13058094681544347,0.7437079387767256,0.012312599681020733,3.6526315789473682,0.8497827645500308,0.06724137931034482,0.28793103448275864,0.31166666666666665,0.9332309579476714,30,False,1570.0
3,paper_pa,paper_pa_5,5,13,1554470056,2993037313,"[44, 52, 56, 109, 119, 185, 199, 202, 216, 316, 328, 368, 417, 425, 432, 443, 474, 528, 580, 595]","[224, 451, 535, 344, 194, 71, 16, 550, 188, 15, 117, 406, 126, 457, 322, 495, 284, 368, 333, 267]",600,20,0.62,,,,,,,0.0,1.0,0.005,,,4.966666666666667,0.8201521355972089,1.0,0.14333333333333334,4.5,0.0015194883103408412,0.003265199563687156,0.12413793103448276,0.022413793103448276,0.0017241379310344827,0.0,2.2913793103448277,4.0,0.0,0.2189655172413793,6.5327586206896555,0.1241845365327831,0.7673456018104937,0.00801124314282209,3.863157894736842,0.8671485319407085,0.07413793103448275,0.6637931034482759,0.675,0.9315560830291361,30,False,1864.0
3,paper_pa,paper_pa_5,5,14,1554470056,1676879992,"[49, 64, 91, 101, 127, 135, 204, 210, 275, 392, 398, 406, 437, 464, 474, 505, 560, 566, 568, 571]","[11, 471, 369, 506, 179, 437, 245, 165, 548, 220, 133, 286, 136, 50, 284, 443, 251, 225, 297, 494]",600,20,0.62,,,,,,,0.0,1.0,0.005,,,4.966666666666667,0.8201521355972089,1.0,0.14333333333333334,5.2,0.0017342818315129714,0.004097142204672879,0.15862068965517243,0.006896551724137931,0.0017241379310344827,0.0,2.196551724137931,4.0,0.0,0.1896551724137931,7.536206896551724,0.14365625736620277,0.7088202012983146,0.005480367585630744,3.5789473684210527,0.815051229768675,0.06206896551724138,0.9396551724137931,0.9416666666666667,0.9463559170253575,30,False,2244.0
3,paper_pa,paper_pa_5,5,15,1554470056,1687374963,"[10, 12, 55, 60, 74, 76, 104, 147, 164, 177, 218, 287, 304, 308, 310, 343, 393, 432, 448, 560]","[203, 2, 56, 200, 96, 132, 270, 143, 89, 544, 23, 288, 128, 571, 67, 164, 277, 322, 307, 251]",600,20,0.62,,,,,,,0.0,1.0,0.005,,,4.966666666666667,0.8201521355972089,1.0,0.14333333333333334,5.8,0.0019122968860444585,0.007006041960334541,0.17586206896551723,0.01206896551724138,0.0017241379310344827,0.0,2.081034482758621,4.0,0.0,0.13275862068965516,6.387931034482759,0.15221116157053796,0.6812101721160145,0.0032475157429785384,3.863157894736842,0.8950428265058215,0.07586206896551724,0.9603448275862069,0.9616666666666667,0.9059510829392821,30,False,2294.0
3,paper_pa,paper_pa_5,5,16,1554470056,4178823340,"[9, 26, 32, 45, 88, 98, 204, 220, 270, 304, 321, 334, 363, 373, 429, 450, 464, 467, 511, 530]","[397, 265, 197, 155, 469, 182, 245, 259, 64, 128, 351, 262, 319, 342, 141, 185, 50, 532, 260, 392]",600,20,0.62,,,,,,,0.0,1.0,0.005,,,4.966666666666667,0.8201521355972089,1.0,0.14333333333333334,6.65,0.002161849482918111,0.009379857349691687,0.18620689655172415,0.020689655172413793,0.0017241379310344827,0.0,2.0775862068965516,4.0,0.0,0.2189655172413793,7.1,0.15880938359661045,0.6654457745220654,0.00529753713105168,3.610526315789474,0.8113599428104827,0.06379310344827586,0.4827586206896552,0.5,0.9551980840042233,30,False,1748.0
3,paper_pa,paper_pa_5,5,17,1554470056,3499847445,"[14, 19, 39, 42, 95, 112, 126, 148, 161, 201, 206, 240, 268, 277, 368, 431, 473, 479, 560, 597]","[103, 85, 514, 223, 570, 362, 278, 46, 569, 301, 350, 313, 590, 169, 406, 436, 186, 37, 251, 460]",600,20,0.62,,,,,,,0.0,1.0,0.005,,,4.966666666666667,0.8201521355972089,1.0,0.14333333333333334,5.0,0.001649517400597027,0.0036035202840126166,0.15344827586206897,0.013793103448275862,0.0017241379310344827,0.0,2.182758620689655,4.0,0.0,0.21551724137931033,7.112068965517241,0.14077589520786774,0.7174974688821393,0.0047089314194577354,3.7526315789473683,0.8497827645500305,0.06379310344827586,0.5327586206896552,0.5483333333333333,0.9548257498536259,30,False,1794.0
3,paper_pa,paper_pa_5,5,18,1554470056,529226347,"[14, 68, 102, 108, 114, 117, 189, 192, 193, 205, 211, 262, 324, 374, 414, 416, 511, 516, 537, 576]","[103, 492, 380, 53, 43, 586, 316, 582, 501, 525, 296, 175, 328, 518, 264, 578, 260, 94, 291, 73]",600,20,0.62,,,,,,,0.0,1.0,0.005,,,4.966666666666667,0.8201521355972089,1.0,0.14333333333333334,4.15,0.0014106356945860269,0.0026051990538654116,0.11551724137931034,0.01206896551724138,0.0034482758620689655,0.0,2.2655172413793103,4.0,0.0,0.19827586206896552,6.529310344827586,0.1104550070400312,0.782818176404026,0.013828320802005013,3.9,0.8950428265058215,0.05,0.23793103448275862,0.2633333333333333,0.9366115001030266,30,False,1494.0
3,paper_pa,paper_pa_5,5,19,1554470056,2625313942,"[53, 76, 107, 116, 122, 124, 147, 192, 204, 212, 216, 217, 250, 288, 294, 458, 494, 501, 512, 575]","[399, 132, 417, 314, 516, 118, 143, 582, 245, 142, 188, 409, 304, 318, 324, 191, 357, 201, 63, 226]",600,20,0.62,,,,,,,0.0,1.0,0.005,,,4.966666666666667,0.8201521355972089,1.0,0.14333333333333334,4.6,0.0015197824188694703,0.0026845530374172504,0.1396551724137931,0.013793103448275862,0.0017241379310344827,0.0,2.236206896551724,4.0,0.0,0.20689655172413793,7.037931034482758,0.1303368368339399,0.7408492644869276,0.007583732057416268,3.663157894736842,0.8008314156360475,0.06724137931034482,0.9793103448275862,0.98,0.8850575420074165,30,False,2294.0
3,paper_pa,paper_pa_5,5,20,1554470056,2573316716,"[57, 144, 158, 193, 196, 236, 252, 287, 290, 331, 332, 335, 337, 373, 437, 474, 480, 501, 557, 594]","[432, 176, 546, 501, 131, 234, 36, 288, 529, 196, 325, 426, 99, 342, 136, 284, 381, 201, 199, 82]",600,20,0.62,,,,,,,0.0,1.0,0.005,,,4.966666666666667,0.8201521355972089,1.0,0.14333333333333334,4.9,0.0016398055267146995,0.0036205724359535856,0.15689655172413794,0.008620689655172414,0.0,0.0,2.143103448275862,4.0,0.0,0.11206896551724138,6.2844827586206895,0.14077550559935614,0.7119170984455958,0.0030106516290726816,3.931578947368421,0.7555713536802565,0.06206896551724138,0.49310344827586206,0.51,0.9097154168412089,30,False,1700.0
3,paper_pa,paper_pa_5,5,21,1554470056,4268934497,"[31, 48, 57, 137, 145, 179, 210, 236, 254, 257, 289, 290, 336, 384, 443, 515, 540, 546, 551, 569]","[119, 348, 432, 311, 52, 511, 165, 234, 208, 44, 74, 529, 7, 275, 495, 476, 407, 581, 364, 101]",600,20,0.62,,,,,,,0.0,1.0,0.005,,,4.966666666666667,0.8201521355972089,1.0,0.14333333333333334,5.7,0.0018465016632880256,0.004789553895781892,0.1724137931034483,0.015517241379310345,0.0017241379310344827,0.0,2.075862068965517,4.0,0.0,0.2413793103448276,7.293103448275862,0.15551060868116046,0.6860401405514859,0.006500911369332422,3.6157894736842104,0.8168043446066613,0.06896551724137931,0.9793103448275862,0.98,0.9032303751446307,30,False,2294.0
3,paper_pa,paper_pa_5,5,22,1554470056,120374944,"[56, 75, 135, 188, 191, 224, 244, 267, 272, 370, 374, 384, 417, 423, 451, 552, 563, 569, 584, 590]","[535, 124, 437, 597, 565, 213, 68, 70, 292, 207, 518, 275, 126, 554, 28, 512, 396, 101, 123, 209]",600,20,0.62,,,,,,,0.0,1.0,0.005,,,4.966666666666667,0.8201521355972089,1.0,0.14333333333333334,4.8,0.001613674524581508,0.0031791354967911113,0.15172413793103448,0.010344827586206896,0.0017241379310344827,0.0,2.217241379310345,4.0,0.0,0.17413793103448275,6.912068965517242,0.14040806627619534,0.7202727651718183,0.006202876071297124,3.789473684210526,0.8204956315648535,0.05344827586206897,0.9637931034482758,0.965,0.9161282908171415,30,False,2286.0
3,paper_pa,paper_pa_5,5,23,1554470056,1901505839,"[14, 186, 244, 309, 333, 358, 366, 379, 386, 416, 434, 466, 474, 483, 485, 522, 523, 531, 565, 597]","[103, 246, 68, 1, 398, 139, 231, 540, 326, 578, 51, 576, 284, 422, 58, 383, 248, 370, 135, 460]",600,20,0.62,,,,,,,0.0,1.0,0.005,,,4.966666666666667,0.8201521355972089,1.0,0.14333333333333334,5.0,0.0016674148337025255,0.0029834273804575794,0.15689655172413794,0.013793103448275862,0.0017241379310344827,0.0,2.213793103448276,4.0,0.0,0.2,6.748275862068965,0.14432873463587867,0.7117622535882318,0.006656223893065998,3.736842105263158,0.8776770591151436,0.056896551724137934,0.18448275862068966,0.21166666666666667,0.9447882089298218,30,False,1454.0
3,paper_pa,paper_pa_5,5,24,1554470056,1812630673,"[36, 53, 83, 102, 154, 156, 207, 263, 296, 313, 337, 349, 355, 381, 397, 407, 532, 542, 559, 594]","[379, 399, 57, 380, 158, 75, 149, 13, 40, 309, 99, 503, 449, 184, 572, 446, 102, 273, 584, 82]",600,20,0.62,,,,,,,0.0,1.0,0.005,,,4.966666666666667,0.8201521355972089,1.0,0.14333333333333334,4.65,0.0015689271381908964,0.0025657657179924253,0.15172413793103448,0.008620689655172414,0.0,0.0,2.1948275862068964,4.0,0.0,0.10172413793103448,6.167241379310345,0.13799020945586152,0.7204276100291823,0.0035588972431077697,4.0473684210526315,0.9055713536802565,0.06896551724137931,0.5655172413793104,0.58,0.9436684590764344,30,False,1798.0
3,paper_pa,paper_pa_5,5,25,1554470056,3223715717,"[2, 56, 122, 140, 191, 199, 216, 278, 303, 316, 327, 356, 369, 399, 403, 433, 448, 453, 466, 577]","[34, 535, 516, 521, 565, 16, 188, 272, 76, 15, 140, 109, 415, 556, 408, 359, 307, 361, 576, 537]",600,20,0.62,,,,,,,0.0,1.0,0.005,,,4.966666666666667,0.8201521355972089,1.0,0.14333333333333334,5.1,0.00167914512378378,0.0035285170083000604,0.15862068965517243,0.013793103448275862,0.0,0.0,2.156896551724138,4.0,0.0,0.16896551724137931,6.632758620689655,0.14530138272091542,0.7089035792984337,0.004299754569837672,3.794736842105263,0.8776770591151436,0.0706896551724138,0.9758620689655172,0.9766666666666667,0.8843174171634018,30,False,2294.0
3,paper_pa,paper_pa_5,5,26,1554470056,1952021189,"[3, 97, 120, 141, 180, 193, 203, 225, 302, 310, 315, 327, 381, 445, 477, 511, 558, 567, 587, 592]","[66, 205, 300, 589, 263, 501, 137, 385, 211, 67, 376, 140, 184, 125, 48, 260, 353, 391, 473, 517]",600,20,0.62,,,,,,,0.0,1.0,0.005,,,4.966666666666667,0.8201521355972089,1.0,0.14333333333333334,4.2,0.0014551400594383624,0.002160404314911399,0.12931034482758622,0.008620689655172414,0.0,0.0,2.263793103448276,4.0,0.0,0.08275862068965517,5.203448275862069,0.1216322178097495,0.7586504675123578,0.003577884104199894,4.136842105263158,0.8392542373755957,0.06206896551724138,0.9568965517241379,0.9583333333333334,0.9300902080722153,30,False,2284.0
3,paper_pa,paper_pa_5,5,27,1554470056,1021458472,"[22, 82, 96, 110, 146, 181, 193, 212, 222, 283, 341, 361, 403, 406, 420, 426, 492, 541, 584, 592]","[210, 477, 160, 485, 543, 116, 501, 142, 595, 241, 5, 575, 408, 286, 298, 31, 10, 95, 123, 517]",600,20,0.62,,,,,,,0.0,1.0,0.005,,,4.966666666666667,0.8201521355972089,1.0,0.14333333333333334,5.05,0.001677415871475628,0.0040260348776017234,0.15689655172413794,0.017241379310344827,0.0,0.0,2.1586206896551725,4.0,0.0,0.1724137931034483,6.774137931034483,0.1462880740576294,0.711559764159371,0.005250684987527093,3.7263157894736842,0.8603112917244656,0.05517241379310345,0.453448275862069,0.4716666666666667,0.9619549999479204,30,False,1682.0
3,paper_pa,paper_pa_5,5,28,1554470056,3902622064,"[13, 30, 45, 92, 98, 189, 223, 244, 265, 277, 317, 323, 342, 359, 429, 435, 486, 504, 568, 595]","[404, 293, 155, 567, 182, 316, 497, 68, 41, 169, 365, 343, 574, 257, 141, 55, 515, 441, 297, 267]",600,20,0.62,,,,,,,0.0,1.0,0.005,,,4.966666666666667,0.8201521355972089,1.0,0.14333333333333334,4.5,0.001524901230409081,0.0027251086824468702,0.13275862068965516,0.013793103448275862,0.0017241379310344827,0.0,2.263793103448276,4.0,0.0,0.19827586206896552,7.227586206896552,0.12581766821978752,0.7526174736465964,0.013884901648059543,3.694736842105263,0.9439941754198046,0.05862068965517241,0.2482758620689655,0.2733333333333333,0.9616131249349564,30,False,1514.0
3,paper_pa,paper_pa_5,5,29,1554470056,708543846,"[39, 47, 52, 61, 135, 136, 215, 221, 259, 279, 299, 310, 322, 328, 329, 356, 444, 450, 496, 591]","[514, 159, 451, 178, 437, 129, 198, 290, 445, 215, 302, 67, 573, 117, 214, 109, 274, 185, 334, 496]",600,20,0.62,,,,,,,0.0,1.0,0.005,,,4.966666666666667,0.8201521355972089,1.0,0.14333333333333334,5.05,0.0016637466248702235,0.004272196388728046,0.15517241379310345,0.005172413793103448,0.0034482758620689655,0.0,2.196551724137931,4.0,0.0,0.1879310344827586,7.786206896551724,0.1385420979328286,0.7147400393067714,0.017504062415053125,3.5736842105263156,0.6375172116214841,0.0603448275862069,0.9586206896551724,0.96,0.9264737921766937,30,False,2276.0
3,paper_pa,paper_pa_5,5,30,1554470056,194666561,"[56, 59, 129, 168, 220, 296, 328, 331, 423, 454, 457, 458, 465, 468, 469, 498, 502, 558, 565, 599]","[535, 122, 400, 585, 259, 40, 117, 196, 554, 463, 341, 191, 240, 538, 177, 145, 91, 353, 135, 423]",600,20,0.62,,,,,,,0.0,1.0,0.005,,,4.966666666666667,0.8201521355972089,1.0,0.14333333333333334,4.55,0.001518071107930492,0.0020362356181458413,0.14655172413793102,0.006896551724137931,0.0,0.0,2.2706896551724136,4.0,0.0,0.12931034482758622,6.029310344827586,0.1353392782286483,0.7290512774700733,0.0031203007518796995,3.8947368421052633,0.7820728098253055,0.05344827586206897,0.25689655172413794,0.2816666666666667,0.9547236249782145,30,False,1492.0
3,paper_pa,paper_pa_5,5,31,1554470056,1607508382,"[22, 30, 33, 39, 47, 49, 135, 163, 192, 225, 232, 261, 310, 334, 370, 392, 496, 501, 553, 599]","[210, 293, 49, 514, 159, 11, 437, 59, 582, 385, 157, 345, 67, 262, 207, 220, 334, 201, 591, 423]",600,20,0.62,,,,,,,0.0,1.0,0.005,,,4.966666666666667,0.8201521355972089,1.0,0.14333333333333334,5.15,0.0017377077727650531,0.005339207869349448,0.15344827586206897,0.01206896551724138,0.0017241379310344827,0.0,2.1913793103448276,4.0,0.0,0.20862068965517241,7.353448275862069,0.13991327455201308,0.7175868024536954,0.00782196089084634,3.668421052631579,0.8324169971593527,0.05172413793103448,0.7862068965517242,0.7933333333333333,0.9384115419816226,30,False,2018.0
3,paper_pa,paper_pa_5,5,32,1554470056,2379444817,"[4, 32, 39, 187, 215, 239, 249, 266, 301, 317, 361, 364, 368, 378, 408, 409, 420, 467, 504, 523]","[510, 197, 514, 444, 198, 222, 54, 340, 283, 365, 575, 254, 406, 271, 27, 509, 298, 532, 441, 248]",600,20,0.62,,,,,,,0.0,1.0,0.005,,,4.966666666666667,0.8201521355972089,1.0,0.14333333333333334,4.7,0.0015642553597429154,0.003826515705564512,0.1482758620689655,0.008620689655172414,0.0017241379310344827,0.0,2.146551724137931,4.0,0.0,0.20689655172413793,7.3310344827586205,0.13613030702957193,0.7262045143231493,0.004461152882205514,3.7526315789473683,0.8776770591151436,0.056896551724137934,0.17758620689655172,0.205,0.935108375037089,30,False,1484.0
3,paper_pa,paper_pa_5,5,33,1554470056,4075591040,"[31, 47, 65, 77, 97, 136, 141, 186, 206, 277, 326, 398, 421, 451, 470, 492, 508, 516, 565, 588]","[119, 159, 112, 228, 205, 129, 589, 246, 350, 169, 464, 133, 577, 28, 447, 10, 78, 94, 135, 384]",600,20,0.62,,,,,,,0.0,1.0,0.005,,,4.966666666666667,0.8201521355972089,1.0,0.14333333333333334,5.05,0.001667924885102315,0.00395769304071567,0.14655172413793102,0.017241379310344827,0.0017241379310344827,0.0,2.2241379310344827,4.0,0.0,0.2189655172413793,7.1017241379310345,0.13595309996435653,0.729182300041689,0.009676592327521119,3.636842105263158,0.8273328717810964,0.0706896551724138,0.9431034482758621,0.945,0.920058999909088,30,False,2246.0
3,paper_pa,paper_pa_5,5,34,1554470056,1186987918,"[36, 42, 77, 79, 124, 146, 151, 154, 185, 232, 290, 374, 384, 395, 485, 495, 499, 521, 537, 573]","[379, 223, 228, 105, 118, 543, 354, 158, 71, 157, 529, 518, 275, 192, 58, 390, 100, 232, 291, 594]",600,20,0.62,,,,,,,0.0,1.0,0.005,,,4.966666666666667,0.8201521355972089,1.0,0.14333333333333334,4.45,0.0015119963448879934,0.0021910590160188004,0.14310344827586208,0.008620689655172414,0.0017241379310344827,0.0,2.2017241379310346,4.0,0.0,0.19827586206896552,6.758620689655173,0.13327755429956764,0.734881781906974,0.005994152046783626,3.7421052631578946,0.9718884699849176,0.06896551724137931,0.9689655172413794,0.97,0.8962264999281615,30,False,2294.0
3,paper_pa,paper_pa_5,5,35,1554470056,2741170884,"[37, 38, 46, 102, 253, 254, 284, 294, 297, 336, 345, 368, 388, 402, 404, 489, 510, 520, 568, 579]","[366, 330, 206, 380, 382, 208, 25, 324, 218, 7, 303, 406, 418, 425, 320, 452, 534, 462, 297, 519]",600,20,0.62,,,,,,,0.0,1.0,0.005,,,4.966666666666667,0.8201521355972089,1.0,0.14333333333333334,4.4,0.0014801585942631882,0.0031738479169873034,0.13620689655172413,0.013793103448275862,0.0017241379310344827,0.0,2.2189655172413794,4.0,0.0,0.1724137931034483,7.084482758620689,0.12693477994373356,0.7467869692096957,0.007223456368193211,3.763157894736842,0.8392542373755956,0.05172413793103448,0.4672413793103448,0.485,0.9392272501718253,30,False,1722.0
3,paper_pa,paper_pa_5,5,36,1554470056,440783886,"[4, 28, 42, 78, 81, 86, 104, 128, 155, 163, 258, 330, 336, 412, 413, 422, 473, 489, 538, 593]","[510, 236, 223, 388, 168, 161, 270, 276, 279, 59, 375, 599, 7, 542, 147, 541, 186, 452, 522, 242]",600,20,0.62,,,,,,,0.0,1.0,0.005,,,4.966666666666667,0.8201521355972089,1.0,0.14333333333333334,5.35,0.0017337230962448228,0.004766557155408696,0.16551724137931034,0.013793103448275862,0.0017241379310344827,0.0,2.1120689655172415,4.0,0.0,0.14482758620689656,6.305172413793104,0.1503808152917467,0.6973914597105593,0.004705382336961284,3.889473684210526,0.8950428265058215,0.06551724137931035,0.9724137931034482,0.9733333333333334,0.9116928339935839,30,False,2294.0
3,paper_pa,paper_pa_5,5,37,1554470056,296266471,"[22, 76, 86, 95, 107, 195, 227, 288, 300, 329, 336, 348, 349, 356, 379, 419, 494, 542, 577, 583]","[210, 132, 161, 570, 417, 482, 549, 318, 459, 214, 7, 26, 503, 109, 540, 114, 357, 273, 537, 17]",600,20,0.62,,,,,,,0.0,1.0,0.005,,,4.966666666666667,0.8201521355972089,1.0,0.14333333333333334,4.35,0.0014655912413906944,0.0025189182302369816,0.12241379310344827,0.015517241379310345,0.0017241379310344827,0.0,2.3,4.0,0.0,0.09827586206896552,5.8982758620689655,0.11717397733115426,0.7706211661008874,0.008828189354505142,3.9,0.6983899261299665,0.07758620689655173,0.7396551724137931,0.7483333333333333,0.9365751659497619,30,False,1932.0
3,paper_pa,paper_pa_5,5,38,1554470056,1535718766,"[6, 15, 16, 81, 94, 116, 177, 178, 182, 184, 212, 258, 268, 272, 295, 425, 427, 434, 523, 558]","[163, 65, 181, 168, 61, 314, 544, 484, 256, 308, 142, 375, 590, 292, 144, 457, 154, 51, 248, 353]",600,20,0.62,,,,,,,0.0,1.0,0.005,,,4.966666666666667,0.8201521355972089,1.0,0.14333333333333334,5.1,0.0016841906473830208,0.00582362405200546,0.15344827586206897,0.013793103448275862,0.0017241379310344827,0.0,2.143103448275862,4.0,0.0,0.23793103448275862,7.912068965517242,0.14240801187712623,0.7173843130248347,0.010421888053467,3.5631578947368423,0.9266284080291267,0.06724137931034482,0.9551724137931035,0.9566666666666667,0.9144375410396606,30,False,2282.0
3,paper_pa,paper_pa_5,5,39,1554470056,428529672,"[20, 52, 81, 88, 160, 167, 170, 174, 245, 285, 321, 369, 396, 419, 466, 471, 503, 554, 564, 569]","[412, 451, 168, 469, 212, 461, 189, 227, 338, 204, 351, 415, 387, 114, 576, 104, 530, 561, 491, 101]",600,20,0.62,,,,,,,0.0,1.0,0.005,,,4.966666666666667,0.8201521355972089,1.0,0.14333333333333334,5.4,0.0017873823844243338,0.004974262932628251,0.15862068965517243,0.017241379310344827,0.0,0.0,2.156896551724138,4.0,0.0,0.15517241379310345,6.798275862068966,0.14507406026967554,0.7090584241557978,0.005210089617984355,3.8,0.8566200047662734,0.07241379310344828,0.9672413793103448,0.9683333333333334,0.9033464579842985,30,False,2294.0
3,paper_pa,paper_pa_5,5,40,1554470056,176615335,"[46, 56, 72, 121, 141, 158, 162, 180, 182, 194, 213, 275, 295, 304, 344, 456, 475, 492, 535, 581]","[206, 535, 86, 221, 589, 546, 429, 263, 256, 115, 413, 548, 144, 128, 190, 421, 9, 10, 38, 386]",600,20,0.62,,,,,,,0.0,1.0,0.005,,,4.966666666666667,0.8201521355972089,1.0,0.14333333333333334,5.1,0.0016961594997725448,0.004807574661093088,0.14482758620689656,0.022413793103448276,0.0017241379310344827,0.0,2.1775862068965517,4.0,0.0,0.18620689655172415,6.855172413793103,0.13641551549922298,0.7319278184741826,0.00824096225412015,3.778947368421053,0.8671485319407087,0.06896551724137931,0.2655172413793103,0.29,0.9408857091329992,30,False,1554.0
3,paper_pa,paper_pa_5,5,41,1554470056,2742302934,"[9, 53, 121, 144, 194, 207, 210, 250, 298, 302, 304, 335, 393, 433, 434, 481, 495, 503, 546, 568]","[397, 399, 221, 176, 115, 149, 165, 304, 448, 211, 128, 426, 277, 359, 51, 193, 390, 530, 581, 297]",600,20,0.62,,,,,,,0.0,1.0,0.005,,,4.966666666666667,0.8201521355972089,1.0,0.14333333333333334,7.15,0.002273030484134727,0.008177303787622166,0.21724137931034482,0.01896551724137931,0.0,0.0,2.036206896551724,4.0,0.0,0.28793103448275864,7.674137931034482,0.18120417543319098,0.6166100887380144,0.0039062428583878264,3.5473684210526315,0.8603112917244659,0.06896551724137931,0.9327586206896552,0.935,0.93686508317478,30,False,2238.0
3,paper_pa,paper_pa_5,5,42,1554470056,2648988211,"[23, 67, 97, 149, 170, 211, 218, 336, 363, 388, 441, 450, 472, 485, 486, 492, 533, 535, 547, 559]","[358, 287, 205, 150, 189, 296, 23, 7, 319, 418, 4, 185, 166, 58, 515, 10, 466, 38, 83, 584]",600,20,0.62,,,,,,,0.0,1.0,0.005,,,4.966666666666667,0.8201521355972089,1.0,0.14333333333333334,5.6,0.0018203548492766483,0.00423706179159777,0.1706896551724138,0.01896551724137931,0.0,0.0,2.193103448275862,4.0,0.0,0.15172413793103448,6.6689655172413795,0.15682246680285494,0.6887022809838604,0.0050270197638618685,3.794736842105263,0.9055713536802565,0.06724137931034482,0.9637931034482758,0.965,0.9147671670652926,30,False,2292.0
3,paper_pa,paper_pa_5,5,43,1554470056,2966389042,"[9, 78, 182, 189, 220, 226, 272, 295, 314, 316, 321, 338, 376, 439, 486, 526, 545, 554, 557, 598]","[397, 388, 256, 316, 259, 90, 292, 144, 266, 15, 351, 111, 356, 294, 515, 216, 580, 561, 199, 355]",600,20,0.62,,,,,,,0.0,1.0,0.005,,,4.966666666666667,0.8201521355972089,1.0,0.14333333333333334,7.35,0.002311385866768639,0.009706246812013085,0.20862068965517241,0.02586206896551724,0.0017241379310344827,0.0,2.0620689655172413,4.0,0.0,0.2827586206896552,8.58448275862069,0.17670518014361863,0.6294622118992317,0.008312991582140447,3.336842105263158,0.7171485319407086,0.0706896551724138,0.9637931034482758,0.965,0.9050265830010176,30,False,2290.0
3,paper_pa,paper_pa_5,5,44,1554470056,2488704877,"[26, 45, 53, 81, 163, 166, 171, 196, 261, 398, 404, 407, 421, 434, 453, 461, 532, 554, 562, 567]","[265, 155, 399, 168, 59, 332, 247, 131, 345, 133, 320, 446, 577, 51, 361, 62, 102, 561, 93, 391]",600,20,0.62,,,,,,,0.0,1.0,0.005,,,4.966666666666667,0.8201521355972089,1.0,0.14333333333333334,5.35,0.0017547865531728254,0.003824274992507746,0.16551724137931034,0.01206896551724138,0.0,0.0,2.196551724137931,4.0,0.0,0.1103448275862069,6.867241379310345,0.15073692014873585,0.6972425704246322,0.0036386420596946916,3.8684210526315788,0.8882055862895787,0.0706896551724138,0.9620689655172414,0.9633333333333334,0.9080176670104265,30,False,2286.0
3,paper_pa,paper_pa_5,5,45,1554470056,1829223888,"[27, 31, 40, 120, 163, 177, 204, 237, 240, 273, 296, 320, 334, 336, 358, 417, 427, 448, 585, 589]","[239, 119, 547, 300, 59, 544, 245, 483, 313, 352, 40, 29, 262, 7, 139, 126, 154, 307, 454, 431]",600,20,0.62,,,,,,,0.0,1.0,0.005,,,4.966666666666667,0.8201521355972089,1.0,0.14333333333333334,5.8,0.0018582041475560516,0.00580204700945307,0.18275862068965518,0.01206896551724138,0.0017241379310344827,0.0,2.1189655172413793,4.0,0.0,0.2517241379310345,7.527586206896552,0.159762551812498,0.6695074742421535,0.003946793946793947,3.6210526315789475,0.7436499880857573,0.06551724137931035,0.9724137931034482,0.9733333333333334,0.8894740419927984,30,False,2294.0
3,paper_pa,paper_pa_5,5,46,1554470056,1538156248,"[1, 50, 72, 97, 143, 167, 172, 174, 206, 208, 277, 283, 314, 394, 421, 440, 453, 553, 565, 598]","[520, 299, 86, 205, 323, 461, 551, 227, 350, 202, 169, 241, 266, 533, 577, 72, 361, 591, 135, 355]",600,20,0.62,,,,,,,0.0,1.0,0.005,,,4.966666666666667,0.8201521355972089,1.0,0.14333333333333334,6.0,0.00195845420516868,0.00661867941003373,0.1879310344827586,0.010344827586206896,0.0034482758620689655,0.0,2.0620689655172413,4.0,0.0,0.24310344827586206,7.543103448275862,0.16258582510035596,0.6613900303734144,0.005360876066865177,3.6526315789473682,0.8657556935206444,0.06551724137931035,0.7241379310344828,0.7333333333333333,0.9229445001110435,30,False,1992.0
3,paper_pa,paper_pa_5,5,47,1554470056,2985824855,"[11, 27, 64, 123, 154, 166, 178, 199, 218, 231, 257, 317, 350, 363, 387, 391, 554, 556, 573, 584]","[347, 239, 471, 238, 158, 332, 484, 16, 23, 478, 44, 365, 18, 319, 60, 499, 561, 121, 594, 123]",600,20,0.62,,,,,,,0.0,1.0,0.005,,,4.966666666666667,0.8201521355972089,1.0,0.14333333333333334,4.6,0.0015429831428134917,0.005285643360569891,0.13620689655172413,0.01206896551724138,0.0017241379310344827,0.0,2.2189655172413794,4.0,0.0,0.2,6.682758620689655,0.12803202487180965,0.7467155023524508,0.007426236044657098,3.863157894736842,0.9229371210709345,0.06896551724137931,0.9482758620689655,0.95,0.9154407498426735,30,False,2234.0
3,paper_pa,paper_pa_5,5,48,1554470056,2940836423,"[7, 32, 52, 120, 200, 206, 223, 225, 262, 273, 274, 315, 328, 353, 413, 430, 468, 487, 544, 557]","[555, 197, 451, 300, 410, 350, 497, 385, 175, 352, 508, 376, 117, 456, 147, 414, 538, 568, 88, 199]",600,20,0.62,,,,,,,0.0,1.0,0.005,,,4.966666666666667,0.8201521355972089,1.0,0.14333333333333334,5.2,0.001692327413287462,0.0045658329481368855,0.16551724137931034,0.008620689655172414,0.0017241379310344827,0.0,2.1120689655172415,4.0,0.0,0.13620689655172413,6.062068965517241,0.14824308972722916,0.6974807932821154,0.0037006409211884205,3.9157894736842107,0.8099671043904184,0.06896551724137931,0.9534482758620689,0.955,0.9168183750007302,30,False,2280.0
3,paper_pa,paper_pa_5,5,49,1554470056,4189726150,"[26, 71, 80, 83, 91, 109, 114, 177, 194, 200, 203, 245, 251, 324, 332, 488, 534, 540, 563, 589]","[265, 127, 33, 57, 369, 344, 43, 544, 115, 410, 137, 338, 21, 328, 325, 331, 588, 407, 396, 431]",600,20,0.62,,,,,,,0.0,1.0,0.005,,,4.966666666666667,0.8201521355972089,1.0,0.14333333333333334,5.0,0.0016659088449595867,0.0033411997739260435,0.15,0.01206896551724138,0.0034482758620689655,0.0,2.18448275862069,4.0,0.0,0.1879310344827586,6.86896551724138,0.13935818298731745,0.7231909951759872,0.005480747322852585,3.763157894736842,0.7729371210709346,0.07758620689655173,0.9689655172413794,0.97,0.8778391249943525,30,False,2290.0
3,paper_pa,paper_pa_6,6,0,2341077599,346079408,"[25, 50, 89, 125, 135, 137, 175, 194, 327, 329, 359, 383, 398, 408, 413, 427, 486, 488, 532, 599]","[543, 172, 88, 24, 544, 228, 330, 117, 215, 437, 219, 362, 225, 43, 279, 327, 130, 39, 545, 395]",600,20,0.62,,,,,,,0.0,1.0,0.005,,,5.013333333333334,0.6673585652021561,1.0,0.11666666666666667,4.4,0.001478794661533328,0.002974967603441024,0.12931034482758622,0.01896551724137931,0.0034482758620689655,0.0,2.363793103448276,5.0,0.0,0.1413793103448276,5.281034482758621,0.12632696462929358,0.7584479780834971,0.009062107483160114,4.026315789473684,0.833464116347914,0.0706896551724138,0.9741379310344828,0.975,0.7369982090312988,24,True,2358.0
3,paper_pa,paper_pa_6,6,1,2341077599,169510293,"[10, 14, 84, 102, 112, 123, 131, 134, 192, 251, 318, 329, 434, 452, 485, 486, 487, 498, 556, 560]","[1, 475, 18, 440, 226, 54, 208, 536, 256, 262, 591, 437, 526, 507, 382, 130, 477, 193, 59, 122]",600,20,0.62,,,,,,,0.0,1.0,0.005,,,5.013333333333334,0.6673585652021561,1.0,0.11666666666666667,5.0,0.001638829820095239,0.0034786035265976034,0.15,0.005172413793103448,0.0,0.0,2.236206896551724,4.0,0.0,0.11206896551724138,5.7,0.13649793848990283,0.7233339288904771,0.001994569757727652,3.863157894736842,0.9211594375803512,0.06551724137931035,0.9724137931034482,0.9733333333333334,0.8953170420136303,30,False,2358.0
3,paper_pa,paper_pa_6,6,2,2341077599,1222635678,"[5, 18, 76, 100, 175, 242, 246, 330, 339, 381, 394, 416, 420, 434, 439, 451, 468, 476, 518, 525]","[89, 348, 255, 63, 330, 132, 595, 444, 549, 243, 514, 425, 195, 526, 354, 551, 109, 385, 114, 221]",600,20,0.62,,,,,,,0.0,1.0,0.005,,,5.013333333333334,0.6673585652021561,1.0,0.11666666666666667,5.85,0.001881877238896081,0.005235186195125275,0.18275862068965518,0.015517241379310345,0.0,0.0,2.139655172413793,4.0,0.0,0.15344827586206897,6.087931034482758,0.16054037227432305,0.669620630099458,0.003846772030410474,3.9473684210526314,0.784690987350016,0.07241379310344828,0.9758620689655172,0.9766666666666667,0.8768667499534786,30,False,2358.0
3,paper_pa,paper_pa_6,6,3,2341077599,341548861,"[2, 8, 26, 56, 145, 205, 215, 281, 354, 355, 403, 407, 422, 448, 543, 553, 558, 565, 580, 587]","[404, 128, 417, 79, 341, 567, 427, 75, 148, 450, 355, 478, 431, 45, 340, 593, 408, 513, 201, 359]",600,20,0.62,,,,,,,0.0,1.0,0.005,,,5.013333333333334,0.6673585652021561,1.0,0.11666666666666667,4.85,0.0016115743151558011,0.004276955438905402,0.14655172413793102,0.01206896551724138,0.0017241379310344827,0.0,2.2051724137931035,4.0,0.0,0.09482758620689655,5.553448275862069,0.1359172967803046,0.7290989220415699,0.0044627886733149885,4.105263157894737,0.7896164557316953,0.07241379310344828,0.9655172413793104,0.9666666666666667,0.8318240828812122,27,True,2344.0
3,paper_pa,paper_pa_6,6,4,2341077599,3075759486,"[40, 56, 141, 157, 197, 224, 251, 278, 300, 393, 412, 431, 440, 454, 505, 509, 544, 545, 581, 599]","[278, 79, 438, 64, 261, 210, 262, 428, 521, 368, 249, 383, 166, 577, 505, 451, 213, 235, 99, 395]",600,20,0.62,,,,,,,0.0,1.0,0.005,,,5.013333333333334,0.6673585652021561,1.0,0.11666666666666667,4.45,0.0014693633770243397,0.002651600182631785,0.13620689655172413,0.015517241379310345,0.0017241379310344827,0.0,2.293103448275862,4.0,0.0,0.12241379310344827,5.68448275862069,0.12966061878180712,0.7466380799237687,0.007583542188805346,3.836842105263158,0.7860403603666914,0.06896551724137931,0.9793103448275862,0.98,0.8570195408537984,29,True,2358.0
3,paper_pa,paper_pa_6,6,5,2341077599,2264841391,"[69, 97, 116, 140, 166, 185, 222, 241, 251, 259, 261, 284, 321, 361, 388, 394, 414, 445, 527, 555]","[23, 129, 509, 127, 170, 534, 403, 423, 262, 80, 320, 187, 547, 242, 297, 514, 96, 53, 150, 594]",600,20,0.62,,,,,,,0.0,1.0,0.005,,,5.013333333333334,0.6673585652021561,1.0,0.11666666666666667,4.75,0.0015818786987321996,0.0036095981892579404,0.15172413793103448,0.005172413793103448,0.0,0.0,2.231034482758621,4.0,0.0,0.09137931034482759,5.374137931034483,0.13810756830916363,0.7203680543148115,0.0021637426900584793,4.005263157894737,0.7896164557316953,0.056896551724137934,0.9879310344827587,0.9883333333333333,0.7911509580444545,26,True,2358.0
3,paper_pa,paper_pa_6,6,6,2341077599,1812555081,"[30, 51, 106, 122, 170, 190, 242, 252, 304, 319, 320, 329, 347, 376, 381, 425, 510, 525, 535, 553]","[524, 527, 529, 216, 98, 353, 132, 573, 211, 145, 400, 437, 484, 590, 243, 331, 306, 221, 241, 593]",600,20,0.62,,,,,,,0.0,1.0,0.005,,,5.013333333333334,0.6673585652021561,1.0,0.11666666666666667,5.35,0.0017535648843023418,0.004659511466650235,0.15517241379310345,0.017241379310344827,0.0017241379310344827,0.0,2.2051724137931035,4.0,0.0,0.17413793103448275,6.348275862068966,0.14504483532405643,0.7144184384491692,0.006937594569173516,3.705263157894737,0.7692165151932047,0.06379310344827586,0.4017241379310345,0.4216666666666667,0.9104891670867801,30,False,1640.0
3,paper_pa,paper_pa_6,6,7,2341077599,3709803753,"[19, 34, 54, 57, 73, 119, 121, 138, 195, 202, 222, 323, 346, 421, 462, 475, 477, 494, 580, 596]","[84, 418, 106, 565, 83, 73, 552, 559, 429, 260, 403, 135, 184, 97, 584, 162, 189, 142, 201, 285]",600,20,0.62,,,,,,,0.0,1.0,0.005,,,5.013333333333334,0.6673585652021561,1.0,0.11666666666666667,5.0,0.0016813554180059192,0.0041299755695851145,0.16034482758620688,0.010344827586206896,0.0017241379310344827,0.0,2.1948275862068964,4.0,0.0,0.1482758620689655,5.8293103448275865,0.1453579165399979,0.7060210827228872,0.003868874503549426,4.026315789473684,0.9043355924068645,0.08103448275862069,0.9741379310344828,0.975,0.8818953328300267,30,False,2358.0
3,paper_pa,paper_pa_6,6,8,2341077599,1289971175,"[21, 85, 132, 162, 211, 248, 254, 266, 301, 324, 403, 432, 439, 484, 504, 538, 567, 579, 581, 597]","[141, 276, 275, 421, 486, 328, 227, 539, 293, 582, 355, 157, 354, 570, 541, 326, 339, 378, 99, 508]",600,20,0.62,,,,,,,0.0,1.0,0.005,,,5.013333333333334,0.6673585652021561,1.0,0.11666666666666667,4.45,0.0014810929763502205,0.003097818631628968,0.13620689655172413,0.017241379310344827,0.0,0.0,2.246551724137931,4.0,0.0,0.12413793103448276,5.887931034482759,0.13035127921685433,0.7466499910666429,0.005980123677492098,3.905263157894737,0.8015148325235026,0.06379310344827586,0.9827586206896551,0.9833333333333333,0.7887168750166893,26,True,2358.0
3,paper_pa,paper_pa_6,6,9,2341077599,3137799838,"[3, 23, 106, 148, 176, 177, 186, 243, 251, 256, 258, 290, 385, 393, 394, 444, 499, 512, 520, 544]","[471, 579, 529, 479, 30, 532, 245, 192, 262, 264, 121, 470, 186, 368, 514, 191, 100, 72, 301, 213]",600,20,0.62,,,,,,,0.0,1.0,0.005,,,5.013333333333334,0.6673585652021561,1.0,0.11666666666666667,6.7,0.0021429345578889212,0.00959312104583966,0.20517241379310344,0.01896551724137931,0.0,0.0,2.0310344827586206,4.0,0.0,0.14310344827586208,5.887931034482759,0.17095628472027097,0.6359776070513966,0.005321274694240136,3.8789473684210525,0.8773117769641325,0.06724137931034482,0.9534482758620689,0.955,0.9535521250218153,30,False,2310.0
3,paper_pa,paper_pa_6,6,10,2341077599,1535124269,"[30, 36, 172, 182, 188, 243, 257, 282, 322, 377, 389, 408, 442, 452, 458, 471, 488, 495, 538, 557]","[524, 159, 277, 237, 345, 192, 493, 182, 292, 176, 263, 43, 202, 507, 76, 220, 39, 469, 326, 233]",600,20,0.62,,,,,,,0.0,1.0,0.005,,,5.013333333333334,0.6673585652021561,1.0,0.11666666666666667,4.0,0.0013776361028742868,0.003126982672346948,0.12413793103448276,0.010344827586206896,0.0034482758620689655,0.0,2.2844827586206895,4.0,0.0,0.13793103448275862,5.731034482758621,0.11859674362532094,0.7675421356679173,0.007095579858737755,3.9894736842105263,0.9685831935615737,0.06551724137931035,0.9775862068965517,0.9783333333333334,0.9261216670274734,30,True,2358.0
3,paper_pa,paper_pa_6,6,11,2341077599,2644774088,"[0, 22, 59, 60, 62, 65, 112, 130, 151, 213, 346, 363, 371, 390, 396, 422, 424, 554, 575, 587]","[214, 485, 105, 349, 288, 393, 226, 571, 456, 115, 184, 457, 376, 258, 236, 431, 156, 374, 299, 359]",600,20,0.62,,,,,,,0.0,1.0,0.005,,,5.013333333333334,0.6673585652021561,1.0,0.11666666666666667,6.7,0.002127302617134932,0.011726992077213389,0.19655172413793104,0.013793103448275862,0.005172413793103448,0.0,2.037931034482759,4.0,0.0,0.23793103448275862,6.843103448275862,0.16087824181271465,0.6498659996426657,0.00656538590189206,3.8105263157894735,0.8028642055401782,0.07241379310344828,0.9844827586206897,0.985,0.904826374957338,30,False,2358.0
3,paper_pa,paper_pa_6,6,12,2341077599,1558935016,"[43, 58, 80, 122, 133, 166, 179, 180, 187, 255, 356, 406, 430, 445, 478, 502, 508, 521, 530, 594]","[116, 315, 496, 216, 179, 170, 87, 244, 560, 546, 586, 360, 519, 53, 259, 68, 377, 27, 434, 205]",600,20,0.62,,,,,,,0.0,1.0,0.005,,,5.013333333333334,0.6673585652021561,1.0,0.11666666666666667,5.0,0.0016426888731501256,0.004536766355258702,0.14655172413793102,0.01896551724137931,0.0,0.0,2.293103448275862,4.0,0.0,0.11896551724137931,5.56551724137931,0.1393949167772728,0.7289023881841463,0.005853554340396445,3.905263157894737,0.802864205540178,0.05172413793103448,0.2103448275862069,0.23666666666666666,0.9331403751857579,30,False,1466.0
3,paper_pa,paper_pa_6,6,13,2341077599,1753978972,"[14, 32, 37, 40, 41, 159, 193, 197, 256, 292, 310, 329, 367, 375, 376, 569, 578, 579, 585, 596]","[475, 302, 158, 278, 420, 319, 363, 261, 264, 483, 155, 437, 372, 217, 590, 389, 433, 378, 416, 285]",600,20,0.62,,,,,,,0.0,1.0,0.005,,,5.013333333333334,0.6673585652021561,1.0,0.11666666666666667,6.1,0.001975616130109669,0.009543672320492424,0.18620689655172415,0.020689655172413793,0.0034482758620689655,0.0,2.0948275862068964,4.0,0.0,0.14310344827586208,6.246551724137931,0.16459145853137738,0.6639985706628551,0.006944460023407392,3.794736842105263,0.7115927889427369,0.07241379310344828,0.9879310344827587,0.9883333333333333,0.7463997500017285,25,True,2358.0
3,paper_pa,paper_pa_6,6,14,2341077599,4004669057,"[0, 9, 68, 84, 147, 157, 173, 212, 262, 319, 352, 385, 447, 501, 534, 570, 579, 586, 591, 594]","[214, 467, 351, 18, 323, 64, 596, 506, 81, 145, 251, 186, 397, 232, 223, 94, 378, 523, 436, 205]",600,20,0.62,,,,,,,0.0,1.0,0.005,,,5.013333333333334,0.6673585652021561,1.0,0.11666666666666667,6.4,0.002031529555832822,0.01080216879229339,0.19310344827586207,0.020689655172413793,0.0,0.0,2.093103448275862,4.0,0.0,0.16379310344827586,6.13448275862069,0.16392027206780743,0.654767434935382,0.00328749420294773,3.763157894736842,0.8130641758094235,0.07413793103448275,0.9862068965517241,0.9866666666666667,0.8962291670031846,30,False,2358.0
3,paper_pa,paper_pa_6,6,15,2341077599,98875545,"[77, 109, 192, 225, 248, 294, 304, 317, 319, 334, 354, 375, 385, 389, 393, 439, 444, 470, 527, 592]","[446, 26, 256, 497, 328, 515, 211, 554, 145, 180, 148, 217, 186, 263, 368, 354, 191, 402, 150, 410]",600,20,0.62,,,,,,,0.0,1.0,0.005,,,5.013333333333334,0.6673585652021561,1.0,0.11666666666666667,4.8,0.0015899835931822066,0.0034849292229548836,0.14482758620689656,0.015517241379310345,0.0017241379310344827,0.0,2.279310344827586,4.0,0.0,0.16206896551724137,5.931034482758621,0.13521963709127352,0.7320350187600501,0.006502030820916269,3.805263157894737,0.7962403306359368,0.05517241379310345,0.3448275862068966,0.36666666666666664,0.9455582920927554,30,False,1564.0
3,paper_pa,paper_pa_6,6,16,2341077599,1301494364,"[12, 13, 20, 54, 88, 155, 206, 314, 322, 356, 408, 447, 490, 534, 540, 548, 554, 574, 575, 589]","[305, 548, 126, 106, 55, 442, 414, 31, 292, 586, 43, 397, 338, 223, 274, 272, 374, 356, 299, 357]",600,20,0.62,,,,,,,0.0,1.0,0.005,,,5.013333333333334,0.6673585652021561,1.0,0.11666666666666667,4.65,0.0015982399053799472,0.005898058048566283,0.14310344827586208,0.01206896551724138,0.0017241379310344827,0.0,2.246551724137931,4.0,0.0,0.12758620689655173,5.356896551724138,0.13037756131197314,0.7353403609076291,0.0048868183217213685,4.052631578947368,0.9313594078495965,0.056896551724137934,0.5275862068965518,0.5433333333333333,0.9284296659752727,30,False,1746.0
3,paper_pa,paper_pa_6,6,17,2341077599,4050907053,"[17, 21, 64, 87, 104, 170, 175, 181, 202, 270, 285, 291, 359, 405, 406, 463, 467, 484, 520, 557]","[310, 141, 455, 432, 41, 98, 330, 405, 260, 188, 563, 386, 219, 392, 360, 82, 454, 570, 301, 233]",600,20,0.62,,,,,,,0.0,1.0,0.005,,,5.013333333333334,0.6673585652021561,1.0,0.11666666666666667,3.9,0.0013566254143455496,0.0032885993082752293,0.1206896551724138,0.006896551724137931,0.0,0.0,2.3275862068965516,4.0,0.0,0.09310344827586207,5.218965517241379,0.11533650231761419,0.7735810851051158,0.0033625730994152046,4.068421052631579,0.784690987350016,0.07931034482758621,0.9758620689655172,0.9766666666666667,0.7275025839917362,24,True,2358.0
3,paper_pa,paper_pa_6,6,18,2341077599,759655550,"[2, 76, 126, 136, 186, 188, 200, 208, 238, 347, 357, 382, 397, 421, 428, 462, 539, 557, 571, 589]","[404, 255, 52, 240, 245, 345, 78, 342, 531, 484, 58, 361, 430, 97, 460, 584, 92, 233, 50, 357]",600,20,0.62,,,,,,,0.0,1.0,0.005,,,5.013333333333334,0.6673585652021561,1.0,0.11666666666666667,5.25,0.0017020698051736206,0.004638633540163263,0.16034482758620688,0.017241379310344827,0.0,0.0,2.168965517241379,5.0,0.0,0.15689655172413794,6.317241379310345,0.14945216673347456,0.7057471264367816,0.004865689865689866,3.778947368421053,0.8671118066948873,0.07758620689655173,0.9879310344827587,0.9883333333333333,0.8818461250048131,30,False,2358.0
3,paper_pa,paper_pa_6,6,19,2341077599,2960413577,"[62, 96, 100, 113, 223, 245, 247, 304, 306, 345, 350, 385, 396, 402, 459, 494, 512, 541, 570, 573]","[288, 164, 63, 419, 535, 308, 151, 211, 74, 163, 463, 186, 236, 246, 35, 142, 72, 458, 94, 597]",600,20,0.62,,,,,,,0.0,1.0,0.005,,,5.013333333333334,0.6673585652021561,1.0,0.11666666666666667,4.5,0.0014971184983056667,0.0034311748423738442,0.14310344827586208,0.01206896551724138,0.0,0.0,2.222413793103448,4.0,0.0,0.11551724137931034,5.68448275862069,0.13440930458573247,0.7348579596212257,0.00464671293618662,3.9157894736842107,0.82988802098291,0.05344827586206897,0.5655172413793104,0.58,0.9232934580650181,30,False,1774.0
3,paper_pa,paper_pa_6,6,20,2341077599,854747485,"[15, 19, 92, 107, 127, 185, 193, 225, 241, 259, 366, 371, 406, 419, 425, 429, 456, 463, 493, 535]","[222, 84, 28, 406, 137, 534, 363, 497, 423, 80, 343, 376, 360, 411, 331, 218, 443, 82, 174, 241]",600,20,0.62,,,,,,,0.0,1.0,0.005,,,5.013333333333334,0.6673585652021561,1.0,0.11666666666666667,5.2,0.001728617378587405,0.005016971787376876,0.15689655172413794,0.017241379310344827,0.0017241379310344827,0.0,2.196551724137931,4.0,0.0,0.15862068965517243,5.977586206896552,0.14563977796841668,0.711625275445179,0.005351531740035896,3.942105263157895,0.8941356221376192,0.07241379310344828,0.9775862068965517,0.9783333333333334,0.9064099160023034,30,False,2358.0
3,paper_pa,paper_pa_6,6,21,2341077599,1751343084,"[50, 71, 95, 100, 102, 130, 131, 172, 181, 199, 231, 246, 287, 304, 396, 471, 480, 517, 535, 592]","[172, 304, 537, 63, 440, 571, 208, 277, 405, 371, 25, 595, 332, 211, 236, 220, 61, 329, 241, 410]",600,20,0.62,,,,,,,0.0,1.0,0.005,,,5.013333333333334,0.6673585652021561,1.0,0.11666666666666667,5.15,0.001684051653048115,0.003972966026375311,0.16206896551724137,0.010344827586206896,0.0017241379310344827,0.0,2.1655172413793102,5.0,0.0,0.13275862068965516,6.048275862068966,0.14737497781608072,0.7030373414329105,0.004764183185235817,3.8,0.8569118364256421,0.08103448275862069,0.9741379310344828,0.975,0.9012719159945846,29,True,2358.0
3,paper_pa,paper_pa_6,6,22,2341077599,2064410912,"[0, 19, 55, 60, 65, 99, 164, 174, 193, 236, 276, 326, 328, 426, 528, 530, 562, 579, 586, 589]","[214, 84, 495, 349, 393, 67, 229, 29, 363, 491, 266, 380, 396, 461, 387, 434, 124, 378, 523, 357]",600,20,0.62,,,,,,,0.0,1.0,0.005,,,5.013333333333334,0.6673585652021561,1.0,0.11666666666666667,6.35,0.0020114983244729837,0.010923102595340942,0.18275862068965518,0.017241379310344827,0.005172413793103448,0.0,2.136206896551724,4.0,0.0,0.23448275862068965,7.232758620689655,0.15241661092550576,0.6717825025311178,0.011664503047611983,3.5052631578947366,0.8555624634089666,0.05344827586206897,0.9810344827586207,0.9816666666666667,0.8319580829702318,27,True,2358.0
3,paper_pa,paper_pa_6,6,23,2341077599,1225563689,"[73, 83, 96, 138, 194, 205, 269, 295, 313, 350, 364, 375, 492, 506, 509, 527, 535, 565, 567, 589]","[83, 56, 164, 559, 117, 567, 101, 4, 198, 463, 2, 217, 494, 325, 451, 150, 241, 513, 339, 357]",600,20,0.62,,,,,,,0.0,1.0,0.005,,,5.013333333333334,0.6673585652021561,1.0,0.11666666666666667,4.4,0.001465995763865231,0.002408018434618768,0.1310344827586207,0.01206896551724138,0.0034482758620689655,0.0,2.277586206896552,4.0,0.0,0.12758620689655173,5.705172413793103,0.1245431805945238,0.7555714370793878,0.012002923976608189,3.905263157894737,0.7673017501805284,0.07241379310344828,0.9827586206896551,0.9833333333333333,0.9057144168764353,30,False,2358.0
3,paper_pa,paper_pa_6,6,24,2341077599,3262156666,"[20, 24, 69, 79, 103, 120, 146, 196, 215, 237, 241, 246, 359, 374, 383, 402, 472, 473, 535, 587]","[126, 239, 23, 270, 269, 407, 62, 131, 427, 281, 423, 595, 219, 200, 362, 246, 173, 561, 241, 359]",600,20,0.62,,,,,,,0.0,1.0,0.005,,,5.013333333333334,0.6673585652021561,1.0,0.11666666666666667,5.85,0.001889737441774278,0.0070919812751538,0.1706896551724138,0.015517241379310345,0.0017241379310344827,0.0,2.1241379310344826,4.0,0.0,0.1810344827586207,7.0793103448275865,0.1533288415233515,0.6890179262700256,0.005866180603022709,3.5473684210526315,0.6677451283265182,0.06551724137931035,0.9706896551724138,0.9716666666666667,0.6445777080953121,21,True,2358.0
3,paper_pa,paper_pa_6,6,25,2341077599,2715350914,"[1, 23, 48, 60, 61, 106, 117, 162, 165, 166, 169, 197, 216, 273, 377, 383, 419, 420, 491, 504]","[503, 579, 207, 349, 516, 529, 104, 421, 453, 170, 168, 261, 113, 556, 176, 362, 411, 195, 257, 541]",600,20,0.62,,,,,,,0.0,1.0,0.005,,,5.013333333333334,0.6673585652021561,1.0,0.11666666666666667,5.75,0.0018839011495608467,0.006433600713652202,0.1706896551724138,0.020689655172413793,0.0017241379310344827,0.0,2.1413793103448278,4.0,0.0,0.1706896551724138,6.606896551724138,0.15424601094041493,0.6890238818414627,0.006617335668823082,3.7,0.6368917828584335,0.05862068965517241,0.9293103448275862,0.9316666666666666,0.9311547079123557,30,False,2236.0
3,paper_pa,paper_pa_6,6,26,2341077599,2162742939,"[35, 49, 60, 66, 73, 75, 110, 138, 286, 295, 359, 361, 370, 426, 428, 453, 496, 536, 576, 580]","[334, 464, 349, 21, 83, 452, 576, 559, 312, 4, 219, 242, 333, 461, 460, 358, 15, 575, 520, 201]",600,20,0.62,,,,,,,0.0,1.0,0.005,,,5.013333333333334,0.6673585652021561,1.0,0.11666666666666667,4.55,0.001529612342015234,0.002862890861566486,0.14655172413793102,0.010344827586206896,0.0,0.0,2.2517241379310344,5.0,0.0,0.10517241379310345,5.543103448275862,0.1359815595219866,0.7290095884700137,0.003611111111111111,3.9157894736842107,0.8569118364256421,0.07241379310344828,0.9793103448275862,0.98,0.8836277078371495,30,False,2358.0
3,paper_pa,paper_pa_6,6,27,2341077599,1076957670,"[17, 32, 38, 104, 122, 168, 184, 207, 214, 252, 254, 293, 323, 326, 392, 415, 434, 448, 516, 583]","[310, 302, 466, 41, 216, 107, 19, 143, 295, 573, 227, 284, 135, 380, 267, 160, 526, 45, 289, 587]",600,20,0.62,,,,,,,0.0,1.0,0.005,,,5.013333333333334,0.6673585652021561,1.0,0.11666666666666667,6.45,0.0020747301726714686,0.008355765723678816,0.19137931034482758,0.01896551724137931,0.005172413793103448,0.0,2.1155172413793104,4.0,0.0,0.17586206896551723,6.372413793103449,0.16695508296018016,0.6557262819367519,0.007665855581798926,3.7473684210526317,0.7576671719072839,0.08793103448275862,0.9758620689655172,0.9766666666666667,0.45981670799665153,15,True,2358.0
3,paper_pa,paper_pa_6,6,28,2341077599,3867435343,"[7, 31, 34, 88, 102, 121, 143, 289, 305, 318, 322, 360, 363, 368, 419, 461, 493, 502, 588, 593]","[169, 480, 418, 55, 440, 552, 230, 291, 77, 591, 292, 388, 457, 254, 411, 379, 174, 68, 204, 10]",600,20,0.62,,,,,,,0.0,1.0,0.005,,,5.013333333333334,0.6673585652021561,1.0,0.11666666666666667,5.6,0.0018582154405793923,0.006029657886069353,0.16206896551724137,0.02413793103448276,0.0034482758620689655,0.0,2.179310344827586,4.0,0.0,0.20517241379310344,6.410344827586207,0.15057204463029158,0.7029956524328509,0.008357460393064108,3.789473684210526,0.8436640866171592,0.09137931034482759,0.9844827586206897,0.985,0.8124574578832835,27,True,2358.0
3,paper_pa,paper_pa_6,6,29,2341077599,664334375,"[61, 180, 202, 209, 221, 276, 303, 321, 334, 368, 371, 386, 423, 450, 460, 505, 507, 510, 515, 598]","[516, 244, 260, 465, 522, 266, 384, 547, 180, 254, 376, 441, 14, 336, 517, 505, 22, 306, 566, 120]",600,20,0.62,,,,,,,0.0,1.0,0.005,,,5.013333333333334,0.6673585652021561,1.0,0.11666666666666667,4.6,0.0015309396730828991,0.003030465324482151,0.13448275862068965,0.013793103448275862,0.0,0.0,2.231034482758621,4.0,0.0,0.13793103448275862,6.2,0.12888990454519228,0.7495503543565005,0.005060757955494798,3.805263157894737,0.8941356221376192,0.07758620689655173,0.5241379310344828,0.54,0.9177204589359462,30,False,1744.0
3,paper_pa,paper_pa_6,6,30,2341077599,631456889,"[8, 10, 13, 60, 62, 100, 115, 152, 194, 297, 311, 371, 448, 483, 507, 513, 538, 539, 569, 589]","[128, 1, 548, 349, 288, 63, 37, 426, 117, 558, 224, 376, 45, 294, 22, 394, 326, 92, 389, 357]",600,20,0.62,,,,,,,0.0,1.0,0.005,,,5.013333333333334,0.6673585652021561,1.0,0.11666666666666667,4.95,0.0016403078633753815,0.005557093278248909,0.14482758620689656,0.013793103448275862,0.005172413793103448,0.0,2.2517241379310344,5.0,0.0,0.1810344827586207,6.427586206896552,0.13461447701167853,0.7320767077601096,0.008781386741913057,3.731578947368421,0.730643356464552,0.05,0.2517241379310345,0.27666666666666667,0.951351041905582,30,False,1504.0
3,paper_pa,paper_pa_6,6,31,2341077599,3373526472,"[3, 22, 33, 96, 111, 115, 155, 207, 234, 270, 291, 333, 336, 338, 381, 400, 455, 521, 527, 598]","[471, 485, 413, 164, 65, 37, 442, 143, 16, 188, 386, 530, 51, 439, 243, 574, 364, 27, 150, 120]",600,20,0.62,,,,,,,0.0,1.0,0.005,,,5.013333333333334,0.6673585652021561,1.0,0.11666666666666667,7.2,0.002280656363086573,0.012387116907411077,0.2189655172413793,0.02413793103448276,0.0017241379310344827,0.0,2.013793103448276,4.0,0.0,0.2206896551724138,6.5344827586206895,0.18265646214347517,0.6141444821630635,0.005325395033203371,3.8,0.7678671421765292,0.06896551724137931,0.9793103448275862,0.98,0.623836750164628,20,True,2358.0
3,paper_pa,paper_pa_6,6,32,2341077599,2529655441,"[8, 18, 64, 73, 81, 103, 115, 119, 126, 148, 154, 183, 184, 220, 297, 356, 374, 409, 415, 467]","[128, 348, 455, 83, 152, 269, 37, 73, 52, 479, 286, 448, 19, 123, 558, 586, 200, 185, 160, 454]",600,20,0.62,,,,,,,0.0,1.0,0.005,,,5.013333333333334,0.6673585652021561,1.0,0.11666666666666667,5.45,0.0017514401263918598,0.005186025016450468,0.16379310344827586,0.013793103448275862,0.0017241379310344827,0.0,2.174137931034483,5.0,0.0,0.16379310344827586,6.832758620689655,0.14997373716645665,0.7001012447144304,0.00806921149026412,3.636842105263158,0.8232641460786687,0.05862068965517241,0.9775862068965517,0.9783333333333334,0.91257429192774,30,False,2352.0
3,paper_pa,paper_pa_6,6,33,2341077599,2087139691,"[0, 64, 86, 113, 116, 120, 175, 206, 217, 257, 280, 387, 409, 419, 422, 459, 498, 540, 553, 566]","[214, 455, 381, 419, 509, 407, 330, 414, 540, 493, 144, 369, 185, 411, 431, 35, 193, 274, 593, 212]",600,20,0.62,,,,,,,0.0,1.0,0.005,,,5.013333333333334,0.6673585652021561,1.0,0.11666666666666667,6.35,0.002024742137642801,0.010908421398946417,0.19655172413793104,0.017241379310344827,0.0017241379310344827,0.0,2.075862068965517,5.0,0.0,0.13620689655172413,5.681034482758621,0.16389039232696048,0.6496515990709308,0.0035664863670121956,3.9473684210526314,0.8117148027927479,0.06896551724137931,0.9706896551724138,0.9716666666666667,0.8061946250963956,27,True,2358.0
3,paper_pa,paper_pa_6,6,34,2341077599,4046360200,"[0, 31, 78, 83, 142, 162, 166, 196, 235, 246, 275, 308, 311, 312, 314, 316, 317, 415, 486, 544]","[214, 480, 468, 56, 90, 421, 170, 131, 447, 595, 6, 93, 224, 583, 31, 181, 554, 160, 130, 213]",600,20,0.62,,,,,,,0.0,1.0,0.005,,,5.013333333333334,0.6673585652021561,1.0,0.11666666666666667,7.2,0.002289923642156802,0.012561725784524044,0.2206896551724138,0.01896551724137931,0.0017241379310344827,0.0,1.9896551724137932,4.0,0.0,0.20517241379310344,6.477586206896552,0.1828910029307471,0.6113632303019475,0.004136427620306335,3.8,0.9043355924068645,0.06896551724137931,0.9879310344827587,0.9883333333333333,0.8524503328371793,29,True,2358.0
3,paper_pa,paper_pa_6,6,35,2341077599,1986461797,"[31, 48, 50, 111, 130, 143, 157, 162, 241, 298, 342, 360, 409, 437, 470, 539, 542, 551, 553, 578]","[480, 207, 172, 65, 571, 230, 64, 421, 423, 71, 9, 388, 185, 592, 402, 92, 459, 147, 593, 433]",600,20,0.62,,,,,,,0.0,1.0,0.005,,,5.013333333333334,0.6673585652021561,1.0,0.11666666666666667,5.45,0.001789909382829966,0.004356856576408672,0.16724137931034483,0.013793103448275862,0.0,0.0,2.146551724137931,4.0,0.0,0.10517241379310345,5.955172413793103,0.15170492554201476,0.6945327854207611,0.0042459002985318775,3.931578947368421,0.8232641460786686,0.07931034482758621,0.9896551724137931,0.99,0.8817926661577076,30,True,2358.0
3,paper_pa,paper_pa_6,6,36,2341077599,2047025609,"[14, 52, 86, 103, 135, 152, 207, 208, 215, 286, 335, 371, 403, 419, 455, 469, 484, 544, 550, 567]","[475, 555, 381, 269, 544, 426, 143, 342, 427, 312, 502, 376, 355, 411, 364, 472, 570, 213, 511, 339]",600,20,0.62,,,,,,,0.0,1.0,0.005,,,5.013333333333334,0.6673585652021561,1.0,0.11666666666666667,4.9,0.0016301796519493622,0.003539871244942439,0.12413793103448276,0.01896551724137931,0.0017241379310344827,0.0,2.3224137931034483,4.0,0.0,0.12586206896551724,5.56551724137931,0.12162056319361729,0.7674766243821095,0.0076711300395510915,3.8105263157894735,0.8773117769641325,0.07931034482758621,0.9844827586206897,0.985,0.8938555000349879,30,False,2358.0
3,paper_pa,paper_pa_6,6,37,2341077599,3629055090,"[69, 72, 114, 119, 151, 186, 233, 313, 338, 345, 375, 377, 422, 429, 435, 456, 465, 558, 572, 582]","[23, 0, 512, 73, 456, 245, 8, 198, 439, 163, 217, 176, 431, 218, 140, 443, 282, 408, 492, 60]",600,20,0.62,,,,,,,0.0,1.0,0.005,,,5.013333333333334,0.6673585652021561,1.0,0.11666666666666667,4.85,0.0015949627089950735,0.005507234310017989,0.14655172413793102,0.013793103448275862,0.0034482758620689655,0.0,2.253448275862069,4.0,0.0,0.20172413793103447,6.422413793103448,0.1361372446005383,0.7290989220415699,0.007460697197539302,3.7473684210526317,0.8604879317906458,0.06206896551724138,0.3810344827586207,0.40166666666666667,0.9153593329247087,30,False,1564.0
3,paper_pa,paper_pa_6,6,38,2341077599,2752228116,"[3, 12, 42, 43, 115, 145, 174, 193, 242, 287, 319, 350, 355, 395, 397, 406, 424, 436, 491, 502]","[471, 305, 11, 116, 37, 341, 29, 363, 132, 332, 145, 463, 450, 17, 430, 360, 156, 335, 257, 68]",600,20,0.62,,,,,,,0.0,1.0,0.005,,,5.013333333333334,0.6673585652021561,1.0,0.11666666666666667,7.2,0.0022689466823068013,0.013066766537420258,0.21551724137931033,0.01896551724137931,0.005172413793103448,0.0,2.043103448275862,4.0,0.0,0.19655172413793104,6.2827586206896555,0.17699667135420344,0.6196772080281103,0.007201096304731384,3.789473684210526,0.8502879615214005,0.06724137931034482,0.5413793103448276,0.5566666666666666,0.9219263750128448,30,False,1768.0
3,paper_pa,paper_pa_6,6,39,2341077599,2749671342,"[5, 38, 126, 151, 160, 194, 221, 270, 303, 341, 365, 368, 486, 489, 509, 511, 514, 529, 532, 555]","[89, 466, 52, 456, 311, 117, 522, 188, 384, 273, 33, 254, 130, 238, 451, 473, 48, 206, 545, 594]",600,20,0.62,,,,,,,0.0,1.0,0.005,,,5.013333333333334,0.6673585652021561,1.0,0.11666666666666667,5.9,0.0018865332939118034,0.0061389427147582115,0.17586206896551723,0.017241379310344827,0.0,0.0,2.117241379310345,4.0,0.0,0.1482758620689655,6.305172413793104,0.15757184118497625,0.6807337264010482,0.003996944575891945,3.7578947368421054,0.806440300905182,0.06724137931034482,0.9741379310344828,0.975,0.5527438328135759,18,True,2358.0
3,paper_pa,paper_pa_6,6,40,2341077599,3179545935,"[26, 39, 97, 100, 202, 226, 295, 383, 407, 447, 450, 456, 457, 458, 487, 492, 502, 514, 554, 568]","[417, 553, 129, 63, 260, 303, 4, 362, 478, 397, 336, 443, 488, 76, 477, 494, 68, 48, 374, 69]",600,20,0.62,,,,,,,0.0,1.0,0.005,,,5.013333333333334,0.6673585652021561,1.0,0.11666666666666667,4.7,0.0015738369004248555,0.0031566508409876536,0.14310344827586208,0.010344827586206896,0.0017241379310344827,0.0,2.2758620689655173,4.0,0.0,0.1310344827586207,5.813793103448276,0.13200583691034262,0.7350187600500268,0.00593984962406015,3.873684210526316,0.8117148027927479,0.06896551724137931,0.9206896551724137,0.9233333333333333,0.9042219170369208,30,False,2268.0
3,paper_pa,paper_pa_6,6,41,2341077599,1189386098,"[4, 6, 7, 25, 129, 171, 174, 226, 247, 266, 353, 398, 403, 433, 483, 496, 548, 549, 584, 590]","[175, 119, 169, 543, 324, 171, 29, 303, 151, 539, 197, 225, 355, 367, 294, 15, 272, 111, 578, 287]",600,20,0.62,,,,,,,0.0,1.0,0.005,,,5.013333333333334,0.6673585652021561,1.0,0.11666666666666667,5.15,0.0016718711720249148,0.005270525410579626,0.14482758620689656,0.020689655172413793,0.0017241379310344827,0.0,2.2344827586206897,4.0,0.0,0.18620689655172415,5.912068965517242,0.1374049701337167,0.731957596331368,0.006066737270297641,3.8526315789473684,0.7692165151932047,0.06896551724137931,0.9793103448275862,0.98,0.8796416250988841,29,True,2358.0
3,paper_pa,paper_pa_6,6,42,2341077599,3667959695,"[1, 53, 61, 79, 189, 195, 224, 234, 275, 288, 312, 340, 465, 466, 468, 471, 493, 512, 522, 585]","[503, 499, 516, 270, 252, 429, 210, 16, 6, 86, 583, 20, 282, 375, 109, 220, 174, 72, 313, 416]",600,20,0.62,,,,,,,0.0,1.0,0.005,,,5.013333333333334,0.6673585652021561,1.0,0.11666666666666667,5.65,0.0018682934445717586,0.006487997201346021,0.1706896551724138,0.010344827586206896,0.0034482758620689655,0.0,2.1982758620689653,4.0,0.0,0.19827586206896552,6.0137931034482754,0.1518223973549602,0.6892382824131975,0.0039022342180236916,3.9368421052631577,0.9583832232923284,0.06896551724137931,0.32241379310344825,0.345,0.9696245410013944,30,False,1546.0
3,paper_pa,paper_pa_6,6,43,2341077599,3728335442,"[35, 154, 178, 193, 219, 235, 262, 266, 312, 327, 381, 387, 414, 419, 486, 516, 518, 523, 531, 593]","[334, 286, 370, 363, 91, 447, 81, 539, 583, 215, 243, 369, 96, 411, 130, 289, 114, 424, 398, 10]",600,20,0.62,,,,,,,0.0,1.0,0.005,,,5.013333333333334,0.6673585652021561,1.0,0.11666666666666667,4.2,0.0014194414503013817,0.0028794062860370223,0.12586206896551724,0.010344827586206896,0.0034482758620689655,0.0,2.3017241379310347,4.0,0.0,0.1103448275862069,5.239655172413793,0.11953959145787167,0.7646000833780001,0.009476400792190266,4.0,0.8773117769641325,0.07413793103448275,0.9810344827586207,0.9816666666666667,0.9583410830236971,30,False,2358.0
3,paper_pa,paper_pa_6,6,44,2341077599,3713779365,"[9, 50, 78, 84, 87, 100, 166, 173, 206, 210, 212, 248, 285, 354, 357, 457, 482, 509, 517, 552]","[467, 172, 468, 18, 432, 63, 170, 596, 414, 307, 506, 328, 563, 148, 58, 488, 542, 451, 329, 337]",600,20,0.62,,,,,,,0.0,1.0,0.005,,,5.013333333333334,0.6673585652021561,1.0,0.11666666666666667,4.85,0.001612507879420479,0.0029187193583123444,0.15,0.010344827586206896,0.0017241379310344827,0.0,2.206896551724138,4.0,0.0,0.12931034482758622,6.382758620689655,0.13861781458001382,0.723250550890358,0.006693817878028404,3.710526315789474,0.7319927294812274,0.08103448275862069,0.993103448275862,0.9933333333333333,0.9905552919954062,30,False,2358.0
3,paper_pa,paper_pa_6,6,45,2341077599,3493888184,"[12, 70, 92, 102, 157, 197, 226, 235, 239, 247, 283, 312, 339, 359, 360, 371, 410, 489, 522, 559]","[305, 125, 28, 440, 64, 261, 303, 447, 139, 151, 247, 583, 549, 219, 388, 376, 321, 238, 313, 564]",600,20,0.62,,,,,,,0.0,1.0,0.005,,,5.013333333333334,0.6673585652021561,1.0,0.11666666666666667,5.25,0.001720627766776778,0.00505420172794497,0.1413793103448276,0.015517241379310345,0.0034482758620689655,0.0,2.279310344827586,4.0,0.0,0.14310344827586208,5.694827586206896,0.13374188574267087,0.7378774343398249,0.00674735083322341,3.836842105263158,0.8604879317906458,0.07413793103448275,0.9862068965517241,0.9866666666666667,0.9521850838791579,30,False,2358.0
3,paper_pa,paper_pa_6,6,46,2341077599,871229640,"[3, 13, 62, 155, 179, 186, 253, 259, 274, 354, 396, 435, 441, 451, 488, 492, 499, 512, 543, 544]","[471, 548, 288, 442, 87, 245, 490, 80, 365, 148, 236, 140, 481, 551, 39, 494, 100, 72, 340, 213]",600,20,0.62,,,,,,,0.0,1.0,0.005,,,5.013333333333334,0.6673585652021561,1.0,0.11666666666666667,6.2,0.0019909560558908973,0.009481796295821677,0.18275862068965518,0.015517241379310345,0.0017241379310344827,0.0,2.106896551724138,4.0,0.0,0.20689655172413793,6.1017241379310345,0.15027149992912592,0.6721041033887202,0.005187761069340016,3.8684210526315788,0.806440300905182,0.06724137931034482,0.7810344827586206,0.7883333333333333,1.0296464159619063,30,False,2050.0
3,paper_pa,paper_pa_6,6,47,2341077599,2483869785,"[16, 26, 34, 190, 284, 289, 304, 313, 324, 325, 338, 347, 355, 422, 448, 466, 501, 517, 518, 586]","[149, 417, 418, 353, 187, 291, 211, 198, 582, 178, 439, 484, 450, 431, 45, 375, 232, 329, 114, 523]",600,20,0.62,,,,,,,0.0,1.0,0.005,,,5.013333333333334,0.6673585652021561,1.0,0.11666666666666667,5.4,0.0017559515236493235,0.005710286648587529,0.15517241379310345,0.01896551724137931,0.0034482758620689655,0.0,2.2051724137931035,4.0,0.0,0.1396551724137931,6.767241379310345,0.14142734354585199,0.7147579060210827,0.01576952748697901,3.626315789473684,0.7049689140384954,0.0706896551724138,0.9896551724137931,0.99,0.7494088751263916,23,True,2358.0
3,paper_pa,paper_pa_6,6,48,2341077599,4126842332,"[35, 97, 129, 208, 245, 249, 303, 330, 335, 336, 339, 377, 378, 382, 414, 461, 479, 503, 521, 544]","[334, 129, 324, 342, 308, 34, 384, 444, 502, 51, 549, 176, 203, 361, 96, 379, 13, 476, 27, 213]",600,20,0.62,,,,,,,0.0,1.0,0.005,,,5.013333333333334,0.6673585652021561,1.0,0.11666666666666667,4.75,0.0015782413405046425,0.003573783865462854,0.14310344827586208,0.013793103448275862,0.0034482758620689655,0.0,2.2482758620689656,4.0,0.0,0.1396551724137931,5.603448275862069,0.1347491343004659,0.7348639151926627,0.0063670174854385374,3.9105263157894736,0.7629416737948499,0.06896551724137931,0.9793103448275862,0.98,0.7711811249610037,24,True,2358.0
3,paper_pa,paper_pa_6,6,49,2341077599,2909638700,"[11, 12, 20, 30, 31, 42, 43, 71, 78, 171, 199, 226, 250, 319, 390, 451, 486, 500, 501, 583]","[504, 305, 126, 524, 480, 11, 116, 304, 468, 171, 371, 303, 572, 145, 258, 551, 130, 283, 232, 587]",600,20,0.62,,,,,,,0.0,1.0,0.005,,,5.013333333333334,0.6673585652021561,1.0,0.11666666666666667,6.0,0.0019436328860829486,0.007936033690026528,0.17586206896551723,0.017241379310344827,0.0017241379310344827,0.0,2.1120689655172415,4.0,0.0,0.18448275862068966,6.527586206896552,0.15706095642474777,0.6805729259722471,0.006757000198095196,3.7842105263157895,0.8941356221376192,0.07586206896551724,0.9827586206896551,0.9833333333333333,0.9069324170704931,30,False,2358.0
3,paper_pa,paper_pa_7,7,0,2600115858,212518861,"[7, 25, 27, 50, 51, 102, 111, 112, 135, 155, 159, 202, 256, 313, 394, 424, 436, 462, 469, 597]","[112, 299, 256, 235, 117, 129, 432, 3, 58, 348, 206, 524, 346, 220, 477, 127, 476, 447, 446, 312]",600,20,0.62,,,,,,,0.0,1.0,0.005,,,4.951666666666666,0.6870894152345948,1.0,0.07333333333333333,5.05,0.0016903211150554487,0.005800889303028375,0.15,0.010344827586206896,0.0,0.0,2.2344827586206897,4.0,0.0,0.12931034482758622,5.713793103448276,0.13677193051087763,0.7234709070335299,0.0030709933341512285,3.9263157894736844,0.7926013369997406,0.06379310344827586,0.9672413793103448,0.9683333333333334,0.9067267910577357,30,False,2330.0
3,paper_pa,paper_pa_7,7,1,2600115858,1239277039,"[7, 28, 68, 79, 85, 91, 92, 140, 147, 201, 215, 225, 226, 297, 351, 359, 378, 412, 505, 585]","[112, 440, 247, 597, 585, 87, 402, 589, 517, 284, 280, 13, 19, 181, 398, 135, 464, 79, 43, 413]",600,20,0.62,,,,,,,0.0,1.0,0.005,,,4.951666666666666,0.6870894152345948,1.0,0.07333333333333333,5.0,0.001680682706286653,0.0033138680077588424,0.15,0.013793103448275862,0.0017241379310344827,0.0,2.236206896551724,4.0,0.0,0.16034482758620688,6.244827586206896,0.1393533313975089,0.7232088618902984,0.00504046392204287,3.7421052631578946,0.7820728098253055,0.056896551724137934,0.39827586206896554,0.41833333333333333,0.9554412080906332,30,False,1580.0
3,paper_pa,paper_pa_7,7,2,2600115858,371009257,"[21, 37, 81, 117, 243, 270, 302, 304, 324, 360, 384, 389, 397, 444, 472, 477, 482, 506, 513, 588]","[576, 292, 86, 255, 508, 466, 261, 260, 441, 421, 76, 308, 350, 104, 319, 222, 101, 198, 277, 409]",600,20,0.62,,,,,,,0.0,1.0,0.005,,,4.951666666666666,0.6870894152345948,1.0,0.07333333333333333,4.4,0.0014909763696566171,0.004517215538022527,0.13275862068965516,0.013793103448275862,0.0017241379310344827,0.0,2.2706896551724136,5.0,0.0,0.15517241379310345,6.225862068965517,0.12713605517874746,0.7525579179322256,0.005899524452156031,3.863157894736842,0.8882055862895788,0.06551724137931035,0.9396551724137931,0.9416666666666667,0.8951007921714336,30,False,2306.0
3,paper_pa,paper_pa_7,7,3,2600115858,1596685599,"[18, 60, 68, 76, 194, 252, 298, 307, 321, 371, 398, 403, 438, 441, 456, 497, 518, 526, 549, 587]","[596, 407, 247, 429, 387, 124, 293, 225, 176, 388, 358, 290, 100, 66, 500, 511, 546, 88, 345, 15]",600,20,0.62,,,,,,,0.0,1.0,0.005,,,4.951666666666666,0.6870894152345948,1.0,0.07333333333333333,4.1,0.0014433852054887527,0.0038037491950981333,0.12586206896551724,0.008620689655172414,0.0034482758620689655,0.0,2.253448275862069,4.0,0.0,0.12931034482758622,5.277586206896552,0.1154920418387142,0.7649931510928474,0.010776664313001286,4.2631578947368425,0.9055713536802565,0.05,0.1879310344827586,0.215,0.9005108750425279,28,True,1454.0
3,paper_pa,paper_pa_7,7,4,2600115858,2002246183,"[86, 92, 120, 123, 149, 155, 167, 221, 230, 292, 304, 386, 413, 428, 431, 442, 476, 483, 491, 592]","[371, 402, 98, 34, 461, 348, 513, 120, 369, 32, 260, 324, 294, 360, 109, 130, 275, 574, 395, 560]",600,20,0.62,,,,,,,0.0,1.0,0.005,,,4.951666666666666,0.6870894152345948,1.0,0.07333333333333333,4.35,0.0014823873301974353,0.002923553356686755,0.13620689655172413,0.006896551724137931,0.0,0.0,2.2724137931034485,4.0,0.0,0.08793103448275862,5.2362068965517246,0.1272777516763016,0.7467155023524508,0.003258145363408521,4.057894736842106,0.8168043446066613,0.05344827586206897,0.31896551724137934,0.3416666666666667,0.9369087079539895,30,False,1548.0
3,paper_pa,paper_pa_7,7,5,2600115858,3309358065,"[24, 51, 109, 150, 208, 216, 223, 229, 342, 344, 400, 414, 423, 424, 427, 431, 492, 534, 577, 588]","[253, 117, 8, 445, 307, 199, 469, 239, 349, 506, 543, 205, 570, 127, 355, 109, 194, 428, 527, 409]",600,20,0.62,,,,,,,0.0,1.0,0.005,,,4.951666666666666,0.6870894152345948,1.0,0.07333333333333333,3.75,0.001301154196840721,0.002829023406607731,0.11551724137931034,0.005172413793103448,0.0017241379310344827,0.0,2.3344827586206898,4.0,0.0,0.11551724137931034,5.5,0.10839544900540006,0.7828419986897743,0.005624667729930888,4.021052631578947,0.8708398188989007,0.05344827586206897,0.9637931034482758,0.965,0.9160398331005126,30,False,2328.0
3,paper_pa,paper_pa_7,7,6,2600115858,602982311,"[11, 26, 98, 137, 149, 180, 225, 232, 258, 290, 379, 405, 416, 430, 482, 499, 500, 517, 543, 587]","[384, 39, 169, 18, 461, 115, 13, 554, 582, 523, 593, 157, 141, 374, 101, 227, 283, 599, 215, 15]",600,20,0.62,,,,,,,0.0,1.0,0.005,,,4.951666666666666,0.6870894152345948,1.0,0.07333333333333333,5.1,0.001670840504580182,0.004029083083359324,0.15862068965517243,0.013793103448275862,0.0,0.0,2.1758620689655173,4.0,0.0,0.14482758620689656,5.975862068965517,0.1446596167889009,0.7088976237269966,0.00390892002734108,3.857894736842105,0.8324169971593528,0.06379310344827586,0.9706896551724138,0.9716666666666667,0.9082122498657554,30,False,2330.0
3,paper_pa,paper_pa_7,7,7,2600115858,1739857287,"[18, 41, 56, 104, 130, 189, 268, 280, 332, 337, 373, 375, 383, 428, 444, 462, 477, 519, 558, 576]","[596, 177, 197, 257, 352, 40, 405, 233, 434, 439, 572, 178, 363, 360, 104, 447, 222, 541, 503, 298]",600,20,0.62,,,,,,,0.0,1.0,0.005,,,4.951666666666666,0.6870894152345948,1.0,0.07333333333333333,4.75,0.0015858267818708322,0.004453085873055058,0.14482758620689656,0.01896551724137931,0.0,0.0,2.3275862068965516,5.0,0.0,0.11896551724137931,5.105172413793103,0.13238953071887866,0.7323685307605264,0.00667314571257866,4.21578947368421,0.9055713536802565,0.07413793103448275,0.9775862068965517,0.9783333333333334,0.8805873331148177,30,False,2330.0
3,paper_pa,paper_pa_7,7,8,2600115858,3433654478,"[2, 54, 57, 119, 137, 139, 179, 225, 292, 334, 400, 447, 450, 451, 506, 515, 533, 540, 573, 598]","[553, 25, 265, 490, 18, 267, 11, 13, 32, 151, 543, 530, 386, 134, 198, 452, 136, 315, 259, 144]",600,20,0.62,,,,,,,0.0,1.0,0.005,,,4.951666666666666,0.6870894152345948,1.0,0.07333333333333333,5.1,0.0017049050611087847,0.005072405006848683,0.15689655172413794,0.015517241379310345,0.0,0.0,2.217241379310345,4.0,0.0,0.13448275862068965,5.9862068965517246,0.14514923644750216,0.7116312310166161,0.0042227363279994864,3.863157894736842,0.9266284080291267,0.08448275862068966,0.9655172413793104,0.9666666666666667,0.891774624818936,30,False,2330.0
3,paper_pa,paper_pa_7,7,9,2600115858,3307397640,"[38, 40, 83, 113, 119, 130, 140, 162, 167, 172, 190, 283, 295, 389, 418, 474, 535, 562, 583, 598]","[138, 459, 367, 118, 490, 352, 589, 311, 513, 35, 425, 383, 45, 308, 226, 401, 140, 306, 435, 144]",600,20,0.62,,,,,,,0.0,1.0,0.005,,,4.951666666666666,0.6870894152345948,1.0,0.07333333333333333,4.45,0.001488250249907768,0.0021051565517215356,0.13448275862068965,0.01206896551724138,0.0,0.0,2.3379310344827586,5.0,0.0,0.10172413793103448,4.941379310344828,0.12838639614426403,0.7495622654993747,0.004632794106478317,4.068421052631579,0.8776770591151436,0.0603448275862069,0.9637931034482758,0.965,0.9229688330087811,30,False,2328.0
3,paper_pa,paper_pa_7,7,10,2600115858,1142204586,"[16, 26, 60, 81, 82, 197, 224, 240, 259, 286, 292, 338, 353, 438, 461, 487, 522, 550, 551, 567]","[241, 39, 407, 86, 364, 71, 268, 376, 458, 537, 32, 325, 442, 100, 334, 74, 167, 91, 548, 532]",600,20,0.62,,,,,,,0.0,1.0,0.005,,,4.951666666666666,0.6870894152345948,1.0,0.07333333333333333,4.65,0.0015836766306783674,0.0035453345479697406,0.1396551724137931,0.01206896551724138,0.0017241379310344827,0.0,2.282758620689655,4.0,0.0,0.12241379310344827,5.801724137931035,0.13041316017195503,0.7408373533440533,0.005341880341880342,3.931578947368421,0.7889100500415482,0.05172413793103448,0.3586206896551724,0.38,0.9753383339848369,30,False,1538.0
3,paper_pa,paper_pa_7,7,11,2600115858,120570908,"[95, 112, 114, 167, 172, 217, 223, 228, 284, 287, 310, 320, 336, 353, 427, 477, 525, 569, 578, 588]","[365, 3, 443, 513, 35, 448, 469, 310, 102, 575, 191, 347, 132, 442, 355, 222, 590, 184, 50, 409]",600,20,0.62,,,,,,,0.0,1.0,0.005,,,4.951666666666666,0.6870894152345948,1.0,0.07333333333333333,4.95,0.0016963274393450099,0.005945282892076769,0.15344827586206897,0.010344827586206896,0.0,0.0,2.2,5.0,0.0,0.11724137931034483,5.63448275862069,0.14171431303955756,0.7173783574533976,0.0033615288220551374,3.9263157894736844,0.8008314156360475,0.06724137931034482,0.9637931034482758,0.965,0.9120458748657256,30,False,2330.0
3,paper_pa,paper_pa_7,7,12,2600115858,143921675,"[44, 92, 111, 239, 251, 300, 361, 363, 382, 391, 401, 441, 451, 469, 481, 492, 505, 521, 525, 584]","[341, 402, 432, 465, 139, 188, 168, 507, 300, 28, 211, 66, 134, 446, 479, 194, 43, 309, 590, 106]",600,20,0.62,,,,,,,0.0,1.0,0.005,,,4.951666666666666,0.6870894152345948,1.0,0.07333333333333333,4.45,0.0015001715413348216,0.002248864517126496,0.1396551724137931,0.008620689655172414,0.0017241379310344827,0.0,2.220689655172414,5.0,0.0,0.09482758620689655,5.544827586206897,0.1303629368383748,0.7408016199154309,0.004030910609857978,3.8947368421052633,0.8776770591151436,0.06896551724137931,0.8913793103448275,0.895,0.9350538752041757,30,False,2202.0
3,paper_pa,paper_pa_7,7,13,2600115858,3450618960,"[30, 83, 175, 179, 184, 252, 261, 275, 342, 364, 371, 380, 440, 453, 466, 479, 482, 488, 576, 591]","[381, 367, 415, 11, 192, 124, 163, 323, 349, 463, 388, 212, 1, 234, 522, 460, 101, 482, 298, 571]",600,20,0.62,,,,,,,0.0,1.0,0.005,,,4.951666666666666,0.6870894152345948,1.0,0.07333333333333333,4.25,0.0014420480801346535,0.0031833359401467554,0.1206896551724138,0.01206896551724138,0.0,0.0,2.2913793103448277,4.0,0.0,0.07931034482758621,5.253448275862069,0.11685345406228415,0.7735572628193675,0.005147966069018701,3.963157894736842,0.9334656482453696,0.06551724137931035,0.5258620689655172,0.5416666666666666,0.939255042001605,30,False,1746.0
3,paper_pa,paper_pa_7,7,14,2600115858,3175507974,"[29, 177, 182, 196, 274, 303, 358, 369, 373, 398, 443, 447, 456, 460, 519, 526, 544, 555, 556, 592]","[6, 123, 22, 353, 393, 4, 272, 46, 572, 358, 237, 530, 500, 282, 541, 88, 520, 514, 545, 560]",600,20,0.62,,,,,,,0.0,1.0,0.005,,,4.951666666666666,0.6870894152345948,1.0,0.07333333333333333,5.25,0.001751409343582826,0.0040519087297145664,0.15862068965517243,0.010344827586206896,0.0017241379310344827,0.0,2.277586206896552,4.0,0.0,0.15,5.739655172413793,0.1418237287511006,0.7092013578702877,0.003844269765322397,3.9842105263157896,0.8168043446066613,0.06896551724137931,0.6362068965517241,0.6483333333333333,0.9298607921227813,30,False,1812.0
3,paper_pa,paper_pa_7,7,15,2600115858,4212274661,"[11, 63, 69, 120, 150, 157, 203, 206, 223, 254, 274, 323, 333, 348, 362, 448, 539, 540, 596, 598]","[384, 359, 172, 98, 445, 89, 41, 389, 469, 291, 393, 450, 230, 57, 254, 449, 155, 315, 10, 144]",600,20,0.62,,,,,,,0.0,1.0,0.005,,,4.951666666666666,0.6870894152345948,1.0,0.07333333333333333,4.65,0.0015459521529820495,0.003614431199446975,0.14482758620689656,0.01206896551724138,0.0,0.0,2.2,4.0,0.0,0.15344827586206897,5.991379310344827,0.13485541694407915,0.731957596331368,0.004168945089997721,3.942105263157895,0.8378613989555315,0.07241379310344828,0.9689655172413794,0.97,0.9019725830294192,30,False,2330.0
3,paper_pa,paper_pa_7,7,16,2600115858,140085366,"[35, 138, 155, 164, 202, 219, 221, 235, 255, 304, 325, 329, 383, 386, 411, 414, 429, 458, 465, 564]","[436, 103, 348, 297, 524, 404, 120, 539, 492, 260, 193, 116, 363, 324, 119, 205, 493, 270, 264, 286]",600,20,0.62,,,,,,,0.0,1.0,0.005,,,4.951666666666666,0.6870894152345948,1.0,0.07333333333333333,4.8,0.0015918837111705605,0.00363690354181589,0.1413793103448276,0.010344827586206896,0.0,0.0,2.220689655172414,4.0,0.0,0.11379310344827587,5.696551724137931,0.13087769593912832,0.7379548567685069,0.004583333333333333,3.8,0.7820728098253055,0.06551724137931035,0.9637931034482758,0.965,0.9194195421878248,30,False,2330.0
3,paper_pa,paper_pa_7,7,17,2600115858,1848612940,"[43, 55, 74, 76, 94, 122, 167, 176, 181, 249, 286, 289, 299, 306, 317, 319, 373, 410, 431, 593]","[165, 580, 471, 429, 494, 375, 513, 498, 427, 85, 537, 579, 149, 54, 379, 99, 572, 218, 109, 385]",600,20,0.62,,,,,,,0.0,1.0,0.005,,,4.951666666666666,0.6870894152345948,1.0,0.07333333333333333,4.7,0.0015785699388479672,0.0037716011518011752,0.14482758620689656,0.008620689655172414,0.0017241379310344827,0.0,2.2086206896551723,4.0,0.0,0.10517241379310345,5.658620689655172,0.13283495679848095,0.7321362634744804,0.004832594306278516,4.015789473684211,0.8950428265058215,0.05517241379310345,0.30689655172413793,0.33,0.957102624932304,30,False,1526.0
3,paper_pa,paper_pa_7,7,18,2600115858,2189696366,"[3, 12, 66, 160, 215, 232, 259, 309, 319, 353, 373, 384, 452, 476, 493, 495, 510, 514, 536, 553]","[20, 373, 478, 49, 280, 554, 458, 419, 99, 442, 572, 76, 547, 275, 501, 566, 304, 82, 408, 328]",600,20,0.62,,,,,,,0.0,1.0,0.005,,,4.951666666666666,0.6870894152345948,1.0,0.07333333333333333,5.4,0.0018495819083787367,0.007606147199105696,0.1706896551724138,0.013793103448275862,0.0017241379310344827,0.0,2.1534482758620688,4.0,0.0,0.13793103448275862,5.441379310344828,0.15075554512606928,0.689571794413674,0.004585727969348658,4.089473684210526,0.8882055862895787,0.07413793103448275,0.9672413793103448,0.9683333333333334,0.9025588331278414,30,False,2330.0
3,paper_pa,paper_pa_7,7,19,2600115858,1547871144,"[7, 25, 26, 52, 72, 75, 186, 194, 197, 199, 230, 231, 257, 265, 311, 442, 459, 468, 478, 481]","[112, 299, 39, 528, 75, 396, 21, 387, 71, 424, 369, 204, 242, 525, 221, 130, 202, 336, 456, 479]",600,20,0.62,,,,,,,0.0,1.0,0.005,,,4.951666666666666,0.6870894152345948,1.0,0.07333333333333333,4.75,0.0015863032353188942,0.005016952736903601,0.1482758620689655,0.013793103448275862,0.0017241379310344827,0.0,2.174137931034483,4.0,0.0,0.16724137931034483,6.344827586206897,0.13463091745226477,0.7264844261806921,0.0056692668673278095,3.863157894736842,0.8776770591151437,0.05862068965517241,0.41379310344827586,0.43333333333333335,0.946031249826774,30,False,1582.0
3,paper_pa,paper_pa_7,7,20,2600115858,3477930518,"[33, 35, 36, 76, 80, 83, 108, 162, 199, 203, 268, 307, 347, 352, 398, 402, 492, 521, 575, 583]","[301, 436, 487, 429, 17, 367, 154, 311, 424, 41, 405, 225, 594, 187, 358, 266, 194, 309, 263, 435]",600,20,0.62,,,,,,,0.0,1.0,0.005,,,4.951666666666666,0.6870894152345948,1.0,0.07333333333333333,4.55,0.001549491709591035,0.004491987603499834,0.13275862068965516,0.017241379310344827,0.0034482758620689655,0.0,2.263793103448276,4.0,0.0,0.15862068965517243,5.834482758620689,0.12384138560731084,0.7529212077898875,0.01116159640153448,3.8421052631578947,0.8045227025942399,0.06896551724137931,0.5431034482758621,0.5583333333333333,0.9279792078305036,30,False,1764.0
3,paper_pa,paper_pa_7,7,21,2600115858,1221969920,"[2, 29, 54, 64, 73, 99, 112, 125, 265, 275, 342, 353, 382, 440, 514, 527, 550, 573, 580, 596]","[553, 6, 25, 521, 565, 173, 3, 16, 525, 323, 349, 442, 300, 1, 82, 203, 91, 259, 156, 10]",600,20,0.62,,,,,,,0.0,1.0,0.005,,,4.951666666666666,0.6870894152345948,1.0,0.07333333333333333,5.0,0.0016950759134433558,0.004358994300606345,0.15,0.015517241379310345,0.0017241379310344827,0.0,2.231034482758621,4.0,0.0,0.15172413793103448,6.258620689655173,0.1371535442326909,0.7236376630337681,0.006883109262971963,3.7578947368421054,0.7239857721569513,0.06206896551724138,0.3482758620689655,0.37,0.9429629591759294,30,False,1592.0
3,paper_pa,paper_pa_7,7,22,2600115858,850087932,"[29, 34, 62, 99, 102, 111, 112, 116, 147, 207, 227, 277, 293, 319, 338, 370, 375, 489, 547, 564]","[6, 485, 228, 173, 129, 432, 3, 318, 517, 252, 354, 175, 110, 99, 325, 403, 178, 78, 437, 286]",600,20,0.62,,,,,,,0.0,1.0,0.005,,,4.951666666666666,0.6870894152345948,1.0,0.07333333333333333,4.95,0.001712946599997976,0.003654300319778889,0.15344827586206897,0.006896551724137931,0.0,0.0,2.2896551724137932,4.0,0.0,0.1,5.0793103448275865,0.13582775693723315,0.7180513370257876,0.0019848484848484847,4.105263157894737,0.8204956315648535,0.0603448275862069,0.4051724137931034,0.425,0.9468650000635535,30,False,1632.0
3,paper_pa,paper_pa_7,7,23,2600115858,2369865538,"[75, 100, 110, 275, 288, 295, 332, 344, 348, 365, 418, 422, 457, 495, 497, 535, 549, 555, 559, 562]","[396, 37, 370, 323, 236, 45, 434, 506, 57, 214, 226, 592, 121, 566, 511, 140, 345, 514, 9, 306]",600,20,0.62,,,,,,,0.0,1.0,0.005,,,4.951666666666666,0.6870894152345948,1.0,0.07333333333333333,4.0,0.0013743434287194045,0.002510183542888238,0.12241379310344827,0.015517241379310345,0.0,0.0,2.279310344827586,5.0,0.0,0.08448275862068966,5.158620689655172,0.11808577979708536,0.7705854326722649,0.006324143692564745,4.094736842105263,0.8324169971593528,0.06206896551724138,0.4517241379310345,0.47,0.9671992920339108,30,False,1642.0
3,paper_pa,paper_pa_7,7,24,2600115858,2801962675,"[42, 52, 126, 145, 159, 160, 196, 223, 280, 295, 313, 329, 344, 353, 429, 442, 459, 477, 555, 583]","[269, 528, 223, 92, 206, 49, 353, 469, 233, 45, 220, 116, 506, 442, 493, 130, 202, 222, 514, 435]",600,20,0.62,,,,,,,0.0,1.0,0.005,,,4.951666666666666,0.6870894152345948,1.0,0.07333333333333333,4.9,0.0016241683421626546,0.0035142751277845337,0.15344827586206897,0.008620689655172414,0.0017241379310344827,0.0,2.231034482758621,4.0,0.0,0.15862068965517243,6.087931034482758,0.13920489926245666,0.7175391578821988,0.006021682995367205,3.8157894736842106,0.8776770591151436,0.056896551724137934,0.6775862068965517,0.6883333333333334,0.936020249966532,30,False,1816.0
3,paper_pa,paper_pa_7,7,25,2600115858,1458905552,"[0, 10, 32, 48, 55, 62, 70, 127, 189, 191, 193, 220, 233, 280, 364, 367, 372, 462, 483, 594]","[26, 29, 12, 217, 580, 228, 77, 210, 40, 64, 174, 271, 331, 233, 463, 337, 133, 447, 574, 392]",600,20,0.62,,,,,,,0.0,1.0,0.005,,,4.951666666666666,0.6870894152345948,1.0,0.07333333333333333,7.0,0.002277649240642182,0.016392476334490876,0.2120689655172414,0.01896551724137931,0.0,0.0,2.0224137931034485,4.0,0.0,0.18275862068965518,6.172413793103448,0.17330905860669388,0.6253350008933357,0.0031639781978945103,3.9210526315789473,0.8497827645500308,0.07758620689655173,0.9672413793103448,0.9683333333333334,0.948295374866575,30,False,2330.0
3,paper_pa,paper_pa_7,7,26,2600115858,3524002338,"[12, 94, 190, 199, 216, 223, 241, 249, 259, 277, 285, 318, 319, 329, 346, 418, 498, 534, 545, 583]","[373, 494, 425, 424, 199, 469, 562, 85, 458, 175, 105, 563, 99, 116, 451, 226, 426, 428, 484, 435]",600,20,0.62,,,,,,,0.0,1.0,0.005,,,4.951666666666666,0.6870894152345948,1.0,0.07333333333333333,3.5,0.0012741170476296853,0.002452313682469534,0.11379310344827587,0.005172413793103448,0.0017241379310344827,0.0,2.329310344827586,4.0,0.0,0.04827586206896552,4.4862068965517246,0.10915918530862129,0.7857244952653207,0.0034711779448621553,4.336842105263158,0.8882055862895787,0.06896551724137931,0.43103448275862066,0.45,0.9647208750247955,30,False,1646.0
3,paper_pa,paper_pa_7,7,27,2600115858,1867941809,"[71, 97, 103, 132, 164, 178, 194, 289, 292, 322, 365, 374, 425, 429, 444, 522, 527, 546, 568, 571]","[444, 2, 457, 111, 297, 595, 387, 579, 32, 399, 214, 468, 276, 493, 104, 167, 203, 453, 48, 335]",600,20,0.62,,,,,,,0.0,1.0,0.005,,,4.951666666666666,0.6870894152345948,1.0,0.07333333333333333,4.6,0.0015415129729317574,0.002724540859261258,0.13620689655172413,0.01206896551724138,0.0,0.0,2.2620689655172415,4.0,0.0,0.1,6.0137931034482754,0.1290032384896142,0.7466202132094575,0.004826328642118116,3.8210526315789473,0.7994385772159833,0.06724137931034482,0.4206896551724138,0.44,0.9445205421652645,30,False,1630.0
3,paper_pa,paper_pa_7,7,28,2600115858,2612120501,"[72, 86, 93, 99, 108, 141, 145, 165, 220, 235, 310, 360, 365, 374, 375, 419, 438, 444, 543, 572]","[75, 371, 397, 173, 154, 60, 92, 491, 271, 539, 191, 421, 214, 468, 178, 131, 100, 104, 215, 273]",600,20,0.62,,,,,,,0.0,1.0,0.005,,,4.951666666666666,0.6870894152345948,1.0,0.07333333333333333,4.15,0.001441927554611065,0.003563797690831182,0.12758620689655173,0.01206896551724138,0.0,0.0,2.246551724137931,4.0,0.0,0.1103448275862069,5.525862068965517,0.12042262831656107,0.7616222976594604,0.0051855600539811066,3.9894736842105263,0.7994385772159833,0.06551724137931035,0.65,0.6616666666666666,0.9558747080154717,30,False,1820.0
3,paper_pa,paper_pa_7,7,29,2600115858,572297752,"[74, 83, 147, 164, 176, 205, 209, 249, 291, 308, 339, 351, 387, 397, 409, 456, 507, 531, 565, 583]","[471, 367, 517, 297, 498, 362, 512, 85, 540, 410, 431, 398, 196, 350, 504, 500, 483, 70, 148, 435]",600,20,0.62,,,,,,,0.0,1.0,0.005,,,4.951666666666666,0.6870894152345948,1.0,0.07333333333333333,5.15,0.0017176622869121722,0.0037320753744244915,0.15862068965517243,0.01206896551724138,0.0,0.0,2.2275862068965515,5.0,0.0,0.10862068965517241,5.686206896551724,0.1445305470761079,0.7087963790125662,0.003310609668968802,4.015789473684211,0.8776770591151437,0.06551724137931035,0.9637931034482758,0.965,0.911400374956429,30,False,2326.0
3,paper_pa,paper_pa_7,7,30,2600115858,3808432486,"[82, 92, 135, 165, 212, 245, 272, 277, 305, 366, 388, 432, 437, 440, 457, 493, 495, 504, 536, 560]","[364, 402, 58, 491, 213, 591, 382, 175, 505, 502, 23, 422, 93, 1, 121, 501, 566, 587, 408, 438]",600,20,0.62,,,,,,,0.0,1.0,0.005,,,4.951666666666666,0.6870894152345948,1.0,0.07333333333333333,3.9,0.0013474057360619595,0.0026171200568926405,0.11896551724137931,0.01206896551724138,0.0,0.0,2.317241379310345,4.0,0.0,0.08620689655172414,4.887931034482759,0.1155255173133494,0.7765648263950926,0.005430242272347535,4.126315789473685,0.7820728098253055,0.06551724137931035,0.3603448275862069,0.38166666666666665,0.9380529159680009,30,False,1572.0
3,paper_pa,paper_pa_7,7,31,2600115858,2442822983,"[46, 68, 69, 70, 114, 142, 155, 171, 217, 231, 276, 289, 412, 462, 467, 491, 498, 553, 560, 595]","[69, 247, 172, 77, 443, 332, 348, 90, 448, 204, 190, 579, 79, 447, 344, 395, 426, 328, 438, 411]",600,20,0.62,,,,,,,0.0,1.0,0.005,,,4.951666666666666,0.6870894152345948,1.0,0.07333333333333333,4.15,0.00144296287143105,0.003247719572310674,0.1310344827586207,0.01206896551724138,0.0,0.0,2.25,4.0,0.0,0.09310344827586207,5.386206896551724,0.12572816161220604,0.7554999702221428,0.004373623452570821,4.126315789473685,0.7889100500415483,0.06551724137931035,0.9637931034482758,0.965,0.9100113750901073,30,False,2330.0
3,paper_pa,paper_pa_7,7,32,2600115858,3826085472,"[9, 16, 17, 30, 155, 167, 257, 279, 291, 347, 348, 372, 449, 464, 478, 505, 529, 531, 537, 551]","[519, 241, 533, 381, 348, 513, 242, 126, 540, 594, 57, 133, 418, 289, 456, 43, 598, 70, 38, 548]",600,20,0.62,,,,,,,0.0,1.0,0.005,,,4.951666666666666,0.6870894152345948,1.0,0.07333333333333333,3.95,0.0013750033073248436,0.0025725881985941613,0.11551724137931034,0.013793103448275862,0.0017241379310344827,0.0,2.3051724137931036,4.0,0.0,0.1206896551724138,5.805172413793104,0.11386455422901264,0.7825680424036686,0.007355948145421829,4.0,0.8273328717810964,0.0603448275862069,0.9482758620689655,0.95,0.9349628328345716,30,False,2314.0
3,paper_pa,paper_pa_7,7,33,2600115858,400662097,"[8, 78, 153, 160, 200, 218, 233, 277, 298, 478, 486, 511, 530, 541, 545, 567, 571, 574, 581, 583]","[30, 170, 285, 49, 305, 343, 331, 175, 293, 456, 526, 185, 56, 499, 484, 532, 335, 216, 186, 435]",600,20,0.62,,,,,,,0.0,1.0,0.005,,,4.951666666666666,0.6870894152345948,1.0,0.07333333333333333,4.35,0.0015026666068587134,0.003136329627412385,0.1310344827586207,0.017241379310344827,0.0017241379310344827,0.0,2.263793103448276,5.0,0.0,0.09310344827586207,5.336206896551724,0.12566707189294282,0.7555773926508248,0.007394165002524135,4.063157894736842,0.8273328717810964,0.06379310344827586,0.9448275862068966,0.9466666666666667,0.9270630420651287,30,False,2302.0
3,paper_pa,paper_pa_7,7,34,2600115858,2386674601,"[130, 140, 147, 215, 229, 252, 298, 306, 344, 350, 374, 406, 417, 427, 466, 514, 533, 540, 565, 568]","[352, 589, 517, 280, 239, 124, 293, 54, 506, 152, 468, 107, 201, 355, 522, 82, 136, 315, 148, 48]",600,20,0.62,,,,,,,0.0,1.0,0.005,,,4.951666666666666,0.6870894152345948,1.0,0.07333333333333333,4.75,0.0015763429596162587,0.003501060065369436,0.14482758620689656,0.01206896551724138,0.0,0.0,2.2448275862068967,4.0,0.0,0.1413793103448276,6.155172413793103,0.13498144825435068,0.7319814186171163,0.004472720262193946,3.8157894736842106,0.8566200047662734,0.06206896551724138,0.9793103448275862,0.98,0.8953196671791375,30,False,2330.0
3,paper_pa,paper_pa_7,7,35,2600115858,204708151,"[3, 18, 25, 53, 77, 83, 97, 113, 141, 180, 195, 248, 306, 308, 322, 328, 359, 458, 476, 593]","[20, 596, 299, 244, 351, 367, 2, 118, 60, 115, 158, 251, 54, 410, 399, 588, 135, 270, 275, 385]",600,20,0.62,,,,,,,0.0,1.0,0.005,,,4.951666666666666,0.6870894152345948,1.0,0.07333333333333333,7.1,0.002286949676129492,0.01064200060277411,0.21551724137931033,0.022413793103448276,0.0,0.0,2.0172413793103448,5.0,0.0,0.20689655172413793,6.660344827586207,0.18409193559603715,0.6179977368828539,0.004011587093801252,3.694736842105263,0.9055713536802565,0.06551724137931035,0.9724137931034482,0.9733333333333334,0.9056772089097649,30,False,2330.0
3,paper_pa,paper_pa_7,7,36,2600115858,4241843414,"[20, 43, 144, 206, 208, 210, 260, 313, 325, 328, 387, 399, 418, 423, 437, 443, 461, 488, 533, 566]","[33, 165, 249, 389, 307, 143, 578, 220, 193, 588, 196, 52, 226, 570, 93, 237, 334, 482, 136, 470]",600,20,0.62,,,,,,,0.0,1.0,0.005,,,4.951666666666666,0.6870894152345948,1.0,0.07333333333333333,5.4,0.0017894817702162151,0.005924064892400529,0.1724137931034483,0.010344827586206896,0.0,0.0,2.1120689655172415,4.0,0.0,0.11379310344827587,5.839655172413793,0.15372555802882798,0.6861771186945388,0.0023446774831816382,3.9526315789473685,0.8762842206950795,0.07413793103448275,0.9706896551724138,0.9716666666666667,0.9177865418605506,30,False,2328.0
3,paper_pa,paper_pa_7,7,37,2600115858,2363943009,"[1, 34, 89, 156, 159, 178, 203, 224, 237, 261, 299, 334, 368, 375, 404, 426, 464, 481, 521, 585]","[558, 485, 274, 36, 206, 595, 41, 268, 564, 163, 149, 151, 536, 178, 544, 166, 289, 479, 309, 413]",600,20,0.62,,,,,,,0.0,1.0,0.005,,,4.951666666666666,0.6870894152345948,1.0,0.07333333333333333,6.7,0.0021300672608953555,0.011765187652086558,0.19655172413793104,0.02413793103448276,0.0,0.0,2.0741379310344827,4.0,0.0,0.18275862068965518,6.23448275862069,0.16737984511056703,0.6487999523554285,0.004948964544694344,3.794736842105263,0.8324169971593527,0.08448275862068966,0.9672413793103448,0.9683333333333334,0.8833262079861015,30,False,2328.0
3,paper_pa,paper_pa_7,7,38,2600115858,2693402804,"[35, 58, 83, 114, 129, 157, 236, 315, 324, 390, 391, 413, 448, 449, 455, 500, 559, 563, 569, 590]","[436, 51, 367, 443, 153, 89, 581, 316, 441, 510, 28, 294, 449, 418, 96, 283, 9, 474, 184, 278]",600,20,0.62,,,,,,,0.0,1.0,0.005,,,4.951666666666666,0.6870894152345948,1.0,0.07333333333333333,4.45,0.0015108965211228988,0.003437828139918002,0.13448275862068965,0.013793103448275862,0.0017241379310344827,0.0,2.2948275862068965,5.0,0.0,0.1103448275862069,5.3293103448275865,0.12634979547630742,0.7497587993567982,0.006026203328834907,4.052631578947368,0.8287257102011606,0.05517241379310345,0.43103448275862066,0.45,0.9469739580526948,30,False,1648.0
3,paper_pa,paper_pa_7,7,39,2600115858,244635022,"[20, 25, 46, 73, 95, 112, 126, 146, 242, 248, 312, 320, 416, 429, 488, 491, 523, 567, 574, 594]","[33, 299, 69, 565, 365, 3, 223, 390, 518, 251, 159, 347, 141, 493, 482, 395, 475, 532, 216, 392]",600,20,0.62,,,,,,,0.0,1.0,0.005,,,4.951666666666666,0.6870894152345948,1.0,0.07333333333333333,5.5,0.001820894765498501,0.007031370887514208,0.16379310344827586,0.017241379310344827,0.0017241379310344827,0.0,2.1551724137931036,5.0,0.0,0.15,6.127586206896551,0.14671522240335544,0.7006551128580787,0.005114870509607351,3.9157894736842107,0.9334656482453696,0.05862068965517241,0.9362068965517242,0.9383333333333334,0.9285684172064066,30,False,2272.0
3,paper_pa,paper_pa_7,7,40,2600115858,2387503294,"[36, 50, 51, 84, 98, 104, 109, 141, 197, 206, 223, 228, 264, 295, 462, 524, 534, 543, 558, 567]","[487, 235, 117, 250, 169, 257, 8, 60, 71, 389, 469, 310, 44, 45, 447, 182, 428, 215, 503, 532]",600,20,0.62,,,,,,,0.0,1.0,0.005,,,4.951666666666666,0.6870894152345948,1.0,0.07333333333333333,4.25,0.0014400510833085848,0.0036844371018004583,0.12413793103448276,0.017241379310344827,0.005172413793103448,0.0,2.303448275862069,4.0,0.0,0.15517241379310345,5.696551724137931,0.12132610522265551,0.7674647132392353,0.010208534155902576,4.031578947368421,0.8273328717810964,0.06896551724137931,0.9689655172413794,0.97,0.9278525409754366,30,False,2330.0
3,paper_pa,paper_pa_7,7,41,2600115858,1628554807,"[18, 19, 42, 136, 146, 297, 311, 312, 324, 396, 397, 420, 437, 438, 452, 491, 496, 506, 550, 581]","[596, 240, 269, 314, 390, 181, 221, 159, 441, 372, 350, 114, 93, 100, 547, 395, 248, 198, 91, 186]",600,20,0.62,,,,,,,0.0,1.0,0.005,,,4.951666666666666,0.6870894152345948,1.0,0.07333333333333333,4.3,0.0014880061084579263,0.004255967587920418,0.12931034482758622,0.010344827586206896,0.0017241379310344827,0.0,2.3344827586206898,4.0,0.0,0.10344827586206896,4.968965517241379,0.11917603476416608,0.7589780239413971,0.006178436286795419,4.105263157894737,0.8776770591151437,0.0603448275862069,0.6620689655172414,0.6733333333333333,0.9495180840604007,30,False,1824.0
3,paper_pa,paper_pa_7,7,42,2600115858,2338608307,"[18, 94, 124, 153, 161, 162, 207, 212, 230, 290, 316, 350, 351, 355, 394, 433, 468, 493, 565, 568]","[596, 494, 542, 285, 481, 311, 252, 213, 369, 523, 552, 152, 398, 583, 477, 195, 336, 501, 148, 48]",600,20,0.62,,,,,,,0.0,1.0,0.005,,,4.951666666666666,0.6870894152345948,1.0,0.07333333333333333,5.25,0.0017325878517648098,0.004123797090227811,0.15862068965517243,0.01896551724137931,0.0017241379310344827,0.0,2.222413793103448,4.0,0.0,0.12758620689655173,5.956896551724138,0.14600646330549089,0.7088321124411887,0.009718283409419144,3.8,0.8497827645500305,0.06724137931034482,0.9655172413793104,0.9666666666666667,0.9284559160005301,30,False,2328.0
3,paper_pa,paper_pa_7,7,43,2600115858,3376263766,"[17, 35, 41, 68, 83, 127, 143, 177, 202, 254, 259, 319, 384, 390, 391, 427, 435, 440, 475, 527]","[533, 436, 177, 247, 367, 210, 150, 123, 524, 291, 458, 99, 76, 510, 28, 355, 162, 1, 322, 203]",600,20,0.62,,,,,,,0.0,1.0,0.005,,,4.951666666666666,0.6870894152345948,1.0,0.07333333333333333,5.15,0.0017242983540445855,0.004520308352984552,0.16206896551724137,0.006896551724137931,0.0017241379310344827,0.0,2.1810344827586206,4.0,0.0,0.1482758620689655,6.0344827586206895,0.14509310098723882,0.703227919718897,0.002604919160646715,3.9263157894736844,0.8657556935206444,0.06896551724137931,0.9689655172413794,0.97,0.8846811249386519,30,False,2330.0
3,paper_pa,paper_pa_7,7,44,2600115858,3789527345,"[21, 24, 48, 49, 55, 143, 152, 158, 166, 173, 206, 207, 260, 287, 347, 470, 546, 562, 568, 588]","[576, 253, 217, 231, 580, 150, 7, 515, 55, 303, 389, 252, 578, 575, 594, 366, 453, 306, 48, 409]",600,20,0.62,,,,,,,0.0,1.0,0.005,,,4.951666666666666,0.6870894152345948,1.0,0.07333333333333333,6.3,0.002058963926493784,0.006380710472171107,0.19827586206896552,0.010344827586206896,0.0017241379310344827,0.0,2.093103448275862,4.0,0.0,0.12758620689655173,6.425862068965517,0.1719915902358977,0.6443987850634268,0.003967121516616384,3.7736842105263158,0.8392542373755956,0.07413793103448275,0.9758620689655172,0.9766666666666667,0.8762008328922093,30,False,2330.0
3,paper_pa,paper_pa_7,7,45,2600115858,4138008063,"[19, 73, 102, 128, 181, 214, 232, 252, 291, 394, 403, 443, 450, 455, 489, 492, 506, 552, 572, 587]","[240, 565, 129, 361, 427, 72, 554, 124, 540, 477, 290, 237, 386, 96, 78, 194, 198, 317, 273, 15]",600,20,0.62,,,,,,,0.0,1.0,0.005,,,4.951666666666666,0.6870894152345948,1.0,0.07333333333333333,3.5,0.0012334362050083582,0.0018571734479385191,0.11206896551724138,0.006896551724137931,0.0017241379310344827,0.0,2.329310344827586,5.0,0.0,0.10344827586206896,5.332758620689655,0.1081349734419742,0.7887737478411053,0.004966261808367072,4.105263157894737,0.8776770591151436,0.05344827586206897,0.31896551724137934,0.3416666666666667,0.9485997499432415,30,False,1550.0
3,paper_pa,paper_pa_7,7,46,2600115858,1656288429,"[7, 10, 55, 76, 88, 99, 116, 120, 130, 171, 246, 258, 297, 352, 353, 454, 470, 479, 532, 588]","[112, 29, 580, 429, 62, 173, 318, 98, 352, 90, 380, 582, 181, 187, 442, 569, 366, 460, 423, 409]",600,20,0.62,,,,,,,0.0,1.0,0.005,,,4.951666666666666,0.6870894152345948,1.0,0.07333333333333333,4.8,0.0016353344449051466,0.004667178158671345,0.1482758620689655,0.017241379310344827,0.0,0.0,2.268965517241379,4.0,0.0,0.12586206896551724,5.674137931034482,0.13835393529268045,0.7261390030373415,0.005974500645553277,3.8842105263157896,0.9055713536802565,0.0603448275862069,0.41379310344827586,0.43333333333333335,0.966028249822557,30,False,1604.0
3,paper_pa,paper_pa_7,7,47,2600115858,3328225072,"[6, 14, 55, 56, 69, 131, 150, 163, 199, 205, 236, 250, 253, 262, 293, 321, 406, 418, 473, 488]","[551, 296, 580, 197, 172, 142, 445, 94, 424, 362, 581, 125, 122, 161, 110, 176, 107, 226, 68, 482]",600,20,0.62,,,,,,,0.0,1.0,0.005,,,4.951666666666666,0.6870894152345948,1.0,0.07333333333333333,5.6,0.0018454466856760755,0.005911638441582278,0.16724137931034483,0.017241379310344827,0.0017241379310344827,0.0,2.1758620689655173,4.0,0.0,0.17413793103448275,6.606896551724138,0.1493813767739257,0.6947114525638735,0.007584301663249032,3.7842105263157895,0.8603112917244656,0.0706896551724138,0.9775862068965517,0.9783333333333334,0.9035566670354456,30,False,2330.0
3,paper_pa,paper_pa_7,7,48,2600115858,3502940049,"[10, 89, 113, 114, 143, 177, 245, 250, 304, 319, 327, 339, 340, 341, 404, 406, 469, 505, 516, 582]","[29, 274, 118, 443, 150, 123, 591, 125, 260, 99, 295, 431, 180, 24, 544, 107, 446, 43, 497, 61]",600,20,0.62,,,,,,,0.0,1.0,0.005,,,4.951666666666666,0.6870894152345948,1.0,0.07333333333333333,5.15,0.0017285360224442506,0.0050126239070910055,0.15517241379310345,0.022413793103448276,0.0,0.0,2.236206896551724,4.0,0.0,0.11724137931034483,5.508620689655173,0.1454924553323723,0.71447799416354,0.006974365503777269,3.9157894736842107,0.7660998808546918,0.0706896551724138,0.9620689655172414,0.9633333333333334,0.9213502500206232,30,False,2328.0
3,paper_pa,paper_pa_7,7,49,2600115858,3529079371,"[19, 23, 58, 66, 82, 96, 140, 190, 248, 264, 290, 308, 361, 377, 388, 464, 493, 541, 547, 567]","[240, 219, 51, 478, 364, 420, 589, 425, 251, 44, 523, 410, 168, 557, 23, 289, 501, 499, 437, 532]",600,20,0.62,,,,,,,0.0,1.0,0.005,,,4.951666666666666,0.6870894152345948,1.0,0.07333333333333333,4.6,0.0015639286952126232,0.0032096156735863537,0.1396551724137931,0.008620689655172414,0.0,0.0,2.18448275862069,4.0,0.0,0.08275862068965517,5.396551724137931,0.1289027695890676,0.7409743314871062,0.0023391812865497076,3.973684210526316,0.9334656482453696,0.06724137931034482,0.9689655172413794,0.97,0.9247582079842687,30,False,2330.0
3,paper_pa,paper_pa_8,8,0,4152538135,3622475875,"[22, 62, 80, 83, 122, 151, 168, 203, 218, 274, 301, 307, 337, 391, 400, 432, 477, 492, 500, 584]","[593, 288, 470, 393, 468, 179, 246, 340, 434, 533, 32, 512, 117, 287, 478, 550, 506, 20, 213, 195]",600,20,0.62,,,,,,,0.0,1.0,0.005,,,5.0216666666666665,0.752323723188833,1.0,0.13,4.75,0.0015999998942174687,0.004799084466398535,0.1396551724137931,0.01206896551724138,0.0017241379310344827,0.0,2.212068965517241,4.0,0.0,0.16034482758620688,6.096551724137931,0.12885606901474841,0.7409862426299804,0.00643483709273183,3.963157894736842,0.7820728098253055,0.06896551724137931,0.9448275862068966,0.9466666666666667,0.9143941658549011,30,False,2324.0
3,paper_pa,paper_pa_8,8,1,4152538135,2973726895,"[27, 44, 110, 127, 143, 162, 176, 189, 210, 214, 314, 351, 392, 403, 465, 470, 475, 500, 525, 544]","[490, 121, 208, 445, 381, 238, 261, 81, 229, 173, 334, 149, 578, 127, 44, 71, 290, 213, 215, 176]",600,20,0.62,,,,,,,0.0,1.0,0.005,,,5.0216666666666665,0.752323723188833,1.0,0.13,5.35,0.001762064980783816,0.004829925641216252,0.15862068965517243,0.017241379310344827,0.0017241379310344827,0.0,2.179310344827586,4.0,0.0,0.18620689655172415,7.296551724137931,0.14634629302022434,0.7087546900125067,0.010273940885395993,3.542105263157895,0.8776770591151436,0.09137931034482759,0.9793103448275862,0.98,0.8796481669414788,30,False,2354.0
3,paper_pa,paper_pa_8,8,2,4152538135,4220476306,"[6, 7, 22, 33, 64, 73, 80, 87, 124, 133, 155, 162, 179, 210, 356, 488, 489, 518, 542, 592]","[518, 78, 593, 237, 126, 197, 470, 410, 551, 227, 55, 238, 425, 229, 72, 87, 588, 459, 440, 74]",600,20,0.62,,,,,,,0.0,1.0,0.005,,,5.0216666666666665,0.752323723188833,1.0,0.13,5.5,0.0018017073215050815,0.005757604140433059,0.1482758620689655,0.01896551724137931,0.0034482758620689655,0.0,2.179310344827586,4.0,0.0,0.22413793103448276,8.067241379310344,0.13960608283466883,0.7260496694657852,0.018679558745348216,3.3842105263157896,0.8882055862895787,0.07586206896551724,0.9758620689655172,0.9766666666666667,0.8948326660320163,30,False,2354.0
3,paper_pa,paper_pa_8,8,3,4152538135,168845639,"[25, 35, 262, 264, 275, 279, 291, 297, 321, 335, 382, 385, 421, 457, 477, 518, 533, 554, 560, 576]","[567, 258, 190, 245, 57, 528, 525, 211, 255, 303, 306, 134, 304, 382, 506, 459, 11, 594, 476, 244]",600,20,0.62,,,,,,,0.0,1.0,0.005,,,5.0216666666666665,0.752323723188833,1.0,0.13,4.7,0.00158611327782053,0.003566040371702787,0.13448275862068965,0.01896551724137931,0.0017241379310344827,0.0,2.220689655172414,4.0,0.0,0.1724137931034483,5.979310344827586,0.12915774715039532,0.7496099100708713,0.009044354768038979,3.8789473684210525,0.7889100500415482,0.06896551724137931,0.9724137931034482,0.9733333333333334,0.9264960000291467,30,False,2354.0
3,paper_pa,paper_pa_8,8,4,4152538135,3135756233,"[41, 64, 67, 68, 89, 92, 112, 171, 181, 335, 336, 354, 358, 394, 412, 415, 422, 499, 574, 575]","[590, 126, 6, 354, 89, 263, 133, 377, 309, 303, 566, 218, 451, 431, 364, 536, 33, 168, 361, 317]",600,20,0.62,,,,,,,0.0,1.0,0.005,,,5.0216666666666665,0.752323723188833,1.0,0.13,5.0,0.0016712272212720085,0.0034531452577291457,0.1413793103448276,0.013793103448275862,0.0034482758620689655,0.0,2.222413793103448,4.0,0.0,0.16724137931034483,6.708620689655173,0.13360929327061682,0.7377761896253946,0.00804720133667502,3.610526315789474,0.8950428265058215,0.0603448275862069,0.9706896551724138,0.9716666666666667,0.9077444579452276,30,False,2354.0
3,paper_pa,paper_pa_8,8,5,4152538135,362830931,"[26, 55, 74, 124, 173, 188, 237, 253, 258, 276, 277, 282, 384, 401, 444, 458, 463, 466, 490, 597]","[69, 386, 553, 551, 501, 574, 337, 450, 426, 353, 436, 42, 64, 347, 333, 365, 430, 417, 560, 402]",600,20,0.62,,,,,,,0.0,1.0,0.005,,,5.0216666666666665,0.752323723188833,1.0,0.13,5.15,0.0017169440177295463,0.005767367811692693,0.16034482758620688,0.01206896551724138,0.0017241379310344827,0.0,2.1620689655172414,4.0,0.0,0.15344827586206897,5.86896551724138,0.14297485049735534,0.7064379727234829,0.004746937654260308,3.9105263157894736,0.7555713536802567,0.05862068965517241,0.9724137931034482,0.9733333333333334,0.8943716669455171,30,False,2354.0
3,paper_pa,paper_pa_8,8,6,4152538135,668566794,"[22, 61, 138, 148, 169, 213, 234, 292, 298, 318, 326, 341, 367, 434, 472, 528, 532, 561, 592, 596]","[593, 172, 531, 351, 330, 385, 328, 520, 130, 529, 401, 491, 565, 82, 193, 62, 239, 15, 74, 356]",600,20,0.62,,,,,,,0.0,1.0,0.005,,,5.0216666666666665,0.752323723188833,1.0,0.13,4.0,0.0013720335406420276,0.002174870935286808,0.1206896551724138,0.015517241379310345,0.0017241379310344827,0.0,2.263793103448276,4.0,0.0,0.1879310344827586,6.401724137931034,0.11818403623747455,0.7734857959621225,0.008504594820384294,3.8,0.9055713536802565,0.07413793103448275,0.9793103448275862,0.98,0.8953278751578182,30,False,2354.0
3,paper_pa,paper_pa_8,8,7,4152538135,624173716,"[7, 42, 96, 101, 146, 153, 174, 179, 204, 228, 276, 278, 283, 307, 310, 327, 335, 357, 380, 498]","[78, 437, 189, 129, 462, 3, 43, 425, 67, 503, 353, 583, 457, 512, 70, 556, 303, 226, 530, 21]",600,20,0.62,,,,,,,0.0,1.0,0.005,,,5.0216666666666665,0.752323723188833,1.0,0.13,5.2,0.0017345874100464973,0.005088267427592667,0.15689655172413794,0.01206896551724138,0.0017241379310344827,0.0,2.1948275862068964,4.0,0.0,0.16724137931034483,7.160344827586207,0.13936504632230534,0.7120302543029003,0.024176349965823647,3.7421052631578946,0.8324169971593528,0.05862068965517241,0.9862068965517241,0.9866666666666667,0.9144025000277907,30,False,2354.0
3,paper_pa,paper_pa_8,8,8,4152538135,2046366087,"[29, 56, 77, 95, 146, 193, 201, 225, 248, 262, 300, 394, 433, 435, 458, 465, 497, 542, 574, 585]","[345, 206, 253, 513, 462, 521, 479, 435, 31, 190, 572, 431, 52, 29, 365, 44, 427, 440, 361, 416]",600,20,0.62,,,,,,,0.0,1.0,0.005,,,5.0216666666666665,0.752323723188833,1.0,0.13,5.15,0.0017083134074209621,0.004132382857276301,0.14482758620689656,0.013793103448275862,0.0034482758620689655,0.0,2.2017241379310346,4.0,0.0,0.12586206896551724,6.227586206896552,0.13513897752477372,0.7319814186171163,0.008390717469664839,3.7736842105263158,0.7212000953168229,0.07931034482758621,0.9741379310344828,0.975,0.9104267919901758,30,False,2354.0
3,paper_pa,paper_pa_8,8,9,4152538135,2097562797,"[11, 20, 24, 28, 60, 87, 240, 262, 321, 356, 362, 381, 418, 422, 446, 460, 498, 573, 582, 596]","[8, 252, 466, 102, 282, 410, 169, 190, 255, 72, 585, 128, 325, 33, 104, 499, 21, 495, 456, 356]",600,20,0.62,,,,,,,0.0,1.0,0.005,,,5.0216666666666665,0.752323723188833,1.0,0.13,5.4,0.001789649415139969,0.00654393786912349,0.16379310344827586,0.017241379310344827,0.0017241379310344827,0.0,2.1862068965517243,4.0,0.0,0.20344827586206896,6.3310344827586205,0.15052077311928533,0.7001965338574236,0.0056205290554321025,3.8210526315789473,0.8671485319407085,0.08448275862068966,0.9793103448275862,0.98,0.8995337500236928,30,False,2354.0
3,paper_pa,paper_pa_8,8,10,4152538135,29092369,"[3, 11, 15, 152, 153, 158, 212, 241, 249, 267, 279, 315, 386, 387, 405, 431, 453, 463, 496, 506]","[324, 8, 271, 545, 3, 509, 396, 221, 148, 107, 528, 58, 455, 549, 408, 268, 489, 430, 251, 0]",600,20,0.62,,,,,,,0.0,1.0,0.005,,,5.0216666666666665,0.752323723188833,1.0,0.13,4.95,0.0016634942508655074,0.005997145859037666,0.15172413793103448,0.017241379310344827,0.0017241379310344827,0.0,2.1758620689655173,4.0,0.0,0.14310344827586208,6.153448275862069,0.14274737482521624,0.7202370317431958,0.005703178400546821,3.873684210526316,0.8273328717810964,0.06896551724137931,0.9724137931034482,0.9733333333333334,0.9115192091558129,30,False,2354.0
3,paper_pa,paper_pa_8,8,11,4152538135,220030714,"[24, 28, 35, 62, 128, 225, 231, 246, 251, 263, 327, 366, 370, 384, 405, 445, 485, 489, 514, 550]","[466, 102, 258, 288, 400, 435, 507, 240, 10, 45, 556, 256, 576, 64, 408, 284, 162, 588, 379, 598]",600,20,0.62,,,,,,,0.0,1.0,0.005,,,5.0216666666666665,0.752323723188833,1.0,0.13,5.95,0.0019070450395830478,0.005827690220497796,0.18275862068965518,0.010344827586206896,0.0017241379310344827,0.0,2.0741379310344827,4.0,0.0,0.1896551724137931,7.048275862068966,0.16211628051104715,0.6691739622416771,0.0036468064099643045,3.710526315789474,0.8008314156360475,0.06551724137931035,0.9810344827586207,0.9816666666666667,0.8808935421984643,30,False,2354.0
3,paper_pa,paper_pa_8,8,12,4152538135,3040002835,"[0, 20, 34, 166, 217, 308, 315, 341, 353, 387, 407, 414, 418, 459, 478, 525, 551, 569, 585, 587]","[369, 252, 101, 181, 391, 302, 58, 491, 586, 549, 573, 98, 325, 235, 314, 215, 68, 555, 416, 485]",600,20,0.62,,,,,,,0.0,1.0,0.005,,,5.0216666666666665,0.752323723188833,1.0,0.13,5.2,0.0017217135491867021,0.005089877709602446,0.15862068965517243,0.015517241379310345,0.0017241379310344827,0.0,2.1879310344827587,4.0,0.0,0.16379310344827586,5.808620689655172,0.14358294142612488,0.7090584241557978,0.005496070407061119,4.0,0.8552271663462093,0.06379310344827586,0.9844827586206897,0.985,0.9023294169455767,30,False,2354.0
3,paper_pa,paper_pa_8,8,13,4152538135,3253895258,"[85, 110, 228, 257, 267, 302, 333, 351, 355, 368, 376, 384, 394, 485, 498, 513, 522, 534, 565, 573]","[174, 208, 503, 510, 107, 432, 161, 149, 581, 260, 147, 64, 431, 162, 21, 200, 259, 180, 114, 495]",600,20,0.62,,,,,,,0.0,1.0,0.005,,,5.0216666666666665,0.752323723188833,1.0,0.13,3.7,0.0013141393389065927,0.001850197074642821,0.10172413793103448,0.01206896551724138,0.0017241379310344827,0.0,2.4086206896551725,4.0,0.0,0.14655172413793102,5.605172413793103,0.10104726491306651,0.8071049967244357,0.012930242272347533,3.873684210526316,0.8113599428104825,0.056896551724137934,0.6224137931034482,0.635,0.9652047089766711,30,False,1858.0
3,paper_pa,paper_pa_8,8,14,4152538135,2313921181,"[17, 130, 202, 212, 224, 226, 241, 245, 302, 319, 323, 368, 430, 434, 471, 476, 519, 577, 582, 587]","[25, 447, 399, 396, 269, 182, 221, 397, 432, 274, 186, 260, 497, 82, 60, 449, 276, 80, 456, 485]",600,20,0.62,,,,,,,0.0,1.0,0.005,,,5.0216666666666665,0.752323723188833,1.0,0.13,5.15,0.001729975198708035,0.006455712477586852,0.16551724137931034,0.01206896551724138,0.0,0.0,2.1482758620689655,4.0,0.0,0.11206896551724138,6.020689655172414,0.1445892471993617,0.6980584837115121,0.00414274322169059,3.889473684210526,0.7939941754198047,0.0603448275862069,0.38448275862068965,0.405,0.9672514589037746,30,True,1642.0
3,paper_pa,paper_pa_8,8,15,4152538135,1025032784,"[1, 4, 39, 48, 66, 105, 174, 195, 225, 234, 267, 279, 304, 338, 440, 446, 453, 500, 514, 537]","[210, 100, 508, 283, 94, 318, 43, 241, 435, 328, 107, 528, 109, 151, 153, 104, 489, 213, 379, 22]",600,20,0.62,,,,,,,0.0,1.0,0.005,,,5.0216666666666665,0.752323723188833,1.0,0.13,8.8,0.002835969003593004,0.021015017071790622,0.27413793103448275,0.02586206896551724,0.0034482758620689655,0.0,1.910344827586207,4.0,0.0,0.1896551724137931,6.274137931034483,0.2030447189212874,0.538109701625871,0.004248985634396753,3.863157894736842,0.8776770591151437,0.09655172413793103,0.9706896551724138,0.9716666666666667,0.8764245419297367,30,False,2354.0
3,paper_pa,paper_pa_8,8,16,4152538135,3563271117,"[0, 23, 85, 139, 164, 166, 234, 280, 302, 353, 401, 409, 446, 447, 465, 485, 525, 528, 573, 595]","[369, 97, 174, 596, 541, 181, 328, 439, 432, 586, 347, 443, 104, 111, 44, 162, 215, 62, 495, 36]",600,20,0.62,,,,,,,0.0,1.0,0.005,,,5.0216666666666665,0.752323723188833,1.0,0.13,5.05,0.0016812567667222299,0.004461153568425493,0.15344827586206897,0.005172413793103448,0.0017241379310344827,0.0,2.18448275862069,4.0,0.0,0.18275862068965518,6.346551724137931,0.13773583150189994,0.7176761360252516,0.002416005047583995,3.8789473684210525,0.8845142993313864,0.06379310344827586,0.9775862068965517,0.9783333333333334,0.9203371671028435,30,False,2354.0
3,paper_pa,paper_pa_8,8,17,4152538135,1878094543,"[60, 84, 92, 162, 201, 243, 284, 333, 335, 349, 350, 404, 426, 448, 492, 503, 522, 553, 592, 593]","[282, 248, 263, 238, 479, 519, 388, 161, 303, 281, 394, 212, 460, 16, 20, 367, 259, 156, 74, 185]",600,20,0.62,,,,,,,0.0,1.0,0.005,,,5.0216666666666665,0.752323723188833,1.0,0.13,4.9,0.0016476362192096691,0.004070770560297258,0.14482758620689656,0.017241379310344827,0.0,0.0,2.225862068965517,4.0,0.0,0.14310344827586208,6.122413793103449,0.1374612392677556,0.7318682627598118,0.005823270296954507,3.768421052631579,0.8324169971593528,0.0706896551724138,0.9689655172413794,0.97,0.9094673339277506,30,False,2354.0
3,paper_pa,paper_pa_8,8,18,4152538135,3552982098,"[12, 42, 45, 84, 140, 150, 194, 262, 281, 322, 324, 327, 333, 352, 390, 411, 418, 549, 550, 556]","[184, 437, 234, 248, 493, 537, 143, 190, 558, 546, 341, 556, 161, 384, 349, 51, 325, 150, 598, 313]",600,20,0.62,,,,,,,0.0,1.0,0.005,,,5.0216666666666665,0.752323723188833,1.0,0.13,5.05,0.001685224318415521,0.004775092332481688,0.15517241379310345,0.010344827586206896,0.0017241379310344827,0.0,2.1672413793103447,4.0,0.0,0.14655172413793102,6.160344827586207,0.1423923124260608,0.714555416592222,0.0041558609089568845,3.9210526315789473,0.9055713536802565,0.06551724137931035,0.9689655172413794,0.97,0.9063700002152473,30,False,2354.0
3,paper_pa,paper_pa_8,8,19,4152538135,4558693,"[7, 40, 105, 148, 163, 192, 246, 247, 258, 263, 280, 296, 322, 325, 354, 365, 436, 466, 497, 519]","[78, 473, 318, 351, 152, 177, 240, 597, 426, 45, 439, 580, 546, 295, 218, 170, 570, 417, 427, 276]",600,20,0.62,,,,,,,0.0,1.0,0.005,,,5.0216666666666665,0.752323723188833,1.0,0.13,5.0,0.0016814418886125803,0.002984042551021294,0.15517241379310345,0.01206896551724138,0.0017241379310344827,0.0,2.2448275862068967,4.0,0.0,0.10344827586206896,5.63103448275862,0.1421277645258387,0.7146149723065928,0.005703521624574256,3.931578947368421,0.8045227025942397,0.0706896551724138,0.9775862068965517,0.9783333333333334,0.8852633750066161,30,False,2354.0
3,paper_pa,paper_pa_8,8,20,4152538135,1156297983,"[0, 18, 27, 47, 51, 70, 100, 109, 124, 125, 147, 199, 248, 281, 325, 405, 407, 495, 539, 592]","[369, 579, 490, 123, 331, 79, 14, 453, 551, 4, 359, 41, 31, 558, 295, 408, 573, 144, 165, 74]",600,20,0.62,,,,,,,0.0,1.0,0.005,,,5.0216666666666665,0.752323723188833,1.0,0.13,5.45,0.0017622812407365,0.005502619368365279,0.16034482758620688,0.017241379310344827,0.0034482758620689655,0.0,2.122413793103448,4.0,0.0,0.1879310344827586,7.7172413793103445,0.14876988064749694,0.7058126377225895,0.009212421994929734,3.473684210526316,0.8099671043904184,0.07241379310344828,0.9706896551724138,0.9716666666666667,0.9083828751463443,30,False,2350.0
3,paper_pa,paper_pa_8,8,21,4152538135,3271917872,"[27, 28, 76, 137, 185, 212, 215, 231, 235, 274, 292, 343, 346, 402, 516, 524, 546, 555, 577, 592]","[490, 102, 419, 378, 471, 396, 374, 507, 311, 533, 520, 592, 61, 335, 272, 158, 375, 46, 80, 74]",600,20,0.62,,,,,,,0.0,1.0,0.005,,,5.0216666666666665,0.752323723188833,1.0,0.13,4.45,0.001518439420222603,0.0030397413010124505,0.1310344827586207,0.01206896551724138,0.0,0.0,2.25,4.0,0.0,0.12241379310344827,5.8068965517241375,0.1253071569696489,0.7555357036507653,0.003270012151591099,3.957894736842105,0.8483899261299666,0.05517241379310345,0.7172413793103448,0.7266666666666667,0.9290534579195082,30,False,1940.0
3,paper_pa,paper_pa_8,8,22,4152538135,2795909072,"[20, 35, 161, 170, 185, 187, 242, 323, 328, 361, 391, 489, 496, 507, 536, 554, 578, 585, 591, 597]","[252, 258, 584, 39, 471, 12, 526, 186, 540, 254, 287, 588, 251, 524, 595, 594, 250, 416, 222, 402]",600,20,0.62,,,,,,,0.0,1.0,0.005,,,5.0216666666666665,0.752323723188833,1.0,0.13,5.9,0.0019320450399963412,0.00499036827769742,0.1793103448275862,0.01896551724137931,0.0017241379310344827,0.0,2.15,4.0,0.0,0.17413793103448275,6.108620689655172,0.16245369225533432,0.6746947769638497,0.005781247905860909,3.789473684210526,0.8324169971593528,0.06206896551724138,0.9775862068965517,0.9783333333333334,0.8881166251376271,30,False,2354.0
3,paper_pa,paper_pa_8,8,23,4152538135,344021108,"[3, 15, 31, 61, 74, 84, 118, 213, 259, 272, 308, 320, 337, 339, 373, 397, 412, 500, 546, 569]","[324, 271, 93, 172, 553, 248, 1, 385, 249, 188, 302, 146, 117, 108, 358, 216, 364, 213, 375, 555]",600,20,0.62,,,,,,,0.0,1.0,0.005,,,5.0216666666666665,0.752323723188833,1.0,0.13,5.25,0.0017711773438566646,0.005477864584934491,0.15689655172413794,0.017241379310344827,0.0017241379310344827,0.0,2.1948275862068964,4.0,0.0,0.15517241379310345,6.906896551724138,0.14342834492153858,0.7117384313024835,0.007995432387032517,3.5736842105263156,0.8497827645500305,0.06551724137931035,0.9793103448275862,0.98,0.8986863328609616,30,False,2354.0
3,paper_pa,paper_pa_8,8,24,4152538135,1540916040,"[20, 46, 139, 168, 187, 194, 221, 278, 295, 301, 309, 319, 379, 380, 383, 491, 550, 558, 584, 586]","[252, 267, 596, 246, 12, 143, 233, 583, 423, 32, 140, 274, 454, 530, 166, 278, 598, 85, 195, 192]",600,20,0.62,,,,,,,0.0,1.0,0.005,,,5.0216666666666665,0.752323723188833,1.0,0.13,4.75,0.0016012790337688037,0.003484716388335194,0.15172413793103448,0.006896551724137931,0.0017241379310344827,0.0,2.217241379310345,4.0,0.0,0.16896551724137931,6.308620689655172,0.13725032540529747,0.7204931213149902,0.007309663477579396,3.9210526315789473,0.8273328717810964,0.06896551724137931,0.9551724137931035,0.9566666666666667,0.8848417089320719,30,False,2348.0
3,paper_pa,paper_pa_8,8,25,4152538135,1967470344,"[6, 29, 30, 34, 41, 81, 118, 148, 152, 159, 255, 347, 394, 403, 405, 438, 443, 488, 522, 575]","[518, 345, 547, 101, 590, 444, 1, 351, 545, 404, 178, 577, 431, 127, 408, 122, 527, 87, 259, 317]",600,20,0.62,,,,,,,0.0,1.0,0.005,,,5.0216666666666665,0.752323723188833,1.0,0.13,5.55,0.0018407213952243737,0.004315259526037755,0.16551724137931034,0.01206896551724138,0.0034482758620689655,0.0,2.1258620689655174,4.0,0.0,0.20689655172413793,6.701724137931034,0.14754036869584877,0.6976058602822941,0.005494666152560889,3.7842105263157895,0.8460914775918383,0.06896551724137931,0.9724137931034482,0.9733333333333334,0.9069800421129912,30,False,2354.0
3,paper_pa,paper_pa_8,8,26,4152538135,1750798375,"[1, 3, 106, 124, 128, 145, 184, 220, 227, 243, 267, 397, 398, 424, 470, 479, 512, 541, 542, 555]","[210, 324, 312, 551, 400, 438, 35, 183, 418, 519, 107, 216, 48, 167, 71, 223, 289, 589, 440, 46]",600,20,0.62,,,,,,,0.0,1.0,0.005,,,5.0216666666666665,0.752323723188833,1.0,0.13,7.5,0.002431420345268971,0.015895865550657202,0.2206896551724138,0.034482758620689655,0.0,0.0,2.0448275862068965,4.0,0.0,0.18275862068965518,6.4862068965517246,0.17808289772743435,0.6148174617354535,0.005482731556698819,3.778947368421053,0.7647070424346275,0.07758620689655173,0.9879310344827587,0.9883333333333333,0.8831793749704957,30,False,2354.0
3,paper_pa,paper_pa_8,8,27,4152538135,4052833385,"[13, 18, 21, 90, 98, 109, 122, 152, 226, 242, 244, 266, 280, 327, 330, 351, 403, 413, 526, 565]","[266, 579, 96, 554, 297, 453, 468, 545, 182, 526, 366, 415, 439, 556, 160, 149, 127, 559, 383, 114]",600,20,0.62,,,,,,,0.0,1.0,0.005,,,5.0216666666666665,0.752323723188833,1.0,0.13,5.75,0.0018935221842449786,0.005353892622191582,0.16896551724137931,0.020689655172413793,0.0017241379310344827,0.0,2.156896551724138,4.0,0.0,0.2120689655172414,6.808620689655172,0.15364340237069368,0.6917932225597047,0.006765959187011819,3.6894736842105265,0.7143628551005803,0.06896551724137931,0.9758620689655172,0.9766666666666667,0.9093904581386596,30,False,2354.0
3,paper_pa,paper_pa_8,8,28,4152538135,3549756829,"[102, 105, 123, 124, 128, 170, 200, 206, 226, 230, 243, 262, 279, 387, 452, 476, 493, 542, 547, 570]","[477, 318, 538, 551, 400, 39, 300, 472, 182, 247, 519, 190, 528, 549, 535, 449, 372, 440, 88, 292]",600,20,0.62,,,,,,,0.0,1.0,0.005,,,5.0216666666666665,0.752323723188833,1.0,0.13,4.6,0.0015735959961332914,0.003415128899027216,0.14310344827586208,0.005172413793103448,0.0,0.0,2.225862068965517,4.0,0.0,0.11379310344827587,5.7637931034482754,0.13137681256046665,0.7349949377642785,0.002456140350877193,4.026315789473684,0.8392542373755957,0.056896551724137934,0.9810344827586207,0.9816666666666667,0.9134457078762352,30,False,2354.0
3,paper_pa,paper_pa_8,8,29,4152538135,721053807,"[11, 64, 93, 107, 166, 207, 219, 268, 270, 283, 311, 318, 337, 356, 472, 481, 516, 530, 557, 597]","[8, 126, 26, 293, 181, 516, 159, 135, 464, 457, 517, 529, 117, 72, 193, 422, 272, 243, 76, 402]",600,20,0.62,,,,,,,0.0,1.0,0.005,,,5.0216666666666665,0.752323723188833,1.0,0.13,5.05,0.0016782031449467545,0.005440033843256706,0.15172413793103448,0.008620689655172414,0.0017241379310344827,0.0,2.1517241379310343,4.0,0.0,0.17758620689655172,7.201724137931034,0.13759449134851562,0.7204692990292418,0.008021817363922627,3.5789473684210527,0.8497827645500308,0.07413793103448275,0.9413793103448276,0.9433333333333334,0.9199952920898795,30,False,2312.0
3,paper_pa,paper_pa_8,8,30,4152538135,3503163112,"[45, 47, 74, 76, 125, 135, 150, 157, 240, 283, 291, 295, 322, 340, 360, 375, 499, 520, 548, 573]","[234, 123, 553, 419, 4, 13, 537, 106, 169, 457, 525, 423, 546, 387, 543, 265, 168, 433, 49, 495]",600,20,0.62,,,,,,,0.0,1.0,0.005,,,5.0216666666666665,0.752323723188833,1.0,0.13,4.05,0.0014037327412070387,0.002620441798913671,0.12413793103448276,0.013793103448275862,0.0017241379310344827,0.0,2.339655172413793,4.0,0.0,0.12758620689655173,5.3,0.11949764870098481,0.7675659579536657,0.007761069340016709,4.057894736842106,0.8392542373755956,0.05862068965517241,0.45689655172413796,0.475,0.9432867499999702,30,False,1696.0
3,paper_pa,paper_pa_8,8,31,4152538135,1540897554,"[28, 29, 48, 53, 58, 113, 163, 174, 201, 242, 293, 297, 382, 401, 437, 515, 533, 591, 592, 594]","[102, 345, 283, 136, 502, 362, 152, 43, 479, 526, 424, 211, 306, 347, 92, 332, 11, 222, 74, 65]",600,20,0.62,,,,,,,0.0,1.0,0.005,,,5.0216666666666665,0.752323723188833,1.0,0.13,4.35,0.001504805034451786,0.0030720385671588043,0.13620689655172413,0.01206896551724138,0.0017241379310344827,0.0,2.231034482758621,4.0,0.0,0.0706896551724138,5.181034482758621,0.12791689095180533,0.746739324638199,0.00545466229676756,4.168421052631579,0.8204956315648535,0.08103448275862069,0.9810344827586207,0.9816666666666667,0.9161998331546783,30,False,2354.0
3,paper_pa,paper_pa_8,8,32,4152538135,2646303639,"[23, 89, 95, 135, 189, 193, 247, 302, 344, 349, 370, 388, 397, 416, 452, 492, 519, 533, 546, 549]","[97, 89, 513, 13, 81, 521, 597, 432, 194, 281, 576, 209, 216, 99, 535, 20, 276, 11, 375, 150]",600,20,0.62,,,,,,,0.0,1.0,0.005,,,5.0216666666666665,0.752323723188833,1.0,0.13,4.6,0.0015470933356796647,0.0029944353246671015,0.13620689655172413,0.01206896551724138,0.0,0.0,2.2051724137931035,4.0,0.0,0.13620689655172413,6.201724137931034,0.1285045816784945,0.7466976356381395,0.0049813928761297185,3.8526315789473684,0.8008314156360475,0.05862068965517241,0.9758620689655172,0.9766666666666667,0.9143435000441968,30,False,2354.0
3,paper_pa,paper_pa_8,8,33,4152538135,572481273,"[47, 88, 128, 211, 214, 222, 268, 298, 303, 316, 369, 377, 423, 469, 495, 516, 517, 556, 591, 593]","[123, 95, 400, 390, 173, 322, 135, 130, 539, 291, 411, 452, 376, 326, 144, 272, 113, 313, 222, 185]",600,20,0.62,,,,,,,0.0,1.0,0.005,,,5.0216666666666665,0.752323723188833,1.0,0.13,4.25,0.00144265721175701,0.0022660433722426,0.12931034482758622,0.01206896551724138,0.0017241379310344827,0.0,2.303448275862069,4.0,0.0,0.10344827586206896,5.187931034482759,0.12305658187500478,0.7586087785122982,0.006938368648894965,4.031578947368421,0.8566200047662734,0.06206896551724138,0.9810344827586207,0.9816666666666667,0.9130455830600113,30,False,2354.0
3,paper_pa,paper_pa_8,8,34,4152538135,3456319615,"[5, 14, 70, 85, 90, 104, 138, 140, 181, 263, 272, 294, 302, 330, 336, 367, 380, 414, 454, 575]","[523, 262, 79, 174, 554, 319, 531, 493, 309, 45, 188, 220, 432, 160, 566, 565, 530, 98, 315, 317]",600,20,0.62,,,,,,,0.0,1.0,0.005,,,5.0216666666666665,0.752323723188833,1.0,0.13,5.25,0.001740844730506215,0.004359136538741208,0.16379310344827586,0.015517241379310345,0.0017241379310344827,0.0,2.160344827586207,4.0,0.0,0.20172413793103447,6.672413793103448,0.15076866513582524,0.7000833780001191,0.0067412120043698984,3.642105263157895,0.8987341134640139,0.0706896551724138,0.9689655172413794,0.97,0.8839879580773413,30,False,2350.0
3,paper_pa,paper_pa_8,8,35,4152538135,1001609873,"[37, 45, 60, 89, 139, 147, 179, 196, 207, 254, 330, 331, 397, 455, 525, 527, 555, 557, 558, 588]","[132, 234, 282, 89, 596, 359, 425, 157, 516, 487, 160, 53, 216, 475, 215, 582, 46, 76, 85, 199]",600,20,0.62,,,,,,,0.0,1.0,0.005,,,5.0216666666666665,0.752323723188833,1.0,0.13,4.6,0.00154486152412335,0.003886287227058526,0.13793103448275862,0.017241379310344827,0.0,0.0,2.212068965517241,4.0,0.0,0.15,6.2172413793103445,0.13050944406265264,0.7437555833482222,0.00781877940465198,3.7736842105263158,0.8008314156360475,0.06896551724137931,0.9844827586206897,0.985,0.9045160838868469,30,False,2354.0
3,paper_pa,paper_pa_8,8,36,4152538135,3018226010,"[24, 26, 29, 31, 33, 127, 171, 283, 287, 311, 336, 366, 368, 394, 402, 463, 465, 485, 534, 567]","[466, 69, 345, 93, 237, 445, 377, 457, 368, 517, 566, 256, 260, 431, 335, 430, 44, 162, 180, 500]",600,20,0.62,,,,,,,0.0,1.0,0.005,,,5.0216666666666665,0.752323723188833,1.0,0.13,5.9,0.0019313698279489282,0.007401422732629194,0.18620689655172415,0.017241379310344827,0.0,0.0,2.060344827586207,4.0,0.0,0.17758620689655172,6.4189655172413795,0.16494487299439323,0.6638258590911797,0.003587237324079429,3.8473684210526318,0.7820728098253055,0.07586206896551724,0.9793103448275862,0.98,0.8897181248757988,30,False,2354.0
3,paper_pa,paper_pa_8,8,37,4152538135,3854439447,"[35, 54, 93, 111, 146, 159, 180, 209, 263, 303, 365, 372, 377, 408, 442, 447, 494, 501, 524, 574]","[258, 405, 26, 407, 462, 404, 474, 50, 45, 539, 170, 488, 452, 467, 191, 111, 201, 329, 158, 361]",600,20,0.62,,,,,,,0.0,1.0,0.005,,,5.0216666666666665,0.752323723188833,1.0,0.13,5.15,0.0017015777832597796,0.003268045638698886,0.16034482758620688,0.008620689655172414,0.0017241379310344827,0.0,2.1379310344827585,4.0,0.0,0.18620689655172415,6.701724137931034,0.1432597399085974,0.7060985051515692,0.004211524086870347,3.6789473684210527,0.9124085938964994,0.07241379310344828,0.9775862068965517,0.9783333333333334,0.8949937080033123,30,False,2354.0
3,paper_pa,paper_pa_8,8,38,4152538135,1524899701,"[20, 27, 40, 49, 95, 179, 195, 197, 237, 244, 248, 254, 265, 313, 342, 389, 436, 492, 554, 589]","[252, 490, 473, 2, 513, 425, 241, 27, 337, 366, 31, 487, 198, 175, 480, 91, 570, 20, 594, 484]",600,20,0.62,,,,,,,0.0,1.0,0.005,,,5.0216666666666665,0.752323723188833,1.0,0.13,4.9,0.001646749431165886,0.0042638711829579455,0.14655172413793102,0.006896551724137931,0.0017241379310344827,0.0,2.3,4.0,0.0,0.19310344827586207,6.910344827586207,0.13213486778801548,0.7293371448990531,0.010334796389951863,3.5894736842105264,0.7345142993313865,0.06551724137931035,0.7,0.71,0.9173292079940438,30,False,1940.0
3,paper_pa,paper_pa_8,8,39,4152538135,2822203901,"[98, 106, 107, 161, 167, 184, 211, 217, 239, 240, 354, 385, 415, 467, 504, 546, 566, 569, 575, 593]","[297, 312, 293, 584, 587, 35, 390, 391, 205, 169, 218, 134, 536, 257, 207, 375, 154, 555, 317, 185]",600,20,0.62,,,,,,,0.0,1.0,0.005,,,5.0216666666666665,0.752323723188833,1.0,0.13,4.8,0.0016063889580676407,0.003293903255097879,0.15,0.01206896551724138,0.0,0.0,2.1586206896551725,4.0,0.0,0.12586206896551724,6.203448275862069,0.13923240797950542,0.7232445953189208,0.004159356725146199,3.7578947368421054,0.8218884699849178,0.07413793103448275,0.9758620689655172,0.9766666666666667,0.8945746659301221,30,False,2354.0
3,paper_pa,paper_pa_8,8,40,4152538135,3997156450,"[67, 105, 167, 183, 244, 254, 339, 347, 348, 375, 406, 425, 447, 474, 490, 550, 580, 585, 586, 597]","[6, 318, 587, 534, 366, 487, 108, 577, 409, 265, 406, 59, 111, 568, 560, 598, 24, 416, 192, 402]",600,20,0.62,,,,,,,0.0,1.0,0.005,,,5.0216666666666665,0.752323723188833,1.0,0.13,3.7,0.0013018443994978353,0.001759708352931153,0.1103448275862069,0.01206896551724138,0.0017241379310344827,0.0,2.382758620689655,4.0,0.0,0.11551724137931034,4.853448275862069,0.10865461601511461,0.7917634447025192,0.006791658633763896,4.089473684210526,0.7926013369997406,0.06724137931034482,0.9775862068965517,0.9783333333333334,0.9366127499379218,30,False,2354.0
3,paper_pa,paper_pa_8,8,41,4152538135,4054285122,"[27, 58, 82, 203, 233, 239, 249, 291, 311, 312, 391, 410, 465, 471, 494, 506, 525, 534, 572, 581]","[490, 502, 270, 340, 242, 205, 148, 525, 517, 339, 287, 219, 44, 60, 201, 0, 215, 180, 562, 105]",600,20,0.62,,,,,,,0.0,1.0,0.005,,,5.0216666666666665,0.752323723188833,1.0,0.13,4.7,0.0015828110671656792,0.004084913499642343,0.13793103448275862,0.01206896551724138,0.0017241379310344827,0.0,2.2241379310344827,4.0,0.0,0.15517241379310345,5.751724137931035,0.13023678087222532,0.7436960276338515,0.00559770638718007,3.9263157894736844,0.8708398188989009,0.0603448275862069,0.9793103448275862,0.98,0.9220986671280116,30,False,2354.0
3,paper_pa,paper_pa_8,8,42,4152538135,3514866081,"[16, 24, 37, 39, 60, 77, 105, 127, 150, 202, 223, 233, 260, 282, 294, 305, 403, 473, 502, 585]","[552, 466, 132, 508, 282, 253, 318, 445, 537, 399, 571, 242, 481, 42, 220, 285, 127, 275, 414, 416]",600,20,0.62,,,,,,,0.0,1.0,0.005,,,5.0216666666666665,0.752323723188833,1.0,0.13,5.7,0.0018877062838845392,0.007186262887990046,0.1706896551724138,0.020689655172413793,0.0017241379310344827,0.0,2.122413793103448,4.0,0.0,0.20344827586206896,6.491379310344827,0.15527899312680904,0.6887916145554166,0.00767784062207233,3.789473684210526,0.8045227025942399,0.08620689655172414,0.9758620689655172,0.9766666666666667,0.8780320410151035,30,False,2354.0
3,paper_pa,paper_pa_8,8,43,4152538135,896229432,"[15, 23, 147, 225, 238, 249, 274, 278, 293, 322, 329, 344, 373, 408, 411, 432, 463, 508, 523, 578]","[271, 97, 359, 435, 458, 148, 533, 583, 424, 546, 336, 194, 358, 467, 51, 550, 430, 496, 316, 250]",600,20,0.62,,,,,,,0.0,1.0,0.005,,,5.0216666666666665,0.752323723188833,1.0,0.13,5.15,0.0016916992457859793,0.004945850451777534,0.14310344827586208,0.02413793103448276,0.0034482758620689655,0.0,2.2275862068965515,4.0,0.0,0.22413793103448276,6.779310344827586,0.13792560054479253,0.7347626704782324,0.0089194212220528,3.663157894736842,0.8936499880857575,0.06551724137931035,0.9603448275862069,0.9616666666666667,0.8977722909767181,30,False,2348.0
3,paper_pa,paper_pa_8,8,44,4152538135,87997907,"[34, 61, 65, 91, 119, 139, 196, 272, 277, 341, 405, 436, 448, 451, 471, 479, 492, 494, 546, 565]","[101, 172, 403, 90, 469, 596, 157, 188, 436, 491, 408, 570, 16, 482, 60, 223, 20, 201, 375, 114]",600,20,0.62,,,,,,,0.0,1.0,0.005,,,5.0216666666666665,0.752323723188833,1.0,0.13,4.75,0.0015873692236011007,0.0033078859949903796,0.14310344827586208,0.017241379310344827,0.0,0.0,2.2275862068965515,4.0,0.0,0.15,6.091379310344828,0.13383429343201336,0.7350842713358346,0.006913116123642438,3.7473684210526317,0.7103112917244656,0.0603448275862069,0.9758620689655172,0.9766666666666667,0.9172718750778586,30,False,2354.0
3,paper_pa,paper_pa_8,8,45,4152538135,3094084178,"[1, 30, 34, 120, 147, 159, 180, 221, 238, 258, 282, 308, 376, 379, 384, 415, 439, 579, 584, 593]","[210, 547, 101, 17, 359, 404, 474, 233, 458, 426, 42, 302, 147, 454, 64, 536, 308, 75, 195, 185]",600,20,0.62,,,,,,,0.0,1.0,0.005,,,5.0216666666666665,0.752323723188833,1.0,0.13,8.4,0.002708328943265223,0.015930159940114826,0.2655172413793103,0.02413793103448276,0.0,0.0,1.9172413793103449,4.0,0.0,0.1706896551724138,6.203448275862069,0.20354779229483602,0.5489667083556667,0.0027351713359692856,3.9210526315789473,0.9055713536802565,0.09310344827586207,0.9758620689655172,0.9766666666666667,0.87170987483114,30,False,2352.0
3,paper_pa,paper_pa_8,8,46,4152538135,1519595208,"[33, 44, 50, 58, 90, 179, 194, 202, 250, 265, 293, 335, 352, 375, 431, 518, 544, 567, 577, 590]","[237, 121, 348, 502, 554, 425, 143, 399, 486, 198, 424, 303, 384, 265, 268, 459, 176, 500, 80, 350]",600,20,0.62,,,,,,,0.0,1.0,0.005,,,5.0216666666666665,0.752323723188833,1.0,0.13,4.9,0.0016218959385144237,0.0048259800784804735,0.15517241379310345,0.008620689655172414,0.0017241379310344827,0.0,2.170689655172414,4.0,0.0,0.16724137931034483,6.175862068965517,0.13923760995768436,0.7147698171639569,0.004530756481220878,3.905263157894737,0.8429455243337879,0.05862068965517241,0.9810344827586207,0.9816666666666667,0.9060399169102311,30,False,2354.0
3,paper_pa,paper_pa_8,8,47,4152538135,1814115620,"[5, 17, 21, 42, 170, 171, 196, 208, 219, 227, 242, 269, 288, 310, 425, 440, 445, 507, 539, 583]","[523, 25, 96, 437, 39, 377, 157, 139, 159, 418, 526, 363, 320, 70, 59, 153, 284, 524, 165, 441]",600,20,0.62,,,,,,,0.0,1.0,0.005,,,5.0216666666666665,0.752323723188833,1.0,0.13,6.4,0.00207458589533347,0.008028076295942984,0.19482758620689655,0.010344827586206896,0.0017241379310344827,0.0,2.0448275862068965,4.0,0.0,0.24655172413793103,6.974137931034483,0.16529039598358972,0.650491334643559,0.004058367902514908,3.7,0.8324169971593527,0.0706896551724138,0.9862068965517241,0.9866666666666667,0.9117521671578288,30,False,2354.0
3,paper_pa,paper_pa_8,8,48,4152538135,1264230910,"[38, 39, 94, 158, 186, 190, 221, 266, 350, 381, 390, 396, 408, 415, 431, 433, 473, 481, 562, 570]","[370, 508, 37, 509, 343, 389, 233, 415, 394, 128, 349, 228, 467, 536, 268, 52, 275, 422, 217, 292]",600,20,0.62,,,,,,,0.0,1.0,0.005,,,5.0216666666666665,0.752323723188833,1.0,0.13,4.25,0.0014589110754510454,0.003066859496648948,0.13620689655172413,0.010344827586206896,0.0,0.0,2.2551724137931033,4.0,0.0,0.0896551724137931,5.167241379310345,0.12799321428982047,0.7466797689238283,0.004874686716791979,4.078947368421052,0.8776770591151436,0.06379310344827586,0.9706896551724138,0.9716666666666667,0.9199604580644518,30,False,2346.0
3,paper_pa,paper_pa_8,8,49,4152538135,738599104,"[64, 107, 124, 138, 145, 197, 339, 348, 387, 398, 406, 412, 448, 474, 482, 510, 521, 525, 560, 578]","[126, 293, 551, 531, 438, 27, 108, 409, 549, 48, 406, 364, 16, 568, 34, 214, 357, 215, 476, 250]",600,20,0.62,,,,,,,0.0,1.0,0.005,,,5.0216666666666665,0.752323723188833,1.0,0.13,5.05,0.0016967628817569614,0.0034030769893155185,0.16034482758620688,0.010344827586206896,0.0,0.0,2.1913793103448276,4.0,0.0,0.11724137931034483,5.746551724137931,0.14520584259061392,0.7059734381513906,0.003858879655278547,3.9789473684210526,0.8008314156360475,0.07241379310344828,0.9637931034482758,0.965,0.9379330419469625,30,False,2346.0
3,paper_pa,paper_pa_9,9,0,432238889,812274647,"[9, 119, 148, 149, 192, 234, 247, 249, 281, 294, 368, 393, 402, 414, 418, 512, 553, 554, 555, 567]","[123, 591, 243, 344, 513, 426, 147, 351, 570, 334, 424, 119, 277, 198, 295, 240, 280, 520, 480, 288]",600,20,0.62,,,,,,,0.0,1.0,0.005,,,5.07,0.6661515202697662,1.0,0.09,4.8,0.0015999580148345891,0.0034993041466481038,0.15172413793103448,0.010344827586206896,0.0,0.0,2.2413793103448274,4.0,0.0,0.1103448275862069,5.3293103448275865,0.14068677526708137,0.7202668096003811,0.0031542090520418693,4.152631578947369,0.8015148325235026,0.0603448275862069,0.2827586206896552,0.30666666666666664,0.6657884581945837,20,True,1528.0
3,paper_pa,paper_pa_9,9,1,432238889,1186085686,"[74, 84, 106, 114, 132, 141, 244, 276, 277, 300, 302, 318, 374, 377, 381, 420, 426, 488, 553, 575]","[416, 482, 12, 577, 534, 487, 128, 121, 86, 162, 183, 161, 87, 168, 126, 118, 301, 197, 280, 57]",600,20,0.62,,,,,,,0.0,1.0,0.005,,,5.07,0.6661515202697662,1.0,0.09,5.05,0.0016744015691669573,0.004508729104863125,0.16206896551724137,0.008620689655172414,0.0,0.0,2.182758620689655,4.0,0.0,0.12758620689655173,6.051724137931035,0.14635586941330683,0.7030968971472813,0.002556069661332819,3.9263157894736844,0.6881450688650087,0.09137931034482759,0.9706896551724138,0.9716666666666667,0.8919449998065829,30,False,2360.0
3,paper_pa,paper_pa_9,9,2,432238889,4271481973,"[37, 158, 210, 216, 249, 276, 353, 365, 367, 398, 400, 406, 421, 437, 479, 484, 510, 537, 545, 576]","[166, 149, 361, 545, 351, 121, 156, 80, 41, 163, 131, 187, 117, 227, 235, 35, 400, 464, 321, 328]",600,20,0.62,,,,,,,0.0,1.0,0.005,,,5.07,0.6661515202697662,1.0,0.09,4.25,0.001442576724881839,0.002525373204402179,0.12931034482758622,0.010344827586206896,0.0,0.0,2.31551724137931,4.0,0.0,0.06206896551724138,4.848275862068966,0.12301958448030266,0.7585373116550533,0.004137426900584796,4.173684210526316,0.748816574654714,0.05172413793103448,0.2206896551724138,0.24666666666666667,0.9477659999392927,30,False,1474.0
3,paper_pa,paper_pa_9,9,3,432238889,1315375091,"[18, 38, 53, 69, 77, 95, 163, 220, 238, 313, 358, 385, 392, 424, 431, 466, 486, 558, 572, 592]","[199, 315, 396, 531, 560, 242, 78, 6, 302, 133, 34, 481, 226, 456, 46, 60, 547, 155, 180, 230]",600,20,0.62,,,,,,,0.0,1.0,0.005,,,5.07,0.6661515202697662,1.0,0.09,4.5,0.0015487616778460192,0.004265279561604343,0.14655172413793102,0.008620689655172414,0.0,0.0,2.3241379310344827,4.0,0.0,0.08620689655172414,4.672413793103448,0.13609054402621912,0.7290155440414507,0.002758659469185785,4.068421052631579,0.7590165449239594,0.07241379310344828,0.9672413793103448,0.9683333333333334,0.923477791948244,30,False,2360.0
3,paper_pa,paper_pa_9,9,4,432238889,3110840750,"[18, 68, 105, 180, 186, 190, 213, 257, 325, 347, 364, 433, 459, 506, 533, 538, 546, 557, 561, 566]","[199, 362, 532, 30, 499, 175, 28, 221, 331, 259, 232, 468, 380, 555, 160, 494, 138, 214, 404, 329]",600,20,0.62,,,,,,,0.0,1.0,0.005,,,5.07,0.6661515202697662,1.0,0.09,4.4,0.0014997953642683025,0.0044129467616203285,0.13793103448275862,0.013793103448275862,0.0,0.0,2.2706896551724136,5.0,0.0,0.1,5.287931034482758,0.12908022840758884,0.7437674944910965,0.006489387805177278,4.057894736842106,0.6779450985957635,0.07758620689655173,0.9793103448275862,0.98,0.9201622910331935,30,False,2362.0
3,paper_pa,paper_pa_9,9,5,432238889,3857267243,"[47, 49, 71, 106, 116, 122, 168, 202, 238, 275, 294, 301, 318, 330, 397, 403, 434, 450, 494, 559]","[352, 514, 164, 12, 98, 310, 263, 47, 302, 215, 334, 515, 161, 27, 96, 92, 246, 340, 190, 129]",600,20,0.62,,,,,,,0.0,1.0,0.005,,,5.07,0.6661515202697662,1.0,0.09,4.55,0.001520360206250301,0.003661098062018709,0.1396551724137931,0.013793103448275862,0.0,0.0,2.2620689655172415,5.0,0.0,0.11724137931034483,5.429310344827586,0.1321071800297004,0.7407480197724972,0.005294486215538847,3.942105263157895,0.8028642055401782,0.06551724137931035,0.9724137931034482,0.9733333333333334,0.9216597499325871,30,False,2360.0
3,paper_pa,paper_pa_9,9,6,432238889,2986485460,"[0, 1, 2, 104, 135, 155, 197, 221, 264, 272, 309, 314, 320, 369, 394, 397, 417, 474, 490, 493]","[519, 356, 342, 24, 568, 354, 483, 139, 521, 444, 0, 65, 262, 234, 5, 96, 191, 101, 18, 506]",600,20,0.62,,,,,,,0.0,1.0,0.005,,,5.07,0.6661515202697662,1.0,0.09,8.45,0.00264203217773942,0.018058484206021484,0.2482758620689655,0.022413793103448276,0.0034482758620689655,0.0,1.9275862068965517,3.0,0.0,0.3448275862068966,7.427586206896552,0.19793102277228677,0.5706628551009469,0.005111365955086191,3.594736842105263,0.8117148027927479,0.09655172413793103,0.9637931034482758,0.965,0.8802220420911908,30,False,2360.0
3,paper_pa,paper_pa_9,9,7,432238889,3196648339,"[23, 27, 55, 59, 97, 113, 120, 167, 176, 202, 209, 225, 257, 359, 395, 417, 449, 469, 532, 591]","[558, 533, 251, 146, 473, 595, 470, 425, 478, 47, 588, 384, 221, 564, 496, 191, 357, 296, 318, 64]",600,20,0.62,,,,,,,0.0,1.0,0.005,,,5.07,0.6661515202697662,1.0,0.09,5.6,0.0018173957842171993,0.004967088330340994,0.16896551724137931,0.017241379310344827,0.0034482758620689655,0.0,2.1413793103448278,4.0,0.0,0.1810344827586207,6.7362068965517246,0.1540754963887378,0.6915728664165327,0.005395466563382483,3.721052631578947,0.8387386182354799,0.07241379310344828,0.9586206896551724,0.96,0.8921652080025524,30,False,2360.0
3,paper_pa,paper_pa_9,9,8,432238889,1168680694,"[4, 17, 32, 66, 72, 74, 129, 136, 184, 194, 270, 281, 292, 323, 374, 397, 415, 441, 456, 519]","[141, 95, 151, 401, 152, 416, 150, 264, 398, 16, 460, 570, 355, 49, 87, 96, 447, 592, 224, 467]",600,20,0.62,,,,,,,0.0,1.0,0.005,,,5.07,0.6661515202697662,1.0,0.09,6.1,0.001935107665228137,0.005875853550124035,0.17758620689655172,0.02413793103448276,0.0034482758620689655,0.0,2.1672413793103447,4.0,0.0,0.1706896551724138,7.044827586206897,0.16261357632353154,0.6774224286820321,0.01013625939628058,3.5894736842105264,0.8555624634089666,0.06551724137931035,0.1879310344827586,0.215,0.9308319999836385,30,False,1456.0
3,paper_pa,paper_pa_9,9,9,432238889,3692636558,"[24, 27, 36, 87, 132, 142, 143, 149, 187, 212, 217, 253, 331, 382, 435, 451, 454, 481, 485, 584]","[573, 533, 500, 266, 534, 239, 158, 344, 399, 115, 572, 1, 204, 307, 353, 283, 210, 63, 472, 248]",600,20,0.62,,,,,,,0.0,1.0,0.005,,,5.07,0.6661515202697662,1.0,0.09,5.3,0.0017408263529343077,0.00459408637216641,0.1482758620689655,0.02586206896551724,0.0017241379310344827,0.0,2.2586206896551726,4.0,0.0,0.1724137931034483,6.251724137931035,0.14099778573370667,0.7260854028944077,0.009106726606726607,3.8210526315789473,0.7576671719072839,0.07586206896551724,0.9706896551724138,0.9716666666666667,0.9105095411650836,30,False,2362.0
3,paper_pa,paper_pa_9,9,10,432238889,2486774585,"[55, 56, 67, 71, 104, 111, 117, 160, 200, 202, 249, 286, 289, 352, 375, 399, 467, 515, 530, 569]","[251, 320, 405, 164, 24, 436, 370, 169, 9, 47, 351, 111, 14, 282, 267, 561, 159, 511, 469, 507]",600,20,0.62,,,,,,,0.0,1.0,0.005,,,5.07,0.6661515202697662,1.0,0.09,5.4,0.0017804869902555052,0.004706196281739508,0.16379310344827586,0.015517241379310345,0.0,0.0,2.163793103448276,4.0,0.0,0.12586206896551724,6.051724137931035,0.14997370616187242,0.7001786671431124,0.005011165734849945,3.8526315789473684,0.8671118066948873,0.09137931034482759,0.9689655172413794,0.97,0.9378817500546575,30,False,2360.0
3,paper_pa,paper_pa_9,9,11,432238889,401803856,"[32, 42, 46, 78, 96, 134, 137, 159, 184, 197, 203, 350, 363, 372, 463, 513, 524, 525, 538, 550]","[151, 326, 281, 284, 291, 538, 406, 410, 398, 483, 165, 269, 325, 184, 293, 216, 378, 450, 494, 22]",600,20,0.62,,,,,,,0.0,1.0,0.005,,,5.07,0.6661515202697662,1.0,0.09,4.45,0.0015009815943145973,0.0030449123333401704,0.1396551724137931,0.010344827586206896,0.0,0.0,2.2655172413793103,4.0,0.0,0.10517241379310345,5.529310344827586,0.12990612901176574,0.74088499791555,0.003828189354505144,4.026315789473684,0.7642910468115254,0.06379310344827586,0.9913793103448276,0.9916666666666667,0.9563986249268055,30,False,2362.0
3,paper_pa,paper_pa_9,9,12,432238889,1874071913,"[23, 36, 78, 107, 140, 148, 159, 187, 292, 301, 345, 366, 378, 425, 441, 461, 540, 580, 587, 599]","[558, 500, 284, 557, 421, 243, 410, 399, 355, 515, 148, 333, 552, 471, 592, 445, 536, 305, 196, 54]",600,20,0.62,,,,,,,0.0,1.0,0.005,,,5.07,0.6661515202697662,1.0,0.09,5.8,0.0018713634069094254,0.005019904970647467,0.1706896551724138,0.013793103448275862,0.0017241379310344827,0.0,2.1258620689655174,4.0,0.0,0.20689655172413793,7.106896551724138,0.15375903398420185,0.6889345482699065,0.005912566965198543,3.568421052631579,0.7576671719072839,0.04827586206896552,0.3810344827586207,0.40166666666666667,0.9540782500989735,30,False,1626.0
3,paper_pa,paper_pa_9,9,13,432238889,368714524,"[15, 61, 76, 86, 95, 104, 124, 146, 197, 222, 238, 276, 343, 346, 350, 357, 380, 431, 546, 555]","[462, 409, 587, 278, 242, 24, 201, 548, 483, 376, 302, 121, 475, 439, 269, 56, 453, 46, 138, 480]",600,20,0.62,,,,,,,0.0,1.0,0.005,,,5.07,0.6661515202697662,1.0,0.09,4.55,0.001547682773842997,0.0039192432481892515,0.14482758620689656,0.01206896551724138,0.0,0.0,2.231034482758621,4.0,0.0,0.09655172413793103,5.724137931034483,0.13551894665204384,0.7319337740456197,0.004603364471785524,4.0,0.8232641460786687,0.08103448275862069,0.9741379310344828,0.975,0.9147218340076506,30,False,2360.0
3,paper_pa,paper_pa_9,9,14,432238889,3127639400,"[1, 3, 7, 13, 52, 63, 67, 145, 204, 259, 339, 379, 387, 390, 441, 454, 489, 556, 558, 596]","[356, 402, 297, 254, 349, 39, 405, 543, 261, 299, 287, 522, 48, 114, 592, 210, 189, 179, 155, 523]",600,20,0.62,,,,,,,0.0,1.0,0.005,,,5.07,0.6661515202697662,1.0,0.09,6.55,0.0020919353082248715,0.008074312619604389,0.20172413793103447,0.01206896551724138,0.0034482758620689655,0.0,2.106896551724138,4.0,0.0,0.2413793103448276,7.098275862068966,0.17310711058544168,0.6391697933416711,0.005275271512113617,3.626315789473684,0.8117148027927479,0.0603448275862069,0.9810344827586207,0.9816666666666667,0.9307686251122504,30,False,2362.0
3,paper_pa,paper_pa_9,9,15,432238889,3696847346,"[14, 18, 61, 76, 116, 184, 212, 223, 261, 299, 324, 326, 350, 394, 451, 514, 540, 541, 556, 591]","[508, 199, 409, 587, 98, 398, 115, 498, 286, 247, 110, 258, 269, 5, 283, 25, 536, 167, 179, 64]",600,20,0.62,,,,,,,0.0,1.0,0.005,,,5.07,0.6661515202697662,1.0,0.09,4.8,0.0015937036208067087,0.003280410612342931,0.14655172413793102,0.01206896551724138,0.0,0.0,2.2655172413793103,5.0,0.0,0.12931034482758622,5.606896551724138,0.13498243271246008,0.7291644333273778,0.004404951773372826,3.931578947368421,0.752392670019718,0.08448275862068966,0.9793103448275862,0.98,0.9144745410885662,30,False,2360.0
3,paper_pa,paper_pa_9,9,16,432238889,2207202507,"[14, 42, 60, 113, 192, 238, 243, 303, 306, 337, 344, 369, 370, 378, 387, 388, 418, 428, 466, 496]","[508, 326, 566, 595, 513, 302, 537, 253, 452, 104, 188, 234, 516, 552, 48, 438, 295, 220, 60, 2]",600,20,0.62,,,,,,,0.0,1.0,0.005,,,5.07,0.6661515202697662,1.0,0.09,4.9,0.001626053300310858,0.0033073588869994945,0.15,0.01896551724137931,0.0,0.0,2.268965517241379,5.0,0.0,0.09482758620689655,5.268965517241379,0.1402197621196683,0.7231790840331129,0.006973552763026447,4.089473684210526,0.7692165151932047,0.06379310344827586,0.2655172413793103,0.29,0.9475765409879386,30,False,1516.0
3,paper_pa,paper_pa_9,9,17,432238889,4198436637,"[32, 50, 65, 68, 73, 138, 181, 189, 213, 221, 297, 422, 432, 434, 444, 483, 487, 500, 578, 596]","[151, 394, 294, 362, 53, 272, 10, 173, 28, 139, 300, 94, 11, 246, 58, 289, 435, 219, 582, 523]",600,20,0.62,,,,,,,0.0,1.0,0.005,,,5.07,0.6661515202697662,1.0,0.09,4.5,0.0014866249182334643,0.0036934810863319283,0.12758620689655173,0.017241379310344827,0.0,0.0,2.279310344827586,4.0,0.0,0.13793103448275862,6.067241379310345,0.12272914107946727,0.7615270085164672,0.0067460317460317455,3.789473684210526,0.7049689140384954,0.04827586206896552,0.6551724137931034,0.6666666666666666,0.950272582937032,30,False,1910.0
3,paper_pa,paper_pa_9,9,18,432238889,2272983941,"[60, 66, 70, 99, 102, 128, 146, 154, 259, 295, 304, 312, 369, 420, 446, 514, 542, 559, 563, 590]","[566, 401, 109, 77, 303, 551, 548, 137, 299, 442, 4, 211, 234, 118, 395, 25, 13, 129, 411, 68]",600,20,0.62,,,,,,,0.0,1.0,0.005,,,5.07,0.6661515202697662,1.0,0.09,4.6,0.0015307815304025155,0.003495975430552843,0.1413793103448276,0.013793103448275862,0.0034482758620689655,0.0,2.3,4.0,0.0,0.13793103448275862,5.612068965517241,0.1326616876206338,0.7378238341968912,0.006867416209521473,3.973684210526316,0.8436640866171592,0.08793103448275862,0.9706896551724138,0.9716666666666667,0.9002090408466756,30,False,2362.0
3,paper_pa,paper_pa_9,9,19,432238889,3671027942,"[7, 20, 74, 77, 152, 200, 210, 218, 227, 275, 287, 359, 366, 387, 473, 501, 536, 586, 591, 597]","[297, 292, 416, 560, 317, 9, 361, 134, 550, 215, 580, 564, 333, 48, 365, 427, 525, 172, 64, 136]",600,20,0.62,,,,,,,0.0,1.0,0.005,,,5.07,0.6661515202697662,1.0,0.09,5.55,0.0017764597992013017,0.0038201549199297067,0.16551724137931034,0.01896551724137931,0.0,0.0,2.1724137931034484,4.0,0.0,0.13448275862068965,6.213793103448276,0.15093493856853782,0.6974152819963075,0.006518379281537177,3.763157894736842,0.806440300905182,0.07241379310344828,0.9620689655172414,0.9633333333333334,1.0718755840789527,30,False,2358.0
3,paper_pa,paper_pa_9,9,20,432238889,695922147,"[81, 88, 148, 150, 163, 193, 239, 278, 282, 361, 376, 395, 399, 459, 460, 465, 478, 502, 533, 539]","[446, 586, 243, 571, 78, 3, 145, 385, 274, 203, 527, 496, 561, 380, 430, 489, 364, 90, 160, 422]",600,20,0.62,,,,,,,0.0,1.0,0.005,,,5.07,0.6661515202697662,1.0,0.09,3.55,0.0012589099361573204,0.0018474712472548941,0.11551724137931034,0.006896551724137931,0.0,0.0,2.3189655172413794,4.0,0.0,0.08103448275862069,5.087931034482758,0.11074866234262541,0.7826633315466619,0.0031203007518796995,4.1,0.8285386479662347,0.05517241379310345,0.9017241379310345,0.905,1.2093078750185668,30,False,2278.0
3,paper_pa,paper_pa_9,9,21,432238889,999567403,"[48, 83, 87, 116, 152, 166, 204, 265, 279, 335, 363, 389, 437, 495, 517, 518, 519, 566, 576, 587]","[182, 563, 266, 98, 317, 358, 261, 414, 244, 541, 325, 330, 227, 99, 33, 106, 467, 329, 328, 196]",600,20,0.62,,,,,,,0.0,1.0,0.005,,,5.07,0.6661515202697662,1.0,0.09,6.05,0.0019344086760905103,0.00541537640945928,0.18620689655172415,0.015517241379310345,0.0,0.0,2.15,4.0,0.0,0.1482758620689655,6.448275862068965,0.16617655458639466,0.6635399916622,0.0045115264852106955,3.7578947368421054,0.7692165151932048,0.08275862068965517,0.9603448275862069,0.9616666666666667,0.9306731671094894,30,False,2362.0
3,paper_pa,paper_pa_9,9,22,432238889,1581012108,"[92, 97, 150, 164, 239, 240, 280, 284, 291, 298, 311, 342, 377, 387, 435, 470, 479, 491, 560, 585]","[569, 473, 571, 559, 145, 492, 75, 554, 38, 51, 528, 540, 168, 48, 353, 420, 235, 97, 311, 419]",600,20,0.62,,,,,,,0.0,1.0,0.005,,,5.07,0.6661515202697662,1.0,0.09,4.5,0.0015128919341888425,0.0031054924003088547,0.1413793103448276,0.010344827586206896,0.0,0.0,2.293103448275862,4.0,0.0,0.09310344827586207,5.1706896551724135,0.13250115095227352,0.737811923054017,0.0038304093567251467,3.957894736842105,0.7151688843077407,0.07586206896551724,0.9741379310344828,0.975,0.936595540959388,30,False,2362.0
3,paper_pa,paper_pa_9,9,23,432238889,364870920,"[21, 34, 68, 105, 148, 205, 210, 218, 229, 230, 253, 255, 264, 281, 296, 362, 446, 478, 481, 503]","[21, 32, 362, 532, 243, 270, 361, 134, 390, 392, 1, 441, 521, 570, 374, 194, 395, 364, 63, 84]",600,20,0.62,,,,,,,0.0,1.0,0.005,,,5.07,0.6661515202697662,1.0,0.09,5.35,0.0017415170972109556,0.0069818407964039,0.15862068965517243,0.017241379310344827,0.0017241379310344827,0.0,2.1517241379310343,4.0,0.0,0.19137931034482758,7.0,0.14669964678173572,0.7087666011553808,0.006006683375104427,3.668421052631579,0.9145355626761097,0.06206896551724138,0.9775862068965517,0.9783333333333334,0.9377483341377228,30,False,2358.0
3,paper_pa,paper_pa_9,9,24,432238889,1614603783,"[68, 76, 122, 135, 138, 167, 176, 219, 238, 244, 255, 258, 291, 324, 396, 430, 449, 470, 549, 580]","[362, 587, 310, 568, 272, 425, 478, 408, 302, 128, 441, 346, 38, 110, 20, 52, 357, 420, 576, 305]",600,20,0.62,,,,,,,0.0,1.0,0.005,,,5.07,0.6661515202697662,1.0,0.09,5.4,0.0017511175483332399,0.006252853121057711,0.16034482758620688,0.013793103448275862,0.0017241379310344827,0.0,2.1655172413793102,4.0,0.0,0.16896551724137931,6.5810344827586205,0.14644276731470646,0.7059436602942052,0.004356663718118826,3.705263157894737,0.7758403900974462,0.07931034482758621,0.9775862068965517,0.9783333333333334,0.9421682918909937,30,False,2362.0
3,paper_pa,paper_pa_9,9,25,432238889,590926139,"[11, 16, 25, 26, 93, 110, 139, 160, 232, 241, 245, 268, 343, 391, 418, 430, 525, 539, 575, 578]","[120, 451, 260, 276, 206, 491, 238, 169, 157, 574, 285, 502, 475, 509, 295, 52, 450, 422, 57, 582]",600,20,0.62,,,,,,,0.0,1.0,0.005,,,5.07,0.6661515202697662,1.0,0.09,6.05,0.001948918205175503,0.007654806670994952,0.1879310344827586,0.013793103448275862,0.0034482758620689655,0.0,2.1206896551724137,4.0,0.0,0.16724137931034483,6.312068965517241,0.16484456940470094,0.6611160740873087,0.003931039720513404,3.794736842105263,0.7692165151932047,0.07241379310344828,0.9689655172413794,0.97,0.9104477919172496,30,False,2362.0
3,paper_pa,paper_pa_9,9,26,432238889,1102674834,"[6, 20, 27, 46, 60, 64, 70, 76, 117, 120, 125, 147, 152, 166, 227, 255, 258, 380, 398, 409]","[135, 292, 533, 281, 566, 373, 109, 587, 370, 470, 477, 59, 317, 358, 550, 441, 346, 453, 163, 62]",600,20,0.62,,,,,,,0.0,1.0,0.005,,,5.07,0.6661515202697662,1.0,0.09,6.2,0.00197289961765591,0.006384329994564177,0.18620689655172415,0.020689655172413793,0.0,0.0,2.117241379310345,4.0,0.0,0.19482758620689655,7.13103448275862,0.16894294458301562,0.6633375022333393,0.00462608727701607,3.6842105263157894,0.752392670019718,0.06379310344827586,0.9810344827586207,0.9816666666666667,0.9178385420236737,30,False,2362.0
3,paper_pa,paper_pa_9,9,27,432238889,2295053722,"[72, 79, 80, 108, 148, 181, 258, 264, 293, 317, 331, 365, 403, 404, 446, 479, 540, 557, 570, 574]","[152, 72, 83, 440, 243, 10, 346, 521, 85, 55, 204, 80, 92, 81, 395, 235, 536, 214, 565, 225]",600,20,0.62,,,,,,,0.0,1.0,0.005,,,5.07,0.6661515202697662,1.0,0.09,4.6,0.0015134621292946541,0.0033461409829019387,0.1396551724137931,0.01206896551724138,0.0,0.0,2.2413793103448274,4.0,0.0,0.12758620689655173,5.741379310344827,0.1307363340030063,0.7408611756298017,0.003785780240073869,3.873684210526316,0.8232641460786686,0.07413793103448275,0.9775862068965517,0.9783333333333334,0.9141134999226779,30,False,2362.0
3,paper_pa,paper_pa_9,9,28,432238889,740902700,"[76, 155, 215, 217, 228, 234, 258, 321, 330, 353, 378, 387, 395, 421, 430, 431, 469, 472, 560, 564]","[587, 354, 581, 572, 195, 426, 346, 518, 27, 156, 552, 48, 496, 117, 52, 46, 296, 372, 311, 74]",600,20,0.62,,,,,,,0.0,1.0,0.005,,,5.07,0.6661515202697662,1.0,0.09,4.0,0.0013874474952026816,0.0027254289402062616,0.12758620689655173,0.010344827586206896,0.0,0.0,2.31551724137931,4.0,0.0,0.09310344827586207,5.137931034482759,0.11987371716727688,0.7616699422309571,0.0033661075766338922,4.242105263157895,0.8130641758094233,0.05517241379310345,0.42758620689655175,0.44666666666666666,0.9594030829612166,30,False,1648.0
3,paper_pa,paper_pa_9,9,29,432238889,4284453313,"[31, 35, 61, 157, 234, 238, 259, 262, 266, 274, 293, 352, 403, 407, 498, 512, 542, 551, 584, 592]","[19, 423, 409, 510, 426, 302, 299, 556, 583, 70, 85, 282, 92, 181, 381, 240, 13, 594, 248, 230]",600,20,0.62,,,,,,,0.0,1.0,0.005,,,5.07,0.6661515202697662,1.0,0.09,4.65,0.0015382726636899388,0.0038251996346327435,0.1396551724137931,0.015517241379310345,0.0017241379310344827,0.0,2.2275862068965515,5.0,0.0,0.14310344827586208,6.037931034482758,0.13243744118471412,0.7407480197724972,0.0067796384901648065,3.8157894736842106,0.8941356221376192,0.05344827586206897,0.9741379310344828,0.975,0.9897394999861717,30,False,2362.0
3,paper_pa,paper_pa_9,9,30,432238889,1862779228,"[1, 5, 43, 69, 158, 202, 209, 222, 238, 253, 273, 291, 301, 376, 482, 506, 532, 561, 565, 582]","[356, 465, 200, 531, 149, 47, 588, 376, 302, 1, 209, 38, 515, 527, 91, 555, 318, 404, 193, 339]",600,20,0.62,,,,,,,0.0,1.0,0.005,,,5.07,0.6661515202697662,1.0,0.09,5.65,0.0018563592853300035,0.007694655058939755,0.16551724137931034,0.020689655172413793,0.0017241379310344827,0.0,2.143103448275862,4.0,0.0,0.1896551724137931,6.451724137931034,0.14752099444956718,0.6979989279971414,0.008572646310435188,3.8,0.784690987350016,0.08103448275862069,0.9706896551724138,0.9716666666666667,0.9410618341062218,30,False,2360.0
3,paper_pa,paper_pa_9,9,31,432238889,1482959980,"[53, 95, 130, 131, 139, 203, 223, 253, 327, 329, 377, 438, 474, 482, 487, 521, 557, 560, 574, 592]","[396, 242, 23, 363, 238, 165, 498, 1, 205, 29, 168, 43, 101, 91, 435, 458, 214, 311, 225, 230]",600,20,0.62,,,,,,,0.0,1.0,0.005,,,5.07,0.6661515202697662,1.0,0.09,3.2,0.0011638672270216732,0.0027469456528320013,0.10344827586206896,0.0034482758620689655,0.0,0.0,2.4086206896551725,5.0,0.0,0.05517241379310345,4.51551724137931,0.10031514159259104,0.8040795664343994,0.0024122807017543857,4.257894736842105,0.8569118364256421,0.06896551724137931,0.9741379310344828,0.975,0.9359599591698498,30,False,2362.0
3,paper_pa,paper_pa_9,9,32,432238889,1233973799,"[7, 45, 61, 89, 169, 276, 283, 286, 296, 356, 370, 400, 456, 459, 476, 496, 500, 503, 515, 536]","[297, 579, 409, 512, 241, 121, 228, 111, 374, 457, 516, 131, 224, 380, 36, 2, 219, 84, 511, 525]",600,20,0.62,,,,,,,0.0,1.0,0.005,,,5.07,0.6661515202697662,1.0,0.09,4.35,0.0014675341293241295,0.002375114788496752,0.13793103448275862,0.01206896551724138,0.0,0.0,2.2568965517241377,5.0,0.0,0.08448275862068966,5.455172413793103,0.13009800797981527,0.7437138943481627,0.00425875294296347,4.1,0.9313594078495965,0.06551724137931035,0.9706896551724138,0.9716666666666667,0.9495468749664724,30,False,2360.0
3,paper_pa,paper_pa_9,9,33,432238889,2059729303,"[72, 76, 205, 209, 256, 277, 298, 307, 333, 434, 442, 448, 479, 517, 535, 545, 573, 576, 586, 588]","[152, 587, 270, 588, 316, 86, 51, 26, 93, 246, 369, 341, 235, 33, 132, 321, 418, 328, 172, 314]",600,20,0.62,,,,,,,0.0,1.0,0.005,,,5.07,0.6661515202697662,1.0,0.09,5.5,0.0018146725606037518,0.00536099709097289,0.16896551724137931,0.013793103448275862,0.0,0.0,2.212068965517241,5.0,0.0,0.12758620689655173,6.031034482758621,0.15277454777809948,0.6917098445595855,0.004383744910060699,3.805263157894737,0.7758403900974461,0.06896551724137931,0.9586206896551724,0.96,0.9255269579589367,30,False,2360.0
3,paper_pa,paper_pa_9,9,34,432238889,1897880893,"[20, 48, 88, 93, 104, 157, 183, 227, 246, 264, 421, 442, 480, 483, 490, 496, 539, 560, 561, 568]","[292, 182, 586, 206, 24, 510, 116, 550, 517, 521, 117, 369, 495, 289, 18, 2, 422, 311, 404, 61]",600,20,0.62,,,,,,,0.0,1.0,0.005,,,5.07,0.6661515202697662,1.0,0.09,4.95,0.001658758308152605,0.004808080586197299,0.15517241379310345,0.01206896551724138,0.0,0.0,2.189655172413793,4.0,0.0,0.10517241379310345,5.8293103448275865,0.14169246417272036,0.7146387945923411,0.004164256795835743,3.9526315789473685,0.7102434159260615,0.07241379310344828,0.9689655172413794,0.97,0.9638143749907613,30,False,2362.0
3,paper_pa,paper_pa_9,9,35,432238889,3427421041,"[84, 121, 161, 175, 201, 243, 247, 268, 319, 333, 357, 411, 424, 431, 442, 491, 493, 501, 562, 592]","[482, 366, 332, 279, 403, 537, 147, 502, 177, 93, 56, 89, 456, 46, 369, 97, 506, 427, 584, 230]",600,20,0.62,,,,,,,0.0,1.0,0.005,,,5.07,0.6661515202697662,1.0,0.09,4.2,0.0014225032457169389,0.0023344091743826255,0.1310344827586207,0.010344827586206896,0.0,0.0,2.2896551724137932,4.0,0.0,0.1,5.4879310344827585,0.12453713479406507,0.7555654815079507,0.004713868003341688,3.963157894736842,0.7758403900974462,0.0706896551724138,0.9758620689655172,0.9766666666666667,0.9744576660450548,30,False,2360.0
3,paper_pa,paper_pa_9,9,36,432238889,1533723338,"[31, 55, 69, 72, 84, 120, 132, 150, 171, 188, 277, 296, 324, 346, 384, 419, 443, 462, 490, 588]","[19, 251, 531, 152, 482, 470, 534, 571, 217, 112, 86, 374, 110, 439, 433, 124, 245, 454, 18, 314]",600,20,0.62,,,,,,,0.0,1.0,0.005,,,5.07,0.6661515202697662,1.0,0.09,5.3,0.0017425588426001558,0.004595742557480932,0.16379310344827586,0.010344827586206896,0.0017241379310344827,0.0,2.2241379310344827,4.0,0.0,0.10172413793103448,5.453448275862069,0.14665685277498575,0.700375201000536,0.00596686938792202,3.9210526315789473,0.7860403603666914,0.05517241379310345,0.19655172413793104,0.22333333333333333,0.9994458749424666,30,False,1484.0
3,paper_pa,paper_pa_9,9,37,432238889,755043848,"[0, 18, 25, 28, 38, 58, 76, 85, 89, 94, 116, 125, 157, 203, 220, 332, 479, 528, 530, 553]","[519, 199, 260, 386, 315, 383, 587, 338, 512, 449, 98, 477, 510, 165, 6, 497, 235, 31, 469, 280]",600,20,0.62,,,,,,,0.0,1.0,0.005,,,5.07,0.6661515202697662,1.0,0.09,7.15,0.0022880305523639783,0.011934922051750554,0.21551724137931033,0.020689655172413793,0.0,0.0,2.0224137931034485,4.0,0.0,0.19482758620689655,6.3982758620689655,0.17965148713119009,0.6193258293133226,0.0029173132173774025,3.736842105263158,0.7962403306359368,0.08448275862068966,0.9637931034482758,0.965,0.9233030409086496,30,False,2360.0
3,paper_pa,paper_pa_9,9,38,432238889,1180337578,"[27, 43, 47, 98, 135, 205, 289, 299, 320, 334, 349, 367, 370, 392, 405, 417, 470, 523, 540, 576]","[533, 200, 352, 448, 568, 270, 14, 247, 262, 359, 67, 41, 516, 226, 343, 191, 420, 434, 536, 328]",600,20,0.62,,,,,,,0.0,1.0,0.005,,,5.07,0.6661515202697662,1.0,0.09,4.9,0.001629727512841016,0.004137439169061062,0.1482758620689655,0.017241379310344827,0.0034482758620689655,0.0,2.2379310344827585,4.0,0.0,0.15,6.0137931034482754,0.13990183863159383,0.7260377583229111,0.007298512890618155,4.010526315789473,0.7896164557316953,0.07586206896551724,0.9603448275862069,0.9616666666666667,0.9435452078469098,30,False,2360.0
3,paper_pa,paper_pa_9,9,39,432238889,2511775347,"[1, 25, 55, 73, 74, 190, 194, 218, 224, 268, 309, 320, 331, 358, 403, 455, 521, 532, 539, 585]","[356, 260, 251, 53, 416, 175, 16, 134, 429, 502, 0, 262, 204, 34, 92, 298, 458, 318, 422, 419]",600,20,0.62,,,,,,,0.0,1.0,0.005,,,5.07,0.6661515202697662,1.0,0.09,5.05,0.0016701671564791573,0.003991837912542037,0.16034482758620688,0.01206896551724138,0.0017241379310344827,0.0,2.170689655172414,5.0,0.0,0.15,6.137931034482759,0.1446919629615984,0.7061223274373176,0.004732939805654487,3.8789473684210525,0.8706879020598912,0.08620689655172414,0.9758620689655172,0.9766666666666667,0.9326825409661978,30,False,2362.0
3,paper_pa,paper_pa_9,9,40,432238889,1380960379,"[15, 55, 100, 170, 177, 204, 221, 253, 259, 352, 358, 379, 428, 505, 545, 551, 560, 563, 566, 574]","[462, 251, 389, 79, 76, 261, 139, 1, 299, 282, 34, 522, 220, 490, 321, 594, 311, 411, 329, 225]",600,20,0.62,,,,,,,0.0,1.0,0.005,,,5.07,0.6661515202697662,1.0,0.09,4.9,0.0016296510334929098,0.004049378899044895,0.16551724137931034,0.0034482758620689655,0.0,0.0,2.1724137931034484,4.0,0.0,0.09655172413793103,5.437931034482759,0.1453677462309599,0.6976237269966054,0.0010964912280701754,4.073684210526316,0.8015148325235026,0.07241379310344828,0.9706896551724138,0.9716666666666667,0.9561204160563648,30,False,2360.0
3,paper_pa,paper_pa_9,9,41,432238889,3325024932,"[22, 26, 71, 101, 177, 222, 236, 248, 293, 299, 337, 341, 355, 373, 382, 408, 475, 485, 512, 577]","[415, 276, 164, 379, 76, 376, 368, 154, 85, 247, 104, 324, 107, 250, 307, 593, 17, 472, 240, 40]",600,20,0.62,,,,,,,0.0,1.0,0.005,,,5.07,0.6661515202697662,1.0,0.09,4.6,0.0015482367632615951,0.0037566814896563827,0.14310344827586208,0.01206896551724138,0.0,0.0,2.2551724137931033,4.0,0.0,0.09482758620689655,5.120689655172414,0.13350354792026004,0.7349234709070336,0.004281537176274018,4.0473684210526315,0.730643356464552,0.07758620689655173,0.9689655172413794,0.97,0.9361224160529673,30,False,2362.0
3,paper_pa,paper_pa_9,9,42,432238889,25472697,"[66, 83, 178, 237, 258, 292, 322, 325, 342, 343, 346, 354, 374, 436, 439, 440, 552, 560, 563, 580]","[401, 563, 122, 479, 346, 355, 484, 331, 540, 475, 439, 271, 87, 431, 578, 348, 476, 311, 411, 305]",600,20,0.62,,,,,,,0.0,1.0,0.005,,,5.07,0.6661515202697662,1.0,0.09,4.85,0.0016066946066538295,0.0037211358570268032,0.1482758620689655,0.013793103448275862,0.0017241379310344827,0.0,2.2913793103448277,4.0,0.0,0.1310344827586207,5.448275862068965,0.1393347174702047,0.7260139360371628,0.0048766438240122455,3.873684210526316,0.8502879615214005,0.06896551724137931,0.6810344827586207,0.6916666666666667,0.9662206249777228,30,False,1854.0
3,paper_pa,paper_pa_9,9,43,432238889,944038129,"[4, 51, 63, 110, 143, 154, 159, 201, 205, 220, 261, 378, 402, 431, 435, 451, 471, 476, 520, 554]","[141, 597, 39, 491, 158, 137, 410, 403, 270, 6, 286, 552, 277, 46, 353, 283, 256, 36, 387, 520]",600,20,0.62,,,,,,,0.0,1.0,0.005,,,5.07,0.6661515202697662,1.0,0.09,5.95,0.0019304785267873694,0.006131457829623093,0.17413793103448275,0.017241379310344827,0.0,0.0,2.1758620689655173,4.0,0.0,0.16034482758620688,6.255172413793104,0.16018151337825973,0.6829194211184563,0.004397716779988248,3.6842105263157894,0.5900334188732119,0.07586206896551724,0.506896551724138,0.5233333333333333,0.9471183749847114,30,False,1726.0
3,paper_pa,paper_pa_9,9,44,432238889,2383988453,"[2, 7, 14, 97, 110, 112, 117, 124, 286, 323, 326, 334, 338, 398, 438, 480, 483, 492, 500, 559]","[342, 297, 508, 473, 491, 44, 370, 201, 111, 49, 258, 359, 466, 163, 43, 495, 289, 127, 219, 129]",600,20,0.62,,,,,,,0.0,1.0,0.005,,,5.07,0.6661515202697662,1.0,0.09,6.6,0.002104504003820934,0.0085435358415969,0.1896551724137931,0.020689655172413793,0.0034482758620689655,0.0,2.0741379310344827,4.0,0.0,0.20517241379310344,7.0568965517241375,0.16572143814794466,0.6589780239413972,0.006773157398157398,3.557894736842105,0.82988802098291,0.06896551724137931,0.9758620689655172,0.9766666666666667,0.9303397091571242,30,False,2362.0
3,paper_pa,paper_pa_9,9,45,432238889,3051238470,"[59, 62, 69, 74, 142, 153, 213, 283, 304, 338, 384, 407, 417, 442, 449, 455, 457, 514, 566, 567]","[146, 50, 531, 416, 239, 461, 28, 228, 4, 466, 433, 181, 191, 369, 357, 298, 142, 25, 329, 288]",600,20,0.62,,,,,,,0.0,1.0,0.005,,,5.07,0.6661515202697662,1.0,0.09,5.3,0.001751558739739084,0.004506185960931823,0.15517241379310345,0.01206896551724138,0.0017241379310344827,0.0,2.2431034482758623,4.0,0.0,0.12758620689655173,6.124137931034483,0.14297385373697816,0.7145196831635996,0.004406529143371248,3.768421052631579,0.897711717502623,0.07931034482758621,0.9689655172413794,0.97,0.9078904162161052,29,True,2360.0
3,paper_pa,paper_pa_9,9,46,432238889,3430874040,"[4, 11, 40, 53, 95, 97, 160, 251, 276, 300, 343, 398, 441, 443, 501, 506, 534, 577, 581, 585]","[141, 120, 185, 396, 242, 473, 169, 360, 121, 162, 475, 163, 592, 245, 427, 555, 202, 40, 585, 419]",600,20,0.62,,,,,,,0.0,1.0,0.005,,,5.07,0.6661515202697662,1.0,0.09,5.3,0.001712640103106439,0.005797184765718216,0.16724137931034483,0.015517241379310345,0.0,0.0,2.1620689655172414,4.0,0.0,0.14482758620689656,5.863793103448276,0.1508930312099298,0.6947590971353701,0.0051714513556618815,3.857894736842105,0.8569118364256421,0.056896551724137934,0.9706896551724138,0.9716666666666667,0.9360299168620259,30,False,2362.0
3,paper_pa,paper_pa_9,9,47,432238889,3696061565,"[6, 24, 31, 54, 78, 98, 122, 166, 203, 355, 380, 397, 410, 450, 467, 500, 542, 550, 553, 569]","[135, 573, 19, 524, 284, 448, 310, 358, 165, 107, 453, 96, 412, 340, 159, 219, 13, 22, 280, 507]",600,20,0.62,,,,,,,0.0,1.0,0.005,,,5.07,0.6661515202697662,1.0,0.09,4.5,0.0015263309428949921,0.003978153877960093,0.14310344827586208,0.01206896551724138,0.0,0.0,2.246551724137931,4.0,0.0,0.10517241379310345,5.510344827586207,0.13237846241119083,0.7350485379072123,0.004793101635206898,4.005263157894737,0.806440300905182,0.06379310344827586,0.9793103448275862,0.98,0.9264637499582022,30,False,2362.0
3,paper_pa,paper_pa_9,9,48,432238889,2880399046,"[15, 39, 73, 79, 117, 127, 162, 196, 217, 313, 331, 343, 348, 353, 405, 433, 436, 519, 538, 581]","[462, 413, 53, 72, 370, 15, 501, 140, 572, 133, 204, 475, 313, 156, 343, 468, 431, 467, 494, 585]",600,20,0.62,,,,,,,0.0,1.0,0.005,,,5.07,0.6661515202697662,1.0,0.09,4.35,0.0014642344559726986,0.002790393256692437,0.13620689655172413,0.008620689655172414,0.0017241379310344827,0.0,2.2655172413793103,4.0,0.0,0.1,5.505172413793104,0.1285263764590289,0.7466499910666429,0.0039454697349434195,3.9947368421052634,0.8130641758094235,0.056896551724137934,0.28793103448275864,0.31166666666666665,0.8152288750279695,25,True,1508.0
3,paper_pa,paper_pa_9,9,49,432238889,788385881,"[19, 77, 129, 133, 162, 166, 184, 217, 222, 243, 269, 276, 322, 336, 355, 381, 412, 421, 540, 581]","[45, 560, 150, 529, 501, 358, 398, 572, 376, 537, 178, 121, 484, 544, 107, 126, 367, 117, 536, 585]",600,20,0.62,,,,,,,0.0,1.0,0.005,,,5.07,0.6661515202697662,1.0,0.09,5.65,0.001833448871944758,0.004429968725728473,0.1706896551724138,0.015517241379310345,0.0034482758620689655,0.0,2.1586206896551725,4.0,0.0,0.13448275862068965,6.491379310344827,0.15401817312785124,0.6890000595557144,0.007539916986141242,3.668421052631579,0.7642910468115254,0.0706896551724138,0.9775862068965517,0.9783333333333334,0.9357712920755148,30,False,2362.0
3,paper_pa,paper_pa_10,10,0,333555702,1762004904,"[6, 112, 122, 133, 183, 186, 215, 233, 253, 281, 352, 384, 455, 462, 488, 497, 517, 529, 544, 561]","[194, 431, 35, 555, 29, 354, 218, 340, 433, 371, 21, 344, 102, 401, 162, 368, 191, 238, 27, 117]",600,20,0.62,,,,,,,0.0,1.0,0.005,,,5.068333333333333,0.6342445361075542,1.0,0.08333333333333333,4.55,0.0015417919022585643,0.004693743290461395,0.14482758620689656,0.008620689655172414,0.0,0.0,2.268965517241379,4.0,0.0,0.09310344827586207,5.244827586206896,0.13308756578493205,0.7321303079030433,0.002814327485380117,3.9789473684210526,0.8392542373755957,0.06206896551724138,0.2775862068965517,0.3016666666666667,0.9754127089399844,30,False,1540.0
3,paper_pa,paper_pa_10,10,1,333555702,2103646787,"[34, 49, 89, 110, 210, 220, 237, 243, 256, 314, 348, 391, 406, 456, 473, 514, 535, 546, 587, 593]","[291, 281, 192, 287, 232, 452, 408, 282, 550, 98, 424, 7, 215, 172, 61, 176, 241, 419, 466, 481]",600,20,0.62,,,,,,,0.0,1.0,0.005,,,5.068333333333333,0.6342445361075542,1.0,0.08333333333333333,5.75,0.0018503320155356152,0.005960371722885831,0.17758620689655172,0.013793103448275862,0.0,0.0,2.2017241379310346,5.0,0.0,0.13793103448275862,5.593103448275862,0.1558684282830654,0.6781311416830444,0.0033726683681311632,3.889473684210526,0.7820728098253055,0.06379310344827586,0.8258620689655173,0.8316666666666667,0.9597043751273304,30,False,2100.0
3,paper_pa,paper_pa_10,10,2,333555702,658056229,"[15, 90, 91, 106, 128, 144, 154, 198, 250, 260, 424, 490, 496, 527, 559, 560, 580, 586, 588, 594]","[130, 529, 188, 530, 59, 13, 151, 258, 454, 493, 236, 123, 245, 447, 118, 352, 360, 458, 309, 395]",600,20,0.62,,,,,,,0.0,1.0,0.005,,,5.068333333333333,0.6342445361075542,1.0,0.08333333333333333,4.4,0.0014831433898872318,0.0038596713617876205,0.12931034482758622,0.008620689655172414,0.0,0.0,2.287931034482759,4.0,0.0,0.1103448275862069,5.294827586206897,0.11660772519651556,0.7592222023703175,0.00493734335839599,4.0473684210526315,0.8657556935206444,0.05517241379310345,0.9655172413793104,0.9666666666666667,0.9697046671062708,30,False,2350.0
3,paper_pa,paper_pa_10,10,3,333555702,3350349065,"[15, 23, 36, 37, 52, 65, 69, 80, 87, 167, 177, 180, 256, 314, 365, 433, 445, 478, 506, 551]","[130, 199, 577, 429, 506, 270, 474, 233, 502, 15, 259, 45, 550, 98, 496, 138, 318, 195, 183, 455]",600,20,0.62,,,,,,,0.0,1.0,0.005,,,5.068333333333333,0.6342445361075542,1.0,0.08333333333333333,6.0,0.0019105186318335212,0.006783003634409654,0.17586206896551723,0.02413793103448276,0.0034482758620689655,0.0,2.1413793103448278,4.0,0.0,0.15344827586206897,6.363793103448276,0.160184419991837,0.6804478589720684,0.008884563186622684,3.6578947368421053,0.9439941754198046,0.06724137931034482,0.9724137931034482,0.9733333333333334,0.9575169158633798,30,False,2350.0
3,paper_pa,paper_pa_10,10,4,333555702,2133214635,"[59, 100, 126, 130, 137, 161, 316, 362, 384, 385, 401, 410, 417, 444, 500, 510, 520, 525, 559, 561]","[152, 82, 556, 487, 509, 149, 538, 112, 344, 551, 213, 171, 132, 328, 369, 392, 111, 97, 118, 117]",600,20,0.62,,,,,,,0.0,1.0,0.005,,,5.068333333333333,0.6342445361075542,1.0,0.08333333333333333,4.8,0.0015834486234417339,0.0028558994025919674,0.14655172413793102,0.008620689655172414,0.0,0.0,2.282758620689655,4.0,0.0,0.10517241379310345,5.374137931034483,0.13417356895030283,0.7291763444702519,0.003026315789473684,4.068421052631579,0.9334656482453696,0.08275862068965517,0.9775862068965517,0.9783333333333334,0.9278417921159416,30,False,2350.0
3,paper_pa,paper_pa_10,10,5,333555702,2674329990,"[24, 34, 36, 199, 200, 218, 223, 234, 248, 290, 305, 324, 373, 393, 413, 437, 479, 501, 532, 577]","[425, 291, 577, 145, 227, 456, 575, 135, 489, 355, 16, 451, 131, 60, 453, 224, 137, 568, 108, 300]",600,20,0.62,,,,,,,0.0,1.0,0.005,,,5.068333333333333,0.6342445361075542,1.0,0.08333333333333333,4.6,0.0015346280423973167,0.004200476239013128,0.13793103448275862,0.015517241379310345,0.0017241379310344827,0.0,2.336206896551724,4.0,0.0,0.11551724137931034,5.043103448275862,0.12967700333725815,0.743737716633911,0.007622582096266308,4.08421052631579,0.8708398188989009,0.0603448275862069,0.3810344827586207,0.40166666666666667,0.9506485420279205,30,False,1636.0
3,paper_pa,paper_pa_10,10,6,333555702,3646054915,"[3, 14, 37, 68, 77, 98, 103, 128, 189, 209, 211, 226, 336, 421, 468, 521, 529, 569, 575, 595]","[197, 561, 429, 140, 36, 210, 511, 59, 70, 178, 359, 71, 438, 314, 168, 308, 238, 598, 274, 418]",600,20,0.62,,,,,,,0.0,1.0,0.005,,,5.068333333333333,0.6342445361075542,1.0,0.08333333333333333,5.95,0.0019163441965629794,0.008881949141533455,0.1724137931034483,0.015517241379310345,0.0017241379310344827,0.0,2.196551724137931,4.0,0.0,0.1879310344827586,5.970689655172414,0.15105728615075661,0.6869751652671073,0.00697394886823199,3.8210526315789473,0.9160998808546916,0.06379310344827586,0.9758620689655172,0.9766666666666667,0.9327642919961363,30,False,2350.0
3,paper_pa,paper_pa_10,10,7,333555702,3958792176,"[3, 29, 98, 128, 130, 134, 138, 205, 206, 234, 236, 301, 303, 427, 457, 482, 510, 520, 525, 590]","[197, 22, 210, 59, 487, 202, 256, 594, 234, 135, 379, 163, 85, 91, 388, 229, 392, 111, 97, 400]",600,20,0.62,,,,,,,0.0,1.0,0.005,,,5.068333333333333,0.6342445361075542,1.0,0.08333333333333333,6.25,0.0019937565690667696,0.009979196638771093,0.19137931034482758,0.017241379310344827,0.0034482758620689655,0.0,2.086206896551724,4.0,0.0,0.19482758620689655,6.4206896551724135,0.16236117623752036,0.6568816627955453,0.00742970975893177,3.7526315789473683,0.8776770591151436,0.07241379310344828,0.9810344827586207,0.9816666666666667,0.9554519159719348,30,False,2350.0
3,paper_pa,paper_pa_10,10,8,333555702,2314960061,"[26, 38, 53, 57, 103, 182, 242, 256, 269, 275, 292, 315, 378, 405, 433, 468, 480, 573, 579, 594]","[119, 103, 387, 235, 511, 18, 325, 550, 343, 216, 486, 166, 164, 254, 138, 168, 179, 375, 184, 395]",600,20,0.62,,,,,,,0.0,1.0,0.005,,,5.068333333333333,0.6342445361075542,1.0,0.08333333333333333,5.55,0.001795613877179994,0.006840714971252421,0.16724137931034483,0.017241379310344827,0.0,0.0,2.1517241379310343,4.0,0.0,0.13448275862068965,5.955172413793103,0.15073724548432738,0.6947650527068072,0.003950902898271319,3.9473684210526314,0.7262842206950795,0.056896551724137934,0.9603448275862069,0.9616666666666667,0.9231431670486927,30,False,2346.0
3,paper_pa,paper_pa_10,10,9,333555702,276802740,"[0, 5, 10, 40, 59, 72, 73, 146, 148, 201, 227, 319, 340, 364, 424, 456, 472, 487, 559, 562]","[517, 187, 0, 320, 152, 52, 105, 303, 339, 403, 114, 198, 398, 417, 236, 172, 330, 266, 118, 189]",600,20,0.62,,,,,,,0.0,1.0,0.005,,,5.068333333333333,0.6342445361075542,1.0,0.08333333333333333,6.0,0.0019265817833133577,0.0073244257121031515,0.1879310344827586,0.017241379310344827,0.0017241379310344827,0.0,2.122413793103448,4.0,0.0,0.13448275862068965,5.4431034482758625,0.16469302161749694,0.6612530522303615,0.005151892348688687,3.9105263157894736,0.8603112917244656,0.08448275862068966,0.9844827586206897,0.985,0.9184153331443667,30,False,2350.0
3,paper_pa,paper_pa_10,10,10,333555702,509370920,"[22, 56, 96, 130, 143, 160, 247, 299, 302, 350, 384, 391, 416, 437, 475, 480, 492, 493, 522, 575]","[38, 389, 88, 487, 181, 566, 426, 203, 386, 306, 344, 7, 565, 224, 316, 179, 445, 581, 271, 274]",600,20,0.62,,,,,,,0.0,1.0,0.005,,,5.068333333333333,0.6342445361075542,1.0,0.08333333333333333,5.15,0.0016787778552793797,0.0034263615598410456,0.15517241379310345,0.022413793103448276,0.0,0.0,2.2241379310344827,4.0,0.0,0.11896551724137931,5.61896551724138,0.1456220404064891,0.7144601274492287,0.0072136051083419505,3.9263157894736844,0.7939941754198047,0.07413793103448275,0.9517241379310345,0.9533333333333334,0.9590903329662979,30,False,2340.0
3,paper_pa,paper_pa_10,10,11,333555702,2438288425,"[96, 128, 180, 221, 283, 295, 307, 342, 362, 365, 380, 411, 424, 455, 471, 481, 498, 549, 576, 598]","[88, 59, 45, 221, 32, 512, 427, 396, 112, 496, 393, 93, 236, 102, 207, 510, 66, 278, 272, 290]",600,20,0.62,,,,,,,0.0,1.0,0.005,,,5.068333333333333,0.6342445361075542,1.0,0.08333333333333333,5.15,0.0016894182484925159,0.0036556305599762624,0.16551724137931034,0.008620689655172414,0.0,0.0,2.2086206896551723,4.0,0.0,0.10172413793103448,5.482758620689655,0.14972085014848346,0.697296170567566,0.0028575225943646997,3.9,0.8762842206950795,0.06896551724137931,0.9534482758620689,0.955,0.9926034579984844,30,False,2336.0
3,paper_pa,paper_pa_10,10,12,333555702,3998023987,"[139, 167, 191, 240, 291, 316, 357, 376, 415, 419, 463, 493, 501, 512, 517, 546, 551, 578, 583, 584]","[363, 15, 58, 473, 182, 538, 435, 335, 415, 341, 353, 581, 568, 576, 191, 419, 455, 525, 113, 9]",600,20,0.62,,,,,,,0.0,1.0,0.005,,,5.068333333333333,0.6342445361075542,1.0,0.08333333333333333,4.75,0.0015583993405934304,0.004120847229409898,0.14482758620689656,0.015517241379310345,0.0,0.0,2.2758620689655173,4.0,0.0,0.12241379310344827,5.453448275862069,0.1360521088212523,0.7319516407599309,0.006566605908711172,3.8789473684210525,0.7766284080291268,0.0706896551724138,0.9775862068965517,0.9783333333333334,0.9446917080786079,30,False,2350.0
3,paper_pa,paper_pa_10,10,13,333555702,4173549979,"[48, 96, 98, 99, 157, 162, 179, 188, 218, 227, 250, 326, 329, 335, 388, 481, 538, 560, 585, 592]","[558, 88, 210, 63, 597, 78, 180, 177, 456, 114, 454, 446, 257, 527, 322, 510, 68, 352, 547, 356]",600,20,0.62,,,,,,,0.0,1.0,0.005,,,5.068333333333333,0.6342445361075542,1.0,0.08333333333333333,5.3,0.0017373613009163623,0.004651007922477216,0.15689655172413794,0.017241379310344827,0.0017241379310344827,0.0,2.1982758620689653,4.0,0.0,0.10517241379310345,5.725862068965517,0.14678239464026444,0.7114882973021261,0.006388092901250797,3.9157894736842107,0.8324169971593528,0.07758620689655173,0.9827586206896551,0.9833333333333333,0.9304453330114484,30,False,2350.0
3,paper_pa,paper_pa_10,10,14,333555702,1557559919,"[17, 69, 75, 120, 124, 154, 228, 235, 249, 283, 306, 341, 385, 443, 453, 487, 533, 566, 581, 595]","[488, 474, 528, 467, 484, 151, 225, 448, 471, 32, 518, 365, 551, 129, 329, 266, 64, 57, 521, 418]",600,20,0.62,,,,,,,0.0,1.0,0.005,,,5.068333333333333,0.6342445361075542,1.0,0.08333333333333333,5.95,0.0018950133273105164,0.004133050573859975,0.16551724137931034,0.022413793103448276,0.0,0.0,2.179310344827586,4.0,0.0,0.15862068965517243,6.301724137931035,0.15553460567205377,0.6970400809957715,0.005361869812334209,3.694736842105263,0.8776770591151436,0.06896551724137931,0.9758620689655172,0.9766666666666667,0.9363204999826849,30,False,2350.0
3,paper_pa,paper_pa_10,10,15,333555702,2248139387,"[1, 18, 57, 135, 215, 230, 248, 254, 275, 317, 396, 424, 455, 461, 471, 487, 491, 526, 554, 557]","[293, 8, 235, 310, 218, 432, 489, 201, 216, 84, 522, 236, 102, 253, 207, 266, 587, 72, 120, 513]",600,20,0.62,,,,,,,0.0,1.0,0.005,,,5.068333333333333,0.6342445361075542,1.0,0.08333333333333333,6.1,0.0019615661063881584,0.009299165879002353,0.1810344827586207,0.01896551724137931,0.0,0.0,2.127586206896552,4.0,0.0,0.16896551724137931,6.010344827586207,0.16103415256479622,0.6724495265320708,0.004436438905585911,3.736842105263158,0.8392542373755956,0.07931034482758621,0.9672413793103448,0.9683333333333334,0.9304937920533121,30,False,2350.0
3,paper_pa,paper_pa_10,10,16,333555702,4133096881,"[5, 31, 35, 54, 192, 202, 233, 284, 291, 306, 319, 323, 334, 362, 378, 407, 432, 467, 530, 576]","[187, 311, 214, 279, 284, 34, 340, 205, 182, 518, 198, 519, 333, 112, 164, 37, 523, 324, 391, 272]",600,20,0.62,,,,,,,0.0,1.0,0.005,,,5.068333333333333,0.6342445361075542,1.0,0.08333333333333333,5.45,0.0017587320976847252,0.005209202776324892,0.16206896551724137,0.01206896551724138,0.0,0.0,2.179310344827586,4.0,0.0,0.15862068965517243,6.23448275862069,0.1457154323118398,0.7033946757191353,0.004713868003341688,3.8,0.8008314156360474,0.07586206896551724,0.9689655172413794,0.97,0.9207380409352481,30,False,2350.0
3,paper_pa,paper_pa_10,10,17,333555702,2483527335,"[4, 12, 20, 21, 42, 100, 131, 139, 162, 195, 200, 227, 270, 302, 304, 308, 408, 415, 489, 528]","[378, 508, 430, 376, 3, 82, 115, 363, 78, 495, 227, 114, 269, 386, 90, 570, 246, 415, 261, 79]",600,20,0.62,,,,,,,0.0,1.0,0.005,,,5.068333333333333,0.6342445361075542,1.0,0.08333333333333333,5.8,0.0018595278224389175,0.0064587755332712205,0.17413793103448275,0.013793103448275862,0.0034482758620689655,0.0,2.1293103448275863,4.0,0.0,0.15689655172413794,6.612068965517241,0.15468039186490948,0.6835388005479126,0.008069408344007887,3.7421052631578946,0.8497827645500305,0.06896551724137931,0.9793103448275862,0.98,0.9470526659861207,30,False,2336.0
3,paper_pa,paper_pa_10,10,18,333555702,3928996964,"[11, 31, 68, 74, 126, 159, 261, 265, 313, 320, 338, 390, 409, 418, 421, 461, 531, 534, 551, 597]","[12, 311, 140, 478, 556, 350, 457, 28, 541, 23, 337, 347, 374, 69, 314, 253, 24, 450, 455, 476]",600,20,0.62,,,,,,,0.0,1.0,0.005,,,5.068333333333333,0.6342445361075542,1.0,0.08333333333333333,5.85,0.001871260202950616,0.005876286421818983,0.17413793103448275,0.017241379310344827,0.0,0.0,2.1862068965517243,5.0,0.0,0.16034482758620688,5.924137931034482,0.1579180438105144,0.6831278661187541,0.004372464254735723,3.768421052631579,0.7715442826508704,0.0603448275862069,0.9603448275862069,0.9616666666666667,0.9367118750233203,30,False,2346.0
3,paper_pa,paper_pa_10,10,19,333555702,2150457883,"[28, 49, 72, 122, 129, 163, 165, 247, 265, 275, 322, 327, 359, 431, 436, 488, 520, 525, 551, 588]","[161, 281, 52, 35, 99, 385, 283, 426, 28, 216, 136, 83, 539, 321, 126, 162, 111, 97, 455, 309]",600,20,0.62,,,,,,,0.0,1.0,0.005,,,5.068333333333333,0.6342445361075542,1.0,0.08333333333333333,5.5,0.0017891956350997746,0.0066358324928000615,0.16896551724137931,0.015517241379310345,0.0017241379310344827,0.0,2.156896551724138,4.0,0.0,0.1310344827586207,5.646551724137931,0.14825161513868357,0.6924900244178429,0.006442888252098778,3.8842105263157896,0.8497827645500305,0.06551724137931035,0.9706896551724138,0.9716666666666667,0.9664585420396179,30,False,2340.0
3,paper_pa,paper_pa_10,10,20,333555702,4182940383,"[13, 27, 147, 153, 164, 165, 178, 185, 347, 349, 355, 411, 425, 434, 476, 531, 544, 553, 568, 585]","[277, 331, 436, 485, 583, 283, 362, 412, 477, 240, 200, 93, 142, 17, 74, 24, 27, 295, 247, 547]",600,20,0.62,,,,,,,0.0,1.0,0.005,,,5.068333333333333,0.6342445361075542,1.0,0.08333333333333333,4.6,0.001543633863146411,0.004803530080174858,0.1413793103448276,0.013793103448275862,0.0,0.0,2.253448275862069,4.0,0.0,0.10344827586206896,5.127586206896551,0.13097634021985782,0.738103746054434,0.00402164832370782,4.105263157894737,0.8392542373755956,0.05862068965517241,0.22586206896551725,0.25166666666666665,0.9842236659023911,30,False,1476.0
3,paper_pa,paper_pa_10,10,21,333555702,3591502103,"[29, 62, 93, 100, 106, 219, 223, 246, 283, 328, 350, 351, 364, 373, 422, 435, 545, 549, 557, 599]","[22, 217, 169, 82, 530, 133, 575, 596, 32, 582, 306, 280, 417, 131, 342, 302, 106, 278, 513, 372]",600,20,0.62,,,,,,,0.0,1.0,0.005,,,5.068333333333333,0.6342445361075542,1.0,0.08333333333333333,5.4,0.0017849882074114371,0.005805840741456196,0.16724137931034483,0.01896551724137931,0.0,0.0,2.213793103448276,4.0,0.0,0.11896551724137931,5.093103448275862,0.15269489553783225,0.6945149187064499,0.004670119709713832,4.131578947368421,0.8950428265058215,0.07413793103448275,0.9775862068965517,0.9783333333333334,0.9279267499223351,30,False,2350.0
3,paper_pa,paper_pa_10,10,22,333555702,231850664,"[5, 24, 71, 97, 104, 134, 142, 160, 185, 249, 284, 290, 318, 320, 328, 363, 374, 497, 526, 585]","[187, 425, 312, 77, 348, 202, 2, 566, 412, 471, 205, 355, 204, 23, 582, 30, 326, 368, 72, 547]",600,20,0.62,,,,,,,0.0,1.0,0.005,,,5.068333333333333,0.6342445361075542,1.0,0.08333333333333333,5.05,0.0016557148101608167,0.005438571935976728,0.1482758620689655,0.017241379310344827,0.0017241379310344827,0.0,2.2517241379310344,4.0,0.0,0.1396551724137931,6.010344827586207,0.1383526374667172,0.7262819367518314,0.005754347991190096,3.8157894736842106,0.8099671043904184,0.07413793103448275,0.9741379310344828,0.975,0.9428159999661148,30,False,2350.0
3,paper_pa,paper_pa_10,10,23,333555702,2310544548,"[33, 37, 59, 70, 78, 167, 190, 201, 210, 237, 274, 281, 312, 355, 389, 401, 455, 488, 509, 549]","[463, 429, 152, 544, 469, 15, 211, 403, 232, 408, 475, 371, 407, 200, 505, 213, 102, 162, 212, 278]",600,20,0.62,,,,,,,0.0,1.0,0.005,,,5.068333333333333,0.6342445361075542,1.0,0.08333333333333333,4.7,0.0015421620199136882,0.003944394694268965,0.14310344827586208,0.013793103448275862,0.005172413793103448,0.0,2.3137931034482757,4.0,0.0,0.12586206896551724,5.355172413793103,0.13287417614161304,0.7351021380501459,0.007993258891091709,4.036842105263158,0.9334656482453696,0.06896551724137931,0.9706896551724138,0.9716666666666667,0.9586737919598818,30,False,2350.0
3,paper_pa,paper_pa_10,10,24,333555702,2314848869,"[10, 34, 74, 80, 146, 154, 185, 217, 235, 244, 273, 285, 287, 326, 329, 400, 478, 483, 488, 554]","[0, 291, 478, 233, 303, 151, 412, 44, 448, 19, 42, 384, 494, 446, 257, 536, 195, 223, 162, 120]",600,20,0.62,,,,,,,0.0,1.0,0.005,,,5.068333333333333,0.6342445361075542,1.0,0.08333333333333333,5.25,0.0017085290971632656,0.004664287784285239,0.16379310344827586,0.013793103448275862,0.0,0.0,2.189655172413793,5.0,0.0,0.11724137931034483,5.274137931034483,0.14977869514000772,0.700148889285927,0.003307734577084422,3.973684210526316,0.8378613989555315,0.06724137931034482,0.9775862068965517,0.9783333333333334,0.9140476249158382,30,False,2350.0
3,paper_pa,paper_pa_10,10,25,333555702,1317267511,"[12, 19, 58, 60, 66, 110, 146, 188, 259, 305, 358, 380, 387, 402, 470, 513, 521, 556, 568, 597]","[508, 167, 464, 357, 222, 287, 303, 177, 402, 16, 480, 393, 296, 411, 186, 53, 308, 56, 247, 476]",600,20,0.62,,,,,,,0.0,1.0,0.005,,,5.068333333333333,0.6342445361075542,1.0,0.08333333333333333,4.95,0.0016244378330646492,0.002664514627421495,0.15689655172413794,0.013793103448275862,0.0,0.0,2.225862068965517,4.0,0.0,0.1206896551724138,5.441379310344828,0.14368658796243766,0.7116669644452385,0.0053907496012759164,3.9526315789473685,0.7276770591151436,0.05862068965517241,0.3310344827586207,0.35333333333333333,0.9637828338891268,30,False,1574.0
3,paper_pa,paper_pa_10,10,26,333555702,3369782174,"[3, 15, 19, 42, 63, 112, 126, 137, 241, 252, 265, 289, 328, 336, 368, 462, 469, 472, 477, 541]","[197, 130, 167, 3, 73, 431, 556, 509, 263, 592, 28, 294, 582, 438, 125, 401, 472, 330, 567, 248]",600,20,0.62,,,,,,,0.0,1.0,0.005,,,5.068333333333333,0.6342445361075542,1.0,0.08333333333333333,6.3,0.0020136221455252863,0.010298545147651132,0.2,0.010344827586206896,0.0,0.0,2.0413793103448277,4.0,0.0,0.15689655172413794,6.046551724137931,0.16678684350513234,0.6429337144899053,0.0015012945727155187,3.9157894736842107,0.8168043446066613,0.06551724137931035,0.9724137931034482,0.9733333333333334,0.9285575828980654,30,False,2350.0
3,paper_pa,paper_pa_10,10,27,333555702,2733282756,"[6, 26, 27, 31, 68, 119, 146, 212, 215, 257, 260, 264, 309, 318, 339, 406, 475, 542, 574, 593]","[194, 119, 331, 311, 140, 428, 303, 185, 218, 242, 493, 338, 249, 204, 327, 215, 316, 208, 154, 481]",600,20,0.62,,,,,,,0.0,1.0,0.005,,,5.068333333333333,0.6342445361075542,1.0,0.08333333333333333,4.75,0.001617720320829711,0.005108100678576028,0.15344827586206897,0.006896551724137931,0.0,0.0,2.2344827586206897,4.0,0.0,0.10344827586206896,4.891379310344828,0.1391383434212983,0.7175987135965696,0.0018483709273182955,4.168421052631579,0.7541785152601924,0.05172413793103448,0.23275862068965517,0.25833333333333336,0.9810466670896858,30,False,1492.0
3,paper_pa,paper_pa_10,10,28,333555702,926056270,"[3, 15, 78, 96, 101, 103, 135, 164, 201, 208, 230, 281, 298, 323, 382, 396, 408, 456, 471, 542]","[197, 130, 469, 88, 442, 511, 310, 583, 403, 559, 432, 371, 434, 519, 349, 522, 246, 172, 207, 208]",600,20,0.62,,,,,,,0.0,1.0,0.005,,,5.068333333333333,0.6342445361075542,1.0,0.08333333333333333,6.25,0.0019928760578751875,0.00926261232419125,0.19655172413793104,0.01206896551724138,0.0034482758620689655,0.0,2.1,4.0,0.0,0.14310344827586208,5.856896551724138,0.1637689953530735,0.6487344410696206,0.004989639825787044,3.9157894736842107,0.7331214609113224,0.08448275862068966,0.9758620689655172,0.9766666666666667,0.9375550411641598,30,False,2350.0
3,paper_pa,paper_pa_10,10,29,333555702,2653247449,"[22, 39, 43, 113, 155, 212, 226, 240, 249, 257, 330, 372, 411, 505, 514, 522, 525, 529, 549, 599]","[38, 313, 503, 219, 370, 185, 71, 473, 471, 242, 62, 470, 93, 289, 176, 271, 97, 238, 278, 372]",600,20,0.62,,,,,,,0.0,1.0,0.005,,,5.068333333333333,0.6342445361075542,1.0,0.08333333333333333,4.5,0.0015316146180442513,0.0024887779947274967,0.1396551724137931,0.01206896551724138,0.0,0.0,2.2913793103448277,4.0,0.0,0.10172413793103448,5.198275862068965,0.13131658828881654,0.7407480197724972,0.004636270162585952,3.9526315789473685,0.8950428265058215,0.08103448275862069,0.9706896551724138,0.9716666666666667,0.943005541106686,30,False,2348.0
3,paper_pa,paper_pa_10,10,30,333555702,3836857644,"[0, 47, 48, 64, 114, 127, 176, 203, 240, 277, 278, 299, 360, 394, 402, 448, 485, 503, 540, 542]","[517, 11, 558, 122, 127, 573, 51, 549, 473, 514, 410, 203, 414, 404, 411, 285, 569, 14, 101, 208]",600,20,0.62,,,,,,,0.0,1.0,0.005,,,5.068333333333333,0.6342445361075542,1.0,0.08333333333333333,5.3,0.0017379054788515824,0.005128524463163545,0.16551724137931034,0.017241379310344827,0.0,0.0,2.1775862068965517,4.0,0.0,0.10517241379310345,5.531034482758621,0.15080104827052054,0.6974688821392413,0.005484914439208067,3.942105263157895,0.8324169971593528,0.07758620689655173,0.9775862068965517,0.9783333333333334,0.9544769159983844,30,False,2350.0
3,paper_pa,paper_pa_10,10,31,333555702,3914622822,"[7, 23, 89, 142, 161, 165, 233, 263, 340, 349, 355, 369, 384, 435, 441, 467, 492, 542, 550, 598]","[292, 199, 192, 2, 149, 283, 340, 94, 398, 240, 200, 532, 344, 302, 239, 324, 445, 208, 465, 290]",600,20,0.62,,,,,,,0.0,1.0,0.005,,,5.068333333333333,0.6342445361075542,1.0,0.08333333333333333,4.05,0.0013705173774612284,0.0029229754872647693,0.12586206896551724,0.01206896551724138,0.0017241379310344827,0.0,2.296551724137931,4.0,0.0,0.1,5.017241379310345,0.12100027406850272,0.7644988386635698,0.004918414918414918,4.0,0.7715442826508704,0.07413793103448275,0.9586206896551724,0.96,0.9306409158743918,30,False,2348.0
3,paper_pa,paper_pa_10,10,32,333555702,320877898,"[0, 21, 47, 62, 79, 160, 173, 230, 239, 266, 268, 273, 288, 324, 428, 433, 495, 514, 568, 595]","[517, 376, 11, 217, 41, 566, 65, 432, 574, 548, 134, 42, 255, 451, 155, 138, 226, 176, 247, 418]",600,20,0.62,,,,,,,0.0,1.0,0.005,,,5.068333333333333,0.6342445361075542,1.0,0.08333333333333333,5.75,0.0018305775208840949,0.006739742899908403,0.1793103448275862,0.015517241379310345,0.0,0.0,2.122413793103448,4.0,0.0,0.15862068965517243,6.256896551724138,0.15973331953915595,0.6748853552498362,0.003570415938836991,3.7842105263157895,0.8483899261299666,0.07586206896551724,0.9568965517241379,0.9583333333333334,0.9298218749463558,30,False,2346.0
3,paper_pa,paper_pa_10,10,33,333555702,133814935,"[23, 39, 81, 147, 171, 181, 188, 208, 236, 247, 261, 271, 339, 357, 373, 377, 422, 429, 485, 595]","[199, 313, 444, 436, 591, 420, 177, 559, 379, 426, 457, 40, 327, 435, 131, 173, 342, 244, 569, 418]",600,20,0.62,,,,,,,0.0,1.0,0.005,,,5.068333333333333,0.6342445361075542,1.0,0.08333333333333333,4.1,0.0013713907952690645,0.0030845178975293015,0.12758620689655173,0.01206896551724138,0.0017241379310344827,0.0,2.279310344827586,4.0,0.0,0.13275862068965516,5.296551724137931,0.1221074603560132,0.7615448752307784,0.005342902711323764,4.126315789473685,0.7820728098253055,0.0706896551724138,0.9793103448275862,0.98,0.9197852499783039,30,False,2350.0
3,paper_pa,paper_pa_10,10,34,333555702,3416170856,"[32, 33, 57, 122, 160, 248, 280, 327, 331, 342, 354, 404, 411, 433, 453, 459, 473, 482, 537, 562]","[121, 463, 235, 35, 566, 489, 165, 83, 552, 396, 288, 323, 93, 138, 329, 346, 61, 229, 479, 189]",600,20,0.62,,,,,,,0.0,1.0,0.005,,,5.068333333333333,0.6342445361075542,1.0,0.08333333333333333,5.2,0.0016879111222452277,0.00475725981062982,0.15862068965517243,0.01206896551724138,0.0017241379310344827,0.0,2.2413793103448274,4.0,0.0,0.11206896551724138,5.320689655172414,0.14463652418240325,0.7088380680126258,0.004888642059694691,3.9842105263157896,0.8273328717810964,0.07241379310344828,0.9517241379310345,0.9533333333333334,0.9577909170184284,30,False,2346.0
3,paper_pa,paper_pa_10,10,35,333555702,1759022233,"[37, 50, 126, 161, 162, 181, 222, 224, 314, 324, 331, 368, 419, 438, 477, 487, 498, 517, 520, 577]","[429, 364, 556, 149, 78, 420, 460, 159, 98, 451, 552, 125, 341, 345, 567, 266, 66, 191, 111, 300]",600,20,0.62,,,,,,,0.0,1.0,0.005,,,5.068333333333333,0.6342445361075542,1.0,0.08333333333333333,5.2,0.0016879934519971839,0.004022707007526287,0.15517241379310345,0.01206896551724138,0.0017241379310344827,0.0,2.25,4.0,0.0,0.13275862068965516,5.405172413793103,0.14315447561389888,0.7145077720207254,0.005137180071390597,3.8947368421052633,0.8008314156360474,0.06896551724137931,0.5189655172413793,0.535,0.9873225828632712,30,False,1728.0
3,paper_pa,paper_pa_10,10,36,333555702,2632200072,"[11, 88, 118, 136, 211, 227, 232, 247, 282, 285, 309, 333, 349, 359, 363, 440, 497, 533, 575, 576]","[12, 39, 381, 423, 359, 114, 540, 426, 437, 384, 249, 377, 240, 539, 30, 315, 368, 64, 274, 272]",600,20,0.62,,,,,,,0.0,1.0,0.005,,,5.068333333333333,0.6342445361075542,1.0,0.08333333333333333,4.95,0.0016329271568984178,0.003637709764088803,0.15689655172413794,0.010344827586206896,0.0,0.0,2.2344827586206897,4.0,0.0,0.09655172413793103,5.26551724137931,0.14187989521671712,0.7119647430170924,0.004018379281537176,4.078947368421052,0.7715442826508704,0.05344827586206897,0.9741379310344828,0.975,0.958689333871007,30,False,2344.0
3,paper_pa,paper_pa_10,10,37,333555702,47849907,"[4, 99, 137, 185, 186, 187, 263, 284, 285, 294, 308, 318, 349, 443, 448, 449, 481, 496, 503, 558]","[378, 63, 509, 412, 354, 10, 94, 205, 384, 175, 570, 204, 240, 129, 285, 33, 510, 245, 14, 251]",600,20,0.62,,,,,,,0.0,1.0,0.005,,,5.068333333333333,0.6342445361075542,1.0,0.08333333333333333,4.8,0.0015777884601642232,0.004325515709933567,0.14310344827586208,0.022413793103448276,0.0,0.0,2.1982758620689653,4.0,0.0,0.10517241379310345,5.296551724137931,0.13430199864888964,0.735108093621583,0.007119883040935673,3.973684210526316,0.8113599428104825,0.06379310344827586,0.9689655172413794,0.97,0.8770333749707788,28,True,2350.0
3,paper_pa,paper_pa_10,10,38,333555702,1250083615,"[19, 80, 86, 122, 133, 148, 175, 178, 231, 234, 249, 261, 311, 383, 423, 437, 479, 528, 531, 551]","[167, 233, 67, 35, 555, 339, 409, 362, 250, 135, 471, 457, 116, 148, 307, 224, 137, 79, 24, 455]",600,20,0.62,,,,,,,0.0,1.0,0.005,,,5.068333333333333,0.6342445361075542,1.0,0.08333333333333333,4.95,0.0016599644977763482,0.004062810779248145,0.15344827586206897,0.01206896551724138,0.0017241379310344827,0.0,2.2344827586206897,4.0,0.0,0.11724137931034483,5.310344827586207,0.14128111318076997,0.7174260020248943,0.005065124933545986,4.036842105263158,0.7820728098253055,0.0706896551724138,0.9672413793103448,0.9683333333333334,0.9321534580085427,30,False,2344.0
3,paper_pa,paper_pa_10,10,39,333555702,2128924251,"[27, 31, 42, 75, 83, 130, 141, 178, 234, 273, 308, 310, 327, 345, 407, 423, 506, 512, 549, 587]","[331, 311, 3, 528, 46, 487, 461, 362, 135, 42, 570, 193, 83, 351, 37, 307, 183, 576, 278, 466]",600,20,0.62,,,,,,,0.0,1.0,0.005,,,5.068333333333333,0.6342445361075542,1.0,0.08333333333333333,5.3,0.0017141641664312293,0.00423055869575365,0.16379310344827586,0.008620689655172414,0.0,0.0,2.1344827586206896,4.0,0.0,0.14482758620689656,6.077586206896552,0.14711882861559014,0.7002799118575427,0.0031641604010025056,3.8263157894736843,0.7939941754198047,0.0603448275862069,0.9655172413793104,0.9666666666666667,0.9468324170447886,30,False,2348.0
3,paper_pa,paper_pa_10,10,40,333555702,4124871544,"[7, 38, 81, 111, 152, 165, 178, 195, 218, 232, 241, 251, 261, 296, 312, 432, 467, 478, 525, 560]","[292, 103, 444, 560, 150, 283, 362, 495, 456, 540, 263, 579, 457, 584, 407, 523, 324, 195, 97, 352]",600,20,0.62,,,,,,,0.0,1.0,0.005,,,5.068333333333333,0.6342445361075542,1.0,0.08333333333333333,5.45,0.0017718509045883206,0.006428615832427676,0.1724137931034483,0.01206896551724138,0.0,0.0,2.143103448275862,4.0,0.0,0.12241379310344827,5.789655172413793,0.15108260369055207,0.6865344529807635,0.0027128206990907214,3.9368421052631577,0.7325378567598423,0.05344827586206897,0.6137931034482759,0.6266666666666667,0.9866014171857387,30,False,1858.0
3,paper_pa,paper_pa_10,10,41,333555702,1599172243,"[61, 91, 106, 110, 168, 185, 210, 271, 287, 310, 376, 381, 399, 435, 447, 458, 499, 533, 553, 573]","[580, 188, 530, 287, 81, 412, 232, 40, 494, 193, 335, 110, 147, 302, 128, 441, 533, 64, 295, 375]",600,20,0.62,,,,,,,0.0,1.0,0.005,,,5.068333333333333,0.6342445361075542,1.0,0.08333333333333333,4.95,0.0016333232393151247,0.0037869330546228355,0.15862068965517243,0.006896551724137931,0.0017241379310344827,0.0,2.193103448275862,4.0,0.0,0.1396551724137931,5.6,0.14310789258282663,0.7088857125841225,0.0038995215311004787,3.9894736842105263,0.8287257102011606,0.05,0.4724137931034483,0.49,0.9725107920821756,30,False,1702.0
3,paper_pa,paper_pa_10,10,42,333555702,111954379,"[26, 113, 127, 167, 200, 232, 235, 248, 255, 286, 299, 366, 375, 393, 405, 462, 471, 546, 556, 580]","[119, 219, 573, 15, 227, 540, 448, 489, 319, 499, 203, 394, 497, 60, 254, 401, 207, 419, 56, 360]",600,20,0.62,,,,,,,0.0,1.0,0.005,,,5.068333333333333,0.6342445361075542,1.0,0.08333333333333333,4.2,0.0014082506098019928,0.0029794194408333903,0.12586206896551724,0.015517241379310345,0.0,0.0,2.2913793103448277,4.0,0.0,0.10689655172413794,5.348275862068966,0.1213099346536322,0.7645345720921922,0.006783304414883362,4.078947368421052,0.8008314156360475,0.06724137931034482,0.9586206896551724,0.96,0.9583965830970556,30,False,2346.0
3,paper_pa,paper_pa_10,10,43,333555702,2522019605,"[63, 71, 147, 150, 172, 185, 187, 203, 207, 214, 296, 379, 395, 420, 441, 461, 462, 562, 571, 573]","[73, 312, 436, 243, 589, 412, 10, 549, 267, 209, 584, 545, 220, 228, 239, 253, 401, 189, 96, 375]",600,20,0.62,,,,,,,0.0,1.0,0.005,,,5.068333333333333,0.6342445361075542,1.0,0.08333333333333333,4.75,0.001579495905140635,0.004069938824914514,0.1396551724137931,0.01206896551724138,0.0017241379310344827,0.0,2.2620689655172415,4.0,0.0,0.11206896551724138,5.779310344827586,0.13106750206162646,0.7407658864868084,0.005607959292169819,3.831578947368421,0.9160998808546916,0.056896551724137934,0.3310344827586207,0.35333333333333333,0.9769669999368489,30,False,1534.0
3,paper_pa,paper_pa_10,10,44,333555702,1977771655,"[13, 20, 68, 80, 129, 132, 175, 185, 250, 322, 334, 372, 406, 435, 466, 472, 539, 545, 580, 590]","[277, 430, 140, 233, 99, 4, 409, 412, 454, 136, 333, 470, 215, 302, 260, 330, 146, 106, 360, 400]",600,20,0.62,,,,,,,0.0,1.0,0.005,,,5.068333333333333,0.6342445361075542,1.0,0.08333333333333333,5.4,0.0017833777499839422,0.005737204288279124,0.16724137931034483,0.013793103448275862,0.0017241379310344827,0.0,2.193103448275862,4.0,0.0,0.1482758620689655,5.822413793103448,0.15067848431367503,0.6946995414209993,0.005654328509019584,3.8684210526315788,0.8882055862895787,0.06724137931034482,0.453448275862069,0.4716666666666667,0.9772264168132097,30,False,1694.0
3,paper_pa,paper_pa_10,10,45,333555702,661306683,"[55, 59, 65, 115, 124, 134, 274, 382, 383, 388, 421, 427, 478, 503, 510, 535, 547, 557, 562, 590]","[524, 152, 270, 49, 484, 202, 475, 349, 148, 322, 314, 91, 195, 14, 392, 241, 230, 513, 189, 400]",600,20,0.62,,,,,,,0.0,1.0,0.005,,,5.068333333333333,0.6342445361075542,1.0,0.08333333333333333,4.9,0.0016047073293632998,0.0035719948743040816,0.15517241379310345,0.013793103448275862,0.0,0.0,2.2189655172413794,4.0,0.0,0.11206896551724138,5.4206896551724135,0.144326230692703,0.7144243940206063,0.004416971916971916,4.015789473684211,0.8950428265058215,0.0603448275862069,0.9689655172413794,0.97,0.9304032910149544,30,False,2350.0
3,paper_pa,paper_pa_10,10,46,333555702,92019940,"[27, 35, 70, 88, 130, 143, 165, 166, 219, 228, 288, 315, 318, 330, 424, 476, 482, 492, 500, 589]","[331, 214, 544, 39, 487, 181, 283, 143, 133, 225, 255, 166, 204, 62, 236, 74, 229, 445, 369, 572]",600,20,0.62,,,,,,,0.0,1.0,0.005,,,5.068333333333333,0.6342445361075542,1.0,0.08333333333333333,3.95,0.0013593514228519524,0.0021962020203889787,0.12758620689655173,0.008620689655172414,0.0,0.0,2.279310344827586,4.0,0.0,0.08103448275862069,5.022413793103448,0.12066734731068222,0.7616044309451492,0.002961249277038751,4.073684210526316,0.8273328717810964,0.056896551724137934,0.9586206896551724,0.96,0.9657904580235481,30,False,2348.0
3,paper_pa,paper_pa_10,10,47,333555702,3807813908,"[15, 35, 61, 64, 103, 156, 157, 199, 251, 264, 273, 293, 358, 385, 388, 401, 530, 538, 543, 561]","[130, 214, 580, 122, 511, 305, 597, 145, 579, 338, 42, 262, 480, 551, 322, 213, 391, 68, 109, 117]",600,20,0.62,,,,,,,0.0,1.0,0.005,,,5.068333333333333,0.6342445361075542,1.0,0.08333333333333333,5.2,0.001731633138922628,0.004329802843900347,0.15862068965517243,0.017241379310344827,0.0,0.0,2.1758620689655173,4.0,0.0,0.10517241379310345,5.275862068965517,0.14538931774765856,0.7088738014412483,0.004374085741362629,3.9947368421052634,0.9229371210709345,0.07758620689655173,0.9724137931034482,0.9733333333333334,0.9387808749452233,30,False,2350.0
3,paper_pa,paper_pa_10,10,48,333555702,2362952987,"[6, 68, 106, 124, 139, 159, 161, 181, 208, 241, 332, 395, 397, 419, 429, 441, 446, 471, 482, 485]","[194, 140, 530, 484, 363, 350, 149, 420, 559, 263, 89, 220, 43, 341, 244, 239, 439, 207, 229, 569]",600,20,0.62,,,,,,,0.0,1.0,0.005,,,5.068333333333333,0.6342445361075542,1.0,0.08333333333333333,5.25,0.0017420375145442452,0.005066750154067097,0.16206896551724137,0.015517241379310345,0.0,0.0,2.18448275862069,4.0,0.0,0.11724137931034483,5.570689655172414,0.14743609853992815,0.7031564528616521,0.00599643047011468,3.8789473684210525,0.8113599428104825,0.08448275862068966,0.9793103448275862,0.98,0.9402999170124531,30,False,2346.0
3,paper_pa,paper_pa_10,10,49,333555702,3754699273,"[70, 101, 133, 178, 212, 218, 263, 332, 341, 368, 377, 391, 402, 424, 474, 480, 501, 527, 566, 598]","[544, 442, 555, 362, 185, 456, 94, 89, 365, 125, 173, 7, 411, 236, 87, 179, 568, 447, 57, 290]",600,20,0.62,,,,,,,0.0,1.0,0.005,,,5.068333333333333,0.6342445361075542,1.0,0.08333333333333333,4.85,0.0015821915043938942,0.003842862222169313,0.14310344827586208,0.017241379310344827,0.0,0.0,2.2620689655172415,4.0,0.0,0.10862068965517241,5.286206896551724,0.13493761516513236,0.7348936930498481,0.006562428799270903,3.9263157894736844,0.8671485319407087,0.06896551724137931,0.9655172413793104,0.9666666666666667,0.9275329168885946,30,False,2344.0
3,paper_pa,paper_pa_11,11,0,3487501379,3079788292,"[13, 51, 78, 83, 89, 100, 111, 150, 154, 165, 169, 208, 247, 257, 264, 287, 303, 398, 430, 491]","[71, 546, 365, 165, 2, 500, 274, 6, 282, 41, 491, 77, 299, 301, 207, 331, 262, 75, 268, 502]",600,20,0.62,,,,,,,0.0,1.0,0.005,,,5.006666666666667,0.7195005987950649,1.0,0.16666666666666666,5.5,0.0017974956942627396,0.008974255412702376,0.15862068965517243,0.020689655172413793,0.0017241379310344827,0.0,2.1758620689655173,4.0,0.0,0.19482758620689655,6.724137931034483,0.14288433029724318,0.7093621582990888,0.00838218944286963,3.7,0.8164972883281431,0.0603448275862069,0.9672413793103448,0.9683333333333334,0.9420472499914467,30,False,2320.0
3,paper_pa,paper_pa_11,11,1,3487501379,4103883560,"[97, 123, 144, 224, 230, 236, 242, 262, 265, 269, 290, 301, 313, 339, 352, 381, 482, 498, 502, 584]","[353, 421, 95, 419, 408, 314, 158, 234, 199, 137, 476, 92, 562, 283, 220, 499, 395, 157, 410, 348]",600,20,0.62,,,,,,,0.0,1.0,0.005,,,5.006666666666667,0.7195005987950649,1.0,0.16666666666666666,4.7,0.0016291510173860823,0.003217929057780551,0.1482758620689655,0.008620689655172414,0.0017241379310344827,0.0,2.213793103448276,4.0,0.0,0.07931034482758621,5.277586206896552,0.1381672986198853,0.726031802751474,0.003423199607410134,3.9473684210526314,0.8199729625417174,0.0706896551724138,0.9482758620689655,0.95,0.9350549168884754,30,False,2306.0
3,paper_pa,paper_pa_11,11,2,3487501379,1983086796,"[53, 84, 117, 129, 223, 245, 262, 270, 287, 299, 304, 340, 395, 465, 486, 504, 514, 566, 571, 591]","[12, 359, 61, 54, 529, 64, 234, 177, 331, 203, 571, 195, 172, 93, 333, 456, 569, 86, 181, 25]",600,20,0.62,,,,,,,0.0,1.0,0.005,,,5.006666666666667,0.7195005987950649,1.0,0.16666666666666666,4.45,0.001547351117966875,0.0034401336792357585,0.13793103448275862,0.013793103448275862,0.0017241379310344827,0.0,2.2844827586206895,4.0,0.0,0.10689655172413794,4.989655172413793,0.1304784924684092,0.7437258054910368,0.0060984483352904415,4.089473684210526,0.7626559003561729,0.07758620689655173,0.9741379310344828,0.975,0.9464378340635449,30,False,2324.0
3,paper_pa,paper_pa_11,11,3,3487501379,2597844395,"[37, 74, 82, 116, 134, 136, 159, 173, 184, 270, 293, 294, 298, 317, 321, 376, 436, 440, 504, 572]","[413, 345, 537, 523, 542, 594, 212, 248, 490, 177, 329, 171, 554, 318, 85, 51, 462, 286, 456, 18]",600,20,0.62,,,,,,,0.0,1.0,0.005,,,5.006666666666667,0.7195005987950649,1.0,0.16666666666666666,4.3,0.0014997676145400759,0.002666436587388657,0.1310344827586207,0.01206896551724138,0.0017241379310344827,0.0,2.274137931034483,4.0,0.0,0.09655172413793103,5.363793103448276,0.12437226189722014,0.7555714370793878,0.0071891850839219265,4.021052631578947,0.8789407379080129,0.07241379310344828,0.9672413793103448,0.9683333333333334,0.9206614580471069,30,False,2320.0
3,paper_pa,paper_pa_11,11,4,3487501379,1776207504,"[7, 88, 92, 151, 169, 217, 229, 263, 269, 270, 274, 284, 302, 380, 415, 473, 498, 557, 570, 587]","[338, 407, 510, 76, 491, 126, 291, 36, 137, 177, 40, 412, 260, 566, 505, 74, 157, 389, 496, 384]",600,20,0.62,,,,,,,0.0,1.0,0.005,,,5.006666666666667,0.7195005987950649,1.0,0.16666666666666666,4.2,0.0014556855120047593,0.003164499649378244,0.12586206896551724,0.010344827586206896,0.0017241379310344827,0.0,2.296551724137931,4.0,0.0,0.14310344827586208,5.741379310344827,0.12036718059345766,0.7645524388065035,0.005824979114452799,3.836842105263158,0.8164972883281431,0.06379310344827586,0.9810344827586207,0.9816666666666667,0.9490303329657763,30,False,2324.0
3,paper_pa,paper_pa_11,11,5,3487501379,1087867193,"[58, 66, 69, 95, 171, 189, 195, 258, 281, 292, 339, 357, 377, 451, 456, 457, 478, 495, 555, 569]","[244, 192, 55, 597, 253, 425, 415, 445, 80, 245, 283, 166, 340, 216, 435, 150, 48, 545, 145, 300]",600,20,0.62,,,,,,,0.0,1.0,0.005,,,5.006666666666667,0.7195005987950649,1.0,0.16666666666666666,4.9,0.0016685496167137576,0.0035727341476268063,0.15,0.013793103448275862,0.0017241379310344827,0.0,2.2379310344827585,4.0,0.0,0.11379310344827587,5.437931034482759,0.13859550443815555,0.7232386397474838,0.005771801298117088,3.9473684210526314,0.7690937687150299,0.06896551724137931,0.9655172413793104,0.9666666666666667,0.9340426670387387,30,False,2324.0
3,paper_pa,paper_pa_11,11,6,3487501379,3937606816,"[61, 83, 85, 212, 270, 275, 283, 311, 355, 407, 430, 433, 458, 477, 498, 510, 518, 532, 537, 540]","[190, 165, 469, 438, 177, 551, 377, 307, 225, 155, 268, 402, 72, 295, 157, 406, 123, 135, 284, 486]",600,20,0.62,,,,,,,0.0,1.0,0.005,,,5.006666666666667,0.7195005987950649,1.0,0.16666666666666666,4.2,0.0014675006254310182,0.002564276524893561,0.13275862068965516,0.008620689655172414,0.0,0.0,2.286206896551724,4.0,0.0,0.0706896551724138,4.970689655172414,0.12456603603912297,0.752659162646656,0.00345655806182122,4.221052631578948,0.8789407379080129,0.06379310344827586,0.9758620689655172,0.9766666666666667,0.9296716249082237,30,False,2324.0
3,paper_pa,paper_pa_11,11,7,3487501379,820128194,"[61, 83, 87, 125, 197, 254, 259, 311, 368, 410, 411, 413, 414, 418, 456, 496, 510, 531, 553, 565]","[190, 165, 187, 266, 572, 127, 315, 307, 226, 198, 223, 354, 556, 238, 435, 115, 406, 147, 483, 450]",600,20,0.62,,,,,,,0.0,1.0,0.005,,,5.006666666666667,0.7195005987950649,1.0,0.16666666666666666,3.95,0.0013652422380240332,0.0038601247651357945,0.11896551724137931,0.006896551724137931,0.0017241379310344827,0.0,2.325862068965517,4.0,0.0,0.13620689655172413,6.144827586206897,0.11264399339672412,0.7767077601095825,0.015432330827067669,3.7157894736842105,0.8100594199692861,0.056896551724137934,0.41724137931034483,0.43666666666666665,0.9643803329672664,30,False,1694.0
3,paper_pa,paper_pa_11,11,8,3487501379,1578887172,"[10, 46, 64, 89, 107, 180, 190, 194, 249, 264, 280, 283, 317, 368, 378, 396, 487, 509, 531, 577]","[585, 492, 379, 2, 141, 495, 465, 368, 596, 207, 578, 377, 318, 226, 17, 103, 524, 576, 147, 357]",600,20,0.62,,,,,,,0.0,1.0,0.005,,,5.006666666666667,0.7195005987950649,1.0,0.16666666666666666,4.0,0.0013805004723294752,0.002815488117538742,0.11551724137931034,0.013793103448275862,0.0017241379310344827,0.0,2.274137931034483,4.0,0.0,0.12413793103448276,5.643103448275862,0.11332838466186697,0.7826097314037281,0.007591896407685882,3.9263157894736844,0.8151858073636116,0.06551724137931035,0.9689655172413794,0.97,0.9185614581219852,30,False,2320.0
3,paper_pa,paper_pa_11,11,9,3487501379,1799416919,"[20, 34, 40, 62, 108, 128, 136, 142, 175, 247, 282, 344, 355, 377, 394, 416, 434, 489, 574, 593]","[475, 541, 564, 242, 382, 468, 594, 243, 78, 299, 116, 454, 225, 340, 184, 23, 559, 436, 422, 56]",600,20,0.62,,,,,,,0.0,1.0,0.005,,,5.006666666666667,0.7195005987950649,1.0,0.16666666666666666,4.95,0.001676719231313318,0.003306573274572572,0.15689655172413794,0.008620689655172414,0.0017241379310344827,0.0,2.2275862068965515,4.0,0.0,0.1413793103448276,5.731034482758621,0.14271155347747222,0.7117205645881722,0.004582289055973267,3.889473684210526,0.8625893269767249,0.0706896551724138,0.9672413793103448,0.9683333333333334,0.9290341669693589,30,False,2318.0
3,paper_pa,paper_pa_11,11,10,3487501379,963725627,"[32, 86, 101, 102, 106, 121, 148, 160, 215, 292, 313, 364, 365, 392, 422, 426, 447, 515, 549, 580]","[269, 189, 437, 83, 290, 599, 206, 543, 38, 245, 562, 447, 182, 57, 479, 592, 124, 285, 156, 91]",600,20,0.62,,,,,,,0.0,1.0,0.005,,,5.006666666666667,0.7195005987950649,1.0,0.16666666666666666,5.75,0.0019121476925126491,0.004943982488178975,0.1724137931034483,0.015517241379310345,0.0,0.0,2.1655172413793102,4.0,0.0,0.13448275862068965,5.955172413793103,0.15586771325621301,0.6859448514084926,0.003985322383155201,3.768421052631579,0.793708009037998,0.0603448275862069,0.9775862068965517,0.9783333333333334,0.9435371670406312,30,False,2324.0
3,paper_pa,paper_pa_11,11,11,3487501379,856572107,"[96, 133, 138, 185, 200, 225, 256, 281, 311, 324, 335, 370, 376, 420, 430, 436, 451, 487, 505, 560]","[423, 455, 536, 46, 138, 396, 511, 80, 307, 191, 461, 507, 51, 464, 268, 462, 216, 524, 311, 159]",600,20,0.62,,,,,,,0.0,1.0,0.005,,,5.006666666666667,0.7195005987950649,1.0,0.16666666666666666,4.85,0.001656164865983928,0.0032834033614546907,0.14655172413793102,0.006896551724137931,0.0,0.0,2.2586206896551726,4.0,0.0,0.07931034482758621,5.312068965517241,0.13488127619138904,0.7290750997558215,0.002483481430849852,4.08421052631579,0.7902323348244237,0.08448275862068966,0.9689655172413794,0.97,0.9164950828999281,30,False,2324.0
3,paper_pa,paper_pa_11,11,12,3487501379,3456560158,"[11, 35, 55, 73, 84, 95, 115, 127, 172, 210, 239, 275, 378, 456, 473, 481, 512, 527, 561, 593]","[530, 474, 534, 552, 359, 597, 334, 567, 448, 224, 32, 551, 17, 435, 74, 322, 310, 272, 372, 56]",600,20,0.62,,,,,,,0.0,1.0,0.005,,,5.006666666666667,0.7195005987950649,1.0,0.16666666666666666,4.55,0.0015815432349223918,0.003637446540236524,0.13620689655172413,0.013793103448275862,0.0034482758620689655,0.0,2.3,4.0,0.0,0.15172413793103448,5.372413793103449,0.12727066435233914,0.7468584360669406,0.007063681932102985,3.963157894736842,0.8690271953355817,0.06724137931034482,0.903448275862069,0.9066666666666666,0.9564736250322312,30,False,2234.0
3,paper_pa,paper_pa_11,11,13,3487501379,1091011085,"[11, 87, 91, 114, 133, 154, 155, 184, 218, 273, 298, 306, 463, 538, 542, 552, 553, 561, 597, 599]","[530, 187, 443, 229, 455, 282, 105, 490, 235, 176, 554, 293, 164, 148, 204, 19, 483, 372, 249, 87]",600,20,0.62,,,,,,,0.0,1.0,0.005,,,5.006666666666667,0.7195005987950649,1.0,0.16666666666666666,4.9,0.0016486033753740589,0.004524576723631542,0.14655172413793102,0.020689655172413793,0.0017241379310344827,0.0,2.2103448275862068,4.0,0.0,0.1706896551724138,6.091379310344828,0.13802982924399368,0.7290929664701328,0.008919722778081911,3.8789473684210525,0.8100594199692861,0.06551724137931035,0.9603448275862069,0.9616666666666667,0.9308299589902163,30,False,2318.0
3,paper_pa,paper_pa_11,11,14,3487501379,2367946876,"[1, 51, 114, 151, 152, 153, 202, 227, 276, 278, 299, 308, 364, 376, 447, 449, 450, 525, 573, 582]","[538, 546, 229, 76, 575, 43, 136, 152, 471, 101, 203, 489, 447, 51, 124, 194, 237, 440, 210, 256]",600,20,0.62,,,,,,,0.0,1.0,0.005,,,5.006666666666667,0.7195005987950649,1.0,0.16666666666666666,6.55,0.002124011654247227,0.009900605179477596,0.19482758620689655,0.013793103448275862,0.0034482758620689655,0.0,2.067241379310345,4.0,0.0,0.2293103448275862,6.746551724137931,0.1596156588540328,0.6521708057888155,0.0055500915941324586,3.668421052631579,0.7902323348244238,0.06551724137931035,0.35344827586206895,0.375,0.9614109999965876,30,False,1602.0
3,paper_pa,paper_pa_11,11,15,3487501379,500662365,"[22, 76, 88, 122, 144, 175, 190, 199, 246, 304, 309, 315, 352, 377, 465, 493, 501, 522, 544, 552]","[424, 463, 407, 217, 95, 78, 465, 303, 588, 571, 403, 254, 220, 340, 93, 208, 298, 167, 102, 19]",600,20,0.62,,,,,,,0.0,1.0,0.005,,,5.006666666666667,0.7195005987950649,1.0,0.16666666666666666,4.4,0.0015088299421302054,0.00245036109347319,0.13448275862068965,0.013793103448275862,0.0,0.0,2.263793103448276,4.0,0.0,0.10344827586206896,5.3293103448275865,0.12646285990656522,0.7497290214996128,0.005221576668945091,4.021052631578947,0.6989009698117716,0.06896551724137931,0.9534482758620689,0.955,0.9449487079400569,30,False,2314.0
3,paper_pa,paper_pa_11,11,16,3487501379,358548972,"[15, 79, 134, 152, 164, 165, 190, 199, 234, 262, 283, 290, 296, 338, 436, 437, 438, 522, 546, 572]","[7, 539, 542, 575, 555, 41, 465, 303, 5, 234, 377, 476, 373, 219, 462, 513, 241, 167, 540, 18]",600,20,0.62,,,,,,,0.0,1.0,0.005,,,5.006666666666667,0.7195005987950649,1.0,0.16666666666666666,5.35,0.0017971725853741204,0.004057680637490567,0.15517241379310345,0.015517241379310345,0.0,0.0,2.225862068965517,4.0,0.0,0.14482758620689656,5.625862068965517,0.1428084964833936,0.7147221725924603,0.004772395963531697,3.9210526315789473,0.8250993499360428,0.06724137931034482,0.9620689655172414,0.9633333333333334,0.9647795001510531,30,False,2320.0
3,paper_pa,paper_pa_11,11,17,3487501379,1502105061,"[17, 20, 25, 35, 60, 100, 177, 191, 267, 269, 271, 286, 424, 456, 461, 524, 536, 549, 562, 589]","[361, 475, 325, 474, 444, 500, 582, 400, 52, 137, 549, 374, 82, 435, 371, 591, 512, 156, 319, 278]",600,20,0.62,,,,,,,0.0,1.0,0.005,,,5.006666666666667,0.7195005987950649,1.0,0.16666666666666666,5.15,0.0017196895144583808,0.0032380567196634,0.15344827586206897,0.013793103448275862,0.0,0.0,2.2241379310344827,4.0,0.0,0.12241379310344827,5.908620689655172,0.14084135216019988,0.7175272467393247,0.005308784782468993,3.857894736842105,0.8164972883281431,0.06551724137931035,0.9689655172413794,0.97,0.9243487089406699,29,True,2320.0
3,paper_pa,paper_pa_11,11,18,3487501379,619032629,"[17, 86, 91, 143, 175, 200, 208, 212, 229, 267, 287, 303, 316, 330, 332, 401, 410, 491, 540, 592]","[361, 189, 443, 501, 78, 138, 77, 438, 291, 52, 331, 262, 42, 261, 160, 544, 198, 502, 486, 324]",600,20,0.62,,,,,,,0.0,1.0,0.005,,,5.006666666666667,0.7195005987950649,1.0,0.16666666666666666,4.95,0.0016519572318949983,0.0033485500415797753,0.15862068965517243,0.008620689655172414,0.0,0.0,2.1810344827586206,4.0,0.0,0.1103448275862069,5.541379310344827,0.14284387084478448,0.7089035792984337,0.003642439431913116,3.9789473684210526,0.8052722647911804,0.06724137931034482,0.9637931034482758,0.965,0.7915250828955323,25,True,2316.0
3,paper_pa,paper_pa_11,11,19,3487501379,471551505,"[10, 24, 89, 129, 135, 154, 157, 163, 170, 275, 317, 329, 339, 356, 437, 484, 494, 497, 519, 521]","[585, 267, 2, 54, 427, 282, 383, 586, 100, 551, 318, 449, 283, 432, 513, 428, 193, 129, 355, 433]",600,20,0.62,,,,,,,0.0,1.0,0.005,,,5.006666666666667,0.7195005987950649,1.0,0.16666666666666666,5.65,0.0018807694054267265,0.004195762620208172,0.1724137931034483,0.015517241379310345,0.0,0.0,2.2103448275862068,4.0,0.0,0.11896551724137931,5.681034482758621,0.15662987644405107,0.6859091179798702,0.004651381470266919,3.794736842105263,0.8427622418318623,0.07586206896551724,0.9706896551724138,0.9716666666666667,0.9126523328013718,30,False,2324.0
3,paper_pa,paper_pa_11,11,20,3487501379,3482495585,"[14, 64, 82, 84, 85, 121, 141, 190, 196, 199, 257, 264, 282, 284, 344, 497, 513, 550, 569, 583]","[327, 379, 537, 359, 469, 599, 142, 465, 53, 303, 301, 207, 116, 412, 454, 129, 481, 59, 300, 281]",600,20,0.62,,,,,,,0.0,1.0,0.005,,,5.006666666666667,0.7195005987950649,1.0,0.16666666666666666,6.25,0.0020211139081074934,0.011409427153513575,0.1896551724137931,0.01206896551724138,0.0,0.0,2.0637931034482757,5.0,0.0,0.1793103448275862,6.474137931034483,0.1567175267087882,0.6607587398010839,0.0028374539237452333,3.8421052631578947,0.9052056914117322,0.06206896551724138,0.9689655172413794,0.97,0.7568412080872804,23,True,2318.0
3,paper_pa,paper_pa_11,11,21,3487501379,3258970965,"[10, 18, 64, 70, 125, 141, 190, 196, 229, 268, 281, 283, 288, 370, 386, 411, 429, 432, 458, 481]","[585, 431, 379, 442, 266, 142, 465, 53, 291, 81, 80, 377, 375, 507, 580, 223, 174, 378, 72, 322]",600,20,0.62,,,,,,,0.0,1.0,0.005,,,5.006666666666667,0.7195005987950649,1.0,0.16666666666666666,5.05,0.0016880203665024078,0.004238564474854525,0.15,0.01896551724137931,0.0017241379310344827,0.0,2.213793103448276,4.0,0.0,0.18448275862068966,6.139655172413793,0.13923464371365932,0.7234887737478412,0.0066729323308270675,3.8263157894736843,0.8328486992594312,0.06551724137931035,0.946551724137931,0.9483333333333334,0.9287056669127196,29,True,2314.0
3,paper_pa,paper_pa_11,11,22,3487501379,1828109378,"[48, 73, 79, 84, 103, 135, 168, 183, 193, 201, 215, 217, 223, 292, 415, 437, 513, 531, 532, 590]","[185, 552, 539, 359, 420, 427, 228, 503, 430, 418, 38, 126, 529, 245, 505, 513, 481, 147, 135, 173]",600,20,0.62,,,,,,,0.0,1.0,0.005,,,5.006666666666667,0.7195005987950649,1.0,0.16666666666666666,4.85,0.0016415277019064729,0.005006094765254661,0.15344827586206897,0.008620689655172414,0.0017241379310344827,0.0,2.1655172413793102,4.0,0.0,0.15344827586206897,5.7620689655172415,0.13919571144416343,0.7175748913108213,0.0048430370798791846,4.026315789473684,0.8065837457557118,0.06206896551724138,0.9741379310344828,0.975,0.9290278339758515,30,False,2324.0
3,paper_pa,paper_pa_11,11,23,3487501379,2061567014,"[17, 19, 26, 42, 74, 115, 123, 134, 156, 209, 234, 390, 398, 456, 464, 512, 513, 527, 555, 585]","[361, 493, 390, 598, 345, 334, 421, 542, 563, 518, 5, 369, 75, 435, 565, 310, 481, 272, 145, 316]",600,20,0.62,,,,,,,0.0,1.0,0.005,,,5.006666666666667,0.7195005987950649,1.0,0.16666666666666666,5.9,0.001953258797295648,0.007374762598106109,0.17586206896551723,0.020689655172413793,0.0017241379310344827,0.0,2.2189655172413794,4.0,0.0,0.1810344827586207,6.358620689655172,0.1528480178111894,0.6819069739741528,0.007447897385570515,3.7842105263157895,0.7015239317408343,0.07241379310344828,0.7793103448275862,0.7866666666666666,0.9511116668581963,30,False,2000.0
3,paper_pa,paper_pa_11,11,24,3487501379,2897294060,"[12, 26, 79, 126, 156, 207, 215, 218, 226, 256, 325, 328, 346, 401, 405, 518, 532, 558, 576, 582]","[112, 390, 539, 466, 563, 280, 38, 235, 370, 511, 263, 287, 1, 544, 30, 123, 135, 336, 398, 256]",600,20,0.62,,,,,,,0.0,1.0,0.005,,,5.006666666666667,0.7195005987950649,1.0,0.16666666666666666,4.85,0.0016414705515094632,0.003710842179340983,0.14310344827586208,0.015517241379310345,0.0017241379310344827,0.0,2.274137931034483,4.0,0.0,0.14482758620689656,5.394827586206897,0.1341051434351536,0.7349413376213447,0.00795498361287835,3.9157894736842107,0.8526757844042936,0.0603448275862069,0.9568965517241379,0.9583333333333334,0.8833561670035124,28,True,2310.0
3,paper_pa,paper_pa_11,11,25,3487501379,3168223185,"[23, 67, 75, 97, 176, 178, 187, 210, 235, 237, 293, 388, 427, 450, 489, 531, 538, 561, 564, 587]","[347, 96, 133, 353, 574, 211, 68, 224, 356, 326, 329, 121, 509, 237, 436, 147, 148, 372, 485, 384]",600,20,0.62,,,,,,,0.0,1.0,0.005,,,5.006666666666667,0.7195005987950649,1.0,0.16666666666666666,4.1,0.0014275554739411336,0.0028350762387150783,0.12758620689655173,0.010344827586206896,0.0,0.0,2.31551724137931,4.0,0.0,0.09137931034482759,5.23448275862069,0.12116600412180194,0.7616222976594604,0.004582289055973267,3.957894736842105,0.8789407379080129,0.056896551724137934,0.9655172413793104,0.9666666666666667,0.9535796251147985,30,False,2316.0
3,paper_pa,paper_pa_11,11,26,3487501379,2176495652,"[8, 13, 34, 54, 65, 88, 125, 128, 133, 147, 151, 188, 197, 277, 313, 317, 384, 405, 417, 434]","[26, 71, 541, 163, 520, 407, 266, 468, 455, 380, 76, 60, 572, 169, 562, 318, 590, 30, 362, 559]",600,20,0.62,,,,,,,0.0,1.0,0.005,,,5.006666666666667,0.7195005987950649,1.0,0.16666666666666666,6.55,0.0021439094251561298,0.011644108495571253,0.20517241379310344,0.017241379310344827,0.0,0.0,2.0482758620689654,4.0,0.0,0.1482758620689655,6.0344827586206895,0.17341765610144502,0.6347448037639212,0.003068865482767085,3.963157894736842,0.8427622418318623,0.0896551724137931,0.9603448275862069,0.9616666666666667,0.8991389158181846,30,False,2322.0
3,paper_pa,paper_pa_11,11,27,3487501379,36334736,"[0, 4, 10, 14, 24, 50, 55, 131, 142, 159, 215, 281, 292, 332, 376, 416, 460, 493, 540, 560]","[33, 568, 585, 327, 267, 381, 534, 478, 243, 212, 38, 80, 245, 160, 51, 23, 579, 208, 486, 159]",600,20,0.62,,,,,,,0.0,1.0,0.005,,,5.006666666666667,0.7195005987950649,1.0,0.16666666666666666,6.15,0.002006807080626495,0.009999152557216718,0.18275862068965518,0.02413793103448276,0.0017241379310344827,0.0,2.1379310344827585,4.0,0.0,0.19655172413793104,6.13448275862069,0.15381316541435217,0.6717884581025549,0.007881305509691438,3.8473684210526318,0.9052056914117322,0.0706896551724138,0.95,0.9516666666666667,0.9359418752137572,30,False,2312.0
3,paper_pa,paper_pa_11,11,28,3487501379,380539202,"[14, 61, 82, 111, 126, 143, 220, 237, 270, 271, 294, 301, 334, 342, 346, 366, 387, 440, 470, 508]","[327, 190, 537, 274, 466, 501, 458, 326, 177, 549, 171, 92, 143, 233, 1, 343, 134, 286, 231, 247]",600,20,0.62,,,,,,,0.0,1.0,0.005,,,5.006666666666667,0.7195005987950649,1.0,0.16666666666666666,7.6,0.0024500806827750074,0.013222907024252033,0.2120689655172414,0.032758620689655175,0.005172413793103448,0.0,2.037931034482759,4.0,0.0,0.21551724137931033,6.951724137931034,0.1818191822718624,0.6245071764635817,0.009391537544265844,3.5,0.7626559003561729,0.0896551724137931,0.9637931034482758,0.965,0.9022114998660982,30,False,2324.0
3,paper_pa,paper_pa_11,11,29,3487501379,3880437261,"[80, 104, 122, 129, 137, 142, 184, 187, 332, 373, 413, 434, 453, 471, 533, 535, 539, 543, 567, 592]","[521, 472, 217, 54, 560, 243, 490, 68, 160, 589, 354, 559, 304, 161, 0, 84, 553, 252, 330, 324]",600,20,0.62,,,,,,,0.0,1.0,0.005,,,5.006666666666667,0.7195005987950649,1.0,0.16666666666666666,4.85,0.0016123804828380539,0.004787510087682831,0.14482758620689656,0.013793103448275862,0.0017241379310344827,0.0,2.2482758620689656,4.0,0.0,0.15172413793103448,6.327586206896552,0.13490078868785085,0.7320111964743017,0.006764375974902291,3.7263157894736842,0.8001458773968549,0.06551724137931035,0.9706896551724138,0.9716666666666667,0.9063743751030415,30,False,2322.0
3,paper_pa,paper_pa_11,11,30,3487501379,8354509,"[24, 34, 105, 133, 140, 146, 253, 261, 267, 319, 325, 402, 404, 415, 437, 459, 469, 477, 503, 590]","[267, 541, 401, 455, 363, 535, 180, 79, 52, 94, 263, 197, 367, 505, 513, 508, 69, 295, 320, 173]",600,20,0.62,,,,,,,0.0,1.0,0.005,,,5.006666666666667,0.7195005987950649,1.0,0.16666666666666666,5.05,0.0017021990586534017,0.005276987092447729,0.14310344827586208,0.015517241379310345,0.0017241379310344827,0.0,2.2103448275862068,4.0,0.0,0.16379310344827586,5.932758620689655,0.13605713923048246,0.7347924483354178,0.00637780348306664,3.763157894736842,0.8264108309005743,0.07758620689655173,0.9655172413793104,0.9666666666666667,0.9166041668504477,30,False,2320.0
3,paper_pa,paper_pa_11,11,31,3487501379,1058574385,"[28, 77, 86, 90, 114, 131, 207, 213, 214, 224, 230, 251, 336, 376, 403, 410, 456, 525, 556, 566]","[125, 70, 189, 39, 229, 478, 280, 467, 246, 419, 408, 3, 342, 51, 259, 198, 435, 440, 111, 86]",600,20,0.62,,,,,,,0.0,1.0,0.005,,,5.006666666666667,0.7195005987950649,1.0,0.16666666666666666,4.3,0.0015079960860561506,0.0026452559674128534,0.1413793103448276,0.005172413793103448,0.0017241379310344827,0.0,2.2517241379310344,4.0,0.0,0.13620689655172413,5.132758620689655,0.1299450366008535,0.7379369900541957,0.0033980785296574773,4.2,0.841450760867331,0.05862068965517241,0.9810344827586207,0.9816666666666667,0.9398080420214683,30,False,2324.0
3,paper_pa,paper_pa_11,11,32,3487501379,179877293,"[6, 28, 60, 130, 164, 167, 170, 228, 247, 270, 273, 301, 327, 439, 456, 472, 484, 556, 570, 572]","[209, 125, 444, 202, 555, 583, 100, 296, 299, 177, 176, 92, 306, 276, 435, 179, 428, 111, 496, 18]",600,20,0.62,,,,,,,0.0,1.0,0.005,,,5.006666666666667,0.7195005987950649,1.0,0.16666666666666666,4.85,0.001624925031702009,0.003727283813016557,0.15,0.013793103448275862,0.0,0.0,2.1879310344827587,4.0,0.0,0.13620689655172413,6.072413793103448,0.13895241196351227,0.7232326841760467,0.004754120148856991,3.8105263157894735,0.8363243734730055,0.07413793103448275,0.9689655172413794,0.97,0.7797169999685138,25,True,2320.0
3,paper_pa,paper_pa_11,11,33,3487501379,1752804755,"[15, 23, 134, 155, 182, 210, 242, 243, 340, 350, 386, 392, 417, 425, 453, 482, 490, 543, 582, 590]","[7, 347, 542, 105, 386, 224, 158, 581, 195, 11, 580, 57, 362, 132, 304, 395, 358, 252, 256, 173]",600,20,0.62,,,,,,,0.0,1.0,0.005,,,5.006666666666667,0.7195005987950649,1.0,0.16666666666666666,4.65,0.00158956344845218,0.0044362544435060675,0.1413793103448276,0.013793103448275862,0.0017241379310344827,0.0,2.206896551724138,4.0,0.0,0.12413793103448276,5.451724137931034,0.13062732268683114,0.7380977904829968,0.006110752663504681,4.031578947368421,0.8677157143710503,0.07241379310344828,0.9689655172413794,0.97,0.9310665840748698,30,False,2320.0
3,paper_pa,paper_pa_11,11,34,3487501379,3899543993,"[4, 78, 111, 150, 172, 179, 196, 319, 323, 416, 436, 461, 490, 491, 499, 502, 528, 545, 591, 594]","[568, 365, 274, 6, 448, 352, 53, 94, 527, 23, 462, 371, 358, 502, 258, 410, 88, 548, 25, 22]",600,20,0.62,,,,,,,0.0,1.0,0.005,,,5.006666666666667,0.7195005987950649,1.0,0.16666666666666666,4.8,0.0016227972518923824,0.004210850512792736,0.15,0.010344827586206896,0.0017241379310344827,0.0,2.168965517241379,4.0,0.0,0.16034482758620688,5.801724137931035,0.13908196603304482,0.72318503960455,0.004391909260330313,3.9789473684210526,0.7514308768192103,0.0706896551724138,0.9603448275862069,0.9616666666666667,0.9230857500806451,30,False,2324.0
3,paper_pa,paper_pa_11,11,35,3487501379,2964336677,"[6, 10, 26, 54, 125, 133, 134, 157, 187, 208, 355, 385, 391, 395, 474, 510, 549, 550, 551, 575]","[209, 585, 390, 163, 266, 455, 542, 383, 68, 77, 225, 451, 45, 172, 35, 406, 156, 59, 29, 130]",600,20,0.62,,,,,,,0.0,1.0,0.005,,,5.006666666666667,0.7195005987950649,1.0,0.16666666666666666,4.25,0.001470832754931486,0.0028409842027903457,0.12758620689655173,0.01206896551724138,0.0,0.0,2.2896551724137932,4.0,0.0,0.08620689655172414,5.044827586206897,0.12266853571694362,0.7615031862307189,0.004879053694843168,4.089473684210526,0.7790073112874611,0.07241379310344828,0.9637931034482758,0.965,0.9342599171213806,30,False,2320.0
3,paper_pa,paper_pa_11,11,36,3487501379,2526878091,"[25, 47, 93, 118, 128, 150, 155, 163, 169, 173, 182, 216, 321, 328, 344, 353, 354, 387, 397, 591]","[325, 44, 460, 487, 468, 6, 105, 586, 491, 248, 386, 255, 85, 287, 454, 117, 434, 134, 149, 25]",600,20,0.62,,,,,,,0.0,1.0,0.005,,,5.006666666666667,0.7195005987950649,1.0,0.16666666666666666,4.0,0.0013895264407270725,0.002669522559236398,0.12586206896551724,0.008620689655172414,0.0,0.0,2.287931034482759,4.0,0.0,0.09310344827586207,5.053448275862069,0.11953354565741302,0.7645464832350664,0.00379281537176274,4.094736842105263,0.7902323348244237,0.06206896551724138,0.9689655172413794,0.97,0.921548374928534,30,False,2320.0
3,paper_pa,paper_pa_11,11,37,3487501379,505065265,"[35, 132, 159, 160, 247, 262, 268, 280, 306, 317, 326, 340, 352, 409, 420, 477, 500, 518, 523, 593]","[474, 289, 212, 543, 299, 234, 81, 578, 293, 318, 305, 195, 220, 146, 464, 295, 15, 123, 13, 56]",600,20,0.62,,,,,,,0.0,1.0,0.005,,,5.006666666666667,0.7195005987950649,1.0,0.16666666666666666,3.9,0.0013780433523080133,0.002193767942866026,0.11724137931034483,0.010344827586206896,0.0034482758620689655,0.0,2.3344827586206898,4.0,0.0,0.10689655172413794,4.9206896551724135,0.11240006073992943,0.7796974569709963,0.008072453861927547,4.2,0.9052056914117322,0.05344827586206897,0.3879310344827586,0.4083333333333333,0.9766677909065038,30,False,1634.0
3,paper_pa,paper_pa_11,11,38,3487501379,1628895355,"[7, 18, 19, 54, 152, 202, 212, 253, 300, 343, 354, 457, 470, 488, 510, 529, 536, 544, 545, 564]","[338, 431, 493, 163, 575, 136, 438, 180, 239, 110, 434, 150, 231, 28, 406, 350, 512, 102, 548, 485]",600,20,0.62,,,,,,,0.0,1.0,0.005,,,5.006666666666667,0.7195005987950649,1.0,0.16666666666666666,6.7,0.002184128720821824,0.009542461751168362,0.20689655172413793,0.013793103448275862,0.005172413793103448,0.0,2.0482758620689654,4.0,0.0,0.18448275862068966,6.677586206896552,0.1675573836609607,0.633309511047585,0.010549140988807227,3.7263157894736842,0.8363243734730055,0.0603448275862069,0.9637931034482758,0.965,0.9192260000854731,30,False,2322.0
3,paper_pa,paper_pa_11,11,39,3487501379,1683250396,"[12, 125, 169, 200, 208, 279, 280, 361, 386, 396, 431, 453, 466, 468, 500, 535, 564, 575, 583, 599]","[112, 266, 491, 138, 77, 480, 578, 186, 580, 103, 270, 304, 218, 391, 15, 84, 485, 130, 281, 87]",600,20,0.62,,,,,,,0.0,1.0,0.005,,,5.006666666666667,0.7195005987950649,1.0,0.16666666666666666,4.85,0.001626772753884908,0.004109874226540305,0.1482758620689655,0.01206896551724138,0.0,0.0,2.2051724137931035,4.0,0.0,0.13793103448275862,5.882758620689655,0.13801147892143628,0.7261151807515931,0.0037719298245614034,3.8789473684210525,0.9052056914117322,0.07413793103448275,0.9689655172413794,0.97,0.921080666128546,30,False,2322.0
3,paper_pa,paper_pa_11,11,40,3487501379,593223988,"[54, 115, 148, 206, 209, 220, 236, 251, 269, 284, 302, 303, 341, 367, 426, 473, 477, 515, 551, 558]","[163, 334, 206, 21, 518, 458, 314, 3, 137, 412, 260, 262, 49, 297, 592, 74, 295, 285, 29, 336]",600,20,0.62,,,,,,,0.0,1.0,0.005,,,5.006666666666667,0.7195005987950649,1.0,0.16666666666666666,4.35,0.0014906788219243832,0.003839455977647872,0.13448275862068965,0.01206896551724138,0.0,0.0,2.25,4.0,0.0,0.12241379310344827,5.344827586206897,0.12701174005126517,0.7496754213566792,0.004509189640768589,4.010526315789473,0.8789407379080129,0.05862068965517241,0.9431034482758621,0.945,0.7241094170603901,23,True,2302.0
3,paper_pa,paper_pa_11,11,41,3487501379,2385336234,"[5, 36, 67, 114, 134, 135, 163, 201, 202, 214, 228, 277, 286, 306, 316, 327, 484, 489, 494, 598]","[392, 230, 96, 229, 542, 427, 586, 418, 136, 246, 296, 169, 374, 293, 42, 306, 428, 436, 193, 323]",600,20,0.62,,,,,,,0.0,1.0,0.005,,,5.006666666666667,0.7195005987950649,1.0,0.16666666666666666,4.95,0.0016564226070807015,0.0038198987395314113,0.14655172413793102,0.013793103448275862,0.0,0.0,2.2482758620689656,4.0,0.0,0.1396551724137931,6.208620689655173,0.13658619343940165,0.7290691441843845,0.005856497303865724,3.7473684210526317,0.8526757844042936,0.06551724137931035,0.9637931034482758,0.965,0.8268579170107841,26,True,2320.0
3,paper_pa,paper_pa_11,11,42,3487501379,3617354828,"[45, 53, 54, 79, 96, 109, 134, 217, 234, 235, 318, 350, 359, 390, 495, 501, 518, 536, 553, 597]","[360, 12, 163, 539, 423, 215, 542, 126, 5, 356, 405, 11, 557, 369, 545, 298, 123, 512, 483, 249]",600,20,0.62,,,,,,,0.0,1.0,0.005,,,5.006666666666667,0.7195005987950649,1.0,0.16666666666666666,4.9,0.0016493262914755822,0.0030485473785120554,0.1482758620689655,0.010344827586206896,0.0,0.0,2.220689655172414,4.0,0.0,0.10689655172413794,5.4862068965517246,0.13723844934791524,0.7261330474659043,0.002683719788982947,3.9842105263157896,0.8264108309005743,0.07413793103448275,0.9568965517241379,0.9583333333333334,0.7192400000058115,23,True,2316.0
3,paper_pa,paper_pa_11,11,43,3487501379,3793610251,"[78, 193, 220, 227, 230, 241, 255, 281, 334, 371, 372, 381, 392, 405, 424, 428, 503, 580, 589, 591]","[365, 430, 458, 152, 408, 14, 104, 80, 143, 349, 213, 499, 57, 30, 82, 20, 320, 91, 278, 25]",600,20,0.62,,,,,,,0.0,1.0,0.005,,,5.006666666666667,0.7195005987950649,1.0,0.16666666666666666,4.8,0.0016494663472264297,0.0034859030909008626,0.14482758620689656,0.017241379310344827,0.0,0.0,2.286206896551724,4.0,0.0,0.08793103448275862,5.26551724137931,0.13795989607887532,0.7318384849026264,0.0063092024934130195,3.9842105263157896,0.810059419969286,0.07931034482758621,0.9827586206896551,0.9833333333333333,0.919861416099593,30,False,2324.0
3,paper_pa,paper_pa_11,11,44,3487501379,4094720666,"[21, 25, 71, 141, 200, 216, 238, 243, 247, 275, 287, 348, 373, 385, 414, 431, 514, 515, 522, 562]","[344, 325, 587, 142, 138, 255, 251, 581, 299, 551, 331, 328, 589, 451, 556, 270, 569, 285, 167, 319]",600,20,0.62,,,,,,,0.0,1.0,0.005,,,5.006666666666667,0.7195005987950649,1.0,0.16666666666666666,4.2,0.0014582196925753742,0.0028550813768146834,0.12758620689655173,0.010344827586206896,0.0017241379310344827,0.0,2.2982758620689654,4.0,0.0,0.11896551724137931,5.596551724137931,0.12195478267539872,0.7615270085164672,0.007687969924812029,3.9894736842105263,0.9151192339841634,0.04827586206896552,0.5327586206896552,0.5483333333333333,0.9701393749564886,30,False,1768.0
3,paper_pa,paper_pa_11,11,45,3487501379,1230184324,"[12, 22, 26, 64, 86, 100, 112, 115, 126, 133, 195, 197, 208, 265, 333, 414, 507, 511, 568, 580]","[112, 424, 390, 379, 189, 500, 558, 334, 466, 455, 415, 572, 77, 199, 570, 556, 205, 277, 214, 91]",600,20,0.62,,,,,,,0.0,1.0,0.005,,,5.006666666666667,0.7195005987950649,1.0,0.16666666666666666,4.75,0.001637364666066609,0.004087613532657778,0.1413793103448276,0.017241379310344827,0.0017241379310344827,0.0,2.268965517241379,4.0,0.0,0.09310344827586207,5.031034482758621,0.13220132603017942,0.7379369900541957,0.006877610693400167,4.189473684210526,0.8264108309005742,0.05517241379310345,0.6172413793103448,0.63,0.9881195828784257,30,False,1834.0
3,paper_pa,paper_pa_11,11,46,3487501379,2178554175,"[4, 11, 62, 80, 94, 116, 118, 137, 162, 171, 210, 246, 256, 448, 473, 476, 481, 540, 545, 562]","[568, 530, 242, 521, 31, 523, 487, 560, 446, 253, 224, 588, 511, 139, 74, 573, 322, 486, 548, 319]",600,20,0.62,,,,,,,0.0,1.0,0.005,,,5.006666666666667,0.7195005987950649,1.0,0.16666666666666666,4.0,0.0014250751982103666,0.0028546399940674464,0.12413793103448276,0.006896551724137931,0.0,0.0,2.2706896551724136,4.0,0.0,0.08793103448275862,4.931034482758621,0.11658465782879229,0.7677029360967185,0.0033615288220551374,4.068421052631579,0.8789407379080129,0.05862068965517241,0.9637931034482758,0.965,0.9396689590066671,30,False,2324.0
3,paper_pa,paper_pa_11,11,47,3487501379,138130158,"[1, 31, 53, 90, 149, 223, 227, 349, 350, 384, 389, 454, 465, 483, 508, 511, 514, 541, 561, 569]","[538, 416, 12, 39, 66, 529, 152, 294, 11, 590, 317, 175, 93, 240, 247, 277, 569, 37, 372, 300]",600,20,0.62,,,,,,,0.0,1.0,0.005,,,5.006666666666667,0.7195005987950649,1.0,0.16666666666666666,4.95,0.0016717394332515776,0.008253706996639035,0.15344827586206897,0.008620689655172414,0.0017241379310344827,0.0,2.1775862068965517,4.0,0.0,0.15,5.374137931034483,0.12637793725041835,0.7206777440295397,0.005579497524298551,3.9842105263157896,0.841450760867331,0.06379310344827586,0.9603448275862069,0.9616666666666667,0.9276878337841481,30,False,2320.0
3,paper_pa,paper_pa_11,11,48,3487501379,2158531982,"[0, 5, 18, 50, 54, 73, 79, 145, 220, 262, 303, 304, 338, 359, 400, 409, 481, 525, 536, 568]","[33, 392, 431, 381, 163, 552, 539, 426, 458, 234, 262, 571, 219, 557, 58, 146, 322, 440, 512, 214]",600,20,0.62,,,,,,,0.0,1.0,0.005,,,5.006666666666667,0.7195005987950649,1.0,0.16666666666666666,5.6,0.0018627009848098512,0.005648838987083579,0.16551724137931034,0.013793103448275862,0.0034482758620689655,0.0,2.1551724137931036,4.0,0.0,0.1879310344827586,6.68448275862069,0.14819771798345746,0.6976654159966649,0.0059032302979671394,3.6736842105263157,0.7988343964323235,0.05344827586206897,0.7896551724137931,0.7966666666666666,0.9664063330274075,30,False,2064.0
3,paper_pa,paper_pa_11,11,49,3487501379,1767296761,"[3, 27, 81, 116, 160, 177, 196, 208, 250, 263, 291, 309, 321, 362, 427, 442, 444, 493, 512, 524]","[313, 292, 154, 523, 543, 582, 53, 77, 128, 36, 388, 403, 85, 411, 509, 271, 90, 208, 310, 591]",600,20,0.62,,,,,,,0.0,1.0,0.005,,,5.006666666666667,0.7195005987950649,1.0,0.16666666666666666,4.55,0.0015434190224293187,0.0029194104330509925,0.13275862068965516,0.01896551724137931,0.0017241379310344827,0.0,2.2413793103448274,4.0,0.0,0.15172413793103448,5.501724137931035,0.12758066778912608,0.7525936513608481,0.008211211303316568,3.9473684210526314,0.8264108309005742,0.07758620689655173,0.9775862068965517,0.9783333333333334,0.9447868331335485,30,False,2324.0
3,paper_pa,paper_pa_12,12,0,3350501537,754651064,"[50, 113, 126, 165, 168, 216, 219, 235, 288, 304, 321, 337, 360, 404, 417, 469, 479, 492, 516, 524]","[402, 563, 37, 570, 375, 236, 203, 290, 201, 580, 517, 425, 568, 543, 324, 564, 420, 131, 592, 318]",600,20,0.62,,,,,,,0.0,1.0,0.005,,,4.83,0.633787361525622,1.0,0.15333333333333332,5.0,0.0017502700263870128,0.004732245672517366,0.15517241379310345,0.013793103448275862,0.0,0.0,2.2517241379310344,4.0,0.0,0.07241379310344828,4.6,0.14314658562156887,0.7145077720207254,0.00390546587915009,4.168421052631579,0.7894215730652706,0.06206896551724138,0.9620689655172414,0.9633333333333334,0.950934249907732,30,False,2232.0
3,paper_pa,paper_pa_12,12,1,3350501537,4059610206,"[4, 64, 86, 109, 197, 199, 219, 229, 283, 313, 323, 362, 399, 418, 474, 476, 478, 491, 539, 580]","[473, 10, 190, 569, 136, 394, 203, 60, 354, 176, 146, 539, 124, 550, 505, 575, 306, 389, 542, 119]",600,20,0.62,,,,,,,0.0,1.0,0.005,,,4.83,0.633787361525622,1.0,0.15333333333333332,3.85,0.0013980502274635101,0.002596307275042774,0.11551724137931034,0.006896551724137931,0.0,0.0,2.443103448275862,4.0,0.0,0.04827586206896552,3.796551724137931,0.11112914683121936,0.7826633315466619,0.003141186299081036,4.4,0.8053563998458833,0.05172413793103448,0.20862068965517241,0.235,0.8366389579605311,26,True,1422.0
3,paper_pa,paper_pa_12,12,2,3350501537,852470248,"[3, 48, 56, 68, 105, 126, 127, 141, 159, 217, 264, 330, 388, 426, 433, 474, 514, 560, 578, 590]","[587, 180, 83, 532, 266, 37, 577, 169, 211, 317, 557, 159, 79, 106, 355, 505, 141, 333, 377, 279]",600,20,0.62,,,,,,,0.0,1.0,0.005,,,4.83,0.633787361525622,1.0,0.15333333333333332,4.55,0.0015749349191185498,0.0051739767777771555,0.14310344827586208,0.01206896551724138,0.0017241379310344827,0.0,2.196551724137931,4.0,0.0,0.12931034482758622,5.617241379310345,0.13045178415565747,0.735185516050265,0.00793859649122807,3.9,0.8918047829891967,0.06551724137931035,0.9724137931034482,0.9733333333333334,0.9250367907807231,30,False,2238.0
3,paper_pa,paper_pa_12,12,3,3350501537,3051360263,"[4, 24, 27, 45, 177, 209, 210, 261, 287, 323, 345, 357, 405, 457, 495, 496, 500, 504, 550, 558]","[473, 586, 490, 270, 134, 483, 427, 348, 406, 146, 44, 53, 254, 4, 0, 443, 308, 49, 386, 581]",600,20,0.62,,,,,,,0.0,1.0,0.005,,,4.83,0.633787361525622,1.0,0.15333333333333332,4.9,0.0016978665516289165,0.005821139469560088,0.14655172413793102,0.017241379310344827,0.0017241379310344827,0.0,2.253448275862069,4.0,0.0,0.12586206896551724,5.15,0.13305938083150082,0.7296230123280328,0.006914402361770783,3.973684210526316,0.8309522023268648,0.06724137931034482,0.2793103448275862,0.30333333333333334,0.9540921661537141,30,False,1450.0
3,paper_pa,paper_pa_12,12,4,3350501537,1102811148,"[30, 37, 41, 116, 130, 146, 153, 178, 314, 341, 362, 375, 393, 413, 447, 507, 548, 577, 587, 598]","[115, 341, 353, 235, 224, 393, 58, 531, 116, 574, 539, 22, 214, 525, 416, 435, 197, 313, 257, 195]",600,20,0.62,,,,,,,0.0,1.0,0.005,,,4.83,0.633787361525622,1.0,0.15333333333333332,4.15,0.0014929628890666252,0.003913166458572795,0.12931034482758622,0.01206896551724138,0.0017241379310344827,0.0,2.329310344827586,4.0,0.0,0.07586206896551724,4.563793103448276,0.12354841042102639,0.7585492227979275,0.0058959899749373434,4.163157894736842,0.8150173755462521,0.06724137931034482,0.9879310344827587,0.9883333333333333,0.948354042135179,30,False,2236.0
3,paper_pa,paper_pa_12,12,5,3350501537,1918826114,"[4, 7, 51, 127, 186, 196, 205, 216, 235, 258, 271, 296, 313, 315, 325, 387, 425, 532, 578, 580]","[473, 287, 572, 577, 534, 364, 111, 236, 290, 495, 565, 186, 176, 54, 460, 233, 452, 304, 377, 119]",600,20,0.62,,,,,,,0.0,1.0,0.005,,,4.83,0.633787361525622,1.0,0.15333333333333332,4.5,0.0015794460383352573,0.004484489078271117,0.1413793103448276,0.01206896551724138,0.0017241379310344827,0.0,2.274137931034483,4.0,0.0,0.12586206896551724,5.222413793103448,0.12865459383819974,0.738264546483235,0.005429482797903851,3.957894736842105,0.712634165622326,0.06724137931034482,0.4689655172413793,0.4866666666666667,0.9768489161506295,30,False,1630.0
3,paper_pa,paper_pa_12,12,6,3350501537,2678951741,"[55, 93, 106, 144, 165, 229, 244, 331, 334, 372, 397, 403, 408, 412, 414, 451, 526, 566, 572, 586]","[262, 171, 332, 192, 570, 60, 207, 80, 109, 144, 218, 100, 507, 161, 294, 357, 151, 326, 286, 39]",600,20,0.62,,,,,,,0.0,1.0,0.005,,,4.83,0.633787361525622,1.0,0.15333333333333332,4.25,0.0015085232579780043,0.0034076500283157078,0.12241379310344827,0.010344827586206896,0.0,0.0,2.3275862068965516,4.0,0.0,0.09827586206896552,4.787931034482758,0.11802951066304644,0.7705199213864571,0.004252297410192147,4.073684210526316,0.8309522023268648,0.05862068965517241,0.7965517241379311,0.8033333333333333,0.9590585001278669,30,False,1970.0
3,paper_pa,paper_pa_12,12,7,3350501537,4146840563,"[17, 22, 47, 61, 90, 97, 135, 139, 189, 196, 215, 258, 297, 299, 347, 483, 506, 592, 595, 599]","[414, 429, 179, 465, 193, 183, 468, 232, 529, 364, 170, 495, 91, 126, 518, 71, 544, 422, 132, 499]",600,20,0.62,,,,,,,0.0,1.0,0.005,,,4.83,0.633787361525622,1.0,0.15333333333333332,4.95,0.001746048514313275,0.00554964774220716,0.15172413793103448,0.015517241379310345,0.0,0.0,2.2517241379310344,4.0,0.0,0.0896551724137931,4.6482758620689655,0.13877190068549583,0.7206539217437913,0.006867167919799497,4.163157894736842,0.7348428434831825,0.0706896551724138,0.41379310344827586,0.43333333333333335,0.9567639590241015,30,False,1602.0
3,paper_pa,paper_pa_12,12,8,3350501537,3742409250,"[9, 60, 65, 121, 151, 176, 190, 224, 260, 298, 309, 376, 387, 396, 489, 517, 524, 526, 540, 542]","[42, 95, 296, 261, 362, 485, 487, 174, 309, 311, 312, 275, 233, 380, 249, 372, 318, 151, 237, 489]",600,20,0.62,,,,,,,0.0,1.0,0.005,,,4.83,0.633787361525622,1.0,0.15333333333333332,4.65,0.0016240237928261951,0.004798377994880937,0.14310344827586208,0.005172413793103448,0.0017241379310344827,0.0,2.2724137931034485,4.0,0.0,0.12413793103448276,5.044827586206897,0.12920312540008355,0.7353880054791258,0.00347953216374269,4.052631578947368,0.8406131780272339,0.05517241379310345,0.3568965517241379,0.37833333333333335,0.9587181250099093,30,False,1518.0
3,paper_pa,paper_pa_12,12,9,3350501537,1028877394,"[1, 16, 69, 88, 142, 257, 275, 310, 316, 334, 367, 371, 388, 424, 436, 450, 516, 548, 582, 585]","[579, 280, 228, 445, 573, 497, 560, 120, 501, 109, 291, 19, 79, 538, 407, 247, 592, 197, 578, 25]",600,20,0.62,,,,,,,0.0,1.0,0.005,,,4.83,0.633787361525622,1.0,0.15333333333333332,4.5,0.0015804661446316803,0.004382632342760559,0.13620689655172413,0.013793103448275862,0.0017241379310344827,0.0,2.3,4.0,0.0,0.08793103448275862,4.748275862068965,0.12869962370494345,0.7467214579238878,0.006796025611815086,4.105263157894737,0.8406131780272337,0.05172413793103448,0.24310344827586206,0.2683333333333333,0.954937209142372,30,False,1448.0
3,paper_pa,paper_pa_12,12,10,3350501537,1951463697,"[2, 86, 132, 144, 148, 194, 197, 207, 250, 261, 270, 292, 358, 367, 399, 426, 476, 497, 568, 578]","[248, 190, 388, 192, 172, 33, 136, 297, 61, 348, 361, 7, 240, 291, 124, 106, 575, 234, 154, 377]",600,20,0.62,,,,,,,0.0,1.0,0.005,,,4.83,0.633787361525622,1.0,0.15333333333333332,6.4,0.002144799759337122,0.008149438014333203,0.19137931034482758,0.022413793103448276,0.0,0.0,2.1534482758620688,4.0,0.0,0.1482758620689655,5.6689655172413795,0.16741742122592412,0.6561372163659103,0.005822650882136051,3.931578947368421,0.7894215730652707,0.06551724137931035,0.47586206896551725,0.49333333333333335,0.9650408749002963,30,False,1638.0
3,paper_pa,paper_pa_12,12,11,3350501537,1425007598,"[22, 45, 106, 111, 120, 131, 154, 178, 228, 238, 260, 262, 264, 265, 285, 291, 342, 417, 443, 565]","[429, 270, 332, 57, 271, 527, 47, 531, 103, 212, 309, 215, 557, 392, 92, 491, 76, 324, 464, 535]",600,20,0.62,,,,,,,0.0,1.0,0.005,,,4.83,0.633787361525622,1.0,0.15333333333333332,4.95,0.0017439357142844205,0.005351782686566912,0.15,0.01896551724137931,0.0017241379310344827,0.0,2.3120689655172413,4.0,0.0,0.10517241379310345,4.408620689655172,0.13884681559864345,0.7234113513191591,0.007230101769575454,4.094736842105263,0.8565480048078464,0.06896551724137931,0.5758620689655173,0.59,0.9536780409980565,30,False,1776.0
3,paper_pa,paper_pa_12,12,12,3350501537,1247612592,"[2, 7, 42, 56, 90, 95, 102, 140, 182, 212, 257, 311, 323, 383, 385, 415, 430, 439, 570, 571]","[248, 287, 549, 83, 193, 277, 484, 360, 307, 189, 497, 594, 146, 217, 86, 474, 418, 26, 446, 370]",600,20,0.62,,,,,,,0.0,1.0,0.005,,,4.83,0.633787361525622,1.0,0.15333333333333332,6.9,0.0023058043204309746,0.009806298616803464,0.20172413793103447,0.020689655172413793,0.0017241379310344827,0.0,2.127586206896552,4.0,0.0,0.1793103448275862,6.270689655172414,0.17301433921429638,0.6400214400571735,0.0076850629239681775,3.7473684210526317,0.8103521825023259,0.06379310344827586,0.20344827586206896,0.23,0.9508892088197172,30,False,1424.0
3,paper_pa,paper_pa_12,12,13,3350501537,1006393238,"[44, 58, 63, 106, 144, 165, 202, 204, 213, 273, 284, 371, 405, 413, 454, 460, 462, 485, 521, 550]","[78, 459, 430, 332, 192, 570, 56, 488, 225, 157, 547, 19, 254, 525, 139, 335, 209, 466, 553, 386]",600,20,0.62,,,,,,,0.0,1.0,0.005,,,4.83,0.633787361525622,1.0,0.15333333333333332,4.9,0.0017210554669843,0.005045935799794129,0.15,0.015517241379310345,0.0,0.0,2.2810344827586206,4.0,0.0,0.08275862068965517,4.9655172413793105,0.14083710661463764,0.7231314394616163,0.004870188291240923,3.968421052631579,0.7688215532407316,0.0603448275862069,0.29310344827586204,0.31666666666666665,0.97348229191266,30,False,1500.0
3,paper_pa,paper_pa_12,12,14,3350501537,2430698786,"[20, 36, 42, 68, 167, 182, 229, 266, 281, 287, 309, 367, 398, 430, 434, 481, 497, 504, 506, 585]","[369, 492, 549, 532, 597, 307, 60, 9, 206, 406, 312, 291, 81, 418, 548, 401, 234, 49, 544, 25]",600,20,0.62,,,,,,,0.0,1.0,0.005,,,4.83,0.633787361525622,1.0,0.15333333333333332,4.55,0.0016075874795793501,0.0034801738450845492,0.1396551724137931,0.01206896551724138,0.0017241379310344827,0.0,2.3051724137931036,4.0,0.0,0.07931034482758621,4.867241379310345,0.13212108481790485,0.7407241974867489,0.00546157059314954,4.0473684210526315,0.8150173755462521,0.07413793103448275,0.9689655172413794,0.97,0.9465195001102984,30,False,2238.0
3,paper_pa,paper_pa_12,12,15,3350501537,574762426,"[48, 100, 119, 130, 144, 181, 182, 189, 192, 199, 267, 283, 293, 340, 418, 427, 484, 559, 565, 572]","[180, 200, 456, 224, 192, 219, 307, 529, 342, 394, 523, 354, 395, 339, 550, 334, 292, 97, 535, 286]",600,20,0.62,,,,,,,0.0,1.0,0.005,,,4.83,0.633787361525622,1.0,0.15333333333333332,5.1,0.0017599215215861528,0.005080728288978099,0.16034482758620688,0.013793103448275862,0.0017241379310344827,0.0,2.2017241379310346,4.0,0.0,0.11379310344827587,5.355172413793103,0.14750330215512417,0.7058721934369603,0.004854462702759917,4.073684210526316,0.8468870291074776,0.06379310344827586,0.8724137931034482,0.8766666666666667,0.9805559588130563,30,False,2096.0
3,paper_pa,paper_pa_12,12,16,3350501537,1276346102,"[17, 40, 86, 136, 180, 211, 215, 222, 226, 254, 294, 307, 407, 409, 420, 451, 509, 519, 528, 555]","[414, 122, 190, 345, 72, 593, 170, 110, 20, 556, 315, 415, 554, 447, 160, 357, 571, 454, 412, 155]",600,20,0.62,,,,,,,0.0,1.0,0.005,,,4.83,0.633787361525622,1.0,0.15333333333333332,4.1,0.0014692682969046102,0.003369962160657017,0.12241379310344827,0.006896551724137931,0.0017241379310344827,0.0,2.3758620689655174,4.0,0.0,0.08620689655172414,4.636206896551724,0.11561032501216513,0.7706330772437615,0.006109022556390977,3.9947368421052634,0.7990825487656396,0.06724137931034482,0.4586206896551724,0.4766666666666667,0.9659079171251506,30,False,1626.0
3,paper_pa,paper_pa_12,12,17,3350501537,3450702683,"[12, 34, 94, 111, 118, 124, 135, 254, 273, 343, 367, 403, 418, 427, 443, 444, 464, 529, 552, 586]","[6, 379, 409, 57, 551, 390, 468, 556, 157, 424, 291, 100, 550, 334, 464, 343, 511, 397, 18, 39]",600,20,0.62,,,,,,,0.0,1.0,0.005,,,4.83,0.633787361525622,1.0,0.15333333333333332,4.15,0.0014864991367093028,0.0035602405424388778,0.13448275862068965,0.005172413793103448,0.0,0.0,2.317241379310345,4.0,0.0,0.07241379310344828,4.544827586206897,0.12511481917932507,0.7497230659281758,0.002556390977443609,4.247368421052632,0.770099621664533,0.07241379310344828,0.9637931034482758,0.965,0.929425209062174,30,False,2232.0
3,paper_pa,paper_pa_12,12,18,3350501537,4179352603,"[57, 72, 74, 98, 102, 110, 111, 192, 220, 275, 323, 324, 354, 363, 366, 369, 448, 461, 511, 516]","[164, 102, 368, 107, 484, 374, 57, 342, 108, 560, 146, 253, 338, 591, 21, 537, 584, 142, 496, 592]",600,20,0.62,,,,,,,0.0,1.0,0.005,,,4.83,0.633787361525622,1.0,0.15333333333333332,4.7,0.0016414053741929178,0.004756442783422023,0.14655172413793102,0.0017241379310344827,0.0,0.0,2.286206896551724,4.0,0.0,0.08448275862068966,4.4655172413793105,0.13363083822137467,0.7290929664701328,0.0005263157894736842,4.105263157894737,0.8662089805082153,0.05,0.35,0.37166666666666665,0.957002708921209,30,False,1540.0
3,paper_pa,paper_pa_12,12,19,3350501537,3804130834,"[21, 28, 60, 86, 139, 145, 154, 158, 174, 175, 266, 274, 298, 329, 386, 406, 425, 438, 441, 534]","[281, 289, 95, 190, 232, 509, 47, 293, 41, 559, 9, 398, 311, 426, 437, 283, 452, 329, 595, 399]",600,20,0.62,,,,,,,0.0,1.0,0.005,,,4.83,0.633787361525622,1.0,0.15333333333333332,5.7,0.0019533522488247553,0.007947511457371725,0.16896551724137931,0.01896551724137931,0.0017241379310344827,0.0,2.2344827586206897,4.0,0.0,0.11551724137931034,5.156896551724138,0.15399888574367898,0.6917872669882675,0.0057983775227542535,3.905263157894737,0.749499601839994,0.06551724137931035,0.35344827586206895,0.375,0.9533237081486732,30,False,1560.0
3,paper_pa,paper_pa_12,12,20,3350501537,2860933136,"[51, 67, 116, 123, 155, 172, 194, 217, 304, 352, 355, 385, 397, 424, 430, 439, 455, 456, 586, 594]","[572, 178, 235, 220, 439, 127, 33, 317, 580, 285, 243, 86, 218, 538, 418, 26, 125, 327, 39, 376]",600,20,0.62,,,,,,,0.0,1.0,0.005,,,4.83,0.633787361525622,1.0,0.15333333333333332,4.55,0.0015937212736792147,0.004584853132909477,0.13448275862068965,0.01896551724137931,0.0,0.0,2.325862068965517,4.0,0.0,0.08103448275862069,4.503448275862069,0.1308910929514537,0.7494848430706926,0.006547487600119178,4.121052631578947,0.7251818677828137,0.056896551724137934,0.32413793103448274,0.3466666666666667,0.968886291841045,30,False,1502.0
3,paper_pa,paper_pa_12,12,21,3350501537,3216571013,"[7, 12, 51, 106, 117, 214, 215, 229, 319, 336, 380, 398, 414, 416, 423, 457, 478, 499, 568, 593]","[287, 6, 572, 332, 69, 540, 170, 60, 471, 510, 536, 81, 294, 305, 188, 4, 306, 404, 154, 321]",600,20,0.62,,,,,,,0.0,1.0,0.005,,,4.83,0.633787361525622,1.0,0.15333333333333332,5.0,0.001739614588596832,0.005379265567707249,0.15517241379310345,0.010344827586206896,0.0,0.0,2.2189655172413794,4.0,0.0,0.09655172413793103,5.086206896551724,0.1388763972084272,0.7150735513072479,0.004972527472527472,3.9105263157894736,0.821291226626496,0.06896551724137931,0.296551724137931,0.32,0.9932025831658393,30,True,1484.0
3,paper_pa,paper_pa_12,12,22,3350501537,3686806527,"[34, 52, 56, 94, 122, 133, 137, 185, 204, 281, 329, 330, 346, 393, 434, 475, 496, 548, 562, 599]","[379, 359, 83, 409, 3, 451, 365, 480, 488, 206, 426, 159, 74, 214, 548, 582, 443, 197, 384, 499]",600,20,0.62,,,,,,,0.0,1.0,0.005,,,4.83,0.633787361525622,1.0,0.15333333333333332,4.65,0.0016266406316001025,0.0040593184035553126,0.13448275862068965,0.017241379310344827,0.0017241379310344827,0.0,2.3,4.0,0.0,0.09137931034482759,5.177586206896552,0.12690091135516132,0.7497587993567982,0.007953406242879928,3.836842105263158,0.8758699562085841,0.04482758620689655,0.2620689655172414,0.2866666666666667,0.9611962498165667,30,False,1454.0
3,paper_pa,paper_pa_12,12,23,3350501537,4192784895,"[57, 76, 80, 89, 121, 133, 191, 197, 215, 245, 254, 275, 331, 404, 421, 449, 466, 468, 475, 534]","[164, 65, 381, 349, 261, 451, 137, 136, 170, 145, 556, 560, 80, 543, 295, 199, 378, 442, 582, 399]",600,20,0.62,,,,,,,0.0,1.0,0.005,,,4.83,0.633787361525622,1.0,0.15333333333333332,4.35,0.0015343201311683583,0.0038345507579590097,0.13448275862068965,0.008620689655172414,0.0034482758620689655,0.0,2.320689655172414,4.0,0.0,0.09137931034482759,4.7620689655172415,0.12650522425239968,0.7496515990709308,0.006583504215083162,3.9842105263157896,0.8200131582026947,0.04655172413793104,0.2120689655172414,0.23833333333333334,0.967221749946475,30,False,1424.0
3,paper_pa,paper_pa_12,12,24,3350501537,1087243700,"[12, 20, 97, 101, 159, 188, 255, 267, 338, 350, 388, 400, 408, 413, 439, 479, 499, 533, 562, 572]","[6, 369, 183, 408, 211, 272, 229, 523, 245, 223, 79, 149, 507, 525, 26, 420, 404, 269, 384, 286]",600,20,0.62,,,,,,,0.0,1.0,0.005,,,4.83,0.633787361525622,1.0,0.15333333333333332,4.45,0.001558817675529218,0.003935218871189175,0.1396551724137931,0.006896551724137931,0.0,0.0,2.3137931034482757,4.0,0.0,0.1103448275862069,4.672413793103448,0.12788013842703266,0.7409505092013579,0.0026918257181415073,4.168421052631579,0.8372260534071088,0.056896551724137934,0.30689655172413793,0.33,0.9178305831737816,28,True,1532.0
3,paper_pa,paper_pa_12,12,25,3350501537,2344402129,"[1, 5, 18, 26, 50, 154, 199, 212, 239, 244, 245, 251, 258, 259, 296, 357, 492, 513, 540, 591]","[579, 421, 75, 562, 402, 47, 394, 189, 244, 207, 145, 27, 495, 163, 186, 53, 131, 173, 237, 98]",600,20,0.62,,,,,,,0.0,1.0,0.005,,,4.83,0.633787361525622,1.0,0.15333333333333332,6.1,0.0020778530954000994,0.00963559513163827,0.1896551724137931,0.015517241379310345,0.0017241379310344827,0.0,2.1155172413793104,4.0,0.0,0.11896551724137931,5.098275862068966,0.1627975498854849,0.65911500208445,0.00573602507813034,4.105263157894737,0.8309522023268651,0.07758620689655173,0.41379310344827586,0.43333333333333335,0.9700738750398159,30,False,1600.0
3,paper_pa,paper_pa_12,12,26,3350501537,332846922,"[4, 31, 37, 49, 81, 99, 112, 124, 169, 232, 346, 356, 411, 431, 446, 474, 493, 535, 562, 579]","[473, 85, 341, 99, 373, 28, 461, 390, 184, 382, 74, 17, 185, 12, 405, 505, 558, 566, 384, 314]",600,20,0.62,,,,,,,0.0,1.0,0.005,,,4.83,0.633787361525622,1.0,0.15333333333333332,4.4,0.0015703010191695926,0.0040408727139845755,0.13620689655172413,0.005172413793103448,0.0,0.0,2.3,4.0,0.0,0.1,4.7637931034482754,0.12546805153264384,0.7468346137811923,0.002377266696152145,4.110526315789474,0.8150173755462523,0.05172413793103448,0.3258620689655172,0.34833333333333333,0.9701353339478374,30,False,1520.0
3,paper_pa,paper_pa_12,12,27,3350501537,296868786,"[5, 40, 68, 111, 176, 207, 211, 241, 260, 274, 280, 322, 355, 360, 396, 410, 421, 491, 537, 573]","[421, 122, 532, 57, 485, 297, 593, 264, 309, 398, 158, 433, 243, 568, 380, 555, 295, 389, 599, 198]",600,20,0.62,,,,,,,0.0,1.0,0.005,,,4.83,0.633787361525622,1.0,0.15333333333333332,5.3,0.0017912197564252223,0.007952549241268186,0.15344827586206897,0.020689655172413793,0.0017241379310344827,0.0,2.1862068965517243,4.0,0.0,0.1310344827586207,5.213793103448276,0.1382790573884238,0.7184622714549461,0.006326959566560584,3.957894736842105,0.7784825289411005,0.06724137931034482,0.9724137931034482,0.9733333333333334,0.9373216659296304,30,False,2232.0
3,paper_pa,paper_pa_12,12,28,3350501537,3409065280,"[10, 116, 127, 214, 247, 268, 274, 288, 327, 347, 404, 425, 467, 515, 519, 524, 525, 532, 542, 591]","[96, 235, 577, 540, 284, 165, 398, 201, 101, 518, 543, 452, 265, 239, 454, 318, 303, 304, 489, 98]",600,20,0.62,,,,,,,0.0,1.0,0.005,,,4.83,0.633787361525622,1.0,0.15333333333333332,4.6,0.0016176470391903379,0.004220223288715949,0.14482758620689656,0.005172413793103448,0.0017241379310344827,0.0,2.2724137931034485,4.0,0.0,0.08275862068965517,4.694827586206896,0.13190792071379795,0.7321660413316657,0.00284688995215311,4.052631578947368,0.8406131780272337,0.056896551724137934,0.2689655172413793,0.29333333333333333,0.9485377499368042,30,False,1468.0
3,paper_pa,paper_pa_12,12,29,3350501537,4056296258,"[1, 4, 8, 26, 39, 43, 48, 113, 114, 149, 165, 180, 207, 224, 229, 230, 295, 481, 484, 599]","[579, 473, 347, 562, 31, 140, 180, 563, 276, 515, 570, 72, 297, 174, 60, 263, 208, 401, 292, 499]",600,20,0.62,,,,,,,0.0,1.0,0.005,,,4.83,0.633787361525622,1.0,0.15333333333333332,5.25,0.0017777835390435886,0.006092177846888915,0.15,0.017241379310344827,0.0034482758620689655,0.0,2.220689655172414,4.0,0.0,0.16896551724137931,6.006896551724138,0.13790859670409064,0.7234292180334703,0.0068383975947507196,3.6315789473684212,0.9174005854701783,0.07241379310344828,0.8879310344827587,0.8916666666666667,0.9724304170813411,30,False,2122.0
3,paper_pa,paper_pa_12,12,30,3350501537,1137532843,"[33, 44, 58, 211, 219, 223, 229, 277, 302, 334, 346, 351, 362, 365, 444, 498, 502, 526, 590, 595]","[202, 78, 459, 593, 203, 476, 60, 16, 521, 109, 74, 431, 539, 268, 343, 55, 436, 151, 279, 132]",600,20,0.62,,,,,,,0.0,1.0,0.005,,,4.83,0.633787361525622,1.0,0.15333333333333332,4.2,0.001487685002920572,0.003216794509218787,0.12413793103448276,0.010344827586206896,0.0017241379310344827,0.0,2.3620689655172415,5.0,0.0,0.1,4.858620689655172,0.11859725898664474,0.7675897802394139,0.007500000000000001,4.11578947368421,0.8662089805082153,0.06896551724137931,0.41379310344827586,0.43333333333333335,0.9634102911222726,30,False,1552.0
3,paper_pa,paper_pa_12,12,31,3350501537,1505864569,"[0, 6, 48, 51, 61, 65, 101, 124, 197, 236, 260, 262, 275, 304, 396, 399, 462, 499, 534, 579]","[258, 221, 180, 572, 465, 296, 408, 390, 136, 242, 309, 215, 560, 580, 380, 124, 209, 404, 399, 314]",600,20,0.62,,,,,,,0.0,1.0,0.005,,,4.83,0.633787361525622,1.0,0.15333333333333332,5.85,0.001979604004544041,0.006939411205616361,0.1793103448275862,0.013793103448275862,0.0017241379310344827,0.0,2.1913793103448276,5.0,0.0,0.15862068965517243,5.751724137931035,0.16137329519616023,0.6746709546781013,0.004143195517397612,3.7263157894736842,0.7604386459641642,0.06206896551724138,0.49482758620689654,0.5116666666666667,0.9837444999720901,30,False,1698.0
3,paper_pa,paper_pa_12,12,32,3350501537,1907579524,"[22, 42, 49, 57, 100, 119, 182, 223, 245, 274, 315, 407, 437, 465, 504, 525, 534, 545, 585, 587]","[429, 549, 99, 164, 200, 456, 307, 476, 145, 398, 54, 554, 152, 498, 49, 303, 399, 508, 25, 257]",600,20,0.62,,,,,,,0.0,1.0,0.005,,,4.83,0.633787361525622,1.0,0.15333333333333332,4.8,0.0016683415823327628,0.005718238324396301,0.14482758620689656,0.017241379310344827,0.0,0.0,2.263793103448276,4.0,0.0,0.1206896551724138,5.167241379310345,0.13354948150380913,0.7322017747602882,0.005137192357006599,3.9,0.8565480048078465,0.06379310344827586,0.25689655172413794,0.2816666666666667,0.9905548749957234,30,False,1450.0
3,paper_pa,paper_pa_12,12,33,3350501537,4039119766,"[5, 34, 75, 116, 163, 254, 279, 291, 307, 344, 369, 376, 381, 404, 426, 470, 510, 543, 572, 582]","[421, 379, 167, 235, 310, 556, 432, 491, 415, 583, 537, 275, 391, 543, 106, 210, 444, 175, 286, 578]",600,20,0.62,,,,,,,0.0,1.0,0.005,,,4.83,0.633787361525622,1.0,0.15333333333333332,5.1,0.001766887413057254,0.0070740989416647445,0.14655172413793102,0.015517241379310345,0.0,0.0,2.212068965517241,4.0,0.0,0.11206896551724138,5.094827586206897,0.13139093040197902,0.7300577690429396,0.003923908929214532,4.057894736842106,0.8200131582026947,0.06206896551724138,0.3431034482758621,0.365,0.9630220418330282,30,False,1552.0
3,paper_pa,paper_pa_12,12,34,3350501537,1973784623,"[17, 134, 139, 160, 172, 179, 193, 218, 223, 244, 271, 292, 328, 358, 386, 408, 452, 474, 577, 582]","[414, 493, 232, 182, 127, 396, 67, 449, 476, 207, 565, 7, 177, 240, 437, 507, 123, 505, 313, 578]",600,20,0.62,,,,,,,0.0,1.0,0.005,,,4.83,0.633787361525622,1.0,0.15333333333333332,4.7,0.0016639284330989628,0.00362229896748641,0.15344827586206897,0.005172413793103448,0.0,0.0,2.2551724137931033,4.0,0.0,0.06551724137931035,4.6482758620689655,0.1396411375237657,0.7174498243106426,0.0017415333204806888,4.073684210526316,0.7348428434831825,0.06206896551724138,0.15,0.17833333333333334,0.9089456661604345,28,True,1336.0
3,paper_pa,paper_pa_12,12,35,3350501537,168667899,"[12, 35, 99, 110, 126, 146, 151, 186, 266, 321, 361, 385, 419, 431, 441, 487, 493, 539, 561, 562]","[6, 117, 28, 374, 37, 393, 362, 534, 9, 517, 331, 86, 251, 12, 595, 366, 558, 542, 46, 384]",600,20,0.62,,,,,,,0.0,1.0,0.005,,,4.83,0.633787361525622,1.0,0.15333333333333332,4.3,0.0015391354047616299,0.0038414942886243553,0.14310344827586208,0.005172413793103448,0.0,0.0,2.2758620689655173,4.0,0.0,0.08103448275862069,4.4,0.13138063342762757,0.7349889821928414,0.0025584795321637425,4.1421052631578945,0.6836512385212196,0.04827586206896552,0.35172413793103446,0.37333333333333335,0.9487341248895973,30,False,1562.0
3,paper_pa,paper_pa_12,12,36,3350501537,1056708054,"[2, 3, 59, 91, 181, 226, 234, 276, 303, 339, 340, 348, 410, 426, 435, 446, 478, 485, 488, 598]","[248, 587, 472, 506, 219, 20, 143, 337, 470, 519, 339, 356, 555, 106, 514, 405, 306, 466, 246, 195]",600,20,0.62,,,,,,,0.0,1.0,0.005,,,4.83,0.633787361525622,1.0,0.15333333333333332,6.35,0.0021521972753544955,0.009857442353674209,0.2,0.01206896551724138,0.0,0.0,2.1310344827586207,4.0,0.0,0.1413793103448276,5.5137931034482754,0.1681233621693536,0.6429456256327795,0.0031738804489228937,3.9157894736842107,0.8821438072888279,0.06896551724137931,0.9793103448275862,0.98,0.9311250417958945,30,False,2238.0
3,paper_pa,paper_pa_12,12,37,3350501537,298210424,"[6, 12, 17, 54, 56, 76, 92, 96, 142, 152, 186, 288, 335, 361, 379, 412, 464, 474, 566, 583]","[221, 6, 414, 273, 83, 65, 204, 128, 573, 561, 534, 201, 260, 331, 36, 161, 511, 505, 326, 400]",600,20,0.62,,,,,,,0.0,1.0,0.005,,,4.83,0.633787361525622,1.0,0.15333333333333332,5.05,0.001762699339300892,0.0043247934451297225,0.15344827586206897,0.015517241379310345,0.0017241379310344827,0.0,2.253448275862069,4.0,0.0,0.13275862068965516,5.043103448275862,0.14126074255260695,0.71755702459651,0.006797676008202324,3.9789473684210526,0.8724828315884591,0.06724137931034482,0.5482758620689655,0.5633333333333334,0.9637645829934627,30,False,1756.0
3,paper_pa,paper_pa_12,12,38,3350501537,2478057928,"[4, 20, 33, 66, 70, 158, 178, 184, 216, 248, 286, 300, 322, 341, 351, 376, 397, 427, 488, 518]","[473, 369, 202, 330, 48, 293, 531, 2, 236, 32, 89, 194, 433, 574, 431, 275, 218, 334, 246, 469]",600,20,0.62,,,,,,,0.0,1.0,0.005,,,4.83,0.633787361525622,1.0,0.15333333333333332,5.05,0.00173695229445832,0.005372824266709646,0.15862068965517243,0.015517241379310345,0.0,0.0,2.220689655172414,4.0,0.0,0.12241379310344827,5.470689655172414,0.1449876422097607,0.7089154904413079,0.006165413533834586,3.8789473684210525,0.8468870291074776,0.0603448275862069,0.9482758620689655,0.95,0.9586994999554008,30,False,2200.0
3,paper_pa,paper_pa_12,12,39,3350501537,729274847,"[65, 77, 107, 113, 125, 132, 165, 168, 174, 214, 224, 280, 283, 294, 305, 312, 341, 354, 375, 415]","[296, 5, 68, 563, 385, 388, 570, 375, 41, 540, 174, 158, 354, 315, 522, 552, 574, 338, 22, 474]",600,20,0.62,,,,,,,0.0,1.0,0.005,,,4.83,0.633787361525622,1.0,0.15333333333333332,4.35,0.0015327525045764792,0.0027239214278163893,0.13620689655172413,0.006896551724137931,0.0,0.0,2.2810344827586206,4.0,0.0,0.07931034482758621,4.408620689655172,0.12692873414327488,0.7467214579238878,0.002871762740183793,4.1947368421052635,0.7944173557217132,0.06896551724137931,0.9827586206896551,0.9833333333333333,0.9431928750127554,30,False,2238.0
3,paper_pa,paper_pa_12,12,40,3350501537,1082620475,"[13, 15, 45, 50, 52, 54, 136, 140, 141, 254, 313, 336, 349, 402, 486, 490, 508, 538, 575, 583]","[316, 438, 270, 402, 359, 273, 345, 360, 169, 556, 176, 510, 213, 73, 486, 43, 520, 363, 274, 400]",600,20,0.62,,,,,,,0.0,1.0,0.005,,,4.83,0.633787361525622,1.0,0.15333333333333332,4.95,0.001731430477335215,0.004991673648636142,0.15862068965517243,0.008620689655172414,0.0,0.0,2.2017241379310346,4.0,0.0,0.09310344827586207,5.1482758620689655,0.14278581952804276,0.7090226907271753,0.0018832967586430189,4.031578947368421,0.8406131780272337,0.07931034482758621,0.9810344827586207,0.9816666666666667,0.9453312910627574,30,False,2238.0
3,paper_pa,paper_pa_12,12,41,3350501537,181401069,"[17, 53, 54, 68, 182, 186, 251, 273, 290, 327, 343, 352, 364, 383, 399, 459, 504, 506, 533, 550]","[414, 351, 273, 532, 307, 534, 27, 157, 588, 101, 424, 285, 528, 217, 124, 462, 49, 544, 269, 386]",600,20,0.62,,,,,,,0.0,1.0,0.005,,,4.83,0.633787361525622,1.0,0.15333333333333332,5.15,0.001765249002124332,0.005857056539731302,0.15172413793103448,0.017241379310344827,0.0017241379310344827,0.0,2.2517241379310344,4.0,0.0,0.15172413793103448,5.689655172413793,0.1416430425731777,0.7203204097433149,0.005632342185094203,3.831578947368421,0.821291226626496,0.05172413793103448,0.2189655172413793,0.245,0.9754699589684606,30,False,1448.0
3,paper_pa,paper_pa_12,12,42,3350501537,790555390,"[17, 23, 72, 90, 142, 189, 198, 204, 207, 214, 217, 231, 235, 254, 332, 347, 350, 367, 454, 526]","[414, 346, 102, 193, 573, 529, 24, 488, 297, 540, 317, 481, 290, 556, 541, 518, 223, 291, 139, 151]",600,20,0.62,,,,,,,0.0,1.0,0.005,,,4.83,0.633787361525622,1.0,0.15333333333333332,5.0,0.0017353549775463556,0.006166686972959332,0.15,0.022413793103448276,0.0,0.0,2.253448275862069,4.0,0.0,0.11379310344827587,5.196551724137931,0.1428043360287184,0.723107617175868,0.0065858943258324055,3.905263157894737,0.7847563800213444,0.05517241379310345,0.39827586206896554,0.41833333333333333,0.9505394999869168,30,False,1598.0
3,paper_pa,paper_pa_12,12,43,3350501537,760873483,"[3, 16, 26, 57, 130, 195, 261, 268, 283, 316, 332, 342, 458, 463, 467, 535, 553, 556, 578, 590]","[587, 280, 562, 164, 224, 93, 348, 165, 354, 501, 541, 76, 138, 500, 265, 566, 82, 52, 377, 279]",600,20,0.62,,,,,,,0.0,1.0,0.005,,,4.83,0.633787361525622,1.0,0.15333333333333332,5.05,0.0017218684091203826,0.006082527757545024,0.15689655172413794,0.006896551724137931,0.0,0.0,2.1948275862068964,4.0,0.0,0.1103448275862069,5.320689655172414,0.1425274088412905,0.7117443868739205,0.002243107769423559,3.931578947368421,0.8821438072888279,0.07758620689655173,0.9637931034482758,0.965,0.9326069578528404,30,False,2238.0
3,paper_pa,paper_pa_12,12,44,3350501537,2872304155,"[15, 26, 82, 89, 133, 153, 158, 192, 220, 241, 294, 318, 367, 377, 431, 478, 489, 507, 532, 554]","[438, 562, 589, 349, 451, 58, 293, 342, 108, 264, 315, 156, 291, 148, 12, 306, 249, 435, 304, 502]",600,20,0.62,,,,,,,0.0,1.0,0.005,,,4.83,0.633787361525622,1.0,0.15333333333333332,4.95,0.0017116894447115946,0.0048219772074684,0.15689655172413794,0.010344827586206896,0.0,0.0,2.168965517241379,4.0,0.0,0.10172413793103448,5.194827586206896,0.1441687133288422,0.7116074087308677,0.0036572491835649723,3.9526315789473685,0.7528867264601189,0.06724137931034482,0.7413793103448276,0.75,0.9669890000950545,30,False,1898.0
3,paper_pa,paper_pa_12,12,45,3350501537,1085354312,"[35, 119, 125, 146, 249, 353, 368, 378, 391, 423, 432, 509, 516, 521, 536, 537, 538, 543, 572, 591]","[117, 456, 385, 393, 11, 112, 252, 533, 181, 188, 598, 571, 592, 553, 230, 599, 363, 175, 286, 98]",600,20,0.62,,,,,,,0.0,1.0,0.005,,,4.83,0.633787361525622,1.0,0.15333333333333332,4.45,0.0015616748050867233,0.004489526718804203,0.1396551724137931,0.010344827586206896,0.0,0.0,2.2431034482758623,4.0,0.0,0.07758620689655173,4.724137931034483,0.13052347350673504,0.740813531058305,0.003602756892230576,4.0473684210526315,0.8053563998458833,0.06724137931034482,0.2775862068965517,0.3016666666666667,0.9515374589245766,30,False,1442.0
3,paper_pa,paper_pa_12,12,46,3350501537,2637433533,"[5, 42, 55, 90, 110, 133, 199, 230, 270, 286, 303, 317, 333, 396, 444, 445, 449, 471, 497, 585]","[421, 549, 262, 193, 374, 451, 394, 263, 361, 89, 470, 14, 371, 380, 343, 302, 199, 513, 234, 25]",600,20,0.62,,,,,,,0.0,1.0,0.005,,,4.83,0.633787361525622,1.0,0.15333333333333332,5.75,0.0019511952934340704,0.008745553466490402,0.1706896551724138,0.01896551724137931,0.0017241379310344827,0.0,2.174137931034483,4.0,0.0,0.1810344827586207,5.801724137931035,0.1521182758625582,0.6894824608421178,0.005574194517794132,3.8,0.8246783512466209,0.06379310344827586,0.3086206896551724,0.33166666666666667,0.6558435410261154,20,True,1506.0
3,paper_pa,paper_pa_12,12,47,3350501537,546008743,"[9, 22, 29, 60, 70, 203, 217, 228, 241, 262, 289, 352, 359, 375, 505, 539, 566, 576, 590, 592]","[42, 429, 114, 95, 48, 187, 317, 103, 264, 215, 250, 285, 216, 22, 64, 542, 326, 455, 279, 422]",600,20,0.62,,,,,,,0.0,1.0,0.005,,,4.83,0.633787361525622,1.0,0.15333333333333332,5.6,0.0019268403280832548,0.007040327654775585,0.16724137931034483,0.017241379310344827,0.005172413793103448,0.0,2.1775862068965517,4.0,0.0,0.16379310344827586,5.429310344827586,0.14827640681781007,0.6950568757072241,0.009329953672058935,3.8421052631578947,0.8565480048078464,0.07241379310344828,0.9741379310344828,0.975,0.9442307921126485,30,False,2238.0
3,paper_pa,paper_pa_12,12,48,3350501537,296149848,"[56, 70, 75, 89, 106, 113, 132, 187, 209, 232, 236, 237, 239, 292, 315, 468, 497, 519, 541, 559]","[83, 48, 167, 349, 332, 563, 388, 350, 483, 382, 242, 63, 244, 7, 54, 442, 234, 454, 87, 97]",600,20,0.62,,,,,,,0.0,1.0,0.005,,,4.83,0.633787361525622,1.0,0.15333333333333332,5.05,0.0017546020253864179,0.0046470024615002286,0.15862068965517243,0.008620689655172414,0.0,0.0,2.2672413793103448,4.0,0.0,0.09655172413793103,5.0327586206896555,0.14424647113408953,0.7087487344410697,0.0033940912888281312,3.9789473684210526,0.7226257309352111,0.056896551724137934,0.40344827586206894,0.42333333333333334,0.9683044168632478,30,False,1590.0
3,paper_pa,paper_pa_12,12,49,3350501537,138894448,"[30, 33, 111, 114, 148, 187, 222, 254, 269, 343, 362, 370, 372, 399, 423, 471, 512, 535, 546, 580]","[115, 202, 57, 276, 172, 350, 110, 556, 226, 424, 539, 423, 144, 124, 188, 513, 325, 566, 457, 119]",600,20,0.62,,,,,,,0.0,1.0,0.005,,,4.83,0.633787361525622,1.0,0.15333333333333332,4.8,0.0016590156296352662,0.004968432742582958,0.15172413793103448,0.01206896551724138,0.0017241379310344827,0.0,2.203448275862069,4.0,0.0,0.10517241379310345,5.201724137931034,0.13984528134329094,0.7203859210291227,0.004299861645062884,3.9263157894736844,0.6348992793680962,0.05862068965517241,0.7068965517241379,0.7166666666666667,1.1445622080937028,30,False,1938.0
3,paper_pa,paper_pa_13,13,0,4161993885,348777320,"[10, 24, 36, 54, 66, 107, 123, 131, 162, 176, 238, 269, 279, 392, 401, 431, 462, 503, 547, 596]","[389, 15, 0, 526, 135, 198, 69, 451, 289, 535, 55, 367, 531, 334, 300, 336, 20, 79, 2, 349]",600,20,0.62,,,,,,,0.0,1.0,0.005,,,4.9350000000000005,0.6331580493468387,1.0,0.09333333333333334,6.1,0.0020253229236587575,0.005003483634104197,0.18448275862068966,0.022413793103448276,0.0,0.0,2.1344827586206896,4.0,0.0,0.13620689655172413,6.01551724137931,0.16678525477780443,0.6663748436662498,0.006130292934740433,3.805263157894737,0.8130641758094233,0.06206896551724138,0.993103448275862,0.9933333333333333,0.9350007078610361,30,False,2276.0
3,paper_pa,paper_pa_13,13,1,4161993885,3262253002,"[8, 71, 72, 211, 240, 250, 256, 275, 284, 302, 333, 345, 387, 392, 446, 456, 480, 492, 515, 558]","[449, 256, 268, 314, 434, 184, 421, 383, 475, 536, 301, 588, 274, 334, 591, 560, 99, 75, 67, 487]",600,20,0.62,,,,,,,0.0,1.0,0.005,,,4.9350000000000005,0.6331580493468387,1.0,0.09333333333333334,5.5,0.0018639471261077145,0.007793640217335017,0.16034482758620688,0.017241379310344827,0.0017241379310344827,0.0,2.2482758620689656,4.0,0.0,0.1,4.801724137931035,0.1434061019290327,0.7067178845810256,0.007194843168527379,4.0,0.8569118364256421,0.06206896551724138,0.29310344827586204,0.31666666666666665,0.9498104590456933,30,False,1492.0
3,paper_pa,paper_pa_13,13,2,4161993885,3136552008,"[7, 34, 90, 139, 148, 154, 178, 227, 265, 275, 294, 351, 356, 376, 389, 392, 403, 405, 527, 549]","[467, 482, 197, 464, 392, 286, 139, 279, 237, 383, 148, 126, 430, 159, 208, 334, 574, 524, 27, 538]",600,20,0.62,,,,,,,0.0,1.0,0.005,,,4.9350000000000005,0.6331580493468387,1.0,0.09333333333333334,5.05,0.0016951254076912718,0.006203092889971345,0.14482758620689656,0.017241379310344827,0.0017241379310344827,0.0,2.260344827586207,4.0,0.0,0.1396551724137931,5.613793103448276,0.13477605520354255,0.7322255970460365,0.00622104503683451,3.805263157894737,0.784690987350016,0.06896551724137931,0.9862068965517241,0.9866666666666667,0.9314036669675261,30,False,2276.0
3,paper_pa,paper_pa_13,13,3,4161993885,395235035,"[29, 34, 49, 95, 118, 124, 138, 143, 217, 242, 245, 247, 281, 317, 350, 357, 378, 427, 531, 563]","[402, 482, 366, 193, 37, 529, 419, 23, 313, 238, 308, 576, 295, 406, 29, 222, 182, 80, 311, 4]",600,20,0.62,,,,,,,0.0,1.0,0.005,,,4.9350000000000005,0.6331580493468387,1.0,0.09333333333333334,4.65,0.0015918272801064004,0.004246850672882453,0.13448275862068965,0.01896551724137931,0.0034482758620689655,0.0,2.3120689655172413,4.0,0.0,0.13620689655172413,5.479310344827586,0.12912809338211512,0.7495801322136859,0.009687096529201793,3.8210526315789473,0.8028642055401782,0.07586206896551724,0.9810344827586207,0.9816666666666667,0.9070989592000842,30,False,2276.0
3,paper_pa,paper_pa_13,13,4,4161993885,2101746233,"[10, 19, 78, 104, 123, 173, 193, 199, 250, 286, 322, 366, 373, 439, 440, 502, 536, 545, 572, 588]","[389, 410, 12, 352, 69, 378, 484, 152, 184, 155, 162, 52, 375, 6, 153, 532, 432, 1, 282, 266]",600,20,0.62,,,,,,,0.0,1.0,0.005,,,4.9350000000000005,0.6331580493468387,1.0,0.09333333333333334,5.1,0.0017547407775749646,0.004759547535100559,0.15517241379310345,0.010344827586206896,0.0,0.0,2.2655172413793103,4.0,0.0,0.09310344827586207,5.0120689655172415,0.13992341880292306,0.7148829730212614,0.003142325510746563,4.131578947368421,0.7692165151932047,0.06551724137931035,0.6620689655172414,0.6733333333333333,0.9283645830582827,30,False,1816.0
3,paper_pa,paper_pa_13,13,5,4161993885,1622400051,"[12, 19, 51, 130, 148, 152, 158, 207, 235, 270, 274, 277, 319, 350, 373, 429, 431, 479, 505, 526]","[522, 410, 302, 426, 392, 115, 460, 335, 94, 384, 287, 45, 239, 29, 375, 407, 336, 417, 428, 533]",600,20,0.62,,,,,,,0.0,1.0,0.005,,,4.9350000000000005,0.6331580493468387,1.0,0.09333333333333334,5.65,0.001890252249209496,0.006591128818084327,0.17413793103448275,0.013793103448275862,0.0,0.0,2.1258620689655174,4.0,0.0,0.15862068965517243,6.106896551724138,0.15662022641685444,0.683276755404681,0.003950695884334328,3.7526315789473683,0.8927862491209437,0.07586206896551724,0.9793103448275862,0.98,0.9319249999243766,30,False,2276.0
3,paper_pa,paper_pa_13,13,6,4161993885,3547057109,"[26, 45, 63, 146, 173, 215, 258, 264, 272, 295, 316, 323, 332, 400, 420, 458, 475, 534, 559, 579]","[341, 310, 547, 271, 378, 581, 251, 520, 566, 177, 131, 241, 386, 322, 265, 291, 63, 516, 246, 304]",600,20,0.62,,,,,,,0.0,1.0,0.005,,,4.9350000000000005,0.6331580493468387,1.0,0.09333333333333334,5.3,0.0017595211542927023,0.0055706426394716065,0.1724137931034483,0.006896551724137931,0.0,0.0,2.132758620689655,4.0,0.0,0.12586206896551724,5.720689655172414,0.15366313947901727,0.686046096122923,0.0021553884711779446,3.857894736842105,0.7625926402889632,0.06896551724137931,0.8982758620689655,0.9016666666666666,0.9821140000130981,30,False,2156.0
3,paper_pa,paper_pa_13,13,7,4161993885,2417162520,"[52, 66, 109, 113, 128, 178, 205, 237, 308, 346, 371, 385, 417, 436, 517, 522, 525, 536, 551, 560]","[339, 135, 108, 514, 60, 139, 348, 125, 473, 111, 217, 344, 219, 328, 174, 262, 292, 432, 24, 351]",600,20,0.62,,,,,,,0.0,1.0,0.005,,,4.9350000000000005,0.6331580493468387,1.0,0.09333333333333334,4.35,0.0014829735019942375,0.0033676317964426382,0.13620689655172413,0.010344827586206896,0.0,0.0,2.260344827586207,4.0,0.0,0.10517241379310345,5.01551724137931,0.12814770515772203,0.7466857244952653,0.004289891395154553,3.9842105263157896,0.860487931790646,0.08275862068965517,0.9862068965517241,0.9866666666666667,0.8895277078263462,30,False,2276.0
3,paper_pa,paper_pa_13,13,8,4161993885,3751850012,"[5, 9, 14, 116, 119, 123, 141, 144, 208, 273, 320, 394, 451, 453, 479, 500, 525, 535, 585, 598]","[319, 478, 567, 445, 472, 69, 11, 323, 143, 592, 414, 431, 276, 150, 417, 506, 292, 93, 96, 317]",600,20,0.62,,,,,,,0.0,1.0,0.005,,,4.9350000000000005,0.6331580493468387,1.0,0.09333333333333334,5.4,0.0018251995060389373,0.008794465629192828,0.15862068965517243,0.017241379310344827,0.0,0.0,2.1948275862068964,4.0,0.0,0.10689655172413794,5.310344827586207,0.13878836691605728,0.7100232267286046,0.00346921035482156,4.121052631578947,0.8941356221376192,0.06379310344827586,0.46206896551724136,0.48,0.9535792500246316,30,False,1638.0
3,paper_pa,paper_pa_13,13,9,4161993885,2020049092,"[12, 14, 67, 83, 95, 170, 202, 266, 281, 293, 368, 414, 415, 428, 454, 476, 492, 503, 585, 586]","[522, 567, 59, 84, 193, 312, 578, 124, 295, 429, 165, 285, 593, 479, 206, 154, 75, 79, 96, 116]",600,20,0.62,,,,,,,0.0,1.0,0.005,,,4.9350000000000005,0.6331580493468387,1.0,0.09333333333333334,4.85,0.0016453384686523499,0.004730317338165547,0.1413793103448276,0.01896551724137931,0.0,0.0,2.2655172413793103,4.0,0.0,0.12241379310344827,5.451724137931034,0.1351335886417087,0.737734500625335,0.005979722032353611,3.9263157894736844,0.7962403306359368,0.06206896551724138,0.9603448275862069,0.9616666666666667,0.9099427920300514,29,True,2254.0
3,paper_pa,paper_pa_13,13,10,4161993885,507085416,"[35, 46, 63, 91, 97, 99, 117, 261, 266, 282, 300, 310, 331, 351, 450, 451, 488, 569, 583, 588]","[214, 455, 547, 87, 427, 100, 579, 267, 124, 168, 234, 418, 305, 126, 132, 276, 200, 252, 25, 266]",600,20,0.62,,,,,,,0.0,1.0,0.005,,,4.9350000000000005,0.6331580493468387,1.0,0.09333333333333334,5.4,0.0017959834394102546,0.005057941951488163,0.15689655172413794,0.020689655172413793,0.0017241379310344827,0.0,2.274137931034483,5.0,0.0,0.15517241379310345,5.805172413793104,0.14723790464091027,0.711559764159371,0.006961208070259724,3.763157894736842,0.8941356221376192,0.07241379310344828,0.3086206896551724,0.33166666666666667,1.0796855841763318,30,False,1478.0
3,paper_pa,paper_pa_13,13,11,4161993885,3935221411,"[6, 32, 57, 65, 113, 142, 164, 170, 220, 241, 264, 339, 411, 419, 472, 475, 483, 537, 583, 584]","[589, 521, 353, 254, 514, 10, 471, 312, 306, 36, 520, 444, 191, 207, 552, 63, 360, 377, 25, 596]",600,20,0.62,,,,,,,0.0,1.0,0.005,,,4.9350000000000005,0.6331580493468387,1.0,0.09333333333333334,5.4,0.0017998751092436374,0.005617054040203588,0.15862068965517243,0.01206896551724138,0.0017241379310344827,0.0,2.2103448275862068,4.0,0.0,0.12758620689655173,5.498275862068965,0.14434339504198895,0.7088202012983146,0.0034950451165621445,3.889473684210526,0.6760303335830871,0.07413793103448275,0.9844827586206897,0.985,0.9906081249937415,30,False,2274.0
3,paper_pa,paper_pa_13,13,12,4161993885,1147282230,"[15, 71, 96, 112, 166, 193, 196, 228, 270, 274, 276, 329, 380, 401, 448, 457, 463, 477, 482, 534]","[220, 256, 530, 316, 122, 484, 340, 228, 384, 287, 354, 515, 380, 300, 483, 47, 590, 128, 493, 516]",600,20,0.62,,,,,,,0.0,1.0,0.005,,,4.9350000000000005,0.6331580493468387,1.0,0.09333333333333334,4.55,0.0015586125816281168,0.004491167462411226,0.1396551724137931,0.010344827586206896,0.0,0.0,2.2758620689655173,4.0,0.0,0.09482758620689655,5.039655172413793,0.12988303640526805,0.74088499791555,0.0032228298017771707,4.057894736842106,0.82988802098291,0.06379310344827586,0.9896551724137931,0.99,0.952091749990359,30,False,2276.0
3,paper_pa,paper_pa_13,13,13,4161993885,288162810,"[48, 81, 84, 87, 94, 124, 140, 266, 267, 300, 341, 346, 387, 422, 430, 479, 504, 538, 570, 575]","[230, 387, 468, 363, 371, 529, 324, 124, 76, 234, 376, 111, 274, 565, 568, 417, 556, 118, 48, 453]",600,20,0.62,,,,,,,0.0,1.0,0.005,,,4.9350000000000005,0.6331580493468387,1.0,0.09333333333333334,4.35,0.0015134997310725085,0.003327338746222401,0.13620689655172413,0.008620689655172414,0.0017241379310344827,0.0,2.303448275862069,4.0,0.0,0.08448275862068966,4.613793103448276,0.1268676444240117,0.746739324638199,0.00492519176729703,4.242105263157895,0.7461178286213632,0.07413793103448275,0.27241379310344827,0.2966666666666667,0.9550641248933971,30,False,1462.0
3,paper_pa,paper_pa_13,13,14,4161993885,3026382627,"[23, 169, 170, 171, 203, 204, 215, 247, 281, 283, 299, 359, 384, 440, 450, 533, 536, 547, 556, 576]","[544, 180, 312, 71, 551, 397, 581, 576, 295, 83, 436, 489, 405, 153, 132, 454, 432, 2, 372, 144]",600,20,0.62,,,,,,,0.0,1.0,0.005,,,4.9350000000000005,0.6331580493468387,1.0,0.09333333333333334,4.85,0.0016470983019395472,0.0037035201593895056,0.1482758620689655,0.015517241379310345,0.0,0.0,2.2896551724137932,4.0,0.0,0.09482758620689655,4.913793103448276,0.13791639920540816,0.726180692037401,0.004171033644717855,4.026315789473684,0.7948909576192612,0.0603448275862069,0.3310344827586207,0.35333333333333333,0.959973500110209,30,False,1534.0
3,paper_pa,paper_pa_13,13,15,4161993885,3476761730,"[39, 161, 170, 175, 198, 201, 213, 226, 246, 247, 258, 280, 293, 313, 323, 358, 442, 469, 515, 576]","[303, 183, 312, 555, 509, 438, 235, 30, 309, 576, 251, 185, 429, 497, 241, 117, 425, 494, 67, 144]",600,20,0.62,,,,,,,0.0,1.0,0.005,,,4.9350000000000005,0.6331580493468387,1.0,0.09333333333333334,5.1,0.0017453362396072137,0.0046141148504432305,0.1706896551724138,0.005172413793103448,0.0,0.0,2.222413793103448,4.0,0.0,0.08793103448275862,5.020689655172414,0.15163125710090472,0.6889047704127211,0.001183356117566644,4.1421052631578945,0.8941356221376192,0.07758620689655173,0.9862068965517241,0.9866666666666667,0.9237371671479195,30,False,2276.0
3,paper_pa,paper_pa_13,13,16,4161993885,1980670012,"[8, 70, 77, 114, 147, 155, 173, 182, 207, 209, 243, 249, 278, 410, 438, 470, 518, 564, 566, 598]","[449, 553, 338, 507, 103, 34, 378, 342, 335, 9, 411, 597, 456, 404, 247, 95, 136, 298, 273, 317]",600,20,0.62,,,,,,,0.0,1.0,0.005,,,4.9350000000000005,0.6331580493468387,1.0,0.09333333333333334,5.45,0.0018388202593950288,0.00817436863552181,0.16379310344827586,0.013793103448275862,0.0,0.0,2.225862068965517,4.0,0.0,0.1206896551724138,5.208620689655173,0.14573825623728853,0.700607468286582,0.005452153110047847,4.026315789473684,0.735917858352118,0.06379310344827586,0.43275862068965515,0.45166666666666666,0.9681010839994997,30,False,1656.0
3,paper_pa,paper_pa_13,13,17,4161993885,2465480198,"[27, 46, 74, 77, 87, 130, 136, 155, 174, 185, 257, 296, 322, 328, 338, 349, 356, 375, 540, 575]","[476, 455, 437, 338, 363, 426, 326, 34, 512, 5, 598, 379, 162, 318, 227, 325, 430, 519, 170, 453]",600,20,0.62,,,,,,,0.0,1.0,0.005,,,4.9350000000000005,0.6331580493468387,1.0,0.09333333333333334,4.0,0.0014010257493253906,0.003189979810149437,0.11551724137931034,0.01206896551724138,0.0,0.0,2.3086206896551724,4.0,0.0,0.09655172413793103,5.174137931034482,0.11332353307205845,0.7825799535465428,0.004991645781119465,4.0,0.806440300905182,0.05344827586206897,0.9793103448275862,0.98,0.9533780419733375,30,False,2274.0
3,paper_pa,paper_pa_13,13,18,4161993885,4257275187,"[16, 47, 110, 160, 205, 232, 241, 264, 279, 308, 337, 379, 384, 403, 476, 498, 526, 530, 558, 567]","[415, 231, 172, 270, 348, 105, 36, 520, 531, 473, 503, 137, 405, 574, 154, 539, 533, 169, 487, 511]",600,20,0.62,,,,,,,0.0,1.0,0.005,,,4.9350000000000005,0.6331580493468387,1.0,0.09333333333333334,5.05,0.0017040733055015106,0.004835902970736705,0.15172413793103448,0.01206896551724138,0.0,0.0,2.2189655172413794,4.0,0.0,0.1103448275862069,5.382758620689655,0.14061963974735947,0.7202787207432553,0.003661236424394319,3.9105263157894736,0.8489385885047251,0.06551724137931035,0.9724137931034482,0.9733333333333334,0.9246017921250314,30,False,2270.0
3,paper_pa,paper_pa_13,13,19,4161993885,3586881005,"[1, 34, 88, 116, 174, 249, 264, 270, 327, 369, 428, 439, 440, 445, 512, 520, 524, 561, 588, 599]","[595, 482, 575, 445, 512, 597, 520, 384, 113, 277, 479, 6, 153, 151, 465, 81, 346, 51, 266, 463]",600,20,0.62,,,,,,,0.0,1.0,0.005,,,4.9350000000000005,0.6331580493468387,1.0,0.09333333333333334,4.6,0.0015811312851836718,0.004792784071065652,0.1396551724137931,0.008620689655172414,0.0,0.0,2.296551724137931,4.0,0.0,0.1103448275862069,5.067241379310345,0.12840136168247013,0.7409981537728545,0.003673957621326042,3.9368421052631577,0.7359178583521179,0.0603448275862069,0.3482758620689655,0.37,1.2667960419785231,30,False,1554.0
3,paper_pa,paper_pa_13,13,20,4161993885,1767150832,"[16, 74, 76, 78, 82, 115, 133, 183, 207, 286, 302, 342, 345, 379, 382, 402, 407, 493, 514, 559]","[415, 437, 462, 12, 390, 92, 448, 22, 335, 155, 536, 57, 588, 137, 166, 62, 562, 288, 347, 246]",600,20,0.62,,,,,,,0.0,1.0,0.005,,,4.9350000000000005,0.6331580493468387,1.0,0.09333333333333334,5.1,0.0017420038717994638,0.005183854119965626,0.16034482758620688,0.01206896551724138,0.0,0.0,2.2293103448275864,4.0,0.0,0.10517241379310345,5.382758620689655,0.1469318555661065,0.7058721934369603,0.0044298245614035085,3.8421052631578947,0.9247355329453549,0.07413793103448275,0.9862068965517241,0.9866666666666667,1.2978525829967111,30,False,2276.0
3,paper_pa,paper_pa_13,13,21,4161993885,1015445440,"[34, 35, 65, 93, 100, 110, 126, 134, 156, 179, 180, 221, 279, 345, 372, 408, 410, 423, 431, 506]","[482, 214, 254, 577, 343, 172, 31, 283, 70, 192, 106, 88, 531, 588, 216, 517, 404, 369, 336, 458]",600,20,0.62,,,,,,,0.0,1.0,0.005,,,4.9350000000000005,0.6331580493468387,1.0,0.09333333333333334,5.15,0.0017111822252059631,0.004906075500571797,0.15344827586206897,0.020689655172413793,0.0,0.0,2.2293103448275864,4.0,0.0,0.13275862068965516,5.5344827586206895,0.1444807030361785,0.7173188017390268,0.006351674641148325,3.863157894736842,0.8130641758094233,0.05862068965517241,0.23448275862068965,0.26,1.1273394159507006,30,False,1472.0
3,paper_pa,paper_pa_13,13,22,4161993885,3960913410,"[19, 68, 70, 87, 182, 323, 333, 344, 345, 346, 349, 396, 421, 428, 436, 443, 466, 509, 521, 536]","[410, 580, 553, 363, 342, 241, 301, 161, 588, 111, 325, 443, 211, 479, 328, 518, 160, 205, 543, 432]",600,20,0.62,,,,,,,0.0,1.0,0.005,,,4.9350000000000005,0.6331580493468387,1.0,0.09333333333333334,5.25,0.001777338455027016,0.005156246803266722,0.15172413793103448,0.013793103448275862,0.0017241379310344827,0.0,2.2431034482758623,4.0,0.0,0.10517241379310345,5.389655172413793,0.14145208047275395,0.7202370317431958,0.008689811650337966,3.9947368421052634,0.8875117472333779,0.06724137931034482,0.4896551724137931,0.5066666666666667,0.9487532919738442,30,False,1652.0
3,paper_pa,paper_pa_13,13,23,4161993885,3761379777,"[3, 49, 70, 133, 183, 190, 194, 196, 200, 225, 230, 255, 315, 325, 383, 386, 413, 424, 551, 571]","[296, 366, 553, 448, 22, 561, 229, 340, 548, 232, 32, 176, 250, 357, 381, 412, 422, 240, 24, 243]",600,20,0.62,,,,,,,0.0,1.0,0.005,,,4.9350000000000005,0.6331580493468387,1.0,0.09333333333333334,4.3,0.0015043105147468166,0.003637758754218591,0.14310344827586208,0.005172413793103448,0.0,0.0,2.2948275862068965,4.0,0.0,0.06896551724137931,4.544827586206897,0.13055656705130264,0.7350604490500864,0.002681704260651629,4.2368421052631575,0.897711717502623,0.07413793103448275,0.9793103448275862,0.98,0.9361584160942584,30,False,2270.0
3,paper_pa,paper_pa_13,13,24,4161993885,748180934,"[22, 29, 48, 56, 109, 131, 210, 214, 238, 263, 290, 372, 380, 384, 442, 450, 454, 492, 504, 545]","[218, 402, 230, 127, 108, 451, 213, 330, 55, 585, 385, 216, 380, 405, 425, 132, 206, 75, 556, 1]",600,20,0.62,,,,,,,0.0,1.0,0.005,,,4.9350000000000005,0.6331580493468387,1.0,0.09333333333333334,4.65,0.0016009829038244384,0.003680329965496975,0.13448275862068965,0.015517241379310345,0.0,0.0,2.3137931034482757,4.0,0.0,0.1,5.136206896551724,0.12888505295538374,0.7495682210708118,0.00490170648065385,4.021052631578947,0.8285386479662347,0.06896551724137931,0.9620689655172414,0.9633333333333334,0.9387706250417978,30,False,2260.0
3,paper_pa,paper_pa_13,13,25,4161993885,2396794295,"[2, 5, 44, 73, 80, 89, 122, 162, 167, 201, 215, 239, 255, 264, 330, 357, 444, 520, 536, 541]","[236, 319, 196, 145, 461, 138, 186, 289, 14, 438, 581, 501, 176, 520, 329, 222, 21, 81, 432, 16]",600,20,0.62,,,,,,,0.0,1.0,0.005,,,4.9350000000000005,0.6331580493468387,1.0,0.09333333333333334,6.0,0.0020041058994830687,0.007652993846566843,0.16896551724137931,0.02586206896551724,0.0017241379310344827,0.0,2.179310344827586,4.0,0.0,0.15862068965517243,5.7379310344827585,0.15439221032498313,0.6920076231314395,0.006985253632514367,3.8,0.784690987350016,0.08793103448275862,0.8327586206896552,0.8383333333333334,0.9412834998220205,30,False,2036.0
3,paper_pa,paper_pa_13,13,26,4161993885,4207778221,"[9, 133, 135, 159, 209, 238, 255, 282, 300, 335, 336, 337, 407, 432, 488, 506, 514, 517, 550, 566]","[478, 448, 73, 486, 9, 55, 176, 168, 234, 249, 187, 503, 562, 28, 200, 458, 347, 174, 488, 273]",600,20,0.62,,,,,,,0.0,1.0,0.005,,,4.9350000000000005,0.6331580493468387,1.0,0.09333333333333334,6.5,0.002122017194820685,0.009827405879474133,0.19655172413793104,0.022413793103448276,0.0017241379310344827,0.0,2.1017241379310345,4.0,0.0,0.13620689655172413,5.748275862068965,0.16960432131121633,0.6484723959263892,0.00696222808411174,3.857894736842105,0.8400879912521553,0.06896551724137931,0.23275862068965517,0.25833333333333336,0.9746211669407785,30,False,1474.0
3,paper_pa,paper_pa_13,13,27,4161993885,3815488848,"[50, 151, 181, 207, 216, 230, 231, 261, 274, 299, 349, 386, 391, 412, 431, 503, 523, 528, 568, 591]","[413, 399, 209, 335, 19, 32, 356, 267, 287, 436, 325, 412, 297, 129, 336, 79, 164, 224, 345, 199]",600,20,0.62,,,,,,,0.0,1.0,0.005,,,4.9350000000000005,0.6331580493468387,1.0,0.09333333333333334,4.55,0.0015613263417969304,0.004145372673167967,0.13620689655172413,0.008620689655172414,0.0017241379310344827,0.0,2.2844827586206895,4.0,0.0,0.11206896551724138,5.143103448275862,0.12837670617635163,0.7466440354952057,0.0038180678970152655,3.9157894736842107,0.7673017501805284,0.07931034482758621,0.9793103448275862,0.98,0.9300389580894262,30,False,2276.0
3,paper_pa,paper_pa_13,13,28,4161993885,96860908,"[57, 74, 90, 99, 102, 165, 181, 272, 292, 295, 321, 339, 426, 471, 508, 515, 519, 551, 596, 598]","[353, 437, 197, 100, 440, 368, 209, 566, 477, 177, 537, 444, 188, 370, 337, 67, 49, 24, 349, 317]",600,20,0.62,,,,,,,0.0,1.0,0.005,,,4.9350000000000005,0.6331580493468387,1.0,0.09333333333333334,4.15,0.0014777168948038582,0.0038661603475253943,0.12413793103448276,0.01206896551724138,0.0,0.0,2.410344827586207,5.0,0.0,0.07413793103448275,4.4862068965517246,0.11928740406036815,0.767518313382169,0.005027151211361738,4.163157894736842,0.82988802098291,0.0603448275862069,0.5017241379310344,0.5183333333333333,0.9494661670178175,30,False,1700.0
3,paper_pa,paper_pa_13,13,29,4161993885,4078699154,"[20, 51, 59, 124, 214, 247, 278, 290, 292, 301, 352, 359, 368, 395, 407, 480, 497, 522, 544, 571]","[278, 302, 290, 529, 330, 576, 456, 385, 477, 280, 400, 489, 165, 44, 562, 99, 121, 262, 491, 243]",600,20,0.62,,,,,,,0.0,1.0,0.005,,,4.9350000000000005,0.6331580493468387,1.0,0.09333333333333334,4.95,0.0016756507088402678,0.004863713019675564,0.15862068965517243,0.01206896551724138,0.0,0.0,2.220689655172414,4.0,0.0,0.10172413793103448,5.593103448275862,0.1455448038890733,0.7087427788696326,0.004979304321409584,3.889473684210526,0.8941356221376192,0.07413793103448275,0.30344827586206896,0.32666666666666666,0.9527768748812377,30,False,1526.0
3,paper_pa,paper_pa_13,13,30,4161993885,3187162974,"[24, 71, 86, 117, 126, 145, 154, 221, 225, 338, 353, 388, 427, 432, 456, 468, 499, 500, 504, 595]","[15, 256, 320, 579, 31, 315, 286, 88, 232, 227, 147, 549, 80, 28, 560, 253, 248, 506, 556, 294]",600,20,0.62,,,,,,,0.0,1.0,0.005,,,4.9350000000000005,0.6331580493468387,1.0,0.09333333333333334,4.15,0.001446831278001022,0.003639391409377689,0.13448275862068965,0.006896551724137931,0.0017241379310344827,0.0,2.2620689655172415,4.0,0.0,0.10344827586206896,5.146551724137931,0.12470471192703518,0.74973497707105,0.004743107769423559,4.078947368421052,0.8671118066948873,0.06551724137931035,0.2775862068965517,0.3016666666666667,1.0056335001718253,30,False,1490.0
3,paper_pa,paper_pa_13,13,31,4161993885,882246317,"[9, 64, 88, 101, 105, 149, 167, 204, 223, 268, 299, 338, 365, 387, 396, 431, 457, 540, 578, 597]","[478, 221, 575, 299, 582, 190, 14, 397, 401, 260, 436, 227, 245, 274, 443, 336, 47, 170, 89, 358]",600,20,0.62,,,,,,,0.0,1.0,0.005,,,4.9350000000000005,0.6331580493468387,1.0,0.09333333333333334,5.95,0.0019458217857132982,0.00799183637568909,0.17586206896551723,0.01896551724137931,0.0,0.0,2.18448275862069,4.0,0.0,0.13793103448275862,5.774137931034483,0.15498131318155617,0.6812637722589483,0.0037165002180482055,3.8105263157894735,0.8671118066948873,0.07931034482758621,0.9793103448275862,0.98,0.9439862091094255,30,False,2274.0
3,paper_pa,paper_pa_13,13,32,4161993885,3916507527,"[53, 87, 226, 239, 249, 284, 291, 305, 344, 374, 391, 392, 434, 440, 453, 474, 484, 530, 536, 569]","[210, 363, 30, 501, 597, 475, 559, 281, 161, 513, 297, 334, 272, 153, 150, 244, 226, 169, 432, 252]",600,20,0.62,,,,,,,0.0,1.0,0.005,,,4.9350000000000005,0.6331580493468387,1.0,0.09333333333333334,4.4,0.0015338047161510943,0.0033078116343104175,0.14482758620689656,0.0034482758620689655,0.0,0.0,2.2982758620689654,4.0,0.0,0.06896551724137931,4.812068965517241,0.1321352431650378,0.7320588410457983,0.001023391812865497,4.110526315789474,0.8773117769641325,0.05344827586206897,0.49482758620689654,0.5116666666666667,0.961680541979149,30,False,1670.0
3,paper_pa,paper_pa_13,13,33,4161993885,2192217554,"[18, 106, 135, 146, 155, 161, 209, 256, 265, 306, 309, 326, 377, 421, 451, 460, 473, 486, 556, 583]","[91, 130, 73, 271, 34, 183, 9, 421, 237, 255, 133, 42, 46, 211, 276, 496, 409, 374, 372, 25]",600,20,0.62,,,,,,,0.0,1.0,0.005,,,4.9350000000000005,0.6331580493468387,1.0,0.09333333333333334,4.65,0.0015687150453663982,0.004781965552728511,0.1413793103448276,0.015517241379310345,0.0,0.0,2.2586206896551726,4.0,0.0,0.12931034482758622,5.63103448275862,0.13398793356733948,0.73780596748258,0.005607959292169819,3.805263157894737,0.7590165449239594,0.0603448275862069,0.9672413793103448,0.9683333333333334,0.9341958751901984,30,False,2250.0
3,paper_pa,paper_pa_13,13,34,4161993885,2805440223,"[15, 18, 47, 71, 99, 138, 203, 205, 320, 365, 416, 463, 466, 477, 479, 487, 493, 506, 526, 571]","[220, 91, 231, 256, 100, 419, 551, 348, 414, 245, 202, 590, 160, 128, 417, 388, 288, 458, 533, 243]",600,20,0.62,,,,,,,0.0,1.0,0.005,,,4.9350000000000005,0.6331580493468387,1.0,0.09333333333333334,4.85,0.0016443297671347925,0.0036714467522910134,0.14655172413793102,0.010344827586206896,0.0,0.0,2.212068965517241,4.0,0.0,0.1,4.958620689655173,0.13394181683619544,0.7292597224703711,0.004365079365079365,4.089473684210526,0.8436640866171592,0.06724137931034482,0.9827586206896551,0.9833333333333333,0.8987855410668999,30,False,2276.0
3,paper_pa,paper_pa_13,13,35,4161993885,2988697707,"[28, 53, 62, 66, 99, 106, 153, 162, 221, 260, 317, 393, 396, 416, 434, 483, 522, 566, 587, 596]","[119, 210, 204, 135, 100, 130, 120, 289, 88, 43, 406, 393, 443, 202, 272, 360, 262, 273, 570, 349]",600,20,0.62,,,,,,,0.0,1.0,0.005,,,4.9350000000000005,0.6331580493468387,1.0,0.09333333333333334,5.0,0.0016886040263444171,0.0033370020013899658,0.14655172413793102,0.01896551724137931,0.0,0.0,2.293103448275862,4.0,0.0,0.12413793103448276,5.468965517241379,0.13768029634964316,0.7291227443273182,0.006903053087263612,3.836842105263158,0.9583832232923284,0.07413793103448275,0.9758620689655172,0.9766666666666667,0.9085262911394238,30,False,2274.0
3,paper_pa,paper_pa_13,13,36,4161993885,1319006769,"[20, 23, 58, 59, 106, 165, 177, 182, 187, 221, 262, 293, 324, 346, 363, 392, 424, 426, 460, 549]","[278, 544, 50, 290, 130, 368, 215, 342, 109, 88, 146, 429, 584, 111, 307, 334, 240, 188, 496, 538]",600,20,0.62,,,,,,,0.0,1.0,0.005,,,4.9350000000000005,0.6331580493468387,1.0,0.09333333333333334,5.5,0.0018479611615864117,0.005812259443034265,0.16206896551724137,0.01896551724137931,0.0017241379310344827,0.0,2.220689655172414,4.0,0.0,0.1103448275862069,5.25,0.14771962811603845,0.7031981418617116,0.0067651887156531115,3.8210526315789473,0.6743690032307598,0.07758620689655173,0.9775862068965517,0.9783333333333334,0.9192597919609398,30,False,2276.0
3,paper_pa,paper_pa_13,13,37,4161993885,1909010805,"[40, 102, 153, 156, 192, 204, 226, 276, 301, 306, 313, 323, 350, 351, 355, 368, 491, 533, 540, 581]","[112, 440, 120, 70, 452, 397, 30, 354, 280, 255, 497, 241, 29, 126, 332, 165, 481, 454, 170, 500]",600,20,0.62,,,,,,,0.0,1.0,0.005,,,4.9350000000000005,0.6331580493468387,1.0,0.09333333333333334,5.1,0.001726518606449427,0.004634587513842631,0.16206896551724137,0.010344827586206896,0.0,0.0,2.2672413793103448,4.0,0.0,0.1,5.305172413793104,0.14863628217177807,0.7029182300041689,0.003350231639705324,3.942105263157895,0.9043355924068645,0.06551724137931035,0.45689655172413796,0.475,0.9730352079495788,30,False,1638.0
3,paper_pa,paper_pa_13,13,38,4161993885,3445310719,"[4, 5, 60, 82, 89, 97, 103, 108, 111, 174, 313, 348, 357, 364, 373, 429, 508, 528, 537, 551]","[203, 319, 528, 390, 138, 427, 333, 142, 194, 512, 497, 66, 222, 257, 375, 407, 337, 224, 377, 24]",600,20,0.62,,,,,,,0.0,1.0,0.005,,,4.9350000000000005,0.6331580493468387,1.0,0.09333333333333334,6.55,0.002144408060191761,0.01111712104687362,0.18448275862068966,0.022413793103448276,0.0017241379310344827,0.0,2.127586206896552,4.0,0.0,0.16896551724137931,6.11551724137931,0.16361534969526034,0.6668989339527127,0.004377455686772971,3.8263157894736843,0.8219147730619931,0.08793103448275862,0.9879310344827587,0.9883333333333333,0.8897304581478238,30,False,2276.0
3,paper_pa,paper_pa_13,13,39,4161993885,4056669702,"[25, 173, 195, 215, 227, 243, 276, 324, 345, 361, 365, 366, 369, 435, 469, 492, 532, 541, 556, 579]","[65, 378, 72, 581, 279, 411, 354, 584, 588, 134, 245, 52, 277, 504, 494, 75, 408, 16, 372, 304]",600,20,0.62,,,,,,,0.0,1.0,0.005,,,4.9350000000000005,0.6331580493468387,1.0,0.09333333333333334,4.65,0.0015790325866486105,0.0034410618414999665,0.14655172413793102,0.010344827586206896,0.0,0.0,2.217241379310345,5.0,0.0,0.12241379310344827,5.551724137931035,0.13578036807976585,0.7290631886129474,0.003828189354505144,3.957894736842105,0.7488165746547142,0.05,0.7327586206896551,0.7416666666666667,0.9477579579688609,30,False,1874.0
3,paper_pa,paper_pa_13,13,40,4161993885,4172905727,"[12, 33, 41, 65, 69, 70, 156, 173, 190, 226, 282, 306, 332, 391, 405, 406, 417, 494, 523, 531]","[522, 583, 403, 254, 178, 553, 70, 378, 561, 30, 168, 255, 386, 297, 524, 331, 219, 38, 164, 311]",600,20,0.62,,,,,,,0.0,1.0,0.005,,,4.9350000000000005,0.6331580493468387,1.0,0.09333333333333334,4.85,0.0016536485549835602,0.004239299098317533,0.15,0.01206896551724138,0.0017241379310344827,0.0,2.31551724137931,5.0,0.0,0.09310344827586207,4.951724137931034,0.1375454754457225,0.7232981954618546,0.005871117186906661,4.026315789473684,0.8130641758094235,0.07586206896551724,0.9844827586206897,0.985,0.9610259169712663,30,False,2268.0
3,paper_pa,paper_pa_13,13,41,4161993885,1594715669,"[10, 51, 61, 64, 65, 116, 152, 204, 222, 266, 374, 398, 423, 425, 520, 530, 550, 561, 590, 592]","[389, 302, 284, 221, 254, 445, 115, 397, 474, 124, 513, 104, 369, 365, 81, 169, 488, 51, 485, 587]",600,20,0.62,,,,,,,0.0,1.0,0.005,,,4.9350000000000005,0.6331580493468387,1.0,0.09333333333333334,5.2,0.0017473716040757078,0.004662514461982643,0.16206896551724137,0.01206896551724138,0.0017241379310344827,0.0,2.212068965517241,4.0,0.0,0.12931034482758622,5.862068965517241,0.1459462775223407,0.7033112977190161,0.005194916882223384,3.731578947368421,0.8117148027927479,0.05862068965517241,0.24482758620689654,0.27,0.9556188331916928,30,False,1456.0
3,paper_pa,paper_pa_13,13,42,4161993885,1222060561,"[0, 8, 25, 81, 191, 199, 221, 307, 332, 365, 367, 391, 407, 423, 429, 449, 482, 504, 558, 571]","[53, 449, 65, 387, 534, 152, 88, 259, 386, 245, 68, 297, 562, 369, 407, 58, 493, 556, 487, 243]",600,20,0.62,,,,,,,0.0,1.0,0.005,,,4.9350000000000005,0.6331580493468387,1.0,0.09333333333333334,5.95,0.0019656458228428527,0.008968594078510871,0.16206896551724137,0.02413793103448276,0.0017241379310344827,0.0,2.217241379310345,4.0,0.0,0.14310344827586208,5.5137931034482754,0.14958559739373511,0.7033232088618903,0.00727124921861764,3.794736842105263,0.7488165746547141,0.05172413793103448,0.28448275862068967,0.30833333333333335,0.9559612500015646,30,False,1470.0
3,paper_pa,paper_pa_13,13,43,4161993885,3749456762,"[26, 44, 58, 171, 178, 218, 285, 303, 311, 315, 322, 330, 351, 353, 456, 485, 551, 574, 587, 593]","[341, 196, 50, 71, 139, 3, 107, 17, 173, 250, 162, 329, 126, 147, 560, 195, 24, 114, 570, 321]",600,20,0.62,,,,,,,0.0,1.0,0.005,,,4.9350000000000005,0.6331580493468387,1.0,0.09333333333333334,4.85,0.00163143330192883,0.004867022991142413,0.15172413793103448,0.01206896551724138,0.0,0.0,2.2241379310344827,4.0,0.0,0.1206896551724138,5.6482758620689655,0.1415737755545408,0.7202191650288845,0.002992424242424242,3.9,0.7860403603666914,0.07241379310344828,0.9844827586206897,0.985,0.8953488748520613,30,False,2276.0
3,paper_pa,paper_pa_13,13,44,4161993885,1411908665,"[1, 115, 121, 176, 239, 269, 297, 337, 419, 438, 445, 448, 465, 491, 501, 507, 521, 526, 532, 591]","[595, 92, 447, 535, 501, 367, 41, 503, 207, 247, 151, 483, 364, 481, 391, 558, 543, 533, 408, 199]",600,20,0.62,,,,,,,0.0,1.0,0.005,,,4.9350000000000005,0.6331580493468387,1.0,0.09333333333333334,5.4,0.0018422066700997826,0.005278447977536358,0.18275862068965518,0.0034482758620689655,0.0,0.0,2.127586206896552,4.0,0.0,0.09137931034482759,5.067241379310345,0.15857019616380955,0.6693645405276636,0.0007557354925775977,4.110526315789474,0.9043355924068645,0.06206896551724138,0.35517241379310344,0.37666666666666665,0.9457745410036296,30,False,1568.0
3,paper_pa,paper_pa_13,13,45,4161993885,2211116162,"[65, 77, 114, 190, 212, 227, 231, 263, 294, 341, 375, 399, 407, 413, 427, 434, 457, 506, 560, 575]","[254, 338, 507, 561, 181, 279, 356, 585, 148, 376, 519, 171, 562, 422, 80, 272, 47, 458, 351, 453]",600,20,0.62,,,,,,,0.0,1.0,0.005,,,4.9350000000000005,0.6331580493468387,1.0,0.09333333333333334,4.0,0.001410836482441772,0.0025780350963439435,0.12758620689655173,0.005172413793103448,0.0017241379310344827,0.0,2.3448275862068964,4.0,0.0,0.08620689655172414,4.536206896551724,0.12032136818017698,0.7615806086594009,0.003394091288828131,4.157894736842105,0.8502879615214007,0.0603448275862069,0.4017241379310345,0.4216666666666667,0.9517162500414997,30,False,1564.0
3,paper_pa,paper_pa_13,13,46,4161993885,858877687,"[6, 20, 30, 47, 106, 110, 136, 180, 217, 255, 265, 267, 290, 323, 329, 402, 484, 488, 514, 541]","[589, 278, 90, 231, 130, 172, 326, 106, 313, 176, 237, 76, 385, 241, 515, 62, 226, 200, 347, 16]",600,20,0.62,,,,,,,0.0,1.0,0.005,,,4.9350000000000005,0.6331580493468387,1.0,0.09333333333333334,5.95,0.0019713200063557154,0.006897412388190642,0.17758620689655172,0.013793103448275862,0.0,0.0,2.1206896551724137,4.0,0.0,0.1396551724137931,5.832758620689655,0.1583640325937858,0.6777023405395748,0.0036757248599353864,3.8,0.8502879615214005,0.07586206896551724,0.996551724137931,0.9966666666666667,0.9022902077995241,30,False,2276.0
3,paper_pa,paper_pa_13,13,47,4161993885,2491377442,"[63, 65, 79, 98, 151, 178, 183, 190, 204, 212, 227, 245, 263, 279, 328, 336, 402, 412, 501, 573]","[547, 254, 594, 269, 399, 139, 22, 561, 397, 181, 279, 308, 585, 531, 318, 187, 62, 129, 391, 470]",600,20,0.62,,,,,,,0.0,1.0,0.005,,,4.9350000000000005,0.6331580493468387,1.0,0.09333333333333334,5.55,0.0018539178698746372,0.004892457316186612,0.16896551724137931,0.01896551724137931,0.0,0.0,2.1982758620689653,4.0,0.0,0.12586206896551724,5.760344827586207,0.15585477110033208,0.6915013995592877,0.005202458360353097,3.789473684210526,0.7576671719072839,0.06896551724137931,0.9793103448275862,0.98,0.9301662079524249,30,False,2270.0
3,paper_pa,paper_pa_13,13,48,4161993885,533388050,"[38, 51, 179, 191, 272, 289, 308, 335, 350, 358, 392, 409, 418, 428, 436, 449, 494, 537, 576, 594]","[179, 302, 192, 534, 566, 525, 473, 249, 29, 117, 334, 572, 373, 479, 328, 58, 38, 377, 144, 123]",600,20,0.62,,,,,,,0.0,1.0,0.005,,,4.9350000000000005,0.6331580493468387,1.0,0.09333333333333334,5.05,0.0016719450785243474,0.005159256030964362,0.15517241379310345,0.017241379310344827,0.0017241379310344827,0.0,2.2327586206896552,5.0,0.0,0.1206896551724138,5.525862068965517,0.1445618964884282,0.7144601274492287,0.005723189778917334,3.9473684210526314,0.8285386479662347,0.06379310344827586,0.9758620689655172,0.9766666666666667,0.892822332913056,30,False,2270.0
3,paper_pa,paper_pa_13,13,49,4161993885,3093136215,"[12, 51, 53, 92, 93, 127, 157, 167, 195, 225, 285, 324, 357, 365, 390, 481, 489, 511, 546, 558]","[522, 302, 210, 446, 577, 442, 33, 14, 72, 232, 107, 584, 222, 245, 263, 327, 492, 586, 77, 487]",600,20,0.62,,,,,,,0.0,1.0,0.005,,,4.9350000000000005,0.6331580493468387,1.0,0.09333333333333334,5.7,0.0018857621575285844,0.0035980161063047292,0.17586206896551723,0.015517241379310345,0.0017241379310344827,0.0,2.2017241379310346,5.0,0.0,0.1310344827586207,5.658620689655172,0.15903391332765926,0.6803108808290156,0.004352199582236919,3.8842105263157896,0.8387386182354799,0.05862068965517241,0.4396551724137931,0.4583333333333333,0.9371385001577437,30,False,1630.0
3,paper_pa,paper_pa_14,14,0,538998984,1155766548,"[26, 54, 55, 82, 118, 133, 210, 236, 239, 254, 271, 302, 360, 368, 402, 427, 487, 518, 526, 566]","[136, 525, 561, 225, 284, 312, 16, 548, 302, 599, 85, 463, 111, 169, 253, 424, 19, 292, 480, 164]",600,20,0.62,,,,,,,0.0,1.0,0.005,,,4.965,0.9154751853164688,1.0,0.09666666666666666,4.75,0.0016120262783378206,0.0029195792072513656,0.15,0.010344827586206896,0.0,0.0,2.182758620689655,4.0,0.0,0.09655172413793103,6.6706896551724135,0.13871118472406793,0.7232326841760467,0.0034137426900584795,3.8526315789473684,0.7820728098253055,0.06379310344827586,0.95,0.9516666666666667,0.9635327090509236,30,False,2308.0
3,paper_pa,paper_pa_14,14,1,538998984,1575638995,"[28, 72, 73, 86, 100, 113, 127, 129, 225, 243, 275, 307, 371, 380, 398, 436, 473, 481, 491, 558]","[351, 367, 219, 29, 151, 299, 62, 489, 368, 334, 205, 20, 362, 10, 155, 524, 352, 108, 122, 294]",600,20,0.62,,,,,,,0.0,1.0,0.005,,,4.965,0.9154751853164688,1.0,0.09666666666666666,5.25,0.0017635468038391289,0.004659138568015664,0.15344827586206897,0.017241379310344827,0.0,0.0,2.1120689655172415,4.0,0.0,0.16379310344827586,7.201724137931034,0.1427461320198857,0.7173664463105235,0.005382074066284594,3.9,0.8603112917244659,0.06724137931034482,0.9534482758620689,0.955,0.9220838330220431,30,False,2310.0
3,paper_pa,paper_pa_14,14,2,538998984,997558630,"[48, 49, 73, 74, 119, 137, 176, 257, 291, 299, 306, 347, 363, 375, 399, 466, 527, 566, 577, 578]","[544, 485, 219, 564, 387, 373, 497, 444, 279, 569, 443, 280, 21, 257, 259, 322, 549, 164, 560, 408]",600,20,0.62,,,,,,,0.0,1.0,0.005,,,4.965,0.9154751853164688,1.0,0.09666666666666666,4.7,0.0015682259533487345,0.0025291336864447763,0.13793103448275862,0.01206896551724138,0.0034482758620689655,0.0,2.206896551724138,5.0,0.0,0.22241379310344828,8.091379310344827,0.12913598218030395,0.7437615389196593,0.00933766525871789,3.6052631578947367,0.8552271663462093,0.05,0.6431034482758621,0.655,0.9637883750256151,30,False,1856.0
3,paper_pa,paper_pa_14,14,3,538998984,3475331601,"[35, 48, 71, 128, 135, 154, 189, 250, 266, 272, 286, 311, 378, 458, 499, 507, 534, 559, 561, 567]","[468, 544, 501, 406, 51, 206, 425, 3, 516, 98, 492, 260, 542, 268, 7, 277, 150, 278, 64, 241]",600,20,0.62,,,,,,,0.0,1.0,0.005,,,4.965,0.9154751853164688,1.0,0.09666666666666666,4.0,0.0013773813093503136,0.0030305330367749192,0.13275862068965516,0.005172413793103448,0.0,0.0,2.220689655172414,4.0,0.0,0.07586206896551724,6.067241379310345,0.12387889836333678,0.752659162646656,0.0019404572036150983,4.052631578947368,0.8936499880857575,0.06551724137931035,0.9534482758620689,0.955,0.9153485829010606,30,False,2312.0
3,paper_pa,paper_pa_14,14,4,538998984,3245741928,"[10, 20, 23, 43, 66, 73, 87, 162, 168, 199, 214, 237, 319, 327, 383, 391, 484, 498, 520, 575]","[89, 211, 112, 80, 167, 219, 50, 563, 181, 84, 404, 347, 570, 304, 137, 247, 360, 238, 528, 218]",600,20,0.62,,,,,,,0.0,1.0,0.005,,,4.965,0.9154751853164688,1.0,0.09666666666666666,5.2,0.0017577602783707344,0.006340972154550262,0.16034482758620688,0.013793103448275862,0.0017241379310344827,0.0,2.146551724137931,4.0,0.0,0.21724137931034482,8.181034482758621,0.14532454107531964,0.7060210827228872,0.008745275192643613,3.668421052631579,0.8566200047662734,0.06206896551724138,0.9568965517241379,0.9583333333333334,0.8834301249589771,29,True,2310.0
3,paper_pa,paper_pa_14,14,5,538998984,1394031096,"[24, 77, 106, 154, 166, 168, 196, 257, 286, 367, 382, 389, 416, 424, 485, 491, 510, 530, 572, 588]","[27, 221, 432, 206, 456, 181, 76, 444, 492, 56, 345, 339, 330, 445, 390, 122, 318, 274, 245, 452]",600,20,0.62,,,,,,,0.0,1.0,0.005,,,4.965,0.9154751853164688,1.0,0.09666666666666666,4.55,0.001532079797253743,0.0032680921624973214,0.14655172413793102,0.006896551724137931,0.0,0.0,2.1862068965517243,4.0,0.0,0.12586206896551724,6.939655172413793,0.13475039329130897,0.7290572330415104,0.002905369484316853,3.778947368421053,0.8552271663462093,0.05517241379310345,0.9431034482758621,0.945,0.9133122081402689,29,True,2308.0
3,paper_pa,paper_pa_14,14,6,538998984,2532052648,"[12, 17, 52, 117, 123, 131, 135, 147, 180, 247, 272, 289, 298, 379, 381, 389, 403, 460, 581, 599]","[451, 594, 309, 393, 382, 68, 51, 568, 308, 113, 98, 202, 537, 555, 326, 339, 484, 28, 369, 192]",600,20,0.62,,,,,,,0.0,1.0,0.005,,,4.965,0.9154751853164688,1.0,0.09666666666666666,7.0,0.0022514399346887973,0.009444043920227475,0.21379310344827587,0.01896551724137931,0.0017241379310344827,0.0,1.9982758620689656,4.0,0.0,0.23103448275862068,7.8517241379310345,0.17981340785888142,0.6212077898874397,0.004377154205529492,3.6473684210526316,0.8378613989555315,0.08275862068965517,0.9568965517241379,0.9583333333333334,0.6789294590707868,22,True,2312.0
3,paper_pa,paper_pa_14,14,7,538998984,3368113230,"[2, 13, 56, 61, 83, 139, 156, 158, 227, 268, 271, 283, 324, 415, 432, 493, 521, 525, 582, 596]","[385, 596, 593, 507, 398, 141, 138, 392, 193, 479, 85, 478, 591, 236, 366, 436, 66, 340, 125, 538]",600,20,0.62,,,,,,,0.0,1.0,0.005,,,4.965,0.9154751853164688,1.0,0.09666666666666666,5.2,0.0017576142604196847,0.004330339334006368,0.16034482758620688,0.01206896551724138,0.0,0.0,2.168965517241379,5.0,0.0,0.1706896551724138,7.508620689655173,0.14506458846244658,0.7059853492942648,0.00595655806182122,3.642105263157895,0.8287257102011606,0.06379310344827586,0.9517241379310345,0.9533333333333334,0.9426285000517964,30,False,2304.0
3,paper_pa,paper_pa_14,14,8,538998984,2551472368,"[18, 36, 44, 50, 104, 111, 139, 164, 189, 201, 248, 300, 418, 429, 443, 455, 460, 510, 527, 599]","[506, 74, 409, 371, 121, 184, 141, 428, 425, 394, 434, 476, 270, 471, 94, 511, 28, 318, 549, 192]",600,20,0.62,,,,,,,0.0,1.0,0.005,,,4.965,0.9154751853164688,1.0,0.09666666666666666,4.15,0.001425186687400827,0.002763475362250211,0.11724137931034483,0.013793103448275862,0.0034482758620689655,0.0,2.317241379310345,4.0,0.0,0.23793103448275862,7.182758620689655,0.11528995900562426,0.7795366565421952,0.008838953444216601,3.8105263157894735,0.8776770591151436,0.056896551724137934,0.5344827586206896,0.55,0.9776525418274105,30,False,1734.0
3,paper_pa,paper_pa_14,14,9,538998984,2608757510,"[3, 89, 163, 180, 195, 247, 256, 271, 277, 319, 342, 354, 361, 367, 374, 382, 435, 452, 546, 584]","[437, 361, 100, 308, 588, 113, 592, 85, 584, 570, 183, 374, 116, 56, 130, 345, 529, 466, 450, 178]",600,20,0.62,,,,,,,0.0,1.0,0.005,,,4.965,0.9154751853164688,1.0,0.09666666666666666,4.5,0.0015495149128482593,0.005453194035670124,0.1396551724137931,0.006896551724137931,0.0017241379310344827,0.0,2.2568965517241377,4.0,0.0,0.22241379310344828,7.472413793103448,0.13000606031760234,0.7407897087725567,0.004256664388243336,3.6578947368421053,0.8566200047662734,0.0603448275862069,0.9603448275862069,0.9616666666666667,0.5996952920686454,19,True,2310.0
3,paper_pa,paper_pa_14,14,10,538998984,1635799317,"[13, 52, 76, 90, 125, 134, 173, 177, 188, 284, 298, 318, 326, 343, 448, 474, 528, 550, 562, 572]","[596, 309, 271, 403, 574, 493, 518, 215, 446, 470, 537, 498, 131, 461, 22, 57, 363, 475, 419, 245]",600,20,0.62,,,,,,,0.0,1.0,0.005,,,4.965,0.9154751853164688,1.0,0.09666666666666666,5.6,0.0018602595486514005,0.004999929775250641,0.16896551724137931,0.01206896551724138,0.0034482758620689655,0.0,2.1293103448275863,4.0,0.0,0.20862068965517241,8.86896551724138,0.15166549855614972,0.691745577988208,0.010216463962593994,3.431578947368421,0.8392542373755957,0.06379310344827586,0.4724137931034483,0.49,0.9715210411231965,30,False,1710.0
3,paper_pa,paper_pa_14,14,11,538998984,431698157,"[22, 53, 141, 145, 185, 200, 207, 244, 357, 364, 375, 415, 445, 473, 475, 496, 520, 542, 566, 570]","[105, 177, 53, 515, 209, 496, 92, 243, 24, 285, 257, 236, 156, 352, 422, 4, 528, 107, 164, 93]",600,20,0.62,,,,,,,0.0,1.0,0.005,,,4.965,0.9154751853164688,1.0,0.09666666666666666,5.35,0.0017934648815271146,0.004097918250531251,0.16379310344827586,0.010344827586206896,0.0034482758620689655,0.0,2.168965517241379,4.0,0.0,0.19827586206896552,7.432758620689655,0.14838999963890706,0.7002322672860462,0.004777970567444252,3.642105263157895,0.815051229768675,0.07586206896551724,0.9620689655172414,0.9633333333333334,0.9650433340575546,30,False,2310.0
3,paper_pa,paper_pa_14,14,12,538998984,3852166534,"[15, 28, 36, 66, 92, 157, 225, 230, 244, 251, 268, 322, 330, 332, 363, 425, 439, 441, 467, 543]","[578, 351, 74, 167, 336, 172, 368, 282, 243, 459, 479, 159, 317, 226, 21, 551, 579, 34, 237, 160]",600,20,0.62,,,,,,,0.0,1.0,0.005,,,4.965,0.9154751853164688,1.0,0.09666666666666666,5.6,0.0018390307698563286,0.006204635549520432,0.16206896551724137,0.020689655172413793,0.0034482758620689655,0.0,2.189655172413793,4.0,0.0,0.2775862068965517,8.463793103448277,0.1481018221766064,0.7034363647191948,0.010503745174225724,3.4789473684210526,0.8671485319407087,0.04655172413793104,0.9517241379310345,0.9533333333333334,0.9495173748582602,30,False,2304.0
3,paper_pa,paper_pa_14,14,13,538998984,4049804826,"[6, 53, 145, 164, 171, 208, 209, 252, 264, 268, 274, 302, 322, 349, 376, 404, 427, 460, 594, 598]","[204, 177, 515, 428, 119, 9, 562, 114, 117, 479, 421, 463, 159, 420, 430, 391, 424, 28, 481, 401]",600,20,0.62,,,,,,,0.0,1.0,0.005,,,4.965,0.9154751853164688,1.0,0.09666666666666666,4.7,0.0015922970422126374,0.003170296785574044,0.1413793103448276,0.015517241379310345,0.0017241379310344827,0.0,2.2448275862068967,4.0,0.0,0.23103448275862068,7.341379310344828,0.1341109574796738,0.73780596748258,0.00641154167469957,3.6894736842105265,0.8446986391717742,0.056896551724137934,0.9706896551724138,0.9716666666666667,0.9372981248889118,30,False,2312.0
3,paper_pa,paper_pa_14,14,14,538998984,3746737936,"[13, 71, 88, 204, 223, 236, 254, 268, 296, 300, 360, 366, 436, 456, 493, 538, 550, 568, 585, 588]","[596, 501, 87, 17, 5, 548, 599, 479, 72, 476, 111, 255, 524, 547, 436, 587, 475, 199, 71, 452]",600,20,0.62,,,,,,,0.0,1.0,0.005,,,4.965,0.9154751853164688,1.0,0.09666666666666666,5.05,0.0016832282234599811,0.003444346808302715,0.15344827586206897,0.008620689655172414,0.0017241379310344827,0.0,2.1379310344827585,4.0,0.0,0.24310344827586206,7.8982758620689655,0.13957619593275739,0.7174915133107022,0.004377800562011088,3.636842105263158,0.7820728098253055,0.05517241379310345,0.946551724137931,0.9483333333333334,0.9318059999495745,30,True,2306.0
3,paper_pa,paper_pa_14,14,15,538998984,127015320,"[10, 66, 73, 141, 156, 207, 213, 253, 293, 304, 310, 312, 332, 369, 441, 467, 468, 509, 533, 595]","[89, 167, 219, 53, 138, 92, 332, 188, 265, 250, 174, 426, 226, 244, 34, 237, 379, 148, 256, 567]",600,20,0.62,,,,,,,0.0,1.0,0.005,,,4.965,0.9154751853164688,1.0,0.09666666666666666,4.4,0.0015310366031051589,0.003848117029851418,0.12586206896551724,0.017241379310344827,0.0017241379310344827,0.0,2.277586206896552,4.0,0.0,0.20862068965517241,6.758620689655173,0.12109969001301554,0.7645464832350664,0.008709010287957656,3.8157894736842106,0.8392542373755957,0.0603448275862069,0.95,0.9516666666666667,0.7897338329348713,25,True,2306.0
3,paper_pa,paper_pa_14,14,16,538998984,230797205,"[14, 63, 98, 141, 189, 231, 255, 297, 326, 361, 414, 426, 437, 438, 441, 465, 528, 554, 556, 596]","[106, 12, 464, 53, 425, 550, 203, 527, 131, 116, 39, 598, 427, 52, 34, 414, 363, 190, 541, 538]",600,20,0.62,,,,,,,0.0,1.0,0.005,,,4.965,0.9154751853164688,1.0,0.09666666666666666,5.8,0.0019198080592588104,0.007378778575647937,0.16206896551724137,0.020689655172413793,0.005172413793103448,0.0,2.1448275862068966,4.0,0.0,0.2775862068965517,8.158620689655173,0.15036613621815964,0.7029777857185397,0.01147998930893668,3.4789473684210526,0.9160998808546916,0.07586206896551724,0.9655172413793104,0.9666666666666667,0.7508733340073377,24,True,2312.0
3,paper_pa,paper_pa_14,14,17,538998984,3829944692,"[44, 54, 87, 174, 184, 190, 247, 310, 328, 351, 369, 395, 438, 446, 472, 473, 483, 551, 556, 565]","[409, 525, 50, 306, 235, 234, 113, 174, 377, 75, 244, 11, 52, 23, 396, 352, 54, 407, 541, 517]",600,20,0.62,,,,,,,0.0,1.0,0.005,,,4.965,0.9154751853164688,1.0,0.09666666666666666,4.6,0.0015575058082726051,0.0028185619464483037,0.1310344827586207,0.013793103448275862,0.0017241379310344827,0.0,2.2706896551724136,4.0,0.0,0.20344827586206896,7.389655172413793,0.12534466972567485,0.7555357036507653,0.00812643496854023,3.721052631578947,0.8950428265058215,0.06206896551724138,0.6655172413793103,0.6766666666666666,0.9702245420776308,30,False,1864.0
3,paper_pa,paper_pa_14,14,18,538998984,2140561146,"[41, 49, 50, 55, 92, 188, 195, 229, 301, 341, 402, 435, 504, 511, 546, 550, 567, 590, 592, 596]","[462, 485, 371, 561, 336, 446, 588, 147, 417, 536, 253, 529, 40, 86, 450, 475, 241, 168, 195, 538]",600,20,0.62,,,,,,,0.0,1.0,0.005,,,4.965,0.9154751853164688,1.0,0.09666666666666666,4.85,0.0016407035156659577,0.003521211347721156,0.14482758620689656,0.017241379310344827,0.0017241379310344827,0.0,2.206896551724138,4.0,0.0,0.2293103448275862,7.441379310344828,0.13567463173059555,0.7319873741885534,0.007559925454662297,3.7,0.8273328717810964,0.0706896551724138,0.9603448275862069,0.9616666666666667,0.9807807919569314,30,False,2312.0
3,paper_pa,paper_pa_14,14,19,538998984,2700723722,"[14, 35, 69, 75, 91, 101, 168, 182, 202, 252, 257, 293, 305, 313, 341, 350, 379, 439, 507, 548]","[106, 468, 55, 95, 585, 120, 181, 127, 6, 114, 444, 265, 359, 43, 536, 176, 555, 579, 277, 559]",600,20,0.62,,,,,,,0.0,1.0,0.005,,,4.965,0.9154751853164688,1.0,0.09666666666666666,4.2,0.0014430283521123944,0.0032693370508067943,0.12758620689655173,0.01206896551724138,0.0017241379310344827,0.0,2.18448275862069,4.0,0.0,0.17413793103448275,6.7362068965517246,0.1211065929699285,0.7616342088023346,0.006493506493506493,3.9157894736842107,0.8552271663462093,0.056896551724137934,0.9448275862068966,0.9466666666666667,0.991687832865864,30,False,2310.0
3,paper_pa,paper_pa_14,14,20,538998984,2522274390,"[8, 25, 67, 87, 155, 181, 204, 213, 259, 301, 313, 315, 319, 320, 324, 336, 413, 417, 466, 514]","[573, 580, 41, 50, 575, 1, 17, 332, 134, 417, 43, 375, 570, 402, 591, 208, 372, 533, 322, 523]",600,20,0.62,,,,,,,0.0,1.0,0.005,,,4.965,0.9154751853164688,1.0,0.09666666666666666,5.15,0.0017111837737523628,0.0034732729197490715,0.1396551724137931,0.015517241379310345,0.0017241379310344827,0.0,2.1775862068965517,4.0,0.0,0.22413793103448276,7.358620689655172,0.1298528982802483,0.7410636650586624,0.006294134458954404,3.542105263157895,0.6978063219784865,0.06379310344827586,0.9482758620689655,0.95,1.0515737920068204,30,False,2298.0
3,paper_pa,paper_pa_14,14,21,538998984,1048459515,"[17, 26, 49, 116, 121, 132, 140, 146, 152, 231, 294, 303, 305, 315, 334, 368, 389, 533, 536, 594]","[594, 136, 485, 300, 38, 58, 418, 297, 597, 550, 118, 416, 359, 375, 258, 169, 339, 256, 179, 481]",600,20,0.62,,,,,,,0.0,1.0,0.005,,,4.965,0.9154751853164688,1.0,0.09666666666666666,5.6,0.0018625032535623631,0.004819650799949096,0.16551724137931034,0.013793103448275862,0.0,0.0,2.1482758620689655,4.0,0.0,0.1810344827586207,7.582758620689655,0.14942969383441987,0.6975820379965457,0.004578111946532999,3.6578947368421053,0.8218884699849178,0.05862068965517241,0.9689655172413794,0.97,1.0132472079712898,30,True,2308.0
3,paper_pa,paper_pa_14,14,22,538998984,604346743,"[3, 36, 74, 109, 128, 208, 253, 255, 271, 272, 303, 324, 337, 392, 444, 519, 522, 528, 546, 589]","[437, 74, 564, 63, 406, 9, 188, 203, 85, 98, 416, 591, 296, 262, 472, 273, 298, 363, 450, 30]",600,20,0.62,,,,,,,0.0,1.0,0.005,,,4.965,0.9154751853164688,1.0,0.09666666666666666,4.95,0.0016629719433962434,0.004655943265250076,0.15689655172413794,0.01206896551724138,0.0017241379310344827,0.0,2.1758620689655173,4.0,0.0,0.2206896551724138,7.410344827586207,0.1440844999984971,0.7116788755881127,0.004299691536533643,3.794736842105263,0.8708398188989009,0.04482758620689655,0.9655172413793104,0.9666666666666667,0.9957844999153167,30,False,2310.0
3,paper_pa,paper_pa_14,14,23,538998984,1391868604,"[14, 19, 50, 66, 96, 136, 152, 226, 335, 345, 349, 355, 408, 438, 503, 510, 523, 526, 574, 588]","[106, 554, 371, 167, 565, 78, 597, 431, 310, 343, 420, 25, 383, 52, 149, 318, 240, 480, 502, 452]",600,20,0.62,,,,,,,0.0,1.0,0.005,,,4.965,0.9154751853164688,1.0,0.09666666666666666,4.4,0.001504739910127615,0.004106486805206863,0.1310344827586207,0.008620689655172414,0.0017241379310344827,0.0,2.1775862068965517,4.0,0.0,0.23620689655172414,7.775862068965517,0.12109583334247266,0.7558334822226193,0.005816624895572264,3.6578947368421053,0.8392542373755957,0.05344827586206897,0.7034482758620689,0.7133333333333334,1.0224884590134025,30,False,1906.0
3,paper_pa,paper_pa_14,14,24,538998984,1269876518,"[17, 18, 26, 62, 93, 95, 136, 160, 169, 176, 216, 225, 229, 238, 265, 311, 385, 502, 569, 598]","[594, 506, 136, 376, 494, 543, 78, 295, 477, 497, 557, 368, 147, 46, 275, 260, 388, 227, 239, 401]",600,20,0.62,,,,,,,0.0,1.0,0.005,,,4.965,0.9154751853164688,1.0,0.09666666666666666,4.85,0.0016318786816898983,0.003894750679968519,0.15172413793103448,0.006896551724137931,0.0017241379310344827,0.0,2.2051724137931035,4.0,0.0,0.2120689655172414,8.01896551724138,0.13780172859119505,0.7205407658864869,0.007378542510121457,3.626315789473684,0.8552271663462093,0.06379310344827586,0.946551724137931,0.9483333333333334,1.013745707925409,30,False,2310.0
3,paper_pa,paper_pa_14,14,25,538998984,631858640,"[16, 34, 98, 115, 184, 208, 226, 241, 250, 252, 254, 313, 321, 336, 367, 385, 400, 439, 472, 504]","[323, 189, 464, 77, 235, 9, 431, 109, 3, 114, 599, 43, 70, 208, 56, 388, 348, 579, 396, 40]",600,20,0.62,,,,,,,0.0,1.0,0.005,,,4.965,0.9154751853164688,1.0,0.09666666666666666,4.3,0.001470641172422692,0.002517993166716626,0.13793103448275862,0.008620689655172414,0.0017241379310344827,0.0,2.1948275862068964,4.0,0.0,0.1206896551724138,6.584482758620689,0.1287560130530338,0.7437615389196593,0.005279223700276332,3.957894736842105,0.7939941754198047,0.08103448275862069,0.9672413793103448,0.9683333333333334,0.939112874912098,28,True,2312.0
3,paper_pa,paper_pa_14,14,26,538998984,3933373631,"[58, 67, 75, 87, 128, 131, 132, 162, 274, 281, 313, 334, 339, 381, 413, 433, 443, 451, 510, 540]","[556, 41, 95, 50, 406, 68, 58, 563, 421, 508, 43, 258, 338, 326, 372, 60, 94, 144, 318, 333]",600,20,0.62,,,,,,,0.0,1.0,0.005,,,4.965,0.9154751853164688,1.0,0.09666666666666666,4.55,0.0015620299092320663,0.0029664466519927343,0.12931034482758622,0.008620689655172414,0.0017241379310344827,0.0,2.2293103448275864,5.0,0.0,0.1413793103448276,6.724137931034483,0.12139836520131138,0.758662378655232,0.005766499582289055,3.9,0.8287257102011605,0.05517241379310345,0.9568965517241379,0.9583333333333334,0.9984705420210958,30,False,2310.0
3,paper_pa,paper_pa_14,14,27,538998984,2600557359,"[28, 49, 78, 83, 96, 115, 140, 145, 166, 192, 219, 223, 245, 247, 272, 363, 439, 446, 540, 589]","[351, 485, 180, 398, 565, 77, 418, 515, 456, 315, 474, 5, 128, 113, 98, 21, 579, 23, 333, 30]",600,20,0.62,,,,,,,0.0,1.0,0.005,,,4.965,0.9154751853164688,1.0,0.09666666666666666,4.95,0.0016825688110386177,0.003995647646115227,0.1482758620689655,0.015517241379310345,0.0034482758620689655,0.0,2.225862068965517,4.0,0.0,0.21379310344827587,7.0810344827586205,0.13892027398943013,0.726103269608719,0.007698471119523752,3.8526315789473684,0.8099671043904184,0.06724137931034482,0.9551724137931035,0.9566666666666667,0.8171974171418697,25,True,2310.0
3,paper_pa,paper_pa_14,14,28,538998984,11363884,"[28, 49, 54, 60, 81, 113, 124, 207, 227, 297, 299, 335, 352, 404, 412, 425, 445, 488, 505, 574]","[351, 485, 525, 535, 534, 299, 305, 92, 193, 527, 569, 310, 146, 391, 81, 551, 156, 242, 458, 502]",600,20,0.62,,,,,,,0.0,1.0,0.005,,,4.965,0.9154751853164688,1.0,0.09666666666666666,4.05,0.0013956010297864175,0.0023109070291418583,0.1206896551724138,0.01206896551724138,0.0017241379310344827,0.0,2.25,4.0,0.0,0.20517241379310344,7.61896551724138,0.11608343188670034,0.7735989518194271,0.009640768588137009,3.6789473684210527,0.8008314156360475,0.06379310344827586,0.9637931034482758,0.965,0.891727332957089,26,True,2310.0
3,paper_pa,paper_pa_14,14,29,538998984,1264325264,"[19, 46, 47, 140, 172, 195, 197, 209, 257, 259, 281, 335, 399, 433, 435, 461, 465, 495, 513, 574]","[554, 582, 490, 418, 572, 588, 595, 562, 444, 134, 508, 310, 259, 60, 529, 455, 414, 467, 532, 502]",600,20,0.62,,,,,,,0.0,1.0,0.005,,,4.965,0.9154751853164688,1.0,0.09666666666666666,4.1,0.0014301893112097289,0.0024279213878730705,0.12931034482758622,0.008620689655172414,0.0,0.0,2.2551724137931033,4.0,0.0,0.11379310344827587,6.191379310344828,0.12145239860119636,0.7587100232267286,0.0038157894736842103,4.0473684210526315,0.787517211621484,0.05172413793103448,0.4362068965517241,0.455,1.0500788330100477,30,False,1692.0
3,paper_pa,paper_pa_14,14,30,538998984,710451266,"[32, 35, 52, 58, 82, 109, 124, 157, 196, 210, 214, 227, 262, 334, 356, 364, 427, 509, 531, 599]","[303, 468, 309, 556, 225, 63, 305, 172, 76, 16, 404, 193, 82, 258, 14, 285, 424, 148, 539, 192]",600,20,0.62,,,,,,,0.0,1.0,0.005,,,4.965,0.9154751853164688,1.0,0.09666666666666666,4.8,0.0016120989083216175,0.003439909208176444,0.14655172413793102,0.008620689655172414,0.0034482758620689655,0.0,2.212068965517241,4.0,0.0,0.1706896551724138,6.696551724137931,0.1347644970166505,0.7292061223274373,0.005505620110883269,3.8105263157894735,0.8099671043904184,0.0603448275862069,0.9672413793103448,0.9683333333333334,0.8964057920966297,26,True,2312.0
3,paper_pa,paper_pa_14,14,31,538998984,714247146,"[13, 16, 35, 82, 92, 116, 162, 177, 191, 244, 298, 317, 325, 330, 346, 421, 468, 470, 484, 541]","[596, 323, 468, 225, 336, 300, 563, 215, 328, 243, 537, 90, 212, 317, 512, 102, 379, 171, 360, 59]",600,20,0.62,,,,,,,0.0,1.0,0.005,,,4.965,0.9154751853164688,1.0,0.09666666666666666,5.55,0.0018164095437655681,0.004136465593492183,0.15862068965517243,0.020689655172413793,0.0017241379310344827,0.0,2.127586206896552,4.0,0.0,0.25,8.081034482758621,0.14620884895836178,0.7088499791555,0.00729327174373614,3.5473684210526315,0.8008314156360474,0.05,0.9482758620689655,0.95,1.0097404590342194,30,False,2312.0
3,paper_pa,paper_pa_14,14,32,538998984,1940472975,"[19, 62, 65, 184, 208, 249, 259, 268, 286, 325, 333, 336, 370, 372, 494, 510, 519, 527, 541, 576]","[554, 376, 196, 235, 9, 129, 134, 479, 492, 212, 0, 208, 48, 453, 350, 318, 273, 549, 59, 37]",600,20,0.62,,,,,,,0.0,1.0,0.005,,,4.965,0.9154751853164688,1.0,0.09666666666666666,3.9,0.0013619837994040083,0.003146701539301354,0.12241379310344827,0.010344827586206896,0.0017241379310344827,0.0,2.2448275862068967,5.0,0.0,0.16551724137931034,6.706896551724138,0.11659544341817413,0.7706330772437615,0.005526315789473683,3.973684210526316,0.8497827645500308,0.05862068965517241,0.9482758620689655,0.95,1.0066916248761117,30,False,2302.0
3,paper_pa,paper_pa_14,14,33,538998984,4220577442,"[71, 76, 90, 93, 109, 116, 135, 139, 145, 147, 200, 253, 312, 334, 355, 363, 394, 477, 519, 541]","[501, 271, 403, 494, 63, 300, 51, 141, 515, 568, 496, 188, 426, 258, 25, 21, 126, 132, 273, 59]",600,20,0.62,,,,,,,0.0,1.0,0.005,,,4.965,0.9154751853164688,1.0,0.09666666666666666,4.8,0.0016097016276183616,0.0028430053865782295,0.14482758620689656,0.020689655172413793,0.0,0.0,2.1534482758620688,4.0,0.0,0.12586206896551724,6.75,0.13675744570828724,0.7319933297599904,0.005919428755301331,3.836842105263158,0.7436499880857573,0.06379310344827586,0.9448275862068966,0.9466666666666667,0.8244200001936406,25,True,2300.0
3,paper_pa,paper_pa_14,14,34,538998984,4294831070,"[31, 54, 57, 80, 88, 146, 169, 189, 200, 207, 405, 425, 432, 436, 462, 505, 510, 527, 548, 555]","[346, 525, 520, 49, 87, 297, 477, 425, 496, 92, 157, 551, 366, 524, 546, 458, 318, 549, 559, 173]",600,20,0.62,,,,,,,0.0,1.0,0.005,,,4.965,0.9154751853164688,1.0,0.09666666666666666,4.5,0.0015317883585830904,0.0025308096796927185,0.14310344827586208,0.010344827586206896,0.0017241379310344827,0.0,2.2413793103448274,4.0,0.0,0.12931034482758622,6.655172413793103,0.13408690241846447,0.7348400929069144,0.006035923141186299,3.7736842105263158,0.8324169971593528,0.06724137931034482,0.9620689655172414,0.9633333333333334,1.0041492499876767,30,False,2312.0
3,paper_pa,paper_pa_14,14,35,538998984,183973466,"[10, 15, 48, 77, 86, 88, 143, 212, 293, 339, 390, 413, 418, 442, 444, 456, 470, 491, 549, 569]","[89, 578, 544, 221, 29, 87, 175, 161, 265, 338, 152, 372, 270, 224, 472, 547, 171, 122, 441, 239]",600,20,0.62,,,,,,,0.0,1.0,0.005,,,4.965,0.9154751853164688,1.0,0.09666666666666666,6.2,0.002025198506603041,0.007748439488505725,0.18448275862068966,0.01896551724137931,0.0017241379310344827,0.0,2.1310344827586207,4.0,0.0,0.2206896551724138,8.76206896551724,0.1651061704309111,0.6665951998094217,0.011335499190190263,3.3947368421052633,0.8603112917244659,0.07586206896551724,0.9431034482758621,0.945,1.0019545829854906,30,False,2310.0
3,paper_pa,paper_pa_14,14,36,538998984,942032722,"[24, 73, 91, 94, 139, 147, 152, 178, 219, 258, 260, 280, 332, 392, 475, 479, 541, 544, 575, 581]","[27, 219, 585, 530, 141, 568, 597, 526, 474, 124, 133, 448, 226, 262, 422, 381, 59, 61, 218, 369]",600,20,0.62,,,,,,,0.0,1.0,0.005,,,4.965,0.9154751853164688,1.0,0.09666666666666666,4.35,0.0014751918790894057,0.0025515526625299032,0.13275862068965516,0.013793103448275862,0.0,0.0,2.193103448275862,4.0,0.0,0.11724137931034483,6.68448275862069,0.1257377911179271,0.7526115180751594,0.005695167405693721,3.9473684210526314,0.7103112917244657,0.06379310344827586,0.95,0.9516666666666667,0.8408712500240654,25,True,2302.0
3,paper_pa,paper_pa_14,14,37,538998984,1164967482,"[21, 29, 31, 63, 166, 172, 246, 263, 297, 374, 385, 447, 464, 489, 523, 539, 545, 552, 553, 593]","[165, 589, 346, 12, 456, 572, 357, 365, 527, 130, 388, 433, 342, 335, 240, 438, 103, 488, 88, 214]",600,20,0.62,,,,,,,0.0,1.0,0.005,,,4.965,0.9154751853164688,1.0,0.09666666666666666,4.45,0.0015185956462964866,0.0021625321033593428,0.12931034482758622,0.01206896551724138,0.0034482758620689655,0.0,2.2431034482758623,4.0,0.0,0.16896551724137931,7.156896551724138,0.12424289172323451,0.758507533797868,0.009680451127819548,3.778947368421053,0.8936499880857575,0.06551724137931035,0.9448275862068966,0.9466666666666667,1.0030275420285761,30,False,2306.0
3,paper_pa,paper_pa_14,14,38,538998984,2869974265,"[46, 97, 133, 176, 183, 187, 196, 256, 263, 324, 357, 364, 427, 429, 440, 446, 469, 476, 515, 537]","[582, 540, 312, 497, 581, 145, 76, 592, 365, 591, 24, 285, 424, 471, 191, 23, 2, 185, 197, 423]",600,20,0.62,,,,,,,0.0,1.0,0.005,,,4.965,0.9154751853164688,1.0,0.09666666666666666,3.6,0.0012702855589547793,0.0024001395173165437,0.11724137931034483,0.0034482758620689655,0.0034482758620689655,0.0,2.274137931034483,4.0,0.0,0.19137931034482758,6.2620689655172415,0.11179843422045162,0.7796259901137514,0.004243943191311612,4.163157894736842,0.8603112917244659,0.04310344827586207,0.2689655172413793,0.29333333333333333,1.0376351249869913,30,False,1562.0
3,paper_pa,paper_pa_14,14,39,538998984,3157171877,"[46, 93, 98, 108, 118, 121, 145, 158, 178, 198, 256, 307, 334, 366, 376, 379, 411, 457, 569, 580]","[582, 494, 464, 166, 284, 38, 515, 392, 526, 301, 592, 20, 258, 255, 430, 555, 281, 252, 239, 210]",600,20,0.62,,,,,,,0.0,1.0,0.005,,,4.965,0.9154751853164688,1.0,0.09666666666666666,4.55,0.0015383535529481414,0.003212150531764127,0.14482758620689656,0.010344827586206896,0.0017241379310344827,0.0,2.2155172413793105,5.0,0.0,0.23620689655172414,7.224137931034483,0.13539944549897057,0.7319337740456197,0.004820062977957716,3.8210526315789473,0.7262842206950795,0.06379310344827586,0.9413793103448276,0.9433333333333334,0.8951449999585748,27,True,2302.0
3,paper_pa,paper_pa_14,14,40,538998984,3084940724,"[14, 27, 83, 140, 170, 192, 240, 258, 267, 269, 291, 339, 353, 354, 366, 376, 463, 475, 522, 534]","[106, 229, 398, 418, 283, 315, 307, 124, 13, 194, 279, 338, 442, 374, 255, 430, 231, 422, 298, 150]",600,20,0.62,,,,,,,0.0,1.0,0.005,,,4.965,0.9154751853164688,1.0,0.09666666666666666,4.35,0.0015214901553087855,0.003227723743191451,0.1310344827586207,0.013793103448275862,0.0017241379310344827,0.0,2.3017241379310347,4.0,0.0,0.16724137931034483,6.303448275862069,0.12415231407698643,0.7556667262223811,0.007076746353062142,3.9526315789473685,0.8776770591151436,0.056896551724137934,0.9413793103448276,0.9433333333333334,1.0363406660035253,30,False,2310.0
3,paper_pa,paper_pa_14,14,41,538998984,1467061592,"[15, 16, 101, 185, 226, 233, 262, 268, 295, 297, 330, 375, 410, 447, 452, 527, 528, 539, 547, 571]","[578, 323, 120, 209, 431, 316, 82, 479, 457, 527, 317, 257, 233, 433, 466, 549, 363, 438, 558, 439]",600,20,0.62,,,,,,,0.0,1.0,0.005,,,4.965,0.9154751853164688,1.0,0.09666666666666666,5.45,0.001792344190384756,0.005585598150814695,0.15344827586206897,0.015517241379310345,0.005172413793103448,0.0,2.1379310344827585,4.0,0.0,0.2793103448275862,8.105172413793104,0.14168174719516408,0.7175451134536359,0.005855309196270295,3.526315789473684,0.8287257102011606,0.05517241379310345,0.8931034482758621,0.8966666666666666,1.027636209037155,30,False,2212.0
3,paper_pa,paper_pa_14,14,42,538998984,3066549879,"[12, 23, 44, 105, 133, 137, 140, 191, 209, 292, 310, 344, 427, 432, 442, 443, 445, 515, 535, 594]","[451, 112, 409, 201, 312, 373, 418, 328, 562, 228, 174, 162, 424, 366, 224, 94, 156, 197, 26, 481]",600,20,0.62,,,,,,,0.0,1.0,0.005,,,4.965,0.9154751853164688,1.0,0.09666666666666666,5.9,0.0019481975553989682,0.0073208178344717515,0.1793103448275862,0.015517241379310345,0.0017241379310344827,0.0,2.0879310344827586,4.0,0.0,0.23103448275862068,7.2844827586206895,0.15212172997567427,0.6765588708236555,0.005852562737237659,3.763157894736842,0.7151720893691643,0.06896551724137931,0.9551724137931035,0.9566666666666667,0.8844639998860657,27,True,2312.0
3,paper_pa,paper_pa_14,14,43,538998984,2120201295,"[20, 35, 119, 123, 153, 163, 177, 261, 289, 301, 351, 376, 382, 408, 430, 478, 485, 561, 568, 583]","[211, 468, 387, 382, 486, 100, 215, 198, 202, 417, 75, 430, 345, 383, 531, 319, 390, 64, 199, 331]",600,20,0.62,,,,,,,0.0,1.0,0.005,,,4.965,0.9154751853164688,1.0,0.09666666666666666,4.3,0.0014753184745061624,0.0035346671394849544,0.12241379310344827,0.01896551724137931,0.0034482758620689655,0.0,2.277586206896552,5.0,0.0,0.24310344827586206,6.887931034482759,0.11921216313211783,0.7705080102435828,0.011641472562525193,3.836842105263158,0.8113599428104827,0.07413793103448275,0.9637931034482758,0.965,0.9253247089218348,29,True,2312.0
3,paper_pa,paper_pa_14,14,44,538998984,3584915883,"[38, 47, 50, 68, 150, 171, 186, 194, 199, 254, 255, 265, 295, 315, 483, 499, 526, 530, 546, 596]","[576, 490, 371, 97, 45, 119, 230, 577, 84, 599, 203, 275, 457, 375, 54, 7, 480, 274, 450, 538]",600,20,0.62,,,,,,,0.0,1.0,0.005,,,4.965,0.9154751853164688,1.0,0.09666666666666666,5.2,0.0017343493084621985,0.0045133230060771246,0.15517241379310345,0.020689655172413793,0.0,0.0,2.193103448275862,5.0,0.0,0.12931034482758622,6.7379310344827585,0.14364093720878815,0.7145732833065332,0.0061721706226350185,3.8210526315789473,0.7436499880857573,0.05862068965517241,0.30517241379310345,0.3283333333333333,0.9116289999801666,27,True,1596.0
3,paper_pa,paper_pa_14,14,45,538998984,1829992609,"[15, 16, 61, 95, 108, 127, 229, 232, 256, 304, 308, 335, 423, 462, 472, 498, 518, 559, 562, 573]","[578, 323, 507, 543, 166, 62, 147, 378, 592, 250, 286, 310, 8, 546, 396, 238, 292, 278, 419, 344]",600,20,0.62,,,,,,,0.0,1.0,0.005,,,4.965,0.9154751853164688,1.0,0.09666666666666666,5.25,0.0017675544477991783,0.006316749684257124,0.14482758620689656,0.015517241379310345,0.0034482758620689655,0.0,2.18448275862069,4.0,0.0,0.2775862068965517,8.572413793103449,0.13345045710157896,0.7323566196176523,0.012917710944026732,3.4894736842105263,0.7939941754198047,0.05172413793103448,0.9172413793103448,0.92,1.0277689578942955,30,False,2252.0
3,paper_pa,paper_pa_14,14,46,538998984,4062838422,"[3, 33, 82, 116, 121, 133, 147, 175, 203, 233, 295, 301, 332, 344, 371, 410, 479, 485, 511, 549]","[437, 510, 225, 300, 38, 312, 568, 140, 449, 316, 457, 417, 226, 162, 362, 233, 381, 390, 86, 441]",600,20,0.62,,,,,,,0.0,1.0,0.005,,,4.965,0.9154751853164688,1.0,0.09666666666666666,5.6,0.0018452011034297863,0.004680746610198904,0.16034482758620688,0.01896551724137931,0.0017241379310344827,0.0,2.1982758620689653,4.0,0.0,0.23103448275862068,8.106896551724137,0.1469754141225911,0.7059853492942648,0.01194719453233385,3.531578947368421,0.8950428265058215,0.0603448275862069,0.9241379310344827,0.9266666666666666,1.0208764169365168,30,False,2296.0
3,paper_pa,paper_pa_14,14,47,538998984,1870635163,"[111, 122, 125, 126, 130, 138, 161, 175, 210, 216, 317, 342, 358, 374, 442, 503, 536, 542, 575, 579]","[184, 384, 574, 35, 96, 311, 276, 140, 16, 557, 90, 183, 154, 130, 224, 149, 179, 107, 218, 313]",600,20,0.62,,,,,,,0.0,1.0,0.005,,,4.965,0.9154751853164688,1.0,0.09666666666666666,4.45,0.0015062149551868366,0.0024372301190476583,0.12931034482758622,0.008620689655172414,0.0034482758620689655,0.0,2.196551724137931,4.0,0.0,0.2120689655172414,7.975862068965517,0.12154318389418012,0.7586504675123578,0.009471975393028024,3.636842105263158,0.8882055862895788,0.05,0.36379310344827587,0.385,1.0074515829328448,30,False,1612.0
3,paper_pa,paper_pa_14,14,48,538998984,3377145487,"[37, 65, 106, 124, 152, 157, 158, 163, 168, 171, 186, 263, 274, 352, 419, 451, 515, 516, 531, 542]","[454, 196, 432, 305, 597, 172, 392, 100, 181, 119, 230, 365, 421, 146, 354, 144, 197, 329, 539, 107]",600,20,0.62,,,,,,,0.0,1.0,0.005,,,4.965,0.9154751853164688,1.0,0.09666666666666666,3.9,0.0013479588282639913,0.0015827282273849675,0.12758620689655173,0.006896551724137931,0.0,0.0,2.25,4.0,0.0,0.07758620689655173,5.5810344827586205,0.12007309542221056,0.7616163420880233,0.0030472013366750206,4.168421052631579,0.8950428265058215,0.05344827586206897,0.33620689655172414,0.35833333333333334,0.9322353340685368,27,True,1626.0
3,paper_pa,paper_pa_14,14,49,538998984,1885132852,"[12, 53, 56, 62, 94, 192, 200, 214, 282, 307, 348, 420, 422, 463, 488, 533, 554, 568, 572, 573]","[451, 177, 593, 376, 530, 315, 496, 404, 91, 20, 482, 400, 503, 231, 242, 256, 190, 199, 245, 344]",600,20,0.62,,,,,,,0.0,1.0,0.005,,,4.965,0.9154751853164688,1.0,0.09666666666666666,5.8,0.0019323340189091303,0.007761802318276685,0.17586206896551723,0.015517241379310345,0.0034482758620689655,0.0,2.1482758620689655,4.0,0.0,0.2689655172413793,7.839655172413793,0.1523138857772927,0.6817759514025371,0.007707218496692182,3.6526315789473682,0.8882055862895787,0.0706896551724138,0.4189655172413793,0.43833333333333335,0.7407784159295261,21,True,1660.0
3,paper_pa,paper_pa_15,15,0,808907875,3680821641,"[24, 39, 50, 109, 117, 200, 208, 261, 303, 352, 376, 391, 411, 423, 426, 451, 462, 478, 504, 550]","[229, 346, 131, 512, 128, 462, 413, 384, 498, 372, 198, 396, 214, 523, 212, 596, 97, 145, 148, 204]",600,20,0.62,,,,,,,0.0,1.0,0.005,,,4.96,0.8079390732500888,1.0,0.13333333333333333,4.5,0.0015196324698454643,0.00414555490656731,0.14310344827586208,0.0034482758620689655,0.0034482758620689655,0.0,2.2431034482758623,4.0,0.0,0.2,6.4672413793103445,0.12963767726140907,0.7351319159073313,0.004734753550543024,3.905263157894737,0.7487341134640138,0.06206896551724138,0.9568965517241379,0.9583333333333334,1.0277764580678195,30,False,2296.0
3,paper_pa,paper_pa_15,15,1,808907875,365650753,"[5, 41, 88, 117, 155, 190, 344, 355, 377, 380, 395, 396, 403, 406, 431, 472, 518, 526, 542, 549]","[591, 387, 220, 128, 475, 505, 548, 510, 360, 213, 73, 564, 531, 324, 202, 280, 5, 264, 457, 397]",600,20,0.62,,,,,,,0.0,1.0,0.005,,,4.96,0.8079390732500888,1.0,0.13333333333333333,4.2,0.001456607414287378,0.002174267400979657,0.12758620689655173,0.006896551724137931,0.0,0.0,2.2810344827586206,4.0,0.0,0.08275862068965517,5.410344827586207,0.11901032484763899,0.7616818533738312,0.003038847117794486,4.052631578947368,0.8497827645500305,0.05862068965517241,0.19655172413793104,0.22333333333333333,1.0317955410573632,30,False,1462.0
3,paper_pa,paper_pa_15,15,2,808907875,3429540084,"[2, 26, 66, 98, 137, 145, 146, 177, 186, 228, 295, 340, 354, 385, 386, 420, 489, 512, 527, 548]","[343, 166, 7, 141, 535, 361, 347, 584, 263, 231, 297, 599, 418, 588, 41, 568, 499, 494, 537, 30]",600,20,0.62,,,,,,,0.0,1.0,0.005,,,4.96,0.8079390732500888,1.0,0.13333333333333333,4.85,0.00165711492164131,0.00422871565851743,0.15172413793103448,0.013793103448275862,0.0017241379310344827,0.0,2.2051724137931035,4.0,0.0,0.12413793103448276,6.1706896551724135,0.1410672597556753,0.7203025430290037,0.006234335839598998,3.963157894736842,0.8324169971593528,0.06724137931034482,0.596551724137931,0.61,1.0466690000612289,30,False,1814.0
3,paper_pa,paper_pa_15,15,3,808907875,4268612033,"[8, 16, 32, 67, 212, 276, 296, 310, 322, 337, 368, 387, 432, 450, 460, 480, 482, 492, 534, 565]","[476, 598, 274, 572, 243, 399, 590, 261, 472, 308, 130, 516, 294, 266, 597, 170, 526, 137, 503, 29]",600,20,0.62,,,,,,,0.0,1.0,0.005,,,4.96,0.8079390732500888,1.0,0.13333333333333333,4.4,0.0015189878338857598,0.002411651130891915,0.1413793103448276,0.008620689655172414,0.0017241379310344827,0.0,2.303448275862069,5.0,0.0,0.20862068965517241,6.3,0.13052657791177083,0.7379846346256923,0.005319548872180451,3.9263157894736844,0.8987341134640138,0.04827586206896552,0.2482758620689655,0.2733333333333333,1.0697444169782102,30,False,1504.0
3,paper_pa,paper_pa_15,15,4,808907875,2938704140,"[11, 104, 108, 139, 164, 170, 201, 296, 317, 381, 450, 455, 456, 478, 512, 517, 525, 563, 564, 580]","[425, 366, 286, 398, 339, 34, 466, 590, 232, 319, 266, 163, 246, 145, 494, 307, 333, 483, 49, 228]",600,20,0.62,,,,,,,0.0,1.0,0.005,,,4.96,0.8079390732500888,1.0,0.13333333333333333,4.85,0.0016671597168573151,0.005091410802094972,0.14310344827586208,0.01206896551724138,0.0017241379310344827,0.0,2.2586206896551726,4.0,0.0,0.19827586206896552,6.927586206896552,0.1316617662889484,0.7351676493359538,0.009189579340508132,3.7263157894736842,0.8392542373755956,0.06724137931034482,0.4793103448275862,0.49666666666666665,1.0388079590629786,30,False,1702.0
3,paper_pa,paper_pa_15,15,5,808907875,1906745778,"[8, 54, 122, 127, 132, 139, 174, 211, 233, 348, 351, 362, 370, 396, 464, 465, 501, 503, 556, 561]","[476, 553, 415, 349, 24, 398, 317, 26, 194, 381, 257, 245, 85, 564, 532, 404, 406, 250, 488, 382]",600,20,0.62,,,,,,,0.0,1.0,0.005,,,4.96,0.8079390732500888,1.0,0.13333333333333333,4.6,0.0015718289117482918,0.0022351895092126233,0.1396551724137931,0.01206896551724138,0.0,0.0,2.3810344827586207,5.0,0.0,0.09827586206896552,5.212068965517242,0.13096808611711366,0.740813531058305,0.005064935064935066,4.021052631578947,0.8008314156360475,0.0603448275862069,0.95,0.9516666666666667,1.0313519998453557,30,False,2298.0
3,paper_pa,paper_pa_15,15,6,808907875,1561998113,"[56, 83, 194, 270, 307, 324, 359, 363, 373, 399, 425, 432, 482, 496, 521, 541, 545, 568, 577, 580]","[454, 276, 126, 574, 43, 460, 452, 373, 480, 449, 14, 294, 526, 52, 573, 154, 410, 527, 270, 228]",600,20,0.62,,,,,,,0.0,1.0,0.005,,,4.96,0.8079390732500888,1.0,0.13333333333333333,4.9,0.0016440641994518504,0.0037418059407064823,0.15172413793103448,0.006896551724137931,0.0017241379310344827,0.0,2.236206896551724,4.0,0.0,0.19827586206896552,7.017241379310345,0.13948051483018847,0.7202906318861295,0.004837282600440494,3.668421052631579,0.8099671043904184,0.05862068965517241,0.3793103448275862,0.4,1.0561957079917192,30,False,1586.0
3,paper_pa,paper_pa_15,15,7,808907875,3629563826,"[47, 84, 132, 138, 152, 158, 172, 174, 248, 284, 316, 335, 339, 365, 411, 525, 537, 542, 557, 568]","[42, 477, 24, 107, 524, 500, 90, 317, 157, 336, 506, 15, 513, 272, 214, 333, 143, 457, 252, 527]",600,20,0.62,,,,,,,0.0,1.0,0.005,,,4.96,0.8079390732500888,1.0,0.13333333333333333,3.8,0.0013288209073601324,0.001910560892571743,0.11551724137931034,0.010344827586206896,0.005172413793103448,0.0,2.3017241379310347,4.0,0.0,0.20517241379310344,6.568965517241379,0.11075351393243393,0.7826811982609732,0.017921888053467,3.8210526315789473,0.8168043446066613,0.05517241379310345,0.7896551724137931,0.7966666666666666,1.0305174998939037,30,False,2048.0
3,paper_pa,paper_pa_15,15,8,808907875,1150787251,"[117, 126, 146, 205, 225, 258, 286, 289, 333, 336, 343, 356, 373, 385, 442, 445, 449, 537, 545, 560]","[128, 175, 347, 351, 167, 394, 342, 125, 174, 586, 61, 262, 480, 588, 273, 383, 219, 143, 410, 300]",600,20,0.62,,,,,,,0.0,1.0,0.005,,,4.96,0.8079390732500888,1.0,0.13333333333333333,4.45,0.0015245379770558376,0.0029474813210316297,0.13620689655172413,0.01206896551724138,0.0017241379310344827,0.0,2.2948275862068965,4.0,0.0,0.20689655172413793,6.567241379310345,0.12791385254928386,0.7467214579238878,0.006973684210526316,3.7526315789473683,0.9334656482453696,0.04310344827586207,0.28793103448275864,0.31166666666666665,1.0334674578625709,30,False,1520.0
3,paper_pa,paper_pa_15,15,9,808907875,2321236168,"[6, 131, 170, 198, 206, 259, 277, 280, 319, 382, 396, 464, 480, 484, 487, 526, 530, 535, 538, 574]","[541, 134, 34, 391, 93, 453, 70, 199, 479, 332, 564, 532, 170, 79, 12, 264, 106, 481, 55, 94]",600,20,0.62,,,,,,,0.0,1.0,0.005,,,4.96,0.8079390732500888,1.0,0.13333333333333333,4.15,0.0014407003213810074,0.004296327981510141,0.13448275862068965,0.008620689655172414,0.0,0.0,2.3051724137931036,4.0,0.0,0.10862068965517241,5.2379310344827585,0.12425443425762436,0.7498540884997915,0.0035299322868574943,4.147368421052631,0.8739857721569514,0.05172413793103448,0.18620689655172415,0.21333333333333335,1.0705856659915298,30,False,1468.0
3,paper_pa,paper_pa_15,15,10,808907875,1327864468,"[62, 64, 66, 77, 101, 114, 118, 161, 173, 217, 269, 272, 338, 345, 376, 427, 509, 547, 571, 577]","[443, 542, 7, 331, 525, 193, 571, 529, 461, 444, 595, 594, 504, 86, 198, 370, 322, 305, 533, 270]",600,20,0.62,,,,,,,0.0,1.0,0.005,,,4.96,0.8079390732500888,1.0,0.13333333333333333,4.5,0.0015564433952125695,0.0028400625365352424,0.12931034482758622,0.013793103448275862,0.0017241379310344827,0.0,2.317241379310345,4.0,0.0,0.1896551724137931,6.006896551724138,0.1237751865063582,0.7585551783693646,0.0066108452950558215,3.889473684210526,0.8950428265058215,0.06206896551724138,0.3689655172413793,0.39,1.0815784169826657,30,False,1576.0
3,paper_pa,paper_pa_15,15,11,808907875,1683788494,"[48, 52, 73, 88, 99, 167, 270, 289, 324, 367, 404, 413, 418, 446, 473, 502, 508, 530, 539, 590]","[120, 355, 275, 220, 378, 306, 574, 125, 460, 515, 560, 578, 200, 298, 304, 210, 329, 106, 538, 237]",600,20,0.62,,,,,,,0.0,1.0,0.005,,,4.96,0.8079390732500888,1.0,0.13333333333333333,5.25,0.001770171232900133,0.004579332667779966,0.16034482758620688,0.013793103448275862,0.0034482758620689655,0.0,2.179310344827586,4.0,0.0,0.23448275862068965,6.587931034482758,0.1466543407858706,0.7060210827228872,0.006758811364074521,3.7526315789473683,0.8950428265058215,0.06379310344827586,0.23448275862068965,0.26,1.0484564581420273,30,False,1492.0
3,paper_pa,paper_pa_15,15,12,808907875,888683310,"[47, 48, 60, 63, 71, 134, 167, 193, 215, 277, 280, 407, 422, 430, 452, 525, 526, 534, 536, 569]","[42, 120, 188, 357, 455, 551, 306, 344, 436, 70, 199, 20, 160, 299, 186, 333, 264, 503, 25, 385]",600,20,0.62,,,,,,,0.0,1.0,0.005,,,4.96,0.8079390732500888,1.0,0.13333333333333333,4.55,0.0015588483345228186,0.004221745271766679,0.1310344827586207,0.020689655172413793,0.0017241379310344827,0.0,2.246551724137931,4.0,0.0,0.22586206896551725,6.61551724137931,0.127204077841589,0.7555237925078911,0.008096109257099969,3.789473684210526,0.8776770591151437,0.056896551724137934,0.3706896551724138,0.39166666666666666,1.0320827080868185,30,False,1610.0
3,paper_pa,paper_pa_15,15,13,808907875,2926983781,"[18, 20, 30, 71, 91, 132, 266, 279, 352, 356, 403, 463, 471, 477, 527, 545, 552, 567, 592, 594]","[133, 84, 464, 455, 593, 24, 196, 318, 372, 262, 531, 9, 39, 388, 537, 410, 437, 162, 99, 192]",600,20,0.62,,,,,,,0.0,1.0,0.005,,,4.96,0.8079390732500888,1.0,0.13333333333333333,4.8,0.001635928550925616,0.0038174770521723564,0.14482758620689656,0.008620689655172414,0.0017241379310344827,0.0,2.2241379310344827,4.0,0.0,0.1103448275862069,5.9862068965517246,0.1333232315806573,0.7320945744744208,0.004912280701754385,3.931578947368421,0.815051229768675,0.056896551724137934,0.49137931034482757,0.5083333333333333,1.0232090840581805,30,False,1742.0
3,paper_pa,paper_pa_15,15,14,808907875,3266267099,"[1, 8, 18, 30, 47, 57, 78, 147, 152, 154, 225, 255, 286, 290, 362, 367, 377, 469, 470, 522]","[528, 476, 133, 464, 42, 352, 208, 142, 524, 135, 167, 587, 342, 540, 245, 515, 360, 367, 259, 570]",600,20,0.62,,,,,,,0.0,1.0,0.005,,,4.96,0.8079390732500888,1.0,0.13333333333333333,7.9,0.0025318356578840876,0.021327940634976946,0.23620689655172414,0.01896551724137931,0.0034482758620689655,0.0,2.013793103448276,4.0,0.0,0.2517241379310345,6.660344827586207,0.16617981278994623,0.5980465725686379,0.009400562887404993,3.8263157894736843,0.8776770591151436,0.08103448275862069,0.9603448275862069,0.9616666666666667,0.991558832814917,30,False,2300.0
3,paper_pa,paper_pa_15,15,15,808907875,1147456318,"[46, 82, 122, 126, 130, 195, 214, 262, 325, 329, 332, 356, 368, 408, 410, 434, 437, 443, 472, 521]","[64, 116, 415, 175, 117, 139, 340, 33, 13, 490, 149, 262, 130, 68, 22, 323, 216, 105, 280, 573]",600,20,0.62,,,,,,,0.0,1.0,0.005,,,4.96,0.8079390732500888,1.0,0.13333333333333333,6.15,0.0020119689507173033,0.004996435425493817,0.18620689655172415,0.01896551724137931,0.0,0.0,2.0827586206896553,4.0,0.0,0.14310344827586208,6.410344827586207,0.1683225616855248,0.663391102376273,0.004063106859465015,3.905263157894737,0.8776770591151437,0.08275862068965517,0.9706896551724138,0.9716666666666667,0.9825317920185626,30,False,2300.0
3,paper_pa,paper_pa_15,15,16,808907875,3150167541,"[27, 63, 66, 163, 171, 198, 220, 223, 265, 268, 326, 361, 404, 409, 422, 453, 464, 487, 506, 519]","[4, 357, 7, 114, 583, 391, 289, 509, 417, 468, 59, 62, 560, 69, 160, 474, 532, 12, 589, 421]",600,20,0.62,,,,,,,0.0,1.0,0.005,,,4.96,0.8079390732500888,1.0,0.13333333333333333,4.95,0.0016576918129517955,0.003938074026309765,0.16034482758620688,0.010344827586206896,0.0,0.0,2.1241379310344826,4.0,0.0,0.16379310344827586,6.408620689655172,0.14383827382157752,0.7061937942945625,0.004573934837092732,3.9210526315789473,0.8882055862895787,0.06724137931034482,0.9655172413793104,0.9666666666666667,0.9897926670964807,30,False,2300.0
3,paper_pa,paper_pa_15,15,17,808907875,2842728742,"[32, 63, 89, 173, 221, 248, 289, 338, 340, 349, 384, 445, 462, 475, 487, 488, 493, 532, 566, 574]","[274, 357, 486, 461, 161, 157, 125, 504, 599, 559, 493, 383, 97, 11, 12, 32, 354, 400, 445, 94]",600,20,0.62,,,,,,,0.0,1.0,0.005,,,4.96,0.8079390732500888,1.0,0.13333333333333333,4.4,0.0015514099961894982,0.0028485739763232584,0.12241379310344827,0.008620689655172414,0.0017241379310344827,0.0,2.329310344827586,4.0,0.0,0.16034482758620688,6.531034482758621,0.1154297341398287,0.7706866773866953,0.007733976549766024,3.7526315789473683,0.7875172116214841,0.06551724137931035,0.9258620689655173,0.9283333333333333,1.0440989579074085,30,False,2256.0
3,paper_pa,paper_pa_15,15,18,808907875,4265972824,"[46, 50, 53, 63, 94, 98, 109, 122, 139, 188, 192, 195, 269, 294, 441, 449, 481, 549, 554, 596]","[64, 131, 377, 357, 146, 141, 512, 415, 398, 291, 50, 139, 595, 427, 362, 219, 470, 397, 407, 393]",600,20,0.62,,,,,,,0.0,1.0,0.005,,,4.96,0.8079390732500888,1.0,0.13333333333333333,5.35,0.0017635455689685223,0.004623187906472398,0.16379310344827586,0.017241379310344827,0.0,0.0,2.1534482758620688,4.0,0.0,0.1706896551724138,6.312068965517241,0.14984492375612318,0.7002441784289203,0.004606435875785722,3.963157894736842,0.7660998808546916,0.07241379310344828,0.9706896551724138,0.9716666666666667,1.0153283749241382,30,False,2300.0
3,paper_pa,paper_pa_15,15,19,808907875,3569400154,"[22, 59, 75, 93, 128, 130, 174, 176, 224, 282, 293, 349, 351, 370, 378, 389, 432, 441, 529, 598]","[17, 592, 124, 269, 402, 117, 317, 119, 279, 74, 426, 559, 257, 85, 429, 518, 294, 362, 416, 23]",600,20,0.62,,,,,,,0.0,1.0,0.005,,,4.96,0.8079390732500888,1.0,0.13333333333333333,4.85,0.0016594483907092829,0.004825636055751828,0.1482758620689655,0.010344827586206896,0.0017241379310344827,0.0,2.189655172413793,4.0,0.0,0.1793103448275862,6.084482758620689,0.13691553181932345,0.7261509141802156,0.003771265284423179,4.026315789473684,0.8671485319407087,0.06551724137931035,0.9637931034482758,0.965,0.9882263748440892,30,False,2300.0
3,paper_pa,paper_pa_15,15,20,808907875,3095914080,"[15, 108, 122, 144, 146, 149, 240, 241, 303, 310, 313, 319, 333, 413, 443, 475, 476, 486, 529, 547]","[16, 286, 415, 562, 347, 27, 153, 155, 498, 261, 446, 479, 174, 578, 105, 11, 187, 176, 416, 305]",600,20,0.62,,,,,,,0.0,1.0,0.005,,,4.96,0.8079390732500888,1.0,0.13333333333333333,5.3,0.001779352473657959,0.00581622596594888,0.16034482758620688,0.020689655172413793,0.0017241379310344827,0.0,2.189655172413793,4.0,0.0,0.16724137931034483,6.660344827586207,0.14984846451938397,0.7058364600083378,0.006613873199745776,3.7263157894736842,0.8552271663462093,0.06206896551724138,0.9172413793103448,0.92,1.0564090830739588,30,False,2240.0
3,paper_pa,paper_pa_15,15,21,808907875,87824623,"[35, 46, 61, 68, 78, 89, 94, 123, 168, 187, 189, 326, 333, 354, 356, 433, 443, 502, 539, 548]","[567, 64, 282, 18, 208, 486, 146, 458, 103, 374, 511, 59, 174, 418, 262, 575, 105, 210, 538, 30]",600,20,0.62,,,,,,,0.0,1.0,0.005,,,4.96,0.8079390732500888,1.0,0.13333333333333333,5.55,0.0018583295214778255,0.004517484553248869,0.16896551724137931,0.01206896551724138,0.0,0.0,2.1551724137931036,4.0,0.0,0.15172413793103448,6.113793103448276,0.1522095581156254,0.691668155559526,0.004191729323308271,3.857894736842105,0.9055713536802565,0.06379310344827586,0.2810344827586207,0.305,1.0528329580556601,30,False,1522.0
3,paper_pa,paper_pa_15,15,22,808907875,290550522,"[4, 10, 48, 54, 61, 128, 185, 193, 208, 237, 245, 350, 358, 367, 407, 410, 535, 552, 554, 579]","[35, 321, 120, 553, 282, 402, 478, 344, 413, 144, 507, 123, 180, 515, 20, 22, 481, 437, 407, 63]",600,20,0.62,,,,,,,0.0,1.0,0.005,,,4.96,0.8079390732500888,1.0,0.13333333333333333,4.0,0.0014006009911220435,0.0025231879042909287,0.11724137931034483,0.008620689655172414,0.0017241379310344827,0.0,2.239655172413793,4.0,0.0,0.10689655172413794,5.629310344827586,0.11199347624690059,0.7796974569709963,0.00441786283891547,3.9368421052631577,0.7535949111087125,0.0706896551724138,0.8293103448275863,0.835,1.035049333004281,30,False,2048.0
3,paper_pa,paper_pa_15,15,23,808907875,255999015,"[23, 39, 58, 62, 70, 91, 118, 142, 183, 233, 275, 320, 336, 374, 423, 482, 491, 535, 555, 566]","[371, 346, 96, 443, 565, 593, 571, 489, 473, 194, 152, 183, 586, 368, 523, 526, 358, 481, 255, 445]",600,20,0.62,,,,,,,0.0,1.0,0.005,,,4.96,0.8079390732500888,1.0,0.13333333333333333,5.5,0.0018451234235054852,0.00672126682964141,0.16551724137931034,0.013793103448275862,0.0034482758620689655,0.0,2.189655172413793,4.0,0.0,0.2120689655172414,6.427586206896552,0.14450983813098509,0.6983622178548031,0.005853995168511298,3.8210526315789473,0.7624085938964994,0.06379310344827586,0.9637931034482758,0.965,0.9956330829299986,30,False,2300.0
3,paper_pa,paper_pa_15,15,24,808907875,552014107,"[24, 37, 66, 82, 91, 98, 167, 177, 180, 270, 296, 375, 408, 412, 428, 436, 492, 500, 548, 564]","[229, 265, 7, 116, 593, 141, 306, 584, 435, 574, 590, 520, 68, 545, 75, 211, 137, 302, 30, 49]",600,20,0.62,,,,,,,0.0,1.0,0.005,,,4.96,0.8079390732500888,1.0,0.13333333333333333,5.15,0.0017559710954891436,0.0037023198355948424,0.16034482758620688,0.013793103448275862,0.0,0.0,2.170689655172414,4.0,0.0,0.1482758620689655,5.863793103448276,0.1462447178903203,0.7060270382943243,0.004887597782334624,4.026315789473684,0.8776770591151436,0.06551724137931035,0.9568965517241379,0.9583333333333334,0.9959161661099643,30,False,2300.0
3,paper_pa,paper_pa_15,15,25,808907875,4069007771,"[9, 42, 61, 78, 96, 102, 166, 176, 179, 238, 270, 315, 367, 393, 425, 455, 465, 468, 476, 480]","[256, 492, 282, 208, 240, 348, 288, 119, 38, 66, 574, 428, 515, 463, 14, 163, 404, 292, 187, 170]",600,20,0.62,,,,,,,0.0,1.0,0.005,,,4.96,0.8079390732500888,1.0,0.13333333333333333,5.65,0.0018679245802621525,0.005600874382770351,0.1706896551724138,0.013793103448275862,0.0,0.0,2.179310344827586,4.0,0.0,0.12586206896551724,5.827586206896552,0.14991719384003926,0.6895658388422369,0.005110693400167084,3.873684210526316,0.8657556935206444,0.056896551724137934,0.43275862068965515,0.45166666666666666,0.9671294579748064,30,False,1646.0
3,paper_pa,paper_pa_15,15,26,808907875,148323393,"[0, 8, 67, 83, 127, 131, 142, 144, 156, 162, 284, 355, 358, 372, 448, 461, 472, 508, 509, 595]","[76, 476, 572, 276, 349, 134, 489, 562, 101, 221, 336, 510, 180, 277, 363, 267, 280, 329, 322, 195]",600,20,0.62,,,,,,,0.0,1.0,0.005,,,4.96,0.8079390732500888,1.0,0.13333333333333333,5.85,0.001922151892367531,0.006538437073797072,0.16551724137931034,0.020689655172413793,0.0034482758620689655,0.0,2.1413793103448278,4.0,0.0,0.25689655172413794,7.570689655172414,0.1506579391496258,0.6976832827109761,0.007902328866938667,3.636842105263158,0.8497827645500308,0.07758620689655173,0.9551724137931035,0.9566666666666667,0.9420834588818252,30,False,2300.0
3,paper_pa,paper_pa_15,15,27,808907875,3391672261,"[1, 2, 17, 77, 97, 109, 141, 153, 177, 193, 239, 280, 293, 313, 320, 345, 364, 483, 565, 569]","[528, 343, 147, 331, 171, 512, 108, 316, 584, 344, 440, 199, 426, 446, 183, 86, 226, 334, 29, 385]",600,20,0.62,,,,,,,0.0,1.0,0.005,,,4.96,0.8079390732500888,1.0,0.13333333333333333,8.5,0.002677407508435867,0.021228377925329268,0.253448275862069,0.027586206896551724,0.0034482758620689655,0.0,1.9344827586206896,4.0,0.0,0.29482758620689653,7.213793103448276,0.18603503989862102,0.5712107676731583,0.008127265590041084,3.736842105263158,0.8273328717810964,0.08448275862068966,0.9568965517241379,0.9583333333333334,0.9350465841125697,30,False,2300.0
3,paper_pa,paper_pa_15,15,28,808907875,2972952488,"[21, 76, 159, 164, 176, 183, 217, 240, 258, 313, 397, 401, 430, 437, 453, 477, 504, 523, 527, 581]","[225, 40, 182, 339, 119, 473, 444, 153, 394, 446, 53, 178, 299, 216, 474, 388, 148, 287, 537, 45]",600,20,0.62,,,,,,,0.0,1.0,0.005,,,4.96,0.8079390732500888,1.0,0.13333333333333333,4.9,0.0016413320031832157,0.0037046719122095723,0.1482758620689655,0.017241379310344827,0.0,0.0,2.189655172413793,4.0,0.0,0.14655172413793102,6.468965517241379,0.13940803341028266,0.7260377583229111,0.006368193210298473,3.7473684210526317,0.8392542373755956,0.08103448275862069,0.9672413793103448,0.9683333333333334,0.916461082873866,30,False,2300.0
3,paper_pa,paper_pa_15,15,29,808907875,565757641,"[18, 26, 41, 138, 148, 174, 205, 247, 274, 347, 415, 436, 458, 460, 489, 534, 540, 545, 559, 582]","[133, 166, 387, 107, 420, 317, 351, 536, 129, 127, 364, 211, 115, 597, 499, 503, 233, 410, 3, 2]",600,20,0.62,,,,,,,0.0,1.0,0.005,,,4.96,0.8079390732500888,1.0,0.13333333333333333,3.95,0.0014098418048459046,0.004316338955044291,0.12413793103448276,0.008620689655172414,0.0034482758620689655,0.0,2.303448275862069,4.0,0.0,0.16551724137931034,5.812068965517241,0.11807147144844246,0.767595735810851,0.006499772157666895,4.089473684210526,0.9229371210709345,0.04827586206896552,0.12931034482758622,0.15833333333333333,0.9653157498687506,30,False,1404.0
3,paper_pa,paper_pa_15,15,30,808907875,2947814780,"[20, 41, 92, 146, 155, 158, 172, 201, 253, 277, 328, 329, 379, 423, 439, 481, 500, 517, 571, 575]","[84, 387, 546, 347, 475, 500, 90, 466, 19, 70, 326, 490, 177, 523, 547, 470, 302, 307, 533, 110]",600,20,0.62,,,,,,,0.0,1.0,0.005,,,4.96,0.8079390732500888,1.0,0.13333333333333333,4.55,0.0015685410148053888,0.0032031144867970414,0.13620689655172413,0.013793103448275862,0.0,0.0,2.2844827586206895,5.0,0.0,0.12241379310344827,6.301724137931035,0.12870395993342812,0.7466797689238283,0.004630364475565714,3.7736842105263158,0.8671485319407085,0.0603448275862069,0.33793103448275863,0.36,0.9987896669190377,30,False,1584.0
3,paper_pa,paper_pa_15,15,31,808907875,1394308207,"[2, 45, 54, 66, 83, 98, 175, 233, 290, 346, 358, 375, 423, 434, 445, 470, 510, 557, 582, 583]","[343, 98, 553, 7, 276, 141, 242, 194, 540, 338, 180, 520, 523, 323, 383, 259, 92, 252, 2, 514]",600,20,0.62,,,,,,,0.0,1.0,0.005,,,4.96,0.8079390732500888,1.0,0.13333333333333333,4.3,0.0014797487210501897,0.003157634650154441,0.13275862068965516,0.010344827586206896,0.0017241379310344827,0.0,2.2379310344827585,4.0,0.0,0.1413793103448276,6.444827586206896,0.12454242807130146,0.7526948960752784,0.004278973950026582,3.8842105263157896,0.8497827645500305,0.05862068965517241,0.9568965517241379,0.9583333333333334,0.9716476670000702,30,False,2266.0
3,paper_pa,paper_pa_15,15,32,808907875,418452547,"[2, 12, 42, 54, 70, 121, 197, 222, 253, 276, 290, 307, 309, 311, 316, 339, 343, 460, 499, 539]","[343, 58, 492, 553, 565, 150, 244, 309, 19, 399, 540, 43, 111, 450, 506, 513, 61, 597, 8, 538]",600,20,0.62,,,,,,,0.0,1.0,0.005,,,4.96,0.8079390732500888,1.0,0.13333333333333333,4.7,0.0015832592814733974,0.004062573604812736,0.14310344827586208,0.010344827586206896,0.0017241379310344827,0.0,2.2086206896551723,4.0,0.0,0.1310344827586207,6.517241379310345,0.1336064866240339,0.7348996486212852,0.004987147355568409,3.863157894736842,0.8950428265058215,0.07241379310344828,0.9534482758620689,0.955,0.9600782920606434,30,False,2300.0
3,paper_pa,paper_pa_15,15,33,808907875,307365384,"[6, 37, 41, 44, 70, 80, 99, 188, 230, 307, 357, 369, 389, 410, 439, 455, 531, 572, 574, 592]","[541, 265, 387, 206, 565, 215, 378, 291, 563, 43, 558, 51, 518, 22, 547, 163, 312, 502, 94, 99]",600,20,0.62,,,,,,,0.0,1.0,0.005,,,4.96,0.8079390732500888,1.0,0.13333333333333333,6.2,0.002014833521973636,0.007148413073630318,0.18448275862068966,0.01896551724137931,0.0034482758620689655,0.0,2.113793103448276,4.0,0.0,0.2603448275862069,7.608620689655172,0.16423295049268913,0.6665951998094217,0.0068658623526637215,3.5842105263157893,0.8287257102011606,0.07241379310344828,0.9448275862068966,0.9466666666666667,0.9437566660344601,30,False,2298.0
3,paper_pa,paper_pa_15,15,34,808907875,2008581448,"[7, 23, 41, 42, 129, 152, 174, 183, 202, 261, 265, 296, 372, 375, 442, 461, 487, 513, 551, 569]","[544, 371, 387, 492, 469, 524, 317, 473, 109, 384, 417, 590, 277, 520, 273, 267, 12, 234, 314, 385]",600,20,0.62,,,,,,,0.0,1.0,0.005,,,4.96,0.8079390732500888,1.0,0.13333333333333333,5.75,0.0018808964947732542,0.0061714337112306564,0.17413793103448275,0.017241379310344827,0.0034482758620689655,0.0,2.139655172413793,4.0,0.0,0.24482758620689654,7.2620689655172415,0.1540919216418433,0.6840569352629384,0.007425571504518873,3.6052631578947367,0.9041785152601924,0.06379310344827586,0.9672413793103448,0.9683333333333334,0.9389836660120636,30,False,2300.0
3,paper_pa,paper_pa_15,15,35,808907875,564783270,"[20, 27, 47, 58, 102, 140, 167, 187, 232, 247, 274, 297, 310, 335, 348, 390, 404, 484, 541, 569]","[84, 4, 42, 96, 348, 438, 306, 374, 164, 536, 129, 112, 261, 15, 381, 207, 560, 79, 154, 385]",600,20,0.62,,,,,,,0.0,1.0,0.005,,,4.96,0.8079390732500888,1.0,0.13333333333333333,4.9,0.0016912352267857862,0.0036319916490042048,0.14482758620689656,0.017241379310344827,0.0034482758620689655,0.0,2.2517241379310344,4.0,0.0,0.1310344827586207,6.062068965517241,0.134769589363584,0.7321422190459175,0.007165743070501096,3.873684210526316,0.8671485319407085,0.07758620689655173,0.9551724137931035,0.9566666666666667,0.9273690420668572,30,False,2300.0
3,paper_pa,paper_pa_15,15,36,808907875,3935278189,"[56, 80, 139, 186, 208, 218, 260, 316, 363, 394, 396, 417, 444, 446, 461, 466, 511, 536, 577, 598]","[454, 215, 398, 263, 413, 241, 136, 506, 373, 159, 564, 254, 28, 298, 267, 405, 456, 25, 270, 23]",600,20,0.62,,,,,,,0.0,1.0,0.005,,,4.96,0.8079390732500888,1.0,0.13333333333333333,4.25,0.0014644233564731018,0.002881285214783654,0.13448275862068965,0.010344827586206896,0.0017241379310344827,0.0,2.274137931034483,4.0,0.0,0.19137931034482758,6.239655172413793,0.1273420012062789,0.7496158656423084,0.004301780091253775,4.0,0.8113599428104827,0.05517241379310345,0.13620689655172413,0.165,0.9707069168798625,30,False,1448.0
3,paper_pa,paper_pa_15,15,37,808907875,1523823644,"[64, 66, 117, 139, 156, 159, 163, 202, 211, 219, 251, 257, 332, 357, 388, 406, 421, 437, 511, 544]","[542, 7, 128, 398, 101, 182, 114, 109, 26, 227, 100, 57, 149, 558, 102, 324, 236, 216, 456, 6]",600,20,0.62,,,,,,,0.0,1.0,0.005,,,4.96,0.8079390732500888,1.0,0.13333333333333333,4.4,0.0014990830954483704,0.0030988513160061025,0.12931034482758622,0.013793103448275862,0.0017241379310344827,0.0,2.3051724137931036,4.0,0.0,0.20862068965517241,6.31551724137931,0.12405441085856805,0.7585492227979275,0.006831662489557225,3.8157894736842106,0.8113599428104825,0.06551724137931035,0.32068965517241377,0.3433333333333333,0.9648574169259518,30,True,1548.0
3,paper_pa,paper_pa_15,15,38,808907875,286274899,"[123, 146, 171, 196, 206, 231, 234, 248, 321, 330, 336, 352, 367, 400, 406, 478, 493, 512, 542, 562]","[458, 347, 583, 189, 93, 36, 439, 157, 484, 556, 586, 372, 515, 285, 324, 145, 354, 494, 457, 284]",600,20,0.62,,,,,,,0.0,1.0,0.005,,,4.96,0.8079390732500888,1.0,0.13333333333333333,4.6,0.0015821211879510748,0.003207076456274594,0.1396551724137931,0.008620689655172414,0.0,0.0,2.2655172413793103,4.0,0.0,0.08448275862068966,5.879310344827586,0.1309366191615464,0.7407480197724972,0.002934419381787803,3.9526315789473685,0.8776770591151437,0.06551724137931035,0.3568965517241379,0.37833333333333335,0.9745539161376655,30,False,1576.0
3,paper_pa,paper_pa_15,15,39,808907875,1837165150,"[31, 69, 70, 79, 118, 120, 126, 199, 224, 317, 423, 428, 435, 458, 515, 540, 541, 549, 556, 573]","[77, 47, 565, 89, 571, 521, 175, 328, 279, 232, 523, 75, 223, 115, 386, 233, 154, 397, 488, 72]",600,20,0.62,,,,,,,0.0,1.0,0.005,,,4.96,0.8079390732500888,1.0,0.13333333333333333,4.35,0.0014795181040329018,0.004153133820582094,0.13448275862068965,0.010344827586206896,0.0017241379310344827,0.0,2.2896551724137932,4.0,0.0,0.18448275862068966,6.855172413793103,0.12498393627924502,0.7498004883568579,0.010026486671223514,3.789473684210526,0.8392542373755957,0.06896551724137931,0.4051724137931034,0.425,0.9839097911026329,30,False,1608.0
3,paper_pa,paper_pa_15,15,40,808907875,267366145,"[34, 36, 83, 105, 134, 138, 164, 178, 272, 273, 360, 416, 418, 420, 424, 428, 473, 483, 495, 516]","[422, 54, 276, 380, 551, 107, 339, 376, 594, 581, 173, 442, 200, 568, 224, 75, 304, 334, 278, 132]",600,20,0.62,,,,,,,0.0,1.0,0.005,,,4.96,0.8079390732500888,1.0,0.13333333333333333,5.45,0.0018010645767888487,0.006678023426683362,0.15862068965517243,0.015517241379310345,0.0017241379310344827,0.0,2.1620689655172414,4.0,0.0,0.22586206896551725,7.341379310344828,0.14472940996971778,0.7088618902983741,0.007174112437270332,3.7263157894736842,0.8776770591151436,0.06206896551724138,0.5706896551724138,0.585,0.9861852498725057,30,False,1836.0
3,paper_pa,paper_pa_15,15,41,808907875,2018408992,"[9, 19, 35, 73, 88, 181, 227, 275, 277, 288, 339, 346, 353, 377, 450, 454, 534, 552, 566, 571]","[256, 467, 567, 275, 220, 203, 165, 152, 70, 497, 513, 338, 430, 360, 266, 409, 503, 437, 445, 533]",600,20,0.62,,,,,,,0.0,1.0,0.005,,,4.96,0.8079390732500888,1.0,0.13333333333333333,5.2,0.0017565180624850587,0.005890790136688246,0.15517241379310345,0.013793103448275862,0.0034482758620689655,0.0,2.217241379310345,4.0,0.0,0.1896551724137931,7.2620689655172415,0.1383768746389503,0.7152105294503007,0.01554469507101086,3.7,0.8845142993313864,0.06551724137931035,0.4017241379310345,0.4216666666666667,0.9781706670764834,30,False,1626.0
3,paper_pa,paper_pa_15,15,42,808907875,1711223840,"[12, 41, 60, 131, 160, 188, 196, 213, 216, 237, 310, 410, 422, 463, 481, 502, 515, 516, 543, 582]","[58, 387, 188, 134, 190, 291, 189, 71, 491, 144, 261, 22, 160, 9, 470, 210, 386, 132, 401, 2]",600,20,0.62,,,,,,,0.0,1.0,0.005,,,4.96,0.8079390732500888,1.0,0.13333333333333333,5.1,0.0017239877425241257,0.004060530525180942,0.15689655172413794,0.017241379310344827,0.0017241379310344827,0.0,2.18448275862069,4.0,0.0,0.14655172413793102,6.279310344827586,0.14506910304318227,0.7116193198737419,0.006717171717171717,3.836842105263158,0.7450428265058214,0.08103448275862069,0.9534482758620689,0.955,0.9533894581254572,30,False,2298.0
3,paper_pa,paper_pa_15,15,43,808907875,3546114599,"[34, 35, 45, 56, 63, 96, 98, 106, 155, 273, 298, 320, 334, 345, 437, 464, 482, 517, 523, 531]","[422, 567, 98, 454, 357, 240, 141, 530, 475, 581, 248, 183, 230, 86, 216, 532, 526, 307, 287, 312]",600,20,0.62,,,,,,,0.0,1.0,0.005,,,4.96,0.8079390732500888,1.0,0.13333333333333333,4.1,0.0014237846918098763,0.0034787555458297022,0.1310344827586207,0.010344827586206896,0.0,0.0,2.293103448275862,4.0,0.0,0.08620689655172414,5.334482758620689,0.12184395712220895,0.7556965040795665,0.005277777777777778,4.08421052631579,0.8218884699849178,0.05344827586206897,0.4206896551724138,0.44,0.9681239579804242,30,False,1644.0
3,paper_pa,paper_pa_15,15,44,808907875,3789807101,"[17, 24, 64, 83, 115, 229, 284, 296, 316, 347, 374, 390, 395, 397, 423, 465, 472, 510, 526, 551]","[147, 229, 542, 276, 56, 88, 336, 590, 506, 127, 368, 207, 73, 53, 523, 404, 280, 92, 264, 314]",600,20,0.62,,,,,,,0.0,1.0,0.005,,,4.96,0.8079390732500888,1.0,0.13333333333333333,4.0,0.0013968450256571499,0.0035181487699400098,0.11896551724137931,0.01206896551724138,0.0034482758620689655,0.0,2.2672413793103448,4.0,0.0,0.20172413793103447,6.036206896551724,0.11511237165853802,0.776594604252278,0.0073414597098807625,4.036842105263158,0.9334656482453696,0.05344827586206897,0.9655172413793104,0.9666666666666667,0.942499415948987,30,False,2300.0
3,paper_pa,paper_pa_15,15,45,808907875,3834227112,"[5, 150, 210, 254, 264, 270, 279, 296, 338, 341, 357, 395, 410, 427, 467, 496, 507, 515, 522, 579]","[591, 209, 550, 303, 582, 574, 318, 590, 504, 311, 558, 73, 22, 370, 327, 52, 31, 386, 570, 63]",600,20,0.62,,,,,,,0.0,1.0,0.005,,,4.96,0.8079390732500888,1.0,0.13333333333333333,4.05,0.0014097498988343607,0.0019394316802741531,0.12413793103448276,0.013793103448275862,0.0017241379310344827,0.0,2.2982758620689654,4.0,0.0,0.11724137931034483,5.660344827586207,0.12080869203352282,0.7674647132392353,0.006117376775271513,4.005263157894737,0.9160998808546916,0.06724137931034482,0.9568965517241379,0.9583333333333334,0.9396195828448981,30,False,2300.0
3,paper_pa,paper_pa_15,15,46,808907875,1495882157,"[3, 69, 71, 89, 163, 198, 203, 211, 230, 248, 259, 366, 390, 408, 479, 486, 488, 514, 549, 555]","[320, 47, 455, 486, 114, 391, 82, 26, 563, 157, 453, 555, 207, 68, 201, 176, 32, 369, 397, 255]",600,20,0.62,,,,,,,0.0,1.0,0.005,,,4.96,0.8079390732500888,1.0,0.13333333333333333,5.35,0.0017897627049733654,0.00417887846925757,0.15862068965517243,0.017241379310344827,0.0017241379310344827,0.0,2.2517241379310344,4.0,0.0,0.2189655172413793,6.705172413793103,0.14545758316079094,0.7087904234411292,0.006385113424587108,3.7,0.9718884699849176,0.05517241379310345,0.3706896551724138,0.39166666666666666,0.9777942500077188,30,False,1626.0
3,paper_pa,paper_pa_15,15,47,808907875,2251261339,"[16, 49, 108, 121, 271, 298, 304, 305, 367, 394, 403, 407, 435, 476, 528, 534, 535, 572, 575, 581]","[598, 0, 286, 150, 335, 248, 253, 122, 515, 159, 531, 20, 223, 187, 60, 503, 481, 502, 110, 45]",600,20,0.62,,,,,,,0.0,1.0,0.005,,,4.96,0.8079390732500888,1.0,0.13333333333333333,4.2,0.001460064836841152,0.004008777180997945,0.13275862068965516,0.005172413793103448,0.0017241379310344827,0.0,2.320689655172414,4.0,0.0,0.18275862068965518,6.4879310344827585,0.12217650415652184,0.7528020963611458,0.005542702911123964,3.8,0.8987341134640139,0.056896551724137934,0.5758620689655173,0.59,0.9779258749913424,30,False,1812.0
3,paper_pa,paper_pa_15,15,48,808907875,1584656,"[26, 40, 43, 49, 90, 91, 196, 199, 256, 310, 342, 369, 373, 404, 467, 500, 507, 546, 547, 590]","[166, 258, 313, 0, 392, 593, 189, 328, 239, 261, 247, 51, 480, 560, 327, 302, 31, 301, 305, 237]",600,20,0.62,,,,,,,0.0,1.0,0.005,,,4.96,0.8079390732500888,1.0,0.13333333333333333,5.75,0.0018935179807205958,0.00562899152731842,0.17758620689655172,0.013793103448275862,0.0,0.0,2.1051724137931034,4.0,0.0,0.1396551724137931,6.663793103448276,0.16077946554368477,0.6773628729676613,0.0037531328320802005,3.694736842105263,0.8776770591151436,0.0603448275862069,0.746551724137931,0.755,0.9330181248951703,30,False,1994.0
3,paper_pa,paper_pa_15,15,49,808907875,143507381,"[5, 8, 15, 77, 82, 134, 181, 199, 207, 236, 324, 347, 408, 409, 412, 431, 447, 522, 557, 579]","[591, 476, 16, 331, 116, 551, 203, 328, 411, 249, 460, 127, 68, 69, 545, 202, 431, 570, 252, 63]",600,20,0.62,,,,,,,0.0,1.0,0.005,,,4.96,0.8079390732500888,1.0,0.13333333333333333,5.55,0.001868483394236556,0.006867824890937765,0.16206896551724137,0.017241379310344827,0.0017241379310344827,0.0,2.1534482758620688,4.0,0.0,0.2517241379310345,7.136206896551724,0.14862408695554763,0.7030849860044072,0.00573874901192809,3.668421052631579,0.8603112917244659,0.06551724137931035,0.9637931034482758,0.965,0.9240223749075085,30,False,2300.0
3,paper_pa,paper_pa_16,16,0,3423031039,3726523843,"[26, 46, 53, 54, 73, 122, 141, 146, 166, 195, 216, 270, 314, 316, 326, 334, 350, 378, 381, 592]","[90, 355, 199, 115, 552, 54, 127, 587, 338, 86, 22, 514, 586, 179, 380, 450, 309, 81, 108, 381]",600,20,0.62,,,,,,,0.0,1.0,0.005,,,4.963333333333333,0.7229411797156167,1.0,0.15,6.45,0.002063273349429061,0.007104777937464872,0.18448275862068966,0.022413793103448276,0.0034482758620689655,0.0,2.127586206896552,4.0,0.0,0.21551724137931033,7.322413793103448,0.16653134796539007,0.666392710380561,0.009116547195494562,3.5631578947368423,0.8015148325235026,0.07241379310344828,0.9741379310344828,0.975,0.9620401670690626,30,False,2298.0
3,paper_pa,paper_pa_16,16,1,3423031039,2181101813,"[8, 125, 134, 195, 219, 221, 226, 251, 252, 267, 277, 318, 362, 373, 482, 484, 534, 547, 550, 573]","[140, 550, 399, 86, 134, 57, 346, 583, 402, 345, 30, 515, 282, 417, 575, 96, 132, 19, 578, 286]",600,20,0.62,,,,,,,0.0,1.0,0.005,,,4.963333333333333,0.7229411797156167,1.0,0.15,5.35,0.0017703609748081135,0.005414401978438812,0.16551724137931034,0.015517241379310345,0.0,0.0,2.15,4.0,0.0,0.13620689655172413,6.2,0.15184373363653167,0.6972008814245727,0.00518157281315176,3.794736842105263,0.9145355626761097,0.06896551724137931,0.9706896551724138,0.9716666666666667,0.9215445411391556,30,False,2296.0
3,paper_pa,paper_pa_16,16,2,3423031039,950603497,"[11, 90, 116, 163, 245, 259, 276, 293, 317, 380, 382, 385, 419, 446, 477, 494, 525, 572, 573, 596]","[561, 344, 274, 310, 23, 93, 353, 157, 200, 124, 216, 518, 421, 7, 183, 435, 323, 403, 286, 304]",600,20,0.62,,,,,,,0.0,1.0,0.005,,,4.963333333333333,0.7229411797156167,1.0,0.15,4.35,0.0015027159082064052,0.0037678129109303036,0.1396551724137931,0.006896551724137931,0.0017241379310344827,0.0,2.220689655172414,4.0,0.0,0.14655172413793102,6.036206896551724,0.13067010538689086,0.7407420642010601,0.004906204906204906,3.942105263157895,0.7962403306359368,0.05862068965517241,0.2103448275862069,0.23666666666666666,0.9765945828985423,30,False,1490.0
3,paper_pa,paper_pa_16,16,3,3423031039,2937169921,"[28, 33, 37, 49, 108, 114, 120, 151, 161, 179, 215, 269, 313, 369, 433, 442, 451, 507, 516, 596]","[268, 20, 277, 368, 205, 48, 370, 506, 95, 149, 500, 463, 94, 21, 554, 147, 6, 585, 72, 304]",600,20,0.62,,,,,,,0.0,1.0,0.005,,,4.963333333333333,0.7229411797156167,1.0,0.15,4.9,0.0016149713244414474,0.004376696888152952,0.15172413793103448,0.013793103448275862,0.0,0.0,2.1534482758620688,4.0,0.0,0.12758620689655173,5.948275862068965,0.13945389946442976,0.7203859210291227,0.005550334168755221,3.9842105263157896,0.8436640866171592,0.0706896551724138,0.9758620689655172,0.9766666666666667,0.9471233328804374,30,False,2296.0
3,paper_pa,paper_pa_16,16,4,3423031039,2825350781,"[21, 33, 42, 53, 60, 82, 224, 239, 267, 277, 315, 328, 349, 369, 371, 392, 396, 402, 434, 591]","[545, 20, 336, 199, 516, 510, 99, 194, 345, 30, 24, 252, 26, 21, 206, 472, 229, 557, 357, 596]",600,20,0.62,,,,,,,0.0,1.0,0.005,,,4.963333333333333,0.7229411797156167,1.0,0.15,5.2,0.0017057549633703183,0.0056440857000019575,0.15344827586206897,0.010344827586206896,0.0017241379310344827,0.0,2.1482758620689655,4.0,0.0,0.16034482758620688,6.382758620689655,0.13995134447480323,0.7174915133107022,0.0047095594464015515,3.805263157894737,0.8875117472333778,0.07586206896551724,0.9724137931034482,0.9733333333333334,0.919765500118956,30,False,2298.0
3,paper_pa,paper_pa_16,16,5,3423031039,2272573702,"[15, 33, 90, 95, 100, 103, 150, 167, 184, 206, 271, 286, 362, 370, 387, 413, 423, 450, 473, 494]","[32, 20, 344, 198, 371, 456, 426, 152, 278, 592, 318, 584, 282, 28, 77, 139, 227, 315, 313, 435]",600,20,0.62,,,,,,,0.0,1.0,0.005,,,4.963333333333333,0.7229411797156167,1.0,0.15,4.75,0.001587538856720044,0.003953696139535258,0.14482758620689656,0.013793103448275862,0.0017241379310344827,0.0,2.196551724137931,4.0,0.0,0.15517241379310345,6.494827586206896,0.13651978303354434,0.7318503960455006,0.005878960221065484,3.731578947368421,0.8400879912521555,0.07413793103448275,0.9775862068965517,0.9783333333333334,0.9234780420083553,30,False,2296.0
3,paper_pa,paper_pa_16,16,6,3423031039,772304545,"[14, 61, 71, 73, 97, 115, 164, 167, 169, 219, 326, 336, 356, 360, 417, 421, 431, 465, 541, 550]","[71, 65, 141, 552, 521, 556, 299, 152, 39, 134, 380, 285, 446, 364, 236, 541, 431, 424, 296, 578]",600,20,0.62,,,,,,,0.0,1.0,0.005,,,4.963333333333333,0.7229411797156167,1.0,0.15,6.0,0.0019593856745773095,0.00759611705373243,0.17586206896551723,0.017241379310344827,0.0,0.0,2.122413793103448,4.0,0.0,0.15172413793103448,6.051724137931035,0.15229141214743191,0.6815019951164314,0.0032816213726520344,3.963157894736842,0.8773117769641325,0.0603448275862069,0.9603448275862069,0.9616666666666667,0.741564332973212,23,True,2296.0
3,paper_pa,paper_pa_16,16,7,3423031039,3375173614,"[38, 51, 59, 61, 90, 155, 181, 187, 208, 242, 257, 289, 291, 331, 369, 410, 438, 475, 543, 578]","[363, 145, 31, 65, 344, 112, 479, 440, 27, 100, 161, 366, 173, 322, 21, 317, 373, 164, 565, 512]",600,20,0.62,,,,,,,0.0,1.0,0.005,,,4.963333333333333,0.7229411797156167,1.0,0.15,4.9,0.0016155782853635593,0.004172248471405897,0.14655172413793102,0.020689655172413793,0.0017241379310344827,0.0,2.182758620689655,4.0,0.0,0.18448275862068966,6.477586206896552,0.13944161735159202,0.7289500327556429,0.006972904976000951,3.8263157894736843,0.860487931790646,0.0706896551724138,0.3706896551724138,0.39166666666666666,0.9741466660052538,30,False,1602.0
3,paper_pa,paper_pa_16,16,8,3423031039,4200001258,"[59, 130, 138, 143, 152, 163, 183, 222, 247, 296, 306, 308, 396, 427, 435, 469, 544, 556, 560, 564]","[31, 74, 520, 243, 398, 310, 422, 582, 125, 568, 36, 360, 229, 263, 5, 255, 458, 209, 405, 531]",600,20,0.62,,,,,,,0.0,1.0,0.005,,,4.963333333333333,0.7229411797156167,1.0,0.15,4.4,0.0014932689369379858,0.0029656276159663,0.12586206896551724,0.01896551724137931,0.0,0.0,2.282758620689655,4.0,0.0,0.14655172413793102,5.834482758620689,0.12281731783858241,0.7644571496635102,0.007389306599832915,3.8210526315789473,0.8334641163479138,0.08275862068965517,0.9706896551724138,0.9716666666666667,0.9338938749860972,30,False,2296.0
3,paper_pa,paper_pa_16,16,9,3423031039,3091040502,"[3, 10, 62, 69, 89, 99, 138, 155, 209, 239, 265, 282, 306, 348, 377, 381, 448, 480, 565, 568]","[14, 329, 103, 453, 428, 498, 520, 112, 449, 194, 259, 385, 36, 493, 581, 108, 491, 432, 348, 394]",600,20,0.62,,,,,,,0.0,1.0,0.005,,,4.963333333333333,0.7229411797156167,1.0,0.15,8.2,0.0025892281498294052,0.01331938713845312,0.2396551724137931,0.029310344827586206,0.0,0.0,2.024137931034483,4.0,0.0,0.24482758620689654,7.113793103448276,0.19424946262286685,0.5842058245488655,0.004439929727983503,3.6526315789473682,0.7758403900974462,0.06896551724137931,0.9689655172413794,0.97,0.9252912909723818,30,False,2298.0
3,paper_pa,paper_pa_16,16,10,3423031039,1555771913,"[73, 90, 133, 140, 207, 230, 243, 302, 387, 394, 439, 449, 468, 470, 490, 499, 503, 504, 508, 535]","[552, 344, 182, 177, 486, 388, 459, 377, 77, 70, 546, 8, 524, 468, 387, 507, 477, 201, 12, 168]",600,20,0.62,,,,,,,0.0,1.0,0.005,,,4.963333333333333,0.7229411797156167,1.0,0.15,4.2,0.0014402690539072668,0.0024783903837261026,0.1310344827586207,0.006896551724137931,0.0,0.0,2.2482758620689656,4.0,0.0,0.09482758620689655,5.458620689655173,0.12306726436514082,0.7556429039366327,0.003082706766917293,3.931578947368421,0.8875117472333778,0.0603448275862069,0.3448275862068966,0.36666666666666664,1.0386820409912616,30,False,1572.0
3,paper_pa,paper_pa_16,16,11,3423031039,1730987687,"[39, 94, 109, 111, 116, 154, 197, 210, 290, 388, 398, 400, 418, 446, 477, 486, 496, 497, 498, 526]","[369, 242, 295, 339, 274, 267, 534, 270, 497, 367, 488, 76, 158, 7, 183, 101, 117, 481, 495, 244]",600,20,0.62,,,,,,,0.0,1.0,0.005,,,4.963333333333333,0.7229411797156167,1.0,0.15,4.25,0.001423282261098515,0.0023634770248075424,0.13793103448275862,0.005172413793103448,0.0,0.0,2.2155172413793105,5.0,0.0,0.10172413793103448,6.062068965517241,0.1285034040665827,0.7437198499195998,0.0020676691729323306,3.9263157894736844,0.8130641758094235,0.07586206896551724,0.9517241379310345,0.9533333333333334,0.8103879999835044,25,True,2282.0
3,paper_pa,paper_pa_16,16,12,3423031039,2778086182,"[1, 9, 26, 28, 49, 60, 73, 124, 165, 252, 283, 354, 369, 373, 400, 433, 462, 486, 504, 579]","[238, 264, 90, 268, 368, 516, 552, 461, 597, 402, 138, 148, 21, 417, 76, 554, 499, 101, 201, 419]",600,20,0.62,,,,,,,0.0,1.0,0.005,,,4.963333333333333,0.7229411797156167,1.0,0.15,6.65,0.0021608666274537747,0.009592883379766309,0.1879310344827586,0.02586206896551724,0.005172413793103448,0.0,2.1051724137931034,4.0,0.0,0.23275862068965517,6.7637931034482754,0.16877776756849355,0.6608897623726997,0.007167802851441296,3.7421052631578946,0.9145355626761099,0.07586206896551724,0.9672413793103448,0.9683333333333334,0.9481647089123726,30,False,2294.0
3,paper_pa,paper_pa_16,16,13,3423031039,3719738963,"[1, 15, 40, 76, 117, 154, 166, 172, 185, 225, 261, 265, 277, 336, 362, 378, 485, 489, 496, 509]","[238, 32, 563, 513, 223, 267, 338, 160, 576, 501, 599, 259, 30, 285, 282, 81, 171, 333, 117, 528]",600,20,0.62,,,,,,,0.0,1.0,0.005,,,4.963333333333333,0.7229411797156167,1.0,0.15,5.55,0.0018476556717712759,0.005069677908564637,0.16896551724137931,0.01206896551724138,0.0034482758620689655,0.0,2.189655172413793,5.0,0.0,0.19310344827586207,7.1482758620689655,0.1512847577650963,0.6917872669882675,0.008290782612191955,3.6842105263157894,0.8604879317906458,0.0706896551724138,0.9827586206896551,0.9833333333333333,0.9437776668928564,30,False,2298.0
3,paper_pa,paper_pa_16,16,14,3423031039,2522137955,"[12, 119, 122, 128, 161, 169, 229, 259, 298, 315, 319, 341, 376, 390, 427, 433, 451, 460, 533, 545]","[265, 142, 54, 503, 95, 39, 332, 93, 143, 24, 271, 0, 42, 308, 263, 554, 6, 44, 306, 137]",600,20,0.62,,,,,,,0.0,1.0,0.005,,,4.963333333333333,0.7229411797156167,1.0,0.15,5.45,0.001785673066074224,0.005531138415992743,0.15689655172413794,0.017241379310344827,0.0,0.0,2.1948275862068964,4.0,0.0,0.16034482758620688,6.105172413793103,0.14346230391371925,0.7118634983026622,0.004942591952613136,3.957894736842105,0.8941356221376192,0.05,0.296551724137931,0.32,0.9381401250138879,30,False,1534.0
3,paper_pa,paper_pa_16,16,15,3423031039,762120125,"[46, 65, 174, 176, 185, 311, 330, 332, 379, 383, 421, 438, 445, 502, 509, 517, 541, 561, 567, 599]","[355, 429, 533, 113, 576, 87, 572, 544, 351, 156, 541, 373, 109, 337, 528, 106, 296, 478, 519, 228]",600,20,0.62,,,,,,,0.0,1.0,0.005,,,4.963333333333333,0.7229411797156167,1.0,0.15,3.95,0.0013490618005150379,0.0027448794426874457,0.11896551724137931,0.017241379310344827,0.0,0.0,2.3017241379310347,4.0,0.0,0.08448275862068966,5.070689655172414,0.11572486456369883,0.7766005598237151,0.00686735778841042,4.094736842105263,0.8387386182354799,0.056896551724137934,0.6603448275862069,0.6716666666666666,0.954548167064786,30,False,1844.0
3,paper_pa,paper_pa_16,16,16,3423031039,3836573619,"[130, 142, 146, 173, 175, 195, 220, 242, 262, 298, 321, 332, 395, 443, 455, 470, 512, 518, 550, 573]","[74, 566, 587, 163, 16, 86, 154, 100, 326, 143, 210, 544, 559, 356, 508, 468, 569, 219, 578, 286]",600,20,0.62,,,,,,,0.0,1.0,0.005,,,4.963333333333333,0.7229411797156167,1.0,0.15,4.85,0.0015889060065769165,0.004392983290208414,0.14310344827586208,0.013793103448275862,0.0034482758620689655,0.0,2.217241379310345,4.0,0.0,0.23448275862068965,6.812068965517241,0.13497994850638262,0.7348460484783514,0.0063219236903447424,3.7526315789473683,0.7758403900974462,0.06379310344827586,0.9603448275862069,0.9616666666666667,0.9098662089090794,29,True,2296.0
3,paper_pa,paper_pa_16,16,17,3423031039,4170402849,"[62, 99, 156, 180, 233, 246, 258, 261, 269, 317, 340, 357, 375, 427, 451, 490, 522, 532, 567, 587]","[103, 498, 551, 484, 340, 251, 393, 599, 463, 200, 410, 234, 389, 263, 6, 387, 67, 68, 519, 181]",600,20,0.62,,,,,,,0.0,1.0,0.005,,,4.963333333333333,0.7229411797156167,1.0,0.15,3.85,0.0013293924780199658,0.0021352734657168167,0.12241379310344827,0.005172413793103448,0.0017241379310344827,0.0,2.2844827586206895,4.0,0.0,0.1413793103448276,5.620689655172414,0.11571630211846046,0.7706271216723245,0.003740601503759398,4.094736842105263,0.8773117769641325,0.05344827586206897,0.5051724137931034,0.5216666666666666,0.9612405409570783,30,False,1732.0
3,paper_pa,paper_pa_16,16,18,3423031039,2259213033,"[1, 36, 51, 61, 153, 160, 260, 275, 281, 365, 403, 413, 443, 451, 507, 508, 521, 551, 561, 576]","[238, 480, 145, 65, 536, 153, 430, 455, 105, 220, 383, 139, 356, 6, 585, 12, 178, 250, 478, 396]",600,20,0.62,,,,,,,0.0,1.0,0.005,,,4.963333333333333,0.7229411797156167,1.0,0.15,5.25,0.0017471929039331268,0.004153096263929844,0.15344827586206897,0.017241379310344827,0.0,0.0,2.170689655172414,4.0,0.0,0.15344827586206897,6.55,0.14100647055864818,0.7176165803108808,0.006637426900584795,3.736842105263158,0.8219147730619931,0.07586206896551724,0.9758620689655172,0.9766666666666667,0.9483082920778543,30,False,2298.0
3,paper_pa,paper_pa_16,16,19,3423031039,2824432705,"[35, 42, 64, 80, 93, 170, 182, 246, 309, 314, 377, 400, 409, 447, 531, 557, 571, 580, 581, 591]","[509, 336, 470, 118, 288, 535, 248, 251, 378, 586, 581, 76, 359, 352, 540, 465, 75, 341, 537, 596]",600,20,0.62,,,,,,,0.0,1.0,0.005,,,4.963333333333333,0.7229411797156167,1.0,0.15,4.65,0.0015651775932806222,0.004095215370908506,0.1482758620689655,0.008620689655172414,0.0,0.0,2.239655172413793,4.0,0.0,0.11896551724137931,6.174137931034482,0.13452965731588068,0.7262759811803943,0.004133439659755449,3.9263157894736844,0.8941356221376192,0.06551724137931035,0.9672413793103448,0.9683333333333334,0.9568905830383301,30,False,2288.0
3,paper_pa,paper_pa_16,16,20,3423031039,789449700,"[0, 86, 105, 120, 155, 157, 183, 185, 213, 222, 233, 298, 341, 352, 376, 388, 414, 518, 554, 560]","[539, 489, 53, 370, 112, 475, 422, 576, 555, 582, 340, 143, 0, 215, 42, 367, 85, 219, 61, 405]",600,20,0.62,,,,,,,0.0,1.0,0.005,,,4.963333333333333,0.7229411797156167,1.0,0.15,5.15,0.0017162753507627942,0.005766897895117564,0.16206896551724137,0.013793103448275862,0.0017241379310344827,0.0,2.156896551724138,4.0,0.0,0.1396551724137931,6.074137931034483,0.14499996969832094,0.7036567208623667,0.00389382060434692,3.9947368421052634,0.8604879317906458,0.06896551724137931,0.9706896551724138,0.9716666666666667,0.9664042498916388,30,False,2298.0
3,paper_pa,paper_pa_16,16,21,3423031039,3130485196,"[3, 4, 52, 67, 79, 136, 157, 219, 221, 222, 223, 262, 289, 317, 423, 458, 535, 536, 568, 588]","[14, 319, 59, 262, 202, 272, 475, 134, 57, 582, 434, 326, 366, 200, 227, 62, 168, 107, 394, 289]",600,20,0.62,,,,,,,0.0,1.0,0.005,,,4.963333333333333,0.7229411797156167,1.0,0.15,8.25,0.0025744499249922984,0.015463472262914554,0.2413793103448276,0.020689655172413793,0.0017241379310344827,0.0,1.953448275862069,4.0,0.0,0.2620689655172414,7.503448275862069,0.18913659487159007,0.5828658209755226,0.003820857473726592,3.568421052631579,0.8219147730619931,0.06206896551724138,0.25862068965517243,0.2833333333333333,0.9443622909020633,29,True,1512.0
3,paper_pa,paper_pa_16,16,22,3423031039,45630788,"[21, 59, 86, 137, 138, 185, 187, 197, 268, 333, 366, 421, 464, 468, 489, 517, 539, 551, 567, 592]","[545, 31, 489, 29, 520, 576, 440, 534, 560, 307, 92, 541, 89, 524, 333, 106, 312, 250, 519, 381]",600,20,0.62,,,,,,,0.0,1.0,0.005,,,4.963333333333333,0.7229411797156167,1.0,0.15,3.85,0.001350863893876271,0.002095412522566162,0.11896551724137931,0.010344827586206896,0.0034482758620689655,0.0,2.3189655172413794,4.0,0.0,0.09827586206896552,5.260344827586207,0.11478211050352433,0.7766065153951521,0.0065436318067897,4.057894736842106,0.8941356221376192,0.05517241379310345,0.9758620689655172,0.9766666666666667,0.9390172502025962,30,False,2298.0
3,paper_pa,paper_pa_16,16,23,3423031039,2889385137,"[8, 44, 46, 152, 155, 160, 179, 187, 205, 285, 292, 334, 358, 402, 413, 446, 461, 468, 481, 543]","[140, 517, 355, 398, 112, 153, 149, 440, 204, 354, 374, 450, 423, 557, 139, 7, 553, 524, 386, 565]",600,20,0.62,,,,,,,0.0,1.0,0.005,,,4.963333333333333,0.7229411797156167,1.0,0.15,4.25,0.001431475121621263,0.00259161380732629,0.12586206896551724,0.01206896551724138,0.0034482758620689655,0.0,2.320689655172414,4.0,0.0,0.1706896551724138,6.194827586206896,0.12108749479678509,0.7645226609493181,0.009143692564745197,3.8421052631578947,0.9211594375803512,0.05517241379310345,0.4396551724137931,0.4583333333333333,0.9500501661095768,30,False,1626.0
3,paper_pa,paper_pa_16,16,24,3423031039,167607642,"[12, 28, 97, 126, 137, 168, 185, 198, 212, 287, 365, 369, 376, 379, 412, 427, 431, 475, 524, 590]","[265, 268, 521, 522, 29, 443, 576, 504, 52, 445, 220, 21, 42, 351, 225, 263, 431, 164, 261, 170]",600,20,0.62,,,,,,,0.0,1.0,0.005,,,4.963333333333333,0.7229411797156167,1.0,0.15,6.15,0.001978721464752059,0.007212098588679693,0.1810344827586207,0.01896551724137931,0.0017241379310344827,0.0,2.113793103448276,4.0,0.0,0.16206896551724137,6.672413793103448,0.1620730170636465,0.6720326365314752,0.0065811096368371905,3.7,0.9043355924068645,0.06379310344827586,0.9827586206896551,0.9833333333333333,0.9511335839051753,30,False,2298.0
3,paper_pa,paper_pa_16,16,25,3423031039,3191096053,"[2, 24, 33, 57, 68, 179, 216, 272, 360, 380, 390, 443, 456, 466, 467, 471, 472, 492, 506, 599]","[80, 574, 20, 439, 302, 149, 22, 391, 364, 124, 308, 356, 349, 350, 384, 276, 43, 437, 494, 228]",600,20,0.62,,,,,,,0.0,1.0,0.005,,,4.963333333333333,0.7229411797156167,1.0,0.15,5.1,0.0016879794420535225,0.004967116255989661,0.15862068965517243,0.010344827586206896,0.0,0.0,2.1482758620689655,4.0,0.0,0.15517241379310345,6.087931034482758,0.1408003180926886,0.7094514918706449,0.002773790536948432,3.931578947368421,0.9313594078495965,0.06379310344827586,0.46206896551724136,0.48,0.9742288750130683,30,False,1678.0
3,paper_pa,paper_pa_16,16,26,3423031039,1908201928,"[3, 68, 94, 97, 121, 192, 194, 214, 251, 267, 274, 302, 306, 408, 420, 426, 476, 499, 511, 564]","[14, 302, 242, 521, 116, 222, 249, 192, 583, 345, 203, 377, 36, 433, 358, 66, 281, 507, 69, 531]",600,20,0.62,,,,,,,0.0,1.0,0.005,,,4.963333333333333,0.7229411797156167,1.0,0.15,7.65,0.002420462278774978,0.012990409759104593,0.2293103448275862,0.02586206896551724,0.0017241379310344827,0.0,1.993103448275862,4.0,0.0,0.253448275862069,7.270689655172414,0.1832617630995862,0.6006551128580787,0.005554573057144854,3.5894736842105264,0.757101779911283,0.06724137931034482,0.9862068965517241,0.9866666666666667,0.9152926669921726,30,False,2298.0
3,paper_pa,paper_pa_16,16,27,3423031039,1836268061,"[60, 78, 98, 104, 131, 144, 158, 174, 227, 240, 248, 257, 261, 293, 319, 364, 386, 431, 527, 556]","[516, 123, 320, 235, 452, 17, 325, 533, 462, 404, 492, 161, 599, 157, 271, 180, 412, 431, 176, 209]",600,20,0.62,,,,,,,0.0,1.0,0.005,,,4.963333333333333,0.7229411797156167,1.0,0.15,4.3,0.0014797324623006625,0.003208647254967799,0.1413793103448276,0.006896551724137931,0.0,0.0,2.182758620689655,4.0,0.0,0.12241379310344827,5.658620689655172,0.12997116760987262,0.7379548567685069,0.002671451355661882,4.152631578947369,0.8502879615214007,0.056896551724137934,0.9672413793103448,0.9683333333333334,0.9369106669910252,30,False,2296.0
3,paper_pa,paper_pa_16,16,28,3423031039,1508671662,"[14, 63, 80, 82, 88, 140, 194, 239, 241, 245, 291, 332, 334, 342, 379, 383, 453, 469, 478, 496]","[71, 119, 118, 510, 485, 177, 249, 194, 273, 23, 173, 544, 450, 598, 351, 156, 594, 255, 401, 117]",600,20,0.62,,,,,,,0.0,1.0,0.005,,,4.963333333333333,0.7229411797156167,1.0,0.15,6.75,0.0021497210018512104,0.008822821871883222,0.2,0.020689655172413793,0.0034482758620689655,0.0,2.089655172413793,4.0,0.0,0.22586206896551725,7.506896551724138,0.17358405762528098,0.6422845572032636,0.007127078759206993,3.457894736842105,0.8436640866171592,0.0706896551724138,0.9689655172413794,0.97,0.9032509999815375,30,False,2296.0
3,paper_pa,paper_pa_16,16,29,3423031039,4219942016,"[28, 57, 86, 100, 127, 170, 288, 292, 315, 329, 361, 380, 388, 395, 420, 431, 520, 521, 559, 577]","[268, 439, 489, 371, 186, 535, 436, 374, 24, 232, 343, 124, 367, 559, 358, 431, 184, 178, 409, 316]",600,20,0.62,,,,,,,0.0,1.0,0.005,,,4.963333333333333,0.7229411797156167,1.0,0.15,4.0,0.0013704056490030667,0.0023051458763686163,0.12758620689655173,0.008620689655172414,0.0017241379310344827,0.0,2.3379310344827586,4.0,0.0,0.09310344827586207,5.539655172413793,0.12145612586427901,0.7615567863736525,0.005074866653814023,4.042105263157895,0.9583832232923284,0.04827586206896552,0.24482758620689654,0.27,0.9604472080245614,30,False,1486.0
3,paper_pa,paper_pa_16,16,30,3423031039,1205744122,"[2, 23, 56, 79, 85, 86, 96, 208, 220, 232, 233, 266, 331, 335, 340, 356, 390, 426, 493, 579]","[80, 155, 121, 202, 482, 489, 34, 27, 154, 79, 340, 50, 322, 457, 410, 446, 308, 66, 126, 419]",600,20,0.62,,,,,,,0.0,1.0,0.005,,,4.963333333333333,0.7229411797156167,1.0,0.15,6.15,0.0020219759558554973,0.006546234958856223,0.1879310344827586,0.017241379310344827,0.0,0.0,2.0948275862068964,4.0,0.0,0.17413793103448275,6.086206896551724,0.16402318705020918,0.6614078970877255,0.0033726286899661514,3.9368421052631577,0.7590165449239595,0.07413793103448275,0.9620689655172414,0.9633333333333334,0.9344956669956446,30,False,2296.0
3,paper_pa,paper_pa_16,16,31,3423031039,3455340212,"[88, 90, 121, 136, 141, 274, 311, 347, 381, 402, 417, 461, 491, 497, 502, 516, 535, 539, 590, 599]","[485, 344, 116, 272, 127, 203, 87, 467, 108, 557, 236, 553, 60, 481, 337, 72, 168, 312, 170, 228]",600,20,0.62,,,,,,,0.0,1.0,0.005,,,4.963333333333333,0.7229411797156167,1.0,0.15,4.95,0.0016356291897779579,0.004368218853268129,0.15344827586206897,0.017241379310344827,0.0,0.0,2.1672413793103447,4.0,0.0,0.15,6.7620689655172415,0.14300530216811935,0.7173783574533976,0.006368193210298473,3.663157894736842,0.806440300905182,0.05172413793103448,0.30517241379310345,0.3283333333333333,0.9818105001468211,30,False,1576.0
3,paper_pa,paper_pa_16,16,32,3423031039,2536009135,"[21, 51, 57, 98, 189, 198, 213, 214, 242, 257, 270, 281, 289, 298, 342, 366, 457, 458, 520, 537]","[545, 145, 439, 320, 297, 504, 555, 192, 100, 161, 514, 105, 366, 143, 598, 92, 558, 62, 184, 47]",600,20,0.62,,,,,,,0.0,1.0,0.005,,,4.963333333333333,0.7229411797156167,1.0,0.15,5.15,0.00169180525049945,0.0044166073830608325,0.1482758620689655,0.01896551724137931,0.0,0.0,2.182758620689655,4.0,0.0,0.16896551724137931,6.86896551724138,0.14056588370088235,0.7260139360371628,0.0063177465809044755,3.7157894736842105,0.806440300905182,0.07931034482758621,0.9672413793103448,0.9683333333333334,0.9150272910483181,30,False,2298.0
3,paper_pa,paper_pa_16,16,33,3423031039,373898319,"[174, 206, 215, 218, 232, 367, 379, 388, 389, 400, 417, 478, 516, 518, 563, 584, 585, 593, 597, 599]","[533, 592, 500, 532, 79, 49, 351, 367, 166, 76, 236, 401, 72, 219, 416, 187, 579, 547, 193, 228]",600,20,0.62,,,,,,,0.0,1.0,0.005,,,4.963333333333333,0.7229411797156167,1.0,0.15,4.25,0.001427435002843284,0.0024892058436119854,0.12586206896551724,0.017241379310344827,0.0,0.0,2.3706896551724137,4.0,0.0,0.09137931034482759,5.396551724137931,0.12254031841967038,0.7644869275206956,0.007130194367036473,3.973684210526316,0.802864205540178,0.07241379310344828,0.46379310344827585,0.4816666666666667,0.9462726251222193,30,False,1714.0
3,paper_pa,paper_pa_16,16,34,3423031039,1102527116,"[37, 49, 74, 94, 147, 192, 205, 225, 280, 303, 305, 310, 348, 384, 457, 478, 488, 490, 524, 584]","[277, 368, 58, 242, 298, 222, 204, 501, 214, 562, 88, 379, 493, 471, 558, 401, 246, 387, 261, 187]",600,20,0.62,,,,,,,0.0,1.0,0.005,,,4.963333333333333,0.7229411797156167,1.0,0.15,4.9,0.001631227485713409,0.004644781363692058,0.13793103448275862,0.017241379310344827,0.0,0.0,2.231034482758621,4.0,0.0,0.16206896551724137,6.2827586206896555,0.1303506169662664,0.7437555833482222,0.006241645781119466,3.8105263157894735,0.8604879317906458,0.06206896551724138,0.4896551724137931,0.5066666666666667,0.960973999928683,30,False,1694.0
3,paper_pa,paper_pa_16,16,35,3423031039,3635480329,"[3, 114, 136, 138, 194, 224, 229, 314, 347, 372, 408, 422, 433, 438, 439, 511, 520, 527, 528, 546]","[14, 48, 272, 520, 249, 99, 332, 586, 467, 4, 433, 280, 554, 373, 546, 69, 184, 176, 448, 3]",600,20,0.62,,,,,,,0.0,1.0,0.005,,,4.963333333333333,0.7229411797156167,1.0,0.15,7.05,0.0022744749038284087,0.011689156259477588,0.19655172413793104,0.027586206896551724,0.0017241379310344827,0.0,2.1155172413793104,4.0,0.0,0.20344827586206896,6.3982758620689655,0.16263092395820988,0.6510452027872075,0.0051371576602193035,3.7578947368421054,0.7571017799112831,0.0706896551724138,0.9482758620689655,0.95,0.9515810001175851,30,False,2282.0
3,paper_pa,paper_pa_16,16,36,3423031039,1855831702,"[33, 52, 60, 77, 125, 135, 156, 180, 186, 206, 214, 304, 311, 325, 349, 505, 512, 532, 590, 594]","[20, 59, 516, 301, 550, 442, 551, 484, 83, 592, 192, 589, 87, 111, 26, 523, 569, 68, 170, 151]",600,20,0.62,,,,,,,0.0,1.0,0.005,,,4.963333333333333,0.7229411797156167,1.0,0.15,4.45,0.0014839560210422333,0.0033809620399505593,0.13448275862068965,0.010344827586206896,0.005172413793103448,0.0,2.239655172413793,4.0,0.0,0.17413793103448275,6.4206896551724135,0.1262447562782028,0.7497230659281758,0.006751976094081356,3.8157894736842106,0.8219147730619931,0.06379310344827586,0.9827586206896551,0.9833333333333333,0.9617982080671936,30,False,2298.0
3,paper_pa,paper_pa_16,16,37,3423031039,3129875224,"[78, 101, 143, 187, 219, 282, 317, 331, 352, 363, 379, 391, 442, 454, 464, 479, 554, 556, 572, 589]","[123, 595, 243, 440, 134, 385, 200, 322, 215, 185, 351, 588, 147, 548, 89, 13, 61, 209, 403, 334]",600,20,0.62,,,,,,,0.0,1.0,0.005,,,4.963333333333333,0.7229411797156167,1.0,0.15,3.7,0.0012699066887400668,0.00257252955108876,0.11724137931034483,0.0034482758620689655,0.0,0.0,2.3120689655172413,4.0,0.0,0.1,5.744827586206896,0.11160694595784795,0.7796438568280627,0.0014097744360902255,3.9947368421052634,0.8130641758094233,0.06551724137931035,0.9689655172413794,0.97,0.9562164999078959,30,False,2296.0
3,paper_pa,paper_pa_16,16,38,3423031039,961265386,"[12, 32, 39, 49, 84, 215, 232, 274, 328, 354, 394, 418, 425, 435, 446, 524, 546, 568, 591, 595]","[265, 502, 369, 368, 490, 500, 79, 203, 252, 148, 70, 158, 397, 5, 7, 261, 3, 394, 596, 207]",600,20,0.62,,,,,,,0.0,1.0,0.005,,,4.963333333333333,0.7229411797156167,1.0,0.15,5.85,0.001880068314678772,0.006414023150340437,0.18448275862068966,0.010344827586206896,0.0,0.0,2.1017241379310345,4.0,0.0,0.18448275862068966,6.825862068965518,0.16170830309683631,0.6665951998094217,0.002206078521867995,3.710526315789474,0.8015148325235026,0.06724137931034482,0.9637931034482758,0.965,0.941547250142321,30,False,2292.0
3,paper_pa,paper_pa_16,16,39,3423031039,3790419919,"[1, 38, 46, 83, 124, 219, 231, 235, 260, 272, 275, 294, 348, 369, 438, 562, 566, 581, 587, 591]","[238, 363, 355, 35, 461, 134, 9, 237, 430, 391, 455, 392, 493, 21, 373, 279, 82, 537, 181, 596]",600,20,0.62,,,,,,,0.0,1.0,0.005,,,4.963333333333333,0.7229411797156167,1.0,0.15,5.4,0.0017844781196310814,0.005439349444583644,0.16034482758620688,0.01896551724137931,0.0,0.0,2.1413793103448278,4.0,0.0,0.1706896551724138,6.746551724137931,0.14832659686766578,0.7058781490083974,0.005626756284651022,3.7421052631578946,0.8875117472333778,0.0603448275862069,0.9724137931034482,0.9733333333333334,0.9177676250692457,30,False,2298.0
3,paper_pa,paper_pa_16,16,40,3423031039,186932069,"[13, 41, 108, 201, 239, 268, 310, 318, 335, 337, 387, 407, 419, 420, 424, 460, 474, 496, 506, 548]","[98, 218, 205, 538, 194, 560, 379, 515, 457, 195, 77, 327, 421, 358, 342, 44, 474, 117, 494, 542]",600,20,0.62,,,,,,,0.0,1.0,0.005,,,4.963333333333333,0.7229411797156167,1.0,0.15,5.2,0.0017234931579417617,0.004146045940389388,0.1706896551724138,0.008620689655172414,0.0,0.0,2.160344827586207,4.0,0.0,0.15689655172413794,6.689655172413793,0.15328042057620223,0.688821392412602,0.002633346185977765,3.8105263157894735,0.8875117472333778,0.05862068965517241,0.9672413793103448,0.9683333333333334,0.9558121669106185,30,False,2298.0
3,paper_pa,paper_pa_16,16,41,3423031039,2276017225,"[22, 69, 93, 149, 183, 191, 199, 209, 210, 244, 284, 308, 316, 322, 406, 450, 454, 484, 514, 549]","[411, 453, 288, 305, 422, 447, 529, 449, 270, 196, 97, 360, 179, 487, 362, 315, 548, 96, 128, 46]",600,20,0.62,,,,,,,0.0,1.0,0.005,,,4.963333333333333,0.7229411797156167,1.0,0.15,5.7,0.0018567431740554145,0.008916975429585767,0.16551724137931034,0.020689655172413793,0.0034482758620689655,0.0,2.146551724137931,4.0,0.0,0.1724137931034483,6.301724137931035,0.14830355984992963,0.6981061282830088,0.007229886183328605,3.8684210526315788,0.8130641758094233,0.0603448275862069,0.17586206896551723,0.20333333333333334,0.982482000021264,30,False,1460.0
3,paper_pa,paper_pa_16,16,42,3423031039,589259338,"[70, 87, 123, 260, 299, 333, 335, 345, 401, 404, 409, 416, 424, 428, 453, 512, 518, 556, 596, 597]","[483, 571, 165, 430, 56, 307, 457, 382, 11, 564, 359, 245, 342, 303, 594, 569, 219, 209, 304, 193]",600,20,0.62,,,,,,,0.0,1.0,0.005,,,4.963333333333333,0.7229411797156167,1.0,0.15,4.05,0.0013719827771842745,0.0021406836418611727,0.12586206896551724,0.008620689655172414,0.0017241379310344827,0.0,2.2810344827586206,4.0,0.0,0.06896551724137931,5.791379310344827,0.12008795624124781,0.7645345720921922,0.004534442166021113,3.9473684210526314,0.8130641758094233,0.05517241379310345,0.9793103448275862,0.98,0.9616982080042362,30,False,2294.0
3,paper_pa,paper_pa_16,16,43,3423031039,1169503087,"[5, 21, 119, 140, 159, 163, 192, 206, 233, 333, 366, 380, 388, 391, 402, 427, 453, 495, 526, 578]","[331, 545, 142, 177, 130, 310, 222, 592, 340, 307, 92, 124, 367, 588, 557, 263, 594, 18, 244, 512]",600,20,0.62,,,,,,,0.0,1.0,0.005,,,4.963333333333333,0.7229411797156167,1.0,0.15,4.4,0.0014740868328760258,0.003659445072402818,0.13275862068965516,0.015517241379310345,0.0034482758620689655,0.0,2.2051724137931035,4.0,0.0,0.21551724137931033,7.055172413793104,0.12779224126029023,0.7525400512179143,0.00843812104648018,3.736842105263158,0.897711717502623,0.06551724137931035,0.30689655172413793,0.33,0.9722462499048561,30,False,1532.0
3,paper_pa,paper_pa_16,16,44,3423031039,2986320773,"[3, 57, 74, 89, 145, 152, 244, 253, 269, 283, 311, 315, 321, 458, 468, 494, 526, 538, 544, 592]","[14, 439, 58, 428, 573, 398, 196, 239, 463, 138, 87, 24, 210, 62, 524, 435, 244, 110, 458, 381]",600,20,0.62,,,,,,,0.0,1.0,0.005,,,4.963333333333333,0.7229411797156167,1.0,0.15,6.6,0.002134179936442847,0.011094305823596648,0.2103448275862069,0.01206896551724138,0.0017241379310344827,0.0,2.0844827586206898,4.0,0.0,0.1482758620689655,5.482758620689655,0.16242567006935665,0.6314513727592163,0.0035936279861435946,4.015789473684211,0.7744910170807707,0.06724137931034482,0.9362068965517242,0.9383333333333334,0.9406603330280632,30,False,2256.0
3,paper_pa,paper_pa_16,16,45,3423031039,3247668795,"[1, 50, 72, 115, 134, 157, 190, 203, 231, 280, 310, 329, 353, 435, 474, 483, 512, 578, 584, 587]","[238, 254, 150, 556, 399, 475, 38, 290, 9, 214, 379, 232, 33, 5, 474, 84, 569, 512, 187, 181]",600,20,0.62,,,,,,,0.0,1.0,0.005,,,4.963333333333333,0.7229411797156167,1.0,0.15,4.35,0.0015063060456538585,0.00380671752108354,0.12758620689655173,0.013793103448275862,0.0017241379310344827,0.0,2.236206896551724,4.0,0.0,0.12931034482758622,5.794827586206897,0.12089634832931183,0.7617294979453278,0.0052046001813803675,3.9473684210526314,0.784690987350016,0.07758620689655173,0.9586206896551724,0.96,0.7076973749790341,22,True,2294.0
3,paper_pa,paper_pa_16,16,46,3423031039,2383532872,"[26, 57, 62, 77, 108, 112, 242, 267, 360, 371, 388, 394, 398, 406, 409, 424, 479, 500, 508, 544]","[90, 439, 103, 301, 205, 159, 100, 345, 364, 206, 367, 70, 488, 362, 359, 342, 13, 253, 12, 458]",600,20,0.62,,,,,,,0.0,1.0,0.005,,,4.963333333333333,0.7229411797156167,1.0,0.15,5.35,0.0017237294497428712,0.005904384147760794,0.15344827586206897,0.020689655172413793,0.0034482758620689655,0.0,2.1879310344827587,4.0,0.0,0.19137931034482758,6.334482758620689,0.14051109100518616,0.7177535584539336,0.010367680067000298,3.8210526315789473,0.833464116347914,0.06896551724137931,0.9706896551724138,0.9716666666666667,0.9428576249629259,30,False,2298.0
3,paper_pa,paper_pa_16,16,47,3423031039,1597521092,"[12, 32, 143, 175, 177, 209, 229, 296, 329, 386, 439, 443, 470, 481, 508, 525, 534, 564, 574, 581]","[265, 502, 243, 16, 464, 449, 332, 568, 232, 412, 546, 356, 468, 386, 12, 323, 132, 531, 133, 537]",600,20,0.62,,,,,,,0.0,1.0,0.005,,,4.963333333333333,0.7229411797156167,1.0,0.15,5.35,0.0017423575297004935,0.004974889820952028,0.16034482758620688,0.01896551724137931,0.0017241379310344827,0.0,2.217241379310345,5.0,0.0,0.12758620689655173,6.196551724137931,0.1464957126266214,0.7061580608659401,0.006179840541295649,3.8210526315789473,0.9043355924068645,0.07758620689655173,0.9672413793103448,0.9683333333333334,0.9143521250225604,30,False,2296.0
3,paper_pa,paper_pa_16,16,48,3423031039,277293330,"[46, 87, 112, 158, 207, 249, 250, 269, 354, 357, 389, 399, 401, 446, 452, 464, 475, 480, 565, 592]","[355, 571, 159, 325, 486, 361, 300, 463, 148, 234, 166, 211, 11, 7, 120, 89, 164, 432, 348, 381]",600,20,0.62,,,,,,,0.0,1.0,0.005,,,4.963333333333333,0.7229411797156167,1.0,0.15,5.0,0.0016623374714172276,0.0034483339955127396,0.15862068965517243,0.010344827586206896,0.0,0.0,2.2327586206896552,4.0,0.0,0.09827586206896552,5.725862068965517,0.14525086127943532,0.7087308677267584,0.0033394675499938656,3.9789473684210526,0.8773117769641325,0.06724137931034482,0.4068965517241379,0.4266666666666667,0.956276125041768,30,False,1636.0
3,paper_pa,paper_pa_16,16,49,3423031039,1238242025,"[42, 49, 66, 89, 134, 190, 254, 281, 314, 352, 354, 367, 400, 434, 436, 442, 474, 506, 520, 591]","[336, 368, 191, 428, 399, 38, 418, 105, 586, 215, 148, 49, 76, 357, 189, 147, 474, 494, 184, 596]",600,20,0.62,,,,,,,0.0,1.0,0.005,,,4.963333333333333,0.7229411797156167,1.0,0.15,4.8,0.0016195100267865886,0.004696033727419696,0.14482758620689656,0.017241379310344827,0.0,0.0,2.2672413793103448,4.0,0.0,0.13448275862068965,5.767241379310345,0.13559093376157424,0.7320231076171758,0.005669398540915569,3.8842105263157896,0.8875117472333778,0.06724137931034482,0.3275862068965517,0.35,0.9727004580199718,30,False,1544.0
3,paper_pa,paper_pa_17,17,0,1574580315,1119963655,"[8, 68, 75, 135, 240, 281, 286, 306, 309, 350, 407, 409, 462, 474, 492, 504, 552, 573, 578, 582]","[26, 60, 427, 144, 324, 230, 561, 396, 262, 472, 534, 584, 209, 37, 588, 63, 161, 120, 291, 368]",600,20,0.62,,,,,,,0.0,1.0,0.005,,,5.02,0.7263145944601108,1.0,0.20666666666666667,4.55,0.0015420530691508724,0.003981965984976614,0.1482758620689655,0.008620689655172414,0.0,0.0,2.2155172413793105,4.0,0.0,0.0896551724137931,5.3293103448275865,0.13770130297498298,0.7260913584658448,0.0021216502795450166,4.152631578947369,0.8625893269767247,0.06551724137931035,0.9655172413793104,0.9666666666666667,0.9540666670072824,30,False,2368.0
3,paper_pa,paper_pa_17,17,1,1574580315,2126983597,"[50, 73, 75, 88, 172, 209, 220, 245, 250, 294, 300, 350, 351, 369, 462, 488, 506, 519, 567, 580]","[50, 366, 427, 590, 182, 301, 199, 11, 91, 355, 553, 472, 314, 175, 209, 134, 516, 316, 389, 226]",600,20,0.62,,,,,,,0.0,1.0,0.005,,,5.02,0.7263145944601108,1.0,0.20666666666666667,4.45,0.0015104500787391354,0.0018294466198528051,0.13793103448275862,0.01206896551724138,0.0,0.0,2.3241379310344827,4.0,0.0,0.05344827586206897,4.929310344827586,0.12970361870301686,0.7437258054910368,0.004707602339181286,4.157894736842105,0.8052722647911804,0.05862068965517241,0.3017241379310345,0.325,1.0271350420080125,30,False,1566.0
3,paper_pa,paper_pa_17,17,2,1574580315,3476389626,"[91, 98, 113, 122, 207, 222, 339, 357, 365, 367, 420, 422, 444, 445, 448, 483, 503, 514, 518, 529]","[295, 339, 287, 579, 189, 197, 505, 494, 178, 360, 403, 503, 439, 462, 481, 305, 269, 93, 587, 153]",600,20,0.62,,,,,,,0.0,1.0,0.005,,,5.02,0.7263145944601108,1.0,0.20666666666666667,5.05,0.0016624286255734993,0.003661298718070903,0.15,0.01206896551724138,0.0017241379310344827,0.0,2.222413793103448,4.0,0.0,0.16551724137931034,6.43448275862069,0.13853007849040766,0.7232624620332321,0.006788182577656262,3.789473684210526,0.810059419969286,0.07413793103448275,0.9758620689655172,0.9766666666666667,0.9316119579598308,30,False,2368.0
3,paper_pa,paper_pa_17,17,3,1574580315,3284249588,"[31, 74, 125, 169, 170, 207, 210, 213, 214, 216, 217, 288, 363, 375, 396, 413, 445, 491, 508, 529]","[181, 183, 21, 176, 24, 189, 56, 70, 559, 155, 10, 42, 544, 470, 362, 512, 462, 567, 565, 153]",600,20,0.62,,,,,,,0.0,1.0,0.005,,,5.02,0.7263145944601108,1.0,0.20666666666666667,4.6,0.0015371405789310023,0.0034832268569787222,0.13793103448275862,0.015517241379310345,0.0017241379310344827,0.0,2.2275862068965515,4.0,0.0,0.09482758620689655,6.075862068965518,0.13157392420919825,0.7436543386337919,0.006595655806182122,3.9,0.7738809238931357,0.0603448275862069,0.9724137931034482,0.9733333333333334,1.0544705840293318,30,False,2368.0
3,paper_pa,paper_pa_17,17,4,1574580315,1311972495,"[22, 65, 74, 125, 161, 176, 183, 201, 225, 361, 364, 408, 439, 449, 461, 466, 553, 558, 585, 587]","[193, 77, 183, 21, 279, 367, 528, 278, 459, 332, 337, 165, 16, 320, 327, 32, 22, 519, 372, 27]",600,20,0.62,,,,,,,0.0,1.0,0.005,,,5.02,0.7263145944601108,1.0,0.20666666666666667,3.65,0.0012887029618504754,0.0029826512794954426,0.10862068965517241,0.013793103448275862,0.0,0.0,2.356896551724138,5.0,0.0,0.10344827586206896,5.767241379310345,0.10656134998258335,0.7948782085641117,0.0066200758306021465,3.931578947368421,0.8264108309005742,0.06724137931034482,0.9637931034482758,0.965,1.2147380840033293,30,False,2364.0
3,paper_pa,paper_pa_17,17,5,1574580315,4153316886,"[2, 85, 126, 176, 181, 188, 196, 205, 234, 263, 300, 350, 402, 410, 417, 426, 484, 571, 584, 586]","[127, 469, 552, 367, 345, 241, 75, 460, 83, 465, 553, 472, 575, 540, 478, 361, 591, 525, 95, 135]",600,20,0.62,,,,,,,0.0,1.0,0.005,,,5.02,0.7263145944601108,1.0,0.20666666666666667,5.1,0.0016739478905493563,0.004226285841746928,0.15689655172413794,0.013793103448275862,0.0017241379310344827,0.0,2.1948275862068964,4.0,0.0,0.14482758620689656,6.067241379310345,0.1444074175270889,0.7116610088738015,0.004666451109949562,3.8526315789473684,0.731264559458128,0.09137931034482759,0.9741379310344828,0.975,0.918402292067185,30,False,2368.0
3,paper_pa,paper_pa_17,17,6,1574580315,667915340,"[4, 36, 44, 45, 73, 108, 275, 277, 282, 294, 306, 392, 398, 415, 419, 436, 462, 503, 579, 587]","[190, 370, 311, 194, 366, 549, 510, 245, 98, 355, 396, 471, 220, 402, 457, 6, 209, 269, 493, 27]",600,20,0.62,,,,,,,0.0,1.0,0.005,,,5.02,0.7263145944601108,1.0,0.20666666666666667,5.95,0.001950815857224075,0.005691719881578771,0.1793103448275862,0.017241379310344827,0.0017241379310344827,0.0,2.1758620689655173,4.0,0.0,0.19310344827586207,6.701724137931034,0.157303513004195,0.6755047346792925,0.007011278195488722,3.7736842105263158,0.8164972883281432,0.07931034482758621,0.603448275862069,0.6166666666666667,0.9642713339999318,30,False,1848.0
3,paper_pa,paper_pa_17,17,7,1574580315,2194479717,"[20, 31, 74, 84, 102, 219, 239, 280, 290, 326, 350, 357, 366, 387, 401, 429, 434, 485, 500, 587]","[112, 181, 183, 101, 476, 35, 14, 484, 414, 105, 472, 494, 298, 159, 430, 87, 64, 409, 467, 27]",600,20,0.62,,,,,,,0.0,1.0,0.005,,,5.02,0.7263145944601108,1.0,0.20666666666666667,4.15,0.0014402511835280058,0.0033593135582357346,0.12413793103448276,0.013793103448275862,0.0017241379310344827,0.0,2.2913793103448277,4.0,0.0,0.1482758620689655,6.243103448275862,0.12096922870188305,0.7674528020963611,0.006348563716984769,3.831578947368421,0.7540538387482733,0.06206896551724138,0.5913793103448276,0.605,0.9588978751562536,30,False,1812.0
3,paper_pa,paper_pa_17,17,8,1574580315,3158085950,"[25, 29, 46, 70, 80, 165, 185, 190, 202, 248, 260, 353, 432, 459, 461, 478, 497, 501, 554, 599]","[377, 547, 200, 118, 580, 158, 173, 310, 564, 90, 437, 513, 592, 67, 327, 218, 445, 232, 148, 306]",600,20,0.62,,,,,,,0.0,1.0,0.005,,,5.02,0.7263145944601108,1.0,0.20666666666666667,3.9,0.0013571097619374636,0.0032987619275612265,0.11896551724137931,0.008620689655172414,0.0,0.0,2.31551724137931,4.0,0.0,0.1103448275862069,5.844827586206897,0.11278225092781037,0.7766660711095229,0.005225943646996279,3.9526315789473685,0.8625893269767247,0.06551724137931035,0.8396551724137931,0.845,0.9409961658529937,30,False,2164.0
3,paper_pa,paper_pa_17,17,9,1574580315,1784843905,"[22, 49, 89, 109, 120, 147, 237, 252, 305, 351, 375, 392, 394, 395, 408, 446, 494, 527, 571, 585]","[193, 88, 128, 450, 594, 45, 599, 36, 210, 314, 470, 471, 257, 568, 165, 86, 433, 239, 525, 372]",600,20,0.62,,,,,,,0.0,1.0,0.005,,,5.02,0.7263145944601108,1.0,0.20666666666666667,5.0,0.0016649945740520914,0.005148058125366743,0.15517241379310345,0.010344827586206896,0.0,0.0,2.168965517241379,4.0,0.0,0.12586206896551724,6.429310344827586,0.142077284889799,0.7145732833065332,0.0035964912280701754,3.778947368421053,0.8328486992594312,0.06551724137931035,0.9689655172413794,0.97,0.9320849999785423,30,False,2368.0
3,paper_pa,paper_pa_17,17,10,1574580315,3292284993,"[49, 122, 178, 210, 212, 240, 253, 313, 322, 326, 348, 360, 390, 428, 492, 529, 536, 547, 550, 576]","[88, 579, 407, 56, 214, 324, 156, 522, 233, 105, 1, 354, 421, 8, 588, 153, 546, 572, 255, 256]",600,20,0.62,,,,,,,0.0,1.0,0.005,,,5.02,0.7263145944601108,1.0,0.20666666666666667,3.7,0.0012953607053959053,0.0017040097276846092,0.11551724137931034,0.008620689655172414,0.0,0.0,2.3793103448275863,4.0,0.0,0.07413793103448275,4.5327586206896555,0.10996777378135861,0.782746709546781,0.004444444444444445,4.247368421052632,0.8164972883281431,0.05,0.16551724137931034,0.19333333333333333,0.972125583095476,30,False,1438.0
3,paper_pa,paper_pa_17,17,11,1574580315,1096353698,"[2, 24, 33, 70, 144, 229, 239, 262, 292, 315, 324, 387, 391, 392, 412, 467, 536, 548, 572, 574]","[127, 556, 129, 118, 71, 348, 14, 94, 381, 595, 583, 159, 341, 471, 404, 292, 546, 464, 524, 81]",600,20,0.62,,,,,,,0.0,1.0,0.005,,,5.02,0.7263145944601108,1.0,0.20666666666666667,5.5,0.0018233688402689904,0.0047330403135799805,0.15862068965517243,0.020689655172413793,0.0034482758620689655,0.0,2.18448275862069,4.0,0.0,0.17413793103448275,6.386206896551724,0.1469383199753982,0.7087904234411292,0.008349980343014398,3.7157894736842105,0.8625893269767247,0.0603448275862069,0.9655172413793104,0.9666666666666667,0.9405660000629723,30,False,2368.0
3,paper_pa,paper_pa_17,17,12,1574580315,1987978767,"[19, 32, 105, 198, 236, 251, 263, 271, 275, 288, 299, 338, 397, 449, 456, 460, 474, 490, 588, 595]","[598, 589, 397, 323, 185, 388, 465, 7, 510, 42, 517, 380, 550, 320, 569, 359, 37, 334, 336, 100]",600,20,0.62,,,,,,,0.0,1.0,0.005,,,5.02,0.7263145944601108,1.0,0.20666666666666667,4.3,0.001466543442446935,0.0038786488960966627,0.13793103448275862,0.008620689655172414,0.0017241379310344827,0.0,2.220689655172414,4.0,0.0,0.10517241379310345,5.174137931034482,0.1261593785476506,0.7439938062057054,0.004655388471177945,4.2105263157894735,0.8001458773968549,0.06206896551724138,0.9758620689655172,0.9766666666666667,0.9296440000180155,30,False,2368.0
3,paper_pa,paper_pa_17,17,13,1574580315,2512725167,"[0, 38, 172, 218, 236, 237, 264, 267, 270, 287, 335, 403, 419, 487, 496, 502, 528, 542, 550, 567]","[168, 322, 182, 227, 185, 599, 382, 566, 441, 266, 299, 106, 457, 96, 576, 238, 19, 78, 255, 389]",600,20,0.62,,,,,,,0.0,1.0,0.005,,,5.02,0.7263145944601108,1.0,0.20666666666666667,5.7,0.0018586255026446636,0.011921897673817794,0.17413793103448275,0.022413793103448276,0.0,0.0,2.122413793103448,4.0,0.0,0.12931034482758622,5.518965517241379,0.15140273046162964,0.6846465368352094,0.003281803398189551,4.0473684210526315,0.8526757844042937,0.08793103448275862,0.9672413793103448,0.9683333333333334,0.9192468749824911,30,False,2368.0
3,paper_pa,paper_pa_17,17,14,1574580315,1127542128,"[7, 44, 96, 110, 132, 137, 177, 216, 226, 275, 313, 322, 346, 360, 365, 384, 389, 413, 473, 543]","[219, 311, 184, 392, 28, 300, 275, 155, 149, 510, 522, 233, 143, 354, 178, 246, 411, 512, 335, 458]",600,20,0.62,,,,,,,0.0,1.0,0.005,,,5.02,0.7263145944601108,1.0,0.20666666666666667,6.6,0.002113586489089179,0.010856584897269936,0.20172413793103447,0.017241379310344827,0.0017241379310344827,0.0,2.081034482758621,4.0,0.0,0.2189655172413793,6.403448275862069,0.16621620897987419,0.6418617116312311,0.0037220207004641493,3.831578947368421,0.7463044894248847,0.0896551724137931,0.9724137931034482,0.9733333333333334,0.8993577498476952,30,False,2368.0
3,paper_pa,paper_pa_17,17,15,1574580315,3291228920,"[32, 62, 79, 162, 201, 214, 224, 235, 246, 250, 257, 275, 295, 371, 389, 443, 483, 552, 575, 599]","[589, 474, 186, 442, 278, 559, 394, 61, 244, 91, 80, 510, 526, 113, 411, 558, 305, 161, 391, 306]",600,20,0.62,,,,,,,0.0,1.0,0.005,,,5.02,0.7263145944601108,1.0,0.20666666666666667,4.4,0.0014866120942729035,0.00405069998228989,0.12931034482758622,0.010344827586206896,0.0017241379310344827,0.0,2.2810344827586206,4.0,0.0,0.15172413793103448,5.9,0.12167758955352122,0.758739801083914,0.005095029239766082,3.942105263157895,0.8462379160454365,0.07413793103448275,0.9655172413793104,0.9666666666666667,0.943577665835619,30,False,2368.0
3,paper_pa,paper_pa_17,17,16,1574580315,2587984215,"[27, 56, 104, 142, 204, 233, 267, 272, 273, 320, 362, 373, 379, 466, 492, 508, 559, 564, 573, 596]","[15, 400, 124, 207, 363, 137, 566, 438, 325, 358, 468, 364, 545, 32, 588, 565, 285, 201, 120, 66]",600,20,0.62,,,,,,,0.0,1.0,0.005,,,5.02,0.7263145944601108,1.0,0.20666666666666667,5.0,0.0016436591310768085,0.004495730048172779,0.15,0.01206896551724138,0.0,0.0,2.2017241379310346,4.0,0.0,0.1396551724137931,6.522413793103448,0.1392897186370481,0.7232088618902984,0.0033501001922054555,3.7473684210526317,0.8427622418318625,0.056896551724137934,0.9672413793103448,0.9683333333333334,0.9235884170047939,30,False,2368.0
3,paper_pa,paper_pa_17,17,17,1574580315,1258866619,"[3, 34, 60, 84, 86, 98, 172, 204, 206, 257, 324, 351, 410, 418, 430, 449, 458, 502, 524, 584]","[284, 132, 139, 101, 131, 339, 182, 363, 518, 80, 583, 314, 540, 577, 387, 320, 99, 238, 104, 95]",600,20,0.62,,,,,,,0.0,1.0,0.005,,,5.02,0.7263145944601108,1.0,0.20666666666666667,4.65,0.0015593080345155173,0.003021249808434466,0.12586206896551724,0.01896551724137931,0.0034482758620689655,0.0,2.3086206896551724,4.0,0.0,0.19482758620689655,7.246551724137931,0.122441684939797,0.7645226609493181,0.013613199665831244,3.5210526315789474,0.7114374743132656,0.06724137931034482,0.9793103448275862,0.98,0.9276538749691099,30,False,2368.0
3,paper_pa,paper_pa_17,17,18,1574580315,3061992772,"[43, 69, 90, 98, 142, 253, 264, 272, 287, 337, 379, 383, 419, 422, 450, 467, 480, 504, 511, 547]","[497, 247, 338, 339, 207, 156, 382, 438, 266, 253, 545, 554, 457, 503, 138, 292, 204, 63, 542, 572]",600,20,0.62,,,,,,,0.0,1.0,0.005,,,5.02,0.7263145944601108,1.0,0.20666666666666667,3.75,0.0013068649020697724,0.002056512970901413,0.11551724137931034,0.010344827586206896,0.0,0.0,2.3517241379310345,4.0,0.0,0.10862068965517241,5.6017241379310345,0.11192226161330084,0.7826573759752248,0.004868421052631579,4.026315789473684,0.888854280480444,0.06724137931034482,0.9689655172413794,0.97,0.8963326250668615,30,False,2368.0
3,paper_pa,paper_pa_17,17,19,1574580315,1250671333,"[25, 48, 61, 73, 77, 98, 127, 132, 161, 263, 269, 280, 316, 356, 404, 437, 452, 459, 540, 584]","[377, 483, 152, 366, 69, 339, 443, 28, 279, 465, 171, 484, 17, 495, 231, 41, 47, 67, 225, 95]",600,20,0.62,,,,,,,0.0,1.0,0.005,,,5.02,0.7263145944601108,1.0,0.20666666666666667,4.55,0.0015292954408856944,0.0030983671803978393,0.1310344827586207,0.013793103448275862,0.0017241379310344827,0.0,2.2706896551724136,4.0,0.0,0.16551724137931034,6.775862068965517,0.12570940523419305,0.7555297480793282,0.007174054016159279,3.6526315789473682,0.7902323348244237,0.06206896551724138,0.9896551724137931,0.99,0.9413019169587642,30,False,2368.0
3,paper_pa,paper_pa_17,17,20,1574580315,222948795,"[2, 5, 17, 88, 99, 119, 208, 214, 224, 229, 237, 258, 286, 306, 332, 464, 534, 561, 594, 595]","[127, 297, 205, 590, 315, 162, 346, 559, 394, 348, 599, 234, 561, 396, 318, 54, 215, 164, 302, 100]",600,20,0.62,,,,,,,0.0,1.0,0.005,,,5.02,0.7263145944601108,1.0,0.20666666666666667,5.55,0.0018657284923262226,0.006991193859835887,0.16724137931034483,0.01206896551724138,0.005172413793103448,0.0,2.1758620689655173,4.0,0.0,0.20344827586206896,6.731034482758621,0.14704769147849664,0.6949258531356084,0.007248848856595169,3.6736842105263157,0.8151858073636116,0.06379310344827586,0.9655172413793104,0.9666666666666667,0.9566590830218047,30,False,2368.0
3,paper_pa,paper_pa_17,17,21,1574580315,2365605272,"[6, 7, 61, 100, 136, 150, 216, 250, 301, 378, 432, 452, 463, 471, 472, 479, 500, 504, 555, 582]","[268, 219, 152, 130, 498, 597, 155, 91, 203, 170, 592, 47, 31, 487, 167, 596, 467, 63, 515, 368]",600,20,0.62,,,,,,,0.0,1.0,0.005,,,5.02,0.7263145944601108,1.0,0.20666666666666667,6.1,0.0019740192960699585,0.010561813517326598,0.17758620689655172,0.02413793103448276,0.0017241379310344827,0.0,2.1241379310344826,4.0,0.0,0.17758620689655172,6.163793103448276,0.14955629526317224,0.6805193258293133,0.00611537682821551,3.857894736842105,0.8690271953355817,0.0706896551724138,0.9689655172413794,0.97,0.951181166106835,30,False,2368.0
3,paper_pa,paper_pa_17,17,22,1574580315,1135973015,"[115, 123, 125, 142, 277, 311, 339, 340, 347, 375, 409, 412, 514, 530, 538, 553, 555, 557, 560, 588]","[491, 582, 21, 207, 245, 79, 505, 444, 426, 470, 584, 404, 93, 34, 263, 22, 515, 260, 527, 336]",600,20,0.62,,,,,,,0.0,1.0,0.005,,,5.02,0.7263145944601108,1.0,0.20666666666666667,4.4,0.0014848213069713495,0.002346618788300947,0.1310344827586207,0.010344827586206896,0.0,0.0,2.360344827586207,4.0,0.0,0.09827586206896552,5.370689655172414,0.12377668117820101,0.7556369483651957,0.003369218500797448,4.147368421052631,0.8625893269767249,0.05862068965517241,0.9775862068965517,0.9783333333333334,0.991062207845971,30,False,2368.0
3,paper_pa,paper_pa_17,17,23,1574580315,3696380657,"[13, 27, 81, 117, 181, 200, 245, 264, 265, 284, 333, 335, 374, 430, 448, 480, 493, 522, 569, 570]","[74, 15, 477, 378, 345, 141, 11, 382, 326, 242, 504, 299, 172, 387, 481, 204, 356, 73, 486, 157]",600,20,0.62,,,,,,,0.0,1.0,0.005,,,5.02,0.7263145944601108,1.0,0.20666666666666667,4.7,0.0015730637246078663,0.004225375728497347,0.1482758620689655,0.008620689655172414,0.0017241379310344827,0.0,2.189655172413793,4.0,0.0,0.1413793103448276,6.494827586206896,0.1333682842660199,0.7265380263236257,0.004643854913938017,3.8421052631578947,0.8789407379080129,0.06206896551724138,0.9724137931034482,0.9733333333333334,1.0431770829018205,30,False,2368.0
3,paper_pa,paper_pa_17,17,24,1574580315,3731459246,"[31, 37, 50, 77, 92, 142, 163, 168, 187, 191, 275, 345, 400, 404, 407, 439, 514, 544, 552, 558]","[181, 585, 50, 69, 240, 207, 97, 393, 224, 221, 510, 501, 142, 231, 534, 16, 93, 85, 161, 519]",600,20,0.62,,,,,,,0.0,1.0,0.005,,,5.02,0.7263145944601108,1.0,0.20666666666666667,4.75,0.0015843855891739457,0.0035887121346600353,0.15,0.006896551724137931,0.0017241379310344827,0.0,2.239655172413793,4.0,0.0,0.1396551724137931,6.372413793103449,0.13673794051411273,0.7232803287475433,0.0060818713450292395,3.789473684210526,0.7790073112874611,0.06206896551724138,0.9689655172413794,0.97,1.0435123338829726,30,False,2368.0
3,paper_pa,paper_pa_17,17,25,1574580315,3171649137,"[41, 61, 128, 144, 158, 184, 190, 229, 294, 353, 410, 418, 468, 476, 480, 490, 499, 509, 565, 572]","[543, 152, 309, 71, 4, 351, 310, 348, 355, 513, 540, 577, 399, 89, 204, 334, 18, 264, 452, 524]",600,20,0.62,,,,,,,0.0,1.0,0.005,,,5.02,0.7263145944601108,1.0,0.20666666666666667,5.55,0.0018074321979537236,0.004561483188002313,0.16551724137931034,0.015517241379310345,0.0,0.0,2.132758620689655,4.0,0.0,0.1810344827586207,6.893103448275862,0.15156017305583713,0.697296170567566,0.005060757955494797,3.710526315789474,0.7114374743132656,0.07241379310344828,0.9672413793103448,0.9683333333333334,1.0664325000252575,30,False,2368.0
3,paper_pa,paper_pa_17,17,26,1574580315,2497247087,"[20, 26, 145, 178, 193, 215, 221, 228, 231, 243, 262, 327, 348, 351, 379, 420, 464, 477, 516, 571]","[112, 237, 151, 407, 398, 84, 502, 102, 169, 333, 94, 273, 1, 314, 545, 403, 54, 352, 423, 525]",600,20,0.62,,,,,,,0.0,1.0,0.005,,,5.02,0.7263145944601108,1.0,0.20666666666666667,4.75,0.001593081256525681,0.003940158106457696,0.14482758620689656,0.013793103448275862,0.0017241379310344827,0.0,2.2586206896551726,4.0,0.0,0.1,5.7620689655172415,0.13583698158624286,0.7319397296170568,0.005901079914237809,3.8947368421052633,0.7363909468524535,0.06551724137931035,0.846551724137931,0.8516666666666667,1.0504112502094358,30,False,2118.0
3,paper_pa,paper_pa_17,17,27,1574580315,1826549157,"[4, 14, 65, 66, 164, 175, 211, 213, 218, 259, 265, 266, 290, 297, 325, 387, 451, 478, 506, 528]","[190, 52, 77, 261, 250, 206, 571, 70, 227, 115, 326, 428, 414, 198, 353, 159, 329, 218, 516, 19]",600,20,0.62,,,,,,,0.0,1.0,0.005,,,5.02,0.7263145944601108,1.0,0.20666666666666667,5.65,0.0018662823882752877,0.006073461482398514,0.18275862068965518,0.01206896551724138,0.0,0.0,2.168965517241379,4.0,0.0,0.11896551724137931,6.196551724137931,0.15774207645201227,0.6700315645286166,0.0038948332369385004,3.8526315789473684,0.8513643034397621,0.07758620689655173,0.9672413793103448,0.9683333333333334,1.0052780827973038,30,False,2368.0
3,paper_pa,paper_pa_17,17,28,1574580315,3814789122,"[14, 49, 54, 119, 137, 180, 204, 239, 254, 299, 328, 361, 389, 426, 434, 440, 451, 541, 572, 584]","[52, 88, 405, 162, 300, 117, 363, 14, 455, 517, 39, 332, 411, 361, 64, 103, 329, 383, 524, 95]",600,20,0.62,,,,,,,0.0,1.0,0.005,,,5.02,0.7263145944601108,1.0,0.20666666666666667,4.9,0.00165555096442736,0.0028840336060109327,0.15,0.015517241379310345,0.0,0.0,2.2568965517241377,4.0,0.0,0.09655172413793103,5.067241379310345,0.1407341679108638,0.7231314394616163,0.0047992358518674305,4.036842105263158,0.8690271953355817,0.06551724137931035,0.9655172413793104,0.9666666666666667,1.0313638329971582,30,False,2368.0
3,paper_pa,paper_pa_17,17,29,1574580315,24188932,"[12, 20, 38, 40, 53, 85, 115, 119, 122, 164, 223, 358, 391, 406, 426, 447, 479, 527, 535, 559]","[223, 112, 322, 216, 174, 469, 491, 162, 579, 250, 431, 30, 341, 2, 361, 317, 596, 239, 482, 285]",600,20,0.62,,,,,,,0.0,1.0,0.005,,,5.02,0.7263145944601108,1.0,0.20666666666666667,4.55,0.001559446255762887,0.0035527221826855554,0.1413793103448276,0.010344827586206896,0.0017241379310344827,0.0,2.277586206896552,4.0,0.0,0.10862068965517241,5.739655172413793,0.12888307949550554,0.7382109463403014,0.0065705931495405176,3.8842105263157896,0.8789407379080129,0.07586206896551724,0.9810344827586207,0.9816666666666667,1.0249446670059115,30,False,2368.0
3,paper_pa,paper_pa_17,17,30,1574580315,2737204020,"[48, 93, 184, 207, 257, 273, 284, 327, 329, 350, 353, 378, 383, 400, 437, 443, 467, 518, 544, 567]","[483, 177, 351, 189, 80, 325, 242, 273, 536, 472, 513, 170, 554, 142, 41, 558, 292, 587, 85, 389]",600,20,0.62,,,,,,,0.0,1.0,0.005,,,5.02,0.7263145944601108,1.0,0.20666666666666667,5.05,0.0016913814439295555,0.002817658645182357,0.15,0.005172413793103448,0.0017241379310344827,0.0,2.263793103448276,4.0,0.0,0.14310344827586208,6.075862068965518,0.1367330889243042,0.7232386397474838,0.002700179937022042,3.8157894736842106,0.8939806678747697,0.0603448275862069,0.9206896551724137,0.9233333333333333,1.0758746250066906,30,False,2298.0
3,paper_pa,paper_pa_17,17,31,1574580315,3901111902,"[40, 88, 104, 114, 117, 173, 243, 259, 266, 278, 324, 369, 382, 388, 424, 468, 476, 558, 571, 582]","[216, 590, 124, 51, 378, 229, 333, 115, 428, 401, 583, 175, 461, 496, 25, 399, 89, 519, 525, 368]",600,20,0.62,,,,,,,0.0,1.0,0.005,,,5.02,0.7263145944601108,1.0,0.20666666666666667,4.55,0.0015231979544239151,0.00311604974937266,0.14482758620689656,0.01206896551724138,0.0,0.0,2.2189655172413794,4.0,0.0,0.08793103448275862,5.301724137931035,0.13295497331287803,0.732255374903222,0.0031655891781749907,4.163157894736842,0.7790073112874611,0.056896551724137934,0.4793103448275862,0.49666666666666665,1.0984444580972195,30,False,1704.0
3,paper_pa,paper_pa_17,17,32,1574580315,3151830189,"[48, 55, 78, 80, 113, 129, 153, 252, 291, 314, 361, 397, 436, 453, 460, 492, 495, 511, 523, 599]","[483, 509, 342, 580, 287, 48, 40, 36, 395, 319, 332, 550, 6, 12, 359, 588, 53, 542, 92, 306]",600,20,0.62,,,,,,,0.0,1.0,0.005,,,5.02,0.7263145944601108,1.0,0.20666666666666667,5.05,0.0016971158441642636,0.006009988914147351,0.15172413793103448,0.017241379310344827,0.0017241379310344827,0.0,2.1862068965517243,4.0,0.0,0.18620689655172415,6.491379310344827,0.13980776858726499,0.7204454767434936,0.0065299466615256095,3.8421052631578947,0.8427622418318625,0.06379310344827586,0.9551724137931035,0.9566666666666667,1.048636500025168,30,False,2362.0
3,paper_pa,paper_pa_17,17,33,1574580315,489469580,"[55, 75, 101, 112, 145, 155, 241, 286, 324, 337, 359, 392, 395, 417, 488, 542, 546, 549, 569, 598]","[509, 427, 125, 121, 151, 386, 446, 561, 583, 253, 475, 471, 568, 478, 134, 78, 180, 466, 486, 9]",600,20,0.62,,,,,,,0.0,1.0,0.005,,,5.02,0.7263145944601108,1.0,0.20666666666666667,4.3,0.0014698848636697823,0.0037242753689258846,0.1310344827586207,0.008620689655172414,0.0017241379310344827,0.0,2.2913793103448277,4.0,0.0,0.1310344827586207,5.651724137931034,0.12244257624374955,0.7557203263653147,0.005265737874097007,4.0473684210526315,0.8315372182948998,0.07758620689655173,0.9706896551724138,0.9716666666666667,1.0645470831077546,30,False,2368.0
3,paper_pa,paper_pa_17,17,34,1574580315,2476941070,"[19, 46, 136, 167, 238, 278, 289, 315, 319, 378, 408, 437, 447, 455, 503, 518, 528, 594, 596, 597]","[598, 200, 498, 304, 294, 401, 321, 595, 196, 170, 165, 41, 317, 208, 269, 587, 19, 302, 66, 274]",600,20,0.62,,,,,,,0.0,1.0,0.005,,,5.02,0.7263145944601108,1.0,0.20666666666666667,4.15,0.001400188778574709,0.00417900217965031,0.12931034482758622,0.013793103448275862,0.0,0.0,2.2517241379310344,4.0,0.0,0.13275862068965516,6.560344827586207,0.12337160941126656,0.758590911797987,0.007379053694843168,3.7736842105263158,0.8199729625417174,0.06206896551724138,0.5362068965517242,0.5516666666666666,1.125252583064139,30,False,1756.0
3,paper_pa,paper_pa_17,17,35,1574580315,3068522218,"[9, 26, 35, 64, 102, 109, 136, 224, 233, 240, 243, 258, 281, 378, 404, 434, 461, 529, 571, 597]","[192, 237, 33, 57, 476, 450, 498, 394, 137, 324, 333, 234, 230, 170, 231, 64, 327, 153, 525, 274]",600,20,0.62,,,,,,,0.0,1.0,0.005,,,5.02,0.7263145944601108,1.0,0.20666666666666667,4.55,0.001543059469002252,0.004835946921302754,0.14655172413793102,0.010344827586206896,0.0,0.0,2.196551724137931,4.0,0.0,0.10689655172413794,5.624137931034483,0.13362168140766567,0.7293847894705497,0.0030520746310219995,4.0473684210526315,0.7738809238931355,0.06896551724137931,0.9827586206896551,0.9833333333333333,1.0869481670670211,30,False,2368.0
3,paper_pa,paper_pa_17,17,36,1574580315,455821058,"[1, 18, 39, 43, 73, 91, 95, 100, 119, 130, 188, 263, 286, 342, 351, 396, 494, 565, 586, 594]","[119, 259, 59, 497, 366, 295, 350, 130, 162, 281, 241, 465, 561, 133, 314, 362, 433, 452, 135, 302]",600,20,0.62,,,,,,,0.0,1.0,0.005,,,5.02,0.7263145944601108,1.0,0.20666666666666667,5.95,0.0019391472267347432,0.008901195599074565,0.17413793103448275,0.01896551724137931,0.0017241379310344827,0.0,2.160344827586207,4.0,0.0,0.17413793103448275,6.286206896551724,0.14985883423871685,0.6849800488356858,0.005873485163651369,3.642105263157895,0.7476159703894162,0.05862068965517241,0.9086206896551724,0.9116666666666666,1.123576041078195,30,False,2282.0
3,paper_pa,paper_pa_17,17,37,1574580315,3056101185,"[5, 47, 75, 80, 122, 127, 168, 177, 186, 191, 237, 281, 351, 390, 437, 444, 464, 489, 526, 550]","[297, 343, 427, 580, 579, 443, 393, 275, 529, 221, 599, 230, 314, 421, 41, 439, 54, 286, 570, 255]",600,20,0.62,,,,,,,0.0,1.0,0.005,,,5.02,0.7263145944601108,1.0,0.20666666666666667,4.65,0.0015658714554943863,0.003909465757826266,0.13620689655172413,0.015517241379310345,0.0017241379310344827,0.0,2.268965517241379,4.0,0.0,0.1706896551724138,5.951724137931034,0.12811833869648553,0.7468107914954439,0.007928065543349886,3.863157894736842,0.7476159703894162,0.05344827586206897,0.9620689655172414,0.9633333333333334,1.105608459096402,30,False,2362.0
3,paper_pa,paper_pa_17,17,38,1574580315,4126821899,"[19, 31, 47, 63, 117, 120, 135, 141, 148, 245, 296, 311, 350, 385, 409, 419, 503, 514, 549, 557]","[598, 181, 343, 384, 378, 594, 144, 448, 55, 11, 581, 79, 472, 434, 584, 457, 269, 93, 466, 260]",600,20,0.62,,,,,,,0.0,1.0,0.005,,,5.02,0.7263145944601108,1.0,0.20666666666666667,5.45,0.0017907265150622076,0.004135396991311184,0.16724137931034483,0.01896551724137931,0.0017241379310344827,0.0,2.1534482758620688,4.0,0.0,0.1396551724137931,5.996551724137931,0.15294324341389448,0.6944970519921386,0.007074694311536417,3.8684210526315788,0.7213510168856968,0.06206896551724138,0.6293103448275862,0.6416666666666667,1.1251659591216594,30,False,1802.0
3,paper_pa,paper_pa_17,17,39,1574580315,3763838004,"[11, 59, 81, 102, 143, 153, 161, 168, 262, 292, 327, 331, 394, 408, 444, 461, 473, 552, 567, 578]","[265, 373, 477, 476, 38, 40, 279, 393, 94, 381, 273, 456, 257, 165, 439, 327, 335, 161, 389, 291]",600,20,0.62,,,,,,,0.0,1.0,0.005,,,5.02,0.7263145944601108,1.0,0.20666666666666667,4.9,0.0016045107935129936,0.004458461780798475,0.13793103448275862,0.010344827586206896,0.0017241379310344827,0.0,2.2241379310344827,4.0,0.0,0.15517241379310345,6.901724137931034,0.1288633189898766,0.7437972723482819,0.014116731221994378,3.4947368421052634,0.7902323348244237,0.05172413793103448,0.4017241379310345,0.4216666666666667,1.1330512498971075,30,False,1646.0
3,paper_pa,paper_pa_17,17,40,1574580315,1142452070,"[70, 74, 120, 150, 154, 175, 215, 221, 237, 297, 302, 339, 361, 375, 411, 465, 541, 557, 568, 586]","[118, 183, 594, 597, 248, 206, 84, 502, 599, 198, 29, 505, 332, 470, 114, 44, 383, 260, 258, 135]",600,20,0.62,,,,,,,0.0,1.0,0.005,,,5.02,0.7263145944601108,1.0,0.20666666666666667,4.35,0.0014888941515580213,0.0020424670303530483,0.13448275862068965,0.01206896551724138,0.0034482758620689655,0.0,2.2948275862068965,4.0,0.0,0.11379310344827587,5.598275862068966,0.1268245880171462,0.7496515990709308,0.007714799820062977,3.9105263157894736,0.8001458773968549,0.07758620689655173,0.9775862068965517,0.9783333333333334,1.1184322079643607,30,False,2368.0
3,paper_pa,paper_pa_17,17,41,1574580315,1056605247,"[86, 98, 120, 150, 184, 194, 224, 231, 268, 322, 341, 346, 402, 415, 443, 479, 557, 575, 585, 587]","[131, 339, 594, 597, 351, 447, 394, 169, 573, 233, 371, 143, 575, 402, 558, 596, 260, 391, 372, 27]",600,20,0.62,,,,,,,0.0,1.0,0.005,,,5.02,0.7263145944601108,1.0,0.20666666666666667,5.15,0.0016851251063361937,0.0030465893119822054,0.15344827586206897,0.015517241379310345,0.0017241379310344827,0.0,2.2448275862068967,4.0,0.0,0.15,6.206896551724138,0.14393059767624417,0.7172592460246561,0.0058979470821576094,3.831578947368421,0.7626559003561729,0.07586206896551724,0.9655172413793104,0.9666666666666667,1.1311472079250962,30,False,2368.0
3,paper_pa,paper_pa_17,17,42,1574580315,480818296,"[4, 9, 35, 85, 91, 134, 142, 149, 249, 251, 285, 290, 291, 346, 351, 384, 397, 420, 490, 566]","[190, 192, 33, 469, 295, 116, 207, 492, 82, 388, 560, 414, 395, 143, 314, 246, 550, 403, 334, 435]",600,20,0.62,,,,,,,0.0,1.0,0.005,,,5.02,0.7263145944601108,1.0,0.20666666666666667,5.75,0.0018972257901930679,0.005522331693667736,0.17586206896551723,0.013793103448275862,0.0017241379310344827,0.0,2.1482758620689655,4.0,0.0,0.12931034482758622,6.343103448275862,0.1554690726024087,0.6808885712584123,0.004558967449167086,3.721052631578947,0.7704052496795614,0.0706896551724138,0.9689655172413794,0.97,1.130749125033617,30,False,2368.0
3,paper_pa,paper_pa_17,17,43,1574580315,4044514382,"[32, 68, 77, 87, 94, 104, 123, 153, 289, 291, 294, 296, 313, 382, 479, 501, 517, 533, 584, 586]","[589, 60, 69, 236, 374, 124, 582, 40, 321, 395, 355, 581, 522, 461, 596, 232, 191, 307, 95, 135]",600,20,0.62,,,,,,,0.0,1.0,0.005,,,5.02,0.7263145944601108,1.0,0.20666666666666667,5.2,0.0017200397639289544,0.004631635768438327,0.16034482758620688,0.013793103448275862,0.0017241379310344827,0.0,2.1913793103448276,4.0,0.0,0.13448275862068965,6.146551724137931,0.14473756464709134,0.7061044607230064,0.006321069281595597,3.789473684210526,0.7902323348244238,0.05,0.44310344827586207,0.46166666666666667,1.164285667007789,30,False,1660.0
3,paper_pa,paper_pa_17,17,44,1574580315,1842925515,"[51, 69, 81, 87, 101, 129, 168, 194, 199, 228, 280, 314, 325, 331, 376, 407, 417, 426, 446, 577]","[68, 247, 477, 236, 125, 48, 393, 447, 5, 102, 484, 319, 353, 456, 422, 534, 478, 361, 86, 270]",600,20,0.62,,,,,,,0.0,1.0,0.005,,,5.02,0.7263145944601108,1.0,0.20666666666666667,5.4,0.0017482712961123966,0.004356203943495533,0.16206896551724137,0.017241379310344827,0.0017241379310344827,0.0,2.1862068965517243,4.0,0.0,0.17758620689655172,6.748275862068965,0.14990447680174204,0.7029480078613543,0.008003020371441424,3.663157894736842,0.7889208538598923,0.07931034482758621,0.9655172413793104,0.9666666666666667,1.134592083049938,30,False,2368.0
3,paper_pa,paper_pa_17,17,45,1574580315,3959159929,"[49, 53, 60, 78, 103, 106, 151, 158, 160, 206, 207, 240, 317, 328, 350, 408, 465, 490, 499, 506]","[88, 174, 139, 342, 293, 303, 271, 4, 480, 518, 189, 324, 420, 39, 472, 165, 44, 334, 18, 516]",600,20,0.62,,,,,,,0.0,1.0,0.005,,,5.02,0.7263145944601108,1.0,0.20666666666666667,5.45,0.0018000168405936147,0.005800634272375775,0.1482758620689655,0.032758620689655175,0.0034482758620689655,0.0,2.2155172413793105,4.0,0.0,0.19310344827586207,7.213793103448276,0.14355823631361145,0.7259305580370436,0.014719088621443194,3.536842105263158,0.7837944664655668,0.0706896551724138,0.3758620689655172,0.39666666666666667,1.141970583004877,29,True,1612.0
3,paper_pa,paper_pa_17,17,46,1574580315,2072725824,"[6, 21, 22, 111, 193, 252, 265, 282, 290, 292, 304, 365, 370, 376, 401, 437, 491, 523, 558, 570]","[268, 330, 193, 390, 398, 36, 326, 98, 414, 381, 473, 178, 376, 422, 430, 41, 567, 92, 519, 157]",600,20,0.62,,,,,,,0.0,1.0,0.005,,,5.02,0.7263145944601108,1.0,0.20666666666666667,4.55,0.0015400593955768697,0.004356593275679266,0.1396551724137931,0.010344827586206896,0.0,0.0,2.2189655172413794,4.0,0.0,0.13620689655172413,6.391379310344828,0.13084587567400302,0.7407837532011197,0.0033730158730158727,3.778947368421053,0.7902323348244238,0.05862068965517241,0.32241379310344825,0.345,1.1855994581710547,30,False,1562.0
3,paper_pa,paper_pa_17,17,47,1574580315,721690491,"[26, 43, 64, 75, 84, 130, 221, 242, 247, 268, 301, 325, 333, 464, 493, 495, 506, 508, 521, 588]","[237, 497, 57, 427, 101, 281, 502, 578, 288, 573, 203, 353, 504, 54, 356, 53, 516, 565, 511, 336]",600,20,0.62,,,,,,,0.0,1.0,0.005,,,5.02,0.7263145944601108,1.0,0.20666666666666667,6.05,0.0019437637806430485,0.006322700906434023,0.16896551724137931,0.027586206896551724,0.005172413793103448,0.0,2.1189655172413793,4.0,0.0,0.14655172413793102,6.686206896551724,0.1574942313960125,0.6916443332737776,0.010252505778821568,3.594736842105263,0.8100594199692861,0.07413793103448275,0.9827586206896551,0.9833333333333333,1.1756005000788718,30,False,2368.0
3,paper_pa,paper_pa_17,17,48,1574580315,3712648870,"[38, 39, 40, 54, 64, 72, 88, 97, 110, 193, 198, 234, 242, 254, 262, 276, 304, 332, 389, 411]","[322, 59, 216, 405, 57, 520, 590, 211, 392, 398, 323, 83, 578, 455, 94, 20, 473, 318, 411, 114]",600,20,0.62,,,,,,,0.0,1.0,0.005,,,5.02,0.7263145944601108,1.0,0.20666666666666667,6.45,0.0021036738358229997,0.007851868873588318,0.2,0.01896551724137931,0.0,0.0,2.0344827586206895,4.0,0.0,0.17586206896551723,6.834482758620689,0.17347938275898028,0.6420225120600321,0.0036777565759535933,3.794736842105263,0.6950860633819775,0.08275862068965517,0.9689655172413794,0.97,1.1831186669878662,30,False,2368.0
3,paper_pa,paper_pa_17,17,49,1574580315,1917016748,"[4, 11, 18, 27, 29, 122, 185, 228, 353, 383, 394, 426, 463, 481, 514, 540, 541, 548, 563, 590]","[190, 265, 259, 15, 547, 579, 173, 102, 513, 554, 257, 361, 31, 123, 93, 225, 383, 464, 217, 365]",600,20,0.62,,,,,,,0.0,1.0,0.005,,,5.02,0.7263145944601108,1.0,0.20666666666666667,5.15,0.0017196246806794832,0.004599388870816705,0.15862068965517243,0.01206896551724138,0.0,0.0,2.196551724137931,4.0,0.0,0.11206896551724138,5.906896551724138,0.14275526058445018,0.7092847358704067,0.002715774478932374,3.889473684210526,0.9413841874878828,0.0706896551724138,0.9637931034482758,0.965,4.401151500176638,30,False,2362.0
3,paper_pa,paper_pa_18,18,0,1594938011,2980539305,"[45, 68, 70, 76, 129, 134, 153, 174, 200, 339, 444, 453, 474, 480, 484, 540, 550, 574, 575, 592]","[440, 104, 413, 546, 206, 439, 115, 521, 158, 55, 295, 148, 38, 555, 509, 126, 453, 53, 120, 261]",600,20,0.62,,,,,,,0.0,1.0,0.005,,,4.778333333333333,0.764532492462372,1.0,0.15,4.45,0.001539073306634236,0.0038311437698699815,0.13793103448275862,0.010344827586206896,0.0017241379310344827,0.0,2.2724137931034485,4.0,0.0,0.16034482758620688,6.574137931034483,0.12939395811788743,0.7437615389196593,0.00936077080813923,3.7578947368421054,0.7460459299447973,0.06379310344827586,0.3810344827586207,0.40166666666666667,1.677952041849494,30,False,1580.0
3,paper_pa,paper_pa_18,18,1,1594938011,1917667052,"[118, 127, 137, 142, 187, 202, 211, 213, 226, 228, 232, 235, 339, 344, 369, 384, 411, 500, 528, 596]","[37, 561, 489, 411, 598, 181, 445, 426, 410, 215, 328, 397, 55, 179, 35, 386, 318, 472, 129, 533]",600,20,0.62,,,,,,,0.0,1.0,0.005,,,4.778333333333333,0.764532492462372,1.0,0.15,5.55,0.001884417362372885,0.005594761935983799,0.16724137931034483,0.020689655172413793,0.0,0.0,2.2086206896551723,4.0,0.0,0.10344827586206896,5.268965517241379,0.15362061359282392,0.6945446965636353,0.0055276481718129315,4.026315789473684,0.8366098361677539,0.06551724137931035,0.30517241379310345,0.3283333333333333,1.286900541977957,29,True,1494.0
3,paper_pa,paper_pa_18,18,2,1594938011,848827916,"[94, 112, 132, 180, 190, 199, 232, 278, 280, 410, 429, 438, 447, 489, 495, 499, 509, 563, 581, 584]","[242, 444, 114, 221, 551, 289, 328, 140, 153, 150, 562, 175, 33, 324, 421, 473, 322, 200, 403, 585]",600,20,0.62,,,,,,,0.0,1.0,0.005,,,4.778333333333333,0.764532492462372,1.0,0.15,4.65,0.0015961339857681282,0.0030665513843223502,0.13793103448275862,0.013793103448275862,0.0017241379310344827,0.0,2.310344827586207,5.0,0.0,0.09137931034482759,4.8982758620689655,0.13066212174326716,0.7436900720624144,0.005655996050732893,4.11578947368421,0.8259254240143371,0.05344827586206897,0.9827586206896551,0.9833333333333333,0.9454229169059545,30,False,2242.0
3,paper_pa,paper_pa_18,18,3,1594938011,48484562,"[4, 36, 42, 46, 64, 111, 141, 186, 196, 266, 315, 362, 365, 380, 441, 464, 489, 491, 537, 583]","[578, 405, 132, 245, 429, 494, 21, 530, 554, 541, 244, 545, 187, 17, 231, 526, 324, 296, 282, 274]",600,20,0.62,,,,,,,0.0,1.0,0.005,,,4.778333333333333,0.764532492462372,1.0,0.15,4.6,0.001602156581203776,0.0047204342968875,0.1413793103448276,0.017241379310344827,0.0,0.0,2.2413793103448274,4.0,0.0,0.10689655172413794,5.194827586206896,0.13138696283347157,0.7381990351974272,0.0050607042969743185,4.178947368421053,0.8960459299447971,0.06551724137931035,0.9413793103448276,0.9433333333333334,1.003987249918282,30,False,2188.0
3,paper_pa,paper_pa_18,18,4,1594938011,1684407714,"[42, 55, 70, 98, 151, 155, 160, 189, 251, 297, 307, 326, 387, 392, 476, 491, 498, 571, 581, 592]","[132, 311, 413, 384, 57, 408, 327, 520, 192, 10, 449, 98, 510, 100, 552, 296, 326, 448, 403, 261]",600,20,0.62,,,,,,,0.0,1.0,0.005,,,4.778333333333333,0.764532492462372,1.0,0.15,4.6,0.0015936142473701796,0.0030809869636582716,0.13448275862068965,0.013793103448275862,0.0034482758620689655,0.0,2.2672413793103448,4.0,0.0,0.1810344827586207,5.482758620689655,0.12484044641692374,0.7498064439282949,0.013987050960735171,3.963157894736842,0.8366098361677539,0.04655172413793104,0.646551724137931,0.6583333333333333,1.015897500095889,30,False,1820.0
3,paper_pa,paper_pa_18,18,5,1594938011,522207138,"[14, 72, 78, 104, 114, 125, 170, 206, 274, 315, 330, 331, 351, 364, 389, 399, 405, 441, 484, 538]","[237, 88, 572, 442, 474, 92, 118, 433, 529, 244, 315, 281, 109, 124, 400, 41, 22, 231, 509, 253]",600,20,0.62,,,,,,,0.0,1.0,0.005,,,4.778333333333333,0.764532492462372,1.0,0.15,4.95,0.0017014583558913575,0.0043121632510842904,0.14655172413793102,0.008620689655172414,0.0017241379310344827,0.0,2.2758620689655173,4.0,0.0,0.11551724137931034,5.415517241379311,0.1346553778925206,0.7292180334703114,0.004279638490164806,3.8789473684210525,0.8616098361677539,0.056896551724137934,0.4896551724137931,0.5066666666666667,0.9951922909822315,30,False,1698.0
3,paper_pa,paper_pa_18,18,6,1594938011,1699605094,"[51, 70, 85, 113, 139, 193, 235, 267, 321, 324, 343, 386, 400, 483, 485, 510, 538, 546, 548, 568]","[163, 413, 467, 68, 493, 90, 397, 154, 387, 121, 577, 406, 188, 108, 343, 336, 253, 173, 570, 61]",600,20,0.62,,,,,,,0.0,1.0,0.005,,,4.778333333333333,0.764532492462372,1.0,0.15,4.0,0.0013923519179628884,0.002142337114377003,0.11379310344827587,0.015517241379310345,0.0017241379310344827,0.0,2.35,5.0,0.0,0.16724137931034483,5.5,0.11331291097121111,0.7855815615508308,0.007360066833751044,3.9842105263157896,0.8521737423907105,0.06896551724137931,0.7379310344827587,0.7466666666666667,0.9670353340916336,30,False,1922.0
3,paper_pa,paper_pa_18,18,7,1594938011,619128923,"[16, 90, 106, 223, 224, 238, 254, 314, 323, 334, 352, 393, 447, 465, 466, 469, 474, 493, 514, 559]","[26, 214, 342, 409, 211, 418, 273, 302, 277, 73, 360, 76, 33, 226, 207, 507, 38, 452, 359, 228]",600,20,0.62,,,,,,,0.0,1.0,0.005,,,4.778333333333333,0.764532492462372,1.0,0.15,4.25,0.001503223466185657,0.003085598369864079,0.13275862068965516,0.013793103448275862,0.0,0.0,2.2913793103448277,4.0,0.0,0.0896551724137931,5.596551724137931,0.1269336695258766,0.7525638735036627,0.0054657477025898075,3.968421052631579,0.8116098361677538,0.06551724137931035,0.5,0.5166666666666667,1.344449874944985,30,False,1680.0
3,paper_pa,paper_pa_18,18,8,1594938011,3201432848,"[26, 28, 51, 173, 179, 196, 209, 225, 269, 284, 285, 330, 385, 400, 434, 440, 512, 540, 543, 549]","[212, 423, 163, 52, 560, 554, 492, 420, 27, 1, 205, 315, 519, 188, 480, 557, 254, 126, 125, 590]",600,20,0.62,,,,,,,0.0,1.0,0.005,,,4.778333333333333,0.764532492462372,1.0,0.15,4.65,0.001644935378403547,0.003840437893194753,0.1413793103448276,0.013793103448275862,0.0017241379310344827,0.0,2.277586206896552,4.0,0.0,0.16034482758620688,5.889655172413793,0.13293816087736587,0.737883389911262,0.006414995822890559,3.857894736842105,0.7616098361677538,0.05517241379310345,0.2396551724137931,0.265,1.05981900007464,30,False,1456.0
3,paper_pa,paper_pa_18,18,9,1594938011,3767101376,"[9, 60, 61, 120, 149, 159, 209, 273, 308, 313, 344, 353, 362, 437, 479, 485, 516, 570, 592, 595]","[583, 166, 30, 325, 64, 209, 492, 416, 364, 204, 179, 477, 545, 563, 135, 343, 63, 278, 261, 12]",600,20,0.62,,,,,,,0.0,1.0,0.005,,,4.778333333333333,0.764532492462372,1.0,0.15,4.65,0.0015935184849297616,0.0042003697086157605,0.1413793103448276,0.01206896551724138,0.0034482758620689655,0.0,2.274137931034483,5.0,0.0,0.19310344827586207,5.9431034482758625,0.13006511743249027,0.7380561014829373,0.007338231943495101,3.905263157894737,0.8210459299447972,0.06724137931034482,0.9741379310344828,0.975,0.96968291583471,30,False,2240.0
3,paper_pa,paper_pa_18,18,10,1594938011,1124671162,"[31, 41, 146, 168, 170, 206, 259, 323, 377, 378, 451, 457, 460, 484, 485, 515, 567, 573, 580, 594]","[306, 5, 361, 186, 118, 433, 29, 277, 167, 535, 89, 396, 141, 509, 343, 370, 412, 51, 454, 6]",600,20,0.62,,,,,,,0.0,1.0,0.005,,,4.778333333333333,0.764532492462372,1.0,0.15,4.45,0.0015452780431011628,0.003416918640070847,0.1310344827586207,0.015517241379310345,0.0034482758620689655,0.0,2.2758620689655173,4.0,0.0,0.11551724137931034,5.279310344827586,0.12486121552872281,0.7556012149365732,0.011178134730766308,3.973684210526316,0.8116098361677538,0.07586206896551724,0.9844827586206897,0.985,1.1147913329768926,30,False,2242.0
3,paper_pa,paper_pa_18,18,11,1594938011,1556613162,"[4, 44, 49, 80, 82, 143, 183, 297, 298, 334, 345, 354, 360, 398, 410, 421, 422, 490, 502, 583]","[578, 210, 290, 94, 229, 424, 47, 10, 332, 73, 356, 427, 310, 500, 150, 443, 425, 461, 246, 274]",600,20,0.62,,,,,,,0.0,1.0,0.005,,,4.778333333333333,0.764532492462372,1.0,0.15,5.45,0.001852088030146826,0.006619971771836199,0.15862068965517243,0.017241379310344827,0.0017241379310344827,0.0,2.220689655172414,4.0,0.0,0.19827586206896552,5.88103448275862,0.14470272962652822,0.7091239354416056,0.008401496164654059,3.805263157894737,0.7414893302372938,0.06724137931034482,0.9724137931034482,0.9733333333333334,1.095118833007291,30,False,2238.0
3,paper_pa,paper_pa_18,18,12,1594938011,733722810,"[1, 4, 6, 37, 40, 47, 60, 93, 106, 116, 178, 199, 202, 235, 237, 410, 468, 473, 474, 581]","[314, 578, 375, 144, 20, 415, 166, 575, 342, 435, 152, 289, 181, 397, 256, 150, 393, 50, 38, 403]",600,20,0.62,,,,,,,0.0,1.0,0.005,,,4.778333333333333,0.764532492462372,1.0,0.15,9.35,0.0030105810657659973,0.02392621646674541,0.2706896551724138,0.034482758620689655,0.0034482758620689655,0.0,1.943103448275862,4.0,0.0,0.296551724137931,7.018965517241379,0.20916465425204422,0.5410636650586623,0.00496463000927762,3.7,0.9304820237218405,0.08275862068965517,0.9637931034482758,0.965,1.0175388341303915,30,False,2220.0
3,paper_pa,paper_pa_18,18,13,1594938011,4240144403,"[9, 24, 59, 124, 165, 256, 320, 329, 374, 388, 391, 444, 463, 476, 485, 509, 519, 524, 579, 591]","[583, 329, 447, 2, 388, 162, 354, 402, 428, 197, 303, 295, 184, 552, 343, 322, 14, 16, 374, 236]",600,20,0.62,,,,,,,0.0,1.0,0.005,,,4.778333333333333,0.764532492462372,1.0,0.15,5.1,0.0017768318225524903,0.005849111297459496,0.15862068965517243,0.006896551724137931,0.0,0.0,2.1913793103448276,4.0,0.0,0.12931034482758622,5.427586206896552,0.1412204468362235,0.7091596688702281,0.0017947646895015315,3.973684210526316,0.8054820237218406,0.08103448275862069,0.46551724137931033,0.48333333333333334,0.9671092079952359,30,False,1642.0
3,paper_pa,paper_pa_18,18,14,1594938011,4187110011,"[15, 46, 74, 127, 134, 142, 216, 219, 231, 356, 363, 375, 456, 460, 467, 517, 543, 546, 586, 595]","[338, 245, 241, 561, 439, 411, 102, 66, 294, 367, 506, 589, 337, 141, 297, 119, 125, 173, 3, 12]",600,20,0.62,,,,,,,0.0,1.0,0.005,,,4.778333333333333,0.764532492462372,1.0,0.15,5.55,0.0018715632520040417,0.004163666397447276,0.1706896551724138,0.010344827586206896,0.0,0.0,2.1758620689655173,4.0,0.0,0.15,5.843103448275862,0.15269626340963025,0.6889524149842178,0.0030202784288656864,3.9105263157894736,0.8021737423907105,0.05862068965517241,0.5448275862068965,0.56,0.9900832090061158,30,False,1722.0
3,paper_pa,paper_pa_18,18,15,1594938011,2911401387,"[28, 37, 44, 100, 136, 151, 230, 242, 271, 274, 290, 297, 321, 358, 414, 422, 537, 565, 573, 577]","[423, 144, 210, 352, 422, 57, 345, 198, 471, 529, 394, 10, 387, 180, 283, 425, 282, 183, 51, 193]",600,20,0.62,,,,,,,0.0,1.0,0.005,,,4.778333333333333,0.764532492462372,1.0,0.15,4.05,0.0014531990683087543,0.002969346096807244,0.12758620689655173,0.008620689655172414,0.0,0.0,2.3189655172413794,4.0,0.0,0.1,5.151724137931034,0.12161666253263925,0.7615329640879043,0.0038264221158958007,4.094736842105263,0.7554820237218407,0.06206896551724138,0.3482758620689655,0.37,0.9627854579593986,30,False,1530.0
3,paper_pa,paper_pa_18,18,16,1594938011,2311993500,"[30, 113, 115, 144, 169, 182, 188, 233, 277, 282, 334, 339, 355, 358, 367, 415, 496, 529, 538, 599]","[566, 68, 543, 276, 110, 85, 379, 556, 599, 588, 73, 55, 470, 180, 255, 522, 134, 323, 253, 377]",600,20,0.62,,,,,,,0.0,1.0,0.005,,,4.778333333333333,0.764532492462372,1.0,0.15,5.05,0.001736172551251532,0.00488557342549851,0.1482758620689655,0.01896551724137931,0.0,0.0,2.2620689655172415,4.0,0.0,0.13620689655172413,5.675862068965517,0.13867390974057472,0.7262521588946459,0.005866788869884845,3.9526315789473685,0.786609836167754,0.05517241379310345,0.6137931034482759,0.6266666666666667,0.974916665814817,30,False,1804.0
3,paper_pa,paper_pa_18,18,17,1594938011,2331643825,"[25, 65, 90, 93, 94, 100, 122, 303, 319, 329, 347, 356, 375, 389, 397, 465, 470, 540, 572, 586]","[321, 305, 214, 575, 242, 352, 307, 182, 341, 402, 8, 367, 589, 400, 224, 226, 532, 126, 34, 3]",600,20,0.62,,,,,,,0.0,1.0,0.005,,,4.778333333333333,0.764532492462372,1.0,0.15,4.5,0.001566437401831358,0.0033051834022643696,0.1396551724137931,0.008620689655172414,0.0,0.0,2.274137931034483,4.0,0.0,0.08448275862068966,5.389655172413793,0.13025262350359476,0.7407658864868084,0.0027215766689450897,4.015789473684211,0.8054820237218405,0.06896551724137931,0.9758620689655172,0.9766666666666667,0.9232068748679012,30,False,2236.0
3,paper_pa,paper_pa_18,18,18,1594938011,215039855,"[7, 37, 50, 108, 124, 166, 168, 171, 197, 244, 281, 309, 330, 351, 359, 371, 390, 398, 450, 475]","[284, 144, 268, 147, 2, 464, 186, 87, 142, 490, 122, 488, 315, 109, 156, 582, 96, 500, 362, 456]",600,20,0.62,,,,,,,0.0,1.0,0.005,,,4.778333333333333,0.764532492462372,1.0,0.15,4.2,0.001511902298719084,0.0032996292349119606,0.13275862068965516,0.008620689655172414,0.0,0.0,2.3275862068965516,4.0,0.0,0.05862068965517241,4.643103448275862,0.1255044538708128,0.752587695789411,0.003114035087719298,4.226315789473684,0.8960459299447971,0.07586206896551724,0.9672413793103448,0.9683333333333334,0.9452359168790281,30,False,2236.0
3,paper_pa,paper_pa_18,18,19,1594938011,2326299984,"[23, 29, 40, 45, 59, 90, 94, 135, 152, 246, 247, 269, 326, 369, 405, 415, 452, 579, 582, 597]","[335, 391, 20, 440, 447, 214, 242, 155, 417, 137, 65, 27, 98, 35, 22, 522, 568, 374, 216, 542]",600,20,0.62,,,,,,,0.0,1.0,0.005,,,4.778333333333333,0.764532492462372,1.0,0.15,4.55,0.0015901413679962676,0.005017119424269611,0.15,0.0034482758620689655,0.0017241379310344827,0.0,2.2017241379310346,4.0,0.0,0.15517241379310345,5.9431034482758625,0.13343437043142656,0.7235483294622119,0.0043154454764361885,4.094736842105263,0.811609836167754,0.06896551724137931,0.2672413793103448,0.2916666666666667,0.9664020410273224,30,False,1458.0
3,paper_pa,paper_pa_18,18,20,1594938011,19831093,"[11, 58, 83, 89, 132, 150, 166, 232, 239, 292, 332, 344, 361, 425, 441, 464, 484, 510, 566, 596]","[270, 78, 567, 176, 114, 485, 464, 328, 301, 39, 159, 179, 293, 84, 231, 526, 509, 336, 286, 533]",600,20,0.62,,,,,,,0.0,1.0,0.005,,,4.778333333333333,0.764532492462372,1.0,0.15,4.9,0.0016756941690016923,0.003754522491564438,0.15,0.013793103448275862,0.0017241379310344827,0.0,2.2586206896551726,4.0,0.0,0.08620689655172414,5.294827586206897,0.14013254139138598,0.7231195283187422,0.004851771035981563,3.9789473684210526,0.8460459299447972,0.07758620689655173,0.45517241379310347,0.47333333333333333,0.9752432501409203,30,False,1636.0
3,paper_pa,paper_pa_18,18,21,1594938011,2458156660,"[51, 80, 91, 111, 124, 195, 227, 232, 307, 334, 345, 369, 433, 448, 466, 492, 526, 543, 578, 589]","[163, 94, 32, 494, 2, 441, 44, 328, 449, 73, 356, 35, 497, 213, 207, 536, 508, 125, 23, 46]",600,20,0.62,,,,,,,0.0,1.0,0.005,,,4.778333333333333,0.764532492462372,1.0,0.15,4.55,0.0015992947480898624,0.003985766748452233,0.12758620689655173,0.015517241379310345,0.0034482758620689655,0.0,2.3086206896551724,4.0,0.0,0.16896551724137931,5.370689655172414,0.12340709093696019,0.7615031862307189,0.008506683375104428,3.9368421052631577,0.8116098361677538,0.056896551724137934,0.46379310344827585,0.4816666666666667,1.0138254170306027,30,False,1624.0
3,paper_pa,paper_pa_18,18,22,1594938011,3453986503,"[4, 45, 104, 184, 205, 243, 245, 247, 286, 350, 380, 392, 397, 405, 442, 457, 462, 477, 511, 548]","[578, 440, 442, 208, 49, 457, 537, 65, 390, 436, 17, 100, 224, 22, 366, 396, 36, 172, 82, 570]",600,20,0.62,,,,,,,0.0,1.0,0.005,,,4.778333333333333,0.764532492462372,1.0,0.15,4.8,0.0016421530144629065,0.005184159506858978,0.1482758620689655,0.010344827586206896,0.0,0.0,2.196551724137931,4.0,0.0,0.14655172413793102,5.55,0.1351106832654742,0.7264903817521291,0.0028848949570375562,3.968421052631579,0.786609836167754,0.07758620689655173,0.9810344827586207,0.9816666666666667,0.9111339158844203,30,False,2242.0
3,paper_pa,paper_pa_18,18,23,1594938011,1026217646,"[16, 50, 59, 92, 173, 177, 188, 254, 264, 331, 345, 348, 364, 366, 380, 422, 455, 525, 540, 588]","[26, 268, 447, 72, 52, 351, 379, 273, 292, 281, 356, 486, 124, 234, 17, 425, 503, 170, 126, 316]",600,20,0.62,,,,,,,0.0,1.0,0.005,,,4.778333333333333,0.764532492462372,1.0,0.15,4.65,0.0016251200081879931,0.0054098218162385294,0.13275862068965516,0.01206896551724138,0.0017241379310344827,0.0,2.353448275862069,4.0,0.0,0.16896551724137931,5.9,0.12354511444906202,0.7528378297897683,0.010803334092807778,3.9,0.6771737423907105,0.05,0.46551724137931033,0.48333333333333334,0.9590327080804855,30,False,1646.0
3,paper_pa,paper_pa_18,18,24,1594938011,1768858104,"[18, 61, 92, 99, 123, 131, 188, 221, 233, 241, 251, 300, 309, 317, 427, 470, 497, 571, 580, 587]","[479, 30, 72, 475, 299, 101, 379, 320, 556, 127, 192, 383, 488, 19, 565, 532, 69, 448, 454, 25]",600,20,0.62,,,,,,,0.0,1.0,0.005,,,4.778333333333333,0.764532492462372,1.0,0.15,4.65,0.001626055592664927,0.004144699916920142,0.14310344827586208,0.010344827586206896,0.0017241379310344827,0.0,2.2948275862068965,4.0,0.0,0.15172413793103448,5.893103448275862,0.13187495401026256,0.7350842713358346,0.005545171203065941,3.9210526315789473,0.7960459299447974,0.06379310344827586,0.9741379310344828,0.975,0.9427985001821071,30,False,2226.0
3,paper_pa,paper_pa_18,18,25,1594938011,3497556233,"[12, 47, 55, 84, 88, 91, 127, 142, 199, 258, 284, 287, 422, 446, 469, 479, 493, 497, 506, 580]","[202, 415, 311, 587, 371, 32, 561, 411, 289, 395, 1, 217, 425, 496, 507, 135, 452, 69, 458, 454]",600,20,0.62,,,,,,,0.0,1.0,0.005,,,4.778333333333333,0.764532492462372,1.0,0.15,5.55,0.0018460075500286665,0.004654700959919115,0.16896551724137931,0.01896551724137931,0.0,0.0,2.174137931034483,4.0,0.0,0.1706896551724138,6.227586206896552,0.1554463424154319,0.6914954439878507,0.005862952836637047,3.694736842105263,0.8554820237218406,0.07413793103448275,0.9844827586206897,0.985,0.9109505410306156,30,False,2240.0
3,paper_pa,paper_pa_18,18,26,1594938011,4168045645,"[56, 130, 151, 157, 262, 313, 331, 352, 353, 364, 388, 407, 444, 450, 451, 490, 541, 544, 582, 588]","[363, 130, 57, 40, 528, 204, 281, 360, 477, 124, 197, 502, 295, 362, 89, 461, 372, 265, 216, 316]",600,20,0.62,,,,,,,0.0,1.0,0.005,,,4.778333333333333,0.764532492462372,1.0,0.15,3.7,0.0013354429776163649,0.0029836606222380397,0.11379310344827587,0.006896551724137931,0.0,0.0,2.3879310344827585,4.0,0.0,0.07586206896551724,4.991379310344827,0.11030784778092774,0.78566493955095,0.002809295967190704,4.042105263157895,0.8710459299447972,0.05862068965517241,0.3706896551724138,0.39166666666666666,0.9772662499453872,30,False,1564.0
3,paper_pa,paper_pa_18,18,27,1594938011,1154883107,"[44, 50, 101, 147, 162, 257, 263, 308, 311, 319, 331, 340, 355, 358, 388, 400, 436, 476, 515, 568]","[210, 268, 0, 251, 348, 74, 491, 364, 353, 341, 281, 7, 470, 180, 197, 188, 597, 552, 370, 61]",600,20,0.62,,,,,,,0.0,1.0,0.005,,,4.778333333333333,0.764532492462372,1.0,0.15,4.2,0.0015119164459441593,0.004095101093905264,0.12758620689655173,0.010344827586206896,0.0,0.0,2.3793103448275863,4.0,0.0,0.05172413793103448,4.2620689655172415,0.12091643353787228,0.7615865642308379,0.005225563909774435,4.315789473684211,0.8164893302372936,0.07931034482758621,0.9810344827586207,0.9816666666666667,0.9547628329601139,30,False,2242.0
3,paper_pa,paper_pa_18,18,28,1594938011,3581435755,"[59, 98, 112, 133, 141, 173, 184, 193, 200, 201, 203, 233, 244, 255, 343, 354, 373, 379, 422, 513]","[447, 384, 444, 596, 21, 52, 208, 90, 158, 592, 149, 556, 490, 330, 577, 427, 243, 549, 425, 43]",600,20,0.62,,,,,,,0.0,1.0,0.005,,,4.778333333333333,0.764532492462372,1.0,0.15,4.75,0.0016292908103561032,0.005606883511656572,0.15,0.010344827586206896,0.0034482758620689655,0.0,2.206896551724138,4.0,0.0,0.2,6.2379310344827585,0.13705115486308747,0.7233339288904771,0.005337255081022394,3.8473684210526318,0.8271737423907105,0.06724137931034482,0.5137931034482759,0.53,0.97789829201065,30,False,1698.0
3,paper_pa,paper_pa_18,18,29,1594938011,1320599532,"[2, 10, 31, 74, 78, 115, 141, 169, 191, 226, 231, 263, 305, 385, 404, 454, 469, 488, 516, 572]","[138, 238, 306, 241, 572, 543, 21, 110, 517, 410, 294, 491, 75, 519, 42, 594, 507, 31, 63, 34]",600,20,0.62,,,,,,,0.0,1.0,0.005,,,4.778333333333333,0.764532492462372,1.0,0.15,5.05,0.0017396213304528892,0.005419766657235166,0.15689655172413794,0.010344827586206896,0.0034482758620689655,0.0,2.231034482758621,4.0,0.0,0.18620689655172415,5.7172413793103445,0.1411758453547893,0.7120123875885891,0.004946067321413582,3.9526315789473685,0.786609836167754,0.06551724137931035,0.9637931034482758,0.965,0.9471919999923557,30,False,2222.0
3,paper_pa,paper_pa_18,18,30,1594938011,2006928683,"[4, 13, 88, 147, 153, 193, 196, 265, 304, 306, 348, 355, 374, 375, 432, 533, 535, 556, 575, 595]","[578, 257, 371, 251, 115, 90, 554, 581, 174, 189, 486, 470, 428, 589, 232, 79, 414, 105, 120, 12]",600,20,0.62,,,,,,,0.0,1.0,0.005,,,4.778333333333333,0.764532492462372,1.0,0.15,3.95,0.0014092361013149034,0.0032662669142878888,0.12931034482758622,0.006896551724137931,0.0,0.0,2.2586206896551726,4.0,0.0,0.07241379310344828,4.643103448275862,0.11837755303095225,0.759037579655768,0.0023585278986941035,4.321052631578947,0.8271737423907105,0.07241379310344828,0.9896551724137931,0.99,0.9187225420027971,30,False,2242.0
3,paper_pa,paper_pa_18,18,31,1594938011,4126340717,"[0, 31, 66, 103, 127, 151, 172, 199, 222, 237, 294, 323, 366, 404, 442, 458, 480, 560, 592, 595]","[404, 306, 196, 538, 561, 57, 319, 289, 499, 256, 259, 277, 234, 42, 366, 512, 555, 465, 261, 12]",600,20,0.62,,,,,,,0.0,1.0,0.005,,,4.778333333333333,0.764532492462372,1.0,0.15,4.45,0.001549800908857522,0.004534350483726614,0.13448275862068965,0.010344827586206896,0.0017241379310344827,0.0,2.286206896551724,4.0,0.0,0.16896551724137931,5.2172413793103445,0.1263028385995288,0.7496932880709904,0.0036897067229477204,4.08421052631579,0.8460459299447972,0.06206896551724138,0.9706896551724138,0.9716666666666667,0.9493060000240803,30,False,2232.0
3,paper_pa,paper_pa_18,18,32,1594938011,1570216850,"[1, 20, 31, 58, 72, 136, 169, 182, 189, 234, 244, 252, 272, 318, 420, 457, 469, 490, 498, 510]","[314, 103, 306, 78, 88, 422, 110, 85, 520, 165, 490, 70, 355, 580, 58, 396, 507, 461, 326, 336]",600,20,0.62,,,,,,,0.0,1.0,0.005,,,4.778333333333333,0.764532492462372,1.0,0.15,7.65,0.0024988443764186077,0.020085237092198102,0.21724137931034482,0.03103448275862069,0.005172413793103448,0.0,2.0724137931034483,4.0,0.0,0.22758620689655173,6.860344827586207,0.17129132875325104,0.6211184563158835,0.010740408330688353,3.5052631578947366,0.7804820237218407,0.08793103448275862,0.9793103448275862,0.98,0.9041750840842724,30,False,2242.0
3,paper_pa,paper_pa_18,18,33,1594938011,3033630521,"[16, 24, 68, 113, 118, 128, 141, 155, 167, 172, 180, 182, 225, 285, 354, 393, 405, 418, 433, 493]","[26, 329, 104, 68, 37, 248, 21, 408, 143, 319, 221, 85, 420, 205, 427, 76, 22, 376, 497, 452]",600,20,0.62,,,,,,,0.0,1.0,0.005,,,4.778333333333333,0.764532492462372,1.0,0.15,4.85,0.0016792929800744593,0.007197458422930932,0.1482758620689655,0.013793103448275862,0.0017241379310344827,0.0,2.222413793103448,4.0,0.0,0.17413793103448275,6.705172413793103,0.13424295471735156,0.7266750044666785,0.01237924356345409,3.6894736842105265,0.8366098361677539,0.0603448275862069,0.4051724137931034,0.425,0.9499410830903798,30,False,1596.0
3,paper_pa,paper_pa_18,18,34,1594938011,1185830249,"[2, 78, 84, 160, 175, 198, 218, 229, 338, 349, 371, 401, 406, 408, 415, 424, 433, 438, 543, 599]","[138, 572, 587, 327, 128, 346, 369, 550, 559, 531, 582, 136, 93, 91, 522, 593, 497, 175, 125, 377]",600,20,0.62,,,,,,,0.0,1.0,0.005,,,4.778333333333333,0.764532492462372,1.0,0.15,4.65,0.0016213996573697746,0.0029252144594261566,0.13275862068965516,0.015517241379310345,0.0017241379310344827,0.0,2.3120689655172413,5.0,0.0,0.08448275862068966,5.158620689655172,0.1267465174917576,0.7525996069322851,0.006518247834037308,4.005263157894737,0.8021737423907105,0.06724137931034482,0.4189655172413793,0.43833333333333335,0.9800672500859946,30,False,1608.0
3,paper_pa,paper_pa_18,18,35,1594938011,2049071694,"[3, 13, 46, 51, 77, 85, 90, 93, 95, 107, 126, 208, 344, 445, 456, 483, 489, 516, 554, 581]","[218, 257, 245, 163, 258, 467, 214, 575, 576, 272, 462, 511, 179, 399, 337, 108, 324, 63, 368, 403]",600,20,0.62,,,,,,,0.0,1.0,0.005,,,4.778333333333333,0.764532492462372,1.0,0.15,4.35,0.0015114435061649124,0.003973138480996218,0.13275862068965516,0.01206896551724138,0.0017241379310344827,0.0,2.2620689655172415,5.0,0.0,0.16724137931034483,5.908620689655172,0.12628485807534,0.7525936513608481,0.006035280508964719,3.968421052631579,0.8521737423907105,0.07241379310344828,0.9655172413793104,0.9666666666666667,0.9276822910178453,30,False,2230.0
3,paper_pa,paper_pa_18,18,36,1594938011,2602088396,"[1, 25, 39, 48, 60, 76, 96, 118, 178, 182, 229, 285, 342, 345, 401, 403, 405, 484, 533, 560]","[314, 321, 225, 263, 166, 546, 260, 37, 152, 85, 550, 205, 249, 356, 136, 534, 22, 509, 79, 465]",600,20,0.62,,,,,,,0.0,1.0,0.005,,,4.778333333333333,0.764532492462372,1.0,0.15,8.85,0.002856501961114996,0.02245735660472325,0.2620689655172414,0.022413793103448276,0.0,0.0,1.9293103448275861,4.0,0.0,0.25,7.11551724137931,0.19879076699102777,0.5544339229349056,0.0037605034563498816,3.6315789473684212,0.8960459299447971,0.06551724137931035,0.5241379310344828,0.54,0.9520907499827445,30,False,1648.0
3,paper_pa,paper_pa_18,18,37,1594938011,190064764,"[17, 24, 86, 146, 154, 185, 192, 209, 230, 311, 345, 347, 360, 383, 419, 437, 444, 462, 472, 590]","[178, 329, 151, 361, 191, 24, 146, 492, 345, 353, 356, 8, 310, 300, 523, 563, 295, 36, 339, 333]",600,20,0.62,,,,,,,0.0,1.0,0.005,,,4.778333333333333,0.764532492462372,1.0,0.15,4.65,0.0016296396234671794,0.004534165420808198,0.14482758620689656,0.006896551724137931,0.0017241379310344827,0.0,2.239655172413793,4.0,0.0,0.09482758620689655,5.177586206896552,0.13344495766702835,0.7320350187600501,0.003295607900871059,3.9526315789473685,0.761609836167754,0.0706896551724138,0.9827586206896551,0.9833333333333333,0.9252805830910802,30,False,2242.0
3,paper_pa,paper_pa_18,18,38,1594938011,3679039218,"[6, 9, 112, 132, 150, 173, 177, 196, 215, 220, 243, 278, 319, 328, 366, 384, 407, 473, 496, 505]","[375, 583, 444, 114, 485, 52, 351, 554, 548, 437, 457, 140, 341, 287, 234, 386, 502, 50, 134, 455]",600,20,0.62,,,,,,,0.0,1.0,0.005,,,4.778333333333333,0.764532492462372,1.0,0.15,5.95,0.002013359330434666,0.007151039237924121,0.18275862068965518,0.013793103448275862,0.0017241379310344827,0.0,2.1586206896551725,5.0,0.0,0.20862068965517241,6.548275862068966,0.15948274393278572,0.669543207670776,0.00527046783625731,3.731578947368421,0.9054820237218405,0.06896551724137931,0.3310344827586207,0.35333333333333333,0.9496662919409573,30,False,1558.0
3,paper_pa,paper_pa_18,18,39,1594938011,2138765061,"[36, 60, 65, 129, 131, 133, 181, 194, 195, 199, 205, 223, 283, 304, 346, 429, 440, 497, 509, 585]","[405, 166, 305, 206, 101, 596, 9, 252, 441, 289, 49, 409, 48, 174, 291, 562, 557, 69, 322, 13]",600,20,0.62,,,,,,,0.0,1.0,0.005,,,4.778333333333333,0.764532492462372,1.0,0.15,4.55,0.0015695470464013588,0.002972666346370891,0.13620689655172413,0.017241379310344827,0.0,0.0,2.282758620689655,4.0,0.0,0.12413793103448276,5.7362068965517246,0.13106069602991455,0.7465487463522125,0.005810738968633706,3.8421052631578947,0.8366098361677539,0.05517241379310345,0.9603448275862069,0.9616666666666667,0.9497074170503765,30,False,2222.0
3,paper_pa,paper_pa_18,18,40,1594938011,2402213881,"[62, 94, 141, 230, 239, 278, 303, 308, 333, 340, 342, 371, 467, 474, 500, 510, 520, 565, 579, 594]","[558, 242, 21, 345, 301, 140, 182, 364, 466, 7, 249, 582, 297, 38, 472, 336, 478, 183, 374, 6]",600,20,0.62,,,,,,,0.0,1.0,0.005,,,4.778333333333333,0.764532492462372,1.0,0.15,4.3,0.001507936256207664,0.003024628655860729,0.1396551724137931,0.005172413793103448,0.0,0.0,2.296551724137931,4.0,0.0,0.07241379310344828,4.843103448275862,0.12941099495990704,0.7408313977726163,0.001541733120680489,4.136842105263158,0.7759254240143371,0.05517241379310345,0.2689655172413793,0.29333333333333333,0.9723572090733796,30,False,1468.0
3,paper_pa,paper_pa_18,18,41,1594938011,2958566122,"[15, 81, 121, 131, 140, 166, 170, 204, 207, 209, 217, 241, 269, 318, 374, 465, 491, 496, 552, 595]","[338, 525, 419, 101, 80, 464, 118, 544, 487, 492, 432, 127, 27, 580, 428, 226, 296, 134, 298, 12]",600,20,0.62,,,,,,,0.0,1.0,0.005,,,4.778333333333333,0.764532492462372,1.0,0.15,5.85,0.001976384989873494,0.005243681378552868,0.18275862068965518,0.013793103448275862,0.005172413793103448,0.0,2.156896551724138,4.0,0.0,0.1706896551724138,6.143103448275862,0.16208782095341706,0.6693466738133524,0.006297744653007812,3.668421052631579,0.7616098361677538,0.06379310344827586,0.9482758620689655,0.95,0.9291199999861419,30,False,2208.0
3,paper_pa,paper_pa_18,18,42,1594938011,708729388,"[19, 27, 35, 103, 190, 211, 224, 230, 269, 282, 307, 316, 388, 424, 445, 556, 572, 578, 582, 587]","[219, 373, 288, 538, 551, 445, 211, 345, 27, 588, 449, 199, 197, 593, 399, 105, 34, 23, 216, 25]",600,20,0.62,,,,,,,0.0,1.0,0.005,,,4.778333333333333,0.764532492462372,1.0,0.15,4.75,0.0016214237112714201,0.005860809668391894,0.14482758620689656,0.008620689655172414,0.0017241379310344827,0.0,2.2327586206896552,4.0,0.0,0.15517241379310345,6.675862068965517,0.1289984836054507,0.7326663093323804,0.015967887476508166,3.8105263157894735,0.8460459299447972,0.06724137931034482,0.8879310344827587,0.8916666666666667,0.9438428750727326,30,False,2114.0
3,paper_pa,paper_pa_18,18,43,1594938011,622410540,"[18, 29, 56, 67, 73, 90, 108, 129, 180, 217, 368, 384, 395, 407, 447, 508, 529, 558, 562, 567]","[479, 391, 363, 331, 59, 214, 147, 206, 221, 432, 340, 386, 71, 502, 33, 11, 323, 469, 304, 412]",600,20,0.62,,,,,,,0.0,1.0,0.005,,,4.778333333333333,0.764532492462372,1.0,0.15,5.45,0.0018440425467464924,0.006551398671695699,0.16034482758620688,0.015517241379310345,0.0017241379310344827,0.0,2.222413793103448,5.0,0.0,0.19655172413793104,6.525862068965517,0.14864463180186482,0.7057649931510929,0.005584400979137822,3.668421052631579,0.8554820237218406,0.07586206896551724,0.9517241379310345,0.9533333333333334,0.9435580000281334,30,False,2222.0
3,paper_pa,paper_pa_18,18,44,1594938011,3908082333,"[63, 82, 90, 116, 135, 162, 168, 184, 233, 302, 306, 405, 435, 465, 477, 490, 501, 516, 546, 547]","[54, 229, 214, 435, 155, 348, 186, 208, 556, 201, 189, 22, 15, 226, 172, 461, 380, 63, 173, 446]",600,20,0.62,,,,,,,0.0,1.0,0.005,,,4.778333333333333,0.764532492462372,1.0,0.15,4.75,0.0016340825138099746,0.00488286744153654,0.13448275862068965,0.013793103448275862,0.0017241379310344827,0.0,2.286206896551724,4.0,0.0,0.1896551724137931,6.129310344827586,0.12715352034161242,0.7496813769281162,0.00693001443001443,3.7842105263157895,0.8366098361677539,0.0603448275862069,0.4689655172413793,0.4866666666666667,0.9624680830165744,30,False,1660.0
3,paper_pa,paper_pa_18,18,45,1594938011,532942250,"[19, 32, 55, 56, 80, 113, 119, 162, 193, 239, 249, 288, 299, 363, 436, 438, 517, 525, 553, 561]","[219, 262, 311, 363, 94, 68, 116, 348, 90, 301, 264, 378, 56, 506, 597, 175, 119, 170, 476, 431]",600,20,0.62,,,,,,,0.0,1.0,0.005,,,4.778333333333333,0.764532492462372,1.0,0.15,5.0,0.0017079625392931647,0.005190359071330962,0.1482758620689655,0.022413793103448276,0.0017241379310344827,0.0,2.2482758620689656,4.0,0.0,0.18275862068965518,5.848275862068966,0.14083724906534645,0.7260020248942886,0.007392416664862485,3.905263157894737,0.8616098361677539,0.0603448275862069,0.3448275862068966,0.36666666666666664,0.9531912920065224,30,False,1542.0
3,paper_pa,paper_pa_18,18,46,1594938011,3426897209,"[9, 36, 61, 78, 86, 103, 133, 139, 161, 183, 217, 304, 323, 379, 399, 450, 460, 477, 571, 593]","[583, 405, 30, 572, 151, 538, 596, 493, 591, 47, 432, 174, 277, 549, 41, 362, 141, 172, 448, 185]",600,20,0.62,,,,,,,0.0,1.0,0.005,,,4.778333333333333,0.764532492462372,1.0,0.15,5.3,0.0018117501985273315,0.005730963707473765,0.15344827586206897,0.020689655172413793,0.0034482758620689655,0.0,2.231034482758621,4.0,0.0,0.2103448275862069,6.4,0.14411855237873064,0.7173902685962719,0.007660962075782021,3.8105263157894735,0.7804820237218407,0.07413793103448275,0.9637931034482758,0.965,0.9306264999322593,30,False,2224.0
3,paper_pa,paper_pa_18,18,47,1594938011,498771816,"[24, 39, 181, 284, 315, 359, 381, 396, 403, 412, 444, 456, 469, 484, 502, 506, 534, 541, 568, 599]","[329, 225, 9, 1, 244, 156, 157, 484, 534, 513, 295, 337, 507, 509, 246, 458, 28, 372, 61, 377]",600,20,0.62,,,,,,,0.0,1.0,0.005,,,4.778333333333333,0.764532492462372,1.0,0.15,5.0,0.0016823107494976087,0.004433128916773227,0.15344827586206897,0.013793103448275862,0.0017241379310344827,0.0,2.193103448275862,4.0,0.0,0.1396551724137931,6.096551724137931,0.14238006768082,0.7173783574533976,0.005399673425989215,3.9157894736842107,0.7103615177913805,0.07413793103448275,0.9655172413793104,0.9666666666666667,0.9374267908278853,30,False,2232.0
3,paper_pa,paper_pa_18,18,48,1594938011,672959332,"[11, 23, 49, 87, 88, 101, 120, 178, 194, 219, 237, 252, 297, 299, 300, 363, 390, 500, 526, 554]","[270, 335, 290, 392, 371, 0, 325, 152, 252, 66, 256, 70, 10, 56, 383, 506, 96, 472, 508, 368]",600,20,0.62,,,,,,,0.0,1.0,0.005,,,4.778333333333333,0.764532492462372,1.0,0.15,4.35,0.0015198389128588926,0.003191175816305271,0.1413793103448276,0.005172413793103448,0.0,0.0,2.2413793103448274,4.0,0.0,0.0706896551724138,4.867241379310345,0.1301413764532657,0.7379012566255733,0.0014285714285714288,4.2894736842105265,0.8271737423907105,0.05344827586206897,0.9810344827586207,0.9816666666666667,0.9421448339708149,30,False,2242.0
3,paper_pa,paper_pa_18,18,49,1594938011,31349375,"[66, 74, 88, 89, 192, 215, 223, 226, 248, 294, 306, 325, 326, 349, 380, 394, 465, 532, 571, 598]","[196, 241, 371, 176, 146, 548, 409, 410, 498, 259, 189, 451, 98, 531, 17, 190, 226, 574, 448, 401]",600,20,0.62,,,,,,,0.0,1.0,0.005,,,4.778333333333333,0.764532492462372,1.0,0.15,4.25,0.0014886480631035853,0.0034877001568823936,0.12758620689655173,0.015517241379310345,0.0,0.0,2.336206896551724,5.0,0.0,0.11724137931034483,5.743103448275862,0.12221172789033453,0.7615508308022154,0.00741285030758715,3.8210526315789473,0.7509254240143372,0.06724137931034482,0.5517241379310345,0.5666666666666667,0.9801886251661927,30,False,1734.0
3,paper_pa,paper_pa_19,19,0,191096393,4148895947,"[74, 107, 139, 158, 187, 202, 236, 291, 350, 386, 395, 406, 428, 465, 473, 474, 521, 528, 590, 596]","[320, 493, 136, 257, 582, 260, 7, 547, 577, 138, 204, 62, 209, 114, 281, 399, 111, 24, 445, 193]",600,20,0.62,,,,,,,0.0,1.0,0.005,,,5.003333333333334,0.7505463244008619,1.0,0.09666666666666666,4.25,0.0014445629575510993,0.0030863002001743963,0.12586206896551724,0.015517241379310345,0.0017241379310344827,0.0,2.353448275862069,4.0,0.0,0.10689655172413794,5.558620689655172,0.12203024885695961,0.7645047942350068,0.007234432234432235,3.9368421052631577,0.8117148027927479,0.0603448275862069,0.33448275862068966,0.3566666666666667,0.9744319170713425,30,False,1566.0
3,paper_pa,paper_pa_19,19,1,191096393,793397642,"[17, 34, 159, 163, 220, 240, 241, 272, 297, 326, 337, 354, 356, 417, 447, 480, 491, 498, 504, 551]","[162, 571, 341, 461, 360, 187, 60, 406, 298, 98, 287, 137, 541, 143, 455, 150, 574, 173, 126, 155]",600,20,0.62,,,,,,,0.0,1.0,0.005,,,5.003333333333334,0.7505463244008619,1.0,0.09666666666666666,4.3,0.0014628043952846178,0.0037500904139256856,0.12931034482758622,0.010344827586206896,0.0017241379310344827,0.0,2.2672413793103448,5.0,0.0,0.19137931034482758,6.408620689655172,0.1225440202756806,0.7585790006551129,0.004736520789152368,3.7526315789473683,0.8334641163479138,0.08275862068965517,0.9844827586206897,0.985,0.9244022921193391,30,False,2358.0
3,paper_pa,paper_pa_19,19,2,191096393,2215943419,"[34, 51, 58, 112, 143, 211, 223, 252, 267, 270, 296, 316, 413, 442, 445, 469, 476, 519, 545, 584]","[571, 335, 334, 597, 30, 404, 599, 254, 589, 57, 188, 38, 21, 327, 423, 377, 465, 545, 438, 84]",600,20,0.62,,,,,,,0.0,1.0,0.005,,,5.003333333333334,0.7505463244008619,1.0,0.09666666666666666,5.2,0.0017627952165980916,0.0034962114278762947,0.16034482758620688,0.01206896551724138,0.0,0.0,2.246551724137931,5.0,0.0,0.09655172413793103,5.655172413793103,0.14533595382691067,0.705997260437139,0.004903283850652272,3.8684210526315788,0.9043355924068645,0.06551724137931035,0.7793103448275862,0.7866666666666666,0.9501735828816891,30,False,2014.0
3,paper_pa,paper_pa_19,19,3,191096393,2078217909,"[31, 69, 71, 77, 115, 205, 265, 321, 322, 328, 342, 343, 369, 381, 398, 434, 435, 470, 497, 575]","[241, 225, 587, 242, 190, 144, 251, 208, 256, 407, 319, 595, 125, 227, 401, 36, 200, 123, 477, 303]",600,20,0.62,,,,,,,0.0,1.0,0.005,,,5.003333333333334,0.7505463244008619,1.0,0.09666666666666666,4.4,0.0014822602511190867,0.0021576524289186956,0.13620689655172413,0.015517241379310345,0.0,0.0,2.3120689655172413,4.0,0.0,0.08448275862068966,5.244827586206896,0.12915591617022867,0.746661902209517,0.005931685273790537,4.021052631578947,0.8117148027927479,0.07931034482758621,0.9879310344827587,0.9883333333333333,0.910376959014684,30,False,2358.0
3,paper_pa,paper_pa_19,19,4,191096393,681107399,"[93, 101, 139, 201, 204, 217, 263, 268, 286, 293, 309, 382, 426, 462, 469, 473, 488, 519, 543, 599]","[116, 429, 136, 166, 307, 129, 365, 386, 1, 514, 223, 68, 308, 85, 377, 281, 102, 545, 534, 359]",600,20,0.62,,,,,,,0.0,1.0,0.005,,,5.003333333333334,0.7505463244008619,1.0,0.09666666666666666,4.2,0.0014419268978383734,0.0033236695755257616,0.12931034482758622,0.01206896551724138,0.0034482758620689655,0.0,2.3327586206896553,4.0,0.0,0.1724137931034483,6.1482758620689655,0.12312281049112023,0.7586326007980466,0.006854505143978828,3.836842105263158,0.833464116347914,0.0706896551724138,0.9758620689655172,0.9766666666666667,0.9358814998995513,30,False,2358.0
3,paper_pa,paper_pa_19,19,5,191096393,3433097518,"[5, 33, 137, 142, 144, 148, 209, 233, 238, 268, 318, 321, 331, 356, 379, 387, 536, 559, 561, 592]","[267, 151, 290, 52, 557, 332, 579, 412, 229, 386, 392, 208, 236, 541, 25, 504, 518, 168, 142, 499]",600,20,0.62,,,,,,,0.0,1.0,0.005,,,5.003333333333334,0.7505463244008619,1.0,0.09666666666666666,4.6,0.0015460870469601606,0.003579312710562871,0.1413793103448276,0.008620689655172414,0.0017241379310344827,0.0,2.2586206896551726,4.0,0.0,0.17586206896551723,6.167241379310345,0.1307647667486937,0.737966767911381,0.004062238930659983,3.9789473684210526,0.8773117769641325,0.06724137931034482,0.9896551724137931,0.99,0.9089704158250242,30,False,2358.0
3,paper_pa,paper_pa_19,19,6,191096393,1115905912,"[8, 40, 143, 173, 179, 222, 241, 253, 286, 304, 313, 338, 348, 352, 366, 401, 441, 499, 527, 583]","[316, 405, 30, 135, 424, 361, 60, 352, 1, 509, 274, 35, 86, 539, 302, 395, 389, 468, 233, 561]",600,20,0.62,,,,,,,0.0,1.0,0.005,,,5.003333333333334,0.7505463244008619,1.0,0.09666666666666666,5.2,0.001714633215964088,0.005870192931208377,0.16206896551724137,0.008620689655172414,0.0017241379310344827,0.0,2.1379310344827585,4.0,0.0,0.19482758620689655,7.084482758620689,0.14412513065424534,0.7034959204335656,0.006215197083618136,3.794736842105263,0.9313594078495965,0.07758620689655173,0.9896551724137931,0.99,0.9258317921776325,30,False,2358.0
3,paper_pa,paper_pa_19,19,7,191096393,856982746,"[95, 130, 141, 191, 195, 282, 287, 348, 367, 375, 381, 386, 392, 477, 488, 520, 523, 547, 573, 577]","[512, 548, 356, 74, 145, 55, 183, 86, 498, 63, 227, 138, 177, 83, 102, 205, 170, 280, 570, 367]",600,20,0.62,,,,,,,0.0,1.0,0.005,,,5.003333333333334,0.7505463244008619,1.0,0.09666666666666666,3.7,0.0013145198715054595,0.00219232398394152,0.1206896551724138,0.0034482758620689655,0.0,0.0,2.3448275862068964,5.0,0.0,0.07413793103448275,5.006896551724138,0.11288031927203077,0.7737180632481686,0.0015789473684210528,4.184210526315789,0.9145355626761097,0.07586206896551724,0.9810344827586207,0.9816666666666667,0.9248743751086295,30,False,2358.0
3,paper_pa,paper_pa_19,19,8,191096393,2772186576,"[7, 38, 50, 62, 64, 71, 96, 100, 144, 145, 184, 277, 298, 323, 332, 344, 489, 491, 551, 586]","[288, 309, 372, 89, 31, 587, 368, 337, 557, 266, 425, 23, 490, 349, 279, 452, 71, 574, 155, 586]",600,20,0.62,,,,,,,0.0,1.0,0.005,,,5.003333333333334,0.7505463244008619,1.0,0.09666666666666666,4.15,0.0014294854673803702,0.002884542065828798,0.11206896551724138,0.010344827586206896,0.0034482758620689655,0.0,2.31551724137931,4.0,0.0,0.1879310344827586,6.555172413793104,0.10902801952989233,0.7887201476981717,0.007773790536948431,3.642105263157895,0.8502879615214005,0.07931034482758621,0.9810344827586207,0.9816666666666667,0.9294423749670386,30,False,2358.0
3,paper_pa,paper_pa_19,19,9,191096393,471582175,"[20, 70, 124, 146, 151, 225, 230, 357, 390, 401, 452, 462, 469, 483, 495, 499, 502, 523, 544, 587]","[501, 65, 447, 181, 513, 364, 340, 105, 250, 395, 221, 85, 377, 421, 531, 468, 449, 170, 199, 5]",600,20,0.62,,,,,,,0.0,1.0,0.005,,,5.003333333333334,0.7505463244008619,1.0,0.09666666666666666,5.65,0.0018643267296666749,0.004663692204331244,0.16034482758620688,0.017241379310344827,0.0,0.0,2.2086206896551723,4.0,0.0,0.15689655172413794,6.356896551724138,0.1482551894366989,0.7059317491513311,0.005169343040860069,3.642105263157895,0.8117148027927479,0.09482758620689655,0.9844827586206897,0.985,0.931748874951154,30,False,2358.0
3,paper_pa,paper_pa_19,19,10,191096393,2109201124,"[36, 45, 125, 140, 170, 210, 217, 219, 238, 247, 252, 266, 267, 332, 345, 430, 463, 519, 521, 528]","[583, 552, 124, 95, 428, 315, 129, 422, 229, 536, 254, 294, 589, 279, 348, 272, 109, 545, 111, 24]",600,20,0.62,,,,,,,0.0,1.0,0.005,,,5.003333333333334,0.7505463244008619,1.0,0.09666666666666666,5.25,0.0017340924366252449,0.00331329423458073,0.16034482758620688,0.01896551724137931,0.0017241379310344827,0.0,2.1672413793103447,4.0,0.0,0.19482758620689655,6.808620689655172,0.1505214984698287,0.7056875707224108,0.006624211272044089,3.7421052631578946,0.8604879317906458,0.0896551724137931,0.9844827586206897,0.985,0.936841124901548,30,False,2358.0
3,paper_pa,paper_pa_19,19,11,191096393,719113089,"[23, 51, 154, 173, 176, 219, 224, 230, 314, 331, 344, 393, 415, 421, 481, 521, 525, 550, 588, 595]","[470, 335, 430, 135, 82, 422, 3, 340, 184, 236, 452, 277, 76, 457, 433, 111, 549, 264, 463, 569]",600,20,0.62,,,,,,,0.0,1.0,0.005,,,5.003333333333334,0.7505463244008619,1.0,0.09666666666666666,4.85,0.0016268031271235068,0.004159377622028713,0.14310344827586208,0.020689655172413793,0.0,0.0,2.2103448275862068,4.0,0.0,0.09655172413793103,5.541379310344827,0.135634290396054,0.7348460484783514,0.006301228011754327,4.057894736842106,0.8941356221376192,0.06724137931034482,0.8741379310344828,0.8783333333333333,0.9364905830007046,30,False,2168.0
3,paper_pa,paper_pa_19,19,12,191096393,2519311645,"[8, 68, 178, 181, 187, 193, 204, 211, 291, 296, 308, 391, 392, 457, 459, 487, 490, 547, 558, 584]","[316, 115, 130, 410, 582, 363, 307, 404, 547, 188, 373, 492, 177, 419, 521, 88, 486, 280, 546, 84]",600,20,0.62,,,,,,,0.0,1.0,0.005,,,5.003333333333334,0.7505463244008619,1.0,0.09666666666666666,4.85,0.0016390464336181044,0.004585091276144565,0.15,0.010344827586206896,0.0,0.0,2.212068965517241,4.0,0.0,0.09310344827586207,5.232758620689655,0.1332100632107177,0.7238520636055029,0.002711323763955343,4.294736842105263,0.8875117472333778,0.06724137931034482,0.9775862068965517,0.9783333333333334,0.9282246658112854,30,False,2356.0
3,paper_pa,paper_pa_19,19,13,191096393,2848981982,"[16, 38, 49, 60, 100, 105, 107, 151, 160, 170, 205, 239, 240, 444, 447, 465, 470, 483, 580, 596]","[132, 309, 526, 469, 337, 179, 493, 513, 300, 428, 144, 550, 187, 485, 455, 114, 123, 421, 434, 193]",600,20,0.62,,,,,,,0.0,1.0,0.005,,,5.003333333333334,0.7505463244008619,1.0,0.09666666666666666,5.15,0.0017051645416788154,0.004382195729840796,0.14482758620689656,0.01896551724137931,0.005172413793103448,0.0,2.25,4.0,0.0,0.24310344827586206,7.525862068965517,0.13555232211672208,0.7320886189029837,0.012088564245314818,3.468421052631579,0.9145355626761097,0.06551724137931035,0.9844827586206897,0.985,0.9312045418191701,30,False,2358.0
3,paper_pa,paper_pa_19,19,14,191096393,1683077158,"[77, 111, 116, 145, 158, 161, 183, 193, 261, 285, 313, 400, 411, 424, 439, 441, 451, 499, 510, 513]","[242, 217, 436, 266, 257, 178, 491, 363, 336, 54, 274, 353, 53, 415, 375, 389, 234, 468, 596, 158]",600,20,0.62,,,,,,,0.0,1.0,0.005,,,5.003333333333334,0.7505463244008619,1.0,0.09666666666666666,4.25,0.0014737833094183674,0.002415111549583306,0.1413793103448276,0.0034482758620689655,0.0017241379310344827,0.0,2.2431034482758623,4.0,0.0,0.11206896551724138,5.718965517241379,0.12898301080134214,0.7379369900541957,0.004786967418546366,3.9842105263157896,0.7948909576192612,0.05862068965517241,0.8396551724137931,0.845,0.9428822081536055,30,False,2136.0
3,paper_pa,paper_pa_19,19,15,191096393,1381309494,"[4, 19, 62, 96, 109, 136, 153, 159, 256, 272, 275, 311, 327, 346, 406, 452, 459, 509, 553, 577]","[253, 165, 89, 368, 403, 362, 0, 341, 398, 406, 4, 172, 537, 252, 62, 221, 521, 211, 216, 367]",600,20,0.62,,,,,,,0.0,1.0,0.005,,,5.003333333333334,0.7505463244008619,1.0,0.09666666666666666,4.25,0.001450942131359228,0.0033820623516691998,0.13275862068965516,0.008620689655172414,0.0017241379310344827,0.0,2.2568965517241377,4.0,0.0,0.11206896551724138,5.7172413793103445,0.12425152386418499,0.7527127627895897,0.004847725374041164,3.889473684210526,0.8773117769641327,0.07241379310344828,0.9810344827586207,0.9816666666666667,0.9138952500652522,30,False,2358.0
3,paper_pa,paper_pa_19,19,16,191096393,604722919,"[47, 66, 73, 123, 132, 133, 164, 200, 207, 236, 268, 289, 334, 339, 344, 390, 400, 448, 566, 584]","[556, 231, 408, 297, 91, 10, 189, 459, 210, 7, 386, 553, 385, 110, 452, 250, 353, 503, 598, 84]",600,20,0.62,,,,,,,0.0,1.0,0.005,,,5.003333333333334,0.7505463244008619,1.0,0.09666666666666666,4.9,0.0016338656352742,0.004048483883637032,0.15517241379310345,0.010344827586206896,0.0,0.0,2.1724137931034484,4.0,0.0,0.13793103448275862,6.2,0.14156291010318775,0.7146149723065928,0.0041733120680489105,3.9,0.8671118066948873,0.06896551724137931,0.9862068965517241,0.9866666666666667,0.9342569168657064,30,False,2358.0
3,paper_pa,paper_pa_19,19,17,191096393,3424681329,"[38, 51, 54, 72, 111, 139, 198, 203, 284, 291, 321, 363, 425, 460, 501, 521, 542, 548, 574, 576]","[309, 335, 441, 329, 217, 136, 314, 563, 299, 547, 208, 323, 313, 354, 578, 111, 118, 510, 551, 464]",600,20,0.62,,,,,,,0.0,1.0,0.005,,,5.003333333333334,0.7505463244008619,1.0,0.09666666666666666,4.95,0.0016834481919047752,0.0060228597579332025,0.15172413793103448,0.015517241379310345,0.0,0.0,2.196551724137931,4.0,0.0,0.1310344827586207,6.286206896551724,0.1412486532963793,0.720332320886189,0.003958998834345095,3.963157894736842,0.8285386479662347,0.05862068965517241,0.7844827586206896,0.7916666666666666,0.9519282500259578,30,False,2070.0
3,paper_pa,paper_pa_19,19,18,191096393,3709766783,"[46, 55, 108, 140, 159, 167, 174, 218, 283, 310, 320, 384, 424, 426, 430, 441, 497, 521, 537, 566]","[292, 161, 157, 95, 341, 522, 568, 282, 268, 79, 427, 495, 415, 308, 272, 389, 477, 111, 159, 598]",600,20,0.62,,,,,,,0.0,1.0,0.005,,,5.003333333333334,0.7505463244008619,1.0,0.09666666666666666,4.2,0.0014320602895042246,0.0029982171868667964,0.1310344827586207,0.008620689655172414,0.0017241379310344827,0.0,2.2810344827586206,4.0,0.0,0.1310344827586207,5.972413793103448,0.12254199218826237,0.7556845929366923,0.006347307663097136,3.9473684210526314,0.8941356221376192,0.05517241379310345,0.23620689655172414,0.26166666666666666,0.97266870806925,30,False,1472.0
3,paper_pa,paper_pa_19,19,19,191096393,1511635838,"[18, 111, 150, 237, 250, 255, 283, 331, 352, 359, 360, 373, 383, 395, 425, 440, 491, 493, 500, 539]","[139, 217, 32, 520, 418, 432, 268, 236, 539, 108, 20, 588, 244, 204, 313, 97, 574, 99, 197, 51]",600,20,0.62,,,,,,,0.0,1.0,0.005,,,5.003333333333334,0.7505463244008619,1.0,0.09666666666666666,4.0,0.0013917144948976915,0.0027375443947876975,0.12758620689655173,0.0034482758620689655,0.0,0.0,2.3051724137931036,4.0,0.0,0.07931034482758621,4.553448275862069,0.11859284296434289,0.7616461199452087,0.001282051282051282,4.231578947368421,0.9247355329453549,0.056896551724137934,0.28448275862068967,0.30833333333333335,0.974141291808337,30,False,1556.0
3,paper_pa,paper_pa_19,19,20,191096393,2666479391,"[23, 93, 94, 153, 162, 190, 221, 262, 266, 293, 306, 315, 316, 364, 392, 393, 412, 447, 459, 492]","[470, 116, 191, 0, 94, 426, 112, 324, 294, 514, 580, 45, 38, 119, 177, 277, 293, 455, 521, 34]",600,20,0.62,,,,,,,0.0,1.0,0.005,,,5.003333333333334,0.7505463244008619,1.0,0.09666666666666666,5.4,0.0017825401638561697,0.003978510038457427,0.16896551724137931,0.013793103448275862,0.0,0.0,2.225862068965517,4.0,0.0,0.13620689655172413,6.246551724137931,0.15259787058738083,0.6917158001310225,0.0042655100317639015,3.8105263157894735,0.8657624336782119,0.07758620689655173,0.9844827586206897,0.985,0.9258423750288785,30,False,2358.0
3,paper_pa,paper_pa_19,19,21,191096393,1652466345,"[57, 58, 81, 83, 96, 105, 115, 123, 159, 195, 229, 258, 286, 292, 443, 476, 518, 560, 565, 576]","[467, 334, 380, 28, 368, 179, 190, 297, 341, 145, 284, 228, 1, 198, 37, 465, 46, 64, 440, 464]",600,20,0.62,,,,,,,0.0,1.0,0.005,,,5.003333333333334,0.7505463244008619,1.0,0.09666666666666666,4.5,0.0015244986793991923,0.004757467912037814,0.13793103448275862,0.005172413793103448,0.0017241379310344827,0.0,2.2724137931034485,4.0,0.0,0.16034482758620688,7.063793103448276,0.12569037550481107,0.7439104282055863,0.015069112174375331,3.7473684210526317,0.7576671719072839,0.06724137931034482,0.2603448275862069,0.285,0.85246462514624,26,True,1510.0
3,paper_pa,paper_pa_19,19,22,191096393,4214618212,"[10, 31, 37, 94, 141, 150, 183, 222, 233, 277, 281, 293, 351, 359, 394, 414, 447, 480, 516, 568]","[439, 241, 289, 191, 356, 32, 491, 361, 412, 23, 248, 514, 278, 108, 239, 506, 455, 150, 238, 460]",600,20,0.62,,,,,,,0.0,1.0,0.005,,,5.003333333333334,0.7505463244008619,1.0,0.09666666666666666,5.45,0.0017813589872145365,0.0027612079761190995,0.17758620689655172,0.0034482758620689655,0.0,0.0,2.1344827586206896,4.0,0.0,0.10862068965517241,6.3,0.1564144537169745,0.6775832291108331,0.0011842105263157896,3.8157894736842106,0.8400879912521553,0.07413793103448275,0.9913793103448276,0.9916666666666667,0.9342947090044618,30,False,2358.0
3,paper_pa,paper_pa_19,19,23,191096393,2881799833,"[31, 34, 53, 54, 80, 82, 110, 136, 225, 265, 295, 322, 424, 443, 449, 468, 471, 493, 523, 536]","[241, 571, 431, 441, 530, 346, 14, 362, 364, 251, 507, 256, 415, 37, 374, 481, 560, 99, 170, 518]",600,20,0.62,,,,,,,0.0,1.0,0.005,,,5.003333333333334,0.7505463244008619,1.0,0.09666666666666666,4.85,0.001624409571718144,0.004857148106055277,0.14482758620689656,0.013793103448275862,0.0017241379310344827,0.0,2.2241379310344827,4.0,0.0,0.12758620689655173,5.887931034482759,0.13543695825499652,0.7319695074742422,0.00597831477088443,3.9,0.8773117769641325,0.06551724137931035,0.9689655172413794,0.97,0.9276753750164062,30,False,2356.0
3,paper_pa,paper_pa_19,19,24,191096393,3475277467,"[13, 24, 44, 76, 90, 93, 127, 128, 129, 144, 194, 199, 206, 246, 258, 276, 290, 334, 352, 501]","[117, 270, 564, 458, 47, 116, 196, 411, 391, 557, 213, 474, 78, 516, 228, 397, 243, 385, 539, 578]",600,20,0.62,,,,,,,0.0,1.0,0.005,,,5.003333333333334,0.7505463244008619,1.0,0.09666666666666666,5.55,0.001805181397283609,0.005383091013550974,0.16724137931034483,0.013793103448275862,0.0,0.0,2.113793103448276,4.0,0.0,0.16379310344827586,6.73448275862069,0.1518162804002985,0.6944553629920791,0.003210298473456368,3.836842105263158,0.8400879912521553,0.0603448275862069,0.9810344827586207,0.9816666666666667,0.9308609999716282,30,False,2358.0
3,paper_pa,paper_pa_19,19,25,191096393,235423403,"[3, 27, 48, 64, 77, 180, 273, 291, 315, 327, 390, 451, 452, 456, 516, 531, 555, 560, 565, 577]","[276, 572, 66, 31, 242, 525, 417, 547, 45, 537, 250, 234, 221, 81, 238, 80, 482, 64, 440, 367]",600,20,0.62,,,,,,,0.0,1.0,0.005,,,5.003333333333334,0.7505463244008619,1.0,0.09666666666666666,4.9,0.0016912325522146954,0.0068379365913336185,0.14310344827586208,0.01206896551724138,0.0017241379310344827,0.0,2.225862068965517,4.0,0.0,0.11551724137931034,5.731034482758621,0.1299283251660661,0.7351676493359538,0.006842163684268947,4.015789473684211,0.8285386479662347,0.07241379310344828,0.9827586206896551,0.9833333333333333,0.9322339999489486,30,False,2358.0
3,paper_pa,paper_pa_19,19,26,191096393,1783023066,"[17, 64, 71, 102, 130, 134, 157, 175, 254, 298, 349, 352, 373, 384, 420, 433, 521, 530, 554, 580]","[162, 31, 587, 345, 548, 443, 107, 59, 478, 490, 18, 539, 588, 495, 508, 484, 111, 113, 555, 434]",600,20,0.62,,,,,,,0.0,1.0,0.005,,,5.003333333333334,0.7505463244008619,1.0,0.09666666666666666,4.5,0.0015282281034471334,0.0033840113097297194,0.13620689655172413,0.015517241379310345,0.0,0.0,2.2448275862068967,4.0,0.0,0.14655172413793102,6.2827586206896555,0.12968723414756583,0.7466738133523911,0.004880309748730801,3.8473684210526318,0.8875117472333778,0.06551724137931035,0.9810344827586207,0.9816666666666667,0.9334492080379277,30,False,2358.0
3,paper_pa,paper_pa_19,19,27,191096393,2616479769,"[28, 55, 84, 130, 229, 239, 316, 338, 391, 403, 414, 422, 433, 450, 453, 474, 512, 525, 533, 564]","[594, 161, 355, 548, 284, 550, 38, 35, 492, 26, 506, 371, 484, 497, 376, 399, 192, 549, 378, 44]",600,20,0.62,,,,,,,0.0,1.0,0.005,,,5.003333333333334,0.7505463244008619,1.0,0.09666666666666666,4.4,0.0014868506391020225,0.002827469789855261,0.12931034482758622,0.017241379310344827,0.0017241379310344827,0.0,2.2327586206896552,5.0,0.0,0.18448275862068966,6.3517241379310345,0.1255944552097357,0.7584539336549342,0.007381332118174223,3.8473684210526318,0.8232641460786686,0.06379310344827586,0.9706896551724138,0.9716666666666667,0.9326372498180717,30,False,2354.0
3,paper_pa,paper_pa_19,19,28,191096393,954637732,"[133, 181, 194, 202, 211, 267, 289, 318, 337, 397, 405, 410, 425, 456, 460, 474, 534, 547, 555, 588]","[10, 410, 213, 260, 404, 589, 553, 392, 287, 131, 322, 206, 313, 81, 354, 399, 535, 280, 482, 463]",600,20,0.62,,,,,,,0.0,1.0,0.005,,,5.003333333333334,0.7505463244008619,1.0,0.09666666666666666,4.6,0.0015659189255968948,0.0033476393199700603,0.1396551724137931,0.013793103448275862,0.0017241379310344827,0.0,2.2758620689655173,4.0,0.0,0.1706896551724138,6.251724137931035,0.13063563103338638,0.7408194866297422,0.008713450292397661,3.836842105263158,0.8671118066948873,0.06551724137931035,0.9706896551724138,0.9716666666666667,0.9319085420574993,30,False,2352.0
3,paper_pa,paper_pa_19,19,29,191096393,148045749,"[12, 50, 99, 107, 109, 155, 189, 193, 228, 266, 292, 300, 321, 325, 421, 428, 439, 456, 546, 567]","[528, 372, 128, 493, 403, 350, 207, 363, 475, 294, 198, 11, 208, 240, 457, 209, 375, 81, 92, 141]",600,20,0.62,,,,,,,0.0,1.0,0.005,,,5.003333333333334,0.7505463244008619,1.0,0.09666666666666666,5.2,0.0017353320494136576,0.006101813900049322,0.14655172413793102,0.020689655172413793,0.0017241379310344827,0.0,2.206896551724138,4.0,0.0,0.13275862068965516,5.903448275862069,0.13879710032409975,0.7290572330415104,0.006997612418092967,3.8526315789473684,0.7913148622542574,0.06551724137931035,0.9,0.9033333333333333,0.9493905419949442,30,False,2232.0
3,paper_pa,paper_pa_19,19,30,191096393,2347893010,"[5, 12, 30, 110, 136, 163, 169, 207, 237, 287, 357, 372, 390, 433, 445, 454, 465, 504, 530, 596]","[267, 528, 442, 14, 362, 461, 22, 210, 520, 183, 105, 339, 250, 484, 423, 511, 114, 126, 113, 193]",600,20,0.62,,,,,,,0.0,1.0,0.005,,,5.003333333333334,0.7505463244008619,1.0,0.09666666666666666,5.5,0.0018247656173990881,0.00532456754352291,0.16379310344827586,0.01896551724137931,0.0034482758620689655,0.0,2.139655172413793,4.0,0.0,0.16551724137931034,6.4431034482758625,0.14983082698269892,0.7002501340003573,0.007712727792367681,3.8157894736842106,0.8657624336782119,0.06896551724137931,0.9793103448275862,0.98,0.9408868330065161,30,False,2358.0
3,paper_pa,paper_pa_19,19,31,191096393,1000648135,"[30, 52, 66, 70, 99, 100, 103, 201, 231, 285, 350, 369, 396, 402, 441, 442, 465, 529, 536, 579]","[442, 226, 231, 65, 128, 337, 222, 166, 48, 54, 577, 125, 529, 409, 389, 327, 114, 502, 518, 58]",600,20,0.62,,,,,,,0.0,1.0,0.005,,,5.003333333333334,0.7505463244008619,1.0,0.09666666666666666,4.35,0.0014750345000997824,0.003158747872171621,0.1413793103448276,0.008620689655172414,0.0,0.0,2.2189655172413794,4.0,0.0,0.07758620689655173,5.962068965517242,0.13141962399968896,0.7378714787683879,0.002882205513784461,3.9947368421052634,0.8502879615214005,0.07413793103448275,0.9862068965517241,0.9866666666666667,0.9309483331162483,30,False,2358.0
3,paper_pa,paper_pa_19,19,32,191096393,3102254238,"[18, 40, 59, 63, 74, 81, 121, 136, 183, 229, 253, 290, 293, 336, 376, 413, 447, 462, 466, 577]","[139, 405, 273, 396, 320, 380, 212, 362, 491, 284, 352, 243, 514, 366, 381, 21, 455, 85, 448, 367]",600,20,0.62,,,,,,,0.0,1.0,0.005,,,5.003333333333334,0.7505463244008619,1.0,0.09666666666666666,4.45,0.0015401346914704088,0.0027652117129210252,0.13793103448275862,0.008620689655172414,0.0,0.0,2.329310344827586,4.0,0.0,0.07241379310344828,5.093103448275862,0.1288603115919394,0.7437496277767852,0.003272765246449457,4.11578947368421,0.8773117769641325,0.08103448275862069,0.9896551724137931,0.99,0.9220098340883851,30,False,2358.0
3,paper_pa,paper_pa_19,19,33,191096393,2934245888,"[1, 12, 59, 73, 87, 158, 172, 309, 343, 378, 381, 387, 426, 438, 482, 485, 515, 527, 568, 577]","[456, 528, 273, 408, 462, 257, 285, 223, 595, 146, 227, 504, 308, 533, 255, 160, 101, 233, 460, 367]",600,20,0.62,,,,,,,0.0,1.0,0.005,,,5.003333333333334,0.7505463244008619,1.0,0.09666666666666666,5.4,0.0017861215974733276,0.00423418315004384,0.16379310344827586,0.010344827586206896,0.0017241379310344827,0.0,2.1879310344827587,4.0,0.0,0.19137931034482758,6.627586206896551,0.14870201977723166,0.700226311714609,0.004045530492898914,3.705263157894737,0.8569118364256421,0.06896551724137931,0.9827586206896551,0.9833333333333333,0.9312593329232186,30,False,2358.0
3,paper_pa,paper_pa_19,19,34,191096393,1355558269,"[7, 28, 59, 75, 128, 188, 212, 243, 256, 268, 292, 312, 417, 418, 428, 431, 455, 476, 495, 499]","[288, 594, 273, 591, 411, 174, 13, 347, 398, 386, 198, 527, 143, 494, 209, 61, 328, 465, 531, 468]",600,20,0.62,,,,,,,0.0,1.0,0.005,,,5.003333333333334,0.7505463244008619,1.0,0.09666666666666666,4.7,0.0015828607191759243,0.0033420376829580824,0.12758620689655173,0.022413793103448276,0.0017241379310344827,0.0,2.2948275862068965,4.0,0.0,0.19482758620689655,6.472413793103448,0.12532276818691326,0.761437674944911,0.009479628558575925,3.710526315789474,0.76294167379485,0.05862068965517241,0.2810344827586207,0.305,0.9637537919916213,30,False,1534.0
3,paper_pa,paper_pa_19,19,35,191096393,966442252,"[33, 139, 157, 212, 243, 264, 279, 348, 364, 409, 426, 470, 490, 494, 495, 540, 544, 575, 578, 579]","[151, 136, 107, 13, 347, 286, 402, 86, 119, 488, 308, 123, 486, 388, 531, 450, 199, 303, 473, 58]",600,20,0.62,,,,,,,0.0,1.0,0.005,,,5.003333333333334,0.7505463244008619,1.0,0.09666666666666666,4.5,0.001511383470360759,0.0028960749720154614,0.13620689655172413,0.006896551724137931,0.0017241379310344827,0.0,2.2344827586206897,4.0,0.0,0.16379310344827586,6.48448275862069,0.12774846429111508,0.7466559466380799,0.004035087719298246,3.831578947368421,0.784690987350016,0.06896551724137931,0.9603448275862069,0.9616666666666667,0.6370648751035333,20,True,2340.0
3,paper_pa,paper_pa_19,19,36,191096393,2425604696,"[12, 33, 69, 71, 76, 156, 198, 201, 210, 224, 232, 253, 356, 380, 389, 429, 449, 467, 578, 579]","[528, 151, 225, 587, 458, 167, 314, 166, 315, 3, 215, 352, 541, 480, 70, 103, 374, 321, 473, 58]",600,20,0.62,,,,,,,0.0,1.0,0.005,,,5.003333333333334,0.7505463244008619,1.0,0.09666666666666666,4.85,0.0016190434434583997,0.003832853585971189,0.15,0.010344827586206896,0.0,0.0,2.220689655172414,4.0,0.0,0.14482758620689656,6.0810344827586205,0.13813516305142934,0.7232803287475433,0.002559652250054727,3.8421052631578947,0.77941648546245,0.07758620689655173,0.9758620689655172,0.9766666666666667,0.9297344998922199,30,False,2354.0
3,paper_pa,paper_pa_19,19,37,191096393,506338163,"[36, 45, 125, 155, 162, 167, 192, 212, 229, 248, 287, 294, 344, 439, 445, 453, 486, 494, 572, 582]","[583, 552, 124, 350, 94, 522, 305, 13, 284, 202, 183, 517, 452, 375, 423, 376, 232, 388, 567, 246]",600,20,0.62,,,,,,,0.0,1.0,0.005,,,5.003333333333334,0.7505463244008619,1.0,0.09666666666666666,4.3,0.0014696101320532168,0.0018882188383409358,0.1310344827586207,0.013793103448275862,0.0,0.0,2.2913793103448277,4.0,0.0,0.09655172413793103,5.613793103448276,0.12558152973205022,0.7555595259365137,0.005238095238095238,3.8947368421052633,0.8489385885047251,0.06724137931034482,0.9896551724137931,0.99,0.9466220829635859,30,False,2358.0
3,paper_pa,paper_pa_19,19,38,191096393,4083776764,"[44, 50, 76, 134, 144, 172, 223, 269, 291, 303, 329, 341, 346, 391, 482, 521, 530, 540, 556, 565]","[564, 372, 458, 443, 557, 285, 599, 358, 547, 310, 325, 186, 252, 492, 255, 111, 113, 450, 106, 440]",600,20,0.62,,,,,,,0.0,1.0,0.005,,,5.003333333333334,0.7505463244008619,1.0,0.09666666666666666,4.6,0.001553348481831024,0.004155917251757081,0.1310344827586207,0.017241379310344827,0.0034482758620689655,0.0,2.263793103448276,4.0,0.0,0.12241379310344827,6.382758620689655,0.12591664247687245,0.7555416592222024,0.009575950365424048,3.763157894736842,0.8015148325235026,0.06551724137931035,0.8275862068965517,0.8333333333333334,0.9603955422062427,30,False,2096.0
3,paper_pa,paper_pa_19,19,39,191096393,3767288920,"[2, 29, 39, 61, 88, 93, 152, 162, 193, 268, 274, 293, 326, 391, 405, 412, 434, 443, 447, 568]","[483, 479, 249, 338, 543, 116, 454, 94, 363, 386, 19, 514, 98, 492, 322, 293, 36, 37, 455, 460]",600,20,0.62,,,,,,,0.0,1.0,0.005,,,5.003333333333334,0.7505463244008619,1.0,0.09666666666666666,7.0,0.002231854659148898,0.009946361136587747,0.20517241379310344,0.01896551724137931,0.0,0.0,2.060344827586207,4.0,0.0,0.23275862068965517,7.405172413793103,0.1757732084517512,0.6343160026204514,0.004939088924657685,3.5526315789473686,0.8875117472333779,0.07241379310344828,0.9775862068965517,0.9783333333333334,0.9284619169775397,30,False,2358.0
3,paper_pa,paper_pa_19,19,40,191096393,1044128458,"[3, 37, 69, 130, 191, 216, 225, 261, 279, 290, 326, 358, 399, 419, 467, 482, 485, 512, 516, 525]","[276, 289, 225, 548, 74, 416, 364, 336, 402, 243, 98, 182, 15, 73, 321, 255, 160, 192, 238, 549]",600,20,0.62,,,,,,,0.0,1.0,0.005,,,5.003333333333334,0.7505463244008619,1.0,0.09666666666666666,5.2,0.0017391124745886927,0.0058492121013924425,0.15689655172413794,0.01206896551724138,0.0,0.0,2.146551724137931,4.0,0.0,0.12241379310344827,6.086206896551724,0.1430982827036619,0.7118158537311655,0.0038206478763754305,3.8684210526315788,0.8502879615214005,0.07413793103448275,0.9827586206896551,0.9833333333333333,0.9477573328185827,30,False,2358.0
3,paper_pa,paper_pa_19,19,41,191096393,1305764630,"[69, 104, 119, 204, 229, 248, 279, 352, 403, 434, 435, 451, 464, 502, 503, 504, 528, 531, 569, 578]","[225, 435, 263, 307, 284, 202, 402, 539, 26, 36, 200, 234, 17, 449, 584, 126, 24, 80, 194, 473]",600,20,0.62,,,,,,,0.0,1.0,0.005,,,5.003333333333334,0.7505463244008619,1.0,0.09666666666666666,3.45,0.0012271196090467263,0.002392731699677134,0.11379310344827587,0.005172413793103448,0.0,0.0,2.320689655172414,4.0,0.0,0.08620689655172414,5.1706896551724135,0.1094069427052639,0.7857125841224466,0.002807017543859649,4.173684210526316,0.8166402711744273,0.06206896551724138,0.20689655172413793,0.23333333333333334,0.9388427501544356,29,True,1458.0
3,paper_pa,paper_pa_19,19,42,191096393,4083400385,"[12, 31, 64, 83, 115, 116, 122, 134, 142, 183, 208, 225, 358, 362, 384, 401, 416, 422, 479, 587]","[528, 241, 31, 28, 190, 436, 593, 443, 52, 491, 414, 364, 182, 180, 495, 395, 592, 371, 357, 5]",600,20,0.62,,,,,,,0.0,1.0,0.005,,,5.003333333333334,0.7505463244008619,1.0,0.09666666666666666,5.05,0.0016797709487674007,0.004371934054874912,0.15344827586206897,0.015517241379310345,0.0034482758620689655,0.0,2.189655172413793,4.0,0.0,0.19137931034482758,6.837931034482758,0.13954363008836393,0.7176463581680662,0.013632376395534291,3.794736842105263,0.9043355924068645,0.0603448275862069,0.5189655172413793,0.535,0.9647226659581065,30,False,1742.0
3,paper_pa,paper_pa_19,19,43,191096393,2280516744,"[41, 60, 72, 104, 107, 218, 243, 299, 324, 361, 376, 380, 421, 429, 432, 439, 440, 469, 512, 560]","[342, 469, 329, 435, 493, 282, 347, 369, 153, 562, 381, 480, 457, 103, 214, 375, 97, 377, 192, 64]",600,20,0.62,,,,,,,0.0,1.0,0.005,,,5.003333333333334,0.7505463244008619,1.0,0.09666666666666666,5.65,0.0018509577276720254,0.005090847531589978,0.16551724137931034,0.017241379310344827,0.0017241379310344827,0.0,2.1758620689655173,4.0,0.0,0.22586206896551725,6.951724137931034,0.15066360420865796,0.6974331487106188,0.006943215061064032,3.6578947368421053,0.8671118066948873,0.05862068965517241,0.9775862068965517,0.9783333333333334,0.9458742081187665,30,False,2358.0
3,paper_pa,paper_pa_19,19,44,191096393,3490571045,"[27, 105, 111, 120, 146, 166, 189, 209, 211, 221, 303, 326, 328, 332, 378, 389, 399, 474, 492, 501]","[572, 179, 217, 154, 181, 523, 207, 579, 404, 112, 310, 98, 407, 279, 146, 70, 15, 399, 34, 578]",600,20,0.62,,,,,,,0.0,1.0,0.005,,,5.003333333333334,0.7505463244008619,1.0,0.09666666666666666,4.4,0.0015088101688216068,0.0023031174588894194,0.13275862068965516,0.015517241379310345,0.0,0.0,2.2810344827586206,4.0,0.0,0.10689655172413794,5.970689655172414,0.1264472079309873,0.7525817402179739,0.0054272993088782555,3.857894736842105,0.8773117769641325,0.06379310344827586,0.31724137931034485,0.34,0.9735212500672787,30,False,1542.0
3,paper_pa,paper_pa_19,19,45,191096393,4157822583,"[18, 23, 48, 98, 115, 129, 139, 147, 155, 185, 230, 239, 242, 254, 273, 279, 303, 373, 400, 548]","[139, 470, 66, 42, 190, 391, 136, 164, 350, 420, 340, 550, 140, 478, 417, 402, 310, 588, 353, 510]",600,20,0.62,,,,,,,0.0,1.0,0.005,,,5.003333333333334,0.7505463244008619,1.0,0.09666666666666666,5.45,0.0018158703940660853,0.005425732289349063,0.15517241379310345,0.022413793103448276,0.005172413793103448,0.0,2.182758620689655,4.0,0.0,0.12586206896551724,6.141379310344828,0.14658002808541554,0.7144005717348579,0.010735821196347512,3.831578947368421,0.8671118066948873,0.07413793103448275,0.9896551724137931,0.99,0.9324179589748383,30,False,2358.0
3,paper_pa,paper_pa_19,19,46,191096393,393910667,"[8, 43, 44, 46, 47, 117, 121, 235, 247, 252, 265, 266, 311, 329, 428, 431, 450, 486, 511, 515]","[316, 2, 564, 292, 556, 195, 212, 566, 536, 254, 251, 294, 172, 325, 209, 61, 497, 232, 147, 101]",600,20,0.62,,,,,,,0.0,1.0,0.005,,,5.003333333333334,0.7505463244008619,1.0,0.09666666666666666,5.5,0.0017888235345403676,0.005591970772568621,0.17758620689655172,0.01206896551724138,0.0,0.0,2.0965517241379312,4.0,0.0,0.1482758620689655,6.167241379310345,0.1573495768436834,0.6778810076826871,0.003258359574149048,3.9,0.6947689437692501,0.0603448275862069,0.9793103448275862,0.98,0.9281960839871317,30,False,2358.0
3,paper_pa,paper_pa_19,19,47,191096393,2829078185,"[6, 63, 64, 65, 113, 128, 136, 311, 326, 368, 373, 408, 510, 514, 523, 552, 568, 571, 580, 587]","[291, 396, 31, 444, 9, 411, 362, 172, 98, 311, 588, 559, 596, 505, 170, 218, 460, 258, 434, 5]",600,20,0.62,,,,,,,0.0,1.0,0.005,,,5.003333333333334,0.7505463244008619,1.0,0.09666666666666666,5.1,0.0016789164999173414,0.004191283512132186,0.15517241379310345,0.010344827586206896,0.0017241379310344827,0.0,2.1775862068965517,4.0,0.0,0.19137931034482758,7.320689655172414,0.1435270701101628,0.7144243940206063,0.005937950937950938,3.5473684210526315,0.8130641758094235,0.0706896551724138,0.3137931034482759,0.33666666666666667,0.9549701670184731,30,False,1582.0
3,paper_pa,paper_pa_19,19,48,191096393,3703664974,"[103, 115, 130, 131, 153, 200, 214, 241, 289, 293, 312, 352, 443, 480, 486, 567, 575, 576, 583, 594]","[222, 190, 548, 148, 0, 459, 343, 60, 553, 514, 527, 539, 37, 150, 232, 141, 303, 464, 561, 451]",600,20,0.62,,,,,,,0.0,1.0,0.005,,,5.003333333333334,0.7505463244008619,1.0,0.09666666666666666,4.5,0.0015259344260460934,0.0038714828848181405,0.1310344827586207,0.01206896551724138,0.0017241379310344827,0.0,2.2948275862068965,4.0,0.0,0.19827586206896552,6.358620689655172,0.12434865392939864,0.7556071705080103,0.007203425229741019,3.721052631578947,0.7306433564645519,0.06896551724137931,0.46206896551724136,0.48,0.9707953750621527,30,False,1686.0
3,paper_pa,paper_pa_19,19,49,191096393,1672028622,"[29, 42, 45, 50, 53, 61, 129, 170, 178, 179, 184, 195, 197, 211, 243, 290, 307, 310, 368, 542]","[479, 554, 552, 372, 431, 338, 391, 428, 130, 424, 425, 145, 90, 404, 347, 243, 133, 79, 311, 118]",600,20,0.62,,,,,,,0.0,1.0,0.005,,,5.003333333333334,0.7505463244008619,1.0,0.09666666666666666,4.95,0.0016796895328496787,0.0033986449976083333,0.15689655172413794,0.006896551724137931,0.0017241379310344827,0.0,2.193103448275862,4.0,0.0,0.16206896551724137,6.7620689655172415,0.14031730462495992,0.7119230540170329,0.0057442849548112705,3.9105263157894736,0.7962403306359368,0.07758620689655173,0.4896551724137931,0.5066666666666667,0.9858119168784469,30,False,1694.0
