{"random_seeds": {"2": [0.005, 0.0033333333333333335, 0.005, 0.0033333333333333335, 0.006666666666666667, 0.006666666666666667, 0.0033333333333333335, 0.005, 0.005, 0.005, 0.0033333333333333335, 0.008333333333333333, 0.006666666666666667, 0.011666666666666667, 0.005, 0.0033333333333333335, 0.008333333333333333, 0.0033333333333333335, 0.005, 0.0033333333333333335], "4": [0.016666666666666666, 0.008333333333333333, 0.006666666666666667, 0.011666666666666667, 0.01, 0.018333333333333333, 0.01, 0.008333333333333333, 0.008333333333333333, 0.015, 0.011666666666666667, 0.011666666666666667, 0.01, 0.01, 0.006666666666666667, 0.008333333333333333, 0.008333333333333333, 0.008333333333333333, 0.013333333333333334, 0.01], "6": [0.023333333333333334, 0.013333333333333334, 0.016666666666666666, 0.03, 0.015, 0.021666666666666667, 0.01, 0.013333333333333334, 0.016666666666666666, 0.02, 0.013333333333333334, 0.015, 0.02, 0.013333333333333334, 0.013333333333333334, 0.013333333333333334, 0.013333333333333334, 0.013333333333333334, 0.015, 0.011666666666666667], "8": [0.023333333333333334, 0.025, 0.03166666666666667, 0.018333333333333333, 0.023333333333333334, 0.021666666666666667, 0.02, 0.018333333333333333, 0.02, 0.02, 0.016666666666666666, 0.015, 0.03, 0.013333333333333334, 0.021666666666666667, 0.018333333333333333, 0.018333333333333333, 0.025, 0.025, 0.021666666666666667], "10": [0.03833333333333333, 0.021666666666666667, 0.02666666666666667, 0.03333333333333333, 0.02666666666666667, 0.035, 0.018333333333333333, 0.028333333333333332, 0.028333333333333332, 0.03, 0.035, 0.04, 0.023333333333333334, 0.03, 0.03666666666666667, 0.03, 0.03, 0.065, 0.025, 0.03166666666666667], "15": [0.1, 0.9966666666666667, 0.8583333333333333, 0.04666666666666667, 0.03666666666666667, 0.03166666666666667, 0.915, 0.04833333333333333, 0.92, 0.9566666666666667, 0.035, 0.065, 0.93, 0.058333333333333334, 0.99, 0.96, 0.9333333333333333, 0.94, 0.9116666666666666, 0.06666666666666667], "30": [0.9933333333333333, 1.0, 0.9866666666666667, 1.0, 0.9933333333333333, 0.9933333333333333, 0.99, 1.0, 0.9966666666666667, 0.9966666666666667, 0.9966666666666667, 1.0, 0.9966666666666667, 0.99, 1.0, 0.9966666666666667, 0.9866666666666667, 0.9966666666666667, 0.9933333333333333, 0.9933333333333333]}, "betweenness_seeds": {"2": [0.006666666666666667, 0.0033333333333333335, 0.005, 0.0033333333333333335, 0.008333333333333333, 0.008333333333333333, 0.0033333333333333335, 0.008333333333333333, 0.008333333333333333, 0.015, 0.006666666666666667, 0.008333333333333333, 0.006666666666666667, 0.008333333333333333, 0.008333333333333333, 0.005, 0.0033333333333333335, 0.006666666666666667, 0.006666666666666667, 0.006666666666666667], "4": [0.008333333333333333, 0.011666666666666667, 0.013333333333333334, 0.011666666666666667, 0.006666666666666667, 0.011666666666666667, 0.011666666666666667, 0.008333333333333333, 0.013333333333333334, 0.015, 0.01, 0.006666666666666667, 0.01, 0.011666666666666667, 0.013333333333333334, 0.006666666666666667, 0.021666666666666667, 0.013333333333333334, 0.008333333333333333, 0.008333333333333333], "6": [0.016666666666666666, 0.015, 0.015, 0.03166666666666667, 0.015, 0.011666666666666667, 0.015, 0.016666666666666666, 0.016666666666666666, 0.013333333333333334, 0.011666666666666667, 0.021666666666666667, 0.013333333333333334, 0.016666666666666666, 0.013333333333333334, 0.023333333333333334, 0.016666666666666666, 0.018333333333333333, 0.023333333333333334, 0.011666666666666667], "8": [0.016666666666666666, 0.023333333333333334, 0.021666666666666667, 0.023333333333333334, 0.021666666666666667, 0.03, 0.018333333333333333, 0.016666666666666666, 0.02, 0.021666666666666667, 0.145, 0.02, 0.016666666666666666, 0.023333333333333334, 0.02, 0.023333333333333334, 0.023333333333333334, 0.03666666666666667, 0.023333333333333334, 0.02666666666666667], "10": [0.03333333333333333, 0.023333333333333334, 0.021666666666666667, 0.02666666666666667, 0.9766666666666667, 0.02666666666666667, 0.023333333333333334, 0.02666666666666667, 0.021666666666666667, 0.03, 0.035, 0.041666666666666664, 0.025, 0.03166666666666667, 0.018333333333333333, 0.02, 0.03333333333333333, 0.035, 0.025, 0.02666666666666667], "15": [0.9366666666666666, 0.9116666666666666, 0.9733333333333334, 0.055, 0.058333333333333334, 0.09166666666666666, 0.055, 0.051666666666666666, 0.99, 0.8383333333333334, 0.9633333333333334, 0.95, 0.04666666666666667, 0.05, 0.11666666666666667, 0.06666666666666667, 0.04666666666666667, 0.085, 0.04, 0.043333333333333335], "30": [0.9933333333333333, 0.99, 0.9966666666666667, 0.9933333333333333, 0.9933333333333333, 0.9966666666666667, 0.99, 0.9866666666666667, 0.9933333333333333, 0.9966666666666667, 0.9966666666666667, 0.9933333333333333, 0.9883333333333333, 0.9966666666666667, 0.9866666666666667, 1.0, 0.9933333333333333, 0.9966666666666667, 1.0, 0.9933333333333333]}, "triangle_degree_ratio_seeds": {"2": [0.0033333333333333335, 0.005, 0.006666666666666667, 0.008333333333333333, 0.006666666666666667, 0.0033333333333333335, 0.005, 0.023333333333333334, 0.006666666666666667, 0.01, 0.005, 0.0033333333333333335, 0.006666666666666667, 0.01, 0.011666666666666667, 0.005, 0.005, 0.008333333333333333, 0.005, 0.008333333333333333], "4": [0.006666666666666667, 0.006666666666666667, 0.016666666666666666, 0.013333333333333334, 0.008333333333333333, 0.011666666666666667, 0.011666666666666667, 0.008333333333333333, 0.015, 0.013333333333333334, 0.006666666666666667, 0.006666666666666667, 0.011666666666666667, 0.013333333333333334, 0.011666666666666667, 0.013333333333333334, 0.011666666666666667, 0.006666666666666667, 0.006666666666666667, 0.008333333333333333], "6": [0.015, 0.011666666666666667, 0.016666666666666666, 0.015, 0.011666666666666667, 0.01, 0.015, 0.018333333333333333, 0.016666666666666666, 0.011666666666666667, 0.018333333333333333, 0.02, 0.015, 0.01, 0.013333333333333334, 0.016666666666666666, 0.011666666666666667, 0.011666666666666667, 0.011666666666666667, 0.015], "8": [0.023333333333333334, 0.015, 0.018333333333333333, 0.025, 0.02666666666666667, 0.021666666666666667, 0.02, 0.021666666666666667, 0.02, 0.018333333333333333, 0.02, 0.02, 0.015, 0.02, 0.016666666666666666, 0.021666666666666667, 0.02, 0.02, 0.03, 0.018333333333333333], "10": [0.03333333333333333, 0.021666666666666667, 0.02, 0.021666666666666667, 0.02666666666666667, 0.03666666666666667, 0.028333333333333332, 0.018333333333333333, 0.016666666666666666, 0.03333333333333333, 0.03166666666666667, 0.03166666666666667, 0.03, 0.023333333333333334, 0.023333333333333334, 0.02666666666666667, 0.045, 0.021666666666666667, 0.021666666666666667, 0.018333333333333333], "15": [0.9383333333333334, 0.9016666666666666, 0.05, 0.065, 0.03666666666666667, 0.9266666666666666, 0.065, 0.03833333333333333, 0.051666666666666666, 0.075, 0.05333333333333334, 0.08166666666666667, 0.07333333333333333, 0.035, 0.05, 0.04833333333333333, 0.9583333333333334, 0.99, 0.035, 0.9183333333333333], "30": [0.99, 1.0, 1.0, 1.0, 0.9766666666666667, 0.9966666666666667, 0.99, 0.9933333333333333, 0.9866666666666667, 0.9933333333333333, 1.0, 0.9866666666666667, 0.9966666666666667, 1.0, 0.9933333333333333, 0.9966666666666667, 0.9783333333333334, 0.99, 0.9933333333333333, 0.99]}, "highest_degree_seeds": {"2": [0.008333333333333333, 0.005, 0.006666666666666667, 0.006666666666666667, 0.005, 0.005, 0.0033333333333333335, 0.0033333333333333335, 0.0033333333333333335, 0.005, 0.006666666666666667, 0.0033333333333333335, 0.008333333333333333, 0.008333333333333333, 0.006666666666666667, 0.005, 0.005, 0.0033333333333333335, 0.008333333333333333, 0.008333333333333333], "4": [0.011666666666666667, 0.011666666666666667, 0.01, 0.01, 0.01, 0.008333333333333333, 0.011666666666666667, 0.011666666666666667, 0.011666666666666667, 0.01, 0.008333333333333333, 0.01, 0.015, 0.011666666666666667, 0.01, 0.015, 0.01, 0.006666666666666667, 0.011666666666666667, 0.006666666666666667],