problem,candidate_vertex_graph1,revealed_vertex_graph2,common_vertex_count,baseline_h0_accuracy,augmented_h0_accuracy,baseline_common_h0_accuracy,augmented_common_h0_accuracy,delta_common_h0_accuracy,first_direction_wrong_to_right_count,first_direction_right_to_wrong_count,first_direction_wrong_to_right_fraction,first_direction_right_to_wrong_fraction,baseline_final_unseeded_accuracy,augmented_final_unseeded_accuracy,baseline_common_final_accuracy,augmented_common_final_accuracy,delta_common_final_accuracy,outcome_success,baseline_gradient_margin_mean,augmented_gradient_margin_mean,delta_gradient_margin_mean,delta_gradient_margin_median,delta_gradient_margin_q10,gradient_margin_improved_fraction,baseline_gradient_true_rank_mean,augmented_gradient_true_rank_mean,gradient_true_rank_improvement_mean,baseline_gradient_true_top1_fraction,augmented_gradient_true_top1_fraction,delta_gradient_true_top1_fraction,baseline_gradient_true_top5_fraction,augmented_gradient_true_top5_fraction,delta_gradient_true_top5_fraction,candidate_true_witness_fraction,candidate_false_spillover_fraction,candidate_witness_selectivity,augmented_sgm_runtime_seconds,augmented_sgm_n_iter,augmented_sgm_converged,augmented_sgm_objective_score
paper,0,32,285,0.08391608391608392,0.09824561403508772,0.08421052631578947,0.09824561403508772,0.014035087719298248,9,5,0.031578947368421054,0.017543859649122806,0.4090909090909091,0.9754385964912281,0.4070175438596491,0.9754385964912281,0.5684210526315789,True,-4.075281805877549,-4.0566576301682025,0.018624175709345717,-0.00526939134803861,-0.006706498079324774,0.10175438596491228,101.16491228070176,99.99649122807017,1.168421052631579,0.056140350877192984,0.05964912280701754,0.0035087719298245584,0.17543859649122806,0.1824561403508772,0.007017543859649145,0.014035087719298246,0.00024709661477637757,0.013787991104521868,0.14368254109285772,29,True,1252.0
paper,1,103,285,0.08391608391608392,0.11228070175438597,0.08421052631578947,0.11228070175438597,0.028070175438596495,14,6,0.04912280701754386,0.021052631578947368,0.4090909090909091,0.9824561403508771,0.4105263157894737,0.9824561403508771,0.5719298245614035,True,-4.075633365000348,-4.04247886342017,0.03315450158017817,-0.022836132747819704,-0.02906416895177344,0.07719298245614035,101.30526315789474,99.33333333333333,1.9719298245614034,0.056140350877192984,0.05964912280701754,0.0035087719298245584,0.17543859649122806,0.18596491228070175,0.01052631578947369,0.017543859649122806,0.0003829997529033852,0.017160859896219422,0.15158837498165667,30,False,1252.0
paper,2,107,285,0.08391608391608392,0.10175438596491228,0.08421052631578947,0.10175438596491228,0.017543859649122806,8,3,0.028070175438596492,0.010526315789473684,0.4090909090909091,0.9789473684210527,0.4105263157894737,0.9789473684210527,0.5684210526315789,True,-4.075633365000348,-4.04207478986008,0.03355857514026885,-0.016916785758027686,-0.02153045460112768,0.09473684210526316,101.30526315789474,100.42105263157895,0.8842105263157894,0.056140350877192984,0.06315789473684211,0.007017543859649124,0.17543859649122806,0.1824561403508772,0.007017543859649145,0.014035087719298246,0.00024709661477637757,0.013787991104521868,0.14943358302116394,30,False,1252.0
paper,3,90,285,0.08391608391608392,0.08421052631578947,0.08421052631578947,0.08421052631578947,0.0,3,3,0.010526315789473684,0.010526315789473684,0.4090909090909091,0.24561403508771928,0.4105263157894737,0.24561403508771928,-0.1649122807017544,False,-4.115681645725472,-4.114586325973289,0.0010953197521829194,0.003175105390467614,-0.0010862983481736421,0.8245614035087719,101.99649122807017,102.05614035087719,-0.05964912280701754,0.05263157894736842,0.05263157894736842,0.0,0.17192982456140352,0.17192982456140352,0.0,0.0,0.0,0.0,0.10831879219040275,20,True,796.0
paper,4,123,285,0.08391608391608392,0.09824561403508772,0.08421052631578947,0.09824561403508772,0.014035087719298248,9,5,0.031578947368421054,0.017543859649122806,0.4090909090909091,0.9719298245614035,0.4105263157894737,0.9719298245614035,0.5614035087719298,True,-4.075281805877549,-4.014077575751128,0.06120423012641967,0.0064389043653401146,-0.0009658304669395433,0.8280701754385965,101.16491228070176,99.06315789473685,2.101754385964912,0.056140350877192984,0.05964912280701754,0.0035087719298245584,0.17543859649122806,0.18947368421052632,0.014035087719298261,0.014035087719298246,0.00019767729182110206,0.013837410427477144,0.15169429196976125,30,False,1248.0
paper,5,63,285,0.08391608391608392,0.09473684210526316,0.08421052631578947,0.09473684210526316,0.01052631578947369,8,5,0.028070175438596492,0.017543859649122806,0.4090909090909091,0.41754385964912283,0.4105263157894737,0.41754385964912283,0.007017543859649145,False,-4.095000948773055,-4.059801100934894,0.03519984783816053,-0.028778044022848448,-0.03662660148362473,0.05964912280701754,101.56842105263158,100.22456140350877,1.343859649122807,0.056140350877192984,0.056140350877192984,0.0,0.17543859649122806,0.1824561403508772,0.007017543859649145,0.014035087719298246,0.0003212255992092908,0.013713862120088955,0.1590806671883911,30,False,900.0
paper,6,220,285,0.08391608391608392,0.10877192982456141,0.08421052631578947,0.10877192982456141,0.024561403508771937,13,6,0.0456140350877193,0.021052631578947368,0.4090909090909091,0.7614035087719299,0.4105263157894737,0.7614035087719299,0.3508771929824562,False,-4.075633365000348,-4.012975823231371,0.0626575417689768,-0.013965529304702962,-0.017774310024166164,0.12280701754385964,101.30526315789474,99.98245614035088,1.3228070175438595,0.056140350877192984,0.06666666666666667,0.010526315789473682,0.17543859649122806,0.17894736842105263,0.0035087719298245723,0.021052631578947368,0.0005189028910303929,0.020533728687916974,0.16647608391940594,30,False,1070.0
paper,7,245,285,0.08391608391608392,0.10175438596491228,0.08421052631578947,0.10175438596491228,0.017543859649122806,9,4,0.031578947368421054,0.014035087719298246,0.4090909090909091,0.3263157894736842,0.4070175438596491,0.3263157894736842,-0.08070175438596489,False,-4.102332782185854,-4.078492266593038,0.023840515592818076,-0.005393453681285187,-0.006864395594362804,0.08070175438596491,101.91228070175438,101.63157894736842,0.2807017543859649,0.056140350877192984,0.056140350877192984,0.0,0.17192982456140352,0.17192982456140352,0.0,0.007017543859649123,4.9419322955275514e-05,0.006968124536693847,0.15348804113455117,28,True,858.0
paper,8,115,285,0.08391608391608392,0.08421052631578947,0.08421052631578947,0.08421052631578947,0.0,5,5,0.017543859649122806,0.017543859649122806,0.4090909090909091,0.6385964912280702,0.4105263157894737,0.6385964912280702,0.22807017543859648,False,-4.075633365000348,-4.018821435400654,0.0568119295996934,0.0036252803131500144,-0.0010320374027152468,0.8315789473684211,101.30526315789474,99.31228070175439,1.9929824561403509,0.056140350877192984,0.05964912280701754,0.0035087719298245584,0.17543859649122806,0.18947368421052632,0.014035087719298261,0.014035087719298246,0.0003212255992092908,0.013713862120088955,0.15575691685080528,30,False,1004.0
paper,9,5,285,0.08391608391608392,0.0912280701754386,0.08421052631578947,0.0912280701754386,0.007017543859649131,9,7,0.031578947368421054,0.02456140350877193,0.4090909090909091,0.41403508771929826,0.4105263157894737,0.41403508771929826,0.0035087719298245723,False,-4.075281805877549,-4.053227704246704,0.022054101630844074,0.0064389043653401146,-0.0009231717846750697,0.8385964912280702,101.16491228070176,98.83157894736843,2.3333333333333335,0.056140350877192984,0.056140350877192984,0.0,0.17543859649122806,0.18596491228070175,0.01052631578947369,0.010526315789473684,0.000308870768470472,0.010217445021003212,0.14058241597376764,27,True,888.0
paper,11,209,285,0.08391608391608392,0.08070175438596491,0.08421052631578947,0.08070175438596491,-0.0035087719298245584,5,6,0.017543859649122806,0.021052631578947368,0.4090909090909091,0.3333333333333333,0.4105263157894737,0.3333333333333333,-0.07719298245614037,False,-4.074291496040991,-4.043740432009856,0.0305510640311349,-0.00225749991622326,-0.0029870876352697806,0.0912280701754386,101.2280701754386,100.32631578947368,0.9017543859649123,0.056140350877192984,0.06315789473684211,0.007017543859649124,0.17543859649122806,0.18596491228070175,0.01052631578947369,0.010526315789473684,0.00021003212255992092,0.010316283666913763,0.1551914589945227,30,False,842.0
paper,12,50,285,0.08391608391608392,0.09824561403508772,0.08421052631578947,0.09824561403508772,0.014035087719298248,10,6,0.03508771929824561,0.021052631578947368,0.4090909090909091,0.38596491228070173,0.4105263157894737,0.38596491228070173,-0.02456140350877195,False,-4.07412773912595,-4.049647454752257,0.024480284373692648,-0.019899049228976118,-0.025326062655060433,0.10175438596491228,101.2140350877193,99.76842105263158,1.4456140350877194,0.056140350877192984,0.05964912280701754,0.0035087719298245584,0.17543859649122806,0.1824561403508772,0.007017543859649145,0.014035087719298246,0.0003829997529033852,0.01365208796639486,0.14513312513008714,28,True,860.0
paper,13,44,285,0.08391608391608392,0.09824561403508772,0.08421052631578947,0.09824561403508772,0.014035087719298248,7,3,0.02456140350877193,0.010526315789473684,0.4090909090909091,0.9754385964912281,0.4105263157894737,0.9754385964912281,0.5649122807017544,True,-4.075633365000348,-4.058444971227218,0.017188393773129577,-0.022836132747818816,-0.02906416895177255,0.07368421052631578,101.30526315789474,100.41052631578947,0.8947368421052632,0.056140350877192984,0.05964912280701754,0.0035087719298245584,0.17543859649122806,0.17894736842105263,0.0035087719298245723,0.010526315789473684,0.00018532246108228317,0.0103409933283914,0.13272562506608665,26,True,1252.0
paper,14,0,285,0.08391608391608392,0.11578947368421053,0.08421052631578947,0.11578947368421053,0.031578947368421054,12,3,0.042105263157894736,0.010526315789473684,0.4090909090909091,0.9754385964912281,0.4105263157894737,0.9754385964912281,0.5649122807017544,True,-4.074291496040991,-4.013845693695144,0.06044580234584786,0.0064975934820887815,-0.0011487295745718383,0.8350877192982457,101.2280701754386,99.68771929824561,1.5403508771929824,0.056140350877192984,0.06315789473684211,0.007017543859649124,0.17543859649122806,0.1824561403508772,0.007017543859649145,0.014035087719298246,0.0003212255992092908,0.013713862120088955,0.09441229188814759,18,True,1252.0
paper,15,256,285,0.08391608391608392,0.10175438596491228,0.08070175438596491,0.10175438596491228,0.021052631578947364,11,5,0.03859649122807018,0.017543859649122806,0.4090909090909091,0.25263157894736843,0.4070175438596491,0.25263157894736843,-0.15438596491228068,False,-4.09072202758203,-4.046548238166299,0.04417378941573215,0.0006663604273677848,-0.0008607386162129415,0.8491228070175438,101.71929824561404,100.59298245614035,1.1263157894736842,0.056140350877192984,0.07368421052631578,0.0175438596491228,0.17192982456140352,0.17543859649122806,0.0035087719298245446,0.010526315789473684,0.00021003212255992092,0.010316283666913763,0.13740312517620623,26,True,804.0
paper,16,260,285,0.08391608391608392,0.08771929824561403,0.08421052631578947,0.08771929824561403,0.0035087719298245584,7,6,0.02456140350877193,0.021052631578947368,0.4090909090909091,0.8245614035087719,0.4105263157894737,0.8245614035087719,0.41403508771929826,False,-4.092564508482141,-4.075653538069525,0.016910970412615592,-0.011062264133777866,-0.014079245261173944,0.09473684210526316,101.70877192982456,101.09473684210526,0.6140350877192983,0.056140350877192984,0.05964912280701754,0.0035087719298245584,0.17192982456140352,0.17543859649122806,0.0035087719298245446,0.007017543859649123,0.00022238695329873981,0.006795156906350383,0.14936287491582334,30,False,1098.0
paper,17,146,285,0.08391608391608392,0.09473684210526316,0.08421052631578947,0.09473684210526316,0.01052631578947369,8,5,0.028070175438596492,0.017543859649122806,0.4090909090909091,0.9754385964912281,0.4105263157894737,0.9754385964912281,0.5649122807017544,True,-4.075281805877549,-4.097412392014209,-0.022130586136659153,-0.034931478571312624,-0.044458245454397805,0.042105263157894736,101.16491228070176,100.9298245614035,0.23508771929824562,0.056140350877192984,0.05964912280701754,0.0035087719298245584,0.17543859649122806,0.17894736842105263,0.0035087719298245723,0.007017543859649123,0.00012354830738818879,0.006893995552260934,0.12026279210112989,24,True,1252.0
paper,18,3,285,0.08391608391608392,0.0912280701754386,0.08421052631578947,0.0912280701754386,0.007017543859649131,8,6,0.028070175438596492,0.021052631578947368,0.4090909090909091,0.3508771929824561,0.4070175438596491,0.3508771929824561,-0.05614035087719299,False,-4.078615284045587,-4.033066510601666,0.045548773443921664,0.012205399694500407,-0.0009239911360833018,0.8491228070175438,101.10877192982456,100.28421052631579,0.8245614035087719,0.056140350877192984,0.05964912280701754,0.0035087719298245584,0.17543859649122806,0.17894736842105263,0.0035087719298245723,0.007017543859649123,4.9419322955275514e-05,0.006968124536693847,0.1542987080756575,30,False,864.0
paper,19,92,285,0.08391608391608392,0.12982456140350876,0.08421052631578947,0.12982456140350876,0.04561403508771929,17,4,0.05964912280701754,0.014035087719298246,0.4090909090909091,0.9789473684210527,0.4105263157894737,0.9789473684210527,0.5684210526315789,True,-4.074291496040991,-4.053941444339426,0.02035005170156516,-0.03180253833451463,-0.0404759578802949,0.07368421052631578,101.2280701754386,100.3719298245614,0.856140350877193,0.056140350877192984,0.056140350877192984,0.0,0.17543859649122806,0.18596491228070175,0.01052631578947369,0.014035087719298246,0.00025945144551519646,0.01377563627378305,0.10495829186402261,21,True,1252.0
paper,20,73,285,0.08391608391608392,0.08070175438596491,0.08421052631578947,0.08070175438596491,-0.0035087719298245584,5,6,0.017543859649122806,0.021052631578947368,0.4090909090909091,0.9824561403508771,0.4070175438596491,0.9824561403508771,0.5754385964912281,True,-4.081221918297743,-3.95911349846694,0.12210841983080342,0.018133336366867425,-0.0009392342157523714,0.8280701754385965,101.58947368421053,98.02456140350877,3.5649122807017544,0.056140350877192984,0.056140350877192984,0.0,0.17192982456140352,0.18596491228070175,0.014035087719298234,0.021052631578947368,0.00044477390659747963,0.020607857672349888,0.15100950002670288,30,False,1252.0
paper,21,287,285,0.08391608391608392,0.10877192982456141,0.08070175438596491,0.10877192982456141,0.028070175438596495,11,3,0.03859649122807018,0.010526315789473684,0.4090909090909091,0.9824561403508771,0.4070175438596491,0.9824561403508771,0.5754385964912281,True,-4.113315989746235,-4.06331558101392,0.05000040873231557,-0.011029332186033969,-0.014037331873134384,0.09824561403508772,101.41754385964913,100.02456140350877,1.3929824561403508,0.056140350877192984,0.05964912280701754,0.0035087719298245584,0.17192982456140352,0.1824561403508772,0.01052631578947369,0.017543859649122806,0.0005436125525080306,0.017000247096614775,0.08297595800831914,16,True,1252.0
paper,22,97,285,0.08391608391608392,0.10877192982456141,0.08421052631578947,0.10877192982456141,0.024561403508771937,11,4,0.03859649122807018,0.014035087719298246,0.4090909090909091,0.6912280701754386,0.4105263157894737,0.6912280701754386,0.28070175438596495,False,-4.094352149117737,-4.04663672403572,0.047715425082015706,0.0036252803131509026,-0.001222344488313176,0.8175438596491228,101.58947368421053,100.74385964912281,0.8456140350877193,0.056140350877192984,0.05964912280701754,0.0035087719298245584,0.17192982456140352,0.17894736842105263,0.007017543859649117,0.010526315789473684,0.00018532246108228317,0.0103409933283914,0.1533753329422325,30,False,1014.0
paper,23,270,285,0.08391608391608392,0.09473684210526316,0.08421052631578947,0.09473684210526316,0.01052631578947369,7,4,0.02456140350877193,0.014035087719298246,0.4090909090909091,0.9754385964912281,0.4070175438596491,0.9754385964912281,0.5684210526315789,True,-4.104562919074976,-3.9846290747417137,0.1199338443332613,0.02126772149437528,-0.0009365566211229747,0.8140350877192982,101.18947368421053,98.36140350877193,2.8280701754385964,0.056140350877192984,0.06315789473684211,0.007017543859649124,0.17543859649122806,0.19298245614035087,0.017543859649122806,0.02456140350877193,0.0009019026439337782,0.023659500864838152,0.13252320792526007,26,True,1252.0
paper,24,65,285,0.08391608391608392,0.07719298245614035,0.08421052631578947,0.07719298245614035,-0.007017543859649117,5,7,0.017543859649122806,0.02456140350877193,0.4090909090909091,0.16140350877192983,0.4105263157894737,0.16140350877192983,-0.24912280701754386,False,-4.077686551847163,-3.997999209062204,0.07968734278495812,0.015242589259211847,-0.0007306206786406477,0.8421052631578947,101.30175438596491,99.29473684210527,2.007017543859649,0.056140350877192984,0.05964912280701754,0.0035087719298245584,0.17543859649122806,0.18947368421052632,0.014035087719298261,0.017543859649122806,0.000308870768470472,0.017234988880652335,0.10608108318410814,20,True,794.0
paper,26,185,285,0.08391608391608392,0.10175438596491228,0.08421052631578947,0.10175438596491228,0.017543859649122806,8,3,0.028070175438596492,0.010526315789473684,0.4090909090909091,0.9824561403508771,0.4105263157894737,0.9824561403508771,0.5719298245614035,True,-4.075633365000348,-4.064654656687961,0.010978708312387458,-0.01691678575803035,-0.021530454601129456,0.0912280701754386,101.30526315789474,100.50526315789473,0.8,0.056140350877192984,0.05964912280701754,0.0035087719298245584,0.17543859649122806,0.17894736842105263,0.0035087719298245723,0.010526315789473684,0.00025945144551519646,0.010266864343958487,0.15216754097491503,30,False,1252.0
paper,27,21,285,0.08391608391608392,0.0912280701754386,0.08421052631578947,0.0912280701754386,0.007017543859649131,8,6,0.028070175438596492,0.021052631578947368,0.4090909090909091,0.9859649122807017,0.4070175438596491,0.9859649122807017,0.5789473684210527,True,-4.084316205413722,-4.051817535079162,0.03249867033455894,0.0033162840842937413,-0.0010896682333662254,0.8315789473684211,101.05263157894737,100.30526315789474,0.7473684210526316,0.056140350877192984,0.05964912280701754,0.0035087719298245584,0.17543859649122806,0.17894736842105263,0.0035087719298245723,0.007017543859649123,2.4709661477637757e-05,0.006992834198171485,0.17454883409664035,30,False,1252.0
paper,28,77,285,0.08391608391608392,0.09473684210526316,0.08421052631578947,0.09473684210526316,0.01052631578947369,7,4,0.02456140350877193,0.014035087719298246,0.4090909090909091,0.9859649122807017,0.4070175438596491,0.9859649122807017,0.5789473684210527,True,-4.075633365000348,-4.019846991948511,0.05578637305183711,0.0036252803131509026,-0.0011098426426858763,0.8280701754385965,101.30526315789474,100.02456140350877,1.280701754385965,0.056140350877192984,0.06315789473684211,0.007017543859649124,0.17543859649122806,0.18596491228070175,0.01052631578947369,0.014035087719298246,0.0003212255992092908,0.013713862120088955,0.15073845791630447,30,False,1252.0
paper,29,289,285,0.08391608391608392,0.09473684210526316,0.08421052631578947,0.09473684210526316,0.01052631578947369,8,5,0.028070175438596492,0.017543859649122806,0.4090909090909091,0.4842105263157895,0.4105263157894737,0.4842105263157895,0.0736842105263158,False,-4.084316205413722,-4.069550342876609,0.014765862537111873,0.0003630628287423221,-0.001104937796960037,0.8245614035087719,101.05263157894737,100.09473684210526,0.9578947368421052,0.056140350877192984,0.05964912280701754,0.0035087719298245584,0.17543859649122806,0.1824561403508772,0.007017543859649145,0.007017543859649123,4.9419322955275514e-05,0.006968124536693847,0.14612095803022385,28,True,918.0
paper,30,278,285,0.08391608391608392,0.09824561403508772,0.08421052631578947,0.09824561403508772,0.014035087719298248,10,6,0.03508771929824561,0.021052631578947368,0.4090909090909091,0.9754385964912281,0.4105263157894737,0.9754385964912281,0.5649122807017544,True,-4.075281805877549,-4.019797693124195,0.05548411275335404,0.009352220660327148,-0.0007883309890623024,0.8385964912280702,101.16491228070176,99.76491228070175,1.4,0.056140350877192984,0.05964912280701754,0.0035087719298245584,0.17543859649122806,0.18596491228070175,0.01052631578947369,0.010526315789473684,0.00011119347664936991,0.010415122312824314,0.15400445787236094,30,False,1248.0
paper,31,12,285,0.08391608391608392,0.07719298245614035,0.08421052631578947,0.07719298245614035,-0.007017543859649117,6,8,0.021052631578947368,0.028070175438596492,0.4090909090909091,0.29473684210526313,0.4105263157894737,0.29473684210526313,-0.11578947368421055,False,-4.09242253464351,-4.112315213009885,-0.019892678366374483,-0.0027835240942994943,-0.0035426670291096585,0.07017543859649122,101.02105263157895,100.84912280701755,0.17192982456140352,0.056140350877192984,0.05964912280701754,0.0035087719298245584,0.17543859649122806,0.17543859649122806,0.0,0.0035087719298245615,1.2354830738818879e-05,0.0034964170990857426,0.15590045903809369,30,False,836.0
paper,32,167,285,0.08391608391608392,0.0912280701754386,0.08421052631578947,0.0912280701754386,0.007017543859649131,6,4,0.021052631578947368,0.014035087719298246,0.4090909090909091,0.9719298245614035,0.4070175438596491,0.9719298245614035,0.5649122807017544,True,-4.099261822474554,-4.105316927789329,-0.00605510531477496,-0.005393453681284299,-0.006864395594362804,0.08070175438596491,101.87368421052632,101.18947368421053,0.6842105263157895,0.056140350877192984,0.056140350877192984,0.0,0.17543859649122806,0.17894736842105263,0.0035087719298245723,0.0035087719298245615,6.177415369409439e-05,0.003446997776130467,0.1158624580129981,21,True,1248.0
paper,33,257,285,0.08391608391608392,0.08070175438596491,0.08421052631578947,0.08070175438596491,-0.0035087719298245584,6,7,0.021052631578947368,0.02456140350877193,0.4090909090909091,0.28421052631578947,0.4105263157894737,0.28421052631578947,-0.12631578947368421,False,-4.075281805877549,-4.027640372049632,0.04764143382791743,-0.00233402821187223,-0.0029705813605636067,0.0912280701754386,101.16491228070176,100.15087719298245,1.0140350877192983,0.056140350877192984,0.05964912280701754,0.0035087719298245584,0.17543859649122806,0.17894736842105263,0.0035087719298245723,0.010526315789473684,0.00011119347664936991,0.010415122312824314,0.12767158378846943,24,True,822.0
paper,34,28,285,0.08391608391608392,0.09473684210526316,0.08421052631578947,0.09473684210526316,0.01052631578947369,8,5,0.028070175438596492,0.017543859649122806,0.4090909090909091,0.9754385964912281,0.4105263157894737,0.9754385964912281,0.5649122807017544,True,-4.079309517299728,-4.023132478464245,0.05617703883548333,-0.02584036487130792,-0.03288773710893711,0.07017543859649122,101.25263157894737,100.36842105263158,0.8842105263157894,0.056140350877192984,0.06315789473684211,0.007017543859649124,0.17543859649122806,0.18947368421052632,0.014035087719298261,0.017543859649122806,0.00045712873733629847,0.01708673091178651,0.09423887496814132,18,True,1252.0
paper,36,173,285,0.08391608391608392,0.10877192982456141,0.08421052631578947,0.10877192982456141,0.024561403508771937,15,8,0.05263157894736842,0.028070175438596492,0.4090909090909091,0.9087719298245615,0.4105263157894737,0.9087719298245615,0.49824561403508777,True,-4.091775672034543,-4.07395593749714,0.017819734537402387,-0.014008304804704608,-0.017828751569624046,0.08070175438596491,101.70877192982456,100.73684210526316,0.9719298245614035,0.056140350877192984,0.056140350877192984,0.0,0.17192982456140352,0.17894736842105263,0.007017543859649117,0.010526315789473684,0.0003335804299481097,0.010192735359525574,0.15480500017292798,30,False,1192.0
paper,37,30,285,0.08391608391608392,0.08771929824561403,0.08421052631578947,0.08771929824561403,0.0035087719298245584,6,5,0.021052631578947368,0.017543859649122806,0.4090909090909091,0.24912280701754386,0.4105263157894737,0.24912280701754386,-0.16140350877192983,False,-4.096649105478776,-4.055567958784885,0.0410811466938906,-0.00821030967038272,-0.010449485035034733,0.09824561403508772,101.8140350877193,100.45263157894736,1.3614035087719298,0.056140350877192984,0.06315789473684211,0.007017543859649124,0.17543859649122806,0.18947368421052632,0.014035087719298261,0.014035087719298246,0.00019767729182110206,0.013837410427477144,0.10190816689282656,19,True,806.0
paper,38,16,285,0.08391608391608392,0.10526315789473684,0.08421052631578947,0.10526315789473684,0.021052631578947364,10,4,0.03508771929824561,0.014035087719298246,0.4090909090909091,0.9754385964912281,0.4105263157894737,0.9754385964912281,0.5649122807017544,True,-4.084568106284581,-3.9600527225280753,0.12451538375650507,0.04413825263949356,-0.0009133190953946268,0.8070175438596491,101.2421052631579,98.0,3.2421052631578946,0.056140350877192984,0.06315789473684211,0.007017543859649124,0.17543859649122806,0.18596491228070175,0.01052631578947369,0.017543859649122806,0.00043241907585866074,0.017111440573264147,0.12231674999929965,24,True,1252.0
paper,40,17,285,0.08391608391608392,0.11228070175438597,0.08421052631578947,0.11228070175438597,0.028070175438596495,13,5,0.0456140350877193,0.017543859649122806,0.4090909090909091,0.9789473684210527,0.4105263157894737,0.9789473684210527,0.5684210526315789,True,-4.075281805877549,-4.02009640053217,0.05518540534537924,0.0005957972050536497,-0.001134260280784538,0.8385964912280702,101.16491228070176,100.03859649122808,1.1263157894736842,0.056140350877192984,0.07017543859649122,0.01403508771929824,0.17543859649122806,0.1824561403508772,0.007017543859649145,0.014035087719298246,0.00024709661477637757,0.013787991104521868,0.10871620802208781,21,True,1252.0
paper,41,154,285,0.08391608391608392,0.0912280701754386,0.08421052631578947,0.0912280701754386,0.007017543859649131,6,4,0.021052631578947368,0.014035087719298246,0.4090909090909091,0.9754385964912281,0.4105263157894737,0.9754385964912281,0.5649122807017544,True,-4.084316205413722,-4.039889676745708,0.04442652866801369,0.00920596238938387,-0.0009581121373079427,0.8280701754385965,101.05263157894737,99.6842105263158,1.368421052631579,0.056140350877192984,0.05964912280701754,0.0035087719298245584,0.17543859649122806,0.1824561403508772,0.007017543859649145,0.007017543859649123,2.4709661477637757e-05,0.006992834198171485,0.15067612496204674,30,False,1252.0
paper,42,139,285,0.08391608391608392,0.08421052631578947,0.08421052631578947,0.08421052631578947,0.0,6,6,0.021052631578947368,0.021052631578947368,0.4090909090909091,0.9754385964912281,0.4105263157894737,0.9754385964912281,0.5649122807017544,True,-4.075281805877549,-4.109415562844883,-0.0341337569673334,-0.037928926646686456,-0.04827317936851028,0.03859649122807018,101.16491228070176,101.04561403508772,0.11929824561403508,0.056140350877192984,0.05964912280701754,0.0035087719298245584,0.17543859649122806,0.17543859649122806,0.0,0.0035087719298245615,8.648381517173215e-05,0.0034222881146528292,0.14992087497375906,30,False,1252.0
paper,43,188,285,0.08391608391608392,0.10526315789473684,0.08070175438596491,0.10526315789473684,0.024561403508771923,14,7,0.04912280701754386,0.02456140350877193,0.4090909090909091,0.9894736842105263,0.4070175438596491,0.9894736842105263,0.5824561403508772,True,-4.108457457620681,-4.057955085348252,0.05050237227242975,-0.011205650638039799,-0.014261737175688793,0.10526315789473684,101.23157894736842,100.01052631578948,1.2210526315789474,0.056140350877192984,0.06666666666666667,0.010526315789473682,0.17192982456140352,0.17894736842105263,0.007017543859649117,0.017543859649122806,0.0009389671361502347,0.01660489251297257,0.15071916696615517,30,False,1252.0
paper,44,243,285,0.08391608391608392,0.08771929824561403,0.08421052631578947,0.08771929824561403,0.0035087719298245584,6,5,0.021052631578947368,0.017543859649122806,0.4090909090909091,0.45614035087719296,0.4105263157894737,0.45614035087719296,0.045614035087719274,False,-4.075633365000348,-4.0369773192295435,0.038656045770803914,0.015242589259211847,-0.0010654640945134018,0.8175438596491228,101.30526315789474,100.31929824561404,0.9859649122807017,0.056140350877192984,0.05964912280701754,0.0035087719298245584,0.17543859649122806,0.17894736842105263,0.0035087719298245723,0.007017543859649123,0.0003459352606869286,0.006671608598962194,0.152589124860242,30,False,888.0
paper,45,83,285,0.08391608391608392,0.09824561403508772,0.08421052631578947,0.09824561403508772,0.014035087719298248,9,5,0.031578947368421054,0.017543859649122806,0.4090909090909091,0.9789473684210527,0.4070175438596491,0.9789473684210527,0.5719298245614035,True,-4.085335167310214,-3.9932502577977576,0.09208490951245647,-0.014052946925896315,-0.017885568814778985,0.12631578947368421,101.25263157894737,99.52280701754385,1.7298245614035088,0.056140350877192984,0.07368421052631578,0.0175438596491228,0.17543859649122806,0.18596491228070175,0.01052631578947369,0.02456140350877193,0.0007042253521126761,0.023857178156659255,0.1069762920960784,21,True,1252.0
paper,46,296,285,0.08391608391608392,0.07368421052631578,0.08421052631578947,0.07368421052631578,-0.01052631578947369,3,6,0.010526315789473684,0.021052631578947368,0.4090909090909091,0.28771929824561404,0.4105263157894737,0.28771929824561404,-0.12280701754385964,False,-4.074291496040991,-4.057072424408367,0.017219071632624868,0.029605193214109704,-0.0011405198480860079,0.8070175438596491,101.2280701754386,101.30877192982456,-0.08070175438596491,0.056140350877192984,0.05964912280701754,0.0035087719298245584,0.17543859649122806,0.17543859649122806,0.0,0.0035087719298245615,0.0001729676303434643,0.003335804299481097,0.11549237510189414,22,True,824.0
paper,47,143,285,0.08391608391608392,0.10526315789473684,0.08421052631578947,0.10526315789473684,0.021052631578947364,11,5,0.03859649122807018,0.017543859649122806,0.4090909090909091,0.9754385964912281,0.4105263157894737,0.9754385964912281,0.5649122807017544,True,-4.075633365000348,-4.0215760104607154,0.05405735453963333,0.021018685241304347,-0.0009807339792910596,0.8210526315789474,101.30526315789474,99.39649122807018,1.9087719298245613,0.056140350877192984,0.06315789473684211,0.007017543859649124,0.17543859649122806,0.1824561403508772,0.007017543859649145,0.014035087719298246,0.00046948356807511736,0.013565604151223128,0.09522300004027784,18,True,1252.0
paper,48,136,285,0.08391608391608392,0.10175438596491228,0.08421052631578947,0.10175438596491228,0.017543859649122806,8,3,0.028070175438596492,0.010526315789473684,0.4090909090909091,0.5333333333333333,0.4105263157894737,0.5333333333333333,0.12280701754385964,False,-4.079309517299728,-4.032826548030006,0.04648296926972152,0.009471950800970852,-0.0010651677660360901,0.8175438596491228,101.25263157894737,100.17543859649123,1.0771929824561404,0.056140350877192984,0.05964912280701754,0.0035087719298245584,0.17543859649122806,0.18596491228070175,0.01052631578947369,0.010526315789473684,0.000308870768470472,0.010217445021003212,0.15245074988342822,30,False,940.0
paper,49,158,285,0.08391608391608392,0.10877192982456141,0.08421052631578947,0.10877192982456141,0.024561403508771937,11,4,0.03859649122807018,0.014035087719298246,0.4090909090909091,0.9754385964912281,0.4070175438596491,0.9754385964912281,0.5684210526315789,True,-4.074291496040991,-4.02273511503387,0.051556381007121135,0.006497593482086117,-0.0012298738584165744,0.8210526315789474,101.2280701754386,99.3157894736842,1.912280701754386,0.056140350877192984,0.05964912280701754,0.0035087719298245584,0.17543859649122806,0.18596491228070175,0.01052631578947369,0.014035087719298246,0.00025945144551519646,0.01377563627378305,0.11394329112954438,22,True,1252.0
paper,50,202,285,0.08391608391608392,0.0912280701754386,0.08421052631578947,0.0912280701754386,0.007017543859649131,5,3,0.017543859649122806,0.010526315789473684,0.4090909090909091,0.3649122807017544,0.4105263157894737,0.3649122807017544,-0.045614035087719274,False,-4.074291496040991,-4.052512563910227,0.021778932130763814,0.015203481329646884,-0.0011446127787319682,0.8175438596491228,101.2280701754386,100.80350877192983,0.4245614035087719,0.056140350877192984,0.05964912280701754,0.0035087719298245584,0.17543859649122806,0.1824561403508772,0.007017543859649145,0.007017543859649123,0.00022238695329873981,0.006795156906350383,0.14015270909294486,27,True,870.0
paper,51,255,285,0.08391608391608392,0.09473684210526316,0.08421052631578947,0.09473684210526316,0.01052631578947369,8,5,0.028070175438596492,0.017543859649122806,0.4090909090909091,0.44912280701754387,0.4070175438596491,0.44912280701754387,0.04210526315789476,False,-4.097672235934072,-4.026204433039064,0.07146780289500863,-0.005183879815933601,-0.006597665220279936,0.09824561403508772,101.32280701754387,98.6561403508772,2.6666666666666665,0.05263157894736842,0.056140350877192984,0.0035087719298245654,0.17192982456140352,0.17894736842105263,0.007017543859649117,0.017543859649122806,0.00043241907585866074,0.017111440573264147,0.15184525004588068,30,False,906.0
paper,52,142,285,0.08391608391608392,0.08771929824561403,0.08421052631578947,0.08771929824561403,0.0035087719298245584,7,6,0.02456140350877193,0.021052631578947368,0.4090909090909091,0.9824561403508771,0.4105263157894737,0.9824561403508771,0.5719298245614035,True,-4.074291496040991,-4.062001673977753,0.012289822063238807,-0.00518687918884897,-0.006601482603990405,0.09824561403508772,101.2280701754386,100.04912280701754,1.1789473684210525,0.056140350877192984,0.05964912280701754,0.0035087719298245584,0.17543859649122806,0.18596491228070175,0.01052631578947369,0.010526315789473684,0.0003335804299481097,0.010192735359525574,0.1177900421898812,23,True,1252.0
paper,53,56,285,0.08391608391608392,0.11578947368421053,0.08421052631578947,0.11578947368421053,0.031578947368421054,15,6,0.05263157894736842,0.021052631578947368,0.4090909090909091,0.9754385964912281,0.4105263157894737,0.9754385964912281,0.5649122807017544,True,-4.152202702059572,-4.02516801979184,0.12703468226773176,-0.03412270094838998,-0.04342889211613432,0.1543859649122807,101.19649122807017,97.82456140350877,3.3719298245614033,0.056140350877192984,0.07719298245614035,0.02105263157894737,0.17894736842105263,0.18596491228070175,0.007017543859649117,0.042105263157894736,0.002742772424017791,0.039362490733876945,0.09705429198220372,18,True,1252.0
paper,54,55,285,0.08391608391608392,0.09473684210526316,0.08421052631578947,0.09473684210526316,0.01052631578947369,8,5,0.028070175438596492,0.017543859649122806,0.4090909090909091,0.9754385964912281,0.4070175438596491,0.9754385964912281,0.5684210526315789,True,-4.079309517299728,-3.9838712084467347,0.0954383088529927,0.006559729599593389,-0.0010087367309393968,0.8491228070175438,101.25263157894737,99.84561403508772,1.407017543859649,0.056140350877192984,0.06666666666666667,0.010526315789473682,0.17543859649122806,0.18596491228070175,0.01052631578947369,0.014035087719298246,0.0003829997529033852,0.01365208796639486,0.1502099591307342,30,False,1252.0
paper,55,2,285,0.08391608391608392,0.0912280701754386,0.08421052631578947,0.0912280701754386,0.007017543859649131,6,4,0.021052631578947368,0.014035087719298246,0.4090909090909091,0.6771929824561403,0.4105263157894737,0.6771929824561403,0.26666666666666666,False,-4.09242253464351,-4.061438470411685,0.03098406423182497,-0.02079688608599728,-0.026468764109453424,0.03859649122807018,101.02105263157895,101.0140350877193,0.007017543859649123,0.056140350877192984,0.05964912280701754,0.0035087719298245584,0.17543859649122806,0.17543859649122806,0.0,0.0035087719298245615,0.0,0.0035087719298245615,0.15486787492409348,30,False,1008.0
paper,56,58,285,0.08391608391608392,0.08771929824561403,0.08421052631578947,0.08771929824561403,0.0035087719298245584,8,7,0.028070175438596492,0.02456140350877193,0.4090909090909091,0.2912280701754386,0.4070175438596491,0.2912280701754386,-0.1157894736842105,False,-4.093738862232345,-4.003567009014918,0.09017185321742628,0.0006529953873233296,-0.001014490395126444,0.8315789473684211,101.19649122807017,98.35087719298245,2.8456140350877193,0.056140350877192984,0.06315789473684211,0.007017543859649124,0.17543859649122806,0.1824561403508772,0.007017543859649145,0.021052631578947368,0.0007042253521126761,0.020348406226834693,0.14337420812807977,28,True,840.0
paper,58,248,285,0.08391608391608392,0.09824561403508772,0.08421052631578947,0.09824561403508772,0.014035087719298248,8,4,0.028070175438596492,0.014035087719298246,0.4090909090909091,0.9754385964912281,0.4105263157894737,0.9754385964912281,0.5649122807017544,True,-4.079309517299728,-4.050387377021781,0.028922140277948365,-0.025840364871306143,-0.03288773710893711,0.11578947368421053,101.25263157894737,100.56491228070175,0.6877192982456141,0.056140350877192984,0.05964912280701754,0.0035087719298245584,0.17543859649122806,0.1824561403508772,0.007017543859649145,0.014035087719298246,0.0002965159377316531,0.013738571781566592,0.09658429189585149,18,True,1252.0
paper,60,38,285,0.08391608391608392,0.08070175438596491,0.08421052631578947,0.08070175438596491,-0.0035087719298245584,6,7,0.021052631578947368,0.02456140350877193,0.4090909090909091,0.22807017543859648,0.4105263157894737,0.22807017543859648,-0.1824561403508772,False,-4.074291496040991,-4.038988584904464,0.03530291113652691,0.012306957528210205,-0.0011380607450002245,0.8140350877192982,101.2280701754386,99.92280701754386,1.305263157894737,0.056140350877192984,0.05964912280701754,0.0035087719298245584,0.17543859649122806,0.1824561403508772,0.007017543859649145,0.010526315789473684,0.0003953545836422041,0.01013096120583148,0.09683895786292851,18,True,800.0
paper,61,112,285,0.08391608391608392,0.10175438596491228,0.08421052631578947,0.10175438596491228,0.017543859649122806,9,4,0.031578947368421054,0.014035087719298246,0.4090909090909091,0.9754385964912281,0.4105263157894737,0.9754385964912281,0.5649122807017544,True,-4.079309517299728,-4.028335572187752,0.05097394511197654,0.006559729599591613,-0.0013059384393736548,0.8105263157894737,101.25263157894737,99.85263157894737,1.4,0.056140350877192984,0.05964912280701754,0.0035087719298245584,0.17543859649122806,0.1824561403508772,0.007017543859649145,0.014035087719298246,0.00046948356807511736,0.013565604151223128,0.10615716711618006,21,True,1252.0
paper,62,249,285,0.08391608391608392,0.08070175438596491,0.08421052631578947,0.08070175438596491,-0.0035087719298245584,6,7,0.021052631578947368,0.02456140350877193,0.4090909090909091,0.24561403508771928,0.4105263157894737,0.24561403508771928,-0.1649122807017544,False,-4.084316205413722,-4.10081437518675,-0.01649816977302822,0.006263911391945598,-0.001095159816559743,0.8140350877192982,101.05263157894737,101.05964912280702,-0.007017543859649123,0.056140350877192984,0.056140350877192984,0.0,0.17543859649122806,0.17543859649122806,0.0,0.0,2.4709661477637757e-05,-2.4709661477637757e-05,0.10692912479862571,20,True,814.0
paper,63,250,285,0.08391608391608392,0.09473684210526316,0.08421052631578947,0.09473684210526316,0.01052631578947369,8,5,0.028070175438596492,0.017543859649122806,0.4090909090909091,0.9754385964912281,0.4070175438596491,0.9754385964912281,0.5684210526315789,True,-4.085335167310214,-3.7216743088474145,0.36366085846279955,0.3888678335038769,-0.0012382174806992551,0.8245614035087719,101.25263157894737,99.23859649122807,2.0140350877192983,0.056140350877192984,0.05964912280701754,0.0035087719298245584,0.17543859649122806,0.18947368421052632,0.014035087719298261,0.028070175438596492,0.0008895478131949593,0.02718062762540153,0.09340454102493823,18,True,1252.0
paper,64,141,285,0.08391608391608392,0.10877192982456141,0.08421052631578947,0.10877192982456141,0.024561403508771937,10,3,0.03508771929824561,0.010526315789473684,0.4090909090909091,0.9754385964912281,0.4105263157894737,0.9754385964912281,0.5649122807017544,True,-4.078615284045587,-4.0546753476013695,0.02393993644421747,-0.008346065615038256,-0.010622265328230185,0.08421052631578947,101.10877192982456,100.8140350877193,0.29473684210526313,0.056140350877192984,0.06315789473684211,0.007017543859649124,0.17543859649122806,0.1824561403508772,0.007017543859649145,0.007017543859649123,8.648381517173215e-05,0.006931060044477391,0.15079175005666912,30,False,1252.0
paper,65,133,285,0.08391608391608392,0.09473684210526316,0.08421052631578947,0.09473684210526316,0.01052631578947369,9,6,0.031578947368421054,0.021052631578947368,0.4090909090909091,0.2736842105263158,0.4105263157894737,0.2736842105263158,-0.13684210526315788,False,-4.074291496040991,-4.0334598296712985,0.04083166636969228,0.009405000581227618,-0.0011235065042514592,0.8175438596491228,101.2280701754386,99.69824561403509,1.5298245614035089,0.056140350877192984,0.056140350877192984,0.0,0.17543859649122806,0.18596491228070175,0.01052631578947369,0.010526315789473684,0.0002718062762540153,0.010254509513219668,0.09178129211068153,17,True,844.0
paper,66,228,285,0.08391608391608392,0.10175438596491228,0.08421052631578947,0.10175438596491228,0.017543859649122806,11,6,0.03859649122807018,0.021052631578947368,0.4090909090909091,0.9754385964912281,0.4105263157894737,0.9754385964912281,0.5649122807017544,True,-4.075633365000348,-3.9928293946121958,0.08280397038815278,0.006537789630534974,-0.0009882436898188017,0.8315789473684211,101.30526315789474,98.89824561403509,2.407017543859649,0.056140350877192984,0.05964912280701754,0.0035087719298245584,0.17543859649122806,0.18596491228070175,0.01052631578947369,0.017543859649122806,0.0003829997529033852,0.017160859896219422,0.09589454205706716,18,True,1252.0
paper,67,85,285,0.08391608391608392,0.10877192982456141,0.08421052631578947,0.10877192982456141,0.024561403508771937,13,6,0.0456140350877193,0.021052631578947368,0.4090909090909091,0.9754385964912281,0.4070175438596491,0.9754385964912281,0.5684210526315789,True,-4.079309517299728,-4.001197039523319,0.07811247777640887,0.015280014700957523,-0.0011572124230733393,0.8245614035087719,101.25263157894737,99.61052631578947,1.6421052631578947,0.056140350877192984,0.06315789473684211,0.007017543859649124,0.17543859649122806,0.17894736842105263,0.0035087719298245723,0.021052631578947368,0.000617741536940944,0.020434890042006423,0.148028708063066,30,False,1252.0
paper,68,70,285,0.08391608391608392,0.10526315789473684,0.08421052631578947,0.10526315789473684,0.021052631578947364,14,8,0.04912280701754386,0.028070175438596492,0.4090909090909091,0.5298245614035088,0.4105263157894737,0.5298245614035088,0.11929824561403507,False,-4.074291496040991,-4.036103098690009,0.03818839735098293,-0.022880031233342812,-0.029120039751528992,0.05964912280701754,101.2280701754386,99.94385964912281,1.2842105263157895,0.056140350877192984,0.05964912280701754,0.0035087719298245584,0.17543859649122806,0.19298245614035087,0.017543859649122806,0.017543859649122806,0.000308870768470472,0.017234988880652335,0.15352112497203052,30,False,910.0
paper,69,208,285,0.08391608391608392,0.09473684210526316,0.08421052631578947,0.09473684210526316,0.01052631578947369,11,8,0.03859649122807018,0.028070175438596492,0.4090909090909091,0.5578947368421052,0.4105263157894737,0.5578947368421052,0.14736842105263154,False,-4.085335167310214,-4.039612258639352,0.04572290867086262,-0.014052946925897203,-0.017885568814779873,0.10175438596491228,101.25263157894737,99.29824561403508,1.9543859649122808,0.056140350877192984,0.06315789473684211,0.007017543859649124,0.17543859649122806,0.18947368421052632,0.014035087719298261,0.021052631578947368,0.0008154188287620459,0.02023721275018532,0.15339841600507498,30,False,940.0
paper,70,74,285,0.08391608391608392,0.08421052631578947,0.08421052631578947,0.08421052631578947,0.0,7,7,0.02456140350877193,0.02456140350877193,0.4090909090909091,0.3333333333333333,0.4070175438596491,0.3333333333333333,-0.0736842105263158,False,-4.075281805877549,-4.015391844614716,0.05988996126283287,0.015162464492152417,-0.0009981550346472188,0.8280701754385965,101.16491228070176,98.80701754385964,2.357894736842105,0.056140350877192984,0.06315789473684211,0.007017543859649124,0.17543859649122806,0.18947368421052632,0.014035087719298261,0.014035087719298246,0.00024709661477637757,0.013787991104521868,0.15457458281889558,30,False,834.0
paper,71,152,285,0.08391608391608392,0.11228070175438597,0.08421052631578947,0.11228070175438597,0.028070175438596495,14,6,0.04912280701754386,0.021052631578947368,0.4090909090909091,0.8350877192982457,0.4070175438596491,0.8350877192982457,0.42807017543859655,False,-4.092980882475217,-4.065787244640749,0.027193637834468883,-0.01695993440277732,-0.021585371058080227,0.09473684210526316,101.70877192982456,100.73684210526316,0.9719298245614035,0.056140350877192984,0.05964912280701754,0.0035087719298245584,0.17192982456140352,0.1824561403508772,0.01052631578947369,0.010526315789473684,0.00014825796886582654,0.010378057820607857,0.15571191697381437,30,False,1112.0
paper,72,226,285,0.08391608391608392,0.0912280701754386,0.08421052631578947,0.0912280701754386,0.007017543859649131,7,5,0.02456140350877193,0.017543859649122806,0.4090909090909091,0.3684210526315789,0.4105263157894737,0.3684210526315789,-0.04210526315789476,False,-4.06251114704052,-4.027105303235165,0.03540584380535517,0.0035847191495586017,-0.0011674491711715974,0.8245614035087719,101.2280701754386,100.2,1.0280701754385966,0.056140350877192984,0.05964912280701754,0.0035087719298245584,0.17543859649122806,0.1824561403508772,0.007017543859649145,0.010526315789473684,0.0002718062762540153,0.010254509513219668,0.1522905840538442,30,False,858.0
paper,73,215,285,0.08391608391608392,0.10877192982456141,0.08421052631578947,0.10877192982456141,0.024561403508771937,14,7,0.04912280701754386,0.02456140350877193,0.4090909090909091,0.9754385964912281,0.4105263157894737,0.9754385964912281,0.5649122807017544,True,-4.079826972934076,-4.06721306505411,0.012613907879965438,-0.04380111824135291,-0.05574687776172116,0.07719298245614035,101.2280701754386,100.30175438596491,0.9263157894736842,0.056140350877192984,0.05964912280701754,0.0035087719298245584,0.17543859649122806,0.17894736842105263,0.0035087719298245723,0.017543859649122806,0.0006300963676797627,0.016913763281443044,0.1131743339356035,22,True,1252.0
paper,74,84,285,0.08391608391608392,0.0912280701754386,0.08070175438596491,0.0912280701754386,0.01052631578947369,10,7,0.03508771929824561,0.02456140350877193,0.4090909090909091,0.5403508771929825,0.4070175438596491,0.5403508771929825,0.13333333333333336,False,-4.095629029313569,-4.052176352667322,0.04345267664624652,-0.03180253833451552,-0.0404759578802949,0.09473684210526316,101.7298245614035,100.78245614035087,0.9473684210526315,0.05263157894736842,0.06315789473684211,0.01052631578947369,0.17192982456140352,0.1824561403508772,0.01052631578947369,0.017543859649122806,0.000308870768470472,0.017234988880652335,0.1599769580643624,30,False,944.0
paper,75,68,285,0.08391608391608392,0.0912280701754386,0.08421052631578947,0.0912280701754386,0.007017543859649131,9,7,0.031578947368421054,0.02456140350877193,0.4090909090909091,0.47368421052631576,0.4070175438596491,0.47368421052631576,0.06666666666666665,False,-4.074291496040991,-4.065438556917102,0.00885293912388948,-0.03777932776338666,-0.04808278078976702,0.04912280701754386,101.2280701754386,100.75438596491227,0.47368421052631576,0.056140350877192984,0.05964912280701754,0.0035087719298245584,0.17543859649122806,0.18596491228070175,0.01052631578947369,0.014035087719298246,0.00019767729182110206,0.013837410427477144,0.12433837517164648,24,True,922.0
paper,76,121,285,0.08391608391608392,0.07368421052631578,0.08421052631578947,0.07368421052631578,-0.01052631578947369,2,5,0.007017543859649123,0.017543859649122806,0.4090909090909091,0.4842105263157895,0.4070175438596491,0.4842105263157895,0.07719298245614037,False,-4.093738862232345,-4.018793488919633,0.07494537331271217,-0.00823252168229427,-0.010477754868374767,0.10877192982456141,101.19649122807017,99.42105263157895,1.775438596491228,0.056140350877192984,0.06315789473684211,0.007017543859649124,0.17543859649122806,0.1824561403508772,0.007017543859649145,0.017543859649122806,0.0006053867062021251,0.016938472942920682,0.1551630839239806,30,False,920.0
paper,77,161,285,0.08391608391608392,0.08421052631578947,0.08421052631578947,0.08421052631578947,0.0,8,8,0.028070175438596492,0.028070175438596492,0.4090909090909091,0.9859649122807017,0.4105263157894737,0.9859649122807017,0.5754385964912281,True,-4.094357459687692,-4.035405571480598,0.05895188820709493,-0.00808395708668197,-0.010288672655777376,0.10877192982456141,101.41754385964913,99.52280701754385,1.894736842105263,0.056140350877192984,0.06315789473684211,0.007017543859649124,0.17192982456140352,0.17894736842105263,0.007017543859649117,0.017543859649122806,0.00045712873733629847,0.01708673091178651,0.1521311670076102,30,False,1252.0
paper,78,221,285,0.08391608391608392,0.08421052631578947,0.08421052631578947,0.08421052631578947,0.0,6,6,0.021052631578947368,0.021052631578947368,0.4090909090909091,0.26666666666666666,0.4105263157894737,0.26666666666666666,-0.14385964912280702,False,-4.076581404924247,-4.0694125228588485,0.007168882065398119,-0.005269391348041275,-0.006706498079325307,0.08771929824561403,101.15789473684211,100.70175438596492,0.45614035087719296,0.056140350877192984,0.056140350877192984,0.0,0.17543859649122806,0.17894736842105263,0.0035087719298245723,0.0035087719298245615,3.7064492216456636e-05,0.003471707437608105,0.12974108383059502,25,True,828.0
paper,79,198,285,0.08391608391608392,0.11929824561403508,0.08421052631578947,0.11929824561403508,0.03508771929824561,16,6,0.056140350877192984,0.021052631578947368,0.4090909090909091,0.9824561403508771,0.4070175438596491,0.9824561403508771,0.5754385964912281,True,-4.075633365000348,-4.032903506699955,0.04272985830039329,-0.03474266330512599,-0.04421793511561756,0.07017543859649122,101.30526315789474,100.43157894736842,0.8736842105263158,0.056140350877192984,0.06315789473684211,0.007017543859649124,0.17543859649122806,0.18596491228070175,0.01052631578947369,0.017543859649122806,0.0003829997529033852,0.017160859896219422,0.10204400005750358,20,True,1252.0
paper,80,124,285,0.08391608391608392,0.10877192982456141,0.08421052631578947,0.10877192982456141,0.024561403508771937,11,4,0.03859649122807018,0.014035087719298246,0.4090909090909091,0.9754385964912281,0.4105263157894737,0.9754385964912281,0.5649122807017544,True,-4.092465939006853,-4.108680974972935,-0.01621503596608175,-0.025804258896998,-0.03284178405072513,0.05964912280701754,101.58245614035087,101.49824561403508,0.08421052631578947,0.056140350877192984,0.056140350877192984,0.0,0.17192982456140352,0.17543859649122806,0.0035087719298245446,0.007017543859649123,0.00019767729182110206,0.006819866567828021,0.1482876669615507,30,False,1252.0
paper,81,288,285,0.08391608391608392,0.10175438596491228,0.08421052631578947,0.10175438596491228,0.017543859649122806,11,6,0.03859649122807018,0.021052631578947368,0.4090909090909091,0.9859649122807017,0.4105263157894737,0.9859649122807017,0.5754385964912281,True,-4.075633365000348,-3.996387101357123,0.07924626364322537,0.0036252803131509026,-0.0009491642458222316,0.8315789473684211,101.30526315789474,99.18947368421053,2.1157894736842104,0.056140350877192984,0.05964912280701754,0.0035087719298245584,0.17543859649122806,0.1824561403508772,0.007017543859649145,0.017543859649122806,0.0003829997529033852,0.017160859896219422,0.15470850002020597,30,False,1252.0
paper,82,281,285,0.08391608391608392,0.0912280701754386,0.08421052631578947,0.0912280701754386,0.007017543859649131,7,5,0.02456140350877193,0.017543859649122806,0.4090909090909091,0.3684210526315789,0.4070175438596491,0.3684210526315789,-0.038596491228070184,False,-4.075633365000348,-4.0198613007143535,0.05577206428599431,-0.005145216083048965,-0.006548456832971894,0.11228070175438597,101.30526315789474,99.7298245614035,1.575438596491228,0.056140350877192984,0.05964912280701754,0.0035087719298245584,0.17543859649122806,0.1824561403508772,0.007017543859649145,0.014035087719298246,0.0003953545836422041,0.013639733135656041,0.15256675006821752,30,True,880.0
paper,83,204,285,0.08391608391608392,0.08771929824561403,0.08421052631578947,0.08771929824561403,0.0035087719298245584,7,6,0.02456140350877193,0.021052631578947368,0.4090909090909091,0.9859649122807017,0.4105263157894737,0.9859649122807017,0.5754385964912281,True,-4.074291496040991,-4.027209961652553,0.04708153438843845,-0.005186879188847193,-0.006601482603988629,0.09824561403508772,101.2280701754386,99.03859649122808,2.1894736842105265,0.056140350877192984,0.05964912280701754,0.0035087719298245584,0.17543859649122806,0.18596491228070175,0.01052631578947369,0.017543859649122806,0.00037064492216456633,0.01717321472695824,0.14622825011610985,30,False,1252.0
paper,84,254,285,0.08391608391608392,0.11578947368421053,0.08421052631578947,0.11578947368421053,0.031578947368421054,14,5,0.04912280701754386,0.017543859649122806,0.4090909090909091,0.9754385964912281,0.4105263157894737,0.9754385964912281,0.5649122807017544,True,-4.117864089140645,-4.041223031237743,0.07664105790290221,-0.03908896866221934,-0.04974959647919164,0.09473684210526316,101.19298245614036,98.45263157894736,2.7403508771929825,0.056140350877192984,0.06315789473684211,0.007017543859649124,0.17543859649122806,0.18596491228070175,0.01052631578947369,0.028070175438596492,0.0009883864591055103,0.02708178897949098,0.15055650006979704,30,False,1252.0
paper,86,54,285,0.08391608391608392,0.0912280701754386,0.08421052631578947,0.0912280701754386,0.007017543859649131,8,6,0.028070175438596492,0.021052631578947368,0.4090909090909091,0.9754385964912281,0.4105263157894737,0.9754385964912281,0.5649122807017544,True,-4.075633365000348,-4.049000695245459,0.026632669754889413,-0.005145216083048965,-0.006548456832971894,0.0912280701754386,101.30526315789474,100.38947368421053,0.9157894736842105,0.056140350877192984,0.05964912280701754,0.0035087719298245584,0.17543859649122806,0.17894736842105263,0.0035087719298245723,0.010526315789473684,0.00025945144551519646,0.010266864343958487,0.1525016250088811,30,False,1252.0
paper,87,201,285,0.08391608391608392,0.12631578947368421,0.08421052631578947,0.12631578947368421,0.04210526315789474,14,2,0.04912280701754386,0.007017543859649123,0.4090909090909091,0.9859649122807017,0.4105263157894737,0.9859649122807017,0.5754385964912281,True,-4.085335167310214,-4.064414715999834,0.02092045131038061,-0.014052946925897203,-0.019163109444405357,0.08421052631578947,101.25263157894737,100.50877192982456,0.743859649122807,0.056140350877192984,0.06315789473684211,0.007017543859649124,0.17543859649122806,0.18596491228070175,0.01052631578947369,0.014035087719298246,0.0008401284902396837,0.013194959229058563,0.14745058305561543,30,False,1252.0
paper,88,86,285,0.08391608391608392,0.08421052631578947,0.08421052631578947,0.08421052631578947,0.0,10,10,0.03508771929824561,0.03508771929824561,0.4090909090909091,0.41403508771929826,0.4105263157894737,0.41403508771929826,0.0035087719298245723,False,-4.069137462676752,-4.031184755497032,0.037952707179719145,-0.008079762038759597,-0.010283333503876335,0.08771929824561403,101.28771929824562,100.38245614035088,0.9052631578947369,0.056140350877192984,0.05964912280701754,0.0035087719298245584,0.17543859649122806,0.1824561403508772,0.007017543859649145,0.010526315789473684,0.0003335804299481097,0.010192735359525574,0.13732858397997916,26,True,890.0
paper,89,93,285,0.08391608391608392,0.09473684210526316,0.08421052631578947,0.09473684210526316,0.01052631578947369,9,6,0.031578947368421054,0.021052631578947368,0.4090909090909091,0.5087719298245614,0.4105263157894737,0.5087719298245614,0.09824561403508775,False,-4.074291496040991,-4.073563722477564,0.0007277735634279182,-0.025848534089076836,-0.03289813429518951,0.0456140350877193,101.2280701754386,100.97543859649123,0.25263157894736843,0.056140350877192984,0.06315789473684211,0.007017543859649124,0.17543859649122806,0.17543859649122806,0.0,0.007017543859649123,9.883864591055103e-05,0.006918705213738572,0.1559227081015706,30,False,914.0
paper,90,189,285,0.08391608391608392,0.10526315789473684,0.08421052631578947,0.10526315789473684,0.021052631578947364,13,7,0.0456140350877193,0.02456140350877193,0.4090909090909091,0.9859649122807017,0.4105263157894737,0.9859649122807017,0.5754385964912281,True,-4.085335167310214,-4.064829458075559,0.020505709234655726,-0.02894775461158705,-0.036842596778384085,0.08421052631578947,101.25263157894737,100.3859649122807,0.8666666666666667,0.056140350877192984,0.056140350877192984,0.0,0.17543859649122806,0.1824561403508772,0.007017543859649145,0.014035087719298246,0.00044477390659747963,0.013590313812700766,0.14865116705186665,30,False,1252.0
paper,91,61,285,0.08391608391608392,0.10526315789473684,0.08421052631578947,0.10526315789473684,0.021052631578947364,10,4,0.03508771929824561,0.014035087719298246,0.4090909090909091,0.9754385964912281,0.4105263157894737,0.9754385964912281,0.5649122807017544,True,-4.075281805877549,-4.059578592524297,0.015703213353251373,-0.011156800723054694,-0.014199564556617084,0.08421052631578947,101.16491228070176,100.85263157894737,0.312280701754386,0.056140350877192984,0.06315789473684211,0.007017543859649124,0.17543859649122806,0.1824561403508772,0.007017543859649145,0.007017543859649123,7.412898443291327e-05,0.00694341487521621,0.1136494588572532,22,True,1252.0
paper,92,163,285,0.08391608391608392,0.10877192982456141,0.08070175438596491,0.10877192982456141,0.028070175438596495,11,3,0.03859649122807018,0.010526315789473684,0.4090909090909091,0.9824561403508771,0.4070175438596491,0.9824561403508771,0.5754385964912281,True,-4.095275433465951,-4.032844678198419,0.06243075526753206,-0.016936860533670384,-0.021556004315580246,0.10175438596491228,101.42105263157895,99.50175438596492,1.919298245614035,0.056140350877192984,0.06315789473684211,0.007017543859649124,0.17192982456140352,0.19298245614035087,0.02105263157894735,0.021052631578947368,0.0007042253521126761,0.020348406226834693,0.10263683297671378,20,True,1252.0
paper,93,105,285,0.08391608391608392,0.08771929824561403,0.08421052631578947,0.08771929824561403,0.0035087719298245584,6,5,0.021052631578947368,0.017543859649122806,0.4090909090909091,0.9859649122807017,0.4070175438596491,0.9859649122807017,0.5789473684210527,True,-4.093738862232345,-4.038145021263409,0.05559384096893647,-0.023155096553849397,-0.029470122886718998,0.09473684210526316,101.19649122807017,98.7719298245614,2.424561403508772,0.056140350877192984,0.05964912280701754,0.0035087719298245584,0.17543859649122806,0.18596491228070175,0.01052631578947369,0.021052631578947368,0.0008154188287620459,0.02023721275018532,0.1489850420039147,30,False,1252.0
paper,94,35,285,0.08391608391608392,0.09824561403508772,0.08421052631578947,0.09824561403508772,0.014035087719298248,10,6,0.03508771929824561,0.021052631578947368,0.4090909090909091,0.3333333333333333,0.4070175438596491,0.3333333333333333,-0.0736842105263158,False,-4.075281805877549,-4.012418503303025,0.06286330257452309,0.009352220660327148,-0.0009629298384217221,0.8315789473684211,101.16491228070176,99.42456140350878,1.7403508771929825,0.056140350877192984,0.05964912280701754,0.0035087719298245584,0.17543859649122806,0.1824561403508772,0.007017543859649145,0.010526315789473684,0.00011119347664936991,0.010415122312824314,0.1309534579049796,25,True,858.0
paper,95,151,285,0.08391608391608392,0.0912280701754386,0.08070175438596491,0.0912280701754386,0.01052631578947369,7,4,0.02456140350877193,0.014035087719298246,0.4090909090909091,0.9789473684210527,0.4070175438596491,0.9789473684210527,0.5719298245614035,True,-4.1276971969798675,-4.032885494855553,0.09481170212431446,0.0005744028886205399,-0.0009726493866256901,0.8421052631578947,101.2,97.91578947368421,3.2842105263157895,0.056140350877192984,0.06315789473684211,0.007017543859649124,0.17192982456140352,0.17894736842105263,0.007017543859649117,0.028070175438596492,0.001507289350135903,0.026562886088460587,0.1514989580027759,30,False,1252.0
paper,96,283,285,0.08391608391608392,0.08070175438596491,0.08421052631578947,0.08070175438596491,-0.0035087719298245584,6,7,0.021052631578947368,0.02456140350877193,0.4090909090909091,0.3263157894736842,0.4070175438596491,0.3263157894736842,-0.08070175438596489,False,-4.079309517299728,-4.031039993577749,0.04826952372197884,-0.019899049228976118,-0.025326062655060433,0.10175438596491228,101.25263157894737,99.99649122807017,1.256140350877193,0.056140350877192984,0.05964912280701754,0.0035087719298245584,0.17543859649122806,0.18596491228070175,0.01052631578947369,0.017543859649122806,0.000716580182851495,0.01682727946627131,0.11503612506203353,22,True,850.0
paper,97,241,285,0.08391608391608392,0.10526315789473684,0.08421052631578947,0.10526315789473684,0.021052631578947364,10,4,0.03508771929824561,0.014035087719298246,0.4090909090909091,0.9824561403508771,0.4070175438596491,0.9824561403508771,0.5754385964912281,True,-4.078615284045587,-4.062603828592645,0.016011455452942188,-0.0261801668949877,-0.03332021241180261,0.05263157894736842,101.10877192982456,100.83859649122807,0.27017543859649124,0.056140350877192984,0.05964912280701754,0.0035087719298245584,0.17543859649122806,0.1824561403508772,0.007017543859649145,0.010526315789473684,0.00014825796886582654,0.010378057820607857,0.10403170809149742,20,True,1252.0
paper,98,262,285,0.08391608391608392,0.08771929824561403,0.08421052631578947,0.08771929824561403,0.0035087719298245584,10,9,0.03508771929824561,0.031578947368421054,0.4090909090909091,0.2807017543859649,0.4105263157894737,0.2807017543859649,-0.1298245614035088,False,-4.075633365000348,-3.995894466137608,0.07973889886274077,0.006537789630535862,-0.0009462648529792616,0.8315789473684211,101.30526315789474,98.73684210526316,2.568421052631579,0.056140350877192984,0.05964912280701754,0.0035087719298245584,0.17543859649122806,0.18947368421052632,0.014035087719298261,0.017543859649122806,0.0003829997529033852,0.017160859896219422,0.13483345811255276,26,True,828.0
paper,99,33,285,0.08391608391608392,0.10175438596491228,0.08421052631578947,0.10175438596491228,0.017543859649122806,11,6,0.03859649122807018,0.021052631578947368,0.4090909090909091,0.8596491228070176,0.4070175438596491,0.8596491228070176,0.45263157894736844,False,-4.074291496040991,-4.026520266003002,0.04777123003798818,-0.019917170621612357,-0.025349126245688858,0.0912280701754386,101.2280701754386,100.00350877192983,1.224561403508772,0.056140350877192984,0.05964912280701754,0.0035087719298245584,0.17543859649122806,0.18947368421052632,0.014035087719298261,0.017543859649122806,0.000308870768470472,0.017234988880652335,0.15090079209767282,30,False,1120.0
paper,100,79,285,0.08391608391608392,0.08421052631578947,0.08421052631578947,0.08421052631578947,0.0,6,6,0.021052631578947368,0.021052631578947368,0.4090909090909091,0.6070175438596491,0.4070175438596491,0.6070175438596491,0.2,False,-4.075633365000348,-4.066140709139763,0.009492655860585295,-0.01987364765010824,-0.025293733372865113,0.09824561403508772,101.30526315789474,100.31929824561404,0.9859649122807017,0.056140350877192984,0.05964912280701754,0.0035087719298245584,0.17543859649122806,0.1824561403508772,0.007017543859649145,0.014035087719298246,0.0005436125525080306,0.013491475166790215,0.15233374992385507,30,False,968.0
paper,101,263,285,0.08391608391608392,0.08771929824561403,0.08421052631578947,0.08771929824561403,0.0035087719298245584,7,6,0.02456140350877193,0.021052631578947368,0.4090909090909091,0.9859649122807017,0.4105263157894737,0.9859649122807017,0.5754385964912281,True,-4.074291496040991,-4.056256938695566,0.01803455734542597,-0.02882269711933283,-0.03668343269733487,0.07368421052631578,101.2280701754386,100.18245614035088,1.0456140350877192,0.056140350877192984,0.05964912280701754,0.0035087719298245584,0.17543859649122806,0.18596491228070175,0.01052631578947369,0.014035087719298246,0.0003212255992092908,0.013713862120088955,0.1495082920882851,30,False,1252.0
paper,103,31,285,0.08391608391608392,0.11228070175438597,0.08421052631578947,0.11228070175438597,0.028070175438596495,11,3,0.03859649122807018,0.010526315789473684,0.4090909090909091,0.9754385964912281,0.4070175438596491,0.9754385964912281,0.5684210526315789,True,-4.152202702059572,-3.970839105403635,0.1813635966559364,0.024600703163390136,-0.00102524962975572,0.8140350877192982,101.19649122807017,97.20350877192982,3.992982456140351,0.056140350877192984,0.07017543859649122,0.01403508771929824,0.17894736842105263,0.2,0.02105263157894738,0.03859649122807018,0.0019520632567333828,0.036644427971336796,0.15116866608150303,30,False,1252.0
paper,104,240,285,0.08391608391608392,0.0912280701754386,0.08421052631578947,0.0912280701754386,0.007017543859649131,9,7,0.031578947368421054,0.02456140350877193,0.4090909090909091,0.4631578947368421,0.4105263157894737,0.4631578947368421,0.05263157894736842,False,-4.081090133466106,-3.750566852398067,0.33052328106803913,0.40481585693941025,-0.0009792222989808861,0.8456140350877193,101.24912280701754,99.4421052631579,1.8070175438596492,0.056140350877192984,0.056140350877192984,0.0,0.17543859649122806,0.1824561403508772,0.007017543859649145,0.010526315789473684,0.0003953545836422041,0.01013096120583148,0.15462562488391995,30,False,902.0
paper,105,222,285,0.08391608391608392,0.0912280701754386,0.08421052631578947,0.0912280701754386,0.007017543859649131,7,5,0.02456140350877193,0.017543859649122806,0.4090909090909091,0.9754385964912281,0.4105263157894737,0.9754385964912281,0.5649122807017544,True,-4.085490893668924,-4.117998361218522,-0.03250746754959733,-0.002783524094298606,-0.0035426670291087703,0.09473684210526316,101.02105263157895,100.84210526315789,0.17894736842105263,0.056140350877192984,0.06666666666666667,0.010526315789473682,0.17543859649122806,0.17543859649122806,0.0,0.0035087719298245615,2.4709661477637757e-05,0.0034840622683469237,0.14813241688534617,30,False,1252.0
paper,106,280,285,0.08391608391608392,0.11228070175438597,0.08421052631578947,0.11228070175438597,0.028070175438596495,13,5,0.0456140350877193,0.017543859649122806,0.4090909090909091,0.9824561403508771,0.4070175438596491,0.9824561403508771,0.5754385964912281,True,-4.085335167310214,-4.036414882838842,0.04892028447137393,-0.011090975560946958,-0.014115787077569664,0.10175438596491228,101.25263157894737,99.69824561403509,1.5543859649122806,0.056140350877192984,0.05964912280701754,0.0035087719298245584,0.17543859649122806,0.19298245614035087,0.017543859649122806,0.017543859649122806,0.0006300963676797627,0.016913763281443044,0.10459145903587341,20,True,1252.0
paper,107,81,285,0.08391608391608392,0.10877192982456141,0.08421052631578947,0.10877192982456141,0.024561403508771937,13,6,0.0456140350877193,0.021052631578947368,0.4090909090909091,0.9859649122807017,0.4105263157894737,0.9859649122807017,0.5754385964912281,True,-4.075281805877549,-4.054894500977244,0.020387304900305006,-0.014108882127876754,-0.01795675907184613,0.08421052631578947,101.16491228070176,99.81052631578947,1.3543859649122807,0.056140350877192984,0.05964912280701754,0.0035087719298245584,0.17543859649122806,0.18947368421052632,0.014035087719298261,0.014035087719298246,0.00024709661477637757,0.013787991104521868,0.1470236659515649,30,False,1252.0
paper,108,96,285,0.08391608391608392,0.08771929824561403,0.08421052631578947,0.08771929824561403,0.0035087719298245584,9,8,0.031578947368421054,0.028070175438596492,0.4090909090909091,0.25263157894736843,0.4105263157894737,0.25263157894736843,-0.15789473684210525,False,-4.075331860755711,-4.022707859207144,0.05262400154856638,-0.002216205279014005,-0.0028670107274598065,0.09473684210526316,101.29824561403508,99.25614035087719,2.042105263157895,0.056140350877192984,0.056140350877192984,0.0,0.17543859649122806,0.1824561403508772,0.007017543859649145,0.014035087719298246,0.0003212255992092908,0.013713862120088955,0.14530987478792667,27,True,812.0
paper,109,14,285,0.08391608391608392,0.08771929824561403,0.08421052631578947,0.08771929824561403,0.0035087719298245584,6,5,0.021052631578947368,0.017543859649122806,0.4090909090909091,0.8771929824561403,0.4070175438596491,0.8771929824561403,0.4701754385964912,False,-4.0936865071282735,-4.054843104240703,0.03884340288757047,0.0064389043653401146,-0.0010135667014983692,0.8350877192982457,101.81754385964912,100.50175438596492,1.3157894736842106,0.056140350877192984,0.06315789473684211,0.007017543859649124,0.17543859649122806,0.18596491228070175,0.01052631578947369,0.014035087719298246,0.0002965159377316531,0.013738571781566592,0.15214075008407235,30,False,1164.0
paper,110,109,285,0.08391608391608392,0.08771929824561403,0.08421052631578947,0.08771929824561403,0.0035087719298245584,6,5,0.021052631578947368,0.017543859649122806,0.4090909090909091,0.3543859649122807,0.4070175438596491,0.3543859649122807,-0.05263157894736842,False,-4.084316205413721,-4.059215206241769,0.025100999171952302,0.00920596238938387,-0.001043545613110197,0.8245614035087719,101.05263157894737,100.1859649122807,0.8666666666666667,0.056140350877192984,0.056140350877192984,0.0,0.17543859649122806,0.17894736842105263,0.0035087719298245723,0.007017543859649123,9.883864591055103e-05,0.006918705213738572,0.13556249998509884,26,True,856.0
paper,111,210,285,0.08391608391608392,0.09824561403508772,0.08421052631578947,0.09824561403508772,0.014035087719298248,11,7,0.03859649122807018,0.02456140350877193,0.4090909090909091,0.9824561403508771,0.4070175438596491,0.9824561403508771,0.5754385964912281,True,-4.075281805877549,-3.7572208679518315,0.31806093792571766,0.4003356113407319,-0.001032398637922327,0.8070175438596491,101.16491228070176,100.15087719298245,1.0140350877192983,0.056140350877192984,0.056140350877192984,0.0,0.17543859649122806,0.18596491228070175,0.01052631578947369,0.014035087719298246,0.00019767729182110206,0.013837410427477144,0.10580470808781683,20,True,1252.0
paper,112,217,285,0.08391608391608392,0.10526315789473684,0.08421052631578947,0.10526315789473684,0.021052631578947364,9,3,0.031578947368421054,0.010526315789473684,0.4090909090909091,0.9754385964912281,0.4105263157894737,0.9754385964912281,0.5649122807017544,True,-4.085335167310214,-4.0023286512960095,0.08300651601420413,-0.008134625777528548,-0.010353160080491364,0.10175438596491228,101.25263157894737,99.13684210526316,2.1157894736842104,0.056140350877192984,0.06315789473684211,0.007017543859649124,0.17543859649122806,0.18947368421052632,0.014035087719298261,0.02456140350877193,0.0007042253521126761,0.023857178156659255,0.12547620898112655,23,True,1252.0
paper,113,120,285,0.08391608391608392,0.10877192982456141,0.08421052631578947,0.10877192982456141,0.024561403508771937,14,7,0.04912280701754386,0.02456140350877193,0.4090909090909091,0.9859649122807017,0.4070175438596491,0.9859649122807017,0.5789473684210527,True,-4.074291496040991,-4.044348278039067,0.029943218001924253,0.018094588917947796,-0.0009836917405593225,0.8280701754385965,101.2280701754386,100.4,0.8280701754385965,0.056140350877192984,0.056140350877192984,0.0,0.17543859649122806,0.17894736842105263,0.0035087719298245723,0.007017543859649123,9.883864591055103e-05,0.006918705213738572,0.14785875007510185,30,False,1252.0
paper,115,211,285,0.08391608391608392,0.09824561403508772,0.08421052631578947,0.09824561403508772,0.014035087719298248,8,4,0.028070175438596492,0.014035087719298246,0.4090909090909091,0.9859649122807017,0.4070175438596491,0.9859649122807017,0.5789473684210527,True,-4.084316205413721,-3.7941972678465774,0.2901189375671438,0.38918631839823004,-0.0014439797838035058,0.8,101.05263157894737,100.71228070175438,0.34035087719298246,0.056140350877192984,0.056140350877192984,0.0,0.17543859649122806,0.17894736842105263,0.0035087719298245723,0.007017543859649123,7.412898443291327e-05,0.00694341487521621,0.149554458912462,30,False,1252.0
paper,116,272,285,0.08391608391608392,0.0912280701754386,0.08421052631578947,0.0912280701754386,0.007017543859649131,7,5,0.02456140350877193,0.017543859649122806,0.4090909090909091,0.5578947368421052,0.4105263157894737,0.5578947368421052,0.14736842105263154,False,-4.075633365000348,-4.071801064786585,0.0038323002137638073,-0.016916785758029462,-0.021530454601129456,0.09473684210526316,101.30526315789474,100.60701754385966,0.6982456140350877,0.056140350877192984,0.056140350877192984,0.0,0.17543859649122806,0.1824561403508772,0.007017543859649145,0.007017543859649123,0.00019767729182110206,0.006819866567828021,0.15456487517803907,30,False,960.0
paper,117,26,285,0.08391608391608392,0.09473684210526316,0.08421052631578947,0.09473684210526316,0.01052631578947369,9,6,0.031578947368421054,0.021052631578947368,0.4090909090909091,0.2807017543859649,0.4105263157894737,0.2807017543859649,-0.1298245614035088,False,-4.074291496040991,-4.073828114757412,0.00046338128357855025,-0.022880031233342812,-0.02912003975153077,0.06666666666666667,101.2280701754386,100.5859649122807,0.6421052631578947,0.056140350877192984,0.05964912280701754,0.0035087719298245584,0.17543859649122806,0.17894736842105263,0.0035087719298245723,0.010526315789473684,0.0003335804299481097,0.010192735359525574,0.15738770784810185,30,False,816.0
paper,118,285,285,0.08391608391608392,0.09824561403508772,0.08421052631578947,0.09824561403508772,0.014035087719298248,12,8,0.042105263157894736,0.028070175438596492,0.4090909090909091,0.35789473684210527,0.4070175438596491,0.35789473684210527,-0.049122807017543846,False,-4.074291496040991,-3.984071922320913,0.09021957372007773,0.02673558262380471,-0.0009578793054252798,0.8210526315789474,101.2280701754386,98.59298245614035,2.635087719298246,0.056140350877192984,0.05964912280701754,0.0035087719298245584,0.17543859649122806,0.18596491228070175,0.01052631578947369,0.014035087719298246,0.00025945144551519646,0.01377563627378305,0.15455049998126924,30,False,854.0
paper,119,199,285,0.08391608391608392,0.10175438596491228,0.08421052631578947,0.10175438596491228,0.017543859649122806,13,8,0.0456140350877193,0.028070175438596492,0.4090909090909091,0.9859649122807017,0.4105263157894737,0.9859649122807017,0.5754385964912281,True,-4.075281805877549,-4.02683725641602,0.0484445494615289,0.0005957972050527616,-0.0010302247312077737,0.8315789473684211,101.16491228070176,99.6842105263158,1.4807017543859649,0.056140350877192984,0.05964912280701754,0.0035087719298245584,0.17543859649122806,0.18596491228070175,0.01052631578947369,0.010526315789473684,0.00011119347664936991,0.010415122312824314,0.15484016691334546,30,False,1252.0
paper,120,62,285,0.08391608391608392,0.09824561403508772,0.08421052631578947,0.09824561403508772,0.014035087719298248,8,4,0.028070175438596492,0.014035087719298246,0.4090909090909091,0.9859649122807017,0.4105263157894737,0.9859649122807017,0.5754385964912281,True,-4.075281805877549,-3.9975583442367486,0.07772346164080073,0.01226006834017479,-0.0009137775186673023,0.8315789473684211,101.16491228070176,98.80350877192983,2.3614035087719296,0.056140350877192984,0.05964912280701754,0.0035087719298245584,0.17543859649122806,0.18947368421052632,0.014035087719298261,0.014035087719298246,0.00014825796886582654,0.01388682975043242,0.1489530000835657,30,False,1252.0
paper,121,284,285,0.08391608391608392,0.10175438596491228,0.08421052631578947,0.10175438596491228,0.017543859649122806,11,6,0.03859649122807018,0.021052631578947368,0.4090909090909091,0.9859649122807017,0.4105263157894737,0.9859649122807017,0.5754385964912281,True,-4.074291496040991,-4.036238120382463,0.038053375658528586,0.006497593482086117,-0.0012298738584160416,0.8210526315789474,101.2280701754386,100.10877192982456,1.119298245614035,0.056140350877192984,0.06315789473684211,0.007017543859649124,0.17543859649122806,0.17894736842105263,0.0035087719298245723,0.010526315789473684,0.00021003212255992092,0.010316283666913763,0.14908166602253914,30,False,1252.0
paper,122,4,285,0.08391608391608392,0.11228070175438597,0.08421052631578947,0.11228070175438597,0.028070175438596495,14,6,0.04912280701754386,0.021052631578947368,0.4090909090909091,0.9859649122807017,0.4105263157894737,0.9859649122807017,0.5754385964912281,True,-4.075633365000348,-4.047880637827545,0.027752727172803644,-0.01987364765010735,-0.025293733372865113,0.0912280701754386,101.30526315789474,100.71929824561404,0.5859649122807018,0.056140350877192984,0.06666666666666667,0.010526315789473682,0.17543859649122806,0.1824561403508772,0.007017543859649145,0.017543859649122806,0.000308870768470472,0.017234988880652335,0.152439208002761,30,False,1252.0
paper,123,267,285,0.08391608391608392,0.08070175438596491,0.08070175438596491,0.08070175438596491,0.0,8,8,0.028070175438596492,0.028070175438596492,0.4090909090909091,0.34385964912280703,0.4070175438596491,0.34385964912280703,-0.06315789473684208,False,-4.06323040053565,-3.6749537644436505,0.388276636092,0.40743682142943705,-0.0007093394303534948,0.856140350877193,101.23859649122807,97.7578947368421,3.480701754385965,0.056140350877192984,0.056140350877192984,0.0,0.17192982456140352,0.1824561403508772,0.01052631578947369,0.02456140350877193,0.0009142574746725969,0.023647146034099332,0.12681429204531014,24,True,840.0
paper,124,149,285,0.08391608391608392,0.11228070175438597,0.08070175438596491,0.11228070175438597,0.031578947368421054,17,8,0.05964912280701754,0.028070175438596492,0.4090909090909091,0.9859649122807017,0.4070175438596491,0.9859649122807017,0.5789473684210527,True,-3.2500062921745587,-3.0881868756113464,0.1618194165632126,-0.005570155600687521,-0.007658963950946074,0.12631578947368421,101.16842105263157,95.8280701754386,5.340350877192982,0.056140350877192984,0.06666666666666667,0.010526315789473682,0.17894736842105263,0.19298245614035087,0.014035087719298234,0.04912280701754386,0.0031875463306152707,0.04593526068692859,0.1480442499741912,30,False,1252.0
paper,125,88,285,0.08391608391608392,0.07368421052631578,0.08421052631578947,0.07368421052631578,-0.01052631578947369,4,7,0.014035087719298246,0.02456140350877193,0.4090909090909091,0.3824561403508772,0.4070175438596491,0.3824561403508772,-0.024561403508771895,False,-4.09242253464351,-4.058589481857666,0.03383305278584352,-0.0057713852679235345,-0.007345399431903488,0.07368421052631578,101.02105263157895,100.84561403508772,0.17543859649122806,0.056140350877192984,0.05964912280701754,0.0035087719298245584,0.17543859649122806,0.17894736842105263,0.0035087719298245723,0.0035087719298245615,0.0,0.0035087719298245615,0.153287208173424,30,False,858.0
paper,127,276,285,0.08391608391608392,0.08771929824561403,0.08421052631578947,0.08771929824561403,0.0035087719298245584,7,6,0.02456140350877193,0.021052631578947368,0.4090909090909091,0.2771929824561403,0.4105263157894737,0.2771929824561403,-0.13333333333333336,False,-4.084316205413721,-4.161462761083411,-0.0771465556696895,-0.0025957700905916425,-0.003303707388025323,0.07368421052631578,101.05263157894737,100.25263157894737,0.8,0.056140350877192984,0.056140350877192984,0.0,0.17543859649122806,0.17894736842105263,0.0035087719298245723,0.0035087719298245615,0.00018532246108228317,0.0033234494687422785,0.1168844171334058,22,True,824.0
paper,128,57,285,0.08391608391608392,0.10526315789473684,0.08421052631578947,0.10526315789473684,0.021052631578947364,11,5,0.03859649122807018,0.017543859649122806,0.4090909090909091,0.35789473684210527,0.4105263157894737,0.35789473684210527,-0.05263157894736842,False,-4.078615284045587,-4.052136847106644,0.026478436938943004,0.006361249701350324,-0.0010381794517783757,0.8280701754385965,101.10877192982456,99.80350877192983,1.305263157894737,0.056140350877192984,0.05964912280701754,0.0035087719298245584,0.17543859649122806,0.1824561403508772,0.007017543859649145,0.007017543859649123,8.648381517173215e-05,0.006931060044477391,0.13006933312863111,25,True,872.0
paper,129,134,285,0.08391608391608392,0.10175438596491228,0.08421052631578947,0.10175438596491228,0.017543859649122806,9,4,0.031578947368421054,0.014035087719298246,0.4090909090909091,0.3543859649122807,0.4105263157894737,0.3543859649122807,-0.05614035087719299,False,-4.074291496040991,-4.043095589939157,0.031195906101833384,-0.014008304804702831,-0.017828751569623158,0.09473684210526316,101.2280701754386,99.42105263157895,1.8070175438596492,0.056140350877192984,0.056140350877192984,0.0,0.17543859649122806,0.18596491228070175,0.01052631578947369,0.010526315789473684,0.00014825796886582654,0.010378057820607857,0.1512169160414487,29,True,854.0
paper,130,242,285,0.08391608391608392,0.0912280701754386,0.08421052631578947,0.0912280701754386,0.007017543859649131,7,5,0.02456140350877193,0.017543859649122806,0.4090909090909091,0.9719298245614035,0.4105263157894737,0.9719298245614035,0.5614035087719298,True,-4.075633365000348,-4.006551857442771,0.06908150755757787,0.0036252803131517908,-0.0010328130693952886,0.8315789473684211,101.30526315789474,99.5578947368421,1.7473684210526317,0.056140350877192984,0.05964912280701754,0.0035087719298245584,0.17543859649122806,0.18947368421052632,0.014035087719298261,0.017543859649122806,0.00045712873733629847,0.01708673091178651,0.11655937507748604,23,True,1248.0
paper,131,252,285,0.08391608391608392,0.08421052631578947,0.08421052631578947,0.08421052631578947,0.0,8,8,0.028070175438596492,0.028070175438596492,0.4090909090909091,0.3298245614035088,0.4070175438596491,0.3298245614035088,-0.07719298245614031,False,-4.084316205413721,-3.8668665594178964,0.2174496459958246,0.36604432775958795,-0.001603443412059135,0.8035087719298246,101.05263157894737,101.04912280701754,0.0035087719298245615,0.056140350877192984,0.056140350877192984,0.0,0.17543859649122806,0.17543859649122806,0.0,0.007017543859649123,9.883864591055103e-05,0.006918705213738572,0.13719154219143093,26,True,854.0
paper,132,7,285,0.08391608391608392,0.08421052631578947,0.08421052631578947,0.08421052631578947,0.0,6,6,0.021052631578947368,0.021052631578947368,0.4090909090909091,0.9649122807017544,0.4105263157894737,0.9649122807017544,0.5543859649122806,True,-4.079309517299728,-4.046251804330741,0.03305771296898675,-0.016936860533669496,-0.021556004315580246,0.10175438596491228,101.25263157894737,99.94035087719298,1.312280701754386,0.056140350877192984,0.05964912280701754,0.0035087719298245584,0.17543859649122806,0.18947368421052632,0.014035087719298261,0.014035087719298246,0.0003829997529033852,0.01365208796639486,0.15316162491217256,30,False,1234.0
paper,133,233,285,0.08391608391608392,0.08421052631578947,0.08421052631578947,0.08421052631578947,0.0,6,6,0.021052631578947368,0.021052631578947368,0.4090909090909091,0.9789473684210527,0.4105263157894737,0.9789473684210527,0.5684210526315789,True,-4.0817395713664535,-3.771440459296393,0.3102991120700598,0.35521892957702583,-0.001102551492737902,0.8315789473684211,101.23508771929825,100.25263157894737,0.9824561403508771,0.056140350877192984,0.05964912280701754,0.0035087719298245584,0.17543859649122806,0.1824561403508772,0.007017543859649145,0.017543859649122806,0.00037064492216456633,0.01717321472695824,0.13746324996463954,27,True,1252.0
paper,134,53,285,0.08391608391608392,0.09473684210526316,0.08421052631578947,0.09473684210526316,0.01052631578947369,7,4,0.02456140350877193,0.014035087719298246,0.4090909090909091,0.7929824561403509,0.4105263157894737,0.7929824561403509,0.3824561403508772,False,-4.075633365000348,-4.031039814330804,0.04459355066954366,-0.002216205279014005,-0.002915223348334095,0.09824561403508772,101.30526315789474,99.62456140350878,1.6807017543859648,0.056140350877192984,0.06315789473684211,0.007017543859649124,0.17543859649122806,0.18947368421052632,0.014035087719298261,0.014035087719298246,0.0003212255992092908,0.013713862120088955,0.1525317090563476,30,False,1092.0
paper,135,111,285,0.08391608391608392,0.08421052631578947,0.08421052631578947,0.08421052631578947,0.0,6,6,0.021052631578947368,0.021052631578947368,0.4090909090909091,0.3333333333333333,0.4070175438596491,0.3333333333333333,-0.0736842105263158,False,-4.075633365000348,-4.050278375433633,0.025354989566715582,-0.01987364765010735,-0.025293733372865113,0.08421052631578947,101.30526315789474,100.0421052631579,1.263157894736842,0.056140350877192984,0.056140350877192984,0.0,0.17543859649122806,0.1824561403508772,0.007017543859649145,0.014035087719298246,0.0003212255992092908,0.013713862120088955,0.1137546671088785,21,True,840.0
paper,136,186,285,0.08391608391608392,0.10175438596491228,0.08421052631578947,0.10175438596491228,0.017543859649122806,11,6,0.03859649122807018,0.021052631578947368,0.4090909090909091,0.9789473684210527,0.4105263157894737,0.9789473684210527,0.5684210526315789,True,-4.105720043907348,-3.736656952376906,0.3690630915304419,0.36811192908869916,-0.0013151381674381566,0.8385964912280702,101.22456140350877,98.83508771929824,2.389473684210526,0.056140350877192984,0.05964912280701754,0.0035087719298245584,0.17192982456140352,0.1824561403508772,0.01052631578947369,0.031578947368421054,0.001111934766493699,0.030467012601927353,0.11040475009940565,21,True,1252.0
paper,137,275,285,0.08391608391608392,0.11228070175438597,0.08421052631578947,0.11228070175438597,0.028070175438596495,12,4,0.042105263157894736,0.014035087719298246,0.4090909090909091,0.9859649122807017,0.4105263157894737,0.9859649122807017,0.5754385964912281,True,-4.079309517299728,-3.772468995425426,0.30684052187430166,0.382065609788917,-0.0014273514909843852,0.8,101.25263157894737,100.70175438596492,0.5508771929824562,0.056140350877192984,0.056140350877192984,0.0,0.17543859649122806,0.1824561403508772,0.007017543859649145,0.010526315789473684,0.0003953545836422041,0.01013096120583148,0.15072949999012053,30,False,1252.0
paper,138,100,285,0.08391608391608392,0.09473684210526316,0.08421052631578947,0.09473684210526316,0.01052631578947369,11,8,0.03859649122807018,0.028070175438596492,0.4090909090909091,0.2912280701754386,0.4105263157894737,0.2912280701754386,-0.11929824561403507,False,-4.078615284045587,-4.025108580094533,0.053506703951054446,0.0004950117385327246,-0.0010594784380442588,0.8245614035087719,101.10877192982456,99.7578947368421,1.3508771929824561,0.056140350877192984,0.05964912280701754,0.0035087719298245584,0.17543859649122806,0.18596491228070175,0.01052631578947369,0.010526315789473684,0.00011119347664936991,0.010415122312824314,0.11625433317385614,22,True,828.0
paper,139,27,285,0.08391608391608392,0.10877192982456141,0.08421052631578947,0.10877192982456141,0.024561403508771937,11,4,0.03859649122807018,0.014035087719298246,0.4090909090909091,0.7789473684210526,0.4105263157894737,0.7789473684210526,0.3684210526315789,False,-4.089539069053606,-4.031991475358344,0.05754759369526297,-0.019917170621612357,-0.02534912624568797,0.07368421052631578,101.70877192982456,100.89824561403509,0.8105263157894737,0.056140350877192984,0.05964912280701754,0.0035087719298245584,0.17192982456140352,0.17894736842105263,0.007017543859649117,0.014035087719298246,0.00025945144551519646,0.01377563627378305,0.1556359580717981,30,False,1084.0
paper,140,224,285,0.08391608391608392,0.0912280701754386,0.08421052631578947,0.0912280701754386,0.007017543859649131,6,4,0.021052631578947368,0.014035087719298246,0.4090909090909091,0.9754385964912281,0.4070175438596491,0.9754385964912281,0.5684210526315789,True,-4.085335167310214,-3.9762062574604258,0.10912890984978867,-0.0022387199949083225,-0.0028492799935211366,0.11228070175438597,101.25263157894737,98.52631578947368,2.7263157894736842,0.056140350877192984,0.06315789473684211,0.007017543859649124,0.17543859649122806,0.18596491228070175,0.01052631578947369,0.021052631578947368,0.000716580182851495,0.020336051396095872,0.15130433393642306,30,True,1252.0
paper,141,246,285,0.08391608391608392,0.0912280701754386,0.08421052631578947,0.0912280701754386,0.007017543859649131,6,4,0.021052631578947368,0.014035087719298246,0.4090909090909091,0.5298245614035088,0.4070175438596491,0.5298245614035088,0.12280701754385964,False,-4.092698709933479,-4.029543077335617,0.06315563259786199,0.0036252803131509026,-0.001032037402714181,0.8315789473684211,101.5859649122807,99.76491228070175,1.8210526315789475,0.056140350877192984,0.05964912280701754,0.0035087719298245584,0.17192982456140352,0.1824561403508772,0.01052631578947369,0.014035087719298246,0.0003953545836422041,0.013639733135656041,0.15337150008417666,30,False,930.0
paper,142,157,285,0.08391608391608392,0.09824561403508772,0.08421052631578947,0.09824561403508772,0.014035087719298248,11,7,0.03859649122807018,0.02456140350877193,0.4090909090909091,0.9859649122807017,0.4105263157894737,0.9859649122807017,0.5754385964912281,True,-4.074291496040991,-4.014512152293583,0.05977934374740888,0.009405000581227618,-0.000996340798714712,0.8280701754385965,101.2280701754386,99.45614035087719,1.7719298245614035,0.056140350877192984,0.05964912280701754,0.0035087719298245584,0.17543859649122806,0.18596491228070175,0.01052631578947369,0.010526315789473684,0.00014825796886582654,0.010378057820607857,0.14713479182682931,30,False,1252.0
paper,143,145,285,0.08391608391608392,0.08421052631578947,0.08421052631578947,0.08421052631578947,0.0,7,7,0.02456140350877193,0.02456140350877193,0.4090909090909091,0.22105263157894736,0.4105263157894737,0.22105263157894736,-0.18947368421052632,False,-4.117864089140645,-4.057618789629329,0.06024529951131603,-0.00857567838325135,-0.01091449976050285,0.09473684210526316,101.19298245614036,99.60350877192982,1.5894736842105264,0.056140350877192984,0.06666666666666667,0.010526315789473682,0.17543859649122806,0.18596491228070175,0.01052631578947369,0.017543859649122806,0.000617741536940944,0.01692611811218186,0.11463020811788738,21,True,792.0
paper,144,102,285,0.08391608391608392,0.08421052631578947,0.08421052631578947,0.08421052631578947,0.0,7,7,0.02456140350877193,0.02456140350877193,0.4090909090909091,0.3157894736842105,0.4070175438596491,0.3157894736842105,-0.0912280701754386,False,-4.085335167310215,-4.0193609042991465,0.06597426301106861,-0.01109097556094607,-0.014115787077568775,0.10526315789473684,101.25263157894737,98.9578947368421,2.294736842105263,0.056140350877192984,0.056140350877192984,0.0,0.17543859649122806,0.18596491228070175,0.01052631578947369,0.017543859649122806,0.00043241907585866074,0.017111440573264147,0.1559050001669675,30,False,862.0
paper,145,94,285,0.08391608391608392,0.07368421052631578,0.08421052631578947,0.07368421052631578,-0.01052631578947369,3,6,0.010526315789473684,0.021052631578947368,0.4090909090909091,0.28421052631578947,0.4105263157894737,0.28421052631578947,-0.12631578947368421,False,-4.074291496040991,-3.9889905359914315,0.08530096004955967,0.018094588917947796,-0.0009444174873642908,0.8280701754385965,101.2280701754386,98.74385964912281,2.4842105263157896,0.056140350877192984,0.05964912280701754,0.0035087719298245584,0.17543859649122806,0.18947368421052632,0.014035087719298261,0.014035087719298246,0.00019767729182110206,0.013837410427477144,0.15356741612777114,30,False,826.0
paper,146,295,285,0.08391608391608392,0.08771929824561403,0.08421052631578947,0.08771929824561403,0.0035087719298245584,9,8,0.031578947368421054,0.028070175438596492,0.4090909090909091,0.3333333333333333,0.4070175438596491,0.3333333333333333,-0.0736842105263158,False,-4.075281805877549,-4.060424990206638,0.014856815670911482,-0.022998845847829408,-0.02927125835178579,0.07719298245614035,101.16491228070176,100.3859649122807,0.7789473684210526,0.056140350877192984,0.05964912280701754,0.0035087719298245584,0.17543859649122806,0.18596491228070175,0.01052631578947369,0.010526315789473684,0.00021003212255992092,0.010316283666913763,0.11973620811477304,23,True,838.0
paper,147,52,285,0.08391608391608392,0.08070175438596491,0.08421052631578947,0.08070175438596491,-0.0035087719298245584,6,7,0.021052631578947368,0.02456140350877193,0.4090909090909091,0.6771929824561403,0.4105263157894737,0.6771929824561403,0.26666666666666666,False,-4.074291496040991,-4.057464481681283,0.01682701435970896,-0.0022574999162241483,-0.003078408976667113,0.10175438596491228,101.2280701754386,100.18947368421053,1.03859649122807,0.056140350877192984,0.05964912280701754,0.0035087719298245584,0.17543859649122806,0.17894736842105263,0.0035087719298245723,0.010526315789473684,0.0003335804299481097,0.010192735359525574,0.1524625828024,30,False,976.0
paper,148,293,285,0.08391608391608392,0.10526315789473684,0.08421052631578947,0.10526315789473684,0.021052631578947364,14,8,0.04912280701754386,0.028070175438596492,0.4090909090909091,0.9859649122807017,0.4070175438596491,0.9859649122807017,0.5789473684210527,True,-4.079309517299728,-4.0704523685454905,0.008857148754236568,-0.046814719848738306,-0.05958237071657546,0.07719298245614035,101.25263157894737,100.51578947368421,0.7368421052631579,0.056140350877192984,0.05964912280701754,0.0035087719298245584,0.17543859649122806,0.1824561403508772,0.007017543859649145,0.014035087719298246,0.0002965159377316531,0.013738571781566592,0.15176779218018055,30,False,1252.0
paper,149,230,285,0.08391608391608392,0.09473684210526316,0.08421052631578947,0.09473684210526316,0.01052631578947369,10,7,0.03508771929824561,0.02456140350877193,0.4090909090909091,0.28771929824561404,0.4105263157894737,0.28771929824561404,-0.12280701754385964,False,-4.079309517299728,-4.05082785978709,0.02848165751263781,-0.008083957086682858,-0.010288672655778264,0.09473684210526316,101.25263157894737,100.10175438596491,1.1508771929824562,0.056140350877192984,0.056140350877192984,0.0,0.17543859649122806,0.18596491228070175,0.01052631578947369,0.010526315789473684,0.000308870768470472,0.010217445021003212,0.15564712486229837,30,False,842.0
paper,150,51,285,0.08391608391608392,0.0912280701754386,0.08070175438596491,0.0912280701754386,0.01052631578947369,8,5,0.028070175438596492,0.017543859649122806,0.4090909090909091,0.3087719298245614,0.4070175438596491,0.3087719298245614,-0.09824561403508769,False,-4.109704264477628,-4.094433967370061,0.015270297107566621,0.0003630628287432103,-0.0010599366618865955,0.8245614035087719,101.94385964912281,101.5859649122807,0.35789473684210527,0.056140350877192984,0.05964912280701754,0.0035087719298245584,0.17543859649122806,0.17894736842105263,0.0035087719298245723,0.0035087719298245615,1.2354830738818879e-05,0.0034964170990857426,0.1529637088533491,30,False,830.0
paper,151,59,285,0.08391608391608392,0.10175438596491228,0.08421052631578947,0.10175438596491228,0.017543859649122806,12,7,0.042105263157894736,0.02456140350877193,0.4090909090909091,0.9789473684210527,0.4105263157894737,0.9789473684210527,0.5684210526315789,True,-4.075281805877549,-4.118899414791096,-0.04361760891354677,-0.020029886872273472,-0.02549258329198434,0.05964912280701754,101.16491228070176,101.04912280701754,0.11578947368421053,0.056140350877192984,0.06315789473684211,0.007017543859649124,0.17543859649122806,0.17894736842105263,0.0035087719298245723,0.007017543859649123,0.0002718062762540153,0.006745737583395107,0.12600799999199808,25,True,1252.0
paper,152,22,285,0.08391608391608392,0.08421052631578947,0.08421052631578947,0.08421052631578947,0.0,7,7,0.02456140350877193,0.02456140350877193,0.4090909090909091,0.34035087719298246,0.4070175438596491,0.34035087719298246,-0.06666666666666665,False,-4.085335167310216,-3.9886450879894877,0.09669007932072668,0.0036349115608844684,-0.001003296665189346,0.8245614035087719,101.25263157894737,97.57543859649122,3.6771929824561402,0.056140350877192984,0.056140350877192984,0.0,0.17543859649122806,0.18947368421052632,0.014035087719298261,0.021052631578947368,0.0008154188287620459,0.02023721275018532,0.15315908403135836,30,False,852.0
paper,153,218,285,0.08391608391608392,0.0912280701754386,0.08421052631578947,0.0912280701754386,0.007017543859649131,10,8,0.03508771929824561,0.028070175438596492,0.4090909090909091,0.6421052631578947,0.4105263157894737,0.6421052631578947,0.23157894736842105,False,-4.075633365000348,-4.006238085770134,0.06939527923021366,0.015242589259212735,-0.0009124486326301803,0.8350877192982457,101.30526315789474,98.93684210526315,2.3684210526315788,0.056140350877192984,0.05964912280701754,0.0035087719298245584,0.17543859649122806,0.18596491228070175,0.01052631578947369,0.014035087719298246,0.0003212255992092908,0.013713862120088955,0.1537626669742167,30,False,966.0
paper,154,101,285,0.08391608391608392,0.09824561403508772,0.08421052631578947,0.09824561403508772,0.014035087719298248,12,8,0.042105263157894736,0.028070175438596492,0.4090909090909091,0.712280701754386,0.4105263157894737,0.712280701754386,0.3017543859649123,False,-4.075633365000348,-4.016819040412389,0.05881432458795977,-0.002216205279014005,-0.0028670107274594513,0.0912280701754386,101.30526315789474,100.10877192982456,1.1964912280701754,0.056140350877192984,0.05964912280701754,0.0035087719298245584,0.17543859649122806,0.18596491228070175,0.01052631578947369,0.010526315789473684,0.00018532246108228317,0.0103409933283914,0.15499691595323384,30,False,1016.0
paper,155,192,285,0.08391608391608392,0.10175438596491228,0.08421052631578947,0.10175438596491228,0.017543859649122806,13,8,0.0456140350877193,0.028070175438596492,0.4090909090909091,0.968421052631579,0.4105263157894737,0.968421052631579,0.5578947368421052,True,-4.078615284045588,-4.032547425760498,0.04606785828508868,0.0034309004052950343,-0.0009786090714841932,0.8280701754385965,101.10877192982456,99.66315789473684,1.4456140350877194,0.056140350877192984,0.06315789473684211,0.007017543859649124,0.17543859649122806,0.18596491228070175,0.01052631578947369,0.010526315789473684,0.00014825796886582654,0.010378057820607857,0.09263079077936709,18,True,1248.0
paper,156,160,285,0.08391608391608392,0.08421052631578947,0.08421052631578947,0.08421052631578947,0.0,6,6,0.021052631578947368,0.021052631578947368,0.4090909090909091,0.9824561403508771,0.4070175438596491,0.9824561403508771,0.5754385964912281,True,-4.065970267841382,-3.98553186650386,0.0804384013375211,-0.011205650638038911,-0.014261737175686129,0.10526315789473684,101.19298245614036,99.25964912280702,1.9333333333333333,0.056140350877192984,0.06315789473684211,0.007017543859649124,0.17543859649122806,0.18947368421052632,0.014035087719298261,0.02456140350877193,0.0006918705213738572,0.023869532987398072,0.13387024984695017,26,True,1252.0
paper,157,41,285,0.08391608391608392,0.0912280701754386,0.08421052631578947,0.0912280701754386,0.007017543859649131,9,7,0.031578947368421054,0.02456140350877193,0.4090909090909091,0.47719298245614034,0.4105263157894737,0.47719298245614034,0.06666666666666665,False,-4.119192051602598,-4.142887430073296,-0.02369537847069802,-0.008346065615037368,-0.010622265328230185,0.08070175438596491,101.9017543859649,101.15789473684211,0.743859649122807,0.056140350877192984,0.056140350877192984,0.0,0.17192982456140352,0.17894736842105263,0.007017543859649117,0.007017543859649123,0.0001606127996046454,0.006856931060044477,0.15317158307880163,30,False,928.0
paper,158,159,285,0.08391608391608392,0.08421052631578947,0.08070175438596491,0.08421052631578947,0.0035087719298245584,10,9,0.03508771929824561,0.031578947368421054,0.4090909090909091,0.7052631578947368,0.4070175438596491,0.7052631578947368,0.2982456140350877,False,-4.107451062794401,-3.9983898810155694,0.10906118177883288,0.009405000581228506,-0.0009746641767943487,0.8456140350877193,101.71228070175438,99.4421052631579,2.270175438596491,0.05263157894736842,0.056140350877192984,0.0035087719298245654,0.17192982456140352,0.1824561403508772,0.01052631578947369,0.017543859649122806,0.000308870768470472,0.017234988880652335,0.1535897091962397,30,False,1028.0
paper,159,128,285,0.08391608391608392,0.09824561403508772,0.08421052631578947,0.09824561403508772,0.014035087719298248,13,9,0.0456140350877193,0.031578947368421054,0.4090909090909091,0.5929824561403508,0.4105263157894737,0.5929824561403508,0.18245614035087715,False,-4.073560117137257,-4.034747618954644,0.03881249818261254,-0.019899049228977006,-0.02532606265506132,0.08421052631578947,101.2280701754386,99.71929824561404,1.5087719298245614,0.056140350877192984,0.05964912280701754,0.0035087719298245584,0.17543859649122806,0.17894736842105263,0.0035087719298245723,0.014035087719298246,0.00046948356807511736,0.013565604151223128,0.15230104187503457,30,False,988.0
paper,160,113,285,0.08391608391608392,0.0912280701754386,0.08421052631578947,0.0912280701754386,0.007017543859649131,9,7,0.031578947368421054,0.02456140350877193,0.4090909090909091,0.7508771929824561,0.4105263157894737,0.7508771929824561,0.34035087719298246,False,-4.079309517299728,-4.024482807383694,0.05482670991603352,0.01817589146960774,-0.0010467850185643,0.8140350877192982,101.25263157894737,100.09122807017543,1.1614035087719299,0.056140350877192984,0.056140350877192984,0.0,0.17543859649122806,0.18596491228070175,0.01052631578947369,0.010526315789473684,0.000308870768470472,0.010217445021003212,0.15487820794805884,30,False,1060.0
paper,161,89,285,0.08391608391608392,0.09824561403508772,0.08070175438596491,0.09824561403508772,0.017543859649122806,11,6,0.03859649122807018,0.021052631578947368,0.4090909090909091,0.7543859649122807,0.4070175438596491,0.7543859649122807,0.3473684210526316,False,-4.107564562494547,-4.02329479089333,0.08426977160121636,0.032506432922745354,-0.0008617808367619161,0.8315789473684211,101.57894736842105,100.31929824561404,1.2596491228070175,0.05263157894736842,0.06315789473684211,0.01052631578947369,0.17192982456140352,0.17894736842105263,0.007017543859649117,0.014035087719298246,0.0003953545836422041,0.013639733135656041,0.154072874924168,30,False,1028.0
paper,162,171,285,0.08391608391608392,0.08771929824561403,0.08421052631578947,0.08771929824561403,0.0035087719298245584,6,5,0.021052631578947368,0.017543859649122806,0.4090909090909091,0.7719298245614035,0.4105263157894737,0.7719298245614035,0.3614035087719298,False,-4.074291496040991,-4.045827535192898,0.028463960848093356,0.006497593482086117,-0.001002752505788429,0.8280701754385965,101.2280701754386,100.45964912280702,0.7684210526315789,0.056140350877192984,0.05964912280701754,0.0035087719298245584,0.17543859649122806,0.17894736842105263,0.0035087719298245723,0.007017543859649123,9.883864591055103e-05,0.006918705213738572,0.15182262496091425,30,False,1080.0
paper,163,29,285,0.08391608391608392,0.09824561403508772,0.08421052631578947,0.09824561403508772,0.014035087719298248,9,5,0.031578947368421054,0.017543859649122806,0.4090909090909091,0.8701754385964913,0.4070175438596491,0.8701754385964913,0.46315789473684216,False,-4.075281805877549,-4.041639312962294,0.033642492915254354,0.0005957972050527616,-0.0010397524121000144,0.8280701754385965,101.16491228070176,100.23157894736842,0.9333333333333333,0.056140350877192984,0.06315789473684211,0.007017543859649124,0.17543859649122806,0.1824561403508772,0.007017543859649145,0.010526315789473684,0.0001606127996046454,0.010365702989869038,0.15610795910470188,30,False,1156.0
paper,164,282,285,0.08391608391608392,0.08771929824561403,0.08421052631578947,0.08771929824561403,0.0035087719298245584,10,9,0.03508771929824561,0.031578947368421054,0.4090909090909091,0.9789473684210527,0.4070175438596491,0.9789473684210527,0.5719298245614035,True,-4.058240924179871,-3.739662763737298,0.31857816044257353,0.37023164783521967,-0.0012199126960450001,0.8350877192982457,101.22105263157894,100.59298245614035,0.6280701754385964,0.056140350877192984,0.06666666666666667,0.010526315789473682,0.17543859649122806,0.1824561403508772,0.007017543859649145,0.014035087719298246,0.00019767729182110206,0.013837410427477144,0.1375259580090642,27,True,1252.0
paper,165,9,285,0.08391608391608392,0.0912280701754386,0.08421052631578947,0.0912280701754386,0.007017543859649131,6,4,0.021052631578947368,0.014035087719298246,0.4090909090909091,0.9754385964912281,0.4105263157894737,0.9754385964912281,0.5649122807017544,True,-4.08431620541372,-4.127828832374475,-0.04351262696075395,-0.0025957700905916425,-0.003303707388025323,0.08070175438596491,101.05263157894737,100.87719298245614,0.17543859649122806,0.056140350877192984,0.056140350877192984,0.0,0.17543859649122806,0.17543859649122806,0.0,0.0,4.9419322955275514e-05,-4.9419322955275514e-05,0.150946875102818,30,False,1252.0
paper,166,234,285,0.08391608391608392,0.0912280701754386,0.08421052631578947,0.0912280701754386,0.007017543859649131,8,6,0.028070175438596492,0.021052631578947368,0.4090909090909091,0.4456140350877193,0.4070175438596491,0.4456140350877193,0.038596491228070184,False,-4.08431620541372,-4.066682232359824,0.017633973053896437,0.0003630628287432103,-0.0009577116997457224,0.8315789473684211,101.05263157894737,100.48771929824561,0.5649122807017544,0.056140350877192984,0.06315789473684211,0.007017543859649124,0.17543859649122806,0.17894736842105263,0.0035087719298245723,0.007017543859649123,4.9419322955275514e-05,0.006968124536693847,0.15646650013513863,30,False,882.0
paper,167,177,285,0.08391608391608392,0.08070175438596491,0.08421052631578947,0.08070175438596491,-0.0035087719298245584,8,9,0.028070175438596492,0.031578947368421054,0.4090909090909091,0.5508771929824562,0.4105263157894737,0.5508771929824562,0.1403508771929825,False,-4.090289040783001,-4.043226206752044,0.04706283403095778,0.006497593482086117,-0.0011133646175858656,0.8280701754385965,101.70877192982456,100.84561403508772,0.8631578947368421,0.056140350877192984,0.06315789473684211,0.007017543859649124,0.17192982456140352,0.17543859649122806,0.0035087719298245446,0.010526315789473684,0.00021003212255992092,0.010316283666913763,0.1571673748549074,30,False,958.0
paper,168,126,285,0.08391608391608392,0.08070175438596491,0.08070175438596491,0.08070175438596491,0.0,6,6,0.021052631578947368,0.021052631578947368,0.4090909090909091,0.2771929824561403,0.4070175438596491,0.2771929824561403,-0.1298245614035088,False,-4.099349099086243,-4.0167977175154785,0.08255138157076608,-0.008079762038759597,-0.010283333503876335,0.10526315789473684,101.59298245614035,100.11578947368422,1.4771929824561403,0.05263157894736842,0.06315789473684211,0.01052631578947369,0.17192982456140352,0.18947368421052632,0.017543859649122806,0.021052631578947368,0.00037064492216456633,0.0206819866567828,0.09363412507809699,17,True,826.0
paper,169,166,285,0.08391608391608392,0.10175438596491228,0.08421052631578947,0.10175438596491228,0.017543859649122806,9,4,0.031578947368421054,0.014035087719298246,0.4090909090909091,0.9859649122807017,0.4105263157894737,0.9859649122807017,0.5754385964912281,True,-4.104562919074975,-4.090304982672024,0.014257936402950935,-0.05085100539427323,-0.06471946141089369,0.07368421052631578,101.18947368421053,100.07368421052631,1.1157894736842104,0.056140350877192984,0.06315789473684211,0.007017543859649124,0.17543859649122806,0.17894736842105263,0.0035087719298245723,0.021052631578947368,0.0010378057820607859,0.02001482579688658,0.14675404108129442,30,False,1252.0
paper,170,298,285,0.08391608391608392,0.10175438596491228,0.08421052631578947,0.10175438596491228,0.017543859649122806,11,6,0.03859649122807018,0.021052631578947368,0.4090909090909091,0.9754385964912281,0.4105263157894737,0.9754385964912281,0.5649122807017544,True,-4.075633365000348,-3.974948276396519,0.1006850886038295,0.006537789630534974,-0.0009030322703726055,0.8350877192982457,101.30526315789474,98.45964912280702,2.8456140350877193,0.056140350877192984,0.05964912280701754,0.0035087719298245584,0.17543859649122806,0.19298245614035087,0.017543859649122806,0.021052631578947368,0.00037064492216456633,0.0206819866567828,0.1493342500180006,30,False,1252.0
paper,171,291,285,0.08391608391608392,0.10175438596491228,0.08421052631578947,0.10175438596491228,0.017543859649122806,11,6,0.03859649122807018,0.021052631578947368,0.4090909090909091,0.9859649122807017,0.4105263157894737,0.9859649122807017,0.5754385964912281,True,-4.085335167310215,-4.049489756901748,0.035845410408467095,-0.025957406166083885,-0.03303669875683468,0.08421052631578947,101.25263157894737,99.94736842105263,1.305263157894737,0.056140350877192984,0.05964912280701754,0.0035087719298245584,0.17543859649122806,0.18947368421052632,0.014035087719298261,0.017543859649122806,0.0007289350135903138,0.016814924635532493,0.14769120910204947,30,False,1252.0
paper,172,175,285,0.08391608391608392,0.09473684210526316,0.08421052631578947,0.09473684210526316,0.01052631578947369,12,9,0.042105263157894736,0.031578947368421054,0.4090909090909091,0.9859649122807017,0.4105263157894737,0.9859649122807017,0.5754385964912281,True,-4.075633365000348,-4.011014750814815,0.06461861418553323,-0.011019860601727771,-0.014025277129472435,0.10175438596491228,101.30526315789474,99.76140350877193,1.543859649122807,0.056140350877192984,0.06666666666666667,0.010526315789473682,0.17543859649122806,0.18596491228070175,0.01052631578947369,0.017543859649122806,0.000308870768470472,0.017234988880652335,0.14831154188141227,30,False,1252.0
paper,173,46,285,0.08391608391608392,0.08421052631578947,0.08421052631578947,0.08421052631578947,0.0,10,10,0.03508771929824561,0.03508771929824561,0.4090909090909091,0.27017543859649124,0.4105263157894737,0.27017543859649124,-0.14035087719298245,False,-4.079309517299728,-4.018017167595038,0.06129234970469028,-0.02286687803451315,-0.029103299316652453,0.11578947368421053,101.25263157894737,99.4140350877193,1.8385964912280701,0.056140350877192984,0.07017543859649122,0.01403508771929824,0.17543859649122806,0.17894736842105263,0.0035087719298245723,0.014035087719298246,0.0002965159377316531,0.013738571781566592,0.15594383282586932,30,False,816.0
paper,174,178,285,0.08391608391608392,0.08771929824561403,0.08421052631578947,0.08771929824561403,0.0035087719298245584,6,5,0.021052631578947368,0.017543859649122806,0.4090909090909091,0.9859649122807017,0.4070175438596491,0.9859649122807017,0.5789473684210527,True,-4.085335167310214,-3.975841648664474,0.10949351864574071,-0.005183879815933601,-0.006597665220279936,0.10526315789473684,101.25263157894737,99.05263157894737,2.2,0.056140350877192984,0.06315789473684211,0.007017543859649124,0.17543859649122806,0.18947368421052632,0.014035087719298261,0.021052631578947368,0.0005189028910303929,0.020533728687916974,0.15034308284521103,30,False,1252.0
paper,175,76,285,0.08391608391608392,0.11228070175438597,0.08421052631578947,0.11228070175438597,0.028070175438596495,13,5,0.0456140350877193,0.017543859649122806,0.4090909090909091,0.9754385964912281,0.4105263157894737,0.9754385964912281,0.5649122807017544,True,-4.052456583769536,-3.985137972671881,0.06731861109765402,-0.028819527740205686,-0.03667939894208061,0.07368421052631578,101.24561403508773,99.07719298245614,2.168421052631579,0.056140350877192984,0.05964912280701754,0.0035087719298245584,0.17543859649122806,0.19298245614035087,0.017543859649122806,0.02456140350877193,0.0005189028910303929,0.024042500617741536,0.09364024992100894,18,True,1252.0
paper,176,236,285,0.08391608391608392,0.10175438596491228,0.08421052631578947,0.10175438596491228,0.017543859649122806,13,8,0.0456140350877193,0.028070175438596492,0.4090909090909091,0.9754385964912281,0.4105263157894737,0.9754385964912281,0.5649122807017544,True,-4.074291496040991,-4.019710567098298,0.05458092894269313,0.009405000581227618,-0.0011438558959232735,0.8280701754385965,101.2280701754386,99.6,1.6280701754385964,0.056140350877192984,0.05964912280701754,0.0035087719298245584,0.17543859649122806,0.18596491228070175,0.01052631578947369,0.010526315789473684,0.00021003212255992092,0.010316283666913763,0.14912950014695525,30,False,1252.0
paper,177,244,285,0.08391608391608392,0.10175438596491228,0.08421052631578947,0.10175438596491228,0.017543859649122806,10,5,0.03508771929824561,0.017543859649122806,0.4090909090909091,0.9789473684210527,0.4105263157894737,0.9789473684210527,0.5684210526315789,True,-4.071340378533353,-3.9629332457491766,0.10840713278417645,0.0007072877521991927,-0.0009520637350563632,0.8315789473684211,101.28070175438596,98.76491228070175,2.5157894736842104,0.056140350877192984,0.06315789473684211,0.007017543859649124,0.17543859649122806,0.18947368421052632,0.014035087719298261,0.021052631578947368,0.00044477390659747963,0.020607857672349888,0.12656829203478992,25,True,1252.0
paper,178,297,285,0.08391608391608392,0.08421052631578947,0.08421052631578947,0.08421052631578947,0.0,6,6,0.021052631578947368,0.021052631578947368,0.4090909090909091,0.9754385964912281,0.4070175438596491,0.9754385964912281,0.5684210526315789,True,-4.075633365000348,-4.010162984990998,0.06547038000934889,0.006537789630534974,-0.00104494928281742,0.8245614035087719,101.30526315789474,100.16842105263157,1.1368421052631579,0.056140350877192984,0.06315789473684211,0.007017543859649124,0.17543859649122806,0.18596491228070175,0.01052631578947369,0.014035087719298246,0.0003212255992092908,0.013713862120088955,0.14904358284547925,30,False,1252.0
paper,179,279,285,0.08391608391608392,0.12631578947368421,0.08421052631578947,0.12631578947368421,0.04210526315789474,15,3,0.05263157894736842,0.010526315789473684,0.4090909090909091,0.9824561403508771,0.4105263157894737,0.9824561403508771,0.5719298245614035,True,-4.068831806728085,-4.061308234682254,0.0075235720458299874,0.000666360427368673,-0.0011637116407795744,0.8175438596491228,101.22456140350877,100.24912280701754,0.9754385964912281,0.056140350877192984,0.056140350877192984,0.0,0.17543859649122806,0.17543859649122806,0.0,0.0035087719298245615,0.00011119347664936991,0.0033975784531751914,0.08350725006312132,16,True,1252.0
paper,180,140,285,0.08391608391608392,0.0912280701754386,0.08421052631578947,0.0912280701754386,0.007017543859649131,6,4,0.021052631578947368,0.014035087719298246,0.4090909090909091,0.3263157894736842,0.4070175438596491,0.3263157894736842,-0.08070175438596489,False,-4.063937230594342,-4.0224210676224,0.04151616297194194,-0.022866878034514038,-0.02910329931665334,0.08421052631578947,101.2421052631579,100.06666666666666,1.1754385964912282,0.056140350877192984,0.06315789473684211,0.007017543859649124,0.17543859649122806,0.1824561403508772,0.007017543859649145,0.017543859649122806,0.0005436125525080306,0.017000247096614775,0.15229024994187057,30,False,840.0
paper,181,266,285,0.08391608391608392,0.10175438596491228,0.08421052631578947,0.10175438596491228,0.017543859649122806,10,5,0.03508771929824561,0.017543859649122806,0.4090909090909091,0.9859649122807017,0.4070175438596491,0.9859649122807017,0.5789473684210527,True,-4.075633365000348,-3.729382759229666,0.34625060577068184,0.3823094762135524,-0.0015009213771348228,0.8070175438596491,101.30526315789474,99.69122807017544,1.6140350877192982,0.056140350877192984,0.05964912280701754,0.0035087719298245584,0.17543859649122806,0.17894736842105263,0.0035087719298245723,0.017543859649122806,0.0005312577217692117,0.017012601927353595,0.14802270801737905,30,False,1252.0
paper,182,144,285,0.08391608391608392,0.0912280701754386,0.08070175438596491,0.0912280701754386,0.01052631578947369,6,3,0.021052631578947368,0.010526315789473684,0.4090909090909091,0.6701754385964912,0.4070175438596491,0.6701754385964912,0.2631578947368421,False,-4.097874474438894,-4.083487673267517,0.014386801171378107,-0.014268136467466164,-0.018159446413139158,0.07719298245614035,101.9017543859649,101.38245614035088,0.519298245614035,0.056140350877192984,0.05964912280701754,0.0035087719298245584,0.17543859649122806,0.1824561403508772,0.007017543859649145,0.007017543859649123,4.9419322955275514e-05,0.006968124536693847,0.15326229203492403,30,False,1034.0
paper,183,119,285,0.08391608391608392,0.11228070175438597,0.08421052631578947,0.11228070175438597,0.028070175438596495,14,6,0.04912280701754386,0.021052631578947368,0.4090909090909091,0.9789473684210527,0.4105263157894737,0.9789473684210527,0.5684210526315789,True,-4.078615284045588,-4.038481969545934,0.04013331449965311,-0.011304287281778791,-0.01438727472226553,0.08070175438596491,101.10877192982456,100.06666666666666,1.0421052631578946,0.056140350877192984,0.05964912280701754,0.0035087719298245584,0.17543859649122806,0.1824561403508772,0.007017543859649145,0.010526315789473684,7.412898443291327e-05,0.01045218680504077,0.1434712919872254,27,True,1252.0
paper,184,277,285,0.08391608391608392,0.0912280701754386,0.08070175438596491,0.0912280701754386,0.01052631578947369,7,4,0.02456140350877193,0.014035087719298246,0.4090909090909091,0.9789473684210527,0.4105263157894737,0.9789473684210527,0.5684210526315789,True,-4.073623095894959,-4.069509587976321,0.004113507918638143,-0.01723763103710052,-0.021938803138128904,0.05964912280701754,101.89473684210526,101.83508771929824,0.05964912280701754,0.056140350877192984,0.05964912280701754,0.0035087719298245584,0.17543859649122806,0.17192982456140352,-0.0035087719298245446,0.0035087719298245615,9.883864591055103e-05,0.0034099332839140103,0.12314166687428951,24,True,1252.0
paper,185,213,285,0.08391608391608392,0.10877192982456141,0.08421052631578947,0.10877192982456141,0.024561403508771937,11,4,0.03859649122807018,0.014035087719298246,0.4090909090909091,0.9508771929824561,0.4070175438596491,0.9508771929824561,0.5438596491228069,True,-4.075281805877549,-4.0512470574173385,0.024034748460209653,-0.020029886872270808,-0.02549258329198434,0.09473684210526316,101.16491228070176,100.57543859649122,0.5894736842105263,0.056140350877192984,0.05964912280701754,0.0035087719298245584,0.17543859649122806,0.1824561403508772,0.007017543859649145,0.010526315789473684,0.0001606127996046454,0.010365702989869038,0.15507812495343387,30,False,1228.0
paper,186,174,285,0.08391608391608392,0.08421052631578947,0.08421052631578947,0.08421052631578947,0.0,8,8,0.028070175438596492,0.028070175438596492,0.4090909090909091,0.9754385964912281,0.4070175438596491,0.9754385964912281,0.5684210526315789,True,-4.091868352907424,-4.057806363440205,0.034061989467218994,-0.022836132747820592,-0.02906416895177344,0.07719298245614035,101.56491228070175,99.48421052631579,2.0807017543859647,0.056140350877192984,0.05964912280701754,0.0035087719298245584,0.17192982456140352,0.17894736842105263,0.007017543859649117,0.017543859649122806,0.0003829997529033852,0.017160859896219422,0.15009045787155628,30,False,1252.0
paper,187,214,285,0.08391608391608392,0.09473684210526316,0.08421052631578947,0.09473684210526316,0.01052631578947369,10,7,0.03508771929824561,0.02456140350877193,0.4090909090909091,0.39649122807017545,0.4105263157894737,0.39649122807017545,-0.014035087719298234,False,-4.075633365000348,-4.055105911232302,0.020527453768046107,-0.01691678575803035,-0.021530454601128568,0.10175438596491228,101.30526315789474,99.93333333333334,1.3719298245614036,0.056140350877192984,0.056140350877192984,0.0,0.17543859649122806,0.1824561403508772,0.007017543859649145,0.010526315789473684,0.00025945144551519646,0.010266864343958487,0.09667570819146931,18,True,890.0
paper,188,150,285,0.08391608391608392,0.09824561403508772,0.08421052631578947,0.09824561403508772,0.014035087719298248,11,7,0.03859649122807018,0.02456140350877193,0.4090909090909091,0.5964912280701754,0.4070175438596491,0.5964912280701754,0.1894736842105263,False,-4.098811239673201,-4.11296041452296,-0.014149174849757815,-0.044220111883622515,-0.05628014239733847,0.0456140350877193,101.89473684210526,101.45964912280702,0.43508771929824563,0.056140350877192984,0.05964912280701754,0.0035087719298245584,0.17543859649122806,0.17894736842105263,0.0035087719298245723,0.010526315789473684,0.00011119347664936991,0.010415122312824314,0.15255820797756314,30,False,980.0
paper,189,197,285,0.08391608391608392,0.07719298245614035,0.08421052631578947,0.07719298245614035,-0.007017543859649117,7,9,0.02456140350877193,0.031578947368421054,0.4090909090909091,0.4070175438596491,0.4105263157894737,0.4070175438596491,-0.0035087719298245723,False,-4.06464311116644,-4.10563090111205,-0.04098778994560914,-0.008346065615037368,-0.010622265328230185,0.08070175438596491,101.10526315789474,100.65964912280701,0.4456140350877193,0.056140350877192984,0.056140350877192984,0.0,0.17543859649122806,0.17894736842105263,0.0035087719298245723,0.0035087719298245615,0.00013590313812700765,0.0033728687916975537,0.1564901249948889,30,False,866.0
paper,190,206,285,0.08391608391608392,0.0912280701754386,0.08421052631578947,0.0912280701754386,0.007017543859649131,9,7,0.031578947368421054,0.02456140350877193,0.4090909090909091,0.543859649122807,0.4105263157894737,0.543859649122807,0.13333333333333336,False,-4.075633365000348,-3.9732463706781735,0.10238699432217407,-0.008079762038759597,-0.010283333503875447,0.10175438596491228,101.30526315789474,99.05263157894737,2.2526315789473683,0.056140350877192984,0.05964912280701754,0.0035087719298245584,0.17543859649122806,0.19298245614035087,0.017543859649122806,0.021052631578947368,0.00037064492216456633,0.0206819866567828,0.15886683319695294,30,False,938.0
paper,191,87,285,0.08391608391608392,0.09473684210526316,0.08421052631578947,0.09473684210526316,0.01052631578947369,9,6,0.031578947368421054,0.021052631578947368,0.4090909090909091,0.9789473684210527,0.4070175438596491,0.9789473684210527,0.5719298245614035,True,-4.079309517299728,-3.994141640147531,0.0851678771521965,-0.008083957086682858,-0.010288672655778264,0.12280701754385964,101.25263157894737,98.88070175438597,2.3719298245614033,0.056140350877192984,0.06315789473684211,0.007017543859649124,0.17543859649122806,0.17894736842105263,0.0035087719298245723,0.017543859649122806,0.00045712873733629847,0.01708673091178651,0.13402037508785725,26,True,1252.0
paper,192,193,285,0.08391608391608392,0.08070175438596491,0.08421052631578947,0.08070175438596491,-0.0035087719298245584,7,8,0.02456140350877193,0.028070175438596492,0.4090909090909091,0.7333333333333333,0.4105263157894737,0.7333333333333333,0.3228070175438596,False,-4.092422534643511,-4.117359282662428,-0.024936748018917553,0.003175105390467614,-0.0013395691896355363,0.8070175438596491,101.02105263157895,100.91578947368421,0.10526315789473684,0.056140350877192984,0.056140350877192984,0.0,0.17543859649122806,0.17543859649122806,0.0,0.0,1.2354830738818879e-05,-1.2354830738818879e-05,0.1572332091163844,30,False,1062.0
paper,193,253,285,0.08391608391608392,0.09473684210526316,0.08421052631578947,0.09473684210526316,0.01052631578947369,8,5,0.028070175438596492,0.017543859649122806,0.4090909090909091,0.32280701754385965,0.4070175438596491,0.32280701754385965,-0.08421052631578946,False,-4.078615284045588,-4.034536519312242,0.044078764733344766,0.012205399694499519,-0.001029396052795306,0.8315789473684211,101.10877192982456,99.64912280701755,1.4596491228070176,0.056140350877192984,0.05964912280701754,0.0035087719298245584,0.17543859649122806,0.1824561403508772,0.007017543859649145,0.010526315789473684,0.00011119347664936991,0.010415122312824314,0.158365499926731,30,False,856.0
paper,194,264,285,0.08391608391608392,0.09473684210526316,0.08070175438596491,0.09473684210526316,0.014035087719298248,9,5,0.031578947368421054,0.017543859649122806,0.4090909090909091,0.9754385964912281,0.4070175438596491,0.9754385964912281,0.5684210526315789,True,-4.092490375615386,-4.036311250720342,0.05617912489504302,-0.00821030967038272,-0.010449485035034733,0.09824561403508772,101.81754385964912,100.74736842105263,1.0701754385964912,0.056140350877192984,0.06315789473684211,0.007017543859649124,0.17543859649122806,0.18596491228070175,0.01052631578947369,0.014035087719298246,0.00014825796886582654,0.01388682975043242,0.1513343749102205,30,False,1252.0
paper,195,98,285,0.08391608391608392,0.08771929824561403,0.08421052631578947,0.08771929824561403,0.0035087719298245584,10,9,0.03508771929824561,0.031578947368421054,0.4090909090909091,0.9754385964912281,0.4105263157894737,0.9754385964912281,0.5649122807017544,True,-4.09544684633699,-4.063464455266287,0.03198239107070342,0.009444832855610485,-0.0012100938927405377,0.8140350877192982,101.5578947368421,100.10526315789474,1.4526315789473685,0.056140350877192984,0.056140350877192984,0.0,0.17543859649122806,0.1824561403508772,0.007017543859649145,0.010526315789473684,0.00048183839881393625,0.010044477390659747,0.15042237495072186,30,False,1252.0
paper,196,24,285,0.08391608391608392,0.07368421052631578,0.08421052631578947,0.07368421052631578,-0.01052631578947369,6,9,0.021052631578947368,0.031578947368421054,0.4090909090909091,0.22105263157894736,0.4105263157894737,0.22105263157894736,-0.18947368421052632,False,-4.0921786135587865,-4.0400969295730595,0.05208168398572826,0.015242589259212735,-0.0010783320331682943,0.8210526315789474,101.58245614035087,100.02456140350877,1.5578947368421052,0.056140350877192984,0.06315789473684211,0.007017543859649124,0.17192982456140352,0.1824561403508772,0.01052631578947369,0.014035087719298246,0.00046948356807511736,0.013565604151223128,0.15431545791216195,30,False,786.0
paper,197,229,285,0.08391608391608392,0.09473684210526316,0.08421052631578947,0.09473684210526316,0.01052631578947369,7,4,0.02456140350877193,0.014035087719298246,0.4090909090909091,0.9859649122807017,0.4105263157894737,0.9859649122807017,0.5754385964912281,True,-4.075633365000348,-4.049155421788267,0.026477943212081093,-0.01987364765010824,-0.025293733372865113,0.08421052631578947,101.30526315789474,99.64561403508772,1.6596491228070176,0.056140350877192984,0.056140350877192984,0.0,0.17543859649122806,0.18596491228070175,0.01052631578947369,0.014035087719298246,0.0003953545836422041,0.013639733135656041,0.1466812500730157,30,False,1252.0
paper,198,247,285,0.08391608391608392,0.11228070175438597,0.08421052631578947,0.11228070175438597,0.028070175438596495,11,3,0.03859649122807018,0.010526315789473684,0.4090909090909091,0.9859649122807017,0.4105263157894737,0.9859649122807017,0.5754385964912281,True,-4.078615284045588,-4.023388617909484,0.05522666613610372,-0.01723763103710141,-0.021938803138128904,0.08771929824561403,101.10877192982456,100.34035087719299,0.7684210526315789,0.056140350877192984,0.056140350877192984,0.0,0.17543859649122806,0.1824561403508772,0.007017543859649145,0.010526315789473684,0.00014825796886582654,0.010378057820607857,0.14862945792265236,30,False,1252.0
paper,199,238,285,0.08391608391608392,0.09824561403508772,0.08421052631578947,0.09824561403508772,0.014035087719298248,9,5,0.031578947368421054,0.017543859649122806,0.4090909090909091,0.9754385964912281,0.4070175438596491,0.9754385964912281,0.5684210526315789,True,-4.085335167310214,-3.791698223733019,0.2936369435771952,0.36259064024818954,-0.0016228875646456585,0.7859649122807018,101.25263157894737,99.36842105263158,1.8842105263157896,0.056140350877192984,0.056140350877192984,0.0,0.17543859649122806,0.1824561403508772,0.007017543859649145,0.021052631578947368,0.0009142574746725969,0.02013837410427477,0.1131725418381393,22,True,1252.0
paper,200,67,285,0.08391608391608392,0.08771929824561403,0.08421052631578947,0.08771929824561403,0.0035087719298245584,10,9,0.03508771929824561,0.031578947368421054,0.4090909090909091,0.9859649122807017,0.4105263157894737,0.9859649122807017,0.5754385964912281,True,-4.078615284045588,-4.03718689273531,0.041428391310277944,0.0034309004052950343,-0.0009786090714841932,0.8280701754385965,101.10877192982456,100.15789473684211,0.9508771929824561,0.056140350877192984,0.05964912280701754,0.0035087719298245584,0.17543859649122806,0.1824561403508772,0.007017543859649145,0.007017543859649123,8.648381517173215e-05,0.006931060044477391,0.14918599999509752,30,False,1252.0
paper,201,191,285,0.08391608391608392,0.08421052631578947,0.08421052631578947,0.08421052631578947,0.0,8,8,0.028070175438596492,0.028070175438596492,0.4090909090909091,0.3263157894736842,0.4070175438596491,0.3263157894736842,-0.08070175438596489,False,-4.074291496040991,-4.057316086954082,0.016975409086909272,-0.01400830480470372,-0.017828751569623158,0.10877192982456141,101.2280701754386,100.97543859649123,0.25263157894736843,0.056140350877192984,0.05964912280701754,0.0035087719298245584,0.17543859649122806,0.17894736842105263,0.0035087719298245723,0.007017543859649123,9.883864591055103e-05,0.006918705213738572,0.11453937506303191,22,True,854.0
paper,202,235,285,0.08391608391608392,0.09824561403508772,0.08421052631578947,0.09824561403508772,0.014035087719298248,9,5,0.031578947368421054,0.017543859649122806,0.4090909090909091,0.9789473684210527,0.4105263157894737,0.9789473684210527,0.5684210526315789,True,-4.113581949174687,-4.045575587252178,0.06800636192250846,0.018094588917947796,-0.000963020590391217,0.8315789473684211,101.71929824561404,100.54035087719298,1.1789473684210525,0.056140350877192984,0.06666666666666667,0.010526315789473682,0.17192982456140352,0.17894736842105263,0.007017543859649117,0.014035087719298246,0.00025945144551519646,0.01377563627378305,0.1399342091754079,28,True,1252.0
paper,203,135,285,0.08391608391608392,0.09473684210526316,0.08421052631578947,0.09473684210526316,0.01052631578947369,10,7,0.03508771929824561,0.02456140350877193,0.4090909090909091,0.9754385964912281,0.4070175438596491,0.9754385964912281,0.5684210526315789,True,-4.075633365000348,-3.9934241941728095,0.08220917082753805,0.021018685241304347,-0.0010532081301594328,0.8245614035087719,101.30526315789474,99.54736842105264,1.7578947368421052,0.056140350877192984,0.05964912280701754,0.0035087719298245584,0.17543859649122806,0.18947368421052632,0.014035087719298261,0.014035087719298246,0.00024709661477637757,0.013787991104521868,0.1511385419871658,30,False,1252.0
paper,204,23,285,0.08391608391608392,0.10175438596491228,0.08421052631578947,0.10175438596491228,0.017543859649122806,12,7,0.042105263157894736,0.02456140350877193,0.4090909090909091,0.2912280701754386,0.4070175438596491,0.2912280701754386,-0.1157894736842105,False,-4.085335167310215,-4.021650904069027,0.06368426324118732,-0.02894775461158705,-0.03684259677838462,0.08070175438596491,101.25263157894737,99.68070175438596,1.5719298245614035,0.056140350877192984,0.07368421052631578,0.0175438596491228,0.17543859649122806,0.18947368421052632,0.014035087719298261,0.02456140350877193,0.0008030639980232271,0.023758339510748704,0.12441929103806615,24,True,836.0
paper,205,237,285,0.08391608391608392,0.09473684210526316,0.08421052631578947,0.09473684210526316,0.01052631578947369,10,7,0.03508771929824561,0.02456140350877193,0.4090909090909091,0.9859649122807017,0.4070175438596491,0.9859649122807017,0.5789473684210527,True,-4.079886108170118,-4.100805498469421,-0.020919390299302416,-0.04119899166390173,-0.05243508029951194,0.07017543859649122,101.10526315789474,100.89824561403509,0.20701754385964913,0.056140350877192984,0.06315789473684211,0.007017543859649124,0.17543859649122806,0.17894736842105263,0.0035087719298245723,0.010526315789473684,0.00011119347664936991,0.010415122312824314,0.14629670814611018,30,False,1252.0
paper,206,71,285,0.08391608391608392,0.10877192982456141,0.08421052631578947,0.10877192982456141,0.024561403508771937,13,6,0.0456140350877193,0.021052631578947368,0.4090909090909091,0.9754385964912281,0.4070175438596491,0.9754385964912281,0.5684210526315789,True,-4.075281805877549,-4.0420149507776335,0.03326685509991512,0.009352220660328037,-0.0010193535914233107,0.8350877192982457,101.16491228070176,100.85964912280701,0.30526315789473685,0.056140350877192984,0.06315789473684211,0.007017543859649124,0.17543859649122806,0.17894736842105263,0.0035087719298245723,0.007017543859649123,7.412898443291327e-05,0.00694341487521621,0.1487357912119478,30,False,1252.0
paper,207,223,285,0.08391608391608392,0.10877192982456141,0.08421052631578947,0.10877192982456141,0.024561403508771937,12,5,0.042105263157894736,0.017543859649122806,0.4090909090909091,0.968421052631579,0.4105263157894737,0.968421052631579,0.5578947368421052,True,-4.079309517299727,-4.018786318468369,0.06052319883135807,-0.022866878034514038,-0.02910329931665334,0.08070175438596491,101.25263157894737,100.2421052631579,1.0105263157894737,0.056140350877192984,0.06315789473684211,0.007017543859649124,0.17543859649122806,0.1824561403508772,0.007017543859649145,0.017543859649122806,0.00037064492216456633,0.01717321472695824,0.15162999997846782,30,False,1242.0
paper,208,190,285,0.08391608391608392,0.07017543859649122,0.08421052631578947,0.07017543859649122,-0.014035087719298248,5,9,0.017543859649122806,0.031578947368421054,0.4090909090909091,0.19649122807017544,0.4105263157894737,0.19649122807017544,-0.21403508771929824,False,-4.075633365000348,-4.039741782019546,0.03589158298080171,-0.008079762038759597,-0.010283333503876335,0.09473684210526316,101.30526315789474,99.98947368421052,1.3157894736842106,0.056140350877192984,0.056140350877192984,0.0,0.17543859649122806,0.1824561403508772,0.007017543859649145,0.010526315789473684,0.00018532246108228317,0.0103409933283914,0.15218420792371035,30,False,786.0
paper,209,108,285,0.08391608391608392,0.07368421052631578,0.08421052631578947,0.07368421052631578,-0.01052631578947369,6,9,0.021052631578947368,0.031578947368421054,0.4090909090909091,0.28421052631578947,0.4105263157894737,0.28421052631578947,-0.12631578947368421,False,-4.075281805877549,-3.9993817742327895,0.07590003164475953,0.02383711353628648,-0.0009414493748009179,0.8315789473684211,101.16491228070176,98.54385964912281,2.6210526315789475,0.056140350877192984,0.056140350877192984,0.0,0.17543859649122806,0.18596491228070175,0.01052631578947369,0.010526315789473684,0.0001606127996046454,0.010365702989869038,0.11121237510815263,21,True,814.0
paper,210,69,285,0.08391608391608392,0.10175438596491228,0.08421052631578947,0.10175438596491228,0.017543859649122806,11,6,0.03859649122807018,0.021052631578947368,0.4090909090909091,0.3087719298245614,0.4105263157894737,0.3087719298245614,-0.10175438596491226,False,-4.070605927053243,-4.041974486821768,0.02863144023147384,-0.008121794774463176,-0.010336829712954021,0.09473684210526316,101.21052631578948,99.65964912280701,1.550877192982456,0.056140350877192984,0.06315789473684211,0.007017543859649124,0.17543859649122806,0.18596491228070175,0.01052631578947369,0.017543859649122806,0.00043241907585866074,0.017111440573264147,0.15924516692757607,30,False,832.0
paper,211,147,285,0.08391608391608392,0.08771929824561403,0.08421052631578947,0.08771929824561403,0.0035087719298245584,6,5,0.021052631578947368,0.017543859649122806,0.4090909090909091,0.4245614035087719,0.4070175438596491,0.4245614035087719,0.017543859649122806,False,-4.074291496040991,-4.0545419495324495,0.019749546508542156,-0.016959934402775545,-0.02158537105807934,0.11929824561403508,101.2280701754386,100.4140350877193,0.8140350877192982,0.056140350877192984,0.06315789473684211,0.007017543859649124,0.17543859649122806,0.1824561403508772,0.007017543859649145,0.010526315789473684,0.00021003212255992092,0.010316283666913763,0.1527732911054045,30,False,880.0
paper,212,200,285,0.08391608391608392,0.10175438596491228,0.08421052631578947,0.10175438596491228,0.017543859649122806,10,5,0.03508771929824561,0.017543859649122806,0.4090909090909091,0.9754385964912281,0.4070175438596491,0.9754385964912281,0.5684210526315789,True,-4.075633365000348,-4.075471211686471,0.00016215331387586698,-0.07101545936182241,-0.09038331191504856,0.06666666666666667,101.30526315789474,100.71929824561404,0.5859649122807018,0.056140350877192984,0.05964912280701754,0.0035087719298245584,0.17543859649122806,0.18596491228070175,0.01052631578947369,0.021052631578947368,0.00044477390659747963,0.020607857672349888,0.15214433404617012,30,False,1252.0
paper,213,181,285,0.08391608391608392,0.11578947368421053,0.08421052631578947,0.11578947368421053,0.031578947368421054,15,6,0.05263157894736842,0.021052631578947368,0.4090909090909091,0.9754385964912281,0.4105263157894737,0.9754385964912281,0.5649122807017544,True,-4.104562919074975,-3.979077385213307,0.125485533861669,-0.008378925658469427,-0.01066408720169285,0.10526315789473684,101.18947368421053,97.52982456140352,3.6596491228070174,0.056140350877192984,0.06315789473684211,0.007017543859649124,0.17543859649122806,0.18596491228070175,0.01052631578947369,0.028070175438596492,0.0011366444279713368,0.026933531010625154,0.09710383298806846,18,True,1252.0
paper,214,129,285,0.08391608391608392,0.10175438596491228,0.08421052631578947,0.10175438596491228,0.017543859649122806,9,4,0.031578947368421054,0.014035087719298246,0.4090909090909091,0.5789473684210527,0.4105263157894737,0.5789473684210527,0.16842105263157897,False,-4.075281805877549,-4.099895528414163,-0.024613722536613335,-0.022998845847829408,-0.029271258351786678,0.042105263157894736,101.16491228070176,100.50526315789473,0.6596491228070176,0.056140350877192984,0.056140350877192984,0.0,0.17543859649122806,0.1824561403508772,0.007017543859649145,0.007017543859649123,0.0001729676303434643,0.0068445762293056584,0.15530762495473027,30,False,962.0
paper,215,194,285,0.08391608391608392,0.08421052631578947,0.08070175438596491,0.08421052631578947,0.0035087719298245584,7,6,0.02456140350877193,0.021052631578947368,0.4090909090909091,0.3719298245614035,0.4070175438596491,0.3719298245614035,-0.03508771929824561,False,-4.112651440941374,-3.8055169655970564,0.3071344753443178,0.38849107754583656,-0.0012450068692665182,0.8035087719298246,101.83859649122807,101.15438596491228,0.6842105263157895,0.05263157894736842,0.05263157894736842,0.0,0.17192982456140352,0.17894736842105263,0.007017543859649117,0.010526315789473684,0.0001606127996046454,0.010365702989869038,0.156798749929294,30,False,876.0
paper,216,227,285,0.08391608391608392,0.08070175438596491,0.08421052631578947,0.08070175438596491,-0.0035087719298245584,6,7,0.021052631578947368,0.02456140350877193,0.4090909090909091,0.3649122807017544,0.4105263157894737,0.3649122807017544,-0.045614035087719274,False,-4.078615284045588,-4.029931597315135,0.04868368673045315,0.015119234957608363,-0.0009670034975826524,0.8280701754385965,101.10877192982456,99.69122807017544,1.4175438596491228,0.056140350877192984,0.05964912280701754,0.0035087719298245584,0.17543859649122806,0.1824561403508772,0.007017543859649145,0.007017543859649123,4.9419322955275514e-05,0.006968124536693847,0.15523216594010592,30,False,850.0
paper,217,42,285,0.08391608391608392,0.09824561403508772,0.08421052631578947,0.09824561403508772,0.014035087719298248,11,7,0.03859649122807018,0.02456140350877193,0.4090909090909091,0.9754385964912281,0.4105263157894737,0.9754385964912281,0.5649122807017544,True,-4.065256226058183,-3.958228842860575,0.10702738319760698,0.02979433239101592,-0.000991409926785991,0.8210526315789474,101.24561403508773,97.48070175438596,3.7649122807017545,0.056140350877192984,0.06315789473684211,0.007017543859649124,0.17543859649122806,0.1824561403508772,0.007017543859649145,0.021052631578947368,0.000617741536940944,0.020434890042006423,0.12025774992071092,22,True,1252.0
paper,218,132,285,0.08391608391608392,0.09824561403508772,0.08421052631578947,0.09824561403508772,0.014035087719298248,12,8,0.042105263157894736,0.028070175438596492,0.4090909090909091,0.8807017543859649,0.4070175438596491,0.8807017543859649,0.47368421052631576,False,-4.075633365000348,-4.03868375044377,0.036949614556577935,-0.008079762038759597,-0.010283333503876335,0.09824561403508772,101.30526315789474,100.36842105263158,0.9368421052631579,0.056140350877192984,0.06315789473684211,0.007017543859649124,0.17543859649122806,0.1824561403508772,0.007017543859649145,0.014035087719298246,0.0003212255992092908,0.013713862120088955,0.1520221249666065,30,False,1170.0
paper,219,82,285,0.08391608391608392,0.0912280701754386,0.08421052631578947,0.0912280701754386,0.007017543859649131,8,6,0.028070175438596492,0.021052631578947368,0.4090909090909091,0.39649122807017545,0.4105263157894737,0.39649122807017545,-0.014035087719298234,False,-4.085335167310214,-3.9805892025812457,0.10474596472896941,0.0065634182699056964,-0.0010003065390321807,0.8280701754385965,101.25263157894737,98.8,2.4526315789473685,0.056140350877192984,0.05964912280701754,0.0035087719298245584,0.17543859649122806,0.19298245614035087,0.017543859649122806,0.021052631578947368,0.0008154188287620459,0.02023721275018532,0.1377714171539992,27,True,878.0
paper,220,216,285,0.08391608391608392,0.10877192982456141,0.08421052631578947,0.10877192982456141,0.024561403508771937,11,4,0.03859649122807018,0.014035087719298246,0.4090909090909091,0.9859649122807017,0.4070175438596491,0.9859649122807017,0.5789473684210527,True,-4.093738862232345,-4.042878786557578,0.05086007567476662,-0.0291642326182453,-0.03711811424140343,0.08070175438596491,101.19649122807017,99.8280701754386,1.368421052631579,0.056140350877192984,0.06666666666666667,0.010526315789473682,0.17543859649122806,0.19298245614035087,0.017543859649122806,0.021052631578947368,0.0005930318754633062,0.02045959970348406,0.15032849996350706,30,False,1252.0
paper,221,182,285,0.08391608391608392,0.11228070175438597,0.08421052631578947,0.11228070175438597,0.028070175438596495,15,7,0.05263157894736842,0.02456140350877193,0.4090909090909091,0.9789473684210527,0.4105263157894737,0.9789473684210527,0.5684210526315789,True,-4.075633365000349,-3.964773247753321,0.11086011724702739,0.006537789630535862,-0.0007158575537181022,0.8526315789473684,101.30526315789474,98.25263157894737,3.0526315789473686,0.056140350877192984,0.056140350877192984,0.0,0.17543859649122806,0.18596491228070175,0.01052631578947369,0.021052631578947368,0.00037064492216456633,0.0206819866567828,0.1486342919524759,30,False,1252.0
paper,222,60,285,0.08391608391608392,0.0912280701754386,0.08421052631578947,0.0912280701754386,0.007017543859649131,6,4,0.021052631578947368,0.014035087719298246,0.4090909090909091,0.3298245614035088,0.4070175438596491,0.3298245614035088,-0.07719298245614031,False,-4.078615284045587,-4.053715193375069,0.02490009067051815,-0.005393453681284299,-0.0068643955943636925,0.0912280701754386,101.10877192982456,100.26666666666667,0.8421052631578947,0.056140350877192984,0.05964912280701754,0.0035087719298245584,0.17543859649122806,0.1824561403508772,0.007017543859649145,0.007017543859649123,8.648381517173215e-05,0.006931060044477391,0.1536315002012998,30,False,848.0
paper,223,19,285,0.08391608391608392,0.0912280701754386,0.08421052631578947,0.0912280701754386,0.007017543859649131,8,6,0.028070175438596492,0.021052631578947368,0.4090909090909091,0.9789473684210527,0.4105263157894737,0.9789473684210527,0.5684210526315789,True,-4.084000285204089,-4.091330086367121,-0.007329801163031528,-0.005560232468241999,-0.00707665950503511,0.08070175438596491,101.94736842105263,102.02105263157895,-0.07368421052631578,0.056140350877192984,0.056140350877192984,0.0,0.17543859649122806,0.17543859649122806,0.0,0.0,0.0,0.0,0.15166008286178112,30,False,1252.0
paper,224,231,285,0.08391608391608392,0.10526315789473684,0.08070175438596491,0.10526315789473684,0.024561403508771923,12,5,0.042105263157894736,0.017543859649122806,0.4090909090909091,0.9789473684210527,0.4070175438596491,0.9789473684210527,0.5719298245614035,True,-4.085335167310214,-4.009061420521046,0.07627374678916861,-0.008134625777526772,-0.010353160080491364,0.10526315789473684,101.25263157894737,98.85964912280701,2.3929824561403508,0.056140350877192984,0.05964912280701754,0.0035087719298245584,0.17543859649122806,0.18947368421052632,0.014035087719298261,0.021052631578947368,0.000716580182851495,0.020336051396095872,0.1498570421244949,30,False,1252.0
paper,225,180,285,0.08391608391608392,0.10175438596491228,0.08421052631578947,0.10175438596491228,0.017543859649122806,13,8,0.0456140350877193,0.028070175438596492,0.4090909090909091,0.9789473684210527,0.4105263157894737,0.9789473684210527,0.5684210526315789,True,-4.173435467391008,-3.992865992490638,0.18056947490037112,0.015498319807704775,-0.0010081907907226295,0.8280701754385965,101.18947368421053,96.8140350877193,4.375438596491228,0.056140350877192984,0.07368421052631578,0.0175438596491228,0.17894736842105263,0.18947368421052632,0.01052631578947369,0.042105263157894736,0.002446256486286138,0.0396590066716086,0.15024470794014633,30,False,1252.0
paper,226,40,285,0.08391608391608392,0.09473684210526316,0.08070175438596491,0.09473684210526316,0.014035087719298248,13,9,0.0456140350877193,0.031578947368421054,0.4090909090909091,0.6210526315789474,0.4070175438596491,0.6210526315789474,0.2140350877192983,False,-4.099917876714119,-4.008865410505617,0.09105246620850109,-0.014052946925897203,-0.017885568814778097,0.12982456140350876,101.30175438596491,98.57192982456141,2.729824561403509,0.056140350877192984,0.06315789473684211,0.007017543859649124,0.17543859649122806,0.18596491228070175,0.01052631578947369,0.02456140350877193,0.0007042253521126761,0.023857178156659255,0.15271429112181067,30,False,988.0
paper,227,184,285,0.08391608391608392,0.11228070175438597,0.08421052631578947,0.11228070175438597,0.028070175438596495,12,4,0.042105263157894736,0.014035087719298246,0.4090909090909091,0.9789473684210527,0.4070175438596491,0.9789473684210527,0.5719298245614035,True,-4.074291496040991,-4.016064916156844,0.058226579884146916,-0.0022574999162241483,-0.0028731817115588143,0.09824561403508772,101.2280701754386,99.9578947368421,1.2701754385964912,0.056140350877192984,0.06666666666666667,0.010526315789473682,0.17543859649122806,0.18596491228070175,0.01052631578947369,0.014035087719298246,0.00019767729182110206,0.013837410427477144,0.1063214170280844,21,True,1252.0
paper,228,37,285,0.08391608391608392,0.09824561403508772,0.08421052631578947,0.09824561403508772,0.014035087719298248,8,4,0.028070175438596492,0.014035087719298246,0.4090909090909091,0.42105263157894735,0.4070175438596491,0.42105263157894735,0.014035087719298234,False,-4.090374728951502,-4.092040541375162,-0.001665812423660677,-0.04077631240139379,-0.051897124874501266,0.05964912280701754,101.71929824561404,101.5859649122807,0.13333333333333333,0.056140350877192984,0.06315789473684211,0.007017543859649124,0.17192982456140352,0.17192982456140352,0.0,0.010526315789473684,0.00014825796886582654,0.010378057820607857,0.15205958299338818,30,False,898.0
paper,229,47,285,0.08391608391608392,0.0912280701754386,0.08421052631578947,0.0912280701754386,0.007017543859649131,6,4,0.021052631578947368,0.014035087719298246,0.4090909090909091,0.39649122807017545,0.4070175438596491,0.39649122807017545,-0.010526315789473661,False,-4.079309517299728,-3.7831679635697264,0.2961415537300012,0.37222182859570374,-0.0013091827230724106,0.8035087719298246,101.25263157894737,99.85964912280701,1.3929824561403508,0.056140350877192984,0.056140350877192984,0.0,0.17543859649122806,0.1824561403508772,0.007017543859649145,0.017543859649122806,0.0006300963676797627,0.016913763281443044,0.1338387499563396,26,True,890.0
paper,230,117,285,0.08391608391608392,0.09473684210526316,0.08421052631578947,0.09473684210526316,0.01052631578947369,10,7,0.03508771929824561,0.02456140350877193,0.4090909090909091,0.24912280701754386,0.4070175438596491,0.24912280701754386,-0.15789473684210525,False,-4.075281805877549,-4.038775132266983,0.03650667361056512,-0.00233402821187223,-0.002970581360564495,0.10526315789473684,101.16491228070176,100.11228070175439,1.0526315789473684,0.056140350877192984,0.06315789473684211,0.007017543859649124,0.17543859649122806,0.1824561403508772,0.007017543859649145,0.010526315789473684,0.00021003212255992092,0.010316283666913763,0.09987333393655717,19,True,826.0
paper,231,130,285,0.08391608391608392,0.10175438596491228,0.08421052631578947,0.10175438596491228,0.017543859649122806,11,6,0.03859649122807018,0.021052631578947368,0.4090909090909091,0.9824561403508771,0.4105263157894737,0.9824561403508771,0.5719298245614035,True,-4.096785663854018,-4.02773109272559,0.06905457112842682,-0.022866878034511373,-0.02910329931665334,0.08421052631578947,101.4,99.14736842105263,2.2526315789473683,0.056140350877192984,0.05964912280701754,0.0035087719298245584,0.17543859649122806,0.18596491228070175,0.01052631578947369,0.02456140350877193,0.0006918705213738572,0.023869532987398072,0.13326237490400672,26,True,1252.0
paper,233,36,285,0.08391608391608392,0.10877192982456141,0.08421052631578947,0.10877192982456141,0.024561403508771937,11,4,0.03859649122807018,0.014035087719298246,0.4090909090909091,0.9649122807017544,0.4105263157894737,0.9649122807017544,0.5543859649122806,True,-4.085335167310214,-4.022909690675913,0.06242547663430222,-0.02595740616608211,-0.03303669875683468,0.08771929824561403,101.25263157894737,99.08070175438597,2.1719298245614036,0.056140350877192984,0.06315789473684211,0.007017543859649124,0.17543859649122806,0.18596491228070175,0.01052631578947369,0.02456140350877193,0.0008030639980232271,0.023758339510748704,0.10275900014676154,20,True,1242.0
paper,234,294,285,0.08391608391608392,0.10526315789473684,0.08421052631578947,0.10526315789473684,0.021052631578947364,12,6,0.042105263157894736,0.021052631578947368,0.4090909090909091,0.9789473684210527,0.4070175438596491,0.9789473684210527,0.5719298245614035,True,-4.093738862232345,-3.958856921426366,0.13488194080597898,0.02119056870296898,-0.0007640417767419194,0.8315789473684211,101.19649122807017,97.45263157894736,3.743859649122807,0.056140350877192984,0.05964912280701754,0.0035087719298245584,0.17543859649122806,0.19298245614035087,0.017543859649122806,0.02456140350877193,0.0006918705213738572,0.023869532987398072,0.10346087487414479,20,True,1252.0
paper,235,91,285,0.08391608391608392,0.08771929824561403,0.08421052631578947,0.08771929824561403,0.0035087719298245584,9,8,0.031578947368421054,0.028070175438596492,0.4090909090909091,0.3649122807017544,0.4105263157894737,0.3649122807017544,-0.045614035087719274,False,-4.085335167310214,-4.024024991454479,0.06131017585573553,-0.005183879815933601,-0.006597665220279936,0.10877192982456141,101.25263157894737,99.61052631578947,1.6421052631578947,0.056140350877192984,0.05964912280701754,0.0035087719298245584,0.17543859649122806,0.18947368421052632,0.014035087719298261,0.017543859649122806,0.0006300963676797627,0.016913763281443044,0.15327250002883375,30,False,862.0
paper,236,104,285,0.08391608391608392,0.11578947368421053,0.08070175438596491,0.11578947368421053,0.03508771929824561,14,4,0.04912280701754386,0.014035087719298246,0.4090909090909091,0.9859649122807017,0.4070175438596491,0.9859649122807017,0.5789473684210527,True,-4.127174645004185,-3.934037286595216,0.19313735840896967,0.006461466768387325,-0.000965151034598577,0.8456140350877193,101.2,97.70877192982456,3.491228070175439,0.05263157894736842,0.06666666666666667,0.014035087719298248,0.17192982456140352,0.18947368421052632,0.017543859649122806,0.03508771929824561,0.0016431924882629107,0.0334445268099827,0.15075150015763938,30,False,1252.0
paper,237,268,285,0.08391608391608392,0.0912280701754386,0.08421052631578947,0.0912280701754386,0.007017543859649131,8,6,0.028070175438596492,0.021052631578947368,0.4090909090909091,0.9789473684210527,0.4070175438596491,0.9789473684210527,0.5719298245614035,True,-4.074291496040991,-4.056718666183321,0.017572829857670228,-0.016959934402776433,-0.02158537105807934,0.08771929824561403,101.2280701754386,100.8140350877193,0.41403508771929826,0.056140350877192984,0.06315789473684211,0.007017543859649124,0.17543859649122806,0.17894736842105263,0.0035087719298245723,0.010526315789473684,0.00021003212255992092,0.010316283666913763,0.12847270793281496,25,True,1252.0
paper,239,183,285,0.08391608391608392,0.10175438596491228,0.08421052631578947,0.10175438596491228,0.017543859649122806,9,4,0.031578947368421054,0.014035087719298246,0.4090909090909091,0.7087719298245614,0.4070175438596491,0.7087719298245614,0.3017543859649123,False,-4.085335167310214,-4.021735544671582,0.06359962263863318,-0.04701081548748487,-0.05983194698407246,0.07017543859649122,101.25263157894737,100.42456140350878,0.8280701754385965,0.056140350877192984,0.06315789473684211,0.007017543859649124,0.17543859649122806,0.1824561403508772,0.007017543859649145,0.017543859649122806,0.0005312577217692117,0.017012601927353595,0.15344841592013836,30,False,1028.0
paper,240,106,285,0.08391608391608392,0.07719298245614035,0.08421052631578947,0.07719298245614035,-0.007017543859649117,5,7,0.017543859649122806,0.02456140350877193,0.4090909090909091,0.28421052631578947,0.4070175438596491,0.28421052631578947,-0.12280701754385964,False,-4.079309517299728,-3.7577500799414767,0.321559437358251,0.3794913138256959,-0.0015019566787657368,0.7964912280701755,101.25263157894737,100.1438596491228,1.1087719298245613,0.056140350877192984,0.056140350877192984,0.0,0.17543859649122806,0.18596491228070175,0.01052631578947369,0.017543859649122806,0.0005436125525080306,0.017000247096614775,0.12137045804411173,23,True,824.0
paper,241,39,285,0.08391608391608392,0.09473684210526316,0.08421052631578947,0.09473684210526316,0.01052631578947369,9,6,0.031578947368421054,0.021052631578947368,0.4090909090909091,0.9859649122807017,0.4105263157894737,0.9859649122807017,0.5754385964912281,True,-4.085558263792638,-4.096647210579837,-0.011088946787200134,-0.0025957700905916425,-0.003303707388025323,0.08421052631578947,101.04912280701754,100.28421052631579,0.7649122807017544,0.056140350877192984,0.05964912280701754,0.0035087719298245584,0.17543859649122806,0.1824561403508772,0.007017543859649145,0.007017543859649123,7.412898443291327e-05,0.00694341487521621,0.15182637493126094,30,False,1252.0
paper,242,125,285,0.08391608391608392,0.10175438596491228,0.08421052631578947,0.10175438596491228,0.017543859649122806,9,4,0.031578947368421054,0.014035087719298246,0.4090909090909091,0.30526315789473685,0.4070175438596491,0.30526315789473685,-0.10175438596491226,False,-4.075633365000349,-4.068061861550906,0.007571503449441975,-0.028778044022848448,-0.036626601483623844,0.056140350877192984,101.30526315789474,100.82105263157895,0.4842105263157895,0.056140350877192984,0.05964912280701754,0.0035087719298245584,0.17543859649122806,0.18596491228070175,0.01052631578947369,0.010526315789473684,0.00018532246108228317,0.0103409933283914,0.15186216705478728,30,True,848.0
paper,243,164,285,0.08391608391608392,0.08421052631578947,0.08421052631578947,0.08421052631578947,0.0,6,6,0.021052631578947368,0.021052631578947368,0.4090909090909091,0.40350877192982454,0.4105263157894737,0.40350877192982454,-0.007017543859649145,False,-4.089743190503366,-4.035355531834774,0.054387658668593124,-0.005145216083048965,-0.006548456832971006,0.11929824561403508,101.57192982456141,100.24561403508773,1.3263157894736841,0.056140350877192984,0.06666666666666667,0.010526315789473682,0.17192982456140352,0.1824561403508772,0.01052631578947369,0.014035087719298246,0.0003212255992092908,0.013713862120088955,0.15718608279712498,30,False,876.0
paper,244,95,285,0.08391608391608392,0.0912280701754386,0.08421052631578947,0.0912280701754386,0.007017543859649131,6,4,0.021052631578947368,0.014035087719298246,0.4090909090909091,0.35789473684210527,0.4070175438596491,0.35789473684210527,-0.049122807017543846,False,-4.060762186534919,-4.040439185062145,0.020323001472773328,-0.01706657158478464,-0.021721091107910873,0.08421052631578947,101.16140350877193,100.47719298245615,0.6842105263157895,0.056140350877192984,0.056140350877192984,0.0,0.17543859649122806,0.1824561403508772,0.007017543859649145,0.010526315789473684,0.00021003212255992092,0.010316283666913763,0.15300383302383125,30,False,856.0
paper,245,205,285,0.08391608391608392,0.08771929824561403,0.08421052631578947,0.08771929824561403,0.0035087719298245584,7,6,0.02456140350877193,0.021052631578947368,0.4090909090909091,0.6280701754385964,0.4105263157894737,0.6280701754385964,0.21754385964912276,False,-4.079309517299728,-3.947682767169059,0.13162675013066955,0.01817589146960774,-0.0009109824413842559,0.8280701754385965,101.25263157894737,97.51578947368421,3.736842105263158,0.056140350877192984,0.056140350877192984,0.0,0.17543859649122806,0.18947368421052632,0.014035087719298261,0.021052631578947368,0.00044477390659747963,0.020607857672349888,0.15389758301898837,30,False,980.0
paper,246,196,285,0.08391608391608392,0.08421052631578947,0.08421052631578947,0.08421052631578947,0.0,6,6,0.021052631578947368,0.021052631578947368,0.4090909090909091,0.37894736842105264,0.4070175438596491,0.37894736842105264,-0.028070175438596467,False,-4.075281805877549,-4.04241401767091,0.032867788206638465,-0.00526939134803861,-0.006706498079324774,0.12280701754385964,101.16491228070176,100.30175438596491,0.8631578947368421,0.056140350877192984,0.06315789473684211,0.007017543859649124,0.17543859649122806,0.1824561403508772,0.007017543859649145,0.014035087719298246,0.00019767729182110206,0.013837410427477144,0.18152970797382295,23,True,844.0
paper,247,6,285,0.08391608391608392,0.10175438596491228,0.08421052631578947,0.10175438596491228,0.017543859649122806,12,7,0.042105263157894736,0.02456140350877193,0.4090909090909091,0.9789473684210527,0.4070175438596491,0.9789473684210527,0.5719298245614035,True,-4.078615284045587,-4.0673934017576565,0.011221882287930598,-0.005393453681284299,-0.0068643955943636925,0.08421052631578947,101.10877192982456,100.36842105263158,0.7403508771929824,0.056140350877192984,0.05964912280701754,0.0035087719298245584,0.17543859649122806,0.1824561403508772,0.007017543859649145,0.007017543859649123,8.648381517173215e-05,0.006931060044477391,0.16865720809437335,25,True,1252.0
paper,248,176,285,0.08391608391608392,0.10526315789473684,0.08421052631578947,0.10526315789473684,0.021052631578947364,11,5,0.03859649122807018,0.017543859649122806,0.4090909090909091,0.9859649122807017,0.4105263157894737,0.9859649122807017,0.5754385964912281,True,-4.075633365000349,-4.050679945813587,0.024953419186761312,-0.03175750613043782,-0.04041864416601104,0.06315789473684211,101.30526315789474,100.17543859649123,1.1298245614035087,0.056140350877192984,0.05964912280701754,0.0035087719298245584,0.17543859649122806,0.18947368421052632,0.014035087719298261,0.017543859649122806,0.00045712873733629847,0.01708673091178651,0.15310816606506705,30,False,1252.0
paper,249,155,285,0.08391608391608392,0.0912280701754386,0.08421052631578947,0.0912280701754386,0.007017543859649131,9,7,0.031578947368421054,0.02456140350877193,0.4090909090909091,0.42105263157894735,0.4105263157894737,0.42105263157894735,0.010526315789473661,False,-4.092422534643511,-4.098890210226403,-0.006467675582893813,0.00019863341730985695,-0.0011113174956705052,0.8210526315789474,101.02105263157895,100.59649122807018,0.4245614035087719,0.056140350877192984,0.05964912280701754,0.0035087719298245584,0.17543859649122806,0.17894736842105263,0.0035087719298245723,0.0035087719298245615,3.7064492216456636e-05,0.003471707437608105,0.15468041598796844,30,False,888.0
paper,250,232,285,0.08391608391608392,0.11578947368421053,0.08421052631578947,0.11578947368421053,0.031578947368421054,16,7,0.056140350877192984,0.02456140350877193,0.4090909090909091,0.2807017543859649,0.4105263157894737,0.2807017543859649,-0.1298245614035088,False,-4.074291496040991,-4.011712119850767,0.06257937619022384,-0.00225749991622326,-0.0028731817115588143,0.09824561403508772,101.2280701754386,99.9719298245614,1.256140350877193,0.056140350877192984,0.06315789473684211,0.007017543859649124,0.17543859649122806,0.18596491228070175,0.01052631578947369,0.014035087719298246,0.00019767729182110206,0.013837410427477144,0.11501979199238122,22,True,824.0
paper,251,299,285,0.08391608391608392,0.0912280701754386,0.08421052631578947,0.0912280701754386,0.007017543859649131,9,7,0.031578947368421054,0.02456140350877193,0.4090909090909091,0.29473684210526313,0.4105263157894737,0.29473684210526313,-0.11578947368421055,False,-4.075633365000349,-4.005918549355725,0.06971481564462366,-0.00807976203875782,-0.010283333503875447,0.10526315789473684,101.30526315789474,99.42456140350878,1.880701754385965,0.056140350877192984,0.05964912280701754,0.0035087719298245584,0.17543859649122806,0.18947368421052632,0.014035087719298261,0.017543859649122806,0.0003829997529033852,0.017160859896219422,0.1523152911104262,30,False,836.0
paper,252,34,285,0.08391608391608392,0.0912280701754386,0.08421052631578947,0.0912280701754386,0.007017543859649131,7,5,0.02456140350877193,0.017543859649122806,0.4090909090909091,0.9754385964912281,0.4070175438596491,0.9754385964912281,0.5684210526315789,True,-4.075633365000349,-4.045473374103691,0.03015999089665829,-0.008079762038759597,-0.010283333503875447,0.10175438596491228,101.30526315789474,100.89824561403509,0.4070175438596491,0.056140350877192984,0.06666666666666667,0.010526315789473682,0.17543859649122806,0.18596491228070175,0.01052631578947369,0.014035087719298246,0.0003953545836422041,0.013639733135656041,0.11747537483461201,23,True,1252.0
paper,253,18,285,0.08391608391608392,0.10175438596491228,0.08421052631578947,0.10175438596491228,0.017543859649122806,10,5,0.03508771929824561,0.017543859649122806,0.4090909090909091,0.9859649122807017,0.4105263157894737,0.9859649122807017,0.5754385964912281,True,-4.075281805877549,-4.080874875020378,-0.005593069142829239,-0.020029886872273472,-0.025492583291984873,0.056140350877192984,101.16491228070176,100.5859649122807,0.5789473684210527,0.056140350877192984,0.05964912280701754,0.0035087719298245584,0.17543859649122806,0.17543859649122806,0.0,0.007017543859649123,0.00012354830738818879,0.006893995552260934,0.14708208292722702,30,False,1252.0
paper,254,127,285,0.08391608391608392,0.09824561403508772,0.08070175438596491,0.09824561403508772,0.017543859649122806,12,7,0.042105263157894736,0.02456140350877193,0.4090909090909091,0.2982456140350877,0.4070175438596491,0.2982456140350877,-0.10877192982456141,False,-4.076661358194777,-4.038730306463493,0.037931051731283146,-0.00821030967038272,-0.010449485035034733,0.09824561403508772,101.83859649122807,101.20701754385965,0.631578947368421,0.056140350877192984,0.05964912280701754,0.0035087719298245584,0.17192982456140352,0.17894736842105263,0.007017543859649117,0.010526315789473684,0.00011119347664936991,0.010415122312824314,0.11808766704052687,22,True,826.0
paper,255,80,285,0.08391608391608392,0.10175438596491228,0.08421052631578947,0.10175438596491228,0.017543859649122806,11,6,0.03859649122807018,0.021052631578947368,0.4090909090909091,0.9789473684210527,0.4070175438596491,0.9789473684210527,0.5719298245614035,True,-4.078615284045587,-4.028137107525751,0.05047817651983654,0.006361249701348548,-0.0010554860848740687,0.8421052631578947,101.10877192982456,100.23157894736842,0.8771929824561403,0.056140350877192984,0.05964912280701754,0.0035087719298245584,0.17543859649122806,0.17894736842105263,0.0035087719298245723,0.010526315789473684,0.00011119347664936991,0.010415122312824314,0.1025046668946743,20,True,1252.0
paper,256,153,285,0.08391608391608392,0.09824561403508772,0.08070175438596491,0.09824561403508772,0.017543859649122806,11,6,0.03859649122807018,0.021052631578947368,0.4090909090909091,0.4421052631578947,0.4070175438596491,0.4421052631578947,0.03508771929824561,False,-4.113726879699959,-4.0817822954469705,0.031944584252989086,0.009405000581227618,-0.0010490522082930553,0.8245614035087719,101.7298245614035,99.95087719298246,1.7789473684210526,0.05263157894736842,0.056140350877192984,0.0035087719298245654,0.17192982456140352,0.17894736842105263,0.007017543859649117,0.010526315789473684,0.0003335804299481097,0.010192735359525574,0.1530714170075953,30,False,892.0
paper,257,170,285,0.08391608391608392,0.10175438596491228,0.08421052631578947,0.10175438596491228,0.017543859649122806,10,5,0.03508771929824561,0.017543859649122806,0.4090909090909091,0.9789473684210527,0.4070175438596491,0.9789473684210527,0.5719298245614035,True,-4.075281805877549,-4.048817267989248,0.02646453788830024,0.0064389043653401146,-0.0010512245027346266,0.8210526315789474,101.16491228070176,99.62105263157895,1.543859649122807,0.056140350877192984,0.05964912280701754,0.0035087719298245584,0.17543859649122806,0.18596491228070175,0.01052631578947369,0.010526315789473684,0.00021003212255992092,0.010316283666913763,0.10185158299282193,20,True,1252.0
paper,258,138,285,0.08391608391608392,0.10877192982456141,0.08421052631578947,0.10877192982456141,0.024561403508771937,13,6,0.0456140350877193,0.021052631578947368,0.4090909090909091,0.43508771929824563,0.4105263157894737,0.43508771929824563,0.02456140350877195,False,-4.073670246846439,-4.036885866787486,0.03678438005895276,-0.011062264133777866,-0.014079245261172879,0.0912280701754386,101.22456140350877,100.56842105263158,0.656140350877193,0.056140350877192984,0.06315789473684211,0.007017543859649124,0.17543859649122806,0.1824561403508772,0.007017543859649145,0.014035087719298246,0.00025945144551519646,0.01377563627378305,0.1255272920243442,24,True,902.0
paper,259,64,285,0.08391608391608392,0.09473684210526316,0.08421052631578947,0.09473684210526316,0.01052631578947369,11,8,0.03859649122807018,0.028070175438596492,0.4090909090909091,0.9824561403508771,0.4105263157894737,0.9824561403508771,0.5719298245614035,True,-4.084316205413721,-4.038887938516062,0.045428266897659435,-0.005560232468240223,-0.00707665950503511,0.08070175438596491,101.05263157894737,100.45263157894736,0.6,0.056140350877192984,0.05964912280701754,0.0035087719298245584,0.17543859649122806,0.1824561403508772,0.007017543859649145,0.007017543859649123,4.9419322955275514e-05,0.006968124536693847,0.1478205828461796,30,False,1252.0
paper,260,219,285,0.08391608391608392,0.09473684210526316,0.08421052631578947,0.09473684210526316,0.01052631578947369,12,9,0.042105263157894736,0.031578947368421054,0.4090909090909091,0.4280701754385965,0.4070175438596491,0.4280701754385965,0.02105263157894738,False,-4.085335167310214,-3.981249849346033,0.10408531796418227,-0.005183879815932713,-0.006597665220279936,0.11578947368421053,101.25263157894737,97.6140350877193,3.6385964912280704,0.056140350877192984,0.06315789473684211,0.007017543859649124,0.17543859649122806,0.19298245614035087,0.017543859649122806,0.028070175438596492,0.0008895478131949593,0.02718062762540153,0.1505253748036921,30,True,900.0
paper,262,99,285,0.08391608391608392,0.08771929824561403,0.08421052631578947,0.08771929824561403,0.0035087719298245584,7,6,0.02456140350877193,0.021052631578947368,0.4090909090909091,0.22807017543859648,0.4105263157894737,0.22807017543859648,-0.1824561403508772,False,-4.075281805877549,-4.066717356020002,0.00856444985754688,-0.00821030967038272,-0.010449485035034733,0.09473684210526316,101.16491228070176,100.15087719298245,1.0140350877192983,0.056140350877192984,0.056140350877192984,0.0,0.17543859649122806,0.1824561403508772,0.007017543859649145,0.007017543859649123,0.0001729676303434643,0.0068445762293056584,0.15227104211226106,30,False,796.0
paper,263,13,285,0.08391608391608392,0.10526315789473684,0.08421052631578947,0.10526315789473684,0.021052631578947364,9,3,0.031578947368421054,0.010526315789473684,0.4090909090909091,0.9789473684210527,0.4070175438596491,0.9789473684210527,0.5719298245614035,True,-4.086147708630081,-4.0331227292558545,0.05302497937422726,-0.01109097556094607,-0.014115787077570552,0.10175438596491228,101.30877192982456,99.18947368421053,2.119298245614035,0.05964912280701754,0.05964912280701754,0.0,0.17192982456140352,0.17894736842105263,0.007017543859649117,0.017543859649122806,0.0006300963676797627,0.016913763281443044,0.1116711248178035,21,True,1252.0
paper,264,11,285,0.08391608391608392,0.09824561403508772,0.08421052631578947,0.09824561403508772,0.014035087719298248,11,7,0.03859649122807018,0.02456140350877193,0.4090909090909091,0.9824561403508771,0.4105263157894737,0.9824561403508771,0.5719298245614035,True,-4.078615284045587,-4.018190326736197,0.060424957309390376,0.006361249701349436,-0.0008860169071533973,0.8350877192982457,101.10877192982456,99.50526315789473,1.6035087719298247,0.056140350877192984,0.05964912280701754,0.0035087719298245584,0.17543859649122806,0.1824561403508772,0.007017543859649145,0.010526315789473684,0.00011119347664936991,0.010415122312824314,0.1511349999345839,30,False,1252.0
paper,265,118,285,0.08391608391608392,0.0912280701754386,0.08421052631578947,0.0912280701754386,0.007017543859649131,9,7,0.031578947368421054,0.02456140350877193,0.4090909090909091,0.9754385964912281,0.4105263157894737,0.9754385964912281,0.5649122807017544,True,-4.085335167310214,-4.047445845898895,0.03788932141132034,-0.019993825834162315,-0.025446687425298542,0.09824561403508772,101.25263157894737,100.04561403508772,1.207017543859649,0.056140350877192984,0.06666666666666667,0.010526315789473682,0.17543859649122806,0.17543859649122806,0.0,0.017543859649122806,0.0006300963676797627,0.016913763281443044,0.14861491695046425,30,False,1252.0
paper,266,10,285,0.08391608391608392,0.10877192982456141,0.08421052631578947,0.10877192982456141,0.024561403508771937,12,5,0.042105263157894736,0.017543859649122806,0.4090909090909091,0.9754385964912281,0.4070175438596491,0.9754385964912281,0.5684210526315789,True,-4.075633365000349,-3.988310823758226,0.08732254124212249,-0.002216205279014005,-0.0029152233483337397,0.10175438596491228,101.30526315789474,100.08070175438597,1.224561403508772,0.056140350877192984,0.06315789473684211,0.007017543859649124,0.17543859649122806,0.1824561403508772,0.007017543859649145,0.017543859649122806,0.00045712873733629847,0.01708673091178651,0.08393104211427271,16,True,1252.0
paper,267,179,285,0.08391608391608392,0.08421052631578947,0.08421052631578947,0.08421052631578947,0.0,6,6,0.021052631578947368,0.021052631578947368,0.4090909090909091,0.2912280701754386,0.4105263157894737,0.2912280701754386,-0.11929824561403507,False,-4.079309517299728,-4.019489608559858,0.059819908739869934,0.006559729599592501,-0.001071296083548212,0.8245614035087719,101.25263157894737,99.54385964912281,1.7087719298245614,0.056140350877192984,0.05964912280701754,0.0035087719298245584,0.17543859649122806,0.18596491228070175,0.01052631578947369,0.014035087719298246,0.0003829997529033852,0.01365208796639486,0.12417025002650917,23,True,830.0
paper,268,259,285,0.08391608391608392,0.10526315789473684,0.08421052631578947,0.10526315789473684,0.021052631578947364,11,5,0.03859649122807018,0.017543859649122806,0.4090909090909091,0.9824561403508771,0.4070175438596491,0.9824561403508771,0.5754385964912281,True,-4.092501903855068,-4.012883661063234,0.07961824279183377,-0.008083957086682858,-0.01028867265577844,0.09824561403508772,101.40350877192982,99.38245614035088,2.0210526315789474,0.06315789473684211,0.07017543859649122,0.007017543859649117,0.17192982456140352,0.17543859649122806,0.0035087719298245446,0.017543859649122806,0.0006300963676797627,0.016913763281443044,0.1514696660451591,30,False,1252.0
paper,269,261,285,0.08391608391608392,0.10877192982456141,0.08421052631578947,0.10877192982456141,0.024561403508771937,9,2,0.031578947368421054,0.007017543859649123,0.4090909090909091,0.9824561403508771,0.4105263157894737,0.9824561403508771,0.5719298245614035,True,-4.075633365000349,-4.010158136241411,0.0654752287589368,-0.0051452160830463,-0.006548456832971006,0.10526315789473684,101.30526315789474,99.44561403508771,1.8596491228070176,0.056140350877192984,0.05964912280701754,0.0035087719298245584,0.17543859649122806,0.18947368421052632,0.014035087719298261,0.017543859649122806,0.00045712873733629847,0.01708673091178651,0.1480365830939263,30,False,1252.0
paper,270,225,285,0.08391608391608392,0.10175438596491228,0.08070175438596491,0.10175438596491228,0.021052631578947364,14,8,0.04912280701754386,0.028070175438596492,0.4090909090909091,0.5684210526315789,0.4070175438596491,0.5684210526315789,0.16140350877192983,False,-4.102214312256353,-4.100502232362308,0.0017120798940451617,-0.02319362818619375,-0.029519163146066063,0.0456140350877193,101.89473684210526,101.61052631578947,0.28421052631578947,0.056140350877192984,0.05964912280701754,0.0035087719298245584,0.17543859649122806,0.17543859649122806,0.0,0.007017543859649123,4.9419322955275514e-05,0.006968124536693847,0.15320029202848673,30,False,966.0
paper,271,273,285,0.08391608391608392,0.08421052631578947,0.08421052631578947,0.08421052631578947,0.0,8,8,0.028070175438596492,0.028070175438596492,0.4090909090909091,0.512280701754386,0.4070175438596491,0.512280701754386,0.10526315789473689,False,-4.075633365000349,-4.022169168299005,0.05346419670134377,-0.013965529304700297,-0.01777431002416563,0.09824561403508772,101.30526315789474,99.92280701754386,1.3824561403508773,0.056140350877192984,0.05964912280701754,0.0035087719298245584,0.17543859649122806,0.18947368421052632,0.014035087719298261,0.017543859649122806,0.0003829997529033852,0.017160859896219422,0.15300724981352687,30,False,924.0
paper,272,169,285,0.08391608391608392,0.0912280701754386,0.08421052631578947,0.0912280701754386,0.007017543859649131,7,5,0.02456140350877193,0.017543859649122806,0.4090909090909091,0.36140350877192984,0.4105263157894737,0.36140350877192984,-0.049122807017543846,False,-4.078615284045587,-4.071946945307361,0.00666833873822625,-0.005393453681284299,-0.0068643955943636925,0.08421052631578947,101.10877192982456,100.6280701754386,0.4807017543859649,0.056140350877192984,0.05964912280701754,0.0035087719298245584,0.17543859649122806,0.1824561403508772,0.007017543859649145,0.007017543859649123,0.00012354830738818879,0.006893995552260934,0.15548758301883936,30,False,868.0
paper,273,207,285,0.08391608391608392,0.0912280701754386,0.08421052631578947,0.0912280701754386,0.007017543859649131,8,6,0.028070175438596492,0.021052631578947368,0.4090909090909091,0.3157894736842105,0.4105263157894737,0.3157894736842105,-0.09473684210526317,False,-4.078615284045587,-4.029489039886808,0.049126244158778185,-0.0024464337731631147,-0.003113642984025944,0.08771929824561403,101.10877192982456,99.75087719298246,1.3578947368421053,0.056140350877192984,0.05964912280701754,0.0035087719298245584,0.17543859649122806,0.18596491228070175,0.01052631578947369,0.010526315789473684,7.412898443291327e-05,0.01045218680504077,0.14587687491439283,28,True,832.0
paper,274,187,285,0.08391608391608392,0.10877192982456141,0.08421052631578947,0.10877192982456141,0.024561403508771937,11,4,0.03859649122807018,0.014035087719298246,0.4090909090909091,0.9789473684210527,0.4105263157894737,0.9789473684210527,0.5684210526315789,True,-4.075633365000349,-4.006266966409545,0.06936639859080312,-0.013965529304699409,-0.01777431002416563,0.10175438596491228,101.30526315789474,99.57543859649122,1.7298245614035088,0.056140350877192984,0.06315789473684211,0.007017543859649124,0.17543859649122806,0.18947368421052632,0.014035087719298261,0.017543859649122806,0.0005312577217692117,0.017012601927353595,0.11592541611753404,23,True,1252.0
paper,275,43,285,0.08391608391608392,0.0912280701754386,0.08421052631578947,0.0912280701754386,0.007017543859649131,9,7,0.031578947368421054,0.02456140350877193,0.4090909090909091,0.9754385964912281,0.4105263157894737,0.9754385964912281,0.5649122807017544,True,-4.075633365000349,-4.042065740195438,0.03356762480490965,0.009444832855610485,-0.0010777215290511675,0.8210526315789474,101.30526315789474,100.56842105263158,0.7368421052631579,0.056140350877192984,0.056140350877192984,0.0,0.17543859649122806,0.1824561403508772,0.007017543859649145,0.007017543859649123,0.00012354830738818879,0.006893995552260934,0.14981204085052013,30,False,1252.0
paper,276,116,285,0.08391608391608392,0.10175438596491228,0.08421052631578947,0.10175438596491228,0.017543859649122806,10,5,0.03508771929824561,0.017543859649122806,0.4090909090909091,0.9719298245614035,0.4105263157894737,0.9719298245614035,0.5614035087719298,True,-4.078615284045587,-4.063090819347841,0.015524464697745599,0.0034309004052950343,-0.0011284052195364323,0.8175438596491228,101.10877192982456,99.89473684210526,1.2140350877192982,0.056140350877192984,0.056140350877192984,0.0,0.17543859649122806,0.17894736842105263,0.0035087719298245723,0.007017543859649123,0.0001606127996046454,0.006856931060044477,0.11698875017464161,23,True,1248.0
paper,277,148,285,0.08391608391608392,0.09473684210526316,0.08070175438596491,0.09473684210526316,0.014035087719298248,8,4,0.028070175438596492,0.014035087719298246,0.4090909090909091,0.3298245614035088,0.4070175438596491,0.3298245614035088,-0.07719298245614031,False,-4.085335167310214,-3.997581714148808,0.08775345316140781,0.0007008712888021407,-0.0010782144816644744,0.8210526315789474,101.25263157894737,98.58245614035087,2.670175438596491,0.056140350877192984,0.05964912280701754,0.0035087719298245584,0.17543859649122806,0.18596491228070175,0.01052631578947369,0.021052631578947368,0.000716580182851495,0.020336051396095872,0.15354545786976814,30,False,854.0
paper,278,78,285,0.08391608391608392,0.08771929824561403,0.08421052631578947,0.08771929824561403,0.0035087719298245584,6,5,0.021052631578947368,0.017543859649122806,0.4090909090909091,0.9614035087719298,0.4105263157894737,0.9614035087719298,0.5508771929824561,True,-4.123027101617459,-4.014414775626284,0.10861232599117453,0.0034655697315182366,-0.0011376837234317704,0.8070175438596491,101.19298245614036,98.19649122807017,2.9964912280701754,0.056140350877192984,0.05964912280701754,0.0035087719298245584,0.17192982456140352,0.1824561403508772,0.01052631578947369,0.02456140350877193,0.0011366444279713368,0.023424759080800592,0.15244616707786918,30,False,1242.0
paper,279,45,285,0.08391608391608392,0.09473684210526316,0.08421052631578947,0.09473684210526316,0.01052631578947369,9,6,0.031578947368421054,0.021052631578947368,0.4090909090909091,0.9824561403508771,0.4105263157894737,0.9824561403508771,0.5719298245614035,True,-4.079309517299728,-3.984824236501849,0.0944852807978785,0.0007188229571415405,-0.0009866846375622628,0.8280701754385965,101.25263157894737,98.26666666666667,2.9859649122807017,0.056140350877192984,0.06315789473684211,0.007017543859649124,0.17543859649122806,0.19649122807017544,0.02105263157894738,0.021052631578947368,0.0005312577217692117,0.020521373857178157,0.1520077921450138,30,False,1252.0
paper,280,25,285,0.08391608391608392,0.08771929824561403,0.08421052631578947,0.08771929824561403,0.0035087719298245584,7,6,0.02456140350877193,0.021052631578947368,0.4090909090909091,0.3894736842105263,0.4105263157894737,0.3894736842105263,-0.02105263157894738,False,-4.075281805877549,-4.05300349221985,0.02227831365769821,-0.014108882127876754,-0.01795675907184613,0.07368421052631578,101.16491228070176,100.12982456140351,1.0350877192982457,0.056140350877192984,0.056140350877192984,0.0,0.17543859649122806,0.1824561403508772,0.007017543859649145,0.007017543859649123,7.412898443291327e-05,0.00694341487521621,0.15505791711620986,30,False,860.0
paper,281,286,285,0.08391608391608392,0.08771929824561403,0.08421052631578947,0.08771929824561403,0.0035087719298245584,7,6,0.02456140350877193,0.021052631578947368,0.4090909090909091,0.9824561403508771,0.4105263157894737,0.9824561403508771,0.5719298245614035,True,-4.092422534643511,-4.147277655169201,-0.0548551205256914,-0.020796886085999056,-0.026468764109453424,0.03859649122807018,101.02105263157895,101.0140350877193,0.007017543859649123,0.056140350877192984,0.05964912280701754,0.0035087719298245584,0.17543859649122806,0.17543859649122806,0.0,0.0035087719298245615,2.4709661477637757e-05,0.0034840622683469237,0.14710287493653595,30,False,1252.0
paper,283,290,285,0.08391608391608392,0.0912280701754386,0.08421052631578947,0.0912280701754386,0.007017543859649131,9,7,0.031578947368421054,0.02456140350877193,0.4090909090909091,0.9824561403508771,0.4070175438596491,0.9824561403508771,0.5754385964912281,True,-4.089743190503366,-3.7395958593887086,0.3501473311146583,0.39723535291811185,-0.0010830939232956635,0.8210526315789474,101.57192982456141,99.94736842105263,1.6245614035087719,0.056140350877192984,0.056140350877192984,0.0,0.17192982456140352,0.1824561403508772,0.01052631578947369,0.017543859649122806,0.000308870768470472,0.017234988880652335,0.14700879203155637,30,False,1252.0
paper,284,48,285,0.08391608391608392,0.0912280701754386,0.08421052631578947,0.0912280701754386,0.007017543859649131,8,6,0.028070175438596492,0.021052631578947368,0.4090909090909091,0.9824561403508771,0.4105263157894737,0.9824561403508771,0.5719298245614035,True,-4.074291496040991,-4.042005470642454,0.03228602539853746,-0.005186879188848081,-0.006601482603988629,0.08771929824561403,101.2280701754386,99.94035087719298,1.287719298245614,0.056140350877192984,0.056140350877192984,0.0,0.17543859649122806,0.1824561403508772,0.007017543859649145,0.007017543859649123,0.00022238695329873981,0.006795156906350383,0.15101429191417992,30,False,1252.0
paper,285,49,285,0.08391608391608392,0.10877192982456141,0.08421052631578947,0.10877192982456141,0.024561403508771937,13,6,0.0456140350877193,0.021052631578947368,0.4090909090909091,0.4105263157894737,0.4070175438596491,0.4105263157894737,0.0035087719298245723,False,-4.093237105746903,-3.749770633923316,0.3434664718235877,0.3942615677922596,-0.0011333277749880466,0.8175438596491228,101.58947368421053,99.6842105263158,1.9052631578947368,0.056140350877192984,0.056140350877192984,0.0,0.17192982456140352,0.18947368421052632,0.017543859649122806,0.021052631578947368,0.00037064492216456633,0.0206819866567828,0.15350374998524785,30,False,882.0
paper,286,114,285,0.08391608391608392,0.0912280701754386,0.08421052631578947,0.0912280701754386,0.007017543859649131,7,5,0.02456140350877193,0.017543859649122806,0.4090909090909091,0.41754385964912283,0.4105263157894737,0.41754385964912283,0.007017543859649145,False,-4.074291496040991,-4.034974602558383,0.03931689348260816,0.018094588917946908,-0.0010030567757521424,0.8175438596491228,101.2280701754386,99.9719298245614,1.256140350877193,0.056140350877192984,0.056140350877192984,0.0,0.17543859649122806,0.1824561403508772,0.007017543859649145,0.007017543859649123,0.0001606127996046454,0.006856931060044477,0.15527954208664596,30,False,864.0
paper,287,203,285,0.08391608391608392,0.11228070175438597,0.08421052631578947,0.11228070175438597,0.028070175438596495,15,7,0.05263157894736842,0.02456140350877193,0.4090909090909091,0.9789473684210527,0.4105263157894737,0.9789473684210527,0.5684210526315789,True,-4.085335167310214,-4.091583798402984,-0.006248631092768457,-0.06835044956401148,-0.08699148126328815,0.05964912280701754,101.25263157894737,100.45614035087719,0.7964912280701755,0.056140350877192984,0.06315789473684211,0.007017543859649124,0.17543859649122806,0.18596491228070175,0.01052631578947369,0.021052631578947368,0.000716580182851495,0.020336051396095872,0.1315874580759555,26,True,1252.0
paper,288,122,285,0.08391608391608392,0.09473684210526316,0.08421052631578947,0.09473684210526316,0.01052631578947369,9,6,0.031578947368421054,0.021052631578947368,0.4090909090909091,0.9824561403508771,0.4105263157894737,0.9824561403508771,0.5719298245614035,True,-4.084316205413721,-4.101415798664284,-0.01709959325056272,-0.03249669510372488,-0.04135943013201615,0.03859649122807018,101.05263157894737,100.97894736842105,0.07368421052631578,0.056140350877192984,0.05964912280701754,0.0035087719298245584,0.17543859649122806,0.17543859649122806,0.0,0.0035087719298245615,1.2354830738818879e-05,0.0034964170990857426,0.1474025419447571,30,False,1252.0
paper,289,251,285,0.08391608391608392,0.09824561403508772,0.08421052631578947,0.09824561403508772,0.014035087719298248,13,9,0.0456140350877193,0.031578947368421054,0.4090909090909091,0.3508771929824561,0.4070175438596491,0.3508771929824561,-0.05614035087719299,False,-4.074291496040991,-4.04345929712396,0.030832198917030994,-0.00225749991622326,-0.002916084663448615,0.10175438596491228,101.2280701754386,100.67368421052632,0.5543859649122806,0.056140350877192984,0.05964912280701754,0.0035087719298245584,0.17543859649122806,0.1824561403508772,0.007017543859649145,0.010526315789473684,0.00021003212255992092,0.010316283666913763,0.1580013339407742,30,False,846.0
paper,290,110,285,0.08391608391608392,0.09824561403508772,0.08421052631578947,0.09824561403508772,0.014035087719298248,8,4,0.028070175438596492,0.014035087719298246,0.4090909090909091,0.312280701754386,0.4105263157894737,0.312280701754386,-0.09824561403508769,False,-4.05992188144307,-3.978694647235429,0.08122723420764033,0.0007188229571424287,-0.000966092298857113,0.8421052631578947,101.24912280701754,99.07368421052631,2.175438596491228,0.056140350877192984,0.05964912280701754,0.0035087719298245584,0.17543859649122806,0.1824561403508772,0.007017543859649145,0.021052631578947368,0.000617741536940944,0.020434890042006423,0.12501633306965232,24,True,836.0
paper,291,269,285,0.08391608391608392,0.0912280701754386,0.08421052631578947,0.0912280701754386,0.007017543859649131,7,5,0.02456140350877193,0.017543859649122806,0.4090909090909091,0.9824561403508771,0.4070175438596491,0.9824561403508771,0.5754385964912281,True,-4.075281805877549,-4.0380788657770355,0.037202940100512914,-0.00526939134803861,-0.006706498079324774,0.10526315789473684,101.16491228070176,99.04561403508772,2.119298245614035,0.056140350877192984,0.06315789473684211,0.007017543859649124,0.17543859649122806,0.18596491228070175,0.01052631578947369,0.014035087719298246,0.0002965159377316531,0.013738571781566592,0.15797662502154708,30,False,1248.0
paper,292,1,285,0.08391608391608392,0.08421052631578947,0.08421052631578947,0.08421052631578947,0.0,4,4,0.014035087719298246,0.014035087719298246,0.4090909090909091,0.41403508771929826,0.4105263157894737,0.41403508771929826,0.0035087719298245723,False,-4.152202702059571,-4.055598875980882,0.09660382607868945,0.01241812262222286,-0.0010873202805676383,0.8350877192982457,101.19649122807017,98.31929824561404,2.8771929824561404,0.056140350877192984,0.06666666666666667,0.010526315789473682,0.17894736842105263,0.1824561403508772,0.0035087719298245723,0.021052631578947368,0.0008895478131949593,0.020163083765752408,0.1555124579463154,30,False,880.0
paper,293,265,285,0.08391608391608392,0.08421052631578947,0.08421052631578947,0.08421052631578947,0.0,5,5,0.017543859649122806,0.017543859649122806,0.4090909090909091,0.9754385964912281,0.4105263157894737,0.9754385964912281,0.5649122807017544,True,-4.081533444859073,-4.084168559031541,-0.0026351141724676765,0.003316284084292853,-0.0010882410806527076,0.8210526315789474,101.05263157894737,100.69473684210526,0.35789473684210527,0.056140350877192984,0.05964912280701754,0.0035087719298245584,0.17543859649122806,0.17894736842105263,0.0035087719298245723,0.0035087719298245615,3.7064492216456636e-05,0.003471707437608105,0.14980933396145701,30,False,1252.0
paper,294,274,285,0.08391608391608392,0.10175438596491228,0.08421052631578947,0.10175438596491228,0.017543859649122806,10,5,0.03508771929824561,0.017543859649122806,0.4090909090909091,0.9824561403508771,0.4105263157894737,0.9824561403508771,0.5719298245614035,True,-4.094179825681044,-4.0779262190902985,0.016253606590744756,-0.00821030967038272,-0.010449485035034733,0.09473684210526316,101.81052631578947,100.47017543859648,1.3403508771929824,0.056140350877192984,0.05964912280701754,0.0035087719298245584,0.17543859649122806,0.18596491228070175,0.01052631578947369,0.010526315789473684,0.00021003212255992092,0.010316283666913763,0.1488390420563519,30,False,1252.0
paper,295,271,285,0.08391608391608392,0.08421052631578947,0.08421052631578947,0.08421052631578947,0.0,6,6,0.021052631578947368,0.021052631578947368,0.4090909090909091,0.9333333333333333,0.4105263157894737,0.9333333333333333,0.5228070175438597,True,-4.075281805877549,-4.035967266566196,0.03931453931135225,-0.00526939134803861,-0.006706498079324774,0.09473684210526316,101.16491228070176,100.14035087719299,1.024561403508772,0.056140350877192984,0.06315789473684211,0.007017543859649124,0.17543859649122806,0.18596491228070175,0.01052631578947369,0.010526315789473684,0.00011119347664936991,0.010415122312824314,0.1541529579553753,30,False,1214.0
paper,296,165,285,0.08391608391608392,0.10526315789473684,0.08421052631578947,0.10526315789473684,0.021052631578947364,11,5,0.03859649122807018,0.017543859649122806,0.4090909090909091,0.24561403508771928,0.4105263157894737,0.24561403508771928,-0.1649122807017544,False,-4.074291496040991,-4.0372119096869925,0.03707958635399884,-0.019917170621612357,-0.025349126245688858,0.07719298245614035,101.2280701754386,99.47017543859648,1.7578947368421052,0.056140350877192984,0.05964912280701754,0.0035087719298245584,0.17543859649122806,0.18947368421052632,0.014035087719298261,0.017543859649122806,0.00037064492216456633,0.01717321472695824,0.14570591691881418,28,True,826.0
paper,297,168,285,0.08391608391608392,0.08070175438596491,0.08421052631578947,0.08070175438596491,-0.0035087719298245584,5,6,0.017543859649122806,0.021052631578947368,0.4090909090909091,0.2771929824561403,0.4070175438596491,0.2771929824561403,-0.1298245614035088,False,-4.078615284045587,-4.072390543291726,0.006224740753861319,-0.011304287281778791,-0.01438727472226553,0.07719298245614035,101.10877192982456,100.91929824561403,0.18947368421052632,0.056140350877192984,0.05964912280701754,0.0035087719298245584,0.17543859649122806,0.17543859649122806,0.0,0.0035087719298245615,2.4709661477637757e-05,0.0034840622683469237,0.13190299994312227,25,True,808.0
paper,298,8,285,0.08391608391608392,0.09473684210526316,0.08421052631578947,0.09473684210526316,0.01052631578947369,10,7,0.03508771929824561,0.02456140350877193,0.4090909090909091,0.9754385964912281,0.4070175438596491,0.9754385964912281,0.5684210526315789,True,-4.078089132451382,-4.066428056773984,0.011661075677398354,-0.020212788935189963,-0.025725367735697446,0.056140350877192984,101.10877192982456,100.56140350877193,0.5473684210526316,0.056140350877192984,0.05964912280701754,0.0035087719298245584,0.17543859649122806,0.1824561403508772,0.007017543859649145,0.010526315789473684,0.00014825796886582654,0.010378057820607857,0.14992741704918444,30,False,1252.0
paper,299,172,285,0.08391608391608392,0.09824561403508772,0.08070175438596491,0.09824561403508772,0.017543859649122806,11,6,0.03859649122807018,0.021052631578947368,0.4090909090909091,0.9754385964912281,0.4070175438596491,0.9754385964912281,0.5684210526315789,True,-4.097806732116513,-4.075330573605962,0.022476158510551496,-0.011304287281778791,-0.01438727472226553,0.08070175438596491,101.90877192982457,100.56140350877193,1.3473684210526315,0.056140350877192984,0.056140350877192984,0.0,0.17192982456140352,0.17894736842105263,0.007017543859649117,0.007017543859649123,8.648381517173215e-05,0.006931060044477391,0.14931245800107718,30,False,1252.0
